customer_id,email,first_name,last_name,city,state_province,postal_code,country,latitude,longitude,customer_tier,lifetime_value,created_at
1,mary.smith1@synthetic-shipper.example,Mary,Smith,Los Angeles,California,90001,US,34.0075467,-118.2026626,standard,219.44,2026-05-13T10:00:44Z
2,john.johnson2@synthetic-shipper.example,John,Johnson,Chicago,Illinois,60601,US,41.8421383,-87.6298997,standard,1899.11,2026-05-13T10:00:44Z
3,patricia.johnson3@synthetic-shipper.example,Patricia,Johnson,Houston,Texas,77001,US,29.7490368,-95.4177166,standard,1213.71,2026-05-13T10:00:44Z
4,robert.williams4@synthetic-shipper.example,Robert,Williams,Phoenix,Arizona,85001,US,33.3991033,-112.0308613,preferred,6956.12,2026-05-13T10:00:44Z
5,jennifer.williams5@synthetic-shipper.example,Jennifer,Williams,Philadelphia,Pennsylvania,19101,US,39.9198492,-75.1204182,preferred,2676.92,2026-05-13T10:00:44Z
6,michael.brown6@synthetic-shipper.example,Michael,Brown,San Antonio,Texas,78201,US,29.4362878,-98.4827906,vip,39114.87,2026-05-13T10:00:44Z
7,linda.brown7@synthetic-shipper.example,Linda,Brown,San Diego,California,92101,US,32.7360659,-117.2030714,new,74.61,2026-05-13T10:00:44Z
8,william.jones8@synthetic-shipper.example,William,Jones,Dallas,Texas,75201,US,32.8165457,-96.8343636,standard,340.41,2026-05-13T10:00:44Z
9,elizabeth.jones9@synthetic-shipper.example,Elizabeth,Jones,San Jose,California,95101,US,37.3686578,-121.8656313,standard,887.28,2026-05-13T10:00:44Z
10,david.garcia10@synthetic-shipper.example,David,Garcia,Austin,Texas,73301,US,30.2438077,-97.7011531,standard,622.59,2026-05-13T10:00:44Z
11,barbara.garcia11@synthetic-shipper.example,Barbara,Garcia,Jacksonville,Florida,32099,US,30.3670259,-81.6435397,preferred,2238.65,2026-05-13T10:00:44Z
12,richard.miller12@synthetic-shipper.example,Richard,Miller,Fort Worth,Texas,76101,US,32.7625287,-97.3252368,preferred,3373.24,2026-05-13T10:00:44Z
13,susan.miller13@synthetic-shipper.example,Susan,Miller,Columbus,Ohio,43085,US,39.914763,-83.0027404,vip,39021.46,2026-05-13T10:00:44Z
14,joseph.davis14@synthetic-shipper.example,Joseph,Davis,Charlotte,North Carolina,28201,US,35.2201478,-80.8296001,new,78.86,2026-05-13T10:00:44Z
15,jessica.davis15@synthetic-shipper.example,Jessica,Davis,Indianapolis,Indiana,46201,US,39.7567225,-86.139938,standard,1715.81,2026-05-13T10:00:44Z
16,thomas.rodriguez16@synthetic-shipper.example,Thomas,Rodriguez,San Francisco,California,94101,US,37.7359781,-122.4527248,standard,652.56,2026-05-13T10:00:44Z
17,sarah.rodriguez17@synthetic-shipper.example,Sarah,Rodriguez,Seattle,Washington,98101,US,47.5997448,-122.3693623,standard,1980.02,2026-05-13T10:00:44Z
18,christopher.martinez18@synthetic-shipper.example,Christopher,Martinez,Denver,Colorado,80201,US,39.7770637,-104.9558526,preferred,2211.5,2026-05-13T10:00:44Z
19,karen.martinez19@synthetic-shipper.example,Karen,Martinez,Nashville,Tennessee,37201,US,36.160422,-86.7457955,preferred,3590.47,2026-05-13T10:00:44Z
20,charles.hernandez20@synthetic-shipper.example,Charles,Hernandez,Portland,Oregon,97201,US,45.4873947,-122.687754,vip,32767.72,2026-05-13T10:00:44Z
21,lisa.hernandez21@synthetic-shipper.example,Lisa,Hernandez,Las Vegas,Nevada,89101,US,36.1962113,-115.1663372,new,83.69,2026-05-13T10:00:44Z
22,daniel.lopez22@synthetic-shipper.example,Daniel,Lopez,Miami,Florida,33101,US,25.7306909,-80.184068,standard,1320.63,2026-05-13T10:00:44Z
23,nancy.lopez23@synthetic-shipper.example,Nancy,Lopez,Atlanta,Georgia,30301,US,33.7985592,-84.4171878,standard,1025.34,2026-05-13T10:00:44Z
24,matthew.gonzalez24@synthetic-shipper.example,Matthew,Gonzalez,Boston,Massachusetts,02101,US,42.3253433,-71.1036644,standard,875.99,2026-05-13T10:00:44Z
25,betty.gonzalez25@synthetic-shipper.example,Betty,Gonzalez,Minneapolis,Minnesota,55401,US,44.9501475,-93.3063115,preferred,2701.65,2026-05-13T10:00:44Z
26,anthony.wilson26@synthetic-shipper.example,Anthony,Wilson,Salt Lake City,Utah,84101,US,40.7525354,-111.9400762,preferred,6333.34,2026-05-13T10:00:44Z
27,margaret.wilson27@synthetic-shipper.example,Margaret,Wilson,Detroit,Michigan,48201,US,42.3217844,-83.0717974,vip,18190.2,2026-05-13T10:00:44Z
28,mark.anderson28@synthetic-shipper.example,Mark,Anderson,Tampa,Florida,33601,US,27.9454118,-82.4927286,new,166.81,2026-05-13T10:00:44Z
29,sandra.anderson29@synthetic-shipper.example,Sandra,Anderson,Brooklyn,New York,11201,US,40.6829017,-73.9616521,standard,1551.49,2026-05-13T10:00:44Z
30,donald.thomas30@synthetic-shipper.example,Donald,Thomas,Raleigh,North Carolina,27601,US,35.8252095,-78.6089766,standard,1011.33,2026-05-13T10:00:44Z
31,ashley.thomas31@synthetic-shipper.example,Ashley,Thomas,Scottsdale,Arizona,85251,US,33.4616505,-111.8962258,standard,1927.98,2026-05-13T10:00:44Z
32,steven.taylor32@synthetic-shipper.example,Steven,Taylor,Honolulu,Hawaii,96801,US,21.2605761,-157.8462612,preferred,5866.56,2026-05-13T10:00:44Z
33,kimberly.taylor33@synthetic-shipper.example,Kimberly,Taylor,Boulder,Colorado,80301,US,39.9987448,-105.2826182,preferred,2486.23,2026-05-13T10:00:44Z
34,andrew.moore34@synthetic-shipper.example,Andrew,Moore,Savannah,Georgia,31401,US,32.1008234,-81.1148786,vip,45038.36,2026-05-13T10:00:44Z
35,emily.moore35@synthetic-shipper.example,Emily,Moore,New York,New York,10001,US,40.6860578,-73.9901077,new,43.82,2026-05-13T10:00:44Z
36,paul.jackson36@synthetic-shipper.example,Paul,Jackson,Los Angeles,California,90001,US,34.0956978,-118.2641009,standard,507.1,2026-05-13T10:00:44Z
37,donna.jackson37@synthetic-shipper.example,Donna,Jackson,Chicago,Illinois,60601,US,41.8944183,-87.5916937,standard,1722.05,2026-05-13T10:00:44Z
38,joshua.martin38@synthetic-shipper.example,Joshua,Martin,Houston,Texas,77001,US,29.7555125,-95.3527935,standard,286.33,2026-05-13T10:00:44Z
39,michelle.martin39@synthetic-shipper.example,Michelle,Martin,Phoenix,Arizona,85001,US,33.4166415,-112.092987,preferred,4858.22,2026-05-13T10:00:44Z
40,kenneth.lee40@synthetic-shipper.example,Kenneth,Lee,Philadelphia,Pennsylvania,19101,US,39.9148083,-75.2005996,preferred,4920.75,2026-05-13T10:00:44Z
41,carol.lee41@synthetic-shipper.example,Carol,Lee,San Antonio,Texas,78201,US,29.4190111,-98.5265903,vip,21629.93,2026-05-13T10:00:44Z
42,kevin.perez42@synthetic-shipper.example,Kevin,Perez,San Diego,California,92101,US,32.6760637,-117.1921806,new,1.37,2026-05-13T10:00:44Z
43,amanda.perez43@synthetic-shipper.example,Amanda,Perez,Dallas,Texas,75201,US,32.7722412,-96.7909078,standard,1378.21,2026-05-13T10:00:44Z
44,brian.thompson44@synthetic-shipper.example,Brian,Thompson,San Jose,California,95101,US,37.3533647,-121.9246412,standard,984.84,2026-05-13T10:00:44Z
45,dorothy.thompson45@synthetic-shipper.example,Dorothy,Thompson,Austin,Texas,73301,US,30.2684223,-97.7294578,standard,617.66,2026-05-13T10:00:44Z
46,george.white46@synthetic-shipper.example,George,White,Jacksonville,Florida,32099,US,30.2870326,-81.6673904,preferred,7292.65,2026-05-13T10:00:44Z
47,melissa.white47@synthetic-shipper.example,Melissa,White,Fort Worth,Texas,76101,US,32.7672655,-97.35978,preferred,4084.94,2026-05-13T10:00:44Z
48,timothy.harris48@synthetic-shipper.example,Timothy,Harris,Columbus,Ohio,43085,US,39.9689718,-83.008078,vip,14294.39,2026-05-13T10:00:44Z
49,deborah.harris49@synthetic-shipper.example,Deborah,Harris,Charlotte,North Carolina,28201,US,35.2284267,-80.857408,new,92.46,2026-05-13T10:00:44Z
50,aiden.sanchez50@synthetic-shipper.example,Aiden,Sanchez,Indianapolis,Indiana,46201,US,39.743933,-86.1922156,standard,306.86,2026-05-13T10:00:44Z
51,sofia.sanchez51@synthetic-shipper.example,Sofia,Sanchez,San Francisco,California,94101,US,37.7830873,-122.3907441,standard,1556.14,2026-05-13T10:00:44Z
52,liam.clark52@synthetic-shipper.example,Liam,Clark,Seattle,Washington,98101,US,47.6458605,-122.3018129,standard,1142.94,2026-05-13T10:00:44Z
53,olivia.clark53@synthetic-shipper.example,Olivia,Clark,Denver,Colorado,80201,US,39.7783852,-104.971501,preferred,4166.86,2026-05-13T10:00:44Z
54,noah.ramirez54@synthetic-shipper.example,Noah,Ramirez,Nashville,Tennessee,37201,US,36.1806965,-86.7729375,preferred,2538.92,2026-05-13T10:00:44Z
55,emma.ramirez55@synthetic-shipper.example,Emma,Ramirez,Portland,Oregon,97201,US,45.4778164,-122.7108593,vip,23566.08,2026-05-13T10:00:44Z
56,ethan.lewis56@synthetic-shipper.example,Ethan,Lewis,Las Vegas,Nevada,89101,US,36.219602,-115.1398549,new,103.5,2026-05-13T10:00:44Z
57,ava.lewis57@synthetic-shipper.example,Ava,Lewis,Miami,Florida,33101,US,25.810888,-80.161793,standard,201.01,2026-05-13T10:00:44Z
58,mason.robinson58@synthetic-shipper.example,Mason,Robinson,Atlanta,Georgia,30301,US,33.7756649,-84.3680198,standard,1088.63,2026-05-13T10:00:44Z
59,isabella.robinson59@synthetic-shipper.example,Isabella,Robinson,Boston,Massachusetts,02101,US,42.3932853,-71.0126621,standard,1151.13,2026-05-13T10:00:44Z
60,lucas.walker60@synthetic-shipper.example,Lucas,Walker,Minneapolis,Minnesota,55401,US,44.9393736,-93.2791033,preferred,4689.12,2026-05-13T10:00:44Z
61,mia.walker61@synthetic-shipper.example,Mia,Walker,Salt Lake City,Utah,84101,US,40.7547135,-111.9372715,preferred,3436.27,2026-05-13T10:00:44Z
62,logan.young62@synthetic-shipper.example,Logan,Young,Detroit,Michigan,48201,US,42.2828617,-83.0409747,vip,20636.65,2026-05-13T10:00:44Z
63,charlotte.young63@synthetic-shipper.example,Charlotte,Young,Tampa,Florida,33601,US,27.9730861,-82.4667925,new,183.89,2026-05-13T10:00:44Z
64,jackson.allen64@synthetic-shipper.example,Jackson,Allen,Brooklyn,New York,11201,US,40.6400795,-73.9213709,standard,716.38,2026-05-13T10:00:44Z
65,amelia.allen65@synthetic-shipper.example,Amelia,Allen,Raleigh,North Carolina,27601,US,35.8149285,-78.6138181,standard,1942.47,2026-05-13T10:00:44Z
66,sebastian.king66@synthetic-shipper.example,Sebastian,King,Scottsdale,Arizona,85251,US,33.5166027,-111.9186262,standard,832.65,2026-05-13T10:00:44Z
67,harper.king67@synthetic-shipper.example,Harper,King,Honolulu,Hawaii,96801,US,21.308446,-157.8577852,preferred,7346.7,2026-05-13T10:00:44Z
68,mateo.wright68@synthetic-shipper.example,Mateo,Wright,Boulder,Colorado,80301,US,40.0279202,-105.3183021,preferred,2098.93,2026-05-13T10:00:44Z
69,evelyn.wright69@synthetic-shipper.example,Evelyn,Wright,Savannah,Georgia,31401,US,32.0628616,-81.0998274,vip,43639.07,2026-05-13T10:00:44Z
70,henry.scott70@synthetic-shipper.example,Henry,Scott,New York,New York,10001,US,40.6703932,-74.0547659,new,149.79,2026-05-13T10:00:44Z
71,luna.scott71@synthetic-shipper.example,Luna,Scott,Los Angeles,California,90001,US,34.0822447,-118.2606013,standard,407.49,2026-05-13T10:00:44Z
72,owen.torres72@synthetic-shipper.example,Owen,Torres,Chicago,Illinois,60601,US,41.8848326,-87.6103418,standard,1478.02,2026-05-13T10:00:44Z
73,camila.torres73@synthetic-shipper.example,Camila,Torres,Houston,Texas,77001,US,29.7436039,-95.3346975,standard,356.27,2026-05-13T10:00:44Z
74,wyatt.nguyen74@synthetic-shipper.example,Wyatt,Nguyen,Phoenix,Arizona,85001,US,33.4825897,-112.1124185,preferred,5056.37,2026-05-13T10:00:44Z
75,aria.nguyen75@synthetic-shipper.example,Aria,Nguyen,Philadelphia,Pennsylvania,19101,US,39.9048882,-75.1306834,preferred,2594.2,2026-05-13T10:00:44Z
76,jack.hill76@synthetic-shipper.example,Jack,Hill,San Antonio,Texas,78201,US,29.4646937,-98.4945324,vip,29474.98,2026-05-13T10:00:44Z
77,scarlett.hill77@synthetic-shipper.example,Scarlett,Hill,San Diego,California,92101,US,32.7116895,-117.1763686,new,54.91,2026-05-13T10:00:44Z
78,leo.flores78@synthetic-shipper.example,Leo,Flores,Dallas,Texas,75201,US,32.7951006,-96.7725062,standard,988.3,2026-05-13T10:00:44Z
79,penelope.flores79@synthetic-shipper.example,Penelope,Flores,San Jose,California,95101,US,37.3088685,-121.8604249,standard,823.8,2026-05-13T10:00:44Z
80,asher.green80@synthetic-shipper.example,Asher,Green,Austin,Texas,73301,US,30.2268419,-97.7840451,standard,956.92,2026-05-13T10:00:44Z
81,layla.green81@synthetic-shipper.example,Layla,Green,Jacksonville,Florida,32099,US,30.2903298,-81.6531692,preferred,4924.16,2026-05-13T10:00:44Z
82,ezra.adams82@synthetic-shipper.example,Ezra,Adams,Fort Worth,Texas,76101,US,32.7104687,-97.3121879,preferred,6145.43,2026-05-13T10:00:44Z
83,chloe.adams83@synthetic-shipper.example,Chloe,Adams,Columbus,Ohio,43085,US,39.9216598,-83.0302676,vip,24029.31,2026-05-13T10:00:44Z
84,benjamin.nelson84@synthetic-shipper.example,Benjamin,Nelson,Charlotte,North Carolina,28201,US,35.2736089,-80.8365076,new,118.97,2026-05-13T10:00:44Z
85,riley.nelson85@synthetic-shipper.example,Riley,Nelson,Indianapolis,Indiana,46201,US,39.7318413,-86.1542657,standard,1412.05,2026-05-13T10:00:44Z
86,caleb.baker86@synthetic-shipper.example,Caleb,Baker,San Francisco,California,94101,US,37.7949878,-122.415886,standard,765.6,2026-05-13T10:00:44Z
87,zoey.baker87@synthetic-shipper.example,Zoey,Baker,Seattle,Washington,98101,US,47.5695186,-122.3041489,standard,1074.04,2026-05-13T10:00:44Z
88,samuel.hall88@synthetic-shipper.example,Samuel,Hall,Denver,Colorado,80201,US,39.7108464,-104.9643062,preferred,6327.28,2026-05-13T10:00:44Z
89,nora.hall89@synthetic-shipper.example,Nora,Hall,Nashville,Tennessee,37201,US,36.1669784,-86.8308868,preferred,6300.96,2026-05-13T10:00:44Z
90,dylan.rivera90@synthetic-shipper.example,Dylan,Rivera,Portland,Oregon,97201,US,45.4828286,-122.6620255,vip,9038.19,2026-05-13T10:00:44Z
91,lily.rivera91@synthetic-shipper.example,Lily,Rivera,Las Vegas,Nevada,89101,US,36.1894471,-115.1484663,new,157.03,2026-05-13T10:00:44Z
92,gabriel.campbell92@synthetic-shipper.example,Gabriel,Campbell,Miami,Florida,33101,US,25.7431544,-80.1526416,standard,815.03,2026-05-13T10:00:44Z
93,eleanor.campbell93@synthetic-shipper.example,Eleanor,Campbell,Atlanta,Georgia,30301,US,33.7640616,-84.425252,standard,1623.68,2026-05-13T10:00:44Z
94,elijah.mitchell94@synthetic-shipper.example,Elijah,Mitchell,Boston,Massachusetts,02101,US,42.3239732,-71.0217974,standard,157.93,2026-05-13T10:00:44Z
95,hannah.mitchell95@synthetic-shipper.example,Hannah,Mitchell,Minneapolis,Minnesota,55401,US,45.0243093,-93.2555692,preferred,1396.2,2026-05-13T10:00:44Z
96,james.carter96@synthetic-shipper.example,James,Carter,Salt Lake City,Utah,84101,US,40.792584,-111.9025116,preferred,7199.59,2026-05-13T10:00:44Z
97,mary.carter97@synthetic-shipper.example,Mary,Carter,Detroit,Michigan,48201,US,42.37076,-83.0618129,vip,17603.52,2026-05-13T10:00:44Z
98,john.roberts98@synthetic-shipper.example,John,Roberts,Tampa,Florida,33601,US,27.921805,-82.4759117,new,107.65,2026-05-13T10:00:44Z
99,patricia.roberts99@synthetic-shipper.example,Patricia,Roberts,Brooklyn,New York,11201,US,40.6599874,-73.9317919,standard,1715.93,2026-05-13T10:00:44Z
100,robert.gomez100@synthetic-shipper.example,Robert,Gomez,Raleigh,North Carolina,27601,US,35.8120799,-78.6656028,standard,1111.64,2026-05-13T10:00:44Z
101,jennifer.gomez101@synthetic-shipper.example,Jennifer,Gomez,Scottsdale,Arizona,85251,US,33.4650005,-111.896093,standard,764.75,2026-05-13T10:00:44Z
102,michael.phillips102@synthetic-shipper.example,Michael,Phillips,Honolulu,Hawaii,96801,US,21.3540176,-157.8803368,preferred,5190.63,2026-05-13T10:00:44Z
103,linda.phillips103@synthetic-shipper.example,Linda,Phillips,Boulder,Colorado,80301,US,40.0142489,-105.2419971,preferred,4202.55,2026-05-13T10:00:44Z
104,william.evans104@synthetic-shipper.example,William,Evans,Savannah,Georgia,31401,US,32.0689804,-81.057239,vip,34962.04,2026-05-13T10:00:44Z
105,elizabeth.evans105@synthetic-shipper.example,Elizabeth,Evans,New York,New York,10001,US,40.7197254,-74.046172,new,81.23,2026-05-13T10:00:44Z
106,david.turner106@synthetic-shipper.example,David,Turner,Los Angeles,California,90001,US,34.0668696,-118.2902696,standard,810.26,2026-05-13T10:00:44Z
107,barbara.turner107@synthetic-shipper.example,Barbara,Turner,Chicago,Illinois,60601,US,41.8318358,-87.6361616,standard,375.16,2026-05-13T10:00:44Z
108,richard.diaz108@synthetic-shipper.example,Richard,Diaz,Houston,Texas,77001,US,29.7731999,-95.3809664,standard,759.31,2026-05-13T10:00:44Z
109,susan.diaz109@synthetic-shipper.example,Susan,Diaz,Phoenix,Arizona,85001,US,33.4619619,-112.1226655,preferred,7836.4,2026-05-13T10:00:44Z
110,joseph.parker110@synthetic-shipper.example,Joseph,Parker,Philadelphia,Pennsylvania,19101,US,39.9934772,-75.2012657,preferred,1261.92,2026-05-13T10:00:44Z
111,jessica.parker111@synthetic-shipper.example,Jessica,Parker,San Antonio,Texas,78201,US,29.3892802,-98.4577379,vip,10290.01,2026-05-13T10:00:44Z
112,thomas.cruz112@synthetic-shipper.example,Thomas,Cruz,San Diego,California,92101,US,32.7286151,-117.2001092,new,185.51,2026-05-13T10:00:44Z
113,sarah.cruz113@synthetic-shipper.example,Sarah,Cruz,Dallas,Texas,75201,US,32.7781107,-96.8012417,standard,386.25,2026-05-13T10:00:44Z
114,christopher.edwards114@synthetic-shipper.example,Christopher,Edwards,San Jose,California,95101,US,37.3433479,-121.9164356,standard,820.74,2026-05-13T10:00:44Z
115,karen.edwards115@synthetic-shipper.example,Karen,Edwards,Austin,Texas,73301,US,30.2858244,-97.7468146,standard,526.54,2026-05-13T10:00:44Z
116,charles.collins116@synthetic-shipper.example,Charles,Collins,Jacksonville,Florida,32099,US,30.373408,-81.6198254,preferred,4067.05,2026-05-13T10:00:44Z
117,lisa.collins117@synthetic-shipper.example,Lisa,Collins,Fort Worth,Texas,76101,US,32.805031,-97.3452768,preferred,3430.31,2026-05-13T10:00:44Z
118,daniel.reyes118@synthetic-shipper.example,Daniel,Reyes,Columbus,Ohio,43085,US,39.9991442,-83.0035202,vip,7720.93,2026-05-13T10:00:44Z
119,nancy.reyes119@synthetic-shipper.example,Nancy,Reyes,Charlotte,North Carolina,28201,US,35.2097494,-80.8087376,new,122.86,2026-05-13T10:00:44Z
120,matthew.stewart120@synthetic-shipper.example,Matthew,Stewart,Indianapolis,Indiana,46201,US,39.7820079,-86.1201052,standard,1645.49,2026-05-13T10:00:44Z
121,betty.stewart121@synthetic-shipper.example,Betty,Stewart,San Francisco,California,94101,US,37.7824064,-122.4049709,standard,896.05,2026-05-13T10:00:44Z
122,anthony.morris122@synthetic-shipper.example,Anthony,Morris,Seattle,Washington,98101,US,47.6155373,-122.3811045,standard,1322.94,2026-05-13T10:00:44Z
123,margaret.morris123@synthetic-shipper.example,Margaret,Morris,Denver,Colorado,80201,US,39.7448824,-105.0319638,preferred,7646.63,2026-05-13T10:00:44Z
124,mark.morales124@synthetic-shipper.example,Mark,Morales,Nashville,Tennessee,37201,US,36.1880157,-86.8117825,preferred,4891.04,2026-05-13T10:00:44Z
125,sandra.morales125@synthetic-shipper.example,Sandra,Morales,Portland,Oregon,97201,US,45.5021317,-122.6560398,vip,15482.68,2026-05-13T10:00:44Z
126,donald.murphy126@synthetic-shipper.example,Donald,Murphy,Las Vegas,Nevada,89101,US,36.1984153,-115.1357921,new,179.85,2026-05-13T10:00:44Z
127,ashley.murphy127@synthetic-shipper.example,Ashley,Murphy,Miami,Florida,33101,US,25.7440815,-80.1787072,standard,569.46,2026-05-13T10:00:44Z
128,steven.cook128@synthetic-shipper.example,Steven,Cook,Atlanta,Georgia,30301,US,33.7087883,-84.3591785,standard,800.3,2026-05-13T10:00:44Z
129,kimberly.cook129@synthetic-shipper.example,Kimberly,Cook,Boston,Massachusetts,02101,US,42.3832864,-71.0610704,standard,1225.07,2026-05-13T10:00:44Z
130,andrew.rogers130@synthetic-shipper.example,Andrew,Rogers,Minneapolis,Minnesota,55401,US,45.0018965,-93.288477,preferred,5915.72,2026-05-13T10:00:44Z
131,emily.rogers131@synthetic-shipper.example,Emily,Rogers,Salt Lake City,Utah,84101,US,40.7677634,-111.9320829,preferred,7929,2026-05-13T10:00:44Z
132,paul.gutierrez132@synthetic-shipper.example,Paul,Gutierrez,Detroit,Michigan,48201,US,42.2836989,-83.0813147,vip,9584.34,2026-05-13T10:00:44Z
133,donna.gutierrez133@synthetic-shipper.example,Donna,Gutierrez,Tampa,Florida,33601,US,27.9180013,-82.4828932,new,41.72,2026-05-13T10:00:44Z
134,joshua.ortiz134@synthetic-shipper.example,Joshua,Ortiz,Brooklyn,New York,11201,US,40.7276013,-73.9276763,standard,1137.81,2026-05-13T10:00:44Z
135,michelle.ortiz135@synthetic-shipper.example,Michelle,Ortiz,Raleigh,North Carolina,27601,US,35.7876136,-78.6517374,standard,208.15,2026-05-13T10:00:44Z
136,kenneth.morgan136@synthetic-shipper.example,Kenneth,Morgan,Scottsdale,Arizona,85251,US,33.5401703,-111.9096404,standard,249.78,2026-05-13T10:00:44Z
137,carol.morgan137@synthetic-shipper.example,Carol,Morgan,Honolulu,Hawaii,96801,US,21.3430391,-157.8432691,preferred,7950.14,2026-05-13T10:00:44Z
138,kevin.cooper138@synthetic-shipper.example,Kevin,Cooper,Boulder,Colorado,80301,US,39.9831992,-105.2471038,preferred,4321.87,2026-05-13T10:00:44Z
139,amanda.cooper139@synthetic-shipper.example,Amanda,Cooper,Savannah,Georgia,31401,US,32.0320117,-81.1105072,vip,35067.34,2026-05-13T10:00:44Z
140,brian.peterson140@synthetic-shipper.example,Brian,Peterson,New York,New York,10001,US,40.6973896,-74.0225662,new,24.52,2026-05-13T10:00:44Z
141,dorothy.peterson141@synthetic-shipper.example,Dorothy,Peterson,Los Angeles,California,90001,US,34.0961376,-118.2810542,standard,622.85,2026-05-13T10:00:44Z
142,george.bailey142@synthetic-shipper.example,George,Bailey,Chicago,Illinois,60601,US,41.8938737,-87.6021855,standard,427.81,2026-05-13T10:00:44Z
143,melissa.bailey143@synthetic-shipper.example,Melissa,Bailey,Houston,Texas,77001,US,29.7545548,-95.365467,standard,751.75,2026-05-13T10:00:44Z
144,timothy.reed144@synthetic-shipper.example,Timothy,Reed,Phoenix,Arizona,85001,US,33.4429454,-112.0460833,preferred,7766.69,2026-05-13T10:00:44Z
145,deborah.reed145@synthetic-shipper.example,Deborah,Reed,Philadelphia,Pennsylvania,19101,US,39.9330004,-75.1248049,preferred,2437.21,2026-05-13T10:00:44Z
146,aiden.kelly146@synthetic-shipper.example,Aiden,Kelly,San Antonio,Texas,78201,US,29.4188411,-98.5378414,vip,49799.96,2026-05-13T10:00:44Z
147,sofia.kelly147@synthetic-shipper.example,Sofia,Kelly,San Diego,California,92101,US,32.7242019,-117.1517745,new,90.56,2026-05-13T10:00:44Z
148,liam.howard148@synthetic-shipper.example,Liam,Howard,Dallas,Texas,75201,US,32.7443797,-96.7547043,standard,344.35,2026-05-13T10:00:44Z
149,olivia.howard149@synthetic-shipper.example,Olivia,Howard,San Jose,California,95101,US,37.354002,-121.8782249,standard,1998.46,2026-05-13T10:00:44Z
150,noah.ramos150@synthetic-shipper.example,Noah,Ramos,Austin,Texas,73301,US,30.2396462,-97.7562116,standard,852.59,2026-05-13T10:00:44Z
151,emma.ramos151@synthetic-shipper.example,Emma,Ramos,Jacksonville,Florida,32099,US,30.3305785,-81.6943611,preferred,4354.34,2026-05-13T10:00:44Z
152,ethan.kim152@synthetic-shipper.example,Ethan,Kim,Fort Worth,Texas,76101,US,32.7773749,-97.315625,preferred,3586.69,2026-05-13T10:00:44Z
153,ava.kim153@synthetic-shipper.example,Ava,Kim,Columbus,Ohio,43085,US,39.9511949,-83.0466317,vip,24862.21,2026-05-13T10:00:44Z
154,mason.cox154@synthetic-shipper.example,Mason,Cox,Charlotte,North Carolina,28201,US,35.1816504,-80.8525842,new,181.59,2026-05-13T10:00:44Z
155,isabella.cox155@synthetic-shipper.example,Isabella,Cox,Indianapolis,Indiana,46201,US,39.7382194,-86.1915605,standard,943.15,2026-05-13T10:00:44Z
156,lucas.ward156@synthetic-shipper.example,Lucas,Ward,San Francisco,California,94101,US,37.7719107,-122.4064597,standard,1153.09,2026-05-13T10:00:44Z
157,mia.ward157@synthetic-shipper.example,Mia,Ward,Seattle,Washington,98101,US,47.5682974,-122.3224864,standard,1603.94,2026-05-13T10:00:44Z
158,logan.richardson158@synthetic-shipper.example,Logan,Richardson,Denver,Colorado,80201,US,39.7143193,-104.9880307,preferred,7301.27,2026-05-13T10:00:44Z
159,charlotte.richardson159@synthetic-shipper.example,Charlotte,Richardson,Nashville,Tennessee,37201,US,36.1401378,-86.7718604,preferred,2801.07,2026-05-13T10:00:44Z
160,jackson.watson160@synthetic-shipper.example,Jackson,Watson,Portland,Oregon,97201,US,45.5220631,-122.6401802,vip,36824.42,2026-05-13T10:00:44Z
161,amelia.watson161@synthetic-shipper.example,Amelia,Watson,Las Vegas,Nevada,89101,US,36.2021219,-115.0972668,new,29.01,2026-05-13T10:00:44Z
162,sebastian.brooks162@synthetic-shipper.example,Sebastian,Brooks,Miami,Florida,33101,US,25.7453197,-80.2253797,standard,1347.76,2026-05-13T10:00:44Z
163,harper.brooks163@synthetic-shipper.example,Harper,Brooks,Atlanta,Georgia,30301,US,33.7636699,-84.3676047,standard,918.74,2026-05-13T10:00:44Z
164,mateo.chavez164@synthetic-shipper.example,Mateo,Chavez,Boston,Massachusetts,02101,US,42.4004511,-71.0596086,standard,1858.71,2026-05-13T10:00:44Z
165,evelyn.chavez165@synthetic-shipper.example,Evelyn,Chavez,Minneapolis,Minnesota,55401,US,45.0174573,-93.2366787,preferred,4239.21,2026-05-13T10:00:44Z
166,henry.wood166@synthetic-shipper.example,Henry,Wood,Salt Lake City,Utah,84101,US,40.7790866,-111.8763096,preferred,6310.54,2026-05-13T10:00:44Z
167,luna.wood167@synthetic-shipper.example,Luna,Wood,Detroit,Michigan,48201,US,42.360474,-83.0179006,vip,29856.17,2026-05-13T10:00:44Z
168,owen.james168@synthetic-shipper.example,Owen,James,Tampa,Florida,33601,US,27.9302281,-82.4596345,new,35.38,2026-05-13T10:00:44Z
169,camila.james169@synthetic-shipper.example,Camila,James,Brooklyn,New York,11201,US,40.7018486,-73.9183838,standard,1794,2026-05-13T10:00:44Z
170,wyatt.bennett170@synthetic-shipper.example,Wyatt,Bennett,Raleigh,North Carolina,27601,US,35.7372736,-78.659462,standard,1450.49,2026-05-13T10:00:44Z
171,aria.bennett171@synthetic-shipper.example,Aria,Bennett,Scottsdale,Arizona,85251,US,33.5028412,-111.9538832,standard,1114.5,2026-05-13T10:00:44Z
172,jack.gray172@synthetic-shipper.example,Jack,Gray,Honolulu,Hawaii,96801,US,21.3133674,-157.8701299,preferred,7629.11,2026-05-13T10:00:44Z
173,scarlett.gray173@synthetic-shipper.example,Scarlett,Gray,Boulder,Colorado,80301,US,40.0524679,-105.2360107,preferred,4985.53,2026-05-13T10:00:44Z
174,leo.mendoza174@synthetic-shipper.example,Leo,Mendoza,Savannah,Georgia,31401,US,32.0788895,-81.1038383,vip,44120.66,2026-05-13T10:00:44Z
175,penelope.mendoza175@synthetic-shipper.example,Penelope,Mendoza,New York,New York,10001,US,40.6882291,-74.0542453,new,24.46,2026-05-13T10:00:44Z
176,asher.ruiz176@synthetic-shipper.example,Asher,Ruiz,Los Angeles,California,90001,US,34.0680831,-118.2002941,standard,820.76,2026-05-13T10:00:44Z
177,layla.ruiz177@synthetic-shipper.example,Layla,Ruiz,Chicago,Illinois,60601,US,41.9090654,-87.6732883,standard,422.23,2026-05-13T10:00:44Z
178,ezra.hughes178@synthetic-shipper.example,Ezra,Hughes,Houston,Texas,77001,US,29.7988097,-95.3333088,standard,815.14,2026-05-13T10:00:44Z
179,chloe.hughes179@synthetic-shipper.example,Chloe,Hughes,Phoenix,Arizona,85001,US,33.4020606,-112.0681295,preferred,3504.97,2026-05-13T10:00:44Z
180,benjamin.price180@synthetic-shipper.example,Benjamin,Price,Philadelphia,Pennsylvania,19101,US,39.9393503,-75.1739067,preferred,5784.46,2026-05-13T10:00:44Z
181,riley.price181@synthetic-shipper.example,Riley,Price,San Antonio,Texas,78201,US,29.4705864,-98.520289,vip,25321.24,2026-05-13T10:00:44Z
182,caleb.alvarez182@synthetic-shipper.example,Caleb,Alvarez,San Diego,California,92101,US,32.752965,-117.1642815,new,185.22,2026-05-13T10:00:44Z
183,zoey.alvarez183@synthetic-shipper.example,Zoey,Alvarez,Dallas,Texas,75201,US,32.7299104,-96.7698748,standard,1761.77,2026-05-13T10:00:44Z
184,samuel.castillo184@synthetic-shipper.example,Samuel,Castillo,San Jose,California,95101,US,37.3509997,-121.920024,standard,1293.4,2026-05-13T10:00:44Z
185,nora.castillo185@synthetic-shipper.example,Nora,Castillo,Austin,Texas,73301,US,30.2846676,-97.7885969,standard,138.99,2026-05-13T10:00:44Z
186,dylan.sanders186@synthetic-shipper.example,Dylan,Sanders,Jacksonville,Florida,32099,US,30.3378237,-81.6101888,preferred,6575.78,2026-05-13T10:00:44Z
187,lily.sanders187@synthetic-shipper.example,Lily,Sanders,Fort Worth,Texas,76101,US,32.7116174,-97.326186,preferred,3868,2026-05-13T10:00:44Z
188,gabriel.patel188@synthetic-shipper.example,Gabriel,Patel,Columbus,Ohio,43085,US,39.9199174,-82.9527167,vip,42047.59,2026-05-13T10:00:44Z
189,eleanor.patel189@synthetic-shipper.example,Eleanor,Patel,Charlotte,North Carolina,28201,US,35.2662801,-80.8307982,new,30.46,2026-05-13T10:00:44Z
190,elijah.myers190@synthetic-shipper.example,Elijah,Myers,Indianapolis,Indiana,46201,US,39.7814511,-86.1148823,standard,1583.66,2026-05-13T10:00:44Z
191,hannah.myers191@synthetic-shipper.example,Hannah,Myers,San Francisco,California,94101,US,37.7269944,-122.3854457,standard,1609.8,2026-05-13T10:00:44Z
192,james.smith192@synthetic-shipper.example,James,Smith,Seattle,Washington,98101,US,47.635747,-122.3468455,standard,248.21,2026-05-13T10:00:44Z
193,mary.smith193@synthetic-shipper.example,Mary,Smith,Denver,Colorado,80201,US,39.7888932,-105.0116604,preferred,6892.62,2026-05-13T10:00:44Z
194,john.johnson194@synthetic-shipper.example,John,Johnson,Nashville,Tennessee,37201,US,36.1134456,-86.8029172,preferred,6521.59,2026-05-13T10:00:44Z
195,patricia.johnson195@synthetic-shipper.example,Patricia,Johnson,Portland,Oregon,97201,US,45.4842118,-122.6799669,vip,9356.86,2026-05-13T10:00:44Z
196,robert.williams196@synthetic-shipper.example,Robert,Williams,Las Vegas,Nevada,89101,US,36.137193,-115.1457666,new,22.03,2026-05-13T10:00:44Z
197,jennifer.williams197@synthetic-shipper.example,Jennifer,Williams,Miami,Florida,33101,US,25.7884567,-80.232022,standard,1658.04,2026-05-13T10:00:44Z
198,michael.brown198@synthetic-shipper.example,Michael,Brown,Atlanta,Georgia,30301,US,33.7496775,-84.3925324,standard,299.21,2026-05-13T10:00:44Z
199,linda.brown199@synthetic-shipper.example,Linda,Brown,Boston,Massachusetts,02101,US,42.3704875,-71.0232334,standard,810.15,2026-05-13T10:00:44Z
200,william.jones200@synthetic-shipper.example,William,Jones,Minneapolis,Minnesota,55401,US,44.9984995,-93.2646839,preferred,6992.9,2026-05-13T10:00:44Z
201,elizabeth.jones201@synthetic-shipper.example,Elizabeth,Jones,Salt Lake City,Utah,84101,US,40.7777248,-111.9356952,preferred,3802.53,2026-05-13T10:00:44Z
202,david.garcia202@synthetic-shipper.example,David,Garcia,Detroit,Michigan,48201,US,42.3520109,-83.0534533,vip,32485.78,2026-05-13T10:00:44Z
203,barbara.garcia203@synthetic-shipper.example,Barbara,Garcia,Tampa,Florida,33601,US,27.9868324,-82.4400392,new,103.06,2026-05-13T10:00:44Z
204,richard.miller204@synthetic-shipper.example,Richard,Miller,Brooklyn,New York,11201,US,40.686734,-73.9378307,standard,729.71,2026-05-13T10:00:44Z
205,susan.miller205@synthetic-shipper.example,Susan,Miller,Raleigh,North Carolina,27601,US,35.7802533,-78.6630708,standard,559.69,2026-05-13T10:00:44Z
206,joseph.davis206@synthetic-shipper.example,Joseph,Davis,Scottsdale,Arizona,85251,US,33.5375429,-111.9500896,standard,157.9,2026-05-13T10:00:44Z
207,jessica.davis207@synthetic-shipper.example,Jessica,Davis,Honolulu,Hawaii,96801,US,21.3541315,-157.8423632,preferred,3808.16,2026-05-13T10:00:44Z
208,thomas.rodriguez208@synthetic-shipper.example,Thomas,Rodriguez,Boulder,Colorado,80301,US,40.0535718,-105.3067715,preferred,6045.59,2026-05-13T10:00:44Z
209,sarah.rodriguez209@synthetic-shipper.example,Sarah,Rodriguez,Savannah,Georgia,31401,US,32.0477399,-81.0787181,vip,22408.39,2026-05-13T10:00:44Z
210,christopher.martinez210@synthetic-shipper.example,Christopher,Martinez,New York,New York,10001,US,40.7562132,-74.0057536,new,139.24,2026-05-13T10:00:44Z
211,karen.martinez211@synthetic-shipper.example,Karen,Martinez,Los Angeles,California,90001,US,34.0264164,-118.227082,standard,1725.84,2026-05-13T10:00:44Z
212,charles.hernandez212@synthetic-shipper.example,Charles,Hernandez,Chicago,Illinois,60601,US,41.8680594,-87.6084435,standard,744.94,2026-05-13T10:00:44Z
213,lisa.hernandez213@synthetic-shipper.example,Lisa,Hernandez,Houston,Texas,77001,US,29.7716124,-95.4145558,standard,1449.56,2026-05-13T10:00:44Z
214,daniel.lopez214@synthetic-shipper.example,Daniel,Lopez,Phoenix,Arizona,85001,US,33.4425576,-112.048173,preferred,2091.57,2026-05-13T10:00:44Z
215,nancy.lopez215@synthetic-shipper.example,Nancy,Lopez,Philadelphia,Pennsylvania,19101,US,39.9087964,-75.18779,preferred,1028.18,2026-05-13T10:00:44Z
216,matthew.gonzalez216@synthetic-shipper.example,Matthew,Gonzalez,San Antonio,Texas,78201,US,29.3876316,-98.4995797,vip,20708.26,2026-05-13T10:00:44Z
217,betty.gonzalez217@synthetic-shipper.example,Betty,Gonzalez,San Diego,California,92101,US,32.7431932,-117.1534809,new,142.96,2026-05-13T10:00:44Z
218,anthony.wilson218@synthetic-shipper.example,Anthony,Wilson,Dallas,Texas,75201,US,32.7843927,-96.7877287,standard,1080.46,2026-05-13T10:00:44Z
219,margaret.wilson219@synthetic-shipper.example,Margaret,Wilson,San Jose,California,95101,US,37.3669215,-121.8525353,standard,1316.85,2026-05-13T10:00:44Z
220,mark.anderson220@synthetic-shipper.example,Mark,Anderson,Austin,Texas,73301,US,30.2479004,-97.7290759,standard,1387.95,2026-05-13T10:00:44Z
221,sandra.anderson221@synthetic-shipper.example,Sandra,Anderson,Jacksonville,Florida,32099,US,30.319301,-81.6952512,preferred,7481.52,2026-05-13T10:00:44Z
222,donald.thomas222@synthetic-shipper.example,Donald,Thomas,Fort Worth,Texas,76101,US,32.7725871,-97.2823067,preferred,3364.52,2026-05-13T10:00:44Z
223,ashley.thomas223@synthetic-shipper.example,Ashley,Thomas,Columbus,Ohio,43085,US,40.0064235,-83.0369343,vip,17476.6,2026-05-13T10:00:44Z
224,steven.taylor224@synthetic-shipper.example,Steven,Taylor,Charlotte,North Carolina,28201,US,35.195741,-80.8555995,new,60.75,2026-05-13T10:00:44Z
225,kimberly.taylor225@synthetic-shipper.example,Kimberly,Taylor,Indianapolis,Indiana,46201,US,39.7589193,-86.2046721,standard,134.91,2026-05-13T10:00:44Z
226,andrew.moore226@synthetic-shipper.example,Andrew,Moore,San Francisco,California,94101,US,37.7318871,-122.4672966,standard,1873.59,2026-05-13T10:00:44Z
227,emily.moore227@synthetic-shipper.example,Emily,Moore,Seattle,Washington,98101,US,47.5663633,-122.2877669,standard,1197.23,2026-05-13T10:00:44Z
228,paul.jackson228@synthetic-shipper.example,Paul,Jackson,Denver,Colorado,80201,US,39.7104243,-104.9891941,preferred,2407.07,2026-05-13T10:00:44Z
229,donna.jackson229@synthetic-shipper.example,Donna,Jackson,Nashville,Tennessee,37201,US,36.1623151,-86.8286621,preferred,1666.24,2026-05-13T10:00:44Z
230,joshua.martin230@synthetic-shipper.example,Joshua,Martin,Portland,Oregon,97201,US,45.4669311,-122.6577402,vip,27672.22,2026-05-13T10:00:44Z
231,michelle.martin231@synthetic-shipper.example,Michelle,Martin,Las Vegas,Nevada,89101,US,36.1835226,-115.0914866,new,70.76,2026-05-13T10:00:44Z
232,kenneth.lee232@synthetic-shipper.example,Kenneth,Lee,Miami,Florida,33101,US,25.7610728,-80.2305553,standard,398.17,2026-05-13T10:00:44Z
233,carol.lee233@synthetic-shipper.example,Carol,Lee,Atlanta,Georgia,30301,US,33.7271284,-84.4365802,standard,1512.09,2026-05-13T10:00:44Z
234,kevin.perez234@synthetic-shipper.example,Kevin,Perez,Boston,Massachusetts,02101,US,42.3753806,-71.0767273,standard,846.24,2026-05-13T10:00:44Z
235,amanda.perez235@synthetic-shipper.example,Amanda,Perez,Minneapolis,Minnesota,55401,US,45.0011154,-93.2969875,preferred,6706.46,2026-05-13T10:00:44Z
236,brian.thompson236@synthetic-shipper.example,Brian,Thompson,Salt Lake City,Utah,84101,US,40.7557502,-111.8763202,preferred,5273.29,2026-05-13T10:00:44Z
237,dorothy.thompson237@synthetic-shipper.example,Dorothy,Thompson,Detroit,Michigan,48201,US,42.3031935,-83.0069152,vip,32618.61,2026-05-13T10:00:44Z
238,george.white238@synthetic-shipper.example,George,White,Tampa,Florida,33601,US,27.9884877,-82.4552753,new,156.2,2026-05-13T10:00:44Z
239,melissa.white239@synthetic-shipper.example,Melissa,White,Brooklyn,New York,11201,US,40.6303108,-73.9074838,standard,387.47,2026-05-13T10:00:44Z
240,timothy.harris240@synthetic-shipper.example,Timothy,Harris,Raleigh,North Carolina,27601,US,35.8137616,-78.6193817,standard,354.35,2026-05-13T10:00:44Z
241,deborah.harris241@synthetic-shipper.example,Deborah,Harris,Scottsdale,Arizona,85251,US,33.5073064,-111.9172539,standard,1413.91,2026-05-13T10:00:44Z
242,aiden.sanchez242@synthetic-shipper.example,Aiden,Sanchez,Honolulu,Hawaii,96801,US,21.3029664,-157.8402862,preferred,1712.54,2026-05-13T10:00:44Z
243,sofia.sanchez243@synthetic-shipper.example,Sofia,Sanchez,Boulder,Colorado,80301,US,40.0411577,-105.2518523,preferred,4412.17,2026-05-13T10:00:44Z
244,liam.clark244@synthetic-shipper.example,Liam,Clark,Savannah,Georgia,31401,US,32.0635224,-81.0689323,vip,7181.49,2026-05-13T10:00:44Z
245,olivia.clark245@synthetic-shipper.example,Olivia,Clark,New York,New York,10001,US,40.7020697,-73.9725213,new,68.55,2026-05-13T10:00:44Z
246,noah.ramirez246@synthetic-shipper.example,Noah,Ramirez,Los Angeles,California,90001,US,34.0833479,-118.2275255,standard,334.56,2026-05-13T10:00:44Z
247,emma.ramirez247@synthetic-shipper.example,Emma,Ramirez,Chicago,Illinois,60601,US,41.8989924,-87.6083914,standard,399.93,2026-05-13T10:00:44Z
248,ethan.lewis248@synthetic-shipper.example,Ethan,Lewis,Houston,Texas,77001,US,29.7388805,-95.3301812,standard,1844.63,2026-05-13T10:00:44Z
249,ava.lewis249@synthetic-shipper.example,Ava,Lewis,Phoenix,Arizona,85001,US,33.4489107,-112.0582666,preferred,2580.92,2026-05-13T10:00:44Z
250,mason.robinson250@synthetic-shipper.example,Mason,Robinson,Philadelphia,Pennsylvania,19101,US,39.9316797,-75.1816657,preferred,6952.07,2026-05-13T10:00:44Z
251,isabella.robinson251@synthetic-shipper.example,Isabella,Robinson,San Antonio,Texas,78201,US,29.4175735,-98.4523652,vip,41028.35,2026-05-13T10:00:44Z
252,lucas.walker252@synthetic-shipper.example,Lucas,Walker,San Diego,California,92101,US,32.7151547,-117.199753,new,120.53,2026-05-13T10:00:44Z
253,mia.walker253@synthetic-shipper.example,Mia,Walker,Dallas,Texas,75201,US,32.756966,-96.797527,standard,103.54,2026-05-13T10:00:44Z
254,logan.young254@synthetic-shipper.example,Logan,Young,San Jose,California,95101,US,37.3540947,-121.8587274,standard,1746.54,2026-05-13T10:00:44Z
255,charlotte.young255@synthetic-shipper.example,Charlotte,Young,Austin,Texas,73301,US,30.3128508,-97.7320368,standard,802,2026-05-13T10:00:44Z
256,jackson.allen256@synthetic-shipper.example,Jackson,Allen,Jacksonville,Florida,32099,US,30.3726433,-81.6366644,preferred,6065.45,2026-05-13T10:00:44Z
257,amelia.allen257@synthetic-shipper.example,Amelia,Allen,Fort Worth,Texas,76101,US,32.7364158,-97.3077968,preferred,2266.95,2026-05-13T10:00:44Z
258,sebastian.king258@synthetic-shipper.example,Sebastian,King,Columbus,Ohio,43085,US,39.9164095,-83.036158,vip,31156.16,2026-05-13T10:00:44Z
259,harper.king259@synthetic-shipper.example,Harper,King,Charlotte,North Carolina,28201,US,35.2688377,-80.8794829,new,116.87,2026-05-13T10:00:44Z
260,mateo.wright260@synthetic-shipper.example,Mateo,Wright,Indianapolis,Indiana,46201,US,39.8136087,-86.1329539,standard,567.01,2026-05-13T10:00:44Z
261,evelyn.wright261@synthetic-shipper.example,Evelyn,Wright,San Francisco,California,94101,US,37.7537082,-122.4497689,standard,129.41,2026-05-13T10:00:44Z
262,henry.scott262@synthetic-shipper.example,Henry,Scott,Seattle,Washington,98101,US,47.6213137,-122.3000228,standard,1237.77,2026-05-13T10:00:44Z
263,luna.scott263@synthetic-shipper.example,Luna,Scott,Denver,Colorado,80201,US,39.7236626,-104.9707642,preferred,6853.03,2026-05-13T10:00:44Z
264,owen.torres264@synthetic-shipper.example,Owen,Torres,Nashville,Tennessee,37201,US,36.2117057,-86.7845574,preferred,3306.62,2026-05-13T10:00:44Z
265,camila.torres265@synthetic-shipper.example,Camila,Torres,Portland,Oregon,97201,US,45.5179334,-122.6618568,vip,24686.22,2026-05-13T10:00:44Z
266,wyatt.nguyen266@synthetic-shipper.example,Wyatt,Nguyen,Las Vegas,Nevada,89101,US,36.1840863,-115.1708763,new,64.94,2026-05-13T10:00:44Z
267,aria.nguyen267@synthetic-shipper.example,Aria,Nguyen,Miami,Florida,33101,US,25.7523838,-80.1603735,standard,1214.43,2026-05-13T10:00:44Z
268,jack.hill268@synthetic-shipper.example,Jack,Hill,Atlanta,Georgia,30301,US,33.7421544,-84.4037108,standard,835.99,2026-05-13T10:00:44Z
269,scarlett.hill269@synthetic-shipper.example,Scarlett,Hill,Boston,Massachusetts,02101,US,42.3486001,-71.0736888,standard,977.35,2026-05-13T10:00:44Z
270,leo.flores270@synthetic-shipper.example,Leo,Flores,Minneapolis,Minnesota,55401,US,45.0126454,-93.2703366,preferred,1339.63,2026-05-13T10:00:44Z
271,penelope.flores271@synthetic-shipper.example,Penelope,Flores,Salt Lake City,Utah,84101,US,40.7125346,-111.8819257,preferred,7054.51,2026-05-13T10:00:44Z
272,asher.green272@synthetic-shipper.example,Asher,Green,Detroit,Michigan,48201,US,42.3279427,-83.0647916,vip,36096.88,2026-05-13T10:00:44Z
273,layla.green273@synthetic-shipper.example,Layla,Green,Tampa,Florida,33601,US,27.9211623,-82.4770867,new,119.3,2026-05-13T10:00:44Z
274,ezra.adams274@synthetic-shipper.example,Ezra,Adams,Brooklyn,New York,11201,US,40.6335152,-73.9047511,standard,681.38,2026-05-13T10:00:44Z
275,chloe.adams275@synthetic-shipper.example,Chloe,Adams,Raleigh,North Carolina,27601,US,35.7914464,-78.6045508,standard,405.49,2026-05-13T10:00:44Z
276,benjamin.nelson276@synthetic-shipper.example,Benjamin,Nelson,Scottsdale,Arizona,85251,US,33.5347967,-111.9067043,standard,851.38,2026-05-13T10:00:44Z
277,riley.nelson277@synthetic-shipper.example,Riley,Nelson,Honolulu,Hawaii,96801,US,21.2739916,-157.8758785,preferred,3209.6,2026-05-13T10:00:44Z
278,caleb.baker278@synthetic-shipper.example,Caleb,Baker,Boulder,Colorado,80301,US,40.028316,-105.2821369,preferred,7653.05,2026-05-13T10:00:44Z
279,zoey.baker279@synthetic-shipper.example,Zoey,Baker,Savannah,Georgia,31401,US,32.0786244,-81.0738917,vip,9245.85,2026-05-13T10:00:44Z
280,samuel.hall280@synthetic-shipper.example,Samuel,Hall,New York,New York,10001,US,40.7275344,-74.006041,new,109.68,2026-05-13T10:00:44Z
281,nora.hall281@synthetic-shipper.example,Nora,Hall,Los Angeles,California,90001,US,34.0723078,-118.2575029,standard,608.07,2026-05-13T10:00:44Z
282,dylan.rivera282@synthetic-shipper.example,Dylan,Rivera,Chicago,Illinois,60601,US,41.8301559,-87.6342517,standard,643.59,2026-05-13T10:00:44Z
283,lily.rivera283@synthetic-shipper.example,Lily,Rivera,Houston,Texas,77001,US,29.713797,-95.3465043,standard,1582.97,2026-05-13T10:00:44Z
284,gabriel.campbell284@synthetic-shipper.example,Gabriel,Campbell,Phoenix,Arizona,85001,US,33.4614708,-112.0544985,preferred,7765.96,2026-05-13T10:00:44Z
285,eleanor.campbell285@synthetic-shipper.example,Eleanor,Campbell,Philadelphia,Pennsylvania,19101,US,39.9773327,-75.2126698,preferred,1586.09,2026-05-13T10:00:44Z
286,elijah.mitchell286@synthetic-shipper.example,Elijah,Mitchell,San Antonio,Texas,78201,US,29.4523828,-98.509849,vip,34284.04,2026-05-13T10:00:44Z
287,hannah.mitchell287@synthetic-shipper.example,Hannah,Mitchell,San Diego,California,92101,US,32.743442,-117.1555083,new,7.37,2026-05-13T10:00:44Z
288,james.carter288@synthetic-shipper.example,James,Carter,Dallas,Texas,75201,US,32.8265954,-96.7988386,standard,1385.02,2026-05-13T10:00:44Z
289,mary.carter289@synthetic-shipper.example,Mary,Carter,San Jose,California,95101,US,37.3841283,-121.886841,standard,1677.5,2026-05-13T10:00:44Z
290,john.roberts290@synthetic-shipper.example,John,Roberts,Austin,Texas,73301,US,30.2411465,-97.781823,standard,601.27,2026-05-13T10:00:44Z
291,patricia.roberts291@synthetic-shipper.example,Patricia,Roberts,Jacksonville,Florida,32099,US,30.3685905,-81.6150298,preferred,6667.72,2026-05-13T10:00:44Z
292,robert.gomez292@synthetic-shipper.example,Robert,Gomez,Fort Worth,Texas,76101,US,32.764709,-97.3734289,preferred,5641.73,2026-05-13T10:00:44Z
293,jennifer.gomez293@synthetic-shipper.example,Jennifer,Gomez,Columbus,Ohio,43085,US,40.0053293,-82.9835566,vip,20748.77,2026-05-13T10:00:44Z
294,michael.phillips294@synthetic-shipper.example,Michael,Phillips,Charlotte,North Carolina,28201,US,35.2133028,-80.8394325,new,113.89,2026-05-13T10:00:44Z
295,linda.phillips295@synthetic-shipper.example,Linda,Phillips,Indianapolis,Indiana,46201,US,39.7583384,-86.1162758,standard,839.05,2026-05-13T10:00:44Z
296,william.evans296@synthetic-shipper.example,William,Evans,San Francisco,California,94101,US,37.7850192,-122.4278012,standard,764.08,2026-05-13T10:00:44Z
297,elizabeth.evans297@synthetic-shipper.example,Elizabeth,Evans,Seattle,Washington,98101,US,47.5693201,-122.3566335,standard,1470.17,2026-05-13T10:00:44Z
298,david.turner298@synthetic-shipper.example,David,Turner,Denver,Colorado,80201,US,39.7116751,-104.9756702,preferred,2603,2026-05-13T10:00:44Z
299,barbara.turner299@synthetic-shipper.example,Barbara,Turner,Nashville,Tennessee,37201,US,36.1224671,-86.7655639,preferred,7868.43,2026-05-13T10:00:44Z
300,richard.diaz300@synthetic-shipper.example,Richard,Diaz,Portland,Oregon,97201,US,45.5201926,-122.7023976,vip,43545.25,2026-05-13T10:00:44Z
301,susan.diaz301@synthetic-shipper.example,Susan,Diaz,Las Vegas,Nevada,89101,US,36.1789184,-115.1000125,new,113.65,2026-05-13T10:00:44Z
302,joseph.parker302@synthetic-shipper.example,Joseph,Parker,Miami,Florida,33101,US,25.774667,-80.2195202,standard,1315.35,2026-05-13T10:00:44Z
303,jessica.parker303@synthetic-shipper.example,Jessica,Parker,Atlanta,Georgia,30301,US,33.7423699,-84.369138,standard,1560.58,2026-05-13T10:00:44Z
304,thomas.cruz304@synthetic-shipper.example,Thomas,Cruz,Boston,Massachusetts,02101,US,42.3321205,-71.0944144,standard,1387.7,2026-05-13T10:00:44Z
305,sarah.cruz305@synthetic-shipper.example,Sarah,Cruz,Minneapolis,Minnesota,55401,US,44.9703821,-93.2973196,preferred,7119.3,2026-05-13T10:00:44Z
306,christopher.edwards306@synthetic-shipper.example,Christopher,Edwards,Salt Lake City,Utah,84101,US,40.7133844,-111.8809854,preferred,4319.11,2026-05-13T10:00:44Z
307,karen.edwards307@synthetic-shipper.example,Karen,Edwards,Detroit,Michigan,48201,US,42.3365406,-83.0867516,vip,45392.08,2026-05-13T10:00:44Z
308,charles.collins308@synthetic-shipper.example,Charles,Collins,Tampa,Florida,33601,US,27.9498826,-82.4607784,new,149.85,2026-05-13T10:00:44Z
309,lisa.collins309@synthetic-shipper.example,Lisa,Collins,Brooklyn,New York,11201,US,40.7072878,-73.8980424,standard,1542.23,2026-05-13T10:00:44Z
310,daniel.reyes310@synthetic-shipper.example,Daniel,Reyes,Raleigh,North Carolina,27601,US,35.7815666,-78.6739984,standard,1177.42,2026-05-13T10:00:44Z
311,nancy.reyes311@synthetic-shipper.example,Nancy,Reyes,Scottsdale,Arizona,85251,US,33.5360226,-111.9229523,standard,734.1,2026-05-13T10:00:44Z
312,matthew.stewart312@synthetic-shipper.example,Matthew,Stewart,Honolulu,Hawaii,96801,US,21.2778107,-157.8091302,preferred,4852.16,2026-05-13T10:00:44Z
313,betty.stewart313@synthetic-shipper.example,Betty,Stewart,Boulder,Colorado,80301,US,39.9807699,-105.2371917,preferred,6316.31,2026-05-13T10:00:44Z
314,anthony.morris314@synthetic-shipper.example,Anthony,Morris,Savannah,Georgia,31401,US,32.0336253,-81.0590603,vip,32308.79,2026-05-13T10:00:44Z
315,margaret.morris315@synthetic-shipper.example,Margaret,Morris,New York,New York,10001,US,40.7223327,-74.0002977,new,112.17,2026-05-13T10:00:44Z
316,mark.morales316@synthetic-shipper.example,Mark,Morales,Los Angeles,California,90001,US,34.0725159,-118.2686405,standard,919.79,2026-05-13T10:00:44Z
317,sandra.morales317@synthetic-shipper.example,Sandra,Morales,Chicago,Illinois,60601,US,41.9159806,-87.6148923,standard,568.24,2026-05-13T10:00:44Z
318,donald.murphy318@synthetic-shipper.example,Donald,Murphy,Houston,Texas,77001,US,29.7709816,-95.4155248,standard,1526.61,2026-05-13T10:00:44Z
319,ashley.murphy319@synthetic-shipper.example,Ashley,Murphy,Phoenix,Arizona,85001,US,33.4311322,-112.0858937,preferred,6069.68,2026-05-13T10:00:44Z
320,steven.cook320@synthetic-shipper.example,Steven,Cook,Philadelphia,Pennsylvania,19101,US,39.9232721,-75.2002664,preferred,7016.15,2026-05-13T10:00:44Z
321,kimberly.cook321@synthetic-shipper.example,Kimberly,Cook,San Antonio,Texas,78201,US,29.3843462,-98.5084074,vip,21416.66,2026-05-13T10:00:44Z
322,andrew.rogers322@synthetic-shipper.example,Andrew,Rogers,San Diego,California,92101,US,32.6885044,-117.1681687,new,44.02,2026-05-13T10:00:44Z
323,emily.rogers323@synthetic-shipper.example,Emily,Rogers,Dallas,Texas,75201,US,32.7900659,-96.788648,standard,359.45,2026-05-13T10:00:44Z
324,paul.gutierrez324@synthetic-shipper.example,Paul,Gutierrez,San Jose,California,95101,US,37.2963021,-121.9309903,standard,118.79,2026-05-13T10:00:44Z
325,donna.gutierrez325@synthetic-shipper.example,Donna,Gutierrez,Austin,Texas,73301,US,30.2630446,-97.7784268,standard,900.93,2026-05-13T10:00:44Z
326,joshua.ortiz326@synthetic-shipper.example,Joshua,Ortiz,Jacksonville,Florida,32099,US,30.3002724,-81.6861015,preferred,5532.55,2026-05-13T10:00:44Z
327,michelle.ortiz327@synthetic-shipper.example,Michelle,Ortiz,Fort Worth,Texas,76101,US,32.7060512,-97.3138316,preferred,6003.67,2026-05-13T10:00:44Z
328,kenneth.morgan328@synthetic-shipper.example,Kenneth,Morgan,Columbus,Ohio,43085,US,39.9429908,-83.0362518,vip,32479.35,2026-05-13T10:00:44Z
329,carol.morgan329@synthetic-shipper.example,Carol,Morgan,Charlotte,North Carolina,28201,US,35.1828975,-80.8685452,new,36.95,2026-05-13T10:00:44Z
330,kevin.cooper330@synthetic-shipper.example,Kevin,Cooper,Indianapolis,Indiana,46201,US,39.7593759,-86.1665172,standard,1833.83,2026-05-13T10:00:44Z
331,amanda.cooper331@synthetic-shipper.example,Amanda,Cooper,San Francisco,California,94101,US,37.7373288,-122.4433839,standard,367.96,2026-05-13T10:00:44Z
332,brian.peterson332@synthetic-shipper.example,Brian,Peterson,Seattle,Washington,98101,US,47.6388959,-122.3565703,standard,451.52,2026-05-13T10:00:44Z
333,dorothy.peterson333@synthetic-shipper.example,Dorothy,Peterson,Denver,Colorado,80201,US,39.7589399,-105.0174014,preferred,2754.97,2026-05-13T10:00:44Z
334,george.bailey334@synthetic-shipper.example,George,Bailey,Nashville,Tennessee,37201,US,36.1568356,-86.753182,preferred,1983.8,2026-05-13T10:00:44Z
335,melissa.bailey335@synthetic-shipper.example,Melissa,Bailey,Portland,Oregon,97201,US,45.5319987,-122.6946748,vip,18666.11,2026-05-13T10:00:44Z
336,timothy.reed336@synthetic-shipper.example,Timothy,Reed,Las Vegas,Nevada,89101,US,36.1597352,-115.1111461,new,159.16,2026-05-13T10:00:44Z
337,deborah.reed337@synthetic-shipper.example,Deborah,Reed,Miami,Florida,33101,US,25.755605,-80.2085166,standard,553.6,2026-05-13T10:00:44Z
338,aiden.kelly338@synthetic-shipper.example,Aiden,Kelly,Atlanta,Georgia,30301,US,33.7460102,-84.3855371,standard,196.42,2026-05-13T10:00:44Z
339,sofia.kelly339@synthetic-shipper.example,Sofia,Kelly,Boston,Massachusetts,02101,US,42.3650583,-71.0928563,standard,622.15,2026-05-13T10:00:44Z
340,liam.howard340@synthetic-shipper.example,Liam,Howard,Minneapolis,Minnesota,55401,US,44.9410636,-93.2512197,preferred,5182.32,2026-05-13T10:00:44Z
341,olivia.howard341@synthetic-shipper.example,Olivia,Howard,Salt Lake City,Utah,84101,US,40.7385588,-111.8652053,preferred,6915.99,2026-05-13T10:00:44Z
342,noah.ramos342@synthetic-shipper.example,Noah,Ramos,Detroit,Michigan,48201,US,42.3008896,-83.005002,vip,42965.64,2026-05-13T10:00:44Z
343,emma.ramos343@synthetic-shipper.example,Emma,Ramos,Tampa,Florida,33601,US,27.9678253,-82.4916155,new,61.68,2026-05-13T10:00:44Z
344,ethan.kim344@synthetic-shipper.example,Ethan,Kim,Brooklyn,New York,11201,US,40.7070049,-73.931992,standard,813.86,2026-05-13T10:00:44Z
345,ava.kim345@synthetic-shipper.example,Ava,Kim,Raleigh,North Carolina,27601,US,35.7314502,-78.62085,standard,1962.31,2026-05-13T10:00:44Z
346,mason.cox346@synthetic-shipper.example,Mason,Cox,Scottsdale,Arizona,85251,US,33.4848461,-111.9044741,standard,113.18,2026-05-13T10:00:44Z
347,isabella.cox347@synthetic-shipper.example,Isabella,Cox,Honolulu,Hawaii,96801,US,21.2992506,-157.8585974,preferred,7384.14,2026-05-13T10:00:44Z
348,lucas.ward348@synthetic-shipper.example,Lucas,Ward,Boulder,Colorado,80301,US,40.0613287,-105.2325139,preferred,5048.68,2026-05-13T10:00:44Z
349,mia.ward349@synthetic-shipper.example,Mia,Ward,Savannah,Georgia,31401,US,32.072485,-81.0738129,vip,47320.58,2026-05-13T10:00:44Z
350,logan.richardson350@synthetic-shipper.example,Logan,Richardson,New York,New York,10001,US,40.7410483,-73.9600405,new,84.12,2026-05-13T10:00:44Z
351,charlotte.richardson351@synthetic-shipper.example,Charlotte,Richardson,Los Angeles,California,90001,US,34.0117851,-118.1962013,standard,1796.89,2026-05-13T10:00:44Z
352,jackson.watson352@synthetic-shipper.example,Jackson,Watson,Chicago,Illinois,60601,US,41.9265223,-87.6161747,standard,1975.17,2026-05-13T10:00:44Z
353,amelia.watson353@synthetic-shipper.example,Amelia,Watson,Houston,Texas,77001,US,29.7716085,-95.3857759,standard,1415.1,2026-05-13T10:00:44Z
354,sebastian.brooks354@synthetic-shipper.example,Sebastian,Brooks,Phoenix,Arizona,85001,US,33.4155527,-112.1053599,preferred,4451.68,2026-05-13T10:00:44Z
355,harper.brooks355@synthetic-shipper.example,Harper,Brooks,Philadelphia,Pennsylvania,19101,US,39.9244903,-75.1694448,preferred,3860.33,2026-05-13T10:00:44Z
356,mateo.chavez356@synthetic-shipper.example,Mateo,Chavez,San Antonio,Texas,78201,US,29.3798683,-98.4559436,vip,5285.02,2026-05-13T10:00:44Z
357,evelyn.chavez357@synthetic-shipper.example,Evelyn,Chavez,San Diego,California,92101,US,32.6843838,-117.1137911,new,48.18,2026-05-13T10:00:44Z
358,henry.wood358@synthetic-shipper.example,Henry,Wood,Dallas,Texas,75201,US,32.7442856,-96.8374077,standard,1349.18,2026-05-13T10:00:44Z
359,luna.wood359@synthetic-shipper.example,Luna,Wood,San Jose,California,95101,US,37.3667598,-121.8669562,standard,1083.56,2026-05-13T10:00:44Z
360,owen.james360@synthetic-shipper.example,Owen,James,Austin,Texas,73301,US,30.2436279,-97.6953621,standard,920.45,2026-05-13T10:00:44Z
361,camila.james361@synthetic-shipper.example,Camila,James,Jacksonville,Florida,32099,US,30.3023494,-81.6288896,preferred,7073.02,2026-05-13T10:00:44Z
362,wyatt.bennett362@synthetic-shipper.example,Wyatt,Bennett,Fort Worth,Texas,76101,US,32.741765,-97.3035727,preferred,1915.82,2026-05-13T10:00:44Z
363,aria.bennett363@synthetic-shipper.example,Aria,Bennett,Columbus,Ohio,43085,US,39.9784325,-82.9857413,vip,16624.97,2026-05-13T10:00:44Z
364,jack.gray364@synthetic-shipper.example,Jack,Gray,Charlotte,North Carolina,28201,US,35.2271033,-80.8353012,new,2.75,2026-05-13T10:00:44Z
365,scarlett.gray365@synthetic-shipper.example,Scarlett,Gray,Indianapolis,Indiana,46201,US,39.750464,-86.1438592,standard,1815.05,2026-05-13T10:00:44Z
366,leo.mendoza366@synthetic-shipper.example,Leo,Mendoza,San Francisco,California,94101,US,37.7833716,-122.467303,standard,1913.7,2026-05-13T10:00:44Z
367,penelope.mendoza367@synthetic-shipper.example,Penelope,Mendoza,Seattle,Washington,98101,US,47.5743345,-122.3218312,standard,1537.21,2026-05-13T10:00:44Z
368,asher.ruiz368@synthetic-shipper.example,Asher,Ruiz,Denver,Colorado,80201,US,39.6970061,-104.9444661,preferred,5528.72,2026-05-13T10:00:44Z
369,layla.ruiz369@synthetic-shipper.example,Layla,Ruiz,Nashville,Tennessee,37201,US,36.1537764,-86.7434551,preferred,1388.63,2026-05-13T10:00:44Z
370,ezra.hughes370@synthetic-shipper.example,Ezra,Hughes,Portland,Oregon,97201,US,45.5070751,-122.7035498,vip,35079.11,2026-05-13T10:00:44Z
371,chloe.hughes371@synthetic-shipper.example,Chloe,Hughes,Las Vegas,Nevada,89101,US,36.1758735,-115.108442,new,122.73,2026-05-13T10:00:44Z
372,benjamin.price372@synthetic-shipper.example,Benjamin,Price,Miami,Florida,33101,US,25.7740929,-80.1883823,standard,305.85,2026-05-13T10:00:44Z
373,riley.price373@synthetic-shipper.example,Riley,Price,Atlanta,Georgia,30301,US,33.7656952,-84.3488772,standard,1921.48,2026-05-13T10:00:44Z
374,caleb.alvarez374@synthetic-shipper.example,Caleb,Alvarez,Boston,Massachusetts,02101,US,42.3121074,-71.0531284,standard,267.46,2026-05-13T10:00:44Z
375,zoey.alvarez375@synthetic-shipper.example,Zoey,Alvarez,Minneapolis,Minnesota,55401,US,44.9421548,-93.2642522,preferred,4181.86,2026-05-13T10:00:44Z
376,samuel.castillo376@synthetic-shipper.example,Samuel,Castillo,Salt Lake City,Utah,84101,US,40.7720041,-111.8649427,preferred,5308.48,2026-05-13T10:00:44Z
377,nora.castillo377@synthetic-shipper.example,Nora,Castillo,Detroit,Michigan,48201,US,42.3088089,-82.9991056,vip,10260.18,2026-05-13T10:00:44Z
378,dylan.sanders378@synthetic-shipper.example,Dylan,Sanders,Tampa,Florida,33601,US,27.9084778,-82.472966,new,59.23,2026-05-13T10:00:44Z
379,lily.sanders379@synthetic-shipper.example,Lily,Sanders,Brooklyn,New York,11201,US,40.7205093,-73.9329741,standard,1877.86,2026-05-13T10:00:44Z
380,gabriel.patel380@synthetic-shipper.example,Gabriel,Patel,Raleigh,North Carolina,27601,US,35.8095256,-78.6100599,standard,1334.15,2026-05-13T10:00:44Z
381,eleanor.patel381@synthetic-shipper.example,Eleanor,Patel,Scottsdale,Arizona,85251,US,33.5313965,-111.952894,standard,139.47,2026-05-13T10:00:44Z
382,elijah.myers382@synthetic-shipper.example,Elijah,Myers,Honolulu,Hawaii,96801,US,21.2691085,-157.8959037,preferred,4109.17,2026-05-13T10:00:44Z
383,hannah.myers383@synthetic-shipper.example,Hannah,Myers,Boulder,Colorado,80301,US,40.0511333,-105.2217408,preferred,1785.16,2026-05-13T10:00:44Z
384,james.smith384@synthetic-shipper.example,James,Smith,Savannah,Georgia,31401,US,32.0351717,-81.080721,vip,29013.62,2026-05-13T10:00:44Z
385,mary.smith385@synthetic-shipper.example,Mary,Smith,New York,New York,10001,US,40.6838977,-74.0235107,new,115.74,2026-05-13T10:00:44Z
386,john.johnson386@synthetic-shipper.example,John,Johnson,Los Angeles,California,90001,US,34.0284457,-118.2246899,standard,309.31,2026-05-13T10:00:44Z
387,patricia.johnson387@synthetic-shipper.example,Patricia,Johnson,Chicago,Illinois,60601,US,41.8453411,-87.6113147,standard,1465.93,2026-05-13T10:00:44Z
388,robert.williams388@synthetic-shipper.example,Robert,Williams,Houston,Texas,77001,US,29.8068551,-95.3700471,standard,1711.95,2026-05-13T10:00:44Z
389,jennifer.williams389@synthetic-shipper.example,Jennifer,Williams,Phoenix,Arizona,85001,US,33.453335,-112.0757172,preferred,5135.89,2026-05-13T10:00:44Z
390,michael.brown390@synthetic-shipper.example,Michael,Brown,Philadelphia,Pennsylvania,19101,US,39.9783898,-75.1728815,preferred,3980.87,2026-05-13T10:00:44Z
391,linda.brown391@synthetic-shipper.example,Linda,Brown,San Antonio,Texas,78201,US,29.4720448,-98.4897084,vip,19201.03,2026-05-13T10:00:44Z
392,william.jones392@synthetic-shipper.example,William,Jones,San Diego,California,92101,US,32.7189306,-117.1968841,new,24.66,2026-05-13T10:00:44Z
393,elizabeth.jones393@synthetic-shipper.example,Elizabeth,Jones,Dallas,Texas,75201,US,32.7833717,-96.8465119,standard,1395.19,2026-05-13T10:00:44Z
394,david.garcia394@synthetic-shipper.example,David,Garcia,San Jose,California,95101,US,37.3031133,-121.8708243,standard,1040.63,2026-05-13T10:00:44Z
395,barbara.garcia395@synthetic-shipper.example,Barbara,Garcia,Austin,Texas,73301,US,30.2867579,-97.7445934,standard,794.19,2026-05-13T10:00:44Z
396,richard.miller396@synthetic-shipper.example,Richard,Miller,Jacksonville,Florida,32099,US,30.3228292,-81.6715765,preferred,3042.86,2026-05-13T10:00:44Z
397,susan.miller397@synthetic-shipper.example,Susan,Miller,Fort Worth,Texas,76101,US,32.770963,-97.3712496,preferred,1227.09,2026-05-13T10:00:44Z
398,joseph.davis398@synthetic-shipper.example,Joseph,Davis,Columbus,Ohio,43085,US,39.9609946,-82.9724193,vip,18370.04,2026-05-13T10:00:44Z
399,jessica.davis399@synthetic-shipper.example,Jessica,Davis,Charlotte,North Carolina,28201,US,35.2382617,-80.8509685,new,55.79,2026-05-13T10:00:44Z
400,thomas.rodriguez400@synthetic-shipper.example,Thomas,Rodriguez,Indianapolis,Indiana,46201,US,39.8054005,-86.1201017,standard,1458.29,2026-05-13T10:00:44Z
401,sarah.rodriguez401@synthetic-shipper.example,Sarah,Rodriguez,San Francisco,California,94101,US,37.7676744,-122.3853218,standard,1139.58,2026-05-13T10:00:44Z
402,christopher.martinez402@synthetic-shipper.example,Christopher,Martinez,Seattle,Washington,98101,US,47.6218923,-122.3245978,standard,1100.37,2026-05-13T10:00:44Z
403,karen.martinez403@synthetic-shipper.example,Karen,Martinez,Denver,Colorado,80201,US,39.7152365,-104.9625306,preferred,6228.65,2026-05-13T10:00:44Z
404,charles.hernandez404@synthetic-shipper.example,Charles,Hernandez,Nashville,Tennessee,37201,US,36.1732235,-86.790441,preferred,3308.42,2026-05-13T10:00:44Z
405,lisa.hernandez405@synthetic-shipper.example,Lisa,Hernandez,Portland,Oregon,97201,US,45.4736275,-122.641601,vip,20518.64,2026-05-13T10:00:44Z
406,daniel.lopez406@synthetic-shipper.example,Daniel,Lopez,Las Vegas,Nevada,89101,US,36.133923,-115.1527157,new,33.98,2026-05-13T10:00:44Z
407,nancy.lopez407@synthetic-shipper.example,Nancy,Lopez,Miami,Florida,33101,US,25.7740283,-80.221402,standard,1693.65,2026-05-13T10:00:44Z
408,matthew.gonzalez408@synthetic-shipper.example,Matthew,Gonzalez,Atlanta,Georgia,30301,US,33.771295,-84.4124156,standard,1198.83,2026-05-13T10:00:44Z
409,betty.gonzalez409@synthetic-shipper.example,Betty,Gonzalez,Boston,Massachusetts,02101,US,42.3695508,-71.0497935,standard,455.29,2026-05-13T10:00:44Z
410,anthony.wilson410@synthetic-shipper.example,Anthony,Wilson,Minneapolis,Minnesota,55401,US,45.0116175,-93.2747689,preferred,7721.62,2026-05-13T10:00:44Z
411,margaret.wilson411@synthetic-shipper.example,Margaret,Wilson,Salt Lake City,Utah,84101,US,40.7336827,-111.8415539,preferred,1154.99,2026-05-13T10:00:44Z
412,mark.anderson412@synthetic-shipper.example,Mark,Anderson,Detroit,Michigan,48201,US,42.2835578,-83.0151944,vip,43054.84,2026-05-13T10:00:44Z
413,sandra.anderson413@synthetic-shipper.example,Sandra,Anderson,Tampa,Florida,33601,US,27.9118313,-82.4116056,new,45.96,2026-05-13T10:00:44Z
414,donald.thomas414@synthetic-shipper.example,Donald,Thomas,Brooklyn,New York,11201,US,40.6903612,-73.9930473,standard,599.24,2026-05-13T10:00:44Z
415,ashley.thomas415@synthetic-shipper.example,Ashley,Thomas,Raleigh,North Carolina,27601,US,35.76733,-78.6143095,standard,1530.37,2026-05-13T10:00:44Z
416,steven.taylor416@synthetic-shipper.example,Steven,Taylor,Scottsdale,Arizona,85251,US,33.4909031,-111.9122824,standard,1930.64,2026-05-13T10:00:44Z
417,kimberly.taylor417@synthetic-shipper.example,Kimberly,Taylor,Honolulu,Hawaii,96801,US,21.2686694,-157.88481,preferred,1942.55,2026-05-13T10:00:44Z
418,andrew.moore418@synthetic-shipper.example,Andrew,Moore,Boulder,Colorado,80301,US,39.9943219,-105.2612044,preferred,5377.06,2026-05-13T10:00:44Z
419,emily.moore419@synthetic-shipper.example,Emily,Moore,Savannah,Georgia,31401,US,32.1043141,-81.1389748,vip,11112.19,2026-05-13T10:00:44Z
420,paul.jackson420@synthetic-shipper.example,Paul,Jackson,New York,New York,10001,US,40.7114739,-74.0064902,new,86.37,2026-05-13T10:00:44Z
421,donna.jackson421@synthetic-shipper.example,Donna,Jackson,Los Angeles,California,90001,US,34.0791092,-118.2447808,standard,1956.93,2026-05-13T10:00:44Z
422,joshua.martin422@synthetic-shipper.example,Joshua,Martin,Chicago,Illinois,60601,US,41.8456438,-87.6171187,standard,1567.09,2026-05-13T10:00:44Z
423,michelle.martin423@synthetic-shipper.example,Michelle,Martin,Houston,Texas,77001,US,29.7678638,-95.4001413,standard,513.53,2026-05-13T10:00:44Z
424,kenneth.lee424@synthetic-shipper.example,Kenneth,Lee,Phoenix,Arizona,85001,US,33.4416678,-112.0478158,preferred,6767.54,2026-05-13T10:00:44Z
425,carol.lee425@synthetic-shipper.example,Carol,Lee,Philadelphia,Pennsylvania,19101,US,39.961759,-75.2151417,preferred,3676.59,2026-05-13T10:00:44Z
426,kevin.perez426@synthetic-shipper.example,Kevin,Perez,San Antonio,Texas,78201,US,29.4282825,-98.5246019,vip,47429.81,2026-05-13T10:00:44Z
427,amanda.perez427@synthetic-shipper.example,Amanda,Perez,San Diego,California,92101,US,32.6978643,-117.1398797,new,178.8,2026-05-13T10:00:44Z
428,brian.thompson428@synthetic-shipper.example,Brian,Thompson,Dallas,Texas,75201,US,32.7852526,-96.8338607,standard,1669.33,2026-05-13T10:00:44Z
429,dorothy.thompson429@synthetic-shipper.example,Dorothy,Thompson,San Jose,California,95101,US,37.3039969,-121.8400032,standard,1991.01,2026-05-13T10:00:44Z
430,george.white430@synthetic-shipper.example,George,White,Austin,Texas,73301,US,30.244951,-97.7422683,standard,131.75,2026-05-13T10:00:44Z
431,melissa.white431@synthetic-shipper.example,Melissa,White,Jacksonville,Florida,32099,US,30.3029113,-81.6175596,preferred,3108.08,2026-05-13T10:00:44Z
432,timothy.harris432@synthetic-shipper.example,Timothy,Harris,Fort Worth,Texas,76101,US,32.7089914,-97.301095,preferred,4115.95,2026-05-13T10:00:44Z
433,deborah.harris433@synthetic-shipper.example,Deborah,Harris,Columbus,Ohio,43085,US,40.0082472,-82.9536062,vip,33725.29,2026-05-13T10:00:44Z
434,aiden.sanchez434@synthetic-shipper.example,Aiden,Sanchez,Charlotte,North Carolina,28201,US,35.2558428,-80.8031291,new,187.1,2026-05-13T10:00:44Z
435,sofia.sanchez435@synthetic-shipper.example,Sofia,Sanchez,Indianapolis,Indiana,46201,US,39.7701021,-86.1371716,standard,860.03,2026-05-13T10:00:44Z
436,liam.clark436@synthetic-shipper.example,Liam,Clark,San Francisco,California,94101,US,37.781718,-122.3858956,standard,547.42,2026-05-13T10:00:44Z
437,olivia.clark437@synthetic-shipper.example,Olivia,Clark,Seattle,Washington,98101,US,47.5591846,-122.3765216,standard,1587.58,2026-05-13T10:00:44Z
438,noah.ramirez438@synthetic-shipper.example,Noah,Ramirez,Denver,Colorado,80201,US,39.7149812,-105.0330735,preferred,6141.18,2026-05-13T10:00:44Z
439,emma.ramirez439@synthetic-shipper.example,Emma,Ramirez,Nashville,Tennessee,37201,US,36.20996,-86.738894,preferred,5385.44,2026-05-13T10:00:44Z
440,ethan.lewis440@synthetic-shipper.example,Ethan,Lewis,Portland,Oregon,97201,US,45.5440868,-122.6831052,vip,25347.2,2026-05-13T10:00:44Z
441,ava.lewis441@synthetic-shipper.example,Ava,Lewis,Las Vegas,Nevada,89101,US,36.1717801,-115.1116249,new,27.03,2026-05-13T10:00:44Z
442,mason.robinson442@synthetic-shipper.example,Mason,Robinson,Miami,Florida,33101,US,25.738607,-80.1950408,standard,248.18,2026-05-13T10:00:44Z
443,isabella.robinson443@synthetic-shipper.example,Isabella,Robinson,Atlanta,Georgia,30301,US,33.701071,-84.3817937,standard,1161.89,2026-05-13T10:00:44Z
444,lucas.walker444@synthetic-shipper.example,Lucas,Walker,Boston,Massachusetts,02101,US,42.3979377,-71.0759747,standard,1909.79,2026-05-13T10:00:44Z
445,mia.walker445@synthetic-shipper.example,Mia,Walker,Minneapolis,Minnesota,55401,US,44.9572037,-93.2311336,preferred,1627.83,2026-05-13T10:00:44Z
446,logan.young446@synthetic-shipper.example,Logan,Young,Salt Lake City,Utah,84101,US,40.7169448,-111.9256294,preferred,3950.41,2026-05-13T10:00:44Z
447,charlotte.young447@synthetic-shipper.example,Charlotte,Young,Detroit,Michigan,48201,US,42.3592204,-83.0770186,vip,48489.68,2026-05-13T10:00:44Z
448,jackson.allen448@synthetic-shipper.example,Jackson,Allen,Tampa,Florida,33601,US,27.9757168,-82.4536678,new,3.75,2026-05-13T10:00:44Z
449,amelia.allen449@synthetic-shipper.example,Amelia,Allen,Brooklyn,New York,11201,US,40.7209646,-73.9762287,standard,1203.11,2026-05-13T10:00:44Z
450,sebastian.king450@synthetic-shipper.example,Sebastian,King,Raleigh,North Carolina,27601,US,35.8193296,-78.6058218,standard,1636.08,2026-05-13T10:00:44Z
451,harper.king451@synthetic-shipper.example,Harper,King,Scottsdale,Arizona,85251,US,33.5215469,-111.9271726,standard,575,2026-05-13T10:00:44Z
452,mateo.wright452@synthetic-shipper.example,Mateo,Wright,Honolulu,Hawaii,96801,US,21.2582483,-157.9026502,preferred,6135.82,2026-05-13T10:00:44Z
453,evelyn.wright453@synthetic-shipper.example,Evelyn,Wright,Boulder,Colorado,80301,US,40.0608909,-105.2667269,preferred,3571.11,2026-05-13T10:00:44Z
454,henry.scott454@synthetic-shipper.example,Henry,Scott,Savannah,Georgia,31401,US,32.0497003,-81.0965444,vip,17210.61,2026-05-13T10:00:44Z
455,luna.scott455@synthetic-shipper.example,Luna,Scott,New York,New York,10001,US,40.7500628,-74.0236117,new,32.86,2026-05-13T10:00:44Z
456,owen.torres456@synthetic-shipper.example,Owen,Torres,Los Angeles,California,90001,US,34.0177942,-118.261774,standard,1799.45,2026-05-13T10:00:44Z
457,camila.torres457@synthetic-shipper.example,Camila,Torres,Chicago,Illinois,60601,US,41.8873929,-87.6047196,standard,529.35,2026-05-13T10:00:44Z
458,wyatt.nguyen458@synthetic-shipper.example,Wyatt,Nguyen,Houston,Texas,77001,US,29.7574912,-95.3657965,standard,318.26,2026-05-13T10:00:44Z
459,aria.nguyen459@synthetic-shipper.example,Aria,Nguyen,Phoenix,Arizona,85001,US,33.4699712,-112.0793553,preferred,7917.89,2026-05-13T10:00:44Z
460,jack.hill460@synthetic-shipper.example,Jack,Hill,Philadelphia,Pennsylvania,19101,US,39.9912455,-75.1985633,preferred,7730.25,2026-05-13T10:00:44Z
461,scarlett.hill461@synthetic-shipper.example,Scarlett,Hill,San Antonio,Texas,78201,US,29.454989,-98.464182,vip,18111.83,2026-05-13T10:00:44Z
462,leo.flores462@synthetic-shipper.example,Leo,Flores,San Diego,California,92101,US,32.7343209,-117.121914,new,10.27,2026-05-13T10:00:44Z
463,penelope.flores463@synthetic-shipper.example,Penelope,Flores,Dallas,Texas,75201,US,32.7723992,-96.8217054,standard,832.93,2026-05-13T10:00:44Z
464,asher.green464@synthetic-shipper.example,Asher,Green,San Jose,California,95101,US,37.3574834,-121.9113549,standard,815.15,2026-05-13T10:00:44Z
465,layla.green465@synthetic-shipper.example,Layla,Green,Austin,Texas,73301,US,30.2302735,-97.7280168,standard,1240.5,2026-05-13T10:00:44Z
466,ezra.adams466@synthetic-shipper.example,Ezra,Adams,Jacksonville,Florida,32099,US,30.37352,-81.6149891,preferred,4581.88,2026-05-13T10:00:44Z
467,chloe.adams467@synthetic-shipper.example,Chloe,Adams,Fort Worth,Texas,76101,US,32.7861554,-97.3287426,preferred,6982.07,2026-05-13T10:00:44Z
468,benjamin.nelson468@synthetic-shipper.example,Benjamin,Nelson,Columbus,Ohio,43085,US,40.0035339,-83.0119792,vip,46873.29,2026-05-13T10:00:44Z
469,riley.nelson469@synthetic-shipper.example,Riley,Nelson,Charlotte,North Carolina,28201,US,35.2009268,-80.8441818,new,72.76,2026-05-13T10:00:44Z
470,caleb.baker470@synthetic-shipper.example,Caleb,Baker,Indianapolis,Indiana,46201,US,39.7879153,-86.1181061,standard,1877.87,2026-05-13T10:00:44Z
471,zoey.baker471@synthetic-shipper.example,Zoey,Baker,San Francisco,California,94101,US,37.7907675,-122.3926201,standard,523.44,2026-05-13T10:00:44Z
472,samuel.hall472@synthetic-shipper.example,Samuel,Hall,Seattle,Washington,98101,US,47.5884683,-122.2946787,standard,730.63,2026-05-13T10:00:44Z
473,nora.hall473@synthetic-shipper.example,Nora,Hall,Denver,Colorado,80201,US,39.7442049,-105.0073381,preferred,3368.91,2026-05-13T10:00:44Z
474,dylan.rivera474@synthetic-shipper.example,Dylan,Rivera,Nashville,Tennessee,37201,US,36.1397843,-86.7467225,preferred,5037.8,2026-05-13T10:00:44Z
475,lily.rivera475@synthetic-shipper.example,Lily,Rivera,Portland,Oregon,97201,US,45.5478233,-122.6560337,vip,30591.99,2026-05-13T10:00:44Z
476,gabriel.campbell476@synthetic-shipper.example,Gabriel,Campbell,Las Vegas,Nevada,89101,US,36.1825572,-115.1513888,new,80.33,2026-05-13T10:00:44Z
477,eleanor.campbell477@synthetic-shipper.example,Eleanor,Campbell,Miami,Florida,33101,US,25.7959851,-80.1895734,standard,949.57,2026-05-13T10:00:44Z
478,elijah.mitchell478@synthetic-shipper.example,Elijah,Mitchell,Atlanta,Georgia,30301,US,33.7881982,-84.3570206,standard,1937.34,2026-05-13T10:00:44Z
479,hannah.mitchell479@synthetic-shipper.example,Hannah,Mitchell,Boston,Massachusetts,02101,US,42.3756191,-71.1041843,standard,1115.69,2026-05-13T10:00:44Z
480,james.carter480@synthetic-shipper.example,James,Carter,Minneapolis,Minnesota,55401,US,45.0265056,-93.2768638,preferred,2983.53,2026-05-13T10:00:44Z
481,mary.carter481@synthetic-shipper.example,Mary,Carter,Salt Lake City,Utah,84101,US,40.7716617,-111.9294333,preferred,6542.59,2026-05-13T10:00:44Z
482,john.roberts482@synthetic-shipper.example,John,Roberts,Detroit,Michigan,48201,US,42.3522306,-83.0942483,vip,5933.53,2026-05-13T10:00:44Z
483,patricia.roberts483@synthetic-shipper.example,Patricia,Roberts,Tampa,Florida,33601,US,27.9944678,-82.4391217,new,24.73,2026-05-13T10:00:44Z
484,robert.gomez484@synthetic-shipper.example,Robert,Gomez,Brooklyn,New York,11201,US,40.6370526,-73.9757956,standard,1962.86,2026-05-13T10:00:44Z
485,jennifer.gomez485@synthetic-shipper.example,Jennifer,Gomez,Raleigh,North Carolina,27601,US,35.7719292,-78.6249214,standard,1536.18,2026-05-13T10:00:44Z
486,michael.phillips486@synthetic-shipper.example,Michael,Phillips,Scottsdale,Arizona,85251,US,33.4774153,-111.921109,standard,564.05,2026-05-13T10:00:44Z
487,linda.phillips487@synthetic-shipper.example,Linda,Phillips,Honolulu,Hawaii,96801,US,21.3379962,-157.9001882,preferred,6266.24,2026-05-13T10:00:44Z
488,william.evans488@synthetic-shipper.example,William,Evans,Boulder,Colorado,80301,US,40.0552741,-105.2617866,preferred,1080.13,2026-05-13T10:00:44Z
489,elizabeth.evans489@synthetic-shipper.example,Elizabeth,Evans,Savannah,Georgia,31401,US,32.106644,-81.1098133,vip,36937.96,2026-05-13T10:00:44Z
490,david.turner490@synthetic-shipper.example,David,Turner,New York,New York,10001,US,40.7243272,-74.0250261,new,162.99,2026-05-13T10:00:44Z
491,barbara.turner491@synthetic-shipper.example,Barbara,Turner,Los Angeles,California,90001,US,34.0152214,-118.2778335,standard,585.59,2026-05-13T10:00:44Z
492,richard.diaz492@synthetic-shipper.example,Richard,Diaz,Chicago,Illinois,60601,US,41.8878574,-87.5818851,standard,946.04,2026-05-13T10:00:44Z
493,susan.diaz493@synthetic-shipper.example,Susan,Diaz,Houston,Texas,77001,US,29.7796375,-95.3433089,standard,1742.15,2026-05-13T10:00:44Z
494,joseph.parker494@synthetic-shipper.example,Joseph,Parker,Phoenix,Arizona,85001,US,33.4366087,-112.0524903,preferred,3831.13,2026-05-13T10:00:44Z
495,jessica.parker495@synthetic-shipper.example,Jessica,Parker,Philadelphia,Pennsylvania,19101,US,39.9229029,-75.1885857,preferred,4977.09,2026-05-13T10:00:44Z
496,thomas.cruz496@synthetic-shipper.example,Thomas,Cruz,San Antonio,Texas,78201,US,29.3952259,-98.5211865,vip,11977.34,2026-05-13T10:00:44Z
497,sarah.cruz497@synthetic-shipper.example,Sarah,Cruz,San Diego,California,92101,US,32.6943895,-117.1644847,new,71.94,2026-05-13T10:00:44Z
498,christopher.edwards498@synthetic-shipper.example,Christopher,Edwards,Dallas,Texas,75201,US,32.7561808,-96.7580202,standard,343.72,2026-05-13T10:00:44Z
499,karen.edwards499@synthetic-shipper.example,Karen,Edwards,San Jose,California,95101,US,37.3383531,-121.8996943,standard,1940.14,2026-05-13T10:00:44Z
500,charles.collins500@synthetic-shipper.example,Charles,Collins,Austin,Texas,73301,US,30.3007702,-97.7607422,standard,916.11,2026-05-13T10:00:44Z
501,lisa.collins501@synthetic-shipper.example,Lisa,Collins,Jacksonville,Florida,32099,US,30.3201239,-81.6988108,preferred,3276.79,2026-05-13T10:00:44Z
502,daniel.reyes502@synthetic-shipper.example,Daniel,Reyes,Fort Worth,Texas,76101,US,32.7480737,-97.31219,preferred,6876.14,2026-05-13T10:00:44Z
503,nancy.reyes503@synthetic-shipper.example,Nancy,Reyes,Columbus,Ohio,43085,US,39.9732177,-83.0372333,vip,12343.69,2026-05-13T10:00:44Z
504,matthew.stewart504@synthetic-shipper.example,Matthew,Stewart,Charlotte,North Carolina,28201,US,35.2419685,-80.821676,new,79.54,2026-05-13T10:00:44Z
505,betty.stewart505@synthetic-shipper.example,Betty,Stewart,Indianapolis,Indiana,46201,US,39.7504476,-86.2067009,standard,603.51,2026-05-13T10:00:44Z
506,anthony.morris506@synthetic-shipper.example,Anthony,Morris,San Francisco,California,94101,US,37.7415499,-122.4579999,standard,759.8,2026-05-13T10:00:44Z
507,margaret.morris507@synthetic-shipper.example,Margaret,Morris,Seattle,Washington,98101,US,47.5631437,-122.3776665,standard,1641.41,2026-05-13T10:00:44Z
508,mark.morales508@synthetic-shipper.example,Mark,Morales,Denver,Colorado,80201,US,39.7835232,-104.949292,preferred,6460.14,2026-05-13T10:00:44Z
509,sandra.morales509@synthetic-shipper.example,Sandra,Morales,Nashville,Tennessee,37201,US,36.1351071,-86.7684255,preferred,2396.76,2026-05-13T10:00:44Z
510,donald.murphy510@synthetic-shipper.example,Donald,Murphy,Portland,Oregon,97201,US,45.552682,-122.6850725,vip,28612.48,2026-05-13T10:00:44Z
511,ashley.murphy511@synthetic-shipper.example,Ashley,Murphy,Las Vegas,Nevada,89101,US,36.1388548,-115.1826386,new,60.55,2026-05-13T10:00:44Z
512,steven.cook512@synthetic-shipper.example,Steven,Cook,Miami,Florida,33101,US,25.7360895,-80.1610176,standard,1684.23,2026-05-13T10:00:44Z
513,kimberly.cook513@synthetic-shipper.example,Kimberly,Cook,Atlanta,Georgia,30301,US,33.7721349,-84.3556794,standard,862.27,2026-05-13T10:00:44Z
514,andrew.rogers514@synthetic-shipper.example,Andrew,Rogers,Boston,Massachusetts,02101,US,42.3653749,-71.0229056,standard,825.44,2026-05-13T10:00:44Z
515,emily.rogers515@synthetic-shipper.example,Emily,Rogers,Minneapolis,Minnesota,55401,US,44.9902712,-93.2542628,preferred,7568.63,2026-05-13T10:00:44Z
516,paul.gutierrez516@synthetic-shipper.example,Paul,Gutierrez,Salt Lake City,Utah,84101,US,40.7583537,-111.8948692,preferred,4361.01,2026-05-13T10:00:44Z
517,donna.gutierrez517@synthetic-shipper.example,Donna,Gutierrez,Detroit,Michigan,48201,US,42.3593765,-83.0387032,vip,5170.92,2026-05-13T10:00:44Z
518,joshua.ortiz518@synthetic-shipper.example,Joshua,Ortiz,Tampa,Florida,33601,US,27.9215554,-82.4293066,new,82.08,2026-05-13T10:00:44Z
519,michelle.ortiz519@synthetic-shipper.example,Michelle,Ortiz,Brooklyn,New York,11201,US,40.6806793,-73.933869,standard,543.95,2026-05-13T10:00:44Z
520,kenneth.morgan520@synthetic-shipper.example,Kenneth,Morgan,Raleigh,North Carolina,27601,US,35.7660171,-78.6581443,standard,1431.21,2026-05-13T10:00:44Z
521,carol.morgan521@synthetic-shipper.example,Carol,Morgan,Scottsdale,Arizona,85251,US,33.490792,-111.8951276,standard,326.81,2026-05-13T10:00:44Z
522,kevin.cooper522@synthetic-shipper.example,Kevin,Cooper,Honolulu,Hawaii,96801,US,21.28005,-157.819042,preferred,2310.97,2026-05-13T10:00:44Z
523,amanda.cooper523@synthetic-shipper.example,Amanda,Cooper,Boulder,Colorado,80301,US,40.0316205,-105.3153175,preferred,4654.45,2026-05-13T10:00:44Z
524,brian.peterson524@synthetic-shipper.example,Brian,Peterson,Savannah,Georgia,31401,US,32.1038071,-81.0692751,vip,42673.88,2026-05-13T10:00:44Z
525,dorothy.peterson525@synthetic-shipper.example,Dorothy,Peterson,New York,New York,10001,US,40.7377644,-73.9865852,new,194.79,2026-05-13T10:00:44Z
526,george.bailey526@synthetic-shipper.example,George,Bailey,Los Angeles,California,90001,US,34.0282165,-118.2518231,standard,1338.24,2026-05-13T10:00:44Z
527,melissa.bailey527@synthetic-shipper.example,Melissa,Bailey,Chicago,Illinois,60601,US,41.8484335,-87.6794164,standard,805.64,2026-05-13T10:00:44Z
528,timothy.reed528@synthetic-shipper.example,Timothy,Reed,Houston,Texas,77001,US,29.8039114,-95.4113626,standard,485.15,2026-05-13T10:00:44Z
529,deborah.reed529@synthetic-shipper.example,Deborah,Reed,Phoenix,Arizona,85001,US,33.4520385,-112.052566,preferred,2485.46,2026-05-13T10:00:44Z
530,aiden.kelly530@synthetic-shipper.example,Aiden,Kelly,Philadelphia,Pennsylvania,19101,US,39.9560441,-75.1543934,preferred,5724.46,2026-05-13T10:00:44Z
531,sofia.kelly531@synthetic-shipper.example,Sofia,Kelly,San Antonio,Texas,78201,US,29.4261572,-98.5238731,vip,9877.16,2026-05-13T10:00:44Z
532,liam.howard532@synthetic-shipper.example,Liam,Howard,San Diego,California,92101,US,32.7226091,-117.132675,new,126.59,2026-05-13T10:00:44Z
533,olivia.howard533@synthetic-shipper.example,Olivia,Howard,Dallas,Texas,75201,US,32.7727439,-96.8179084,standard,1529.8,2026-05-13T10:00:44Z
534,noah.ramos534@synthetic-shipper.example,Noah,Ramos,San Jose,California,95101,US,37.3199342,-121.9158392,standard,1352.47,2026-05-13T10:00:44Z
535,emma.ramos535@synthetic-shipper.example,Emma,Ramos,Austin,Texas,73301,US,30.3149742,-97.740159,standard,443.06,2026-05-13T10:00:44Z
536,ethan.kim536@synthetic-shipper.example,Ethan,Kim,Jacksonville,Florida,32099,US,30.2884098,-81.6587282,preferred,2855.81,2026-05-13T10:00:44Z
537,ava.kim537@synthetic-shipper.example,Ava,Kim,Fort Worth,Texas,76101,US,32.7660046,-97.3079872,preferred,2383.92,2026-05-13T10:00:44Z
538,mason.cox538@synthetic-shipper.example,Mason,Cox,Columbus,Ohio,43085,US,40.0015351,-83.0188716,vip,32321.58,2026-05-13T10:00:44Z
539,isabella.cox539@synthetic-shipper.example,Isabella,Cox,Charlotte,North Carolina,28201,US,35.2102584,-80.8928696,new,76.99,2026-05-13T10:00:44Z
540,lucas.ward540@synthetic-shipper.example,Lucas,Ward,Indianapolis,Indiana,46201,US,39.8046204,-86.1315059,standard,1095.72,2026-05-13T10:00:44Z
541,mia.ward541@synthetic-shipper.example,Mia,Ward,San Francisco,California,94101,US,37.7879445,-122.4507223,standard,1051.23,2026-05-13T10:00:44Z
542,logan.richardson542@synthetic-shipper.example,Logan,Richardson,Seattle,Washington,98101,US,47.6032128,-122.3522838,standard,573.28,2026-05-13T10:00:44Z
543,charlotte.richardson543@synthetic-shipper.example,Charlotte,Richardson,Denver,Colorado,80201,US,39.7618468,-105.0192917,preferred,4524.49,2026-05-13T10:00:44Z
544,jackson.watson544@synthetic-shipper.example,Jackson,Watson,Nashville,Tennessee,37201,US,36.1437904,-86.7738493,preferred,7895.45,2026-05-13T10:00:44Z
545,amelia.watson545@synthetic-shipper.example,Amelia,Watson,Portland,Oregon,97201,US,45.5203944,-122.7102923,vip,33051.98,2026-05-13T10:00:44Z
546,sebastian.brooks546@synthetic-shipper.example,Sebastian,Brooks,Las Vegas,Nevada,89101,US,36.1666829,-115.0900788,new,106.65,2026-05-13T10:00:44Z
547,harper.brooks547@synthetic-shipper.example,Harper,Brooks,Miami,Florida,33101,US,25.7526911,-80.227657,standard,1152.77,2026-05-13T10:00:44Z
548,mateo.chavez548@synthetic-shipper.example,Mateo,Chavez,Atlanta,Georgia,30301,US,33.727207,-84.3942208,standard,940.69,2026-05-13T10:00:44Z
549,evelyn.chavez549@synthetic-shipper.example,Evelyn,Chavez,Boston,Massachusetts,02101,US,42.3594312,-71.0236844,standard,1823.96,2026-05-13T10:00:44Z
550,henry.wood550@synthetic-shipper.example,Henry,Wood,Minneapolis,Minnesota,55401,US,44.9434995,-93.2718705,preferred,2397.01,2026-05-13T10:00:44Z
551,luna.wood551@synthetic-shipper.example,Luna,Wood,Salt Lake City,Utah,84101,US,40.736117,-111.9319115,preferred,4851.34,2026-05-13T10:00:44Z
552,owen.james552@synthetic-shipper.example,Owen,James,Detroit,Michigan,48201,US,42.3722291,-83.017053,vip,26496.2,2026-05-13T10:00:44Z
553,camila.james553@synthetic-shipper.example,Camila,James,Tampa,Florida,33601,US,27.9690055,-82.436779,new,100.55,2026-05-13T10:00:44Z
554,wyatt.bennett554@synthetic-shipper.example,Wyatt,Bennett,Brooklyn,New York,11201,US,40.653218,-73.9568998,standard,1505.04,2026-05-13T10:00:44Z
555,aria.bennett555@synthetic-shipper.example,Aria,Bennett,Raleigh,North Carolina,27601,US,35.811708,-78.672501,standard,189.73,2026-05-13T10:00:44Z
556,jack.gray556@synthetic-shipper.example,Jack,Gray,Scottsdale,Arizona,85251,US,33.4582392,-111.938982,standard,1827.49,2026-05-13T10:00:44Z
557,scarlett.gray557@synthetic-shipper.example,Scarlett,Gray,Honolulu,Hawaii,96801,US,21.3508023,-157.8341504,preferred,3075.47,2026-05-13T10:00:44Z
558,leo.mendoza558@synthetic-shipper.example,Leo,Mendoza,Boulder,Colorado,80301,US,40.0616533,-105.3060726,preferred,2006.14,2026-05-13T10:00:44Z
559,penelope.mendoza559@synthetic-shipper.example,Penelope,Mendoza,Savannah,Georgia,31401,US,32.0716996,-81.1288242,vip,14167.98,2026-05-13T10:00:44Z
560,asher.ruiz560@synthetic-shipper.example,Asher,Ruiz,New York,New York,10001,US,40.7076668,-73.9932877,new,7.79,2026-05-13T10:00:44Z
561,layla.ruiz561@synthetic-shipper.example,Layla,Ruiz,Los Angeles,California,90001,US,34.007569,-118.1957362,standard,1485.97,2026-05-13T10:00:44Z
562,ezra.hughes562@synthetic-shipper.example,Ezra,Hughes,Chicago,Illinois,60601,US,41.8743758,-87.6578805,standard,671.84,2026-05-13T10:00:44Z
563,chloe.hughes563@synthetic-shipper.example,Chloe,Hughes,Houston,Texas,77001,US,29.7230148,-95.3962001,standard,793.46,2026-05-13T10:00:44Z
564,benjamin.price564@synthetic-shipper.example,Benjamin,Price,Phoenix,Arizona,85001,US,33.4256739,-112.0521991,preferred,7197.02,2026-05-13T10:00:44Z
565,riley.price565@synthetic-shipper.example,Riley,Price,Philadelphia,Pennsylvania,19101,US,39.9627317,-75.1921009,preferred,3591.5,2026-05-13T10:00:44Z
566,caleb.alvarez566@synthetic-shipper.example,Caleb,Alvarez,San Antonio,Texas,78201,US,29.4092673,-98.5013538,vip,18428.93,2026-05-13T10:00:44Z
567,zoey.alvarez567@synthetic-shipper.example,Zoey,Alvarez,San Diego,California,92101,US,32.6860846,-117.1678665,new,161.79,2026-05-13T10:00:44Z
568,samuel.castillo568@synthetic-shipper.example,Samuel,Castillo,Dallas,Texas,75201,US,32.7610308,-96.8346472,standard,1227.94,2026-05-13T10:00:44Z
569,nora.castillo569@synthetic-shipper.example,Nora,Castillo,San Jose,California,95101,US,37.3635924,-121.8701834,standard,1193.58,2026-05-13T10:00:44Z
570,dylan.sanders570@synthetic-shipper.example,Dylan,Sanders,Austin,Texas,73301,US,30.2688627,-97.7574041,standard,507.82,2026-05-13T10:00:44Z
571,lily.sanders571@synthetic-shipper.example,Lily,Sanders,Jacksonville,Florida,32099,US,30.3054228,-81.6319256,preferred,3902.15,2026-05-13T10:00:44Z
572,gabriel.patel572@synthetic-shipper.example,Gabriel,Patel,Fort Worth,Texas,76101,US,32.7095461,-97.3095062,preferred,5786.94,2026-05-13T10:00:44Z
573,eleanor.patel573@synthetic-shipper.example,Eleanor,Patel,Columbus,Ohio,43085,US,39.9524201,-82.9540772,vip,31648.88,2026-05-13T10:00:44Z
574,elijah.myers574@synthetic-shipper.example,Elijah,Myers,Charlotte,North Carolina,28201,US,35.2565493,-80.8517868,new,78.6,2026-05-13T10:00:44Z
575,hannah.myers575@synthetic-shipper.example,Hannah,Myers,Indianapolis,Indiana,46201,US,39.785071,-86.154066,standard,269.46,2026-05-13T10:00:44Z
576,james.smith576@synthetic-shipper.example,James,Smith,San Francisco,California,94101,US,37.7691156,-122.4375794,standard,1947.73,2026-05-13T10:00:44Z
577,mary.smith577@synthetic-shipper.example,Mary,Smith,Seattle,Washington,98101,US,47.5574704,-122.3209158,standard,1176.8,2026-05-13T10:00:44Z
578,john.johnson578@synthetic-shipper.example,John,Johnson,Denver,Colorado,80201,US,39.7524585,-104.9611024,preferred,4892.65,2026-05-13T10:00:44Z
579,patricia.johnson579@synthetic-shipper.example,Patricia,Johnson,Nashville,Tennessee,37201,US,36.1432026,-86.7508387,preferred,6254.55,2026-05-13T10:00:44Z
580,robert.williams580@synthetic-shipper.example,Robert,Williams,Portland,Oregon,97201,US,45.516761,-122.6304616,vip,33836.16,2026-05-13T10:00:44Z
581,jennifer.williams581@synthetic-shipper.example,Jennifer,Williams,Las Vegas,Nevada,89101,US,36.1978569,-115.1539624,new,115.23,2026-05-13T10:00:44Z
582,michael.brown582@synthetic-shipper.example,Michael,Brown,Miami,Florida,33101,US,25.7686136,-80.21048,standard,1950.11,2026-05-13T10:00:44Z
583,linda.brown583@synthetic-shipper.example,Linda,Brown,Atlanta,Georgia,30301,US,33.7952412,-84.4366482,standard,918.8,2026-05-13T10:00:44Z
584,william.jones584@synthetic-shipper.example,William,Jones,Boston,Massachusetts,02101,US,42.379241,-71.0942834,standard,438.62,2026-05-13T10:00:44Z
585,elizabeth.jones585@synthetic-shipper.example,Elizabeth,Jones,Minneapolis,Minnesota,55401,US,45.017616,-93.2279444,preferred,6849.15,2026-05-13T10:00:44Z
586,david.garcia586@synthetic-shipper.example,David,Garcia,Salt Lake City,Utah,84101,US,40.7674139,-111.8624536,preferred,7808.72,2026-05-13T10:00:44Z
587,barbara.garcia587@synthetic-shipper.example,Barbara,Garcia,Detroit,Michigan,48201,US,42.2956305,-83.0191372,vip,24878.01,2026-05-13T10:00:44Z
588,richard.miller588@synthetic-shipper.example,Richard,Miller,Tampa,Florida,33601,US,27.9776735,-82.4922788,new,54.6,2026-05-13T10:00:44Z
589,susan.miller589@synthetic-shipper.example,Susan,Miller,Brooklyn,New York,11201,US,40.6447243,-73.9404746,standard,382.98,2026-05-13T10:00:44Z
590,joseph.davis590@synthetic-shipper.example,Joseph,Davis,Raleigh,North Carolina,27601,US,35.7620652,-78.6325929,standard,1136.18,2026-05-13T10:00:44Z
591,jessica.davis591@synthetic-shipper.example,Jessica,Davis,Scottsdale,Arizona,85251,US,33.4610351,-111.956923,standard,1415.41,2026-05-13T10:00:44Z
592,thomas.rodriguez592@synthetic-shipper.example,Thomas,Rodriguez,Honolulu,Hawaii,96801,US,21.2935733,-157.8719371,preferred,3139.22,2026-05-13T10:00:44Z
593,sarah.rodriguez593@synthetic-shipper.example,Sarah,Rodriguez,Boulder,Colorado,80301,US,40.0170136,-105.2575878,preferred,6084.32,2026-05-13T10:00:44Z
594,christopher.martinez594@synthetic-shipper.example,Christopher,Martinez,Savannah,Georgia,31401,US,32.0459706,-81.1278434,vip,29923.59,2026-05-13T10:00:44Z
595,karen.martinez595@synthetic-shipper.example,Karen,Martinez,New York,New York,10001,US,40.7030329,-73.9649136,new,92.87,2026-05-13T10:00:44Z
596,charles.hernandez596@synthetic-shipper.example,Charles,Hernandez,Los Angeles,California,90001,US,34.0550767,-118.2738276,standard,1016.56,2026-05-13T10:00:44Z
597,lisa.hernandez597@synthetic-shipper.example,Lisa,Hernandez,Chicago,Illinois,60601,US,41.8473384,-87.6350669,standard,1197.14,2026-05-13T10:00:44Z
598,daniel.lopez598@synthetic-shipper.example,Daniel,Lopez,Houston,Texas,77001,US,29.8017811,-95.3911655,standard,1191.06,2026-05-13T10:00:44Z
599,nancy.lopez599@synthetic-shipper.example,Nancy,Lopez,Phoenix,Arizona,85001,US,33.4709089,-112.0295188,preferred,1900.17,2026-05-13T10:00:44Z
600,matthew.gonzalez600@synthetic-shipper.example,Matthew,Gonzalez,Philadelphia,Pennsylvania,19101,US,39.9545102,-75.1258212,preferred,7269.41,2026-05-13T10:00:44Z
601,betty.gonzalez601@synthetic-shipper.example,Betty,Gonzalez,San Antonio,Texas,78201,US,29.386427,-98.5305237,vip,44117.23,2026-05-13T10:00:44Z
602,anthony.wilson602@synthetic-shipper.example,Anthony,Wilson,San Diego,California,92101,US,32.7140823,-117.2052856,new,41.06,2026-05-13T10:00:44Z
603,margaret.wilson603@synthetic-shipper.example,Margaret,Wilson,Dallas,Texas,75201,US,32.7828925,-96.8051704,standard,1068.61,2026-05-13T10:00:44Z
604,mark.anderson604@synthetic-shipper.example,Mark,Anderson,San Jose,California,95101,US,37.3408532,-121.8646155,standard,1049.39,2026-05-13T10:00:44Z
605,sandra.anderson605@synthetic-shipper.example,Sandra,Anderson,Austin,Texas,73301,US,30.3078106,-97.7386366,standard,1846.16,2026-05-13T10:00:44Z
606,donald.thomas606@synthetic-shipper.example,Donald,Thomas,Jacksonville,Florida,32099,US,30.3577406,-81.6757498,preferred,5742.44,2026-05-13T10:00:44Z
607,ashley.thomas607@synthetic-shipper.example,Ashley,Thomas,Fort Worth,Texas,76101,US,32.7781374,-97.3450373,preferred,3435.55,2026-05-13T10:00:44Z
608,steven.taylor608@synthetic-shipper.example,Steven,Taylor,Columbus,Ohio,43085,US,39.9231599,-83.0249537,vip,49306.36,2026-05-13T10:00:44Z
609,kimberly.taylor609@synthetic-shipper.example,Kimberly,Taylor,Charlotte,North Carolina,28201,US,35.2591919,-80.803756,new,168.48,2026-05-13T10:00:44Z
610,andrew.moore610@synthetic-shipper.example,Andrew,Moore,Indianapolis,Indiana,46201,US,39.7385234,-86.1195165,standard,359.51,2026-05-13T10:00:44Z
611,emily.moore611@synthetic-shipper.example,Emily,Moore,San Francisco,California,94101,US,37.7844604,-122.4050594,standard,589.09,2026-05-13T10:00:44Z
612,paul.jackson612@synthetic-shipper.example,Paul,Jackson,Seattle,Washington,98101,US,47.6321146,-122.3186472,standard,1543.78,2026-05-13T10:00:44Z
613,donna.jackson613@synthetic-shipper.example,Donna,Jackson,Denver,Colorado,80201,US,39.7866167,-104.9438745,preferred,2341.97,2026-05-13T10:00:44Z
614,joshua.martin614@synthetic-shipper.example,Joshua,Martin,Nashville,Tennessee,37201,US,36.2109076,-86.8260701,preferred,3304.12,2026-05-13T10:00:44Z
615,michelle.martin615@synthetic-shipper.example,Michelle,Martin,Portland,Oregon,97201,US,45.5148469,-122.718551,vip,46200.61,2026-05-13T10:00:44Z
616,kenneth.lee616@synthetic-shipper.example,Kenneth,Lee,Las Vegas,Nevada,89101,US,36.1450733,-115.1228783,new,198.39,2026-05-13T10:00:44Z
617,carol.lee617@synthetic-shipper.example,Carol,Lee,Miami,Florida,33101,US,25.7593533,-80.1966537,standard,1213.11,2026-05-13T10:00:44Z
618,kevin.perez618@synthetic-shipper.example,Kevin,Perez,Atlanta,Georgia,30301,US,33.7870216,-84.3741299,standard,674.63,2026-05-13T10:00:44Z
619,amanda.perez619@synthetic-shipper.example,Amanda,Perez,Boston,Massachusetts,02101,US,42.3812688,-71.0144811,standard,351.28,2026-05-13T10:00:44Z
620,brian.thompson620@synthetic-shipper.example,Brian,Thompson,Minneapolis,Minnesota,55401,US,44.961987,-93.2464944,preferred,1169.42,2026-05-13T10:00:44Z
621,dorothy.thompson621@synthetic-shipper.example,Dorothy,Thompson,Salt Lake City,Utah,84101,US,40.7875212,-111.9252471,preferred,7607.85,2026-05-13T10:00:44Z
622,george.white622@synthetic-shipper.example,George,White,Detroit,Michigan,48201,US,42.3073562,-83.0672322,vip,7776.61,2026-05-13T10:00:44Z
623,melissa.white623@synthetic-shipper.example,Melissa,White,Tampa,Florida,33601,US,27.911674,-82.4191727,new,70.27,2026-05-13T10:00:44Z
624,timothy.harris624@synthetic-shipper.example,Timothy,Harris,Brooklyn,New York,11201,US,40.6288652,-73.9204519,standard,1066.89,2026-05-13T10:00:44Z
625,deborah.harris625@synthetic-shipper.example,Deborah,Harris,Raleigh,North Carolina,27601,US,35.7559505,-78.6659156,standard,774.12,2026-05-13T10:00:44Z
626,aiden.sanchez626@synthetic-shipper.example,Aiden,Sanchez,Scottsdale,Arizona,85251,US,33.5418551,-111.9389668,standard,966.62,2026-05-13T10:00:44Z
627,sofia.sanchez627@synthetic-shipper.example,Sofia,Sanchez,Honolulu,Hawaii,96801,US,21.2997263,-157.8785548,preferred,7353.76,2026-05-13T10:00:44Z
628,liam.clark628@synthetic-shipper.example,Liam,Clark,Boulder,Colorado,80301,US,40.0089021,-105.312355,preferred,3414.32,2026-05-13T10:00:44Z
629,olivia.clark629@synthetic-shipper.example,Olivia,Clark,Savannah,Georgia,31401,US,32.0698667,-81.1104708,vip,28604.14,2026-05-13T10:00:44Z
630,noah.ramirez630@synthetic-shipper.example,Noah,Ramirez,New York,New York,10001,US,40.7412088,-74.0458984,new,117.52,2026-05-13T10:00:44Z
631,emma.ramirez631@synthetic-shipper.example,Emma,Ramirez,Los Angeles,California,90001,US,34.0157689,-118.2195621,standard,707.21,2026-05-13T10:00:44Z
632,ethan.lewis632@synthetic-shipper.example,Ethan,Lewis,Chicago,Illinois,60601,US,41.8671862,-87.6556362,standard,331.39,2026-05-13T10:00:44Z
633,ava.lewis633@synthetic-shipper.example,Ava,Lewis,Houston,Texas,77001,US,29.7370942,-95.3590791,standard,747.86,2026-05-13T10:00:44Z
634,mason.robinson634@synthetic-shipper.example,Mason,Robinson,Phoenix,Arizona,85001,US,33.4484855,-112.0981615,preferred,7851.34,2026-05-13T10:00:44Z
635,isabella.robinson635@synthetic-shipper.example,Isabella,Robinson,Philadelphia,Pennsylvania,19101,US,39.9966648,-75.1411962,preferred,3846.89,2026-05-13T10:00:44Z
636,lucas.walker636@synthetic-shipper.example,Lucas,Walker,San Antonio,Texas,78201,US,29.4499556,-98.4579233,vip,35343.81,2026-05-13T10:00:44Z
637,mia.walker637@synthetic-shipper.example,Mia,Walker,San Diego,California,92101,US,32.669693,-117.1971049,new,2.01,2026-05-13T10:00:44Z
638,logan.young638@synthetic-shipper.example,Logan,Young,Dallas,Texas,75201,US,32.7636107,-96.7689109,standard,559.12,2026-05-13T10:00:44Z
639,charlotte.young639@synthetic-shipper.example,Charlotte,Young,San Jose,California,95101,US,37.3350516,-121.9206121,standard,1556.36,2026-05-13T10:00:44Z
640,jackson.allen640@synthetic-shipper.example,Jackson,Allen,Austin,Texas,73301,US,30.2821298,-97.788735,standard,983.16,2026-05-13T10:00:44Z
641,amelia.allen641@synthetic-shipper.example,Amelia,Allen,Jacksonville,Florida,32099,US,30.3492958,-81.6810571,preferred,3706.85,2026-05-13T10:00:44Z
642,sebastian.king642@synthetic-shipper.example,Sebastian,King,Fort Worth,Texas,76101,US,32.7685673,-97.3410486,preferred,5351.56,2026-05-13T10:00:44Z
643,harper.king643@synthetic-shipper.example,Harper,King,Columbus,Ohio,43085,US,39.9807778,-82.9957552,vip,49060.35,2026-05-13T10:00:44Z
644,mateo.wright644@synthetic-shipper.example,Mateo,Wright,Charlotte,North Carolina,28201,US,35.220588,-80.8453594,new,166.01,2026-05-13T10:00:44Z
645,evelyn.wright645@synthetic-shipper.example,Evelyn,Wright,Indianapolis,Indiana,46201,US,39.7498378,-86.1712088,standard,1296.46,2026-05-13T10:00:44Z
646,henry.scott646@synthetic-shipper.example,Henry,Scott,San Francisco,California,94101,US,37.726821,-122.4496422,standard,171.23,2026-05-13T10:00:44Z
647,luna.scott647@synthetic-shipper.example,Luna,Scott,Seattle,Washington,98101,US,47.609657,-122.3391403,standard,1882.61,2026-05-13T10:00:44Z
648,owen.torres648@synthetic-shipper.example,Owen,Torres,Denver,Colorado,80201,US,39.7721236,-105.0249805,preferred,4130.7,2026-05-13T10:00:44Z
649,camila.torres649@synthetic-shipper.example,Camila,Torres,Nashville,Tennessee,37201,US,36.1213091,-86.7711795,preferred,7173.35,2026-05-13T10:00:44Z
650,wyatt.nguyen650@synthetic-shipper.example,Wyatt,Nguyen,Portland,Oregon,97201,US,45.5238605,-122.724384,vip,45421.6,2026-05-13T10:00:44Z
651,aria.nguyen651@synthetic-shipper.example,Aria,Nguyen,Las Vegas,Nevada,89101,US,36.192667,-115.09601,new,57.06,2026-05-13T10:00:44Z
652,jack.hill652@synthetic-shipper.example,Jack,Hill,Miami,Florida,33101,US,25.7717415,-80.2286472,standard,1721.91,2026-05-13T10:00:44Z
653,scarlett.hill653@synthetic-shipper.example,Scarlett,Hill,Atlanta,Georgia,30301,US,33.7375817,-84.3743573,standard,1346.21,2026-05-13T10:00:44Z
654,leo.flores654@synthetic-shipper.example,Leo,Flores,Boston,Massachusetts,02101,US,42.360536,-71.0895564,standard,613.92,2026-05-13T10:00:44Z
655,penelope.flores655@synthetic-shipper.example,Penelope,Flores,Minneapolis,Minnesota,55401,US,44.991775,-93.2795693,preferred,3339.22,2026-05-13T10:00:44Z
656,asher.green656@synthetic-shipper.example,Asher,Green,Salt Lake City,Utah,84101,US,40.7387131,-111.9021683,preferred,4562.04,2026-05-13T10:00:44Z
657,layla.green657@synthetic-shipper.example,Layla,Green,Detroit,Michigan,48201,US,42.3518723,-83.0954914,vip,49031.1,2026-05-13T10:00:44Z
658,ezra.adams658@synthetic-shipper.example,Ezra,Adams,Tampa,Florida,33601,US,27.9918064,-82.4593466,new,117.3,2026-05-13T10:00:44Z
659,chloe.adams659@synthetic-shipper.example,Chloe,Adams,Brooklyn,New York,11201,US,40.65506,-73.9184952,standard,474.01,2026-05-13T10:00:44Z
660,benjamin.nelson660@synthetic-shipper.example,Benjamin,Nelson,Raleigh,North Carolina,27601,US,35.781591,-78.6664722,standard,1716.2,2026-05-13T10:00:44Z
661,riley.nelson661@synthetic-shipper.example,Riley,Nelson,Scottsdale,Arizona,85251,US,33.4706407,-111.9337551,standard,931.58,2026-05-13T10:00:44Z
662,caleb.baker662@synthetic-shipper.example,Caleb,Baker,Honolulu,Hawaii,96801,US,21.3252691,-157.9047705,preferred,4278.43,2026-05-13T10:00:44Z
663,zoey.baker663@synthetic-shipper.example,Zoey,Baker,Boulder,Colorado,80301,US,39.9935615,-105.2504806,preferred,5262.54,2026-05-13T10:00:44Z
664,samuel.hall664@synthetic-shipper.example,Samuel,Hall,Savannah,Georgia,31401,US,32.0616976,-81.088843,vip,5240.22,2026-05-13T10:00:44Z
665,nora.hall665@synthetic-shipper.example,Nora,Hall,New York,New York,10001,US,40.6900391,-74.038568,new,78.2,2026-05-13T10:00:44Z
666,dylan.rivera666@synthetic-shipper.example,Dylan,Rivera,Los Angeles,California,90001,US,34.0978106,-118.2828633,standard,1589.42,2026-05-13T10:00:44Z
667,lily.rivera667@synthetic-shipper.example,Lily,Rivera,Chicago,Illinois,60601,US,41.9141376,-87.6007186,standard,1128.87,2026-05-13T10:00:44Z
668,gabriel.campbell668@synthetic-shipper.example,Gabriel,Campbell,Houston,Texas,77001,US,29.7588733,-95.3699331,standard,1253.85,2026-05-13T10:00:44Z
669,eleanor.campbell669@synthetic-shipper.example,Eleanor,Campbell,Phoenix,Arizona,85001,US,33.4466133,-112.0243729,preferred,4630.86,2026-05-13T10:00:44Z
670,elijah.mitchell670@synthetic-shipper.example,Elijah,Mitchell,Philadelphia,Pennsylvania,19101,US,39.9730272,-75.2031675,preferred,5864.64,2026-05-13T10:00:44Z
671,hannah.mitchell671@synthetic-shipper.example,Hannah,Mitchell,San Antonio,Texas,78201,US,29.3834573,-98.4785776,vip,20696.25,2026-05-13T10:00:44Z
672,james.carter672@synthetic-shipper.example,James,Carter,San Diego,California,92101,US,32.7395834,-117.1922949,new,11.98,2026-05-13T10:00:44Z
673,mary.carter673@synthetic-shipper.example,Mary,Carter,Dallas,Texas,75201,US,32.8210108,-96.7544634,standard,534.59,2026-05-13T10:00:44Z
674,john.roberts674@synthetic-shipper.example,John,Roberts,San Jose,California,95101,US,37.3396201,-121.8775894,standard,203.55,2026-05-13T10:00:44Z
675,patricia.roberts675@synthetic-shipper.example,Patricia,Roberts,Austin,Texas,73301,US,30.2541483,-97.6953886,standard,1832.58,2026-05-13T10:00:44Z
676,robert.gomez676@synthetic-shipper.example,Robert,Gomez,Jacksonville,Florida,32099,US,30.319238,-81.618883,preferred,2241.84,2026-05-13T10:00:44Z
677,jennifer.gomez677@synthetic-shipper.example,Jennifer,Gomez,Fort Worth,Texas,76101,US,32.7793356,-97.3679024,preferred,5108.3,2026-05-13T10:00:44Z
678,michael.phillips678@synthetic-shipper.example,Michael,Phillips,Columbus,Ohio,43085,US,39.9569924,-83.0483357,vip,29653.79,2026-05-13T10:00:44Z
679,linda.phillips679@synthetic-shipper.example,Linda,Phillips,Charlotte,North Carolina,28201,US,35.2727368,-80.818446,new,143.19,2026-05-13T10:00:44Z
680,william.evans680@synthetic-shipper.example,William,Evans,Indianapolis,Indiana,46201,US,39.7347296,-86.1693038,standard,897.47,2026-05-13T10:00:44Z
681,elizabeth.evans681@synthetic-shipper.example,Elizabeth,Evans,San Francisco,California,94101,US,37.820674,-122.4314812,standard,395.68,2026-05-13T10:00:44Z
682,david.turner682@synthetic-shipper.example,David,Turner,Seattle,Washington,98101,US,47.5627214,-122.3774191,standard,765.79,2026-05-13T10:00:44Z
683,barbara.turner683@synthetic-shipper.example,Barbara,Turner,Denver,Colorado,80201,US,39.7511745,-105.0187501,preferred,5981.34,2026-05-13T10:00:44Z
684,richard.diaz684@synthetic-shipper.example,Richard,Diaz,Nashville,Tennessee,37201,US,36.1965406,-86.7845693,preferred,1697.8,2026-05-13T10:00:44Z
685,susan.diaz685@synthetic-shipper.example,Susan,Diaz,Portland,Oregon,97201,US,45.5105398,-122.7054142,vip,36296.27,2026-05-13T10:00:44Z
686,joseph.parker686@synthetic-shipper.example,Joseph,Parker,Las Vegas,Nevada,89101,US,36.1983696,-115.1042887,new,153.59,2026-05-13T10:00:44Z
687,jessica.parker687@synthetic-shipper.example,Jessica,Parker,Miami,Florida,33101,US,25.7222594,-80.2197511,standard,796.99,2026-05-13T10:00:44Z
688,thomas.cruz688@synthetic-shipper.example,Thomas,Cruz,Atlanta,Georgia,30301,US,33.7232811,-84.4217805,standard,337.97,2026-05-13T10:00:44Z
689,sarah.cruz689@synthetic-shipper.example,Sarah,Cruz,Boston,Massachusetts,02101,US,42.3165752,-71.103906,standard,337.44,2026-05-13T10:00:44Z
690,christopher.edwards690@synthetic-shipper.example,Christopher,Edwards,Minneapolis,Minnesota,55401,US,44.9757595,-93.224787,preferred,3777.34,2026-05-13T10:00:44Z
691,karen.edwards691@synthetic-shipper.example,Karen,Edwards,Salt Lake City,Utah,84101,US,40.7492351,-111.8509153,preferred,5032.09,2026-05-13T10:00:44Z
692,charles.collins692@synthetic-shipper.example,Charles,Collins,Detroit,Michigan,48201,US,42.321892,-83.0378585,vip,18704.91,2026-05-13T10:00:44Z
693,lisa.collins693@synthetic-shipper.example,Lisa,Collins,Tampa,Florida,33601,US,27.9629507,-82.4082772,new,126.78,2026-05-13T10:00:44Z
694,daniel.reyes694@synthetic-shipper.example,Daniel,Reyes,Brooklyn,New York,11201,US,40.6559092,-73.9733214,standard,465.96,2026-05-13T10:00:44Z
695,nancy.reyes695@synthetic-shipper.example,Nancy,Reyes,Raleigh,North Carolina,27601,US,35.7578373,-78.6690245,standard,743.11,2026-05-13T10:00:44Z
696,matthew.stewart696@synthetic-shipper.example,Matthew,Stewart,Scottsdale,Arizona,85251,US,33.475779,-111.951838,standard,781.79,2026-05-13T10:00:44Z
697,betty.stewart697@synthetic-shipper.example,Betty,Stewart,Honolulu,Hawaii,96801,US,21.2651785,-157.9021038,preferred,7018.29,2026-05-13T10:00:44Z
698,anthony.morris698@synthetic-shipper.example,Anthony,Morris,Boulder,Colorado,80301,US,40.0194966,-105.2798893,preferred,7769.2,2026-05-13T10:00:44Z
699,margaret.morris699@synthetic-shipper.example,Margaret,Morris,Savannah,Georgia,31401,US,32.0589588,-81.1389508,vip,29757.1,2026-05-13T10:00:44Z
700,mark.morales700@synthetic-shipper.example,Mark,Morales,New York,New York,10001,US,40.7375181,-74.0015191,new,85.83,2026-05-13T10:00:44Z
701,sandra.morales701@synthetic-shipper.example,Sandra,Morales,Los Angeles,California,90001,US,34.0309633,-118.2932904,standard,1902.98,2026-05-13T10:00:44Z
702,donald.murphy702@synthetic-shipper.example,Donald,Murphy,Chicago,Illinois,60601,US,41.868524,-87.6554674,standard,321.06,2026-05-13T10:00:44Z
703,ashley.murphy703@synthetic-shipper.example,Ashley,Murphy,Houston,Texas,77001,US,29.7433388,-95.4121094,standard,194.47,2026-05-13T10:00:44Z
704,steven.cook704@synthetic-shipper.example,Steven,Cook,Phoenix,Arizona,85001,US,33.494454,-112.1178212,preferred,2533.61,2026-05-13T10:00:44Z
705,kimberly.cook705@synthetic-shipper.example,Kimberly,Cook,Philadelphia,Pennsylvania,19101,US,39.9731316,-75.1764033,preferred,1447.29,2026-05-13T10:00:44Z
706,andrew.rogers706@synthetic-shipper.example,Andrew,Rogers,San Antonio,Texas,78201,US,29.4225081,-98.48774,vip,23550.97,2026-05-13T10:00:44Z
707,emily.rogers707@synthetic-shipper.example,Emily,Rogers,San Diego,California,92101,US,32.7641724,-117.1963463,new,80.96,2026-05-13T10:00:44Z
708,paul.gutierrez708@synthetic-shipper.example,Paul,Gutierrez,Dallas,Texas,75201,US,32.7630792,-96.8445439,standard,312.61,2026-05-13T10:00:44Z
709,donna.gutierrez709@synthetic-shipper.example,Donna,Gutierrez,San Jose,California,95101,US,37.3008171,-121.8698061,standard,685.65,2026-05-13T10:00:44Z
710,joshua.ortiz710@synthetic-shipper.example,Joshua,Ortiz,Austin,Texas,73301,US,30.2905682,-97.7778898,standard,1854.34,2026-05-13T10:00:44Z
711,michelle.ortiz711@synthetic-shipper.example,Michelle,Ortiz,Jacksonville,Florida,32099,US,30.3404855,-81.6145859,preferred,1869.57,2026-05-13T10:00:44Z
712,kenneth.morgan712@synthetic-shipper.example,Kenneth,Morgan,Fort Worth,Texas,76101,US,32.7363958,-97.3126668,preferred,7953.27,2026-05-13T10:00:44Z
713,carol.morgan713@synthetic-shipper.example,Carol,Morgan,Columbus,Ohio,43085,US,39.95002,-82.9876239,vip,25345.05,2026-05-13T10:00:44Z
714,kevin.cooper714@synthetic-shipper.example,Kevin,Cooper,Charlotte,North Carolina,28201,US,35.2348921,-80.8654671,new,53.73,2026-05-13T10:00:44Z
715,amanda.cooper715@synthetic-shipper.example,Amanda,Cooper,Indianapolis,Indiana,46201,US,39.8107655,-86.1292899,standard,678.38,2026-05-13T10:00:44Z
716,brian.peterson716@synthetic-shipper.example,Brian,Peterson,San Francisco,California,94101,US,37.7628272,-122.4664954,standard,954.86,2026-05-13T10:00:44Z
717,dorothy.peterson717@synthetic-shipper.example,Dorothy,Peterson,Seattle,Washington,98101,US,47.6516973,-122.3555688,standard,1932.94,2026-05-13T10:00:44Z
718,george.bailey718@synthetic-shipper.example,George,Bailey,Denver,Colorado,80201,US,39.743303,-105.0292027,preferred,2190.2,2026-05-13T10:00:44Z
719,melissa.bailey719@synthetic-shipper.example,Melissa,Bailey,Nashville,Tennessee,37201,US,36.1384176,-86.7902196,preferred,4985.58,2026-05-13T10:00:44Z
720,timothy.reed720@synthetic-shipper.example,Timothy,Reed,Portland,Oregon,97201,US,45.4691685,-122.7146078,vip,35106.58,2026-05-13T10:00:44Z
721,deborah.reed721@synthetic-shipper.example,Deborah,Reed,Las Vegas,Nevada,89101,US,36.1372946,-115.0985757,new,79.09,2026-05-13T10:00:44Z
722,aiden.kelly722@synthetic-shipper.example,Aiden,Kelly,Miami,Florida,33101,US,25.7329411,-80.2148502,standard,1977.29,2026-05-13T10:00:44Z
723,sofia.kelly723@synthetic-shipper.example,Sofia,Kelly,Atlanta,Georgia,30301,US,33.7506011,-84.4286485,standard,1511.93,2026-05-13T10:00:44Z
724,liam.howard724@synthetic-shipper.example,Liam,Howard,Boston,Massachusetts,02101,US,42.3781904,-71.1026998,standard,1999.48,2026-05-13T10:00:44Z
725,olivia.howard725@synthetic-shipper.example,Olivia,Howard,Minneapolis,Minnesota,55401,US,44.9987224,-93.2241621,preferred,6844.51,2026-05-13T10:00:44Z
726,noah.ramos726@synthetic-shipper.example,Noah,Ramos,Salt Lake City,Utah,84101,US,40.7669831,-111.8666936,preferred,7549.46,2026-05-13T10:00:44Z
727,emma.ramos727@synthetic-shipper.example,Emma,Ramos,Detroit,Michigan,48201,US,42.3086944,-83.0876856,vip,7412.31,2026-05-13T10:00:44Z
728,ethan.kim728@synthetic-shipper.example,Ethan,Kim,Tampa,Florida,33601,US,27.9099368,-82.4797288,new,186.05,2026-05-13T10:00:44Z
729,ava.kim729@synthetic-shipper.example,Ava,Kim,Brooklyn,New York,11201,US,40.6975593,-73.9101969,standard,599.84,2026-05-13T10:00:44Z
730,mason.cox730@synthetic-shipper.example,Mason,Cox,Raleigh,North Carolina,27601,US,35.795836,-78.6533356,standard,717.39,2026-05-13T10:00:44Z
731,isabella.cox731@synthetic-shipper.example,Isabella,Cox,Scottsdale,Arizona,85251,US,33.528954,-111.9198854,standard,1656.58,2026-05-13T10:00:44Z
732,lucas.ward732@synthetic-shipper.example,Lucas,Ward,Honolulu,Hawaii,96801,US,21.2825707,-157.8292668,preferred,4668.03,2026-05-13T10:00:44Z
733,mia.ward733@synthetic-shipper.example,Mia,Ward,Boulder,Colorado,80301,US,39.9697528,-105.2765334,preferred,4820.79,2026-05-13T10:00:44Z
734,logan.richardson734@synthetic-shipper.example,Logan,Richardson,Savannah,Georgia,31401,US,32.0758657,-81.1351823,vip,44672.72,2026-05-13T10:00:44Z
735,charlotte.richardson735@synthetic-shipper.example,Charlotte,Richardson,New York,New York,10001,US,40.7427637,-73.9895803,new,18.21,2026-05-13T10:00:44Z
736,jackson.watson736@synthetic-shipper.example,Jackson,Watson,Los Angeles,California,90001,US,34.0127666,-118.2834139,standard,430.01,2026-05-13T10:00:44Z
737,amelia.watson737@synthetic-shipper.example,Amelia,Watson,Chicago,Illinois,60601,US,41.8903976,-87.626788,standard,1722.67,2026-05-13T10:00:44Z
738,sebastian.brooks738@synthetic-shipper.example,Sebastian,Brooks,Houston,Texas,77001,US,29.7703286,-95.4064947,standard,1040.4,2026-05-13T10:00:44Z
739,harper.brooks739@synthetic-shipper.example,Harper,Brooks,Phoenix,Arizona,85001,US,33.4642503,-112.0372461,preferred,3888.43,2026-05-13T10:00:44Z
740,mateo.chavez740@synthetic-shipper.example,Mateo,Chavez,Philadelphia,Pennsylvania,19101,US,39.933899,-75.1277229,preferred,6265.92,2026-05-13T10:00:44Z
741,evelyn.chavez741@synthetic-shipper.example,Evelyn,Chavez,San Antonio,Texas,78201,US,29.4303373,-98.5072449,vip,32816.39,2026-05-13T10:00:44Z
742,henry.wood742@synthetic-shipper.example,Henry,Wood,San Diego,California,92101,US,32.7180733,-117.1173389,new,131.13,2026-05-13T10:00:44Z
743,luna.wood743@synthetic-shipper.example,Luna,Wood,Dallas,Texas,75201,US,32.7647757,-96.7713248,standard,1719.43,2026-05-13T10:00:44Z
744,owen.james744@synthetic-shipper.example,Owen,James,San Jose,California,95101,US,37.3699253,-121.9351512,standard,761.29,2026-05-13T10:00:44Z
745,camila.james745@synthetic-shipper.example,Camila,James,Austin,Texas,73301,US,30.2316655,-97.785842,standard,1626.16,2026-05-13T10:00:44Z
746,wyatt.bennett746@synthetic-shipper.example,Wyatt,Bennett,Jacksonville,Florida,32099,US,30.2925941,-81.6857966,preferred,6217.39,2026-05-13T10:00:44Z
747,aria.bennett747@synthetic-shipper.example,Aria,Bennett,Fort Worth,Texas,76101,US,32.7172112,-97.3491431,preferred,3643.01,2026-05-13T10:00:44Z
748,jack.gray748@synthetic-shipper.example,Jack,Gray,Columbus,Ohio,43085,US,39.9931892,-83.0226355,vip,21656.79,2026-05-13T10:00:44Z
749,scarlett.gray749@synthetic-shipper.example,Scarlett,Gray,Charlotte,North Carolina,28201,US,35.2002887,-80.8424957,new,96.34,2026-05-13T10:00:44Z
750,leo.mendoza750@synthetic-shipper.example,Leo,Mendoza,Indianapolis,Indiana,46201,US,39.7460278,-86.1511303,standard,916.4,2026-05-13T10:00:44Z
751,penelope.mendoza751@synthetic-shipper.example,Penelope,Mendoza,San Francisco,California,94101,US,37.741297,-122.4084098,standard,1363.7,2026-05-13T10:00:44Z
752,asher.ruiz752@synthetic-shipper.example,Asher,Ruiz,Seattle,Washington,98101,US,47.6099277,-122.284761,standard,1626.11,2026-05-13T10:00:44Z
753,layla.ruiz753@synthetic-shipper.example,Layla,Ruiz,Denver,Colorado,80201,US,39.7835382,-105.0222606,preferred,7984.51,2026-05-13T10:00:44Z
754,ezra.hughes754@synthetic-shipper.example,Ezra,Hughes,Nashville,Tennessee,37201,US,36.1648737,-86.7393081,preferred,3946.65,2026-05-13T10:00:44Z
755,chloe.hughes755@synthetic-shipper.example,Chloe,Hughes,Portland,Oregon,97201,US,45.5309278,-122.6516369,vip,10145.68,2026-05-13T10:00:44Z
756,benjamin.price756@synthetic-shipper.example,Benjamin,Price,Las Vegas,Nevada,89101,US,36.1439289,-115.1194773,new,120.54,2026-05-13T10:00:44Z
757,riley.price757@synthetic-shipper.example,Riley,Price,Miami,Florida,33101,US,25.7907206,-80.1642385,standard,730.96,2026-05-13T10:00:44Z
758,caleb.alvarez758@synthetic-shipper.example,Caleb,Alvarez,Atlanta,Georgia,30301,US,33.7112425,-84.4247117,standard,449.8,2026-05-13T10:00:44Z
759,zoey.alvarez759@synthetic-shipper.example,Zoey,Alvarez,Boston,Massachusetts,02101,US,42.3200838,-71.029474,standard,359.19,2026-05-13T10:00:44Z
760,samuel.castillo760@synthetic-shipper.example,Samuel,Castillo,Minneapolis,Minnesota,55401,US,44.9363345,-93.2349989,preferred,7087.16,2026-05-13T10:00:44Z
761,nora.castillo761@synthetic-shipper.example,Nora,Castillo,Salt Lake City,Utah,84101,US,40.7625437,-111.8865273,preferred,4551.15,2026-05-13T10:00:44Z
762,dylan.sanders762@synthetic-shipper.example,Dylan,Sanders,Detroit,Michigan,48201,US,42.2965263,-83.060347,vip,21499.42,2026-05-13T10:00:44Z
763,lily.sanders763@synthetic-shipper.example,Lily,Sanders,Tampa,Florida,33601,US,27.9807028,-82.4983964,new,196.98,2026-05-13T10:00:44Z
764,gabriel.patel764@synthetic-shipper.example,Gabriel,Patel,Brooklyn,New York,11201,US,40.6448291,-73.9316322,standard,580.65,2026-05-13T10:00:44Z
765,eleanor.patel765@synthetic-shipper.example,Eleanor,Patel,Raleigh,North Carolina,27601,US,35.7787921,-78.6107609,standard,331.71,2026-05-13T10:00:44Z
766,elijah.myers766@synthetic-shipper.example,Elijah,Myers,Scottsdale,Arizona,85251,US,33.5414851,-111.9700819,standard,259.98,2026-05-13T10:00:44Z
767,hannah.myers767@synthetic-shipper.example,Hannah,Myers,Honolulu,Hawaii,96801,US,21.3382782,-157.9060907,preferred,7754.11,2026-05-13T10:00:44Z
768,james.smith768@synthetic-shipper.example,James,Smith,Boulder,Colorado,80301,US,40.0263792,-105.2806297,preferred,2971.6,2026-05-13T10:00:44Z
769,mary.smith769@synthetic-shipper.example,Mary,Smith,Savannah,Georgia,31401,US,32.111052,-81.1148192,vip,36616.08,2026-05-13T10:00:44Z
770,john.johnson770@synthetic-shipper.example,John,Johnson,New York,New York,10001,US,40.7300811,-73.9937378,new,80.83,2026-05-13T10:00:44Z
771,patricia.johnson771@synthetic-shipper.example,Patricia,Johnson,Los Angeles,California,90001,US,34.0527095,-118.2476181,standard,1569.46,2026-05-13T10:00:44Z
772,robert.williams772@synthetic-shipper.example,Robert,Williams,Chicago,Illinois,60601,US,41.9068604,-87.6125,standard,1477.73,2026-05-13T10:00:44Z
773,jennifer.williams773@synthetic-shipper.example,Jennifer,Williams,Houston,Texas,77001,US,29.7203226,-95.3739694,standard,627.15,2026-05-13T10:00:44Z
774,michael.brown774@synthetic-shipper.example,Michael,Brown,Phoenix,Arizona,85001,US,33.4839675,-112.083342,preferred,6989.67,2026-05-13T10:00:44Z
775,linda.brown775@synthetic-shipper.example,Linda,Brown,Philadelphia,Pennsylvania,19101,US,39.9480039,-75.1869873,preferred,3302.34,2026-05-13T10:00:44Z
776,william.jones776@synthetic-shipper.example,William,Jones,San Antonio,Texas,78201,US,29.4009307,-98.5340724,vip,29750.26,2026-05-13T10:00:44Z
777,elizabeth.jones777@synthetic-shipper.example,Elizabeth,Jones,San Diego,California,92101,US,32.6758289,-117.1197379,new,38.61,2026-05-13T10:00:44Z
778,david.garcia778@synthetic-shipper.example,David,Garcia,Dallas,Texas,75201,US,32.7418251,-96.7770863,standard,1651.07,2026-05-13T10:00:44Z
779,barbara.garcia779@synthetic-shipper.example,Barbara,Garcia,San Jose,California,95101,US,37.3091887,-121.9044043,standard,477.56,2026-05-13T10:00:44Z
780,richard.miller780@synthetic-shipper.example,Richard,Miller,Austin,Texas,73301,US,30.2942815,-97.7106926,standard,1636.22,2026-05-13T10:00:44Z
781,susan.miller781@synthetic-shipper.example,Susan,Miller,Jacksonville,Florida,32099,US,30.3580278,-81.6750877,preferred,7840.06,2026-05-13T10:00:44Z
782,joseph.davis782@synthetic-shipper.example,Joseph,Davis,Fort Worth,Texas,76101,US,32.8033096,-97.2854106,preferred,4841.98,2026-05-13T10:00:44Z
783,jessica.davis783@synthetic-shipper.example,Jessica,Davis,Columbus,Ohio,43085,US,39.9511402,-82.9896853,vip,18440.54,2026-05-13T10:00:44Z
784,thomas.rodriguez784@synthetic-shipper.example,Thomas,Rodriguez,Charlotte,North Carolina,28201,US,35.2710867,-80.8102474,new,46.54,2026-05-13T10:00:44Z
785,sarah.rodriguez785@synthetic-shipper.example,Sarah,Rodriguez,Indianapolis,Indiana,46201,US,39.7477778,-86.1813178,standard,986.85,2026-05-13T10:00:44Z
786,christopher.martinez786@synthetic-shipper.example,Christopher,Martinez,San Francisco,California,94101,US,37.8080663,-122.38119,standard,678.02,2026-05-13T10:00:44Z
787,karen.martinez787@synthetic-shipper.example,Karen,Martinez,Seattle,Washington,98101,US,47.6457643,-122.2918191,standard,1038.56,2026-05-13T10:00:44Z
788,charles.hernandez788@synthetic-shipper.example,Charles,Hernandez,Denver,Colorado,80201,US,39.7112514,-104.9578938,preferred,2242,2026-05-13T10:00:44Z
789,lisa.hernandez789@synthetic-shipper.example,Lisa,Hernandez,Nashville,Tennessee,37201,US,36.2099115,-86.7601018,preferred,3252.31,2026-05-13T10:00:44Z
790,daniel.lopez790@synthetic-shipper.example,Daniel,Lopez,Portland,Oregon,97201,US,45.5185657,-122.6725581,vip,40089.91,2026-05-13T10:00:44Z
791,nancy.lopez791@synthetic-shipper.example,Nancy,Lopez,Las Vegas,Nevada,89101,US,36.1453602,-115.1040497,new,99.41,2026-05-13T10:00:44Z
792,matthew.gonzalez792@synthetic-shipper.example,Matthew,Gonzalez,Miami,Florida,33101,US,25.7521522,-80.1584229,standard,1552.42,2026-05-13T10:00:44Z
793,betty.gonzalez793@synthetic-shipper.example,Betty,Gonzalez,Atlanta,Georgia,30301,US,33.7617584,-84.3526558,standard,784.9,2026-05-13T10:00:44Z
794,anthony.wilson794@synthetic-shipper.example,Anthony,Wilson,Boston,Massachusetts,02101,US,42.3883703,-71.0880826,standard,1759.22,2026-05-13T10:00:44Z
795,margaret.wilson795@synthetic-shipper.example,Margaret,Wilson,Minneapolis,Minnesota,55401,US,44.9937824,-93.2754934,preferred,7466.62,2026-05-13T10:00:44Z
796,mark.anderson796@synthetic-shipper.example,Mark,Anderson,Salt Lake City,Utah,84101,US,40.7228573,-111.8427086,preferred,2270.1,2026-05-13T10:00:44Z
797,sandra.anderson797@synthetic-shipper.example,Sandra,Anderson,Detroit,Michigan,48201,US,42.3506694,-83.085247,vip,31155.66,2026-05-13T10:00:44Z
798,donald.thomas798@synthetic-shipper.example,Donald,Thomas,Tampa,Florida,33601,US,27.9991964,-82.408067,new,44.35,2026-05-13T10:00:44Z
799,ashley.thomas799@synthetic-shipper.example,Ashley,Thomas,Brooklyn,New York,11201,US,40.6580911,-73.9211607,standard,1331.46,2026-05-13T10:00:44Z
800,steven.taylor800@synthetic-shipper.example,Steven,Taylor,Raleigh,North Carolina,27601,US,35.7624631,-78.6370247,standard,140.1,2026-05-13T10:00:44Z
801,kimberly.taylor801@synthetic-shipper.example,Kimberly,Taylor,Scottsdale,Arizona,85251,US,33.5237753,-111.9106996,standard,1073.39,2026-05-13T10:00:44Z
802,andrew.moore802@synthetic-shipper.example,Andrew,Moore,Honolulu,Hawaii,96801,US,21.3566126,-157.8738611,preferred,4140.55,2026-05-13T10:00:44Z
803,emily.moore803@synthetic-shipper.example,Emily,Moore,Boulder,Colorado,80301,US,40.0477235,-105.2283638,preferred,5636.08,2026-05-13T10:00:44Z
804,paul.jackson804@synthetic-shipper.example,Paul,Jackson,Savannah,Georgia,31401,US,32.0486495,-81.0797634,vip,10456.84,2026-05-13T10:00:44Z
805,donna.jackson805@synthetic-shipper.example,Donna,Jackson,New York,New York,10001,US,40.7045782,-74.0004533,new,18.05,2026-05-13T10:00:44Z
806,joshua.martin806@synthetic-shipper.example,Joshua,Martin,Los Angeles,California,90001,US,34.0380871,-118.2595912,standard,665.96,2026-05-13T10:00:44Z
807,michelle.martin807@synthetic-shipper.example,Michelle,Martin,Chicago,Illinois,60601,US,41.9183996,-87.6133191,standard,1633.26,2026-05-13T10:00:44Z
808,kenneth.lee808@synthetic-shipper.example,Kenneth,Lee,Houston,Texas,77001,US,29.7105541,-95.3678379,standard,1658.97,2026-05-13T10:00:44Z
809,carol.lee809@synthetic-shipper.example,Carol,Lee,Phoenix,Arizona,85001,US,33.4129211,-112.0686487,preferred,4848.24,2026-05-13T10:00:44Z
810,kevin.perez810@synthetic-shipper.example,Kevin,Perez,Philadelphia,Pennsylvania,19101,US,39.9811534,-75.1418847,preferred,5115.27,2026-05-13T10:00:44Z
811,amanda.perez811@synthetic-shipper.example,Amanda,Perez,San Antonio,Texas,78201,US,29.4613787,-98.5012663,vip,20548.55,2026-05-13T10:00:44Z
812,brian.thompson812@synthetic-shipper.example,Brian,Thompson,San Diego,California,92101,US,32.6978924,-117.1331171,new,101.49,2026-05-13T10:00:44Z
813,dorothy.thompson813@synthetic-shipper.example,Dorothy,Thompson,Dallas,Texas,75201,US,32.7853099,-96.7982941,standard,1149.87,2026-05-13T10:00:44Z
814,george.white814@synthetic-shipper.example,George,White,San Jose,California,95101,US,37.3184705,-121.9064932,standard,701.21,2026-05-13T10:00:44Z
815,melissa.white815@synthetic-shipper.example,Melissa,White,Austin,Texas,73301,US,30.284351,-97.7820524,standard,1234.83,2026-05-13T10:00:44Z
816,timothy.harris816@synthetic-shipper.example,Timothy,Harris,Jacksonville,Florida,32099,US,30.334164,-81.6712165,preferred,5626.98,2026-05-13T10:00:44Z
817,deborah.harris817@synthetic-shipper.example,Deborah,Harris,Fort Worth,Texas,76101,US,32.7510113,-97.3606093,preferred,3326.92,2026-05-13T10:00:44Z
818,aiden.sanchez818@synthetic-shipper.example,Aiden,Sanchez,Columbus,Ohio,43085,US,39.9953618,-83.0157828,vip,22784.08,2026-05-13T10:00:44Z
819,sofia.sanchez819@synthetic-shipper.example,Sofia,Sanchez,Charlotte,North Carolina,28201,US,35.1833062,-80.7990035,new,6.27,2026-05-13T10:00:44Z
820,liam.clark820@synthetic-shipper.example,Liam,Clark,Indianapolis,Indiana,46201,US,39.7220546,-86.129834,standard,494.28,2026-05-13T10:00:44Z
821,olivia.clark821@synthetic-shipper.example,Olivia,Clark,San Francisco,California,94101,US,37.725682,-122.3993978,standard,247.33,2026-05-13T10:00:44Z
822,noah.ramirez822@synthetic-shipper.example,Noah,Ramirez,Seattle,Washington,98101,US,47.6190709,-122.3321581,standard,754.93,2026-05-13T10:00:44Z
823,emma.ramirez823@synthetic-shipper.example,Emma,Ramirez,Denver,Colorado,80201,US,39.7534836,-105.0399119,preferred,3759.36,2026-05-13T10:00:44Z
824,ethan.lewis824@synthetic-shipper.example,Ethan,Lewis,Nashville,Tennessee,37201,US,36.1741303,-86.7654423,preferred,1297.68,2026-05-13T10:00:44Z
825,ava.lewis825@synthetic-shipper.example,Ava,Lewis,Portland,Oregon,97201,US,45.5056257,-122.6709493,vip,33762.01,2026-05-13T10:00:44Z
826,mason.robinson826@synthetic-shipper.example,Mason,Robinson,Las Vegas,Nevada,89101,US,36.168051,-115.1376819,new,155.06,2026-05-13T10:00:44Z
827,isabella.robinson827@synthetic-shipper.example,Isabella,Robinson,Miami,Florida,33101,US,25.7999166,-80.1817676,standard,1742.47,2026-05-13T10:00:44Z
828,lucas.walker828@synthetic-shipper.example,Lucas,Walker,Atlanta,Georgia,30301,US,33.7973098,-84.3752848,standard,1535.3,2026-05-13T10:00:44Z
829,mia.walker829@synthetic-shipper.example,Mia,Walker,Boston,Massachusetts,02101,US,42.3477896,-71.0154151,standard,220.32,2026-05-13T10:00:44Z
830,logan.young830@synthetic-shipper.example,Logan,Young,Minneapolis,Minnesota,55401,US,44.9992963,-93.279153,preferred,3550.11,2026-05-13T10:00:44Z
831,charlotte.young831@synthetic-shipper.example,Charlotte,Young,Salt Lake City,Utah,84101,US,40.7738104,-111.8816081,preferred,4937.42,2026-05-13T10:00:44Z
832,jackson.allen832@synthetic-shipper.example,Jackson,Allen,Detroit,Michigan,48201,US,42.3475127,-83.0026586,vip,13418.63,2026-05-13T10:00:44Z
833,amelia.allen833@synthetic-shipper.example,Amelia,Allen,Tampa,Florida,33601,US,27.9997475,-82.4757653,new,159.5,2026-05-13T10:00:44Z
834,sebastian.king834@synthetic-shipper.example,Sebastian,King,Brooklyn,New York,11201,US,40.6985523,-73.9808057,standard,317.28,2026-05-13T10:00:44Z
835,harper.king835@synthetic-shipper.example,Harper,King,Raleigh,North Carolina,27601,US,35.8267573,-78.602263,standard,112.18,2026-05-13T10:00:44Z
836,mateo.wright836@synthetic-shipper.example,Mateo,Wright,Scottsdale,Arizona,85251,US,33.4612486,-111.9437872,standard,1575.19,2026-05-13T10:00:44Z
837,evelyn.wright837@synthetic-shipper.example,Evelyn,Wright,Honolulu,Hawaii,96801,US,21.3464829,-157.8138772,preferred,6959.47,2026-05-13T10:00:44Z
838,henry.scott838@synthetic-shipper.example,Henry,Scott,Boulder,Colorado,80301,US,40.0612937,-105.3185356,preferred,4789.02,2026-05-13T10:00:44Z
839,luna.scott839@synthetic-shipper.example,Luna,Scott,Savannah,Georgia,31401,US,32.0449866,-81.1027283,vip,23441.54,2026-05-13T10:00:44Z
840,owen.torres840@synthetic-shipper.example,Owen,Torres,New York,New York,10001,US,40.7337,-74.0216329,new,126.97,2026-05-13T10:00:44Z
841,camila.torres841@synthetic-shipper.example,Camila,Torres,Los Angeles,California,90001,US,34.0978684,-118.266406,standard,1729.99,2026-05-13T10:00:44Z
842,wyatt.nguyen842@synthetic-shipper.example,Wyatt,Nguyen,Chicago,Illinois,60601,US,41.8510607,-87.6522571,standard,1235.82,2026-05-13T10:00:44Z
843,aria.nguyen843@synthetic-shipper.example,Aria,Nguyen,Houston,Texas,77001,US,29.7540643,-95.3802268,standard,1226.68,2026-05-13T10:00:44Z
844,jack.hill844@synthetic-shipper.example,Jack,Hill,Phoenix,Arizona,85001,US,33.4873641,-112.1054967,preferred,7221.97,2026-05-13T10:00:44Z
845,scarlett.hill845@synthetic-shipper.example,Scarlett,Hill,Philadelphia,Pennsylvania,19101,US,39.9896867,-75.1298261,preferred,5585.87,2026-05-13T10:00:44Z
846,leo.flores846@synthetic-shipper.example,Leo,Flores,San Antonio,Texas,78201,US,29.4272834,-98.5282416,vip,25686.25,2026-05-13T10:00:44Z
847,penelope.flores847@synthetic-shipper.example,Penelope,Flores,San Diego,California,92101,US,32.7571678,-117.1838275,new,190.06,2026-05-13T10:00:44Z
848,asher.green848@synthetic-shipper.example,Asher,Green,Dallas,Texas,75201,US,32.8172591,-96.77921,standard,1770.25,2026-05-13T10:00:44Z
849,layla.green849@synthetic-shipper.example,Layla,Green,San Jose,California,95101,US,37.3854301,-121.859203,standard,818.42,2026-05-13T10:00:44Z
850,ezra.adams850@synthetic-shipper.example,Ezra,Adams,Austin,Texas,73301,US,30.2993951,-97.7560873,standard,1959.41,2026-05-13T10:00:44Z
851,chloe.adams851@synthetic-shipper.example,Chloe,Adams,Jacksonville,Florida,32099,US,30.3477376,-81.6108841,preferred,2925.6,2026-05-13T10:00:44Z
852,benjamin.nelson852@synthetic-shipper.example,Benjamin,Nelson,Fort Worth,Texas,76101,US,32.7767157,-97.287487,preferred,5111.01,2026-05-13T10:00:44Z
853,riley.nelson853@synthetic-shipper.example,Riley,Nelson,Columbus,Ohio,43085,US,39.9711402,-83.0079784,vip,23421.74,2026-05-13T10:00:44Z
854,caleb.baker854@synthetic-shipper.example,Caleb,Baker,Charlotte,North Carolina,28201,US,35.2436267,-80.8870873,new,51.02,2026-05-13T10:00:44Z
855,zoey.baker855@synthetic-shipper.example,Zoey,Baker,Indianapolis,Indiana,46201,US,39.7690478,-86.1314304,standard,1065.51,2026-05-13T10:00:44Z
856,samuel.hall856@synthetic-shipper.example,Samuel,Hall,San Francisco,California,94101,US,37.7249983,-122.4199228,standard,1616.14,2026-05-13T10:00:44Z
857,nora.hall857@synthetic-shipper.example,Nora,Hall,Seattle,Washington,98101,US,47.5922091,-122.3765456,standard,429.13,2026-05-13T10:00:44Z
858,dylan.rivera858@synthetic-shipper.example,Dylan,Rivera,Denver,Colorado,80201,US,39.7405947,-104.9788409,preferred,5602.09,2026-05-13T10:00:44Z
859,lily.rivera859@synthetic-shipper.example,Lily,Rivera,Nashville,Tennessee,37201,US,36.1363003,-86.7387015,preferred,1151,2026-05-13T10:00:44Z
860,gabriel.campbell860@synthetic-shipper.example,Gabriel,Campbell,Portland,Oregon,97201,US,45.5228436,-122.7232442,vip,6975.95,2026-05-13T10:00:44Z
861,eleanor.campbell861@synthetic-shipper.example,Eleanor,Campbell,Las Vegas,Nevada,89101,US,36.2067076,-115.1805981,new,129.11,2026-05-13T10:00:44Z
862,elijah.mitchell862@synthetic-shipper.example,Elijah,Mitchell,Miami,Florida,33101,US,25.759314,-80.1816202,standard,753.39,2026-05-13T10:00:44Z
863,hannah.mitchell863@synthetic-shipper.example,Hannah,Mitchell,Atlanta,Georgia,30301,US,33.7054496,-84.3909731,standard,324.51,2026-05-13T10:00:44Z
864,james.carter864@synthetic-shipper.example,James,Carter,Boston,Massachusetts,02101,US,42.3815796,-71.0891899,standard,597.72,2026-05-13T10:00:44Z
865,mary.carter865@synthetic-shipper.example,Mary,Carter,Minneapolis,Minnesota,55401,US,44.973644,-93.2728845,preferred,2495.98,2026-05-13T10:00:44Z
866,john.roberts866@synthetic-shipper.example,John,Roberts,Salt Lake City,Utah,84101,US,40.7785043,-111.8503426,preferred,1275.95,2026-05-13T10:00:44Z
867,patricia.roberts867@synthetic-shipper.example,Patricia,Roberts,Detroit,Michigan,48201,US,42.3365342,-83.0625607,vip,12770.22,2026-05-13T10:00:44Z
868,robert.gomez868@synthetic-shipper.example,Robert,Gomez,Tampa,Florida,33601,US,27.9642078,-82.4736102,new,165.3,2026-05-13T10:00:44Z
869,jennifer.gomez869@synthetic-shipper.example,Jennifer,Gomez,Brooklyn,New York,11201,US,40.6578657,-73.9050621,standard,1970.96,2026-05-13T10:00:44Z
870,michael.phillips870@synthetic-shipper.example,Michael,Phillips,Raleigh,North Carolina,27601,US,35.7927197,-78.6593407,standard,1766.57,2026-05-13T10:00:44Z
871,linda.phillips871@synthetic-shipper.example,Linda,Phillips,Scottsdale,Arizona,85251,US,33.4496928,-111.9293521,standard,1970.91,2026-05-13T10:00:44Z
872,william.evans872@synthetic-shipper.example,William,Evans,Honolulu,Hawaii,96801,US,21.3167992,-157.8941593,preferred,4501.64,2026-05-13T10:00:44Z
873,elizabeth.evans873@synthetic-shipper.example,Elizabeth,Evans,Boulder,Colorado,80301,US,40.0276324,-105.2634026,preferred,5633.47,2026-05-13T10:00:44Z
874,david.turner874@synthetic-shipper.example,David,Turner,Savannah,Georgia,31401,US,32.0368922,-81.0696221,vip,15663.44,2026-05-13T10:00:44Z
875,barbara.turner875@synthetic-shipper.example,Barbara,Turner,New York,New York,10001,US,40.701494,-73.9741468,new,138.37,2026-05-13T10:00:44Z
876,richard.diaz876@synthetic-shipper.example,Richard,Diaz,Los Angeles,California,90001,US,34.0718863,-118.274601,standard,1005.73,2026-05-13T10:00:44Z
877,susan.diaz877@synthetic-shipper.example,Susan,Diaz,Chicago,Illinois,60601,US,41.8475243,-87.6010655,standard,1090.21,2026-05-13T10:00:44Z
878,joseph.parker878@synthetic-shipper.example,Joseph,Parker,Houston,Texas,77001,US,29.7974423,-95.3985486,standard,596.62,2026-05-13T10:00:44Z
879,jessica.parker879@synthetic-shipper.example,Jessica,Parker,Phoenix,Arizona,85001,US,33.4614274,-112.1075267,preferred,3712.19,2026-05-13T10:00:44Z
880,thomas.cruz880@synthetic-shipper.example,Thomas,Cruz,Philadelphia,Pennsylvania,19101,US,39.9247034,-75.2044663,preferred,7883.78,2026-05-13T10:00:44Z
881,sarah.cruz881@synthetic-shipper.example,Sarah,Cruz,San Antonio,Texas,78201,US,29.3843851,-98.5316575,vip,45067.57,2026-05-13T10:00:44Z
882,christopher.edwards882@synthetic-shipper.example,Christopher,Edwards,San Diego,California,92101,US,32.741919,-117.1797212,new,187.55,2026-05-13T10:00:44Z
883,karen.edwards883@synthetic-shipper.example,Karen,Edwards,Dallas,Texas,75201,US,32.8142637,-96.8385235,standard,743.17,2026-05-13T10:00:44Z
884,charles.collins884@synthetic-shipper.example,Charles,Collins,San Jose,California,95101,US,37.3158386,-121.8626035,standard,1985.05,2026-05-13T10:00:44Z
885,lisa.collins885@synthetic-shipper.example,Lisa,Collins,Austin,Texas,73301,US,30.3036545,-97.6992718,standard,1282.47,2026-05-13T10:00:44Z
886,daniel.reyes886@synthetic-shipper.example,Daniel,Reyes,Jacksonville,Florida,32099,US,30.3125212,-81.6724059,preferred,2056.47,2026-05-13T10:00:44Z
887,nancy.reyes887@synthetic-shipper.example,Nancy,Reyes,Fort Worth,Texas,76101,US,32.7560884,-97.33171,preferred,4688.22,2026-05-13T10:00:44Z
888,matthew.stewart888@synthetic-shipper.example,Matthew,Stewart,Columbus,Ohio,43085,US,39.9250521,-82.998638,vip,35542.6,2026-05-13T10:00:44Z
889,betty.stewart889@synthetic-shipper.example,Betty,Stewart,Charlotte,North Carolina,28201,US,35.2143144,-80.8245797,new,100.22,2026-05-13T10:00:44Z
890,anthony.morris890@synthetic-shipper.example,Anthony,Morris,Indianapolis,Indiana,46201,US,39.7667632,-86.1260975,standard,1301.2,2026-05-13T10:00:44Z
891,margaret.morris891@synthetic-shipper.example,Margaret,Morris,San Francisco,California,94101,US,37.7801315,-122.3964825,standard,572.61,2026-05-13T10:00:44Z
892,mark.morales892@synthetic-shipper.example,Mark,Morales,Seattle,Washington,98101,US,47.5736713,-122.2998888,standard,1411.76,2026-05-13T10:00:44Z
893,sandra.morales893@synthetic-shipper.example,Sandra,Morales,Denver,Colorado,80201,US,39.6922382,-105.0140424,preferred,1206.97,2026-05-13T10:00:44Z
894,donald.murphy894@synthetic-shipper.example,Donald,Murphy,Nashville,Tennessee,37201,US,36.1595828,-86.7342751,preferred,7323.07,2026-05-13T10:00:44Z
895,ashley.murphy895@synthetic-shipper.example,Ashley,Murphy,Portland,Oregon,97201,US,45.4795519,-122.7225212,vip,46758.01,2026-05-13T10:00:44Z
896,steven.cook896@synthetic-shipper.example,Steven,Cook,Las Vegas,Nevada,89101,US,36.1611302,-115.1724365,new,145.13,2026-05-13T10:00:44Z
897,kimberly.cook897@synthetic-shipper.example,Kimberly,Cook,Miami,Florida,33101,US,25.8031345,-80.2281842,standard,1136.36,2026-05-13T10:00:44Z
898,andrew.rogers898@synthetic-shipper.example,Andrew,Rogers,Atlanta,Georgia,30301,US,33.7652122,-84.4020446,standard,1345.7,2026-05-13T10:00:44Z
899,emily.rogers899@synthetic-shipper.example,Emily,Rogers,Boston,Massachusetts,02101,US,42.3492497,-71.0614005,standard,1257.02,2026-05-13T10:00:44Z
900,paul.gutierrez900@synthetic-shipper.example,Paul,Gutierrez,Minneapolis,Minnesota,55401,US,44.984796,-93.2904178,preferred,6632.39,2026-05-13T10:00:44Z
901,donna.gutierrez901@synthetic-shipper.example,Donna,Gutierrez,Salt Lake City,Utah,84101,US,40.7695253,-111.8982048,preferred,1936.69,2026-05-13T10:00:44Z
902,joshua.ortiz902@synthetic-shipper.example,Joshua,Ortiz,Detroit,Michigan,48201,US,42.3496528,-83.05069,vip,41627.3,2026-05-13T10:00:44Z
903,michelle.ortiz903@synthetic-shipper.example,Michelle,Ortiz,Tampa,Florida,33601,US,27.965792,-82.4177073,new,111.82,2026-05-13T10:00:44Z
904,kenneth.morgan904@synthetic-shipper.example,Kenneth,Morgan,Brooklyn,New York,11201,US,40.6336221,-73.916996,standard,481.63,2026-05-13T10:00:44Z
905,carol.morgan905@synthetic-shipper.example,Carol,Morgan,Raleigh,North Carolina,27601,US,35.7750844,-78.6232597,standard,681.76,2026-05-13T10:00:44Z
906,kevin.cooper906@synthetic-shipper.example,Kevin,Cooper,Scottsdale,Arizona,85251,US,33.4846352,-111.9210178,standard,1144.41,2026-05-13T10:00:44Z
907,amanda.cooper907@synthetic-shipper.example,Amanda,Cooper,Honolulu,Hawaii,96801,US,21.2615562,-157.8796512,preferred,5726.79,2026-05-13T10:00:44Z
908,brian.peterson908@synthetic-shipper.example,Brian,Peterson,Boulder,Colorado,80301,US,39.9937845,-105.3059246,preferred,6749.52,2026-05-13T10:00:44Z
909,dorothy.peterson909@synthetic-shipper.example,Dorothy,Peterson,Savannah,Georgia,31401,US,32.1166701,-81.0468187,vip,13081.08,2026-05-13T10:00:44Z
910,george.bailey910@synthetic-shipper.example,George,Bailey,New York,New York,10001,US,40.7123026,-73.9815327,new,40.83,2026-05-13T10:00:44Z
911,melissa.bailey911@synthetic-shipper.example,Melissa,Bailey,Los Angeles,California,90001,US,34.018538,-118.2319365,standard,229.08,2026-05-13T10:00:44Z
912,timothy.reed912@synthetic-shipper.example,Timothy,Reed,Chicago,Illinois,60601,US,41.8998236,-87.6646644,standard,1412,2026-05-13T10:00:44Z
913,deborah.reed913@synthetic-shipper.example,Deborah,Reed,Houston,Texas,77001,US,29.7591033,-95.3402561,standard,906.26,2026-05-13T10:00:44Z
914,aiden.kelly914@synthetic-shipper.example,Aiden,Kelly,Phoenix,Arizona,85001,US,33.4910486,-112.0773477,preferred,7676,2026-05-13T10:00:44Z
915,sofia.kelly915@synthetic-shipper.example,Sofia,Kelly,Philadelphia,Pennsylvania,19101,US,39.9877645,-75.1782811,preferred,7619.73,2026-05-13T10:00:44Z
916,liam.howard916@synthetic-shipper.example,Liam,Howard,San Antonio,Texas,78201,US,29.394632,-98.5369526,vip,40350.23,2026-05-13T10:00:44Z
917,olivia.howard917@synthetic-shipper.example,Olivia,Howard,San Diego,California,92101,US,32.6941212,-117.1672941,new,182.08,2026-05-13T10:00:44Z
918,noah.ramos918@synthetic-shipper.example,Noah,Ramos,Dallas,Texas,75201,US,32.7892988,-96.7612195,standard,1546.82,2026-05-13T10:00:44Z
919,emma.ramos919@synthetic-shipper.example,Emma,Ramos,San Jose,California,95101,US,37.3195393,-121.8918046,standard,844,2026-05-13T10:00:44Z
920,ethan.kim920@synthetic-shipper.example,Ethan,Kim,Austin,Texas,73301,US,30.219011,-97.7753446,standard,806.35,2026-05-13T10:00:44Z
921,ava.kim921@synthetic-shipper.example,Ava,Kim,Jacksonville,Florida,32099,US,30.3449013,-81.62417,preferred,2370.41,2026-05-13T10:00:44Z
922,mason.cox922@synthetic-shipper.example,Mason,Cox,Fort Worth,Texas,76101,US,32.7946387,-97.3036543,preferred,4587.93,2026-05-13T10:00:44Z
923,isabella.cox923@synthetic-shipper.example,Isabella,Cox,Columbus,Ohio,43085,US,39.9842539,-82.9546122,vip,46552.85,2026-05-13T10:00:44Z
924,lucas.ward924@synthetic-shipper.example,Lucas,Ward,Charlotte,North Carolina,28201,US,35.2274402,-80.8600162,new,88.97,2026-05-13T10:00:44Z
925,mia.ward925@synthetic-shipper.example,Mia,Ward,Indianapolis,Indiana,46201,US,39.7804931,-86.1182793,standard,132.96,2026-05-13T10:00:44Z
926,logan.richardson926@synthetic-shipper.example,Logan,Richardson,San Francisco,California,94101,US,37.7855921,-122.4200835,standard,1345.79,2026-05-13T10:00:44Z
927,charlotte.richardson927@synthetic-shipper.example,Charlotte,Richardson,Seattle,Washington,98101,US,47.5651956,-122.3679087,standard,503.23,2026-05-13T10:00:44Z
928,jackson.watson928@synthetic-shipper.example,Jackson,Watson,Denver,Colorado,80201,US,39.7857653,-105.0281986,preferred,3673.1,2026-05-13T10:00:44Z
929,amelia.watson929@synthetic-shipper.example,Amelia,Watson,Nashville,Tennessee,37201,US,36.1586511,-86.7839227,preferred,5217.34,2026-05-13T10:00:44Z
930,sebastian.brooks930@synthetic-shipper.example,Sebastian,Brooks,Portland,Oregon,97201,US,45.4714293,-122.6548654,vip,7816.48,2026-05-13T10:00:44Z
931,harper.brooks931@synthetic-shipper.example,Harper,Brooks,Las Vegas,Nevada,89101,US,36.1819122,-115.1783954,new,65.78,2026-05-13T10:00:44Z
932,mateo.chavez932@synthetic-shipper.example,Mateo,Chavez,Miami,Florida,33101,US,25.7583276,-80.1600127,standard,1260.41,2026-05-13T10:00:44Z
933,evelyn.chavez933@synthetic-shipper.example,Evelyn,Chavez,Atlanta,Georgia,30301,US,33.7859073,-84.3797816,standard,552.16,2026-05-13T10:00:44Z
934,henry.wood934@synthetic-shipper.example,Henry,Wood,Boston,Massachusetts,02101,US,42.3331403,-71.0380278,standard,691.03,2026-05-13T10:00:44Z
935,luna.wood935@synthetic-shipper.example,Luna,Wood,Minneapolis,Minnesota,55401,US,45.0205722,-93.2244857,preferred,3781.18,2026-05-13T10:00:44Z
936,owen.james936@synthetic-shipper.example,Owen,James,Salt Lake City,Utah,84101,US,40.7525161,-111.9177091,preferred,3353.86,2026-05-13T10:00:44Z
937,camila.james937@synthetic-shipper.example,Camila,James,Detroit,Michigan,48201,US,42.3417805,-83.0554651,vip,20793.63,2026-05-13T10:00:44Z
938,wyatt.bennett938@synthetic-shipper.example,Wyatt,Bennett,Tampa,Florida,33601,US,27.9759637,-82.4088236,new,117.37,2026-05-13T10:00:44Z
939,aria.bennett939@synthetic-shipper.example,Aria,Bennett,Brooklyn,New York,11201,US,40.7080251,-73.9855476,standard,667.28,2026-05-13T10:00:44Z
940,jack.gray940@synthetic-shipper.example,Jack,Gray,Raleigh,North Carolina,27601,US,35.787115,-78.592832,standard,654.94,2026-05-13T10:00:44Z
941,scarlett.gray941@synthetic-shipper.example,Scarlett,Gray,Scottsdale,Arizona,85251,US,33.4694307,-111.9410339,standard,1062.93,2026-05-13T10:00:44Z
942,leo.mendoza942@synthetic-shipper.example,Leo,Mendoza,Honolulu,Hawaii,96801,US,21.2624582,-157.8113323,preferred,1391.47,2026-05-13T10:00:44Z
943,penelope.mendoza943@synthetic-shipper.example,Penelope,Mendoza,Boulder,Colorado,80301,US,39.9905325,-105.2714996,preferred,2040.98,2026-05-13T10:00:44Z
944,asher.ruiz944@synthetic-shipper.example,Asher,Ruiz,Savannah,Georgia,31401,US,32.1275744,-81.0574676,vip,26617.56,2026-05-13T10:00:44Z
945,layla.ruiz945@synthetic-shipper.example,Layla,Ruiz,New York,New York,10001,US,40.723754,-74.0542322,new,40.38,2026-05-13T10:00:44Z
946,ezra.hughes946@synthetic-shipper.example,Ezra,Hughes,Los Angeles,California,90001,US,34.0740138,-118.2554186,standard,189.41,2026-05-13T10:00:44Z
947,chloe.hughes947@synthetic-shipper.example,Chloe,Hughes,Chicago,Illinois,60601,US,41.9234447,-87.6734684,standard,772.45,2026-05-13T10:00:44Z
948,benjamin.price948@synthetic-shipper.example,Benjamin,Price,Houston,Texas,77001,US,29.7753455,-95.338207,standard,1772.23,2026-05-13T10:00:44Z
949,riley.price949@synthetic-shipper.example,Riley,Price,Phoenix,Arizona,85001,US,33.4611477,-112.0821627,preferred,6033.77,2026-05-13T10:00:44Z
950,caleb.alvarez950@synthetic-shipper.example,Caleb,Alvarez,Philadelphia,Pennsylvania,19101,US,39.9928813,-75.2110575,preferred,2403.99,2026-05-13T10:00:44Z
951,zoey.alvarez951@synthetic-shipper.example,Zoey,Alvarez,San Antonio,Texas,78201,US,29.4485783,-98.5314621,vip,39719.89,2026-05-13T10:00:44Z
952,samuel.castillo952@synthetic-shipper.example,Samuel,Castillo,San Diego,California,92101,US,32.702399,-117.1825016,new,186.57,2026-05-13T10:00:44Z
953,nora.castillo953@synthetic-shipper.example,Nora,Castillo,Dallas,Texas,75201,US,32.7813023,-96.8286953,standard,1388.96,2026-05-13T10:00:44Z
954,dylan.sanders954@synthetic-shipper.example,Dylan,Sanders,San Jose,California,95101,US,37.3698656,-121.8979095,standard,850.78,2026-05-13T10:00:44Z
955,lily.sanders955@synthetic-shipper.example,Lily,Sanders,Austin,Texas,73301,US,30.2724857,-97.7717655,standard,233.44,2026-05-13T10:00:44Z
956,gabriel.patel956@synthetic-shipper.example,Gabriel,Patel,Jacksonville,Florida,32099,US,30.3455923,-81.6585225,preferred,3947.19,2026-05-13T10:00:44Z
957,eleanor.patel957@synthetic-shipper.example,Eleanor,Patel,Fort Worth,Texas,76101,US,32.770749,-97.3056302,preferred,3566.04,2026-05-13T10:00:44Z
958,elijah.myers958@synthetic-shipper.example,Elijah,Myers,Columbus,Ohio,43085,US,39.9284195,-83.0263395,vip,11742.81,2026-05-13T10:00:44Z
959,hannah.myers959@synthetic-shipper.example,Hannah,Myers,Charlotte,North Carolina,28201,US,35.1996914,-80.8051216,new,153.92,2026-05-13T10:00:44Z
960,james.smith960@synthetic-shipper.example,James,Smith,Indianapolis,Indiana,46201,US,39.7440494,-86.1122605,standard,1561.16,2026-05-13T10:00:44Z
961,mary.smith961@synthetic-shipper.example,Mary,Smith,San Francisco,California,94101,US,37.8169264,-122.4693892,standard,121.1,2026-05-13T10:00:44Z
962,john.johnson962@synthetic-shipper.example,John,Johnson,Seattle,Washington,98101,US,47.5975234,-122.3487266,standard,1261.63,2026-05-13T10:00:44Z
963,patricia.johnson963@synthetic-shipper.example,Patricia,Johnson,Denver,Colorado,80201,US,39.7772286,-105.0247436,preferred,1863.16,2026-05-13T10:00:44Z
964,robert.williams964@synthetic-shipper.example,Robert,Williams,Nashville,Tennessee,37201,US,36.1569203,-86.7781205,preferred,2405.07,2026-05-13T10:00:44Z
965,jennifer.williams965@synthetic-shipper.example,Jennifer,Williams,Portland,Oregon,97201,US,45.5076156,-122.6777696,vip,39502.34,2026-05-13T10:00:44Z
966,michael.brown966@synthetic-shipper.example,Michael,Brown,Las Vegas,Nevada,89101,US,36.1500149,-115.1614622,new,55.33,2026-05-13T10:00:44Z
967,linda.brown967@synthetic-shipper.example,Linda,Brown,Miami,Florida,33101,US,25.7202688,-80.2138033,standard,646.64,2026-05-13T10:00:44Z
968,william.jones968@synthetic-shipper.example,William,Jones,Atlanta,Georgia,30301,US,33.734041,-84.4304992,standard,423.13,2026-05-13T10:00:44Z
969,elizabeth.jones969@synthetic-shipper.example,Elizabeth,Jones,Boston,Massachusetts,02101,US,42.3642163,-71.0118303,standard,605.46,2026-05-13T10:00:44Z
970,david.garcia970@synthetic-shipper.example,David,Garcia,Minneapolis,Minnesota,55401,US,44.9979877,-93.2526516,preferred,1008.14,2026-05-13T10:00:44Z
971,barbara.garcia971@synthetic-shipper.example,Barbara,Garcia,Salt Lake City,Utah,84101,US,40.7797502,-111.8943712,preferred,2710.65,2026-05-13T10:00:44Z
972,richard.miller972@synthetic-shipper.example,Richard,Miller,Detroit,Michigan,48201,US,42.2820529,-83.0728109,vip,13241.97,2026-05-13T10:00:44Z
973,susan.miller973@synthetic-shipper.example,Susan,Miller,Tampa,Florida,33601,US,27.9199541,-82.4638857,new,143.53,2026-05-13T10:00:44Z
974,joseph.davis974@synthetic-shipper.example,Joseph,Davis,Brooklyn,New York,11201,US,40.6903752,-73.9865875,standard,800.93,2026-05-13T10:00:44Z
975,jessica.davis975@synthetic-shipper.example,Jessica,Davis,Raleigh,North Carolina,27601,US,35.7429297,-78.6805354,standard,112.48,2026-05-13T10:00:44Z
976,thomas.rodriguez976@synthetic-shipper.example,Thomas,Rodriguez,Scottsdale,Arizona,85251,US,33.4868502,-111.9287657,standard,590.2,2026-05-13T10:00:44Z
977,sarah.rodriguez977@synthetic-shipper.example,Sarah,Rodriguez,Honolulu,Hawaii,96801,US,21.2626314,-157.8771399,preferred,4555.88,2026-05-13T10:00:44Z
978,christopher.martinez978@synthetic-shipper.example,Christopher,Martinez,Boulder,Colorado,80301,US,40.0589104,-105.2598096,preferred,2118.26,2026-05-13T10:00:44Z
979,karen.martinez979@synthetic-shipper.example,Karen,Martinez,Savannah,Georgia,31401,US,32.0586133,-81.0950573,vip,6503.11,2026-05-13T10:00:44Z
980,charles.hernandez980@synthetic-shipper.example,Charles,Hernandez,New York,New York,10001,US,40.7240546,-74.0444889,new,194.16,2026-05-13T10:00:44Z
981,lisa.hernandez981@synthetic-shipper.example,Lisa,Hernandez,Los Angeles,California,90001,US,34.0389687,-118.2367212,standard,1918.72,2026-05-13T10:00:44Z
982,daniel.lopez982@synthetic-shipper.example,Daniel,Lopez,Chicago,Illinois,60601,US,41.866488,-87.6349268,standard,1281.52,2026-05-13T10:00:44Z
983,nancy.lopez983@synthetic-shipper.example,Nancy,Lopez,Houston,Texas,77001,US,29.7588358,-95.3580303,standard,1552.9,2026-05-13T10:00:44Z
984,matthew.gonzalez984@synthetic-shipper.example,Matthew,Gonzalez,Phoenix,Arizona,85001,US,33.462957,-112.0317099,preferred,7576.13,2026-05-13T10:00:44Z
985,betty.gonzalez985@synthetic-shipper.example,Betty,Gonzalez,Philadelphia,Pennsylvania,19101,US,39.9320275,-75.1933016,preferred,3516.52,2026-05-13T10:00:44Z
986,anthony.wilson986@synthetic-shipper.example,Anthony,Wilson,San Antonio,Texas,78201,US,29.4169073,-98.4659088,vip,21047.61,2026-05-13T10:00:44Z
987,margaret.wilson987@synthetic-shipper.example,Margaret,Wilson,San Diego,California,92101,US,32.7431013,-117.1512523,new,109.67,2026-05-13T10:00:44Z
988,mark.anderson988@synthetic-shipper.example,Mark,Anderson,Dallas,Texas,75201,US,32.7427914,-96.7829019,standard,636.37,2026-05-13T10:00:44Z
989,sandra.anderson989@synthetic-shipper.example,Sandra,Anderson,San Jose,California,95101,US,37.3159781,-121.8396365,standard,537.74,2026-05-13T10:00:44Z
990,donald.thomas990@synthetic-shipper.example,Donald,Thomas,Austin,Texas,73301,US,30.232596,-97.7311925,standard,1862.66,2026-05-13T10:00:44Z
991,ashley.thomas991@synthetic-shipper.example,Ashley,Thomas,Jacksonville,Florida,32099,US,30.3496858,-81.6495771,preferred,3415.02,2026-05-13T10:00:44Z
992,steven.taylor992@synthetic-shipper.example,Steven,Taylor,Fort Worth,Texas,76101,US,32.804576,-97.3802368,preferred,1020.52,2026-05-13T10:00:44Z
993,kimberly.taylor993@synthetic-shipper.example,Kimberly,Taylor,Columbus,Ohio,43085,US,39.9883255,-82.9870346,vip,28618.56,2026-05-13T10:00:44Z
994,andrew.moore994@synthetic-shipper.example,Andrew,Moore,Charlotte,North Carolina,28201,US,35.1968449,-80.8858928,new,138.87,2026-05-13T10:00:44Z
995,emily.moore995@synthetic-shipper.example,Emily,Moore,Indianapolis,Indiana,46201,US,39.8051485,-86.1729411,standard,852.86,2026-05-13T10:00:44Z
996,paul.jackson996@synthetic-shipper.example,Paul,Jackson,San Francisco,California,94101,US,37.7765365,-122.4326824,standard,1108.11,2026-05-13T10:00:44Z
997,donna.jackson997@synthetic-shipper.example,Donna,Jackson,Seattle,Washington,98101,US,47.6143754,-122.3769854,standard,829.25,2026-05-13T10:00:44Z
998,joshua.martin998@synthetic-shipper.example,Joshua,Martin,Denver,Colorado,80201,US,39.7145103,-104.962954,preferred,1419.33,2026-05-13T10:00:44Z
999,michelle.martin999@synthetic-shipper.example,Michelle,Martin,Nashville,Tennessee,37201,US,36.1314607,-86.7670531,preferred,6292.65,2026-05-13T10:00:44Z
1000,kenneth.lee1000@synthetic-shipper.example,Kenneth,Lee,Portland,Oregon,97201,US,45.5201566,-122.674616,vip,29139.04,2026-05-13T10:00:44Z
1001,carol.lee1001@synthetic-shipper.example,Carol,Lee,Las Vegas,Nevada,89101,US,36.1308688,-115.1738785,new,13.56,2026-05-13T10:00:44Z
1002,kevin.perez1002@synthetic-shipper.example,Kevin,Perez,Miami,Florida,33101,US,25.8059378,-80.1781669,standard,439.96,2026-05-13T10:00:44Z
1003,amanda.perez1003@synthetic-shipper.example,Amanda,Perez,Atlanta,Georgia,30301,US,33.787436,-84.431447,standard,1864.21,2026-05-13T10:00:44Z
1004,brian.thompson1004@synthetic-shipper.example,Brian,Thompson,Boston,Massachusetts,02101,US,42.3151957,-71.0463479,standard,1689.61,2026-05-13T10:00:44Z
1005,dorothy.thompson1005@synthetic-shipper.example,Dorothy,Thompson,Minneapolis,Minnesota,55401,US,45.0222595,-93.2508502,preferred,6942.89,2026-05-13T10:00:44Z
1006,george.white1006@synthetic-shipper.example,George,White,Salt Lake City,Utah,84101,US,40.7920884,-111.8732721,preferred,7650.46,2026-05-13T10:00:44Z
1007,melissa.white1007@synthetic-shipper.example,Melissa,White,Detroit,Michigan,48201,US,42.3428204,-83.0098465,vip,5367.06,2026-05-13T10:00:44Z
1008,timothy.harris1008@synthetic-shipper.example,Timothy,Harris,Tampa,Florida,33601,US,27.9993619,-82.4664937,new,3.56,2026-05-13T10:00:44Z
1009,deborah.harris1009@synthetic-shipper.example,Deborah,Harris,Brooklyn,New York,11201,US,40.6383094,-73.9079536,standard,845.82,2026-05-13T10:00:44Z
1010,aiden.sanchez1010@synthetic-shipper.example,Aiden,Sanchez,Raleigh,North Carolina,27601,US,35.7835354,-78.6341673,standard,492.72,2026-05-13T10:00:44Z
1011,sofia.sanchez1011@synthetic-shipper.example,Sofia,Sanchez,Scottsdale,Arizona,85251,US,33.5034664,-111.8880057,standard,1132.6,2026-05-13T10:00:44Z
1012,liam.clark1012@synthetic-shipper.example,Liam,Clark,Honolulu,Hawaii,96801,US,21.344227,-157.8943174,preferred,6438.09,2026-05-13T10:00:44Z
1013,olivia.clark1013@synthetic-shipper.example,Olivia,Clark,Boulder,Colorado,80301,US,39.9974777,-105.2453155,preferred,5958.82,2026-05-13T10:00:44Z
1014,noah.ramirez1014@synthetic-shipper.example,Noah,Ramirez,Savannah,Georgia,31401,US,32.0676224,-81.0844678,vip,23770.34,2026-05-13T10:00:44Z
1015,emma.ramirez1015@synthetic-shipper.example,Emma,Ramirez,New York,New York,10001,US,40.6860801,-74.0033651,new,198.54,2026-05-13T10:00:44Z
1016,ethan.lewis1016@synthetic-shipper.example,Ethan,Lewis,Los Angeles,California,90001,US,34.0031971,-118.2871012,standard,1416.02,2026-05-13T10:00:44Z
1017,ava.lewis1017@synthetic-shipper.example,Ava,Lewis,Chicago,Illinois,60601,US,41.9045249,-87.5996189,standard,956.4,2026-05-13T10:00:44Z
1018,mason.robinson1018@synthetic-shipper.example,Mason,Robinson,Houston,Texas,77001,US,29.7658204,-95.3660814,standard,1059.51,2026-05-13T10:00:44Z
1019,isabella.robinson1019@synthetic-shipper.example,Isabella,Robinson,Phoenix,Arizona,85001,US,33.4444341,-112.1029218,preferred,7614.32,2026-05-13T10:00:44Z
1020,lucas.walker1020@synthetic-shipper.example,Lucas,Walker,Philadelphia,Pennsylvania,19101,US,39.9411623,-75.1670269,preferred,1151.76,2026-05-13T10:00:44Z
1021,mia.walker1021@synthetic-shipper.example,Mia,Walker,San Antonio,Texas,78201,US,29.4213004,-98.4958977,vip,12949.58,2026-05-13T10:00:44Z
1022,logan.young1022@synthetic-shipper.example,Logan,Young,San Diego,California,92101,US,32.7270508,-117.1186773,new,189.29,2026-05-13T10:00:44Z
1023,charlotte.young1023@synthetic-shipper.example,Charlotte,Young,Dallas,Texas,75201,US,32.7824387,-96.8200628,standard,1554.16,2026-05-13T10:00:44Z
1024,jackson.allen1024@synthetic-shipper.example,Jackson,Allen,San Jose,California,95101,US,37.3249185,-121.9182892,standard,847.35,2026-05-13T10:00:44Z
1025,amelia.allen1025@synthetic-shipper.example,Amelia,Allen,Austin,Texas,73301,US,30.2172854,-97.7083995,standard,564.74,2026-05-13T10:00:44Z
1026,sebastian.king1026@synthetic-shipper.example,Sebastian,King,Jacksonville,Florida,32099,US,30.3532424,-81.605941,preferred,3701.19,2026-05-13T10:00:44Z
1027,harper.king1027@synthetic-shipper.example,Harper,King,Fort Worth,Texas,76101,US,32.7898273,-97.2942656,preferred,4311.36,2026-05-13T10:00:44Z
1028,mateo.wright1028@synthetic-shipper.example,Mateo,Wright,Columbus,Ohio,43085,US,39.9823701,-83.0394442,vip,34892.38,2026-05-13T10:00:44Z
1029,evelyn.wright1029@synthetic-shipper.example,Evelyn,Wright,Charlotte,North Carolina,28201,US,35.2259374,-80.8877995,new,15.5,2026-05-13T10:00:44Z
1030,henry.scott1030@synthetic-shipper.example,Henry,Scott,Indianapolis,Indiana,46201,US,39.7982549,-86.1822107,standard,274.28,2026-05-13T10:00:44Z
1031,luna.scott1031@synthetic-shipper.example,Luna,Scott,San Francisco,California,94101,US,37.813406,-122.389722,standard,1280.96,2026-05-13T10:00:44Z
1032,owen.torres1032@synthetic-shipper.example,Owen,Torres,Seattle,Washington,98101,US,47.5925591,-122.2840268,standard,534.85,2026-05-13T10:00:44Z
1033,camila.torres1033@synthetic-shipper.example,Camila,Torres,Denver,Colorado,80201,US,39.7650045,-104.9612812,preferred,4440.84,2026-05-13T10:00:44Z
1034,wyatt.nguyen1034@synthetic-shipper.example,Wyatt,Nguyen,Nashville,Tennessee,37201,US,36.1212987,-86.7938844,preferred,6570.05,2026-05-13T10:00:44Z
1035,aria.nguyen1035@synthetic-shipper.example,Aria,Nguyen,Portland,Oregon,97201,US,45.5347339,-122.6518896,vip,16074.31,2026-05-13T10:00:44Z
1036,jack.hill1036@synthetic-shipper.example,Jack,Hill,Las Vegas,Nevada,89101,US,36.2089888,-115.1633372,new,129.76,2026-05-13T10:00:44Z
1037,scarlett.hill1037@synthetic-shipper.example,Scarlett,Hill,Miami,Florida,33101,US,25.7534954,-80.2114386,standard,1116.07,2026-05-13T10:00:44Z
1038,leo.flores1038@synthetic-shipper.example,Leo,Flores,Atlanta,Georgia,30301,US,33.7675954,-84.4282675,standard,244.64,2026-05-13T10:00:44Z
1039,penelope.flores1039@synthetic-shipper.example,Penelope,Flores,Boston,Massachusetts,02101,US,42.335517,-71.0128622,standard,1193.05,2026-05-13T10:00:44Z
1040,asher.green1040@synthetic-shipper.example,Asher,Green,Minneapolis,Minnesota,55401,US,44.9316198,-93.2737943,preferred,4710.2,2026-05-13T10:00:44Z
1041,layla.green1041@synthetic-shipper.example,Layla,Green,Salt Lake City,Utah,84101,US,40.7494905,-111.8967552,preferred,2281.84,2026-05-13T10:00:44Z
1042,ezra.adams1042@synthetic-shipper.example,Ezra,Adams,Detroit,Michigan,48201,US,42.3436211,-83.0227224,vip,7976.84,2026-05-13T10:00:44Z
1043,chloe.adams1043@synthetic-shipper.example,Chloe,Adams,Tampa,Florida,33601,US,27.9742149,-82.4313101,new,32.17,2026-05-13T10:00:44Z
1044,benjamin.nelson1044@synthetic-shipper.example,Benjamin,Nelson,Brooklyn,New York,11201,US,40.6463605,-73.9145589,standard,1310.67,2026-05-13T10:00:44Z
1045,riley.nelson1045@synthetic-shipper.example,Riley,Nelson,Raleigh,North Carolina,27601,US,35.8015147,-78.6343388,standard,812.02,2026-05-13T10:00:44Z
1046,caleb.baker1046@synthetic-shipper.example,Caleb,Baker,Scottsdale,Arizona,85251,US,33.4755091,-111.9158411,standard,1297.85,2026-05-13T10:00:44Z
1047,zoey.baker1047@synthetic-shipper.example,Zoey,Baker,Honolulu,Hawaii,96801,US,21.3181288,-157.8176671,preferred,3507.3,2026-05-13T10:00:44Z
1048,samuel.hall1048@synthetic-shipper.example,Samuel,Hall,Boulder,Colorado,80301,US,39.9817851,-105.2720496,preferred,3496.34,2026-05-13T10:00:44Z
1049,nora.hall1049@synthetic-shipper.example,Nora,Hall,Savannah,Georgia,31401,US,32.0505847,-81.127277,vip,21029.8,2026-05-13T10:00:44Z
1050,dylan.rivera1050@synthetic-shipper.example,Dylan,Rivera,New York,New York,10001,US,40.7386896,-74.0158211,new,151.43,2026-05-13T10:00:44Z
1051,lily.rivera1051@synthetic-shipper.example,Lily,Rivera,Los Angeles,California,90001,US,34.0696669,-118.279205,standard,846.3,2026-05-13T10:00:44Z
1052,gabriel.campbell1052@synthetic-shipper.example,Gabriel,Campbell,Chicago,Illinois,60601,US,41.9142873,-87.6089802,standard,542.01,2026-05-13T10:00:44Z
1053,eleanor.campbell1053@synthetic-shipper.example,Eleanor,Campbell,Houston,Texas,77001,US,29.7510937,-95.3766513,standard,305.07,2026-05-13T10:00:44Z
1054,elijah.mitchell1054@synthetic-shipper.example,Elijah,Mitchell,Phoenix,Arizona,85001,US,33.4270009,-112.1167507,preferred,4668.02,2026-05-13T10:00:44Z
1055,hannah.mitchell1055@synthetic-shipper.example,Hannah,Mitchell,Philadelphia,Pennsylvania,19101,US,39.9935521,-75.2014899,preferred,1427.28,2026-05-13T10:00:44Z
1056,james.carter1056@synthetic-shipper.example,James,Carter,San Antonio,Texas,78201,US,29.4447573,-98.4436955,vip,42900.16,2026-05-13T10:00:44Z
1057,mary.carter1057@synthetic-shipper.example,Mary,Carter,San Diego,California,92101,US,32.7590475,-117.1244542,new,139.98,2026-05-13T10:00:44Z
1058,john.roberts1058@synthetic-shipper.example,John,Roberts,Dallas,Texas,75201,US,32.8153648,-96.8263952,standard,1746.74,2026-05-13T10:00:44Z
1059,patricia.roberts1059@synthetic-shipper.example,Patricia,Roberts,San Jose,California,95101,US,37.3421338,-121.8779248,standard,1803.47,2026-05-13T10:00:44Z
1060,robert.gomez1060@synthetic-shipper.example,Robert,Gomez,Austin,Texas,73301,US,30.299531,-97.7549893,standard,1205.19,2026-05-13T10:00:44Z
1061,jennifer.gomez1061@synthetic-shipper.example,Jennifer,Gomez,Jacksonville,Florida,32099,US,30.337563,-81.6646183,preferred,1927.96,2026-05-13T10:00:44Z
1062,michael.phillips1062@synthetic-shipper.example,Michael,Phillips,Fort Worth,Texas,76101,US,32.7924828,-97.3764522,preferred,7326.94,2026-05-13T10:00:44Z
1063,linda.phillips1063@synthetic-shipper.example,Linda,Phillips,Columbus,Ohio,43085,US,39.9594677,-83.0361917,vip,27707.4,2026-05-13T10:00:44Z
1064,william.evans1064@synthetic-shipper.example,William,Evans,Charlotte,North Carolina,28201,US,35.192545,-80.8331901,new,194.02,2026-05-13T10:00:44Z
1065,elizabeth.evans1065@synthetic-shipper.example,Elizabeth,Evans,Indianapolis,Indiana,46201,US,39.7603225,-86.155919,standard,1382.65,2026-05-13T10:00:44Z
1066,david.turner1066@synthetic-shipper.example,David,Turner,San Francisco,California,94101,US,37.7447845,-122.3819577,standard,182.52,2026-05-13T10:00:44Z
1067,barbara.turner1067@synthetic-shipper.example,Barbara,Turner,Seattle,Washington,98101,US,47.5618131,-122.3690678,standard,1018.74,2026-05-13T10:00:44Z
1068,richard.diaz1068@synthetic-shipper.example,Richard,Diaz,Denver,Colorado,80201,US,39.7515865,-104.9757456,preferred,1039.82,2026-05-13T10:00:44Z
1069,susan.diaz1069@synthetic-shipper.example,Susan,Diaz,Nashville,Tennessee,37201,US,36.141635,-86.8101994,preferred,5254.86,2026-05-13T10:00:44Z
1070,joseph.parker1070@synthetic-shipper.example,Joseph,Parker,Portland,Oregon,97201,US,45.5466313,-122.6598817,vip,37791.57,2026-05-13T10:00:44Z
1071,jessica.parker1071@synthetic-shipper.example,Jessica,Parker,Las Vegas,Nevada,89101,US,36.1439497,-115.0937433,new,17.86,2026-05-13T10:00:44Z
1072,thomas.cruz1072@synthetic-shipper.example,Thomas,Cruz,Miami,Florida,33101,US,25.7544852,-80.2262163,standard,1700.38,2026-05-13T10:00:44Z
1073,sarah.cruz1073@synthetic-shipper.example,Sarah,Cruz,Atlanta,Georgia,30301,US,33.7555648,-84.3987801,standard,320.34,2026-05-13T10:00:44Z
1074,christopher.edwards1074@synthetic-shipper.example,Christopher,Edwards,Boston,Massachusetts,02101,US,42.3913325,-71.0227978,standard,600.05,2026-05-13T10:00:44Z
1075,karen.edwards1075@synthetic-shipper.example,Karen,Edwards,Minneapolis,Minnesota,55401,US,44.9652995,-93.27973,preferred,5187.01,2026-05-13T10:00:44Z
1076,charles.collins1076@synthetic-shipper.example,Charles,Collins,Salt Lake City,Utah,84101,US,40.8018136,-111.9324507,preferred,3717.88,2026-05-13T10:00:44Z
1077,lisa.collins1077@synthetic-shipper.example,Lisa,Collins,Detroit,Michigan,48201,US,42.319411,-83.0362531,vip,8621.23,2026-05-13T10:00:44Z
1078,daniel.reyes1078@synthetic-shipper.example,Daniel,Reyes,Tampa,Florida,33601,US,27.9593366,-82.4624824,new,142.81,2026-05-13T10:00:44Z
1079,nancy.reyes1079@synthetic-shipper.example,Nancy,Reyes,Brooklyn,New York,11201,US,40.7022403,-73.9099019,standard,150.64,2026-05-13T10:00:44Z
1080,matthew.stewart1080@synthetic-shipper.example,Matthew,Stewart,Raleigh,North Carolina,27601,US,35.7928551,-78.6197858,standard,1287.17,2026-05-13T10:00:44Z
1081,betty.stewart1081@synthetic-shipper.example,Betty,Stewart,Scottsdale,Arizona,85251,US,33.5035914,-111.9037825,standard,1484.46,2026-05-13T10:00:44Z
1082,anthony.morris1082@synthetic-shipper.example,Anthony,Morris,Honolulu,Hawaii,96801,US,21.3381404,-157.8500698,preferred,1606.55,2026-05-13T10:00:44Z
1083,margaret.morris1083@synthetic-shipper.example,Margaret,Morris,Boulder,Colorado,80301,US,40.0441052,-105.2220127,preferred,6284.55,2026-05-13T10:00:44Z
1084,mark.morales1084@synthetic-shipper.example,Mark,Morales,Savannah,Georgia,31401,US,32.0615614,-81.140083,vip,46130.37,2026-05-13T10:00:44Z
1085,sandra.morales1085@synthetic-shipper.example,Sandra,Morales,New York,New York,10001,US,40.6709694,-74.0128874,new,147.09,2026-05-13T10:00:44Z
1086,donald.murphy1086@synthetic-shipper.example,Donald,Murphy,Los Angeles,California,90001,US,34.0415956,-118.2402998,standard,1017.74,2026-05-13T10:00:44Z
1087,ashley.murphy1087@synthetic-shipper.example,Ashley,Murphy,Chicago,Illinois,60601,US,41.8969309,-87.612854,standard,1488.97,2026-05-13T10:00:44Z
1088,steven.cook1088@synthetic-shipper.example,Steven,Cook,Houston,Texas,77001,US,29.7546775,-95.379632,standard,1638,2026-05-13T10:00:44Z
1089,kimberly.cook1089@synthetic-shipper.example,Kimberly,Cook,Phoenix,Arizona,85001,US,33.4099956,-112.02591,preferred,1926.51,2026-05-13T10:00:44Z
1090,andrew.rogers1090@synthetic-shipper.example,Andrew,Rogers,Philadelphia,Pennsylvania,19101,US,39.9493129,-75.2091598,preferred,6624.83,2026-05-13T10:00:44Z
1091,emily.rogers1091@synthetic-shipper.example,Emily,Rogers,San Antonio,Texas,78201,US,29.4585631,-98.5276438,vip,42799.04,2026-05-13T10:00:44Z
1092,paul.gutierrez1092@synthetic-shipper.example,Paul,Gutierrez,San Diego,California,92101,US,32.7006835,-117.1486271,new,23.07,2026-05-13T10:00:44Z
1093,donna.gutierrez1093@synthetic-shipper.example,Donna,Gutierrez,Dallas,Texas,75201,US,32.7620081,-96.8303954,standard,942.32,2026-05-13T10:00:44Z
1094,joshua.ortiz1094@synthetic-shipper.example,Joshua,Ortiz,San Jose,California,95101,US,37.3184276,-121.914625,standard,741.39,2026-05-13T10:00:44Z
1095,michelle.ortiz1095@synthetic-shipper.example,Michelle,Ortiz,Austin,Texas,73301,US,30.2987918,-97.7469197,standard,283.66,2026-05-13T10:00:44Z
1096,kenneth.morgan1096@synthetic-shipper.example,Kenneth,Morgan,Jacksonville,Florida,32099,US,30.3019095,-81.6075677,preferred,1186.16,2026-05-13T10:00:44Z
1097,carol.morgan1097@synthetic-shipper.example,Carol,Morgan,Fort Worth,Texas,76101,US,32.7812688,-97.3379288,preferred,7868.24,2026-05-13T10:00:44Z
1098,kevin.cooper1098@synthetic-shipper.example,Kevin,Cooper,Columbus,Ohio,43085,US,39.9546299,-83.0412674,vip,28059.83,2026-05-13T10:00:44Z
1099,amanda.cooper1099@synthetic-shipper.example,Amanda,Cooper,Charlotte,North Carolina,28201,US,35.263202,-80.822113,new,17.16,2026-05-13T10:00:44Z
1100,brian.peterson1100@synthetic-shipper.example,Brian,Peterson,Indianapolis,Indiana,46201,US,39.8074198,-86.1801467,standard,1437.74,2026-05-13T10:00:44Z
1101,dorothy.peterson1101@synthetic-shipper.example,Dorothy,Peterson,San Francisco,California,94101,US,37.7843915,-122.4058317,standard,1321.14,2026-05-13T10:00:44Z
1102,george.bailey1102@synthetic-shipper.example,George,Bailey,Seattle,Washington,98101,US,47.5591381,-122.3164552,standard,374.43,2026-05-13T10:00:44Z
1103,melissa.bailey1103@synthetic-shipper.example,Melissa,Bailey,Denver,Colorado,80201,US,39.707077,-104.9968225,preferred,5451.29,2026-05-13T10:00:44Z
1104,timothy.reed1104@synthetic-shipper.example,Timothy,Reed,Nashville,Tennessee,37201,US,36.1947595,-86.7619768,preferred,5180.2,2026-05-13T10:00:44Z
1105,deborah.reed1105@synthetic-shipper.example,Deborah,Reed,Portland,Oregon,97201,US,45.5479699,-122.6779773,vip,38783.83,2026-05-13T10:00:44Z
1106,aiden.kelly1106@synthetic-shipper.example,Aiden,Kelly,Las Vegas,Nevada,89101,US,36.2035069,-115.125813,new,26.25,2026-05-13T10:00:44Z
1107,sofia.kelly1107@synthetic-shipper.example,Sofia,Kelly,Miami,Florida,33101,US,25.7230536,-80.1544356,standard,827.7,2026-05-13T10:00:44Z
1108,liam.howard1108@synthetic-shipper.example,Liam,Howard,Atlanta,Georgia,30301,US,33.7305988,-84.3478572,standard,878.26,2026-05-13T10:00:44Z
1109,olivia.howard1109@synthetic-shipper.example,Olivia,Howard,Boston,Massachusetts,02101,US,42.40268,-71.0383349,standard,357.88,2026-05-13T10:00:44Z
1110,noah.ramos1110@synthetic-shipper.example,Noah,Ramos,Minneapolis,Minnesota,55401,US,45.0097448,-93.2909968,preferred,7086.02,2026-05-13T10:00:44Z
1111,emma.ramos1111@synthetic-shipper.example,Emma,Ramos,Salt Lake City,Utah,84101,US,40.7194028,-111.8462004,preferred,7329.83,2026-05-13T10:00:44Z
1112,ethan.kim1112@synthetic-shipper.example,Ethan,Kim,Detroit,Michigan,48201,US,42.3296008,-83.0626343,vip,41077.8,2026-05-13T10:00:44Z
1113,ava.kim1113@synthetic-shipper.example,Ava,Kim,Tampa,Florida,33601,US,27.9738562,-82.4077313,new,174.64,2026-05-13T10:00:44Z
1114,mason.cox1114@synthetic-shipper.example,Mason,Cox,Brooklyn,New York,11201,US,40.6905766,-73.9924311,standard,1803.5,2026-05-13T10:00:44Z
1115,isabella.cox1115@synthetic-shipper.example,Isabella,Cox,Raleigh,North Carolina,27601,US,35.8027929,-78.6296613,standard,1387.35,2026-05-13T10:00:44Z
1116,lucas.ward1116@synthetic-shipper.example,Lucas,Ward,Scottsdale,Arizona,85251,US,33.5085704,-111.9490632,standard,1872.58,2026-05-13T10:00:44Z
1117,mia.ward1117@synthetic-shipper.example,Mia,Ward,Honolulu,Hawaii,96801,US,21.3037824,-157.8108444,preferred,6006.37,2026-05-13T10:00:44Z
1118,logan.richardson1118@synthetic-shipper.example,Logan,Richardson,Boulder,Colorado,80301,US,39.9763687,-105.2998814,preferred,5084.6,2026-05-13T10:00:44Z
1119,charlotte.richardson1119@synthetic-shipper.example,Charlotte,Richardson,Savannah,Georgia,31401,US,32.1087432,-81.0891285,vip,13143.21,2026-05-13T10:00:44Z
1120,jackson.watson1120@synthetic-shipper.example,Jackson,Watson,New York,New York,10001,US,40.6641867,-73.9711171,new,68.27,2026-05-13T10:00:44Z
1121,amelia.watson1121@synthetic-shipper.example,Amelia,Watson,Los Angeles,California,90001,US,34.056216,-118.2672202,standard,1803.31,2026-05-13T10:00:44Z
1122,sebastian.brooks1122@synthetic-shipper.example,Sebastian,Brooks,Chicago,Illinois,60601,US,41.8679901,-87.6495397,standard,827.26,2026-05-13T10:00:44Z
1123,harper.brooks1123@synthetic-shipper.example,Harper,Brooks,Houston,Texas,77001,US,29.772795,-95.3637739,standard,152.99,2026-05-13T10:00:44Z
1124,mateo.chavez1124@synthetic-shipper.example,Mateo,Chavez,Phoenix,Arizona,85001,US,33.4011841,-112.0780165,preferred,4492.4,2026-05-13T10:00:44Z
1125,evelyn.chavez1125@synthetic-shipper.example,Evelyn,Chavez,Philadelphia,Pennsylvania,19101,US,39.9086557,-75.1306535,preferred,5602.91,2026-05-13T10:00:44Z
1126,henry.wood1126@synthetic-shipper.example,Henry,Wood,San Antonio,Texas,78201,US,29.4083551,-98.4476308,vip,25656.39,2026-05-13T10:00:44Z
1127,luna.wood1127@synthetic-shipper.example,Luna,Wood,San Diego,California,92101,US,32.7507923,-117.1716376,new,34.36,2026-05-13T10:00:44Z
1128,owen.james1128@synthetic-shipper.example,Owen,James,Dallas,Texas,75201,US,32.7719946,-96.7536866,standard,1392.39,2026-05-13T10:00:44Z
1129,camila.james1129@synthetic-shipper.example,Camila,James,San Jose,California,95101,US,37.2967222,-121.849854,standard,947.82,2026-05-13T10:00:44Z
1130,wyatt.bennett1130@synthetic-shipper.example,Wyatt,Bennett,Austin,Texas,73301,US,30.2315063,-97.7435124,standard,990.55,2026-05-13T10:00:44Z
1131,aria.bennett1131@synthetic-shipper.example,Aria,Bennett,Jacksonville,Florida,32099,US,30.3591679,-81.6784278,preferred,2263.4,2026-05-13T10:00:44Z
1132,jack.gray1132@synthetic-shipper.example,Jack,Gray,Fort Worth,Texas,76101,US,32.7334348,-97.3785334,preferred,2816.4,2026-05-13T10:00:44Z
1133,scarlett.gray1133@synthetic-shipper.example,Scarlett,Gray,Columbus,Ohio,43085,US,39.9817445,-83.0132121,vip,19413.15,2026-05-13T10:00:44Z
1134,leo.mendoza1134@synthetic-shipper.example,Leo,Mendoza,Charlotte,North Carolina,28201,US,35.2202853,-80.8259456,new,29.13,2026-05-13T10:00:44Z
1135,penelope.mendoza1135@synthetic-shipper.example,Penelope,Mendoza,Indianapolis,Indiana,46201,US,39.7556754,-86.1551619,standard,1487.39,2026-05-13T10:00:44Z
1136,asher.ruiz1136@synthetic-shipper.example,Asher,Ruiz,San Francisco,California,94101,US,37.7291545,-122.4237762,standard,1658.04,2026-05-13T10:00:44Z
1137,layla.ruiz1137@synthetic-shipper.example,Layla,Ruiz,Seattle,Washington,98101,US,47.5914756,-122.3191645,standard,415.17,2026-05-13T10:00:44Z
1138,ezra.hughes1138@synthetic-shipper.example,Ezra,Hughes,Denver,Colorado,80201,US,39.6913542,-104.9936187,preferred,7407.37,2026-05-13T10:00:44Z
1139,chloe.hughes1139@synthetic-shipper.example,Chloe,Hughes,Nashville,Tennessee,37201,US,36.14697,-86.7690618,preferred,6473.74,2026-05-13T10:00:44Z
1140,benjamin.price1140@synthetic-shipper.example,Benjamin,Price,Portland,Oregon,97201,US,45.5503482,-122.6742036,vip,10816.62,2026-05-13T10:00:44Z
1141,riley.price1141@synthetic-shipper.example,Riley,Price,Las Vegas,Nevada,89101,US,36.1407376,-115.150437,new,159.7,2026-05-13T10:00:44Z
1142,caleb.alvarez1142@synthetic-shipper.example,Caleb,Alvarez,Miami,Florida,33101,US,25.78754,-80.2110811,standard,1682.67,2026-05-13T10:00:44Z
1143,zoey.alvarez1143@synthetic-shipper.example,Zoey,Alvarez,Atlanta,Georgia,30301,US,33.7967851,-84.3613998,standard,1016.75,2026-05-13T10:00:44Z
1144,samuel.castillo1144@synthetic-shipper.example,Samuel,Castillo,Boston,Massachusetts,02101,US,42.3705679,-71.0314596,standard,482.56,2026-05-13T10:00:44Z
1145,nora.castillo1145@synthetic-shipper.example,Nora,Castillo,Minneapolis,Minnesota,55401,US,45.018,-93.2926323,preferred,5418.66,2026-05-13T10:00:44Z
1146,dylan.sanders1146@synthetic-shipper.example,Dylan,Sanders,Salt Lake City,Utah,84101,US,40.760823,-111.8914509,preferred,7468.04,2026-05-13T10:00:44Z
1147,lily.sanders1147@synthetic-shipper.example,Lily,Sanders,Detroit,Michigan,48201,US,42.3426097,-83.0520022,vip,22521.74,2026-05-13T10:00:44Z
1148,gabriel.patel1148@synthetic-shipper.example,Gabriel,Patel,Tampa,Florida,33601,US,27.9390051,-82.4907395,new,98.76,2026-05-13T10:00:44Z
1149,eleanor.patel1149@synthetic-shipper.example,Eleanor,Patel,Brooklyn,New York,11201,US,40.724445,-73.9829621,standard,1929.11,2026-05-13T10:00:44Z
1150,elijah.myers1150@synthetic-shipper.example,Elijah,Myers,Raleigh,North Carolina,27601,US,35.7684744,-78.6751169,standard,1806.4,2026-05-13T10:00:44Z
1151,hannah.myers1151@synthetic-shipper.example,Hannah,Myers,Scottsdale,Arizona,85251,US,33.4560771,-111.8847179,standard,1172.8,2026-05-13T10:00:44Z
1152,james.smith1152@synthetic-shipper.example,James,Smith,Honolulu,Hawaii,96801,US,21.3547631,-157.8892747,preferred,6246.57,2026-05-13T10:00:44Z
1153,mary.smith1153@synthetic-shipper.example,Mary,Smith,Boulder,Colorado,80301,US,39.9862706,-105.2854396,preferred,7851.13,2026-05-13T10:00:44Z
1154,john.johnson1154@synthetic-shipper.example,John,Johnson,Savannah,Georgia,31401,US,32.0330367,-81.0764776,vip,18292.24,2026-05-13T10:00:44Z
1155,patricia.johnson1155@synthetic-shipper.example,Patricia,Johnson,New York,New York,10001,US,40.7425115,-74.0305244,new,46.13,2026-05-13T10:00:44Z
1156,robert.williams1156@synthetic-shipper.example,Robert,Williams,Los Angeles,California,90001,US,34.0861344,-118.2415229,standard,1720.76,2026-05-13T10:00:44Z
1157,jennifer.williams1157@synthetic-shipper.example,Jennifer,Williams,Chicago,Illinois,60601,US,41.8452335,-87.5843203,standard,1928.38,2026-05-13T10:00:44Z
1158,michael.brown1158@synthetic-shipper.example,Michael,Brown,Houston,Texas,77001,US,29.7727074,-95.3962467,standard,220.38,2026-05-13T10:00:44Z
1159,linda.brown1159@synthetic-shipper.example,Linda,Brown,Phoenix,Arizona,85001,US,33.4745168,-112.1069175,preferred,5945.98,2026-05-13T10:00:44Z
1160,william.jones1160@synthetic-shipper.example,William,Jones,Philadelphia,Pennsylvania,19101,US,39.9757087,-75.2004857,preferred,4542.06,2026-05-13T10:00:44Z
1161,elizabeth.jones1161@synthetic-shipper.example,Elizabeth,Jones,San Antonio,Texas,78201,US,29.3788132,-98.5339378,vip,24710.89,2026-05-13T10:00:44Z
1162,david.garcia1162@synthetic-shipper.example,David,Garcia,San Diego,California,92101,US,32.7607854,-117.1527689,new,135.96,2026-05-13T10:00:44Z
1163,barbara.garcia1163@synthetic-shipper.example,Barbara,Garcia,Dallas,Texas,75201,US,32.787697,-96.8355295,standard,1932.85,2026-05-13T10:00:44Z
1164,richard.miller1164@synthetic-shipper.example,Richard,Miller,San Jose,California,95101,US,37.3101388,-121.8841404,standard,1191.13,2026-05-13T10:00:44Z
1165,susan.miller1165@synthetic-shipper.example,Susan,Miller,Austin,Texas,73301,US,30.2792013,-97.7521788,standard,371.16,2026-05-13T10:00:44Z
1166,joseph.davis1166@synthetic-shipper.example,Joseph,Davis,Jacksonville,Florida,32099,US,30.3168848,-81.6833605,preferred,5849.13,2026-05-13T10:00:44Z
1167,jessica.davis1167@synthetic-shipper.example,Jessica,Davis,Fort Worth,Texas,76101,US,32.7979993,-97.3674215,preferred,5804.63,2026-05-13T10:00:44Z
1168,thomas.rodriguez1168@synthetic-shipper.example,Thomas,Rodriguez,Columbus,Ohio,43085,US,40.0073463,-83.0476183,vip,8022.91,2026-05-13T10:00:44Z
1169,sarah.rodriguez1169@synthetic-shipper.example,Sarah,Rodriguez,Charlotte,North Carolina,28201,US,35.2042198,-80.8051061,new,73.27,2026-05-13T10:00:44Z
1170,christopher.martinez1170@synthetic-shipper.example,Christopher,Martinez,Indianapolis,Indiana,46201,US,39.7439518,-86.1371282,standard,260.83,2026-05-13T10:00:44Z
1171,karen.martinez1171@synthetic-shipper.example,Karen,Martinez,San Francisco,California,94101,US,37.7665753,-122.4434162,standard,741.05,2026-05-13T10:00:44Z
1172,charles.hernandez1172@synthetic-shipper.example,Charles,Hernandez,Seattle,Washington,98101,US,47.6537206,-122.2848779,standard,949.73,2026-05-13T10:00:44Z
1173,lisa.hernandez1173@synthetic-shipper.example,Lisa,Hernandez,Denver,Colorado,80201,US,39.7087298,-104.9995915,preferred,2613.74,2026-05-13T10:00:44Z
1174,daniel.lopez1174@synthetic-shipper.example,Daniel,Lopez,Nashville,Tennessee,37201,US,36.1554313,-86.8257267,preferred,3586.23,2026-05-13T10:00:44Z
1175,nancy.lopez1175@synthetic-shipper.example,Nancy,Lopez,Portland,Oregon,97201,US,45.4757019,-122.6492651,vip,6951.54,2026-05-13T10:00:44Z
1176,matthew.gonzalez1176@synthetic-shipper.example,Matthew,Gonzalez,Las Vegas,Nevada,89101,US,36.1955093,-115.0928079,new,72.8,2026-05-13T10:00:44Z
1177,betty.gonzalez1177@synthetic-shipper.example,Betty,Gonzalez,Miami,Florida,33101,US,25.7509945,-80.1731839,standard,971.96,2026-05-13T10:00:44Z
1178,anthony.wilson1178@synthetic-shipper.example,Anthony,Wilson,Atlanta,Georgia,30301,US,33.7563184,-84.368745,standard,678.76,2026-05-13T10:00:44Z
1179,margaret.wilson1179@synthetic-shipper.example,Margaret,Wilson,Boston,Massachusetts,02101,US,42.3905383,-71.077067,standard,402.03,2026-05-13T10:00:44Z
1180,mark.anderson1180@synthetic-shipper.example,Mark,Anderson,Minneapolis,Minnesota,55401,US,45.0042469,-93.2943628,preferred,7835.93,2026-05-13T10:00:44Z
1181,sandra.anderson1181@synthetic-shipper.example,Sandra,Anderson,Salt Lake City,Utah,84101,US,40.7410052,-111.9383277,preferred,3051.2,2026-05-13T10:00:44Z
1182,donald.thomas1182@synthetic-shipper.example,Donald,Thomas,Detroit,Michigan,48201,US,42.2835508,-83.0763406,vip,21854.43,2026-05-13T10:00:44Z
1183,ashley.thomas1183@synthetic-shipper.example,Ashley,Thomas,Tampa,Florida,33601,US,27.937925,-82.4256688,new,98.76,2026-05-13T10:00:44Z
1184,steven.taylor1184@synthetic-shipper.example,Steven,Taylor,Brooklyn,New York,11201,US,40.6344195,-73.9167839,standard,1650.96,2026-05-13T10:00:44Z
1185,kimberly.taylor1185@synthetic-shipper.example,Kimberly,Taylor,Raleigh,North Carolina,27601,US,35.8025744,-78.6851988,standard,636.04,2026-05-13T10:00:44Z
1186,andrew.moore1186@synthetic-shipper.example,Andrew,Moore,Scottsdale,Arizona,85251,US,33.4873184,-111.9043444,standard,1857.75,2026-05-13T10:00:44Z
1187,emily.moore1187@synthetic-shipper.example,Emily,Moore,Honolulu,Hawaii,96801,US,21.3394292,-157.8418857,preferred,7872.17,2026-05-13T10:00:44Z
1188,paul.jackson1188@synthetic-shipper.example,Paul,Jackson,Boulder,Colorado,80301,US,40.0039256,-105.2376297,preferred,4962.7,2026-05-13T10:00:44Z
1189,donna.jackson1189@synthetic-shipper.example,Donna,Jackson,Savannah,Georgia,31401,US,32.0805357,-81.1190863,vip,23102.09,2026-05-13T10:00:44Z
1190,joshua.martin1190@synthetic-shipper.example,Joshua,Martin,New York,New York,10001,US,40.7051787,-73.9820325,new,115.63,2026-05-13T10:00:44Z
1191,michelle.martin1191@synthetic-shipper.example,Michelle,Martin,Los Angeles,California,90001,US,34.0545564,-118.243965,standard,439.33,2026-05-13T10:00:44Z
1192,kenneth.lee1192@synthetic-shipper.example,Kenneth,Lee,Chicago,Illinois,60601,US,41.9025004,-87.6349179,standard,924.23,2026-05-13T10:00:44Z
1193,carol.lee1193@synthetic-shipper.example,Carol,Lee,Houston,Texas,77001,US,29.7641185,-95.3719732,standard,581.32,2026-05-13T10:00:44Z
1194,kevin.perez1194@synthetic-shipper.example,Kevin,Perez,Phoenix,Arizona,85001,US,33.4164306,-112.0421712,preferred,5246.62,2026-05-13T10:00:44Z
1195,amanda.perez1195@synthetic-shipper.example,Amanda,Perez,Philadelphia,Pennsylvania,19101,US,39.9767056,-75.2029311,preferred,6208.58,2026-05-13T10:00:44Z
1196,brian.thompson1196@synthetic-shipper.example,Brian,Thompson,San Antonio,Texas,78201,US,29.3970744,-98.5431631,vip,37227.8,2026-05-13T10:00:44Z
1197,dorothy.thompson1197@synthetic-shipper.example,Dorothy,Thompson,San Diego,California,92101,US,32.6797699,-117.1481325,new,82.02,2026-05-13T10:00:44Z
1198,george.white1198@synthetic-shipper.example,George,White,Dallas,Texas,75201,US,32.7809661,-96.8316275,standard,1966.7,2026-05-13T10:00:44Z
1199,melissa.white1199@synthetic-shipper.example,Melissa,White,San Jose,California,95101,US,37.3577298,-121.8564591,standard,166.64,2026-05-13T10:00:44Z
1200,timothy.harris1200@synthetic-shipper.example,Timothy,Harris,Austin,Texas,73301,US,30.3124711,-97.7485705,standard,570.93,2026-05-13T10:00:44Z
1201,deborah.harris1201@synthetic-shipper.example,Deborah,Harris,Jacksonville,Florida,32099,US,30.349441,-81.6160187,preferred,7539.88,2026-05-13T10:00:44Z
1202,aiden.sanchez1202@synthetic-shipper.example,Aiden,Sanchez,Fort Worth,Texas,76101,US,32.7305105,-97.3001801,preferred,3188.63,2026-05-13T10:00:44Z
1203,sofia.sanchez1203@synthetic-shipper.example,Sofia,Sanchez,Columbus,Ohio,43085,US,39.9647454,-83.0221072,vip,15034.19,2026-05-13T10:00:44Z
1204,liam.clark1204@synthetic-shipper.example,Liam,Clark,Charlotte,North Carolina,28201,US,35.2302794,-80.831951,new,101.66,2026-05-13T10:00:44Z
1205,olivia.clark1205@synthetic-shipper.example,Olivia,Clark,Indianapolis,Indiana,46201,US,39.7909821,-86.1514652,standard,1118.1,2026-05-13T10:00:44Z
1206,noah.ramirez1206@synthetic-shipper.example,Noah,Ramirez,San Francisco,California,94101,US,37.7531274,-122.4075,standard,1594.98,2026-05-13T10:00:44Z
1207,emma.ramirez1207@synthetic-shipper.example,Emma,Ramirez,Seattle,Washington,98101,US,47.6374375,-122.3183944,standard,1682.84,2026-05-13T10:00:44Z
1208,ethan.lewis1208@synthetic-shipper.example,Ethan,Lewis,Denver,Colorado,80201,US,39.7452641,-104.9436551,preferred,6955.68,2026-05-13T10:00:44Z
1209,ava.lewis1209@synthetic-shipper.example,Ava,Lewis,Nashville,Tennessee,37201,US,36.1340668,-86.8097138,preferred,7253.8,2026-05-13T10:00:44Z
1210,mason.robinson1210@synthetic-shipper.example,Mason,Robinson,Portland,Oregon,97201,US,45.5333667,-122.6587285,vip,18309.18,2026-05-13T10:00:44Z
1211,isabella.robinson1211@synthetic-shipper.example,Isabella,Robinson,Las Vegas,Nevada,89101,US,36.1386595,-115.1688405,new,178.82,2026-05-13T10:00:44Z
1212,lucas.walker1212@synthetic-shipper.example,Lucas,Walker,Miami,Florida,33101,US,25.8036322,-80.198759,standard,812.66,2026-05-13T10:00:44Z
1213,mia.walker1213@synthetic-shipper.example,Mia,Walker,Atlanta,Georgia,30301,US,33.7957064,-84.410349,standard,1286.53,2026-05-13T10:00:44Z
1214,logan.young1214@synthetic-shipper.example,Logan,Young,Boston,Massachusetts,02101,US,42.3325454,-71.0327462,standard,840.27,2026-05-13T10:00:44Z
1215,charlotte.young1215@synthetic-shipper.example,Charlotte,Young,Minneapolis,Minnesota,55401,US,45.0223951,-93.228348,preferred,5311.01,2026-05-13T10:00:44Z
1216,jackson.allen1216@synthetic-shipper.example,Jackson,Allen,Salt Lake City,Utah,84101,US,40.7877305,-111.8585065,preferred,2372.16,2026-05-13T10:00:44Z
1217,amelia.allen1217@synthetic-shipper.example,Amelia,Allen,Detroit,Michigan,48201,US,42.3682146,-83.0450327,vip,39772.64,2026-05-13T10:00:44Z
1218,sebastian.king1218@synthetic-shipper.example,Sebastian,King,Tampa,Florida,33601,US,27.9104671,-82.4558648,new,87.09,2026-05-13T10:00:44Z
1219,harper.king1219@synthetic-shipper.example,Harper,King,Brooklyn,New York,11201,US,40.7109669,-73.9055922,standard,882.31,2026-05-13T10:00:44Z
1220,mateo.wright1220@synthetic-shipper.example,Mateo,Wright,Raleigh,North Carolina,27601,US,35.7904421,-78.5950228,standard,319.78,2026-05-13T10:00:44Z
1221,evelyn.wright1221@synthetic-shipper.example,Evelyn,Wright,Scottsdale,Arizona,85251,US,33.4559098,-111.903795,standard,1055.54,2026-05-13T10:00:44Z
1222,henry.scott1222@synthetic-shipper.example,Henry,Scott,Honolulu,Hawaii,96801,US,21.3452362,-157.8631884,preferred,4335.66,2026-05-13T10:00:44Z
1223,luna.scott1223@synthetic-shipper.example,Luna,Scott,Boulder,Colorado,80301,US,39.9810331,-105.2512115,preferred,1293.3,2026-05-13T10:00:44Z
1224,owen.torres1224@synthetic-shipper.example,Owen,Torres,Savannah,Georgia,31401,US,32.0485449,-81.0905273,vip,42928.62,2026-05-13T10:00:44Z
1225,camila.torres1225@synthetic-shipper.example,Camila,Torres,New York,New York,10001,US,40.707693,-73.9801674,new,76.11,2026-05-13T10:00:44Z
1226,wyatt.nguyen1226@synthetic-shipper.example,Wyatt,Nguyen,Los Angeles,California,90001,US,34.0068835,-118.2607054,standard,1056.8,2026-05-13T10:00:44Z
1227,aria.nguyen1227@synthetic-shipper.example,Aria,Nguyen,Chicago,Illinois,60601,US,41.8947125,-87.6716186,standard,1603.63,2026-05-13T10:00:44Z
1228,jack.hill1228@synthetic-shipper.example,Jack,Hill,Houston,Texas,77001,US,29.7835224,-95.3417661,standard,1480.42,2026-05-13T10:00:44Z
1229,scarlett.hill1229@synthetic-shipper.example,Scarlett,Hill,Phoenix,Arizona,85001,US,33.4289859,-112.1224736,preferred,2470.47,2026-05-13T10:00:44Z
1230,leo.flores1230@synthetic-shipper.example,Leo,Flores,Philadelphia,Pennsylvania,19101,US,39.9516757,-75.1624256,preferred,1669.71,2026-05-13T10:00:44Z
1231,penelope.flores1231@synthetic-shipper.example,Penelope,Flores,San Antonio,Texas,78201,US,29.3868401,-98.5351838,vip,21298.2,2026-05-13T10:00:44Z
1232,asher.green1232@synthetic-shipper.example,Asher,Green,San Diego,California,92101,US,32.752314,-117.2003184,new,199.91,2026-05-13T10:00:44Z
1233,layla.green1233@synthetic-shipper.example,Layla,Green,Dallas,Texas,75201,US,32.7924759,-96.8363718,standard,504.04,2026-05-13T10:00:44Z
1234,ezra.adams1234@synthetic-shipper.example,Ezra,Adams,San Jose,California,95101,US,37.2920881,-121.8417246,standard,1162.87,2026-05-13T10:00:44Z
1235,chloe.adams1235@synthetic-shipper.example,Chloe,Adams,Austin,Texas,73301,US,30.2325263,-97.7613924,standard,730.16,2026-05-13T10:00:44Z
1236,benjamin.nelson1236@synthetic-shipper.example,Benjamin,Nelson,Jacksonville,Florida,32099,US,30.3761041,-81.6911494,preferred,2861.99,2026-05-13T10:00:44Z
1237,riley.nelson1237@synthetic-shipper.example,Riley,Nelson,Fort Worth,Texas,76101,US,32.7258127,-97.3314206,preferred,6903.09,2026-05-13T10:00:44Z
1238,caleb.baker1238@synthetic-shipper.example,Caleb,Baker,Columbus,Ohio,43085,US,39.9954209,-83.0148354,vip,48555.13,2026-05-13T10:00:44Z
1239,zoey.baker1239@synthetic-shipper.example,Zoey,Baker,Charlotte,North Carolina,28201,US,35.2483981,-80.8508043,new,142.42,2026-05-13T10:00:44Z
1240,samuel.hall1240@synthetic-shipper.example,Samuel,Hall,Indianapolis,Indiana,46201,US,39.7756195,-86.1706881,standard,1502.8,2026-05-13T10:00:44Z
1241,nora.hall1241@synthetic-shipper.example,Nora,Hall,San Francisco,California,94101,US,37.7653083,-122.4406268,standard,1959.83,2026-05-13T10:00:44Z
1242,dylan.rivera1242@synthetic-shipper.example,Dylan,Rivera,Seattle,Washington,98101,US,47.6404418,-122.3778412,standard,1576.39,2026-05-13T10:00:44Z
1243,lily.rivera1243@synthetic-shipper.example,Lily,Rivera,Denver,Colorado,80201,US,39.7485191,-105.0296311,preferred,5301.8,2026-05-13T10:00:44Z
1244,gabriel.campbell1244@synthetic-shipper.example,Gabriel,Campbell,Nashville,Tennessee,37201,US,36.1189982,-86.8230284,preferred,7052.25,2026-05-13T10:00:44Z
1245,eleanor.campbell1245@synthetic-shipper.example,Eleanor,Campbell,Portland,Oregon,97201,US,45.4775045,-122.6464612,vip,17406.5,2026-05-13T10:00:44Z
1246,elijah.mitchell1246@synthetic-shipper.example,Elijah,Mitchell,Las Vegas,Nevada,89101,US,36.2191533,-115.1227734,new,79.78,2026-05-13T10:00:44Z
1247,hannah.mitchell1247@synthetic-shipper.example,Hannah,Mitchell,Miami,Florida,33101,US,25.7170366,-80.1909014,standard,1859.11,2026-05-13T10:00:44Z
1248,james.carter1248@synthetic-shipper.example,James,Carter,Atlanta,Georgia,30301,US,33.7053564,-84.4047034,standard,1067.21,2026-05-13T10:00:44Z
1249,mary.carter1249@synthetic-shipper.example,Mary,Carter,Boston,Massachusetts,02101,US,42.3175293,-71.0248618,standard,1748.04,2026-05-13T10:00:44Z
1250,john.roberts1250@synthetic-shipper.example,John,Roberts,Minneapolis,Minnesota,55401,US,45.0015874,-93.2711665,preferred,4549.84,2026-05-13T10:00:44Z
1251,patricia.roberts1251@synthetic-shipper.example,Patricia,Roberts,Salt Lake City,Utah,84101,US,40.7299513,-111.9348158,preferred,4373.54,2026-05-13T10:00:44Z
1252,robert.gomez1252@synthetic-shipper.example,Robert,Gomez,Detroit,Michigan,48201,US,42.3150453,-83.00767,vip,22730.61,2026-05-13T10:00:44Z
1253,jennifer.gomez1253@synthetic-shipper.example,Jennifer,Gomez,Tampa,Florida,33601,US,27.9952205,-82.4325545,new,197.67,2026-05-13T10:00:44Z
1254,michael.phillips1254@synthetic-shipper.example,Michael,Phillips,Brooklyn,New York,11201,US,40.6412606,-73.9939976,standard,905.15,2026-05-13T10:00:44Z
1255,linda.phillips1255@synthetic-shipper.example,Linda,Phillips,Raleigh,North Carolina,27601,US,35.7414998,-78.6555828,standard,539.32,2026-05-13T10:00:44Z
1256,william.evans1256@synthetic-shipper.example,William,Evans,Scottsdale,Arizona,85251,US,33.4808782,-111.8926258,standard,695.05,2026-05-13T10:00:44Z
1257,elizabeth.evans1257@synthetic-shipper.example,Elizabeth,Evans,Honolulu,Hawaii,96801,US,21.3206956,-157.8316653,preferred,1069.38,2026-05-13T10:00:44Z
1258,david.turner1258@synthetic-shipper.example,David,Turner,Boulder,Colorado,80301,US,39.9897371,-105.2569241,preferred,7523.6,2026-05-13T10:00:44Z
1259,barbara.turner1259@synthetic-shipper.example,Barbara,Turner,Savannah,Georgia,31401,US,32.115525,-81.0933624,vip,36818.85,2026-05-13T10:00:44Z
1260,richard.diaz1260@synthetic-shipper.example,Richard,Diaz,New York,New York,10001,US,40.6912167,-73.9979707,new,25.62,2026-05-13T10:00:44Z
1261,susan.diaz1261@synthetic-shipper.example,Susan,Diaz,Los Angeles,California,90001,US,34.0118478,-118.2152295,standard,1013.75,2026-05-13T10:00:44Z
1262,joseph.parker1262@synthetic-shipper.example,Joseph,Parker,Chicago,Illinois,60601,US,41.8539621,-87.6398564,standard,420.21,2026-05-13T10:00:44Z
1263,jessica.parker1263@synthetic-shipper.example,Jessica,Parker,Houston,Texas,77001,US,29.7368042,-95.412875,standard,1937.33,2026-05-13T10:00:44Z
1264,thomas.cruz1264@synthetic-shipper.example,Thomas,Cruz,Phoenix,Arizona,85001,US,33.4806656,-112.1116862,preferred,4960.9,2026-05-13T10:00:44Z
1265,sarah.cruz1265@synthetic-shipper.example,Sarah,Cruz,Philadelphia,Pennsylvania,19101,US,39.9183068,-75.1979636,preferred,5706.03,2026-05-13T10:00:44Z
1266,christopher.edwards1266@synthetic-shipper.example,Christopher,Edwards,San Antonio,Texas,78201,US,29.4563239,-98.5005654,vip,42582.13,2026-05-13T10:00:44Z
1267,karen.edwards1267@synthetic-shipper.example,Karen,Edwards,San Diego,California,92101,US,32.7534302,-117.1398751,new,33.54,2026-05-13T10:00:44Z
1268,charles.collins1268@synthetic-shipper.example,Charles,Collins,Dallas,Texas,75201,US,32.7706063,-96.7484755,standard,1252.78,2026-05-13T10:00:44Z
1269,lisa.collins1269@synthetic-shipper.example,Lisa,Collins,San Jose,California,95101,US,37.307102,-121.9325237,standard,240.78,2026-05-13T10:00:44Z
1270,daniel.reyes1270@synthetic-shipper.example,Daniel,Reyes,Austin,Texas,73301,US,30.2694128,-97.731038,standard,1126.41,2026-05-13T10:00:44Z
1271,nancy.reyes1271@synthetic-shipper.example,Nancy,Reyes,Jacksonville,Florida,32099,US,30.3291265,-81.7014317,preferred,4231.15,2026-05-13T10:00:44Z
1272,matthew.stewart1272@synthetic-shipper.example,Matthew,Stewart,Fort Worth,Texas,76101,US,32.7647297,-97.3418774,preferred,4718.12,2026-05-13T10:00:44Z
1273,betty.stewart1273@synthetic-shipper.example,Betty,Stewart,Columbus,Ohio,43085,US,39.9310238,-83.010496,vip,23065.67,2026-05-13T10:00:44Z
1274,anthony.morris1274@synthetic-shipper.example,Anthony,Morris,Charlotte,North Carolina,28201,US,35.2650025,-80.8741562,new,79.08,2026-05-13T10:00:44Z
1275,margaret.morris1275@synthetic-shipper.example,Margaret,Morris,Indianapolis,Indiana,46201,US,39.7866202,-86.1285976,standard,1919.97,2026-05-13T10:00:44Z
1276,mark.morales1276@synthetic-shipper.example,Mark,Morales,San Francisco,California,94101,US,37.8016102,-122.4624389,standard,1883.55,2026-05-13T10:00:44Z
1277,sandra.morales1277@synthetic-shipper.example,Sandra,Morales,Seattle,Washington,98101,US,47.6436794,-122.3097449,standard,225.6,2026-05-13T10:00:44Z
1278,donald.murphy1278@synthetic-shipper.example,Donald,Murphy,Denver,Colorado,80201,US,39.7626843,-104.967977,preferred,2334.38,2026-05-13T10:00:44Z
1279,ashley.murphy1279@synthetic-shipper.example,Ashley,Murphy,Nashville,Tennessee,37201,US,36.1682017,-86.8030502,preferred,4958.77,2026-05-13T10:00:44Z
1280,steven.cook1280@synthetic-shipper.example,Steven,Cook,Portland,Oregon,97201,US,45.5360748,-122.6503252,vip,42011.06,2026-05-13T10:00:44Z
1281,kimberly.cook1281@synthetic-shipper.example,Kimberly,Cook,Las Vegas,Nevada,89101,US,36.1627608,-115.1164693,new,4.01,2026-05-13T10:00:44Z
1282,andrew.rogers1282@synthetic-shipper.example,Andrew,Rogers,Miami,Florida,33101,US,25.7214002,-80.2003047,standard,312.67,2026-05-13T10:00:44Z
1283,emily.rogers1283@synthetic-shipper.example,Emily,Rogers,Atlanta,Georgia,30301,US,33.7063749,-84.4024694,standard,1073.49,2026-05-13T10:00:44Z
1284,paul.gutierrez1284@synthetic-shipper.example,Paul,Gutierrez,Boston,Massachusetts,02101,US,42.3331581,-71.0387736,standard,1155.27,2026-05-13T10:00:44Z
1285,donna.gutierrez1285@synthetic-shipper.example,Donna,Gutierrez,Minneapolis,Minnesota,55401,US,44.9403589,-93.2590497,preferred,5338.49,2026-05-13T10:00:44Z
1286,joshua.ortiz1286@synthetic-shipper.example,Joshua,Ortiz,Salt Lake City,Utah,84101,US,40.765344,-111.9203835,preferred,4550.91,2026-05-13T10:00:44Z
1287,michelle.ortiz1287@synthetic-shipper.example,Michelle,Ortiz,Detroit,Michigan,48201,US,42.2954199,-83.0894186,vip,7468.53,2026-05-13T10:00:44Z
1288,kenneth.morgan1288@synthetic-shipper.example,Kenneth,Morgan,Tampa,Florida,33601,US,27.9736843,-82.4815029,new,152.26,2026-05-13T10:00:44Z
1289,carol.morgan1289@synthetic-shipper.example,Carol,Morgan,Brooklyn,New York,11201,US,40.630913,-73.9917718,standard,753.32,2026-05-13T10:00:44Z
1290,kevin.cooper1290@synthetic-shipper.example,Kevin,Cooper,Raleigh,North Carolina,27601,US,35.7649627,-78.6580955,standard,723.54,2026-05-13T10:00:44Z
1291,amanda.cooper1291@synthetic-shipper.example,Amanda,Cooper,Scottsdale,Arizona,85251,US,33.4863516,-111.9134154,standard,422.95,2026-05-13T10:00:44Z
1292,brian.peterson1292@synthetic-shipper.example,Brian,Peterson,Honolulu,Hawaii,96801,US,21.3076356,-157.8106973,preferred,1814.43,2026-05-13T10:00:44Z
1293,dorothy.peterson1293@synthetic-shipper.example,Dorothy,Peterson,Boulder,Colorado,80301,US,40.0120246,-105.2449049,preferred,5230.74,2026-05-13T10:00:44Z
1294,george.bailey1294@synthetic-shipper.example,George,Bailey,Savannah,Georgia,31401,US,32.0803115,-81.0414317,vip,11764.83,2026-05-13T10:00:44Z
1295,melissa.bailey1295@synthetic-shipper.example,Melissa,Bailey,New York,New York,10001,US,40.7313889,-74.0559617,new,154.18,2026-05-13T10:00:44Z
1296,timothy.reed1296@synthetic-shipper.example,Timothy,Reed,Los Angeles,California,90001,US,34.0719898,-118.2656717,standard,637.8,2026-05-13T10:00:44Z
1297,deborah.reed1297@synthetic-shipper.example,Deborah,Reed,Chicago,Illinois,60601,US,41.8901394,-87.6102784,standard,1865.85,2026-05-13T10:00:44Z
1298,aiden.kelly1298@synthetic-shipper.example,Aiden,Kelly,Houston,Texas,77001,US,29.7687782,-95.3758409,standard,763.69,2026-05-13T10:00:44Z
1299,sofia.kelly1299@synthetic-shipper.example,Sofia,Kelly,Phoenix,Arizona,85001,US,33.4347907,-112.0784262,preferred,1264.03,2026-05-13T10:00:44Z
1300,liam.howard1300@synthetic-shipper.example,Liam,Howard,Philadelphia,Pennsylvania,19101,US,39.9466114,-75.170137,preferred,6303.12,2026-05-13T10:00:44Z
1301,olivia.howard1301@synthetic-shipper.example,Olivia,Howard,San Antonio,Texas,78201,US,29.442334,-98.4940735,vip,37219.9,2026-05-13T10:00:44Z
1302,noah.ramos1302@synthetic-shipper.example,Noah,Ramos,San Diego,California,92101,US,32.7328751,-117.1373063,new,196.43,2026-05-13T10:00:44Z
1303,emma.ramos1303@synthetic-shipper.example,Emma,Ramos,Dallas,Texas,75201,US,32.7491175,-96.7874165,standard,1386.85,2026-05-13T10:00:44Z
1304,ethan.kim1304@synthetic-shipper.example,Ethan,Kim,San Jose,California,95101,US,37.3539603,-121.9323445,standard,699.36,2026-05-13T10:00:44Z
1305,ava.kim1305@synthetic-shipper.example,Ava,Kim,Austin,Texas,73301,US,30.2997731,-97.7104912,standard,487.31,2026-05-13T10:00:44Z
1306,mason.cox1306@synthetic-shipper.example,Mason,Cox,Jacksonville,Florida,32099,US,30.2866369,-81.6628259,preferred,1449.38,2026-05-13T10:00:44Z
1307,isabella.cox1307@synthetic-shipper.example,Isabella,Cox,Fort Worth,Texas,76101,US,32.7328245,-97.3160475,preferred,4760.77,2026-05-13T10:00:44Z
1308,lucas.ward1308@synthetic-shipper.example,Lucas,Ward,Columbus,Ohio,43085,US,39.9789493,-82.9550591,vip,37377.43,2026-05-13T10:00:44Z
1309,mia.ward1309@synthetic-shipper.example,Mia,Ward,Charlotte,North Carolina,28201,US,35.1978694,-80.8145578,new,148.13,2026-05-13T10:00:44Z
1310,logan.richardson1310@synthetic-shipper.example,Logan,Richardson,Indianapolis,Indiana,46201,US,39.8057936,-86.113353,standard,256.91,2026-05-13T10:00:44Z
1311,charlotte.richardson1311@synthetic-shipper.example,Charlotte,Richardson,San Francisco,California,94101,US,37.7569389,-122.4541415,standard,910.65,2026-05-13T10:00:44Z
1312,jackson.watson1312@synthetic-shipper.example,Jackson,Watson,Seattle,Washington,98101,US,47.5694482,-122.3655134,standard,577.31,2026-05-13T10:00:44Z
1313,amelia.watson1313@synthetic-shipper.example,Amelia,Watson,Denver,Colorado,80201,US,39.7340166,-104.9492936,preferred,6149.34,2026-05-13T10:00:44Z
1314,sebastian.brooks1314@synthetic-shipper.example,Sebastian,Brooks,Nashville,Tennessee,37201,US,36.1725509,-86.7960499,preferred,5173.53,2026-05-13T10:00:44Z
1315,harper.brooks1315@synthetic-shipper.example,Harper,Brooks,Portland,Oregon,97201,US,45.4785242,-122.6837874,vip,19392.69,2026-05-13T10:00:44Z
1316,mateo.chavez1316@synthetic-shipper.example,Mateo,Chavez,Las Vegas,Nevada,89101,US,36.161251,-115.1269849,new,104.26,2026-05-13T10:00:44Z
1317,evelyn.chavez1317@synthetic-shipper.example,Evelyn,Chavez,Miami,Florida,33101,US,25.7691972,-80.1780848,standard,1749.83,2026-05-13T10:00:44Z
1318,henry.wood1318@synthetic-shipper.example,Henry,Wood,Atlanta,Georgia,30301,US,33.7467087,-84.4262393,standard,296.2,2026-05-13T10:00:44Z
1319,luna.wood1319@synthetic-shipper.example,Luna,Wood,Boston,Massachusetts,02101,US,42.3557634,-71.0198967,standard,837.27,2026-05-13T10:00:44Z
1320,owen.james1320@synthetic-shipper.example,Owen,James,Minneapolis,Minnesota,55401,US,44.9342737,-93.2604313,preferred,2964.81,2026-05-13T10:00:44Z
1321,camila.james1321@synthetic-shipper.example,Camila,James,Salt Lake City,Utah,84101,US,40.7211948,-111.8865437,preferred,5797.85,2026-05-13T10:00:44Z
1322,wyatt.bennett1322@synthetic-shipper.example,Wyatt,Bennett,Detroit,Michigan,48201,US,42.338067,-83.0167916,vip,38678.92,2026-05-13T10:00:44Z
1323,aria.bennett1323@synthetic-shipper.example,Aria,Bennett,Tampa,Florida,33601,US,27.9945468,-82.4798102,new,41.08,2026-05-13T10:00:44Z
1324,jack.gray1324@synthetic-shipper.example,Jack,Gray,Brooklyn,New York,11201,US,40.6942416,-73.9299123,standard,1498.69,2026-05-13T10:00:44Z
1325,scarlett.gray1325@synthetic-shipper.example,Scarlett,Gray,Raleigh,North Carolina,27601,US,35.8153091,-78.6475512,standard,1590.06,2026-05-13T10:00:44Z
1326,leo.mendoza1326@synthetic-shipper.example,Leo,Mendoza,Scottsdale,Arizona,85251,US,33.4682803,-111.9669997,standard,277.94,2026-05-13T10:00:44Z
1327,penelope.mendoza1327@synthetic-shipper.example,Penelope,Mendoza,Honolulu,Hawaii,96801,US,21.3177969,-157.8300334,preferred,4958.92,2026-05-13T10:00:44Z
1328,asher.ruiz1328@synthetic-shipper.example,Asher,Ruiz,Boulder,Colorado,80301,US,39.9835848,-105.2853977,preferred,3958.02,2026-05-13T10:00:44Z
1329,layla.ruiz1329@synthetic-shipper.example,Layla,Ruiz,Savannah,Georgia,31401,US,32.1123696,-81.0634977,vip,7928.44,2026-05-13T10:00:44Z
1330,ezra.hughes1330@synthetic-shipper.example,Ezra,Hughes,New York,New York,10001,US,40.7159902,-74.0362782,new,8.52,2026-05-13T10:00:44Z
1331,chloe.hughes1331@synthetic-shipper.example,Chloe,Hughes,Los Angeles,California,90001,US,34.0443027,-118.2384885,standard,1451.95,2026-05-13T10:00:44Z
1332,benjamin.price1332@synthetic-shipper.example,Benjamin,Price,Chicago,Illinois,60601,US,41.8625639,-87.6632822,standard,963.79,2026-05-13T10:00:44Z
1333,riley.price1333@synthetic-shipper.example,Riley,Price,Houston,Texas,77001,US,29.7629259,-95.412529,standard,376.61,2026-05-13T10:00:44Z
1334,caleb.alvarez1334@synthetic-shipper.example,Caleb,Alvarez,Phoenix,Arizona,85001,US,33.4241457,-112.1166074,preferred,6040.16,2026-05-13T10:00:44Z
1335,zoey.alvarez1335@synthetic-shipper.example,Zoey,Alvarez,Philadelphia,Pennsylvania,19101,US,39.9678574,-75.1719937,preferred,2897.19,2026-05-13T10:00:44Z
1336,samuel.castillo1336@synthetic-shipper.example,Samuel,Castillo,San Antonio,Texas,78201,US,29.3937913,-98.471811,vip,6963.77,2026-05-13T10:00:44Z
1337,nora.castillo1337@synthetic-shipper.example,Nora,Castillo,San Diego,California,92101,US,32.7610599,-117.2045397,new,41.72,2026-05-13T10:00:44Z
1338,dylan.sanders1338@synthetic-shipper.example,Dylan,Sanders,Dallas,Texas,75201,US,32.7970261,-96.8219416,standard,1378.13,2026-05-13T10:00:44Z
1339,lily.sanders1339@synthetic-shipper.example,Lily,Sanders,San Jose,California,95101,US,37.3632483,-121.8444356,standard,1803.75,2026-05-13T10:00:44Z
1340,gabriel.patel1340@synthetic-shipper.example,Gabriel,Patel,Austin,Texas,73301,US,30.2963039,-97.7832428,standard,711.01,2026-05-13T10:00:44Z
1341,eleanor.patel1341@synthetic-shipper.example,Eleanor,Patel,Jacksonville,Florida,32099,US,30.3738975,-81.6696505,preferred,7911.12,2026-05-13T10:00:44Z
1342,elijah.myers1342@synthetic-shipper.example,Elijah,Myers,Fort Worth,Texas,76101,US,32.724578,-97.3802945,preferred,6782.09,2026-05-13T10:00:44Z
1343,hannah.myers1343@synthetic-shipper.example,Hannah,Myers,Columbus,Ohio,43085,US,40.0041827,-83.010565,vip,41362.48,2026-05-13T10:00:44Z
1344,james.smith1344@synthetic-shipper.example,James,Smith,Charlotte,North Carolina,28201,US,35.2584674,-80.843274,new,95.84,2026-05-13T10:00:44Z
1345,mary.smith1345@synthetic-shipper.example,Mary,Smith,Indianapolis,Indiana,46201,US,39.8020588,-86.1819457,standard,413.37,2026-05-13T10:00:44Z
1346,john.johnson1346@synthetic-shipper.example,John,Johnson,San Francisco,California,94101,US,37.7715213,-122.4311239,standard,507.98,2026-05-13T10:00:44Z
1347,patricia.johnson1347@synthetic-shipper.example,Patricia,Johnson,Seattle,Washington,98101,US,47.5835687,-122.3052705,standard,230.94,2026-05-13T10:00:44Z
1348,robert.williams1348@synthetic-shipper.example,Robert,Williams,Denver,Colorado,80201,US,39.7607317,-105.0167837,preferred,6898.38,2026-05-13T10:00:44Z
1349,jennifer.williams1349@synthetic-shipper.example,Jennifer,Williams,Nashville,Tennessee,37201,US,36.1735263,-86.814449,preferred,4134.62,2026-05-13T10:00:44Z
1350,michael.brown1350@synthetic-shipper.example,Michael,Brown,Portland,Oregon,97201,US,45.5428214,-122.7148322,vip,26184.15,2026-05-13T10:00:44Z
1351,linda.brown1351@synthetic-shipper.example,Linda,Brown,Las Vegas,Nevada,89101,US,36.1331887,-115.1455767,new,52.75,2026-05-13T10:00:44Z
1352,william.jones1352@synthetic-shipper.example,William,Jones,Miami,Florida,33101,US,25.7663036,-80.1969763,standard,923.09,2026-05-13T10:00:44Z
1353,elizabeth.jones1353@synthetic-shipper.example,Elizabeth,Jones,Atlanta,Georgia,30301,US,33.7069083,-84.3797599,standard,250.06,2026-05-13T10:00:44Z
1354,david.garcia1354@synthetic-shipper.example,David,Garcia,Boston,Massachusetts,02101,US,42.3623837,-71.1078413,standard,1647.38,2026-05-13T10:00:44Z
1355,barbara.garcia1355@synthetic-shipper.example,Barbara,Garcia,Minneapolis,Minnesota,55401,US,44.965154,-93.2359813,preferred,2513.05,2026-05-13T10:00:44Z
1356,richard.miller1356@synthetic-shipper.example,Richard,Miller,Salt Lake City,Utah,84101,US,40.7995427,-111.9240526,preferred,3290.02,2026-05-13T10:00:44Z
1357,susan.miller1357@synthetic-shipper.example,Susan,Miller,Detroit,Michigan,48201,US,42.3779623,-83.093383,vip,33500.54,2026-05-13T10:00:44Z
1358,joseph.davis1358@synthetic-shipper.example,Joseph,Davis,Tampa,Florida,33601,US,27.9170212,-82.4565644,new,137.39,2026-05-13T10:00:44Z
1359,jessica.davis1359@synthetic-shipper.example,Jessica,Davis,Brooklyn,New York,11201,US,40.6717105,-73.9416762,standard,734.1,2026-05-13T10:00:44Z
1360,thomas.rodriguez1360@synthetic-shipper.example,Thomas,Rodriguez,Raleigh,North Carolina,27601,US,35.7592772,-78.5915006,standard,1110.81,2026-05-13T10:00:44Z
1361,sarah.rodriguez1361@synthetic-shipper.example,Sarah,Rodriguez,Scottsdale,Arizona,85251,US,33.4513805,-111.9698286,standard,367.39,2026-05-13T10:00:44Z
1362,christopher.martinez1362@synthetic-shipper.example,Christopher,Martinez,Honolulu,Hawaii,96801,US,21.3481403,-157.872329,preferred,6772.08,2026-05-13T10:00:44Z
1363,karen.martinez1363@synthetic-shipper.example,Karen,Martinez,Boulder,Colorado,80301,US,39.9893911,-105.2289329,preferred,7625.48,2026-05-13T10:00:44Z
1364,charles.hernandez1364@synthetic-shipper.example,Charles,Hernandez,Savannah,Georgia,31401,US,32.0338141,-81.042295,vip,42977.5,2026-05-13T10:00:44Z
1365,lisa.hernandez1365@synthetic-shipper.example,Lisa,Hernandez,New York,New York,10001,US,40.6913064,-73.9912773,new,78.67,2026-05-13T10:00:44Z
1366,daniel.lopez1366@synthetic-shipper.example,Daniel,Lopez,Los Angeles,California,90001,US,34.0191772,-118.2334255,standard,1161.12,2026-05-13T10:00:44Z
1367,nancy.lopez1367@synthetic-shipper.example,Nancy,Lopez,Chicago,Illinois,60601,US,41.8362148,-87.6224113,standard,868.81,2026-05-13T10:00:44Z
1368,matthew.gonzalez1368@synthetic-shipper.example,Matthew,Gonzalez,Houston,Texas,77001,US,29.7261698,-95.3257574,standard,471.79,2026-05-13T10:00:44Z
1369,betty.gonzalez1369@synthetic-shipper.example,Betty,Gonzalez,Phoenix,Arizona,85001,US,33.4581484,-112.0672007,preferred,5494.24,2026-05-13T10:00:44Z
1370,anthony.wilson1370@synthetic-shipper.example,Anthony,Wilson,Philadelphia,Pennsylvania,19101,US,39.9991209,-75.1309192,preferred,7772.3,2026-05-13T10:00:44Z
1371,margaret.wilson1371@synthetic-shipper.example,Margaret,Wilson,San Antonio,Texas,78201,US,29.3960714,-98.5285112,vip,23685.41,2026-05-13T10:00:44Z
1372,mark.anderson1372@synthetic-shipper.example,Mark,Anderson,San Diego,California,92101,US,32.7295995,-117.167576,new,129.02,2026-05-13T10:00:44Z
1373,sandra.anderson1373@synthetic-shipper.example,Sandra,Anderson,Dallas,Texas,75201,US,32.7429648,-96.7852548,standard,803.56,2026-05-13T10:00:44Z
1374,donald.thomas1374@synthetic-shipper.example,Donald,Thomas,San Jose,California,95101,US,37.305309,-121.8446432,standard,1441.13,2026-05-13T10:00:44Z
1375,ashley.thomas1375@synthetic-shipper.example,Ashley,Thomas,Austin,Texas,73301,US,30.2198694,-97.7680313,standard,401.2,2026-05-13T10:00:44Z
1376,steven.taylor1376@synthetic-shipper.example,Steven,Taylor,Jacksonville,Florida,32099,US,30.3067422,-81.6723016,preferred,5699.78,2026-05-13T10:00:44Z
1377,kimberly.taylor1377@synthetic-shipper.example,Kimberly,Taylor,Fort Worth,Texas,76101,US,32.7793371,-97.3291747,preferred,1763.71,2026-05-13T10:00:44Z
1378,andrew.moore1378@synthetic-shipper.example,Andrew,Moore,Columbus,Ohio,43085,US,39.9839684,-83.003353,vip,9460.61,2026-05-13T10:00:44Z
1379,emily.moore1379@synthetic-shipper.example,Emily,Moore,Charlotte,North Carolina,28201,US,35.2553767,-80.8261711,new,181.48,2026-05-13T10:00:44Z
1380,paul.jackson1380@synthetic-shipper.example,Paul,Jackson,Indianapolis,Indiana,46201,US,39.7976054,-86.1203388,standard,1298.34,2026-05-13T10:00:44Z
1381,donna.jackson1381@synthetic-shipper.example,Donna,Jackson,San Francisco,California,94101,US,37.7610729,-122.4230374,standard,484.78,2026-05-13T10:00:44Z
1382,joshua.martin1382@synthetic-shipper.example,Joshua,Martin,Seattle,Washington,98101,US,47.605106,-122.3152864,standard,226.46,2026-05-13T10:00:44Z
1383,michelle.martin1383@synthetic-shipper.example,Michelle,Martin,Denver,Colorado,80201,US,39.7655645,-104.9955288,preferred,3970.04,2026-05-13T10:00:44Z
1384,kenneth.lee1384@synthetic-shipper.example,Kenneth,Lee,Nashville,Tennessee,37201,US,36.139134,-86.7975138,preferred,2852.75,2026-05-13T10:00:44Z
1385,carol.lee1385@synthetic-shipper.example,Carol,Lee,Portland,Oregon,97201,US,45.5215161,-122.7176158,vip,28369.08,2026-05-13T10:00:44Z
1386,kevin.perez1386@synthetic-shipper.example,Kevin,Perez,Las Vegas,Nevada,89101,US,36.2066076,-115.149488,new,164.91,2026-05-13T10:00:44Z
1387,amanda.perez1387@synthetic-shipper.example,Amanda,Perez,Miami,Florida,33101,US,25.7868135,-80.2082144,standard,621.38,2026-05-13T10:00:44Z
1388,brian.thompson1388@synthetic-shipper.example,Brian,Thompson,Atlanta,Georgia,30301,US,33.7056596,-84.3687107,standard,260.07,2026-05-13T10:00:44Z
1389,dorothy.thompson1389@synthetic-shipper.example,Dorothy,Thompson,Boston,Massachusetts,02101,US,42.3423651,-71.1086518,standard,664.83,2026-05-13T10:00:44Z
1390,george.white1390@synthetic-shipper.example,George,White,Minneapolis,Minnesota,55401,US,44.9553823,-93.2718951,preferred,6741.24,2026-05-13T10:00:44Z
1391,melissa.white1391@synthetic-shipper.example,Melissa,White,Salt Lake City,Utah,84101,US,40.7680815,-111.8885622,preferred,3189.97,2026-05-13T10:00:44Z
1392,timothy.harris1392@synthetic-shipper.example,Timothy,Harris,Detroit,Michigan,48201,US,42.3586416,-83.0297849,vip,8648.48,2026-05-13T10:00:44Z
1393,deborah.harris1393@synthetic-shipper.example,Deborah,Harris,Tampa,Florida,33601,US,27.9588815,-82.4281661,new,116.94,2026-05-13T10:00:44Z
1394,aiden.sanchez1394@synthetic-shipper.example,Aiden,Sanchez,Brooklyn,New York,11201,US,40.7218075,-73.9432238,standard,1426.96,2026-05-13T10:00:44Z
1395,sofia.sanchez1395@synthetic-shipper.example,Sofia,Sanchez,Raleigh,North Carolina,27601,US,35.7924414,-78.6580468,standard,1382.21,2026-05-13T10:00:44Z
1396,liam.clark1396@synthetic-shipper.example,Liam,Clark,Scottsdale,Arizona,85251,US,33.5365699,-111.916624,standard,1285.78,2026-05-13T10:00:44Z
1397,olivia.clark1397@synthetic-shipper.example,Olivia,Clark,Honolulu,Hawaii,96801,US,21.2750829,-157.8549098,preferred,7003.13,2026-05-13T10:00:44Z
1398,noah.ramirez1398@synthetic-shipper.example,Noah,Ramirez,Boulder,Colorado,80301,US,40.0364953,-105.234635,preferred,1036.02,2026-05-13T10:00:44Z
1399,emma.ramirez1399@synthetic-shipper.example,Emma,Ramirez,Savannah,Georgia,31401,US,32.0808795,-81.072762,vip,30672.74,2026-05-13T10:00:44Z
1400,ethan.lewis1400@synthetic-shipper.example,Ethan,Lewis,New York,New York,10001,US,40.7514736,-73.9795117,new,93.22,2026-05-13T10:00:44Z
1401,ava.lewis1401@synthetic-shipper.example,Ava,Lewis,Los Angeles,California,90001,US,34.0759143,-118.260054,standard,288.45,2026-05-13T10:00:44Z
1402,mason.robinson1402@synthetic-shipper.example,Mason,Robinson,Chicago,Illinois,60601,US,41.8626756,-87.6761244,standard,1946.97,2026-05-13T10:00:44Z
1403,isabella.robinson1403@synthetic-shipper.example,Isabella,Robinson,Houston,Texas,77001,US,29.7208017,-95.4052024,standard,101.92,2026-05-13T10:00:44Z
1404,lucas.walker1404@synthetic-shipper.example,Lucas,Walker,Phoenix,Arizona,85001,US,33.4506973,-112.0436849,preferred,7287.26,2026-05-13T10:00:44Z
1405,mia.walker1405@synthetic-shipper.example,Mia,Walker,Philadelphia,Pennsylvania,19101,US,39.9975255,-75.1772451,preferred,7390.17,2026-05-13T10:00:44Z
1406,logan.young1406@synthetic-shipper.example,Logan,Young,San Antonio,Texas,78201,US,29.4449341,-98.4445705,vip,33682.44,2026-05-13T10:00:44Z
1407,charlotte.young1407@synthetic-shipper.example,Charlotte,Young,San Diego,California,92101,US,32.6811868,-117.160652,new,57.53,2026-05-13T10:00:44Z
1408,jackson.allen1408@synthetic-shipper.example,Jackson,Allen,Dallas,Texas,75201,US,32.8092322,-96.7479225,standard,1119.13,2026-05-13T10:00:44Z
1409,amelia.allen1409@synthetic-shipper.example,Amelia,Allen,San Jose,California,95101,US,37.3765358,-121.929039,standard,650.43,2026-05-13T10:00:44Z
1410,sebastian.king1410@synthetic-shipper.example,Sebastian,King,Austin,Texas,73301,US,30.2719185,-97.7271848,standard,496.64,2026-05-13T10:00:44Z
1411,harper.king1411@synthetic-shipper.example,Harper,King,Jacksonville,Florida,32099,US,30.350589,-81.6737041,preferred,3975.23,2026-05-13T10:00:44Z
1412,mateo.wright1412@synthetic-shipper.example,Mateo,Wright,Fort Worth,Texas,76101,US,32.772549,-97.3526169,preferred,1887.59,2026-05-13T10:00:44Z
1413,evelyn.wright1413@synthetic-shipper.example,Evelyn,Wright,Columbus,Ohio,43085,US,39.9787859,-82.9755569,vip,29593.3,2026-05-13T10:00:44Z
1414,henry.scott1414@synthetic-shipper.example,Henry,Scott,Charlotte,North Carolina,28201,US,35.2293276,-80.8484328,new,89.5,2026-05-13T10:00:44Z
1415,luna.scott1415@synthetic-shipper.example,Luna,Scott,Indianapolis,Indiana,46201,US,39.7954472,-86.1949916,standard,856.03,2026-05-13T10:00:44Z
1416,owen.torres1416@synthetic-shipper.example,Owen,Torres,San Francisco,California,94101,US,37.7891533,-122.4270706,standard,1835.56,2026-05-13T10:00:44Z
1417,camila.torres1417@synthetic-shipper.example,Camila,Torres,Seattle,Washington,98101,US,47.6420159,-122.3166337,standard,1712.99,2026-05-13T10:00:44Z
1418,wyatt.nguyen1418@synthetic-shipper.example,Wyatt,Nguyen,Denver,Colorado,80201,US,39.6894491,-104.9690941,preferred,2322.03,2026-05-13T10:00:44Z
1419,aria.nguyen1419@synthetic-shipper.example,Aria,Nguyen,Nashville,Tennessee,37201,US,36.1515885,-86.7695498,preferred,6289.61,2026-05-13T10:00:44Z
1420,jack.hill1420@synthetic-shipper.example,Jack,Hill,Portland,Oregon,97201,US,45.4832848,-122.639106,vip,23408.15,2026-05-13T10:00:44Z
1421,scarlett.hill1421@synthetic-shipper.example,Scarlett,Hill,Las Vegas,Nevada,89101,US,36.1625046,-115.1110093,new,139.18,2026-05-13T10:00:44Z
1422,leo.flores1422@synthetic-shipper.example,Leo,Flores,Miami,Florida,33101,US,25.7141979,-80.2224537,standard,985.28,2026-05-13T10:00:44Z
1423,penelope.flores1423@synthetic-shipper.example,Penelope,Flores,Atlanta,Georgia,30301,US,33.7449399,-84.3754886,standard,261.47,2026-05-13T10:00:44Z
1424,asher.green1424@synthetic-shipper.example,Asher,Green,Boston,Massachusetts,02101,US,42.3185896,-71.0858384,standard,312.76,2026-05-13T10:00:44Z
1425,layla.green1425@synthetic-shipper.example,Layla,Green,Minneapolis,Minnesota,55401,US,44.9963564,-93.2224661,preferred,4058.77,2026-05-13T10:00:44Z
1426,ezra.adams1426@synthetic-shipper.example,Ezra,Adams,Salt Lake City,Utah,84101,US,40.7557836,-111.8942145,preferred,5448.95,2026-05-13T10:00:44Z
1427,chloe.adams1427@synthetic-shipper.example,Chloe,Adams,Detroit,Michigan,48201,US,42.2952644,-83.0216483,vip,23633.1,2026-05-13T10:00:44Z
1428,benjamin.nelson1428@synthetic-shipper.example,Benjamin,Nelson,Tampa,Florida,33601,US,27.9403619,-82.4522324,new,145.45,2026-05-13T10:00:44Z
1429,riley.nelson1429@synthetic-shipper.example,Riley,Nelson,Brooklyn,New York,11201,US,40.6462692,-73.9869225,standard,805.3,2026-05-13T10:00:44Z
1430,caleb.baker1430@synthetic-shipper.example,Caleb,Baker,Raleigh,North Carolina,27601,US,35.7831869,-78.6030662,standard,1886.87,2026-05-13T10:00:44Z
1431,zoey.baker1431@synthetic-shipper.example,Zoey,Baker,Scottsdale,Arizona,85251,US,33.4684426,-111.9659095,standard,432.07,2026-05-13T10:00:44Z
1432,samuel.hall1432@synthetic-shipper.example,Samuel,Hall,Honolulu,Hawaii,96801,US,21.3482442,-157.8535745,preferred,4642.37,2026-05-13T10:00:44Z
1433,nora.hall1433@synthetic-shipper.example,Nora,Hall,Boulder,Colorado,80301,US,40.0132893,-105.2975129,preferred,5480.95,2026-05-13T10:00:44Z
1434,dylan.rivera1434@synthetic-shipper.example,Dylan,Rivera,Savannah,Georgia,31401,US,32.0334432,-81.0684572,vip,39028.92,2026-05-13T10:00:44Z
1435,lily.rivera1435@synthetic-shipper.example,Lily,Rivera,New York,New York,10001,US,40.6913911,-74.0016277,new,130.78,2026-05-13T10:00:44Z
1436,gabriel.campbell1436@synthetic-shipper.example,Gabriel,Campbell,Los Angeles,California,90001,US,34.0846426,-118.2484673,standard,1202,2026-05-13T10:00:44Z
1437,eleanor.campbell1437@synthetic-shipper.example,Eleanor,Campbell,Chicago,Illinois,60601,US,41.8450727,-87.6270471,standard,441.84,2026-05-13T10:00:44Z
1438,elijah.mitchell1438@synthetic-shipper.example,Elijah,Mitchell,Houston,Texas,77001,US,29.7240343,-95.3619533,standard,787.83,2026-05-13T10:00:44Z
1439,hannah.mitchell1439@synthetic-shipper.example,Hannah,Mitchell,Phoenix,Arizona,85001,US,33.405112,-112.0633262,preferred,4098.32,2026-05-13T10:00:44Z
1440,james.carter1440@synthetic-shipper.example,James,Carter,Philadelphia,Pennsylvania,19101,US,39.9432395,-75.1591152,preferred,7024.78,2026-05-13T10:00:44Z
1441,mary.carter1441@synthetic-shipper.example,Mary,Carter,San Antonio,Texas,78201,US,29.4000753,-98.4734174,vip,7016.05,2026-05-13T10:00:44Z
1442,john.roberts1442@synthetic-shipper.example,John,Roberts,San Diego,California,92101,US,32.7289319,-117.1112662,new,145.4,2026-05-13T10:00:44Z
1443,patricia.roberts1443@synthetic-shipper.example,Patricia,Roberts,Dallas,Texas,75201,US,32.7344102,-96.8301543,standard,1577.96,2026-05-13T10:00:44Z
1444,robert.gomez1444@synthetic-shipper.example,Robert,Gomez,San Jose,California,95101,US,37.3273763,-121.8887732,standard,394.9,2026-05-13T10:00:44Z
1445,jennifer.gomez1445@synthetic-shipper.example,Jennifer,Gomez,Austin,Texas,73301,US,30.2239979,-97.7506445,standard,471.04,2026-05-13T10:00:44Z
1446,michael.phillips1446@synthetic-shipper.example,Michael,Phillips,Jacksonville,Florida,32099,US,30.3129275,-81.6834956,preferred,2996.67,2026-05-13T10:00:44Z
1447,linda.phillips1447@synthetic-shipper.example,Linda,Phillips,Fort Worth,Texas,76101,US,32.7606125,-97.3457581,preferred,1014.02,2026-05-13T10:00:44Z
1448,william.evans1448@synthetic-shipper.example,William,Evans,Columbus,Ohio,43085,US,39.9414478,-82.9815788,vip,32013.69,2026-05-13T10:00:44Z
1449,elizabeth.evans1449@synthetic-shipper.example,Elizabeth,Evans,Charlotte,North Carolina,28201,US,35.2388388,-80.8621454,new,85.96,2026-05-13T10:00:44Z
1450,david.turner1450@synthetic-shipper.example,David,Turner,Indianapolis,Indiana,46201,US,39.7565021,-86.1761163,standard,1446.42,2026-05-13T10:00:44Z
1451,barbara.turner1451@synthetic-shipper.example,Barbara,Turner,San Francisco,California,94101,US,37.7933936,-122.3951354,standard,305.4,2026-05-13T10:00:44Z
1452,richard.diaz1452@synthetic-shipper.example,Richard,Diaz,Seattle,Washington,98101,US,47.6045217,-122.3163249,standard,1870.22,2026-05-13T10:00:44Z
1453,susan.diaz1453@synthetic-shipper.example,Susan,Diaz,Denver,Colorado,80201,US,39.7323781,-105.0039987,preferred,6080.36,2026-05-13T10:00:44Z
1454,joseph.parker1454@synthetic-shipper.example,Joseph,Parker,Nashville,Tennessee,37201,US,36.1862213,-86.8099811,preferred,5985.26,2026-05-13T10:00:44Z
1455,jessica.parker1455@synthetic-shipper.example,Jessica,Parker,Portland,Oregon,97201,US,45.5027197,-122.7046294,vip,46741.79,2026-05-13T10:00:44Z
1456,thomas.cruz1456@synthetic-shipper.example,Thomas,Cruz,Las Vegas,Nevada,89101,US,36.1846257,-115.1454381,new,190.42,2026-05-13T10:00:44Z
1457,sarah.cruz1457@synthetic-shipper.example,Sarah,Cruz,Miami,Florida,33101,US,25.756162,-80.1799756,standard,1620.97,2026-05-13T10:00:44Z
1458,christopher.edwards1458@synthetic-shipper.example,Christopher,Edwards,Atlanta,Georgia,30301,US,33.7450986,-84.3671127,standard,1918.6,2026-05-13T10:00:44Z
1459,karen.edwards1459@synthetic-shipper.example,Karen,Edwards,Boston,Massachusetts,02101,US,42.3575607,-71.021186,standard,542.81,2026-05-13T10:00:44Z
1460,charles.collins1460@synthetic-shipper.example,Charles,Collins,Minneapolis,Minnesota,55401,US,44.9713661,-93.313666,preferred,1079.6,2026-05-13T10:00:44Z
1461,lisa.collins1461@synthetic-shipper.example,Lisa,Collins,Salt Lake City,Utah,84101,US,40.7993974,-111.8647962,preferred,3227.22,2026-05-13T10:00:44Z
1462,daniel.reyes1462@synthetic-shipper.example,Daniel,Reyes,Detroit,Michigan,48201,US,42.2900907,-83.008302,vip,45999.62,2026-05-13T10:00:44Z
1463,nancy.reyes1463@synthetic-shipper.example,Nancy,Reyes,Tampa,Florida,33601,US,27.9927049,-82.457224,new,26.6,2026-05-13T10:00:44Z
1464,matthew.stewart1464@synthetic-shipper.example,Matthew,Stewart,Brooklyn,New York,11201,US,40.7279419,-73.9899512,standard,1596.38,2026-05-13T10:00:44Z
1465,betty.stewart1465@synthetic-shipper.example,Betty,Stewart,Raleigh,North Carolina,27601,US,35.8225598,-78.5955678,standard,932.64,2026-05-13T10:00:44Z
1466,anthony.morris1466@synthetic-shipper.example,Anthony,Morris,Scottsdale,Arizona,85251,US,33.4994389,-111.8811264,standard,1217.44,2026-05-13T10:00:44Z
1467,margaret.morris1467@synthetic-shipper.example,Margaret,Morris,Honolulu,Hawaii,96801,US,21.2799317,-157.9020993,preferred,1810.81,2026-05-13T10:00:44Z
1468,mark.morales1468@synthetic-shipper.example,Mark,Morales,Boulder,Colorado,80301,US,40.0315799,-105.2362993,preferred,7494.53,2026-05-13T10:00:44Z
1469,sandra.morales1469@synthetic-shipper.example,Sandra,Morales,Savannah,Georgia,31401,US,32.0650163,-81.1252457,vip,6291.94,2026-05-13T10:00:44Z
1470,donald.murphy1470@synthetic-shipper.example,Donald,Murphy,New York,New York,10001,US,40.7571069,-73.9641122,new,123.96,2026-05-13T10:00:44Z
1471,ashley.murphy1471@synthetic-shipper.example,Ashley,Murphy,Los Angeles,California,90001,US,34.0065941,-118.2619245,standard,1375.07,2026-05-13T10:00:44Z
1472,steven.cook1472@synthetic-shipper.example,Steven,Cook,Chicago,Illinois,60601,US,41.8904282,-87.597588,standard,337.6,2026-05-13T10:00:44Z
1473,kimberly.cook1473@synthetic-shipper.example,Kimberly,Cook,Houston,Texas,77001,US,29.7164615,-95.3901754,standard,273.22,2026-05-13T10:00:44Z
1474,andrew.rogers1474@synthetic-shipper.example,Andrew,Rogers,Phoenix,Arizona,85001,US,33.4723653,-112.0595324,preferred,6162.27,2026-05-13T10:00:44Z
1475,emily.rogers1475@synthetic-shipper.example,Emily,Rogers,Philadelphia,Pennsylvania,19101,US,39.9264745,-75.1777782,preferred,4402.75,2026-05-13T10:00:44Z
1476,paul.gutierrez1476@synthetic-shipper.example,Paul,Gutierrez,San Antonio,Texas,78201,US,29.4286281,-98.5422625,vip,29505.46,2026-05-13T10:00:44Z
1477,donna.gutierrez1477@synthetic-shipper.example,Donna,Gutierrez,San Diego,California,92101,US,32.700589,-117.1406076,new,131.72,2026-05-13T10:00:44Z
1478,joshua.ortiz1478@synthetic-shipper.example,Joshua,Ortiz,Dallas,Texas,75201,US,32.8206162,-96.836854,standard,1884.38,2026-05-13T10:00:44Z
1479,michelle.ortiz1479@synthetic-shipper.example,Michelle,Ortiz,San Jose,California,95101,US,37.3228884,-121.9135864,standard,1725.16,2026-05-13T10:00:44Z
1480,kenneth.morgan1480@synthetic-shipper.example,Kenneth,Morgan,Austin,Texas,73301,US,30.2702889,-97.7901024,standard,1851,2026-05-13T10:00:44Z
1481,carol.morgan1481@synthetic-shipper.example,Carol,Morgan,Jacksonville,Florida,32099,US,30.3626111,-81.609201,preferred,6557.01,2026-05-13T10:00:44Z
1482,kevin.cooper1482@synthetic-shipper.example,Kevin,Cooper,Fort Worth,Texas,76101,US,32.796762,-97.3187299,preferred,6722.61,2026-05-13T10:00:44Z
1483,amanda.cooper1483@synthetic-shipper.example,Amanda,Cooper,Columbus,Ohio,43085,US,39.9641402,-82.9497787,vip,43907.36,2026-05-13T10:00:44Z
1484,brian.peterson1484@synthetic-shipper.example,Brian,Peterson,Charlotte,North Carolina,28201,US,35.2096591,-80.8638958,new,44.51,2026-05-13T10:00:44Z
1485,dorothy.peterson1485@synthetic-shipper.example,Dorothy,Peterson,Indianapolis,Indiana,46201,US,39.7785937,-86.1611938,standard,1229.38,2026-05-13T10:00:44Z
1486,george.bailey1486@synthetic-shipper.example,George,Bailey,San Francisco,California,94101,US,37.7721356,-122.448292,standard,928.83,2026-05-13T10:00:44Z
1487,melissa.bailey1487@synthetic-shipper.example,Melissa,Bailey,Seattle,Washington,98101,US,47.6249318,-122.3130947,standard,1725.23,2026-05-13T10:00:44Z
1488,timothy.reed1488@synthetic-shipper.example,Timothy,Reed,Denver,Colorado,80201,US,39.7450934,-104.9520769,preferred,7051.27,2026-05-13T10:00:44Z
1489,deborah.reed1489@synthetic-shipper.example,Deborah,Reed,Nashville,Tennessee,37201,US,36.1653438,-86.7925175,preferred,1142.37,2026-05-13T10:00:44Z
1490,aiden.kelly1490@synthetic-shipper.example,Aiden,Kelly,Portland,Oregon,97201,US,45.4698633,-122.7129829,vip,29520.12,2026-05-13T10:00:44Z
1491,sofia.kelly1491@synthetic-shipper.example,Sofia,Kelly,Las Vegas,Nevada,89101,US,36.2084027,-115.1033274,new,170.42,2026-05-13T10:00:44Z
1492,liam.howard1492@synthetic-shipper.example,Liam,Howard,Miami,Florida,33101,US,25.7671982,-80.1765727,standard,596.35,2026-05-13T10:00:44Z
1493,olivia.howard1493@synthetic-shipper.example,Olivia,Howard,Atlanta,Georgia,30301,US,33.7340715,-84.3611854,standard,604.22,2026-05-13T10:00:44Z
1494,noah.ramos1494@synthetic-shipper.example,Noah,Ramos,Boston,Massachusetts,02101,US,42.3868134,-71.0218128,standard,792.42,2026-05-13T10:00:44Z
1495,emma.ramos1495@synthetic-shipper.example,Emma,Ramos,Minneapolis,Minnesota,55401,US,44.9531021,-93.2199173,preferred,3137.92,2026-05-13T10:00:44Z
1496,ethan.kim1496@synthetic-shipper.example,Ethan,Kim,Salt Lake City,Utah,84101,US,40.7483373,-111.8998482,preferred,2217.9,2026-05-13T10:00:44Z
1497,ava.kim1497@synthetic-shipper.example,Ava,Kim,Detroit,Michigan,48201,US,42.3524729,-83.0923797,vip,19064.31,2026-05-13T10:00:44Z
1498,mason.cox1498@synthetic-shipper.example,Mason,Cox,Tampa,Florida,33601,US,27.9792048,-82.4982177,new,183.44,2026-05-13T10:00:44Z
1499,isabella.cox1499@synthetic-shipper.example,Isabella,Cox,Brooklyn,New York,11201,US,40.7096197,-73.9611451,standard,1833.19,2026-05-13T10:00:44Z
1500,lucas.ward1500@synthetic-shipper.example,Lucas,Ward,Raleigh,North Carolina,27601,US,35.7658407,-78.5922748,standard,776.05,2026-05-13T10:00:44Z
1501,mia.ward1501@synthetic-shipper.example,Mia,Ward,Scottsdale,Arizona,85251,US,33.5158704,-111.9346572,standard,1572.26,2026-05-13T10:00:44Z
1502,logan.richardson1502@synthetic-shipper.example,Logan,Richardson,Honolulu,Hawaii,96801,US,21.3052805,-157.8202426,preferred,6984.57,2026-05-13T10:00:44Z
1503,charlotte.richardson1503@synthetic-shipper.example,Charlotte,Richardson,Boulder,Colorado,80301,US,40.050979,-105.2252348,preferred,7610.2,2026-05-13T10:00:44Z
1504,jackson.watson1504@synthetic-shipper.example,Jackson,Watson,Savannah,Georgia,31401,US,32.1109657,-81.117251,vip,15674.35,2026-05-13T10:00:44Z
1505,amelia.watson1505@synthetic-shipper.example,Amelia,Watson,New York,New York,10001,US,40.6788799,-73.9619661,new,16.39,2026-05-13T10:00:44Z
1506,sebastian.brooks1506@synthetic-shipper.example,Sebastian,Brooks,Los Angeles,California,90001,US,34.0060452,-118.2002693,standard,1317.67,2026-05-13T10:00:44Z
1507,harper.brooks1507@synthetic-shipper.example,Harper,Brooks,Chicago,Illinois,60601,US,41.8613879,-87.6560832,standard,658.12,2026-05-13T10:00:44Z
1508,mateo.chavez1508@synthetic-shipper.example,Mateo,Chavez,Houston,Texas,77001,US,29.7566081,-95.336532,standard,907.55,2026-05-13T10:00:44Z
1509,evelyn.chavez1509@synthetic-shipper.example,Evelyn,Chavez,Phoenix,Arizona,85001,US,33.4748303,-112.0540776,preferred,2707.95,2026-05-13T10:00:44Z
1510,henry.wood1510@synthetic-shipper.example,Henry,Wood,Philadelphia,Pennsylvania,19101,US,39.9643052,-75.1234611,preferred,2366.92,2026-05-13T10:00:44Z
1511,luna.wood1511@synthetic-shipper.example,Luna,Wood,San Antonio,Texas,78201,US,29.3781249,-98.5368582,vip,32518.62,2026-05-13T10:00:44Z
1512,owen.james1512@synthetic-shipper.example,Owen,James,San Diego,California,92101,US,32.6876371,-117.1860061,new,36.51,2026-05-13T10:00:44Z
1513,camila.james1513@synthetic-shipper.example,Camila,James,Dallas,Texas,75201,US,32.7516731,-96.835719,standard,1527.75,2026-05-13T10:00:44Z
1514,wyatt.bennett1514@synthetic-shipper.example,Wyatt,Bennett,San Jose,California,95101,US,37.3293193,-121.918697,standard,1816.61,2026-05-13T10:00:44Z
1515,aria.bennett1515@synthetic-shipper.example,Aria,Bennett,Austin,Texas,73301,US,30.2566493,-97.7059471,standard,1336.92,2026-05-13T10:00:44Z
1516,jack.gray1516@synthetic-shipper.example,Jack,Gray,Jacksonville,Florida,32099,US,30.338007,-81.6232501,preferred,7821.79,2026-05-13T10:00:44Z
1517,scarlett.gray1517@synthetic-shipper.example,Scarlett,Gray,Fort Worth,Texas,76101,US,32.7260956,-97.3660925,preferred,1168.91,2026-05-13T10:00:44Z
1518,leo.mendoza1518@synthetic-shipper.example,Leo,Mendoza,Columbus,Ohio,43085,US,39.9892843,-82.9663512,vip,30547.24,2026-05-13T10:00:44Z
1519,penelope.mendoza1519@synthetic-shipper.example,Penelope,Mendoza,Charlotte,North Carolina,28201,US,35.1789866,-80.8449994,new,158.39,2026-05-13T10:00:44Z
1520,asher.ruiz1520@synthetic-shipper.example,Asher,Ruiz,Indianapolis,Indiana,46201,US,39.7234214,-86.1980143,standard,315.94,2026-05-13T10:00:44Z
1521,layla.ruiz1521@synthetic-shipper.example,Layla,Ruiz,San Francisco,California,94101,US,37.7804839,-122.3793961,standard,1616.13,2026-05-13T10:00:44Z
1522,ezra.hughes1522@synthetic-shipper.example,Ezra,Hughes,Seattle,Washington,98101,US,47.5981782,-122.3800973,standard,138.13,2026-05-13T10:00:44Z
1523,chloe.hughes1523@synthetic-shipper.example,Chloe,Hughes,Denver,Colorado,80201,US,39.7725399,-104.9992469,preferred,4433,2026-05-13T10:00:44Z
1524,benjamin.price1524@synthetic-shipper.example,Benjamin,Price,Nashville,Tennessee,37201,US,36.1671359,-86.7866355,preferred,1372.05,2026-05-13T10:00:44Z
1525,riley.price1525@synthetic-shipper.example,Riley,Price,Portland,Oregon,97201,US,45.5596758,-122.6556629,vip,9965.16,2026-05-13T10:00:44Z
1526,caleb.alvarez1526@synthetic-shipper.example,Caleb,Alvarez,Las Vegas,Nevada,89101,US,36.159857,-115.1877849,new,21.74,2026-05-13T10:00:44Z
1527,zoey.alvarez1527@synthetic-shipper.example,Zoey,Alvarez,Miami,Florida,33101,US,25.7385123,-80.1447742,standard,1348.64,2026-05-13T10:00:44Z
1528,samuel.castillo1528@synthetic-shipper.example,Samuel,Castillo,Atlanta,Georgia,30301,US,33.7752991,-84.3982105,standard,1707.97,2026-05-13T10:00:44Z
1529,nora.castillo1529@synthetic-shipper.example,Nora,Castillo,Boston,Massachusetts,02101,US,42.3504458,-71.1029885,standard,1509.57,2026-05-13T10:00:44Z
1530,dylan.sanders1530@synthetic-shipper.example,Dylan,Sanders,Minneapolis,Minnesota,55401,US,44.9574226,-93.2880416,preferred,4838.97,2026-05-13T10:00:44Z
1531,lily.sanders1531@synthetic-shipper.example,Lily,Sanders,Salt Lake City,Utah,84101,US,40.7657409,-111.8604429,preferred,3462.57,2026-05-13T10:00:44Z
1532,gabriel.patel1532@synthetic-shipper.example,Gabriel,Patel,Detroit,Michigan,48201,US,42.3737549,-83.0127025,vip,5578.23,2026-05-13T10:00:44Z
1533,eleanor.patel1533@synthetic-shipper.example,Eleanor,Patel,Tampa,Florida,33601,US,27.9147437,-82.4844109,new,39.21,2026-05-13T10:00:44Z
1534,elijah.myers1534@synthetic-shipper.example,Elijah,Myers,Brooklyn,New York,11201,US,40.6309692,-73.9839571,standard,635.91,2026-05-13T10:00:44Z
1535,hannah.myers1535@synthetic-shipper.example,Hannah,Myers,Raleigh,North Carolina,27601,US,35.7430466,-78.6731286,standard,620.87,2026-05-13T10:00:44Z
1536,james.smith1536@synthetic-shipper.example,James,Smith,Scottsdale,Arizona,85251,US,33.5118413,-111.9580587,standard,1761.45,2026-05-13T10:00:44Z
1537,mary.smith1537@synthetic-shipper.example,Mary,Smith,Honolulu,Hawaii,96801,US,21.3018112,-157.8796011,preferred,6912.47,2026-05-13T10:00:44Z
1538,john.johnson1538@synthetic-shipper.example,John,Johnson,Boulder,Colorado,80301,US,40.0609951,-105.2391795,preferred,4158.85,2026-05-13T10:00:44Z
1539,patricia.johnson1539@synthetic-shipper.example,Patricia,Johnson,Savannah,Georgia,31401,US,32.084884,-81.0452703,vip,27443.82,2026-05-13T10:00:44Z
1540,robert.williams1540@synthetic-shipper.example,Robert,Williams,New York,New York,10001,US,40.7196495,-73.9843991,new,191.83,2026-05-13T10:00:44Z
1541,jennifer.williams1541@synthetic-shipper.example,Jennifer,Williams,Los Angeles,California,90001,US,34.0864224,-118.2554192,standard,650.26,2026-05-13T10:00:44Z
1542,michael.brown1542@synthetic-shipper.example,Michael,Brown,Chicago,Illinois,60601,US,41.8346999,-87.6330092,standard,510.59,2026-05-13T10:00:44Z
1543,linda.brown1543@synthetic-shipper.example,Linda,Brown,Houston,Texas,77001,US,29.7410394,-95.4111805,standard,633.18,2026-05-13T10:00:44Z
1544,william.jones1544@synthetic-shipper.example,William,Jones,Phoenix,Arizona,85001,US,33.4374756,-112.0812738,preferred,7686.84,2026-05-13T10:00:44Z
1545,elizabeth.jones1545@synthetic-shipper.example,Elizabeth,Jones,Philadelphia,Pennsylvania,19101,US,39.9957324,-75.1749411,preferred,1858.06,2026-05-13T10:00:44Z
1546,david.garcia1546@synthetic-shipper.example,David,Garcia,San Antonio,Texas,78201,US,29.4461746,-98.4996596,vip,10443.75,2026-05-13T10:00:44Z
1547,barbara.garcia1547@synthetic-shipper.example,Barbara,Garcia,San Diego,California,92101,US,32.7243516,-117.125843,new,115.66,2026-05-13T10:00:44Z
1548,richard.miller1548@synthetic-shipper.example,Richard,Miller,Dallas,Texas,75201,US,32.8266689,-96.8213823,standard,757.6,2026-05-13T10:00:44Z
1549,susan.miller1549@synthetic-shipper.example,Susan,Miller,San Jose,California,95101,US,37.3732547,-121.9273751,standard,257.3,2026-05-13T10:00:44Z
1550,joseph.davis1550@synthetic-shipper.example,Joseph,Davis,Austin,Texas,73301,US,30.3144004,-97.7438956,standard,1553.25,2026-05-13T10:00:44Z
1551,jessica.davis1551@synthetic-shipper.example,Jessica,Davis,Jacksonville,Florida,32099,US,30.3307669,-81.6073338,preferred,4828.89,2026-05-13T10:00:44Z
1552,thomas.rodriguez1552@synthetic-shipper.example,Thomas,Rodriguez,Fort Worth,Texas,76101,US,32.7553161,-97.3714309,preferred,5274.89,2026-05-13T10:00:44Z
1553,sarah.rodriguez1553@synthetic-shipper.example,Sarah,Rodriguez,Columbus,Ohio,43085,US,39.9666764,-83.004714,vip,30665.19,2026-05-13T10:00:44Z
1554,christopher.martinez1554@synthetic-shipper.example,Christopher,Martinez,Charlotte,North Carolina,28201,US,35.2600709,-80.8863831,new,47.38,2026-05-13T10:00:44Z
1555,karen.martinez1555@synthetic-shipper.example,Karen,Martinez,Indianapolis,Indiana,46201,US,39.8151218,-86.1700564,standard,1254.58,2026-05-13T10:00:44Z
1556,charles.hernandez1556@synthetic-shipper.example,Charles,Hernandez,San Francisco,California,94101,US,37.7821237,-122.4013303,standard,1410.2,2026-05-13T10:00:44Z
1557,lisa.hernandez1557@synthetic-shipper.example,Lisa,Hernandez,Seattle,Washington,98101,US,47.5639059,-122.3694643,standard,579.96,2026-05-13T10:00:44Z
1558,daniel.lopez1558@synthetic-shipper.example,Daniel,Lopez,Denver,Colorado,80201,US,39.7197258,-104.9834816,preferred,6683.07,2026-05-13T10:00:44Z
1559,nancy.lopez1559@synthetic-shipper.example,Nancy,Lopez,Nashville,Tennessee,37201,US,36.14994,-86.7623229,preferred,7805.3,2026-05-13T10:00:44Z
1560,matthew.gonzalez1560@synthetic-shipper.example,Matthew,Gonzalez,Portland,Oregon,97201,US,45.5632969,-122.7245997,vip,26242.57,2026-05-13T10:00:44Z
1561,betty.gonzalez1561@synthetic-shipper.example,Betty,Gonzalez,Las Vegas,Nevada,89101,US,36.2026604,-115.1105937,new,191.99,2026-05-13T10:00:44Z
1562,anthony.wilson1562@synthetic-shipper.example,Anthony,Wilson,Miami,Florida,33101,US,25.7682961,-80.1529083,standard,232.73,2026-05-13T10:00:44Z
1563,margaret.wilson1563@synthetic-shipper.example,Margaret,Wilson,Atlanta,Georgia,30301,US,33.7682917,-84.3893912,standard,1089.81,2026-05-13T10:00:44Z
1564,mark.anderson1564@synthetic-shipper.example,Mark,Anderson,Boston,Massachusetts,02101,US,42.3458881,-71.0538545,standard,1702.55,2026-05-13T10:00:44Z
1565,sandra.anderson1565@synthetic-shipper.example,Sandra,Anderson,Minneapolis,Minnesota,55401,US,44.9463982,-93.2596265,preferred,4546.01,2026-05-13T10:00:44Z
1566,donald.thomas1566@synthetic-shipper.example,Donald,Thomas,Salt Lake City,Utah,84101,US,40.7143682,-111.8838074,preferred,2631.04,2026-05-13T10:00:44Z
1567,ashley.thomas1567@synthetic-shipper.example,Ashley,Thomas,Detroit,Michigan,48201,US,42.3149397,-83.0030394,vip,47159.33,2026-05-13T10:00:44Z
1568,steven.taylor1568@synthetic-shipper.example,Steven,Taylor,Tampa,Florida,33601,US,27.9582734,-82.4794739,new,43.12,2026-05-13T10:00:44Z
1569,kimberly.taylor1569@synthetic-shipper.example,Kimberly,Taylor,Brooklyn,New York,11201,US,40.680117,-73.9083931,standard,214.43,2026-05-13T10:00:44Z
1570,andrew.moore1570@synthetic-shipper.example,Andrew,Moore,Raleigh,North Carolina,27601,US,35.7378756,-78.6402869,standard,1385.22,2026-05-13T10:00:44Z
1571,emily.moore1571@synthetic-shipper.example,Emily,Moore,Scottsdale,Arizona,85251,US,33.497229,-111.9378632,standard,350.22,2026-05-13T10:00:44Z
1572,paul.jackson1572@synthetic-shipper.example,Paul,Jackson,Honolulu,Hawaii,96801,US,21.2875765,-157.8687329,preferred,2630.47,2026-05-13T10:00:44Z
1573,donna.jackson1573@synthetic-shipper.example,Donna,Jackson,Boulder,Colorado,80301,US,39.9778627,-105.2544865,preferred,7692.6,2026-05-13T10:00:44Z
1574,joshua.martin1574@synthetic-shipper.example,Joshua,Martin,Savannah,Georgia,31401,US,32.0842027,-81.0481882,vip,43993.56,2026-05-13T10:00:44Z
1575,michelle.martin1575@synthetic-shipper.example,Michelle,Martin,New York,New York,10001,US,40.7387181,-74.0296959,new,46.23,2026-05-13T10:00:44Z
1576,kenneth.lee1576@synthetic-shipper.example,Kenneth,Lee,Los Angeles,California,90001,US,34.0066872,-118.2596061,standard,1392.17,2026-05-13T10:00:44Z
1577,carol.lee1577@synthetic-shipper.example,Carol,Lee,Chicago,Illinois,60601,US,41.919006,-87.6090202,standard,366.21,2026-05-13T10:00:44Z
1578,kevin.perez1578@synthetic-shipper.example,Kevin,Perez,Houston,Texas,77001,US,29.7791663,-95.3640296,standard,1278.72,2026-05-13T10:00:44Z
1579,amanda.perez1579@synthetic-shipper.example,Amanda,Perez,Phoenix,Arizona,85001,US,33.4004181,-112.0893226,preferred,3206.85,2026-05-13T10:00:44Z
1580,brian.thompson1580@synthetic-shipper.example,Brian,Thompson,Philadelphia,Pennsylvania,19101,US,39.977229,-75.1503283,preferred,5550.93,2026-05-13T10:00:44Z
1581,dorothy.thompson1581@synthetic-shipper.example,Dorothy,Thompson,San Antonio,Texas,78201,US,29.4393646,-98.5212793,vip,21562.15,2026-05-13T10:00:44Z
1582,george.white1582@synthetic-shipper.example,George,White,San Diego,California,92101,US,32.6733373,-117.1446354,new,173.69,2026-05-13T10:00:44Z
1583,melissa.white1583@synthetic-shipper.example,Melissa,White,Dallas,Texas,75201,US,32.7729659,-96.8155391,standard,1897.64,2026-05-13T10:00:44Z
1584,timothy.harris1584@synthetic-shipper.example,Timothy,Harris,San Jose,California,95101,US,37.2981529,-121.8794291,standard,506.35,2026-05-13T10:00:44Z
1585,deborah.harris1585@synthetic-shipper.example,Deborah,Harris,Austin,Texas,73301,US,30.2340026,-97.7836421,standard,1053.88,2026-05-13T10:00:44Z
1586,aiden.sanchez1586@synthetic-shipper.example,Aiden,Sanchez,Jacksonville,Florida,32099,US,30.3717698,-81.6435393,preferred,2334.53,2026-05-13T10:00:44Z
1587,sofia.sanchez1587@synthetic-shipper.example,Sofia,Sanchez,Fort Worth,Texas,76101,US,32.7255339,-97.337977,preferred,5327.4,2026-05-13T10:00:44Z
1588,liam.clark1588@synthetic-shipper.example,Liam,Clark,Columbus,Ohio,43085,US,39.940881,-82.9717581,vip,30464.03,2026-05-13T10:00:44Z
1589,olivia.clark1589@synthetic-shipper.example,Olivia,Clark,Charlotte,North Carolina,28201,US,35.2217958,-80.838053,new,7.37,2026-05-13T10:00:44Z
1590,noah.ramirez1590@synthetic-shipper.example,Noah,Ramirez,Indianapolis,Indiana,46201,US,39.8067057,-86.2027945,standard,1485.37,2026-05-13T10:00:44Z
1591,emma.ramirez1591@synthetic-shipper.example,Emma,Ramirez,San Francisco,California,94101,US,37.7573134,-122.3912727,standard,184.34,2026-05-13T10:00:44Z
1592,ethan.lewis1592@synthetic-shipper.example,Ethan,Lewis,Seattle,Washington,98101,US,47.629698,-122.3211599,standard,1778.35,2026-05-13T10:00:44Z
1593,ava.lewis1593@synthetic-shipper.example,Ava,Lewis,Denver,Colorado,80201,US,39.7069278,-105.018116,preferred,5163.35,2026-05-13T10:00:44Z
1594,mason.robinson1594@synthetic-shipper.example,Mason,Robinson,Nashville,Tennessee,37201,US,36.2020961,-86.8171598,preferred,5043.55,2026-05-13T10:00:44Z
1595,isabella.robinson1595@synthetic-shipper.example,Isabella,Robinson,Portland,Oregon,97201,US,45.5294155,-122.7206914,vip,45934.17,2026-05-13T10:00:44Z
1596,lucas.walker1596@synthetic-shipper.example,Lucas,Walker,Las Vegas,Nevada,89101,US,36.2010024,-115.1314639,new,160.48,2026-05-13T10:00:44Z
1597,mia.walker1597@synthetic-shipper.example,Mia,Walker,Miami,Florida,33101,US,25.8050465,-80.2197481,standard,440.69,2026-05-13T10:00:44Z
1598,logan.young1598@synthetic-shipper.example,Logan,Young,Atlanta,Georgia,30301,US,33.7206,-84.43369,standard,1572.51,2026-05-13T10:00:44Z
1599,charlotte.young1599@synthetic-shipper.example,Charlotte,Young,Boston,Massachusetts,02101,US,42.3505882,-71.0989396,standard,896.36,2026-05-13T10:00:44Z
1600,jackson.allen1600@synthetic-shipper.example,Jackson,Allen,Minneapolis,Minnesota,55401,US,44.9875599,-93.219057,preferred,6415.74,2026-05-13T10:00:44Z
1601,amelia.allen1601@synthetic-shipper.example,Amelia,Allen,Salt Lake City,Utah,84101,US,40.8098514,-111.8623208,preferred,6023.91,2026-05-13T10:00:44Z
1602,sebastian.king1602@synthetic-shipper.example,Sebastian,King,Detroit,Michigan,48201,US,42.2911212,-83.0123491,vip,9314.7,2026-05-13T10:00:44Z
1603,harper.king1603@synthetic-shipper.example,Harper,King,Tampa,Florida,33601,US,27.9102808,-82.4726697,new,35.62,2026-05-13T10:00:44Z
1604,mateo.wright1604@synthetic-shipper.example,Mateo,Wright,Brooklyn,New York,11201,US,40.7050297,-73.9152341,standard,701.2,2026-05-13T10:00:44Z
1605,evelyn.wright1605@synthetic-shipper.example,Evelyn,Wright,Raleigh,North Carolina,27601,US,35.7823849,-78.6039506,standard,1555.42,2026-05-13T10:00:44Z
1606,henry.scott1606@synthetic-shipper.example,Henry,Scott,Scottsdale,Arizona,85251,US,33.4810244,-111.9653165,standard,1060.1,2026-05-13T10:00:44Z
1607,luna.scott1607@synthetic-shipper.example,Luna,Scott,Honolulu,Hawaii,96801,US,21.2785144,-157.8702577,preferred,3476.46,2026-05-13T10:00:44Z
1608,owen.torres1608@synthetic-shipper.example,Owen,Torres,Boulder,Colorado,80301,US,40.0154147,-105.3105943,preferred,6396.93,2026-05-13T10:00:44Z
1609,camila.torres1609@synthetic-shipper.example,Camila,Torres,Savannah,Georgia,31401,US,32.0772525,-81.0682984,vip,9326.95,2026-05-13T10:00:44Z
1610,wyatt.nguyen1610@synthetic-shipper.example,Wyatt,Nguyen,New York,New York,10001,US,40.728502,-74.0227422,new,176.18,2026-05-13T10:00:44Z
1611,aria.nguyen1611@synthetic-shipper.example,Aria,Nguyen,Los Angeles,California,90001,US,34.0334465,-118.2769208,standard,1180.78,2026-05-13T10:00:44Z
1612,jack.hill1612@synthetic-shipper.example,Jack,Hill,Chicago,Illinois,60601,US,41.8954532,-87.5806826,standard,116.4,2026-05-13T10:00:44Z
1613,scarlett.hill1613@synthetic-shipper.example,Scarlett,Hill,Houston,Texas,77001,US,29.7191758,-95.3459037,standard,1959.93,2026-05-13T10:00:44Z
1614,leo.flores1614@synthetic-shipper.example,Leo,Flores,Phoenix,Arizona,85001,US,33.4102796,-112.0660678,preferred,3956.72,2026-05-13T10:00:44Z
1615,penelope.flores1615@synthetic-shipper.example,Penelope,Flores,Philadelphia,Pennsylvania,19101,US,39.9971318,-75.1690686,preferred,3611.14,2026-05-13T10:00:44Z
1616,asher.green1616@synthetic-shipper.example,Asher,Green,San Antonio,Texas,78201,US,29.4021321,-98.4851756,vip,7835.58,2026-05-13T10:00:44Z
1617,layla.green1617@synthetic-shipper.example,Layla,Green,San Diego,California,92101,US,32.7429917,-117.1489974,new,30.19,2026-05-13T10:00:44Z
1618,ezra.adams1618@synthetic-shipper.example,Ezra,Adams,Dallas,Texas,75201,US,32.7811667,-96.8368254,standard,1012.05,2026-05-13T10:00:44Z
1619,chloe.adams1619@synthetic-shipper.example,Chloe,Adams,San Jose,California,95101,US,37.3695855,-121.8908961,standard,211.12,2026-05-13T10:00:44Z
1620,benjamin.nelson1620@synthetic-shipper.example,Benjamin,Nelson,Austin,Texas,73301,US,30.314876,-97.7176768,standard,1080.04,2026-05-13T10:00:44Z
1621,riley.nelson1621@synthetic-shipper.example,Riley,Nelson,Jacksonville,Florida,32099,US,30.3568941,-81.6647727,preferred,2169.61,2026-05-13T10:00:44Z
1622,caleb.baker1622@synthetic-shipper.example,Caleb,Baker,Fort Worth,Texas,76101,US,32.7380052,-97.3366171,preferred,4591.66,2026-05-13T10:00:44Z
1623,zoey.baker1623@synthetic-shipper.example,Zoey,Baker,Columbus,Ohio,43085,US,39.9856919,-82.9872393,vip,40137.49,2026-05-13T10:00:44Z
1624,samuel.hall1624@synthetic-shipper.example,Samuel,Hall,Charlotte,North Carolina,28201,US,35.2698705,-80.844396,new,116.29,2026-05-13T10:00:44Z
1625,nora.hall1625@synthetic-shipper.example,Nora,Hall,Indianapolis,Indiana,46201,US,39.7910801,-86.1919537,standard,1405.6,2026-05-13T10:00:44Z
1626,dylan.rivera1626@synthetic-shipper.example,Dylan,Rivera,San Francisco,California,94101,US,37.8083003,-122.3909532,standard,1699.3,2026-05-13T10:00:44Z
1627,lily.rivera1627@synthetic-shipper.example,Lily,Rivera,Seattle,Washington,98101,US,47.5809089,-122.3584559,standard,1398.27,2026-05-13T10:00:44Z
1628,gabriel.campbell1628@synthetic-shipper.example,Gabriel,Campbell,Denver,Colorado,80201,US,39.7252904,-105.0201313,preferred,3450.29,2026-05-13T10:00:44Z
1629,eleanor.campbell1629@synthetic-shipper.example,Eleanor,Campbell,Nashville,Tennessee,37201,US,36.1754318,-86.818968,preferred,4040.27,2026-05-13T10:00:44Z
1630,elijah.mitchell1630@synthetic-shipper.example,Elijah,Mitchell,Portland,Oregon,97201,US,45.5176441,-122.6633708,vip,32982.36,2026-05-13T10:00:44Z
1631,hannah.mitchell1631@synthetic-shipper.example,Hannah,Mitchell,Las Vegas,Nevada,89101,US,36.1344997,-115.1063301,new,149.08,2026-05-13T10:00:44Z
1632,james.carter1632@synthetic-shipper.example,James,Carter,Miami,Florida,33101,US,25.8052483,-80.1974153,standard,381.65,2026-05-13T10:00:44Z
1633,mary.carter1633@synthetic-shipper.example,Mary,Carter,Atlanta,Georgia,30301,US,33.7143853,-84.3689763,standard,140.19,2026-05-13T10:00:44Z
1634,john.roberts1634@synthetic-shipper.example,John,Roberts,Boston,Massachusetts,02101,US,42.3745469,-71.0880975,standard,246.15,2026-05-13T10:00:44Z
1635,patricia.roberts1635@synthetic-shipper.example,Patricia,Roberts,Minneapolis,Minnesota,55401,US,45.011609,-93.2650283,preferred,1498.99,2026-05-13T10:00:44Z
1636,robert.gomez1636@synthetic-shipper.example,Robert,Gomez,Salt Lake City,Utah,84101,US,40.7429763,-111.903133,preferred,6477.42,2026-05-13T10:00:44Z
1637,jennifer.gomez1637@synthetic-shipper.example,Jennifer,Gomez,Detroit,Michigan,48201,US,42.3555788,-83.0897056,vip,44879.64,2026-05-13T10:00:44Z
1638,michael.phillips1638@synthetic-shipper.example,Michael,Phillips,Tampa,Florida,33601,US,27.987185,-82.4734336,new,138.1,2026-05-13T10:00:44Z
1639,linda.phillips1639@synthetic-shipper.example,Linda,Phillips,Brooklyn,New York,11201,US,40.6883411,-73.9567742,standard,1916.25,2026-05-13T10:00:44Z
1640,william.evans1640@synthetic-shipper.example,William,Evans,Raleigh,North Carolina,27601,US,35.7430925,-78.6032508,standard,1117.63,2026-05-13T10:00:44Z
1641,elizabeth.evans1641@synthetic-shipper.example,Elizabeth,Evans,Scottsdale,Arizona,85251,US,33.4968239,-111.8870084,standard,275.03,2026-05-13T10:00:44Z
1642,david.turner1642@synthetic-shipper.example,David,Turner,Honolulu,Hawaii,96801,US,21.3298691,-157.8219812,preferred,4152.14,2026-05-13T10:00:44Z
1643,barbara.turner1643@synthetic-shipper.example,Barbara,Turner,Boulder,Colorado,80301,US,40.0358307,-105.2324346,preferred,7516.21,2026-05-13T10:00:44Z
1644,richard.diaz1644@synthetic-shipper.example,Richard,Diaz,Savannah,Georgia,31401,US,32.1227658,-81.0933528,vip,43326.49,2026-05-13T10:00:44Z
1645,susan.diaz1645@synthetic-shipper.example,Susan,Diaz,New York,New York,10001,US,40.7382585,-74.0474821,new,198.5,2026-05-13T10:00:44Z
1646,joseph.parker1646@synthetic-shipper.example,Joseph,Parker,Los Angeles,California,90001,US,34.0154531,-118.2254332,standard,1498.7,2026-05-13T10:00:44Z
1647,jessica.parker1647@synthetic-shipper.example,Jessica,Parker,Chicago,Illinois,60601,US,41.8601539,-87.6428895,standard,1202.68,2026-05-13T10:00:44Z
1648,thomas.cruz1648@synthetic-shipper.example,Thomas,Cruz,Houston,Texas,77001,US,29.741631,-95.3807709,standard,455.8,2026-05-13T10:00:44Z
1649,sarah.cruz1649@synthetic-shipper.example,Sarah,Cruz,Phoenix,Arizona,85001,US,33.4685325,-112.0492591,preferred,7915.69,2026-05-13T10:00:44Z
1650,christopher.edwards1650@synthetic-shipper.example,Christopher,Edwards,Philadelphia,Pennsylvania,19101,US,39.9709828,-75.2081592,preferred,2462.7,2026-05-13T10:00:44Z
1651,karen.edwards1651@synthetic-shipper.example,Karen,Edwards,San Antonio,Texas,78201,US,29.3854272,-98.4755908,vip,18200.27,2026-05-13T10:00:44Z
1652,charles.collins1652@synthetic-shipper.example,Charles,Collins,San Diego,California,92101,US,32.7184227,-117.173684,new,116.23,2026-05-13T10:00:44Z
1653,lisa.collins1653@synthetic-shipper.example,Lisa,Collins,Dallas,Texas,75201,US,32.7269171,-96.7923603,standard,235.31,2026-05-13T10:00:44Z
1654,daniel.reyes1654@synthetic-shipper.example,Daniel,Reyes,San Jose,California,95101,US,37.3516189,-121.9122579,standard,822.71,2026-05-13T10:00:44Z
1655,nancy.reyes1655@synthetic-shipper.example,Nancy,Reyes,Austin,Texas,73301,US,30.3050708,-97.7434627,standard,1728.57,2026-05-13T10:00:44Z
1656,matthew.stewart1656@synthetic-shipper.example,Matthew,Stewart,Jacksonville,Florida,32099,US,30.3248639,-81.6058619,preferred,2022.86,2026-05-13T10:00:44Z
1657,betty.stewart1657@synthetic-shipper.example,Betty,Stewart,Fort Worth,Texas,76101,US,32.7591277,-97.288605,preferred,1142.32,2026-05-13T10:00:44Z
1658,anthony.morris1658@synthetic-shipper.example,Anthony,Morris,Columbus,Ohio,43085,US,39.9834857,-83.0040765,vip,38451.36,2026-05-13T10:00:44Z
1659,margaret.morris1659@synthetic-shipper.example,Margaret,Morris,Charlotte,North Carolina,28201,US,35.1851077,-80.8703436,new,47.96,2026-05-13T10:00:44Z
1660,mark.morales1660@synthetic-shipper.example,Mark,Morales,Indianapolis,Indiana,46201,US,39.7843264,-86.1667481,standard,1312.82,2026-05-13T10:00:44Z
1661,sandra.morales1661@synthetic-shipper.example,Sandra,Morales,San Francisco,California,94101,US,37.7473227,-122.3872421,standard,1873.83,2026-05-13T10:00:44Z
1662,donald.murphy1662@synthetic-shipper.example,Donald,Murphy,Seattle,Washington,98101,US,47.5994852,-122.3375115,standard,1165.42,2026-05-13T10:00:44Z
1663,ashley.murphy1663@synthetic-shipper.example,Ashley,Murphy,Denver,Colorado,80201,US,39.6955707,-104.9646243,preferred,6968.43,2026-05-13T10:00:44Z
1664,steven.cook1664@synthetic-shipper.example,Steven,Cook,Nashville,Tennessee,37201,US,36.124353,-86.7549281,preferred,5421.04,2026-05-13T10:00:44Z
1665,kimberly.cook1665@synthetic-shipper.example,Kimberly,Cook,Portland,Oregon,97201,US,45.50895,-122.7084754,vip,46539,2026-05-13T10:00:44Z
1666,andrew.rogers1666@synthetic-shipper.example,Andrew,Rogers,Las Vegas,Nevada,89101,US,36.1532388,-115.1159051,new,173.1,2026-05-13T10:00:44Z
1667,emily.rogers1667@synthetic-shipper.example,Emily,Rogers,Miami,Florida,33101,US,25.7125288,-80.2180398,standard,838.48,2026-05-13T10:00:44Z
1668,paul.gutierrez1668@synthetic-shipper.example,Paul,Gutierrez,Atlanta,Georgia,30301,US,33.7942321,-84.3973315,standard,1371.78,2026-05-13T10:00:44Z
1669,donna.gutierrez1669@synthetic-shipper.example,Donna,Gutierrez,Boston,Massachusetts,02101,US,42.3634122,-71.0895651,standard,1083.52,2026-05-13T10:00:44Z
1670,joshua.ortiz1670@synthetic-shipper.example,Joshua,Ortiz,Minneapolis,Minnesota,55401,US,44.9497477,-93.2963509,preferred,7353.6,2026-05-13T10:00:44Z
1671,michelle.ortiz1671@synthetic-shipper.example,Michelle,Ortiz,Salt Lake City,Utah,84101,US,40.7112809,-111.9183602,preferred,6513.76,2026-05-13T10:00:44Z
1672,kenneth.morgan1672@synthetic-shipper.example,Kenneth,Morgan,Detroit,Michigan,48201,US,42.3755118,-83.0890959,vip,21558.94,2026-05-13T10:00:44Z
1673,carol.morgan1673@synthetic-shipper.example,Carol,Morgan,Tampa,Florida,33601,US,27.9715775,-82.4129586,new,137.26,2026-05-13T10:00:44Z
1674,kevin.cooper1674@synthetic-shipper.example,Kevin,Cooper,Brooklyn,New York,11201,US,40.70597,-73.9398831,standard,580.95,2026-05-13T10:00:44Z
1675,amanda.cooper1675@synthetic-shipper.example,Amanda,Cooper,Raleigh,North Carolina,27601,US,35.8239421,-78.5908224,standard,1553.69,2026-05-13T10:00:44Z
1676,brian.peterson1676@synthetic-shipper.example,Brian,Peterson,Scottsdale,Arizona,85251,US,33.5050842,-111.9704756,standard,330.27,2026-05-13T10:00:44Z
1677,dorothy.peterson1677@synthetic-shipper.example,Dorothy,Peterson,Honolulu,Hawaii,96801,US,21.3197454,-157.8994635,preferred,2303.29,2026-05-13T10:00:44Z
1678,george.bailey1678@synthetic-shipper.example,George,Bailey,Boulder,Colorado,80301,US,39.9957683,-105.2593415,preferred,4256.16,2026-05-13T10:00:44Z
1679,melissa.bailey1679@synthetic-shipper.example,Melissa,Bailey,Savannah,Georgia,31401,US,32.0760239,-81.0654651,vip,41909.16,2026-05-13T10:00:44Z
1680,timothy.reed1680@synthetic-shipper.example,Timothy,Reed,New York,New York,10001,US,40.7096403,-73.990767,new,2.99,2026-05-13T10:00:44Z
1681,deborah.reed1681@synthetic-shipper.example,Deborah,Reed,Los Angeles,California,90001,US,34.0662312,-118.2868484,standard,1301.52,2026-05-13T10:00:44Z
1682,aiden.kelly1682@synthetic-shipper.example,Aiden,Kelly,Chicago,Illinois,60601,US,41.9280553,-87.6740352,standard,1967.99,2026-05-13T10:00:44Z
1683,sofia.kelly1683@synthetic-shipper.example,Sofia,Kelly,Houston,Texas,77001,US,29.7713395,-95.4050726,standard,1684.14,2026-05-13T10:00:44Z
1684,liam.howard1684@synthetic-shipper.example,Liam,Howard,Phoenix,Arizona,85001,US,33.4102608,-112.1128913,preferred,1991.63,2026-05-13T10:00:44Z
1685,olivia.howard1685@synthetic-shipper.example,Olivia,Howard,Philadelphia,Pennsylvania,19101,US,39.9179771,-75.1200291,preferred,2974.83,2026-05-13T10:00:44Z
1686,noah.ramos1686@synthetic-shipper.example,Noah,Ramos,San Antonio,Texas,78201,US,29.4531555,-98.4874837,vip,14512.02,2026-05-13T10:00:44Z
1687,emma.ramos1687@synthetic-shipper.example,Emma,Ramos,San Diego,California,92101,US,32.7360827,-117.1949424,new,92.59,2026-05-13T10:00:44Z
1688,ethan.kim1688@synthetic-shipper.example,Ethan,Kim,Dallas,Texas,75201,US,32.7639823,-96.794284,standard,635.26,2026-05-13T10:00:44Z
1689,ava.kim1689@synthetic-shipper.example,Ava,Kim,San Jose,California,95101,US,37.3489883,-121.8906951,standard,1616.35,2026-05-13T10:00:44Z
1690,mason.cox1690@synthetic-shipper.example,Mason,Cox,Austin,Texas,73301,US,30.2554905,-97.7521479,standard,1969.12,2026-05-13T10:00:44Z
1691,isabella.cox1691@synthetic-shipper.example,Isabella,Cox,Jacksonville,Florida,32099,US,30.3140683,-81.6706913,preferred,6035.6,2026-05-13T10:00:44Z
1692,lucas.ward1692@synthetic-shipper.example,Lucas,Ward,Fort Worth,Texas,76101,US,32.7291284,-97.3030747,preferred,1076.51,2026-05-13T10:00:44Z
1693,mia.ward1693@synthetic-shipper.example,Mia,Ward,Columbus,Ohio,43085,US,39.971086,-82.9935184,vip,32036.76,2026-05-13T10:00:44Z
1694,logan.richardson1694@synthetic-shipper.example,Logan,Richardson,Charlotte,North Carolina,28201,US,35.2033857,-80.8203551,new,24.21,2026-05-13T10:00:44Z
1695,charlotte.richardson1695@synthetic-shipper.example,Charlotte,Richardson,Indianapolis,Indiana,46201,US,39.7652302,-86.1298775,standard,417.93,2026-05-13T10:00:44Z
1696,jackson.watson1696@synthetic-shipper.example,Jackson,Watson,San Francisco,California,94101,US,37.7925544,-122.4595762,standard,176.14,2026-05-13T10:00:44Z
1697,amelia.watson1697@synthetic-shipper.example,Amelia,Watson,Seattle,Washington,98101,US,47.5845132,-122.3665933,standard,428.22,2026-05-13T10:00:44Z
1698,sebastian.brooks1698@synthetic-shipper.example,Sebastian,Brooks,Denver,Colorado,80201,US,39.7188642,-104.9561774,preferred,7432.47,2026-05-13T10:00:44Z
1699,harper.brooks1699@synthetic-shipper.example,Harper,Brooks,Nashville,Tennessee,37201,US,36.1557453,-86.8067805,preferred,2256.43,2026-05-13T10:00:44Z
1700,mateo.chavez1700@synthetic-shipper.example,Mateo,Chavez,Portland,Oregon,97201,US,45.5618901,-122.6901542,vip,28605.42,2026-05-13T10:00:44Z
1701,evelyn.chavez1701@synthetic-shipper.example,Evelyn,Chavez,Las Vegas,Nevada,89101,US,36.1752131,-115.0969922,new,93.43,2026-05-13T10:00:44Z
1702,henry.wood1702@synthetic-shipper.example,Henry,Wood,Miami,Florida,33101,US,25.7269591,-80.2063108,standard,1044.99,2026-05-13T10:00:44Z
1703,luna.wood1703@synthetic-shipper.example,Luna,Wood,Atlanta,Georgia,30301,US,33.7872935,-84.3627369,standard,1787.85,2026-05-13T10:00:44Z
1704,owen.james1704@synthetic-shipper.example,Owen,James,Boston,Massachusetts,02101,US,42.3433429,-71.1035588,standard,1058.6,2026-05-13T10:00:44Z
1705,camila.james1705@synthetic-shipper.example,Camila,James,Minneapolis,Minnesota,55401,US,44.9908261,-93.297787,preferred,3020.29,2026-05-13T10:00:44Z
1706,wyatt.bennett1706@synthetic-shipper.example,Wyatt,Bennett,Salt Lake City,Utah,84101,US,40.7429787,-111.9360633,preferred,7606.6,2026-05-13T10:00:44Z
1707,aria.bennett1707@synthetic-shipper.example,Aria,Bennett,Detroit,Michigan,48201,US,42.3784825,-83.0066985,vip,33142.91,2026-05-13T10:00:44Z
1708,jack.gray1708@synthetic-shipper.example,Jack,Gray,Tampa,Florida,33601,US,27.9908671,-82.4392453,new,122.22,2026-05-13T10:00:44Z
1709,scarlett.gray1709@synthetic-shipper.example,Scarlett,Gray,Brooklyn,New York,11201,US,40.7180861,-73.9192864,standard,576.42,2026-05-13T10:00:44Z
1710,leo.mendoza1710@synthetic-shipper.example,Leo,Mendoza,Raleigh,North Carolina,27601,US,35.7831495,-78.6678814,standard,1236.73,2026-05-13T10:00:44Z
1711,penelope.mendoza1711@synthetic-shipper.example,Penelope,Mendoza,Scottsdale,Arizona,85251,US,33.4509985,-111.9609008,standard,403.45,2026-05-13T10:00:44Z
1712,asher.ruiz1712@synthetic-shipper.example,Asher,Ruiz,Honolulu,Hawaii,96801,US,21.3187412,-157.8667551,preferred,4366.26,2026-05-13T10:00:44Z
1713,layla.ruiz1713@synthetic-shipper.example,Layla,Ruiz,Boulder,Colorado,80301,US,39.9705672,-105.2853763,preferred,1576.39,2026-05-13T10:00:44Z
1714,ezra.hughes1714@synthetic-shipper.example,Ezra,Hughes,Savannah,Georgia,31401,US,32.0853598,-81.1403027,vip,29068.53,2026-05-13T10:00:44Z
1715,chloe.hughes1715@synthetic-shipper.example,Chloe,Hughes,New York,New York,10001,US,40.708936,-73.9646607,new,30.33,2026-05-13T10:00:44Z
1716,benjamin.price1716@synthetic-shipper.example,Benjamin,Price,Los Angeles,California,90001,US,34.0884725,-118.231857,standard,721.67,2026-05-13T10:00:44Z
1717,riley.price1717@synthetic-shipper.example,Riley,Price,Chicago,Illinois,60601,US,41.9085888,-87.6396722,standard,1792.13,2026-05-13T10:00:44Z
1718,caleb.alvarez1718@synthetic-shipper.example,Caleb,Alvarez,Houston,Texas,77001,US,29.7239681,-95.3328427,standard,364.5,2026-05-13T10:00:44Z
1719,zoey.alvarez1719@synthetic-shipper.example,Zoey,Alvarez,Phoenix,Arizona,85001,US,33.4701915,-112.0788008,preferred,1434.03,2026-05-13T10:00:44Z
1720,samuel.castillo1720@synthetic-shipper.example,Samuel,Castillo,Philadelphia,Pennsylvania,19101,US,39.9121643,-75.1463913,preferred,5740.49,2026-05-13T10:00:44Z
1721,nora.castillo1721@synthetic-shipper.example,Nora,Castillo,San Antonio,Texas,78201,US,29.3789051,-98.448508,vip,30113.49,2026-05-13T10:00:44Z
1722,dylan.sanders1722@synthetic-shipper.example,Dylan,Sanders,San Diego,California,92101,US,32.7642418,-117.1160159,new,180.92,2026-05-13T10:00:44Z
1723,lily.sanders1723@synthetic-shipper.example,Lily,Sanders,Dallas,Texas,75201,US,32.7637954,-96.7784067,standard,990.84,2026-05-13T10:00:44Z
1724,gabriel.patel1724@synthetic-shipper.example,Gabriel,Patel,San Jose,California,95101,US,37.3360657,-121.8496615,standard,1094.4,2026-05-13T10:00:44Z
1725,eleanor.patel1725@synthetic-shipper.example,Eleanor,Patel,Austin,Texas,73301,US,30.2949048,-97.7498815,standard,210.85,2026-05-13T10:00:44Z
1726,elijah.myers1726@synthetic-shipper.example,Elijah,Myers,Jacksonville,Florida,32099,US,30.3760312,-81.6291603,preferred,6630.86,2026-05-13T10:00:44Z
1727,hannah.myers1727@synthetic-shipper.example,Hannah,Myers,Fort Worth,Texas,76101,US,32.7196339,-97.3104252,preferred,3085.84,2026-05-13T10:00:44Z
1728,james.smith1728@synthetic-shipper.example,James,Smith,Columbus,Ohio,43085,US,39.9849492,-82.9816824,vip,11768.6,2026-05-13T10:00:44Z
1729,mary.smith1729@synthetic-shipper.example,Mary,Smith,Charlotte,North Carolina,28201,US,35.1992716,-80.81451,new,14.55,2026-05-13T10:00:44Z
1730,john.johnson1730@synthetic-shipper.example,John,Johnson,Indianapolis,Indiana,46201,US,39.7342107,-86.1366946,standard,1247.57,2026-05-13T10:00:44Z
1731,patricia.johnson1731@synthetic-shipper.example,Patricia,Johnson,San Francisco,California,94101,US,37.7889419,-122.4590277,standard,296.72,2026-05-13T10:00:44Z
1732,robert.williams1732@synthetic-shipper.example,Robert,Williams,Seattle,Washington,98101,US,47.6001479,-122.3290984,standard,674.1,2026-05-13T10:00:44Z
1733,jennifer.williams1733@synthetic-shipper.example,Jennifer,Williams,Denver,Colorado,80201,US,39.7512511,-104.9570686,preferred,7718.7,2026-05-13T10:00:44Z
1734,michael.brown1734@synthetic-shipper.example,Michael,Brown,Nashville,Tennessee,37201,US,36.1977564,-86.7974618,preferred,5195.28,2026-05-13T10:00:44Z
1735,linda.brown1735@synthetic-shipper.example,Linda,Brown,Portland,Oregon,97201,US,45.5600933,-122.6702064,vip,26816.68,2026-05-13T10:00:44Z
1736,william.jones1736@synthetic-shipper.example,William,Jones,Las Vegas,Nevada,89101,US,36.2142618,-115.1824007,new,166.69,2026-05-13T10:00:44Z
1737,elizabeth.jones1737@synthetic-shipper.example,Elizabeth,Jones,Miami,Florida,33101,US,25.7476982,-80.1558745,standard,1306.44,2026-05-13T10:00:44Z
1738,david.garcia1738@synthetic-shipper.example,David,Garcia,Atlanta,Georgia,30301,US,33.7817627,-84.3546866,standard,395.91,2026-05-13T10:00:44Z
1739,barbara.garcia1739@synthetic-shipper.example,Barbara,Garcia,Boston,Massachusetts,02101,US,42.3731836,-71.0819233,standard,782.6,2026-05-13T10:00:44Z
1740,richard.miller1740@synthetic-shipper.example,Richard,Miller,Minneapolis,Minnesota,55401,US,44.9786606,-93.3006474,preferred,6157.74,2026-05-13T10:00:44Z
1741,susan.miller1741@synthetic-shipper.example,Susan,Miller,Salt Lake City,Utah,84101,US,40.7680396,-111.9398628,preferred,5654.26,2026-05-13T10:00:44Z
1742,joseph.davis1742@synthetic-shipper.example,Joseph,Davis,Detroit,Michigan,48201,US,42.3639524,-83.0039864,vip,40534.52,2026-05-13T10:00:44Z
1743,jessica.davis1743@synthetic-shipper.example,Jessica,Davis,Tampa,Florida,33601,US,27.9024154,-82.4674441,new,79.28,2026-05-13T10:00:44Z
1744,thomas.rodriguez1744@synthetic-shipper.example,Thomas,Rodriguez,Brooklyn,New York,11201,US,40.6685734,-73.9153124,standard,602.55,2026-05-13T10:00:44Z
1745,sarah.rodriguez1745@synthetic-shipper.example,Sarah,Rodriguez,Raleigh,North Carolina,27601,US,35.8078792,-78.6791727,standard,302.88,2026-05-13T10:00:44Z
1746,christopher.martinez1746@synthetic-shipper.example,Christopher,Martinez,Scottsdale,Arizona,85251,US,33.5425876,-111.907989,standard,642.8,2026-05-13T10:00:44Z
1747,karen.martinez1747@synthetic-shipper.example,Karen,Martinez,Honolulu,Hawaii,96801,US,21.3276728,-157.8501303,preferred,6216.18,2026-05-13T10:00:44Z
1748,charles.hernandez1748@synthetic-shipper.example,Charles,Hernandez,Boulder,Colorado,80301,US,40.0409724,-105.2219266,preferred,5516.08,2026-05-13T10:00:44Z
1749,lisa.hernandez1749@synthetic-shipper.example,Lisa,Hernandez,Savannah,Georgia,31401,US,32.0771798,-81.1140745,vip,29623.48,2026-05-13T10:00:44Z
1750,daniel.lopez1750@synthetic-shipper.example,Daniel,Lopez,New York,New York,10001,US,40.6666978,-73.9611914,new,74.7,2026-05-13T10:00:44Z
1751,nancy.lopez1751@synthetic-shipper.example,Nancy,Lopez,Los Angeles,California,90001,US,34.0646709,-118.2744093,standard,1379.73,2026-05-13T10:00:44Z
1752,matthew.gonzalez1752@synthetic-shipper.example,Matthew,Gonzalez,Chicago,Illinois,60601,US,41.8669982,-87.6121912,standard,1703,2026-05-13T10:00:44Z
1753,betty.gonzalez1753@synthetic-shipper.example,Betty,Gonzalez,Houston,Texas,77001,US,29.7985217,-95.3230913,standard,593.08,2026-05-13T10:00:44Z
1754,anthony.wilson1754@synthetic-shipper.example,Anthony,Wilson,Phoenix,Arizona,85001,US,33.4081962,-112.0892648,preferred,7856.46,2026-05-13T10:00:44Z
1755,margaret.wilson1755@synthetic-shipper.example,Margaret,Wilson,Philadelphia,Pennsylvania,19101,US,39.9767748,-75.2009227,preferred,7040.08,2026-05-13T10:00:44Z
1756,mark.anderson1756@synthetic-shipper.example,Mark,Anderson,San Antonio,Texas,78201,US,29.4182425,-98.4624497,vip,47728.72,2026-05-13T10:00:44Z
1757,sandra.anderson1757@synthetic-shipper.example,Sandra,Anderson,San Diego,California,92101,US,32.6761432,-117.1772436,new,102.85,2026-05-13T10:00:44Z
1758,donald.thomas1758@synthetic-shipper.example,Donald,Thomas,Dallas,Texas,75201,US,32.7648975,-96.820167,standard,1717.78,2026-05-13T10:00:44Z
1759,ashley.thomas1759@synthetic-shipper.example,Ashley,Thomas,San Jose,California,95101,US,37.3094083,-121.9327806,standard,345.59,2026-05-13T10:00:44Z
1760,steven.taylor1760@synthetic-shipper.example,Steven,Taylor,Austin,Texas,73301,US,30.2335147,-97.7066497,standard,636.99,2026-05-13T10:00:44Z
1761,kimberly.taylor1761@synthetic-shipper.example,Kimberly,Taylor,Jacksonville,Florida,32099,US,30.2891944,-81.6414138,preferred,7063.55,2026-05-13T10:00:44Z
1762,andrew.moore1762@synthetic-shipper.example,Andrew,Moore,Fort Worth,Texas,76101,US,32.7163185,-97.3015285,preferred,5133.26,2026-05-13T10:00:44Z
1763,emily.moore1763@synthetic-shipper.example,Emily,Moore,Columbus,Ohio,43085,US,39.9478297,-82.9823991,vip,25923.37,2026-05-13T10:00:44Z
1764,paul.jackson1764@synthetic-shipper.example,Paul,Jackson,Charlotte,North Carolina,28201,US,35.2036179,-80.8849162,new,11.47,2026-05-13T10:00:44Z
1765,donna.jackson1765@synthetic-shipper.example,Donna,Jackson,Indianapolis,Indiana,46201,US,39.7792037,-86.1631525,standard,154.08,2026-05-13T10:00:44Z
1766,joshua.martin1766@synthetic-shipper.example,Joshua,Martin,San Francisco,California,94101,US,37.7843682,-122.4492852,standard,1476.49,2026-05-13T10:00:44Z
1767,michelle.martin1767@synthetic-shipper.example,Michelle,Martin,Seattle,Washington,98101,US,47.5623432,-122.325377,standard,1614.75,2026-05-13T10:00:44Z
1768,kenneth.lee1768@synthetic-shipper.example,Kenneth,Lee,Denver,Colorado,80201,US,39.7116955,-104.9982046,preferred,5268.73,2026-05-13T10:00:44Z
1769,carol.lee1769@synthetic-shipper.example,Carol,Lee,Nashville,Tennessee,37201,US,36.1929802,-86.7479208,preferred,2514.91,2026-05-13T10:00:44Z
1770,kevin.perez1770@synthetic-shipper.example,Kevin,Perez,Portland,Oregon,97201,US,45.4778314,-122.6731872,vip,15264.56,2026-05-13T10:00:44Z
1771,amanda.perez1771@synthetic-shipper.example,Amanda,Perez,Las Vegas,Nevada,89101,US,36.132474,-115.094684,new,108.12,2026-05-13T10:00:44Z
1772,brian.thompson1772@synthetic-shipper.example,Brian,Thompson,Miami,Florida,33101,US,25.7686961,-80.2211853,standard,1258.9,2026-05-13T10:00:44Z
1773,dorothy.thompson1773@synthetic-shipper.example,Dorothy,Thompson,Atlanta,Georgia,30301,US,33.7317832,-84.4271956,standard,366.13,2026-05-13T10:00:44Z
1774,george.white1774@synthetic-shipper.example,George,White,Boston,Massachusetts,02101,US,42.3107887,-71.0382396,standard,1632.89,2026-05-13T10:00:44Z
1775,melissa.white1775@synthetic-shipper.example,Melissa,White,Minneapolis,Minnesota,55401,US,44.9820706,-93.2437531,preferred,7253.39,2026-05-13T10:00:44Z
1776,timothy.harris1776@synthetic-shipper.example,Timothy,Harris,Salt Lake City,Utah,84101,US,40.7683935,-111.8433343,preferred,6516.27,2026-05-13T10:00:44Z
1777,deborah.harris1777@synthetic-shipper.example,Deborah,Harris,Detroit,Michigan,48201,US,42.3740497,-83.0684484,vip,26126.53,2026-05-13T10:00:44Z
1778,aiden.sanchez1778@synthetic-shipper.example,Aiden,Sanchez,Tampa,Florida,33601,US,27.9898446,-82.4683898,new,120.48,2026-05-13T10:00:44Z
1779,sofia.sanchez1779@synthetic-shipper.example,Sofia,Sanchez,Brooklyn,New York,11201,US,40.6364637,-73.9069255,standard,642.37,2026-05-13T10:00:44Z
1780,liam.clark1780@synthetic-shipper.example,Liam,Clark,Raleigh,North Carolina,27601,US,35.8114567,-78.6647501,standard,1011.34,2026-05-13T10:00:44Z
1781,olivia.clark1781@synthetic-shipper.example,Olivia,Clark,Scottsdale,Arizona,85251,US,33.4447554,-111.9268964,standard,755.2,2026-05-13T10:00:44Z
1782,noah.ramirez1782@synthetic-shipper.example,Noah,Ramirez,Honolulu,Hawaii,96801,US,21.3236309,-157.824786,preferred,5306.18,2026-05-13T10:00:44Z
1783,emma.ramirez1783@synthetic-shipper.example,Emma,Ramirez,Boulder,Colorado,80301,US,39.9818529,-105.226913,preferred,3015.89,2026-05-13T10:00:44Z
1784,ethan.lewis1784@synthetic-shipper.example,Ethan,Lewis,Savannah,Georgia,31401,US,32.0840253,-81.0810431,vip,30088.39,2026-05-13T10:00:44Z
1785,ava.lewis1785@synthetic-shipper.example,Ava,Lewis,New York,New York,10001,US,40.7318578,-73.9955862,new,181.55,2026-05-13T10:00:44Z
1786,mason.robinson1786@synthetic-shipper.example,Mason,Robinson,Los Angeles,California,90001,US,34.0419858,-118.213611,standard,631.43,2026-05-13T10:00:44Z
1787,isabella.robinson1787@synthetic-shipper.example,Isabella,Robinson,Chicago,Illinois,60601,US,41.8966894,-87.6068701,standard,855.46,2026-05-13T10:00:44Z
1788,lucas.walker1788@synthetic-shipper.example,Lucas,Walker,Houston,Texas,77001,US,29.7934526,-95.417924,standard,309.58,2026-05-13T10:00:44Z
1789,mia.walker1789@synthetic-shipper.example,Mia,Walker,Phoenix,Arizona,85001,US,33.4810047,-112.1031623,preferred,7581.61,2026-05-13T10:00:44Z
1790,logan.young1790@synthetic-shipper.example,Logan,Young,Philadelphia,Pennsylvania,19101,US,39.9115603,-75.1763472,preferred,6767.34,2026-05-13T10:00:44Z
1791,charlotte.young1791@synthetic-shipper.example,Charlotte,Young,San Antonio,Texas,78201,US,29.4225911,-98.5102613,vip,24829.07,2026-05-13T10:00:44Z
1792,jackson.allen1792@synthetic-shipper.example,Jackson,Allen,San Diego,California,92101,US,32.7078951,-117.1436805,new,120.02,2026-05-13T10:00:44Z
1793,amelia.allen1793@synthetic-shipper.example,Amelia,Allen,Dallas,Texas,75201,US,32.7448325,-96.7758765,standard,1129.31,2026-05-13T10:00:44Z
1794,sebastian.king1794@synthetic-shipper.example,Sebastian,King,San Jose,California,95101,US,37.3227559,-121.9255812,standard,1331.84,2026-05-13T10:00:44Z
1795,harper.king1795@synthetic-shipper.example,Harper,King,Austin,Texas,73301,US,30.2549231,-97.7313925,standard,1198.63,2026-05-13T10:00:44Z
1796,mateo.wright1796@synthetic-shipper.example,Mateo,Wright,Jacksonville,Florida,32099,US,30.3704123,-81.6766697,preferred,7143.58,2026-05-13T10:00:44Z
1797,evelyn.wright1797@synthetic-shipper.example,Evelyn,Wright,Fort Worth,Texas,76101,US,32.7738067,-97.3039468,preferred,2322.94,2026-05-13T10:00:44Z
1798,henry.scott1798@synthetic-shipper.example,Henry,Scott,Columbus,Ohio,43085,US,39.9701962,-82.9838907,vip,32091.99,2026-05-13T10:00:44Z
1799,luna.scott1799@synthetic-shipper.example,Luna,Scott,Charlotte,North Carolina,28201,US,35.2056073,-80.8099399,new,50.65,2026-05-13T10:00:44Z
1800,owen.torres1800@synthetic-shipper.example,Owen,Torres,Indianapolis,Indiana,46201,US,39.7623075,-86.1324088,standard,1430.79,2026-05-13T10:00:44Z
1801,camila.torres1801@synthetic-shipper.example,Camila,Torres,San Francisco,California,94101,US,37.7977631,-122.404056,standard,524.97,2026-05-13T10:00:44Z
1802,wyatt.nguyen1802@synthetic-shipper.example,Wyatt,Nguyen,Seattle,Washington,98101,US,47.5719601,-122.2867796,standard,611.59,2026-05-13T10:00:44Z
1803,aria.nguyen1803@synthetic-shipper.example,Aria,Nguyen,Denver,Colorado,80201,US,39.7341497,-104.9531097,preferred,2930.35,2026-05-13T10:00:44Z
1804,jack.hill1804@synthetic-shipper.example,Jack,Hill,Nashville,Tennessee,37201,US,36.2055038,-86.7572583,preferred,3207.61,2026-05-13T10:00:44Z
1805,scarlett.hill1805@synthetic-shipper.example,Scarlett,Hill,Portland,Oregon,97201,US,45.5627837,-122.7220875,vip,45863.53,2026-05-13T10:00:44Z
1806,leo.flores1806@synthetic-shipper.example,Leo,Flores,Las Vegas,Nevada,89101,US,36.2186961,-115.1185351,new,69.27,2026-05-13T10:00:44Z
1807,penelope.flores1807@synthetic-shipper.example,Penelope,Flores,Miami,Florida,33101,US,25.7246221,-80.1908886,standard,687.22,2026-05-13T10:00:44Z
1808,asher.green1808@synthetic-shipper.example,Asher,Green,Atlanta,Georgia,30301,US,33.741595,-84.3700435,standard,1956.13,2026-05-13T10:00:44Z
1809,layla.green1809@synthetic-shipper.example,Layla,Green,Boston,Massachusetts,02101,US,42.3794905,-71.0319016,standard,171.48,2026-05-13T10:00:44Z
1810,ezra.adams1810@synthetic-shipper.example,Ezra,Adams,Minneapolis,Minnesota,55401,US,44.9578494,-93.2288974,preferred,2154.92,2026-05-13T10:00:44Z
1811,chloe.adams1811@synthetic-shipper.example,Chloe,Adams,Salt Lake City,Utah,84101,US,40.7873413,-111.8500044,preferred,4017.75,2026-05-13T10:00:44Z
1812,benjamin.nelson1812@synthetic-shipper.example,Benjamin,Nelson,Detroit,Michigan,48201,US,42.3731596,-83.045484,vip,21410.34,2026-05-13T10:00:44Z
1813,riley.nelson1813@synthetic-shipper.example,Riley,Nelson,Tampa,Florida,33601,US,27.985999,-82.4245272,new,12.08,2026-05-13T10:00:44Z
1814,caleb.baker1814@synthetic-shipper.example,Caleb,Baker,Brooklyn,New York,11201,US,40.6475027,-73.9131839,standard,1029.06,2026-05-13T10:00:44Z
1815,zoey.baker1815@synthetic-shipper.example,Zoey,Baker,Raleigh,North Carolina,27601,US,35.739307,-78.6223096,standard,164.07,2026-05-13T10:00:44Z
1816,samuel.hall1816@synthetic-shipper.example,Samuel,Hall,Scottsdale,Arizona,85251,US,33.5390419,-111.9183077,standard,1680.15,2026-05-13T10:00:44Z
1817,nora.hall1817@synthetic-shipper.example,Nora,Hall,Honolulu,Hawaii,96801,US,21.3131322,-157.8668706,preferred,3532.19,2026-05-13T10:00:44Z
1818,dylan.rivera1818@synthetic-shipper.example,Dylan,Rivera,Boulder,Colorado,80301,US,40.0327322,-105.2339975,preferred,3385.01,2026-05-13T10:00:44Z
1819,lily.rivera1819@synthetic-shipper.example,Lily,Rivera,Savannah,Georgia,31401,US,32.0570289,-81.0989465,vip,24641.49,2026-05-13T10:00:44Z
1820,gabriel.campbell1820@synthetic-shipper.example,Gabriel,Campbell,New York,New York,10001,US,40.7062245,-74.0101905,new,84.68,2026-05-13T10:00:44Z
1821,eleanor.campbell1821@synthetic-shipper.example,Eleanor,Campbell,Los Angeles,California,90001,US,34.0728871,-118.2722091,standard,1647.04,2026-05-13T10:00:44Z
1822,elijah.mitchell1822@synthetic-shipper.example,Elijah,Mitchell,Chicago,Illinois,60601,US,41.8961047,-87.5952367,standard,1585.53,2026-05-13T10:00:44Z
1823,hannah.mitchell1823@synthetic-shipper.example,Hannah,Mitchell,Houston,Texas,77001,US,29.8072471,-95.3368173,standard,568.49,2026-05-13T10:00:44Z
1824,james.carter1824@synthetic-shipper.example,James,Carter,Phoenix,Arizona,85001,US,33.4819353,-112.1059012,preferred,7228.97,2026-05-13T10:00:44Z
1825,mary.carter1825@synthetic-shipper.example,Mary,Carter,Philadelphia,Pennsylvania,19101,US,39.9368783,-75.1925708,preferred,4659.67,2026-05-13T10:00:44Z
1826,john.roberts1826@synthetic-shipper.example,John,Roberts,San Antonio,Texas,78201,US,29.4549566,-98.5061631,vip,12560.84,2026-05-13T10:00:44Z
1827,patricia.roberts1827@synthetic-shipper.example,Patricia,Roberts,San Diego,California,92101,US,32.7056363,-117.1854773,new,51.5,2026-05-13T10:00:44Z
1828,robert.gomez1828@synthetic-shipper.example,Robert,Gomez,Dallas,Texas,75201,US,32.7772704,-96.7492184,standard,450.13,2026-05-13T10:00:44Z
1829,jennifer.gomez1829@synthetic-shipper.example,Jennifer,Gomez,San Jose,California,95101,US,37.3749585,-121.9336298,standard,1479.5,2026-05-13T10:00:44Z
1830,michael.phillips1830@synthetic-shipper.example,Michael,Phillips,Austin,Texas,73301,US,30.2960097,-97.757916,standard,731.73,2026-05-13T10:00:44Z
1831,linda.phillips1831@synthetic-shipper.example,Linda,Phillips,Jacksonville,Florida,32099,US,30.3696623,-81.6496139,preferred,7728.78,2026-05-13T10:00:44Z
1832,william.evans1832@synthetic-shipper.example,William,Evans,Fort Worth,Texas,76101,US,32.7325838,-97.2934926,preferred,1291.46,2026-05-13T10:00:44Z
1833,elizabeth.evans1833@synthetic-shipper.example,Elizabeth,Evans,Columbus,Ohio,43085,US,39.9392296,-83.0422459,vip,34510.75,2026-05-13T10:00:44Z
1834,david.turner1834@synthetic-shipper.example,David,Turner,Charlotte,North Carolina,28201,US,35.249251,-80.8147228,new,97.75,2026-05-13T10:00:44Z
1835,barbara.turner1835@synthetic-shipper.example,Barbara,Turner,Indianapolis,Indiana,46201,US,39.8068552,-86.1175895,standard,1541.93,2026-05-13T10:00:44Z
1836,richard.diaz1836@synthetic-shipper.example,Richard,Diaz,San Francisco,California,94101,US,37.7757734,-122.4208112,standard,1317.11,2026-05-13T10:00:44Z
1837,susan.diaz1837@synthetic-shipper.example,Susan,Diaz,Seattle,Washington,98101,US,47.6255966,-122.3160348,standard,554.85,2026-05-13T10:00:44Z
1838,joseph.parker1838@synthetic-shipper.example,Joseph,Parker,Denver,Colorado,80201,US,39.7499701,-104.9463051,preferred,5751.33,2026-05-13T10:00:44Z
1839,jessica.parker1839@synthetic-shipper.example,Jessica,Parker,Nashville,Tennessee,37201,US,36.1667282,-86.7741543,preferred,4051.38,2026-05-13T10:00:44Z
1840,thomas.cruz1840@synthetic-shipper.example,Thomas,Cruz,Portland,Oregon,97201,US,45.476635,-122.6815856,vip,15872.5,2026-05-13T10:00:44Z
1841,sarah.cruz1841@synthetic-shipper.example,Sarah,Cruz,Las Vegas,Nevada,89101,US,36.140683,-115.1054906,new,39.49,2026-05-13T10:00:44Z
1842,christopher.edwards1842@synthetic-shipper.example,Christopher,Edwards,Miami,Florida,33101,US,25.8048491,-80.2311809,standard,842.31,2026-05-13T10:00:44Z
1843,karen.edwards1843@synthetic-shipper.example,Karen,Edwards,Atlanta,Georgia,30301,US,33.7168604,-84.3756921,standard,202.72,2026-05-13T10:00:44Z
1844,charles.collins1844@synthetic-shipper.example,Charles,Collins,Boston,Massachusetts,02101,US,42.375775,-71.0558924,standard,654.48,2026-05-13T10:00:44Z
1845,lisa.collins1845@synthetic-shipper.example,Lisa,Collins,Minneapolis,Minnesota,55401,US,44.9294399,-93.2866086,preferred,2106.98,2026-05-13T10:00:44Z
1846,daniel.reyes1846@synthetic-shipper.example,Daniel,Reyes,Salt Lake City,Utah,84101,US,40.7932864,-111.9395562,preferred,2129.32,2026-05-13T10:00:44Z
1847,nancy.reyes1847@synthetic-shipper.example,Nancy,Reyes,Detroit,Michigan,48201,US,42.3779445,-83.0396449,vip,25866.69,2026-05-13T10:00:44Z
1848,matthew.stewart1848@synthetic-shipper.example,Matthew,Stewart,Tampa,Florida,33601,US,27.9017253,-82.4676202,new,137.47,2026-05-13T10:00:44Z
1849,betty.stewart1849@synthetic-shipper.example,Betty,Stewart,Brooklyn,New York,11201,US,40.6679165,-73.9527095,standard,654.4,2026-05-13T10:00:44Z
1850,anthony.morris1850@synthetic-shipper.example,Anthony,Morris,Raleigh,North Carolina,27601,US,35.7579248,-78.6496812,standard,357.1,2026-05-13T10:00:44Z
1851,margaret.morris1851@synthetic-shipper.example,Margaret,Morris,Scottsdale,Arizona,85251,US,33.5295268,-111.9272874,standard,748.31,2026-05-13T10:00:44Z
1852,mark.morales1852@synthetic-shipper.example,Mark,Morales,Honolulu,Hawaii,96801,US,21.344842,-157.8429999,preferred,7360.45,2026-05-13T10:00:44Z
1853,sandra.morales1853@synthetic-shipper.example,Sandra,Morales,Boulder,Colorado,80301,US,40.0462973,-105.3141844,preferred,7229.74,2026-05-13T10:00:44Z
1854,donald.murphy1854@synthetic-shipper.example,Donald,Murphy,Savannah,Georgia,31401,US,32.1241419,-81.1246516,vip,28768.28,2026-05-13T10:00:44Z
1855,ashley.murphy1855@synthetic-shipper.example,Ashley,Murphy,New York,New York,10001,US,40.7025534,-73.9849635,new,3.19,2026-05-13T10:00:44Z
1856,steven.cook1856@synthetic-shipper.example,Steven,Cook,Los Angeles,California,90001,US,34.0862093,-118.2504435,standard,1894.68,2026-05-13T10:00:44Z
1857,kimberly.cook1857@synthetic-shipper.example,Kimberly,Cook,Chicago,Illinois,60601,US,41.9180615,-87.6292274,standard,1913.33,2026-05-13T10:00:44Z
1858,andrew.rogers1858@synthetic-shipper.example,Andrew,Rogers,Houston,Texas,77001,US,29.8032964,-95.4072397,standard,358.41,2026-05-13T10:00:44Z
1859,emily.rogers1859@synthetic-shipper.example,Emily,Rogers,Phoenix,Arizona,85001,US,33.4473263,-112.0635004,preferred,7047.6,2026-05-13T10:00:44Z
1860,paul.gutierrez1860@synthetic-shipper.example,Paul,Gutierrez,Philadelphia,Pennsylvania,19101,US,39.9552006,-75.1937261,preferred,2805.99,2026-05-13T10:00:44Z
1861,donna.gutierrez1861@synthetic-shipper.example,Donna,Gutierrez,San Antonio,Texas,78201,US,29.413628,-98.5404127,vip,27112.04,2026-05-13T10:00:44Z
1862,joshua.ortiz1862@synthetic-shipper.example,Joshua,Ortiz,San Diego,California,92101,US,32.6857469,-117.157483,new,22.24,2026-05-13T10:00:44Z
1863,michelle.ortiz1863@synthetic-shipper.example,Michelle,Ortiz,Dallas,Texas,75201,US,32.7315103,-96.7640628,standard,447.85,2026-05-13T10:00:44Z
1864,kenneth.morgan1864@synthetic-shipper.example,Kenneth,Morgan,San Jose,California,95101,US,37.3571516,-121.8605716,standard,759.43,2026-05-13T10:00:44Z
1865,carol.morgan1865@synthetic-shipper.example,Carol,Morgan,Austin,Texas,73301,US,30.2651668,-97.7568022,standard,441.85,2026-05-13T10:00:44Z
1866,kevin.cooper1866@synthetic-shipper.example,Kevin,Cooper,Jacksonville,Florida,32099,US,30.3453919,-81.6205654,preferred,2903.41,2026-05-13T10:00:44Z
1867,amanda.cooper1867@synthetic-shipper.example,Amanda,Cooper,Fort Worth,Texas,76101,US,32.7301175,-97.3511219,preferred,6798.55,2026-05-13T10:00:44Z
1868,brian.peterson1868@synthetic-shipper.example,Brian,Peterson,Columbus,Ohio,43085,US,39.9383325,-83.0275787,vip,46428.4,2026-05-13T10:00:44Z
1869,dorothy.peterson1869@synthetic-shipper.example,Dorothy,Peterson,Charlotte,North Carolina,28201,US,35.1976161,-80.8588469,new,102.16,2026-05-13T10:00:44Z
1870,george.bailey1870@synthetic-shipper.example,George,Bailey,Indianapolis,Indiana,46201,US,39.7350635,-86.1675574,standard,276.93,2026-05-13T10:00:44Z
1871,melissa.bailey1871@synthetic-shipper.example,Melissa,Bailey,San Francisco,California,94101,US,37.7630341,-122.4485748,standard,1748.71,2026-05-13T10:00:44Z
1872,timothy.reed1872@synthetic-shipper.example,Timothy,Reed,Seattle,Washington,98101,US,47.620139,-122.3688112,standard,280.55,2026-05-13T10:00:44Z
1873,deborah.reed1873@synthetic-shipper.example,Deborah,Reed,Denver,Colorado,80201,US,39.7091041,-104.9957364,preferred,5911.58,2026-05-13T10:00:44Z
1874,aiden.kelly1874@synthetic-shipper.example,Aiden,Kelly,Nashville,Tennessee,37201,US,36.1418636,-86.7786391,preferred,4778.16,2026-05-13T10:00:44Z
1875,sofia.kelly1875@synthetic-shipper.example,Sofia,Kelly,Portland,Oregon,97201,US,45.4786309,-122.6904717,vip,13543.2,2026-05-13T10:00:44Z
1876,liam.howard1876@synthetic-shipper.example,Liam,Howard,Las Vegas,Nevada,89101,US,36.1606923,-115.1337116,new,173.74,2026-05-13T10:00:44Z
1877,olivia.howard1877@synthetic-shipper.example,Olivia,Howard,Miami,Florida,33101,US,25.7809306,-80.1682562,standard,1956.2,2026-05-13T10:00:44Z
1878,noah.ramos1878@synthetic-shipper.example,Noah,Ramos,Atlanta,Georgia,30301,US,33.716863,-84.3582669,standard,1813.38,2026-05-13T10:00:44Z
1879,emma.ramos1879@synthetic-shipper.example,Emma,Ramos,Boston,Massachusetts,02101,US,42.310317,-71.048856,standard,911.21,2026-05-13T10:00:44Z
1880,ethan.kim1880@synthetic-shipper.example,Ethan,Kim,Minneapolis,Minnesota,55401,US,44.9482328,-93.2782897,preferred,3620.82,2026-05-13T10:00:44Z
1881,ava.kim1881@synthetic-shipper.example,Ava,Kim,Salt Lake City,Utah,84101,US,40.7158817,-111.8980556,preferred,7591.17,2026-05-13T10:00:44Z
1882,mason.cox1882@synthetic-shipper.example,Mason,Cox,Detroit,Michigan,48201,US,42.3256099,-83.0629095,vip,6693.08,2026-05-13T10:00:44Z
1883,isabella.cox1883@synthetic-shipper.example,Isabella,Cox,Tampa,Florida,33601,US,27.9887576,-82.4393291,new,178.03,2026-05-13T10:00:44Z
1884,lucas.ward1884@synthetic-shipper.example,Lucas,Ward,Brooklyn,New York,11201,US,40.7093653,-73.9018445,standard,1636.37,2026-05-13T10:00:44Z
1885,mia.ward1885@synthetic-shipper.example,Mia,Ward,Raleigh,North Carolina,27601,US,35.7314213,-78.6501516,standard,823.82,2026-05-13T10:00:44Z
1886,logan.richardson1886@synthetic-shipper.example,Logan,Richardson,Scottsdale,Arizona,85251,US,33.5231336,-111.9081751,standard,1384.52,2026-05-13T10:00:44Z
1887,charlotte.richardson1887@synthetic-shipper.example,Charlotte,Richardson,Honolulu,Hawaii,96801,US,21.305674,-157.8185533,preferred,6411.68,2026-05-13T10:00:44Z
1888,jackson.watson1888@synthetic-shipper.example,Jackson,Watson,Boulder,Colorado,80301,US,40.0644899,-105.2859735,preferred,1545.78,2026-05-13T10:00:44Z
1889,amelia.watson1889@synthetic-shipper.example,Amelia,Watson,Savannah,Georgia,31401,US,32.0603692,-81.1028489,vip,14124.08,2026-05-13T10:00:44Z
1890,sebastian.brooks1890@synthetic-shipper.example,Sebastian,Brooks,New York,New York,10001,US,40.7097432,-73.9716282,new,161.74,2026-05-13T10:00:44Z
1891,harper.brooks1891@synthetic-shipper.example,Harper,Brooks,Los Angeles,California,90001,US,34.0665249,-118.2687142,standard,1049.98,2026-05-13T10:00:44Z
1892,mateo.chavez1892@synthetic-shipper.example,Mateo,Chavez,Chicago,Illinois,60601,US,41.8858361,-87.6064265,standard,1762.65,2026-05-13T10:00:44Z
1893,evelyn.chavez1893@synthetic-shipper.example,Evelyn,Chavez,Houston,Texas,77001,US,29.7184021,-95.4182116,standard,1731.18,2026-05-13T10:00:44Z
1894,henry.wood1894@synthetic-shipper.example,Henry,Wood,Phoenix,Arizona,85001,US,33.4661319,-112.1020424,preferred,1405.94,2026-05-13T10:00:44Z
1895,luna.wood1895@synthetic-shipper.example,Luna,Wood,Philadelphia,Pennsylvania,19101,US,39.9383905,-75.1441481,preferred,4391.07,2026-05-13T10:00:44Z
1896,owen.james1896@synthetic-shipper.example,Owen,James,San Antonio,Texas,78201,US,29.431884,-98.4468034,vip,10216.48,2026-05-13T10:00:44Z
1897,camila.james1897@synthetic-shipper.example,Camila,James,San Diego,California,92101,US,32.6857049,-117.162109,new,95.32,2026-05-13T10:00:44Z
1898,wyatt.bennett1898@synthetic-shipper.example,Wyatt,Bennett,Dallas,Texas,75201,US,32.7719372,-96.8270773,standard,1046.02,2026-05-13T10:00:44Z
1899,aria.bennett1899@synthetic-shipper.example,Aria,Bennett,San Jose,California,95101,US,37.3026353,-121.9017491,standard,1453.5,2026-05-13T10:00:44Z
1900,jack.gray1900@synthetic-shipper.example,Jack,Gray,Austin,Texas,73301,US,30.3018316,-97.7019469,standard,1644.61,2026-05-13T10:00:44Z
1901,scarlett.gray1901@synthetic-shipper.example,Scarlett,Gray,Jacksonville,Florida,32099,US,30.3212163,-81.6532175,preferred,2208.36,2026-05-13T10:00:44Z
1902,leo.mendoza1902@synthetic-shipper.example,Leo,Mendoza,Fort Worth,Texas,76101,US,32.7738694,-97.3418986,preferred,7499.96,2026-05-13T10:00:44Z
1903,penelope.mendoza1903@synthetic-shipper.example,Penelope,Mendoza,Columbus,Ohio,43085,US,39.9351469,-83.0389767,vip,34578.09,2026-05-13T10:00:44Z
1904,asher.ruiz1904@synthetic-shipper.example,Asher,Ruiz,Charlotte,North Carolina,28201,US,35.2505055,-80.8464345,new,79.27,2026-05-13T10:00:44Z
1905,layla.ruiz1905@synthetic-shipper.example,Layla,Ruiz,Indianapolis,Indiana,46201,US,39.7441536,-86.1235355,standard,1807.77,2026-05-13T10:00:44Z
1906,ezra.hughes1906@synthetic-shipper.example,Ezra,Hughes,San Francisco,California,94101,US,37.744289,-122.4121261,standard,1255.17,2026-05-13T10:00:44Z
1907,chloe.hughes1907@synthetic-shipper.example,Chloe,Hughes,Seattle,Washington,98101,US,47.6241337,-122.3326259,standard,695.14,2026-05-13T10:00:44Z
1908,benjamin.price1908@synthetic-shipper.example,Benjamin,Price,Denver,Colorado,80201,US,39.7198599,-104.9481196,preferred,7113.95,2026-05-13T10:00:44Z
1909,riley.price1909@synthetic-shipper.example,Riley,Price,Nashville,Tennessee,37201,US,36.1339359,-86.7528398,preferred,1300.61,2026-05-13T10:00:44Z
1910,caleb.alvarez1910@synthetic-shipper.example,Caleb,Alvarez,Portland,Oregon,97201,US,45.5340034,-122.6860323,vip,31791.5,2026-05-13T10:00:44Z
1911,zoey.alvarez1911@synthetic-shipper.example,Zoey,Alvarez,Las Vegas,Nevada,89101,US,36.1230137,-115.1427816,new,129.05,2026-05-13T10:00:44Z
1912,samuel.castillo1912@synthetic-shipper.example,Samuel,Castillo,Miami,Florida,33101,US,25.8103558,-80.2056986,standard,1127.35,2026-05-13T10:00:44Z
1913,nora.castillo1913@synthetic-shipper.example,Nora,Castillo,Atlanta,Georgia,30301,US,33.713173,-84.3782626,standard,1256.32,2026-05-13T10:00:44Z
1914,dylan.sanders1914@synthetic-shipper.example,Dylan,Sanders,Boston,Massachusetts,02101,US,42.361329,-71.0777104,standard,1636.63,2026-05-13T10:00:44Z
1915,lily.sanders1915@synthetic-shipper.example,Lily,Sanders,Minneapolis,Minnesota,55401,US,44.9653405,-93.2692416,preferred,4042.35,2026-05-13T10:00:44Z
1916,gabriel.patel1916@synthetic-shipper.example,Gabriel,Patel,Salt Lake City,Utah,84101,US,40.7213893,-111.8763737,preferred,3348.89,2026-05-13T10:00:44Z
1917,eleanor.patel1917@synthetic-shipper.example,Eleanor,Patel,Detroit,Michigan,48201,US,42.2839598,-83.013431,vip,39738.48,2026-05-13T10:00:44Z
1918,elijah.myers1918@synthetic-shipper.example,Elijah,Myers,Tampa,Florida,33601,US,27.9692375,-82.4919085,new,168.05,2026-05-13T10:00:44Z
1919,hannah.myers1919@synthetic-shipper.example,Hannah,Myers,Brooklyn,New York,11201,US,40.6497567,-73.9339477,standard,1683.34,2026-05-13T10:00:44Z
1920,james.smith1920@synthetic-shipper.example,James,Smith,Raleigh,North Carolina,27601,US,35.7819933,-78.6510271,standard,693.61,2026-05-13T10:00:44Z
1921,mary.smith1921@synthetic-shipper.example,Mary,Smith,Scottsdale,Arizona,85251,US,33.4744557,-111.9490394,standard,1644.11,2026-05-13T10:00:44Z
1922,john.johnson1922@synthetic-shipper.example,John,Johnson,Honolulu,Hawaii,96801,US,21.3506077,-157.8362387,preferred,4978.92,2026-05-13T10:00:44Z
1923,patricia.johnson1923@synthetic-shipper.example,Patricia,Johnson,Boulder,Colorado,80301,US,40.0157415,-105.2805734,preferred,6793.68,2026-05-13T10:00:44Z
1924,robert.williams1924@synthetic-shipper.example,Robert,Williams,Savannah,Georgia,31401,US,32.0725738,-81.070582,vip,24935.86,2026-05-13T10:00:44Z
1925,jennifer.williams1925@synthetic-shipper.example,Jennifer,Williams,New York,New York,10001,US,40.7375851,-74.0505258,new,176.93,2026-05-13T10:00:44Z
1926,michael.brown1926@synthetic-shipper.example,Michael,Brown,Los Angeles,California,90001,US,34.0230976,-118.2524508,standard,1909.42,2026-05-13T10:00:44Z
1927,linda.brown1927@synthetic-shipper.example,Linda,Brown,Chicago,Illinois,60601,US,41.9095911,-87.6560042,standard,1179.33,2026-05-13T10:00:44Z
1928,william.jones1928@synthetic-shipper.example,William,Jones,Houston,Texas,77001,US,29.7539616,-95.3823591,standard,1261.45,2026-05-13T10:00:44Z
1929,elizabeth.jones1929@synthetic-shipper.example,Elizabeth,Jones,Phoenix,Arizona,85001,US,33.4462602,-112.0993296,preferred,5036.15,2026-05-13T10:00:44Z
1930,david.garcia1930@synthetic-shipper.example,David,Garcia,Philadelphia,Pennsylvania,19101,US,39.9879135,-75.164151,preferred,1508.95,2026-05-13T10:00:44Z
1931,barbara.garcia1931@synthetic-shipper.example,Barbara,Garcia,San Antonio,Texas,78201,US,29.4162281,-98.4991713,vip,37973.41,2026-05-13T10:00:44Z
1932,richard.miller1932@synthetic-shipper.example,Richard,Miller,San Diego,California,92101,US,32.703417,-117.1661633,new,173.6,2026-05-13T10:00:44Z
1933,susan.miller1933@synthetic-shipper.example,Susan,Miller,Dallas,Texas,75201,US,32.7529289,-96.758718,standard,161.77,2026-05-13T10:00:44Z
1934,joseph.davis1934@synthetic-shipper.example,Joseph,Davis,San Jose,California,95101,US,37.3660574,-121.8840369,standard,1728.02,2026-05-13T10:00:44Z
1935,jessica.davis1935@synthetic-shipper.example,Jessica,Davis,Austin,Texas,73301,US,30.2828601,-97.715755,standard,769.64,2026-05-13T10:00:44Z
1936,thomas.rodriguez1936@synthetic-shipper.example,Thomas,Rodriguez,Jacksonville,Florida,32099,US,30.3614575,-81.6161649,preferred,7149.03,2026-05-13T10:00:44Z
1937,sarah.rodriguez1937@synthetic-shipper.example,Sarah,Rodriguez,Fort Worth,Texas,76101,US,32.7456402,-97.3777522,preferred,4957.85,2026-05-13T10:00:44Z
1938,christopher.martinez1938@synthetic-shipper.example,Christopher,Martinez,Columbus,Ohio,43085,US,40.0035718,-82.9528451,vip,42821.61,2026-05-13T10:00:44Z
1939,karen.martinez1939@synthetic-shipper.example,Karen,Martinez,Charlotte,North Carolina,28201,US,35.2160283,-80.8149841,new,149.23,2026-05-13T10:00:44Z
1940,charles.hernandez1940@synthetic-shipper.example,Charles,Hernandez,Indianapolis,Indiana,46201,US,39.7825124,-86.1290788,standard,1082.89,2026-05-13T10:00:44Z
1941,lisa.hernandez1941@synthetic-shipper.example,Lisa,Hernandez,San Francisco,California,94101,US,37.7809411,-122.3765304,standard,539.1,2026-05-13T10:00:44Z
1942,daniel.lopez1942@synthetic-shipper.example,Daniel,Lopez,Seattle,Washington,98101,US,47.5873,-122.3027092,standard,1702.75,2026-05-13T10:00:44Z
1943,nancy.lopez1943@synthetic-shipper.example,Nancy,Lopez,Denver,Colorado,80201,US,39.7809144,-105.0392859,preferred,2088.83,2026-05-13T10:00:44Z
1944,matthew.gonzalez1944@synthetic-shipper.example,Matthew,Gonzalez,Nashville,Tennessee,37201,US,36.1936175,-86.732845,preferred,7562.93,2026-05-13T10:00:44Z
1945,betty.gonzalez1945@synthetic-shipper.example,Betty,Gonzalez,Portland,Oregon,97201,US,45.557251,-122.6812488,vip,47080.54,2026-05-13T10:00:44Z
1946,anthony.wilson1946@synthetic-shipper.example,Anthony,Wilson,Las Vegas,Nevada,89101,US,36.1688724,-115.1669809,new,2.28,2026-05-13T10:00:44Z
1947,margaret.wilson1947@synthetic-shipper.example,Margaret,Wilson,Miami,Florida,33101,US,25.7258999,-80.1537996,standard,612.54,2026-05-13T10:00:44Z
1948,mark.anderson1948@synthetic-shipper.example,Mark,Anderson,Atlanta,Georgia,30301,US,33.7903187,-84.3603146,standard,626.65,2026-05-13T10:00:44Z
1949,sandra.anderson1949@synthetic-shipper.example,Sandra,Anderson,Boston,Massachusetts,02101,US,42.357988,-71.0278436,standard,993.08,2026-05-13T10:00:44Z
1950,donald.thomas1950@synthetic-shipper.example,Donald,Thomas,Minneapolis,Minnesota,55401,US,44.966329,-93.3131706,preferred,2578.13,2026-05-13T10:00:44Z
1951,ashley.thomas1951@synthetic-shipper.example,Ashley,Thomas,Salt Lake City,Utah,84101,US,40.7371613,-111.85873,preferred,2677.06,2026-05-13T10:00:44Z
1952,steven.taylor1952@synthetic-shipper.example,Steven,Taylor,Detroit,Michigan,48201,US,42.3514403,-83.0868426,vip,41518.19,2026-05-13T10:00:44Z
1953,kimberly.taylor1953@synthetic-shipper.example,Kimberly,Taylor,Tampa,Florida,33601,US,27.951399,-82.4498254,new,63.31,2026-05-13T10:00:44Z
1954,andrew.moore1954@synthetic-shipper.example,Andrew,Moore,Brooklyn,New York,11201,US,40.7097994,-73.934025,standard,1588.82,2026-05-13T10:00:44Z
1955,emily.moore1955@synthetic-shipper.example,Emily,Moore,Raleigh,North Carolina,27601,US,35.779653,-78.6560088,standard,1777.51,2026-05-13T10:00:44Z
1956,paul.jackson1956@synthetic-shipper.example,Paul,Jackson,Scottsdale,Arizona,85251,US,33.5293887,-111.9347558,standard,1053.78,2026-05-13T10:00:44Z
1957,donna.jackson1957@synthetic-shipper.example,Donna,Jackson,Honolulu,Hawaii,96801,US,21.2584898,-157.8551718,preferred,2314.18,2026-05-13T10:00:44Z
1958,joshua.martin1958@synthetic-shipper.example,Joshua,Martin,Boulder,Colorado,80301,US,40.0444492,-105.2650689,preferred,5628.14,2026-05-13T10:00:44Z
1959,michelle.martin1959@synthetic-shipper.example,Michelle,Martin,Savannah,Georgia,31401,US,32.1010143,-81.1372709,vip,30517.98,2026-05-13T10:00:44Z
1960,kenneth.lee1960@synthetic-shipper.example,Kenneth,Lee,New York,New York,10001,US,40.6696999,-73.986371,new,147.85,2026-05-13T10:00:44Z
1961,carol.lee1961@synthetic-shipper.example,Carol,Lee,Los Angeles,California,90001,US,34.0417126,-118.2756243,standard,1643.18,2026-05-13T10:00:44Z
1962,kevin.perez1962@synthetic-shipper.example,Kevin,Perez,Chicago,Illinois,60601,US,41.9030077,-87.6288422,standard,1682.4,2026-05-13T10:00:44Z
1963,amanda.perez1963@synthetic-shipper.example,Amanda,Perez,Houston,Texas,77001,US,29.7355662,-95.37695,standard,246.54,2026-05-13T10:00:44Z
1964,brian.thompson1964@synthetic-shipper.example,Brian,Thompson,Phoenix,Arizona,85001,US,33.4778997,-112.0934282,preferred,1316.8,2026-05-13T10:00:44Z
1965,dorothy.thompson1965@synthetic-shipper.example,Dorothy,Thompson,Philadelphia,Pennsylvania,19101,US,39.9178661,-75.1509471,preferred,6809.59,2026-05-13T10:00:44Z
1966,george.white1966@synthetic-shipper.example,George,White,San Antonio,Texas,78201,US,29.4520172,-98.4670926,vip,14086.19,2026-05-13T10:00:44Z
1967,melissa.white1967@synthetic-shipper.example,Melissa,White,San Diego,California,92101,US,32.731478,-117.1616221,new,38.06,2026-05-13T10:00:44Z
1968,timothy.harris1968@synthetic-shipper.example,Timothy,Harris,Dallas,Texas,75201,US,32.8153609,-96.8290218,standard,749.51,2026-05-13T10:00:44Z
1969,deborah.harris1969@synthetic-shipper.example,Deborah,Harris,San Jose,California,95101,US,37.3688646,-121.8398244,standard,1187.95,2026-05-13T10:00:44Z
1970,aiden.sanchez1970@synthetic-shipper.example,Aiden,Sanchez,Austin,Texas,73301,US,30.2722775,-97.7161597,standard,1737.78,2026-05-13T10:00:44Z
1971,sofia.sanchez1971@synthetic-shipper.example,Sofia,Sanchez,Jacksonville,Florida,32099,US,30.2950741,-81.6153883,preferred,6501.05,2026-05-13T10:00:44Z
1972,liam.clark1972@synthetic-shipper.example,Liam,Clark,Fort Worth,Texas,76101,US,32.7671431,-97.3242928,preferred,6281.52,2026-05-13T10:00:44Z
1973,olivia.clark1973@synthetic-shipper.example,Olivia,Clark,Columbus,Ohio,43085,US,40.0072025,-82.9735807,vip,10009.77,2026-05-13T10:00:44Z
1974,noah.ramirez1974@synthetic-shipper.example,Noah,Ramirez,Charlotte,North Carolina,28201,US,35.2318248,-80.8284115,new,150.08,2026-05-13T10:00:44Z
1975,emma.ramirez1975@synthetic-shipper.example,Emma,Ramirez,Indianapolis,Indiana,46201,US,39.7201682,-86.191244,standard,1466.41,2026-05-13T10:00:44Z
1976,ethan.lewis1976@synthetic-shipper.example,Ethan,Lewis,San Francisco,California,94101,US,37.8112078,-122.4120336,standard,430.24,2026-05-13T10:00:44Z
1977,ava.lewis1977@synthetic-shipper.example,Ava,Lewis,Seattle,Washington,98101,US,47.6319362,-122.3462077,standard,706.83,2026-05-13T10:00:44Z
1978,mason.robinson1978@synthetic-shipper.example,Mason,Robinson,Denver,Colorado,80201,US,39.6973105,-104.9447391,preferred,4738.49,2026-05-13T10:00:44Z
1979,isabella.robinson1979@synthetic-shipper.example,Isabella,Robinson,Nashville,Tennessee,37201,US,36.1511807,-86.8114228,preferred,7132.51,2026-05-13T10:00:44Z
1980,lucas.walker1980@synthetic-shipper.example,Lucas,Walker,Portland,Oregon,97201,US,45.5346833,-122.6984148,vip,11548.06,2026-05-13T10:00:44Z
1981,mia.walker1981@synthetic-shipper.example,Mia,Walker,Las Vegas,Nevada,89101,US,36.2061988,-115.1517596,new,55.8,2026-05-13T10:00:44Z
1982,logan.young1982@synthetic-shipper.example,Logan,Young,Miami,Florida,33101,US,25.791676,-80.2006571,standard,730.07,2026-05-13T10:00:44Z
1983,charlotte.young1983@synthetic-shipper.example,Charlotte,Young,Atlanta,Georgia,30301,US,33.793127,-84.4267314,standard,1754.5,2026-05-13T10:00:44Z
1984,jackson.allen1984@synthetic-shipper.example,Jackson,Allen,Boston,Massachusetts,02101,US,42.4053326,-71.076258,standard,849.97,2026-05-13T10:00:44Z
1985,amelia.allen1985@synthetic-shipper.example,Amelia,Allen,Minneapolis,Minnesota,55401,US,45.0187457,-93.2474538,preferred,3883.71,2026-05-13T10:00:44Z
1986,sebastian.king1986@synthetic-shipper.example,Sebastian,King,Salt Lake City,Utah,84101,US,40.7623658,-111.8660312,preferred,5643.37,2026-05-13T10:00:44Z
1987,harper.king1987@synthetic-shipper.example,Harper,King,Detroit,Michigan,48201,US,42.370599,-83.0393992,vip,38905.09,2026-05-13T10:00:44Z
1988,mateo.wright1988@synthetic-shipper.example,Mateo,Wright,Tampa,Florida,33601,US,27.9402062,-82.444012,new,64.74,2026-05-13T10:00:44Z
1989,evelyn.wright1989@synthetic-shipper.example,Evelyn,Wright,Brooklyn,New York,11201,US,40.6943936,-73.9428452,standard,1477.52,2026-05-13T10:00:44Z
1990,henry.scott1990@synthetic-shipper.example,Henry,Scott,Raleigh,North Carolina,27601,US,35.8196015,-78.6570736,standard,299.29,2026-05-13T10:00:44Z
1991,luna.scott1991@synthetic-shipper.example,Luna,Scott,Scottsdale,Arizona,85251,US,33.4832309,-111.8937988,standard,1743.35,2026-05-13T10:00:44Z
1992,owen.torres1992@synthetic-shipper.example,Owen,Torres,Honolulu,Hawaii,96801,US,21.2651027,-157.8735992,preferred,1928.18,2026-05-13T10:00:44Z
1993,camila.torres1993@synthetic-shipper.example,Camila,Torres,Boulder,Colorado,80301,US,40.023995,-105.2246049,preferred,1408.19,2026-05-13T10:00:44Z
1994,wyatt.nguyen1994@synthetic-shipper.example,Wyatt,Nguyen,Savannah,Georgia,31401,US,32.0877534,-81.0596595,vip,17656.07,2026-05-13T10:00:44Z
1995,aria.nguyen1995@synthetic-shipper.example,Aria,Nguyen,New York,New York,10001,US,40.7359344,-73.9893181,new,180.02,2026-05-13T10:00:44Z
1996,jack.hill1996@synthetic-shipper.example,Jack,Hill,Los Angeles,California,90001,US,34.0219409,-118.2340237,standard,165.33,2026-05-13T10:00:44Z
1997,scarlett.hill1997@synthetic-shipper.example,Scarlett,Hill,Chicago,Illinois,60601,US,41.8910519,-87.6521203,standard,1440.06,2026-05-13T10:00:44Z
1998,leo.flores1998@synthetic-shipper.example,Leo,Flores,Houston,Texas,77001,US,29.7573191,-95.4107105,standard,1554.98,2026-05-13T10:00:44Z
1999,penelope.flores1999@synthetic-shipper.example,Penelope,Flores,Phoenix,Arizona,85001,US,33.3987992,-112.0715076,preferred,7522.13,2026-05-13T10:00:44Z
2000,asher.green2000@synthetic-shipper.example,Asher,Green,Philadelphia,Pennsylvania,19101,US,39.9462505,-75.1452225,preferred,7257.67,2026-05-13T10:00:44Z
