item_id,order_id,product_id,quantity,unit_price,fulfilled_from
1,1,20,2,115,10
2,1,16,3,240,10
3,1,29,3,155,10
4,1,20,2,115,10
5,1,4,2,160,10
6,2,26,3,360,7
7,3,23,2,145,10
8,3,16,1,240,10
9,3,22,1,170,10
10,4,6,2,275,8
11,5,11,2,140,12
12,5,25,2,130,12
13,5,2,1,210,12
14,5,11,1,140,12
15,6,9,2,520,6
16,6,24,3,190,6
17,6,24,2,190,6
18,6,3,3,95,6
19,7,31,1,135,1
20,8,20,1,115,
21,9,14,2,780,12
22,9,16,3,240,12
23,9,29,1,155,12
24,10,28,3,520,12
25,10,27,2,640,12
26,10,15,3,195,12
27,10,16,1,240,12
28,11,28,1,520,12
29,11,17,1,145,12
30,11,24,1,190,12
31,11,3,2,95,12
32,11,27,1,640,12
33,12,15,2,195,12
34,12,13,1,220,12
35,12,22,1,170,12
36,12,16,1,240,12
37,12,9,3,520,12
38,13,11,2,140,8
39,14,3,2,95,8
40,15,16,3,240,7
41,16,8,3,680,
42,16,24,3,190,
43,16,4,2,160,
44,16,12,1,260,
45,16,3,3,95,
46,17,9,3,520,3
47,17,7,2,420,3
48,17,21,1,185,3
49,17,20,1,115,3
50,17,23,1,145,3
51,18,5,1,340,3
52,18,13,1,220,3
53,18,5,2,340,3
54,18,9,3,520,3
55,18,28,1,520,3
56,19,6,3,275,7
57,19,11,3,140,7
58,20,3,2,95,10
59,20,19,1,89,10
60,20,27,3,640,10
61,20,17,2,145,10
62,20,3,2,95,10
63,21,25,2,130,10
64,21,16,1,240,10
65,22,8,1,680,12
66,22,9,2,520,12
67,22,13,2,220,12
68,22,17,3,145,12
69,23,7,2,420,8
70,23,19,1,89,8
71,23,5,2,340,8
72,23,10,2,180,8
73,24,3,1,95,
74,24,11,1,140,
75,24,26,3,360,
76,25,7,2,420,10
77,25,25,1,130,10
78,25,1,2,125,10
79,25,20,1,115,10
80,25,28,2,520,10
81,26,22,2,170,9
82,27,21,1,185,8
83,27,2,2,210,8
84,28,6,1,275,9
85,28,3,3,95,9
86,28,27,2,640,9
87,28,19,3,89,9
88,29,21,2,185,9
89,29,27,2,640,9
90,29,17,3,145,9
91,30,8,2,680,9
92,30,9,2,520,9
93,30,23,1,145,9
94,30,6,2,275,9
95,31,1,3,125,5
96,31,27,2,640,5
97,32,9,2,520,
98,33,26,1,360,11
99,33,11,1,140,11
100,34,17,2,145,3
101,34,31,1,135,3
102,34,16,1,240,3
103,34,26,3,360,3
104,34,19,1,89,3
105,35,12,2,260,2
106,36,1,2,125,3
107,36,25,2,130,3
108,37,31,2,135,11
109,38,18,3,310,7
110,38,5,1,340,7
111,39,22,1,170,4
112,39,25,1,130,4
113,40,18,1,310,
114,41,24,2,190,2
115,41,27,2,640,2
116,41,13,1,220,2
117,41,6,2,275,2
118,42,27,3,640,2
119,42,23,1,145,2
120,43,7,1,420,5
121,43,30,2,210,5
122,43,1,2,125,5
123,43,29,3,155,5
124,43,3,1,95,5
125,44,4,1,160,12
126,44,21,3,185,12
127,44,31,1,135,12
128,45,6,2,275,8
129,46,5,2,340,2
130,47,22,3,170,1
131,47,19,1,89,1
132,48,13,2,220,
133,48,17,2,145,
134,48,21,3,185,
135,48,26,1,360,
136,49,9,3,520,9
137,50,2,1,210,11
138,50,28,1,520,11
139,50,16,2,240,11
140,51,5,1,340,1
141,51,18,1,310,1
142,51,10,3,180,1
143,51,9,1,520,1
144,52,9,3,520,2
145,52,14,2,780,2
146,52,18,1,310,2
147,52,3,1,95,2
148,53,18,2,310,11
149,54,26,2,360,10
150,54,16,1,240,10
151,54,4,1,160,10
152,55,19,1,89,1
153,56,3,2,95,
154,56,20,1,115,
155,56,18,2,310,
156,57,29,3,155,6
157,57,9,3,520,6
158,57,11,2,140,6
159,58,26,3,360,1
160,59,22,1,170,10
161,59,7,3,420,10
162,59,13,1,220,10
163,59,9,3,520,10
164,60,19,1,89,9
165,60,12,1,260,9
166,60,31,2,135,9
167,60,1,3,125,9
168,61,2,3,210,10
169,61,29,3,155,10
170,62,8,2,680,4
171,62,10,3,180,4
172,63,15,1,195,7
173,63,24,2,190,7
174,63,21,1,185,7
175,63,14,1,780,7
176,63,17,3,145,7
177,64,4,1,160,
178,64,20,2,115,
179,64,27,3,640,
180,65,7,2,420,8
181,65,9,2,520,8
182,65,4,2,160,8
183,65,9,3,520,8
184,65,16,1,240,8
185,66,9,3,520,6
186,66,4,1,160,6
187,66,29,2,155,6
188,66,2,2,210,6
189,67,18,1,310,4
190,67,4,1,160,4
191,67,23,2,145,4
192,67,30,3,210,4
193,67,27,3,640,4
194,68,22,2,170,12
195,68,22,2,170,12
196,69,22,1,170,5
197,69,27,1,640,5
198,69,26,2,360,5
199,70,27,3,640,2
200,70,17,3,145,2
201,71,21,1,185,8
202,72,3,2,95,
203,72,19,2,89,
204,72,9,1,520,
205,72,28,3,520,
206,73,9,2,520,5
207,73,29,2,155,5
208,74,7,3,420,10
209,74,23,2,145,10
210,74,18,1,310,10
211,75,2,2,210,11
212,75,23,1,145,11
213,75,22,2,170,11
214,76,10,2,180,6
215,76,2,2,210,6
216,77,21,2,185,2
217,77,8,3,680,2
218,78,3,3,95,3
219,78,16,2,240,3
220,78,29,2,155,3
221,78,8,3,680,3
222,78,28,1,520,3
223,79,17,2,145,9
224,79,5,3,340,9
225,79,15,3,195,9
226,79,29,1,155,9
227,79,29,2,155,9
228,80,24,2,190,
229,80,30,1,210,
230,80,28,2,520,
231,80,29,3,155,
232,80,18,2,310,
233,81,10,1,180,12
234,81,15,1,195,12
235,81,16,3,240,12
236,81,1,3,125,12
237,81,3,2,95,12
238,82,5,2,340,8
239,83,26,1,360,4
240,84,15,1,195,6
241,85,4,1,160,4
242,85,5,2,340,4
243,86,12,3,260,2
244,86,23,3,145,2
245,86,14,2,780,2
246,86,6,3,275,2
247,86,6,1,275,2
248,87,16,2,240,6
249,88,1,3,125,
250,88,24,3,190,
251,89,13,1,220,9
252,89,30,3,210,9
253,89,7,1,420,9
254,89,13,2,220,9
255,90,27,1,640,5
256,90,19,1,89,5
257,91,26,3,360,4
258,92,13,2,220,4
259,92,1,1,125,4
260,92,27,2,640,4
261,92,25,1,130,4
262,93,3,1,95,7
263,93,9,1,520,7
264,94,6,3,275,12
265,94,19,1,89,12
266,94,27,2,640,12
267,94,30,2,210,12
268,94,9,1,520,12
269,95,27,3,640,5
270,95,19,1,89,5
271,95,3,2,95,5
272,96,24,2,190,
273,96,7,3,420,
274,97,10,3,180,10
275,97,27,3,640,10
276,97,11,3,140,10
277,98,29,2,155,1
278,98,3,3,95,1
279,98,1,2,125,1
280,99,12,2,260,9
281,99,29,1,155,9
282,99,17,3,145,9
283,99,29,3,155,9
284,99,17,1,145,9
285,100,7,1,420,7
286,100,24,3,190,7
287,100,31,2,135,7
288,101,30,1,210,4
289,101,13,1,220,4
290,102,21,3,185,1
291,102,7,2,420,1
292,103,13,1,220,11
293,103,2,3,210,11
294,103,24,3,190,11
295,103,1,2,125,11
296,103,11,3,140,11
297,104,17,1,145,
298,105,9,1,520,7
299,105,29,2,155,7
300,105,1,2,125,7
301,106,13,2,220,12
302,106,18,1,310,12
303,107,24,1,190,10
304,108,10,2,180,4
305,109,19,3,89,12
306,110,8,3,680,3
307,110,2,3,210,3
308,110,4,3,160,3
309,110,12,1,260,3
310,111,4,2,160,12
311,111,22,3,170,12
312,111,25,2,130,12
313,111,16,2,240,12
314,112,18,3,310,
315,112,20,3,115,
316,112,29,1,155,
317,113,6,2,275,12
318,113,14,2,780,12
319,113,11,2,140,12
320,114,22,3,170,3
321,114,1,3,125,3
322,114,12,1,260,3
323,114,24,2,190,3
324,114,8,1,680,3
325,115,5,3,340,2
326,116,17,3,145,8
327,116,2,1,210,8
328,116,31,3,135,8
329,116,22,1,170,8
330,116,4,2,160,8
331,117,2,1,210,6
332,117,9,3,520,6
333,117,6,2,275,6
334,117,12,1,260,6
335,118,23,2,145,1
336,119,26,2,360,9
337,119,28,1,520,9
338,119,28,2,520,9
339,120,14,2,780,
340,121,13,2,220,8
341,121,3,3,95,8
342,121,11,3,140,8
343,121,3,3,95,8
344,121,31,1,135,8
345,122,12,3,260,9
346,122,29,3,155,9
347,123,11,3,140,8
348,123,16,3,240,8
349,123,27,2,640,8
350,123,28,3,520,8
351,123,14,1,780,8
352,124,27,1,640,7
353,124,18,3,310,7
354,124,30,1,210,7
355,124,17,2,145,7
356,124,6,1,275,7
357,125,4,3,160,9
358,126,2,3,210,12
359,126,23,1,145,12
360,127,17,3,145,7
361,127,22,1,170,7
362,128,18,1,310,
363,129,16,3,240,7
364,130,22,3,170,10
365,130,2,3,210,10
366,130,3,1,95,10
367,130,13,1,220,10
368,131,21,1,185,12
369,132,24,1,190,1
370,132,19,2,89,1
371,132,1,1,125,1
372,132,3,2,95,1
373,133,12,2,260,5
374,133,8,3,680,5
375,133,25,2,130,5
376,133,22,2,170,5
377,133,27,2,640,5
378,134,27,1,640,10
379,135,10,1,180,1
380,135,20,3,115,1
381,136,28,2,520,
382,136,12,1,260,
383,136,20,1,115,
384,136,26,1,360,
385,137,3,1,95,7
386,137,22,3,170,7
387,138,26,3,360,12
388,138,24,3,190,12
389,138,23,2,145,12
390,138,27,3,640,12
391,138,3,3,95,12
392,139,31,2,135,8
393,139,12,2,260,8
394,139,28,3,520,8
395,139,28,1,520,8
396,139,28,2,520,8
397,140,14,1,780,12
398,140,19,1,89,12
399,140,9,3,520,12
400,140,21,1,185,12
401,140,16,3,240,12
402,141,3,1,95,8
403,141,16,2,240,8
404,142,29,1,155,1
405,142,22,3,170,1
406,142,18,1,310,1
407,142,18,2,310,1
408,142,12,2,260,1
409,143,29,1,155,4
410,143,3,3,95,4
411,143,25,1,130,4
412,144,19,1,89,
413,144,28,1,520,
414,145,5,2,340,7
415,146,22,1,170,2
416,147,25,3,130,1
417,147,16,3,240,1
418,148,30,3,210,3
419,148,24,2,190,3
420,148,31,3,135,3
421,148,25,1,130,3
422,149,10,1,180,3
423,149,22,1,170,3
424,149,28,1,520,3
425,149,29,3,155,3
426,149,7,2,420,3
427,150,1,3,125,7
428,150,22,2,170,7
429,150,19,3,89,7
430,150,14,1,780,7
431,151,31,3,135,4
432,151,28,3,520,4
433,151,4,3,160,4
434,151,21,3,185,4
435,152,21,3,185,
436,153,9,1,520,9
437,154,30,3,210,5
438,154,18,2,310,5
439,154,2,2,210,5
440,154,1,1,125,5
441,154,8,3,680,5
442,155,11,3,140,10
443,155,24,3,190,10
444,155,4,1,160,10
445,155,11,1,140,10
446,156,17,1,145,10
447,156,13,2,220,10
448,156,20,3,115,10
449,156,24,3,190,10
450,156,23,2,145,10
451,157,2,2,210,7
452,158,23,3,145,4
453,159,15,1,195,11
454,159,3,3,95,11
455,159,1,1,125,11
456,160,7,2,420,
457,160,18,3,310,
458,160,8,1,680,
459,160,17,1,145,
460,161,22,2,170,10
461,161,2,2,210,10
462,161,26,1,360,10
463,162,26,1,360,5
464,162,7,1,420,5
465,162,27,1,640,5
466,163,23,1,145,6
467,163,29,1,155,6
468,163,10,1,180,6
469,163,8,3,680,6
470,164,3,3,95,9
471,164,9,2,520,9
472,165,23,2,145,2
473,165,13,1,220,2
474,165,18,1,310,2
475,165,6,2,275,2
476,165,10,1,180,2
477,166,22,1,170,7
478,167,7,3,420,4
479,168,19,3,89,
480,168,9,1,520,
481,168,20,1,115,
482,169,23,1,145,8
483,170,30,3,210,4
484,170,20,3,115,4
485,170,5,3,340,4
486,171,30,1,210,11
487,171,17,3,145,11
488,171,7,2,420,11
489,172,28,3,520,4
490,172,15,2,195,4
491,173,1,3,125,8
492,173,23,1,145,8
493,173,24,2,190,8
494,174,17,1,145,12
495,174,14,1,780,12
496,175,4,2,160,10
497,176,9,2,520,
498,176,3,1,95,
499,176,22,2,170,
500,176,31,1,135,
501,177,28,3,520,11
502,177,17,3,145,11
503,177,14,3,780,11
504,177,13,3,220,11
505,178,17,3,145,9
506,178,5,3,340,9
507,178,23,1,145,9
508,179,6,1,275,3
509,179,10,1,180,3
510,180,31,2,135,2
511,180,24,3,190,2
512,181,31,2,135,5
513,181,8,2,680,5
514,181,31,1,135,5
515,182,22,3,170,11
516,182,5,1,340,11
517,182,7,3,420,11
518,182,23,3,145,11
519,183,9,2,520,5
520,184,4,3,160,
521,184,2,2,210,
522,184,10,3,180,
523,184,13,2,220,
524,185,23,2,145,1
525,185,18,3,310,1
526,185,18,2,310,1
527,186,11,2,140,2
528,186,24,1,190,2
529,186,28,1,520,2
530,186,29,2,155,2
531,186,19,2,89,2
532,187,9,1,520,11
533,187,18,3,310,11
534,187,30,2,210,11
535,187,10,1,180,11
536,188,20,1,115,2
537,188,18,3,310,2
538,188,7,2,420,2
539,189,3,3,95,11
540,189,27,3,640,11
541,189,28,1,520,11
542,190,15,1,195,9
543,190,18,1,310,9
544,190,25,3,130,9
545,190,12,1,260,9
546,191,5,2,340,8
547,191,16,3,240,8
548,191,16,3,240,8
549,191,30,1,210,8
550,192,18,1,310,
551,192,12,3,260,
552,192,5,3,340,
553,192,1,2,125,
554,193,28,2,520,1
555,193,19,1,89,1
556,193,24,2,190,1
557,193,1,2,125,1
558,193,25,2,130,1
559,194,11,3,140,1
560,194,11,3,140,1
561,195,12,3,260,7
562,196,26,3,360,12
563,196,18,3,310,12
564,196,11,1,140,12
565,196,22,3,170,12
566,197,17,3,145,2
567,197,24,1,190,2
568,197,28,3,520,2
569,197,28,2,520,2
570,197,17,1,145,2
571,198,5,3,340,5
572,198,21,3,185,5
573,198,28,2,520,5
574,199,26,1,360,3
575,199,8,2,680,3
576,200,27,1,640,
577,200,31,2,135,
578,201,14,1,780,6
579,201,6,1,275,6
580,201,23,2,145,6
581,201,8,2,680,6
582,202,10,3,180,9
583,203,30,2,210,1
584,203,22,3,170,1
585,203,16,3,240,1
586,203,31,1,135,1
587,204,26,2,360,4
588,204,26,3,360,4
589,204,29,3,155,4
590,204,15,2,195,4
591,205,28,1,520,1
592,205,22,2,170,1
593,205,25,3,130,1
594,205,20,2,115,1
595,206,13,3,220,7
596,206,31,3,135,7
597,206,9,2,520,7
598,207,5,2,340,7
599,207,1,2,125,7
600,208,9,1,520,
601,208,12,3,260,
602,208,8,3,680,
603,209,1,3,125,10
604,209,7,1,420,10
605,209,24,2,190,10
606,210,14,3,780,7
607,210,17,1,145,7
608,210,25,3,130,7
609,211,7,1,420,2
610,211,15,1,195,2
611,211,31,1,135,2
612,211,10,3,180,2
613,211,23,3,145,2
614,212,12,2,260,5
615,212,7,2,420,5
616,212,7,2,420,5
617,213,20,1,115,4
618,214,9,2,520,6
619,214,16,3,240,6
620,214,5,2,340,6
621,214,14,3,780,6
622,215,21,1,185,3
623,215,10,3,180,3
624,216,27,1,640,
625,216,20,2,115,
626,217,20,2,115,1
627,217,14,3,780,1
628,217,24,2,190,1
629,217,16,1,240,1
630,218,22,2,170,10
631,219,2,1,210,2
632,219,13,2,220,2
633,219,7,2,420,2
634,219,11,1,140,2
635,219,1,1,125,2
636,220,8,2,680,10
637,220,12,3,260,10
638,221,30,1,210,6
639,221,8,2,680,6
640,221,27,1,640,6
641,221,25,2,130,6
642,222,24,3,190,3
643,222,25,1,130,3
644,223,20,2,115,3
645,223,29,2,155,3
646,223,29,1,155,3
647,223,29,3,155,3
648,223,29,2,155,3
649,224,31,1,135,
650,224,20,1,115,
651,225,30,1,210,2
652,225,12,1,260,2
653,225,21,3,185,2
654,225,22,2,170,2
655,225,19,2,89,2
656,226,25,3,130,9
657,226,8,1,680,9
658,226,27,3,640,9
659,226,26,1,360,9
660,227,29,2,155,12
661,227,7,1,420,12
662,227,24,3,190,12
663,227,4,1,160,12
664,228,11,1,140,3
665,228,27,3,640,3
666,228,25,1,130,3
667,228,27,3,640,3
668,228,3,2,95,3
669,229,23,3,145,8
670,230,17,3,145,7
671,231,17,3,145,1
672,231,9,1,520,1
673,231,5,2,340,1
674,231,10,3,180,1
675,231,28,3,520,1
676,232,19,2,89,
677,232,25,3,130,
678,232,7,1,420,
679,232,29,3,155,
680,232,11,1,140,
681,233,6,2,275,11
682,233,2,2,210,11
683,233,30,2,210,11
684,233,12,2,260,11
685,234,1,3,125,9
686,234,5,2,340,9
687,234,4,3,160,9
688,235,2,1,210,3
689,235,6,2,275,3
690,235,4,3,160,3
691,235,28,1,520,3
692,236,17,3,145,8
693,236,6,1,275,8
694,236,1,1,125,8
695,236,15,3,195,8
696,237,18,1,310,9
697,237,3,2,95,9
698,237,18,2,310,9
699,237,23,3,145,9
700,238,31,3,135,6
701,238,17,2,145,6
702,238,12,2,260,6
703,239,4,1,160,1
704,239,9,3,520,1
705,239,5,1,340,1
706,239,22,3,170,1
707,240,15,2,195,
708,241,8,3,680,12
709,241,23,1,145,12
710,241,23,1,145,12
711,241,18,2,310,12
712,242,29,1,155,7
713,242,1,3,125,7
714,243,29,3,155,2
715,244,19,3,89,4
716,244,29,1,155,4
717,245,22,3,170,8
718,245,18,1,310,8
719,245,21,1,185,8
720,246,23,1,145,12
721,246,4,3,160,12
722,246,26,3,360,12
723,246,18,2,310,12
724,246,18,3,310,12
725,247,12,3,260,11
726,248,2,2,210,
727,248,7,2,420,
728,248,24,3,190,
729,248,12,3,260,
730,249,23,2,145,7
731,249,23,2,145,7
732,250,29,1,155,5
733,251,27,2,640,10
734,252,17,3,145,6
735,252,3,3,95,6
736,252,9,1,520,6
737,253,13,1,220,2
738,253,2,1,210,2
739,253,13,3,220,2
740,254,18,3,310,2
741,254,14,2,780,2
742,254,17,1,145,2
743,254,14,2,780,2
744,255,14,3,780,2
745,255,1,3,125,2
746,255,2,2,210,2
747,256,10,2,180,
748,257,31,1,135,8
749,258,30,2,210,8
750,258,1,2,125,8
751,258,15,1,195,8
752,258,20,1,115,8
753,259,29,1,155,11
754,259,3,2,95,11
755,259,20,3,115,11
756,259,16,2,240,11
757,259,29,2,155,11
758,260,11,1,140,9
759,260,8,1,680,9
760,260,19,2,89,9
761,261,11,1,140,3
762,261,27,1,640,3
763,261,20,1,115,3
764,261,6,2,275,3
765,262,12,3,260,3
766,262,2,1,210,3
767,262,5,1,340,3
768,262,16,1,240,3
769,263,27,2,640,7
770,263,8,2,680,7
771,263,3,3,95,7
772,263,18,3,310,7
773,263,3,3,95,7
774,264,17,2,145,
775,264,30,2,210,
776,264,8,1,680,
777,265,8,2,680,12
778,265,5,2,340,12
779,266,28,2,520,2
780,266,9,2,520,2
781,266,11,2,140,2
782,267,10,3,180,5
783,268,31,2,135,8
784,268,30,1,210,8
785,269,3,2,95,7
786,269,10,3,180,7
787,269,16,2,240,7
788,270,21,3,185,3
789,270,14,2,780,3
790,270,30,1,210,3
791,271,9,3,520,5
792,271,2,2,210,5
793,271,1,3,125,5
794,271,30,3,210,5
795,271,15,2,195,5
796,272,15,1,195,
797,272,19,1,89,
798,273,9,3,520,5
799,274,25,2,130,8
800,274,15,3,195,8
801,275,23,3,145,1
802,276,30,2,210,12
803,276,8,3,680,12
804,276,2,1,210,12
805,276,28,2,520,12
806,276,30,1,210,12
807,277,24,1,190,7
808,277,27,1,640,7
809,277,3,2,95,7
810,278,30,3,210,5
811,278,27,2,640,5
812,279,27,3,640,8
813,279,22,1,170,8
814,280,30,1,210,
815,280,14,1,780,
816,280,31,2,135,
817,280,5,3,340,
818,280,12,1,260,
819,281,4,1,160,6
820,281,25,1,130,6
821,282,23,3,145,10
822,283,25,3,130,9
823,284,30,2,210,12
824,284,4,1,160,12
825,284,7,3,420,12
826,285,2,2,210,1
827,285,15,1,195,1
828,286,26,3,360,9
829,286,3,1,95,9
830,286,27,1,640,9
831,287,15,3,195,12
832,288,20,3,115,
833,288,22,3,170,
834,288,22,1,170,
835,288,7,1,420,
836,288,4,2,160,
837,289,23,3,145,12
838,289,14,3,780,12
839,289,15,2,195,12
840,290,20,3,115,6
841,290,27,2,640,6
842,290,1,2,125,6
843,291,9,2,520,8
844,291,4,3,160,8
845,291,15,3,195,8
846,291,11,3,140,8
847,291,13,3,220,8
848,292,16,2,240,11
849,292,30,2,210,11
850,293,31,3,135,3
851,294,10,3,180,5
852,294,27,1,640,5
853,294,2,2,210,5
854,294,30,1,210,5
855,294,11,3,140,5
856,295,9,3,520,12
857,295,2,1,210,12
858,295,30,1,210,12
859,295,15,2,195,12
860,296,15,2,195,
861,296,9,1,520,
862,297,8,2,680,7
863,297,3,1,95,7
864,297,19,2,89,7
865,298,18,2,310,1
866,299,24,3,190,10
867,299,5,3,340,10
868,299,23,3,145,10
869,300,17,2,145,11
870,300,21,3,185,11
871,300,1,3,125,11
872,301,31,1,135,11
873,301,12,3,260,11
874,302,15,1,195,8
875,302,7,3,420,8
876,302,24,1,190,8
877,303,9,1,520,2
878,303,27,2,640,2
879,303,28,2,520,2
880,303,23,1,145,2
881,304,27,2,640,
882,305,2,3,210,7
883,305,19,2,89,7
884,305,9,1,520,7
885,305,25,2,130,7
886,306,4,2,160,8
887,307,25,1,130,10
888,307,11,3,140,10
889,307,10,2,180,10
890,307,5,1,340,10
891,307,22,1,170,10
892,308,25,3,130,1
893,308,23,3,145,1
894,308,9,2,520,1
895,308,16,3,240,1
896,308,25,1,130,1
897,309,22,3,170,9
898,309,14,2,780,9
899,309,24,3,190,9
900,309,17,3,145,9
901,310,16,2,240,12
902,311,26,1,360,11
903,311,18,1,310,11
904,311,18,2,310,11
905,311,7,1,420,11
906,312,12,3,260,
907,313,5,1,340,1
908,314,22,2,170,6
909,314,28,1,520,6
910,314,26,2,360,6
911,314,25,2,130,6
912,314,31,3,135,6
913,315,8,3,680,5
914,315,7,1,420,5
915,315,27,2,640,5
916,315,15,2,195,5
917,315,23,3,145,5
918,316,14,1,780,3
919,316,22,2,170,3
920,316,29,1,155,3
921,316,2,2,210,3
922,317,19,3,89,9
923,317,29,3,155,9
924,317,1,1,125,9
925,318,30,1,210,10
926,318,26,2,360,10
927,318,20,1,115,10
928,319,9,3,520,10
929,320,11,1,140,
930,321,27,2,640,5
931,322,24,2,190,9
932,322,7,3,420,9
933,322,4,1,160,9
934,322,20,1,115,9
935,323,15,3,195,9
936,324,6,1,275,3
937,324,22,2,170,3
938,325,22,3,170,11
939,325,6,3,275,11
940,325,11,1,140,11
941,325,8,1,680,11
942,326,18,2,310,11
943,326,12,3,260,11
944,327,5,2,340,6
945,327,26,1,360,6
946,327,28,1,520,6
947,328,27,1,640,
948,328,1,2,125,
949,329,22,3,170,1
950,329,25,1,130,1
951,329,10,1,180,1
952,329,5,2,340,1
953,329,5,1,340,1
954,330,11,1,140,10
955,331,18,3,310,1
956,332,27,1,640,12
957,332,5,2,340,12
958,332,1,1,125,12
959,333,31,2,135,11
960,333,21,1,185,11
961,334,5,3,340,8
962,335,26,3,360,4
963,335,30,1,210,4
964,335,15,1,195,4
965,335,20,3,115,4
966,335,3,1,95,4
967,336,14,3,780,
968,336,31,1,135,
969,336,1,1,125,
970,337,2,1,210,10
971,337,19,3,89,10
972,337,3,1,95,10
973,337,17,2,145,10
974,338,11,2,140,11
975,338,10,3,180,11
976,339,15,2,195,8
977,340,15,2,195,6
978,341,21,2,185,1
979,341,10,2,180,1
980,341,2,3,210,1
981,341,29,1,155,1
982,341,14,3,780,1
983,342,15,3,195,12
984,342,18,3,310,12
985,342,16,3,240,12
986,343,25,3,130,12
987,343,18,2,310,12
988,343,22,1,170,12
989,344,8,2,680,
990,344,5,3,340,
991,344,12,1,260,
992,345,23,2,145,8
993,345,28,1,520,8
994,346,16,2,240,8
995,346,11,1,140,8
996,346,7,2,420,8
997,347,25,1,130,10
998,347,16,1,240,10
999,347,16,1,240,10
1000,347,14,3,780,10
1001,348,14,1,780,6
1002,348,14,1,780,6
1003,348,18,2,310,6
1004,349,2,2,210,5
1005,349,1,1,125,5
1006,349,19,2,89,5
1007,349,1,3,125,5
1008,349,30,3,210,5
1009,350,8,2,680,3
1010,351,30,1,210,6
1011,351,30,2,210,6
1012,351,14,3,780,6
1013,351,7,3,420,6
1014,352,24,2,190,
1015,352,19,2,89,
1016,353,21,2,185,2
1017,353,26,1,360,2
1018,354,22,2,170,1
1019,354,7,3,420,1
1020,354,15,1,195,1
1021,354,17,1,145,1
1022,354,8,3,680,1
1023,355,30,1,210,1
1024,355,31,3,135,1
1025,356,26,2,360,3
1026,356,8,2,680,3
1027,357,25,1,130,7
1028,357,17,2,145,7
1029,357,28,2,520,7
1030,357,27,3,640,7
1031,358,1,2,125,3
1032,358,11,2,140,3
1033,358,26,1,360,3
1034,358,24,2,190,3
1035,359,22,1,170,7
1036,360,29,2,155,
1037,360,28,2,520,
1038,360,5,3,340,
1039,360,20,3,115,
1040,360,30,1,210,
1041,361,18,2,310,2
1042,362,18,2,310,9
1043,363,7,3,420,8
1044,363,30,2,210,8
1045,363,19,1,89,8
1046,363,11,3,140,8
1047,364,10,1,180,12
1048,364,24,1,190,12
1049,364,23,2,145,12
1050,364,2,2,210,12
1051,365,25,3,130,10
1052,365,11,1,140,10
1053,365,14,1,780,10
1054,365,29,3,155,10
1055,366,8,1,680,5
1056,367,22,2,170,1
1057,367,15,3,195,1
1058,367,10,3,180,1
1059,367,17,2,145,1
1060,367,18,1,310,1
1061,368,28,2,520,
1062,368,2,1,210,
1063,368,9,3,520,
1064,369,16,1,240,5
1065,369,15,1,195,5
1066,369,27,2,640,5
1067,369,27,3,640,5
1068,370,3,3,95,3
1069,370,19,1,89,3
1070,370,12,1,260,3
1071,370,10,2,180,3
1072,370,16,2,240,3
1073,371,16,3,240,1
1074,371,27,2,640,1
1075,371,4,1,160,1
1076,371,7,2,420,1
1077,371,24,3,190,1
1078,372,17,3,145,7
1079,372,22,2,170,7
1080,372,4,1,160,7
1081,373,10,1,180,12
1082,373,12,3,260,12
1083,373,31,3,135,12
1084,373,4,1,160,12
1085,373,4,1,160,12
1086,374,4,2,160,6
1087,374,7,2,420,6
1088,374,24,2,190,6
1089,375,4,3,160,3
1090,375,25,3,130,3
1091,375,21,1,185,3
1092,375,14,1,780,3
1093,375,23,2,145,3
1094,376,16,2,240,
1095,376,4,1,160,
1096,376,9,3,520,
1097,376,5,3,340,
1098,376,31,3,135,
1099,377,7,1,420,10
1100,377,17,1,145,10
1101,378,26,1,360,12
1102,379,26,2,360,1
1103,379,31,2,135,1
1104,379,29,2,155,1
1105,379,7,3,420,1
1106,379,19,3,89,1
1107,380,30,1,210,7
1108,380,14,3,780,7
1109,380,4,1,160,7
1110,380,18,3,310,7
1111,381,7,3,420,2
1112,381,31,1,135,2
1113,382,17,3,145,11
1114,382,16,1,240,11
1115,382,29,3,155,11
1116,382,31,2,135,11
1117,382,27,1,640,11
1118,383,26,2,360,4
1119,384,24,1,190,
1120,384,19,3,89,
1121,384,1,1,125,
1122,384,26,1,360,
1123,385,13,2,220,1
1124,385,9,3,520,1
1125,385,29,1,155,1
1126,385,30,2,210,1
1127,385,17,1,145,1
1128,386,3,1,95,3
1129,386,29,1,155,3
1130,386,22,1,170,3
1131,386,30,2,210,3
1132,386,23,3,145,3
1133,387,1,3,125,1
1134,387,8,2,680,1
1135,388,10,2,180,9
1136,389,14,1,780,11
1137,389,30,3,210,11
1138,389,28,3,520,11
1139,389,29,2,155,11
1140,389,20,1,115,11
1141,390,11,2,140,10
1142,390,11,1,140,10
1143,390,8,3,680,10
1144,390,12,2,260,10
1145,390,25,2,130,10
1146,391,20,1,115,8
1147,391,8,3,680,8
1148,391,19,3,89,8
1149,391,23,3,145,8
1150,391,2,1,210,8
1151,392,24,1,190,
1152,392,8,2,680,
1153,392,15,3,195,
1154,392,8,3,680,
1155,392,15,3,195,
1156,393,29,1,155,1
1157,393,2,1,210,1
1158,393,9,3,520,1
1159,393,13,2,220,1
1160,393,24,3,190,1
1161,394,4,1,160,6
1162,394,8,1,680,6
1163,394,3,2,95,6
1164,394,22,3,170,6
1165,394,5,3,340,6
1166,395,19,3,89,6
1167,395,23,2,145,6
1168,395,12,1,260,6
1169,396,10,3,180,6
1170,396,19,1,89,6
1171,396,5,3,340,6
1172,396,9,3,520,6
1173,396,25,3,130,6
1174,397,12,3,260,7
1175,398,23,2,145,3
1176,399,24,1,190,7
1177,399,2,3,210,7
1178,399,29,2,155,7
1179,400,4,3,160,
1180,400,6,3,275,
1181,401,24,3,190,3
1182,401,18,3,310,3
1183,401,25,1,130,3
1184,402,9,1,520,12
1185,402,26,3,360,12
1186,402,16,2,240,12
1187,402,16,3,240,12
1188,402,24,2,190,12
1189,403,24,1,190,6
1190,404,6,1,275,6
1191,404,11,3,140,6
1192,404,6,3,275,6
1193,405,2,3,210,10
1194,405,26,1,360,10
1195,405,18,1,310,10
1196,406,8,3,680,6
1197,406,1,1,125,6
1198,407,2,2,210,8
1199,407,16,2,240,8
1200,408,14,2,780,
1201,408,15,2,195,
1202,408,3,3,95,
1203,408,8,3,680,
1204,408,19,2,89,
1205,409,2,2,210,5
1206,410,9,3,520,8
1207,410,15,3,195,8
1208,410,22,1,170,8
1209,410,18,3,310,8
1210,411,7,3,420,12
1211,411,3,2,95,12
1212,412,30,1,210,2
1213,412,9,2,520,2
1214,412,3,2,95,2
1215,412,21,1,185,2
1216,412,19,3,89,2
1217,413,7,3,420,8
1218,413,12,1,260,8
1219,413,19,2,89,8
1220,413,6,2,275,8
1221,413,10,1,180,8
1222,414,14,3,780,9
1223,414,2,2,210,9
1224,415,25,2,130,2
1225,415,21,3,185,2
1226,415,23,3,145,2
1227,415,9,1,520,2
1228,415,15,3,195,2
1229,416,20,2,115,
1230,417,6,3,275,11
1231,417,28,2,520,11
1232,417,13,1,220,11
1233,418,4,1,160,11
1234,418,8,2,680,11
1235,418,3,3,95,11
1236,419,16,1,240,5
1237,420,19,2,89,9
1238,420,12,1,260,9
1239,420,21,1,185,9
1240,420,29,3,155,9
1241,421,29,2,155,6
1242,421,22,1,170,6
1243,421,18,1,310,6
1244,421,24,3,190,6
1245,421,22,1,170,6
1246,422,17,2,145,2
1247,422,10,3,180,2
1248,422,2,3,210,2
1249,423,27,3,640,5
1250,423,1,2,125,5
1251,424,18,3,310,
1252,425,11,2,140,3
1253,425,11,3,140,3
1254,426,28,2,520,6
1255,426,22,2,170,6
1256,426,4,2,160,6
1257,427,27,3,640,10
1258,427,2,1,210,10
1259,428,20,1,115,4
1260,428,19,3,89,4
1261,428,19,1,89,4
1262,429,13,1,220,5
1263,429,25,2,130,5
1264,429,21,1,185,5
1265,430,14,1,780,9
1266,430,25,3,130,9
1267,430,1,3,125,9
1268,430,8,1,680,9
1269,431,23,2,145,3
1270,432,8,2,680,
1271,432,9,2,520,
1272,432,17,2,145,
1273,433,25,1,130,2
1274,434,27,1,640,10
1275,434,23,3,145,10
1276,435,4,3,160,4
1277,435,7,2,420,4
1278,436,5,3,340,10
1279,437,12,3,260,12
1280,438,12,1,260,3
1281,438,22,3,170,3
1282,438,2,2,210,3
1283,438,21,2,185,3
1284,439,14,2,780,4
1285,440,14,3,780,
1286,440,26,1,360,
1287,440,13,3,220,
1288,441,24,3,190,11
1289,442,21,1,185,5
1290,442,11,3,140,5
1291,442,27,2,640,5
1292,442,15,2,195,5
1293,442,9,2,520,5
1294,443,21,2,185,7
1295,443,31,1,135,7
1296,443,11,3,140,7
1297,443,9,1,520,7
1298,443,28,2,520,7
1299,444,21,2,185,3
1300,445,23,3,145,3
1301,445,21,2,185,3
1302,445,30,2,210,3
1303,445,8,2,680,3
1304,446,7,2,420,12
1305,446,8,3,680,12
1306,447,29,1,155,4
1307,447,2,2,210,4
1308,448,24,2,190,
1309,448,7,3,420,
1310,448,12,2,260,
1311,449,2,2,210,3
1312,449,9,2,520,3
1313,449,29,2,155,3
1314,450,11,3,140,12
1315,450,14,1,780,12
1316,450,31,2,135,12
1317,450,29,1,155,12
1318,451,25,3,130,3
1319,452,22,3,170,1
1320,452,1,3,125,1
1321,453,15,2,195,2
1322,453,21,3,185,2
1323,453,10,3,180,2
1324,454,24,2,190,7
1325,454,25,1,130,7
1326,455,11,3,140,9
1327,455,25,2,130,9
1328,455,30,3,210,9
1329,456,1,1,125,
1330,456,23,3,145,
1331,456,10,3,180,
1332,457,28,2,520,12
1333,458,8,2,680,2
1334,458,28,3,520,2
1335,459,4,2,160,1
1336,459,4,1,160,1
1337,459,24,3,190,1
1338,459,29,2,155,1
1339,459,11,1,140,1
1340,460,20,1,115,7
1341,460,18,1,310,7
1342,460,6,3,275,7
1343,460,2,1,210,7
1344,460,19,1,89,7
1345,461,4,1,160,7
1346,462,24,2,190,1
1347,462,10,1,180,1
1348,462,6,2,275,1
1349,463,3,3,95,12
1350,463,16,1,240,12
1351,464,30,3,210,
1352,465,14,3,780,2
1353,465,23,3,145,2
1354,465,1,1,125,2
1355,465,10,1,180,2
1356,465,13,2,220,2
1357,466,20,2,115,1
1358,466,21,1,185,1
1359,466,14,1,780,1
1360,466,26,2,360,1
1361,467,30,3,210,8
1362,467,26,2,360,8
1363,467,18,2,310,8
1364,468,12,3,260,4
1365,468,5,1,340,4
1366,468,26,1,360,4
1367,468,10,2,180,4
1368,468,13,3,220,4
1369,469,14,1,780,5
1370,469,17,2,145,5
1371,470,27,3,640,5
1372,470,14,2,780,5
1373,470,21,3,185,5
1374,471,28,1,520,2
1375,471,23,1,145,2
1376,471,20,1,115,2
1377,471,6,3,275,2
1378,471,19,3,89,2
1379,472,26,3,360,
1380,473,17,1,145,3
1381,474,17,2,145,7
1382,475,23,1,145,5
1383,476,7,1,420,1
1384,476,4,1,160,1
1385,476,22,1,170,1
1386,476,24,2,190,1
1387,477,27,3,640,6
1388,477,26,1,360,6
1389,477,7,3,420,6
1390,477,17,2,145,6
1391,477,16,1,240,6
1392,478,9,1,520,11
1393,478,12,1,260,11
1394,478,19,3,89,11
1395,478,24,2,190,11
1396,479,19,3,89,7
1397,479,25,3,130,7
1398,479,17,2,145,7
1399,479,28,2,520,7
1400,479,29,1,155,7
1401,480,15,3,195,
1402,480,19,3,89,
1403,481,3,2,95,3
1404,482,1,3,125,12
1405,482,2,3,210,12
1406,483,13,2,220,1
1407,484,22,1,170,5
1408,485,8,2,680,12
1409,485,11,1,140,12
1410,485,22,3,170,12
1411,485,4,1,160,12
1412,486,24,2,190,11
1413,486,18,3,310,11
1414,486,7,3,420,11
1415,486,14,2,780,11
1416,487,23,2,145,4
1417,488,14,2,780,
1418,489,25,3,130,4
1419,489,2,1,210,4
1420,489,10,1,180,4
1421,489,4,1,160,4
1422,489,6,1,275,4
1423,490,15,3,195,12
1424,490,13,1,220,12
1425,491,4,3,160,4
1426,491,20,1,115,4
1427,491,18,2,310,4
1428,492,11,3,140,12
1429,492,10,3,180,12
1430,492,23,1,145,12
1431,493,15,2,195,6
1432,493,23,3,145,6
1433,493,15,2,195,6
1434,494,7,3,420,3
1435,494,24,1,190,3
1436,494,20,2,115,3
1437,494,20,3,115,3
1438,494,27,1,640,3
1439,495,8,3,680,10
1440,495,21,1,185,10
1441,495,14,3,780,10
1442,496,28,3,520,
1443,497,20,3,115,2
1444,497,1,2,125,2
1445,498,6,1,275,4
1446,498,1,2,125,4
1447,498,7,2,420,4
1448,498,1,3,125,4
1449,498,3,2,95,4
1450,499,22,1,170,6
1451,499,1,3,125,6
1452,499,9,1,520,6
1453,499,12,2,260,6
1454,500,8,3,680,1
1455,500,8,3,680,1
1456,500,20,3,115,1
1457,501,1,2,125,2
1458,501,22,3,170,2
1459,501,14,1,780,2
1460,502,5,2,340,6
1461,502,14,1,780,6
1462,502,14,3,780,6
1463,503,19,3,89,8
1464,503,22,2,170,8
1465,503,12,2,260,8
1466,503,11,1,140,8
1467,504,18,3,310,
1468,504,24,1,190,
1469,505,30,2,210,5
1470,505,10,3,180,5
1471,505,27,1,640,5
1472,505,27,1,640,5
1473,505,1,1,125,5
1474,506,25,2,130,11
1475,506,22,2,170,11
1476,506,9,3,520,11
1477,507,20,1,115,10
1478,507,22,2,170,10
1479,508,25,3,130,1
1480,508,12,1,260,1
1481,508,12,1,260,1
1482,509,6,3,275,7
1483,509,22,3,170,7
1484,510,3,2,95,7
1485,510,31,1,135,7
1486,511,8,1,680,10
1487,511,31,3,135,10
1488,511,8,3,680,10
1489,511,9,3,520,10
1490,511,11,1,140,10
1491,512,26,3,360,
1492,512,6,1,275,
1493,512,28,1,520,
1494,513,24,3,190,7
1495,514,25,1,130,5
1496,514,28,1,520,5
1497,515,12,2,260,5
1498,516,5,1,340,6
1499,516,29,2,155,6
1500,517,14,3,780,6
1501,518,29,3,155,8
1502,518,9,1,520,8
1503,518,30,1,210,8
1504,519,20,3,115,10
1505,519,25,2,130,10
1506,519,2,3,210,10
1507,520,18,1,310,
1508,520,13,1,220,
1509,520,7,1,420,
1510,520,31,2,135,
1511,521,7,1,420,9
1512,521,8,2,680,9
1513,521,13,2,220,9
1514,522,5,2,340,7
1515,522,21,2,185,7
1516,522,24,3,190,7
1517,523,8,2,680,5
1518,523,22,1,170,5
1519,523,1,3,125,5
1520,523,1,1,125,5
1521,524,4,1,160,9
1522,525,21,3,185,1
1523,525,5,3,340,1
1524,525,16,2,240,1
1525,525,12,1,260,1
1526,526,19,3,89,4
1527,526,26,3,360,4
1528,527,18,1,310,10
1529,527,4,2,160,10
1530,528,24,1,190,
1531,528,1,3,125,
1532,528,10,2,180,
1533,529,29,1,155,2
1534,529,3,1,95,2
1535,530,12,2,260,4
1536,530,24,2,190,4
1537,530,18,1,310,4
1538,530,14,2,780,4
1539,531,24,2,190,10
1540,531,3,1,95,10
1541,532,18,1,310,6
1542,532,29,1,155,6
1543,532,24,3,190,6
1544,533,16,2,240,9
1545,533,20,2,115,9
1546,533,31,3,135,9
1547,533,19,3,89,9
1548,533,18,2,310,9
1549,534,15,1,195,12
1550,534,21,3,185,12
1551,534,21,3,185,12
1552,534,27,2,640,12
1553,534,24,1,190,12
1554,535,24,2,190,7
1555,536,16,2,240,
1556,536,15,1,195,
1557,536,11,2,140,
1558,537,21,1,185,12
1559,537,20,2,115,12
1560,537,4,2,160,12
1561,538,8,2,680,2
1562,538,30,1,210,2
1563,538,5,3,340,2
1564,538,6,1,275,2
1565,539,20,1,115,12
1566,539,25,1,130,12
1567,540,18,3,310,3
1568,540,10,2,180,3
1569,541,22,2,170,4
1570,541,22,2,170,4
1571,541,12,1,260,4
1572,541,4,2,160,4
1573,541,13,2,220,4
1574,542,21,2,185,10
1575,542,22,1,170,10
1576,542,7,2,420,10
1577,542,24,3,190,10
1578,543,31,1,135,7
1579,543,14,1,780,7
1580,543,31,2,135,7
1581,543,20,2,115,7
1582,543,19,1,89,7
1583,544,4,1,160,
1584,544,5,3,340,
1585,544,14,1,780,
1586,544,11,3,140,
1587,544,21,1,185,
1588,545,5,1,340,12
1589,545,3,3,95,12
1590,546,30,2,210,1
1591,546,22,3,170,1
1592,546,29,3,155,1
1593,546,27,1,640,1
1594,546,4,1,160,1
1595,547,31,2,135,11
1596,548,7,2,420,9
1597,548,9,2,520,9
1598,548,12,3,260,9
1599,548,2,1,210,9
1600,549,30,3,210,12
1601,549,6,2,275,12
1602,549,17,2,145,12
1603,549,16,2,240,12
1604,550,2,3,210,8
1605,550,7,3,420,8
1606,550,21,3,185,8
1607,551,7,1,420,11
1608,552,20,3,115,
1609,552,27,1,640,
1610,553,14,3,780,1
1611,554,20,3,115,2
1612,554,6,3,275,2
1613,554,17,3,145,2
1614,554,15,2,195,2
1615,554,27,1,640,2
1616,555,10,2,180,3
1617,555,9,3,520,3
1618,555,29,2,155,3
1619,556,26,2,360,2
1620,556,12,3,260,2
1621,556,13,2,220,2
1622,556,8,2,680,2
1623,557,17,1,145,8
1624,557,22,2,170,8
1625,558,12,2,260,4
1626,558,16,3,240,4
1627,558,19,3,89,4
1628,558,13,3,220,4
1629,559,27,3,640,6
1630,559,24,3,190,6
1631,559,9,2,520,6
1632,559,5,1,340,6
1633,560,2,2,210,
1634,560,11,2,140,
1635,560,17,3,145,
1636,561,6,2,275,5
1637,561,10,2,180,5
1638,561,5,3,340,5
1639,561,18,1,310,5
1640,562,16,3,240,4
1641,562,5,1,340,4
1642,562,26,3,360,4
1643,562,3,3,95,4
1644,562,16,2,240,4
1645,563,23,2,145,3
1646,564,1,3,125,7
1647,564,8,1,680,7
1648,564,11,2,140,7
1649,564,9,2,520,7
1650,565,30,2,210,6
1651,565,18,2,310,6
1652,565,4,1,160,6
1653,565,22,2,170,6
1654,566,12,1,260,6
1655,566,5,3,340,6
1656,567,12,1,260,9
1657,567,31,3,135,9
1658,567,19,3,89,9
1659,567,1,1,125,9
1660,567,13,3,220,9
1661,568,25,2,130,
1662,568,10,1,180,
1663,568,27,3,640,
1664,569,30,1,210,11
1665,570,30,1,210,1
1666,570,6,2,275,1
1667,571,26,1,360,12
1668,571,28,2,520,12
1669,571,26,1,360,12
1670,571,28,2,520,12
1671,572,4,2,160,2
1672,572,30,3,210,2
1673,573,2,2,210,12
1674,573,13,1,220,12
1675,573,8,1,680,12
1676,573,8,2,680,12
1677,573,15,2,195,12
1678,574,31,2,135,7
1679,575,25,1,130,2
1680,575,31,1,135,2
1681,575,16,2,240,2
1682,575,29,1,155,2
1683,576,31,1,135,
1684,576,31,1,135,
1685,576,27,2,640,
1686,576,3,2,95,
1687,577,4,1,160,5
1688,577,17,3,145,5
1689,578,1,2,125,8
1690,579,26,1,360,1
1691,580,21,3,185,4
1692,581,5,2,340,12
1693,581,26,2,360,12
1694,581,20,2,115,12
1695,582,21,3,185,4
1696,582,11,3,140,4
1697,583,27,1,640,5
1698,583,29,2,155,5
1699,583,21,3,185,5
1700,583,12,2,260,5
1701,583,3,1,95,5
1702,584,11,3,140,
1703,584,28,1,520,
1704,585,11,3,140,9
1705,585,22,3,170,9
1706,585,20,1,115,9
1707,585,6,3,275,9
1708,585,8,1,680,9
1709,586,3,2,95,12
1710,587,1,2,125,7
1711,587,6,3,275,7
1712,587,13,2,220,7
1713,587,4,3,160,7
1714,588,26,3,360,7
1715,588,31,2,135,7
1716,588,13,3,220,7
1717,589,17,2,145,8
1718,589,4,2,160,8
1719,589,12,1,260,8
1720,589,7,3,420,8
1721,590,29,3,155,5
1722,591,10,2,180,7
1723,592,18,2,310,
1724,592,1,2,125,
1725,592,4,3,160,
1726,592,24,1,190,
1727,593,1,1,125,5
1728,593,31,2,135,5
1729,593,12,1,260,5
1730,594,29,3,155,6
1731,594,29,2,155,6
1732,595,13,3,220,3
1733,595,10,1,180,3
1734,595,12,1,260,3
1735,595,24,1,190,3
1736,596,12,3,260,12
1737,596,15,2,195,12
1738,596,19,1,89,12
1739,596,6,3,275,12
1740,596,29,1,155,12
1741,597,27,3,640,1
1742,597,3,2,95,1
1743,598,10,2,180,3
1744,599,31,1,135,9
1745,599,6,1,275,9
1746,599,2,2,210,9
1747,599,26,3,360,9
1748,600,11,2,140,
1749,600,5,2,340,
1750,600,30,1,210,
1751,600,28,2,520,
1752,600,28,1,520,
1753,601,18,2,310,8
1754,601,5,2,340,8
1755,601,4,3,160,8
1756,602,24,3,190,8
1757,602,12,2,260,8
1758,602,18,2,310,8
1759,603,25,2,130,7
1760,603,22,2,170,7
1761,604,9,1,520,1
1762,605,26,2,360,4
1763,605,28,1,520,4
1764,605,6,3,275,4
1765,605,10,1,180,4
1766,605,10,3,180,4
1767,606,6,3,275,4
1768,606,10,3,180,4
1769,606,5,1,340,4
1770,607,9,1,520,4
1771,607,17,3,145,4
1772,608,4,1,160,
1773,608,10,2,180,
1774,608,2,3,210,
1775,609,6,2,275,12
1776,609,13,3,220,12
1777,609,24,2,190,12
1778,609,22,2,170,12
1779,610,5,2,340,7
1780,610,2,1,210,7
1781,611,31,2,135,7
1782,611,24,2,190,7
1783,611,5,3,340,7
1784,612,24,1,190,11
1785,612,10,1,180,11
1786,612,27,3,640,11
1787,612,29,2,155,11
1788,612,26,1,360,11
1789,613,2,2,210,2
1790,613,18,2,310,2
1791,613,4,3,160,2
1792,613,17,3,145,2
1793,614,16,1,240,9
1794,614,19,1,89,9
1795,614,24,1,190,9
1796,615,12,2,260,4
1797,616,15,3,195,
1798,616,5,2,340,
1799,616,10,2,180,
1800,617,15,2,195,2
1801,617,22,2,170,2
1802,617,8,2,680,2
1803,617,10,1,180,2
1804,617,17,2,145,2
1805,618,25,2,130,10
1806,618,6,2,275,10
1807,618,18,3,310,10
1808,619,28,2,520,4
1809,620,14,1,780,6
1810,621,13,2,220,5
1811,621,15,3,195,5
1812,621,31,2,135,5
1813,621,21,2,185,5
1814,622,28,1,520,9
1815,622,29,1,155,9
1816,622,21,1,185,9
1817,622,26,3,360,9
1818,623,23,1,145,12
1819,623,22,1,170,12
1820,623,11,1,140,12
1821,624,21,1,185,
1822,625,31,2,135,6
1823,625,26,3,360,6
1824,625,31,2,135,6
1825,626,29,2,155,9
1826,627,29,1,155,2
1827,627,13,1,220,2
1828,628,18,1,310,5
1829,628,27,3,640,5
1830,628,21,2,185,5
1831,628,2,1,210,5
1832,629,2,3,210,7
1833,630,10,3,180,10
1834,630,2,3,210,10
1835,630,5,1,340,10
1836,631,18,2,310,7
1837,631,26,1,360,7
1838,631,14,1,780,7
1839,632,20,3,115,
1840,632,13,3,220,
1841,632,29,1,155,
1842,632,27,3,640,
1843,633,1,2,125,1
1844,633,3,2,95,1
1845,633,15,3,195,1
1846,634,7,3,420,4
1847,635,7,1,420,11
1848,635,20,3,115,11
1849,635,14,2,780,11
1850,635,25,1,130,11
1851,635,31,3,135,11
1852,636,2,3,210,5
1853,636,3,1,95,5
1854,636,20,3,115,5
1855,636,4,1,160,5
1856,636,20,2,115,5
1857,637,2,3,210,10
1858,637,28,2,520,10
1859,637,18,1,310,10
1860,637,16,3,240,10
1861,637,11,2,140,10
1862,638,14,2,780,1
1863,638,29,3,155,1
1864,638,25,3,130,1
1865,638,19,3,89,1
1866,639,22,3,170,4
1867,639,21,3,185,4
1868,639,24,1,190,4
1869,639,10,2,180,4
1870,639,18,2,310,4
1871,640,19,1,89,
1872,640,9,3,520,
1873,640,28,3,520,
1874,640,23,2,145,
1875,640,5,1,340,
1876,641,20,3,115,10
1877,641,15,2,195,10
1878,642,16,2,240,2
1879,642,17,2,145,2
1880,642,22,2,170,2
1881,642,1,1,125,2
1882,642,31,3,135,2
1883,643,31,1,135,3
1884,644,26,3,360,6
1885,644,21,3,185,6
1886,644,4,3,160,6
1887,644,23,3,145,6
1888,644,31,2,135,6
1889,645,8,3,680,6
1890,645,4,1,160,6
1891,645,1,1,125,6
1892,645,30,3,210,6
1893,645,25,2,130,6
1894,646,18,3,310,1
1895,646,24,1,190,1
1896,646,5,2,340,1
1897,646,28,3,520,1
1898,646,3,1,95,1
1899,647,4,3,160,1
1900,648,4,1,160,
1901,649,3,1,95,5
1902,649,24,2,190,5
1903,650,24,2,190,9
1904,650,9,3,520,9
1905,650,16,2,240,9
1906,651,16,2,240,5
1907,651,3,2,95,5
1908,651,31,3,135,5
1909,651,29,1,155,5
1910,652,29,2,155,6
1911,653,6,3,275,10
1912,654,29,3,155,12
1913,654,7,2,420,12
1914,654,14,3,780,12
1915,655,2,2,210,10
1916,655,2,2,210,10
1917,655,22,3,170,10
1918,656,15,2,195,
1919,656,21,1,185,
1920,656,13,2,220,
1921,656,17,1,145,
1922,656,18,3,310,
1923,657,19,1,89,6
1924,657,1,2,125,6
1925,658,1,1,125,12
1926,658,4,1,160,12
1927,658,15,3,195,12
1928,659,18,2,310,7
1929,659,8,2,680,7
1930,660,17,1,145,2
1931,660,20,2,115,2
1932,660,10,3,180,2
1933,660,2,3,210,2
1934,660,8,3,680,2
1935,661,9,2,520,5
1936,661,2,1,210,5
1937,661,21,1,185,5
1938,661,24,3,190,5
1939,661,17,3,145,5
1940,662,12,2,260,12
1941,662,23,2,145,12
1942,662,14,2,780,12
1943,662,27,3,640,12
1944,662,23,1,145,12
1945,663,22,2,170,3
1946,663,11,2,140,3
1947,663,29,2,155,3
1948,663,11,3,140,3
1949,663,7,1,420,3
1950,664,9,2,520,
1951,665,20,3,115,3
1952,665,16,1,240,3
1953,665,21,3,185,3
1954,665,7,2,420,3
1955,666,5,2,340,1
1956,666,12,3,260,1
1957,666,24,2,190,1
1958,666,22,1,170,1
1959,667,27,1,640,9
1960,667,28,3,520,9
1961,667,25,2,130,9
1962,668,13,1,220,10
1963,668,30,3,210,10
1964,668,4,1,160,10
1965,669,16,3,240,1
1966,669,20,1,115,1
1967,670,15,3,195,7
1968,670,11,3,140,7
1969,670,14,3,780,7
1970,670,1,2,125,7
1971,670,27,2,640,7
1972,671,15,2,195,12
1973,671,28,3,520,12
1974,671,12,3,260,12
1975,671,16,3,240,12
1976,671,8,3,680,12
1977,672,24,1,190,
1978,672,31,2,135,
1979,673,3,2,95,10
1980,673,17,2,145,10
1981,673,12,1,260,10
1982,673,8,1,680,10
1983,673,10,1,180,10
1984,674,17,3,145,2
1985,674,19,3,89,2
1986,674,28,1,520,2
1987,674,23,1,145,2
1988,675,29,2,155,3
1989,675,25,1,130,3
1990,676,9,2,520,10
1991,677,3,1,95,3
1992,677,8,3,680,3
1993,677,28,3,520,3
1994,678,31,2,135,8
1995,679,4,2,160,2
1996,679,12,1,260,2
1997,679,25,1,130,2
1998,679,21,2,185,2
1999,680,6,1,275,
2000,680,27,1,640,
2001,681,22,2,170,4
2002,681,27,1,640,4
2003,681,18,3,310,4
2004,681,9,2,520,4
2005,681,4,3,160,4
2006,682,30,2,210,3
2007,682,3,3,95,3
2008,683,22,1,170,12
2009,683,22,2,170,12
2010,684,22,1,170,5
2011,684,20,1,115,5
2012,685,1,3,125,2
2013,685,21,3,185,2
2014,685,19,2,89,2
2015,685,17,1,145,2
2016,686,15,3,195,11
2017,686,9,3,520,11
2018,686,14,3,780,11
2019,687,7,1,420,3
2020,687,18,3,310,3
2021,687,4,2,160,3
2022,687,14,2,780,3
2023,687,13,2,220,3
2024,688,21,1,185,
2025,689,26,1,360,11
2026,689,10,3,180,11
2027,689,25,3,130,11
2028,689,13,1,220,11
2029,689,16,1,240,11
2030,690,5,3,340,8
2031,691,26,3,360,7
2032,692,7,2,420,2
2033,692,29,1,155,2
2034,692,31,1,135,2
2035,693,4,1,160,2
2036,693,1,3,125,2
2037,694,7,1,420,2
2038,694,13,1,220,2
2039,694,19,1,89,2
2040,694,25,3,130,2
2041,694,4,2,160,2
2042,695,19,3,89,5
2043,695,5,2,340,5
2044,695,11,3,140,5
2045,696,13,3,220,
2046,696,24,3,190,
2047,696,8,2,680,
2048,696,18,2,310,
2049,697,13,1,220,12
2050,697,21,2,185,12
2051,697,1,2,125,12
2052,698,20,1,115,8
2053,698,17,2,145,8
2054,698,18,3,310,8
2055,698,23,2,145,8
2056,699,23,3,145,7
2057,699,1,3,125,7
2058,699,20,2,115,7
2059,700,20,3,115,12
2060,701,18,1,310,8
2061,701,16,3,240,8
2062,701,14,2,780,8
2063,701,24,1,190,8
2064,702,19,2,89,1
2065,702,18,3,310,1
2066,702,11,2,140,1
2067,703,27,3,640,3
2068,703,21,3,185,3
2069,703,22,1,170,3
2070,703,1,1,125,3
2071,703,18,2,310,3
2072,704,7,1,420,
2073,704,8,3,680,
2074,704,2,1,210,
2075,704,12,2,260,
2076,705,7,2,420,8
2077,705,18,2,310,8
2078,705,21,1,185,8
2079,706,27,1,640,9
2080,706,13,3,220,9
2081,707,24,2,190,4
2082,708,10,1,180,10
2083,708,28,2,520,10
2084,708,15,1,195,10
2085,708,21,1,185,10
2086,709,25,2,130,7
2087,709,5,1,340,7
2088,709,6,1,275,7
2089,709,2,1,210,7
2090,710,16,1,240,4
2091,711,1,3,125,3
2092,711,2,2,210,3
2093,711,1,2,125,3
2094,711,9,1,520,3
2095,711,29,1,155,3
2096,712,14,1,780,
2097,712,30,1,210,
2098,712,13,3,220,
2099,712,31,1,135,
2100,712,26,1,360,
2101,713,24,3,190,3
2102,713,6,2,275,3
2103,714,9,2,520,5
2104,714,29,2,155,5
2105,714,30,3,210,5
2106,715,11,2,140,10
2107,716,30,1,210,12
2108,716,30,3,210,12
2109,716,8,2,680,12
2110,716,7,1,420,12
2111,716,2,3,210,12
2112,717,19,1,89,6
2113,717,7,2,420,6
2114,718,14,1,780,4
2115,718,5,3,340,4
2116,718,24,2,190,4
2117,718,26,2,360,4
2118,719,21,3,185,11
2119,719,17,1,145,11
2120,719,17,3,145,11
2121,720,11,2,140,
2122,720,22,1,170,
2123,721,27,3,640,1
2124,721,8,3,680,1
2125,721,2,3,210,1
2126,721,20,3,115,1
2127,721,25,3,130,1
2128,722,23,1,145,12
2129,723,2,1,210,11
2130,723,3,2,95,11
2131,723,25,3,130,11
2132,723,5,2,340,11
2133,723,25,2,130,11
2134,724,20,3,115,4
2135,725,15,2,195,1
2136,725,19,2,89,1
2137,725,24,1,190,1
2138,726,3,2,95,5
2139,726,19,1,89,5
2140,727,8,3,680,11
2141,727,24,3,190,11
2142,727,8,2,680,11
2143,727,20,3,115,11
2144,728,11,3,140,
2145,728,18,2,310,
2146,728,21,3,185,
2147,728,31,3,135,
2148,729,15,3,195,5
2149,729,30,1,210,5
2150,729,21,2,185,5
2151,730,16,1,240,7
2152,730,23,2,145,7
2153,731,5,1,340,8
2154,731,9,1,520,8
2155,731,5,1,340,8
2156,732,21,2,185,9
2157,733,21,1,185,11
2158,734,15,2,195,4
2159,734,5,1,340,4
2160,735,12,3,260,4
2161,736,1,2,125,
2162,736,15,2,195,
2163,736,6,3,275,
2164,736,30,1,210,
2165,737,24,1,190,1
2166,737,29,2,155,1
2167,737,3,1,95,1
2168,737,10,2,180,1
2169,737,20,1,115,1
2170,738,7,3,420,3
2171,738,27,2,640,3
2172,739,16,2,240,4
2173,740,10,1,180,4
2174,740,6,2,275,4
2175,740,29,2,155,4
2176,741,17,3,145,10
2177,742,9,2,520,8
2178,742,1,1,125,8
2179,742,1,1,125,8
2180,742,16,2,240,8
2181,742,19,2,89,8
2182,743,25,2,130,8
2183,743,1,3,125,8
2184,744,24,2,190,
2185,744,21,1,185,
2186,744,16,1,240,
2187,744,4,3,160,
2188,745,21,3,185,6
2189,745,29,3,155,6
2190,746,3,3,95,5
2191,746,12,3,260,5
2192,747,6,1,275,8
2193,747,28,1,520,8
2194,747,10,1,180,8
2195,747,2,2,210,8
2196,748,28,1,520,4
2197,748,13,3,220,4
2198,748,7,2,420,4
2199,748,12,3,260,4
2200,749,31,3,135,2
2201,749,16,1,240,2
2202,750,26,1,360,9
2203,750,4,2,160,9
2204,750,31,3,135,9
2205,751,4,3,160,9
2206,751,21,1,185,9
2207,751,11,1,140,9
2208,751,29,3,155,9
2209,751,20,3,115,9
2210,752,25,3,130,
2211,753,9,1,520,2
2212,753,10,2,180,2
2213,754,29,3,155,12
2214,755,6,3,275,5
2215,756,17,3,145,2
2216,756,15,1,195,2
2217,756,15,1,195,2
2218,757,29,3,155,12
2219,757,22,2,170,12
2220,757,27,3,640,12
2221,758,6,3,275,5
2222,758,19,3,89,5
2223,758,20,1,115,5
2224,759,25,1,130,2
2225,759,7,3,420,2
2226,759,16,2,240,2
2227,759,10,2,180,2
2228,760,8,2,680,
2229,761,15,3,195,10
2230,761,15,1,195,10
2231,762,5,2,340,9
2232,762,11,3,140,9
2233,762,14,1,780,9
2234,763,18,3,310,4
2235,763,2,1,210,4
2236,764,22,1,170,8
2237,764,7,1,420,8
2238,765,21,2,185,2
2239,765,1,3,125,2
2240,766,22,3,170,4
2241,767,4,2,160,10
2242,767,15,1,195,10
2243,768,23,1,145,
2244,768,10,1,180,
2245,768,13,1,220,
2246,768,4,1,160,
2247,768,2,2,210,
2248,769,4,3,160,8
2249,769,21,3,185,8
2250,769,17,1,145,8
2251,770,14,3,780,12
2252,770,15,2,195,12
2253,770,14,2,780,12
2254,770,11,1,140,12
2255,771,24,3,190,6
2256,771,14,2,780,6
2257,771,1,2,125,6
2258,772,30,3,210,2
2259,772,23,3,145,2
2260,772,26,3,360,2
2261,773,4,2,160,9
2262,774,5,3,340,12
2263,774,27,2,640,12
2264,774,17,2,145,12
2265,774,29,3,155,12
2266,775,18,1,310,2
2267,775,13,2,220,2
2268,775,6,2,275,2
2269,775,19,3,89,2
2270,776,20,2,115,
2271,776,17,3,145,
2272,777,23,3,145,2
2273,777,19,2,89,2
2274,778,1,3,125,5
2275,778,31,2,135,5
2276,778,25,2,130,5
2277,778,29,3,155,5
2278,778,26,1,360,5
2279,779,2,3,210,12
2280,779,9,1,520,12
2281,779,3,3,95,12
2282,780,16,1,240,9
2283,780,5,3,340,9
2284,780,21,1,185,9
2285,780,9,2,520,9
2286,780,8,3,680,9
2287,781,9,3,520,8
2288,781,28,3,520,8
2289,782,10,1,180,8
2290,782,9,3,520,8
2291,782,28,1,520,8
2292,783,4,2,160,9
2293,783,10,3,180,9
2294,783,18,2,310,9
2295,783,18,1,310,9
2296,783,9,3,520,9
2297,784,15,2,195,
2298,784,8,2,680,
2299,784,30,1,210,
2300,785,4,1,160,11
2301,785,30,1,210,11
2302,785,15,3,195,11
2303,785,21,2,185,11
2304,785,20,1,115,11
2305,786,12,1,260,6
2306,786,31,3,135,6
2307,786,15,1,195,6
2308,787,18,3,310,8
2309,787,28,3,520,8
2310,787,13,2,220,8
2311,787,10,1,180,8
2312,787,16,3,240,8
2313,788,29,2,155,6
2314,789,6,1,275,2
2315,790,28,2,520,7
2316,790,27,1,640,7
2317,790,3,3,95,7
2318,791,15,1,195,11
2319,792,30,2,210,
2320,792,23,2,145,
2321,792,25,1,130,
2322,793,13,1,220,2
2323,793,30,1,210,2
2324,793,17,2,145,2
2325,793,11,3,140,2
2326,793,11,1,140,2
2327,794,14,2,780,9
2328,794,19,2,89,9
2329,795,16,3,240,7
2330,795,21,3,185,7
2331,795,18,2,310,7
2332,795,3,3,95,7
2333,795,7,1,420,7
2334,796,17,2,145,6
2335,796,22,3,170,6
2336,796,23,1,145,6
2337,797,5,3,340,1
2338,797,26,1,360,1
2339,797,8,1,680,1
2340,798,25,3,130,1
2341,798,21,3,185,1
2342,798,15,2,195,1
2343,799,15,2,195,10
2344,799,1,2,125,10
2345,799,6,2,275,10
2346,799,21,1,185,10
2347,800,23,1,145,
2348,800,18,3,310,
2349,800,25,1,130,
2350,800,4,3,160,
2351,800,1,1,125,
2352,801,26,2,360,8
2353,801,26,1,360,8
2354,801,29,2,155,8
2355,801,1,2,125,8
2356,802,11,2,140,2
2357,802,19,1,89,2
2358,802,31,1,135,2
2359,803,23,3,145,4
2360,803,19,2,89,4
2361,803,27,2,640,4
2362,804,26,2,360,1
2363,804,3,2,95,1
2364,804,31,2,135,1
2365,804,10,2,180,1
2366,805,3,3,95,10
2367,806,24,3,190,8
2368,806,22,3,170,8
2369,807,21,3,185,5
2370,808,13,3,220,
2371,809,19,3,89,1
2372,810,5,2,340,5
2373,810,29,3,155,5
2374,810,20,2,115,5
2375,810,28,2,520,5
2376,811,13,2,220,6
2377,812,26,2,360,11
2378,813,15,1,195,8
2379,814,2,2,210,8
2380,815,2,2,210,12
2381,815,4,3,160,12
2382,816,31,1,135,
2383,816,21,3,185,
2384,816,23,3,145,
2385,816,12,1,260,
2386,816,2,2,210,
2387,817,24,1,190,11
2388,817,24,2,190,11
2389,817,22,1,170,11
2390,818,1,2,125,2
2391,819,8,2,680,8
2392,820,5,2,340,2
2393,820,1,3,125,2
2394,821,16,1,240,1
2395,821,23,3,145,1
2396,821,1,2,125,1
2397,821,11,2,140,1
2398,822,18,2,310,4
2399,823,22,2,170,2
2400,823,4,3,160,2
2401,823,19,2,89,2
2402,823,3,2,95,2
2403,823,3,1,95,2
2404,824,5,2,340,
2405,825,14,2,780,11
2406,825,1,1,125,11
2407,825,17,3,145,11
2408,825,17,3,145,11
2409,825,31,2,135,11
2410,826,31,1,135,8
2411,826,23,2,145,8
2412,826,8,3,680,8
2413,826,23,1,145,8
2414,827,17,2,145,2
2415,827,28,1,520,2
2416,827,26,1,360,2
2417,827,10,2,180,2
2418,827,17,3,145,2
2419,828,21,2,185,5
2420,828,7,1,420,5
2421,828,21,2,185,5
2422,829,31,2,135,4
2423,829,11,3,140,4
2424,829,5,2,340,4
2425,830,13,1,220,12
2426,831,26,2,360,2
2427,831,10,3,180,2
2428,832,9,2,520,
2429,832,12,2,260,
2430,833,1,1,125,11
2431,833,23,2,145,11
2432,833,5,2,340,11
2433,834,29,2,155,4
2434,834,12,1,260,4
2435,834,19,2,89,4
2436,834,26,2,360,4
2437,834,18,2,310,4
2438,835,10,3,180,8
2439,835,8,3,680,8
2440,835,26,1,360,8
2441,835,19,2,89,8
2442,836,22,1,170,1
2443,837,8,2,680,6
2444,837,2,2,210,6
2445,837,22,2,170,6
2446,838,13,1,220,11
2447,838,7,1,420,11
2448,838,11,1,140,11
2449,839,19,3,89,5
2450,840,17,1,145,
2451,841,5,2,340,8
2452,842,8,1,680,6
2453,842,22,2,170,6
2454,842,23,1,145,6
2455,843,4,1,160,11
2456,844,10,1,180,9
2457,844,21,3,185,9
2458,844,22,1,170,9
2459,844,27,2,640,9
2460,844,10,3,180,9
2461,845,9,3,520,1
2462,845,8,2,680,1
2463,845,9,1,520,1
2464,845,7,2,420,1
2465,846,7,3,420,11
2466,846,21,2,185,11
2467,846,8,1,680,11
2468,846,21,1,185,11
2469,846,22,1,170,11
2470,847,28,1,520,6
2471,847,6,1,275,6
2472,848,10,1,180,
2473,849,25,2,130,1
2474,849,30,2,210,1
2475,849,10,1,180,1
2476,849,10,1,180,1
2477,850,26,2,360,10
2478,850,9,2,520,10
2479,851,30,2,210,6
2480,851,31,3,135,6
2481,851,16,2,240,6
2482,852,2,2,210,5
2483,852,24,3,190,5
2484,852,6,3,275,5
2485,853,9,3,520,2
2486,854,2,1,210,8
2487,854,12,1,260,8
2488,854,16,2,240,8
2489,854,17,1,145,8
2490,855,25,1,130,5
2491,855,16,1,240,5
2492,855,14,3,780,5
2493,855,19,3,89,5
2494,855,10,3,180,5
2495,856,14,3,780,
2496,856,5,3,340,
2497,856,27,1,640,
2498,856,29,1,155,
2499,856,22,2,170,
2500,857,6,3,275,7
2501,857,26,1,360,7
2502,857,13,1,220,7
2503,857,22,2,170,7
2504,858,10,2,180,3
2505,859,17,1,145,12
2506,859,12,3,260,12
2507,859,3,2,95,12
2508,859,12,3,260,12
2509,860,1,3,125,3
2510,861,16,3,240,3
2511,861,17,2,145,3
2512,861,22,2,170,3
2513,861,7,3,420,3
2514,862,31,2,135,2
2515,863,2,1,210,2
2516,863,21,3,185,2
2517,863,29,2,155,2
2518,863,14,1,780,2
2519,864,15,2,195,
2520,864,22,2,170,
2521,865,30,1,210,1
2522,865,28,3,520,1
2523,865,25,2,130,1
2524,865,7,2,420,1
2525,866,4,2,160,9
2526,866,31,2,135,9
2527,866,14,2,780,9
2528,867,21,1,185,11
2529,868,6,2,275,4
2530,868,21,2,185,4
2531,868,25,3,130,4
2532,868,17,2,145,4
2533,868,22,3,170,4
2534,869,25,3,130,2
2535,869,13,2,220,2
2536,869,18,2,310,2
2537,869,10,1,180,2
2538,870,1,1,125,6
2539,871,31,3,135,11
2540,871,22,3,170,11
2541,871,20,2,115,11
2542,871,24,2,190,11
2543,871,19,3,89,11
2544,872,5,1,340,
2545,872,4,3,160,
2546,872,16,3,240,
2547,872,7,2,420,
2548,872,23,1,145,
2549,873,3,2,95,5
2550,873,28,2,520,5
2551,873,20,3,115,5
2552,874,9,2,520,5
2553,874,1,1,125,5
2554,874,25,3,130,5
2555,874,18,2,310,5
2556,874,15,3,195,5
2557,875,22,1,170,8
2558,876,7,1,420,2
2559,876,25,2,130,2
2560,876,24,3,190,2
2561,876,16,1,240,2
2562,876,21,3,185,2
2563,877,31,2,135,9
2564,877,9,3,520,9
2565,878,4,3,160,3
2566,878,3,2,95,3
2567,878,31,3,135,3
2568,879,2,3,210,8
2569,879,26,3,360,8
2570,879,4,2,160,8
2571,879,12,3,260,8
2572,880,5,2,340,
2573,880,11,1,140,
2574,880,29,2,155,
2575,880,13,1,220,
2576,880,25,3,130,
2577,881,3,2,95,6
2578,882,31,3,135,11
2579,882,31,2,135,11
2580,882,25,1,130,11
2581,883,13,3,220,2
2582,883,29,2,155,2
2583,883,4,1,160,2
2584,884,15,1,195,9
2585,884,15,3,195,9
2586,884,11,2,140,9
2587,885,3,1,95,8
2588,885,8,2,680,8
2589,885,21,3,185,8
2590,885,15,3,195,8
2591,886,22,2,170,4
2592,886,29,3,155,4
2593,887,2,1,210,2
2594,887,30,1,210,2
2595,888,7,3,420,
2596,888,7,3,420,
2597,888,5,3,340,
2598,889,14,3,780,5
2599,889,9,1,520,5
2600,889,1,2,125,5
2601,890,31,1,135,6
2602,890,7,1,420,6
2603,890,21,1,185,6
2604,890,16,3,240,6
2605,890,7,2,420,6
2606,891,23,2,145,7
2607,891,19,2,89,7
2608,891,29,2,155,7
2609,891,17,1,145,7
2610,891,4,1,160,7
2611,892,23,3,145,9
2612,893,7,3,420,7
2613,893,8,2,680,7
2614,893,10,1,180,7
2615,893,6,1,275,7
2616,893,9,1,520,7
2617,894,12,2,260,6
2618,894,10,2,180,6
2619,895,23,3,145,10
2620,896,29,1,155,
2621,896,18,2,310,
2622,896,30,1,210,
2623,896,9,1,520,
2624,896,13,3,220,
2625,897,26,2,360,4
2626,897,19,2,89,4
2627,898,9,3,520,2
2628,898,28,3,520,2
2629,898,21,3,185,2
2630,898,17,3,145,2
2631,898,15,1,195,2
2632,899,26,1,360,5
2633,900,23,2,145,6
2634,900,6,2,275,6
2635,900,7,1,420,6
2636,900,6,1,275,6
2637,900,9,3,520,6
2638,901,23,2,145,6
2639,902,24,2,190,3
2640,903,10,1,180,11
2641,903,14,1,780,11
2642,903,29,3,155,11
2643,903,29,1,155,11
2644,903,13,2,220,11
2645,904,17,3,145,
2646,904,8,3,680,
2647,905,15,3,195,9
2648,906,10,3,180,11
2649,906,2,1,210,11
2650,907,5,3,340,4
2651,907,5,3,340,4
2652,907,25,1,130,4
2653,907,26,1,360,4
2654,907,18,3,310,4
2655,908,17,2,145,6
2656,908,26,1,360,6
2657,908,17,1,145,6
2658,908,17,1,145,6
2659,909,27,3,640,8
2660,909,26,3,360,8
2661,909,16,1,240,8
2662,909,4,2,160,8
2663,909,14,1,780,8
2664,910,18,1,310,6
2665,910,10,3,180,6
2666,910,23,2,145,6
2667,910,8,1,680,6
2668,911,21,2,185,11
2669,911,8,2,680,11
2670,912,7,2,420,
2671,912,8,2,680,
2672,912,19,2,89,
2673,912,3,1,95,
2674,912,15,1,195,
2675,913,31,3,135,7
2676,913,2,1,210,7
2677,913,14,3,780,7
2678,913,5,2,340,7
2679,914,14,1,780,11
2680,914,28,3,520,11
2681,914,26,2,360,11
2682,914,5,1,340,11
2683,915,27,1,640,3
2684,915,13,3,220,3
2685,916,26,3,360,12
2686,916,28,1,520,12
2687,916,17,3,145,12
2688,916,19,1,89,12
2689,917,17,1,145,5
2690,917,23,2,145,5
2691,917,14,2,780,5
2692,917,5,1,340,5
2693,917,4,1,160,5
2694,918,30,1,210,11
2695,919,2,1,210,8
2696,919,8,3,680,8
2697,920,6,1,275,
2698,920,4,1,160,
2699,921,1,1,125,3
2700,921,29,2,155,3
2701,921,1,1,125,3
2702,922,6,2,275,7
2703,923,27,2,640,9
2704,924,30,3,210,1
2705,924,15,2,195,1
2706,924,23,2,145,1
2707,924,28,1,520,1
2708,925,16,3,240,9
2709,925,17,3,145,9
2710,925,21,1,185,9
2711,925,25,1,130,9
2712,926,24,2,190,8
2713,926,16,3,240,8
2714,926,18,1,310,8
2715,926,3,2,95,8
2716,926,9,3,520,8
2717,927,8,1,680,12
2718,927,15,3,195,12
2719,927,30,3,210,12
2720,928,11,3,140,
2721,928,21,1,185,
2722,928,21,1,185,
2723,929,30,2,210,5
2724,929,24,1,190,5
2725,930,14,2,780,1
2726,930,1,2,125,1
2727,931,17,3,145,8
2728,932,7,2,420,2
2729,932,10,2,180,2
2730,933,2,3,210,9
2731,934,22,3,170,3
2732,934,21,2,185,3
2733,935,25,2,130,10
2734,935,22,3,170,10
2735,935,28,1,520,10
2736,936,17,1,145,
2737,936,9,2,520,
2738,936,4,2,160,
2739,936,27,1,640,
2740,937,5,1,340,10
2741,937,10,3,180,10
2742,937,30,2,210,10
2743,937,2,3,210,10
2744,937,10,2,180,10
2745,938,6,3,275,12
2746,938,5,3,340,12
2747,938,26,3,360,12
2748,939,14,3,780,12
2749,939,22,3,170,12
2750,939,7,1,420,12
2751,939,22,3,170,12
2752,939,30,1,210,12
2753,940,22,3,170,1
2754,940,13,1,220,1
2755,941,25,1,130,3
2756,941,6,2,275,3
2757,941,19,1,89,3
2758,941,6,2,275,3
2759,941,22,1,170,3
2760,942,15,3,195,5
2761,943,17,3,145,6
2762,943,19,1,89,6
2763,943,22,3,170,6
2764,943,9,3,520,6
2765,943,2,2,210,6
2766,944,25,1,130,
2767,944,12,1,260,
2768,944,14,3,780,
2769,945,17,2,145,2
2770,946,22,3,170,12
2771,946,27,2,640,12
2772,946,12,1,260,12
2773,947,21,3,185,11
2774,947,22,1,170,11
2775,947,31,3,135,11
2776,947,26,1,360,11
2777,948,8,3,680,3
2778,948,26,1,360,3
2779,948,25,3,130,3
2780,948,22,3,170,3
2781,949,15,2,195,4
2782,949,4,3,160,4
2783,950,22,2,170,12
2784,950,15,2,195,12
2785,950,21,1,185,12
2786,950,26,1,360,12
2787,951,10,3,180,10
2788,951,5,2,340,10
2789,951,13,3,220,10
2790,952,31,3,135,
2791,953,1,1,125,7
2792,953,9,2,520,7
2793,953,21,2,185,7
2794,953,8,3,680,7
2795,954,15,2,195,4
2796,954,6,3,275,4
2797,954,25,1,130,4
2798,955,21,1,185,2
2799,956,13,2,220,9
2800,956,2,2,210,9
2801,956,12,1,260,9
2802,956,25,2,130,9
2803,957,24,1,190,4
2804,957,4,1,160,4
2805,958,16,3,240,2
2806,958,25,2,130,2
2807,958,27,2,640,2
2808,958,14,3,780,2
2809,959,20,2,115,6
2810,959,31,1,135,6
2811,959,11,2,140,6
2812,959,26,3,360,6
2813,959,5,2,340,6
2814,960,16,2,240,
2815,960,27,3,640,
2816,960,7,3,420,
2817,960,26,1,360,
2818,961,19,3,89,2
2819,961,17,3,145,2
2820,961,7,2,420,2
2821,961,2,3,210,2
2822,961,27,2,640,2
2823,962,9,2,520,6
2824,962,19,2,89,6
2825,962,17,1,145,6
2826,962,15,3,195,6
2827,962,7,1,420,6
2828,963,3,3,95,9
2829,963,20,1,115,9
2830,963,11,1,140,9
2831,964,12,2,260,7
2832,964,5,1,340,7
2833,965,2,1,210,9
2834,965,2,3,210,9
2835,965,26,1,360,9
2836,965,30,1,210,9
2837,966,23,3,145,10
2838,966,21,2,185,10
2839,967,20,2,115,9
2840,967,18,1,310,9
2841,967,4,3,160,9
2842,967,11,2,140,9
2843,967,7,2,420,9
2844,968,16,3,240,
2845,968,28,3,520,
2846,969,30,1,210,10
2847,970,26,3,360,12
2848,970,26,1,360,12
2849,970,20,3,115,12
2850,970,5,1,340,12
2851,971,25,1,130,5
2852,971,26,2,360,5
2853,971,19,2,89,5
2854,972,12,1,260,8
2855,972,25,2,130,8
2856,972,17,1,145,8
2857,972,20,1,115,8
2858,973,4,1,160,7
2859,974,21,1,185,5
2860,974,13,2,220,5
2861,974,22,2,170,5
2862,975,13,3,220,1
2863,975,23,1,145,1
2864,975,7,3,420,1
2865,975,24,3,190,1
2866,976,28,3,520,
2867,976,20,1,115,
2868,976,5,2,340,
2869,976,9,3,520,
2870,976,10,3,180,
2871,977,24,2,190,6
2872,977,14,1,780,6
2873,977,19,1,89,6
2874,978,26,1,360,2
2875,979,7,2,420,1
2876,980,1,3,125,6
2877,980,31,3,135,6
2878,980,15,1,195,6
2879,981,22,3,170,9
2880,982,2,3,210,4
2881,983,29,3,155,5
2882,984,18,2,310,
2883,984,26,2,360,
2884,984,3,1,95,
2885,984,10,1,180,
2886,985,18,1,310,4
2887,985,19,3,89,4
2888,986,20,1,115,3
2889,986,29,3,155,3
2890,987,23,2,145,2
2891,988,5,2,340,2
2892,989,15,1,195,12
2893,989,1,2,125,12
2894,990,23,1,145,1
2895,990,10,1,180,1
2896,991,7,1,420,3
2897,991,6,3,275,3
2898,992,14,1,780,
2899,992,2,3,210,
2900,992,30,3,210,
2901,993,18,1,310,9
2902,993,29,2,155,9
2903,993,2,1,210,9
2904,994,15,2,195,2
2905,994,10,1,180,2
2906,995,3,3,95,1
2907,995,6,3,275,1
2908,995,23,3,145,1
2909,996,20,3,115,2
2910,996,7,1,420,2
2911,997,10,1,180,9
2912,998,14,2,780,5
2913,998,9,1,520,5
2914,999,13,1,220,1
2915,999,14,2,780,1
2916,999,25,2,130,1
2917,1000,6,3,275,
2918,1000,19,3,89,
2919,1000,15,1,195,
2920,1000,20,2,115,
2921,1000,24,2,190,
2922,1001,12,2,260,8
2923,1002,13,1,220,3
2924,1003,21,3,185,3
2925,1003,13,3,220,3
2926,1003,30,2,210,3
2927,1004,4,1,160,12
2928,1004,9,2,520,12
2929,1004,25,2,130,12
2930,1005,21,1,185,7
2931,1006,2,2,210,8
2932,1006,14,1,780,8
2933,1007,18,1,310,4
2934,1007,25,3,130,4
2935,1008,10,3,180,
2936,1008,28,2,520,
2937,1008,4,1,160,
2938,1009,25,3,130,11
2939,1009,9,1,520,11
2940,1010,1,1,125,2
2941,1011,19,2,89,1
2942,1011,20,1,115,1
2943,1011,23,2,145,1
2944,1011,7,1,420,1
2945,1012,30,2,210,8
2946,1013,25,3,130,2
2947,1013,26,2,360,2
2948,1013,28,2,520,2
2949,1014,22,3,170,1
2950,1015,26,2,360,4
2951,1015,7,3,420,4
2952,1015,30,2,210,4
2953,1015,22,2,170,4
2954,1015,23,1,145,4
2955,1016,9,1,520,
2956,1016,1,1,125,
2957,1016,7,2,420,
2958,1017,27,3,640,2
2959,1018,29,2,155,7
2960,1018,5,1,340,7
2961,1018,26,2,360,7
2962,1018,22,2,170,7
2963,1019,8,2,680,10
2964,1019,6,3,275,10
2965,1020,18,1,310,4
2966,1020,12,1,260,4
2967,1020,3,2,95,4
2968,1020,17,1,145,4
2969,1020,16,3,240,4
2970,1021,8,3,680,1
2971,1021,16,1,240,1
2972,1021,13,3,220,1
2973,1021,7,3,420,1
2974,1021,22,2,170,1
2975,1022,11,1,140,4
2976,1022,13,3,220,4
2977,1022,31,1,135,4
2978,1022,19,2,89,4
2979,1022,25,3,130,4
2980,1023,31,1,135,4
2981,1023,12,2,260,4
2982,1023,18,1,310,4
2983,1023,5,3,340,4
2984,1024,28,2,520,
2985,1024,21,3,185,
2986,1024,18,3,310,
2987,1024,12,3,260,
2988,1024,14,3,780,
2989,1025,4,3,160,8
2990,1025,9,2,520,8
2991,1025,22,3,170,8
2992,1025,1,3,125,8
2993,1026,7,2,420,1
2994,1026,2,1,210,1
2995,1026,21,2,185,1
2996,1026,3,2,95,1
2997,1027,2,3,210,2
2998,1027,26,2,360,2
2999,1027,21,3,185,2
3000,1027,10,1,180,2
3001,1028,16,3,240,2
3002,1028,14,3,780,2
3003,1028,22,3,170,2
3004,1029,17,1,145,4
3005,1029,22,2,170,4
3006,1029,15,3,195,4
3007,1030,23,1,145,5
3008,1030,2,1,210,5
3009,1030,23,1,145,5
3010,1030,28,3,520,5
3011,1030,4,3,160,5
3012,1031,24,1,190,10
3013,1031,19,2,89,10
3014,1032,8,1,680,
3015,1032,31,2,135,
3016,1033,17,2,145,2
3017,1034,7,2,420,8
3018,1034,27,1,640,8
3019,1034,18,2,310,8
3020,1034,28,3,520,8
3021,1035,13,3,220,6
3022,1035,15,3,195,6
3023,1035,2,2,210,6
3024,1035,3,1,95,6
3025,1035,18,1,310,6
3026,1036,21,3,185,7
3027,1036,15,1,195,7
3028,1036,20,1,115,7
3029,1036,31,3,135,7
3030,1037,6,2,275,12
3031,1038,8,1,680,8
3032,1038,21,2,185,8
3033,1039,16,1,240,6
3034,1040,25,3,130,
3035,1041,24,2,190,12
3036,1042,14,2,780,3
3037,1042,17,1,145,3
3038,1042,21,3,185,3
3039,1042,16,2,240,3
3040,1043,29,2,155,7
3041,1043,29,2,155,7
3042,1043,7,1,420,7
3043,1044,10,2,180,4
3044,1044,24,3,190,4
3045,1044,18,3,310,4
3046,1044,16,2,240,4
3047,1044,27,1,640,4
3048,1045,16,3,240,7
3049,1045,21,2,185,7
3050,1045,17,1,145,7
3051,1045,10,3,180,7
3052,1045,13,3,220,7
3053,1046,10,1,180,2
3054,1047,31,3,135,1
3055,1047,4,2,160,1
3056,1047,13,1,220,1
3057,1047,11,1,140,1
3058,1047,16,1,240,1
3059,1048,19,3,89,
3060,1049,22,3,170,3
3061,1049,25,3,130,3
3062,1049,11,3,140,3
3063,1049,29,2,155,3
3064,1050,3,3,95,9
3065,1050,12,2,260,9
3066,1050,25,1,130,9
3067,1051,6,1,275,4
3068,1051,6,2,275,4
3069,1051,14,1,780,4
3070,1052,26,2,360,7
3071,1053,14,3,780,12
3072,1053,2,2,210,12
3073,1053,13,2,220,12
3074,1053,6,3,275,12
3075,1053,30,1,210,12
3076,1054,8,1,680,1
3077,1054,12,2,260,1
3078,1054,8,1,680,1
3079,1054,10,2,180,1
3080,1055,26,1,360,6
3081,1055,4,2,160,6
3082,1055,18,3,310,6
3083,1055,10,3,180,6
3084,1056,25,1,130,
3085,1056,9,2,520,
3086,1056,22,1,170,
3087,1056,16,1,240,
3088,1056,28,1,520,
3089,1057,11,3,140,7
3090,1057,11,3,140,7
3091,1057,31,2,135,7
3092,1057,10,3,180,7
3093,1058,8,1,680,12
3094,1058,23,1,145,12
3095,1058,18,1,310,12
3096,1058,20,2,115,12
3097,1058,24,1,190,12
3098,1059,28,1,520,10
3099,1059,14,1,780,10
3100,1059,31,2,135,10
3101,1060,24,2,190,12
3102,1060,27,1,640,12
3103,1060,16,1,240,12
3104,1060,1,2,125,12
3105,1060,8,2,680,12
3106,1061,26,2,360,3
3107,1062,28,1,520,9
3108,1062,29,3,155,9
3109,1063,28,1,520,5
3110,1063,10,3,180,5
3111,1064,25,3,130,
3112,1064,8,2,680,
3113,1064,18,1,310,
3114,1064,14,2,780,
3115,1065,16,1,240,11
3116,1065,12,3,260,11
3117,1065,31,1,135,11
3118,1065,18,2,310,11
3119,1066,22,3,170,9
3120,1066,15,1,195,9
3121,1066,22,2,170,9
3122,1067,24,2,190,3
3123,1068,28,1,520,5
3124,1068,27,1,640,5
3125,1068,30,2,210,5
3126,1069,14,1,780,4
3127,1070,30,3,210,9
3128,1071,20,3,115,9
3129,1071,21,1,185,9
3130,1071,23,3,145,9
3131,1071,6,1,275,9
3132,1072,18,2,310,
3133,1072,12,3,260,
3134,1072,14,1,780,
3135,1072,19,1,89,
3136,1072,3,3,95,
3137,1073,20,1,115,6
3138,1073,8,1,680,6
3139,1073,10,2,180,6
3140,1073,3,3,95,6
3141,1073,9,3,520,6
3142,1074,25,1,130,5
3143,1074,6,2,275,5
3144,1074,11,2,140,5
3145,1074,23,1,145,5
3146,1075,12,3,260,6
3147,1075,20,2,115,6
3148,1075,20,3,115,6
3149,1075,5,3,340,6
3150,1075,19,2,89,6
3151,1076,3,1,95,4
3152,1077,7,3,420,6
3153,1077,19,2,89,6
3154,1077,9,3,520,6
3155,1078,7,3,420,2
3156,1078,4,1,160,2
3157,1078,24,2,190,2
3158,1079,20,2,115,12
3159,1079,5,3,340,12
3160,1079,7,2,420,12
3161,1080,13,1,220,
3162,1080,17,2,145,
3163,1080,13,3,220,
3164,1081,27,3,640,9
3165,1082,13,3,220,4
3166,1082,26,1,360,4
3167,1082,31,2,135,4
3168,1082,27,2,640,4
3169,1083,27,3,640,3
3170,1084,13,1,220,12
3171,1084,26,3,360,12
3172,1084,19,1,89,12
3173,1084,2,3,210,12
3174,1084,20,3,115,12
3175,1085,24,2,190,5
3176,1085,4,3,160,5
3177,1086,5,2,340,1
3178,1087,21,2,185,4
3179,1088,12,2,260,
3180,1088,3,2,95,
3181,1088,21,1,185,
3182,1089,9,3,520,12
3183,1090,24,3,190,4
3184,1090,27,1,640,4
3185,1090,25,1,130,4
3186,1090,21,2,185,4
3187,1090,28,1,520,4
3188,1091,28,3,520,11
3189,1091,12,2,260,11
3190,1091,9,3,520,11
3191,1092,20,2,115,9
3192,1092,13,3,220,9
3193,1092,24,2,190,9
3194,1093,5,1,340,6
3195,1094,30,2,210,5
3196,1095,23,3,145,5
3197,1095,17,1,145,5
3198,1096,22,3,170,
3199,1096,10,1,180,
3200,1096,14,3,780,
3201,1096,10,3,180,
3202,1097,17,1,145,9
3203,1098,22,1,170,8
3204,1098,18,2,310,8
3205,1098,2,1,210,8
3206,1098,22,3,170,8
3207,1098,23,1,145,8
3208,1099,7,2,420,6
3209,1099,24,1,190,6
3210,1100,1,1,125,2
3211,1100,11,3,140,2
3212,1100,6,1,275,2
3213,1101,28,3,520,1
3214,1101,30,2,210,1
3215,1101,10,2,180,1
3216,1102,17,1,145,12
3217,1102,4,2,160,12
3218,1102,2,3,210,12
3219,1102,20,2,115,12
3220,1102,21,2,185,12
3221,1103,14,3,780,7
3222,1103,4,2,160,7
3223,1104,13,1,220,
3224,1104,18,3,310,
3225,1104,19,3,89,
3226,1104,25,3,130,
3227,1104,13,2,220,
3228,1105,6,1,275,7
3229,1105,14,2,780,7
3230,1105,29,1,155,7
3231,1105,13,1,220,7
3232,1106,12,2,260,6
3233,1106,6,3,275,6
3234,1106,27,2,640,6
3235,1106,30,3,210,6
3236,1107,1,1,125,10
3237,1107,12,2,260,10
3238,1107,30,3,210,10
3239,1107,4,2,160,10
3240,1107,22,1,170,10
3241,1108,8,2,680,8
3242,1109,30,3,210,10
3243,1109,22,3,170,10
3244,1109,25,3,130,10
3245,1109,2,2,210,10
3246,1109,19,2,89,10
3247,1110,13,2,220,1
3248,1110,4,3,160,1
3249,1110,17,3,145,1
3250,1110,23,1,145,1
3251,1110,24,2,190,1
3252,1111,31,1,135,6
3253,1111,5,3,340,6
3254,1111,26,3,360,6
3255,1111,30,1,210,6
3256,1112,15,3,195,
3257,1112,14,1,780,
3258,1112,17,1,145,
3259,1112,15,2,195,
3260,1112,25,3,130,
3261,1113,4,1,160,6
3262,1113,6,2,275,6
3263,1113,31,3,135,6
3264,1114,19,3,89,1
3265,1114,22,3,170,1
3266,1114,13,2,220,1
3267,1115,3,1,95,6
3268,1115,11,3,140,6
3269,1116,18,2,310,4
3270,1116,16,1,240,4
3271,1116,21,2,185,4
3272,1116,7,3,420,4
3273,1116,21,1,185,4
3274,1117,6,2,275,12
3275,1117,31,3,135,12
3276,1117,13,2,220,12
3277,1117,27,1,640,12
3278,1118,31,1,135,11
3279,1118,17,3,145,11
3280,1118,26,2,360,11
3281,1118,15,3,195,11
3282,1119,3,3,95,1
3283,1119,5,3,340,1
3284,1120,5,2,340,
3285,1120,15,3,195,
3286,1120,26,2,360,
3287,1120,28,3,520,
3288,1121,5,3,340,2
3289,1121,7,3,420,2
3290,1121,23,2,145,2
3291,1121,18,2,310,2
3292,1121,19,2,89,2
3293,1122,9,2,520,3
3294,1122,13,2,220,3
3295,1122,1,2,125,3
3296,1122,29,2,155,3
3297,1123,14,2,780,1
3298,1123,23,3,145,1
3299,1124,29,3,155,2
3300,1125,19,3,89,9
3301,1125,12,3,260,9
3302,1126,3,2,95,11
3303,1126,10,2,180,11
3304,1126,13,3,220,11
3305,1126,25,2,130,11
3306,1126,24,3,190,11
3307,1127,4,1,160,8
3308,1127,3,1,95,8
3309,1127,1,2,125,8
3310,1128,29,1,155,
3311,1128,15,2,195,
3312,1128,16,3,240,
3313,1128,28,1,520,
3314,1128,22,3,170,
3315,1129,20,1,115,7
3316,1129,25,2,130,7
3317,1129,10,2,180,7
3318,1129,30,3,210,7
3319,1130,29,1,155,7
3320,1130,3,1,95,7
3321,1131,14,2,780,3
3322,1131,2,1,210,3
3323,1131,11,1,140,3
3324,1132,12,2,260,10
3325,1132,24,2,190,10
3326,1132,22,1,170,10
3327,1132,2,3,210,10
3328,1132,20,3,115,10
3329,1133,26,1,360,6
3330,1133,7,3,420,6
3331,1133,7,2,420,6
3332,1133,23,3,145,6
3333,1134,3,1,95,8
3334,1134,27,3,640,8
3335,1134,1,2,125,8
3336,1134,9,2,520,8
3337,1134,12,3,260,8
3338,1135,20,2,115,8
3339,1135,23,2,145,8
3340,1135,14,2,780,8
3341,1135,8,2,680,8
3342,1136,11,2,140,
3343,1137,25,1,130,9
3344,1138,9,1,520,1
3345,1138,21,1,185,1
3346,1139,8,3,680,2
3347,1139,22,1,170,2
3348,1139,19,1,89,2
3349,1140,17,2,145,7
3350,1140,5,2,340,7
3351,1141,17,3,145,4
3352,1141,7,3,420,4
3353,1142,13,3,220,4
3354,1142,15,3,195,4
3355,1143,9,2,520,5
3356,1143,6,2,275,5
3357,1144,22,3,170,
3358,1144,6,1,275,
3359,1144,11,1,140,
3360,1144,30,3,210,
3361,1144,23,3,145,
3362,1145,19,1,89,10
3363,1145,13,3,220,10
3364,1145,21,3,185,10
3365,1145,30,2,210,10
3366,1145,18,3,310,10
3367,1146,18,2,310,4
3368,1147,15,1,195,4
3369,1147,15,3,195,4
3370,1148,27,1,640,4
3371,1148,30,2,210,4
3372,1148,24,1,190,4
3373,1148,20,1,115,4
3374,1148,1,1,125,4
3375,1149,3,1,95,1
3376,1149,29,2,155,1
3377,1150,31,1,135,12
3378,1151,27,3,640,9
3379,1151,29,3,155,9
3380,1151,19,3,89,9
3381,1151,27,2,640,9
3382,1152,26,3,360,
3383,1152,24,1,190,
3384,1152,9,2,520,
3385,1153,3,1,95,7
3386,1153,12,1,260,7
3387,1154,16,1,240,10
3388,1154,8,1,680,10
3389,1154,23,3,145,10
3390,1154,3,3,95,10
3391,1155,31,2,135,2
3392,1155,18,3,310,2
3393,1155,27,1,640,2
3394,1155,23,1,145,2
3395,1155,2,2,210,2
3396,1156,23,2,145,3
3397,1156,11,1,140,3
3398,1156,3,2,95,3
3399,1157,23,2,145,7
3400,1157,19,3,89,7
3401,1157,4,2,160,7
3402,1157,16,2,240,7
3403,1158,15,2,195,10
3404,1159,22,2,170,1
3405,1159,12,2,260,1
3406,1160,3,2,95,
3407,1160,8,1,680,
3408,1161,18,3,310,12
3409,1161,26,2,360,12
3410,1162,26,3,360,3
3411,1162,24,2,190,3
3412,1162,29,2,155,3
3413,1162,20,1,115,3
3414,1163,5,3,340,3
3415,1164,1,2,125,4
3416,1164,25,3,130,4
3417,1164,8,3,680,4
3418,1165,3,2,95,8
3419,1165,27,2,640,8
3420,1165,28,1,520,8
3421,1166,9,2,520,8
3422,1166,13,3,220,8
3423,1167,24,2,190,9
3424,1167,30,2,210,9
3425,1168,5,2,340,
3426,1169,28,2,520,5
3427,1169,2,2,210,5
3428,1169,25,2,130,5
3429,1169,8,2,680,5
3430,1169,12,3,260,5
3431,1170,1,2,125,3
3432,1170,23,2,145,3
3433,1170,17,1,145,3
3434,1170,12,3,260,3
3435,1170,14,3,780,3
3436,1171,26,1,360,8
3437,1171,3,2,95,8
3438,1171,31,1,135,8
3439,1172,19,2,89,10
3440,1172,9,1,520,10
3441,1172,16,1,240,10
3442,1172,6,3,275,10
3443,1172,5,1,340,10
3444,1173,23,1,145,10
3445,1173,13,3,220,10
3446,1173,21,1,185,10
3447,1173,22,1,170,10
3448,1174,8,2,680,3
3449,1174,15,2,195,3
3450,1174,7,3,420,3
3451,1174,31,2,135,3
3452,1174,28,1,520,3
3453,1175,7,1,420,3
3454,1176,23,1,145,
3455,1177,23,3,145,12
3456,1177,15,1,195,12
3457,1178,19,3,89,8
3458,1179,22,1,170,2
3459,1179,11,1,140,2
3460,1179,24,3,190,2
3461,1179,24,1,190,2
3462,1179,1,3,125,2
3463,1180,4,2,160,3
3464,1181,2,1,210,7
3465,1181,7,1,420,7
3466,1181,1,1,125,7
3467,1181,17,2,145,7
3468,1181,20,3,115,7
3469,1182,14,1,780,6
3470,1183,27,1,640,11
3471,1183,15,1,195,11
3472,1184,28,3,520,
3473,1184,29,3,155,
3474,1184,28,3,520,
3475,1184,30,2,210,
3476,1184,23,1,145,
3477,1185,5,1,340,4
3478,1185,11,3,140,4
3479,1186,13,1,220,7
3480,1186,29,2,155,7
3481,1186,14,1,780,7
3482,1186,31,1,135,7
3483,1186,7,2,420,7
3484,1187,16,1,240,10
3485,1187,3,1,95,10
3486,1187,6,1,275,10
3487,1187,1,3,125,10
3488,1188,12,1,260,5
3489,1189,5,2,340,1
3490,1190,31,1,135,11
3491,1190,23,3,145,11
3492,1191,30,1,210,6
3493,1192,26,1,360,
3494,1192,18,2,310,
3495,1192,19,3,89,
3496,1192,30,1,210,
3497,1192,28,1,520,
3498,1193,4,1,160,10
3499,1194,5,1,340,1
3500,1195,1,3,125,7
3501,1195,15,1,195,7
3502,1196,18,1,310,6
3503,1196,27,2,640,6
3504,1196,19,2,89,6
3505,1197,11,3,140,8
3506,1198,21,3,185,11
3507,1199,8,2,680,7
3508,1200,4,1,160,
3509,1200,6,3,275,
3510,1200,11,2,140,
3511,1201,5,1,340,4
3512,1202,18,3,310,2
3513,1202,17,1,145,2
3514,1202,31,3,135,2
3515,1202,8,2,680,2
3516,1203,25,1,130,5
3517,1203,4,2,160,5
3518,1203,25,2,130,5
3519,1203,26,3,360,5
3520,1203,7,2,420,5
3521,1204,5,3,340,9
3522,1205,20,2,115,4
3523,1205,28,2,520,4
3524,1206,9,1,520,5
3525,1206,21,3,185,5
3526,1206,30,3,210,5
3527,1206,13,1,220,5
3528,1207,15,1,195,8
3529,1207,8,1,680,8
3530,1207,21,3,185,8
3531,1207,28,3,520,8
3532,1208,23,3,145,
3533,1208,1,3,125,
3534,1208,4,2,160,
3535,1209,1,1,125,9
3536,1209,22,1,170,9
3537,1209,19,2,89,9
3538,1209,12,1,260,9
3539,1210,14,2,780,7
3540,1211,6,1,275,4
3541,1211,5,1,340,4
3542,1211,21,3,185,4
3543,1211,18,3,310,4
3544,1212,2,1,210,10
3545,1213,7,3,420,3
3546,1213,24,2,190,3
3547,1213,23,3,145,3
3548,1214,26,1,360,7
3549,1215,7,3,420,11
3550,1215,27,3,640,11
3551,1215,12,2,260,11
3552,1216,12,1,260,
3553,1216,6,3,275,
3554,1216,23,2,145,
3555,1216,26,2,360,
3556,1216,17,2,145,
3557,1217,17,3,145,2
3558,1218,10,2,180,8
3559,1218,4,2,160,8
3560,1219,28,1,520,9
3561,1219,30,1,210,9
3562,1219,1,1,125,9
3563,1220,10,2,180,2
3564,1220,22,3,170,2
3565,1220,7,2,420,2
3566,1220,2,3,210,2
3567,1221,8,1,680,5
3568,1221,14,1,780,5
3569,1221,12,2,260,5
3570,1221,27,2,640,5
3571,1221,3,3,95,5
3572,1222,6,2,275,6
3573,1222,24,1,190,6
3574,1222,1,1,125,6
3575,1222,19,1,89,6
3576,1222,31,1,135,6
3577,1223,6,1,275,10
3578,1223,6,3,275,10
3579,1223,9,3,520,10
3580,1223,14,2,780,10
3581,1223,21,1,185,10
3582,1224,19,2,89,
3583,1224,3,2,95,
3584,1225,24,3,190,3
3585,1225,17,2,145,3
3586,1225,11,1,140,3
3587,1226,16,3,240,5
3588,1226,5,2,340,5
3589,1227,2,2,210,3
3590,1227,29,3,155,3
3591,1227,5,1,340,3
3592,1228,5,1,340,10
3593,1228,30,2,210,10
3594,1229,26,3,360,11
3595,1229,16,1,240,11
3596,1230,7,2,420,2
3597,1230,21,2,185,2
3598,1231,17,1,145,2
3599,1231,27,3,640,2
3600,1231,25,1,130,2
3601,1231,19,3,89,2
3602,1232,27,3,640,
3603,1233,19,1,89,2
3604,1233,2,1,210,2
3605,1234,15,2,195,6
3606,1234,10,3,180,6
3607,1234,11,1,140,6
3608,1234,26,3,360,6
3609,1234,6,2,275,6
3610,1235,4,1,160,3
3611,1236,25,3,130,10
3612,1236,6,3,275,10
3613,1236,16,2,240,10
3614,1236,26,3,360,10
3615,1236,28,1,520,10
3616,1237,29,1,155,5
3617,1237,9,2,520,5
3618,1238,17,1,145,7
3619,1238,1,2,125,7
3620,1238,17,1,145,7
3621,1238,15,3,195,7
3622,1239,7,2,420,9
3623,1239,20,1,115,9
3624,1239,3,3,95,9
3625,1239,23,2,145,9
3626,1239,28,3,520,9
3627,1240,4,1,160,
3628,1240,8,3,680,
3629,1240,6,1,275,
3630,1240,26,2,360,
3631,1241,6,3,275,5
3632,1242,26,2,360,4
3633,1242,14,1,780,4
3634,1242,3,1,95,4
3635,1242,12,3,260,4
3636,1242,14,2,780,4
3637,1243,12,1,260,12
3638,1243,7,1,420,12
3639,1243,3,2,95,12
3640,1244,7,3,420,7
3641,1244,14,3,780,7
3642,1244,5,2,340,7
3643,1245,16,2,240,9
3644,1245,3,3,95,9
3645,1246,1,3,125,1
3646,1246,30,1,210,1
3647,1247,18,1,310,2
3648,1247,9,1,520,2
3649,1247,19,3,89,2
3650,1248,6,2,275,
3651,1249,31,2,135,12
3652,1249,25,3,130,12
3653,1250,23,1,145,11
3654,1250,20,2,115,11
3655,1251,8,2,680,9
3656,1252,26,2,360,2
3657,1252,1,1,125,2
3658,1252,1,2,125,2
3659,1252,23,1,145,2
3660,1252,17,1,145,2
3661,1253,1,2,125,2
3662,1253,4,3,160,2
3663,1253,19,3,89,2
3664,1253,12,1,260,2
3665,1254,16,2,240,10
3666,1254,22,2,170,10
3667,1254,20,3,115,10
3668,1254,17,3,145,10
3669,1255,11,2,140,12
3670,1256,15,2,195,
3671,1256,19,3,89,
3672,1256,11,1,140,
3673,1256,26,3,360,
3674,1257,10,3,180,11
3675,1258,16,1,240,2
3676,1259,31,3,135,7
3677,1259,6,1,275,7
3678,1260,15,2,195,3
3679,1260,30,3,210,3
3680,1260,18,3,310,3
3681,1260,4,3,160,3
3682,1260,2,3,210,3
3683,1261,5,1,340,12
3684,1261,13,3,220,12
3685,1261,30,2,210,12
3686,1262,6,3,275,1
3687,1262,12,3,260,1
3688,1262,3,3,95,1
3689,1262,19,1,89,1
3690,1263,29,2,155,2
3691,1263,27,2,640,2
3692,1263,29,3,155,2
3693,1263,24,1,190,2
3694,1263,10,2,180,2
3695,1264,17,3,145,
3696,1264,25,1,130,
3697,1264,18,1,310,
3698,1264,12,1,260,
3699,1264,11,2,140,
3700,1265,30,1,210,3
3701,1265,30,1,210,3
3702,1265,22,1,170,3
3703,1265,13,3,220,3
3704,1265,20,2,115,3
3705,1266,2,3,210,10
3706,1267,22,3,170,12
3707,1267,29,3,155,12
3708,1267,10,2,180,12
3709,1267,9,1,520,12
3710,1268,31,3,135,2
3711,1268,30,2,210,2
3712,1268,25,1,130,2
3713,1269,17,3,145,11
3714,1269,26,3,360,11
3715,1269,4,2,160,11
3716,1269,24,1,190,11
3717,1270,7,3,420,3
3718,1271,17,1,145,11
3719,1271,12,3,260,11
3720,1272,4,2,160,
3721,1273,4,3,160,4
3722,1274,30,2,210,1
3723,1275,14,1,780,11
3724,1275,27,2,640,11
3725,1275,27,1,640,11
3726,1275,26,1,360,11
3727,1276,24,1,190,6
3728,1276,8,2,680,6
3729,1276,13,3,220,6
3730,1276,31,2,135,6
3731,1276,17,2,145,6
3732,1277,9,3,520,11
3733,1277,12,1,260,11
3734,1277,8,2,680,11
3735,1277,8,3,680,11
3736,1277,19,1,89,11
3737,1278,4,3,160,5
3738,1278,4,1,160,5
3739,1279,21,3,185,4
3740,1279,10,2,180,4
3741,1279,2,1,210,4
3742,1279,21,1,185,4
3743,1280,8,1,680,
3744,1280,31,1,135,
3745,1280,10,2,180,
3746,1280,2,1,210,
3747,1281,12,2,260,3
3748,1281,22,3,170,3
3749,1282,19,2,89,9
3750,1282,1,1,125,9
3751,1282,31,3,135,9
3752,1283,18,3,310,9
3753,1283,23,2,145,9
3754,1283,12,2,260,9
3755,1283,21,2,185,9
3756,1283,18,1,310,9
3757,1284,4,1,160,9
3758,1284,2,1,210,9
3759,1284,3,2,95,9
3760,1284,12,1,260,9
3761,1284,16,1,240,9
3762,1285,17,3,145,4
3763,1286,2,2,210,8
3764,1286,9,1,520,8
3765,1286,25,3,130,8
3766,1287,31,2,135,4
3767,1288,7,1,420,
3768,1289,7,2,420,11
3769,1290,22,2,170,8
3770,1290,18,2,310,8
3771,1290,8,3,680,8
3772,1291,12,3,260,9
3773,1291,19,2,89,9
3774,1291,4,1,160,9
3775,1291,1,1,125,9
3776,1291,16,2,240,9
3777,1292,21,1,185,5
3778,1292,5,1,340,5
3779,1293,16,3,240,10
3780,1294,18,3,310,2
3781,1294,1,2,125,2
3782,1295,17,3,145,2
3783,1295,17,1,145,2
3784,1295,27,1,640,2
3785,1296,16,1,240,
3786,1296,13,3,220,
3787,1297,26,2,360,9
3788,1297,25,1,130,9
3789,1297,12,3,260,9
3790,1298,31,2,135,10
3791,1298,2,2,210,10
3792,1299,31,1,135,8
3793,1299,16,3,240,8
3794,1299,14,2,780,8
3795,1299,15,3,195,8
3796,1299,17,1,145,8
3797,1300,17,3,145,3
3798,1300,24,2,190,3
3799,1300,21,2,185,3
3800,1301,15,1,195,11
3801,1301,29,2,155,11
3802,1301,30,3,210,11
3803,1301,2,1,210,11
3804,1302,27,3,640,8
3805,1302,8,1,680,8
3806,1303,1,3,125,7
3807,1303,13,3,220,7
3808,1303,19,1,89,7
3809,1303,26,3,360,7
3810,1303,11,3,140,7
3811,1304,23,1,145,
3812,1304,4,1,160,
3813,1304,26,3,360,
3814,1305,13,2,220,3
3815,1305,24,1,190,3
3816,1305,7,1,420,3
3817,1305,19,2,89,3
3818,1305,9,2,520,3
3819,1306,18,1,310,10
3820,1306,14,3,780,10
3821,1306,4,1,160,10
3822,1306,5,2,340,10
3823,1307,23,2,145,12
3824,1308,10,3,180,10
3825,1308,13,3,220,10
3826,1308,26,2,360,10
3827,1308,1,1,125,10
3828,1309,29,1,155,6
3829,1309,31,1,135,6
3830,1310,22,1,170,3
3831,1310,15,3,195,3
3832,1311,13,3,220,1
3833,1311,10,2,180,1
3834,1312,8,2,680,
3835,1313,20,1,115,3
3836,1314,26,2,360,11
3837,1314,14,1,780,11
3838,1314,13,3,220,11
3839,1314,7,1,420,11
3840,1315,5,2,340,4
3841,1315,12,1,260,4
3842,1315,23,1,145,4
3843,1315,21,2,185,4
3844,1315,6,1,275,4
3845,1316,21,2,185,7
3846,1316,30,2,210,7
3847,1316,28,1,520,7
3848,1317,31,1,135,2
3849,1317,26,2,360,2
3850,1317,29,3,155,2
3851,1317,19,2,89,2
3852,1317,27,2,640,2
3853,1318,16,1,240,8
3854,1318,20,2,115,8
3855,1318,21,3,185,8
3856,1318,11,1,140,8
3857,1318,21,3,185,8
3858,1319,22,1,170,12
3859,1319,10,1,180,12
3860,1319,30,2,210,12
3861,1319,29,3,155,12
3862,1319,11,2,140,12
3863,1320,13,2,220,
3864,1320,27,2,640,
3865,1320,24,3,190,
3866,1321,22,2,170,6
3867,1321,1,1,125,6
3868,1321,13,2,220,6
3869,1321,6,3,275,6
3870,1321,23,1,145,6
3871,1322,27,3,640,2
3872,1322,17,3,145,2
3873,1322,2,2,210,2
3874,1322,20,2,115,2
3875,1322,4,1,160,2
3876,1323,27,3,640,7
3877,1323,20,2,115,7
3878,1323,22,2,170,7
3879,1324,7,1,420,2
3880,1324,6,2,275,2
3881,1324,9,2,520,2
3882,1324,22,3,170,2
3883,1324,4,3,160,2
3884,1325,15,2,195,9
3885,1325,30,3,210,9
3886,1325,5,3,340,9
3887,1325,26,2,360,9
3888,1326,13,3,220,4
3889,1326,14,3,780,4
3890,1327,12,3,260,10
3891,1327,9,3,520,10
3892,1328,2,1,210,
3893,1328,10,3,180,
3894,1329,25,2,130,8
3895,1330,8,2,680,4
3896,1331,30,3,210,7
3897,1331,30,1,210,7
3898,1332,30,3,210,9
3899,1333,16,1,240,3
3900,1333,10,1,180,3
3901,1333,4,1,160,3
3902,1334,16,2,240,7
3903,1335,1,2,125,3
3904,1335,10,3,180,3
3905,1336,29,3,155,
3906,1337,22,2,170,2
3907,1337,17,2,145,2
3908,1337,15,1,195,2
3909,1337,23,1,145,2
3910,1337,1,2,125,2
3911,1338,25,3,130,12
3912,1338,4,2,160,12
3913,1338,3,2,95,12
3914,1338,11,2,140,12
3915,1338,15,1,195,12
3916,1339,19,2,89,10
3917,1339,30,1,210,10
3918,1339,16,1,240,10
3919,1339,7,1,420,10
3920,1340,20,1,115,3
3921,1341,28,2,520,12
3922,1341,28,1,520,12
3923,1341,9,2,520,12
3924,1342,12,3,260,10
3925,1343,4,1,160,2
3926,1343,29,3,155,2
3927,1343,1,2,125,2
3928,1344,26,1,360,
3929,1345,12,2,260,5
3930,1345,19,3,89,5
3931,1345,24,3,190,5
3932,1346,28,3,520,7
3933,1347,13,3,220,12
3934,1347,1,2,125,12
3935,1348,6,1,275,9
3936,1348,26,3,360,9
3937,1348,6,2,275,9
3938,1348,4,3,160,9
3939,1349,17,1,145,6
3940,1349,14,3,780,6
3941,1350,11,3,140,10
3942,1351,8,2,680,5
3943,1351,7,3,420,5
3944,1351,31,2,135,5
3945,1351,12,3,260,5
3946,1351,25,3,130,5
3947,1352,5,3,340,
3948,1352,2,3,210,
3949,1352,22,3,170,
3950,1352,1,3,125,
3951,1352,28,3,520,
3952,1353,19,2,89,6
3953,1353,28,3,520,6
3954,1353,2,3,210,6
3955,1354,14,2,780,1
3956,1354,24,1,190,1
3957,1354,12,1,260,1
3958,1354,15,1,195,1
3959,1355,28,2,520,11
3960,1355,22,2,170,11
3961,1355,8,2,680,11
3962,1356,22,3,170,2
3963,1356,1,2,125,2
3964,1356,15,1,195,2
3965,1356,2,2,210,2
3966,1357,12,2,260,12
3967,1358,19,3,89,10
3968,1359,18,1,310,4
3969,1359,1,3,125,4
3970,1359,30,3,210,4
3971,1360,2,3,210,
3972,1360,8,2,680,
3973,1360,20,2,115,
3974,1360,24,1,190,
3975,1361,5,1,340,6
3976,1361,24,3,190,6
3977,1362,9,3,520,1
3978,1362,31,1,135,1
3979,1362,19,2,89,1
3980,1362,3,1,95,1
3981,1362,2,2,210,1
3982,1363,24,1,190,10
3983,1363,27,3,640,10
3984,1363,14,2,780,10
3985,1364,31,3,135,9
3986,1365,6,1,275,9
3987,1365,10,1,180,9
3988,1365,30,3,210,9
3989,1365,15,3,195,9
3990,1366,14,1,780,12
3991,1366,4,3,160,12
3992,1367,15,1,195,3
3993,1367,14,1,780,3
3994,1367,27,2,640,3
3995,1367,2,1,210,3
3996,1368,4,3,160,
3997,1369,30,1,210,2
3998,1369,26,3,360,2
3999,1369,14,3,780,2
4000,1369,1,3,125,2
4001,1370,12,3,260,8
4002,1370,31,3,135,8
4003,1370,4,2,160,8
4004,1370,29,3,155,8
4005,1371,22,2,170,9
4006,1371,15,1,195,9
4007,1371,26,3,360,9
4008,1371,3,1,95,9
4009,1371,19,1,89,9
4010,1372,19,1,89,1
4011,1373,17,1,145,7
4012,1374,28,3,520,11
4013,1374,5,1,340,11
4014,1374,7,1,420,11
4015,1375,5,1,340,7
4016,1375,18,2,310,7
4017,1375,10,2,180,7
4018,1376,6,2,275,
4019,1376,4,3,160,
4020,1376,31,1,135,
4021,1376,12,2,260,
4022,1376,11,3,140,
4023,1377,4,1,160,5
4024,1377,10,2,180,5
4025,1377,5,1,340,5
4026,1377,15,3,195,5
4027,1378,10,1,180,6
4028,1378,27,3,640,6
4029,1378,26,2,360,6
4030,1378,16,2,240,6
4031,1378,27,3,640,6
4032,1379,24,2,190,3
4033,1379,13,2,220,3
4034,1379,15,3,195,3
4035,1379,22,2,170,3
4036,1379,22,3,170,3
4037,1380,11,3,140,7
4038,1380,31,3,135,7
4039,1381,21,1,185,1
4040,1381,8,1,680,1
4041,1382,17,2,145,10
4042,1382,2,2,210,10
4043,1382,10,1,180,10
4044,1383,24,1,190,10
4045,1383,21,1,185,10
4046,1383,28,3,520,10
4047,1383,22,2,170,10
4048,1384,28,3,520,
4049,1384,13,1,220,
4050,1384,14,2,780,
4051,1384,16,2,240,
4052,1385,1,3,125,7
4053,1385,6,2,275,7
4054,1385,15,1,195,7
4055,1385,1,3,125,7
4056,1385,28,1,520,7
4057,1386,3,3,95,11
4058,1386,8,1,680,11
4059,1386,1,3,125,11
4060,1386,3,3,95,11
4061,1387,25,2,130,12
4062,1387,24,1,190,12
4063,1388,31,3,135,4
4064,1389,17,3,145,3
4065,1390,18,2,310,4
4066,1390,4,1,160,4
4067,1390,3,3,95,4
4068,1390,23,1,145,4
4069,1391,9,3,520,6
4070,1391,18,1,310,6
4071,1391,31,1,135,6
4072,1392,2,1,210,
4073,1392,4,3,160,
4074,1393,30,2,210,1
4075,1393,15,2,195,1
4076,1394,8,3,680,1
4077,1394,13,2,220,1
4078,1395,26,3,360,8
4079,1395,7,2,420,8
4080,1395,2,2,210,8
4081,1395,21,2,185,8
4082,1396,14,3,780,9
4083,1396,10,1,180,9
4084,1397,22,1,170,9
4085,1398,12,2,260,7
4086,1398,14,2,780,7
4087,1398,8,3,680,7
4088,1398,10,3,180,7
4089,1398,29,1,155,7
4090,1399,13,3,220,3
4091,1399,7,2,420,3
4092,1400,19,3,89,
4093,1400,24,2,190,
4094,1400,18,3,310,
4095,1400,16,1,240,
4096,1400,23,2,145,
4097,1401,28,3,520,11
4098,1401,16,1,240,11
4099,1401,5,3,340,11
4100,1401,31,2,135,11
4101,1401,8,2,680,11
4102,1402,13,1,220,7
4103,1402,23,3,145,7
4104,1402,31,1,135,7
4105,1402,17,2,145,7
4106,1402,20,1,115,7
4107,1403,13,2,220,11
4108,1404,12,2,260,11
4109,1404,20,2,115,11
4110,1404,26,2,360,11
4111,1404,25,1,130,11
4112,1405,24,1,190,3
4113,1405,9,1,520,3
4114,1405,1,1,125,3
4115,1405,31,2,135,3
4116,1405,19,3,89,3
4117,1406,4,3,160,7
4118,1406,13,1,220,7
4119,1406,14,3,780,7
4120,1406,18,1,310,7
4121,1406,10,2,180,7
4122,1407,19,3,89,3
4123,1407,25,3,130,3
4124,1407,26,1,360,3
4125,1408,5,2,340,
4126,1409,29,3,155,2
4127,1409,3,1,95,2
4128,1409,29,1,155,2
4129,1409,11,2,140,2
4130,1409,29,1,155,2
4131,1410,24,3,190,12
4132,1410,23,3,145,12
4133,1410,22,3,170,12
4134,1410,5,3,340,12
4135,1410,24,3,190,12
4136,1411,22,3,170,7
4137,1411,5,2,340,7
4138,1411,14,1,780,7
4139,1411,13,3,220,7
4140,1411,16,2,240,7
4141,1412,24,2,190,4
4142,1412,29,3,155,4
4143,1412,27,2,640,4
4144,1413,21,1,185,2
4145,1413,12,1,260,2
4146,1414,11,2,140,3
4147,1414,18,3,310,3
4148,1415,2,2,210,8
4149,1415,14,2,780,8
4150,1416,3,1,95,
4151,1416,25,3,130,
4152,1416,1,2,125,
4153,1417,21,3,185,6
4154,1417,19,3,89,6
4155,1418,2,2,210,4
4156,1419,4,1,160,8
4157,1419,26,1,360,8
4158,1420,13,1,220,3
4159,1420,8,1,680,3
4160,1420,24,3,190,3
4161,1420,6,3,275,3
4162,1421,9,2,520,12
4163,1421,18,3,310,12
4164,1421,18,3,310,12
4165,1421,28,3,520,12
4166,1421,19,2,89,12
4167,1422,5,3,340,4
4168,1422,22,3,170,4
4169,1422,18,1,310,4
4170,1422,28,2,520,4
4171,1423,12,1,260,4
4172,1424,1,2,125,
4173,1424,13,3,220,
4174,1424,18,1,310,
4175,1425,12,2,260,8
4176,1425,14,2,780,8
4177,1425,5,2,340,8
4178,1426,6,3,275,5
4179,1426,21,3,185,5
4180,1426,6,1,275,5
4181,1426,31,2,135,5
4182,1427,19,3,89,12
4183,1428,25,1,130,5
4184,1428,16,3,240,5
4185,1429,10,2,180,4
4186,1429,1,2,125,4
4187,1429,17,1,145,4
4188,1429,15,1,195,4
4189,1429,25,2,130,4
4190,1430,26,1,360,4
4191,1430,27,2,640,4
4192,1430,26,1,360,4
4193,1430,25,2,130,4
4194,1431,25,1,130,11
4195,1432,3,1,95,
4196,1432,21,1,185,
4197,1432,21,3,185,
4198,1433,17,2,145,6
4199,1433,14,3,780,6
4200,1434,31,1,135,2
4201,1434,12,2,260,2
4202,1434,17,1,145,2
4203,1435,11,1,140,6
4204,1435,26,3,360,6
4205,1435,15,3,195,6
4206,1436,30,1,210,5
4207,1436,8,3,680,5
4208,1436,14,1,780,5
4209,1436,7,1,420,5
4210,1436,4,3,160,5
4211,1437,20,1,115,10
4212,1437,9,1,520,10
4213,1437,4,3,160,10
4214,1437,18,2,310,10
4215,1438,7,1,420,11
4216,1438,7,3,420,11
4217,1438,26,2,360,11
4218,1438,21,3,185,11
4219,1438,16,2,240,11
4220,1439,1,2,125,6
4221,1440,26,2,360,
4222,1440,19,3,89,
4223,1441,31,3,135,4
4224,1441,14,3,780,4
4225,1441,10,1,180,4
4226,1441,22,3,170,4
4227,1441,24,3,190,4
4228,1442,6,1,275,11
4229,1442,28,2,520,11
4230,1442,14,1,780,11
4231,1442,4,1,160,11
4232,1442,24,1,190,11
4233,1443,20,3,115,6
4234,1444,8,1,680,4
4235,1444,31,1,135,4
4236,1444,6,1,275,4
4237,1444,18,2,310,4
4238,1445,10,3,180,9
4239,1446,11,2,140,10
4240,1446,6,1,275,10
4241,1446,11,1,140,10
4242,1446,7,1,420,10
4243,1447,3,1,95,7
4244,1447,27,2,640,7
4245,1447,18,3,310,7
4246,1447,24,3,190,7
4247,1448,14,2,780,
4248,1448,29,1,155,
4249,1448,2,1,210,
4250,1449,12,3,260,12
4251,1449,19,2,89,12
4252,1450,7,2,420,1
4253,1450,24,1,190,1
4254,1450,15,1,195,1
4255,1451,27,3,640,11
4256,1451,14,3,780,11
4257,1451,5,3,340,11
4258,1451,4,3,160,11
4259,1452,20,1,115,4
4260,1452,14,3,780,4
4261,1452,20,3,115,4
4262,1453,6,2,275,10
4263,1453,25,3,130,10
4264,1454,6,3,275,5
4265,1455,7,2,420,3
4266,1455,1,1,125,3
4267,1455,2,3,210,3
4268,1456,26,3,360,
4269,1457,20,3,115,2
4270,1457,9,1,520,2
4271,1457,27,3,640,2
4272,1458,1,3,125,9
4273,1458,20,2,115,9
4274,1458,31,3,135,9
4275,1458,28,2,520,9
4276,1458,21,3,185,9
4277,1459,28,1,520,6
4278,1459,5,3,340,6
4279,1459,23,3,145,6
4280,1459,8,2,680,6
4281,1460,3,2,95,8
4282,1460,22,2,170,8
4283,1461,28,3,520,5
4284,1462,1,3,125,8
4285,1462,17,1,145,8
4286,1463,12,1,260,11
4287,1463,9,1,520,11
4288,1463,28,3,520,11
4289,1463,7,3,420,11
4290,1463,1,3,125,11
4291,1464,14,1,780,
4292,1464,2,3,210,
4293,1465,4,1,160,4
4294,1465,16,2,240,4
4295,1466,29,1,155,7
4296,1466,25,3,130,7
4297,1466,29,3,155,7
4298,1467,20,3,115,1
4299,1467,22,1,170,1
4300,1468,10,2,180,12
4301,1468,12,2,260,12
4302,1468,9,3,520,12
4303,1468,23,3,145,12
4304,1469,19,2,89,4
4305,1469,6,2,275,4
4306,1469,17,3,145,4
4307,1470,14,2,780,4
4308,1470,25,3,130,4
4309,1470,8,1,680,4
4310,1471,24,1,190,11
4311,1471,18,2,310,11
4312,1472,10,2,180,
4313,1472,11,3,140,
4314,1472,28,2,520,
4315,1473,25,3,130,9
4316,1473,1,3,125,9
4317,1474,19,1,89,10
4318,1475,5,1,340,7
4319,1475,6,3,275,7
4320,1475,8,2,680,7
4321,1476,20,2,115,6
4322,1476,11,2,140,6
4323,1476,21,1,185,6
4324,1476,20,1,115,6
4325,1476,15,3,195,6
4326,1477,14,1,780,12
4327,1477,12,2,260,12
4328,1477,13,2,220,12
4329,1477,14,1,780,12
4330,1477,17,3,145,12
4331,1478,13,1,220,5
4332,1479,29,3,155,10
4333,1479,2,1,210,10
4334,1480,8,2,680,
4335,1481,27,1,640,4
4336,1482,10,2,180,1
4337,1483,25,3,130,3
4338,1483,30,2,210,3
4339,1483,27,2,640,3
4340,1483,1,3,125,3
4341,1484,18,2,310,3
4342,1485,24,3,190,5
4343,1485,1,2,125,5
4344,1486,21,1,185,8
4345,1487,10,1,180,1
4346,1488,26,2,360,
4347,1488,12,2,260,
4348,1489,31,1,135,6
4349,1489,7,2,420,6
4350,1489,2,3,210,6
4351,1490,18,3,310,4
4352,1490,9,3,520,4
4353,1490,17,2,145,4
4354,1490,3,1,95,4
4355,1490,25,1,130,4
4356,1491,17,2,145,7
4357,1491,19,1,89,7
4358,1492,12,1,260,9
4359,1493,6,3,275,2
4360,1494,18,1,310,12
4361,1494,6,3,275,12
4362,1494,30,1,210,12
4363,1494,12,2,260,12
4364,1494,19,2,89,12
4365,1495,19,3,89,1
4366,1495,24,3,190,1
4367,1496,13,1,220,
4368,1496,10,1,180,
4369,1496,22,2,170,
4370,1497,13,3,220,4
4371,1497,28,3,520,4
4372,1497,16,3,240,4
4373,1497,8,2,680,4
4374,1497,24,3,190,4
4375,1498,31,3,135,4
4376,1499,4,3,160,7
4377,1499,24,1,190,7
4378,1500,14,1,780,9
4379,1500,18,3,310,9
4380,1500,3,1,95,9
4381,1501,20,2,115,10
4382,1501,1,2,125,10
4383,1502,23,3,145,6
4384,1503,9,2,520,9
4385,1503,13,1,220,9
4386,1503,30,3,210,9
4387,1503,6,2,275,9
4388,1504,13,1,220,
4389,1505,9,2,520,7
4390,1505,17,3,145,7
4391,1506,2,3,210,9
4392,1506,19,3,89,9
4393,1506,23,3,145,9
4394,1507,2,1,210,8
4395,1507,25,2,130,8
4396,1507,1,2,125,8
4397,1507,17,1,145,8
4398,1507,29,1,155,8
4399,1508,4,3,160,3
4400,1509,24,3,190,4
4401,1510,31,3,135,3
4402,1510,2,3,210,3
4403,1511,25,3,130,10
4404,1511,22,3,170,10
4405,1511,2,3,210,10
4406,1511,20,2,115,10
4407,1512,15,2,195,
4408,1512,13,1,220,
4409,1513,30,3,210,6
4410,1513,5,1,340,6
4411,1513,30,3,210,6
4412,1513,11,1,140,6
4413,1514,18,1,310,4
4414,1514,30,1,210,4
4415,1515,20,3,115,2
4416,1515,11,1,140,2
4417,1515,19,3,89,2
4418,1515,14,1,780,2
4419,1515,4,2,160,2
4420,1516,31,2,135,11
4421,1516,28,2,520,11
4422,1517,9,1,520,3
4423,1518,10,2,180,5
4424,1519,8,3,680,5
4425,1519,19,1,89,5
4426,1519,29,1,155,5
4427,1519,5,3,340,5
4428,1520,10,1,180,
4429,1520,8,3,680,
4430,1521,3,2,95,11
4431,1521,26,1,360,11
4432,1521,29,3,155,11
4433,1522,4,3,160,7
4434,1522,25,1,130,7
4435,1523,11,3,140,11
4436,1523,23,2,145,11
4437,1523,25,1,130,11
4438,1523,10,1,180,11
4439,1524,6,2,275,11
4440,1524,26,3,360,11
4441,1525,29,2,155,7
4442,1525,7,3,420,7
4443,1525,11,1,140,7
4444,1526,25,3,130,1
4445,1526,16,1,240,1
4446,1526,2,2,210,1
4447,1527,4,3,160,3
4448,1528,26,2,360,
4449,1528,31,2,135,
4450,1529,5,3,340,11
4451,1529,5,3,340,11
4452,1529,15,3,195,11
4453,1530,10,1,180,7
4454,1531,26,2,360,7
4455,1531,6,1,275,7
4456,1531,11,1,140,7
4457,1531,27,2,640,7
4458,1531,11,2,140,7
4459,1532,22,1,170,10
4460,1532,17,1,145,10
4461,1532,17,1,145,10
4462,1533,2,2,210,5
4463,1533,12,1,260,5
4464,1533,20,2,115,5
4465,1533,7,3,420,5
4466,1534,18,1,310,8
4467,1534,24,3,190,8
4468,1534,29,2,155,8
4469,1534,9,3,520,8
4470,1534,29,1,155,8
4471,1535,12,3,260,12
4472,1536,10,3,180,
4473,1536,11,3,140,
4474,1536,17,3,145,
4475,1536,18,2,310,
4476,1536,3,1,95,
4477,1537,20,1,115,12
4478,1537,23,2,145,12
4479,1537,2,1,210,12
4480,1538,24,3,190,11
4481,1538,31,1,135,11
4482,1539,8,2,680,8
4483,1539,3,1,95,8
4484,1540,5,3,340,1
4485,1540,4,1,160,1
4486,1540,22,1,170,1
4487,1540,13,1,220,1
4488,1541,24,1,190,5
4489,1541,13,2,220,5
4490,1542,28,3,520,11
4491,1542,6,1,275,11
4492,1542,11,3,140,11
4493,1543,29,3,155,12
4494,1544,6,3,275,
4495,1544,4,1,160,
4496,1545,11,2,140,12
4497,1545,16,1,240,12
4498,1545,7,2,420,12
4499,1546,20,3,115,1
4500,1546,8,2,680,1
4501,1547,26,1,360,9
4502,1547,6,3,275,9
4503,1547,11,2,140,9
4504,1547,14,3,780,9
4505,1547,14,1,780,9
4506,1548,20,1,115,6
4507,1549,17,1,145,6
4508,1550,9,2,520,1
4509,1550,6,2,275,1
4510,1550,24,3,190,1
4511,1551,16,1,240,4
4512,1551,31,2,135,4
4513,1551,31,2,135,4
4514,1551,14,3,780,4
4515,1552,13,2,220,
4516,1552,28,1,520,
4517,1552,21,3,185,
4518,1552,27,3,640,
4519,1552,12,2,260,
4520,1553,15,2,195,2
4521,1553,28,3,520,2
4522,1553,27,2,640,2
4523,1554,20,2,115,3
4524,1554,11,3,140,3
4525,1554,20,1,115,3
4526,1555,11,1,140,12
4527,1555,11,2,140,12
4528,1555,5,3,340,12
4529,1556,12,3,260,9
4530,1556,26,3,360,9
4531,1556,5,3,340,9
4532,1557,16,3,240,8
4533,1557,29,3,155,8
4534,1557,8,1,680,8
4535,1558,27,2,640,9
4536,1558,30,1,210,9
4537,1559,2,3,210,9
4538,1559,20,2,115,9
4539,1560,16,2,240,
4540,1560,26,1,360,
4541,1560,29,1,155,
4542,1560,10,2,180,
4543,1561,23,1,145,7
4544,1561,4,2,160,7
4545,1562,13,3,220,10
4546,1562,1,1,125,10
4547,1562,18,1,310,10
4548,1563,13,3,220,2
4549,1563,12,1,260,2
4550,1564,31,2,135,12
4551,1564,10,3,180,12
4552,1564,10,2,180,12
4553,1564,3,2,95,12
4554,1564,27,3,640,12
4555,1565,19,2,89,4
4556,1565,8,2,680,4
4557,1565,10,1,180,4
4558,1565,29,3,155,4
4559,1566,30,3,210,7
4560,1567,16,1,240,6
4561,1567,27,2,640,6
4562,1568,10,3,180,
4563,1568,25,1,130,
4564,1569,30,3,210,3
4565,1569,19,3,89,3
4566,1569,1,2,125,3
4567,1569,23,2,145,3
4568,1569,6,1,275,3
4569,1570,4,2,160,8
4570,1571,28,3,520,5
4571,1571,12,2,260,5
4572,1571,12,1,260,5
4573,1571,25,2,130,5
4574,1572,30,1,210,10
4575,1572,25,3,130,10
4576,1572,1,2,125,10
4577,1572,3,2,95,10
4578,1572,13,2,220,10
4579,1573,26,1,360,4
4580,1574,22,1,170,6
4581,1574,2,1,210,6
4582,1574,30,2,210,6
4583,1574,25,1,130,6
4584,1574,16,1,240,6
4585,1575,3,1,95,4
4586,1575,11,2,140,4
4587,1576,11,1,140,
4588,1576,25,1,130,
4589,1576,21,2,185,
4590,1576,21,2,185,
4591,1576,8,2,680,
4592,1577,25,1,130,7
4593,1577,1,1,125,7
4594,1578,28,2,520,11
4595,1579,31,1,135,4
4596,1579,23,1,145,4
4597,1579,30,3,210,4
4598,1579,22,3,170,4
4599,1580,25,1,130,5
4600,1580,17,1,145,5
4601,1581,26,1,360,9
4602,1581,4,1,160,9
4603,1581,23,3,145,9
4604,1581,21,3,185,9
4605,1582,29,3,155,6
4606,1582,9,2,520,6
4607,1582,16,2,240,6
4608,1582,22,2,170,6
4609,1582,25,1,130,6
4610,1583,25,2,130,3
4611,1583,4,3,160,3
4612,1583,22,3,170,3
4613,1584,21,1,185,
4614,1585,4,3,160,7
4615,1585,4,3,160,7
4616,1585,5,3,340,7
4617,1585,31,3,135,7
4618,1585,4,1,160,7
4619,1586,16,2,240,8
4620,1587,9,2,520,5
4621,1587,9,1,520,5
4622,1587,3,2,95,5
4623,1587,9,3,520,5
4624,1587,12,1,260,5
4625,1588,15,3,195,11
4626,1588,7,1,420,11
4627,1589,3,1,95,4
4628,1589,12,1,260,4
4629,1589,11,2,140,4
4630,1589,27,1,640,4
4631,1590,19,2,89,6
4632,1590,21,1,185,6
4633,1591,21,2,185,9
4634,1591,7,1,420,9
4635,1592,2,3,210,
4636,1592,24,2,190,
4637,1592,21,3,185,
4638,1592,28,3,520,
4639,1592,27,3,640,
4640,1593,3,1,95,12
4641,1593,25,2,130,12
4642,1593,19,2,89,12
4643,1593,12,2,260,12
4644,1593,31,2,135,12
4645,1594,9,2,520,6
4646,1594,6,2,275,6
4647,1594,13,2,220,6
4648,1594,19,3,89,6
4649,1595,16,1,240,7
4650,1595,8,2,680,7
4651,1595,6,3,275,7
4652,1595,31,3,135,7
4653,1595,18,1,310,7
4654,1596,21,3,185,5
4655,1596,13,2,220,5
4656,1596,22,3,170,5
4657,1596,27,2,640,5
4658,1596,8,3,680,5
4659,1597,17,3,145,7
4660,1597,7,1,420,7
4661,1597,26,2,360,7
4662,1598,9,2,520,3
4663,1598,1,3,125,3
4664,1598,9,2,520,3
4665,1598,17,1,145,3
4666,1598,28,2,520,3
4667,1599,4,2,160,9
4668,1600,7,1,420,
4669,1601,27,2,640,3
4670,1601,6,1,275,3
4671,1602,30,3,210,5
4672,1602,24,1,190,5
4673,1602,22,2,170,5
4674,1602,10,3,180,5
4675,1603,1,3,125,1
4676,1604,8,1,680,5
4677,1604,24,2,190,5
4678,1604,20,1,115,5
4679,1604,10,3,180,5
4680,1605,31,2,135,5
4681,1605,3,3,95,5
4682,1606,7,2,420,9
4683,1606,15,3,195,9
4684,1606,29,3,155,9
4685,1606,7,3,420,9
4686,1607,25,2,130,7
4687,1607,2,3,210,7
4688,1607,11,1,140,7
4689,1607,6,1,275,7
4690,1607,28,3,520,7
4691,1608,6,2,275,
4692,1608,27,3,640,
4693,1608,7,3,420,
4694,1608,12,2,260,
4695,1609,31,2,135,2
4696,1609,13,2,220,2
4697,1610,28,1,520,9
4698,1610,27,3,640,9
4699,1610,24,2,190,9
4700,1611,7,2,420,6
4701,1611,18,3,310,6
4702,1611,25,2,130,6
4703,1612,19,1,89,4
4704,1613,20,2,115,7
4705,1613,10,3,180,7
4706,1613,19,1,89,7
4707,1613,2,2,210,7
4708,1614,29,3,155,3
4709,1614,4,1,160,3
4710,1614,1,3,125,3
4711,1615,11,3,140,6
4712,1615,8,1,680,6
4713,1615,27,3,640,6
4714,1615,4,1,160,6
4715,1616,9,1,520,
4716,1617,25,2,130,5
4717,1617,30,3,210,5
4718,1617,19,3,89,5
4719,1618,27,3,640,1
4720,1618,23,3,145,1
4721,1619,24,2,190,2
4722,1619,13,2,220,2
4723,1619,19,3,89,2
4724,1620,4,1,160,4
4725,1620,8,1,680,4
4726,1620,5,1,340,4
4727,1620,22,1,170,4
4728,1620,5,3,340,4
4729,1621,3,3,95,1
4730,1621,20,1,115,1
4731,1621,29,2,155,1
4732,1621,8,1,680,1
4733,1622,28,3,520,4
4734,1622,10,1,180,4
4735,1622,14,2,780,4
4736,1622,25,3,130,4
4737,1622,3,1,95,4
4738,1623,16,3,240,1
4739,1623,30,3,210,1
4740,1624,10,1,180,
4741,1625,10,3,180,8
4742,1625,11,2,140,8
4743,1626,27,3,640,2
4744,1626,26,1,360,2
4745,1626,16,3,240,2
4746,1626,28,2,520,2
4747,1626,15,2,195,2
4748,1627,8,3,680,5
4749,1627,8,2,680,5
4750,1627,26,3,360,5
4751,1627,27,3,640,5
4752,1627,21,3,185,5
4753,1628,6,1,275,7
4754,1628,2,1,210,7
4755,1628,25,1,130,7
4756,1629,22,2,170,12
4757,1630,26,1,360,10
4758,1630,8,3,680,10
4759,1630,17,2,145,10
4760,1630,14,3,780,10
4761,1630,1,3,125,10
4762,1631,23,3,145,3
4763,1631,31,3,135,3
4764,1632,9,2,520,
4765,1632,19,2,89,
4766,1632,13,2,220,
4767,1632,26,3,360,
4768,1632,9,2,520,
4769,1633,12,2,260,3
4770,1633,19,3,89,3
4771,1633,25,3,130,3
4772,1633,4,3,160,3
4773,1634,15,1,195,9
4774,1634,5,3,340,9
4775,1635,2,1,210,7
4776,1635,23,1,145,7
4777,1635,7,2,420,7
4778,1635,8,1,680,7
4779,1635,24,1,190,7
4780,1636,9,3,520,1
4781,1636,3,2,95,1
4782,1636,6,2,275,1
4783,1636,10,1,180,1
4784,1636,24,1,190,1
4785,1637,19,2,89,3
4786,1637,22,3,170,3
4787,1637,8,1,680,3
4788,1638,15,3,195,11
4789,1639,18,2,310,3
4790,1639,1,3,125,3
4791,1639,7,1,420,3
4792,1639,11,2,140,3
4793,1639,6,2,275,3
4794,1640,27,3,640,
4795,1641,8,1,680,6
4796,1641,18,2,310,6
4797,1641,30,2,210,6
4798,1642,5,2,340,5
4799,1642,12,2,260,5
4800,1642,22,2,170,5
4801,1643,27,2,640,2
4802,1643,13,2,220,2
4803,1643,31,3,135,2
4804,1644,29,1,155,5
4805,1644,29,2,155,5
4806,1644,18,1,310,5
4807,1645,28,2,520,7
4808,1645,31,1,135,7
4809,1646,24,3,190,12
4810,1646,19,2,89,12
4811,1646,5,1,340,12
4812,1647,13,1,220,5
4813,1647,11,3,140,5
4814,1648,3,2,95,
4815,1648,6,3,275,
4816,1648,14,3,780,
4817,1648,29,2,155,
4818,1648,23,2,145,
4819,1649,23,1,145,8
4820,1649,1,2,125,8
4821,1649,4,3,160,8
4822,1649,16,2,240,8
4823,1650,7,2,420,6
4824,1650,30,2,210,6
4825,1650,22,3,170,6
4826,1651,9,1,520,3
4827,1652,1,2,125,2
4828,1652,30,1,210,2
4829,1652,14,3,780,2
4830,1653,19,1,89,7
4831,1653,31,3,135,7
4832,1653,1,2,125,7
4833,1653,1,1,125,7
4834,1654,23,3,145,12
4835,1655,2,3,210,11
4836,1655,4,1,160,11
4837,1655,29,1,155,11
4838,1655,15,1,195,11
4839,1656,29,2,155,
4840,1657,24,3,190,11
4841,1657,21,2,185,11
4842,1657,25,2,130,11
4843,1658,23,1,145,7
4844,1659,9,2,520,7
4845,1659,14,3,780,7
4846,1659,29,2,155,7
4847,1659,17,3,145,7
4848,1660,20,3,115,5
4849,1661,1,1,125,11
4850,1661,15,2,195,11
4851,1661,15,2,195,11
4852,1661,8,2,680,11
4853,1661,4,2,160,11
4854,1662,26,3,360,1
4855,1662,16,1,240,1
4856,1662,25,2,130,1
4857,1662,18,3,310,1
4858,1663,24,2,190,8
4859,1663,27,3,640,8
4860,1663,4,3,160,8
4861,1664,25,2,130,
4862,1664,10,3,180,
4863,1664,31,1,135,
4864,1664,12,1,260,
4865,1664,10,1,180,
4866,1665,19,3,89,10
4867,1665,31,2,135,10
4868,1665,22,1,170,10
4869,1665,19,3,89,10
4870,1665,5,1,340,10
4871,1666,19,1,89,9
4872,1667,26,1,360,5
4873,1667,26,2,360,5
4874,1667,16,2,240,5
4875,1667,9,2,520,5
4876,1667,12,1,260,5
4877,1668,10,2,180,7
4878,1668,27,1,640,7
4879,1669,17,3,145,3
4880,1669,26,1,360,3
4881,1669,14,2,780,3
4882,1669,24,1,190,3
4883,1670,16,3,240,12
4884,1670,8,2,680,12
4885,1670,27,3,640,12
4886,1670,10,1,180,12
4887,1671,7,3,420,12
4888,1671,13,2,220,12
4889,1671,16,1,240,12
4890,1671,21,2,185,12
4891,1671,15,3,195,12
4892,1672,30,1,210,
4893,1673,28,1,520,11
4894,1673,31,3,135,11
4895,1673,19,1,89,11
4896,1673,27,1,640,11
4897,1673,26,3,360,11
4898,1674,22,3,170,6
4899,1674,8,2,680,6
4900,1675,18,2,310,2
4901,1676,12,3,260,1
4902,1676,29,3,155,1
4903,1676,17,1,145,1
4904,1676,2,3,210,1
4905,1677,19,3,89,12
4906,1677,13,1,220,12
4907,1677,16,2,240,12
4908,1677,13,2,220,12
4909,1678,21,3,185,2
4910,1678,1,2,125,2
4911,1679,17,3,145,8
4912,1679,28,1,520,8
4913,1679,11,1,140,8
4914,1679,29,2,155,8
4915,1680,26,1,360,
4916,1680,19,2,89,
4917,1681,24,1,190,5
4918,1681,9,2,520,5
4919,1681,24,1,190,5
4920,1681,30,3,210,5
4921,1681,8,3,680,5
4922,1682,8,3,680,10
4923,1682,2,3,210,10
4924,1683,11,3,140,5
4925,1684,18,1,310,7
4926,1685,17,2,145,5
4927,1685,21,1,185,5
4928,1685,13,1,220,5
4929,1685,9,2,520,5
4930,1685,4,1,160,5
4931,1686,7,3,420,3
4932,1686,8,2,680,3
4933,1686,18,1,310,3
4934,1686,1,3,125,3
4935,1687,31,3,135,4
4936,1687,2,3,210,4
4937,1688,11,1,140,
4938,1688,2,1,210,
4939,1688,31,3,135,
4940,1688,8,1,680,
4941,1688,22,2,170,
4942,1689,1,1,125,2
4943,1689,27,3,640,2
4944,1689,7,2,420,2
4945,1690,16,1,240,6
4946,1690,15,1,195,6
4947,1690,2,2,210,6
4948,1690,18,3,310,6
4949,1690,8,1,680,6
4950,1691,17,2,145,2
4951,1691,22,1,170,2
4952,1691,22,2,170,2
4953,1692,11,3,140,4
4954,1692,20,2,115,4
4955,1692,10,1,180,4
4956,1693,1,1,125,5
4957,1693,5,3,340,5
4958,1693,18,2,310,5
4959,1693,29,1,155,5
4960,1693,26,3,360,5
4961,1694,22,3,170,2
4962,1694,5,2,340,2
4963,1695,21,2,185,8
4964,1695,13,2,220,8
4965,1695,15,2,195,8
4966,1695,5,1,340,8
4967,1696,10,2,180,
4968,1696,21,1,185,
4969,1697,18,3,310,3
4970,1697,28,3,520,3
4971,1698,26,3,360,6
4972,1698,30,3,210,6
4973,1698,9,2,520,6
4974,1699,11,3,140,3
4975,1699,23,1,145,3
4976,1699,4,1,160,3
4977,1699,10,1,180,3
4978,1700,18,2,310,4
4979,1701,7,2,420,4
4980,1701,17,3,145,4
4981,1701,29,2,155,4
4982,1701,28,2,520,4
4983,1701,29,2,155,4
4984,1702,3,3,95,11
4985,1703,1,1,125,8
4986,1703,5,1,340,8
4987,1704,20,2,115,
4988,1704,28,2,520,
4989,1705,31,2,135,5
4990,1705,16,3,240,5
4991,1706,5,2,340,2
4992,1706,8,3,680,2
4993,1706,17,1,145,2
4994,1706,13,2,220,2
4995,1706,7,2,420,2
4996,1707,14,1,780,1
4997,1707,13,2,220,1
4998,1707,8,2,680,1
4999,1707,8,2,680,1
5000,1708,3,3,95,7
5001,1708,28,3,520,7
5002,1709,24,3,190,1
5003,1709,19,3,89,1
5004,1709,13,1,220,1
5005,1709,31,1,135,1
5006,1710,26,1,360,6
5007,1710,29,1,155,6
5008,1710,3,1,95,6
5009,1711,29,2,155,1
5010,1711,24,1,190,1
5011,1711,26,2,360,1
5012,1711,4,3,160,1
5013,1711,11,3,140,1
5014,1712,15,1,195,
5015,1713,9,1,520,5
5016,1714,25,1,130,11
5017,1714,1,1,125,11
5018,1714,9,1,520,11
5019,1714,20,3,115,11
5020,1714,4,2,160,11
5021,1715,19,1,89,5
5022,1715,4,3,160,5
5023,1716,3,1,95,6
5024,1716,23,2,145,6
5025,1716,14,3,780,6
5026,1716,31,3,135,6
5027,1717,14,1,780,7
5028,1717,11,2,140,7
5029,1717,15,3,195,7
5030,1717,15,3,195,7
5031,1718,5,3,340,1
5032,1718,17,2,145,1
5033,1718,11,3,140,1
5034,1718,26,2,360,1
5035,1719,18,3,310,10
5036,1719,27,1,640,10
5037,1719,18,2,310,10
5038,1719,10,2,180,10
5039,1719,10,3,180,10
5040,1720,5,3,340,
5041,1720,25,1,130,
5042,1720,30,3,210,
5043,1721,3,1,95,11
5044,1721,2,3,210,11
5045,1722,15,2,195,11
5046,1723,4,3,160,1
5047,1723,10,3,180,1
5048,1724,20,3,115,5
5049,1724,23,3,145,5
5050,1724,26,3,360,5
5051,1724,8,2,680,5
5052,1724,6,3,275,5
5053,1725,22,1,170,8
5054,1726,4,3,160,12
5055,1726,27,3,640,12
5056,1727,26,3,360,2
5057,1727,7,3,420,2
5058,1727,18,1,310,2
5059,1727,8,3,680,2
5060,1728,18,2,310,
5061,1728,9,3,520,
5062,1729,26,2,360,1
5063,1730,13,3,220,4
5064,1730,16,1,240,4
5065,1730,4,3,160,4
5066,1730,9,1,520,4
5067,1731,29,2,155,3
5068,1731,1,2,125,3
5069,1731,15,3,195,3
5070,1731,4,1,160,3
5071,1732,18,1,310,8
5072,1732,7,1,420,8
5073,1732,3,1,95,8
5074,1732,27,2,640,8
5075,1732,9,3,520,8
5076,1733,14,1,780,1
5077,1733,5,2,340,1
5078,1733,4,3,160,1
5079,1733,31,2,135,1
5080,1733,29,3,155,1
5081,1734,11,3,140,6
5082,1734,19,2,89,6
5083,1734,29,3,155,6
5084,1735,2,2,210,3
5085,1735,8,3,680,3
5086,1735,25,2,130,3
5087,1736,28,1,520,
5088,1737,14,3,780,10
5089,1737,22,3,170,10
5090,1737,31,3,135,10
5091,1737,3,1,95,10
5092,1737,24,3,190,10
5093,1738,12,2,260,4
5094,1739,6,1,275,5
5095,1740,3,1,95,10
5096,1740,19,3,89,10
5097,1740,22,1,170,10
5098,1740,4,3,160,10
5099,1740,5,2,340,10
5100,1741,15,2,195,11
5101,1741,3,2,95,11
5102,1741,6,3,275,11
5103,1741,24,2,190,11
5104,1742,18,1,310,4
5105,1742,31,1,135,4
5106,1742,9,1,520,4
5107,1742,10,1,180,4
5108,1742,27,1,640,4
5109,1743,2,1,210,6
5110,1744,14,3,780,
5111,1744,25,2,130,
5112,1745,17,1,145,4
5113,1745,30,3,210,4
5114,1745,31,2,135,4
5115,1745,26,1,360,4
5116,1746,15,1,195,12
5117,1746,22,2,170,12
5118,1747,29,1,155,11
5119,1748,15,1,195,8
5120,1749,4,1,160,9
5121,1750,30,3,210,8
5122,1750,25,3,130,8
5123,1750,22,1,170,8
5124,1750,30,1,210,8
5125,1750,8,1,680,8
5126,1751,30,1,210,8
5127,1751,28,2,520,8
5128,1752,7,1,420,
5129,1752,8,2,680,
5130,1752,24,3,190,
5131,1753,20,2,115,8
5132,1753,6,2,275,8
5133,1753,30,1,210,8
5134,1753,17,3,145,8
5135,1753,13,2,220,8
5136,1754,31,2,135,1
5137,1754,1,1,125,1
5138,1754,6,3,275,1
5139,1754,25,1,130,1
5140,1755,30,3,210,7
5141,1756,8,1,680,12
5142,1756,4,2,160,12
5143,1756,9,1,520,12
5144,1756,6,2,275,12
5145,1757,30,3,210,5
5146,1758,28,2,520,11
5147,1758,31,2,135,11
5148,1758,9,2,520,11
5149,1758,29,1,155,11
5150,1759,12,3,260,10
5151,1759,31,1,135,10
5152,1759,18,3,310,10
5153,1760,24,1,190,
5154,1761,3,2,95,4
5155,1761,2,3,210,4
5156,1761,21,2,185,4
5157,1762,5,2,340,7
5158,1763,15,3,195,9
5159,1763,28,3,520,9
5160,1764,13,2,220,10
5161,1764,11,2,140,10
5162,1764,22,3,170,10
5163,1764,14,2,780,10
5164,1765,16,2,240,5
5165,1765,17,2,145,5
5166,1765,18,2,310,5
5167,1765,1,1,125,5
5168,1765,10,1,180,5
5169,1766,20,1,115,12
5170,1767,10,3,180,4
5171,1767,25,3,130,4
5172,1768,28,1,520,
5173,1768,30,3,210,
5174,1768,10,1,180,
5175,1768,31,1,135,
5176,1768,28,3,520,
5177,1769,17,2,145,4
5178,1769,19,1,89,4
5179,1769,25,2,130,4
5180,1770,24,1,190,2
5181,1770,29,1,155,2
5182,1770,4,3,160,2
5183,1770,17,2,145,2
5184,1770,7,2,420,2
5185,1771,8,2,680,8
5186,1771,19,3,89,8
5187,1771,26,3,360,8
5188,1771,3,3,95,8
5189,1772,18,1,310,8
5190,1772,14,2,780,8
5191,1772,6,3,275,8
5192,1773,25,1,130,7
5193,1773,18,3,310,7
5194,1773,4,3,160,7
5195,1773,20,2,115,7
5196,1774,11,2,140,8
5197,1774,20,2,115,8
5198,1774,18,2,310,8
5199,1774,5,2,340,8
5200,1774,13,1,220,8
5201,1775,5,3,340,2
5202,1775,19,2,89,2
5203,1775,20,2,115,2
5204,1776,29,1,155,
5205,1776,10,1,180,
5206,1776,12,3,260,
5207,1776,8,2,680,
5208,1777,18,2,310,10
5209,1777,24,3,190,10
5210,1777,1,2,125,10
5211,1777,30,1,210,10
5212,1777,12,2,260,10
5213,1778,16,1,240,4
5214,1778,1,2,125,4
5215,1778,23,2,145,4
5216,1779,2,1,210,12
5217,1780,24,1,190,12
5218,1780,17,2,145,12
5219,1780,3,1,95,12
5220,1780,29,3,155,12
5221,1781,4,2,160,9
5222,1781,31,2,135,9
5223,1781,20,1,115,9
5224,1781,3,1,95,9
5225,1782,18,3,310,3
5226,1782,4,2,160,3
5227,1782,25,2,130,3
5228,1782,22,1,170,3
5229,1783,25,1,130,5
5230,1783,22,3,170,5
5231,1784,19,2,89,
5232,1784,26,2,360,
5233,1784,30,1,210,
5234,1785,1,3,125,11
5235,1785,9,2,520,11
5236,1785,31,1,135,11
5237,1785,13,3,220,11
5238,1786,20,2,115,12
5239,1786,28,3,520,12
5240,1786,13,3,220,12
5241,1787,23,3,145,3
5242,1787,5,1,340,3
5243,1787,1,2,125,3
5244,1787,19,3,89,3
5245,1788,24,3,190,12
5246,1788,16,3,240,12
5247,1788,6,3,275,12
5248,1788,20,3,115,12
5249,1788,14,1,780,12
5250,1789,6,3,275,5
5251,1789,26,1,360,5
5252,1789,15,2,195,5
5253,1789,21,3,185,5
5254,1790,7,3,420,4
5255,1790,21,2,185,4
5256,1790,6,3,275,4
5257,1790,21,3,185,4
5258,1790,5,1,340,4
5259,1791,10,2,180,3
5260,1792,18,3,310,
5261,1792,5,1,340,
5262,1792,11,3,140,
5263,1793,13,2,220,7
5264,1793,25,1,130,7
5265,1794,6,1,275,8
5266,1794,6,1,275,8
5267,1794,6,3,275,8
5268,1795,27,3,640,1
5269,1796,6,1,275,2
5270,1796,31,1,135,2
5271,1796,30,1,210,2
5272,1797,9,3,520,9
5273,1797,20,1,115,9
5274,1797,18,3,310,9
5275,1798,5,1,340,1
5276,1798,15,1,195,1
5277,1798,13,1,220,1
5278,1798,12,1,260,1
5279,1799,31,3,135,9
5280,1800,11,3,140,
5281,1800,19,1,89,
5282,1801,24,1,190,3
5283,1801,21,3,185,3
5284,1802,8,2,680,3
5285,1802,15,3,195,3
5286,1802,6,1,275,3
5287,1802,12,3,260,3
5288,1802,25,3,130,3
5289,1803,7,1,420,10
5290,1803,29,2,155,10
5291,1803,23,2,145,10
5292,1803,3,3,95,10
5293,1803,14,2,780,10
5294,1804,9,3,520,1
5295,1804,21,3,185,1
5296,1804,6,1,275,1
5297,1805,16,2,240,12
5298,1805,10,2,180,12
5299,1805,29,2,155,12
5300,1805,24,3,190,12
5301,1805,8,1,680,12
5302,1806,31,2,135,9
5303,1806,29,2,155,9
5304,1806,18,1,310,9
5305,1806,31,3,135,9
5306,1807,8,3,680,12
5307,1807,1,2,125,12
5308,1807,28,2,520,12
5309,1807,14,1,780,12
5310,1807,16,3,240,12
5311,1808,19,2,89,
5312,1808,13,1,220,
5313,1808,25,2,130,
5314,1809,1,2,125,1
5315,1810,4,2,160,12
5316,1810,2,1,210,12
5317,1810,7,2,420,12
5318,1811,2,2,210,12
5319,1811,30,2,210,12
5320,1811,23,1,145,12
5321,1811,1,3,125,12
5322,1811,22,3,170,12
5323,1812,24,3,190,6
5324,1812,23,2,145,6
5325,1812,20,2,115,6
5326,1812,24,3,190,6
5327,1812,23,1,145,6
5328,1813,25,2,130,9
5329,1813,25,1,130,9
5330,1814,20,1,115,7
5331,1814,25,1,130,7
5332,1814,2,2,210,7
5333,1814,15,1,195,7
5334,1815,25,1,130,12
5335,1816,3,1,95,
5336,1816,1,3,125,
5337,1817,17,1,145,8
5338,1818,22,2,170,11
5339,1819,4,2,160,5
5340,1819,16,3,240,5
5341,1819,23,2,145,5
5342,1819,25,3,130,5
5343,1819,24,2,190,5
5344,1820,10,2,180,8
5345,1820,3,1,95,8
5346,1820,7,1,420,8
5347,1820,26,1,360,8
5348,1820,10,2,180,8
5349,1821,18,1,310,5
5350,1821,13,1,220,5
5351,1822,23,1,145,8
5352,1823,30,2,210,11
5353,1823,11,2,140,11
5354,1823,22,3,170,11
5355,1824,29,3,155,
5356,1824,11,1,140,
5357,1824,1,1,125,
5358,1825,23,2,145,6
5359,1826,4,3,160,7
5360,1826,11,3,140,7
5361,1827,25,1,130,12
5362,1827,2,2,210,12
5363,1828,17,3,145,11
5364,1828,3,3,95,11
5365,1829,9,2,520,8
5366,1830,24,2,190,4
5367,1830,15,3,195,4
5368,1830,24,2,190,4
5369,1830,6,3,275,4
5370,1831,19,2,89,12
5371,1831,5,3,340,12
5372,1831,12,2,260,12
5373,1832,1,2,125,
5374,1832,27,2,640,
5375,1832,25,1,130,
5376,1832,25,3,130,
5377,1833,8,1,680,2
5378,1833,27,1,640,2
5379,1833,13,3,220,2
5380,1834,9,3,520,5
5381,1834,19,3,89,5
5382,1834,31,2,135,5
5383,1834,25,1,130,5
5384,1834,26,1,360,5
5385,1835,6,2,275,8
5386,1835,14,1,780,8
5387,1835,23,3,145,8
5388,1836,10,3,180,2
5389,1836,23,3,145,2
5390,1836,13,1,220,2
5391,1836,31,3,135,2
5392,1837,17,2,145,10
5393,1837,10,3,180,10
5394,1837,18,2,310,10
5395,1837,6,1,275,10
5396,1838,20,3,115,5
5397,1838,5,1,340,5
5398,1838,30,2,210,5
5399,1838,9,3,520,5
5400,1838,23,3,145,5
5401,1839,22,2,170,4
5402,1839,1,2,125,4
5403,1840,3,2,95,
5404,1840,24,3,190,
5405,1840,30,1,210,
5406,1840,15,2,195,
5407,1840,7,1,420,
5408,1841,31,2,135,2
5409,1841,16,1,240,2
5410,1841,9,3,520,2
5411,1841,4,1,160,2
5412,1842,30,3,210,3
5413,1842,17,1,145,3
5414,1842,24,3,190,3
5415,1842,12,1,260,3
5416,1842,9,2,520,3
5417,1843,17,3,145,3
5418,1843,22,1,170,3
5419,1844,10,1,180,12
5420,1844,4,1,160,12
5421,1844,15,3,195,12
5422,1844,14,1,780,12
5423,1845,6,1,275,5
5424,1845,28,1,520,5
5425,1845,22,2,170,5
5426,1845,27,3,640,5
5427,1846,11,3,140,10
5428,1846,8,3,680,10
5429,1846,4,1,160,10
5430,1847,3,1,95,8
5431,1848,28,1,520,
5432,1848,11,3,140,
5433,1848,22,1,170,
5434,1848,5,1,340,
5435,1848,1,2,125,
5436,1849,20,2,115,5
5437,1849,9,1,520,5
5438,1849,21,3,185,5
5439,1849,27,2,640,5
5440,1849,1,2,125,5
5441,1850,25,3,130,10
5442,1850,25,2,130,10
5443,1851,8,1,680,4
5444,1851,14,2,780,4
5445,1851,2,1,210,4
5446,1851,3,3,95,4
5447,1852,7,3,420,6
5448,1852,15,1,195,6
5449,1852,28,2,520,6
5450,1853,22,2,170,11
5451,1853,9,1,520,11
5452,1853,9,2,520,11
5453,1854,13,1,220,6
5454,1854,17,1,145,6
5455,1855,5,3,340,2
5456,1855,23,2,145,2
5457,1855,1,1,125,2
5458,1855,6,2,275,2
5459,1856,29,3,155,
5460,1856,12,1,260,
5461,1857,9,1,520,1
5462,1857,27,3,640,1
5463,1858,14,2,780,1
5464,1858,22,1,170,1
5465,1858,10,3,180,1
5466,1858,16,2,240,1
5467,1858,10,1,180,1
5468,1859,28,1,520,12
5469,1859,9,1,520,12
5470,1859,6,3,275,12
5471,1859,12,1,260,12
5472,1860,14,2,780,9
5473,1860,1,2,125,9
5474,1860,13,2,220,9
5475,1861,10,3,180,12
5476,1861,20,2,115,12
5477,1861,6,3,275,12
5478,1861,24,2,190,12
5479,1861,15,3,195,12
5480,1862,28,2,520,4
5481,1862,12,3,260,4
5482,1863,28,2,520,2
5483,1863,8,3,680,2
5484,1864,12,3,260,
5485,1864,10,2,180,
5486,1864,16,1,240,
5487,1864,9,1,520,
5488,1865,19,3,89,4
5489,1865,2,1,210,4
5490,1865,14,2,780,4
5491,1865,15,2,195,4
5492,1866,5,2,340,2
5493,1867,22,2,170,5
5494,1867,28,2,520,5
5495,1867,19,2,89,5
5496,1868,21,3,185,8
5497,1868,24,3,190,8
5498,1868,21,3,185,8
5499,1869,2,1,210,5
5500,1869,1,2,125,5
5501,1870,9,2,520,6
5502,1870,22,2,170,6
5503,1871,8,2,680,11
5504,1871,20,2,115,11
5505,1871,18,2,310,11
5506,1871,27,3,640,11
5507,1871,4,3,160,11
5508,1872,23,1,145,
5509,1873,9,1,520,7
5510,1873,20,2,115,7
5511,1873,18,3,310,7
5512,1873,22,2,170,7
5513,1874,30,3,210,11
5514,1874,16,2,240,11
5515,1875,17,2,145,3
5516,1875,29,2,155,3
5517,1875,7,2,420,3
5518,1876,25,3,130,2
5519,1877,5,2,340,2
5520,1877,9,1,520,2
5521,1877,11,2,140,2
5522,1877,16,3,240,2
5523,1877,13,2,220,2
5524,1878,19,3,89,7
5525,1879,22,2,170,1
5526,1879,26,1,360,1
5527,1879,1,2,125,1
5528,1879,17,2,145,1
5529,1880,25,1,130,
5530,1880,7,1,420,
5531,1880,6,3,275,
5532,1880,16,1,240,
5533,1880,28,2,520,
5534,1881,25,3,130,7
5535,1881,3,1,95,7
5536,1881,4,2,160,7
5537,1881,10,3,180,7
5538,1882,22,1,170,7
5539,1882,22,1,170,7
5540,1883,22,2,170,7
5541,1884,20,1,115,5
5542,1884,10,3,180,5
5543,1884,15,2,195,5
5544,1885,17,1,145,4
5545,1885,5,3,340,4
5546,1885,16,2,240,4
5547,1885,1,1,125,4
5548,1886,23,2,145,4
5549,1886,14,3,780,4
5550,1886,7,1,420,4
5551,1886,19,3,89,4
5552,1887,11,2,140,7
5553,1887,17,3,145,7
5554,1887,1,2,125,7
5555,1887,24,1,190,7
5556,1887,4,2,160,7
5557,1888,24,1,190,
5558,1889,12,3,260,4
5559,1889,18,3,310,4
5560,1889,19,2,89,4
5561,1890,6,3,275,2
5562,1890,1,3,125,2
5563,1890,24,1,190,2
5564,1890,3,3,95,2
5565,1891,8,3,680,5
5566,1891,30,3,210,5
5567,1891,24,2,190,5
5568,1891,5,3,340,5
5569,1892,24,2,190,12
5570,1892,1,2,125,12
5571,1893,3,1,95,3
5572,1893,15,3,195,3
5573,1893,27,1,640,3
5574,1893,4,2,160,3
5575,1893,3,2,95,3
5576,1894,16,3,240,4
5577,1895,27,3,640,3
5578,1895,8,2,680,3
5579,1895,10,1,180,3
5580,1895,4,3,160,3
5581,1896,4,3,160,
5582,1896,25,3,130,
5583,1896,31,2,135,
5584,1897,23,1,145,7
5585,1898,11,3,140,12
5586,1898,5,2,340,12
5587,1898,8,1,680,12
5588,1898,23,3,145,12
5589,1899,24,1,190,11
5590,1900,5,2,340,6
5591,1900,18,1,310,6
5592,1900,25,3,130,6
5593,1900,5,1,340,6
5594,1901,2,3,210,6
5595,1901,17,1,145,6
5596,1901,14,2,780,6
5597,1902,5,2,340,7
5598,1902,30,1,210,7
5599,1903,1,1,125,7
5600,1903,4,2,160,7
5601,1903,3,2,95,7
5602,1904,26,2,360,
5603,1904,23,3,145,
5604,1904,1,3,125,
5605,1904,23,2,145,
5606,1904,15,1,195,
5607,1905,4,1,160,8
5608,1905,25,2,130,8
5609,1905,30,2,210,8
5610,1905,23,3,145,8
5611,1906,7,1,420,10
5612,1906,23,1,145,10
5613,1906,5,2,340,10
5614,1906,29,3,155,10
5615,1907,14,1,780,8
5616,1907,15,1,195,8
5617,1907,14,2,780,8
5618,1907,26,2,360,8
5619,1908,8,1,680,5
5620,1908,22,1,170,5
5621,1909,29,1,155,8
5622,1909,1,1,125,8
5623,1909,29,3,155,8
5624,1910,31,3,135,9
5625,1910,1,2,125,9
5626,1911,11,2,140,9
5627,1911,16,1,240,9
5628,1912,23,1,145,
5629,1912,13,3,220,
5630,1913,21,2,185,8
5631,1913,14,3,780,8
5632,1914,18,3,310,9
5633,1914,14,1,780,9
5634,1915,1,1,125,9
5635,1915,27,3,640,9
5636,1916,7,1,420,11
5637,1917,13,3,220,11
5638,1917,12,2,260,11
5639,1918,2,3,210,5
5640,1918,5,2,340,5
5641,1918,9,3,520,5
5642,1918,10,1,180,5
5643,1919,6,1,275,1
5644,1919,28,2,520,1
5645,1919,6,1,275,1
5646,1919,29,3,155,1
5647,1920,2,2,210,
5648,1921,10,2,180,12
5649,1922,5,3,340,1
5650,1922,23,3,145,1
5651,1922,24,1,190,1
5652,1923,25,1,130,2
5653,1923,23,2,145,2
5654,1924,31,1,135,5
5655,1924,6,1,275,5
5656,1925,31,1,135,7
5657,1926,23,3,145,2
5658,1926,21,1,185,2
5659,1926,9,2,520,2
5660,1926,29,3,155,2
5661,1927,17,3,145,4
5662,1928,22,3,170,
5663,1929,13,1,220,11
5664,1929,26,1,360,11
5665,1929,28,2,520,11
5666,1930,10,2,180,8
5667,1930,19,2,89,8
5668,1930,16,3,240,8
5669,1931,26,2,360,3
5670,1931,2,1,210,3
5671,1931,22,3,170,3
5672,1932,21,2,185,7
5673,1932,9,1,520,7
5674,1932,4,3,160,7
5675,1932,21,2,185,7
5676,1932,28,2,520,7
5677,1933,3,2,95,3
5678,1933,14,2,780,3
5679,1933,20,1,115,3
5680,1934,23,3,145,7
5681,1934,5,1,340,7
5682,1935,7,1,420,10
5683,1935,12,2,260,10
5684,1935,20,2,115,10
5685,1936,30,2,210,
5686,1936,19,1,89,
5687,1936,17,2,145,
5688,1936,22,3,170,
5689,1936,31,3,135,
5690,1937,6,2,275,12
5691,1937,8,2,680,12
5692,1937,30,1,210,12
5693,1937,21,2,185,12
5694,1937,4,3,160,12
5695,1938,26,1,360,6
5696,1938,17,3,145,6
5697,1938,1,1,125,6
5698,1938,13,1,220,6
5699,1939,6,1,275,2
5700,1939,17,3,145,2
5701,1940,16,3,240,4
5702,1940,16,2,240,4
5703,1941,27,1,640,8
5704,1942,18,3,310,4
5705,1942,13,2,220,4
5706,1942,30,3,210,4
5707,1942,21,1,185,4
5708,1943,26,1,360,3
5709,1944,29,2,155,
5710,1944,24,1,190,
5711,1945,2,1,210,6
5712,1945,4,1,160,6
5713,1945,21,3,185,6
5714,1946,21,2,185,8
5715,1946,30,1,210,8
5716,1947,9,2,520,5
5717,1947,10,1,180,5
5718,1947,28,1,520,5
5719,1947,13,2,220,5
5720,1947,5,3,340,5
5721,1948,24,1,190,8
5722,1948,14,2,780,8
5723,1948,28,3,520,8
5724,1948,21,2,185,8
5725,1948,17,1,145,8
5726,1949,14,2,780,5
5727,1949,18,2,310,5
5728,1949,28,2,520,5
5729,1949,20,1,115,5
5730,1949,13,3,220,5
5731,1950,1,1,125,12
5732,1951,30,1,210,11
5733,1951,1,1,125,11
5734,1952,12,3,260,
5735,1952,17,1,145,
5736,1952,15,3,195,
5737,1953,13,2,220,6
5738,1954,26,2,360,5
5739,1954,9,3,520,5
5740,1954,17,1,145,5
5741,1954,17,2,145,5
5742,1954,28,2,520,5
5743,1955,31,1,135,11
5744,1955,16,2,240,11
5745,1955,26,1,360,11
5746,1955,9,1,520,11
5747,1956,26,2,360,10
5748,1956,12,1,260,10
5749,1956,10,2,180,10
5750,1956,25,2,130,10
5751,1957,4,3,160,12
5752,1957,12,1,260,12
5753,1957,16,2,240,12
5754,1958,23,1,145,12
5755,1958,25,2,130,12
5756,1958,26,2,360,12
5757,1958,25,3,130,12
5758,1959,15,2,195,4
5759,1959,3,1,95,4
5760,1959,21,2,185,4
5761,1959,3,1,95,4
5762,1959,25,3,130,4
5763,1960,4,3,160,
5764,1960,25,2,130,
5765,1960,26,2,360,
5766,1960,16,2,240,
5767,1961,17,2,145,7
5768,1961,16,3,240,7
5769,1961,16,2,240,7
5770,1961,19,2,89,7
5771,1961,1,3,125,7
5772,1962,23,3,145,12
5773,1962,6,3,275,12
5774,1962,27,1,640,12
5775,1962,31,1,135,12
5776,1963,27,2,640,3
5777,1963,24,1,190,3
5778,1964,7,2,420,8
5779,1964,16,1,240,8
5780,1964,10,2,180,8
5781,1965,2,2,210,11
5782,1965,6,1,275,11
5783,1965,5,1,340,11
5784,1965,20,1,115,11
5785,1965,16,3,240,11
5786,1966,17,3,145,11
5787,1966,1,1,125,11
5788,1967,20,1,115,11
5789,1968,26,1,360,
5790,1968,11,1,140,
5791,1969,16,1,240,5
5792,1969,10,3,180,5
5793,1969,11,2,140,5
5794,1970,31,1,135,4
5795,1971,23,3,145,10
5796,1971,21,2,185,10
5797,1972,18,1,310,1
5798,1973,25,3,130,5
5799,1974,1,1,125,3
5800,1974,27,3,640,3
5801,1974,17,2,145,3
5802,1975,22,2,170,3
5803,1975,12,2,260,3
5804,1976,15,3,195,
5805,1976,27,3,640,
5806,1976,2,2,210,
5807,1977,28,2,520,9
5808,1978,21,3,185,6
5809,1979,25,1,130,7
5810,1980,30,2,210,8
5811,1980,6,2,275,8
5812,1980,6,1,275,8
5813,1980,1,3,125,8
5814,1981,11,3,140,8
5815,1981,14,1,780,8
5816,1981,8,3,680,8
5817,1981,25,2,130,8
5818,1981,20,2,115,8
5819,1982,18,3,310,6
5820,1983,12,2,260,10
5821,1983,7,1,420,10
5822,1983,30,3,210,10
5823,1983,26,3,360,10
5824,1984,2,1,210,
5825,1985,1,2,125,12
5826,1986,27,1,640,10
5827,1986,6,2,275,10
5828,1987,9,3,520,7
5829,1987,25,3,130,7
5830,1987,29,2,155,7
5831,1987,3,2,95,7
5832,1988,25,2,130,7
5833,1988,27,2,640,7
5834,1988,14,2,780,7
5835,1988,6,2,275,7
5836,1989,23,2,145,1
5837,1989,17,3,145,1
5838,1989,14,2,780,1
5839,1990,15,2,195,1
5840,1990,11,1,140,1
5841,1990,26,2,360,1
5842,1990,21,1,185,1
5843,1990,22,1,170,1
5844,1991,5,1,340,2
5845,1991,15,1,195,2
5846,1991,31,2,135,2
5847,1991,28,1,520,2
5848,1991,28,3,520,2
5849,1992,8,3,680,
5850,1992,21,3,185,
5851,1992,31,3,135,
5852,1992,21,2,185,
5853,1993,23,2,145,7
5854,1993,29,3,155,7
5855,1993,2,2,210,7
5856,1993,15,1,195,7
5857,1993,14,1,780,7
5858,1994,7,2,420,8
5859,1994,19,3,89,8
5860,1994,21,2,185,8
5861,1994,5,2,340,8
5862,1994,4,1,160,8
5863,1995,2,3,210,9
5864,1995,18,3,310,9
5865,1995,25,2,130,9
5866,1995,24,2,190,9
5867,1995,19,1,89,9
5868,1996,1,1,125,4
5869,1996,25,2,130,4
5870,1996,31,3,135,4
5871,1996,24,1,190,4
5872,1996,4,2,160,4
5873,1997,8,1,680,12
5874,1997,18,2,310,12
5875,1997,5,1,340,12
5876,1997,1,2,125,12
5877,1998,15,1,195,5
5878,1998,6,1,275,5
5879,1998,5,2,340,5
5880,1999,25,3,130,5
5881,2000,1,1,125,
5882,2000,10,1,180,
5883,2001,27,2,640,3
5884,2001,7,2,420,3
5885,2002,5,2,340,5
5886,2002,17,3,145,5
5887,2003,20,1,115,3
5888,2004,20,1,115,2
5889,2004,22,2,170,2
5890,2004,24,3,190,2
5891,2005,20,2,115,1
5892,2005,12,2,260,1
5893,2005,28,2,520,1
5894,2005,23,1,145,1
5895,2005,9,2,520,1
5896,2006,7,1,420,6
5897,2007,27,2,640,7
5898,2007,24,2,190,7
5899,2007,16,1,240,7
5900,2007,4,3,160,7
5901,2008,22,3,170,
5902,2008,26,3,360,
5903,2009,10,3,180,5
5904,2009,2,3,210,5
5905,2009,18,3,310,5
5906,2010,23,1,145,4
5907,2010,29,3,155,4
5908,2010,10,2,180,4
5909,2010,22,2,170,4
5910,2010,28,2,520,4
5911,2011,3,1,95,11
5912,2012,7,1,420,4
5913,2012,16,3,240,4
5914,2012,20,2,115,4
5915,2012,25,1,130,4
5916,2013,2,1,210,6
5917,2013,27,3,640,6
5918,2013,16,2,240,6
5919,2014,21,3,185,11
5920,2014,23,3,145,11
5921,2014,3,2,95,11
5922,2014,1,2,125,11
5923,2014,4,1,160,11
5924,2015,18,3,310,10
5925,2015,15,2,195,10
5926,2016,7,3,420,
5927,2017,18,2,310,3
5928,2017,17,2,145,3
5929,2018,9,3,520,4
5930,2018,1,3,125,4
5931,2018,11,2,140,4
5932,2019,21,2,185,5
5933,2019,25,1,130,5
5934,2019,28,3,520,5
5935,2019,9,1,520,5
5936,2020,4,3,160,3
5937,2020,27,2,640,3
5938,2021,10,2,180,4
5939,2021,7,3,420,4
5940,2021,5,2,340,4
5941,2022,11,2,140,7
5942,2022,7,1,420,7
5943,2022,7,1,420,7
5944,2023,14,1,780,10
5945,2023,2,2,210,10
5946,2023,21,1,185,10
5947,2024,23,2,145,
5948,2025,11,1,140,5
5949,2025,6,3,275,5
5950,2025,19,1,89,5
5951,2026,26,3,360,10
5952,2027,22,1,170,5
5953,2027,14,3,780,5
5954,2027,10,2,180,5
5955,2028,30,3,210,8
5956,2028,12,3,260,8
5957,2028,17,2,145,8
5958,2028,30,1,210,8
5959,2029,14,2,780,4
5960,2029,8,2,680,4
5961,2030,8,2,680,8
5962,2031,29,2,155,9
5963,2031,5,1,340,9
5964,2032,19,3,89,
5965,2032,19,3,89,
5966,2032,14,2,780,
5967,2032,26,2,360,
5968,2033,28,3,520,6
5969,2033,2,2,210,6
5970,2033,17,3,145,6
5971,2034,31,3,135,12
5972,2034,11,3,140,12
5973,2034,16,2,240,12
5974,2034,23,1,145,12
5975,2035,30,2,210,4
5976,2035,3,3,95,4
5977,2035,21,3,185,4
5978,2036,26,1,360,9
5979,2037,17,3,145,10
5980,2037,11,3,140,10
5981,2037,21,3,185,10
5982,2038,27,1,640,1
5983,2039,22,3,170,2
5984,2039,18,3,310,2
5985,2039,5,2,340,2
5986,2039,7,1,420,2
5987,2040,19,3,89,
5988,2040,31,3,135,
5989,2040,16,1,240,
5990,2040,26,2,360,
5991,2041,3,3,95,7
5992,2041,23,2,145,7
5993,2041,16,2,240,7
5994,2041,14,3,780,7
5995,2042,4,1,160,2
5996,2042,20,3,115,2
5997,2042,27,2,640,2
5998,2042,25,2,130,2
5999,2043,14,2,780,11
6000,2044,4,2,160,9
6001,2044,22,3,170,9
6002,2044,10,1,180,9
6003,2045,4,2,160,9
6004,2045,11,1,140,9
6005,2046,31,1,135,2
6006,2046,15,1,195,2
6007,2046,4,1,160,2
6008,2047,20,3,115,2
6009,2047,31,3,135,2
6010,2048,6,1,275,
6011,2048,19,2,89,
6012,2049,19,3,89,1
6013,2049,22,2,170,1
6014,2049,29,3,155,1
6015,2050,16,3,240,2
6016,2051,25,2,130,4
6017,2051,31,2,135,4
6018,2051,8,3,680,4
6019,2051,5,2,340,4
6020,2052,1,3,125,10
6021,2052,13,1,220,10
6022,2052,2,3,210,10
6023,2052,3,2,95,10
6024,2053,8,2,680,1
6025,2053,24,2,190,1
6026,2053,22,2,170,1
6027,2053,26,2,360,1
6028,2054,6,3,275,11
6029,2054,28,3,520,11
6030,2055,14,1,780,5
6031,2055,16,2,240,5
6032,2056,4,2,160,
6033,2057,1,3,125,11
6034,2057,12,2,260,11
6035,2058,27,2,640,3
6036,2059,28,2,520,8
6037,2059,10,1,180,8
6038,2059,27,2,640,8
6039,2059,17,2,145,8
6040,2059,14,1,780,8
6041,2060,10,2,180,9
6042,2060,25,3,130,9
6043,2060,17,3,145,9
6044,2060,1,2,125,9
6045,2060,10,3,180,9
6046,2061,8,1,680,1
6047,2061,15,1,195,1
6048,2061,14,1,780,1
6049,2061,11,1,140,1
6050,2062,23,2,145,12
6051,2063,17,2,145,9
6052,2063,30,2,210,9
6053,2063,31,1,135,9
6054,2063,7,3,420,9
6055,2064,14,2,780,
6056,2065,31,2,135,3
6057,2065,13,3,220,3
6058,2065,17,2,145,3
6059,2066,24,3,190,11
6060,2066,10,2,180,11
6061,2066,3,2,95,11
6062,2066,18,3,310,11
6063,2066,1,2,125,11
6064,2067,29,2,155,12
6065,2067,17,2,145,12
6066,2067,23,3,145,12
6067,2067,19,3,89,12
6068,2068,19,1,89,12
6069,2068,25,1,130,12
6070,2069,3,2,95,11
6071,2069,15,2,195,11
6072,2069,30,3,210,11
6073,2069,11,2,140,11
6074,2069,15,2,195,11
6075,2070,18,2,310,9
6076,2071,12,3,260,9
6077,2071,11,2,140,9
6078,2071,10,2,180,9
6079,2072,28,3,520,
6080,2073,18,3,310,6
6081,2073,31,3,135,6
6082,2073,4,1,160,6
6083,2074,17,3,145,4
6084,2075,20,1,115,9
6085,2075,29,2,155,9
6086,2075,24,3,190,9
6087,2075,27,1,640,9
6088,2075,9,3,520,9
6089,2076,13,2,220,5
6090,2076,14,1,780,5
6091,2076,19,1,89,5
6092,2076,16,3,240,5
6093,2077,8,2,680,1
6094,2077,22,3,170,1
6095,2077,16,3,240,1
6096,2077,25,2,130,1
6097,2077,13,1,220,1
6098,2078,26,1,360,9
6099,2078,9,1,520,9
6100,2078,25,1,130,9
6101,2078,19,2,89,9
6102,2079,21,3,185,2
6103,2079,6,2,275,2
6104,2079,29,3,155,2
6105,2079,27,1,640,2
6106,2079,23,3,145,2
6107,2080,1,2,125,
6108,2080,10,2,180,
6109,2080,13,1,220,
6110,2081,5,2,340,1
6111,2082,24,3,190,8
6112,2082,7,2,420,8
6113,2082,2,3,210,8
6114,2083,3,1,95,3
6115,2083,25,2,130,3
6116,2083,31,1,135,3
6117,2084,25,2,130,3
6118,2085,8,1,680,11
6119,2086,5,2,340,7
6120,2086,30,1,210,7
6121,2087,2,1,210,6
6122,2087,15,1,195,6
6123,2087,7,1,420,6
6124,2087,12,2,260,6
6125,2088,17,3,145,
6126,2088,19,3,89,
6127,2088,28,2,520,
6128,2089,15,2,195,12
6129,2089,10,3,180,12
6130,2089,24,3,190,12
6131,2089,24,2,190,12
6132,2090,6,1,275,8
6133,2090,17,2,145,8
6134,2090,14,1,780,8
6135,2091,13,3,220,10
6136,2091,18,3,310,10
6137,2091,22,2,170,10
6138,2091,7,3,420,10
6139,2091,25,3,130,10
6140,2092,21,3,185,4
6141,2092,30,1,210,4
6142,2093,8,3,680,6
6143,2093,5,3,340,6
6144,2094,5,3,340,4
6145,2094,9,1,520,4
6146,2094,20,1,115,4
6147,2094,29,2,155,4
6148,2095,28,2,520,5
6149,2095,7,3,420,5
6150,2096,2,2,210,
6151,2096,12,3,260,
6152,2096,17,3,145,
6153,2097,10,3,180,5
6154,2097,10,3,180,5
6155,2098,20,2,115,3
6156,2099,22,3,170,9
6157,2099,23,1,145,9
6158,2099,24,2,190,9
6159,2099,16,1,240,9
6160,2099,29,1,155,9
6161,2100,20,3,115,5
6162,2100,11,3,140,5
6163,2100,15,1,195,5
6164,2101,23,1,145,1
6165,2101,31,1,135,1
6166,2102,25,2,130,10
6167,2102,10,2,180,10
6168,2102,7,1,420,10
6169,2102,2,1,210,10
6170,2103,14,3,780,12
6171,2104,17,2,145,
6172,2104,11,2,140,
6173,2105,26,3,360,2
6174,2105,11,1,140,2
6175,2105,5,1,340,2
6176,2105,27,1,640,2
6177,2106,13,3,220,11
6178,2107,10,1,180,8
6179,2107,8,1,680,8
6180,2107,3,1,95,8
6181,2107,21,3,185,8
6182,2108,1,1,125,9
6183,2108,17,2,145,9
6184,2109,7,1,420,6
6185,2109,5,2,340,6
6186,2109,10,3,180,6
6187,2109,28,3,520,6
6188,2110,10,1,180,11
6189,2110,25,3,130,11
6190,2110,2,3,210,11
6191,2110,6,3,275,11
6192,2110,27,3,640,11
6193,2111,20,1,115,11
6194,2111,11,2,140,11
6195,2112,2,2,210,
6196,2112,2,2,210,
6197,2112,29,2,155,
6198,2113,23,1,145,2
6199,2113,27,2,640,2
6200,2114,12,1,260,6
6201,2114,7,2,420,6
6202,2115,6,1,275,3
6203,2115,9,3,520,3
6204,2115,14,2,780,3
6205,2115,1,1,125,3
6206,2116,16,3,240,4
6207,2116,1,3,125,4
6208,2116,12,1,260,4
6209,2116,27,3,640,4
6210,2116,30,1,210,4
6211,2117,3,1,95,7
6212,2117,8,3,680,7
6213,2118,5,1,340,10
6214,2118,23,1,145,10
6215,2118,29,3,155,10
6216,2119,12,1,260,4
6217,2119,23,3,145,4
6218,2119,12,2,260,4
6219,2119,16,1,240,4
6220,2119,11,1,140,4
6221,2120,13,1,220,
6222,2120,16,1,240,
6223,2120,24,2,190,
6224,2121,18,2,310,8
6225,2122,30,1,210,8
6226,2122,12,2,260,8
6227,2123,30,2,210,5
6228,2123,15,2,195,5
6229,2123,20,2,115,5
6230,2123,8,3,680,5
6231,2124,14,1,780,7
6232,2124,2,2,210,7
6233,2124,17,3,145,7
6234,2124,9,2,520,7
6235,2124,10,2,180,7
6236,2125,17,2,145,1
6237,2125,4,2,160,1
6238,2125,12,2,260,1
6239,2126,24,3,190,10
6240,2126,30,2,210,10
6241,2127,15,3,195,3
6242,2128,24,2,190,
6243,2128,23,1,145,
6244,2128,29,1,155,
6245,2128,22,3,170,
6246,2129,8,1,680,10
6247,2129,18,2,310,10
6248,2129,2,1,210,10
6249,2129,25,1,130,10
6250,2129,2,3,210,10
6251,2130,7,2,420,1
6252,2130,5,3,340,1
6253,2130,14,2,780,1
6254,2130,31,3,135,1
6255,2131,28,3,520,8
6256,2131,1,1,125,8
6257,2131,6,3,275,8
6258,2132,7,2,420,6
6259,2132,18,3,310,6
6260,2132,14,2,780,6
6261,2132,7,1,420,6
6262,2132,19,3,89,6
6263,2133,19,1,89,9
6264,2134,13,1,220,5
6265,2134,25,1,130,5
6266,2134,13,3,220,5
6267,2134,25,2,130,5
6268,2135,17,2,145,11
6269,2135,25,1,130,11
6270,2135,2,1,210,11
6271,2136,1,2,125,
6272,2136,18,3,310,
6273,2136,15,1,195,
6274,2136,20,2,115,
6275,2137,13,3,220,12
6276,2137,19,1,89,12
6277,2137,5,2,340,12
6278,2137,4,3,160,12
6279,2137,24,3,190,12
6280,2138,14,3,780,4
6281,2138,2,2,210,4
6282,2138,29,3,155,4
6283,2138,5,3,340,4
6284,2139,5,1,340,8
6285,2139,14,3,780,8
6286,2140,4,3,160,12
6287,2140,27,3,640,12
6288,2140,10,1,180,12
6289,2140,10,3,180,12
6290,2141,1,3,125,10
6291,2142,30,1,210,9
6292,2142,30,3,210,9
6293,2142,21,2,185,9
6294,2143,31,1,135,5
6295,2143,22,3,170,5
6296,2143,11,3,140,5
6297,2143,1,3,125,5
6298,2143,12,2,260,5
6299,2144,2,1,210,
6300,2144,24,2,190,
6301,2144,26,2,360,
6302,2144,6,2,275,
6303,2145,19,3,89,12
6304,2145,6,1,275,12
6305,2145,12,1,260,12
6306,2145,22,1,170,12
6307,2145,19,2,89,12
6308,2146,31,1,135,11
6309,2146,5,2,340,11
6310,2147,20,2,115,9
6311,2147,29,3,155,9
6312,2147,23,2,145,9
6313,2148,12,1,260,2
6314,2149,6,2,275,8
6315,2149,20,1,115,8
6316,2149,12,1,260,8
6317,2150,23,3,145,11
6318,2150,28,1,520,11
6319,2150,15,3,195,11
6320,2151,22,3,170,10
6321,2151,17,3,145,10
6322,2152,2,1,210,
6323,2153,16,1,240,12
6324,2154,9,3,520,1
6325,2155,25,1,130,1
6326,2156,19,3,89,6
6327,2156,22,2,170,6
6328,2157,9,3,520,12
6329,2157,11,2,140,12
6330,2157,14,3,780,12
6331,2157,15,1,195,12
6332,2158,14,2,780,1
6333,2158,31,1,135,1
6334,2159,3,3,95,7
6335,2159,11,1,140,7
6336,2160,31,2,135,
6337,2160,2,3,210,
6338,2161,21,2,185,8
6339,2161,14,3,780,8
6340,2162,26,3,360,10
6341,2162,25,1,130,10
6342,2163,11,1,140,7
6343,2163,7,3,420,7
6344,2163,27,1,640,7
6345,2163,8,3,680,7
6346,2164,10,1,180,5
6347,2165,13,2,220,2
6348,2165,26,3,360,2
6349,2165,14,3,780,2
6350,2165,16,3,240,2
6351,2165,12,1,260,2
6352,2166,14,2,780,12
6353,2166,12,1,260,12
6354,2167,3,1,95,9
6355,2167,26,3,360,9
6356,2167,27,2,640,9
6357,2167,23,3,145,9
6358,2167,25,3,130,9
6359,2168,6,3,275,
6360,2168,7,2,420,
6361,2168,2,3,210,
6362,2169,17,2,145,4
6363,2169,30,3,210,4
6364,2170,26,3,360,7
6365,2170,15,2,195,7
6366,2170,15,3,195,7
6367,2171,30,1,210,3
6368,2171,9,2,520,3
6369,2171,29,3,155,3
6370,2172,20,1,115,5
6371,2172,31,2,135,5
6372,2172,8,1,680,5
6373,2172,7,1,420,5
6374,2172,7,3,420,5
6375,2173,1,1,125,3
6376,2173,27,1,640,3
6377,2174,2,1,210,3
6378,2174,1,3,125,3
6379,2174,2,1,210,3
6380,2175,19,2,89,3
6381,2175,16,3,240,3
6382,2176,8,1,680,
6383,2176,18,2,310,
6384,2176,13,1,220,
6385,2177,5,3,340,12
6386,2178,2,2,210,11
6387,2178,15,3,195,11
6388,2179,14,3,780,12
6389,2179,3,2,95,12
6390,2180,24,2,190,11
6391,2181,9,3,520,7
6392,2181,20,1,115,7
6393,2181,29,3,155,7
6394,2181,19,2,89,7
6395,2182,8,2,680,3
6396,2183,23,3,145,2
6397,2183,25,2,130,2
6398,2183,1,1,125,2
6399,2183,14,1,780,2
6400,2183,19,1,89,2
6401,2184,31,3,135,
6402,2185,25,1,130,7
6403,2185,18,3,310,7
6404,2185,6,1,275,7
6405,2186,31,2,135,6
6406,2187,5,2,340,3
6407,2188,16,2,240,8
6408,2188,3,3,95,8
6409,2188,19,1,89,8
6410,2188,28,2,520,8
6411,2188,24,3,190,8
6412,2189,14,3,780,12
6413,2189,5,2,340,12
6414,2189,19,2,89,12
6415,2189,1,1,125,12
6416,2189,28,3,520,12
6417,2190,10,1,180,8
6418,2190,14,3,780,8
6419,2191,11,2,140,6
6420,2191,11,3,140,6
6421,2192,20,2,115,
6422,2193,31,1,135,3
6423,2194,23,2,145,10
6424,2194,17,1,145,10
6425,2194,31,2,135,10
6426,2194,21,1,185,10
6427,2195,24,1,190,1
6428,2195,4,3,160,1
6429,2195,11,2,140,1
6430,2195,2,3,210,1
6431,2196,11,2,140,3
6432,2196,4,2,160,3
6433,2197,24,2,190,6
6434,2197,24,1,190,6
6435,2197,8,2,680,6
6436,2198,22,2,170,5
6437,2198,6,1,275,5
6438,2198,1,3,125,5
6439,2198,24,3,190,5
6440,2198,12,3,260,5
6441,2199,8,3,680,12
6442,2200,18,2,310,
6443,2200,8,1,680,
6444,2200,22,1,170,
6445,2200,13,2,220,
6446,2201,28,1,520,8
6447,2201,11,1,140,8
6448,2201,3,3,95,8
6449,2202,9,1,520,3
6450,2202,29,2,155,3
6451,2202,16,3,240,3
6452,2202,26,1,360,3
6453,2202,23,2,145,3
6454,2203,1,2,125,2
6455,2203,27,2,640,2
6456,2203,15,1,195,2
6457,2204,16,1,240,2
6458,2204,21,2,185,2
6459,2204,19,2,89,2
6460,2205,7,2,420,10
6461,2206,27,3,640,12
6462,2206,22,2,170,12
6463,2207,19,3,89,7
6464,2207,13,1,220,7
6465,2207,25,2,130,7
6466,2207,15,2,195,7
6467,2208,23,1,145,
6468,2208,7,3,420,
6469,2208,19,2,89,
6470,2208,23,2,145,
6471,2208,7,2,420,
6472,2209,18,1,310,7
6473,2209,22,2,170,7
6474,2209,25,1,130,7
6475,2210,15,1,195,1
6476,2210,13,2,220,1
6477,2210,2,3,210,1
6478,2211,7,3,420,11
6479,2211,6,1,275,11
6480,2211,22,1,170,11
6481,2212,21,3,185,5
6482,2212,5,3,340,5
6483,2213,14,1,780,3
6484,2213,29,2,155,3
6485,2213,27,2,640,3
6486,2213,4,1,160,3
6487,2213,27,3,640,3
6488,2214,25,3,130,12
6489,2214,1,3,125,12
6490,2214,1,1,125,12
6491,2214,16,2,240,12
6492,2215,28,1,520,11
6493,2215,15,3,195,11
6494,2215,30,1,210,11
6495,2216,1,3,125,
6496,2216,2,2,210,
6497,2216,14,1,780,
6498,2216,13,3,220,
6499,2217,19,3,89,8
6500,2218,30,1,210,10
6501,2218,30,3,210,10
6502,2218,12,1,260,10
6503,2218,25,2,130,10
6504,2219,23,1,145,10
6505,2219,15,2,195,10
6506,2219,5,3,340,10
6507,2219,14,1,780,10
6508,2220,9,1,520,11
6509,2220,29,1,155,11
6510,2220,17,1,145,11
6511,2220,19,2,89,11
6512,2220,15,2,195,11
6513,2221,20,1,115,2
6514,2221,11,3,140,2
6515,2221,20,3,115,2
6516,2221,12,3,260,2
6517,2222,4,2,160,4
6518,2222,6,1,275,4
6519,2222,30,2,210,4
6520,2222,3,2,95,4
6521,2222,2,3,210,4
6522,2223,18,2,310,2
6523,2224,13,3,220,
6524,2224,26,2,360,
6525,2225,17,2,145,8
6526,2225,27,2,640,8
6527,2225,9,2,520,8
6528,2225,30,3,210,8
6529,2225,7,2,420,8
6530,2226,6,3,275,2
6531,2226,30,1,210,2
6532,2226,21,1,185,2
6533,2227,8,3,680,6
6534,2227,6,3,275,6
6535,2228,12,3,260,7
6536,2228,21,3,185,7
6537,2228,16,2,240,7
6538,2229,14,1,780,9
6539,2229,11,2,140,9
6540,2229,8,2,680,9
6541,2229,27,1,640,9
6542,2230,14,1,780,1
6543,2230,19,3,89,1
6544,2230,5,3,340,1
6545,2230,23,3,145,1
6546,2230,20,2,115,1
6547,2231,28,2,520,7
6548,2231,8,2,680,7
6549,2231,8,2,680,7
6550,2231,23,2,145,7
6551,2231,26,2,360,7
6552,2232,30,3,210,
6553,2232,23,2,145,
6554,2232,11,1,140,
6555,2232,2,3,210,
6556,2232,26,2,360,
6557,2233,30,2,210,9
6558,2233,20,3,115,9
6559,2233,4,1,160,9
6560,2233,17,3,145,9
6561,2234,8,3,680,11
6562,2234,1,3,125,11
6563,2235,17,1,145,1
6564,2235,30,1,210,1
6565,2235,8,3,680,1
6566,2236,4,3,160,6
6567,2236,19,3,89,6
6568,2237,11,1,140,8
6569,2237,31,3,135,8
6570,2238,24,3,190,6
6571,2238,2,2,210,6
6572,2238,20,2,115,6
6573,2238,19,3,89,6
6574,2238,15,3,195,6
6575,2239,16,1,240,12
6576,2239,20,2,115,12
6577,2240,21,3,185,
6578,2240,22,2,170,
6579,2240,4,3,160,
6580,2241,8,2,680,2
6581,2241,19,1,89,2
6582,2241,8,2,680,2
6583,2242,27,2,640,6
6584,2242,29,3,155,6
6585,2242,6,1,275,6
6586,2242,15,2,195,6
6587,2243,24,3,190,11
6588,2243,23,3,145,11
6589,2243,7,3,420,11
6590,2243,1,1,125,11
6591,2244,2,3,210,3
6592,2244,27,2,640,3
6593,2244,2,2,210,3
6594,2244,16,1,240,3
6595,2244,5,1,340,3
6596,2245,18,1,310,7
6597,2245,4,1,160,7
6598,2246,30,3,210,8
6599,2247,19,3,89,5
6600,2247,23,2,145,5
6601,2247,1,1,125,5
6602,2247,27,3,640,5
6603,2248,5,3,340,
6604,2248,5,3,340,
6605,2248,9,2,520,
6606,2248,12,1,260,
6607,2249,14,1,780,12
6608,2249,13,2,220,12
6609,2249,9,3,520,12
6610,2250,29,1,155,10
6611,2250,23,2,145,10
6612,2250,22,1,170,10
6613,2251,8,3,680,2
6614,2251,10,1,180,2
6615,2251,5,1,340,2
6616,2251,5,1,340,2
6617,2252,3,1,95,5
6618,2253,17,2,145,1
6619,2253,26,2,360,1
6620,2253,6,2,275,1
6621,2253,30,3,210,1
6622,2254,26,2,360,10
6623,2254,27,2,640,10
6624,2255,4,3,160,2
6625,2255,12,2,260,2
6626,2255,27,1,640,2
6627,2255,14,1,780,2
6628,2256,12,1,260,
6629,2257,20,2,115,7
6630,2257,4,2,160,7
6631,2257,17,1,145,7
6632,2257,30,2,210,7
6633,2257,22,2,170,7
6634,2258,23,1,145,11
6635,2259,10,1,180,8
6636,2259,1,1,125,8
6637,2260,7,1,420,2
6638,2260,4,1,160,2
6639,2260,18,1,310,2
6640,2261,15,3,195,10
6641,2261,15,2,195,10
6642,2261,6,2,275,10
6643,2261,1,2,125,10
6644,2262,18,3,310,6
6645,2262,22,3,170,6
6646,2262,26,1,360,6
6647,2262,6,3,275,6
6648,2262,2,1,210,6
6649,2263,30,2,210,1
6650,2263,15,3,195,1
6651,2263,13,2,220,1
6652,2263,27,2,640,1
6653,2263,16,3,240,1
6654,2264,28,1,520,
6655,2264,19,2,89,
6656,2264,10,1,180,
6657,2265,11,3,140,12
6658,2266,24,1,190,5
6659,2266,6,2,275,5
6660,2266,8,1,680,5
6661,2266,30,3,210,5
6662,2267,18,2,310,3
6663,2268,28,1,520,4
6664,2268,27,1,640,4
6665,2268,16,3,240,4
6666,2268,14,1,780,4
6667,2269,31,2,135,8
6668,2269,10,1,180,8
6669,2269,23,1,145,8
6670,2269,18,3,310,8
6671,2269,10,2,180,8
6672,2270,27,3,640,2
6673,2270,16,1,240,2
6674,2271,25,3,130,10
6675,2272,2,2,210,
6676,2273,10,3,180,5
6677,2274,8,3,680,4
6678,2275,11,3,140,2
6679,2275,6,3,275,2
6680,2275,13,3,220,2
6681,2275,24,2,190,2
6682,2275,29,1,155,2
6683,2276,17,1,145,4
6684,2276,22,3,170,4
6685,2277,13,3,220,3
6686,2277,26,2,360,3
6687,2278,2,2,210,6
6688,2278,31,2,135,6
6689,2278,19,2,89,6
6690,2278,23,1,145,6
6691,2279,6,3,275,6
6692,2280,18,2,310,
6693,2281,12,1,260,10
6694,2282,3,3,95,5
6695,2282,1,3,125,5
6696,2282,9,2,520,5
6697,2283,5,3,340,12
6698,2283,28,3,520,12
6699,2283,22,1,170,12
6700,2284,17,2,145,2
6701,2284,6,2,275,2
6702,2284,26,3,360,2
6703,2284,23,2,145,2
6704,2285,21,2,185,7
6705,2286,13,3,220,7
6706,2286,14,1,780,7
6707,2286,21,2,185,7
6708,2286,24,2,190,7
6709,2286,15,2,195,7
6710,2287,4,3,160,9
6711,2287,26,2,360,9
6712,2287,12,1,260,9
6713,2287,12,1,260,9
6714,2288,15,1,195,
6715,2288,9,1,520,
6716,2288,5,3,340,
6717,2289,19,2,89,7
6718,2289,18,3,310,7
6719,2289,25,2,130,7
6720,2289,19,2,89,7
6721,2290,5,3,340,4
6722,2290,16,1,240,4
6723,2290,29,3,155,4
6724,2290,19,3,89,4
6725,2290,26,1,360,4
6726,2291,29,2,155,1
6727,2291,23,3,145,1
6728,2291,23,1,145,1
6729,2292,17,1,145,11
6730,2292,14,3,780,11
6731,2292,7,3,420,11
6732,2293,21,1,185,9
6733,2293,29,2,155,9
6734,2293,15,3,195,9
6735,2294,29,2,155,2
6736,2294,7,1,420,2
6737,2294,18,3,310,2
6738,2294,29,3,155,2
6739,2295,12,2,260,4
6740,2295,29,3,155,4
6741,2295,20,2,115,4
6742,2295,21,2,185,4
6743,2296,1,3,125,
6744,2297,14,2,780,7
6745,2298,22,2,170,1
6746,2299,20,2,115,1
6747,2299,25,3,130,1
6748,2300,5,2,340,5
6749,2300,13,1,220,5
6750,2300,27,2,640,5
6751,2300,9,2,520,5
6752,2301,29,2,155,10
6753,2302,24,2,190,3
6754,2302,12,1,260,3
6755,2303,8,3,680,1
6756,2303,10,3,180,1
6757,2303,22,3,170,1
6758,2303,10,1,180,1
6759,2304,11,1,140,
6760,2304,26,2,360,
6761,2304,28,3,520,
6762,2304,15,2,195,
6763,2304,2,3,210,
6764,2305,17,3,145,12
6765,2305,3,1,95,12
6766,2306,28,2,520,3
6767,2306,19,2,89,3
6768,2306,29,2,155,3
6769,2306,2,2,210,3
6770,2307,22,2,170,7
6771,2308,7,1,420,5
6772,2309,5,1,340,12
6773,2309,13,3,220,12
6774,2309,25,2,130,12
6775,2309,11,3,140,12
6776,2310,5,3,340,5
6777,2310,2,2,210,5
6778,2310,3,2,95,5
6779,2310,19,3,89,5
6780,2310,27,2,640,5
6781,2311,16,3,240,3
6782,2311,24,3,190,3
6783,2311,2,3,210,3
6784,2312,21,2,185,
6785,2312,5,3,340,
6786,2312,24,1,190,
6787,2313,15,1,195,5
6788,2313,22,2,170,5
6789,2313,17,1,145,5
6790,2314,8,3,680,1
6791,2314,29,2,155,1
6792,2314,12,3,260,1
6793,2314,16,2,240,1
6794,2314,5,1,340,1
6795,2315,3,3,95,7
6796,2315,5,1,340,7
6797,2315,10,2,180,7
6798,2316,29,1,155,1
6799,2316,26,2,360,1
6800,2316,21,1,185,1
6801,2316,29,1,155,1
6802,2316,5,1,340,1
6803,2317,24,2,190,5
6804,2317,8,3,680,5
6805,2317,7,2,420,5
6806,2317,28,1,520,5
6807,2317,15,2,195,5
6808,2318,13,3,220,2
6809,2318,15,1,195,2
6810,2318,21,3,185,2
6811,2318,6,3,275,2
6812,2318,18,3,310,2
6813,2319,10,3,180,4
6814,2319,17,2,145,4
6815,2319,12,2,260,4
6816,2319,5,1,340,4
6817,2319,16,2,240,4
6818,2320,24,1,190,
6819,2320,23,1,145,
6820,2320,3,2,95,
6821,2320,29,1,155,
6822,2321,29,1,155,12
6823,2321,29,2,155,12
6824,2321,25,1,130,12
6825,2322,7,2,420,2
6826,2322,2,1,210,2
6827,2322,20,3,115,2
6828,2322,8,3,680,2
6829,2322,7,1,420,2
6830,2323,25,1,130,9
6831,2323,21,1,185,9
6832,2324,9,1,520,11
6833,2324,18,1,310,11
6834,2324,18,1,310,11
6835,2324,27,2,640,11
6836,2324,1,3,125,11
6837,2325,24,1,190,12
6838,2325,5,1,340,12
6839,2326,17,2,145,8
6840,2326,2,1,210,8
6841,2326,13,2,220,8
6842,2326,22,1,170,8
6843,2327,29,1,155,10
6844,2327,26,2,360,10
6845,2327,18,1,310,10
6846,2327,18,2,310,10
6847,2328,9,1,520,
6848,2328,22,1,170,
6849,2329,23,1,145,12
6850,2330,25,3,130,2
6851,2330,27,3,640,2
6852,2331,15,3,195,1
6853,2331,10,2,180,1
6854,2331,18,1,310,1
6855,2331,27,3,640,1
6856,2331,11,3,140,1
6857,2332,22,3,170,9
6858,2332,31,1,135,9
6859,2332,31,2,135,9
6860,2332,4,2,160,9
6861,2332,5,1,340,9
6862,2333,26,1,360,2
6863,2333,23,1,145,2
6864,2333,21,1,185,2
6865,2334,3,3,95,1
6866,2334,21,3,185,1
6867,2334,19,1,89,1
6868,2335,1,3,125,12
6869,2335,18,1,310,12
6870,2336,20,2,115,
6871,2336,1,2,125,
6872,2336,11,3,140,
6873,2336,5,3,340,
6874,2336,8,3,680,
6875,2337,29,1,155,1
6876,2338,23,3,145,4
6877,2338,7,1,420,4
6878,2339,12,3,260,7
6879,2339,2,2,210,7
6880,2339,3,3,95,7
6881,2339,7,1,420,7
6882,2340,2,2,210,8
6883,2340,11,3,140,8
6884,2340,30,2,210,8
6885,2340,27,2,640,8
6886,2341,11,2,140,12
6887,2341,2,1,210,12
6888,2342,10,1,180,4
6889,2342,26,3,360,4
6890,2342,21,3,185,4
6891,2342,19,1,89,4
6892,2343,20,1,115,7
6893,2344,16,1,240,
6894,2344,22,3,170,
6895,2344,2,3,210,
6896,2344,20,1,115,
6897,2345,3,2,95,8
6898,2345,20,3,115,8
6899,2345,16,2,240,8
6900,2346,19,1,89,1
6901,2346,29,1,155,1
6902,2346,29,3,155,1
6903,2347,19,1,89,5
6904,2347,23,3,145,5
6905,2348,17,2,145,8
6906,2349,1,2,125,9
6907,2349,22,2,170,9
6908,2349,17,1,145,9
6909,2349,24,2,190,9
6910,2349,10,2,180,9
6911,2350,29,1,155,10
6912,2350,30,3,210,10
6913,2350,25,2,130,10
6914,2350,24,2,190,10
6915,2351,9,3,520,7
6916,2351,12,2,260,7
6917,2352,12,3,260,
6918,2352,21,1,185,
6919,2352,18,3,310,
6920,2352,6,2,275,
6921,2352,29,1,155,
6922,2353,20,3,115,7
6923,2354,8,3,680,11
6924,2354,18,1,310,11
6925,2354,10,1,180,11
6926,2354,7,1,420,11
6927,2355,26,2,360,6
6928,2355,29,3,155,6
6929,2355,31,2,135,6
6930,2356,22,3,170,4
6931,2356,19,1,89,4
6932,2356,11,2,140,4
6933,2356,7,3,420,4
6934,2357,28,1,520,12
6935,2357,25,3,130,12
6936,2357,11,2,140,12
6937,2357,14,2,780,12
6938,2357,29,2,155,12
6939,2358,20,3,115,12
6940,2359,15,1,195,4
6941,2359,9,1,520,4
6942,2359,1,1,125,4
6943,2360,2,2,210,
6944,2361,29,2,155,11
6945,2361,23,3,145,11
6946,2361,1,2,125,11
6947,2361,24,2,190,11
6948,2362,26,3,360,5
6949,2362,5,3,340,5
6950,2362,28,2,520,5
6951,2362,29,2,155,5
6952,2362,22,3,170,5
6953,2363,28,3,520,2
6954,2363,5,1,340,2
6955,2364,27,3,640,7
6956,2364,23,3,145,7
6957,2364,31,2,135,7
6958,2365,27,1,640,2
6959,2366,2,2,210,6
6960,2366,16,1,240,6
6961,2367,16,2,240,7
6962,2367,19,3,89,7
6963,2367,13,1,220,7
6964,2368,3,3,95,
6965,2369,4,1,160,9
6966,2369,29,3,155,9
6967,2369,23,3,145,9
6968,2370,3,2,95,11
6969,2370,25,1,130,11
6970,2370,22,1,170,11
6971,2370,6,3,275,11
6972,2370,23,1,145,11
6973,2371,15,1,195,2
6974,2371,19,1,89,2
6975,2371,1,1,125,2
6976,2371,10,2,180,2
6977,2372,30,1,210,1
6978,2372,1,2,125,1
6979,2372,4,3,160,1
6980,2372,21,3,185,1
6981,2373,12,3,260,4
6982,2373,13,3,220,4
6983,2373,25,3,130,4
6984,2373,24,3,190,4
6985,2374,9,1,520,6
6986,2374,31,2,135,6
6987,2375,21,3,185,3
6988,2376,28,1,520,
6989,2376,14,3,780,
6990,2376,4,1,160,
6991,2376,14,2,780,
6992,2377,11,3,140,5
6993,2377,4,1,160,5
6994,2377,3,1,95,5
6995,2378,6,1,275,5
6996,2379,27,1,640,3
6997,2380,19,2,89,11
6998,2380,4,3,160,11
6999,2381,28,2,520,7
7000,2381,25,2,130,7
7001,2381,9,1,520,7
7002,2381,31,1,135,7
7003,2381,31,3,135,7
7004,2382,7,1,420,7
7005,2382,24,2,190,7
7006,2382,5,1,340,7
7007,2383,26,1,360,4
7008,2383,17,1,145,4
7009,2383,17,3,145,4
7010,2384,24,1,190,
7011,2384,25,1,130,
7012,2384,31,1,135,
7013,2384,1,2,125,
7014,2385,31,1,135,6
7015,2385,16,2,240,6
7016,2385,24,3,190,6
7017,2386,24,3,190,8
7018,2386,9,3,520,8
7019,2386,8,2,680,8
7020,2387,12,3,260,5
7021,2387,11,2,140,5
7022,2387,26,3,360,5
7023,2387,6,1,275,5
7024,2387,31,2,135,5
7025,2388,11,2,140,10
7026,2388,14,1,780,10
7027,2388,1,1,125,10
7028,2388,18,2,310,10
7029,2389,24,1,190,1
7030,2389,30,1,210,1
7031,2389,31,2,135,1
7032,2389,4,2,160,1
7033,2390,21,2,185,7
7034,2390,1,1,125,7
7035,2390,24,2,190,7
7036,2390,8,3,680,7
7037,2390,3,3,95,7
7038,2391,5,2,340,8
7039,2391,4,1,160,8
7040,2391,13,2,220,8
7041,2391,25,3,130,8
7042,2392,24,1,190,
7043,2393,25,3,130,11
7044,2394,25,2,130,1
7045,2394,15,2,195,1
7046,2394,1,3,125,1
7047,2395,20,2,115,12
7048,2395,6,2,275,12
7049,2395,31,1,135,12
7050,2396,2,1,210,8
7051,2396,19,1,89,8
7052,2396,31,1,135,8
7053,2396,6,3,275,8
7054,2397,23,2,145,10
7055,2397,8,2,680,10
7056,2397,26,2,360,10
7057,2397,1,3,125,10
7058,2397,15,2,195,10
7059,2398,8,1,680,4
7060,2398,8,1,680,4
7061,2398,22,2,170,4
7062,2398,2,1,210,4
7063,2398,30,2,210,4
7064,2399,11,3,140,8
7065,2399,6,3,275,8
7066,2399,25,2,130,8
7067,2399,10,2,180,8
7068,2399,17,2,145,8
7069,2400,2,1,210,
7070,2401,3,3,95,3
7071,2401,28,3,520,3
7072,2401,14,3,780,3
7073,2402,13,1,220,7
7074,2403,21,3,185,8
7075,2403,24,3,190,8
7076,2403,28,2,520,8
7077,2404,25,2,130,12
7078,2404,16,1,240,12
7079,2405,5,3,340,10
7080,2405,20,2,115,10
7081,2405,16,1,240,10
7082,2405,14,2,780,10
7083,2405,28,3,520,10
7084,2406,12,1,260,11
7085,2406,12,1,260,11
7086,2406,29,3,155,11
7087,2407,6,1,275,11
7088,2407,20,2,115,11
7089,2407,17,2,145,11
7090,2407,30,1,210,11
7091,2407,2,1,210,11
7092,2408,19,1,89,
7093,2409,19,3,89,1
7094,2409,16,3,240,1
7095,2409,23,3,145,1
7096,2409,17,2,145,1
7097,2409,16,3,240,1
7098,2410,10,3,180,8
7099,2410,19,1,89,8
7100,2410,3,3,95,8
7101,2411,31,2,135,1
7102,2412,21,1,185,6
7103,2412,31,1,135,6
7104,2412,25,3,130,6
7105,2412,20,1,115,6
7106,2413,28,3,520,11
7107,2413,3,1,95,11
7108,2413,7,2,420,11
7109,2413,11,1,140,11
7110,2414,3,1,95,5
7111,2414,6,3,275,5
7112,2414,20,2,115,5
7113,2414,27,2,640,5
7114,2415,5,1,340,2
7115,2415,26,2,360,2
7116,2415,26,2,360,2
7117,2416,16,2,240,
7118,2416,2,1,210,
7119,2416,20,3,115,
7120,2416,29,2,155,
7121,2416,6,1,275,
7122,2417,20,3,115,5
7123,2417,20,1,115,5
7124,2417,28,3,520,5
7125,2418,28,3,520,2
7126,2418,27,1,640,2
7127,2418,3,1,95,2
7128,2418,27,2,640,2
7129,2419,28,2,520,3
7130,2419,15,2,195,3
7131,2419,10,3,180,3
7132,2419,31,2,135,3
7133,2420,1,2,125,12
7134,2420,23,1,145,12
7135,2420,6,1,275,12
7136,2420,11,3,140,12
7137,2421,23,1,145,9
7138,2421,9,2,520,9
7139,2421,13,3,220,9
7140,2421,6,2,275,9
7141,2421,20,3,115,9
7142,2422,29,1,155,3
7143,2422,19,2,89,3
7144,2422,24,1,190,3
7145,2423,26,1,360,1
7146,2423,15,2,195,1
7147,2424,1,3,125,
7148,2425,7,2,420,4
7149,2425,22,3,170,4
7150,2425,16,1,240,4
7151,2425,7,3,420,4
7152,2426,14,3,780,5
7153,2426,25,2,130,5
7154,2427,30,1,210,3
7155,2427,12,1,260,3
7156,2428,19,2,89,3
7157,2428,22,2,170,3
7158,2428,27,1,640,3
7159,2428,18,1,310,3
7160,2429,5,1,340,4
7161,2429,21,3,185,4
7162,2429,27,1,640,4
7163,2430,14,2,780,2
7164,2431,10,2,180,7
7165,2431,27,2,640,7
7166,2431,12,1,260,7
7167,2431,21,1,185,7
7168,2431,19,1,89,7
7169,2432,4,3,160,
7170,2432,28,1,520,
7171,2433,30,3,210,12
7172,2433,8,1,680,12
7173,2433,6,2,275,12
7174,2433,18,1,310,12
7175,2433,5,2,340,12
7176,2434,1,1,125,5
7177,2434,21,2,185,5
7178,2434,23,2,145,5
7179,2434,11,1,140,5
7180,2434,23,1,145,5
7181,2435,18,2,310,7
7182,2436,3,1,95,1
7183,2436,14,2,780,1
7184,2436,2,1,210,1
7185,2437,15,1,195,3
7186,2437,16,2,240,3
7187,2437,25,3,130,3
7188,2438,30,2,210,12
7189,2438,4,1,160,12
7190,2439,3,2,95,7
7191,2440,27,3,640,
7192,2441,31,1,135,6
7193,2442,29,1,155,5
7194,2442,21,3,185,5
7195,2443,21,3,185,10
7196,2444,19,1,89,11
7197,2445,17,3,145,11
7198,2445,9,1,520,11
7199,2446,13,1,220,7
7200,2446,16,1,240,7
7201,2446,17,2,145,7
7202,2447,17,1,145,6
7203,2447,2,2,210,6
7204,2447,6,3,275,6
7205,2447,15,3,195,6
7206,2447,29,1,155,6
7207,2448,10,1,180,
7208,2448,29,2,155,
7209,2448,19,3,89,
7210,2448,20,2,115,
7211,2449,24,2,190,2
7212,2449,19,3,89,2
7213,2449,30,3,210,2
7214,2449,23,1,145,2
7215,2450,30,1,210,3
7216,2450,13,3,220,3
7217,2450,13,3,220,3
7218,2450,14,2,780,3
7219,2451,9,3,520,6
7220,2451,12,2,260,6
7221,2451,5,3,340,6
7222,2451,12,1,260,6
7223,2452,16,3,240,2
7224,2453,7,2,420,4
7225,2454,18,3,310,12
7226,2454,17,3,145,12
7227,2454,9,3,520,12
7228,2455,2,2,210,10
7229,2455,11,1,140,10
7230,2455,28,3,520,10
7231,2455,17,3,145,10
7232,2455,27,2,640,10
7233,2456,26,2,360,
7234,2456,11,2,140,
7235,2456,7,2,420,
7236,2457,8,1,680,9
7237,2457,15,2,195,9
7238,2457,29,1,155,9
7239,2458,1,2,125,12
7240,2458,23,3,145,12
7241,2459,6,2,275,6
7242,2459,4,2,160,6
7243,2460,8,3,680,1
7244,2461,25,1,130,10
7245,2461,11,3,140,10
7246,2461,20,3,115,10
7247,2461,2,2,210,10
7248,2462,10,2,180,3
7249,2462,14,3,780,3
7250,2463,12,3,260,9
7251,2463,29,1,155,9
7252,2463,21,1,185,9
7253,2463,5,1,340,9
7254,2463,25,1,130,9
7255,2464,4,2,160,
7256,2464,24,3,190,
7257,2464,29,2,155,
7258,2464,8,3,680,
7259,2465,4,3,160,9
7260,2465,29,2,155,9
7261,2465,7,1,420,9
7262,2466,31,1,135,2
7263,2466,14,1,780,2
7264,2466,15,1,195,2
7265,2466,8,3,680,2
7266,2467,20,2,115,11
7267,2467,29,2,155,11
7268,2467,16,3,240,11
7269,2468,26,1,360,5
7270,2468,27,1,640,5
7271,2468,26,3,360,5
7272,2468,19,2,89,5
7273,2469,5,3,340,1
7274,2469,20,1,115,1
7275,2470,5,1,340,6
7276,2470,12,2,260,6
7277,2470,1,3,125,6
7278,2470,1,3,125,6
7279,2470,26,3,360,6
7280,2471,2,2,210,4
7281,2471,8,1,680,4
7282,2472,22,3,170,
7283,2472,23,3,145,
7284,2472,4,1,160,
7285,2473,8,1,680,9
7286,2473,8,3,680,9
7287,2473,26,2,360,9
7288,2473,22,3,170,9
7289,2473,13,2,220,9
7290,2474,5,3,340,12
7291,2475,15,3,195,7
7292,2475,1,3,125,7
7293,2475,16,2,240,7
7294,2475,29,1,155,7
7295,2475,1,3,125,7
7296,2476,3,2,95,11
7297,2477,21,3,185,10
7298,2477,23,2,145,10
7299,2477,15,2,195,10
7300,2477,19,2,89,10
7301,2478,2,2,210,11
7302,2478,29,3,155,11
7303,2478,18,2,310,11
7304,2478,29,1,155,11
7305,2478,27,2,640,11
7306,2479,25,1,130,8
7307,2479,11,2,140,8
7308,2479,31,2,135,8
7309,2480,18,1,310,
7310,2480,8,3,680,
7311,2480,29,1,155,
7312,2480,3,1,95,
7313,2480,30,3,210,
7314,2481,5,1,340,11
7315,2481,19,2,89,11
7316,2481,17,1,145,11
7317,2482,18,1,310,1
7318,2482,14,3,780,1
7319,2482,21,2,185,1
7320,2483,22,3,170,6
7321,2483,1,3,125,6
7322,2484,7,2,420,6
7323,2484,15,1,195,6
7324,2484,31,1,135,6
7325,2485,14,2,780,7
7326,2485,31,3,135,7
7327,2485,10,2,180,7
7328,2486,7,2,420,7
7329,2486,21,3,185,7
7330,2486,27,2,640,7
7331,2487,10,1,180,8
7332,2488,23,1,145,
7333,2489,3,2,95,8
7334,2489,25,3,130,8
7335,2489,10,3,180,8
7336,2490,17,3,145,9
7337,2490,7,1,420,9
7338,2490,10,3,180,9
7339,2490,24,2,190,9
7340,2490,24,2,190,9
7341,2491,26,1,360,4
7342,2491,5,3,340,4
7343,2491,10,1,180,4
7344,2491,30,3,210,4
7345,2491,7,2,420,4
7346,2492,19,1,89,12
7347,2492,25,1,130,12
7348,2493,2,3,210,8
7349,2493,15,2,195,8
7350,2493,13,2,220,8
7351,2494,27,2,640,10
7352,2494,27,1,640,10
7353,2494,1,2,125,10
7354,2495,13,1,220,4
7355,2495,5,3,340,4
7356,2496,6,3,275,
7357,2496,14,1,780,
7358,2497,20,3,115,11
7359,2497,18,2,310,11
7360,2497,21,2,185,11
7361,2497,26,3,360,11
7362,2498,8,2,680,5
7363,2498,18,1,310,5
7364,2498,1,1,125,5
7365,2498,31,1,135,5
7366,2498,11,1,140,5
7367,2499,10,1,180,2
7368,2499,20,2,115,2
7369,2499,11,3,140,2
7370,2500,14,1,780,4
7371,2500,21,1,185,4
7372,2501,11,3,140,12
7373,2501,10,1,180,12
7374,2501,26,2,360,12
7375,2501,18,1,310,12
7376,2501,28,2,520,12
7377,2502,27,1,640,7
7378,2503,12,1,260,2
7379,2503,5,2,340,2
7380,2503,26,3,360,2
7381,2504,9,2,520,
7382,2504,11,1,140,
7383,2504,26,3,360,
7384,2504,13,1,220,
7385,2505,27,1,640,11
7386,2505,24,2,190,11
7387,2505,16,2,240,11
7388,2506,15,2,195,3
7389,2506,27,2,640,3
7390,2506,25,2,130,3
7391,2506,5,2,340,3
7392,2507,26,1,360,1
7393,2507,19,2,89,1
7394,2507,12,1,260,1
7395,2508,23,2,145,3
7396,2508,6,2,275,3
7397,2508,9,3,520,3
7398,2508,15,1,195,3
7399,2508,28,1,520,3
7400,2509,1,3,125,5
7401,2509,14,3,780,5
7402,2510,17,2,145,7
7403,2511,17,1,145,6
7404,2511,10,3,180,6
7405,2511,17,3,145,6
7406,2511,10,2,180,6
7407,2512,21,1,185,
7408,2512,25,3,130,
7409,2512,18,3,310,
7410,2512,5,1,340,
7411,2512,18,1,310,
7412,2513,26,1,360,12
7413,2513,2,2,210,12
7414,2513,30,2,210,12
7415,2513,3,1,95,12
7416,2513,17,2,145,12
7417,2514,30,1,210,8
7418,2514,24,1,190,8
7419,2515,5,3,340,3
7420,2515,31,1,135,3
7421,2515,26,2,360,3
7422,2515,24,2,190,3
7423,2516,26,3,360,2
7424,2516,26,3,360,2
7425,2517,21,1,185,9
7426,2518,31,1,135,12
7427,2518,16,2,240,12
7428,2519,15,1,195,11
7429,2519,22,2,170,11
7430,2520,30,3,210,
7431,2520,23,1,145,
7432,2520,9,1,520,
7433,2521,22,1,170,7
7434,2521,13,3,220,7
7435,2521,7,3,420,7
7436,2521,29,2,155,7
7437,2521,18,1,310,7
7438,2522,8,2,680,6
7439,2522,8,1,680,6
7440,2522,31,2,135,6
7441,2522,24,1,190,6
7442,2522,18,2,310,6
7443,2523,14,2,780,8
7444,2523,26,2,360,8
7445,2523,12,3,260,8
7446,2523,24,1,190,8
7447,2523,2,3,210,8
7448,2524,30,1,210,3
7449,2524,8,2,680,3
7450,2525,21,1,185,9
7451,2525,4,2,160,9
7452,2525,7,3,420,9
7453,2526,30,2,210,1
7454,2526,13,1,220,1
7455,2527,14,1,780,6
7456,2527,13,2,220,6
7457,2527,13,1,220,6
7458,2528,5,2,340,
7459,2528,13,2,220,
7460,2528,6,1,275,
7461,2528,9,2,520,
7462,2528,24,2,190,
7463,2529,11,2,140,6
7464,2529,21,1,185,6
7465,2529,15,3,195,6
7466,2529,27,2,640,6
7467,2530,12,3,260,6
7468,2530,22,1,170,6
7469,2530,18,3,310,6
7470,2531,25,2,130,1
7471,2531,6,1,275,1
7472,2532,20,3,115,10
7473,2532,30,2,210,10
7474,2532,10,3,180,10
7475,2532,2,2,210,10
7476,2532,13,3,220,10
7477,2533,30,1,210,7
7478,2534,1,2,125,1
7479,2534,14,3,780,1
7480,2534,14,1,780,1
7481,2534,18,3,310,1
7482,2534,18,1,310,1
7483,2535,24,2,190,5
7484,2535,5,1,340,5
7485,2535,26,3,360,5
7486,2536,21,2,185,
7487,2536,19,3,89,
7488,2536,5,1,340,
7489,2536,8,3,680,
7490,2536,7,2,420,
7491,2537,15,2,195,7
7492,2537,6,2,275,7
7493,2537,9,1,520,7
7494,2538,6,1,275,4
7495,2538,21,2,185,4
7496,2538,24,3,190,4
7497,2538,6,3,275,4
7498,2538,6,3,275,4
7499,2539,11,1,140,9
7500,2539,14,2,780,9
7501,2540,20,1,115,7
7502,2541,8,3,680,7
7503,2541,14,3,780,7
7504,2541,15,1,195,7
7505,2542,20,2,115,5
7506,2543,15,2,195,2
7507,2543,5,3,340,2
7508,2543,28,3,520,2
7509,2543,15,3,195,2
7510,2543,15,3,195,2
7511,2544,20,1,115,
7512,2545,30,2,210,5
7513,2545,26,3,360,5
7514,2545,17,2,145,5
7515,2545,11,2,140,5
7516,2545,16,3,240,5
7517,2546,28,1,520,3
7518,2546,18,3,310,3
7519,2547,20,2,115,5
7520,2547,20,2,115,5
7521,2547,11,3,140,5
7522,2548,9,2,520,10
7523,2548,22,3,170,10
7524,2548,15,1,195,10
7525,2549,16,2,240,5
7526,2549,17,3,145,5
7527,2550,22,2,170,10
7528,2551,11,1,140,8
7529,2552,4,3,160,
7530,2552,24,2,190,
7531,2552,14,1,780,
7532,2552,15,2,195,
7533,2552,5,3,340,
7534,2553,8,1,680,2
7535,2553,13,3,220,2
7536,2554,5,3,340,2
7537,2555,10,2,180,6
7538,2555,16,1,240,6
7539,2555,27,1,640,6
7540,2556,6,2,275,4
7541,2556,28,2,520,4
7542,2556,10,2,180,4
7543,2556,20,1,115,4
7544,2556,30,1,210,4
7545,2557,11,1,140,3
7546,2558,11,2,140,5
7547,2558,25,2,130,5
7548,2558,8,1,680,5
7549,2559,28,3,520,5
7550,2560,24,1,190,
7551,2561,10,1,180,11
7552,2561,8,2,680,11
7553,2561,3,3,95,11
7554,2562,1,1,125,10
7555,2562,21,1,185,10
7556,2562,15,3,195,10
7557,2562,31,2,135,10
7558,2562,20,1,115,10
7559,2563,1,2,125,1
7560,2563,15,3,195,1
7561,2564,5,2,340,11
7562,2564,31,3,135,11
7563,2565,21,1,185,4
7564,2565,24,2,190,4
7565,2565,30,1,210,4
7566,2565,25,1,130,4
7567,2566,11,3,140,8
7568,2566,26,2,360,8
7569,2567,18,2,310,12
7570,2567,28,1,520,12
7571,2567,5,1,340,12
7572,2567,26,3,360,12
7573,2567,8,2,680,12
7574,2568,30,3,210,
7575,2568,28,2,520,
7576,2569,2,2,210,7
7577,2569,11,1,140,7
7578,2570,21,1,185,11
7579,2570,27,2,640,11
7580,2570,27,2,640,11
7581,2571,28,3,520,9
7582,2571,29,2,155,9
7583,2571,20,1,115,9
7584,2571,10,1,180,9
7585,2571,13,2,220,9
7586,2572,14,2,780,8
7587,2572,31,1,135,8
7588,2573,27,1,640,3
7589,2574,19,3,89,12
7590,2574,9,3,520,12
7591,2574,14,3,780,12
7592,2574,15,1,195,12
7593,2574,2,2,210,12
7594,2575,11,1,140,9
7595,2575,28,2,520,9
7596,2575,28,2,520,9
7597,2576,1,2,125,
7598,2576,29,3,155,
7599,2577,2,3,210,6
7600,2577,10,1,180,6
7601,2577,9,1,520,6
7602,2578,21,1,185,7
7603,2578,26,2,360,7
7604,2578,30,1,210,7
7605,2579,30,1,210,9
7606,2579,10,3,180,9
7607,2579,30,1,210,9
7608,2579,25,1,130,9
7609,2580,5,2,340,11
7610,2581,7,1,420,10
7611,2581,27,3,640,10
7612,2581,5,2,340,10
7613,2581,20,3,115,10
7614,2581,8,1,680,10
7615,2582,5,2,340,12
7616,2583,11,1,140,7
7617,2583,29,2,155,7
7618,2584,29,2,155,
7619,2584,25,3,130,
7620,2584,2,1,210,
7621,2584,15,2,195,
7622,2584,6,3,275,
7623,2585,10,1,180,4
7624,2585,19,1,89,4
7625,2586,25,3,130,4
7626,2587,16,3,240,3
7627,2588,15,2,195,2
7628,2588,26,1,360,2
7629,2588,28,3,520,2
7630,2588,15,3,195,2
7631,2589,11,2,140,7
7632,2589,14,1,780,7
7633,2589,2,3,210,7
7634,2589,31,3,135,7
7635,2589,5,1,340,7
7636,2590,25,3,130,9
7637,2590,29,1,155,9
7638,2590,19,2,89,9
7639,2590,9,1,520,9
7640,2591,29,2,155,1
7641,2591,5,3,340,1
7642,2591,18,2,310,1
7643,2592,9,3,520,
7644,2592,14,1,780,
7645,2592,28,2,520,
7646,2592,4,2,160,
7647,2592,22,2,170,
7648,2593,2,3,210,8
7649,2593,9,3,520,8
7650,2593,10,1,180,8
7651,2594,21,1,185,4
7652,2594,31,2,135,4
7653,2594,27,1,640,4
7654,2595,15,3,195,3
7655,2596,7,2,420,3
7656,2596,2,3,210,3
7657,2596,11,2,140,3
7658,2597,28,1,520,8
7659,2597,2,3,210,8
7660,2597,12,3,260,8
7661,2597,27,2,640,8
7662,2598,15,2,195,8
7663,2599,5,1,340,11
7664,2599,27,1,640,11
7665,2600,3,3,95,
7666,2601,23,3,145,4
7667,2601,17,2,145,4
7668,2601,13,1,220,4
7669,2602,15,1,195,1
7670,2602,12,2,260,1
7671,2602,30,1,210,1
7672,2602,9,1,520,1
7673,2602,12,3,260,1
7674,2603,19,3,89,12
7675,2603,7,2,420,12
7676,2604,14,2,780,3
7677,2605,8,1,680,3
7678,2605,30,3,210,3
7679,2605,18,3,310,3
7680,2606,25,3,130,3
7681,2607,5,3,340,5
7682,2607,24,3,190,5
7683,2607,6,2,275,5
7684,2607,23,2,145,5
7685,2607,12,2,260,5
7686,2608,30,1,210,
7687,2608,11,1,140,
7688,2608,16,2,240,
7689,2608,24,1,190,
7690,2608,12,3,260,
7691,2609,29,3,155,2
7692,2609,7,3,420,2
7693,2609,5,2,340,2
7694,2609,17,1,145,2
7695,2609,15,3,195,2
7696,2610,16,1,240,12
7697,2610,9,2,520,12
7698,2610,3,2,95,12
7699,2610,17,1,145,12
7700,2611,5,2,340,4
7701,2611,9,3,520,4
7702,2611,16,2,240,4
7703,2611,26,1,360,4
7704,2611,14,1,780,4
7705,2612,25,3,130,6
7706,2612,3,3,95,6
7707,2612,1,1,125,6
7708,2613,19,3,89,6
7709,2613,30,1,210,6
7710,2613,12,2,260,6
7711,2613,16,3,240,6
7712,2613,30,2,210,6
7713,2614,24,2,190,11
7714,2614,15,2,195,11
7715,2614,20,3,115,11
7716,2614,29,1,155,11
7717,2615,28,3,520,12
7718,2616,1,1,125,
7719,2616,11,3,140,
7720,2617,17,1,145,9
7721,2617,4,1,160,9
7722,2617,31,3,135,9
7723,2617,23,3,145,9
7724,2617,15,1,195,9
7725,2618,20,3,115,12
7726,2619,17,2,145,3
7727,2619,3,3,95,3
7728,2619,1,3,125,3
7729,2619,26,1,360,3
7730,2620,26,2,360,1
7731,2620,27,3,640,1
7732,2620,5,1,340,1
7733,2620,29,1,155,1
7734,2621,28,2,520,1
7735,2621,24,1,190,1
7736,2622,6,2,275,1
7737,2622,14,1,780,1
7738,2623,22,3,170,7
7739,2623,28,1,520,7
7740,2623,20,1,115,7
7741,2623,11,2,140,7
7742,2623,17,1,145,7
7743,2624,15,3,195,
7744,2625,2,3,210,4
7745,2625,17,2,145,4
7746,2625,19,1,89,4
7747,2625,22,3,170,4
7748,2626,1,2,125,9
7749,2626,23,2,145,9
7750,2626,26,2,360,9
7751,2626,15,2,195,9
7752,2626,16,1,240,9
7753,2627,5,1,340,12
7754,2628,26,2,360,12
7755,2628,15,1,195,12
7756,2628,7,3,420,12
7757,2629,9,3,520,8
7758,2629,17,3,145,8
7759,2629,1,2,125,8
7760,2630,14,1,780,10
7761,2630,7,1,420,10
7762,2630,15,3,195,10
7763,2630,8,3,680,10
7764,2630,21,3,185,10
7765,2631,22,3,170,1
7766,2631,14,1,780,1
7767,2631,15,3,195,1
7768,2631,26,2,360,1
7769,2631,25,1,130,1
7770,2632,6,2,275,
7771,2632,10,2,180,
7772,2632,20,2,115,
7773,2632,13,1,220,
7774,2632,17,3,145,
7775,2633,18,1,310,5
7776,2633,4,3,160,5
7777,2633,16,2,240,5
7778,2633,12,2,260,5
7779,2633,21,1,185,5
7780,2634,1,2,125,1
7781,2634,23,2,145,1
7782,2634,7,1,420,1
7783,2634,9,1,520,1
7784,2634,7,1,420,1
7785,2635,18,3,310,1
7786,2635,30,2,210,1
7787,2636,4,1,160,6
7788,2637,1,2,125,8
7789,2638,20,3,115,5
7790,2639,21,1,185,4
7791,2639,30,2,210,4
7792,2639,25,3,130,4
7793,2640,23,2,145,
7794,2640,6,2,275,
7795,2641,13,1,220,2
7796,2641,7,1,420,2
7797,2641,28,1,520,2
7798,2642,11,3,140,5
7799,2642,3,1,95,5
7800,2642,4,2,160,5
7801,2642,17,3,145,5
7802,2643,23,2,145,11
7803,2643,8,3,680,11
7804,2643,5,3,340,11
7805,2644,13,1,220,5
7806,2644,20,3,115,5
7807,2644,14,3,780,5
7808,2644,20,3,115,5
7809,2644,17,3,145,5
7810,2645,14,3,780,1
7811,2645,17,3,145,1
7812,2646,11,1,140,8
7813,2647,1,2,125,6
7814,2647,14,2,780,6
7815,2647,12,1,260,6
7816,2647,3,3,95,6
7817,2648,25,3,130,
7818,2648,27,1,640,
7819,2648,29,1,155,
7820,2648,19,1,89,
7821,2649,25,3,130,12
7822,2649,15,3,195,12
7823,2649,13,2,220,12
7824,2649,21,2,185,12
7825,2649,5,2,340,12
7826,2650,13,3,220,5
7827,2651,24,1,190,12
7828,2651,21,1,185,12
7829,2651,8,3,680,12
7830,2652,29,1,155,3
7831,2652,8,2,680,3
7832,2652,2,2,210,3
7833,2653,6,2,275,4
7834,2653,23,2,145,4
7835,2653,16,2,240,4
7836,2653,26,3,360,4
7837,2654,27,1,640,8
7838,2654,29,3,155,8
7839,2655,25,3,130,11
7840,2656,18,3,310,
7841,2656,9,1,520,
7842,2656,20,3,115,
7843,2656,4,1,160,
7844,2657,9,2,520,6
7845,2657,31,1,135,6
7846,2657,25,1,130,6
7847,2657,9,1,520,6
7848,2658,22,1,170,4
7849,2658,23,3,145,4
7850,2658,27,1,640,4
7851,2658,3,2,95,4
7852,2659,6,1,275,8
7853,2660,24,3,190,6
7854,2660,23,2,145,6
7855,2661,27,2,640,7
7856,2661,21,3,185,7
7857,2661,9,3,520,7
7858,2662,5,1,340,5
7859,2663,9,1,520,1
7860,2663,20,3,115,1
7861,2663,6,3,275,1
7862,2663,18,1,310,1
7863,2663,12,2,260,1
7864,2664,16,2,240,
7865,2664,31,3,135,
7866,2664,11,1,140,
7867,2664,16,2,240,
7868,2664,22,2,170,
7869,2665,20,3,115,12
7870,2665,18,2,310,12
7871,2666,8,1,680,12
7872,2666,18,3,310,12
7873,2666,30,1,210,12
7874,2667,11,3,140,6
7875,2667,7,1,420,6
7876,2667,31,2,135,6
7877,2667,10,2,180,6
7878,2668,22,3,170,11
7879,2668,6,1,275,11
7880,2668,27,2,640,11
7881,2669,17,3,145,12
7882,2669,25,3,130,12
7883,2669,14,3,780,12
7884,2669,17,2,145,12
7885,2670,3,2,95,12
7886,2670,25,1,130,12
7887,2670,19,2,89,12
7888,2670,31,2,135,12
7889,2671,12,3,260,2
7890,2671,11,3,140,2
7891,2672,15,1,195,
7892,2672,26,2,360,
7893,2673,26,2,360,5
7894,2674,11,1,140,4
7895,2675,20,3,115,7
7896,2675,12,1,260,7
7897,2675,3,2,95,7
7898,2676,20,3,115,3
7899,2676,30,1,210,3
7900,2676,31,1,135,3
7901,2677,17,2,145,1
7902,2677,12,1,260,1
7903,2677,30,3,210,1
7904,2677,8,1,680,1
7905,2677,30,2,210,1
7906,2678,4,2,160,5
7907,2679,17,3,145,4
7908,2679,24,3,190,4
7909,2679,5,3,340,4
7910,2679,26,2,360,4
7911,2679,11,1,140,4
7912,2680,3,1,95,
7913,2680,3,1,95,
7914,2681,11,3,140,12
7915,2681,9,1,520,12
7916,2681,31,3,135,12
7917,2682,4,3,160,10
7918,2682,17,2,145,10
7919,2682,22,3,170,10
7920,2682,21,1,185,10
7921,2682,18,2,310,10
7922,2683,25,1,130,12
7923,2684,16,1,240,9
7924,2684,25,3,130,9
7925,2685,31,1,135,8
7926,2685,4,2,160,8
7927,2686,10,3,180,5
7928,2686,5,2,340,5
7929,2687,3,1,95,2
7930,2687,2,2,210,2
7931,2688,20,1,115,
7932,2688,29,2,155,
7933,2689,26,2,360,9
7934,2689,9,1,520,9
7935,2689,27,2,640,9
7936,2689,19,2,89,9
7937,2689,16,2,240,9
7938,2690,2,2,210,10
7939,2690,4,1,160,10
7940,2691,14,2,780,1
7941,2692,16,3,240,1
7942,2693,10,1,180,9
7943,2694,16,3,240,8
7944,2694,24,3,190,8
7945,2694,23,1,145,8
7946,2694,27,3,640,8
7947,2694,29,1,155,8
7948,2695,12,3,260,5
7949,2696,8,2,680,
7950,2696,12,3,260,
7951,2697,5,1,340,10
7952,2697,30,3,210,10
7953,2697,13,3,220,10
7954,2697,9,1,520,10
7955,2697,2,2,210,10
7956,2698,17,1,145,10
7957,2698,15,1,195,10
7958,2698,21,3,185,10
7959,2699,29,3,155,3
7960,2699,22,3,170,3
7961,2700,14,3,780,5
7962,2700,29,1,155,5
7963,2700,4,1,160,5
7964,2700,15,1,195,5
7965,2700,1,3,125,5
7966,2701,1,1,125,2
7967,2701,1,2,125,2
7968,2701,29,1,155,2
7969,2701,26,3,360,2
7970,2701,28,2,520,2
7971,2702,31,3,135,9
7972,2703,29,3,155,5
7973,2703,8,3,680,5
7974,2703,2,1,210,5
7975,2703,28,1,520,5
7976,2704,12,1,260,
7977,2704,7,1,420,
7978,2704,18,3,310,
7979,2704,19,2,89,
7980,2705,1,2,125,9
7981,2705,31,1,135,9
7982,2705,7,2,420,9
7983,2706,30,1,210,12
7984,2706,20,1,115,12
7985,2706,2,1,210,12
7986,2707,7,3,420,7
7987,2707,16,2,240,7
7988,2708,6,3,275,3
7989,2708,14,1,780,3
7990,2708,19,1,89,3
7991,2708,3,1,95,3
7992,2709,29,3,155,7
7993,2709,12,2,260,7
7994,2709,22,2,170,7
7995,2709,25,2,130,7
7996,2709,29,2,155,7
7997,2710,24,3,190,9
7998,2710,14,2,780,9
7999,2710,14,3,780,9
8000,2711,25,2,130,9
8001,2711,20,3,115,9
8002,2711,18,1,310,9
8003,2711,25,3,130,9
8004,2712,18,2,310,
8005,2712,11,1,140,
8006,2712,3,1,95,
8007,2713,30,3,210,9
8008,2713,7,2,420,9
8009,2713,10,1,180,9
8010,2713,3,3,95,9
8011,2714,18,1,310,1
8012,2714,27,3,640,1
8013,2714,5,1,340,1
8014,2714,25,2,130,1
8015,2715,20,1,115,2
8016,2715,24,1,190,2
8017,2715,8,3,680,2
8018,2715,28,3,520,2
8019,2715,27,3,640,2
8020,2716,14,3,780,11
8021,2716,1,2,125,11
8022,2717,30,3,210,9
8023,2717,3,3,95,9
8024,2717,8,1,680,9
8025,2718,11,2,140,7
8026,2718,2,1,210,7
8027,2718,16,3,240,7
8028,2718,3,3,95,7
8029,2719,18,1,310,4
8030,2719,30,1,210,4
8031,2719,23,3,145,4
8032,2719,12,2,260,4
8033,2719,20,3,115,4
8034,2720,13,2,220,
8035,2721,27,1,640,5
8036,2721,10,1,180,5
8037,2721,22,1,170,5
8038,2721,20,2,115,5
8039,2721,31,2,135,5
8040,2722,20,3,115,9
8041,2722,26,1,360,9
8042,2722,14,2,780,9
8043,2722,6,1,275,9
8044,2723,1,3,125,5
8045,2723,2,2,210,5
8046,2724,4,1,160,10
8047,2724,10,1,180,10
8048,2724,9,3,520,10
8049,2725,19,1,89,7
8050,2725,23,1,145,7
8051,2726,20,1,115,3
8052,2726,16,1,240,3
8053,2726,19,3,89,3
8054,2726,20,2,115,3
8055,2727,21,1,185,8
8056,2727,13,1,220,8
8057,2727,26,3,360,8
8058,2728,22,2,170,
8059,2728,2,1,210,
8060,2729,10,1,180,11
8061,2729,27,1,640,11
8062,2730,13,1,220,4
8063,2730,21,1,185,4
8064,2730,14,1,780,4
8065,2730,3,3,95,4
8066,2730,12,3,260,4
8067,2731,29,2,155,1
8068,2731,22,1,170,1
8069,2732,26,1,360,2
8070,2733,3,1,95,9
8071,2733,30,3,210,9
8072,2733,23,3,145,9
8073,2734,8,3,680,7
8074,2734,18,2,310,7
8075,2734,27,2,640,7
8076,2734,3,1,95,7
8077,2735,28,3,520,10
8078,2735,4,2,160,10
8079,2736,18,2,310,
8080,2736,18,1,310,
8081,2736,7,1,420,
8082,2736,25,2,130,
8083,2736,4,3,160,
8084,2737,19,1,89,2
8085,2737,14,2,780,2
8086,2737,29,2,155,2
8087,2738,15,1,195,11
8088,2739,4,1,160,3
8089,2739,11,3,140,3
8090,2739,27,1,640,3
8091,2739,17,3,145,3
8092,2740,22,1,170,8
8093,2740,4,2,160,8
8094,2740,28,2,520,8
8095,2740,11,3,140,8
8096,2741,18,3,310,4
8097,2742,10,2,180,2
8098,2743,7,1,420,6
8099,2743,21,2,185,6
8100,2743,4,2,160,6
8101,2743,11,3,140,6
8102,2743,26,3,360,6
8103,2744,18,2,310,
8104,2744,6,1,275,
8105,2745,27,1,640,3
8106,2745,26,1,360,3
8107,2745,25,3,130,3
8108,2745,5,3,340,3
8109,2745,14,1,780,3
8110,2746,18,2,310,7
8111,2746,15,3,195,7
8112,2747,26,3,360,4
8113,2747,23,1,145,4
8114,2747,19,3,89,4
8115,2748,5,1,340,2
8116,2748,5,2,340,2
8117,2749,31,2,135,1
8118,2749,16,3,240,1
8119,2749,10,1,180,1
8120,2750,30,2,210,3
8121,2750,21,1,185,3
8122,2750,26,2,360,3
8123,2750,2,2,210,3
8124,2750,12,2,260,3
8125,2751,31,3,135,4
8126,2751,3,3,95,4
8127,2751,11,2,140,4
8128,2751,18,3,310,4
8129,2751,14,2,780,4
8130,2752,31,3,135,
8131,2752,21,3,185,
8132,2752,6,3,275,
8133,2753,20,3,115,3
8134,2754,14,3,780,8
8135,2754,29,2,155,8
8136,2755,10,3,180,3
8137,2755,23,1,145,3
8138,2756,13,3,220,8
8139,2756,12,3,260,8
8140,2756,24,2,190,8
8141,2756,13,3,220,8
8142,2757,10,3,180,3
8143,2757,23,2,145,3
8144,2757,11,3,140,3
8145,2757,21,3,185,3
8146,2757,7,1,420,3
8147,2758,15,3,195,12
8148,2758,24,3,190,12
8149,2758,19,2,89,12
8150,2758,2,2,210,12
8151,2759,27,2,640,11
8152,2759,6,1,275,11
8153,2760,10,2,180,
8154,2761,8,3,680,3
8155,2761,16,2,240,3
8156,2761,15,1,195,3
8157,2762,21,1,185,11
8158,2763,22,1,170,6
8159,2764,16,1,240,7
8160,2764,15,1,195,7
8161,2764,21,3,185,7
8162,2764,30,2,210,7
8163,2764,8,2,680,7
8164,2765,29,1,155,10
8165,2765,6,2,275,10
8166,2765,25,3,130,10
8167,2765,7,2,420,10
8168,2765,23,2,145,10
8169,2766,1,1,125,11
8170,2766,5,2,340,11
8171,2766,11,3,140,11
8172,2766,26,2,360,11
8173,2767,13,1,220,1
8174,2767,5,3,340,1
8175,2767,3,1,95,1
8176,2767,9,1,520,1
8177,2768,6,2,275,
8178,2768,13,3,220,
8179,2768,10,2,180,
8180,2768,23,2,145,
8181,2768,7,2,420,
8182,2769,6,2,275,11
8183,2769,15,2,195,11
8184,2769,4,2,160,11
8185,2769,7,2,420,11
8186,2770,19,1,89,8
8187,2771,1,3,125,2
8188,2772,23,3,145,7
8189,2772,4,1,160,7
8190,2773,1,1,125,1
8191,2773,7,2,420,1
8192,2773,10,2,180,1
8193,2773,1,3,125,1
8194,2774,16,2,240,6
8195,2774,5,1,340,6
8196,2774,20,3,115,6
8197,2775,5,3,340,3
8198,2775,3,3,95,3
8199,2775,15,1,195,3
8200,2775,8,1,680,3
8201,2775,20,3,115,3
8202,2776,5,1,340,
8203,2777,27,3,640,4
8204,2777,9,2,520,4
8205,2777,12,1,260,4
8206,2777,12,3,260,4
8207,2778,9,1,520,11
8208,2778,5,2,340,11
8209,2778,19,2,89,11
8210,2779,12,3,260,12
8211,2780,9,2,520,5
8212,2780,5,3,340,5
8213,2780,14,2,780,5
8214,2780,28,1,520,5
8215,2781,24,3,190,1
8216,2781,31,1,135,1
8217,2782,23,3,145,10
8218,2782,18,1,310,10
8219,2782,26,3,360,10
8220,2783,3,3,95,9
8221,2783,20,1,115,9
8222,2784,16,1,240,
8223,2784,3,2,95,
8224,2785,23,3,145,9
8225,2786,13,2,220,8
8226,2786,25,1,130,8
8227,2786,2,2,210,8
8228,2786,26,3,360,8
8229,2786,6,1,275,8
8230,2787,22,2,170,3
8231,2787,24,2,190,3
8232,2787,16,1,240,3
8233,2788,10,2,180,5
8234,2788,5,3,340,5
8235,2788,22,3,170,5
8236,2788,21,1,185,5
8237,2789,14,3,780,11
8238,2789,9,3,520,11
8239,2789,21,2,185,11
8240,2789,17,3,145,11
8241,2789,27,3,640,11
8242,2790,22,3,170,11
8243,2790,18,2,310,11
8244,2790,10,3,180,11
8245,2790,6,1,275,11
8246,2791,23,2,145,7
8247,2792,27,1,640,
8248,2792,7,1,420,
8249,2792,1,3,125,
8250,2793,31,3,135,6
8251,2793,8,3,680,6
8252,2793,9,2,520,6
8253,2793,15,2,195,6
8254,2794,12,1,260,1
8255,2794,1,2,125,1
8256,2794,10,2,180,1
8257,2795,30,3,210,8
8258,2795,22,3,170,8
8259,2796,14,2,780,2
8260,2796,5,1,340,2
8261,2796,29,2,155,2
8262,2796,27,1,640,2
8263,2796,14,2,780,2
8264,2797,15,3,195,11
8265,2797,31,1,135,11
8266,2798,5,2,340,9
8267,2798,25,3,130,9
8268,2799,23,2,145,7
8269,2799,5,1,340,7
8270,2799,19,1,89,7
8271,2799,16,3,240,7
8272,2799,9,3,520,7
8273,2800,4,2,160,
8274,2801,30,2,210,6
8275,2801,17,3,145,6
8276,2801,15,1,195,6
8277,2801,13,3,220,6
8278,2802,26,1,360,3
8279,2802,30,3,210,3
8280,2802,22,1,170,3
8281,2802,19,2,89,3
8282,2802,3,3,95,3
8283,2803,21,1,185,12
8284,2803,10,1,180,12
8285,2804,19,3,89,10
8286,2805,21,1,185,12
8287,2805,27,2,640,12
8288,2805,20,3,115,12
8289,2805,17,2,145,12
8290,2806,31,2,135,9
8291,2806,10,2,180,9
8292,2806,24,1,190,9
8293,2807,26,2,360,12
8294,2807,11,2,140,12
8295,2807,21,3,185,12
8296,2807,5,3,340,12
8297,2807,13,1,220,12
8298,2808,3,1,95,
8299,2809,13,1,220,3
8300,2809,6,1,275,3
8301,2809,2,3,210,3
8302,2809,30,1,210,3
8303,2809,10,1,180,3
8304,2810,14,2,780,6
8305,2810,1,3,125,6
8306,2810,16,3,240,6
8307,2811,19,3,89,11
8308,2811,28,1,520,11
8309,2811,7,3,420,11
8310,2811,10,3,180,11
8311,2811,28,2,520,11
8312,2812,29,3,155,2
8313,2812,18,3,310,2
8314,2813,29,2,155,3
8315,2814,1,1,125,1
8316,2814,25,3,130,1
8317,2815,28,2,520,3
8318,2816,16,3,240,
8319,2816,16,1,240,
8320,2816,9,1,520,
8321,2816,9,1,520,
8322,2816,14,1,780,
8323,2817,10,1,180,4
8324,2817,6,1,275,4
8325,2818,17,3,145,2
8326,2818,10,1,180,2
8327,2818,11,2,140,2
8328,2818,13,3,220,2
8329,2819,17,1,145,3
8330,2819,9,1,520,3
8331,2819,1,3,125,3
8332,2819,4,3,160,3
8333,2820,17,1,145,4
8334,2820,22,1,170,4
8335,2820,21,2,185,4
8336,2821,10,3,180,11
8337,2821,4,1,160,11
8338,2821,27,3,640,11
8339,2821,22,3,170,11
8340,2821,20,2,115,11
8341,2822,21,1,185,2
8342,2823,6,2,275,2
8343,2823,23,2,145,2
8344,2824,18,2,310,
8345,2824,31,2,135,
8346,2825,26,1,360,1
8347,2826,29,3,155,5
8348,2826,17,3,145,5
8349,2826,27,1,640,5
8350,2826,7,1,420,5
8351,2826,9,1,520,5
8352,2827,27,3,640,5
8353,2827,12,2,260,5
8354,2827,27,1,640,5
8355,2827,14,2,780,5
8356,2828,2,3,210,8
8357,2828,24,2,190,8
8358,2828,13,1,220,8
8359,2828,14,3,780,8
8360,2829,12,2,260,9
8361,2829,21,3,185,9
8362,2829,9,3,520,9
8363,2829,26,3,360,9
8364,2829,5,2,340,9
8365,2830,29,2,155,4
8366,2831,7,1,420,3
8367,2831,21,3,185,3
8368,2831,17,3,145,3
8369,2831,17,3,145,3
8370,2832,28,1,520,
8371,2832,30,3,210,
8372,2832,4,2,160,
8373,2833,26,3,360,8
8374,2833,13,3,220,8
8375,2833,29,3,155,8
8376,2834,27,2,640,8
8377,2834,18,3,310,8
8378,2834,31,2,135,8
8379,2834,5,2,340,8
8380,2835,21,2,185,9
8381,2835,20,3,115,9
8382,2836,23,2,145,7
8383,2836,19,3,89,7
8384,2836,25,2,130,7
8385,2837,17,1,145,5
8386,2837,2,2,210,5
8387,2837,18,3,310,5
8388,2838,26,1,360,10
8389,2839,20,3,115,9
8390,2840,28,1,520,
8391,2840,27,2,640,
8392,2840,31,3,135,
8393,2840,1,3,125,
8394,2840,20,3,115,
8395,2841,25,1,130,2
8396,2841,20,3,115,2
8397,2841,7,1,420,2
8398,2842,22,2,170,2
8399,2842,27,2,640,2
8400,2842,21,1,185,2
8401,2842,25,2,130,2
8402,2842,4,3,160,2
8403,2843,24,3,190,6
8404,2843,17,1,145,6
8405,2844,26,2,360,12
8406,2845,9,3,520,7
8407,2845,23,3,145,7
8408,2846,20,2,115,5
8409,2847,19,1,89,12
8410,2847,12,3,260,12
8411,2847,4,3,160,12
8412,2847,1,1,125,12
8413,2848,27,1,640,
8414,2849,19,3,89,11
8415,2850,14,3,780,3
8416,2850,7,1,420,3
8417,2850,13,2,220,3
8418,2851,23,2,145,2
8419,2852,30,1,210,5
8420,2852,31,3,135,5
8421,2853,3,1,95,5
8422,2853,2,3,210,5
8423,2853,15,1,195,5
8424,2853,21,2,185,5
8425,2854,28,2,520,12
8426,2854,15,3,195,12
8427,2855,10,3,180,8
8428,2855,26,3,360,8
8429,2855,20,2,115,8
8430,2855,22,2,170,8
8431,2856,20,1,115,
8432,2856,1,2,125,
8433,2857,26,3,360,1
8434,2857,27,3,640,1
8435,2857,28,1,520,1
8436,2857,29,1,155,1
8437,2857,15,1,195,1
8438,2858,22,2,170,1
8439,2858,19,3,89,1
8440,2858,17,3,145,1
8441,2858,5,3,340,1
8442,2859,7,1,420,3
8443,2859,14,1,780,3
8444,2859,30,3,210,3
8445,2859,27,1,640,3
8446,2859,30,1,210,3
8447,2860,11,3,140,4
8448,2860,17,1,145,4
8449,2860,20,2,115,4
8450,2860,11,1,140,4
8451,2861,28,3,520,7
8452,2861,11,1,140,7
8453,2861,16,3,240,7
8454,2861,4,1,160,7
8455,2861,30,3,210,7
8456,2862,17,3,145,7
8457,2862,25,2,130,7
8458,2862,13,1,220,7
8459,2862,4,2,160,7
8460,2862,20,3,115,7
8461,2863,2,3,210,8
8462,2863,9,2,520,8
8463,2863,16,2,240,8
8464,2863,27,2,640,8
8465,2863,30,1,210,8
8466,2864,5,3,340,
8467,2864,15,1,195,
8468,2864,18,3,310,
8469,2864,25,3,130,
8470,2864,18,1,310,
8471,2865,22,1,170,12
8472,2866,11,3,140,2
8473,2867,13,2,220,4
8474,2867,2,2,210,4
8475,2868,14,1,780,10
8476,2869,15,1,195,1
8477,2869,1,3,125,1
8478,2870,30,2,210,5
8479,2870,24,3,190,5
8480,2871,16,2,240,3
8481,2872,23,2,145,
8482,2872,2,3,210,
8483,2872,12,3,260,
8484,2872,9,3,520,
8485,2872,22,1,170,
8486,2873,8,2,680,5
8487,2873,15,1,195,5
8488,2873,1,3,125,5
8489,2874,13,3,220,11
8490,2874,27,3,640,11
8491,2875,26,1,360,11
8492,2875,6,3,275,11
8493,2875,28,2,520,11
8494,2875,30,3,210,11
8495,2876,6,1,275,1
8496,2877,7,3,420,7
8497,2878,13,2,220,1
8498,2878,16,3,240,1
8499,2878,1,3,125,1
8500,2879,22,2,170,9
8501,2879,15,1,195,9
8502,2879,16,1,240,9
8503,2879,18,3,310,9
8504,2879,5,1,340,9
8505,2880,9,3,520,
8506,2881,27,1,640,7
8507,2881,12,2,260,7
8508,2881,4,1,160,7
8509,2882,31,2,135,11
8510,2882,15,1,195,11
8511,2883,9,2,520,9
8512,2883,7,1,420,9
8513,2883,31,2,135,9
8514,2883,8,3,680,9
8515,2884,16,3,240,1
8516,2885,5,1,340,1
8517,2885,3,1,95,1
8518,2886,3,3,95,6
8519,2886,18,1,310,6
8520,2886,10,3,180,6
8521,2886,24,2,190,6
8522,2887,25,1,130,9
8523,2887,26,1,360,9
8524,2887,16,3,240,9
8525,2887,10,1,180,9
8526,2888,7,2,420,
8527,2888,5,3,340,
8528,2888,28,1,520,
8529,2888,8,2,680,
8530,2889,4,1,160,8
8531,2889,19,2,89,8
8532,2889,28,2,520,8
8533,2890,29,3,155,10
8534,2890,24,2,190,10
8535,2890,13,2,220,10
8536,2891,15,3,195,9
8537,2891,20,3,115,9
8538,2891,23,2,145,9
8539,2892,17,2,145,8
8540,2892,11,2,140,8
8541,2892,7,3,420,8
8542,2892,23,1,145,8
8543,2893,2,1,210,9
8544,2893,6,3,275,9
8545,2894,10,3,180,12
8546,2894,29,1,155,12
8547,2894,13,3,220,12
8548,2895,20,2,115,10
8549,2896,28,3,520,
8550,2896,17,2,145,
8551,2896,13,1,220,
8552,2896,12,3,260,
8553,2897,10,1,180,11
8554,2897,31,3,135,11
8555,2897,5,2,340,11
8556,2897,27,1,640,11
8557,2897,21,2,185,11
8558,2898,5,1,340,2
8559,2898,1,2,125,2
8560,2899,29,3,155,8
8561,2899,25,3,130,8
8562,2899,21,1,185,8
8563,2899,9,3,520,8
8564,2899,7,2,420,8
8565,2900,5,3,340,7
8566,2900,5,1,340,7
8567,2900,7,1,420,7
8568,2900,23,2,145,7
8569,2900,18,2,310,7
8570,2901,4,3,160,8
8571,2901,5,3,340,8
8572,2902,5,1,340,9
8573,2902,16,1,240,9
8574,2902,7,3,420,9
8575,2903,28,1,520,4
8576,2903,4,3,160,4
8577,2903,11,1,140,4
8578,2904,24,1,190,
8579,2904,28,1,520,
8580,2904,30,2,210,
8581,2904,23,1,145,
8582,2904,21,1,185,
8583,2905,23,3,145,2
8584,2905,26,2,360,2
8585,2905,31,3,135,2
8586,2905,14,3,780,2
8587,2905,26,3,360,2
8588,2906,18,2,310,10
8589,2906,23,2,145,10
8590,2906,4,3,160,10
8591,2907,1,1,125,3
8592,2908,11,3,140,1
8593,2908,11,2,140,1
8594,2908,23,1,145,1
8595,2908,17,2,145,1
8596,2909,17,3,145,12
8597,2909,21,1,185,12
8598,2909,3,3,95,12
8599,2909,24,1,190,12
8600,2910,4,1,160,12
8601,2910,28,2,520,12
8602,2910,19,3,89,12
8603,2911,8,2,680,7
8604,2911,14,1,780,7
8605,2911,3,1,95,7
8606,2912,2,3,210,
8607,2913,10,2,180,4
8608,2913,20,1,115,4
8609,2913,25,3,130,4
8610,2913,31,3,135,4
8611,2913,9,2,520,4
8612,2914,1,3,125,7
8613,2914,31,1,135,7
8614,2914,7,3,420,7
8615,2914,11,1,140,7
8616,2914,14,3,780,7
8617,2915,28,1,520,11
8618,2915,25,3,130,11
8619,2916,9,2,520,3
8620,2917,8,2,680,3
8621,2918,10,2,180,2
8622,2918,4,3,160,2
8623,2919,30,2,210,2
8624,2919,19,3,89,2
8625,2920,15,2,195,
8626,2921,31,2,135,9
8627,2921,20,2,115,9
8628,2921,16,1,240,9
8629,2921,10,2,180,9
8630,2922,5,1,340,4
8631,2923,17,1,145,8
8632,2923,25,3,130,8
8633,2923,20,3,115,8
8634,2923,7,1,420,8
8635,2924,13,3,220,3
8636,2924,18,2,310,3
8637,2924,5,2,340,3
8638,2924,19,2,89,3
8639,2925,5,1,340,3
8640,2925,1,1,125,3
8641,2925,21,1,185,3
8642,2926,23,3,145,2
8643,2926,13,1,220,2
8644,2926,13,3,220,2
8645,2927,2,1,210,7
8646,2927,9,3,520,7
8647,2927,13,1,220,7
8648,2928,8,2,680,
8649,2928,30,3,210,
8650,2928,29,2,155,
8651,2928,19,2,89,
8652,2929,8,1,680,2
8653,2929,8,2,680,2
8654,2929,14,3,780,2
8655,2930,16,2,240,3
8656,2930,16,1,240,3
8657,2930,14,3,780,3
8658,2931,19,3,89,12
8659,2931,16,1,240,12
8660,2931,29,3,155,12
8661,2931,1,1,125,12
8662,2932,2,3,210,6
8663,2932,18,1,310,6
8664,2932,11,2,140,6
8665,2932,15,2,195,6
8666,2932,2,2,210,6
8667,2933,27,3,640,5
8668,2934,25,3,130,4
8669,2934,27,1,640,4
8670,2934,10,3,180,4
8671,2934,8,2,680,4
8672,2934,29,3,155,4
8673,2935,21,3,185,3
8674,2935,15,2,195,3
8675,2936,26,2,360,
8676,2937,4,1,160,9
8677,2937,20,3,115,9
8678,2937,29,1,155,9
8679,2937,31,1,135,9
8680,2937,21,3,185,9
8681,2938,1,2,125,6
8682,2938,20,3,115,6
8683,2938,28,3,520,6
8684,2939,6,2,275,10
8685,2939,24,2,190,10
8686,2939,19,3,89,10
8687,2939,25,2,130,10
8688,2940,23,1,145,10
8689,2941,13,2,220,6
8690,2942,22,2,170,1
8691,2942,10,3,180,1
8692,2942,15,2,195,1
8693,2942,1,2,125,1
8694,2943,29,2,155,7
8695,2944,24,2,190,
8696,2944,6,1,275,
8697,2944,10,3,180,
8698,2945,26,3,360,6
8699,2946,19,3,89,4
8700,2946,2,1,210,4
8701,2947,26,2,360,11
8702,2947,19,3,89,11
8703,2947,15,3,195,11
8704,2947,4,2,160,11
8705,2948,25,2,130,12
8706,2948,14,1,780,12
8707,2948,8,3,680,12
8708,2948,20,3,115,12
8709,2948,13,3,220,12
8710,2949,28,3,520,9
8711,2949,17,2,145,9
8712,2949,15,3,195,9
8713,2950,14,1,780,5
8714,2950,21,1,185,5
8715,2950,1,3,125,5
8716,2950,5,2,340,5
8717,2950,31,3,135,5
8718,2951,2,3,210,3
8719,2951,23,3,145,3
8720,2952,14,2,780,
8721,2953,18,2,310,11
8722,2953,8,3,680,11
8723,2954,7,1,420,9
8724,2954,24,1,190,9
8725,2954,30,3,210,9
8726,2955,21,2,185,3
8727,2955,19,3,89,3
8728,2955,13,3,220,3
8729,2956,17,1,145,6
8730,2956,15,1,195,6
8731,2956,24,1,190,6
8732,2957,6,3,275,11
8733,2957,26,2,360,11
8734,2957,25,2,130,11
8735,2957,8,3,680,11
8736,2958,14,1,780,10
8737,2958,15,2,195,10
8738,2958,20,1,115,10
8739,2959,3,3,95,9
8740,2959,15,1,195,9
8741,2959,30,3,210,9
8742,2960,3,1,95,
8743,2960,22,1,170,
8744,2960,2,3,210,
8745,2960,13,2,220,
8746,2961,29,1,155,12
8747,2961,19,1,89,12
8748,2961,10,3,180,12
8749,2961,26,1,360,12
8750,2961,6,1,275,12
8751,2962,31,3,135,8
8752,2962,17,2,145,8
8753,2962,4,1,160,8
8754,2963,20,3,115,11
8755,2964,15,3,195,1
8756,2964,17,2,145,1
8757,2965,10,2,180,10
8758,2965,4,2,160,10
8759,2965,2,2,210,10
8760,2966,12,1,260,4
8761,2966,25,1,130,4
8762,2966,30,1,210,4
8763,2966,20,2,115,4
8764,2967,10,3,180,12
8765,2967,6,1,275,12
8766,2967,29,3,155,12
8767,2967,30,3,210,12
8768,2968,3,1,95,
8769,2968,29,1,155,
8770,2969,12,2,260,5
8771,2969,23,1,145,5
8772,2970,29,2,155,7
8773,2970,12,2,260,7
8774,2970,17,1,145,7
8775,2970,14,3,780,7
8776,2971,18,1,310,7
8777,2971,26,2,360,7
8778,2971,10,2,180,7
8779,2971,2,3,210,7
8780,2971,6,1,275,7
8781,2972,24,1,190,7
8782,2972,9,2,520,7
8783,2973,19,3,89,4
8784,2974,19,3,89,1
8785,2975,12,2,260,7
8786,2975,30,2,210,7
8787,2975,18,3,310,7
8788,2975,17,1,145,7
8789,2976,13,3,220,
8790,2977,29,2,155,5
8791,2977,11,2,140,5
8792,2977,30,1,210,5
8793,2977,24,1,190,5
8794,2977,6,2,275,5
8795,2978,6,2,275,8
8796,2978,2,1,210,8
8797,2978,13,3,220,8
8798,2978,13,3,220,8
8799,2979,2,2,210,8
8800,2979,26,1,360,8
8801,2979,7,1,420,8
8802,2980,29,2,155,4
8803,2981,6,3,275,11
8804,2981,1,1,125,11
8805,2981,11,3,140,11
8806,2982,1,3,125,5
8807,2982,27,1,640,5
8808,2983,18,3,310,5
8809,2983,11,2,140,5
8810,2983,9,2,520,5
8811,2983,4,3,160,5
8812,2984,28,2,520,
8813,2984,10,3,180,
8814,2984,4,3,160,
8815,2985,22,3,170,6
8816,2986,30,2,210,11
8817,2987,16,1,240,7
8818,2987,4,3,160,7
8819,2987,2,1,210,7
8820,2987,28,3,520,7
8821,2988,26,3,360,7
8822,2989,2,3,210,2
8823,2989,16,2,240,2
8824,2989,30,3,210,2
8825,2990,17,1,145,6
8826,2990,12,3,260,6
8827,2990,20,1,115,6
8828,2990,25,3,130,6
8829,2990,9,1,520,6
8830,2991,26,3,360,12
8831,2992,3,2,95,
8832,2993,18,2,310,11
8833,2993,20,2,115,11
8834,2993,3,2,95,11
8835,2994,17,2,145,5
8836,2994,23,2,145,5
8837,2995,16,3,240,10
8838,2995,24,3,190,10
8839,2995,1,2,125,10
8840,2995,31,1,135,10
8841,2995,5,2,340,10
8842,2996,1,2,125,1
8843,2996,1,1,125,1
8844,2997,10,2,180,9
8845,2997,24,3,190,9
8846,2997,8,2,680,9
8847,2997,14,1,780,9
8848,2998,3,2,95,7
8849,2998,8,2,680,7
8850,2998,9,2,520,7
8851,2999,29,3,155,8
8852,2999,30,2,210,8
8853,3000,11,2,140,
8854,3000,22,1,170,
8855,3000,12,3,260,
8856,3000,4,3,160,
