order_id,customer_id,order_status,cancellation_reason,order_total,shipping_cost,fulfillment_center_id,shipping_lat,shipping_lon,estimated_delivery,actual_delivery,social_source_id,demand_score,created_at,updated_at
1,656,confirmed,,1965,0,10,,,,,,77.29,2026-04-02T15:35:51Z,2026-05-13T10:00:44Z
2,1775,processing,,1080,14.99,7,,,,,1468,61.75,2026-03-16T17:14:03Z,2026-05-13T10:00:44Z
3,1565,shipped,,700,14.99,10,,,,,,49.55,2026-03-24T00:30:19Z,2026-05-13T10:00:44Z
4,55,delivered,,550,0,8,,,,,,33.58,2026-03-21T05:20:26Z,2026-05-13T10:00:44Z
5,1741,delivered,,890,7.99,12,,,,,,42.02,2026-04-14T06:13:58Z,2026-05-13T10:00:44Z
6,641,delivered,,2275,7.99,6,,,,,,70.57,2026-03-16T21:27:05Z,2026-05-13T10:00:44Z
7,1399,cancelled,Equipment unavailable for requested service,135,7.99,1,,,,,,25.93,2026-05-10T09:44:47Z,2026-05-13T10:00:44Z
8,1274,pending,,115,0,,,,,,,39.11,2026-03-30T16:22:50Z,2026-05-13T10:00:44Z
9,698,confirmed,,2435,0,12,,,,,3598,31.47,2026-03-23T01:18:04Z,2026-05-13T10:00:44Z
10,741,processing,,3665,14.99,12,,,,,,55.79,2026-04-16T15:01:17Z,2026-05-13T10:00:44Z
11,1752,shipped,,1685,7.99,12,,,,,,90.59,2026-03-17T07:12:29Z,2026-05-13T10:00:44Z
12,168,delivered,,2580,0,12,,,,,2618,11.32,2026-04-03T11:48:33Z,2026-05-13T10:00:44Z
13,1812,delivered,,280,14.99,8,,,,,58,84.53,2026-03-16T18:02:36Z,2026-05-13T10:00:44Z
14,1722,delivered,,190,0,8,,,,,,16.44,2026-04-23T01:48:12Z,2026-05-13T10:00:44Z
15,87,cancelled,Capacity unavailable at assigned terminal,720,7.99,7,,,,,3060,14.03,2026-05-07T16:41:22Z,2026-05-13T10:00:44Z
16,525,pending,,3475,0,,,,,,1808,15.74,2026-05-04T10:50:30Z,2026-05-13T10:00:44Z
17,1476,confirmed,,2845,0,3,,,,,,70.35,2026-04-19T09:52:35Z,2026-05-13T10:00:44Z
18,14,processing,,3320,7.99,3,,,,,,41.74,2026-03-27T22:11:05Z,2026-05-13T10:00:44Z
19,225,shipped,,1245,7.99,7,,,,,,74.15,2026-03-22T09:18:07Z,2026-05-13T10:00:44Z
20,1914,delivered,,2679,0,10,,,,,,31.28,2026-04-12T15:41:42Z,2026-05-13T10:00:44Z
21,1270,delivered,,500,7.99,10,,,,,,11.3,2026-03-18T14:31:29Z,2026-05-13T10:00:44Z
22,591,delivered,,2595,14.99,12,,,,,,40.3,2026-05-08T10:20:15Z,2026-05-13T10:00:44Z
23,952,cancelled,Shipper cancelled tender,1969,14.99,8,,,,,,62.68,2026-05-13T06:58:38Z,2026-05-13T10:00:44Z
24,1250,pending,,1315,0,,,,,,2136,67.83,2026-04-04T21:13:14Z,2026-05-13T10:00:44Z
25,1722,confirmed,,2375,0,10,,,,,,60.29,2026-03-28T19:58:57Z,2026-05-13T10:00:44Z
26,1679,processing,,340,7.99,9,,,,,,66.63,2026-03-31T03:04:44Z,2026-05-13T10:00:44Z
27,3,shipped,,605,7.99,8,,,,,,92.23,2026-03-16T10:35:02Z,2026-05-13T10:00:44Z
28,1391,delivered,,2107,7.99,9,,,,,,11.86,2026-04-14T12:32:06Z,2026-05-13T10:00:44Z
29,6,delivered,,2085,0,9,,,,,4774,66.64,2026-04-05T17:57:38Z,2026-05-13T10:00:44Z
30,378,delivered,,3095,0,9,,,,,4428,40.25,2026-04-27T02:04:04Z,2026-05-13T10:00:44Z
31,1584,cancelled,Missed pickup appointment window,1655,0,5,,,,,,10.36,2026-04-17T08:04:39Z,2026-05-13T10:00:44Z
32,1255,pending,,1040,7.99,,,,,,3926,82.7,2026-03-21T08:24:22Z,2026-05-13T10:00:44Z
33,736,confirmed,,500,14.99,11,,,,,,18.6,2026-03-14T14:24:18Z,2026-05-13T10:00:44Z
34,749,processing,,1834,0,3,,,,,,28.62,2026-03-25T10:57:13Z,2026-05-13T10:00:44Z
35,925,shipped,,520,0,2,,,,,,63.28,2026-05-04T06:43:21Z,2026-05-13T10:00:44Z
36,1324,delivered,,510,7.99,3,,,,,,30.66,2026-04-19T20:01:26Z,2026-05-13T10:00:44Z
37,1038,delivered,,270,0,11,,,,,2147,25.06,2026-03-29T19:37:37Z,2026-05-13T10:00:44Z
38,819,delivered,,1270,14.99,7,,,,,3923,21.03,2026-04-11T15:26:22Z,2026-05-13T10:00:44Z
39,119,cancelled,Weather disruption on planned lane,300,0,4,,,,,1040,15.65,2026-04-04T06:00:10Z,2026-05-13T10:00:44Z
40,590,pending,,310,14.99,,,,,,,31.11,2026-05-02T18:13:37Z,2026-05-13T10:00:44Z
41,1088,confirmed,,2430,0,2,,,,,,67.29,2026-04-28T22:46:06Z,2026-05-13T10:00:44Z
42,18,processing,,2065,0,2,,,,,,77.03,2026-03-26T16:40:10Z,2026-05-13T10:00:44Z
43,558,shipped,,1650,0,5,,,,,3603,73.48,2026-04-23T13:06:57Z,2026-05-13T10:00:44Z
44,608,delivered,,850,7.99,12,,,,,,92.71,2026-04-18T03:48:41Z,2026-05-13T10:00:44Z
45,564,delivered,,550,7.99,8,,,,,,63.96,2026-04-07T10:20:19Z,2026-05-13T10:00:44Z
46,833,delivered,,680,7.99,2,,,,,,82.31,2026-05-10T19:25:50Z,2026-05-13T10:00:44Z
47,396,cancelled,Permit or documentation issue,599,14.99,1,,,,,,17.97,2026-04-10T11:24:44Z,2026-05-13T10:00:44Z
48,1807,pending,,1645,0,,,,,,,30.88,2026-03-27T03:49:35Z,2026-05-13T10:00:44Z
49,1072,confirmed,,1560,0,9,,,,,,74.3,2026-03-16T02:25:13Z,2026-05-13T10:00:44Z
50,1181,processing,,1210,0,11,,,,,4705,38.96,2026-04-03T01:45:44Z,2026-05-13T10:00:44Z
51,866,shipped,,1710,7.99,1,,,,,4102,51.14,2026-03-22T05:50:16Z,2026-05-13T10:00:44Z
52,1768,delivered,,3525,0,2,,,,,2477,64.69,2026-04-11T10:26:41Z,2026-05-13T10:00:44Z
53,912,delivered,,620,0,11,,,,,,56.89,2026-04-28T15:02:12Z,2026-05-13T10:00:44Z
54,1787,delivered,,1120,7.99,10,,,,,4996,56.07,2026-05-08T16:17:51Z,2026-05-13T10:00:44Z
55,173,cancelled,Carrier no-show,89,7.99,1,,,,,,47.02,2026-03-16T22:12:09Z,2026-05-13T10:00:44Z
56,1474,pending,,925,14.99,,,,,,2133,47.16,2026-04-29T12:40:06Z,2026-05-13T10:00:44Z
57,540,confirmed,,2305,14.99,6,,,,,224,38.28,2026-04-01T20:16:01Z,2026-05-13T10:00:44Z
58,1522,processing,,1080,14.99,1,,,,,,88.85,2026-03-26T16:37:18Z,2026-05-13T10:00:44Z
59,262,shipped,,3210,14.99,10,,,,,,40.24,2026-04-04T08:40:09Z,2026-05-13T10:00:44Z
60,1848,delivered,,994,14.99,9,,,,,,22.39,2026-05-09T04:17:06Z,2026-05-13T10:00:44Z
61,1377,delivered,,1095,7.99,10,,,,,,71.57,2026-03-24T01:39:01Z,2026-05-13T10:00:44Z
62,1034,delivered,,1900,7.99,4,,,,,,93.7,2026-05-01T00:43:29Z,2026-05-13T10:00:44Z
63,543,cancelled,Port appointment missed,1975,0,7,,,,,,38.55,2026-04-14T15:12:52Z,2026-05-13T10:00:44Z
64,1175,pending,,2310,7.99,,,,,,,27.41,2026-04-21T12:18:08Z,2026-05-13T10:00:44Z
65,858,confirmed,,4000,7.99,8,,,,,,33.08,2026-03-23T08:22:43Z,2026-05-13T10:00:44Z
66,1656,processing,,2450,7.99,6,,,,,2863,42.93,2026-05-12T14:30:24Z,2026-05-13T10:00:44Z
67,1817,shipped,,3310,7.99,4,,,,,,23.23,2026-04-28T16:24:41Z,2026-05-13T10:00:44Z
68,1333,delivered,,680,7.99,12,,,,,,52.31,2026-03-28T20:25:41Z,2026-05-13T10:00:44Z
69,673,delivered,,1530,7.99,5,,,,,367,62.25,2026-04-23T12:28:39Z,2026-05-13T10:00:44Z
70,1774,delivered,,2355,7.99,2,,,,,,28.08,2026-04-01T12:21:59Z,2026-05-13T10:00:44Z
71,1371,cancelled,Equipment unavailable for requested service,185,14.99,8,,,,,1828,39.88,2026-03-31T13:19:07Z,2026-05-13T10:00:44Z
72,512,pending,,2448,7.99,,,,,,1671,16,2026-03-20T10:32:57Z,2026-05-13T10:00:44Z
73,991,confirmed,,1350,7.99,5,,,,,3169,52.03,2026-04-17T05:54:57Z,2026-05-13T10:00:44Z
74,1116,processing,,1860,0,10,,,,,,42.87,2026-03-29T09:09:13Z,2026-05-13T10:00:44Z
75,150,shipped,,905,0,11,,,,,,83.17,2026-03-16T19:24:44Z,2026-05-13T10:00:44Z
76,1625,delivered,,780,14.99,6,,,,,298,64.95,2026-03-14T16:07:46Z,2026-05-13T10:00:44Z
77,431,delivered,,2410,7.99,2,,,,,1258,36.39,2026-05-10T05:12:08Z,2026-05-13T10:00:44Z
78,1295,delivered,,3635,7.99,3,,,,,2145,33.3,2026-04-20T22:51:54Z,2026-05-13T10:00:44Z
79,474,cancelled,Capacity unavailable at assigned terminal,2360,7.99,9,,,,,,75.38,2026-04-11T18:49:21Z,2026-05-13T10:00:44Z
80,607,pending,,2715,7.99,,,,,,,94.13,2026-04-09T17:22:33Z,2026-05-13T10:00:44Z
81,1143,confirmed,,1660,14.99,12,,,,,,55.51,2026-03-24T18:07:36Z,2026-05-13T10:00:44Z
82,354,processing,,680,7.99,8,,,,,,39.78,2026-04-21T14:30:58Z,2026-05-13T10:00:44Z
83,611,shipped,,360,14.99,4,,,,,,85.63,2026-03-14T18:08:18Z,2026-05-13T10:00:44Z
84,98,delivered,,195,14.99,6,,,,,,43.22,2026-05-12T09:50:44Z,2026-05-13T10:00:44Z
85,1985,delivered,,840,0,4,,,,,,45.63,2026-05-10T10:48:14Z,2026-05-13T10:00:44Z
86,651,delivered,,3875,7.99,2,,,,,687,58.33,2026-05-01T09:06:07Z,2026-05-13T10:00:44Z
87,619,cancelled,Shipper cancelled tender,480,0,6,,,,,,89.43,2026-05-06T16:03:16Z,2026-05-13T10:00:44Z
88,1633,pending,,945,7.99,,,,,,,13.62,2026-04-03T04:04:33Z,2026-05-13T10:00:44Z
89,41,confirmed,,1710,14.99,9,,,,,,36.06,2026-04-20T15:10:32Z,2026-05-13T10:00:44Z
90,144,processing,,729,7.99,5,,,,,924,40.22,2026-03-23T16:00:16Z,2026-05-13T10:00:44Z
91,880,shipped,,1080,14.99,4,,,,,4942,76.22,2026-04-28T14:39:36Z,2026-05-13T10:00:44Z
92,365,delivered,,1975,7.99,4,,,,,3821,19.51,2026-03-23T02:14:43Z,2026-05-13T10:00:44Z
93,950,delivered,,615,14.99,7,,,,,,53.54,2026-05-01T02:12:33Z,2026-05-13T10:00:44Z
94,1129,delivered,,3134,0,12,,,,,4901,60.99,2026-04-16T00:34:34Z,2026-05-13T10:00:44Z
95,1517,cancelled,Missed pickup appointment window,2199,7.99,5,,,,,,40.89,2026-03-25T04:57:53Z,2026-05-13T10:00:44Z
96,1512,pending,,1640,7.99,,,,,,,47.03,2026-03-15T13:55:53Z,2026-05-13T10:00:44Z
97,153,confirmed,,2880,0,10,,,,,760,71.44,2026-05-09T19:40:03Z,2026-05-13T10:00:44Z
98,1735,processing,,845,0,1,,,,,1583,85.16,2026-05-04T04:28:42Z,2026-05-13T10:00:44Z
99,1839,shipped,,1720,7.99,9,,,,,,14.4,2026-04-15T06:33:12Z,2026-05-13T10:00:44Z
100,1640,delivered,,1260,0,7,,,,,3184,53.97,2026-05-04T19:38:01Z,2026-05-13T10:00:44Z
101,1815,delivered,,430,7.99,4,,,,,,57.88,2026-04-25T06:02:29Z,2026-05-13T10:00:44Z
102,374,delivered,,1395,0,1,,,,,2189,79.14,2026-04-03T06:28:45Z,2026-05-13T10:00:44Z
103,1948,cancelled,Weather disruption on planned lane,2090,7.99,11,,,,,3337,29.75,2026-05-06T01:46:45Z,2026-05-13T10:00:44Z
104,380,pending,,145,7.99,,,,,,,18.42,2026-03-31T12:10:52Z,2026-05-13T10:00:44Z
105,553,confirmed,,1080,0,7,,,,,,24.01,2026-03-26T01:52:11Z,2026-05-13T10:00:44Z
106,1046,processing,,750,7.99,12,,,,,4211,10.24,2026-03-26T02:01:41Z,2026-05-13T10:00:44Z
107,647,shipped,,190,7.99,10,,,,,,44.41,2026-03-30T00:45:22Z,2026-05-13T10:00:44Z
108,649,delivered,,360,0,4,,,,,,94.47,2026-03-21T22:39:42Z,2026-05-13T10:00:44Z
109,994,delivered,,267,14.99,12,,,,,,65.23,2026-03-27T23:48:32Z,2026-05-13T10:00:44Z
110,1350,delivered,,3410,7.99,3,,,,,1638,41.81,2026-04-11T04:34:28Z,2026-05-13T10:00:44Z
111,259,cancelled,Permit or documentation issue,1570,0,12,,,,,,53.65,2026-04-20T15:16:46Z,2026-05-13T10:00:44Z
112,331,pending,,1430,7.99,,,,,,,81.06,2026-04-27T06:23:01Z,2026-05-13T10:00:44Z
113,473,confirmed,,2390,14.99,12,,,,,,42.36,2026-03-30T15:50:45Z,2026-05-13T10:00:44Z
114,305,processing,,2205,0,3,,,,,,43.88,2026-05-12T19:22:57Z,2026-05-13T10:00:44Z
115,582,shipped,,1020,7.99,2,,,,,284,53.12,2026-04-09T21:17:13Z,2026-05-13T10:00:44Z
116,512,delivered,,1540,14.99,8,,,,,,42.12,2026-04-05T16:17:52Z,2026-05-13T10:00:44Z
117,1015,delivered,,2580,7.99,6,,,,,,86.83,2026-05-09T11:01:43Z,2026-05-13T10:00:44Z
118,1910,delivered,,290,0,1,,,,,,72.75,2026-04-29T20:13:53Z,2026-05-13T10:00:44Z
119,649,cancelled,Carrier no-show,2280,14.99,9,,,,,,51.86,2026-04-08T08:53:35Z,2026-05-13T10:00:44Z
120,932,pending,,1560,0,,,,,,,22.55,2026-05-08T13:16:09Z,2026-05-13T10:00:44Z
121,750,confirmed,,1565,7.99,8,,,,,4981,37.3,2026-03-23T01:27:50Z,2026-05-13T10:00:44Z
122,545,processing,,1245,7.99,9,,,,,,58.91,2026-03-26T14:30:17Z,2026-05-13T10:00:44Z
123,460,shipped,,4760,7.99,8,,,,,,80.84,2026-05-04T15:36:10Z,2026-05-13T10:00:44Z
124,774,delivered,,2345,7.99,7,,,,,1259,41.45,2026-04-15T12:42:11Z,2026-05-13T10:00:44Z
125,1789,delivered,,480,7.99,9,,,,,,38.2,2026-04-30T01:21:13Z,2026-05-13T10:00:44Z
126,1624,delivered,,775,7.99,12,,,,,,90.81,2026-04-01T14:32:55Z,2026-05-13T10:00:44Z
127,329,cancelled,Port appointment missed,605,7.99,7,,,,,,67.35,2026-04-13T07:42:46Z,2026-05-13T10:00:44Z
128,261,pending,,310,0,,,,,,,40.81,2026-05-10T10:07:09Z,2026-05-13T10:00:44Z
129,963,confirmed,,720,7.99,7,,,,,4199,23.41,2026-04-06T03:34:32Z,2026-05-13T10:00:44Z
130,1127,processing,,1455,14.99,10,,,,,,44.73,2026-04-12T00:29:01Z,2026-05-13T10:00:44Z
131,119,shipped,,185,7.99,12,,,,,,82.04,2026-03-21T22:08:01Z,2026-05-13T10:00:44Z
132,180,delivered,,683,0,1,,,,,,82.78,2026-04-15T09:35:20Z,2026-05-13T10:00:44Z
133,748,delivered,,4440,0,5,,,,,,86.74,2026-04-29T19:38:17Z,2026-05-13T10:00:44Z
134,1096,delivered,,640,0,10,,,,,,22.54,2026-05-01T08:28:00Z,2026-05-13T10:00:44Z
135,1548,cancelled,Equipment unavailable for requested service,525,7.99,1,,,,,,14.46,2026-05-07T01:14:24Z,2026-05-13T10:00:44Z
136,905,pending,,1775,14.99,,,,,,,66.96,2026-04-07T14:35:28Z,2026-05-13T10:00:44Z
137,915,confirmed,,605,7.99,7,,,,,,47.66,2026-03-26T02:41:34Z,2026-05-13T10:00:44Z
138,1763,processing,,4145,7.99,12,,,,,2186,76.81,2026-05-06T02:42:50Z,2026-05-13T10:00:44Z
139,964,shipped,,3910,14.99,8,,,,,,47.98,2026-04-16T21:46:21Z,2026-05-13T10:00:44Z
140,1503,delivered,,3334,0,12,,,,,,93.52,2026-03-28T18:23:38Z,2026-05-13T10:00:44Z
141,911,delivered,,575,14.99,8,,,,,,80.71,2026-04-03T22:36:32Z,2026-05-13T10:00:44Z
142,1374,delivered,,2115,7.99,1,,,,,,70.41,2026-03-30T16:43:42Z,2026-05-13T10:00:44Z
143,1142,cancelled,Capacity unavailable at assigned terminal,570,0,4,,,,,,32.8,2026-05-11T06:47:20Z,2026-05-13T10:00:44Z
144,769,pending,,609,7.99,,,,,,105,58.63,2026-03-18T21:13:49Z,2026-05-13T10:00:44Z
145,598,confirmed,,680,0,7,,,,,,27.36,2026-04-28T02:35:48Z,2026-05-13T10:00:44Z
146,1951,processing,,170,7.99,2,,,,,,76.42,2026-04-01T06:48:21Z,2026-05-13T10:00:44Z
147,151,shipped,,1110,14.99,1,,,,,,88.83,2026-04-13T15:46:12Z,2026-05-13T10:00:44Z
148,1886,delivered,,1545,0,3,,,,,,47.22,2026-04-12T02:59:40Z,2026-05-13T10:00:44Z
149,1608,delivered,,2175,0,3,,,,,,89.95,2026-05-04T09:57:58Z,2026-05-13T10:00:44Z
150,1303,delivered,,1762,0,7,,,,,,42.58,2026-03-22T16:29:04Z,2026-05-13T10:00:44Z
151,159,cancelled,Shipper cancelled tender,3000,7.99,4,,,,,,83.67,2026-03-26T22:55:18Z,2026-05-13T10:00:44Z
152,1128,pending,,555,0,,,,,,4061,11.43,2026-04-05T02:14:24Z,2026-05-13T10:00:44Z
153,49,confirmed,,520,0,9,,,,,3755,92.65,2026-03-16T21:28:47Z,2026-05-13T10:00:44Z
154,895,processing,,3835,7.99,5,,,,,,19.11,2026-04-27T10:45:22Z,2026-05-13T10:00:44Z
155,473,shipped,,1290,0,10,,,,,,41.5,2026-05-09T00:26:49Z,2026-05-13T10:00:44Z
156,1380,delivered,,1790,7.99,10,,,,,2445,16.45,2026-03-31T23:44:22Z,2026-05-13T10:00:44Z
157,790,delivered,,420,0,7,,,,,,60.68,2026-05-13T02:54:05Z,2026-05-13T10:00:44Z
158,1030,delivered,,435,7.99,4,,,,,2309,79.69,2026-04-15T11:08:10Z,2026-05-13T10:00:44Z
159,1340,cancelled,Missed pickup appointment window,605,7.99,11,,,,,,29.04,2026-04-08T12:25:54Z,2026-05-13T10:00:44Z
160,406,pending,,2595,7.99,,,,,,2826,18.13,2026-04-28T03:47:52Z,2026-05-13T10:00:44Z
161,1769,confirmed,,1120,7.99,10,,,,,,68.43,2026-03-23T08:38:55Z,2026-05-13T10:00:44Z
162,1335,processing,,1420,7.99,5,,,,,3993,78.25,2026-04-11T12:42:24Z,2026-05-13T10:00:44Z
163,1700,shipped,,2520,0,6,,,,,717,55.21,2026-05-07T18:09:13Z,2026-05-13T10:00:44Z
164,740,delivered,,1325,7.99,9,,,,,,16.47,2026-03-23T18:23:08Z,2026-05-13T10:00:44Z
165,1919,delivered,,1550,0,2,,,,,,87.5,2026-03-15T06:22:56Z,2026-05-13T10:00:44Z
166,839,delivered,,170,0,7,,,,,,88.47,2026-04-01T04:45:05Z,2026-05-13T10:00:44Z
167,1526,cancelled,Weather disruption on planned lane,1260,0,4,,,,,,81.65,2026-04-14T05:26:29Z,2026-05-13T10:00:44Z
168,793,pending,,902,7.99,,,,,,,42.03,2026-05-11T05:17:20Z,2026-05-13T10:00:44Z
169,1769,confirmed,,145,7.99,8,,,,,,24.11,2026-05-09T11:18:24Z,2026-05-13T10:00:44Z
170,1073,processing,,1995,0,4,,,,,,14.44,2026-04-13T15:54:33Z,2026-05-13T10:00:44Z
171,606,shipped,,1485,14.99,11,,,,,,68.76,2026-04-23T00:26:37Z,2026-05-13T10:00:44Z
172,452,delivered,,1950,0,4,,,,,4665,71.79,2026-04-04T11:44:27Z,2026-05-13T10:00:44Z
173,778,delivered,,900,7.99,8,,,,,,84.83,2026-04-13T01:22:37Z,2026-05-13T10:00:44Z
174,1761,delivered,,925,14.99,12,,,,,,40.12,2026-05-02T21:19:43Z,2026-05-13T10:00:44Z
175,812,cancelled,Permit or documentation issue,320,14.99,10,,,,,1888,89.79,2026-05-05T00:06:42Z,2026-05-13T10:00:44Z
176,1383,pending,,1610,14.99,,,,,,,73.98,2026-04-29T07:33:30Z,2026-05-13T10:00:44Z
177,102,confirmed,,4995,0,11,,,,,,47.05,2026-05-11T10:06:59Z,2026-05-13T10:00:44Z
178,1719,processing,,1600,7.99,9,,,,,,88.9,2026-03-27T14:08:41Z,2026-05-13T10:00:44Z
179,786,shipped,,455,0,3,,,,,179,15.17,2026-04-20T22:36:31Z,2026-05-13T10:00:44Z
180,985,delivered,,840,7.99,2,,,,,,76.95,2026-04-09T08:08:59Z,2026-05-13T10:00:44Z
181,1274,delivered,,1765,0,5,,,,,,72.09,2026-03-27T19:59:50Z,2026-05-13T10:00:44Z
182,2,delivered,,2545,7.99,11,,,,,,88.44,2026-04-09T15:10:03Z,2026-05-13T10:00:44Z
183,235,cancelled,Carrier no-show,1040,14.99,5,,,,,,89.61,2026-03-30T01:02:55Z,2026-05-13T10:00:44Z
184,319,pending,,1880,7.99,,,,,,,64.58,2026-05-08T14:28:47Z,2026-05-13T10:00:44Z
185,1119,confirmed,,1840,7.99,1,,,,,,19.64,2026-05-01T04:40:12Z,2026-05-13T10:00:44Z
186,271,processing,,1478,14.99,2,,,,,2998,78.2,2026-05-05T09:06:45Z,2026-05-13T10:00:44Z
187,473,shipped,,2050,7.99,11,,,,,252,52.29,2026-04-29T06:04:25Z,2026-05-13T10:00:44Z
188,1583,delivered,,1885,0,2,,,,,,22.36,2026-03-15T10:34:50Z,2026-05-13T10:00:44Z
189,529,delivered,,2725,7.99,11,,,,,3870,54.55,2026-04-08T15:28:35Z,2026-05-13T10:00:44Z
190,1404,delivered,,1155,7.99,9,,,,,,45.59,2026-04-27T12:39:27Z,2026-05-13T10:00:44Z
191,213,cancelled,Port appointment missed,2330,14.99,8,,,,,,27.67,2026-05-11T04:01:48Z,2026-05-13T10:00:44Z
192,1278,pending,,2360,7.99,,,,,,,81.92,2026-04-20T07:57:33Z,2026-05-13T10:00:44Z
193,1997,confirmed,,2019,7.99,1,,,,,,92.86,2026-04-18T06:47:00Z,2026-05-13T10:00:44Z
194,1046,processing,,840,7.99,1,,,,,,39.77,2026-05-04T12:16:08Z,2026-05-13T10:00:44Z
195,1478,shipped,,780,0,7,,,,,4796,24.46,2026-03-16T16:11:50Z,2026-05-13T10:00:44Z
196,1600,delivered,,2660,14.99,12,,,,,4371,85.36,2026-05-01T15:05:19Z,2026-05-13T10:00:44Z
197,910,delivered,,3370,14.99,2,,,,,,45.91,2026-04-19T05:52:28Z,2026-05-13T10:00:44Z
198,543,delivered,,2615,0,5,,,,,,64.39,2026-04-17T02:31:42Z,2026-05-13T10:00:44Z
199,955,cancelled,Equipment unavailable for requested service,1720,7.99,3,,,,,,15.81,2026-04-10T13:44:30Z,2026-05-13T10:00:44Z
200,257,pending,,910,0,,,,,,,24.66,2026-05-04T07:08:27Z,2026-05-13T10:00:44Z
201,1027,confirmed,,2705,0,6,,,,,1163,28.64,2026-04-13T23:36:34Z,2026-05-13T10:00:44Z
202,301,processing,,540,7.99,9,,,,,,81.73,2026-03-20T08:59:20Z,2026-05-13T10:00:44Z
203,1656,shipped,,1785,7.99,1,,,,,1620,58.93,2026-04-12T20:24:39Z,2026-05-13T10:00:44Z
204,744,delivered,,2655,14.99,4,,,,,,64.81,2026-04-15T23:39:09Z,2026-05-13T10:00:44Z
205,1552,delivered,,1480,0,1,,,,,,90.16,2026-05-07T09:19:14Z,2026-05-13T10:00:44Z
206,628,delivered,,2105,0,7,,,,,2812,52.62,2026-04-18T18:34:43Z,2026-05-13T10:00:44Z
207,503,cancelled,Capacity unavailable at assigned terminal,930,7.99,7,,,,,,50.89,2026-04-17T10:39:32Z,2026-05-13T10:00:44Z
208,995,pending,,3340,14.99,,,,,,4863,67.42,2026-03-24T20:13:45Z,2026-05-13T10:00:44Z
209,745,confirmed,,1175,7.99,10,,,,,,94.63,2026-04-11T07:14:49Z,2026-05-13T10:00:44Z
210,1201,processing,,2875,0,7,,,,,,63.18,2026-04-20T15:01:02Z,2026-05-13T10:00:44Z
211,891,shipped,,1725,0,2,,,,,,89.13,2026-05-06T02:36:08Z,2026-05-13T10:00:44Z
212,839,delivered,,2200,14.99,5,,,,,,38.88,2026-05-08T19:32:01Z,2026-05-13T10:00:44Z
213,1909,delivered,,115,0,4,,,,,,75.77,2026-04-07T19:15:27Z,2026-05-13T10:00:44Z
214,1986,delivered,,4780,0,6,,,,,585,50.74,2026-05-01T07:42:42Z,2026-05-13T10:00:44Z
215,1993,cancelled,Shipper cancelled tender,725,14.99,3,,,,,162,13.55,2026-03-27T16:31:41Z,2026-05-13T10:00:44Z
216,31,pending,,870,7.99,,,,,,,10.92,2026-04-18T18:36:04Z,2026-05-13T10:00:44Z
217,212,confirmed,,3190,0,1,,,,,,12.76,2026-04-20T00:23:35Z,2026-05-13T10:00:44Z
218,1792,processing,,340,7.99,10,,,,,,86.59,2026-03-16T05:26:01Z,2026-05-13T10:00:44Z
219,1329,shipped,,1755,7.99,2,,,,,,18.68,2026-05-09T20:55:44Z,2026-05-13T10:00:44Z
220,1209,delivered,,2140,7.99,10,,,,,3658,12.27,2026-04-08T06:01:27Z,2026-05-13T10:00:44Z
221,1456,delivered,,2470,7.99,6,,,,,,77.82,2026-04-01T04:29:14Z,2026-05-13T10:00:44Z
222,913,delivered,,700,7.99,3,,,,,,73.29,2026-04-18T02:00:19Z,2026-05-13T10:00:44Z
223,1129,cancelled,Missed pickup appointment window,1470,7.99,3,,,,,4628,39.23,2026-05-06T22:37:34Z,2026-05-13T10:00:44Z
224,1093,pending,,250,0,,,,,,2327,29.43,2026-03-28T21:11:09Z,2026-05-13T10:00:44Z
225,440,confirmed,,1543,0,2,,,,,,10.09,2026-05-10T03:28:19Z,2026-05-13T10:00:44Z
226,484,processing,,3350,0,9,,,,,1698,81.96,2026-05-11T19:34:25Z,2026-05-13T10:00:44Z
227,932,shipped,,1460,14.99,12,,,,,,24.11,2026-04-26T05:11:51Z,2026-05-13T10:00:44Z
228,631,delivered,,4300,0,3,,,,,,60.98,2026-05-07T12:13:28Z,2026-05-13T10:00:44Z
229,1884,delivered,,435,7.99,8,,,,,2443,92.2,2026-04-24T06:36:36Z,2026-05-13T10:00:44Z
230,98,delivered,,435,0,7,,,,,,52.17,2026-03-27T01:18:59Z,2026-05-13T10:00:44Z
231,1330,cancelled,Weather disruption on planned lane,3735,7.99,1,,,,,,48.53,2026-05-02T08:35:46Z,2026-05-13T10:00:44Z
232,1172,pending,,1593,0,,,,,,,44.53,2026-03-19T03:12:26Z,2026-05-13T10:00:44Z
233,997,confirmed,,1910,7.99,11,,,,,3862,21.98,2026-03-29T22:21:18Z,2026-05-13T10:00:44Z
234,1157,processing,,1535,0,9,,,,,,33.83,2026-04-23T02:44:08Z,2026-05-13T10:00:44Z
235,47,shipped,,1760,7.99,3,,,,,,28.64,2026-04-24T07:06:57Z,2026-05-13T10:00:44Z
236,1112,delivered,,1420,0,8,,,,,,62.08,2026-04-15T20:12:00Z,2026-05-13T10:00:44Z
237,538,delivered,,1555,7.99,9,,,,,2400,60.56,2026-04-19T17:23:17Z,2026-05-13T10:00:44Z
238,581,delivered,,1215,0,6,,,,,,45.74,2026-03-27T04:43:47Z,2026-05-13T10:00:44Z
239,1925,cancelled,Permit or documentation issue,2570,0,1,,,,,,46.65,2026-04-01T03:09:34Z,2026-05-13T10:00:44Z
240,405,pending,,390,7.99,,,,,,,17.95,2026-05-10T02:07:13Z,2026-05-13T10:00:44Z
241,376,confirmed,,2950,14.99,12,,,,,,61.54,2026-04-07T10:11:40Z,2026-05-13T10:00:44Z
242,1536,processing,,530,0,7,,,,,,72.74,2026-05-02T19:51:55Z,2026-05-13T10:00:44Z
243,1254,shipped,,465,0,2,,,,,,36.18,2026-04-27T00:41:25Z,2026-05-13T10:00:44Z
244,1395,delivered,,422,0,4,,,,,3192,84.3,2026-04-11T12:55:07Z,2026-05-13T10:00:44Z
245,1262,delivered,,1005,7.99,8,,,,,,85.79,2026-04-03T05:28:21Z,2026-05-13T10:00:44Z
246,1461,delivered,,3255,14.99,12,,,,,,32.9,2026-03-28T11:40:56Z,2026-05-13T10:00:44Z
247,1670,cancelled,Carrier no-show,780,7.99,11,,,,,,37.12,2026-03-19T03:02:47Z,2026-05-13T10:00:44Z
248,639,pending,,2610,0,,,,,,,57.85,2026-05-02T15:54:25Z,2026-05-13T10:00:44Z
249,474,confirmed,,580,0,7,,,,,,22.65,2026-03-27T18:22:25Z,2026-05-13T10:00:44Z
250,636,processing,,155,0,5,,,,,2377,17.22,2026-04-14T11:42:14Z,2026-05-13T10:00:44Z
251,857,shipped,,1280,0,10,,,,,4816,69,2026-03-27T16:57:36Z,2026-05-13T10:00:44Z
252,1497,delivered,,1240,0,6,,,,,,64.96,2026-03-21T07:16:26Z,2026-05-13T10:00:44Z
253,1400,delivered,,1090,14.99,2,,,,,,27,2026-05-07T15:04:51Z,2026-05-13T10:00:44Z
254,1911,delivered,,4195,0,2,,,,,,61.96,2026-05-11T09:29:41Z,2026-05-13T10:00:44Z
255,497,cancelled,Port appointment missed,3135,7.99,2,,,,,1986,49.53,2026-04-12T18:45:42Z,2026-05-13T10:00:44Z
256,1243,pending,,360,7.99,,,,,,,32.06,2026-04-22T13:24:11Z,2026-05-13T10:00:44Z
257,1848,confirmed,,135,14.99,8,,,,,,90.17,2026-04-27T19:59:00Z,2026-05-13T10:00:44Z
258,418,processing,,980,0,8,,,,,,82.5,2026-04-09T12:16:41Z,2026-05-13T10:00:44Z
259,1892,shipped,,1480,7.99,11,,,,,,24.6,2026-04-01T18:16:58Z,2026-05-13T10:00:44Z
260,1368,delivered,,998,7.99,9,,,,,,82.39,2026-03-24T19:19:46Z,2026-05-13T10:00:44Z
261,864,delivered,,1445,7.99,3,,,,,,33.49,2026-03-25T09:02:49Z,2026-05-13T10:00:44Z
262,974,delivered,,1570,7.99,3,,,,,,75.05,2026-04-12T06:13:46Z,2026-05-13T10:00:44Z
263,1003,cancelled,Equipment unavailable for requested service,4140,7.99,7,,,,,,20.25,2026-03-15T00:21:06Z,2026-05-13T10:00:44Z
264,885,pending,,1390,7.99,,,,,,,37.44,2026-03-15T23:59:03Z,2026-05-13T10:00:44Z
265,1329,confirmed,,2040,14.99,12,,,,,2855,70.51,2026-05-07T07:28:04Z,2026-05-13T10:00:44Z
266,719,processing,,2360,7.99,2,,,,,,94.79,2026-04-01T15:37:28Z,2026-05-13T10:00:44Z
267,1019,shipped,,540,7.99,5,,,,,,70.4,2026-03-24T22:07:45Z,2026-05-13T10:00:44Z
268,15,delivered,,480,0,8,,,,,,89.85,2026-05-10T18:48:26Z,2026-05-13T10:00:44Z
269,1779,delivered,,1210,0,7,,,,,3369,14.18,2026-05-12T16:29:31Z,2026-05-13T10:00:44Z
270,1913,delivered,,2325,0,3,,,,,,64.02,2026-03-18T16:09:11Z,2026-05-13T10:00:44Z
271,1588,cancelled,Capacity unavailable at assigned terminal,3375,14.99,5,,,,,4525,63.64,2026-04-24T20:55:40Z,2026-05-13T10:00:44Z
272,1357,pending,,284,7.99,,,,,,,59.47,2026-05-04T23:18:59Z,2026-05-13T10:00:44Z
273,1846,confirmed,,1560,7.99,5,,,,,905,86.07,2026-04-22T06:16:55Z,2026-05-13T10:00:44Z
274,952,processing,,845,7.99,8,,,,,,66.18,2026-03-20T06:23:29Z,2026-05-13T10:00:44Z
275,1623,shipped,,435,7.99,1,,,,,,90.69,2026-05-12T10:50:35Z,2026-05-13T10:00:44Z
276,748,delivered,,3920,0,12,,,,,,28.54,2026-04-03T20:47:32Z,2026-05-13T10:00:44Z
277,1998,delivered,,1020,7.99,7,,,,,4412,63.27,2026-05-04T18:49:13Z,2026-05-13T10:00:44Z
278,1677,delivered,,1910,14.99,5,,,,,,92.59,2026-03-22T18:53:52Z,2026-05-13T10:00:44Z
279,1351,cancelled,Shipper cancelled tender,2090,7.99,8,,,,,,32.27,2026-03-16T07:48:34Z,2026-05-13T10:00:44Z
280,1066,pending,,2540,0,,,,,,,37.42,2026-04-23T02:34:06Z,2026-05-13T10:00:44Z
281,388,confirmed,,290,14.99,6,,,,,,71.22,2026-04-02T13:18:44Z,2026-05-13T10:00:44Z
282,1246,processing,,435,7.99,10,,,,,4683,25.56,2026-04-25T14:08:01Z,2026-05-13T10:00:44Z
283,1724,shipped,,390,7.99,9,,,,,,35.12,2026-03-26T01:41:52Z,2026-05-13T10:00:44Z
284,735,delivered,,1840,14.99,12,,,,,,75.63,2026-04-20T11:55:10Z,2026-05-13T10:00:44Z
285,785,delivered,,615,0,1,,,,,1773,31.17,2026-04-11T23:39:33Z,2026-05-13T10:00:44Z
286,339,delivered,,1815,7.99,9,,,,,2990,20.92,2026-03-30T13:39:14Z,2026-05-13T10:00:44Z
287,1726,cancelled,Missed pickup appointment window,585,14.99,12,,,,,,61.28,2026-03-17T14:27:16Z,2026-05-13T10:00:44Z
288,1469,pending,,1765,0,,,,,,,90.73,2026-04-27T18:13:57Z,2026-05-13T10:00:44Z
289,1834,confirmed,,3165,7.99,12,,,,,,63.95,2026-03-14T16:02:07Z,2026-05-13T10:00:44Z
290,586,processing,,1875,0,6,,,,,,67.85,2026-05-08T01:42:57Z,2026-05-13T10:00:44Z
291,1231,shipped,,3185,7.99,8,,,,,,23.71,2026-03-25T19:26:54Z,2026-05-13T10:00:44Z
292,764,delivered,,900,14.99,11,,,,,,19.39,2026-04-20T22:38:05Z,2026-05-13T10:00:44Z
293,1751,delivered,,405,0,3,,,,,,77.88,2026-03-30T04:43:02Z,2026-05-13T10:00:44Z
294,187,delivered,,2230,0,5,,,,,,77.91,2026-03-16T14:41:18Z,2026-05-13T10:00:44Z
295,1275,cancelled,Weather disruption on planned lane,2370,0,12,,,,,,63.36,2026-03-19T18:18:28Z,2026-05-13T10:00:44Z
296,1242,pending,,910,0,,,,,,,49.05,2026-04-14T19:04:36Z,2026-05-13T10:00:44Z
297,237,confirmed,,1633,0,7,,,,,,56.7,2026-04-10T04:36:14Z,2026-05-13T10:00:44Z
298,1254,processing,,620,0,1,,,,,,28.24,2026-04-23T10:55:48Z,2026-05-13T10:00:44Z
299,1371,shipped,,2025,7.99,10,,,,,,73.22,2026-03-24T23:23:45Z,2026-05-13T10:00:44Z
300,176,delivered,,1220,7.99,11,,,,,1278,70.48,2026-05-05T00:42:15Z,2026-05-13T10:00:44Z
301,767,delivered,,915,7.99,11,,,,,,22.04,2026-04-10T00:01:46Z,2026-05-13T10:00:44Z
302,397,delivered,,1645,14.99,8,,,,,1295,89.56,2026-03-19T02:57:54Z,2026-05-13T10:00:44Z
303,839,cancelled,Permit or documentation issue,2985,0,2,,,,,,94.75,2026-05-05T19:12:53Z,2026-05-13T10:00:44Z
304,1572,pending,,1280,14.99,,,,,,,49.01,2026-04-17T05:37:25Z,2026-05-13T10:00:44Z
305,1830,confirmed,,1588,0,7,,,,,2822,27.56,2026-04-16T16:11:58Z,2026-05-13T10:00:44Z
306,201,processing,,320,7.99,8,,,,,1212,31.7,2026-03-21T01:32:35Z,2026-05-13T10:00:44Z
307,1452,shipped,,1420,7.99,10,,,,,,92.82,2026-04-01T17:46:25Z,2026-05-13T10:00:44Z
308,339,delivered,,2715,0,1,,,,,,43.42,2026-05-05T22:15:57Z,2026-05-13T10:00:44Z
309,735,delivered,,3075,7.99,9,,,,,,57.46,2026-03-18T08:34:10Z,2026-05-13T10:00:44Z
310,275,delivered,,480,0,12,,,,,,59.98,2026-04-25T19:03:53Z,2026-05-13T10:00:44Z
311,119,cancelled,Carrier no-show,1710,7.99,11,,,,,,25.97,2026-03-17T17:25:13Z,2026-05-13T10:00:44Z
312,1296,pending,,780,7.99,,,,,,,41.78,2026-04-27T06:56:56Z,2026-05-13T10:00:44Z
313,1905,confirmed,,340,7.99,1,,,,,,94.46,2026-04-19T13:49:53Z,2026-05-13T10:00:44Z
314,569,processing,,2245,7.99,6,,,,,,17.3,2026-03-30T16:33:08Z,2026-05-13T10:00:44Z
315,1373,shipped,,4565,0,5,,,,,3267,83.5,2026-03-19T19:34:47Z,2026-05-13T10:00:44Z
316,436,delivered,,1695,7.99,3,,,,,,57.89,2026-03-30T07:27:31Z,2026-05-13T10:00:44Z
317,324,delivered,,857,7.99,9,,,,,,23.33,2026-03-20T07:36:16Z,2026-05-13T10:00:44Z
318,173,delivered,,1045,7.99,10,,,,,,38.18,2026-05-04T06:51:57Z,2026-05-13T10:00:44Z
319,1598,cancelled,Port appointment missed,1560,14.99,10,,,,,,33.05,2026-05-06T03:12:33Z,2026-05-13T10:00:44Z
320,957,pending,,140,7.99,,,,,,,59.82,2026-04-17T01:49:18Z,2026-05-13T10:00:44Z
321,1413,confirmed,,1280,0,5,,,,,,56.75,2026-04-23T08:52:15Z,2026-05-13T10:00:44Z
322,933,processing,,1915,7.99,9,,,,,,76.91,2026-04-09T10:35:18Z,2026-05-13T10:00:44Z
323,1643,shipped,,585,0,9,,,,,,44.23,2026-04-23T01:28:18Z,2026-05-13T10:00:44Z
324,698,delivered,,615,14.99,3,,,,,1088,80.11,2026-05-10T06:44:35Z,2026-05-13T10:00:44Z
325,1127,delivered,,2155,7.99,11,,,,,,87.23,2026-03-26T01:06:41Z,2026-05-13T10:00:44Z
326,1556,delivered,,1400,0,11,,,,,164,58.54,2026-04-23T00:16:19Z,2026-05-13T10:00:44Z
327,459,cancelled,Equipment unavailable for requested service,1560,7.99,6,,,,,,21.18,2026-04-15T16:15:51Z,2026-05-13T10:00:44Z
328,1754,pending,,890,14.99,,,,,,,30.74,2026-04-22T10:45:31Z,2026-05-13T10:00:44Z
329,1267,confirmed,,1840,14.99,1,,,,,,45.22,2026-04-21T11:55:19Z,2026-05-13T10:00:44Z
330,1820,processing,,140,0,10,,,,,4207,61.68,2026-04-06T18:14:33Z,2026-05-13T10:00:44Z
331,18,shipped,,930,0,1,,,,,,36.33,2026-04-06T17:52:06Z,2026-05-13T10:00:44Z
332,500,delivered,,1445,7.99,12,,,,,,45.04,2026-03-25T21:21:22Z,2026-05-13T10:00:44Z
333,896,delivered,,455,0,11,,,,,2549,47.75,2026-03-21T16:50:17Z,2026-05-13T10:00:44Z
334,1227,delivered,,1020,0,8,,,,,,31.55,2026-04-06T00:10:56Z,2026-05-13T10:00:44Z
335,125,cancelled,Capacity unavailable at assigned terminal,1925,7.99,4,,,,,,77.29,2026-05-09T12:56:23Z,2026-05-13T10:00:44Z
336,786,pending,,2600,0,,,,,,236,30.49,2026-04-24T23:44:23Z,2026-05-13T10:00:44Z
337,1144,confirmed,,862,7.99,10,,,,,,27.55,2026-03-30T20:45:06Z,2026-05-13T10:00:44Z
338,625,processing,,820,14.99,11,,,,,3087,42.34,2026-04-21T06:16:41Z,2026-05-13T10:00:44Z
339,1053,shipped,,390,14.99,8,,,,,,64.39,2026-03-16T16:23:03Z,2026-05-13T10:00:44Z
340,1297,delivered,,390,7.99,6,,,,,,57.02,2026-04-06T08:45:56Z,2026-05-13T10:00:44Z
341,1401,delivered,,3855,7.99,1,,,,,4705,37.02,2026-04-21T16:19:58Z,2026-05-13T10:00:44Z
342,795,delivered,,2235,14.99,12,,,,,,26.16,2026-03-22T05:57:54Z,2026-05-13T10:00:44Z
343,1466,cancelled,Shipper cancelled tender,1180,7.99,12,,,,,,28.67,2026-04-13T19:17:23Z,2026-05-13T10:00:44Z
344,843,pending,,2640,14.99,,,,,,,81.72,2026-04-27T22:53:41Z,2026-05-13T10:00:44Z
345,162,confirmed,,810,7.99,8,,,,,2778,87.29,2026-04-08T14:11:39Z,2026-05-13T10:00:44Z
346,1858,processing,,1460,7.99,8,,,,,,85.88,2026-04-16T15:58:57Z,2026-05-13T10:00:44Z
347,1840,shipped,,2950,0,10,,,,,,78.61,2026-04-06T22:48:41Z,2026-05-13T10:00:44Z
348,1126,delivered,,2180,7.99,6,,,,,,43.03,2026-04-08T21:10:12Z,2026-05-13T10:00:44Z
349,1933,delivered,,1728,7.99,5,,,,,,73.05,2026-05-08T06:51:25Z,2026-05-13T10:00:44Z
350,992,delivered,,1360,0,3,,,,,,42.16,2026-05-06T08:05:04Z,2026-05-13T10:00:44Z
351,1103,cancelled,Missed pickup appointment window,4230,7.99,6,,,,,1687,83.01,2026-04-15T13:46:44Z,2026-05-13T10:00:44Z
352,621,pending,,558,7.99,,,,,,,26.68,2026-05-08T00:40:25Z,2026-05-13T10:00:44Z
353,1568,confirmed,,730,7.99,2,,,,,,89.91,2026-03-14T20:23:23Z,2026-05-13T10:00:44Z
354,1354,processing,,3980,14.99,1,,,,,,46.76,2026-03-14T17:29:14Z,2026-05-13T10:00:44Z
355,1623,shipped,,615,7.99,1,,,,,,42.2,2026-05-09T20:04:01Z,2026-05-13T10:00:44Z
356,338,delivered,,2080,7.99,3,,,,,4949,48.61,2026-03-16T08:01:15Z,2026-05-13T10:00:44Z
357,415,delivered,,3380,7.99,7,,,,,2571,14.74,2026-03-19T07:52:01Z,2026-05-13T10:00:44Z
358,1896,delivered,,1270,7.99,3,,,,,,48.32,2026-04-20T08:29:12Z,2026-05-13T10:00:44Z
359,174,cancelled,Weather disruption on planned lane,170,7.99,7,,,,,,61.2,2026-04-24T17:57:34Z,2026-05-13T10:00:44Z
360,448,pending,,2925,7.99,,,,,,,33.41,2026-03-25T21:12:04Z,2026-05-13T10:00:44Z
361,121,confirmed,,620,14.99,2,,,,,,64.79,2026-04-19T18:12:17Z,2026-05-13T10:00:44Z
362,407,processing,,620,7.99,9,,,,,,83.08,2026-04-07T14:56:34Z,2026-05-13T10:00:44Z
363,791,shipped,,2189,0,8,,,,,,68.85,2026-03-26T07:09:26Z,2026-05-13T10:00:44Z
364,1483,delivered,,1080,7.99,12,,,,,,25.05,2026-04-12T23:58:00Z,2026-05-13T10:00:44Z
365,1682,delivered,,1775,7.99,10,,,,,,93.22,2026-04-09T07:19:12Z,2026-05-13T10:00:44Z
366,1805,delivered,,680,0,5,,,,,,44.78,2026-04-28T06:44:23Z,2026-05-13T10:00:44Z
367,1686,cancelled,Permit or documentation issue,2065,7.99,1,,,,,72,17.95,2026-03-31T06:09:05Z,2026-05-13T10:00:44Z
368,1879,pending,,2810,0,,,,,,,41.46,2026-04-28T10:24:27Z,2026-05-13T10:00:44Z
369,823,confirmed,,3635,7.99,5,,,,,,61.42,2026-05-11T17:48:58Z,2026-05-13T10:00:44Z
370,1545,processing,,1474,7.99,3,,,,,,37.69,2026-05-07T17:40:21Z,2026-05-13T10:00:44Z
371,1924,shipped,,3570,0,1,,,,,4597,63.54,2026-05-12T19:23:54Z,2026-05-13T10:00:44Z
372,1597,delivered,,935,14.99,7,,,,,,42.83,2026-03-20T01:36:34Z,2026-05-13T10:00:44Z
373,805,delivered,,1685,14.99,12,,,,,,46.44,2026-04-29T04:34:14Z,2026-05-13T10:00:44Z
374,1651,delivered,,1540,14.99,6,,,,,1657,19.51,2026-04-24T19:47:44Z,2026-05-13T10:00:44Z
375,1627,cancelled,Carrier no-show,2125,7.99,3,,,,,,10.43,2026-04-10T22:48:49Z,2026-05-13T10:00:44Z
376,1162,pending,,3625,0,,,,,,,56.18,2026-03-27T12:20:51Z,2026-05-13T10:00:44Z
377,1224,confirmed,,565,0,10,,,,,,22.84,2026-05-04T04:15:17Z,2026-05-13T10:00:44Z
378,1463,processing,,360,7.99,12,,,,,2984,36.99,2026-04-08T23:56:34Z,2026-05-13T10:00:44Z
379,913,shipped,,2827,7.99,1,,,,,,40.86,2026-05-08T09:04:21Z,2026-05-13T10:00:44Z
380,1496,delivered,,3640,7.99,7,,,,,508,60.86,2026-04-24T09:26:41Z,2026-05-13T10:00:44Z
381,1174,delivered,,1395,0,2,,,,,,42.25,2026-05-03T11:31:29Z,2026-05-13T10:00:44Z
382,840,delivered,,2050,7.99,11,,,,,,17.77,2026-04-13T05:25:34Z,2026-05-13T10:00:44Z
383,1990,cancelled,Port appointment missed,720,7.99,4,,,,,1498,66.43,2026-04-07T02:11:28Z,2026-05-13T10:00:44Z
384,836,pending,,942,7.99,,,,,,4601,91.6,2026-03-29T05:19:39Z,2026-05-13T10:00:44Z
385,773,confirmed,,2720,7.99,1,,,,,602,71.13,2026-04-24T14:46:18Z,2026-05-13T10:00:44Z
386,1285,processing,,1275,7.99,3,,,,,,73.54,2026-05-04T18:00:59Z,2026-05-13T10:00:44Z
387,1863,shipped,,1735,7.99,1,,,,,,50.32,2026-03-15T12:36:04Z,2026-05-13T10:00:44Z
388,1960,delivered,,360,7.99,9,,,,,3166,27.25,2026-04-26T22:29:24Z,2026-05-13T10:00:44Z
389,1879,delivered,,3395,7.99,11,,,,,,56.44,2026-03-18T18:37:11Z,2026-05-13T10:00:44Z
390,713,delivered,,3240,7.99,10,,,,,,33.74,2026-04-02T09:09:07Z,2026-05-13T10:00:44Z
391,215,cancelled,Equipment unavailable for requested service,3067,0,8,,,,,,14.18,2026-04-27T11:27:41Z,2026-05-13T10:00:44Z
392,53,pending,,4760,0,,,,,,,61.19,2026-04-22T18:23:34Z,2026-05-13T10:00:44Z
393,711,confirmed,,2935,7.99,1,,,,,2088,53.03,2026-04-16T17:36:33Z,2026-05-13T10:00:44Z
394,1709,processing,,2560,0,6,,,,,,18.23,2026-05-09T08:59:19Z,2026-05-13T10:00:44Z
395,1262,shipped,,817,7.99,6,,,,,,36.01,2026-03-27T23:01:41Z,2026-05-13T10:00:44Z
396,1334,delivered,,3599,0,6,,,,,,41.5,2026-03-31T13:31:16Z,2026-05-13T10:00:44Z
397,1716,delivered,,780,7.99,7,,,,,,72.48,2026-04-15T14:07:44Z,2026-05-13T10:00:44Z
398,119,delivered,,290,7.99,3,,,,,,42.65,2026-05-03T21:47:07Z,2026-05-13T10:00:44Z
399,1155,cancelled,Capacity unavailable at assigned terminal,1130,7.99,7,,,,,,45.74,2026-04-24T16:29:19Z,2026-05-13T10:00:44Z
400,325,pending,,1305,7.99,,,,,,3842,83.73,2026-03-16T12:10:31Z,2026-05-13T10:00:44Z
401,652,confirmed,,1630,0,3,,,,,,27.48,2026-05-12T22:40:45Z,2026-05-13T10:00:44Z
402,532,processing,,3180,0,12,,,,,3894,41.97,2026-05-09T16:42:56Z,2026-05-13T10:00:44Z
403,1319,shipped,,190,7.99,6,,,,,,75.91,2026-03-23T23:26:10Z,2026-05-13T10:00:44Z
404,533,delivered,,1520,0,6,,,,,4130,91.66,2026-04-22T22:33:25Z,2026-05-13T10:00:44Z
405,1940,delivered,,1300,7.99,10,,,,,,48.14,2026-04-06T02:42:56Z,2026-05-13T10:00:44Z
406,1957,delivered,,2165,14.99,6,,,,,,20.16,2026-05-07T05:01:26Z,2026-05-13T10:00:44Z
407,428,cancelled,Shipper cancelled tender,900,7.99,8,,,,,,85.49,2026-04-12T05:18:56Z,2026-05-13T10:00:44Z
408,429,pending,,4453,7.99,,,,,,,14.26,2026-05-07T13:55:09Z,2026-05-13T10:00:44Z
409,695,confirmed,,420,7.99,5,,,,,467,83.36,2026-04-11T14:04:42Z,2026-05-13T10:00:44Z
410,1243,processing,,3245,7.99,8,,,,,,70.32,2026-04-18T03:29:00Z,2026-05-13T10:00:44Z
411,1002,shipped,,1450,14.99,12,,,,,766,21.43,2026-03-14T17:15:53Z,2026-05-13T10:00:44Z
412,1878,delivered,,1892,14.99,2,,,,,,15.38,2026-04-13T18:06:46Z,2026-05-13T10:00:44Z
413,1056,delivered,,2428,7.99,8,,,,,,72.99,2026-04-15T22:21:49Z,2026-05-13T10:00:44Z
414,1135,delivered,,2760,14.99,9,,,,,,68.66,2026-05-06T10:12:39Z,2026-05-13T10:00:44Z
415,303,cancelled,Missed pickup appointment window,2355,14.99,2,,,,,,13.66,2026-03-28T21:50:53Z,2026-05-13T10:00:44Z
416,750,pending,,230,7.99,,,,,,,16.64,2026-03-19T00:14:27Z,2026-05-13T10:00:44Z
417,1687,confirmed,,2085,7.99,11,,,,,,15.95,2026-04-01T23:01:45Z,2026-05-13T10:00:44Z
418,1788,processing,,1805,0,11,,,,,,94.06,2026-04-07T16:08:13Z,2026-05-13T10:00:44Z
419,1694,shipped,,240,7.99,5,,,,,,75.43,2026-03-20T07:52:23Z,2026-05-13T10:00:44Z
420,189,delivered,,1088,7.99,9,,,,,,60.93,2026-03-23T18:14:31Z,2026-05-13T10:00:44Z
421,1411,delivered,,1530,7.99,6,,,,,,67.74,2026-03-27T11:40:57Z,2026-05-13T10:00:44Z
422,30,delivered,,1460,7.99,2,,,,,2604,24.46,2026-05-12T06:36:03Z,2026-05-13T10:00:44Z
423,1272,cancelled,Weather disruption on planned lane,2170,7.99,5,,,,,4223,16.31,2026-03-15T07:16:25Z,2026-05-13T10:00:44Z
424,464,pending,,930,0,,,,,,,89.22,2026-05-01T09:06:17Z,2026-05-13T10:00:44Z
425,1190,confirmed,,700,14.99,3,,,,,,30.5,2026-04-29T09:11:42Z,2026-05-13T10:00:44Z
426,934,processing,,1700,7.99,6,,,,,,22.06,2026-04-21T02:06:34Z,2026-05-13T10:00:44Z
427,1666,shipped,,2130,0,10,,,,,3207,55.85,2026-05-11T16:41:23Z,2026-05-13T10:00:44Z
428,1556,delivered,,471,7.99,4,,,,,,94.86,2026-04-05T06:05:48Z,2026-05-13T10:00:44Z
429,444,delivered,,665,0,5,,,,,,52.37,2026-03-21T15:21:21Z,2026-05-13T10:00:44Z
430,166,delivered,,2225,0,9,,,,,4739,70.82,2026-04-10T03:11:06Z,2026-05-13T10:00:44Z
431,274,cancelled,Permit or documentation issue,290,14.99,3,,,,,,81.71,2026-05-13T02:07:15Z,2026-05-13T10:00:44Z
432,1637,pending,,2690,0,,,,,,1443,56.48,2026-03-17T14:22:36Z,2026-05-13T10:00:44Z
433,633,confirmed,,130,7.99,2,,,,,,38.82,2026-03-14T18:00:31Z,2026-05-13T10:00:44Z
434,449,processing,,1075,7.99,10,,,,,,66.39,2026-05-09T02:08:39Z,2026-05-13T10:00:44Z
435,301,shipped,,1320,7.99,4,,,,,,86.77,2026-03-24T16:53:43Z,2026-05-13T10:00:44Z
436,283,delivered,,1020,0,10,,,,,,62.16,2026-05-01T16:38:52Z,2026-05-13T10:00:44Z
437,39,delivered,,780,7.99,12,,,,,,83.96,2026-05-03T07:19:49Z,2026-05-13T10:00:44Z
438,874,delivered,,1560,0,3,,,,,4530,70.96,2026-03-23T05:36:00Z,2026-05-13T10:00:44Z
439,781,cancelled,Carrier no-show,1560,14.99,4,,,,,,91.06,2026-04-09T04:57:51Z,2026-05-13T10:00:44Z
440,868,pending,,3360,14.99,,,,,,,88.91,2026-03-26T16:25:19Z,2026-05-13T10:00:44Z
441,1410,confirmed,,570,0,11,,,,,3205,45.41,2026-05-11T00:13:46Z,2026-05-13T10:00:44Z
442,213,processing,,3315,7.99,5,,,,,,38.47,2026-03-28T07:11:43Z,2026-05-13T10:00:44Z
443,1474,shipped,,2485,7.99,7,,,,,,20.03,2026-05-02T00:27:42Z,2026-05-13T10:00:44Z
444,1129,delivered,,370,0,3,,,,,769,53.37,2026-05-02T05:52:13Z,2026-05-13T10:00:44Z
445,1719,delivered,,2585,0,3,,,,,382,52.28,2026-03-27T01:24:48Z,2026-05-13T10:00:44Z
446,1192,delivered,,2880,0,12,,,,,,90.99,2026-03-28T15:44:31Z,2026-05-13T10:00:44Z
447,1235,cancelled,Port appointment missed,575,7.99,4,,,,,,16.6,2026-04-26T18:55:28Z,2026-05-13T10:00:44Z
448,790,pending,,2160,7.99,,,,,,,30.82,2026-03-29T11:43:28Z,2026-05-13T10:00:44Z
449,1319,confirmed,,1770,0,3,,,,,,38.66,2026-04-12T17:14:53Z,2026-05-13T10:00:44Z
450,1044,processing,,1625,0,12,,,,,3290,47.9,2026-04-03T16:08:30Z,2026-05-13T10:00:44Z
451,1980,shipped,,390,0,3,,,,,1890,71.1,2026-04-18T12:37:01Z,2026-05-13T10:00:44Z
452,1906,delivered,,885,0,1,,,,,,35.76,2026-03-20T05:56:00Z,2026-05-13T10:00:44Z
453,1984,delivered,,1485,7.99,2,,,,,665,19.94,2026-03-28T23:52:31Z,2026-05-13T10:00:44Z
454,696,delivered,,510,0,7,,,,,,39.69,2026-05-11T23:31:57Z,2026-05-13T10:00:44Z
455,1648,cancelled,Equipment unavailable for requested service,1310,7.99,9,,,,,4039,23.77,2026-03-26T18:34:02Z,2026-05-13T10:00:44Z
456,1785,pending,,1100,7.99,,,,,,2035,67.05,2026-04-25T13:59:54Z,2026-05-13T10:00:44Z
457,1394,confirmed,,1040,7.99,12,,,,,,58.84,2026-03-30T15:30:52Z,2026-05-13T10:00:44Z
458,1567,processing,,2920,0,2,,,,,,51.83,2026-05-08T19:24:46Z,2026-05-13T10:00:44Z
459,724,shipped,,1500,0,1,,,,,1819,27.66,2026-05-07T13:10:38Z,2026-05-13T10:00:44Z
460,1351,delivered,,1549,7.99,7,,,,,,73.58,2026-04-11T02:20:37Z,2026-05-13T10:00:44Z
461,1691,delivered,,160,0,7,,,,,,72.62,2026-04-12T13:01:28Z,2026-05-13T10:00:44Z
462,646,delivered,,1110,14.99,1,,,,,,68.94,2026-05-06T02:58:55Z,2026-05-13T10:00:44Z
463,1959,cancelled,Capacity unavailable at assigned terminal,525,7.99,12,,,,,,92.76,2026-05-02T21:10:02Z,2026-05-13T10:00:44Z
464,911,pending,,630,7.99,,,,,,,30.87,2026-04-12T23:46:29Z,2026-05-13T10:00:44Z
465,1467,confirmed,,3520,0,2,,,,,4244,64.11,2026-03-30T06:16:20Z,2026-05-13T10:00:44Z
466,992,processing,,1915,14.99,1,,,,,,55.5,2026-03-29T21:32:15Z,2026-05-13T10:00:44Z
467,1656,shipped,,1970,7.99,8,,,,,,67.81,2026-03-20T22:04:59Z,2026-05-13T10:00:44Z
468,1785,delivered,,2500,7.99,4,,,,,,66.7,2026-04-02T08:53:18Z,2026-05-13T10:00:44Z
469,189,delivered,,1070,7.99,5,,,,,,89.08,2026-04-28T20:29:28Z,2026-05-13T10:00:44Z
470,714,delivered,,4035,0,5,,,,,1063,67.49,2026-04-21T21:31:12Z,2026-05-13T10:00:44Z
471,605,cancelled,Shipper cancelled tender,1872,0,2,,,,,936,89.12,2026-03-31T10:45:02Z,2026-05-13T10:00:44Z
472,1477,pending,,1080,0,,,,,,,61.27,2026-05-08T01:12:17Z,2026-05-13T10:00:44Z
473,1983,confirmed,,145,14.99,3,,,,,,21.14,2026-03-28T09:00:48Z,2026-05-13T10:00:44Z
474,1423,processing,,290,7.99,7,,,,,1830,70.89,2026-03-23T08:51:35Z,2026-05-13T10:00:44Z
475,1207,shipped,,145,14.99,5,,,,,3432,66.55,2026-05-05T17:25:10Z,2026-05-13T10:00:44Z
476,986,delivered,,1130,7.99,1,,,,,,36.38,2026-04-23T12:19:41Z,2026-05-13T10:00:44Z
477,37,delivered,,4070,7.99,6,,,,,,51.12,2026-03-21T17:26:03Z,2026-05-13T10:00:44Z
478,1585,delivered,,1427,0,11,,,,,,47.67,2026-03-26T19:29:26Z,2026-05-13T10:00:44Z
479,1724,cancelled,Missed pickup appointment window,2142,0,7,,,,,3074,77.32,2026-04-15T02:53:31Z,2026-05-13T10:00:44Z
480,242,pending,,852,0,,,,,,,81.55,2026-05-11T22:54:40Z,2026-05-13T10:00:44Z
481,1704,confirmed,,190,7.99,3,,,,,,35.02,2026-04-08T10:00:20Z,2026-05-13T10:00:44Z
482,332,processing,,1005,0,12,,,,,,36.77,2026-03-26T18:14:21Z,2026-05-13T10:00:44Z
483,54,shipped,,440,7.99,1,,,,,4590,84.82,2026-04-01T14:25:00Z,2026-05-13T10:00:44Z
484,1416,delivered,,170,7.99,5,,,,,408,15.07,2026-03-30T15:56:14Z,2026-05-13T10:00:44Z
485,555,delivered,,2170,7.99,12,,,,,793,75.42,2026-05-07T08:05:34Z,2026-05-13T10:00:44Z
486,126,delivered,,4130,0,11,,,,,,52.29,2026-03-28T19:39:47Z,2026-05-13T10:00:44Z
487,314,cancelled,Weather disruption on planned lane,290,7.99,4,,,,,,76.78,2026-04-21T21:18:41Z,2026-05-13T10:00:44Z
488,1866,pending,,1560,0,,,,,,,10.47,2026-04-14T10:06:22Z,2026-05-13T10:00:44Z
489,216,confirmed,,1215,0,4,,,,,,79.88,2026-03-16T12:30:05Z,2026-05-13T10:00:44Z
490,1590,processing,,805,7.99,12,,,,,,10.03,2026-04-06T17:37:13Z,2026-05-13T10:00:44Z
491,456,shipped,,1215,7.99,4,,,,,,52.44,2026-04-27T08:04:41Z,2026-05-13T10:00:44Z
492,1957,delivered,,1105,7.99,12,,,,,4544,20.26,2026-04-01T09:25:29Z,2026-05-13T10:00:44Z
493,1978,delivered,,1215,0,6,,,,,4040,25.57,2026-03-25T13:33:53Z,2026-05-13T10:00:44Z
494,768,delivered,,2665,14.99,3,,,,,,53.51,2026-04-07T17:05:07Z,2026-05-13T10:00:44Z
495,726,cancelled,Permit or documentation issue,4565,14.99,10,,,,,3216,53.18,2026-04-18T02:06:44Z,2026-05-13T10:00:44Z
496,782,pending,,1560,7.99,,,,,,,57.67,2026-03-30T06:43:46Z,2026-05-13T10:00:44Z
497,862,confirmed,,595,0,2,,,,,254,76.03,2026-05-03T04:31:52Z,2026-05-13T10:00:44Z
498,1770,processing,,1930,7.99,4,,,,,,83.35,2026-03-14T21:03:21Z,2026-05-13T10:00:44Z
499,1699,shipped,,1585,14.99,6,,,,,,69.38,2026-04-12T14:59:17Z,2026-05-13T10:00:44Z
500,1739,delivered,,4425,7.99,1,,,,,3753,63.64,2026-04-04T08:46:48Z,2026-05-13T10:00:44Z
501,1033,delivered,,1540,14.99,2,,,,,,10.2,2026-05-04T20:08:20Z,2026-05-13T10:00:44Z
502,240,delivered,,3800,7.99,6,,,,,2124,20.51,2026-04-11T21:36:42Z,2026-05-13T10:00:44Z
503,88,cancelled,Carrier no-show,1267,0,8,,,,,,35.25,2026-03-30T01:01:13Z,2026-05-13T10:00:44Z
504,1520,pending,,1120,7.99,,,,,,,64.4,2026-05-06T21:36:51Z,2026-05-13T10:00:44Z
505,880,confirmed,,2365,0,5,,,,,,74.55,2026-05-09T19:52:27Z,2026-05-13T10:00:44Z
506,403,processing,,2160,0,11,,,,,,29.34,2026-04-26T04:33:07Z,2026-05-13T10:00:44Z
507,1407,shipped,,455,14.99,10,,,,,,41.31,2026-03-27T11:54:09Z,2026-05-13T10:00:44Z
508,1231,delivered,,910,7.99,1,,,,,,91.94,2026-04-15T02:56:48Z,2026-05-13T10:00:44Z
509,1527,delivered,,1335,7.99,7,,,,,323,64.2,2026-03-28T08:19:28Z,2026-05-13T10:00:44Z
510,78,delivered,,325,14.99,7,,,,,,16.17,2026-03-25T23:32:50Z,2026-05-13T10:00:44Z
511,1091,cancelled,Port appointment missed,4825,0,10,,,,,,13.55,2026-03-19T00:35:00Z,2026-05-13T10:00:44Z
512,1467,pending,,1875,7.99,,,,,,,60.47,2026-04-20T17:01:02Z,2026-05-13T10:00:44Z
513,841,confirmed,,570,14.99,7,,,,,,71.04,2026-04-30T03:34:26Z,2026-05-13T10:00:44Z
514,72,processing,,650,14.99,5,,,,,,44.51,2026-03-23T22:13:41Z,2026-05-13T10:00:44Z
515,1729,shipped,,520,7.99,5,,,,,,85.21,2026-03-16T07:31:40Z,2026-05-13T10:00:44Z
516,1107,delivered,,650,7.99,6,,,,,2525,15.96,2026-03-16T22:28:43Z,2026-05-13T10:00:44Z
517,1794,delivered,,2340,7.99,6,,,,,3811,39.75,2026-05-07T23:45:34Z,2026-05-13T10:00:44Z
518,1546,delivered,,1195,7.99,8,,,,,,58.69,2026-04-09T09:31:53Z,2026-05-13T10:00:44Z
519,1168,cancelled,Equipment unavailable for requested service,1235,0,10,,,,,3653,94.89,2026-04-25T17:08:45Z,2026-05-13T10:00:44Z
520,1868,pending,,1220,7.99,,,,,,,37.76,2026-03-18T22:14:13Z,2026-05-13T10:00:44Z
521,553,confirmed,,2220,7.99,9,,,,,,85.78,2026-04-04T15:20:06Z,2026-05-13T10:00:44Z
522,926,processing,,1620,7.99,7,,,,,,30.91,2026-04-26T09:48:02Z,2026-05-13T10:00:44Z
523,387,shipped,,2030,7.99,5,,,,,,37.89,2026-04-25T07:18:15Z,2026-05-13T10:00:44Z
524,908,delivered,,160,0,9,,,,,,48.88,2026-04-18T10:52:12Z,2026-05-13T10:00:44Z
525,980,delivered,,2315,7.99,1,,,,,1025,57.69,2026-03-29T19:47:14Z,2026-05-13T10:00:44Z
526,1451,delivered,,1347,14.99,4,,,,,4819,51.31,2026-04-25T04:36:43Z,2026-05-13T10:00:44Z
527,1884,cancelled,Capacity unavailable at assigned terminal,630,7.99,10,,,,,,90.4,2026-05-05T00:13:36Z,2026-05-13T10:00:44Z
528,468,pending,,925,7.99,,,,,,,25.42,2026-04-04T19:01:00Z,2026-05-13T10:00:44Z
529,410,confirmed,,250,14.99,2,,,,,,63.39,2026-03-26T11:04:00Z,2026-05-13T10:00:44Z
530,38,processing,,2770,7.99,4,,,,,2686,18.32,2026-04-10T22:15:06Z,2026-05-13T10:00:44Z
531,13,shipped,,475,14.99,10,,,,,,16.34,2026-03-26T08:48:45Z,2026-05-13T10:00:44Z
532,1015,delivered,,1035,0,6,,,,,4275,31.15,2026-04-20T10:57:15Z,2026-05-13T10:00:44Z
533,1723,delivered,,2002,7.99,9,,,,,,36.01,2026-03-25T05:58:20Z,2026-05-13T10:00:44Z
534,1290,delivered,,2775,7.99,12,,,,,,76.44,2026-04-15T07:54:16Z,2026-05-13T10:00:44Z
535,1985,cancelled,Shipper cancelled tender,380,7.99,7,,,,,4941,42.95,2026-04-20T14:14:32Z,2026-05-13T10:00:44Z
536,1061,pending,,955,7.99,,,,,,,55.04,2026-05-08T11:03:10Z,2026-05-13T10:00:44Z
537,765,confirmed,,735,7.99,12,,,,,,90.74,2026-04-29T13:21:13Z,2026-05-13T10:00:44Z
538,1708,processing,,2865,7.99,2,,,,,,49,2026-05-05T21:34:26Z,2026-05-13T10:00:44Z
539,1844,shipped,,245,7.99,12,,,,,,16.87,2026-04-22T01:43:30Z,2026-05-13T10:00:44Z
540,277,delivered,,1290,14.99,3,,,,,401,89.93,2026-04-22T21:35:38Z,2026-05-13T10:00:44Z
541,1237,delivered,,1700,7.99,4,,,,,,12.03,2026-05-01T22:43:02Z,2026-05-13T10:00:44Z
542,170,delivered,,1950,7.99,10,,,,,,30.84,2026-03-24T13:22:44Z,2026-05-13T10:00:44Z
543,1476,cancelled,Missed pickup appointment window,1504,7.99,7,,,,,,55.7,2026-03-30T10:57:11Z,2026-05-13T10:00:44Z
544,1070,pending,,2565,14.99,,,,,,3088,69.18,2026-05-10T21:32:55Z,2026-05-13T10:00:44Z
545,263,confirmed,,625,0,12,,,,,3743,46.8,2026-03-26T04:10:39Z,2026-05-13T10:00:44Z
546,1047,processing,,2195,7.99,1,,,,,,74.64,2026-04-17T08:51:38Z,2026-05-13T10:00:44Z
547,593,shipped,,270,0,11,,,,,,59.13,2026-04-17T11:54:42Z,2026-05-13T10:00:44Z
548,1918,delivered,,2870,0,9,,,,,4614,84.01,2026-04-11T00:48:42Z,2026-05-13T10:00:44Z
549,445,delivered,,1950,0,12,,,,,,25.9,2026-04-19T00:40:56Z,2026-05-13T10:00:44Z
550,1166,delivered,,2445,7.99,8,,,,,2121,19.95,2026-05-03T11:37:08Z,2026-05-13T10:00:44Z
551,292,cancelled,Weather disruption on planned lane,420,7.99,11,,,,,3856,23.13,2026-03-31T23:32:51Z,2026-05-13T10:00:44Z
552,1311,pending,,985,7.99,,,,,,,54.89,2026-04-03T03:02:37Z,2026-05-13T10:00:44Z
553,1918,confirmed,,2340,7.99,1,,,,,,69.13,2026-04-02T10:19:09Z,2026-05-13T10:00:44Z
554,1347,processing,,2635,14.99,2,,,,,,63.08,2026-03-22T02:53:51Z,2026-05-13T10:00:44Z
555,651,shipped,,2230,7.99,3,,,,,,30.14,2026-03-27T07:32:33Z,2026-05-13T10:00:44Z
556,1535,delivered,,3300,0,2,,,,,,24.34,2026-04-19T11:08:19Z,2026-05-13T10:00:44Z
557,1865,delivered,,485,7.99,8,,,,,4552,75.58,2026-03-23T00:48:36Z,2026-05-13T10:00:44Z
558,1706,delivered,,2167,0,4,,,,,,70.12,2026-03-19T19:08:08Z,2026-05-13T10:00:44Z
559,582,cancelled,Permit or documentation issue,3870,7.99,6,,,,,,69.1,2026-04-10T16:57:36Z,2026-05-13T10:00:44Z
560,1021,pending,,1135,7.99,,,,,,,60.46,2026-03-21T10:51:25Z,2026-05-13T10:00:44Z
561,230,confirmed,,2240,0,5,,,,,,44.18,2026-05-13T05:31:04Z,2026-05-13T10:00:44Z
562,1967,processing,,2905,0,4,,,,,,40.78,2026-04-19T01:04:01Z,2026-05-13T10:00:44Z
563,874,shipped,,290,7.99,3,,,,,495,24.61,2026-04-16T07:13:43Z,2026-05-13T10:00:44Z
564,391,delivered,,2375,7.99,7,,,,,,69.17,2026-03-28T15:43:32Z,2026-05-13T10:00:44Z
565,761,delivered,,1540,7.99,6,,,,,212,33.22,2026-04-19T03:21:38Z,2026-05-13T10:00:44Z
566,20,delivered,,1280,7.99,6,,,,,,42.08,2026-04-10T09:04:46Z,2026-05-13T10:00:44Z
567,1244,cancelled,Carrier no-show,1717,7.99,9,,,,,,14.49,2026-04-27T17:13:14Z,2026-05-13T10:00:44Z
568,336,pending,,2360,0,,,,,,,63.74,2026-04-07T20:08:53Z,2026-05-13T10:00:44Z
569,1679,confirmed,,210,7.99,11,,,,,,85.83,2026-04-15T00:41:49Z,2026-05-13T10:00:44Z
570,329,processing,,760,0,1,,,,,,58.54,2026-04-14T00:27:00Z,2026-05-13T10:00:44Z
571,1310,shipped,,2800,7.99,12,,,,,,18.08,2026-03-26T18:57:19Z,2026-05-13T10:00:44Z
572,1963,delivered,,950,7.99,2,,,,,,13.25,2026-03-24T11:52:26Z,2026-05-13T10:00:44Z
573,845,delivered,,3070,0,12,,,,,,69.29,2026-04-13T11:10:03Z,2026-05-13T10:00:44Z
574,1854,delivered,,270,7.99,7,,,,,,41.55,2026-04-23T19:25:04Z,2026-05-13T10:00:44Z
575,95,cancelled,Port appointment missed,900,7.99,2,,,,,2980,42.49,2026-04-24T00:28:00Z,2026-05-13T10:00:44Z
576,436,pending,,1740,7.99,,,,,,,18.32,2026-04-22T06:03:33Z,2026-05-13T10:00:44Z
577,1562,confirmed,,595,0,5,,,,,,16.42,2026-03-18T08:02:17Z,2026-05-13T10:00:44Z
578,112,processing,,250,7.99,8,,,,,,16.52,2026-03-18T17:59:35Z,2026-05-13T10:00:44Z
579,1359,shipped,,360,7.99,1,,,,,246,25.31,2026-04-01T12:16:12Z,2026-05-13T10:00:44Z
580,765,delivered,,555,0,4,,,,,,36.82,2026-03-29T20:54:22Z,2026-05-13T10:00:44Z
581,1823,delivered,,1630,0,12,,,,,,34.73,2026-04-24T17:43:43Z,2026-05-13T10:00:44Z
582,457,delivered,,975,0,4,,,,,,75.55,2026-04-29T07:14:49Z,2026-05-13T10:00:44Z
583,751,cancelled,Equipment unavailable for requested service,2120,7.99,5,,,,,,35.19,2026-04-13T22:26:09Z,2026-05-13T10:00:44Z
584,1346,pending,,940,0,,,,,,,45.58,2026-04-29T21:36:52Z,2026-05-13T10:00:44Z
585,1685,confirmed,,2550,0,9,,,,,,13.41,2026-04-29T05:24:38Z,2026-05-13T10:00:44Z
586,1035,processing,,190,7.99,12,,,,,,71.9,2026-05-09T01:23:05Z,2026-05-13T10:00:44Z
587,1434,shipped,,1995,7.99,7,,,,,,10.87,2026-05-02T17:45:20Z,2026-05-13T10:00:44Z
588,908,delivered,,2010,7.99,7,,,,,3330,38.17,2026-04-11T10:01:47Z,2026-05-13T10:00:44Z
589,1504,delivered,,2130,7.99,8,,,,,,54.9,2026-04-04T22:24:15Z,2026-05-13T10:00:44Z
590,1957,delivered,,465,7.99,5,,,,,,41.64,2026-04-08T13:01:52Z,2026-05-13T10:00:44Z
591,318,cancelled,Capacity unavailable at assigned terminal,360,14.99,7,,,,,,26.38,2026-04-07T14:03:03Z,2026-05-13T10:00:44Z
592,19,pending,,1540,7.99,,,,,,,65.55,2026-04-07T08:53:06Z,2026-05-13T10:00:44Z
593,1039,confirmed,,655,7.99,5,,,,,1273,69.88,2026-03-31T04:50:19Z,2026-05-13T10:00:44Z
594,519,processing,,775,14.99,6,,,,,,42.75,2026-04-06T23:08:57Z,2026-05-13T10:00:44Z
595,41,shipped,,1290,7.99,3,,,,,,76.07,2026-05-11T21:09:11Z,2026-05-13T10:00:44Z
596,1400,delivered,,2239,7.99,12,,,,,,15.85,2026-04-27T23:55:02Z,2026-05-13T10:00:44Z
597,758,delivered,,2110,7.99,1,,,,,,39.5,2026-03-29T16:22:28Z,2026-05-13T10:00:44Z
598,1150,delivered,,360,0,3,,,,,1389,64.34,2026-04-21T22:09:53Z,2026-05-13T10:00:44Z
599,498,cancelled,Shipper cancelled tender,1910,7.99,9,,,,,,74.49,2026-04-14T07:47:11Z,2026-05-13T10:00:44Z
600,850,pending,,2730,0,,,,,,1818,93.68,2026-05-04T05:01:37Z,2026-05-13T10:00:44Z
601,502,confirmed,,1780,14.99,8,,,,,,66.03,2026-04-27T05:23:06Z,2026-05-13T10:00:44Z
602,977,processing,,1710,7.99,8,,,,,,42.02,2026-04-04T12:45:13Z,2026-05-13T10:00:44Z
603,232,shipped,,600,7.99,7,,,,,,69.27,2026-05-02T05:44:39Z,2026-05-13T10:00:44Z
604,1095,delivered,,520,7.99,1,,,,,4191,70.3,2026-03-29T12:42:12Z,2026-05-13T10:00:44Z
605,158,delivered,,2785,14.99,4,,,,,4800,26.71,2026-05-10T07:47:09Z,2026-05-13T10:00:44Z
606,1184,delivered,,1705,7.99,4,,,,,,10.36,2026-03-18T01:06:03Z,2026-05-13T10:00:44Z
607,1708,cancelled,Missed pickup appointment window,955,0,4,,,,,4965,88.35,2026-03-16T05:00:10Z,2026-05-13T10:00:44Z
608,983,pending,,1150,0,,,,,,,46.49,2026-05-01T08:47:36Z,2026-05-13T10:00:44Z
609,699,confirmed,,1930,0,12,,,,,,71.67,2026-04-12T00:22:38Z,2026-05-13T10:00:44Z
610,1508,processing,,890,7.99,7,,,,,,51.05,2026-04-27T00:46:14Z,2026-05-13T10:00:44Z
611,826,shipped,,1670,0,7,,,,,,17.44,2026-03-27T11:51:40Z,2026-05-13T10:00:44Z
612,933,delivered,,2960,7.99,11,,,,,528,67.83,2026-04-01T18:37:56Z,2026-05-13T10:00:44Z
613,363,delivered,,1955,7.99,2,,,,,1271,76.58,2026-05-06T04:18:50Z,2026-05-13T10:00:44Z
614,1769,delivered,,519,7.99,9,,,,,4450,14.17,2026-04-14T03:25:50Z,2026-05-13T10:00:44Z
615,1161,cancelled,Weather disruption on planned lane,520,7.99,4,,,,,,45.74,2026-03-15T19:54:57Z,2026-05-13T10:00:44Z
616,1679,pending,,1625,0,,,,,,,61.37,2026-04-18T01:41:35Z,2026-05-13T10:00:44Z
617,428,confirmed,,2560,14.99,2,,,,,,83.12,2026-04-19T16:20:31Z,2026-05-13T10:00:44Z
618,822,processing,,1740,0,10,,,,,,17.84,2026-03-18T08:37:07Z,2026-05-13T10:00:44Z
619,42,shipped,,1040,7.99,4,,,,,,25.45,2026-05-10T04:43:31Z,2026-05-13T10:00:44Z
620,134,delivered,,780,0,6,,,,,,82.25,2026-03-22T06:42:06Z,2026-05-13T10:00:44Z
621,296,delivered,,1665,0,5,,,,,,45.79,2026-03-27T02:27:27Z,2026-05-13T10:00:44Z
622,750,delivered,,1940,0,9,,,,,2914,76.67,2026-04-04T05:06:27Z,2026-05-13T10:00:44Z
623,1941,cancelled,Permit or documentation issue,455,0,12,,,,,,90.3,2026-04-15T13:25:50Z,2026-05-13T10:00:44Z
624,54,pending,,185,14.99,,,,,,1329,33.38,2026-03-29T00:27:59Z,2026-05-13T10:00:44Z
625,1033,confirmed,,1620,0,6,,,,,,67.42,2026-03-29T04:24:19Z,2026-05-13T10:00:44Z
626,640,processing,,310,7.99,9,,,,,,20.33,2026-03-20T13:50:47Z,2026-05-13T10:00:44Z
627,1949,shipped,,375,0,2,,,,,,58.89,2026-04-22T23:19:03Z,2026-05-13T10:00:44Z
628,1470,delivered,,2810,7.99,5,,,,,,24.11,2026-03-21T10:02:47Z,2026-05-13T10:00:44Z
629,1754,delivered,,630,7.99,7,,,,,,67.27,2026-05-07T14:43:11Z,2026-05-13T10:00:44Z
630,37,delivered,,1510,7.99,10,,,,,3232,49.18,2026-05-12T02:10:57Z,2026-05-13T10:00:44Z
631,1970,cancelled,Carrier no-show,1760,0,7,,,,,,73.83,2026-04-21T01:44:14Z,2026-05-13T10:00:44Z
632,1165,pending,,3080,7.99,,,,,,,90.28,2026-05-09T21:40:25Z,2026-05-13T10:00:44Z
633,251,confirmed,,1025,7.99,1,,,,,,33,2026-04-20T12:54:33Z,2026-05-13T10:00:44Z
634,1984,processing,,1260,0,4,,,,,3215,54.32,2026-03-17T18:50:36Z,2026-05-13T10:00:44Z
635,1922,shipped,,2860,7.99,11,,,,,,39.76,2026-04-28T05:38:30Z,2026-05-13T10:00:44Z
636,866,delivered,,1460,7.99,5,,,,,3383,46.75,2026-05-12T06:50:14Z,2026-05-13T10:00:44Z
637,923,delivered,,2980,7.99,10,,,,,,38.71,2026-03-31T10:26:15Z,2026-05-13T10:00:44Z
638,1017,delivered,,2682,7.99,1,,,,,,47.01,2026-04-17T06:32:04Z,2026-05-13T10:00:44Z
639,773,cancelled,Port appointment missed,2235,14.99,4,,,,,,55.22,2026-04-25T03:03:33Z,2026-05-13T10:00:44Z
640,457,pending,,3839,7.99,,,,,,,82.2,2026-03-30T09:31:44Z,2026-05-13T10:00:44Z
641,1466,confirmed,,735,7.99,10,,,,,4566,44.75,2026-05-02T08:56:43Z,2026-05-13T10:00:44Z
642,299,processing,,1640,7.99,2,,,,,,86.75,2026-05-06T05:11:53Z,2026-05-13T10:00:44Z
643,1413,shipped,,135,7.99,3,,,,,,14.95,2026-04-05T04:54:20Z,2026-05-13T10:00:44Z
644,481,delivered,,2820,7.99,6,,,,,,85.7,2026-03-22T01:47:03Z,2026-05-13T10:00:44Z
645,91,delivered,,3215,0,6,,,,,,60.46,2026-04-20T19:18:37Z,2026-05-13T10:00:44Z
646,1263,delivered,,3455,0,1,,,,,,23.52,2026-04-24T14:47:16Z,2026-05-13T10:00:44Z
647,2000,cancelled,Equipment unavailable for requested service,480,14.99,1,,,,,,88.08,2026-04-09T16:01:56Z,2026-05-13T10:00:44Z
648,351,pending,,160,7.99,,,,,,,26.68,2026-05-07T10:19:05Z,2026-05-13T10:00:44Z
649,1855,confirmed,,475,0,5,,,,,,94.73,2026-03-23T05:40:00Z,2026-05-13T10:00:44Z
650,179,processing,,2420,0,9,,,,,,30.61,2026-04-09T06:28:20Z,2026-05-13T10:00:44Z
651,365,shipped,,1230,14.99,5,,,,,,71.91,2026-05-12T07:50:38Z,2026-05-13T10:00:44Z
652,16,delivered,,310,7.99,6,,,,,,12.72,2026-04-02T10:33:22Z,2026-05-13T10:00:44Z
653,220,delivered,,825,7.99,10,,,,,3676,19.54,2026-03-30T04:02:42Z,2026-05-13T10:00:44Z
654,1246,delivered,,3645,14.99,12,,,,,,74.66,2026-04-18T03:03:08Z,2026-05-13T10:00:44Z
655,256,cancelled,Capacity unavailable at assigned terminal,1350,14.99,10,,,,,,48.25,2026-05-10T19:00:21Z,2026-05-13T10:00:44Z
656,199,pending,,2090,7.99,,,,,,,65.44,2026-04-30T07:53:09Z,2026-05-13T10:00:44Z
657,481,confirmed,,339,7.99,6,,,,,,70.19,2026-04-03T10:34:33Z,2026-05-13T10:00:44Z
658,895,processing,,870,7.99,12,,,,,,78.74,2026-05-08T16:23:06Z,2026-05-13T10:00:44Z
659,167,shipped,,1980,7.99,7,,,,,,37.06,2026-04-30T04:46:26Z,2026-05-13T10:00:44Z
660,179,delivered,,3585,14.99,2,,,,,,46.83,2026-04-06T15:22:39Z,2026-05-13T10:00:44Z
661,275,delivered,,2440,7.99,5,,,,,,69.54,2026-03-15T08:18:17Z,2026-05-13T10:00:44Z
662,1761,delivered,,4435,14.99,12,,,,,2355,41.58,2026-05-02T01:09:15Z,2026-05-13T10:00:44Z
663,1737,cancelled,Shipper cancelled tender,1770,7.99,3,,,,,1449,44.88,2026-04-14T00:18:58Z,2026-05-13T10:00:44Z
664,1176,pending,,1040,7.99,,,,,,2415,93.16,2026-04-15T02:54:56Z,2026-05-13T10:00:44Z
665,652,confirmed,,1980,0,3,,,,,2616,46.33,2026-05-02T03:08:30Z,2026-05-13T10:00:44Z
666,1965,processing,,2010,7.99,1,,,,,,33.37,2026-03-16T05:36:25Z,2026-05-13T10:00:44Z
667,684,shipped,,2460,14.99,9,,,,,4388,58.11,2026-04-17T09:15:41Z,2026-05-13T10:00:44Z
668,441,delivered,,1010,7.99,10,,,,,,49.01,2026-05-06T01:51:30Z,2026-05-13T10:00:44Z
669,1904,delivered,,835,0,1,,,,,,45.36,2026-04-05T03:37:21Z,2026-05-13T10:00:44Z
670,1330,delivered,,4875,0,7,,,,,,20.72,2026-04-13T07:16:42Z,2026-05-13T10:00:44Z
671,1615,cancelled,Missed pickup appointment window,5490,7.99,12,,,,,,48.98,2026-03-21T01:59:33Z,2026-05-13T10:00:44Z
672,891,pending,,460,14.99,,,,,,,37.54,2026-05-11T07:23:23Z,2026-05-13T10:00:44Z
673,409,confirmed,,1600,7.99,10,,,,,,41.69,2026-04-15T02:26:24Z,2026-05-13T10:00:44Z
674,201,processing,,1367,0,2,,,,,,71.83,2026-05-09T17:10:27Z,2026-05-13T10:00:44Z
675,1609,shipped,,440,0,3,,,,,,81.06,2026-05-11T23:39:07Z,2026-05-13T10:00:44Z
676,169,delivered,,1040,7.99,10,,,,,2122,21.78,2026-05-03T02:12:26Z,2026-05-13T10:00:44Z
677,459,delivered,,3695,7.99,3,,,,,1883,59.49,2026-04-18T18:08:07Z,2026-05-13T10:00:44Z
678,1609,delivered,,270,7.99,8,,,,,,12.93,2026-04-23T22:25:56Z,2026-05-13T10:00:44Z
679,873,cancelled,Weather disruption on planned lane,1080,0,2,,,,,2003,22.97,2026-04-01T23:39:11Z,2026-05-13T10:00:44Z
680,151,pending,,915,7.99,,,,,,,43.6,2026-03-30T10:34:27Z,2026-05-13T10:00:44Z
681,73,confirmed,,3430,0,4,,,,,,18.19,2026-05-06T20:11:39Z,2026-05-13T10:00:44Z
682,536,processing,,705,7.99,3,,,,,,46.04,2026-03-14T23:50:55Z,2026-05-13T10:00:44Z
683,1071,shipped,,510,7.99,12,,,,,,70.27,2026-05-01T04:34:47Z,2026-05-13T10:00:44Z
684,468,delivered,,285,7.99,5,,,,,444,54.65,2026-04-21T19:08:45Z,2026-05-13T10:00:44Z
685,1438,delivered,,1253,7.99,2,,,,,,49.72,2026-04-27T07:41:06Z,2026-05-13T10:00:44Z
686,1599,delivered,,4485,7.99,11,,,,,,68.38,2026-03-23T00:47:50Z,2026-05-13T10:00:44Z
687,72,cancelled,Permit or documentation issue,3670,7.99,3,,,,,,86.74,2026-03-16T22:24:07Z,2026-05-13T10:00:44Z
688,1666,pending,,185,0,,,,,,,59.79,2026-05-08T07:22:28Z,2026-05-13T10:00:44Z
689,1393,confirmed,,1750,7.99,11,,,,,4244,11.44,2026-04-27T20:13:12Z,2026-05-13T10:00:44Z
690,554,processing,,1020,7.99,8,,,,,4232,31.48,2026-03-28T14:45:28Z,2026-05-13T10:00:44Z
691,169,shipped,,1080,7.99,7,,,,,1669,63.03,2026-04-29T01:05:32Z,2026-05-13T10:00:44Z
692,356,delivered,,1130,7.99,2,,,,,4977,50.62,2026-04-03T12:49:54Z,2026-05-13T10:00:44Z
693,1003,delivered,,535,7.99,2,,,,,,38.37,2026-04-18T05:35:25Z,2026-05-13T10:00:44Z
694,856,delivered,,1439,14.99,2,,,,,,46.39,2026-04-21T04:02:57Z,2026-05-13T10:00:44Z
695,1813,cancelled,Carrier no-show,1367,0,5,,,,,,26.15,2026-04-27T02:15:03Z,2026-05-13T10:00:44Z
696,689,pending,,3210,7.99,,,,,,202,52.82,2026-04-06T07:58:31Z,2026-05-13T10:00:44Z
697,1766,confirmed,,840,14.99,12,,,,,,15.25,2026-03-14T18:19:56Z,2026-05-13T10:00:44Z
698,1450,processing,,1625,0,8,,,,,,26.98,2026-04-17T21:05:19Z,2026-05-13T10:00:44Z
699,1934,shipped,,1040,7.99,7,,,,,3827,51.2,2026-04-18T13:27:43Z,2026-05-13T10:00:44Z
700,752,delivered,,345,0,12,,,,,,65.66,2026-05-02T23:42:22Z,2026-05-13T10:00:44Z
701,1414,delivered,,2780,0,8,,,,,,23.24,2026-03-21T03:38:15Z,2026-05-13T10:00:44Z
702,1715,delivered,,1388,14.99,1,,,,,,43.61,2026-04-10T10:13:04Z,2026-05-13T10:00:44Z
703,1567,cancelled,Port appointment missed,3390,14.99,3,,,,,,16.15,2026-04-03T06:32:31Z,2026-05-13T10:00:44Z
704,1054,pending,,3190,7.99,,,,,,1237,64.83,2026-03-16T03:56:15Z,2026-05-13T10:00:44Z
705,1035,confirmed,,1645,7.99,8,,,,,,57.89,2026-04-02T22:21:15Z,2026-05-13T10:00:44Z
706,179,processing,,1300,7.99,9,,,,,,25.94,2026-04-17T17:04:52Z,2026-05-13T10:00:44Z
707,1431,shipped,,380,7.99,4,,,,,,26.71,2026-04-29T09:34:53Z,2026-05-13T10:00:44Z
708,372,delivered,,1600,0,10,,,,,3360,24.33,2026-03-30T08:32:39Z,2026-05-13T10:00:44Z
709,511,delivered,,1085,0,7,,,,,,83.16,2026-04-19T23:32:37Z,2026-05-13T10:00:44Z
710,713,delivered,,240,7.99,4,,,,,1321,38.79,2026-04-10T16:01:45Z,2026-05-13T10:00:44Z
711,941,cancelled,Equipment unavailable for requested service,1720,0,3,,,,,,19.48,2026-03-17T08:06:49Z,2026-05-13T10:00:44Z
712,1166,pending,,2145,0,,,,,,,25.98,2026-03-16T09:42:00Z,2026-05-13T10:00:44Z
713,1882,confirmed,,1120,0,3,,,,,,42.95,2026-04-30T11:39:05Z,2026-05-13T10:00:44Z
714,1054,processing,,1980,7.99,5,,,,,,87.69,2026-04-25T09:04:10Z,2026-05-13T10:00:44Z
715,1230,shipped,,280,0,10,,,,,1136,94.88,2026-03-30T08:52:31Z,2026-05-13T10:00:44Z
716,240,delivered,,3250,14.99,12,,,,,4939,47.56,2026-03-26T03:43:53Z,2026-05-13T10:00:44Z
717,568,delivered,,929,7.99,6,,,,,3863,81.86,2026-05-03T09:38:55Z,2026-05-13T10:00:44Z
718,3,delivered,,2900,7.99,4,,,,,,32.14,2026-04-05T04:22:48Z,2026-05-13T10:00:44Z
719,1410,cancelled,Capacity unavailable at assigned terminal,1135,0,11,,,,,1929,20.88,2026-05-03T15:39:08Z,2026-05-13T10:00:44Z
720,1595,pending,,450,7.99,,,,,,,87.03,2026-03-31T14:01:59Z,2026-05-13T10:00:44Z
721,332,confirmed,,5325,0,1,,,,,,14.55,2026-03-20T05:35:03Z,2026-05-13T10:00:44Z
722,1032,processing,,145,14.99,12,,,,,,15.05,2026-04-28T05:20:51Z,2026-05-13T10:00:44Z
723,367,shipped,,1730,14.99,11,,,,,,80.87,2026-03-20T21:29:55Z,2026-05-13T10:00:44Z
724,293,delivered,,345,7.99,4,,,,,395,29.77,2026-04-18T06:42:49Z,2026-05-13T10:00:44Z
725,1562,delivered,,758,7.99,1,,,,,,13.5,2026-04-01T01:30:20Z,2026-05-13T10:00:44Z
726,411,delivered,,279,14.99,5,,,,,,84.94,2026-05-06T19:01:42Z,2026-05-13T10:00:44Z
727,26,cancelled,Shipper cancelled tender,4315,14.99,11,,,,,,22.19,2026-03-30T17:39:26Z,2026-05-13T10:00:44Z
728,877,pending,,2000,0,,,,,,,65.18,2026-04-07T00:44:58Z,2026-05-13T10:00:44Z
729,1106,confirmed,,1165,7.99,5,,,,,,94.55,2026-04-12T13:51:59Z,2026-05-13T10:00:44Z
730,196,processing,,530,7.99,7,,,,,,74.41,2026-03-30T06:59:42Z,2026-05-13T10:00:44Z
731,631,shipped,,1200,7.99,8,,,,,,27,2026-04-08T17:14:46Z,2026-05-13T10:00:44Z
732,1803,delivered,,370,7.99,9,,,,,,47.38,2026-04-17T17:13:36Z,2026-05-13T10:00:44Z
733,582,delivered,,185,7.99,11,,,,,,54.59,2026-04-30T19:35:47Z,2026-05-13T10:00:44Z
734,1733,delivered,,730,14.99,4,,,,,,27.98,2026-04-10T09:02:34Z,2026-05-13T10:00:44Z
735,754,cancelled,Missed pickup appointment window,780,0,4,,,,,4934,11.41,2026-04-02T11:05:24Z,2026-05-13T10:00:44Z
736,734,pending,,1675,7.99,,,,,,,15.21,2026-04-03T21:06:52Z,2026-05-13T10:00:44Z
737,1997,confirmed,,1070,14.99,1,,,,,,71.72,2026-04-28T15:23:25Z,2026-05-13T10:00:44Z
738,284,processing,,2540,14.99,3,,,,,1365,60.04,2026-04-10T19:23:15Z,2026-05-13T10:00:44Z
739,319,shipped,,480,14.99,4,,,,,,44.74,2026-04-06T20:24:35Z,2026-05-13T10:00:44Z
740,1097,delivered,,1040,7.99,4,,,,,,60.91,2026-03-29T15:26:10Z,2026-05-13T10:00:44Z
741,1257,delivered,,435,7.99,10,,,,,,38.46,2026-03-21T14:19:06Z,2026-05-13T10:00:44Z
742,856,delivered,,1948,7.99,8,,,,,,59.68,2026-05-02T03:57:45Z,2026-05-13T10:00:44Z
743,664,cancelled,Weather disruption on planned lane,635,7.99,8,,,,,,33.7,2026-04-18T07:14:30Z,2026-05-13T10:00:44Z
744,1807,pending,,1285,7.99,,,,,,,61.73,2026-04-25T07:45:12Z,2026-05-13T10:00:44Z
745,1360,confirmed,,1020,14.99,6,,,,,4644,14.17,2026-04-21T23:10:15Z,2026-05-13T10:00:44Z
746,211,processing,,1065,14.99,5,,,,,,68.4,2026-04-06T18:25:55Z,2026-05-13T10:00:44Z
747,156,shipped,,1395,14.99,8,,,,,,35.56,2026-03-30T23:47:17Z,2026-05-13T10:00:44Z
748,1153,delivered,,2800,0,4,,,,,,34.31,2026-04-21T10:13:20Z,2026-05-13T10:00:44Z
749,1090,delivered,,645,7.99,2,,,,,4126,44.78,2026-04-25T23:51:40Z,2026-05-13T10:00:44Z
750,70,delivered,,1085,7.99,9,,,,,2222,28.69,2026-03-15T15:26:05Z,2026-05-13T10:00:44Z
751,751,cancelled,Permit or documentation issue,1615,0,9,,,,,,19.64,2026-04-27T14:09:17Z,2026-05-13T10:00:44Z
752,1231,pending,,390,7.99,,,,,,4757,25.12,2026-03-18T07:29:01Z,2026-05-13T10:00:44Z
753,95,confirmed,,880,7.99,2,,,,,,66.01,2026-03-17T07:16:21Z,2026-05-13T10:00:44Z
754,1815,processing,,465,7.99,12,,,,,,72.3,2026-04-15T22:38:22Z,2026-05-13T10:00:44Z
755,1431,shipped,,825,7.99,5,,,,,,36.38,2026-04-07T05:19:21Z,2026-05-13T10:00:44Z
756,751,delivered,,825,7.99,2,,,,,1541,28.71,2026-04-19T03:40:55Z,2026-05-13T10:00:44Z
757,1322,delivered,,2725,7.99,12,,,,,,44.27,2026-04-05T07:18:15Z,2026-05-13T10:00:44Z
758,1883,delivered,,1207,0,5,,,,,,10.46,2026-03-24T22:52:06Z,2026-05-13T10:00:44Z
759,137,cancelled,Carrier no-show,2230,7.99,2,,,,,,13.44,2026-05-05T16:41:26Z,2026-05-13T10:00:44Z
760,1216,pending,,1360,7.99,,,,,,,87.86,2026-03-24T03:07:19Z,2026-05-13T10:00:44Z
761,1825,confirmed,,780,7.99,10,,,,,,85.54,2026-04-22T00:15:50Z,2026-05-13T10:00:44Z
762,117,processing,,1880,7.99,9,,,,,,63.85,2026-04-09T04:13:00Z,2026-05-13T10:00:44Z
763,1698,shipped,,1140,7.99,4,,,,,,25.44,2026-04-03T10:41:22Z,2026-05-13T10:00:44Z
764,395,delivered,,590,7.99,8,,,,,,39.71,2026-05-10T23:33:17Z,2026-05-13T10:00:44Z
765,692,delivered,,745,7.99,2,,,,,,49.05,2026-03-18T03:02:32Z,2026-05-13T10:00:44Z
766,771,delivered,,510,0,4,,,,,,93.27,2026-04-01T13:36:33Z,2026-05-13T10:00:44Z
767,705,cancelled,Port appointment missed,515,7.99,10,,,,,,13.63,2026-04-04T08:40:40Z,2026-05-13T10:00:44Z
768,606,pending,,1125,14.99,,,,,,,43.21,2026-05-12T20:02:17Z,2026-05-13T10:00:44Z
769,676,confirmed,,1180,0,8,,,,,,34.33,2026-03-22T12:07:50Z,2026-05-13T10:00:44Z
770,1941,processing,,4430,14.99,12,,,,,,41.48,2026-03-31T23:38:06Z,2026-05-13T10:00:44Z
771,1755,shipped,,2380,0,6,,,,,,72.12,2026-04-02T06:24:37Z,2026-05-13T10:00:44Z
772,1960,delivered,,2145,7.99,2,,,,,1369,79.15,2026-03-30T09:37:45Z,2026-05-13T10:00:44Z
773,1861,delivered,,320,0,9,,,,,,76.97,2026-03-19T01:09:22Z,2026-05-13T10:00:44Z
774,1572,delivered,,3055,7.99,12,,,,,,76.34,2026-03-27T03:52:33Z,2026-05-13T10:00:44Z
775,718,cancelled,Equipment unavailable for requested service,1567,7.99,2,,,,,,86.73,2026-04-11T01:26:32Z,2026-05-13T10:00:44Z
776,1338,pending,,665,7.99,,,,,,,46.8,2026-05-13T01:32:33Z,2026-05-13T10:00:44Z
777,733,confirmed,,613,7.99,2,,,,,,76.33,2026-04-18T16:49:08Z,2026-05-13T10:00:44Z
778,1090,processing,,1730,7.99,5,,,,,,56.18,2026-03-27T09:41:57Z,2026-05-13T10:00:44Z
779,914,shipped,,1435,0,12,,,,,,11.22,2026-03-25T05:52:37Z,2026-05-13T10:00:44Z
780,307,delivered,,4525,14.99,9,,,,,,66.44,2026-05-01T09:59:19Z,2026-05-13T10:00:44Z
781,832,delivered,,3120,0,8,,,,,3722,71.96,2026-04-11T00:18:52Z,2026-05-13T10:00:44Z
782,1444,delivered,,2260,14.99,8,,,,,3870,58.04,2026-05-08T05:55:19Z,2026-05-13T10:00:44Z
783,1409,cancelled,Capacity unavailable at assigned terminal,3350,7.99,9,,,,,,15.03,2026-04-22T06:06:12Z,2026-05-13T10:00:44Z
784,1148,pending,,1960,14.99,,,,,,,69.11,2026-04-23T20:40:43Z,2026-05-13T10:00:44Z
785,786,confirmed,,1440,7.99,11,,,,,,76.39,2026-03-21T03:23:34Z,2026-05-13T10:00:44Z
786,626,processing,,860,0,6,,,,,,56.41,2026-05-11T14:46:10Z,2026-05-13T10:00:44Z
787,1492,shipped,,3830,7.99,8,,,,,774,48.29,2026-04-19T02:36:28Z,2026-05-13T10:00:44Z
788,1886,delivered,,310,0,6,,,,,,68.96,2026-03-24T14:02:27Z,2026-05-13T10:00:44Z
789,703,delivered,,275,0,2,,,,,,18.43,2026-03-14T14:50:32Z,2026-05-13T10:00:44Z
790,1716,delivered,,1965,0,7,,,,,,12.29,2026-03-27T21:56:21Z,2026-05-13T10:00:44Z
791,222,cancelled,Shipper cancelled tender,195,14.99,11,,,,,,20.78,2026-04-13T22:32:13Z,2026-05-13T10:00:44Z
792,968,pending,,840,14.99,,,,,,1540,53.41,2026-04-11T23:31:04Z,2026-05-13T10:00:44Z
793,1613,confirmed,,1280,7.99,2,,,,,628,26.62,2026-05-02T10:18:08Z,2026-05-13T10:00:44Z
794,364,processing,,1738,0,9,,,,,,41.43,2026-05-06T06:58:39Z,2026-05-13T10:00:44Z
795,706,shipped,,2600,0,7,,,,,,13.56,2026-04-20T02:07:30Z,2026-05-13T10:00:44Z
796,1975,delivered,,945,0,6,,,,,701,24.97,2026-03-19T04:14:07Z,2026-05-13T10:00:44Z
797,5,delivered,,2060,14.99,1,,,,,710,53.06,2026-04-27T19:55:03Z,2026-05-13T10:00:44Z
798,1591,delivered,,1335,14.99,1,,,,,4033,31.38,2026-04-28T13:38:38Z,2026-05-13T10:00:44Z
799,1398,cancelled,Missed pickup appointment window,1375,0,10,,,,,,85.59,2026-04-27T03:31:59Z,2026-05-13T10:00:44Z
800,412,pending,,1810,14.99,,,,,,3823,33.45,2026-03-17T22:32:57Z,2026-05-13T10:00:44Z
801,1200,confirmed,,1640,0,8,,,,,,94.85,2026-04-13T03:48:43Z,2026-05-13T10:00:44Z
802,1333,processing,,504,0,2,,,,,1273,85.62,2026-03-25T16:57:36Z,2026-05-13T10:00:44Z
803,953,shipped,,1893,7.99,4,,,,,,71.53,2026-04-27T21:28:57Z,2026-05-13T10:00:44Z
804,705,delivered,,1540,0,1,,,,,895,44.28,2026-03-23T06:38:29Z,2026-05-13T10:00:44Z
805,1521,delivered,,285,7.99,10,,,,,,32.89,2026-05-11T19:27:56Z,2026-05-13T10:00:44Z
806,1183,delivered,,1080,7.99,8,,,,,,17.33,2026-04-26T01:10:23Z,2026-05-13T10:00:44Z
807,1260,cancelled,Weather disruption on planned lane,555,0,5,,,,,,31.78,2026-04-10T09:21:30Z,2026-05-13T10:00:44Z
808,98,pending,,660,0,,,,,,4663,65.05,2026-05-07T18:25:09Z,2026-05-13T10:00:44Z
809,1447,confirmed,,267,14.99,1,,,,,,68.27,2026-05-03T22:23:44Z,2026-05-13T10:00:44Z
810,1655,processing,,2415,14.99,5,,,,,,41.86,2026-05-06T10:06:02Z,2026-05-13T10:00:44Z
811,863,shipped,,440,14.99,6,,,,,3473,35.62,2026-04-03T14:23:35Z,2026-05-13T10:00:44Z
812,233,delivered,,720,0,11,,,,,,10.64,2026-05-03T21:19:49Z,2026-05-13T10:00:44Z
813,1109,delivered,,195,14.99,8,,,,,616,15.01,2026-04-09T10:06:21Z,2026-05-13T10:00:44Z
814,982,delivered,,420,14.99,8,,,,,,45.29,2026-03-14T23:51:58Z,2026-05-13T10:00:44Z
815,1653,cancelled,Permit or documentation issue,900,7.99,12,,,,,,72.88,2026-04-07T03:27:33Z,2026-05-13T10:00:44Z
816,1954,pending,,1805,7.99,,,,,,,12.89,2026-04-21T12:53:10Z,2026-05-13T10:00:44Z
817,159,confirmed,,740,0,11,,,,,,74.02,2026-04-03T20:50:55Z,2026-05-13T10:00:44Z
818,427,processing,,250,7.99,2,,,,,,48.18,2026-04-22T02:44:24Z,2026-05-13T10:00:44Z
819,1164,shipped,,1360,14.99,8,,,,,3301,15.85,2026-04-27T09:29:39Z,2026-05-13T10:00:44Z
820,1710,delivered,,1055,0,2,,,,,,55.24,2026-05-03T23:58:46Z,2026-05-13T10:00:44Z
821,566,delivered,,1205,0,1,,,,,2981,70.52,2026-04-06T20:31:28Z,2026-05-13T10:00:44Z
822,1551,delivered,,620,7.99,4,,,,,,89.32,2026-05-10T06:18:59Z,2026-05-13T10:00:44Z
823,667,cancelled,Carrier no-show,1283,14.99,2,,,,,,23.88,2026-04-16T12:41:49Z,2026-05-13T10:00:44Z
824,1600,pending,,680,14.99,,,,,,4726,64.77,2026-05-01T18:41:54Z,2026-05-13T10:00:44Z
825,1723,confirmed,,2825,7.99,11,,,,,,82.02,2026-04-18T16:21:33Z,2026-05-13T10:00:44Z
826,18,processing,,2610,7.99,8,,,,,4262,83.53,2026-03-26T03:17:00Z,2026-05-13T10:00:44Z
827,1288,shipped,,1965,0,2,,,,,,15.76,2026-05-07T04:14:57Z,2026-05-13T10:00:44Z
828,81,delivered,,1160,7.99,5,,,,,,15.47,2026-04-18T20:58:00Z,2026-05-13T10:00:44Z
829,86,delivered,,1370,7.99,4,,,,,,50,2026-03-27T16:29:06Z,2026-05-13T10:00:44Z
830,146,delivered,,220,14.99,12,,,,,,44.14,2026-04-27T02:14:17Z,2026-05-13T10:00:44Z
831,1095,cancelled,Port appointment missed,1260,14.99,2,,,,,,29.22,2026-04-26T09:10:07Z,2026-05-13T10:00:44Z
832,1104,pending,,1560,0,,,,,,,49.13,2026-05-02T09:49:36Z,2026-05-13T10:00:44Z
833,56,confirmed,,1095,7.99,11,,,,,1574,54.57,2026-05-01T11:01:56Z,2026-05-13T10:00:44Z
834,751,processing,,2088,0,4,,,,,,74.16,2026-04-03T07:25:47Z,2026-05-13T10:00:44Z
835,1082,shipped,,3118,7.99,8,,,,,,32.08,2026-04-17T21:28:49Z,2026-05-13T10:00:44Z
836,616,delivered,,170,14.99,1,,,,,1432,71.44,2026-03-22T14:12:05Z,2026-05-13T10:00:44Z
837,1407,delivered,,2120,14.99,6,,,,,,78.03,2026-05-05T03:49:42Z,2026-05-13T10:00:44Z
838,1786,delivered,,780,14.99,11,,,,,,39.88,2026-04-18T22:22:11Z,2026-05-13T10:00:44Z
839,788,cancelled,Equipment unavailable for requested service,267,7.99,5,,,,,,37.37,2026-04-22T13:11:16Z,2026-05-13T10:00:44Z
840,1557,pending,,145,7.99,,,,,,4371,61.29,2026-05-02T01:44:38Z,2026-05-13T10:00:44Z
841,184,confirmed,,680,7.99,8,,,,,,16.38,2026-03-16T11:06:18Z,2026-05-13T10:00:44Z
842,198,processing,,1165,7.99,6,,,,,,51.3,2026-04-20T06:53:26Z,2026-05-13T10:00:44Z
843,452,shipped,,160,7.99,11,,,,,,45.34,2026-04-27T23:37:41Z,2026-05-13T10:00:44Z
844,1158,delivered,,2725,0,9,,,,,,45.77,2026-03-27T12:21:04Z,2026-05-13T10:00:44Z
845,271,delivered,,4280,0,1,,,,,,51.72,2026-04-30T00:43:14Z,2026-05-13T10:00:44Z
846,970,delivered,,2665,14.99,11,,,,,2416,50.14,2026-05-02T10:19:23Z,2026-05-13T10:00:44Z
847,1347,cancelled,Capacity unavailable at assigned terminal,795,7.99,6,,,,,,49.81,2026-05-09T11:03:24Z,2026-05-13T10:00:44Z
848,1511,pending,,180,0,,,,,,,32.27,2026-04-02T20:23:03Z,2026-05-13T10:00:44Z
849,317,confirmed,,1040,7.99,1,,,,,,92.92,2026-04-10T22:45:42Z,2026-05-13T10:00:44Z
850,1235,processing,,1760,7.99,10,,,,,,40.19,2026-04-01T13:38:13Z,2026-05-13T10:00:44Z
851,647,shipped,,1305,7.99,6,,,,,,27.02,2026-04-09T00:51:45Z,2026-05-13T10:00:44Z
852,362,delivered,,1815,7.99,5,,,,,,75.8,2026-03-23T17:39:14Z,2026-05-13T10:00:44Z
853,1453,delivered,,1560,0,2,,,,,4354,31.07,2026-04-05T12:31:58Z,2026-05-13T10:00:44Z
854,1897,delivered,,1095,0,8,,,,,,35.68,2026-03-30T12:57:52Z,2026-05-13T10:00:44Z
855,575,cancelled,Shipper cancelled tender,3517,7.99,5,,,,,,47.18,2026-03-25T16:05:52Z,2026-05-13T10:00:44Z
856,534,pending,,4495,7.99,,,,,,,24.11,2026-04-29T12:12:39Z,2026-05-13T10:00:44Z
857,752,confirmed,,1745,14.99,7,,,,,,57.71,2026-04-08T10:25:06Z,2026-05-13T10:00:44Z
858,200,processing,,360,7.99,3,,,,,,56.23,2026-04-11T23:32:17Z,2026-05-13T10:00:44Z
859,1412,shipped,,1895,7.99,12,,,,,4141,19.2,2026-05-02T08:42:45Z,2026-05-13T10:00:44Z
860,251,delivered,,375,7.99,3,,,,,4287,67.35,2026-04-30T00:39:47Z,2026-05-13T10:00:44Z
861,1390,delivered,,2610,14.99,3,,,,,,94.54,2026-03-26T20:24:15Z,2026-05-13T10:00:44Z
862,1550,delivered,,270,0,2,,,,,,71.8,2026-05-10T08:12:42Z,2026-05-13T10:00:44Z
863,465,cancelled,Missed pickup appointment window,1855,7.99,2,,,,,,41.59,2026-04-05T12:28:32Z,2026-05-13T10:00:44Z
864,1039,pending,,730,14.99,,,,,,,79.41,2026-04-28T06:39:07Z,2026-05-13T10:00:44Z
865,1177,confirmed,,2870,0,1,,,,,2432,64.91,2026-04-05T10:27:25Z,2026-05-13T10:00:44Z
866,1417,processing,,2150,14.99,9,,,,,1793,77.15,2026-04-30T13:22:37Z,2026-05-13T10:00:44Z
867,1356,shipped,,185,7.99,11,,,,,,88.48,2026-04-25T07:40:05Z,2026-05-13T10:00:44Z
868,8,delivered,,2110,7.99,4,,,,,,89.56,2026-04-06T18:27:04Z,2026-05-13T10:00:44Z
869,1326,delivered,,1630,0,2,,,,,,52.77,2026-05-09T23:40:24Z,2026-05-13T10:00:44Z
870,272,delivered,,125,7.99,6,,,,,4041,36.66,2026-04-23T06:33:46Z,2026-05-13T10:00:44Z
871,1969,cancelled,Weather disruption on planned lane,1792,7.99,11,,,,,797,26.22,2026-04-22T09:45:59Z,2026-05-13T10:00:44Z
872,1615,pending,,2525,14.99,,,,,,,14.41,2026-03-23T21:51:29Z,2026-05-13T10:00:44Z
873,1385,confirmed,,1575,0,5,,,,,,83.9,2026-03-31T17:02:24Z,2026-05-13T10:00:44Z
874,52,processing,,2760,7.99,5,,,,,,13.08,2026-04-04T20:48:56Z,2026-05-13T10:00:44Z
875,1329,shipped,,170,7.99,8,,,,,775,85.31,2026-04-21T20:30:50Z,2026-05-13T10:00:44Z
876,1736,delivered,,2045,14.99,2,,,,,2599,82.88,2026-03-27T14:43:21Z,2026-05-13T10:00:44Z
877,520,delivered,,1830,7.99,9,,,,,,66.17,2026-03-26T18:09:24Z,2026-05-13T10:00:44Z
878,1534,delivered,,1075,7.99,3,,,,,3355,10.3,2026-05-06T17:42:24Z,2026-05-13T10:00:44Z
879,591,cancelled,Permit or documentation issue,2810,14.99,8,,,,,,77.93,2026-04-21T08:51:10Z,2026-05-13T10:00:44Z
880,1,pending,,1740,0,,,,,,829,76.86,2026-04-20T05:14:35Z,2026-05-13T10:00:44Z
881,819,confirmed,,190,14.99,6,,,,,,35.19,2026-04-03T15:07:54Z,2026-05-13T10:00:44Z
882,1290,processing,,805,14.99,11,,,,,,79.46,2026-05-04T16:07:32Z,2026-05-13T10:00:44Z
883,1879,shipped,,1130,0,2,,,,,,24.69,2026-05-12T10:31:16Z,2026-05-13T10:00:44Z
884,1971,delivered,,1060,0,9,,,,,,32.61,2026-03-17T15:36:39Z,2026-05-13T10:00:44Z
885,697,delivered,,2595,14.99,8,,,,,,36.58,2026-05-09T13:03:12Z,2026-05-13T10:00:44Z
886,13,delivered,,805,0,4,,,,,,43.67,2026-04-16T20:42:52Z,2026-05-13T10:00:44Z
887,421,cancelled,Carrier no-show,420,14.99,2,,,,,,14.88,2026-03-19T08:10:59Z,2026-05-13T10:00:44Z
888,801,pending,,3540,7.99,,,,,,,38.85,2026-04-03T19:56:59Z,2026-05-13T10:00:44Z
889,403,confirmed,,3110,14.99,5,,,,,,54.97,2026-04-14T07:16:33Z,2026-05-13T10:00:44Z
890,15,processing,,2300,14.99,6,,,,,,76.92,2026-03-25T20:27:02Z,2026-05-13T10:00:44Z
891,746,shipped,,1083,7.99,7,,,,,,55.58,2026-03-29T01:27:43Z,2026-05-13T10:00:44Z
892,1108,delivered,,435,7.99,9,,,,,2067,36.24,2026-04-04T15:35:41Z,2026-05-13T10:00:44Z
893,1449,delivered,,3595,7.99,7,,,,,,89.78,2026-04-19T01:18:10Z,2026-05-13T10:00:44Z
894,173,delivered,,880,0,6,,,,,4256,49.74,2026-04-09T21:01:36Z,2026-05-13T10:00:44Z
895,1898,cancelled,Port appointment missed,435,14.99,10,,,,,,65.28,2026-04-22T17:37:31Z,2026-05-13T10:00:44Z
896,1247,pending,,2165,14.99,,,,,,,77.2,2026-03-21T01:35:55Z,2026-05-13T10:00:44Z
897,1061,confirmed,,898,7.99,4,,,,,3794,12.77,2026-03-16T04:56:55Z,2026-05-13T10:00:44Z
898,1931,processing,,4305,0,2,,,,,1042,31.94,2026-04-16T12:36:47Z,2026-05-13T10:00:44Z
899,642,shipped,,360,7.99,5,,,,,,51.9,2026-04-04T01:51:44Z,2026-05-13T10:00:44Z
900,780,delivered,,3095,7.99,6,,,,,,20.29,2026-04-27T06:18:49Z,2026-05-13T10:00:44Z
901,1621,delivered,,290,14.99,6,,,,,3601,43.8,2026-04-16T13:49:02Z,2026-05-13T10:00:44Z
902,1332,delivered,,380,0,3,,,,,,38.68,2026-04-04T07:52:49Z,2026-05-13T10:00:44Z
903,1743,cancelled,Equipment unavailable for requested service,2020,7.99,11,,,,,46,73.36,2026-05-06T19:24:38Z,2026-05-13T10:00:44Z
904,520,pending,,2475,7.99,,,,,,,61.05,2026-04-13T08:45:44Z,2026-05-13T10:00:44Z
905,1549,confirmed,,585,14.99,9,,,,,,43.78,2026-03-25T01:31:11Z,2026-05-13T10:00:44Z
906,1232,processing,,750,0,11,,,,,,62.11,2026-05-03T16:57:26Z,2026-05-13T10:00:44Z
907,1853,shipped,,3460,7.99,4,,,,,,77.45,2026-03-20T10:47:45Z,2026-05-13T10:00:44Z
908,1314,delivered,,940,7.99,6,,,,,535,86.14,2026-04-23T03:30:08Z,2026-05-13T10:00:44Z
909,711,delivered,,4340,0,8,,,,,2794,88.9,2026-04-17T20:47:37Z,2026-05-13T10:00:44Z
910,669,delivered,,1820,0,6,,,,,,38.92,2026-03-16T17:03:24Z,2026-05-13T10:00:44Z
911,727,cancelled,Capacity unavailable at assigned terminal,1730,7.99,11,,,,,,66.23,2026-04-29T00:09:12Z,2026-05-13T10:00:44Z
912,357,pending,,2668,7.99,,,,,,1884,61.37,2026-04-12T04:33:52Z,2026-05-13T10:00:44Z
913,1307,confirmed,,3635,0,7,,,,,,65.06,2026-04-05T10:47:42Z,2026-05-13T10:00:44Z
914,844,processing,,3400,0,11,,,,,,74.15,2026-04-12T05:11:55Z,2026-05-13T10:00:44Z
915,1278,shipped,,1300,0,3,,,,,2328,94.22,2026-03-25T18:02:54Z,2026-05-13T10:00:44Z
916,1322,delivered,,2124,0,12,,,,,,52.93,2026-04-06T11:06:07Z,2026-05-13T10:00:44Z
917,622,delivered,,2495,7.99,5,,,,,,90.85,2026-04-27T23:29:50Z,2026-05-13T10:00:44Z
918,1925,delivered,,210,7.99,11,,,,,,30.68,2026-04-13T07:35:30Z,2026-05-13T10:00:44Z
919,620,cancelled,Shipper cancelled tender,2250,7.99,8,,,,,,11.88,2026-03-22T18:08:00Z,2026-05-13T10:00:44Z
920,442,pending,,435,0,,,,,,,12.19,2026-04-22T14:54:47Z,2026-05-13T10:00:44Z
921,1510,confirmed,,560,7.99,3,,,,,,45.42,2026-04-06T06:48:39Z,2026-05-13T10:00:44Z
922,1493,processing,,550,7.99,7,,,,,,87.03,2026-04-18T09:43:32Z,2026-05-13T10:00:44Z
923,1960,shipped,,1280,0,9,,,,,,27.49,2026-04-23T13:34:02Z,2026-05-13T10:00:44Z
924,1151,delivered,,1830,14.99,1,,,,,201,49.93,2026-04-27T07:37:20Z,2026-05-13T10:00:44Z
925,1470,delivered,,1470,0,9,,,,,4584,73.55,2026-04-15T14:11:52Z,2026-05-13T10:00:44Z
926,1642,delivered,,3160,7.99,8,,,,,,61.39,2026-04-14T01:50:10Z,2026-05-13T10:00:44Z
927,1689,cancelled,Missed pickup appointment window,1895,0,12,,,,,,74.06,2026-04-05T08:42:38Z,2026-05-13T10:00:44Z
928,1883,pending,,790,0,,,,,,,66.48,2026-04-03T09:21:06Z,2026-05-13T10:00:44Z
929,120,confirmed,,610,0,5,,,,,,70.33,2026-04-05T15:32:29Z,2026-05-13T10:00:44Z
930,276,processing,,1810,0,1,,,,,4389,68.84,2026-04-07T22:38:56Z,2026-05-13T10:00:44Z
931,1471,shipped,,435,7.99,8,,,,,,25.65,2026-03-23T04:12:40Z,2026-05-13T10:00:44Z
932,88,delivered,,1200,7.99,2,,,,,,15.98,2026-05-08T10:18:28Z,2026-05-13T10:00:44Z
933,390,delivered,,630,0,9,,,,,303,84.03,2026-05-02T02:18:50Z,2026-05-13T10:00:44Z
934,233,delivered,,880,14.99,3,,,,,,10.71,2026-03-17T11:24:46Z,2026-05-13T10:00:44Z
935,1218,cancelled,Weather disruption on planned lane,1290,7.99,10,,,,,,30.8,2026-04-07T11:13:09Z,2026-05-13T10:00:44Z
936,689,pending,,2145,14.99,,,,,,,32.5,2026-03-24T10:11:41Z,2026-05-13T10:00:44Z
937,746,confirmed,,2290,7.99,10,,,,,,82.35,2026-04-17T02:40:06Z,2026-05-13T10:00:44Z
938,1884,processing,,2925,7.99,12,,,,,,64.07,2026-05-10T23:12:45Z,2026-05-13T10:00:44Z
939,116,shipped,,3990,7.99,12,,,,,,37.19,2026-04-20T19:56:16Z,2026-05-13T10:00:44Z
940,1096,delivered,,730,7.99,1,,,,,,52.36,2026-04-08T15:04:36Z,2026-05-13T10:00:44Z
941,1295,delivered,,1489,7.99,3,,,,,,63.53,2026-05-06T08:49:51Z,2026-05-13T10:00:44Z
942,960,delivered,,585,0,5,,,,,,72.23,2026-04-09T01:03:49Z,2026-05-13T10:00:44Z
943,1422,cancelled,Permit or documentation issue,3014,7.99,6,,,,,,51.52,2026-03-25T13:09:15Z,2026-05-13T10:00:44Z
944,217,pending,,2730,0,,,,,,1372,22.13,2026-05-06T12:18:16Z,2026-05-13T10:00:44Z
945,1955,confirmed,,290,0,2,,,,,,33.88,2026-03-22T14:22:08Z,2026-05-13T10:00:44Z
946,545,processing,,2050,7.99,12,,,,,873,32.66,2026-05-05T18:51:25Z,2026-05-13T10:00:44Z
947,1652,shipped,,1490,7.99,11,,,,,,47.47,2026-03-26T21:47:13Z,2026-05-13T10:00:44Z
948,291,delivered,,3300,7.99,3,,,,,702,51.34,2026-05-02T21:56:23Z,2026-05-13T10:00:44Z
949,626,delivered,,870,0,4,,,,,1281,71.97,2026-04-03T00:17:10Z,2026-05-13T10:00:44Z
950,1147,delivered,,1275,0,12,,,,,1065,56.03,2026-04-19T14:27:56Z,2026-05-13T10:00:44Z
951,457,cancelled,Carrier no-show,1880,7.99,10,,,,,,10.71,2026-04-22T22:18:50Z,2026-05-13T10:00:44Z
952,1743,pending,,405,0,,,,,,,56.26,2026-04-28T22:12:22Z,2026-05-13T10:00:44Z
953,1423,confirmed,,3575,14.99,7,,,,,,77.47,2026-05-12T12:50:23Z,2026-05-13T10:00:44Z
954,819,processing,,1345,0,4,,,,,,78.3,2026-04-03T23:31:48Z,2026-05-13T10:00:44Z
955,81,shipped,,185,14.99,2,,,,,179,54.66,2026-04-06T23:11:08Z,2026-05-13T10:00:44Z
956,702,delivered,,1380,0,9,,,,,3175,58.65,2026-04-16T21:15:30Z,2026-05-13T10:00:44Z
957,1644,delivered,,350,7.99,4,,,,,2304,28.58,2026-03-20T13:14:08Z,2026-05-13T10:00:44Z
958,679,delivered,,4600,7.99,2,,,,,3056,69.14,2026-04-19T07:32:09Z,2026-05-13T10:00:44Z
959,1340,cancelled,Port appointment missed,2405,7.99,6,,,,,2664,59.79,2026-04-14T18:32:57Z,2026-05-13T10:00:44Z
960,448,pending,,4020,0,,,,,,,60.17,2026-05-03T16:59:04Z,2026-05-13T10:00:44Z
961,766,confirmed,,3452,7.99,2,,,,,,63.58,2026-03-14T19:04:08Z,2026-05-13T10:00:44Z
962,1452,processing,,2368,7.99,6,,,,,,90.29,2026-04-20T19:16:02Z,2026-05-13T10:00:44Z
963,1177,shipped,,540,0,9,,,,,,73.34,2026-04-06T01:19:29Z,2026-05-13T10:00:44Z
964,1189,delivered,,860,7.99,7,,,,,,13.83,2026-04-03T03:49:49Z,2026-05-13T10:00:44Z
965,1919,delivered,,1410,0,9,,,,,3739,43.85,2026-04-22T12:06:55Z,2026-05-13T10:00:44Z
966,128,delivered,,805,7.99,10,,,,,,25.63,2026-04-06T23:19:07Z,2026-05-13T10:00:44Z
967,770,cancelled,Equipment unavailable for requested service,2140,14.99,9,,,,,,82.4,2026-04-19T10:57:00Z,2026-05-13T10:00:44Z
968,1695,pending,,2280,14.99,,,,,,,66.72,2026-04-15T13:51:24Z,2026-05-13T10:00:44Z
969,1854,confirmed,,210,0,10,,,,,,90.32,2026-03-22T11:24:25Z,2026-05-13T10:00:44Z
970,694,processing,,2125,0,12,,,,,,89.72,2026-03-30T18:55:07Z,2026-05-13T10:00:44Z
971,1715,shipped,,1028,0,5,,,,,,60.07,2026-03-23T10:53:14Z,2026-05-13T10:00:44Z
972,1688,delivered,,780,0,8,,,,,,90.29,2026-05-01T01:31:00Z,2026-05-13T10:00:44Z
973,575,delivered,,160,14.99,7,,,,,,14.4,2026-05-02T07:31:07Z,2026-05-13T10:00:44Z
974,1142,delivered,,965,7.99,5,,,,,2439,52.74,2026-04-25T00:33:04Z,2026-05-13T10:00:44Z
975,251,cancelled,Capacity unavailable at assigned terminal,2635,14.99,1,,,,,,86.11,2026-03-22T23:50:34Z,2026-05-13T10:00:44Z
976,1974,pending,,4455,7.99,,,,,,,33.16,2026-04-16T19:00:40Z,2026-05-13T10:00:44Z
977,1857,confirmed,,1249,7.99,6,,,,,3937,24.19,2026-05-07T15:45:37Z,2026-05-13T10:00:44Z
978,615,processing,,360,0,2,,,,,,10.89,2026-03-31T23:47:40Z,2026-05-13T10:00:44Z
979,1834,shipped,,840,7.99,1,,,,,,23.96,2026-04-06T23:13:47Z,2026-05-13T10:00:44Z
980,219,delivered,,975,0,6,,,,,48,92.37,2026-04-22T23:06:18Z,2026-05-13T10:00:44Z
981,235,delivered,,510,14.99,9,,,,,,30.25,2026-04-12T12:12:02Z,2026-05-13T10:00:44Z
982,1699,delivered,,630,7.99,4,,,,,1189,19.17,2026-04-17T16:49:01Z,2026-05-13T10:00:44Z
983,969,cancelled,Shipper cancelled tender,465,0,5,,,,,,24.28,2026-04-16T06:15:38Z,2026-05-13T10:00:44Z
984,1711,pending,,1615,0,,,,,,,88.92,2026-04-23T20:52:49Z,2026-05-13T10:00:44Z
985,1960,confirmed,,577,7.99,4,,,,,1699,28.6,2026-05-02T21:28:58Z,2026-05-13T10:00:44Z
986,1754,processing,,580,14.99,3,,,,,4907,30.39,2026-05-03T10:41:12Z,2026-05-13T10:00:44Z
987,1895,shipped,,290,7.99,2,,,,,,84.57,2026-05-09T04:03:34Z,2026-05-13T10:00:44Z
988,1343,delivered,,680,0,2,,,,,,46.09,2026-05-10T00:03:14Z,2026-05-13T10:00:44Z
989,643,delivered,,445,14.99,12,,,,,,37.14,2026-03-14T18:32:39Z,2026-05-13T10:00:44Z
990,1880,delivered,,325,7.99,1,,,,,,45.82,2026-04-27T03:10:44Z,2026-05-13T10:00:44Z
991,477,cancelled,Missed pickup appointment window,1245,0,3,,,,,,77.9,2026-04-27T09:17:35Z,2026-05-13T10:00:44Z
992,421,pending,,2040,0,,,,,,699,12.08,2026-04-16T17:34:15Z,2026-05-13T10:00:44Z
993,88,confirmed,,830,0,9,,,,,,19.08,2026-04-16T18:32:52Z,2026-05-13T10:00:44Z
994,1680,processing,,570,7.99,2,,,,,,62.44,2026-05-04T20:44:53Z,2026-05-13T10:00:44Z
995,1299,shipped,,1545,7.99,1,,,,,,33.97,2026-03-25T09:25:10Z,2026-05-13T10:00:44Z
996,256,delivered,,765,14.99,2,,,,,,22.4,2026-04-19T13:28:16Z,2026-05-13T10:00:44Z
997,396,delivered,,180,14.99,9,,,,,1046,16.79,2026-05-11T20:27:50Z,2026-05-13T10:00:44Z
998,55,delivered,,2080,0,5,,,,,2397,81.69,2026-04-27T04:25:54Z,2026-05-13T10:00:44Z
999,1127,cancelled,Weather disruption on planned lane,2040,7.99,1,,,,,680,57.11,2026-04-07T19:36:51Z,2026-05-13T10:00:44Z
1000,785,pending,,1897,7.99,,,,,,,16.13,2026-04-18T01:09:06Z,2026-05-13T10:00:44Z
1001,685,confirmed,,520,7.99,8,,,,,1634,60.7,2026-04-17T07:55:41Z,2026-05-13T10:00:44Z
1002,9,processing,,220,0,3,,,,,,80.26,2026-05-10T06:22:11Z,2026-05-13T10:00:44Z
1003,1991,shipped,,1635,0,3,,,,,,51.74,2026-04-23T05:04:17Z,2026-05-13T10:00:44Z
1004,360,delivered,,1460,0,12,,,,,,75.2,2026-05-13T00:35:41Z,2026-05-13T10:00:44Z
1005,1271,delivered,,185,7.99,7,,,,,,52.39,2026-03-16T00:34:52Z,2026-05-13T10:00:44Z
1006,1376,delivered,,1200,0,8,,,,,2988,36.23,2026-04-07T19:14:20Z,2026-05-13T10:00:44Z
1007,292,cancelled,Permit or documentation issue,700,0,4,,,,,,89.17,2026-04-11T06:28:25Z,2026-05-13T10:00:44Z
1008,1667,pending,,1740,7.99,,,,,,,48.65,2026-04-24T20:10:23Z,2026-05-13T10:00:44Z
1009,1814,confirmed,,910,0,11,,,,,,19.34,2026-05-02T19:07:56Z,2026-05-13T10:00:44Z
1010,1610,processing,,125,0,2,,,,,,51.8,2026-05-10T08:39:22Z,2026-05-13T10:00:44Z
1011,813,shipped,,1003,14.99,1,,,,,,28.05,2026-05-03T15:10:46Z,2026-05-13T10:00:44Z
1012,723,delivered,,420,7.99,8,,,,,13,63.39,2026-05-01T13:56:01Z,2026-05-13T10:00:44Z
1013,742,delivered,,2150,0,2,,,,,1378,16.54,2026-04-01T19:27:15Z,2026-05-13T10:00:44Z
1014,939,delivered,,510,14.99,1,,,,,,79.1,2026-04-21T01:32:19Z,2026-05-13T10:00:44Z
1015,907,cancelled,Carrier no-show,2885,7.99,4,,,,,3511,33.15,2026-03-17T03:27:32Z,2026-05-13T10:00:44Z
1016,500,pending,,1485,7.99,,,,,,,18.77,2026-03-29T19:49:16Z,2026-05-13T10:00:44Z
1017,1296,confirmed,,1920,7.99,2,,,,,,71.41,2026-05-12T04:37:59Z,2026-05-13T10:00:44Z
1018,1338,processing,,1710,7.99,7,,,,,,55.39,2026-04-15T05:37:34Z,2026-05-13T10:00:44Z
1019,1543,shipped,,2185,14.99,10,,,,,4474,12.08,2026-04-21T11:05:10Z,2026-05-13T10:00:44Z
1020,1532,delivered,,1625,7.99,4,,,,,4602,28.1,2026-05-02T00:34:27Z,2026-05-13T10:00:44Z
1021,1419,delivered,,4540,7.99,1,,,,,4925,78.02,2026-05-08T04:59:48Z,2026-05-13T10:00:44Z
1022,1780,delivered,,1503,14.99,4,,,,,,91.57,2026-04-01T09:41:41Z,2026-05-13T10:00:44Z
1023,424,cancelled,Port appointment missed,1985,0,4,,,,,,29.86,2026-04-06T05:18:14Z,2026-05-13T10:00:44Z
1024,1889,pending,,5645,14.99,,,,,,,52.15,2026-05-11T05:46:58Z,2026-05-13T10:00:44Z
1025,637,confirmed,,2405,14.99,8,,,,,1013,28.01,2026-04-23T14:15:10Z,2026-05-13T10:00:44Z
1026,1693,processing,,1610,14.99,1,,,,,2425,62.33,2026-04-21T14:36:17Z,2026-05-13T10:00:44Z
1027,1545,shipped,,2085,7.99,2,,,,,3719,39.57,2026-04-27T18:24:11Z,2026-05-13T10:00:44Z
1028,121,delivered,,3570,14.99,2,,,,,,65.72,2026-03-16T04:14:58Z,2026-05-13T10:00:44Z
1029,619,delivered,,1070,0,4,,,,,120,81.11,2026-05-02T11:07:39Z,2026-05-13T10:00:44Z
1030,362,delivered,,2540,0,5,,,,,,32.07,2026-03-18T02:21:32Z,2026-05-13T10:00:44Z
1031,1323,cancelled,Equipment unavailable for requested service,368,7.99,10,,,,,1137,54.65,2026-05-08T16:22:04Z,2026-05-13T10:00:44Z
1032,557,pending,,950,7.99,,,,,,,13.31,2026-04-02T20:17:52Z,2026-05-13T10:00:44Z
1033,1478,confirmed,,290,0,2,,,,,,74.42,2026-04-12T01:28:13Z,2026-05-13T10:00:44Z
1034,672,processing,,3660,14.99,8,,,,,,21.16,2026-05-12T10:02:46Z,2026-05-13T10:00:44Z
1035,1798,shipped,,2070,7.99,6,,,,,2999,34.24,2026-03-29T11:45:54Z,2026-05-13T10:00:44Z
1036,1667,delivered,,1270,14.99,7,,,,,1869,45.18,2026-04-26T08:12:51Z,2026-05-13T10:00:44Z
1037,1507,delivered,,550,7.99,12,,,,,,30.76,2026-03-20T21:10:25Z,2026-05-13T10:00:44Z
1038,326,delivered,,1050,14.99,8,,,,,,73.8,2026-05-09T21:16:21Z,2026-05-13T10:00:44Z
1039,133,cancelled,Capacity unavailable at assigned terminal,240,7.99,6,,,,,1555,43.56,2026-03-24T15:27:33Z,2026-05-13T10:00:44Z
1040,1379,pending,,390,14.99,,,,,,,79.84,2026-04-30T14:16:06Z,2026-05-13T10:00:44Z
1041,72,confirmed,,380,7.99,12,,,,,,76.84,2026-05-02T08:57:00Z,2026-05-13T10:00:44Z
1042,1842,processing,,2740,7.99,3,,,,,1939,85.05,2026-04-04T18:10:59Z,2026-05-13T10:00:44Z
1043,1762,shipped,,1040,7.99,7,,,,,,54.61,2026-03-15T18:29:47Z,2026-05-13T10:00:44Z
1044,234,delivered,,2980,0,4,,,,,,47.42,2026-04-24T22:49:50Z,2026-05-13T10:00:44Z
1045,826,delivered,,2435,7.99,7,,,,,,69.34,2026-03-26T19:24:28Z,2026-05-13T10:00:44Z
1046,1613,delivered,,180,14.99,2,,,,,,29.71,2026-03-28T22:19:07Z,2026-05-13T10:00:44Z
1047,1158,cancelled,Shipper cancelled tender,1325,7.99,1,,,,,837,92.83,2026-03-22T04:28:26Z,2026-05-13T10:00:44Z
1048,1027,pending,,267,14.99,,,,,,,77.02,2026-04-12T12:36:18Z,2026-05-13T10:00:44Z
1049,806,confirmed,,1630,14.99,3,,,,,,24.87,2026-04-20T05:39:36Z,2026-05-13T10:00:44Z
1050,1739,processing,,935,14.99,9,,,,,354,32.25,2026-05-02T13:43:22Z,2026-05-13T10:00:44Z
1051,966,shipped,,1605,14.99,4,,,,,1101,52.7,2026-05-03T12:15:16Z,2026-05-13T10:00:44Z
1052,85,delivered,,720,7.99,7,,,,,,18.96,2026-04-08T09:47:13Z,2026-05-13T10:00:44Z
1053,372,delivered,,4235,0,12,,,,,220,15.38,2026-03-21T04:57:48Z,2026-05-13T10:00:44Z
1054,1766,delivered,,2240,14.99,1,,,,,582,80.82,2026-05-07T02:35:25Z,2026-05-13T10:00:44Z
1055,76,cancelled,Missed pickup appointment window,2150,7.99,6,,,,,,41.77,2026-04-22T06:18:04Z,2026-05-13T10:00:44Z
1056,991,pending,,2100,0,,,,,,,35.49,2026-05-12T23:27:45Z,2026-05-13T10:00:44Z
1057,1655,confirmed,,1650,7.99,7,,,,,,49.86,2026-03-22T01:34:10Z,2026-05-13T10:00:44Z
1058,241,processing,,1555,7.99,12,,,,,,16.73,2026-04-24T09:29:32Z,2026-05-13T10:00:44Z
1059,138,shipped,,1570,14.99,10,,,,,,81.65,2026-05-03T17:21:03Z,2026-05-13T10:00:44Z
1060,426,delivered,,2870,7.99,12,,,,,,90.21,2026-03-31T17:24:10Z,2026-05-13T10:00:44Z
1061,1927,delivered,,720,7.99,3,,,,,,14.95,2026-03-31T09:50:36Z,2026-05-13T10:00:44Z
1062,475,delivered,,985,14.99,9,,,,,,18.79,2026-04-30T12:59:11Z,2026-05-13T10:00:44Z
1063,1248,cancelled,Weather disruption on planned lane,1060,7.99,5,,,,,,46.81,2026-04-06T03:25:55Z,2026-05-13T10:00:44Z
1064,755,pending,,3620,7.99,,,,,,,39.36,2026-04-30T00:31:29Z,2026-05-13T10:00:44Z
1065,1662,confirmed,,1775,7.99,11,,,,,,70.8,2026-05-08T15:07:40Z,2026-05-13T10:00:44Z
1066,149,processing,,1045,7.99,9,,,,,,55.64,2026-03-30T16:16:37Z,2026-05-13T10:00:44Z
1067,542,shipped,,380,0,3,,,,,,11.37,2026-04-16T18:32:51Z,2026-05-13T10:00:44Z
1068,89,delivered,,1580,14.99,5,,,,,,83.76,2026-04-27T21:51:46Z,2026-05-13T10:00:44Z
1069,15,delivered,,780,7.99,4,,,,,4930,65.71,2026-04-02T07:04:29Z,2026-05-13T10:00:44Z
1070,984,delivered,,630,0,9,,,,,,43.36,2026-04-07T14:41:15Z,2026-05-13T10:00:44Z
1071,1217,cancelled,Permit or documentation issue,1240,0,9,,,,,,33.8,2026-05-07T02:03:28Z,2026-05-13T10:00:44Z
1072,763,pending,,2554,14.99,,,,,,,13.43,2026-04-16T11:55:46Z,2026-05-13T10:00:44Z
1073,1199,confirmed,,3000,14.99,6,,,,,,16.23,2026-03-29T21:04:33Z,2026-05-13T10:00:44Z
1074,1374,processing,,1105,7.99,5,,,,,2939,22.53,2026-03-22T00:27:23Z,2026-05-13T10:00:44Z
1075,1271,shipped,,2553,0,6,,,,,618,62.99,2026-03-17T21:22:49Z,2026-05-13T10:00:44Z
1076,303,delivered,,95,0,4,,,,,,92.77,2026-04-11T23:20:32Z,2026-05-13T10:00:44Z
1077,567,delivered,,2998,7.99,6,,,,,2359,17.69,2026-03-22T00:00:18Z,2026-05-13T10:00:44Z
1078,447,delivered,,1800,14.99,2,,,,,,89.72,2026-04-04T06:26:06Z,2026-05-13T10:00:44Z
1079,129,cancelled,Carrier no-show,2090,14.99,12,,,,,,35.13,2026-04-20T13:30:28Z,2026-05-13T10:00:44Z
1080,1495,pending,,1170,14.99,,,,,,626,28.78,2026-05-01T03:32:23Z,2026-05-13T10:00:44Z
1081,596,confirmed,,1920,0,9,,,,,,13.47,2026-04-02T04:44:52Z,2026-05-13T10:00:44Z
1082,1926,processing,,2570,0,4,,,,,866,18.46,2026-04-08T16:25:18Z,2026-05-13T10:00:44Z
1083,405,shipped,,1920,0,3,,,,,,68.22,2026-03-29T04:24:41Z,2026-05-13T10:00:44Z
1084,888,delivered,,2364,7.99,12,,,,,,66.42,2026-04-30T07:01:40Z,2026-05-13T10:00:44Z
1085,1593,delivered,,860,7.99,5,,,,,1000,90.35,2026-04-03T23:03:57Z,2026-05-13T10:00:44Z
1086,826,delivered,,680,7.99,1,,,,,,29.8,2026-04-23T02:07:12Z,2026-05-13T10:00:44Z
1087,1362,cancelled,Port appointment missed,370,7.99,4,,,,,,27.36,2026-05-06T22:58:46Z,2026-05-13T10:00:44Z
1088,18,pending,,895,14.99,,,,,,,87.81,2026-03-15T11:02:54Z,2026-05-13T10:00:44Z
1089,519,confirmed,,1560,7.99,12,,,,,,30.78,2026-04-04T05:45:30Z,2026-05-13T10:00:44Z
1090,1448,processing,,2230,14.99,4,,,,,,73.6,2026-03-30T11:51:38Z,2026-05-13T10:00:44Z
1091,1565,shipped,,3640,14.99,11,,,,,2702,90.78,2026-03-20T11:08:25Z,2026-05-13T10:00:44Z
1092,1749,delivered,,1270,0,9,,,,,,42.24,2026-03-18T15:55:55Z,2026-05-13T10:00:44Z
1093,961,delivered,,340,7.99,6,,,,,1992,22.6,2026-05-02T04:31:27Z,2026-05-13T10:00:44Z
1094,1915,delivered,,420,7.99,5,,,,,4424,22.51,2026-04-19T07:30:18Z,2026-05-13T10:00:44Z
1095,1780,cancelled,Equipment unavailable for requested service,580,0,5,,,,,,52.36,2026-03-26T20:44:46Z,2026-05-13T10:00:44Z
1096,123,pending,,3570,14.99,,,,,,,30.07,2026-03-21T05:16:33Z,2026-05-13T10:00:44Z
1097,981,confirmed,,145,7.99,9,,,,,,34.73,2026-03-17T08:30:50Z,2026-05-13T10:00:44Z
1098,1317,processing,,1655,7.99,8,,,,,,21.41,2026-03-16T03:15:48Z,2026-05-13T10:00:44Z
1099,1659,shipped,,1030,7.99,6,,,,,4663,35.42,2026-05-09T18:22:48Z,2026-05-13T10:00:44Z
1100,895,delivered,,820,14.99,2,,,,,,93.98,2026-04-22T16:22:23Z,2026-05-13T10:00:44Z
1101,1081,delivered,,2340,14.99,1,,,,,,29.9,2026-03-27T03:07:11Z,2026-05-13T10:00:44Z
1102,244,delivered,,1695,0,12,,,,,,14.75,2026-05-10T05:05:38Z,2026-05-13T10:00:44Z
1103,1951,cancelled,Capacity unavailable at assigned terminal,2660,0,7,,,,,,32.08,2026-05-12T05:36:17Z,2026-05-13T10:00:44Z
1104,935,pending,,2247,0,,,,,,,44.47,2026-03-26T12:11:11Z,2026-05-13T10:00:44Z
1105,500,confirmed,,2210,14.99,7,,,,,,51.75,2026-04-05T00:25:22Z,2026-05-13T10:00:44Z
1106,1820,processing,,3255,7.99,6,,,,,,68.52,2026-04-30T02:02:52Z,2026-05-13T10:00:44Z
1107,1571,shipped,,1765,7.99,10,,,,,,94.7,2026-04-05T02:20:19Z,2026-05-13T10:00:44Z
1108,1786,delivered,,1360,0,8,,,,,,82.18,2026-04-13T10:14:03Z,2026-05-13T10:00:44Z
1109,198,delivered,,2128,7.99,10,,,,,2823,88,2026-04-01T07:16:04Z,2026-05-13T10:00:44Z
1110,747,delivered,,1880,0,1,,,,,,11.9,2026-05-11T06:11:39Z,2026-05-13T10:00:44Z
1111,508,cancelled,Shipper cancelled tender,2445,7.99,6,,,,,,48.09,2026-05-10T15:34:30Z,2026-05-13T10:00:44Z
1112,1174,pending,,2290,0,,,,,,,12.05,2026-04-04T07:45:50Z,2026-05-13T10:00:44Z
1113,904,confirmed,,1115,0,6,,,,,240,15.65,2026-05-09T09:51:01Z,2026-05-13T10:00:44Z
1114,1603,processing,,1217,0,1,,,,,,44.02,2026-05-10T16:39:32Z,2026-05-13T10:00:44Z
1115,254,shipped,,515,7.99,6,,,,,4232,79.6,2026-04-23T09:40:01Z,2026-05-13T10:00:44Z
1116,1362,delivered,,2675,0,4,,,,,,92.26,2026-05-11T09:23:06Z,2026-05-13T10:00:44Z
1117,1014,delivered,,2035,7.99,12,,,,,,90.23,2026-05-05T18:25:50Z,2026-05-13T10:00:44Z
1118,1925,delivered,,1875,7.99,11,,,,,,64.69,2026-03-15T23:59:55Z,2026-05-13T10:00:44Z
1119,820,cancelled,Missed pickup appointment window,1305,0,1,,,,,,82.62,2026-05-06T22:20:56Z,2026-05-13T10:00:44Z
1120,1893,pending,,3545,0,,,,,,,38.31,2026-04-28T10:44:44Z,2026-05-13T10:00:44Z
1121,1307,confirmed,,3368,7.99,2,,,,,,33.51,2026-04-20T22:23:03Z,2026-05-13T10:00:44Z
1122,1203,processing,,2040,14.99,3,,,,,4325,90.05,2026-03-18T21:10:21Z,2026-05-13T10:00:44Z
1123,609,shipped,,1995,0,1,,,,,,74.05,2026-05-04T21:29:12Z,2026-05-13T10:00:44Z
1124,9,delivered,,465,7.99,2,,,,,,89.47,2026-04-11T04:45:49Z,2026-05-13T10:00:44Z
1125,1295,delivered,,1047,7.99,9,,,,,,91.6,2026-03-21T16:32:02Z,2026-05-13T10:00:44Z
1126,1518,delivered,,2040,0,11,,,,,,69.11,2026-04-20T10:04:48Z,2026-05-13T10:00:44Z
1127,1405,cancelled,Weather disruption on planned lane,505,7.99,8,,,,,,19.29,2026-03-30T06:14:18Z,2026-05-13T10:00:44Z
1128,850,pending,,2295,7.99,,,,,,,94.22,2026-03-17T06:30:59Z,2026-05-13T10:00:44Z
1129,868,confirmed,,1365,0,7,,,,,,47.17,2026-03-24T11:19:45Z,2026-05-13T10:00:44Z
1130,714,processing,,250,14.99,7,,,,,,38.93,2026-03-17T17:30:31Z,2026-05-13T10:00:44Z
1131,946,shipped,,1910,14.99,3,,,,,4644,64.91,2026-04-14T20:54:55Z,2026-05-13T10:00:44Z
1132,1832,delivered,,2045,7.99,10,,,,,,47.09,2026-03-24T14:40:55Z,2026-05-13T10:00:44Z
1133,210,delivered,,2895,0,6,,,,,,45.77,2026-04-05T01:54:05Z,2026-05-13T10:00:44Z
1134,1853,delivered,,4085,14.99,8,,,,,,68.59,2026-04-26T05:17:38Z,2026-05-13T10:00:44Z
1135,298,cancelled,Permit or documentation issue,3440,7.99,8,,,,,,47.19,2026-03-22T21:49:16Z,2026-05-13T10:00:44Z
1136,1588,pending,,280,7.99,,,,,,3529,66.93,2026-05-01T12:19:09Z,2026-05-13T10:00:44Z
1137,476,confirmed,,130,7.99,9,,,,,685,10.04,2026-04-12T01:39:48Z,2026-05-13T10:00:44Z
1138,168,processing,,705,0,1,,,,,,56.02,2026-04-01T19:28:35Z,2026-05-13T10:00:44Z
1139,657,shipped,,2299,0,2,,,,,3700,91.07,2026-04-15T03:28:31Z,2026-05-13T10:00:44Z
1140,693,delivered,,970,7.99,7,,,,,2949,80.48,2026-05-08T01:45:30Z,2026-05-13T10:00:44Z
1141,22,delivered,,1695,0,4,,,,,,66.99,2026-03-27T03:01:09Z,2026-05-13T10:00:44Z
1142,958,delivered,,1245,7.99,4,,,,,4001,81.26,2026-03-15T07:20:22Z,2026-05-13T10:00:44Z
1143,245,cancelled,Carrier no-show,1590,14.99,5,,,,,2705,91.91,2026-04-17T01:44:38Z,2026-05-13T10:00:44Z
1144,1523,pending,,1990,0,,,,,,,41.65,2026-04-22T15:25:16Z,2026-05-13T10:00:44Z
1145,1285,confirmed,,2654,0,10,,,,,,74.78,2026-04-24T23:35:19Z,2026-05-13T10:00:44Z
1146,1006,processing,,620,0,4,,,,,,79.33,2026-03-25T00:01:18Z,2026-05-13T10:00:44Z
1147,382,shipped,,780,14.99,4,,,,,1292,84.3,2026-04-30T01:16:03Z,2026-05-13T10:00:44Z
1148,1165,delivered,,1490,14.99,4,,,,,1566,66.4,2026-04-11T06:38:55Z,2026-05-13T10:00:44Z
1149,1733,delivered,,405,7.99,1,,,,,662,43.18,2026-05-09T20:55:43Z,2026-05-13T10:00:44Z
1150,477,delivered,,135,7.99,12,,,,,2399,68.76,2026-04-17T15:01:29Z,2026-05-13T10:00:44Z
1151,1970,cancelled,Port appointment missed,3932,0,9,,,,,,22.19,2026-03-29T03:59:50Z,2026-05-13T10:00:44Z
1152,1712,pending,,2310,7.99,,,,,,,51.21,2026-05-01T01:20:32Z,2026-05-13T10:00:44Z
1153,1647,confirmed,,355,0,7,,,,,,72.2,2026-03-25T23:00:19Z,2026-05-13T10:00:44Z
1154,441,processing,,1640,7.99,10,,,,,,43.42,2026-04-04T14:14:39Z,2026-05-13T10:00:44Z
1155,1470,shipped,,2405,7.99,2,,,,,,35.15,2026-04-19T17:33:05Z,2026-05-13T10:00:44Z
1156,1666,delivered,,620,7.99,3,,,,,,42.86,2026-05-08T12:49:16Z,2026-05-13T10:00:44Z
1157,1321,delivered,,1357,7.99,7,,,,,1279,59.3,2026-05-05T19:46:25Z,2026-05-13T10:00:44Z
1158,640,delivered,,390,7.99,10,,,,,,13.7,2026-04-24T10:12:21Z,2026-05-13T10:00:44Z
1159,548,cancelled,Equipment unavailable for requested service,860,7.99,1,,,,,,71.69,2026-05-02T12:09:14Z,2026-05-13T10:00:44Z
1160,1254,pending,,870,14.99,,,,,,,59.91,2026-03-15T07:58:59Z,2026-05-13T10:00:44Z
1161,768,confirmed,,1650,0,12,,,,,,12.31,2026-04-15T01:48:45Z,2026-05-13T10:00:44Z
1162,1833,processing,,1885,7.99,3,,,,,,19.94,2026-03-20T14:42:09Z,2026-05-13T10:00:44Z
1163,1055,shipped,,1020,7.99,3,,,,,,83.13,2026-03-15T10:47:22Z,2026-05-13T10:00:44Z
1164,358,delivered,,2680,7.99,4,,,,,1460,60.6,2026-03-15T11:47:25Z,2026-05-13T10:00:44Z
1165,1748,delivered,,1990,7.99,8,,,,,3039,67.17,2026-04-10T00:25:25Z,2026-05-13T10:00:44Z
1166,770,delivered,,1700,0,8,,,,,4574,18.8,2026-04-19T11:58:48Z,2026-05-13T10:00:44Z
1167,554,cancelled,Capacity unavailable at assigned terminal,800,7.99,9,,,,,,62.37,2026-04-21T23:58:51Z,2026-05-13T10:00:44Z
1168,356,pending,,680,7.99,,,,,,,46.88,2026-05-06T12:46:35Z,2026-05-13T10:00:44Z
1169,1973,confirmed,,3860,0,5,,,,,,14.6,2026-05-01T10:47:51Z,2026-05-13T10:00:44Z
1170,1092,processing,,3805,7.99,3,,,,,,76.53,2026-03-27T04:40:43Z,2026-05-13T10:00:44Z
1171,757,shipped,,685,7.99,8,,,,,,69.39,2026-04-09T12:56:21Z,2026-05-13T10:00:44Z
1172,1208,delivered,,2103,7.99,10,,,,,1607,21.16,2026-04-04T16:18:43Z,2026-05-13T10:00:44Z
1173,869,delivered,,1160,14.99,10,,,,,,10.45,2026-03-27T16:18:01Z,2026-05-13T10:00:44Z
1174,882,delivered,,3800,14.99,3,,,,,,76.49,2026-04-21T13:06:55Z,2026-05-13T10:00:44Z
1175,907,cancelled,Shipper cancelled tender,420,14.99,3,,,,,,52.92,2026-03-23T06:48:22Z,2026-05-13T10:00:44Z
1176,1199,pending,,145,14.99,,,,,,,24.67,2026-04-19T04:20:11Z,2026-05-13T10:00:44Z
1177,407,confirmed,,630,7.99,12,,,,,,14.3,2026-04-04T12:45:31Z,2026-05-13T10:00:44Z
1178,549,processing,,267,0,8,,,,,,54.72,2026-04-02T13:38:28Z,2026-05-13T10:00:44Z
1179,1876,shipped,,1445,7.99,2,,,,,1223,18.03,2026-03-31T04:58:44Z,2026-05-13T10:00:44Z
1180,1633,delivered,,320,7.99,3,,,,,3467,38.01,2026-04-10T00:02:43Z,2026-05-13T10:00:44Z
1181,682,delivered,,1390,0,7,,,,,,72.21,2026-03-30T07:28:10Z,2026-05-13T10:00:44Z
1182,1263,delivered,,780,14.99,6,,,,,,51.48,2026-04-17T05:42:41Z,2026-05-13T10:00:44Z
1183,229,cancelled,Missed pickup appointment window,835,14.99,11,,,,,,53.8,2026-04-14T23:57:55Z,2026-05-13T10:00:44Z
1184,1466,pending,,4150,0,,,,,,4133,37.65,2026-03-16T00:48:08Z,2026-05-13T10:00:44Z
1185,1453,confirmed,,760,7.99,4,,,,,,33.68,2026-04-13T19:19:15Z,2026-05-13T10:00:44Z
1186,1387,processing,,2285,7.99,7,,,,,,32.09,2026-03-25T15:00:54Z,2026-05-13T10:00:44Z
1187,16,shipped,,985,0,10,,,,,,91.8,2026-04-12T14:32:21Z,2026-05-13T10:00:44Z
1188,805,delivered,,260,7.99,5,,,,,3335,71.2,2026-05-03T05:21:22Z,2026-05-13T10:00:44Z
1189,573,delivered,,680,14.99,1,,,,,,27.57,2026-04-20T18:42:05Z,2026-05-13T10:00:44Z
1190,1664,delivered,,570,7.99,11,,,,,1885,63.96,2026-04-12T00:14:09Z,2026-05-13T10:00:44Z
1191,1985,cancelled,Weather disruption on planned lane,210,0,6,,,,,,39.57,2026-04-07T06:17:00Z,2026-05-13T10:00:44Z
1192,431,pending,,1977,7.99,,,,,,876,52.38,2026-04-07T07:41:12Z,2026-05-13T10:00:44Z
1193,119,confirmed,,160,7.99,10,,,,,4758,56.86,2026-04-04T12:54:45Z,2026-05-13T10:00:44Z
1194,696,processing,,340,7.99,1,,,,,,92.14,2026-03-28T19:06:49Z,2026-05-13T10:00:44Z
1195,1619,shipped,,570,7.99,7,,,,,,49.12,2026-03-14T18:49:01Z,2026-05-13T10:00:44Z
1196,1553,delivered,,1768,7.99,6,,,,,,53.56,2026-03-20T14:08:28Z,2026-05-13T10:00:44Z
1197,1623,delivered,,420,7.99,8,,,,,,45,2026-03-25T15:28:39Z,2026-05-13T10:00:44Z
1198,1179,delivered,,555,7.99,11,,,,,,37.52,2026-04-14T16:23:07Z,2026-05-13T10:00:44Z
1199,1802,cancelled,Permit or documentation issue,1360,7.99,7,,,,,289,20.84,2026-05-09T16:12:25Z,2026-05-13T10:00:44Z
1200,1932,pending,,1265,7.99,,,,,,,59.56,2026-03-20T00:51:17Z,2026-05-13T10:00:44Z
1201,1849,confirmed,,340,14.99,4,,,,,3721,28.3,2026-03-30T04:19:38Z,2026-05-13T10:00:44Z
1202,1883,processing,,2840,0,2,,,,,,19.89,2026-04-28T19:30:46Z,2026-05-13T10:00:44Z
1203,1357,shipped,,2630,7.99,5,,,,,4895,22.76,2026-03-26T07:39:34Z,2026-05-13T10:00:44Z
1204,1399,delivered,,1020,7.99,9,,,,,,35.64,2026-04-25T14:11:57Z,2026-05-13T10:00:44Z
1205,891,delivered,,1270,0,4,,,,,4966,72.03,2026-03-21T01:12:33Z,2026-05-13T10:00:44Z
1206,1919,delivered,,1925,7.99,5,,,,,,45.04,2026-04-08T20:36:42Z,2026-05-13T10:00:44Z
1207,1586,cancelled,Carrier no-show,2990,0,8,,,,,,14.33,2026-03-17T01:46:31Z,2026-05-13T10:00:44Z
1208,1403,pending,,1130,0,,,,,,,25.82,2026-04-05T19:08:01Z,2026-05-13T10:00:44Z
1209,1770,confirmed,,733,0,9,,,,,4209,87.81,2026-05-07T11:28:16Z,2026-05-13T10:00:44Z
1210,491,processing,,1560,14.99,7,,,,,1791,60.83,2026-03-27T11:55:44Z,2026-05-13T10:00:44Z
1211,803,shipped,,2100,14.99,4,,,,,,16.51,2026-03-26T13:37:35Z,2026-05-13T10:00:44Z
1212,555,delivered,,210,7.99,10,,,,,,55.19,2026-03-26T16:35:33Z,2026-05-13T10:00:44Z
1213,487,delivered,,2075,14.99,3,,,,,,17.38,2026-04-14T08:57:14Z,2026-05-13T10:00:44Z
1214,1310,delivered,,360,7.99,7,,,,,147,89.31,2026-04-12T03:00:16Z,2026-05-13T10:00:44Z
1215,82,cancelled,Port appointment missed,3700,14.99,11,,,,,1555,14.6,2026-05-06T01:30:40Z,2026-05-13T10:00:44Z
1216,1877,pending,,2385,0,,,,,,4674,13.58,2026-04-30T05:39:07Z,2026-05-13T10:00:44Z
1217,1559,confirmed,,435,14.99,2,,,,,2058,25.81,2026-03-23T23:16:39Z,2026-05-13T10:00:44Z
1218,1970,processing,,680,0,8,,,,,1276,48.78,2026-03-17T04:54:13Z,2026-05-13T10:00:44Z
1219,434,shipped,,855,14.99,9,,,,,,36.2,2026-04-08T16:24:55Z,2026-05-13T10:00:44Z
1220,1593,delivered,,2340,7.99,2,,,,,,62.71,2026-04-03T21:43:13Z,2026-05-13T10:00:44Z
1221,118,delivered,,3545,0,5,,,,,,24.71,2026-04-13T09:15:21Z,2026-05-13T10:00:44Z
1222,1026,delivered,,1089,7.99,6,,,,,,39.41,2026-04-24T04:19:52Z,2026-05-13T10:00:44Z
1223,1097,cancelled,Equipment unavailable for requested service,4405,7.99,10,,,,,741,85.06,2026-04-24T02:17:00Z,2026-05-13T10:00:44Z
1224,1211,pending,,368,0,,,,,,,50.6,2026-03-20T23:13:32Z,2026-05-13T10:00:44Z
1225,399,confirmed,,1000,7.99,3,,,,,3677,44.26,2026-03-16T22:08:00Z,2026-05-13T10:00:44Z
1226,96,processing,,1400,0,5,,,,,,50.91,2026-04-08T22:51:36Z,2026-05-13T10:00:44Z
1227,879,shipped,,1225,14.99,3,,,,,,15.77,2026-05-07T14:14:12Z,2026-05-13T10:00:44Z
1228,1767,delivered,,760,14.99,10,,,,,,49.7,2026-03-22T07:00:14Z,2026-05-13T10:00:44Z
1229,1307,delivered,,1320,7.99,11,,,,,,12.22,2026-03-23T17:14:25Z,2026-05-13T10:00:44Z
1230,1296,delivered,,1210,14.99,2,,,,,,58.04,2026-04-06T10:45:59Z,2026-05-13T10:00:44Z
1231,1996,cancelled,Capacity unavailable at assigned terminal,2462,14.99,2,,,,,,53.22,2026-04-27T00:34:05Z,2026-05-13T10:00:44Z
1232,230,pending,,1920,0,,,,,,,36.81,2026-04-20T16:20:57Z,2026-05-13T10:00:44Z
1233,271,confirmed,,299,7.99,2,,,,,,66.4,2026-05-11T23:33:31Z,2026-05-13T10:00:44Z
1234,1954,processing,,2700,7.99,6,,,,,,30.63,2026-03-20T16:39:33Z,2026-05-13T10:00:44Z
1235,539,shipped,,160,7.99,3,,,,,1852,24.62,2026-04-25T14:06:53Z,2026-05-13T10:00:44Z
1236,1543,delivered,,3295,0,10,,,,,829,87.47,2026-05-09T06:43:51Z,2026-05-13T10:00:44Z
1237,1158,delivered,,1195,0,5,,,,,,83.55,2026-04-10T17:52:46Z,2026-05-13T10:00:44Z
1238,1043,delivered,,1125,7.99,7,,,,,4525,92.02,2026-04-06T08:54:52Z,2026-05-13T10:00:44Z
1239,319,cancelled,Shipper cancelled tender,3090,0,9,,,,,3552,25.84,2026-03-30T07:05:52Z,2026-05-13T10:00:44Z
1240,1796,pending,,3195,0,,,,,,3864,29.88,2026-03-19T23:22:46Z,2026-05-13T10:00:44Z
1241,1215,confirmed,,825,14.99,5,,,,,4406,37.68,2026-04-25T10:11:29Z,2026-05-13T10:00:44Z
1242,425,processing,,3935,0,4,,,,,,10.21,2026-04-29T16:14:18Z,2026-05-13T10:00:44Z
1243,621,shipped,,870,7.99,12,,,,,,92.66,2026-05-09T21:40:14Z,2026-05-13T10:00:44Z
1244,1282,delivered,,4280,0,7,,,,,577,36.67,2026-04-06T21:48:39Z,2026-05-13T10:00:44Z
1245,569,delivered,,765,0,9,,,,,3113,34.74,2026-04-18T16:38:05Z,2026-05-13T10:00:44Z
1246,1213,delivered,,585,7.99,1,,,,,4518,54.01,2026-04-16T04:42:35Z,2026-05-13T10:00:44Z
1247,672,cancelled,Missed pickup appointment window,1097,14.99,2,,,,,3511,14.48,2026-05-12T19:11:46Z,2026-05-13T10:00:44Z
1248,1627,pending,,550,7.99,,,,,,,43.46,2026-04-20T13:19:11Z,2026-05-13T10:00:44Z
1249,591,confirmed,,660,0,12,,,,,3573,83.18,2026-03-29T13:28:44Z,2026-05-13T10:00:44Z
1250,1492,processing,,375,7.99,11,,,,,3083,32.03,2026-04-23T02:55:51Z,2026-05-13T10:00:44Z
1251,1577,shipped,,1360,7.99,9,,,,,,63.6,2026-04-01T21:26:24Z,2026-05-13T10:00:44Z
1252,1695,delivered,,1385,7.99,2,,,,,,92.27,2026-03-22T12:41:31Z,2026-05-13T10:00:44Z
1253,401,delivered,,1257,7.99,2,,,,,,76.42,2026-05-01T09:13:14Z,2026-05-13T10:00:44Z
1254,1523,delivered,,1600,7.99,10,,,,,,78.11,2026-04-16T12:04:31Z,2026-05-13T10:00:44Z
1255,365,cancelled,Weather disruption on planned lane,280,7.99,12,,,,,,91.91,2026-04-21T09:48:54Z,2026-05-13T10:00:44Z
1256,1870,pending,,1877,14.99,,,,,,4429,70.73,2026-04-18T08:37:29Z,2026-05-13T10:00:44Z
1257,1756,confirmed,,540,7.99,11,,,,,1211,56.06,2026-05-02T09:48:01Z,2026-05-13T10:00:44Z
1258,1159,processing,,240,14.99,2,,,,,1044,42.34,2026-05-05T20:13:54Z,2026-05-13T10:00:44Z
1259,69,shipped,,680,0,7,,,,,,94.65,2026-05-08T13:00:58Z,2026-05-13T10:00:44Z
1260,1661,delivered,,3060,0,3,,,,,,93.05,2026-05-09T00:10:26Z,2026-05-13T10:00:44Z
1261,1573,delivered,,1420,7.99,12,,,,,1191,72.43,2026-04-30T16:00:05Z,2026-05-13T10:00:44Z
1262,1692,delivered,,1979,7.99,1,,,,,,11.65,2026-04-14T22:17:26Z,2026-05-13T10:00:44Z
1263,510,cancelled,Permit or documentation issue,2605,0,2,,,,,,84.34,2026-04-14T03:24:16Z,2026-05-13T10:00:44Z
1264,616,pending,,1415,0,,,,,,2022,36.91,2026-04-19T18:07:50Z,2026-05-13T10:00:44Z
1265,1174,confirmed,,1480,7.99,3,,,,,,47.85,2026-04-07T05:34:54Z,2026-05-13T10:00:44Z
1266,1194,processing,,630,7.99,10,,,,,,41.1,2026-04-01T10:49:52Z,2026-05-13T10:00:44Z
1267,247,shipped,,1855,7.99,12,,,,,,90.54,2026-03-31T15:31:36Z,2026-05-13T10:00:44Z
1268,995,delivered,,955,0,2,,,,,,28.8,2026-05-13T00:07:16Z,2026-05-13T10:00:44Z
1269,1168,delivered,,2025,7.99,11,,,,,,27.6,2026-04-24T21:08:38Z,2026-05-13T10:00:44Z
1270,687,delivered,,1260,7.99,3,,,,,3380,36.26,2026-03-14T20:24:52Z,2026-05-13T10:00:44Z
1271,254,cancelled,Carrier no-show,925,0,11,,,,,1929,12.04,2026-04-20T15:55:52Z,2026-05-13T10:00:44Z
1272,1506,pending,,320,0,,,,,,,52.64,2026-05-05T21:30:41Z,2026-05-13T10:00:44Z
1273,1447,confirmed,,480,0,4,,,,,,84.94,2026-05-06T16:25:56Z,2026-05-13T10:00:44Z
1274,1608,processing,,420,7.99,1,,,,,318,94.98,2026-05-03T04:15:21Z,2026-05-13T10:00:44Z
1275,1776,shipped,,3060,7.99,11,,,,,,92.29,2026-03-14T14:47:41Z,2026-05-13T10:00:44Z
1276,1002,delivered,,2770,7.99,6,,,,,433,83.92,2026-04-29T16:03:07Z,2026-05-13T10:00:44Z
1277,1,delivered,,5309,14.99,11,,,,,,37.06,2026-05-02T14:58:49Z,2026-05-13T10:00:44Z
1278,1263,delivered,,640,0,5,,,,,484,44.5,2026-04-13T14:44:27Z,2026-05-13T10:00:44Z
1279,1947,cancelled,Port appointment missed,1310,7.99,4,,,,,,78.83,2026-04-09T04:46:37Z,2026-05-13T10:00:44Z
1280,234,pending,,1385,0,,,,,,,41.08,2026-04-08T22:06:38Z,2026-05-13T10:00:44Z
1281,1859,confirmed,,1030,7.99,3,,,,,132,47.87,2026-04-01T07:27:08Z,2026-05-13T10:00:44Z
1282,312,processing,,708,14.99,9,,,,,,63.82,2026-04-30T13:54:50Z,2026-05-13T10:00:44Z
1283,172,shipped,,2420,14.99,9,,,,,,79.7,2026-03-18T19:07:11Z,2026-05-13T10:00:44Z
1284,1893,delivered,,1060,7.99,9,,,,,,70.5,2026-05-05T14:56:47Z,2026-05-13T10:00:44Z
1285,1774,delivered,,435,0,4,,,,,1760,27.26,2026-04-15T09:36:07Z,2026-05-13T10:00:44Z
1286,1267,delivered,,1330,14.99,8,,,,,,10.14,2026-03-21T19:41:55Z,2026-05-13T10:00:44Z
1287,406,cancelled,Equipment unavailable for requested service,270,0,4,,,,,1489,89.18,2026-03-17T09:20:12Z,2026-05-13T10:00:44Z
1288,1221,pending,,420,14.99,,,,,,4742,13.75,2026-05-13T05:04:13Z,2026-05-13T10:00:44Z
1289,1009,confirmed,,840,14.99,11,,,,,,90.18,2026-03-18T19:52:09Z,2026-05-13T10:00:44Z
1290,1574,processing,,3000,0,8,,,,,,31.85,2026-04-25T14:36:18Z,2026-05-13T10:00:44Z
1291,154,shipped,,1723,7.99,9,,,,,,37.61,2026-03-24T18:10:19Z,2026-05-13T10:00:44Z
1292,1169,delivered,,525,7.99,5,,,,,,33.23,2026-04-26T11:26:07Z,2026-05-13T10:00:44Z
1293,1160,delivered,,720,7.99,10,,,,,,92.95,2026-04-24T08:42:53Z,2026-05-13T10:00:44Z
1294,1708,delivered,,1180,7.99,2,,,,,,33.16,2026-04-07T14:40:09Z,2026-05-13T10:00:44Z
1295,1673,cancelled,Capacity unavailable at assigned terminal,1220,0,2,,,,,,48.78,2026-03-27T12:43:27Z,2026-05-13T10:00:44Z
1296,1674,pending,,900,0,,,,,,1871,28.11,2026-04-16T23:46:10Z,2026-05-13T10:00:44Z
1297,64,confirmed,,1630,14.99,9,,,,,4597,22.32,2026-03-29T14:01:35Z,2026-05-13T10:00:44Z
1298,893,processing,,690,7.99,10,,,,,,33.37,2026-04-19T23:38:06Z,2026-05-13T10:00:44Z
1299,1696,shipped,,3145,7.99,8,,,,,,20.79,2026-05-11T15:19:09Z,2026-05-13T10:00:44Z
1300,1522,delivered,,1185,14.99,3,,,,,4624,67.97,2026-04-05T08:52:03Z,2026-05-13T10:00:44Z
1301,916,delivered,,1345,14.99,11,,,,,,73.52,2026-03-20T13:43:32Z,2026-05-13T10:00:44Z
1302,1371,delivered,,2600,14.99,8,,,,,,52.78,2026-03-19T17:24:14Z,2026-05-13T10:00:44Z
1303,185,cancelled,Shipper cancelled tender,2624,7.99,7,,,,,,89.32,2026-05-07T08:20:18Z,2026-05-13T10:00:44Z
1304,1031,pending,,1385,0,,,,,,,34.96,2026-04-22T05:14:53Z,2026-05-13T10:00:44Z
1305,1950,confirmed,,2268,7.99,3,,,,,1939,37.89,2026-05-04T16:43:59Z,2026-05-13T10:00:44Z
1306,413,processing,,3490,14.99,10,,,,,881,21.31,2026-04-10T22:34:17Z,2026-05-13T10:00:44Z
1307,223,shipped,,290,0,12,,,,,,77.85,2026-04-16T09:54:24Z,2026-05-13T10:00:44Z
1308,1385,delivered,,2045,0,10,,,,,2640,94.59,2026-04-01T17:04:10Z,2026-05-13T10:00:44Z
1309,806,delivered,,290,7.99,6,,,,,,15.36,2026-05-12T17:20:16Z,2026-05-13T10:00:44Z
1310,1322,delivered,,755,0,3,,,,,,27.17,2026-03-19T00:31:44Z,2026-05-13T10:00:44Z
1311,1985,cancelled,Missed pickup appointment window,1020,0,1,,,,,,37.34,2026-04-17T18:11:29Z,2026-05-13T10:00:44Z
1312,178,pending,,1360,0,,,,,,709,90.69,2026-05-09T18:47:09Z,2026-05-13T10:00:44Z
1313,1523,confirmed,,115,7.99,3,,,,,,83.74,2026-05-12T17:23:12Z,2026-05-13T10:00:44Z
1314,1531,processing,,2580,7.99,11,,,,,,35.82,2026-04-15T10:17:21Z,2026-05-13T10:00:44Z
1315,868,shipped,,1730,0,4,,,,,,49.47,2026-04-21T14:07:30Z,2026-05-13T10:00:44Z
1316,773,delivered,,1310,14.99,7,,,,,,42.49,2026-05-03T08:03:00Z,2026-05-13T10:00:44Z
1317,952,delivered,,2778,0,2,,,,,,53.66,2026-04-08T07:24:13Z,2026-05-13T10:00:44Z
1318,510,delivered,,1720,14.99,8,,,,,,11.21,2026-04-18T23:57:21Z,2026-05-13T10:00:44Z
1319,320,cancelled,Weather disruption on planned lane,1515,7.99,12,,,,,,94.88,2026-04-03T05:43:03Z,2026-05-13T10:00:44Z
1320,1144,pending,,2290,7.99,,,,,,2407,93.75,2026-05-09T20:29:33Z,2026-05-13T10:00:44Z
1321,302,confirmed,,1875,7.99,6,,,,,2899,51.87,2026-05-03T05:19:23Z,2026-05-13T10:00:44Z
1322,1964,processing,,3165,7.99,2,,,,,4751,39.94,2026-04-12T12:32:36Z,2026-05-13T10:00:44Z
1323,543,shipped,,2490,14.99,7,,,,,646,19.66,2026-03-24T18:01:01Z,2026-05-13T10:00:44Z
1324,208,delivered,,3000,7.99,2,,,,,,63.82,2026-04-23T05:34:46Z,2026-05-13T10:00:44Z
1325,588,delivered,,2760,7.99,9,,,,,,27.7,2026-04-19T00:29:09Z,2026-05-13T10:00:44Z
1326,960,delivered,,3000,7.99,4,,,,,3202,91.4,2026-04-06T05:25:45Z,2026-05-13T10:00:44Z
1327,1036,cancelled,Permit or documentation issue,2340,7.99,10,,,,,,34.15,2026-05-04T06:48:53Z,2026-05-13T10:00:44Z
1328,114,pending,,750,7.99,,,,,,,82.15,2026-03-14T11:56:18Z,2026-05-13T10:00:44Z
1329,696,confirmed,,260,0,8,,,,,,89.67,2026-04-10T11:22:00Z,2026-05-13T10:00:44Z
1330,851,processing,,1360,14.99,4,,,,,,84.7,2026-03-23T09:08:11Z,2026-05-13T10:00:44Z
1331,725,shipped,,840,7.99,7,,,,,4698,69.73,2026-04-14T16:33:47Z,2026-05-13T10:00:44Z
1332,1881,delivered,,630,0,9,,,,,,61.71,2026-03-26T15:21:00Z,2026-05-13T10:00:44Z
1333,597,delivered,,580,7.99,3,,,,,,29.09,2026-04-29T03:52:07Z,2026-05-13T10:00:44Z
1334,18,delivered,,480,0,7,,,,,,55.91,2026-03-17T02:22:08Z,2026-05-13T10:00:44Z
1335,485,cancelled,Carrier no-show,790,7.99,3,,,,,4906,86.45,2026-05-03T18:29:46Z,2026-05-13T10:00:44Z
1336,1599,pending,,465,0,,,,,,2290,11.93,2026-04-06T09:20:00Z,2026-05-13T10:00:44Z
1337,877,confirmed,,1220,7.99,2,,,,,,57.33,2026-04-20T15:07:48Z,2026-05-13T10:00:44Z
1338,1469,processing,,1375,0,12,,,,,4288,74.01,2026-04-15T18:43:15Z,2026-05-13T10:00:44Z
1339,130,shipped,,1048,14.99,10,,,,,,51.85,2026-03-18T05:41:15Z,2026-05-13T10:00:44Z
1340,1861,delivered,,115,0,3,,,,,,85.61,2026-04-04T13:48:41Z,2026-05-13T10:00:44Z
1341,996,delivered,,2600,7.99,12,,,,,2833,29.27,2026-03-20T06:42:06Z,2026-05-13T10:00:44Z
1342,800,delivered,,780,7.99,10,,,,,,87.54,2026-03-31T16:16:05Z,2026-05-13T10:00:44Z
1343,1981,cancelled,Port appointment missed,875,7.99,2,,,,,,56.22,2026-04-18T06:30:32Z,2026-05-13T10:00:44Z
1344,201,pending,,360,7.99,,,,,,,64.03,2026-03-24T02:35:23Z,2026-05-13T10:00:44Z
1345,1226,confirmed,,1357,7.99,5,,,,,1927,73.66,2026-04-30T09:47:59Z,2026-05-13T10:00:44Z
1346,145,processing,,1560,0,7,,,,,,12.56,2026-04-26T18:13:21Z,2026-05-13T10:00:44Z
1347,3,shipped,,910,7.99,12,,,,,,12.76,2026-04-23T20:40:09Z,2026-05-13T10:00:44Z
1348,586,delivered,,2385,7.99,9,,,,,,75.43,2026-04-27T23:03:00Z,2026-05-13T10:00:44Z
1349,32,delivered,,2485,0,6,,,,,1897,62.42,2026-05-06T06:39:00Z,2026-05-13T10:00:44Z
1350,224,delivered,,420,7.99,10,,,,,,30,2026-03-24T06:00:20Z,2026-05-13T10:00:44Z
1351,372,cancelled,Equipment unavailable for requested service,4060,7.99,5,,,,,3761,60.34,2026-04-21T08:27:48Z,2026-05-13T10:00:44Z
1352,1995,pending,,4095,14.99,,,,,,,43.02,2026-04-16T09:56:00Z,2026-05-13T10:00:44Z
1353,1621,confirmed,,2368,7.99,6,,,,,,37.18,2026-03-31T04:59:03Z,2026-05-13T10:00:44Z
1354,696,processing,,2205,7.99,1,,,,,2223,38.18,2026-04-01T13:32:31Z,2026-05-13T10:00:44Z
1355,1006,shipped,,2740,7.99,11,,,,,4106,70.99,2026-04-18T04:54:37Z,2026-05-13T10:00:44Z
1356,640,delivered,,1375,7.99,2,,,,,2024,38,2026-04-29T15:54:57Z,2026-05-13T10:00:44Z
1357,99,delivered,,520,14.99,12,,,,,48,62.93,2026-03-25T04:30:41Z,2026-05-13T10:00:44Z
1358,1575,delivered,,267,14.99,10,,,,,2538,66.88,2026-03-22T17:48:29Z,2026-05-13T10:00:44Z
1359,508,cancelled,Capacity unavailable at assigned terminal,1315,14.99,4,,,,,,24.81,2026-04-25T00:28:47Z,2026-05-13T10:00:44Z
1360,338,pending,,2410,0,,,,,,3177,68.19,2026-03-16T11:25:02Z,2026-05-13T10:00:44Z
1361,1288,confirmed,,910,7.99,6,,,,,1088,29.76,2026-03-27T18:00:59Z,2026-05-13T10:00:44Z
1362,317,processing,,2388,14.99,1,,,,,,35.89,2026-05-08T13:54:50Z,2026-05-13T10:00:44Z
1363,985,shipped,,3670,14.99,10,,,,,,38.4,2026-05-02T07:08:12Z,2026-05-13T10:00:44Z
1364,112,delivered,,405,7.99,9,,,,,3428,10.05,2026-03-22T03:43:46Z,2026-05-13T10:00:44Z
1365,1870,delivered,,1670,7.99,9,,,,,,73.49,2026-04-13T21:05:42Z,2026-05-13T10:00:44Z
1366,1669,delivered,,1260,7.99,12,,,,,,40.86,2026-04-12T02:42:16Z,2026-05-13T10:00:44Z
1367,17,cancelled,Shipper cancelled tender,2465,14.99,3,,,,,,67.53,2026-04-21T03:16:10Z,2026-05-13T10:00:44Z
1368,1622,pending,,480,7.99,,,,,,1790,17.44,2026-03-23T17:12:16Z,2026-05-13T10:00:44Z
1369,1042,confirmed,,4005,7.99,2,,,,,,93.12,2026-04-21T19:13:50Z,2026-05-13T10:00:44Z
1370,1952,processing,,1970,7.99,8,,,,,3058,25.63,2026-04-15T19:45:37Z,2026-05-13T10:00:44Z
1371,1263,shipped,,1799,7.99,9,,,,,,43.3,2026-04-13T09:16:04Z,2026-05-13T10:00:44Z
1372,1465,delivered,,89,7.99,1,,,,,,28.98,2026-04-16T14:16:08Z,2026-05-13T10:00:44Z
1373,1589,delivered,,145,0,7,,,,,,50.49,2026-04-14T15:35:31Z,2026-05-13T10:00:44Z
1374,539,delivered,,2320,7.99,11,,,,,,82.73,2026-03-31T00:49:44Z,2026-05-13T10:00:44Z
1375,920,cancelled,Missed pickup appointment window,1320,7.99,7,,,,,2949,57.77,2026-04-06T07:22:33Z,2026-05-13T10:00:44Z
1376,1160,pending,,2105,7.99,,,,,,,35.73,2026-04-24T10:17:06Z,2026-05-13T10:00:44Z
1377,1934,confirmed,,1445,7.99,5,,,,,,80.67,2026-04-30T08:54:28Z,2026-05-13T10:00:44Z
1378,1106,processing,,5220,7.99,6,,,,,,79.3,2026-04-08T22:05:11Z,2026-05-13T10:00:44Z
1379,1810,shipped,,2255,7.99,3,,,,,,48.92,2026-05-06T05:45:26Z,2026-05-13T10:00:44Z
1380,1022,delivered,,825,0,7,,,,,,45.76,2026-05-06T06:23:52Z,2026-05-13T10:00:44Z
1381,617,delivered,,865,7.99,1,,,,,,87.21,2026-03-27T17:15:20Z,2026-05-13T10:00:44Z
1382,500,delivered,,890,7.99,10,,,,,4362,40.48,2026-05-07T03:54:58Z,2026-05-13T10:00:44Z
1383,756,cancelled,Weather disruption on planned lane,2275,7.99,10,,,,,,16.75,2026-04-17T18:35:53Z,2026-05-13T10:00:44Z
1384,1350,pending,,3820,14.99,,,,,,,31.25,2026-03-23T15:40:51Z,2026-05-13T10:00:44Z
1385,1317,confirmed,,2015,0,7,,,,,,25.24,2026-04-23T16:02:07Z,2026-05-13T10:00:44Z
1386,1687,processing,,1625,7.99,11,,,,,,78.29,2026-04-22T15:28:45Z,2026-05-13T10:00:44Z
1387,29,shipped,,450,7.99,12,,,,,391,82.62,2026-04-26T16:30:20Z,2026-05-13T10:00:44Z
1388,1624,delivered,,405,7.99,4,,,,,,43.38,2026-05-13T03:50:55Z,2026-05-13T10:00:44Z
1389,1996,delivered,,435,14.99,3,,,,,,20.87,2026-05-11T16:35:37Z,2026-05-13T10:00:44Z
1390,149,delivered,,1210,7.99,4,,,,,,24.15,2026-03-15T23:14:36Z,2026-05-13T10:00:44Z
1391,1637,cancelled,Permit or documentation issue,2005,14.99,6,,,,,4929,60.04,2026-04-01T12:38:39Z,2026-05-13T10:00:44Z
1392,734,pending,,690,7.99,,,,,,808,78.18,2026-04-24T14:46:57Z,2026-05-13T10:00:44Z
1393,1418,confirmed,,810,7.99,1,,,,,,25.05,2026-05-06T22:50:40Z,2026-05-13T10:00:44Z
1394,1982,processing,,2480,14.99,1,,,,,3675,50.01,2026-04-18T23:48:09Z,2026-05-13T10:00:44Z
1395,678,shipped,,2710,7.99,8,,,,,37,71.4,2026-03-17T17:01:13Z,2026-05-13T10:00:44Z
1396,1155,delivered,,2520,7.99,9,,,,,,76.65,2026-04-15T10:38:52Z,2026-05-13T10:00:44Z
1397,710,delivered,,170,7.99,9,,,,,4012,47.71,2026-05-01T04:19:20Z,2026-05-13T10:00:44Z
1398,1212,delivered,,4815,7.99,7,,,,,,31.16,2026-03-17T19:47:43Z,2026-05-13T10:00:44Z
1399,409,cancelled,Carrier no-show,1500,7.99,3,,,,,,42.84,2026-05-04T00:58:46Z,2026-05-13T10:00:44Z
1400,902,pending,,2107,7.99,,,,,,,54.45,2026-04-19T08:20:55Z,2026-05-13T10:00:44Z
1401,554,confirmed,,4450,14.99,11,,,,,,43.14,2026-04-28T10:38:50Z,2026-05-13T10:00:44Z
1402,138,processing,,1195,0,7,,,,,,20.48,2026-03-15T17:24:16Z,2026-05-13T10:00:44Z
1403,1117,shipped,,440,14.99,11,,,,,3502,46.64,2026-04-02T20:15:50Z,2026-05-13T10:00:44Z
1404,74,delivered,,1600,14.99,11,,,,,,69.68,2026-04-28T02:43:19Z,2026-05-13T10:00:44Z
1405,432,delivered,,1372,7.99,3,,,,,,52.46,2026-04-13T08:11:21Z,2026-05-13T10:00:44Z
1406,540,delivered,,3710,7.99,7,,,,,4481,14.88,2026-04-04T09:17:40Z,2026-05-13T10:00:44Z
1407,541,cancelled,Port appointment missed,1017,0,3,,,,,,64.53,2026-04-21T01:33:58Z,2026-05-13T10:00:44Z
1408,1065,pending,,680,7.99,,,,,,,61.72,2026-04-19T19:36:07Z,2026-05-13T10:00:44Z
1409,1434,confirmed,,1150,0,2,,,,,,29.24,2026-04-19T19:17:39Z,2026-05-13T10:00:44Z
1410,177,processing,,3105,0,12,,,,,,89.1,2026-04-18T06:49:58Z,2026-05-13T10:00:44Z
1411,1136,shipped,,3110,7.99,7,,,,,,65.72,2026-05-04T12:53:49Z,2026-05-13T10:00:44Z
1412,1529,delivered,,2125,14.99,4,,,,,,11.7,2026-04-11T11:35:03Z,2026-05-13T10:00:44Z
1413,1472,delivered,,445,0,2,,,,,,65.56,2026-04-21T08:07:39Z,2026-05-13T10:00:44Z
1414,1807,delivered,,1210,14.99,3,,,,,,48.51,2026-05-06T14:19:15Z,2026-05-13T10:00:44Z
1415,1507,cancelled,Equipment unavailable for requested service,1980,0,8,,,,,,61.61,2026-04-05T13:43:57Z,2026-05-13T10:00:44Z
1416,1977,pending,,735,7.99,,,,,,491,15.02,2026-03-25T03:39:46Z,2026-05-13T10:00:44Z
1417,864,confirmed,,822,0,6,,,,,261,44.59,2026-03-29T03:44:28Z,2026-05-13T10:00:44Z
1418,1815,processing,,420,7.99,4,,,,,,71.79,2026-04-05T13:01:03Z,2026-05-13T10:00:44Z
1419,1099,shipped,,520,0,8,,,,,,37.7,2026-04-24T09:34:53Z,2026-05-13T10:00:44Z
1420,73,delivered,,2295,0,3,,,,,,47.52,2026-04-08T21:17:42Z,2026-05-13T10:00:44Z
1421,1156,delivered,,4638,0,12,,,,,,42.14,2026-03-29T15:49:53Z,2026-05-13T10:00:44Z
1422,271,delivered,,2880,7.99,4,,,,,3009,49.49,2026-03-22T21:04:33Z,2026-05-13T10:00:44Z
1423,1570,cancelled,Capacity unavailable at assigned terminal,260,14.99,4,,,,,2143,77.9,2026-05-02T21:48:29Z,2026-05-13T10:00:44Z
1424,1891,pending,,1220,7.99,,,,,,4763,29.63,2026-04-17T20:32:08Z,2026-05-13T10:00:44Z
1425,369,confirmed,,2760,7.99,8,,,,,,38.77,2026-04-18T09:14:47Z,2026-05-13T10:00:44Z
1426,984,processing,,1925,7.99,5,,,,,,62.71,2026-04-09T00:23:57Z,2026-05-13T10:00:44Z
1427,1822,shipped,,267,7.99,12,,,,,,53.1,2026-05-05T04:15:30Z,2026-05-13T10:00:44Z
1428,15,delivered,,850,14.99,5,,,,,,81.04,2026-04-20T01:25:04Z,2026-05-13T10:00:44Z
1429,1347,delivered,,1210,0,4,,,,,,61.95,2026-03-23T17:50:41Z,2026-05-13T10:00:44Z
1430,194,delivered,,2260,7.99,4,,,,,,53.64,2026-04-20T21:52:43Z,2026-05-13T10:00:44Z
1431,1520,cancelled,Shipper cancelled tender,130,7.99,11,,,,,,10.88,2026-04-06T07:33:29Z,2026-05-13T10:00:44Z
1432,14,pending,,835,7.99,,,,,,,67.6,2026-04-04T09:10:59Z,2026-05-13T10:00:44Z
1433,1798,confirmed,,2630,7.99,6,,,,,,15.76,2026-03-16T21:49:00Z,2026-05-13T10:00:44Z
1434,861,processing,,800,0,2,,,,,,35.54,2026-04-29T05:36:23Z,2026-05-13T10:00:44Z
1435,1828,shipped,,1805,7.99,6,,,,,,70.45,2026-03-16T07:37:30Z,2026-05-13T10:00:44Z
1436,1494,delivered,,3930,0,5,,,,,,52.64,2026-03-29T02:42:13Z,2026-05-13T10:00:44Z
1437,686,delivered,,1735,7.99,10,,,,,,26,2026-03-16T01:40:08Z,2026-05-13T10:00:44Z
1438,484,delivered,,3435,7.99,11,,,,,,83.02,2026-05-07T23:40:33Z,2026-05-13T10:00:44Z
1439,1585,cancelled,Missed pickup appointment window,250,0,6,,,,,,48.13,2026-05-10T10:29:10Z,2026-05-13T10:00:44Z
1440,697,pending,,987,0,,,,,,,34.51,2026-05-06T11:04:31Z,2026-05-13T10:00:44Z
1441,1898,confirmed,,4005,7.99,4,,,,,3934,56.62,2026-04-03T22:43:41Z,2026-05-13T10:00:44Z
1442,1956,processing,,2445,7.99,11,,,,,2274,12.59,2026-04-04T21:58:44Z,2026-05-13T10:00:44Z
1443,1094,shipped,,345,14.99,6,,,,,1724,56.48,2026-05-10T21:54:53Z,2026-05-13T10:00:44Z
1444,1597,delivered,,1710,7.99,4,,,,,4203,46.42,2026-04-17T09:30:45Z,2026-05-13T10:00:44Z
1445,199,delivered,,540,14.99,9,,,,,,52.19,2026-04-11T23:04:27Z,2026-05-13T10:00:44Z
1446,657,delivered,,1115,7.99,10,,,,,,56.47,2026-03-15T02:02:31Z,2026-05-13T10:00:44Z
1447,61,cancelled,Weather disruption on planned lane,2875,7.99,7,,,,,,41,2026-04-06T20:39:18Z,2026-05-13T10:00:44Z
1448,1026,pending,,1925,7.99,,,,,,2315,90.65,2026-04-18T06:02:25Z,2026-05-13T10:00:44Z
1449,530,confirmed,,958,7.99,12,,,,,,84.83,2026-05-07T00:07:19Z,2026-05-13T10:00:44Z
1450,1768,processing,,1225,14.99,1,,,,,1544,23.51,2026-04-02T21:59:42Z,2026-05-13T10:00:44Z
1451,1476,shipped,,5760,14.99,11,,,,,,54.07,2026-05-01T22:32:16Z,2026-05-13T10:00:44Z
1452,186,delivered,,2800,7.99,4,,,,,,61.25,2026-04-26T04:15:10Z,2026-05-13T10:00:44Z
1453,1473,delivered,,940,0,10,,,,,,62.22,2026-03-14T17:24:14Z,2026-05-13T10:00:44Z
1454,602,delivered,,825,14.99,5,,,,,,38.95,2026-03-19T02:54:48Z,2026-05-13T10:00:44Z
1455,1726,cancelled,Permit or documentation issue,1595,7.99,3,,,,,,22.28,2026-03-21T18:21:21Z,2026-05-13T10:00:44Z
1456,369,pending,,1080,0,,,,,,,60,2026-03-25T17:14:45Z,2026-05-13T10:00:44Z
1457,1263,confirmed,,2785,14.99,2,,,,,2755,14.04,2026-04-10T16:03:27Z,2026-05-13T10:00:44Z
1458,1884,processing,,2605,7.99,9,,,,,3756,57.05,2026-04-07T15:01:35Z,2026-05-13T10:00:44Z
1459,88,shipped,,3335,7.99,6,,,,,,54.07,2026-03-15T14:50:11Z,2026-05-13T10:00:44Z
1460,80,delivered,,530,0,8,,,,,,64.85,2026-05-09T18:32:46Z,2026-05-13T10:00:44Z
1461,66,delivered,,1560,7.99,5,,,,,,13.29,2026-04-05T15:02:31Z,2026-05-13T10:00:44Z
1462,507,delivered,,520,0,8,,,,,,22.43,2026-04-23T22:40:44Z,2026-05-13T10:00:44Z
1463,1823,cancelled,Carrier no-show,3975,0,11,,,,,3930,51.72,2026-04-24T00:47:32Z,2026-05-13T10:00:44Z
1464,854,pending,,1410,0,,,,,,,59.54,2026-05-13T00:49:25Z,2026-05-13T10:00:44Z
1465,1729,confirmed,,640,7.99,4,,,,,,80.09,2026-04-10T22:31:21Z,2026-05-13T10:00:44Z
1466,1826,processing,,1010,7.99,7,,,,,,79.65,2026-04-22T12:04:39Z,2026-05-13T10:00:44Z
1467,357,shipped,,515,14.99,1,,,,,,57.88,2026-05-12T01:51:17Z,2026-05-13T10:00:44Z
1468,63,delivered,,2875,14.99,12,,,,,,75.88,2026-04-29T16:40:35Z,2026-05-13T10:00:44Z
1469,860,delivered,,1163,7.99,4,,,,,,19.24,2026-04-10T20:45:10Z,2026-05-13T10:00:44Z
1470,248,delivered,,2630,7.99,4,,,,,1191,26.7,2026-03-20T14:09:03Z,2026-05-13T10:00:44Z
1471,1354,cancelled,Port appointment missed,810,7.99,11,,,,,,13.45,2026-04-26T19:21:25Z,2026-05-13T10:00:44Z
1472,1342,pending,,1820,7.99,,,,,,,52.04,2026-04-28T19:29:07Z,2026-05-13T10:00:44Z
1473,1880,confirmed,,765,0,9,,,,,,29.27,2026-05-02T16:42:16Z,2026-05-13T10:00:44Z
1474,816,processing,,89,14.99,10,,,,,,24.79,2026-04-22T14:08:27Z,2026-05-13T10:00:44Z
1475,450,shipped,,2525,7.99,7,,,,,4879,59.42,2026-03-18T11:10:32Z,2026-05-13T10:00:44Z
1476,1087,delivered,,1395,0,6,,,,,,58.65,2026-04-29T08:28:20Z,2026-05-13T10:00:44Z
1477,329,delivered,,2955,14.99,12,,,,,1563,16.06,2026-03-29T09:50:09Z,2026-05-13T10:00:44Z
1478,464,delivered,,220,7.99,5,,,,,3799,19.04,2026-04-11T15:07:26Z,2026-05-13T10:00:44Z
1479,1696,cancelled,Equipment unavailable for requested service,675,0,10,,,,,,55.24,2026-03-15T17:11:01Z,2026-05-13T10:00:44Z
1480,816,pending,,1360,7.99,,,,,,2773,24.33,2026-03-16T03:03:26Z,2026-05-13T10:00:44Z
1481,1122,confirmed,,640,14.99,4,,,,,4991,82.95,2026-05-09T11:10:11Z,2026-05-13T10:00:44Z
1482,1474,processing,,360,7.99,1,,,,,905,38.44,2026-04-16T16:38:36Z,2026-05-13T10:00:44Z
1483,422,shipped,,2465,7.99,3,,,,,,52.61,2026-04-04T14:31:32Z,2026-05-13T10:00:44Z
1484,1684,delivered,,620,7.99,3,,,,,,26.91,2026-03-24T11:01:50Z,2026-05-13T10:00:44Z
1485,886,delivered,,820,7.99,5,,,,,,76.69,2026-05-05T10:19:54Z,2026-05-13T10:00:44Z
1486,55,delivered,,185,0,8,,,,,,78.58,2026-04-03T12:38:45Z,2026-05-13T10:00:44Z
1487,1703,cancelled,Capacity unavailable at assigned terminal,180,0,1,,,,,,26.4,2026-04-13T04:25:51Z,2026-05-13T10:00:44Z
1488,238,pending,,1240,7.99,,,,,,2613,31.58,2026-04-24T06:07:36Z,2026-05-13T10:00:44Z
1489,1706,confirmed,,1605,7.99,6,,,,,,71.25,2026-03-23T06:42:45Z,2026-05-13T10:00:44Z
1490,446,processing,,3005,7.99,4,,,,,,73.31,2026-04-23T04:22:34Z,2026-05-13T10:00:44Z
1491,200,shipped,,379,14.99,7,,,,,,90.05,2026-05-02T01:30:14Z,2026-05-13T10:00:44Z
1492,931,delivered,,260,7.99,9,,,,,,73.1,2026-03-19T08:44:07Z,2026-05-13T10:00:44Z
1493,978,delivered,,825,0,2,,,,,,38.06,2026-04-11T07:56:46Z,2026-05-13T10:00:44Z
1494,1781,delivered,,2043,7.99,12,,,,,1967,78.66,2026-05-02T12:17:25Z,2026-05-13T10:00:44Z
1495,114,cancelled,Shipper cancelled tender,837,7.99,1,,,,,,81.83,2026-04-11T02:24:37Z,2026-05-13T10:00:44Z
1496,1905,pending,,740,7.99,,,,,,,35.09,2026-03-15T11:41:36Z,2026-05-13T10:00:44Z
1497,1198,confirmed,,4870,0,4,,,,,,87,2026-04-30T03:42:52Z,2026-05-13T10:00:44Z
1498,542,processing,,405,7.99,4,,,,,,67.04,2026-04-14T07:49:31Z,2026-05-13T10:00:44Z
1499,734,shipped,,670,14.99,7,,,,,,10.57,2026-05-10T09:27:41Z,2026-05-13T10:00:44Z
1500,1029,delivered,,1805,14.99,9,,,,,,29.91,2026-04-28T05:58:17Z,2026-05-13T10:00:44Z
1501,1238,delivered,,480,7.99,10,,,,,,86.39,2026-03-22T00:40:59Z,2026-05-13T10:00:44Z
1502,965,delivered,,435,14.99,6,,,,,,72.7,2026-04-18T20:37:41Z,2026-05-13T10:00:44Z
1503,1935,cancelled,Missed pickup appointment window,2440,7.99,9,,,,,,54.89,2026-04-24T13:07:14Z,2026-05-13T10:00:44Z
1504,1646,pending,,220,0,,,,,,,55.67,2026-04-18T09:59:06Z,2026-05-13T10:00:44Z
1505,1643,confirmed,,1475,14.99,7,,,,,,50.62,2026-04-27T08:20:18Z,2026-05-13T10:00:44Z
1506,462,processing,,1332,0,9,,,,,,24.65,2026-04-10T22:14:29Z,2026-05-13T10:00:44Z
1507,637,shipped,,1020,14.99,8,,,,,,77,2026-05-12T06:14:27Z,2026-05-13T10:00:44Z
1508,217,delivered,,480,7.99,3,,,,,,28.76,2026-05-13T01:28:07Z,2026-05-13T10:00:44Z
1509,49,delivered,,570,0,4,,,,,,33.67,2026-04-06T23:23:15Z,2026-05-13T10:00:44Z
1510,502,delivered,,1035,7.99,3,,,,,2849,83.21,2026-04-02T04:39:46Z,2026-05-13T10:00:44Z
1511,770,cancelled,Weather disruption on planned lane,1760,0,10,,,,,1232,32.13,2026-04-05T02:43:05Z,2026-05-13T10:00:44Z
1512,409,pending,,610,0,,,,,,1992,69.8,2026-03-15T09:48:05Z,2026-05-13T10:00:44Z
1513,1433,confirmed,,1740,14.99,6,,,,,4131,10.91,2026-04-09T09:01:38Z,2026-05-13T10:00:44Z
1514,1461,processing,,520,7.99,4,,,,,4458,82.06,2026-04-23T23:27:08Z,2026-05-13T10:00:44Z
1515,1150,shipped,,1852,0,2,,,,,,16.73,2026-03-30T08:09:35Z,2026-05-13T10:00:44Z
1516,64,delivered,,1310,0,11,,,,,,71.1,2026-04-09T14:04:22Z,2026-05-13T10:00:44Z
1517,96,delivered,,520,7.99,3,,,,,,52.64,2026-04-02T01:39:06Z,2026-05-13T10:00:44Z
1518,814,delivered,,360,7.99,5,,,,,3669,81.95,2026-04-28T10:51:26Z,2026-05-13T10:00:44Z
1519,974,cancelled,Permit or documentation issue,3304,0,5,,,,,3392,51.66,2026-05-11T14:03:37Z,2026-05-13T10:00:44Z
1520,862,pending,,2220,7.99,,,,,,,38.96,2026-04-17T04:59:38Z,2026-05-13T10:00:44Z
1521,999,confirmed,,1015,7.99,11,,,,,,66.65,2026-05-02T14:58:37Z,2026-05-13T10:00:44Z
1522,35,processing,,610,14.99,7,,,,,4747,21.29,2026-04-07T15:35:25Z,2026-05-13T10:00:44Z
1523,548,shipped,,1020,0,11,,,,,,86.9,2026-03-15T22:59:36Z,2026-05-13T10:00:44Z
1524,461,delivered,,1630,0,11,,,,,,81.99,2026-05-03T15:20:45Z,2026-05-13T10:00:44Z
1525,261,delivered,,1710,14.99,7,,,,,,39.12,2026-05-03T09:54:52Z,2026-05-13T10:00:44Z
1526,177,delivered,,1050,7.99,1,,,,,4736,47.3,2026-05-05T18:42:40Z,2026-05-13T10:00:44Z
1527,296,cancelled,Carrier no-show,480,0,3,,,,,,50.92,2026-04-17T02:19:23Z,2026-05-13T10:00:44Z
1528,308,pending,,990,7.99,,,,,,,79.96,2026-03-15T03:27:47Z,2026-05-13T10:00:44Z
1529,1139,confirmed,,2625,0,11,,,,,1295,43.44,2026-04-04T18:28:15Z,2026-05-13T10:00:44Z
1530,374,processing,,180,0,7,,,,,2635,18.58,2026-04-25T06:45:04Z,2026-05-13T10:00:44Z
1531,1385,shipped,,2695,7.99,7,,,,,,52.16,2026-05-10T14:47:25Z,2026-05-13T10:00:44Z
1532,213,delivered,,460,7.99,10,,,,,,13.56,2026-03-18T21:44:43Z,2026-05-13T10:00:44Z
1533,1779,delivered,,2170,14.99,5,,,,,,77.63,2026-03-15T11:55:28Z,2026-05-13T10:00:44Z
1534,642,delivered,,2905,7.99,8,,,,,,36.22,2026-04-21T16:28:06Z,2026-05-13T10:00:44Z
1535,32,cancelled,Port appointment missed,780,7.99,12,,,,,,45.43,2026-04-28T06:39:02Z,2026-05-13T10:00:44Z
1536,1731,pending,,2110,14.99,,,,,,,88.06,2026-03-14T11:03:33Z,2026-05-13T10:00:44Z
1537,1283,confirmed,,615,7.99,12,,,,,864,35.92,2026-04-25T21:42:39Z,2026-05-13T10:00:44Z
1538,884,processing,,705,7.99,11,,,,,3099,61.79,2026-04-27T23:21:43Z,2026-05-13T10:00:44Z
1539,1298,shipped,,1455,0,8,,,,,,46.35,2026-04-08T01:14:37Z,2026-05-13T10:00:44Z
1540,700,delivered,,1570,7.99,1,,,,,,65.75,2026-03-25T05:00:49Z,2026-05-13T10:00:44Z
1541,430,delivered,,630,0,5,,,,,,60.7,2026-03-16T05:38:49Z,2026-05-13T10:00:44Z
1542,324,delivered,,2255,14.99,11,,,,,4788,71.85,2026-05-05T16:33:38Z,2026-05-13T10:00:44Z
1543,731,cancelled,Equipment unavailable for requested service,465,7.99,12,,,,,,17.95,2026-05-02T12:21:58Z,2026-05-13T10:00:44Z
1544,1774,pending,,985,7.99,,,,,,,40.41,2026-04-04T03:30:04Z,2026-05-13T10:00:44Z
1545,648,confirmed,,1360,14.99,12,,,,,2284,42.35,2026-03-23T13:17:18Z,2026-05-13T10:00:44Z
1546,1627,processing,,1705,14.99,1,,,,,,81.19,2026-04-29T14:06:11Z,2026-05-13T10:00:44Z
1547,758,shipped,,4585,0,9,,,,,,43.22,2026-03-31T07:35:57Z,2026-05-13T10:00:44Z
1548,394,delivered,,115,14.99,6,,,,,,77.38,2026-04-22T00:46:52Z,2026-05-13T10:00:44Z
1549,1826,delivered,,145,0,6,,,,,,15.51,2026-04-23T19:48:29Z,2026-05-13T10:00:44Z
1550,1391,delivered,,2160,7.99,1,,,,,,46.33,2026-03-27T09:38:15Z,2026-05-13T10:00:44Z
1551,880,cancelled,Capacity unavailable at assigned terminal,3120,0,4,,,,,,79.27,2026-04-03T08:11:25Z,2026-05-13T10:00:44Z
1552,1787,pending,,3955,7.99,,,,,,,76.63,2026-04-17T23:53:14Z,2026-05-13T10:00:44Z
1553,1969,confirmed,,3230,14.99,2,,,,,,27.02,2026-04-15T20:19:39Z,2026-05-13T10:00:44Z
1554,308,processing,,765,0,3,,,,,,60.33,2026-03-27T03:03:01Z,2026-05-13T10:00:44Z
1555,91,shipped,,1440,7.99,12,,,,,48,19.11,2026-03-18T18:13:44Z,2026-05-13T10:00:44Z
1556,117,delivered,,2880,14.99,9,,,,,,53.97,2026-04-05T09:57:59Z,2026-05-13T10:00:44Z
1557,420,delivered,,1865,14.99,8,,,,,,28.49,2026-04-02T06:23:49Z,2026-05-13T10:00:44Z
1558,23,delivered,,1490,14.99,9,,,,,,91.52,2026-03-23T23:28:53Z,2026-05-13T10:00:44Z
1559,1618,cancelled,Shipper cancelled tender,860,0,9,,,,,,83.82,2026-03-29T18:24:23Z,2026-05-13T10:00:44Z
1560,1964,pending,,1355,7.99,,,,,,,81.59,2026-05-03T19:51:59Z,2026-05-13T10:00:44Z
1561,1064,confirmed,,465,7.99,7,,,,,,37.81,2026-04-04T19:21:31Z,2026-05-13T10:00:44Z
1562,513,processing,,1095,7.99,10,,,,,,23.47,2026-04-13T05:54:02Z,2026-05-13T10:00:44Z
1563,57,shipped,,920,7.99,2,,,,,,93.08,2026-03-23T11:34:17Z,2026-05-13T10:00:44Z
1564,489,delivered,,3280,14.99,12,,,,,4161,81.28,2026-05-06T13:10:55Z,2026-05-13T10:00:44Z
1565,1780,delivered,,2183,14.99,4,,,,,2510,84.95,2026-03-19T17:23:18Z,2026-05-13T10:00:44Z
1566,1058,delivered,,630,7.99,7,,,,,,70.64,2026-05-05T14:55:56Z,2026-05-13T10:00:44Z
1567,712,cancelled,Missed pickup appointment window,1520,7.99,6,,,,,,79.97,2026-04-17T17:53:27Z,2026-05-13T10:00:44Z
1568,1767,pending,,670,7.99,,,,,,,44.84,2026-04-27T07:34:05Z,2026-05-13T10:00:44Z
1569,51,confirmed,,1712,7.99,3,,,,,,12.44,2026-03-28T06:59:08Z,2026-05-13T10:00:44Z
1570,795,processing,,320,0,8,,,,,,18.12,2026-03-27T19:57:37Z,2026-05-13T10:00:44Z
1571,503,shipped,,2600,7.99,5,,,,,,10.47,2026-04-08T11:21:34Z,2026-05-13T10:00:44Z
1572,1919,delivered,,1480,7.99,10,,,,,,29.53,2026-04-15T01:28:16Z,2026-05-13T10:00:44Z
1573,1386,delivered,,360,7.99,4,,,,,,20.88,2026-05-10T14:06:23Z,2026-05-13T10:00:44Z
1574,1096,delivered,,1170,0,6,,,,,,32.71,2026-04-01T20:40:23Z,2026-05-13T10:00:44Z
1575,516,cancelled,Weather disruption on planned lane,375,14.99,4,,,,,,31.04,2026-04-11T01:55:44Z,2026-05-13T10:00:44Z
1576,1758,pending,,2370,0,,,,,,,84.71,2026-05-07T19:37:44Z,2026-05-13T10:00:44Z
1577,194,confirmed,,255,14.99,7,,,,,,39.79,2026-04-16T14:41:42Z,2026-05-13T10:00:44Z
1578,669,processing,,1040,0,11,,,,,36,22.24,2026-04-14T08:46:57Z,2026-05-13T10:00:44Z
1579,1503,shipped,,1420,14.99,4,,,,,4994,89.49,2026-03-30T02:29:56Z,2026-05-13T10:00:44Z
1580,1964,delivered,,275,0,5,,,,,630,68.43,2026-04-28T05:25:47Z,2026-05-13T10:00:44Z
1581,777,delivered,,1510,7.99,9,,,,,,47.64,2026-05-11T16:45:44Z,2026-05-13T10:00:44Z
1582,1995,delivered,,2455,7.99,6,,,,,2402,47.18,2026-05-12T08:17:09Z,2026-05-13T10:00:44Z
1583,965,cancelled,Permit or documentation issue,1250,7.99,3,,,,,,32.2,2026-04-25T08:36:43Z,2026-05-13T10:00:44Z
1584,375,pending,,185,7.99,,,,,,,12.38,2026-03-30T12:00:49Z,2026-05-13T10:00:44Z
1585,1421,confirmed,,2545,0,7,,,,,,40.8,2026-04-08T21:10:25Z,2026-05-13T10:00:44Z
1586,1921,processing,,480,0,8,,,,,,79.66,2026-04-03T07:26:15Z,2026-05-13T10:00:44Z
1587,613,shipped,,3570,0,5,,,,,,79.5,2026-04-25T04:17:10Z,2026-05-13T10:00:44Z
1588,906,delivered,,1005,7.99,11,,,,,,65.07,2026-03-28T14:46:09Z,2026-05-13T10:00:44Z
1589,1431,delivered,,1275,7.99,4,,,,,,45.41,2026-04-29T06:24:27Z,2026-05-13T10:00:44Z
1590,755,delivered,,363,14.99,6,,,,,,13.49,2026-05-11T17:22:00Z,2026-05-13T10:00:44Z
1591,1143,cancelled,Carrier no-show,790,0,9,,,,,,75.55,2026-04-11T00:44:12Z,2026-05-13T10:00:44Z
1592,919,pending,,5045,0,,,,,,2936,59.96,2026-04-05T14:03:27Z,2026-05-13T10:00:44Z
1593,489,confirmed,,1323,14.99,12,,,,,,13.18,2026-05-10T21:57:14Z,2026-05-13T10:00:44Z
1594,96,processing,,2297,0,6,,,,,2472,57.37,2026-04-19T05:02:59Z,2026-05-13T10:00:44Z
1595,1253,shipped,,3140,0,7,,,,,1467,33.07,2026-04-21T12:47:20Z,2026-05-13T10:00:44Z
1596,1614,delivered,,4825,7.99,5,,,,,3340,46.48,2026-04-15T14:07:09Z,2026-05-13T10:00:44Z
1597,1827,delivered,,1575,0,7,,,,,,82.11,2026-04-11T03:22:57Z,2026-05-13T10:00:44Z
1598,1446,delivered,,3640,14.99,3,,,,,,82.91,2026-05-05T14:48:34Z,2026-05-13T10:00:44Z
1599,1878,cancelled,Port appointment missed,320,7.99,9,,,,,3140,46.58,2026-05-12T22:57:27Z,2026-05-13T10:00:44Z
1600,1654,pending,,420,7.99,,,,,,,64.82,2026-04-08T12:41:45Z,2026-05-13T10:00:44Z
1601,1695,confirmed,,1555,0,3,,,,,,75.54,2026-04-07T20:05:40Z,2026-05-13T10:00:44Z
1602,1931,processing,,1700,7.99,5,,,,,,77.72,2026-05-01T11:50:24Z,2026-05-13T10:00:44Z
1603,19,shipped,,375,7.99,1,,,,,,74.16,2026-03-30T16:29:32Z,2026-05-13T10:00:44Z
1604,480,delivered,,1715,7.99,5,,,,,,92.39,2026-04-14T16:00:00Z,2026-05-13T10:00:44Z
1605,445,delivered,,555,0,5,,,,,3278,88.16,2026-03-23T11:01:40Z,2026-05-13T10:00:44Z
1606,1189,delivered,,3150,14.99,9,,,,,,75.96,2026-05-09T18:28:22Z,2026-05-13T10:00:44Z
1607,569,cancelled,Equipment unavailable for requested service,2865,7.99,7,,,,,,43.79,2026-04-03T09:47:54Z,2026-05-13T10:00:44Z
1608,235,pending,,4250,7.99,,,,,,,91.83,2026-04-08T06:21:30Z,2026-05-13T10:00:44Z
1609,587,confirmed,,710,0,2,,,,,4879,53.31,2026-03-16T22:42:43Z,2026-05-13T10:00:44Z
1610,1576,processing,,2820,14.99,9,,,,,,38.9,2026-03-26T12:44:35Z,2026-05-13T10:00:44Z
1611,670,shipped,,2030,7.99,6,,,,,212,76.33,2026-04-24T01:39:07Z,2026-05-13T10:00:44Z
1612,1271,delivered,,89,0,4,,,,,,27.88,2026-05-01T16:58:51Z,2026-05-13T10:00:44Z
1613,111,delivered,,1279,0,7,,,,,,31.74,2026-03-18T15:00:58Z,2026-05-13T10:00:44Z
1614,210,delivered,,1000,0,3,,,,,3525,92.65,2026-04-06T18:24:27Z,2026-05-13T10:00:44Z
1615,1021,cancelled,Capacity unavailable at assigned terminal,3180,0,6,,,,,,93.07,2026-03-27T03:09:15Z,2026-05-13T10:00:44Z
1616,63,pending,,520,14.99,,,,,,,12.35,2026-04-20T10:14:55Z,2026-05-13T10:00:44Z
1617,806,confirmed,,1157,7.99,5,,,,,,62.91,2026-05-07T21:07:32Z,2026-05-13T10:00:44Z
1618,903,processing,,2355,7.99,1,,,,,3909,87.4,2026-03-16T13:14:33Z,2026-05-13T10:00:44Z
1619,1495,shipped,,1087,7.99,2,,,,,,47.75,2026-03-25T19:33:47Z,2026-05-13T10:00:44Z
1620,627,delivered,,2370,7.99,4,,,,,,51.79,2026-04-11T19:06:08Z,2026-05-13T10:00:44Z
1621,1990,delivered,,1390,0,1,,,,,,85.67,2026-03-24T18:31:53Z,2026-05-13T10:00:44Z
1622,1731,delivered,,3785,0,4,,,,,,47.97,2026-05-05T16:46:13Z,2026-05-13T10:00:44Z
1623,1030,cancelled,Shipper cancelled tender,1350,7.99,1,,,,,3324,46.55,2026-04-27T11:43:10Z,2026-05-13T10:00:44Z
1624,1064,pending,,180,0,,,,,,2091,65.87,2026-04-19T14:20:03Z,2026-05-13T10:00:44Z
1625,669,confirmed,,820,7.99,8,,,,,,80.04,2026-04-25T06:11:18Z,2026-05-13T10:00:44Z
1626,1841,processing,,4430,7.99,2,,,,,,89.62,2026-05-09T06:57:08Z,2026-05-13T10:00:44Z
1627,439,shipped,,6955,14.99,5,,,,,,21.02,2026-03-23T15:41:41Z,2026-05-13T10:00:44Z
1628,385,delivered,,615,7.99,7,,,,,692,73.03,2026-05-11T16:27:03Z,2026-05-13T10:00:44Z
1629,1467,delivered,,340,14.99,12,,,,,,88.99,2026-04-01T15:18:15Z,2026-05-13T10:00:44Z
1630,182,delivered,,5405,14.99,10,,,,,,83.43,2026-05-07T11:10:52Z,2026-05-13T10:00:44Z
1631,1492,cancelled,Missed pickup appointment window,840,7.99,3,,,,,608,60.99,2026-04-01T22:58:34Z,2026-05-13T10:00:44Z
1632,1757,pending,,3778,0,,,,,,3344,91.1,2026-04-29T12:13:21Z,2026-05-13T10:00:44Z
1633,223,confirmed,,1657,0,3,,,,,2347,74.43,2026-04-18T12:56:18Z,2026-05-13T10:00:44Z
1634,1239,processing,,1215,0,9,,,,,,26.35,2026-05-01T12:47:03Z,2026-05-13T10:00:44Z
1635,1873,shipped,,2065,7.99,7,,,,,,80.65,2026-05-02T03:59:08Z,2026-05-13T10:00:44Z
1636,448,delivered,,2670,0,1,,,,,1672,49.94,2026-05-10T16:40:56Z,2026-05-13T10:00:44Z
1637,1437,delivered,,1368,14.99,3,,,,,,47.8,2026-04-13T18:08:41Z,2026-05-13T10:00:44Z
1638,1210,delivered,,585,7.99,11,,,,,,76.19,2026-05-11T05:56:15Z,2026-05-13T10:00:44Z
1639,1403,cancelled,Weather disruption on planned lane,2245,7.99,3,,,,,,10.72,2026-03-27T16:08:04Z,2026-05-13T10:00:44Z
1640,1844,pending,,1920,7.99,,,,,,1129,71.37,2026-03-29T03:58:32Z,2026-05-13T10:00:44Z
1641,213,confirmed,,1720,14.99,6,,,,,729,20.4,2026-04-26T04:28:58Z,2026-05-13T10:00:44Z
1642,458,processing,,1540,14.99,5,,,,,24,63.76,2026-05-11T01:08:23Z,2026-05-13T10:00:44Z
1643,226,shipped,,2125,7.99,2,,,,,,94.65,2026-03-28T01:35:23Z,2026-05-13T10:00:44Z
1644,808,delivered,,775,7.99,5,,,,,,70.53,2026-04-13T20:30:13Z,2026-05-13T10:00:44Z
1645,315,delivered,,1175,14.99,7,,,,,,28.45,2026-03-30T08:44:34Z,2026-05-13T10:00:44Z
1646,1173,delivered,,1088,7.99,12,,,,,,22.56,2026-05-11T23:17:50Z,2026-05-13T10:00:44Z
1647,1498,cancelled,Permit or documentation issue,640,0,5,,,,,,51.53,2026-05-05T03:11:45Z,2026-05-13T10:00:44Z
1648,1992,pending,,3955,14.99,,,,,,,67.28,2026-04-17T05:52:22Z,2026-05-13T10:00:44Z
1649,761,confirmed,,1355,7.99,8,,,,,,56.27,2026-05-03T08:02:04Z,2026-05-13T10:00:44Z
1650,1354,processing,,1770,0,6,,,,,,58.87,2026-03-31T11:27:27Z,2026-05-13T10:00:44Z
1651,585,shipped,,520,7.99,3,,,,,,92.82,2026-03-20T08:06:14Z,2026-05-13T10:00:44Z
1652,1005,delivered,,2800,14.99,2,,,,,,83.01,2026-04-17T13:56:43Z,2026-05-13T10:00:44Z
1653,600,delivered,,869,14.99,7,,,,,,70.3,2026-05-10T19:44:07Z,2026-05-13T10:00:44Z
1654,1269,delivered,,435,0,12,,,,,,63.4,2026-03-24T21:12:39Z,2026-05-13T10:00:44Z
1655,677,cancelled,Carrier no-show,1140,7.99,11,,,,,,45.1,2026-04-10T16:31:39Z,2026-05-13T10:00:44Z
1656,1329,pending,,310,14.99,,,,,,410,63.06,2026-05-10T21:20:45Z,2026-05-13T10:00:44Z
1657,1159,confirmed,,1200,0,11,,,,,,42.42,2026-04-25T09:45:31Z,2026-05-13T10:00:44Z
1658,223,processing,,145,7.99,7,,,,,2131,11,2026-04-01T15:51:40Z,2026-05-13T10:00:44Z
1659,1644,shipped,,4125,7.99,7,,,,,,30.36,2026-04-24T05:50:49Z,2026-05-13T10:00:44Z
1660,66,delivered,,345,7.99,5,,,,,3471,29.53,2026-04-19T17:47:29Z,2026-05-13T10:00:44Z
1661,430,delivered,,2585,7.99,11,,,,,,15.6,2026-05-06T12:55:50Z,2026-05-13T10:00:44Z
1662,241,delivered,,2510,7.99,1,,,,,,37.67,2026-03-18T19:09:07Z,2026-05-13T10:00:44Z
1663,1226,cancelled,Port appointment missed,2780,0,8,,,,,,63.56,2026-03-16T23:15:16Z,2026-05-13T10:00:44Z
1664,434,pending,,1375,7.99,,,,,,4277,58.81,2026-04-22T12:35:22Z,2026-05-13T10:00:44Z
1665,1470,confirmed,,1314,14.99,10,,,,,,61.43,2026-04-28T17:04:10Z,2026-05-13T10:00:44Z
1666,1355,processing,,89,0,9,,,,,1914,50.58,2026-04-15T13:57:14Z,2026-05-13T10:00:44Z
1667,824,shipped,,2860,7.99,5,,,,,2537,75.72,2026-04-11T12:28:27Z,2026-05-13T10:00:44Z
1668,1296,delivered,,1000,0,7,,,,,,52.59,2026-04-30T16:34:52Z,2026-05-13T10:00:44Z
1669,1995,delivered,,2545,0,3,,,,,,81.96,2026-03-31T17:20:51Z,2026-05-13T10:00:44Z
1670,1618,delivered,,4180,14.99,12,,,,,,70.3,2026-04-16T08:48:19Z,2026-05-13T10:00:44Z
1671,183,cancelled,Equipment unavailable for requested service,2895,7.99,12,,,,,72,35.65,2026-05-12T06:57:59Z,2026-05-13T10:00:44Z
1672,224,pending,,210,7.99,,,,,,2361,40.39,2026-05-06T06:18:30Z,2026-05-13T10:00:44Z
1673,1907,confirmed,,2734,7.99,11,,,,,,14.94,2026-04-15T22:38:46Z,2026-05-13T10:00:44Z
1674,360,processing,,1870,0,6,,,,,,86.91,2026-03-14T18:05:35Z,2026-05-13T10:00:44Z
1675,1935,shipped,,620,0,2,,,,,,87,2026-04-30T09:22:10Z,2026-05-13T10:00:44Z
1676,524,delivered,,2020,14.99,1,,,,,,21.65,2026-03-20T17:18:41Z,2026-05-13T10:00:44Z
1677,800,delivered,,1407,14.99,12,,,,,301,22.92,2026-05-03T20:22:21Z,2026-05-13T10:00:44Z
1678,707,delivered,,805,7.99,2,,,,,,22.28,2026-04-10T10:32:58Z,2026-05-13T10:00:44Z
1679,780,cancelled,Capacity unavailable at assigned terminal,1405,0,8,,,,,,45.67,2026-04-04T03:17:43Z,2026-05-13T10:00:44Z
1680,1703,pending,,538,0,,,,,,,29.3,2026-04-22T19:20:52Z,2026-05-13T10:00:44Z
1681,180,confirmed,,4090,0,5,,,,,,61.85,2026-03-26T20:53:07Z,2026-05-13T10:00:44Z
1682,1873,processing,,2670,14.99,10,,,,,,58.84,2026-03-26T01:16:39Z,2026-05-13T10:00:44Z
1683,1045,shipped,,420,7.99,5,,,,,,63.75,2026-04-27T12:56:01Z,2026-05-13T10:00:44Z
1684,1963,delivered,,310,7.99,7,,,,,,63.26,2026-05-09T18:40:07Z,2026-05-13T10:00:44Z
1685,422,delivered,,1895,0,5,,,,,3645,21.23,2026-03-25T07:54:51Z,2026-05-13T10:00:44Z
1686,689,delivered,,3305,14.99,3,,,,,,24.6,2026-04-03T17:01:03Z,2026-05-13T10:00:44Z
1687,647,cancelled,Shipper cancelled tender,1035,7.99,4,,,,,2019,65.03,2026-03-19T05:32:15Z,2026-05-13T10:00:44Z
1688,1866,pending,,1775,14.99,,,,,,,86.56,2026-05-09T06:21:56Z,2026-05-13T10:00:44Z
1689,1706,confirmed,,2885,7.99,2,,,,,,24.06,2026-03-23T15:22:17Z,2026-05-13T10:00:44Z
1690,282,processing,,2465,7.99,6,,,,,,16.41,2026-05-07T10:59:13Z,2026-05-13T10:00:44Z
1691,183,shipped,,800,0,2,,,,,3272,76.22,2026-03-22T17:10:33Z,2026-05-13T10:00:44Z
1692,1207,delivered,,830,0,4,,,,,,27.66,2026-04-05T20:08:20Z,2026-05-13T10:00:44Z
1693,1198,delivered,,3000,14.99,5,,,,,,67.87,2026-05-02T13:42:10Z,2026-05-13T10:00:44Z
1694,1738,delivered,,1190,14.99,2,,,,,,24.53,2026-04-10T23:27:41Z,2026-05-13T10:00:44Z
1695,797,cancelled,Missed pickup appointment window,1540,14.99,8,,,,,,18.25,2026-03-23T22:15:39Z,2026-05-13T10:00:44Z
1696,554,pending,,545,7.99,,,,,,,39.66,2026-04-12T22:09:07Z,2026-05-13T10:00:44Z
1697,1193,confirmed,,2490,7.99,3,,,,,,77.24,2026-03-31T19:01:33Z,2026-05-13T10:00:44Z
1698,1633,processing,,2750,7.99,6,,,,,,19.61,2026-04-20T14:58:04Z,2026-05-13T10:00:44Z
1699,1915,shipped,,905,0,3,,,,,1363,14.23,2026-04-11T14:30:11Z,2026-05-13T10:00:44Z
1700,1360,delivered,,620,7.99,4,,,,,,85.49,2026-05-06T05:25:42Z,2026-05-13T10:00:44Z
1701,1080,delivered,,2935,14.99,4,,,,,,63.41,2026-04-22T15:26:42Z,2026-05-13T10:00:44Z
1702,167,delivered,,285,7.99,11,,,,,,84.18,2026-04-23T17:24:20Z,2026-05-13T10:00:44Z
1703,82,cancelled,Weather disruption on planned lane,465,7.99,8,,,,,3985,56.91,2026-04-18T23:04:51Z,2026-05-13T10:00:44Z
1704,788,pending,,1270,14.99,,,,,,,28.39,2026-03-16T20:54:47Z,2026-05-13T10:00:44Z
1705,407,confirmed,,990,7.99,5,,,,,2043,58.2,2026-05-11T01:43:09Z,2026-05-13T10:00:44Z
1706,484,processing,,4145,7.99,2,,,,,,41.34,2026-04-26T11:07:48Z,2026-05-13T10:00:44Z
1707,489,shipped,,3940,0,1,,,,,1028,60.59,2026-05-06T06:43:16Z,2026-05-13T10:00:44Z
1708,867,delivered,,1845,14.99,7,,,,,,11.75,2026-03-22T20:57:04Z,2026-05-13T10:00:44Z
1709,133,delivered,,1192,7.99,1,,,,,,39.9,2026-05-06T23:44:56Z,2026-05-13T10:00:44Z
1710,1958,delivered,,610,0,6,,,,,1324,11.13,2026-03-18T11:51:25Z,2026-05-13T10:00:44Z
1711,654,cancelled,Permit or documentation issue,2120,0,1,,,,,,88.85,2026-03-25T05:35:03Z,2026-05-13T10:00:44Z
1712,152,pending,,195,14.99,,,,,,3112,15.95,2026-05-13T01:02:55Z,2026-05-13T10:00:44Z
1713,1575,confirmed,,520,14.99,5,,,,,,81.29,2026-05-02T16:31:45Z,2026-05-13T10:00:44Z
1714,242,processing,,1440,7.99,11,,,,,,59.63,2026-05-06T02:07:00Z,2026-05-13T10:00:44Z
1715,666,shipped,,569,7.99,5,,,,,4257,63.45,2026-04-25T20:17:11Z,2026-05-13T10:00:44Z
1716,611,delivered,,3130,14.99,6,,,,,,34.67,2026-05-13T07:25:26Z,2026-05-13T10:00:44Z
1717,61,delivered,,2230,0,7,,,,,1655,54.92,2026-03-31T12:55:03Z,2026-05-13T10:00:44Z
1718,231,delivered,,2450,7.99,1,,,,,,28.14,2026-03-28T13:38:03Z,2026-05-13T10:00:44Z
1719,382,cancelled,Carrier no-show,3090,14.99,10,,,,,481,51.99,2026-04-15T21:56:18Z,2026-05-13T10:00:44Z
1720,1708,pending,,1780,0,,,,,,3973,15.03,2026-04-30T07:51:14Z,2026-05-13T10:00:44Z
1721,1284,confirmed,,725,7.99,11,,,,,,81.32,2026-04-12T04:11:34Z,2026-05-13T10:00:44Z
1722,1405,processing,,390,7.99,11,,,,,,67.95,2026-05-11T08:39:52Z,2026-05-13T10:00:44Z
1723,492,shipped,,1020,7.99,1,,,,,1345,72.47,2026-05-03T10:07:20Z,2026-05-13T10:00:44Z
1724,467,delivered,,4045,14.99,5,,,,,,24.98,2026-04-27T05:15:08Z,2026-05-13T10:00:44Z
1725,878,delivered,,170,7.99,8,,,,,29,73.14,2026-04-12T09:45:18Z,2026-05-13T10:00:44Z
1726,1207,delivered,,2400,0,12,,,,,3654,92.11,2026-05-12T23:26:49Z,2026-05-13T10:00:44Z
1727,460,cancelled,Port appointment missed,4690,0,2,,,,,3609,47.1,2026-04-26T05:44:33Z,2026-05-13T10:00:44Z
1728,969,pending,,2180,7.99,,,,,,4891,85.51,2026-03-27T21:38:29Z,2026-05-13T10:00:44Z
1729,154,confirmed,,720,0,1,,,,,,83.5,2026-04-29T02:29:52Z,2026-05-13T10:00:44Z
1730,147,processing,,1900,7.99,4,,,,,,35.96,2026-04-29T06:17:29Z,2026-05-13T10:00:44Z
1731,1955,shipped,,1305,7.99,3,,,,,,28.48,2026-04-23T09:54:01Z,2026-05-13T10:00:44Z
1732,1543,delivered,,3665,7.99,8,,,,,1418,32.69,2026-03-20T15:30:58Z,2026-05-13T10:00:44Z
1733,1942,delivered,,2675,7.99,1,,,,,,57.68,2026-04-27T21:52:23Z,2026-05-13T10:00:44Z
1734,1089,delivered,,1063,7.99,6,,,,,1014,71.98,2026-03-14T16:37:56Z,2026-05-13T10:00:44Z
1735,149,cancelled,Equipment unavailable for requested service,2720,0,3,,,,,4490,35.15,2026-04-01T22:46:13Z,2026-05-13T10:00:44Z
1736,565,pending,,520,7.99,,,,,,1884,51.41,2026-04-18T06:17:54Z,2026-05-13T10:00:44Z
1737,47,confirmed,,3920,0,10,,,,,1632,90.52,2026-04-01T19:34:30Z,2026-05-13T10:00:44Z
1738,1238,processing,,520,7.99,4,,,,,,92.25,2026-04-27T15:43:42Z,2026-05-13T10:00:44Z
1739,254,shipped,,275,0,5,,,,,487,29.05,2026-05-10T21:51:58Z,2026-05-13T10:00:44Z
1740,627,delivered,,1692,7.99,10,,,,,,23.07,2026-03-18T08:27:04Z,2026-05-13T10:00:44Z
1741,48,delivered,,1785,14.99,11,,,,,,21.55,2026-05-08T10:28:36Z,2026-05-13T10:00:44Z
1742,1077,delivered,,1785,0,4,,,,,4119,17.49,2026-04-11T15:07:42Z,2026-05-13T10:00:44Z
1743,1469,cancelled,Capacity unavailable at assigned terminal,210,7.99,6,,,,,,40.06,2026-03-26T18:09:12Z,2026-05-13T10:00:44Z
1744,1340,pending,,2600,7.99,,,,,,3840,84.7,2026-04-21T08:02:40Z,2026-05-13T10:00:44Z
1745,701,confirmed,,1405,7.99,4,,,,,,77.82,2026-04-28T07:02:06Z,2026-05-13T10:00:44Z
1746,240,processing,,535,0,12,,,,,998,74.07,2026-03-29T20:39:06Z,2026-05-13T10:00:44Z
1747,1624,shipped,,155,7.99,11,,,,,,34.02,2026-04-28T03:18:17Z,2026-05-13T10:00:44Z
1748,122,delivered,,195,14.99,8,,,,,,90.33,2026-04-09T00:41:56Z,2026-05-13T10:00:44Z
1749,1058,delivered,,160,14.99,9,,,,,,37.94,2026-04-07T04:18:22Z,2026-05-13T10:00:44Z
1750,92,delivered,,2080,0,8,,,,,,25.34,2026-04-27T11:26:38Z,2026-05-13T10:00:44Z
1751,1379,cancelled,Shipper cancelled tender,1250,7.99,8,,,,,1032,87.29,2026-03-20T06:00:50Z,2026-05-13T10:00:44Z
1752,1201,pending,,2350,14.99,,,,,,,93.2,2026-04-18T14:28:50Z,2026-05-13T10:00:44Z
1753,1688,confirmed,,1865,7.99,8,,,,,1204,20.54,2026-04-16T16:03:21Z,2026-05-13T10:00:44Z
1754,1036,processing,,1350,7.99,1,,,,,3341,86.93,2026-03-22T13:33:58Z,2026-05-13T10:00:44Z
1755,1421,shipped,,630,0,7,,,,,3511,75.38,2026-05-10T13:47:02Z,2026-05-13T10:00:44Z
1756,1636,delivered,,2070,7.99,12,,,,,,79.63,2026-04-12T15:14:37Z,2026-05-13T10:00:44Z
1757,479,delivered,,630,7.99,5,,,,,1121,58.04,2026-04-05T08:45:40Z,2026-05-13T10:00:44Z
1758,939,delivered,,2505,7.99,11,,,,,,46.3,2026-03-22T14:42:06Z,2026-05-13T10:00:44Z
1759,247,cancelled,Missed pickup appointment window,1845,0,10,,,,,1148,57.02,2026-04-12T08:14:31Z,2026-05-13T10:00:44Z
1760,182,pending,,190,0,,,,,,3856,32.39,2026-05-06T15:22:08Z,2026-05-13T10:00:44Z
1761,1068,confirmed,,1190,7.99,4,,,,,,82.4,2026-04-02T02:07:16Z,2026-05-13T10:00:44Z
1762,673,processing,,680,7.99,7,,,,,2557,75.61,2026-04-02T23:30:31Z,2026-05-13T10:00:44Z
1763,96,shipped,,2145,7.99,9,,,,,1749,63.33,2026-05-11T13:11:35Z,2026-05-13T10:00:44Z
1764,1493,delivered,,2790,0,10,,,,,,29.06,2026-05-05T14:20:10Z,2026-05-13T10:00:44Z
1765,886,delivered,,1695,0,5,,,,,,70.82,2026-04-18T03:04:28Z,2026-05-13T10:00:44Z
1766,1091,delivered,,115,7.99,12,,,,,,23.45,2026-03-24T02:59:16Z,2026-05-13T10:00:44Z
1767,1479,cancelled,Weather disruption on planned lane,930,0,4,,,,,,32.34,2026-04-24T19:43:19Z,2026-05-13T10:00:44Z
1768,831,pending,,3025,7.99,,,,,,,84.88,2026-04-28T18:08:31Z,2026-05-13T10:00:44Z
1769,807,confirmed,,639,7.99,4,,,,,,92.22,2026-05-03T06:58:49Z,2026-05-13T10:00:44Z
1770,1922,processing,,1955,0,2,,,,,4380,44.22,2026-03-30T22:19:25Z,2026-05-13T10:00:44Z
1771,1351,shipped,,2992,14.99,8,,,,,,59.65,2026-04-20T22:03:24Z,2026-05-13T10:00:44Z
1772,698,delivered,,2695,0,8,,,,,,37.49,2026-04-06T10:36:09Z,2026-05-13T10:00:44Z
1773,1949,delivered,,1770,7.99,7,,,,,,40.17,2026-03-30T06:32:47Z,2026-05-13T10:00:44Z
1774,485,delivered,,2030,0,8,,,,,1805,45.41,2026-03-18T18:56:27Z,2026-05-13T10:00:44Z
1775,1257,cancelled,Permit or documentation issue,1428,0,2,,,,,,32.2,2026-05-11T02:34:02Z,2026-05-13T10:00:44Z
1776,1494,pending,,2475,0,,,,,,573,83.83,2026-03-20T17:27:02Z,2026-05-13T10:00:44Z
1777,1810,confirmed,,2170,7.99,10,,,,,,43.47,2026-03-17T06:01:37Z,2026-05-13T10:00:44Z
1778,1246,processing,,780,0,4,,,,,,29.42,2026-05-02T18:06:03Z,2026-05-13T10:00:44Z
1779,1926,shipped,,210,7.99,12,,,,,,79.67,2026-04-08T05:01:58Z,2026-05-13T10:00:44Z
1780,249,delivered,,1040,7.99,12,,,,,,89.23,2026-04-03T13:31:47Z,2026-05-13T10:00:44Z
1781,1832,delivered,,800,0,9,,,,,3443,24.68,2026-04-10T17:44:26Z,2026-05-13T10:00:44Z
1782,1961,delivered,,1680,0,3,,,,,,13.84,2026-04-19T21:55:19Z,2026-05-13T10:00:44Z
1783,1553,cancelled,Carrier no-show,640,7.99,5,,,,,4258,75.98,2026-04-24T16:46:55Z,2026-05-13T10:00:44Z
1784,1797,pending,,1108,0,,,,,,2623,91.68,2026-05-11T17:56:04Z,2026-05-13T10:00:44Z
1785,1571,confirmed,,2210,7.99,11,,,,,1356,36.86,2026-04-19T10:02:48Z,2026-05-13T10:00:44Z
1786,238,processing,,2450,7.99,12,,,,,786,70.08,2026-03-27T08:50:20Z,2026-05-13T10:00:44Z
1787,1138,shipped,,1292,14.99,3,,,,,,17.79,2026-04-07T15:00:18Z,2026-05-13T10:00:44Z
1788,1256,delivered,,3240,7.99,12,,,,,,52.63,2026-03-25T15:12:20Z,2026-05-13T10:00:44Z
1789,939,delivered,,2130,0,5,,,,,,53.03,2026-04-09T06:32:17Z,2026-05-13T10:00:44Z
1790,1129,delivered,,3350,7.99,4,,,,,3234,46.66,2026-04-06T23:27:24Z,2026-05-13T10:00:44Z
1791,681,cancelled,Port appointment missed,360,7.99,3,,,,,1358,13.32,2026-05-09T21:05:00Z,2026-05-13T10:00:44Z
1792,353,pending,,1690,14.99,,,,,,,29.37,2026-04-30T01:33:38Z,2026-05-13T10:00:44Z
1793,1017,confirmed,,570,0,7,,,,,,61.65,2026-04-02T04:24:25Z,2026-05-13T10:00:44Z
1794,482,processing,,1375,14.99,8,,,,,,14.11,2026-04-20T05:51:48Z,2026-05-13T10:00:44Z
1795,1052,shipped,,1920,0,1,,,,,3386,82.12,2026-04-27T09:49:51Z,2026-05-13T10:00:44Z
1796,389,delivered,,620,7.99,2,,,,,,82.56,2026-05-05T13:06:55Z,2026-05-13T10:00:44Z
1797,1937,delivered,,2605,14.99,9,,,,,,63.47,2026-03-24T15:17:33Z,2026-05-13T10:00:44Z
1798,1717,delivered,,1015,0,1,,,,,,41.63,2026-04-28T00:27:12Z,2026-05-13T10:00:44Z
1799,1184,cancelled,Equipment unavailable for requested service,405,0,9,,,,,121,73.24,2026-03-27T09:57:59Z,2026-05-13T10:00:44Z
1800,180,pending,,509,0,,,,,,4175,73.21,2026-05-04T17:55:41Z,2026-05-13T10:00:44Z
1801,1128,confirmed,,745,14.99,3,,,,,,89.91,2026-04-12T22:52:23Z,2026-05-13T10:00:44Z
1802,1815,processing,,3390,7.99,3,,,,,,77.17,2026-03-29T16:52:05Z,2026-05-13T10:00:44Z
1803,454,shipped,,2865,0,10,,,,,2392,13.44,2026-03-16T13:34:00Z,2026-05-13T10:00:44Z
1804,1780,delivered,,2390,0,1,,,,,,73.82,2026-04-18T13:06:44Z,2026-05-13T10:00:44Z
1805,1549,delivered,,2400,0,12,,,,,,55.51,2026-03-15T00:27:00Z,2026-05-13T10:00:44Z
1806,1127,delivered,,1295,7.99,9,,,,,,21.12,2026-04-11T05:50:23Z,2026-05-13T10:00:44Z
1807,522,cancelled,Capacity unavailable at assigned terminal,4830,7.99,12,,,,,,23.44,2026-04-11T17:04:44Z,2026-05-13T10:00:44Z
1808,156,pending,,658,7.99,,,,,,683,90.27,2026-04-23T11:02:28Z,2026-05-13T10:00:44Z
1809,375,confirmed,,250,7.99,1,,,,,4222,90.2,2026-04-11T06:59:23Z,2026-05-13T10:00:44Z
1810,840,processing,,1370,7.99,12,,,,,313,51.67,2026-03-16T21:57:16Z,2026-05-13T10:00:44Z
1811,1182,shipped,,1870,0,12,,,,,,45.9,2026-03-19T05:45:21Z,2026-05-13T10:00:44Z
1812,1913,delivered,,1805,0,6,,,,,,58.69,2026-04-13T08:28:03Z,2026-05-13T10:00:44Z
1813,1919,delivered,,390,0,9,,,,,,10.92,2026-04-12T03:38:19Z,2026-05-13T10:00:44Z
1814,1287,delivered,,860,14.99,7,,,,,2061,79.94,2026-04-09T19:45:34Z,2026-05-13T10:00:44Z
1815,1818,cancelled,Shipper cancelled tender,130,0,12,,,,,,52.16,2026-04-22T03:42:27Z,2026-05-13T10:00:44Z
1816,1710,pending,,470,7.99,,,,,,1255,44.15,2026-04-13T12:04:12Z,2026-05-13T10:00:44Z
1817,103,confirmed,,145,7.99,8,,,,,3919,48.99,2026-03-30T23:32:40Z,2026-05-13T10:00:44Z
1818,1043,processing,,340,0,11,,,,,,54.02,2026-05-02T04:48:57Z,2026-05-13T10:00:44Z
1819,291,shipped,,2100,0,5,,,,,,27.67,2026-04-07T21:00:07Z,2026-05-13T10:00:44Z
1820,440,delivered,,1595,7.99,8,,,,,,87.85,2026-04-21T23:16:33Z,2026-05-13T10:00:44Z
1821,1980,delivered,,530,7.99,5,,,,,977,53.29,2026-04-28T09:10:26Z,2026-05-13T10:00:44Z
1822,1566,delivered,,145,0,8,,,,,,70.99,2026-04-23T10:39:29Z,2026-05-13T10:00:44Z
1823,840,cancelled,Missed pickup appointment window,1210,7.99,11,,,,,2388,30.1,2026-03-24T11:48:37Z,2026-05-13T10:00:44Z
1824,998,pending,,730,14.99,,,,,,,94.48,2026-03-24T19:50:23Z,2026-05-13T10:00:44Z
1825,388,confirmed,,290,14.99,6,,,,,3791,21.98,2026-04-18T09:03:03Z,2026-05-13T10:00:44Z
1826,1953,processing,,900,0,7,,,,,,82.44,2026-04-18T14:44:27Z,2026-05-13T10:00:44Z
1827,1100,shipped,,550,14.99,12,,,,,,79.7,2026-05-10T16:44:41Z,2026-05-13T10:00:44Z
1828,518,delivered,,720,7.99,11,,,,,,50.37,2026-03-30T16:48:14Z,2026-05-13T10:00:44Z
1829,1376,delivered,,1040,7.99,8,,,,,,58.61,2026-04-12T04:29:16Z,2026-05-13T10:00:44Z
1830,407,delivered,,2170,0,4,,,,,2749,22.82,2026-04-26T17:41:03Z,2026-05-13T10:00:44Z
1831,1652,cancelled,Weather disruption on planned lane,1718,0,12,,,,,,12.85,2026-04-12T12:13:09Z,2026-05-13T10:00:44Z
1832,12,pending,,2050,0,,,,,,3886,30.98,2026-05-05T23:14:50Z,2026-05-13T10:00:44Z
1833,249,confirmed,,1980,7.99,2,,,,,,27.2,2026-04-03T22:23:41Z,2026-05-13T10:00:44Z
1834,1023,processing,,2587,7.99,5,,,,,,76.99,2026-03-20T20:32:55Z,2026-05-13T10:00:44Z
1835,1077,shipped,,1765,14.99,8,,,,,,11.59,2026-03-22T10:30:42Z,2026-05-13T10:00:44Z
1836,1921,delivered,,1600,0,2,,,,,2826,76.46,2026-03-30T09:17:06Z,2026-05-13T10:00:44Z
1837,1512,delivered,,1725,14.99,10,,,,,,26.2,2026-03-24T20:25:56Z,2026-05-13T10:00:44Z
1838,97,delivered,,3100,14.99,5,,,,,,87.16,2026-03-14T22:31:19Z,2026-05-13T10:00:44Z
1839,1483,cancelled,Permit or documentation issue,590,7.99,4,,,,,,84.91,2026-04-04T22:37:30Z,2026-05-13T10:00:44Z
1840,210,pending,,1780,7.99,,,,,,2544,45.3,2026-03-28T16:06:02Z,2026-05-13T10:00:44Z
1841,511,confirmed,,2230,7.99,2,,,,,,62.33,2026-04-26T05:19:04Z,2026-05-13T10:00:44Z
1842,904,processing,,2645,14.99,3,,,,,,26.7,2026-03-27T09:28:56Z,2026-05-13T10:00:44Z
1843,1428,shipped,,605,0,3,,,,,3602,91.5,2026-05-11T14:14:22Z,2026-05-13T10:00:44Z
1844,1485,delivered,,1705,7.99,12,,,,,,93.87,2026-04-30T13:42:31Z,2026-05-13T10:00:44Z
1845,882,delivered,,3055,14.99,5,,,,,,39.2,2026-03-20T14:37:12Z,2026-05-13T10:00:44Z
1846,702,delivered,,2620,7.99,10,,,,,,69.34,2026-04-03T17:38:33Z,2026-05-13T10:00:44Z
1847,1287,cancelled,Carrier no-show,95,14.99,8,,,,,802,87.77,2026-03-30T05:08:18Z,2026-05-13T10:00:44Z
1848,697,pending,,1700,14.99,,,,,,,46.29,2026-05-10T08:56:56Z,2026-05-13T10:00:44Z
1849,1388,confirmed,,2835,7.99,5,,,,,,21.9,2026-03-23T15:11:37Z,2026-05-13T10:00:44Z
1850,300,processing,,650,0,10,,,,,,66.36,2026-04-12T01:02:13Z,2026-05-13T10:00:44Z
1851,509,shipped,,2735,7.99,4,,,,,,32,2026-05-02T19:52:44Z,2026-05-13T10:00:44Z
1852,728,delivered,,2495,7.99,6,,,,,,29.89,2026-05-03T05:47:01Z,2026-05-13T10:00:44Z
1853,1934,delivered,,1900,0,11,,,,,,13.47,2026-03-19T12:11:39Z,2026-05-13T10:00:44Z
1854,1284,delivered,,365,7.99,6,,,,,2107,13.81,2026-05-07T12:55:45Z,2026-05-13T10:00:44Z
1855,1130,cancelled,Port appointment missed,1985,7.99,2,,,,,,14.66,2026-03-19T19:29:10Z,2026-05-13T10:00:44Z
1856,1462,pending,,725,7.99,,,,,,4236,91.17,2026-05-09T12:40:02Z,2026-05-13T10:00:44Z
1857,796,confirmed,,2440,7.99,1,,,,,,44.82,2026-04-25T07:17:40Z,2026-05-13T10:00:44Z
1858,1993,processing,,2930,7.99,1,,,,,2597,80.46,2026-03-26T16:11:16Z,2026-05-13T10:00:44Z
1859,336,shipped,,2125,0,12,,,,,,93.26,2026-05-04T19:08:31Z,2026-05-13T10:00:44Z
1860,802,delivered,,2250,0,9,,,,,,74.48,2026-03-21T07:49:44Z,2026-05-13T10:00:44Z
1861,922,delivered,,2560,0,12,,,,,,88.05,2026-03-24T01:36:32Z,2026-05-13T10:00:44Z
1862,133,delivered,,1820,7.99,4,,,,,,55.62,2026-04-11T13:54:58Z,2026-05-13T10:00:44Z
1863,1030,cancelled,Equipment unavailable for requested service,3080,0,2,,,,,4936,48.21,2026-03-20T10:13:02Z,2026-05-13T10:00:44Z
1864,573,pending,,1900,7.99,,,,,,,91.49,2026-05-08T04:42:01Z,2026-05-13T10:00:44Z
1865,99,confirmed,,2427,14.99,4,,,,,,91.15,2026-04-22T12:04:58Z,2026-05-13T10:00:44Z
1866,1236,processing,,680,7.99,2,,,,,2485,73.47,2026-04-07T08:04:39Z,2026-05-13T10:00:44Z
1867,418,shipped,,1558,0,5,,,,,,74.35,2026-03-26T22:43:51Z,2026-05-13T10:00:44Z
1868,1705,delivered,,1680,14.99,8,,,,,2111,54.19,2026-03-17T12:53:05Z,2026-05-13T10:00:44Z
1869,1025,delivered,,460,14.99,5,,,,,,69.86,2026-04-23T07:53:51Z,2026-05-13T10:00:44Z
1870,679,delivered,,1380,7.99,6,,,,,3719,83.35,2026-04-19T20:39:34Z,2026-05-13T10:00:44Z
1871,793,cancelled,Capacity unavailable at assigned terminal,4610,7.99,11,,,,,,57.32,2026-03-29T16:04:17Z,2026-05-13T10:00:44Z
1872,1394,pending,,145,7.99,,,,,,,62.48,2026-03-27T16:11:57Z,2026-05-13T10:00:44Z
1873,1763,confirmed,,2020,14.99,7,,,,,,13.24,2026-03-21T10:19:22Z,2026-05-13T10:00:44Z
1874,64,processing,,1110,7.99,11,,,,,,15.32,2026-03-25T07:31:35Z,2026-05-13T10:00:44Z
1875,351,shipped,,1440,7.99,3,,,,,3714,50.52,2026-05-07T20:35:22Z,2026-05-13T10:00:44Z
1876,992,delivered,,390,0,2,,,,,3579,21.67,2026-03-23T07:29:20Z,2026-05-13T10:00:44Z
1877,1916,delivered,,2640,7.99,2,,,,,,44.63,2026-03-31T20:00:02Z,2026-05-13T10:00:44Z
1878,1365,delivered,,267,0,7,,,,,,40.32,2026-03-17T20:09:50Z,2026-05-13T10:00:44Z
1879,1040,cancelled,Shipper cancelled tender,1240,7.99,1,,,,,2111,28.65,2026-05-05T03:06:34Z,2026-05-13T10:00:44Z
1880,1919,pending,,2655,7.99,,,,,,,55.1,2026-03-18T10:26:51Z,2026-05-13T10:00:44Z
1881,1499,confirmed,,1345,7.99,7,,,,,,32.47,2026-04-07T20:55:01Z,2026-05-13T10:00:44Z
1882,243,processing,,340,7.99,7,,,,,,64.56,2026-04-22T05:52:45Z,2026-05-13T10:00:44Z
1883,797,shipped,,340,7.99,7,,,,,887,30.3,2026-05-09T16:15:37Z,2026-05-13T10:00:44Z
1884,1320,delivered,,1045,0,5,,,,,,82.1,2026-04-23T04:00:44Z,2026-05-13T10:00:44Z
1885,225,delivered,,1770,7.99,4,,,,,2715,55.8,2026-04-06T14:26:12Z,2026-05-13T10:00:44Z
1886,981,delivered,,3317,14.99,4,,,,,,84.83,2026-04-11T20:17:04Z,2026-05-13T10:00:44Z
1887,548,cancelled,Missed pickup appointment window,1475,7.99,7,,,,,,85.15,2026-04-05T07:49:06Z,2026-05-13T10:00:44Z
1888,1829,pending,,190,7.99,,,,,,1943,78.92,2026-03-26T00:36:35Z,2026-05-13T10:00:44Z
1889,378,confirmed,,1888,0,4,,,,,,10.15,2026-04-30T23:38:52Z,2026-05-13T10:00:44Z
1890,1015,processing,,1675,7.99,2,,,,,,83.4,2026-03-23T22:41:35Z,2026-05-13T10:00:44Z
1891,1143,shipped,,4070,7.99,5,,,,,4176,53.96,2026-03-30T11:40:04Z,2026-05-13T10:00:44Z
1892,1528,delivered,,630,7.99,12,,,,,3261,86.39,2026-04-28T16:35:52Z,2026-05-13T10:00:44Z
1893,1940,delivered,,1830,0,3,,,,,138,41.16,2026-05-09T21:55:15Z,2026-05-13T10:00:44Z
1894,1483,delivered,,720,7.99,4,,,,,829,57.95,2026-03-27T14:23:16Z,2026-05-13T10:00:44Z
1895,783,cancelled,Weather disruption on planned lane,3940,7.99,3,,,,,,64.38,2026-04-04T17:43:08Z,2026-05-13T10:00:44Z
1896,1179,pending,,1140,7.99,,,,,,,23.72,2026-03-27T10:00:10Z,2026-05-13T10:00:44Z
1897,520,confirmed,,145,0,7,,,,,,36.35,2026-04-24T07:56:42Z,2026-05-13T10:00:44Z
1898,763,processing,,2215,7.99,12,,,,,,40.12,2026-04-19T13:42:22Z,2026-05-13T10:00:44Z
1899,1526,shipped,,190,0,11,,,,,,52.71,2026-03-20T04:31:23Z,2026-05-13T10:00:44Z
1900,1108,delivered,,1720,7.99,6,,,,,1233,57.41,2026-05-13T00:04:21Z,2026-05-13T10:00:44Z
1901,1779,delivered,,2335,7.99,6,,,,,378,80.03,2026-04-18T20:28:41Z,2026-05-13T10:00:44Z
1902,1391,delivered,,890,0,7,,,,,,82.42,2026-04-09T20:07:44Z,2026-05-13T10:00:44Z
1903,1215,cancelled,Permit or documentation issue,635,7.99,7,,,,,147,86.24,2026-04-19T05:45:58Z,2026-05-13T10:00:44Z
1904,1688,pending,,2015,7.99,,,,,,,60.4,2026-04-01T20:50:40Z,2026-05-13T10:00:44Z
1905,1065,confirmed,,1275,0,8,,,,,,67.06,2026-03-27T12:02:20Z,2026-05-13T10:00:44Z
1906,723,processing,,1710,14.99,10,,,,,2267,18.82,2026-04-24T02:37:40Z,2026-05-13T10:00:44Z
1907,1511,shipped,,3255,7.99,8,,,,,,91.52,2026-03-24T17:21:03Z,2026-05-13T10:00:44Z
1908,973,delivered,,850,14.99,5,,,,,2914,33.93,2026-03-22T23:50:14Z,2026-05-13T10:00:44Z
1909,1251,delivered,,745,0,8,,,,,,26.96,2026-04-30T23:01:15Z,2026-05-13T10:00:44Z
1910,1078,delivered,,655,14.99,9,,,,,1259,61.73,2026-03-20T09:12:21Z,2026-05-13T10:00:44Z
1911,1272,cancelled,Carrier no-show,520,0,9,,,,,4997,44.13,2026-04-12T03:16:44Z,2026-05-13T10:00:44Z
1912,1775,pending,,805,7.99,,,,,,,39.99,2026-03-17T14:16:16Z,2026-05-13T10:00:44Z
1913,1052,confirmed,,2710,7.99,8,,,,,,49.92,2026-05-12T04:50:38Z,2026-05-13T10:00:44Z
1914,991,processing,,1710,14.99,9,,,,,,63.41,2026-04-19T11:54:13Z,2026-05-13T10:00:44Z
1915,1039,shipped,,2045,7.99,9,,,,,,19.62,2026-04-06T02:30:36Z,2026-05-13T10:00:44Z
1916,844,delivered,,420,7.99,11,,,,,,22.29,2026-04-27T05:17:26Z,2026-05-13T10:00:44Z
1917,627,delivered,,1180,0,11,,,,,,71.24,2026-03-29T02:08:43Z,2026-05-13T10:00:44Z
1918,550,delivered,,3050,7.99,5,,,,,4247,72.41,2026-05-11T04:10:55Z,2026-05-13T10:00:44Z
1919,1938,cancelled,Port appointment missed,2055,0,1,,,,,,55.82,2026-05-05T12:06:15Z,2026-05-13T10:00:44Z
1920,1262,pending,,420,0,,,,,,,11.58,2026-04-20T05:20:25Z,2026-05-13T10:00:44Z
1921,914,confirmed,,360,14.99,12,,,,,186,50.18,2026-04-10T07:53:26Z,2026-05-13T10:00:44Z
1922,1504,processing,,1645,14.99,1,,,,,1976,17.91,2026-03-20T08:24:14Z,2026-05-13T10:00:44Z
1923,349,shipped,,420,7.99,2,,,,,,18.14,2026-04-01T22:50:39Z,2026-05-13T10:00:44Z
1924,746,delivered,,410,7.99,5,,,,,3508,14.71,2026-03-19T13:19:37Z,2026-05-13T10:00:44Z
1925,588,delivered,,135,7.99,7,,,,,,13.27,2026-04-04T13:57:21Z,2026-05-13T10:00:44Z
1926,2000,delivered,,2125,7.99,2,,,,,,54.99,2026-04-28T14:30:35Z,2026-05-13T10:00:44Z
1927,1780,cancelled,Equipment unavailable for requested service,435,7.99,4,,,,,,41.75,2026-04-21T01:24:29Z,2026-05-13T10:00:44Z
1928,1940,pending,,510,14.99,,,,,,,12.43,2026-04-25T12:11:52Z,2026-05-13T10:00:44Z
1929,1160,confirmed,,1620,7.99,11,,,,,,85.17,2026-04-13T05:41:50Z,2026-05-13T10:00:44Z
1930,689,processing,,1258,0,8,,,,,,24.45,2026-04-04T21:08:00Z,2026-05-13T10:00:44Z
1931,1380,shipped,,1440,7.99,3,,,,,,63.16,2026-04-05T08:58:50Z,2026-05-13T10:00:44Z
1932,525,delivered,,2780,14.99,7,,,,,,85.85,2026-05-12T01:18:41Z,2026-05-13T10:00:44Z
1933,1354,delivered,,1865,7.99,3,,,,,,33.44,2026-04-19T16:37:07Z,2026-05-13T10:00:44Z
1934,1422,delivered,,775,7.99,7,,,,,1198,34.56,2026-05-02T02:26:42Z,2026-05-13T10:00:44Z
1935,569,cancelled,Capacity unavailable at assigned terminal,1170,7.99,10,,,,,3769,46.25,2026-04-16T02:44:13Z,2026-05-13T10:00:44Z
1936,750,pending,,1714,7.99,,,,,,,65.76,2026-05-12T09:48:21Z,2026-05-13T10:00:44Z
1937,1887,confirmed,,2970,0,12,,,,,,54.79,2026-03-25T07:35:10Z,2026-05-13T10:00:44Z
1938,947,processing,,1140,7.99,6,,,,,,86.22,2026-04-10T02:30:20Z,2026-05-13T10:00:44Z
1939,1153,shipped,,710,0,2,,,,,,55.95,2026-04-14T15:53:01Z,2026-05-13T10:00:44Z
1940,1469,delivered,,1200,0,4,,,,,,23.06,2026-04-14T13:37:05Z,2026-05-13T10:00:44Z
1941,1099,delivered,,640,14.99,8,,,,,,50.61,2026-04-19T08:01:35Z,2026-05-13T10:00:44Z
1942,580,delivered,,2185,0,4,,,,,774,16.2,2026-05-07T08:14:11Z,2026-05-13T10:00:44Z
1943,501,cancelled,Shipper cancelled tender,360,0,3,,,,,87,36.74,2026-04-11T17:29:10Z,2026-05-13T10:00:44Z
1944,338,pending,,500,7.99,,,,,,,64.03,2026-03-28T11:09:55Z,2026-05-13T10:00:44Z
1945,236,confirmed,,925,0,6,,,,,115,14.58,2026-04-02T22:20:55Z,2026-05-13T10:00:44Z
1946,1988,processing,,580,7.99,8,,,,,,40.57,2026-04-21T17:54:45Z,2026-05-13T10:00:44Z
1947,595,shipped,,3200,14.99,5,,,,,,93.11,2026-03-27T22:45:56Z,2026-05-13T10:00:44Z
1948,1765,delivered,,3825,7.99,8,,,,,,89.25,2026-04-18T14:17:58Z,2026-05-13T10:00:44Z
1949,1939,delivered,,3995,7.99,5,,,,,,21.03,2026-04-10T22:41:16Z,2026-05-13T10:00:44Z
1950,306,delivered,,125,7.99,12,,,,,,16.59,2026-04-26T16:11:26Z,2026-05-13T10:00:44Z
1951,515,cancelled,Missed pickup appointment window,335,7.99,11,,,,,3767,92.13,2026-05-01T06:26:13Z,2026-05-13T10:00:44Z
1952,656,pending,,1510,7.99,,,,,,,11.88,2026-04-11T08:07:43Z,2026-05-13T10:00:44Z
1953,565,confirmed,,440,14.99,6,,,,,,77.34,2026-05-07T03:55:21Z,2026-05-13T10:00:44Z
1954,1635,processing,,3755,7.99,5,,,,,,24.29,2026-05-02T11:09:43Z,2026-05-13T10:00:44Z
1955,1008,shipped,,1495,7.99,11,,,,,2493,43.26,2026-03-27T20:45:37Z,2026-05-13T10:00:44Z
1956,381,delivered,,1600,0,10,,,,,2086,92.68,2026-03-15T23:49:12Z,2026-05-13T10:00:44Z
1957,733,delivered,,1220,0,12,,,,,,69.71,2026-05-12T05:07:52Z,2026-05-13T10:00:44Z
1958,732,delivered,,1515,7.99,12,,,,,,71.5,2026-05-05T14:16:12Z,2026-05-13T10:00:44Z
1959,35,cancelled,Weather disruption on planned lane,1340,0,4,,,,,,23.92,2026-04-10T13:15:37Z,2026-05-13T10:00:44Z
1960,1465,pending,,1940,7.99,,,,,,388,63.31,2026-03-22T15:39:15Z,2026-05-13T10:00:44Z
1961,1979,confirmed,,2043,7.99,7,,,,,,47.69,2026-04-20T09:06:16Z,2026-05-13T10:00:44Z
1962,1494,processing,,2035,7.99,12,,,,,,55.89,2026-05-07T05:17:07Z,2026-05-13T10:00:44Z
1963,1796,shipped,,1470,7.99,3,,,,,,94.46,2026-04-08T23:21:24Z,2026-05-13T10:00:44Z
1964,1322,delivered,,1440,7.99,8,,,,,2462,54.97,2026-03-15T10:07:13Z,2026-05-13T10:00:44Z
1965,322,delivered,,1870,7.99,11,,,,,,46.73,2026-04-06T20:55:06Z,2026-05-13T10:00:44Z
1966,1920,delivered,,560,7.99,11,,,,,,73.21,2026-03-29T05:17:23Z,2026-05-13T10:00:44Z
1967,267,cancelled,Permit or documentation issue,115,7.99,11,,,,,1649,54.61,2026-03-30T15:24:45Z,2026-05-13T10:00:44Z
1968,39,pending,,500,7.99,,,,,,,48.97,2026-03-23T12:12:11Z,2026-05-13T10:00:44Z
1969,1259,confirmed,,1060,7.99,5,,,,,,89.47,2026-04-26T23:24:49Z,2026-05-13T10:00:44Z
1970,1131,processing,,135,7.99,4,,,,,,47.86,2026-05-05T09:49:04Z,2026-05-13T10:00:44Z
1971,1545,shipped,,805,0,10,,,,,,54.61,2026-03-24T19:02:50Z,2026-05-13T10:00:44Z
1972,1662,delivered,,310,7.99,1,,,,,3961,44.52,2026-03-24T04:15:15Z,2026-05-13T10:00:44Z
1973,537,delivered,,390,14.99,5,,,,,1699,26.65,2026-04-02T18:18:33Z,2026-05-13T10:00:44Z
1974,1578,delivered,,2335,7.99,3,,,,,,57.36,2026-04-23T01:15:11Z,2026-05-13T10:00:44Z
1975,123,cancelled,Carrier no-show,860,0,3,,,,,,56.93,2026-04-10T19:22:56Z,2026-05-13T10:00:44Z
1976,108,pending,,2925,14.99,,,,,,,50.17,2026-04-05T23:42:50Z,2026-05-13T10:00:44Z
1977,240,confirmed,,1040,7.99,9,,,,,,63.79,2026-04-27T23:40:58Z,2026-05-13T10:00:44Z
1978,1858,processing,,555,7.99,6,,,,,,34.8,2026-03-25T18:49:48Z,2026-05-13T10:00:44Z
1979,546,shipped,,130,7.99,7,,,,,,37.49,2026-05-01T14:37:47Z,2026-05-13T10:00:44Z
1980,656,delivered,,1620,7.99,8,,,,,,90.62,2026-04-23T05:00:18Z,2026-05-13T10:00:44Z
1981,256,delivered,,3730,7.99,8,,,,,58,84.66,2026-04-24T02:11:09Z,2026-05-13T10:00:44Z
1982,1710,delivered,,930,0,6,,,,,,36.86,2026-03-19T20:04:32Z,2026-05-13T10:00:44Z
1983,434,cancelled,Port appointment missed,2650,14.99,10,,,,,,87.24,2026-05-12T13:05:28Z,2026-05-13T10:00:44Z
1984,770,pending,,210,7.99,,,,,,,59.54,2026-04-26T16:50:30Z,2026-05-13T10:00:44Z
1985,1010,confirmed,,250,7.99,12,,,,,1015,28.17,2026-05-08T04:25:07Z,2026-05-13T10:00:44Z
1986,1494,processing,,1190,7.99,10,,,,,,63.63,2026-03-25T14:14:10Z,2026-05-13T10:00:44Z
1987,676,shipped,,2450,14.99,7,,,,,,42.73,2026-04-10T18:22:01Z,2026-05-13T10:00:44Z
1988,1606,delivered,,3650,0,7,,,,,2418,50.8,2026-04-19T13:44:59Z,2026-05-13T10:00:44Z
1989,108,delivered,,2285,7.99,1,,,,,,67.54,2026-03-19T14:37:46Z,2026-05-13T10:00:44Z
1990,1375,delivered,,1605,7.99,1,,,,,1679,80.06,2026-04-30T20:21:04Z,2026-05-13T10:00:44Z
1991,422,cancelled,Equipment unavailable for requested service,2885,7.99,2,,,,,,51.86,2026-04-05T18:10:08Z,2026-05-13T10:00:44Z
1992,1911,pending,,3370,7.99,,,,,,2365,43.64,2026-04-12T20:00:48Z,2026-05-13T10:00:44Z
1993,1930,confirmed,,2150,7.99,7,,,,,,90.81,2026-04-01T20:32:46Z,2026-05-13T10:00:44Z
1994,1418,processing,,2317,7.99,8,,,,,,79.6,2026-04-13T09:49:12Z,2026-05-13T10:00:44Z
1995,1469,shipped,,2289,7.99,9,,,,,,43.43,2026-04-11T18:14:34Z,2026-05-13T10:00:44Z
1996,810,delivered,,1300,7.99,4,,,,,5,84.31,2026-04-28T01:24:10Z,2026-05-13T10:00:44Z
1997,1500,delivered,,1890,0,12,,,,,,25.62,2026-03-20T11:53:48Z,2026-05-13T10:00:44Z
1998,137,delivered,,1150,7.99,5,,,,,,46.12,2026-03-15T22:36:48Z,2026-05-13T10:00:44Z
1999,161,cancelled,Capacity unavailable at assigned terminal,390,14.99,5,,,,,4244,24.6,2026-04-14T14:53:52Z,2026-05-13T10:00:44Z
2000,1241,pending,,305,0,,,,,,,69.07,2026-04-01T10:41:15Z,2026-05-13T10:00:44Z
2001,1195,confirmed,,2120,0,3,,,,,1197,61.18,2026-04-05T03:33:59Z,2026-05-13T10:00:44Z
2002,417,processing,,1115,0,5,,,,,4912,16.2,2026-05-07T03:38:33Z,2026-05-13T10:00:44Z
2003,428,shipped,,115,7.99,3,,,,,,54.75,2026-05-13T04:40:58Z,2026-05-13T10:00:44Z
2004,429,delivered,,1025,14.99,2,,,,,1419,10.67,2026-05-10T23:42:57Z,2026-05-13T10:00:44Z
2005,1894,delivered,,2975,7.99,1,,,,,,48.75,2026-05-05T16:49:57Z,2026-05-13T10:00:44Z
2006,392,delivered,,420,14.99,6,,,,,,66.66,2026-04-21T19:56:04Z,2026-05-13T10:00:44Z
2007,38,cancelled,Shipper cancelled tender,2380,14.99,7,,,,,3351,51.83,2026-03-18T05:35:46Z,2026-05-13T10:00:44Z
2008,1833,pending,,1590,7.99,,,,,,,52.85,2026-04-14T20:43:39Z,2026-05-13T10:00:44Z
2009,1204,confirmed,,2100,0,5,,,,,,91.62,2026-05-07T20:12:31Z,2026-05-13T10:00:44Z
2010,1086,processing,,2350,14.99,4,,,,,,71.93,2026-04-08T10:46:04Z,2026-05-13T10:00:44Z
2011,363,shipped,,95,0,11,,,,,,77.96,2026-04-12T00:08:20Z,2026-05-13T10:00:44Z
2012,1370,delivered,,1500,14.99,4,,,,,,15.5,2026-04-24T18:19:14Z,2026-05-13T10:00:44Z
2013,980,delivered,,2610,14.99,6,,,,,,65.82,2026-05-09T10:22:58Z,2026-05-13T10:00:44Z
2014,1687,delivered,,1590,7.99,11,,,,,,80.74,2026-05-11T16:09:21Z,2026-05-13T10:00:44Z
2015,1052,cancelled,Missed pickup appointment window,1320,14.99,10,,,,,,58.96,2026-04-25T04:51:15Z,2026-05-13T10:00:44Z
2016,810,pending,,1260,7.99,,,,,,4518,23.68,2026-04-03T11:37:38Z,2026-05-13T10:00:44Z
2017,1754,confirmed,,910,14.99,3,,,,,2986,93.2,2026-04-03T03:38:26Z,2026-05-13T10:00:44Z
2018,1621,processing,,2215,7.99,4,,,,,,52.87,2026-05-06T02:32:51Z,2026-05-13T10:00:44Z
2019,1444,shipped,,2580,7.99,5,,,,,4005,91.4,2026-03-15T08:38:59Z,2026-05-13T10:00:44Z
2020,1190,delivered,,1760,0,3,,,,,,34.03,2026-03-17T05:24:07Z,2026-05-13T10:00:44Z
2021,194,delivered,,2300,0,4,,,,,,40.88,2026-04-11T11:25:03Z,2026-05-13T10:00:44Z
2022,250,delivered,,1120,7.99,7,,,,,,10.37,2026-03-30T08:00:19Z,2026-05-13T10:00:44Z
2023,249,cancelled,Weather disruption on planned lane,1385,14.99,10,,,,,1642,14.26,2026-04-27T02:01:48Z,2026-05-13T10:00:44Z
2024,1234,pending,,290,0,,,,,,,24.32,2026-04-24T00:37:36Z,2026-05-13T10:00:44Z
2025,400,confirmed,,1054,7.99,5,,,,,,14.74,2026-04-03T17:04:12Z,2026-05-13T10:00:44Z
2026,170,processing,,1080,7.99,10,,,,,,26.48,2026-04-03T08:39:48Z,2026-05-13T10:00:44Z
2027,1500,shipped,,2870,14.99,5,,,,,,26.77,2026-04-18T10:37:27Z,2026-05-13T10:00:44Z
2028,962,delivered,,1910,7.99,8,,,,,3186,43.17,2026-03-21T09:01:54Z,2026-05-13T10:00:44Z
2029,442,delivered,,2920,14.99,4,,,,,117,86.69,2026-04-14T07:51:25Z,2026-05-13T10:00:44Z
2030,831,delivered,,1360,7.99,8,,,,,,73.65,2026-04-07T23:44:40Z,2026-05-13T10:00:44Z
2031,425,cancelled,Permit or documentation issue,650,7.99,9,,,,,,76.17,2026-04-29T14:46:20Z,2026-05-13T10:00:44Z
2032,1630,pending,,2814,0,,,,,,3015,28.36,2026-04-19T01:09:47Z,2026-05-13T10:00:44Z
2033,1695,confirmed,,2415,7.99,6,,,,,,46.32,2026-05-01T08:41:54Z,2026-05-13T10:00:44Z
2034,1997,processing,,1450,7.99,12,,,,,,51.91,2026-03-16T12:38:26Z,2026-05-13T10:00:44Z
2035,1994,shipped,,1260,0,4,,,,,,14.65,2026-03-14T17:18:39Z,2026-05-13T10:00:44Z
2036,429,delivered,,360,14.99,9,,,,,,89.89,2026-04-13T23:03:10Z,2026-05-13T10:00:44Z
2037,132,delivered,,1410,7.99,10,,,,,2120,32.91,2026-04-04T02:21:27Z,2026-05-13T10:00:44Z
2038,359,delivered,,640,7.99,1,,,,,,56.51,2026-04-29T15:59:33Z,2026-05-13T10:00:44Z
2039,605,cancelled,Carrier no-show,2540,7.99,2,,,,,1954,90.49,2026-04-12T18:44:08Z,2026-05-13T10:00:44Z
2040,696,pending,,1632,7.99,,,,,,,79.05,2026-04-02T19:46:50Z,2026-05-13T10:00:44Z
2041,546,confirmed,,3395,7.99,7,,,,,2268,31.6,2026-03-16T07:54:51Z,2026-05-13T10:00:44Z
2042,1799,processing,,2045,0,2,,,,,94,87.79,2026-04-18T20:12:33Z,2026-05-13T10:00:44Z
2043,1664,shipped,,1560,0,11,,,,,,49.85,2026-05-08T11:19:59Z,2026-05-13T10:00:44Z
2044,1516,delivered,,1010,14.99,9,,,,,2539,55.4,2026-05-04T04:14:22Z,2026-05-13T10:00:44Z
2045,76,delivered,,460,0,9,,,,,,39.33,2026-04-12T07:44:38Z,2026-05-13T10:00:44Z
2046,1079,delivered,,490,14.99,2,,,,,,23.55,2026-05-08T00:47:16Z,2026-05-13T10:00:44Z
2047,1013,cancelled,Port appointment missed,750,7.99,2,,,,,,33.45,2026-04-10T09:22:13Z,2026-05-13T10:00:44Z
2048,1875,pending,,453,14.99,,,,,,,76.58,2026-04-08T16:32:28Z,2026-05-13T10:00:44Z
2049,285,confirmed,,1072,14.99,1,,,,,,72.06,2026-04-02T10:37:34Z,2026-05-13T10:00:44Z
2050,105,processing,,720,14.99,2,,,,,1293,49.93,2026-03-27T10:24:23Z,2026-05-13T10:00:44Z
2051,499,shipped,,3250,14.99,4,,,,,,36.1,2026-05-12T19:52:03Z,2026-05-13T10:00:44Z
2052,1821,delivered,,1415,7.99,10,,,,,,84.94,2026-04-20T20:16:25Z,2026-05-13T10:00:44Z
2053,1980,delivered,,2800,7.99,1,,,,,,91.61,2026-05-12T18:27:53Z,2026-05-13T10:00:44Z
2054,122,delivered,,2385,14.99,11,,,,,4072,85.8,2026-03-28T18:36:39Z,2026-05-13T10:00:44Z
2055,1831,cancelled,Equipment unavailable for requested service,1260,0,5,,,,,,23.84,2026-03-17T22:00:30Z,2026-05-13T10:00:44Z
2056,1909,pending,,320,0,,,,,,4418,70.37,2026-05-01T03:53:20Z,2026-05-13T10:00:44Z
2057,711,confirmed,,895,7.99,11,,,,,,81.86,2026-03-16T20:17:32Z,2026-05-13T10:00:44Z
2058,78,processing,,1280,0,3,,,,,2997,58.46,2026-05-04T17:53:49Z,2026-05-13T10:00:44Z
2059,1538,shipped,,3570,0,8,,,,,,50.03,2026-04-21T10:54:15Z,2026-05-13T10:00:44Z
2060,609,delivered,,1975,7.99,9,,,,,2916,24.33,2026-04-16T04:47:07Z,2026-05-13T10:00:44Z
2061,384,delivered,,1795,7.99,1,,,,,,55.73,2026-04-03T16:20:34Z,2026-05-13T10:00:44Z
2062,59,delivered,,290,0,12,,,,,,26.15,2026-04-12T19:39:01Z,2026-05-13T10:00:44Z
2063,510,cancelled,Capacity unavailable at assigned terminal,2105,0,9,,,,,4595,34.11,2026-04-30T10:59:13Z,2026-05-13T10:00:44Z
2064,1080,pending,,1560,7.99,,,,,,,85.72,2026-04-29T21:57:20Z,2026-05-13T10:00:44Z
2065,468,confirmed,,1220,0,3,,,,,,21.41,2026-03-19T09:11:13Z,2026-05-13T10:00:44Z
2066,1078,processing,,2300,0,11,,,,,179,31.37,2026-03-15T19:33:55Z,2026-05-13T10:00:44Z
2067,1965,shipped,,1302,7.99,12,,,,,,21.32,2026-04-11T16:48:23Z,2026-05-13T10:00:44Z
2068,711,delivered,,219,0,12,,,,,,69.46,2026-03-30T02:44:37Z,2026-05-13T10:00:44Z
2069,65,delivered,,1880,0,11,,,,,,67.1,2026-04-23T09:16:53Z,2026-05-13T10:00:44Z
2070,1835,delivered,,620,0,9,,,,,,62.26,2026-03-30T07:18:26Z,2026-05-13T10:00:44Z
2071,364,cancelled,Shipper cancelled tender,1420,14.99,9,,,,,,78.89,2026-04-11T05:02:24Z,2026-05-13T10:00:44Z
2072,361,pending,,1560,0,,,,,,1019,19.86,2026-04-23T21:06:57Z,2026-05-13T10:00:44Z
2073,458,confirmed,,1495,7.99,6,,,,,,81.23,2026-05-10T12:07:04Z,2026-05-13T10:00:44Z
2074,464,processing,,435,14.99,4,,,,,,29.5,2026-03-31T00:28:40Z,2026-05-13T10:00:44Z
2075,410,shipped,,3195,7.99,9,,,,,,27.01,2026-05-02T12:58:53Z,2026-05-13T10:00:44Z
2076,1175,delivered,,2029,7.99,5,,,,,4629,39.36,2026-05-10T11:34:52Z,2026-05-13T10:00:44Z
2077,39,delivered,,3070,0,1,,,,,4468,19.32,2026-05-10T16:36:19Z,2026-05-13T10:00:44Z
2078,1536,delivered,,1188,0,9,,,,,,81.96,2026-04-01T01:01:59Z,2026-05-13T10:00:44Z
2079,1134,cancelled,Missed pickup appointment window,2645,7.99,2,,,,,,41.03,2026-03-15T21:32:56Z,2026-05-13T10:00:44Z
2080,1763,pending,,830,0,,,,,,,43.77,2026-04-23T06:15:41Z,2026-05-13T10:00:44Z
2081,1537,confirmed,,680,0,1,,,,,,53.93,2026-05-06T22:18:44Z,2026-05-13T10:00:44Z
2082,1187,processing,,2040,14.99,8,,,,,1543,44.11,2026-05-12T14:21:01Z,2026-05-13T10:00:44Z
2083,614,shipped,,490,14.99,3,,,,,,22.36,2026-05-05T09:50:27Z,2026-05-13T10:00:44Z
2084,1414,delivered,,260,7.99,3,,,,,950,77.87,2026-04-22T10:35:58Z,2026-05-13T10:00:44Z
2085,1456,delivered,,680,0,11,,,,,,77.86,2026-04-14T20:34:02Z,2026-05-13T10:00:44Z
2086,1177,delivered,,890,7.99,7,,,,,,25.26,2026-03-17T10:16:43Z,2026-05-13T10:00:44Z
2087,1878,cancelled,Weather disruption on planned lane,1345,7.99,6,,,,,,77.18,2026-03-17T05:39:39Z,2026-05-13T10:00:44Z
2088,1556,pending,,1742,0,,,,,,,50.77,2026-03-20T00:22:54Z,2026-05-13T10:00:44Z
2089,463,confirmed,,1880,14.99,12,,,,,4110,20.77,2026-04-14T21:51:23Z,2026-05-13T10:00:44Z
2090,957,processing,,1345,14.99,8,,,,,,65.62,2026-04-18T19:20:21Z,2026-05-13T10:00:44Z
2091,210,shipped,,3580,0,10,,,,,,52.75,2026-04-22T12:54:44Z,2026-05-13T10:00:44Z
2092,937,delivered,,765,14.99,4,,,,,4315,28.88,2026-04-22T00:19:01Z,2026-05-13T10:00:44Z
2093,714,delivered,,3060,0,6,,,,,1778,49.46,2026-04-26T07:00:44Z,2026-05-13T10:00:44Z
2094,1193,delivered,,1965,14.99,4,,,,,,82.97,2026-05-07T01:01:18Z,2026-05-13T10:00:44Z
2095,377,cancelled,Permit or documentation issue,2300,7.99,5,,,,,4246,44.29,2026-04-06T13:36:43Z,2026-05-13T10:00:44Z
2096,225,pending,,1635,7.99,,,,,,1399,48.64,2026-04-12T01:39:12Z,2026-05-13T10:00:44Z
2097,1683,confirmed,,1080,7.99,5,,,,,768,64.75,2026-04-01T19:01:58Z,2026-05-13T10:00:44Z
2098,465,processing,,230,0,3,,,,,4625,41.37,2026-04-09T04:28:32Z,2026-05-13T10:00:44Z
2099,751,shipped,,1430,0,9,,,,,1529,73.64,2026-03-16T08:45:12Z,2026-05-13T10:00:44Z
2100,1995,delivered,,960,7.99,5,,,,,1738,86.79,2026-03-17T07:36:14Z,2026-05-13T10:00:44Z
2101,1154,delivered,,280,0,1,,,,,,14.68,2026-04-13T17:37:15Z,2026-05-13T10:00:44Z
2102,165,delivered,,1250,7.99,10,,,,,,27.77,2026-04-04T20:32:52Z,2026-05-13T10:00:44Z
2103,689,cancelled,Carrier no-show,2340,7.99,12,,,,,,46,2026-04-23T16:10:42Z,2026-05-13T10:00:44Z
2104,908,pending,,570,7.99,,,,,,1990,44.53,2026-03-19T22:03:31Z,2026-05-13T10:00:44Z
2105,1773,confirmed,,2200,0,2,,,,,,37.45,2026-03-26T23:38:19Z,2026-05-13T10:00:44Z
2106,407,processing,,660,7.99,11,,,,,3036,27.17,2026-04-26T23:40:16Z,2026-05-13T10:00:44Z
2107,232,shipped,,1510,14.99,8,,,,,,25.35,2026-03-15T03:56:37Z,2026-05-13T10:00:44Z
2108,255,delivered,,415,0,9,,,,,,11.14,2026-03-26T03:26:14Z,2026-05-13T10:00:44Z
2109,1453,delivered,,3200,14.99,6,,,,,,36.63,2026-04-09T22:52:05Z,2026-05-13T10:00:44Z
2110,1607,delivered,,3945,7.99,11,,,,,,70.63,2026-05-05T16:02:17Z,2026-05-13T10:00:44Z
2111,1630,cancelled,Port appointment missed,395,7.99,11,,,,,,70.05,2026-04-30T17:56:52Z,2026-05-13T10:00:44Z
2112,1975,pending,,1150,7.99,,,,,,,14.21,2026-03-28T21:12:33Z,2026-05-13T10:00:44Z
2113,1753,confirmed,,1425,7.99,2,,,,,3348,84.24,2026-03-26T06:25:37Z,2026-05-13T10:00:44Z
2114,264,processing,,1100,7.99,6,,,,,,30.07,2026-04-17T19:16:45Z,2026-05-13T10:00:44Z
2115,1790,shipped,,3520,0,3,,,,,4187,22.23,2026-05-12T21:40:40Z,2026-05-13T10:00:44Z
2116,21,delivered,,3485,7.99,4,,,,,,34.68,2026-03-21T16:54:02Z,2026-05-13T10:00:44Z
2117,1769,delivered,,2135,14.99,7,,,,,1276,53.3,2026-03-27T09:43:26Z,2026-05-13T10:00:44Z
2118,371,delivered,,950,0,10,,,,,,93.2,2026-04-12T11:37:47Z,2026-05-13T10:00:44Z
2119,493,cancelled,Equipment unavailable for requested service,1595,0,4,,,,,1881,11.96,2026-04-17T13:39:01Z,2026-05-13T10:00:44Z
2120,1542,pending,,840,14.99,,,,,,,88.99,2026-05-08T03:09:45Z,2026-05-13T10:00:44Z
2121,60,confirmed,,620,0,8,,,,,,58.09,2026-03-29T03:16:08Z,2026-05-13T10:00:44Z
2122,1215,processing,,730,7.99,8,,,,,,50.6,2026-04-19T12:33:46Z,2026-05-13T10:00:44Z
2123,89,shipped,,3080,7.99,5,,,,,,85.02,2026-04-09T15:02:10Z,2026-05-13T10:00:44Z
2124,1795,delivered,,3035,0,7,,,,,,85.6,2026-04-09T16:03:29Z,2026-05-13T10:00:44Z
2125,1695,delivered,,1130,0,1,,,,,169,59.42,2026-03-15T12:15:01Z,2026-05-13T10:00:44Z
2126,1214,delivered,,990,14.99,10,,,,,1864,82.49,2026-04-14T20:54:36Z,2026-05-13T10:00:44Z
2127,789,cancelled,Capacity unavailable at assigned terminal,585,0,3,,,,,,53.18,2026-04-07T07:57:41Z,2026-05-13T10:00:44Z
2128,1629,pending,,1190,14.99,,,,,,,31.82,2026-03-20T15:04:22Z,2026-05-13T10:00:44Z
2129,1955,confirmed,,2270,7.99,10,,,,,,94.15,2026-03-16T01:47:44Z,2026-05-13T10:00:44Z
2130,1633,processing,,3825,7.99,1,,,,,,30.81,2026-04-09T18:28:36Z,2026-05-13T10:00:44Z
2131,65,shipped,,2510,14.99,8,,,,,,21.29,2026-04-28T12:11:33Z,2026-05-13T10:00:44Z
2132,1,delivered,,4017,0,6,,,,,,28.87,2026-04-18T07:00:55Z,2026-05-13T10:00:44Z
2133,408,delivered,,89,7.99,9,,,,,3500,89.22,2026-03-14T11:40:35Z,2026-05-13T10:00:44Z
2134,445,delivered,,1270,0,5,,,,,,42.44,2026-05-11T17:33:29Z,2026-05-13T10:00:44Z
2135,1891,cancelled,Shipper cancelled tender,630,7.99,11,,,,,3628,27.98,2026-03-24T23:17:18Z,2026-05-13T10:00:44Z
2136,1874,pending,,1605,14.99,,,,,,,10.12,2026-04-04T03:50:39Z,2026-05-13T10:00:44Z
2137,637,confirmed,,2479,7.99,12,,,,,1830,61.27,2026-03-22T08:58:19Z,2026-05-13T10:00:44Z
2138,1640,processing,,4245,0,4,,,,,,71.56,2026-04-13T03:08:22Z,2026-05-13T10:00:44Z
2139,1796,shipped,,2680,7.99,8,,,,,905,56.28,2026-05-12T17:18:39Z,2026-05-13T10:00:44Z
2140,740,delivered,,3120,7.99,12,,,,,4658,48.17,2026-04-12T00:08:01Z,2026-05-13T10:00:44Z
2141,187,delivered,,375,14.99,10,,,,,1467,13.87,2026-05-08T23:04:27Z,2026-05-13T10:00:44Z
2142,1970,delivered,,1210,7.99,9,,,,,,94.62,2026-04-20T17:57:39Z,2026-05-13T10:00:44Z
2143,1071,cancelled,Missed pickup appointment window,1960,0,5,,,,,,72.59,2026-03-16T23:51:16Z,2026-05-13T10:00:44Z
2144,90,pending,,1860,7.99,,,,,,,28.14,2026-04-14T18:59:36Z,2026-05-13T10:00:44Z
2145,1825,confirmed,,1150,14.99,12,,,,,333,53.9,2026-04-26T22:55:30Z,2026-05-13T10:00:44Z
2146,391,processing,,815,14.99,11,,,,,,57.28,2026-05-10T16:17:02Z,2026-05-13T10:00:44Z
2147,1875,shipped,,985,14.99,9,,,,,1951,84.09,2026-03-25T00:25:38Z,2026-05-13T10:00:44Z
2148,1315,delivered,,260,7.99,2,,,,,,23.97,2026-03-26T09:44:48Z,2026-05-13T10:00:44Z
2149,1040,delivered,,925,14.99,8,,,,,,85.61,2026-04-25T02:12:39Z,2026-05-13T10:00:44Z
2150,1266,delivered,,1540,0,11,,,,,,10.97,2026-05-02T02:12:38Z,2026-05-13T10:00:44Z
2151,1223,cancelled,Weather disruption on planned lane,945,7.99,10,,,,,,70.87,2026-04-01T19:26:29Z,2026-05-13T10:00:44Z
2152,387,pending,,210,7.99,,,,,,3987,22.18,2026-04-30T20:56:31Z,2026-05-13T10:00:44Z
2153,484,confirmed,,240,7.99,12,,,,,,76.01,2026-03-28T05:11:05Z,2026-05-13T10:00:44Z
2154,1843,processing,,1560,14.99,1,,,,,3728,37.43,2026-04-21T10:29:34Z,2026-05-13T10:00:44Z
2155,674,shipped,,130,0,1,,,,,2598,46.09,2026-04-03T12:39:39Z,2026-05-13T10:00:44Z
2156,583,delivered,,607,14.99,6,,,,,,29.42,2026-03-24T22:25:30Z,2026-05-13T10:00:44Z
2157,241,delivered,,4375,7.99,12,,,,,,51.61,2026-03-28T17:46:15Z,2026-05-13T10:00:44Z
2158,1286,delivered,,1695,14.99,1,,,,,,29.24,2026-03-16T02:47:13Z,2026-05-13T10:00:44Z
2159,723,cancelled,Permit or documentation issue,425,14.99,7,,,,,,92.72,2026-04-10T12:30:52Z,2026-05-13T10:00:44Z
2160,514,pending,,900,7.99,,,,,,,84.28,2026-05-06T14:31:04Z,2026-05-13T10:00:44Z
2161,692,confirmed,,2710,7.99,8,,,,,557,14.94,2026-03-31T23:40:07Z,2026-05-13T10:00:44Z
2162,1636,processing,,1210,7.99,10,,,,,,20.03,2026-04-23T15:41:50Z,2026-05-13T10:00:44Z
2163,599,shipped,,4080,14.99,7,,,,,,71.37,2026-03-31T01:32:39Z,2026-05-13T10:00:44Z
2164,417,delivered,,180,14.99,5,,,,,,49.87,2026-04-29T12:37:18Z,2026-05-13T10:00:44Z
2165,1322,delivered,,4840,14.99,2,,,,,1062,46.53,2026-05-13T07:49:46Z,2026-05-13T10:00:44Z
2166,197,delivered,,1820,0,12,,,,,,79.24,2026-04-18T12:54:51Z,2026-05-13T10:00:44Z
2167,1314,cancelled,Carrier no-show,3280,7.99,9,,,,,,11.77,2026-03-29T10:06:38Z,2026-05-13T10:00:44Z
2168,1790,pending,,2295,7.99,,,,,,,53.23,2026-04-28T18:15:14Z,2026-05-13T10:00:44Z
2169,665,confirmed,,920,14.99,4,,,,,,39.5,2026-05-04T04:01:34Z,2026-05-13T10:00:44Z
2170,1225,processing,,2055,0,7,,,,,,31.67,2026-04-26T08:16:38Z,2026-05-13T10:00:44Z
2171,1964,shipped,,1715,14.99,3,,,,,,16.97,2026-04-24T21:54:01Z,2026-05-13T10:00:44Z
2172,1493,delivered,,2745,14.99,5,,,,,1456,52.43,2026-04-16T03:14:54Z,2026-05-13T10:00:44Z
2173,1678,delivered,,765,14.99,3,,,,,1176,73.68,2026-04-18T18:04:11Z,2026-05-13T10:00:44Z
2174,801,delivered,,795,7.99,3,,,,,722,36.8,2026-04-11T16:57:22Z,2026-05-13T10:00:44Z
2175,193,cancelled,Port appointment missed,898,0,3,,,,,,21,2026-04-13T09:38:14Z,2026-05-13T10:00:44Z
2176,993,pending,,1520,7.99,,,,,,,38.99,2026-03-16T15:27:39Z,2026-05-13T10:00:44Z
2177,500,confirmed,,1020,14.99,12,,,,,,75.73,2026-04-28T21:19:49Z,2026-05-13T10:00:44Z
2178,72,processing,,1005,0,11,,,,,,60.96,2026-04-05T12:22:52Z,2026-05-13T10:00:44Z
2179,370,shipped,,2530,0,12,,,,,,29.78,2026-04-03T23:56:54Z,2026-05-13T10:00:44Z
2180,362,delivered,,380,7.99,11,,,,,1368,82.88,2026-03-27T14:10:21Z,2026-05-13T10:00:44Z
2181,3,delivered,,2318,7.99,7,,,,,,89.97,2026-04-29T18:57:50Z,2026-05-13T10:00:44Z
2182,824,delivered,,1360,0,3,,,,,,86.16,2026-04-28T04:02:16Z,2026-05-13T10:00:44Z
2183,1958,cancelled,Equipment unavailable for requested service,1689,7.99,2,,,,,,12.2,2026-04-09T00:36:40Z,2026-05-13T10:00:44Z
2184,356,pending,,405,7.99,,,,,,,16.23,2026-03-20T13:34:24Z,2026-05-13T10:00:44Z
2185,1969,confirmed,,1335,0,7,,,,,,21.95,2026-04-08T16:26:18Z,2026-05-13T10:00:44Z
2186,1915,processing,,270,7.99,6,,,,,,45.02,2026-04-01T14:28:10Z,2026-05-13T10:00:44Z
2187,794,shipped,,680,14.99,3,,,,,,79.97,2026-03-27T02:41:00Z,2026-05-13T10:00:44Z
2188,1559,delivered,,2464,7.99,8,,,,,,11.35,2026-04-07T21:12:10Z,2026-05-13T10:00:44Z
2189,1763,delivered,,4883,14.99,12,,,,,413,67.16,2026-05-10T22:20:56Z,2026-05-13T10:00:44Z
2190,1979,delivered,,2520,14.99,8,,,,,,29.03,2026-05-08T16:49:40Z,2026-05-13T10:00:44Z
2191,1027,cancelled,Capacity unavailable at assigned terminal,700,7.99,6,,,,,,88.2,2026-03-31T23:46:11Z,2026-05-13T10:00:44Z
2192,731,pending,,230,7.99,,,,,,,42.56,2026-04-30T13:02:22Z,2026-05-13T10:00:44Z
2193,1653,confirmed,,135,7.99,3,,,,,,29.9,2026-03-26T06:36:43Z,2026-05-13T10:00:44Z
2194,249,processing,,890,7.99,10,,,,,,24.51,2026-03-28T00:50:01Z,2026-05-13T10:00:44Z
2195,716,shipped,,1580,7.99,1,,,,,,11.13,2026-04-30T02:23:55Z,2026-05-13T10:00:44Z
2196,252,delivered,,600,7.99,3,,,,,,84.63,2026-03-18T19:53:43Z,2026-05-13T10:00:44Z
2197,986,delivered,,1930,7.99,6,,,,,,84.75,2026-03-16T18:54:45Z,2026-05-13T10:00:44Z
2198,679,delivered,,2340,7.99,5,,,,,,63.34,2026-03-23T09:09:53Z,2026-05-13T10:00:44Z
2199,1982,cancelled,Shipper cancelled tender,2040,0,12,,,,,,46.07,2026-04-24T18:52:51Z,2026-05-13T10:00:44Z
2200,1192,pending,,1910,14.99,,,,,,,69.28,2026-05-11T01:02:53Z,2026-05-13T10:00:44Z
2201,1450,confirmed,,945,7.99,8,,,,,,36.76,2026-03-29T21:24:48Z,2026-05-13T10:00:44Z
2202,1516,processing,,2200,7.99,3,,,,,2614,86.73,2026-05-09T12:01:56Z,2026-05-13T10:00:44Z
2203,970,shipped,,1725,14.99,2,,,,,,62.99,2026-03-21T13:05:05Z,2026-05-13T10:00:44Z
2204,883,delivered,,788,14.99,2,,,,,,80.72,2026-04-21T10:01:42Z,2026-05-13T10:00:44Z
2205,1911,delivered,,840,7.99,10,,,,,,54.61,2026-03-28T18:33:02Z,2026-05-13T10:00:44Z
2206,1948,delivered,,2260,0,12,,,,,1335,21.6,2026-04-10T13:40:29Z,2026-05-13T10:00:44Z
2207,1989,cancelled,Missed pickup appointment window,1137,0,7,,,,,,86.48,2026-04-30T23:03:26Z,2026-05-13T10:00:44Z
2208,1823,pending,,2713,7.99,,,,,,,61.03,2026-03-29T14:20:18Z,2026-05-13T10:00:44Z
2209,1512,confirmed,,780,7.99,7,,,,,1173,91.77,2026-04-21T13:02:40Z,2026-05-13T10:00:44Z
2210,707,processing,,1265,0,1,,,,,,36.02,2026-03-16T07:05:45Z,2026-05-13T10:00:44Z
2211,896,shipped,,1705,7.99,11,,,,,3271,93,2026-05-11T15:25:29Z,2026-05-13T10:00:44Z
2212,1576,delivered,,1575,14.99,5,,,,,,12.52,2026-04-12T10:07:06Z,2026-05-13T10:00:44Z
2213,1956,delivered,,4450,0,3,,,,,,13.52,2026-04-03T17:13:35Z,2026-05-13T10:00:44Z
2214,390,delivered,,1370,0,12,,,,,,94.85,2026-03-26T03:57:32Z,2026-05-13T10:00:44Z
2215,884,cancelled,Weather disruption on planned lane,1315,14.99,11,,,,,,76.66,2026-03-18T16:56:37Z,2026-05-13T10:00:44Z
2216,221,pending,,2235,0,,,,,,,84.22,2026-04-18T04:50:26Z,2026-05-13T10:00:44Z
2217,326,confirmed,,267,7.99,8,,,,,,69.19,2026-04-04T05:02:25Z,2026-05-13T10:00:44Z
2218,1431,processing,,1360,14.99,10,,,,,2748,87.01,2026-03-27T14:58:24Z,2026-05-13T10:00:44Z
2219,1770,shipped,,2335,7.99,10,,,,,3872,58.1,2026-04-25T02:59:07Z,2026-05-13T10:00:44Z
2220,367,delivered,,1388,7.99,11,,,,,,15.24,2026-04-24T04:46:24Z,2026-05-13T10:00:44Z
2221,1952,delivered,,1660,7.99,2,,,,,1608,23.59,2026-04-03T22:38:38Z,2026-05-13T10:00:44Z
2222,1697,delivered,,1835,14.99,4,,,,,1951,16.42,2026-03-29T23:42:06Z,2026-05-13T10:00:44Z
2223,1235,cancelled,Permit or documentation issue,620,14.99,2,,,,,,12.12,2026-04-12T15:59:57Z,2026-05-13T10:00:44Z
2224,816,pending,,1380,0,,,,,,,41.06,2026-05-01T04:44:23Z,2026-05-13T10:00:44Z
2225,687,confirmed,,4080,7.99,8,,,,,,68.63,2026-03-31T13:38:12Z,2026-05-13T10:00:44Z
2226,312,processing,,1220,14.99,2,,,,,,51.02,2026-04-02T03:52:33Z,2026-05-13T10:00:44Z
2227,277,shipped,,2865,0,6,,,,,289,83.62,2026-04-16T08:40:08Z,2026-05-13T10:00:44Z
2228,729,delivered,,1815,14.99,7,,,,,,10.32,2026-04-24T14:50:59Z,2026-05-13T10:00:44Z
2229,1365,delivered,,3060,7.99,9,,,,,,80.53,2026-04-16T15:33:01Z,2026-05-13T10:00:44Z
2230,1480,delivered,,2732,14.99,1,,,,,,16.45,2026-04-12T20:27:30Z,2026-05-13T10:00:44Z
2231,1750,cancelled,Carrier no-show,4770,0,7,,,,,344,67.39,2026-03-17T01:10:15Z,2026-05-13T10:00:44Z
2232,322,pending,,2410,7.99,,,,,,2548,92.28,2026-04-30T10:23:41Z,2026-05-13T10:00:44Z
2233,1535,confirmed,,1360,14.99,9,,,,,,76.22,2026-04-20T15:14:13Z,2026-05-13T10:00:44Z
2234,1422,processing,,2415,0,11,,,,,,10.33,2026-03-27T15:20:13Z,2026-05-13T10:00:44Z
2235,1869,shipped,,2395,0,1,,,,,4043,62.7,2026-05-03T03:52:40Z,2026-05-13T10:00:44Z
2236,165,delivered,,747,7.99,6,,,,,,75.36,2026-03-23T13:31:11Z,2026-05-13T10:00:44Z
2237,1235,delivered,,545,14.99,8,,,,,,13.27,2026-03-26T21:12:43Z,2026-05-13T10:00:44Z
2238,1363,delivered,,2072,0,6,,,,,,67.56,2026-03-23T21:01:04Z,2026-05-13T10:00:44Z
2239,1363,cancelled,Port appointment missed,470,7.99,12,,,,,,31.7,2026-04-25T09:22:14Z,2026-05-13T10:00:44Z
2240,1545,pending,,1375,7.99,,,,,,,45.08,2026-04-16T05:35:49Z,2026-05-13T10:00:44Z
2241,1370,confirmed,,2809,0,2,,,,,,53.94,2026-04-13T18:36:29Z,2026-05-13T10:00:44Z
2242,1584,processing,,2410,0,6,,,,,,59.38,2026-04-12T16:33:54Z,2026-05-13T10:00:44Z
2243,693,shipped,,2390,7.99,11,,,,,,66.35,2026-04-15T07:34:48Z,2026-05-13T10:00:44Z
2244,288,delivered,,2910,0,3,,,,,,56.18,2026-03-19T07:48:16Z,2026-05-13T10:00:44Z
2245,1421,delivered,,470,7.99,7,,,,,,87.96,2026-04-07T17:09:33Z,2026-05-13T10:00:44Z
2246,1300,delivered,,630,7.99,8,,,,,3394,62.36,2026-04-30T03:05:49Z,2026-05-13T10:00:44Z
2247,737,cancelled,Equipment unavailable for requested service,2602,7.99,5,,,,,,58.26,2026-04-09T06:51:40Z,2026-05-13T10:00:44Z
2248,1922,pending,,3340,14.99,,,,,,,77.54,2026-03-21T05:06:48Z,2026-05-13T10:00:44Z
2249,105,confirmed,,2780,7.99,12,,,,,,63.85,2026-04-16T07:51:17Z,2026-05-13T10:00:44Z
2250,1000,processing,,615,14.99,10,,,,,1544,73.27,2026-03-28T19:47:02Z,2026-05-13T10:00:44Z
2251,996,shipped,,2900,0,2,,,,,,68.92,2026-04-18T15:13:58Z,2026-05-13T10:00:44Z
2252,640,delivered,,95,0,5,,,,,4582,33.84,2026-05-05T06:39:30Z,2026-05-13T10:00:44Z
2253,285,delivered,,2190,7.99,1,,,,,,17.04,2026-05-13T01:47:54Z,2026-05-13T10:00:44Z
2254,204,delivered,,2000,7.99,10,,,,,,63.82,2026-03-25T06:53:50Z,2026-05-13T10:00:44Z
2255,770,cancelled,Capacity unavailable at assigned terminal,2420,0,2,,,,,,60.62,2026-05-05T05:28:30Z,2026-05-13T10:00:44Z
2256,431,pending,,260,7.99,,,,,,,43.33,2026-03-30T01:15:51Z,2026-05-13T10:00:44Z
2257,1773,confirmed,,1455,7.99,7,,,,,2096,26.75,2026-05-01T20:47:06Z,2026-05-13T10:00:44Z
2258,1977,processing,,145,7.99,11,,,,,,35.2,2026-04-20T00:08:22Z,2026-05-13T10:00:44Z
2259,680,shipped,,305,14.99,8,,,,,2846,20.16,2026-03-28T12:42:26Z,2026-05-13T10:00:44Z
2260,1944,delivered,,890,7.99,2,,,,,3280,60.01,2026-04-04T01:10:35Z,2026-05-13T10:00:44Z
2261,936,delivered,,1775,7.99,10,,,,,702,48.19,2026-03-14T15:30:09Z,2026-05-13T10:00:44Z
2262,634,delivered,,2835,14.99,6,,,,,,28.33,2026-03-30T12:28:45Z,2026-05-13T10:00:44Z
2263,1646,cancelled,Shipper cancelled tender,3445,0,1,,,,,3782,81.94,2026-04-16T22:01:45Z,2026-05-13T10:00:44Z
2264,806,pending,,878,0,,,,,,,79.05,2026-03-29T03:21:00Z,2026-05-13T10:00:44Z
2265,1582,confirmed,,420,0,12,,,,,,94.02,2026-03-28T17:57:54Z,2026-05-13T10:00:44Z
2266,1454,processing,,2050,0,5,,,,,1919,62.92,2026-04-21T16:12:29Z,2026-05-13T10:00:44Z
2267,1420,shipped,,620,7.99,3,,,,,,64.16,2026-04-07T18:01:11Z,2026-05-13T10:00:44Z
2268,346,delivered,,2660,0,4,,,,,,15.75,2026-03-27T05:48:32Z,2026-05-13T10:00:44Z
2269,1365,delivered,,1885,0,8,,,,,,37.38,2026-05-05T10:29:51Z,2026-05-13T10:00:44Z
2270,811,delivered,,2160,7.99,2,,,,,,61.12,2026-03-26T20:22:07Z,2026-05-13T10:00:44Z
2271,1592,cancelled,Missed pickup appointment window,390,0,10,,,,,,58.62,2026-04-24T16:03:41Z,2026-05-13T10:00:44Z
2272,882,pending,,420,7.99,,,,,,4052,45.37,2026-04-11T02:56:41Z,2026-05-13T10:00:44Z
2273,529,confirmed,,540,7.99,5,,,,,,17.4,2026-04-05T16:30:36Z,2026-05-13T10:00:44Z
2274,1318,processing,,2040,7.99,4,,,,,,43.31,2026-04-30T23:08:45Z,2026-05-13T10:00:44Z
2275,1875,shipped,,2440,14.99,2,,,,,,66.85,2026-05-12T08:49:03Z,2026-05-13T10:00:44Z
2276,1940,delivered,,655,0,4,,,,,,36.71,2026-04-03T11:03:34Z,2026-05-13T10:00:44Z
2277,1062,delivered,,1380,14.99,3,,,,,,11.98,2026-04-27T16:10:41Z,2026-05-13T10:00:44Z
2278,1616,delivered,,1013,7.99,6,,,,,,26.67,2026-05-03T19:08:03Z,2026-05-13T10:00:44Z
2279,244,cancelled,Weather disruption on planned lane,825,14.99,6,,,,,4702,78.02,2026-04-05T01:55:02Z,2026-05-13T10:00:44Z
2280,1514,pending,,620,7.99,,,,,,,49.03,2026-05-02T16:13:10Z,2026-05-13T10:00:44Z
2281,916,confirmed,,260,7.99,10,,,,,2513,39,2026-03-16T07:33:25Z,2026-05-13T10:00:44Z
2282,1904,processing,,1700,7.99,5,,,,,,49.3,2026-05-03T16:56:02Z,2026-05-13T10:00:44Z
2283,1098,shipped,,2750,0,12,,,,,3946,75.93,2026-03-20T23:49:44Z,2026-05-13T10:00:44Z
2284,1629,delivered,,2210,7.99,2,,,,,309,80.77,2026-05-10T00:14:21Z,2026-05-13T10:00:44Z
2285,1441,delivered,,370,14.99,7,,,,,,52.33,2026-04-09T09:59:59Z,2026-05-13T10:00:44Z
2286,561,delivered,,2580,0,7,,,,,3369,61.46,2026-03-16T22:16:11Z,2026-05-13T10:00:44Z
2287,417,cancelled,Permit or documentation issue,1720,14.99,9,,,,,,20.13,2026-05-09T02:41:25Z,2026-05-13T10:00:44Z
2288,677,pending,,1735,7.99,,,,,,,78.65,2026-03-28T15:56:31Z,2026-05-13T10:00:44Z
2289,132,confirmed,,1546,7.99,7,,,,,4997,10.45,2026-03-26T20:21:01Z,2026-05-13T10:00:44Z
2290,1522,processing,,2352,0,4,,,,,,74.11,2026-04-30T23:22:32Z,2026-05-13T10:00:44Z
2291,217,shipped,,890,14.99,1,,,,,,92.5,2026-04-15T06:38:44Z,2026-05-13T10:00:44Z
2292,1236,delivered,,3745,0,11,,,,,,29.28,2026-04-15T09:49:07Z,2026-05-13T10:00:44Z
2293,128,delivered,,1080,7.99,9,,,,,,29.52,2026-03-21T19:37:48Z,2026-05-13T10:00:44Z
2294,486,delivered,,2125,0,2,,,,,,62.74,2026-05-06T16:05:15Z,2026-05-13T10:00:44Z
2295,581,cancelled,Carrier no-show,1585,0,4,,,,,,61.63,2026-04-29T07:39:04Z,2026-05-13T10:00:44Z
2296,1971,pending,,375,7.99,,,,,,,93.68,2026-05-02T20:16:46Z,2026-05-13T10:00:44Z
2297,283,confirmed,,1560,7.99,7,,,,,4276,75.08,2026-05-04T18:39:56Z,2026-05-13T10:00:44Z
2298,799,processing,,340,7.99,1,,,,,,91.91,2026-04-28T02:37:16Z,2026-05-13T10:00:44Z
2299,275,shipped,,620,14.99,1,,,,,2267,16.96,2026-04-11T03:23:37Z,2026-05-13T10:00:44Z
2300,300,delivered,,3220,0,5,,,,,3916,12.9,2026-03-27T02:28:39Z,2026-05-13T10:00:44Z
2301,1189,delivered,,310,7.99,10,,,,,,22.7,2026-05-01T14:41:29Z,2026-05-13T10:00:44Z
2302,486,delivered,,640,0,3,,,,,1907,51.95,2026-03-29T08:09:43Z,2026-05-13T10:00:44Z
2303,791,cancelled,Port appointment missed,3270,7.99,1,,,,,,94.47,2026-04-12T08:33:23Z,2026-05-13T10:00:44Z
2304,795,pending,,3440,7.99,,,,,,,84.03,2026-03-28T00:06:14Z,2026-05-13T10:00:44Z
2305,131,confirmed,,530,14.99,12,,,,,,58.89,2026-05-03T23:32:19Z,2026-05-13T10:00:44Z
2306,1168,processing,,1948,7.99,3,,,,,2748,48.75,2026-04-09T19:32:31Z,2026-05-13T10:00:44Z
2307,1140,shipped,,340,7.99,7,,,,,,65.48,2026-05-09T00:58:37Z,2026-05-13T10:00:44Z
2308,1037,delivered,,420,7.99,5,,,,,,10.86,2026-04-16T17:41:38Z,2026-05-13T10:00:44Z
2309,870,delivered,,1680,0,12,,,,,1805,39.57,2026-04-04T11:24:17Z,2026-05-13T10:00:44Z
2310,1001,delivered,,3177,0,5,,,,,,61.04,2026-05-12T16:55:37Z,2026-05-13T10:00:44Z
2311,1383,cancelled,Equipment unavailable for requested service,1920,7.99,3,,,,,,72.76,2026-05-02T09:21:21Z,2026-05-13T10:00:44Z
2312,1197,pending,,1580,0,,,,,,3221,15.59,2026-05-12T06:12:11Z,2026-05-13T10:00:44Z
2313,626,confirmed,,680,0,5,,,,,3478,55.53,2026-04-10T21:49:22Z,2026-05-13T10:00:44Z
2314,1537,processing,,3950,0,1,,,,,,63.79,2026-04-10T19:34:22Z,2026-05-13T10:00:44Z
2315,1087,shipped,,985,7.99,7,,,,,2169,35.33,2026-05-02T16:04:31Z,2026-05-13T10:00:44Z
2316,91,delivered,,1555,7.99,1,,,,,3504,89.29,2026-03-21T07:06:31Z,2026-05-13T10:00:44Z
2317,94,delivered,,4170,14.99,5,,,,,,66.8,2026-05-06T07:53:20Z,2026-05-13T10:00:44Z
2318,413,delivered,,3165,0,2,,,,,,78.72,2026-04-27T18:35:13Z,2026-05-13T10:00:44Z
2319,246,cancelled,Capacity unavailable at assigned terminal,2170,14.99,4,,,,,,57.66,2026-04-28T02:00:04Z,2026-05-13T10:00:44Z
2320,302,pending,,680,7.99,,,,,,1577,46.48,2026-04-02T08:43:52Z,2026-05-13T10:00:44Z
2321,1377,confirmed,,595,7.99,12,,,,,,59.87,2026-03-26T22:29:34Z,2026-05-13T10:00:44Z
2322,1576,processing,,3855,7.99,2,,,,,4097,56.9,2026-04-13T12:33:34Z,2026-05-13T10:00:44Z
2323,423,shipped,,315,0,9,,,,,,42.92,2026-05-08T10:02:01Z,2026-05-13T10:00:44Z
2324,1249,delivered,,2795,7.99,11,,,,,,11.53,2026-04-18T04:08:30Z,2026-05-13T10:00:44Z
2325,1006,delivered,,530,14.99,12,,,,,117,54.7,2026-04-02T18:25:15Z,2026-05-13T10:00:44Z
2326,1480,delivered,,1110,14.99,8,,,,,1511,57.03,2026-04-08T18:34:05Z,2026-05-13T10:00:44Z
2327,1659,cancelled,Shipper cancelled tender,1805,7.99,10,,,,,3807,45.2,2026-04-15T18:09:20Z,2026-05-13T10:00:44Z
2328,580,pending,,690,7.99,,,,,,4431,19.42,2026-04-26T06:43:32Z,2026-05-13T10:00:44Z
2329,1541,confirmed,,145,7.99,12,,,,,2934,27.59,2026-04-10T18:50:21Z,2026-05-13T10:00:44Z
2330,438,processing,,2310,0,2,,,,,,70.35,2026-04-06T05:29:19Z,2026-05-13T10:00:44Z
2331,1813,shipped,,3595,0,1,,,,,,91.34,2026-04-23T12:00:56Z,2026-05-13T10:00:44Z
2332,1239,delivered,,1575,0,9,,,,,,93.06,2026-04-26T10:42:09Z,2026-05-13T10:00:44Z
2333,948,delivered,,690,0,2,,,,,1452,13.77,2026-04-01T15:47:32Z,2026-05-13T10:00:44Z
2334,496,delivered,,929,0,1,,,,,,36.31,2026-05-09T16:18:58Z,2026-05-13T10:00:44Z
2335,316,cancelled,Missed pickup appointment window,685,7.99,12,,,,,,93.62,2026-05-03T06:13:32Z,2026-05-13T10:00:44Z
2336,1401,pending,,3960,14.99,,,,,,,16.86,2026-04-21T22:38:49Z,2026-05-13T10:00:44Z
2337,1009,confirmed,,155,7.99,1,,,,,,81.59,2026-05-12T19:49:28Z,2026-05-13T10:00:44Z
2338,539,processing,,855,7.99,4,,,,,,56.67,2026-04-16T15:02:37Z,2026-05-13T10:00:44Z
2339,1472,shipped,,1905,7.99,7,,,,,,45.21,2026-05-01T23:36:03Z,2026-05-13T10:00:44Z
2340,1079,delivered,,2540,14.99,8,,,,,2999,56.76,2026-03-14T19:25:16Z,2026-05-13T10:00:44Z
2341,1636,delivered,,490,7.99,12,,,,,,31.96,2026-03-31T09:18:22Z,2026-05-13T10:00:44Z
2342,1714,delivered,,1904,7.99,4,,,,,,34.66,2026-03-26T04:31:02Z,2026-05-13T10:00:44Z
2343,1591,cancelled,Weather disruption on planned lane,115,14.99,7,,,,,,85.46,2026-03-21T21:04:59Z,2026-05-13T10:00:44Z
2344,139,pending,,1495,14.99,,,,,,2592,27.71,2026-04-28T04:31:26Z,2026-05-13T10:00:44Z
2345,1884,confirmed,,1015,0,8,,,,,,82.79,2026-05-01T10:18:04Z,2026-05-13T10:00:44Z
2346,1812,processing,,709,0,1,,,,,,81.28,2026-04-02T22:16:46Z,2026-05-13T10:00:44Z
2347,1982,shipped,,524,14.99,5,,,,,,15.9,2026-05-10T10:31:21Z,2026-05-13T10:00:44Z
2348,798,delivered,,290,14.99,8,,,,,4717,56.47,2026-04-23T21:21:19Z,2026-05-13T10:00:44Z
2349,1067,delivered,,1475,7.99,9,,,,,,33.06,2026-04-06T14:59:55Z,2026-05-13T10:00:44Z
2350,464,delivered,,1425,0,10,,,,,,52.46,2026-04-04T23:32:22Z,2026-05-13T10:00:44Z
2351,348,cancelled,Permit or documentation issue,2080,0,7,,,,,2464,43.44,2026-04-29T10:46:59Z,2026-05-13T10:00:44Z
2352,536,pending,,2600,7.99,,,,,,,17.96,2026-03-14T15:57:35Z,2026-05-13T10:00:44Z
2353,323,confirmed,,345,7.99,7,,,,,,44.59,2026-03-31T06:20:00Z,2026-05-13T10:00:44Z
2354,279,processing,,2950,14.99,11,,,,,,54.51,2026-04-22T06:14:36Z,2026-05-13T10:00:44Z
2355,1947,shipped,,1455,7.99,6,,,,,,60.07,2026-03-14T10:23:24Z,2026-05-13T10:00:44Z
2356,161,delivered,,2139,7.99,4,,,,,,58.76,2026-03-25T08:42:12Z,2026-05-13T10:00:44Z
2357,113,delivered,,3060,0,12,,,,,4377,57.41,2026-04-02T04:12:07Z,2026-05-13T10:00:44Z
2358,340,delivered,,345,14.99,12,,,,,,72.88,2026-03-25T21:44:38Z,2026-05-13T10:00:44Z
2359,274,cancelled,Carrier no-show,840,7.99,4,,,,,,83.25,2026-03-15T08:17:26Z,2026-05-13T10:00:44Z
2360,1577,pending,,420,0,,,,,,1969,31.53,2026-04-05T20:51:28Z,2026-05-13T10:00:44Z
2361,22,confirmed,,1375,7.99,11,,,,,,83.47,2026-03-16T20:53:06Z,2026-05-13T10:00:44Z
2362,533,processing,,3960,0,5,,,,,,77.44,2026-03-27T12:29:48Z,2026-05-13T10:00:44Z
2363,573,shipped,,1900,0,2,,,,,,79.78,2026-03-20T00:46:46Z,2026-05-13T10:00:44Z
2364,433,delivered,,2625,7.99,7,,,,,1626,80.68,2026-04-15T18:54:20Z,2026-05-13T10:00:44Z
2365,1383,delivered,,640,7.99,2,,,,,,38.46,2026-05-05T00:31:54Z,2026-05-13T10:00:44Z
2366,1996,delivered,,660,7.99,6,,,,,,90.9,2026-03-30T07:24:51Z,2026-05-13T10:00:44Z
2367,991,cancelled,Port appointment missed,967,14.99,7,,,,,,39.71,2026-05-01T05:42:56Z,2026-05-13T10:00:44Z
2368,386,pending,,285,7.99,,,,,,,27.6,2026-04-30T23:56:16Z,2026-05-13T10:00:44Z
2369,360,confirmed,,1060,0,9,,,,,871,39.38,2026-04-01T18:43:15Z,2026-05-13T10:00:44Z
2370,1856,processing,,1460,14.99,11,,,,,2746,57.95,2026-04-13T20:50:42Z,2026-05-13T10:00:44Z
2371,1408,shipped,,769,0,2,,,,,4795,36.3,2026-04-09T05:24:19Z,2026-05-13T10:00:44Z
2372,143,delivered,,1495,7.99,1,,,,,,49.39,2026-03-21T12:40:08Z,2026-05-13T10:00:44Z
2373,556,delivered,,2400,0,4,,,,,824,59.63,2026-04-04T04:46:09Z,2026-05-13T10:00:44Z
2374,1272,delivered,,790,7.99,6,,,,,677,21.5,2026-04-26T20:19:54Z,2026-05-13T10:00:44Z
2375,1509,cancelled,Equipment unavailable for requested service,555,7.99,3,,,,,,72.27,2026-05-05T08:37:58Z,2026-05-13T10:00:44Z
2376,1,pending,,4580,14.99,,,,,,,35.93,2026-05-01T10:49:59Z,2026-05-13T10:00:44Z
2377,604,confirmed,,675,0,5,,,,,2308,46.14,2026-03-16T18:18:11Z,2026-05-13T10:00:44Z
2378,593,processing,,275,7.99,5,,,,,4351,47.43,2026-04-14T21:09:09Z,2026-05-13T10:00:44Z
2379,878,shipped,,640,7.99,3,,,,,2723,89.04,2026-04-23T19:06:52Z,2026-05-13T10:00:44Z
2380,1243,delivered,,658,0,11,,,,,,55.07,2026-04-28T12:28:05Z,2026-05-13T10:00:44Z
2381,1182,delivered,,2360,0,7,,,,,,30.59,2026-04-04T06:57:13Z,2026-05-13T10:00:44Z
2382,1427,delivered,,1140,0,7,,,,,,80.74,2026-04-25T15:58:09Z,2026-05-13T10:00:44Z
2383,1139,cancelled,Capacity unavailable at assigned terminal,940,7.99,4,,,,,,59.13,2026-04-25T21:28:04Z,2026-05-13T10:00:44Z
2384,606,pending,,705,0,,,,,,,91.02,2026-04-05T11:13:00Z,2026-05-13T10:00:44Z
2385,1958,confirmed,,1185,0,6,,,,,4394,36.88,2026-04-30T06:20:09Z,2026-05-13T10:00:44Z
2386,1307,processing,,3490,7.99,8,,,,,,76.13,2026-04-10T05:42:33Z,2026-05-13T10:00:44Z
2387,1539,shipped,,2685,14.99,5,,,,,,24.51,2026-04-24T23:57:52Z,2026-05-13T10:00:44Z
2388,1402,delivered,,1805,14.99,10,,,,,,45.82,2026-04-27T18:49:43Z,2026-05-13T10:00:44Z
2389,297,delivered,,990,7.99,1,,,,,,16.67,2026-04-02T17:44:56Z,2026-05-13T10:00:44Z
2390,1195,delivered,,3200,7.99,7,,,,,3066,85.19,2026-05-10T07:13:34Z,2026-05-13T10:00:44Z
2391,1493,cancelled,Shipper cancelled tender,1670,14.99,8,,,,,4420,72.67,2026-04-15T09:43:45Z,2026-05-13T10:00:44Z
2392,228,pending,,190,0,,,,,,,87.09,2026-04-13T13:55:33Z,2026-05-13T10:00:44Z
2393,274,confirmed,,390,7.99,11,,,,,3456,93.17,2026-03-23T23:31:27Z,2026-05-13T10:00:44Z
2394,784,processing,,1025,14.99,1,,,,,2424,70.8,2026-04-17T10:34:18Z,2026-05-13T10:00:44Z
2395,1734,shipped,,915,7.99,12,,,,,3565,24.79,2026-04-26T17:33:34Z,2026-05-13T10:00:44Z
2396,1609,delivered,,1259,7.99,8,,,,,4522,55.99,2026-04-01T13:27:05Z,2026-05-13T10:00:44Z
2397,311,delivered,,3135,14.99,10,,,,,136,12.69,2026-03-26T17:46:28Z,2026-05-13T10:00:44Z
2398,1089,delivered,,2330,7.99,4,,,,,,63.05,2026-04-06T19:20:10Z,2026-05-13T10:00:44Z
2399,402,cancelled,Missed pickup appointment window,2155,0,8,,,,,,49.28,2026-04-09T12:54:34Z,2026-05-13T10:00:44Z
2400,1909,pending,,210,7.99,,,,,,226,79.22,2026-04-09T20:46:32Z,2026-05-13T10:00:44Z
2401,867,confirmed,,4185,14.99,3,,,,,,50.74,2026-05-05T14:12:04Z,2026-05-13T10:00:44Z
2402,1143,processing,,220,7.99,7,,,,,,92.86,2026-05-12T19:05:08Z,2026-05-13T10:00:44Z
2403,950,shipped,,2165,14.99,8,,,,,,82.98,2026-05-12T05:40:32Z,2026-05-13T10:00:44Z
2404,463,delivered,,500,0,12,,,,,,54.65,2026-04-30T01:41:15Z,2026-05-13T10:00:44Z
2405,825,delivered,,4610,0,10,,,,,1931,83.43,2026-04-23T03:26:04Z,2026-05-13T10:00:44Z
2406,329,delivered,,985,0,11,,,,,,92.67,2026-04-26T13:08:10Z,2026-05-13T10:00:44Z
2407,1482,cancelled,Weather disruption on planned lane,1215,14.99,11,,,,,2968,35.64,2026-04-05T17:26:06Z,2026-05-13T10:00:44Z
2408,1974,pending,,89,0,,,,,,,49.19,2026-04-29T16:17:14Z,2026-05-13T10:00:44Z
2409,979,confirmed,,2432,14.99,1,,,,,1641,51.19,2026-04-01T09:46:01Z,2026-05-13T10:00:44Z
2410,670,processing,,914,14.99,8,,,,,,87.38,2026-04-02T02:16:56Z,2026-05-13T10:00:44Z
2411,50,shipped,,270,0,1,,,,,,60.84,2026-04-23T08:26:55Z,2026-05-13T10:00:44Z
2412,1658,delivered,,825,7.99,6,,,,,,52.03,2026-03-20T16:16:24Z,2026-05-13T10:00:44Z
2413,855,delivered,,2635,7.99,11,,,,,4350,84.54,2026-04-18T02:30:50Z,2026-05-13T10:00:44Z
2414,1250,delivered,,2430,14.99,5,,,,,,78.1,2026-04-19T14:41:06Z,2026-05-13T10:00:44Z
2415,1706,cancelled,Permit or documentation issue,1780,7.99,2,,,,,2872,38.76,2026-04-07T04:33:02Z,2026-05-13T10:00:44Z
2416,1862,pending,,1620,7.99,,,,,,,87.68,2026-05-05T12:10:06Z,2026-05-13T10:00:44Z
2417,1464,confirmed,,2020,7.99,5,,,,,,65.3,2026-03-16T09:49:27Z,2026-05-13T10:00:44Z
2418,193,processing,,3575,14.99,2,,,,,1333,62.7,2026-04-20T17:16:43Z,2026-05-13T10:00:44Z
2419,672,shipped,,2240,0,3,,,,,,31.77,2026-05-02T05:26:23Z,2026-05-13T10:00:44Z
2420,1134,delivered,,1090,7.99,12,,,,,3425,47.47,2026-04-17T09:54:45Z,2026-05-13T10:00:44Z
2421,77,delivered,,2740,7.99,9,,,,,2989,74.64,2026-04-30T16:09:32Z,2026-05-13T10:00:44Z
2422,1743,delivered,,523,7.99,3,,,,,,33.67,2026-04-11T13:58:06Z,2026-05-13T10:00:44Z
2423,351,cancelled,Carrier no-show,750,7.99,1,,,,,3583,86.05,2026-03-31T19:14:54Z,2026-05-13T10:00:44Z
2424,832,pending,,375,7.99,,,,,,,25.82,2026-03-26T15:43:38Z,2026-05-13T10:00:44Z
2425,455,confirmed,,2850,7.99,4,,,,,,85.08,2026-03-21T04:36:21Z,2026-05-13T10:00:44Z
2426,1532,processing,,2600,7.99,5,,,,,1396,61.97,2026-04-06T13:31:28Z,2026-05-13T10:00:44Z
2427,631,shipped,,470,7.99,3,,,,,,93.71,2026-04-25T18:19:58Z,2026-05-13T10:00:44Z
2428,1145,delivered,,1468,14.99,3,,,,,,60.83,2026-04-15T01:40:56Z,2026-05-13T10:00:44Z
2429,1169,delivered,,1535,14.99,4,,,,,,24.93,2026-04-11T16:21:25Z,2026-05-13T10:00:44Z
2430,1115,delivered,,1560,0,2,,,,,1862,80.23,2026-04-11T02:25:18Z,2026-05-13T10:00:44Z
2431,143,cancelled,Port appointment missed,2174,7.99,7,,,,,,40.56,2026-03-22T05:25:43Z,2026-05-13T10:00:44Z
2432,798,pending,,1000,7.99,,,,,,,87.89,2026-03-18T05:41:50Z,2026-05-13T10:00:44Z
2433,294,confirmed,,2850,7.99,12,,,,,2093,19.93,2026-04-30T18:28:03Z,2026-05-13T10:00:44Z
2434,1768,processing,,1070,0,5,,,,,,86.23,2026-05-07T04:46:13Z,2026-05-13T10:00:44Z
2435,908,shipped,,620,14.99,7,,,,,,81.95,2026-04-20T19:15:21Z,2026-05-13T10:00:44Z
2436,1333,delivered,,1865,7.99,1,,,,,,26.6,2026-05-10T19:22:15Z,2026-05-13T10:00:44Z
2437,1049,delivered,,1065,7.99,3,,,,,,67.67,2026-05-12T11:26:28Z,2026-05-13T10:00:44Z
2438,146,delivered,,580,7.99,12,,,,,,41.54,2026-05-04T14:20:05Z,2026-05-13T10:00:44Z
2439,806,cancelled,Equipment unavailable for requested service,190,7.99,7,,,,,,67.98,2026-05-12T20:13:58Z,2026-05-13T10:00:44Z
2440,1827,pending,,1920,14.99,,,,,,,16.95,2026-04-13T04:08:53Z,2026-05-13T10:00:44Z
2441,66,confirmed,,135,7.99,6,,,,,,33.51,2026-04-26T06:39:32Z,2026-05-13T10:00:44Z
2442,778,processing,,710,0,5,,,,,,85.49,2026-04-25T09:15:47Z,2026-05-13T10:00:44Z
2443,1281,shipped,,555,0,10,,,,,,21.39,2026-04-16T05:52:10Z,2026-05-13T10:00:44Z
2444,479,delivered,,89,7.99,11,,,,,271,54.64,2026-04-01T03:38:42Z,2026-05-13T10:00:44Z
2445,1603,delivered,,955,14.99,11,,,,,,22.28,2026-05-12T12:57:12Z,2026-05-13T10:00:44Z
2446,1092,delivered,,750,14.99,7,,,,,1132,81.22,2026-04-26T17:14:55Z,2026-05-13T10:00:44Z
2447,1282,cancelled,Capacity unavailable at assigned terminal,2130,14.99,6,,,,,,77.77,2026-05-13T04:09:24Z,2026-05-13T10:00:44Z
2448,1067,pending,,987,0,,,,,,,28.24,2026-04-22T08:34:48Z,2026-05-13T10:00:44Z
2449,562,confirmed,,1422,0,2,,,,,,39.16,2026-04-17T06:29:57Z,2026-05-13T10:00:44Z
2450,1872,processing,,3090,7.99,3,,,,,,24.15,2026-04-15T20:34:30Z,2026-05-13T10:00:44Z
2451,1614,shipped,,3360,7.99,6,,,,,,86.14,2026-04-13T12:42:59Z,2026-05-13T10:00:44Z
2452,193,delivered,,720,7.99,2,,,,,665,11.55,2026-05-02T22:11:54Z,2026-05-13T10:00:44Z
2453,167,delivered,,840,0,4,,,,,,63.9,2026-04-03T19:31:05Z,2026-05-13T10:00:44Z
2454,776,delivered,,2925,0,12,,,,,,53.72,2026-03-17T12:21:52Z,2026-05-13T10:00:44Z
2455,186,cancelled,Shipper cancelled tender,3835,14.99,10,,,,,1843,32.63,2026-04-15T07:40:24Z,2026-05-13T10:00:44Z
2456,1329,pending,,1840,7.99,,,,,,347,86.36,2026-03-25T10:15:08Z,2026-05-13T10:00:44Z
2457,1429,confirmed,,1225,0,9,,,,,4531,82.77,2026-04-08T15:20:45Z,2026-05-13T10:00:44Z
2458,1183,processing,,685,0,12,,,,,,69.6,2026-05-08T16:14:05Z,2026-05-13T10:00:44Z
2459,397,shipped,,870,14.99,6,,,,,1621,18.28,2026-04-14T04:55:52Z,2026-05-13T10:00:44Z
2460,1272,delivered,,2040,0,1,,,,,,43.89,2026-04-02T16:44:55Z,2026-05-13T10:00:44Z
2461,908,delivered,,1315,14.99,10,,,,,2925,94.32,2026-04-06T05:19:42Z,2026-05-13T10:00:44Z
2462,118,delivered,,2700,7.99,3,,,,,,92.01,2026-04-06T16:35:35Z,2026-05-13T10:00:44Z
2463,1771,cancelled,Missed pickup appointment window,1590,0,9,,,,,2766,59.82,2026-04-16T14:02:41Z,2026-05-13T10:00:44Z
2464,95,pending,,3240,7.99,,,,,,,26.74,2026-05-07T17:50:58Z,2026-05-13T10:00:44Z
2465,1446,confirmed,,1210,14.99,9,,,,,,40.08,2026-03-24T18:16:34Z,2026-05-13T10:00:44Z
2466,826,processing,,3150,14.99,2,,,,,,35.82,2026-04-11T10:53:43Z,2026-05-13T10:00:44Z
2467,212,shipped,,1260,7.99,11,,,,,,15.2,2026-04-10T01:53:16Z,2026-05-13T10:00:44Z
2468,1460,delivered,,2258,7.99,5,,,,,,26.91,2026-04-30T10:44:40Z,2026-05-13T10:00:44Z
2469,531,delivered,,1135,0,1,,,,,3611,60.63,2026-04-04T04:00:32Z,2026-05-13T10:00:44Z
2470,1449,delivered,,2690,14.99,6,,,,,,65.62,2026-04-26T21:30:10Z,2026-05-13T10:00:44Z
2471,1643,cancelled,Weather disruption on planned lane,1100,7.99,4,,,,,2653,88.67,2026-04-01T02:30:37Z,2026-05-13T10:00:44Z
2472,273,pending,,1105,14.99,,,,,,,88.87,2026-04-17T09:23:57Z,2026-05-13T10:00:44Z
2473,975,confirmed,,4390,7.99,9,,,,,,34.42,2026-03-16T03:45:35Z,2026-05-13T10:00:44Z
2474,1000,processing,,1020,7.99,12,,,,,,32.69,2026-04-12T23:25:19Z,2026-05-13T10:00:44Z
2475,1276,shipped,,1970,7.99,7,,,,,,57.7,2026-05-05T09:48:29Z,2026-05-13T10:00:44Z
2476,1548,delivered,,190,14.99,11,,,,,658,74.11,2026-04-15T23:07:08Z,2026-05-13T10:00:44Z
2477,1102,delivered,,1413,7.99,10,,,,,,62.43,2026-03-31T21:45:49Z,2026-05-13T10:00:44Z
2478,514,delivered,,2940,7.99,11,,,,,,89.76,2026-04-27T08:48:48Z,2026-05-13T10:00:44Z
2479,451,cancelled,Permit or documentation issue,680,7.99,8,,,,,,51.08,2026-03-24T02:51:46Z,2026-05-13T10:00:44Z
2480,1064,pending,,3230,14.99,,,,,,,51.58,2026-05-01T15:47:22Z,2026-05-13T10:00:44Z
2481,342,confirmed,,663,7.99,11,,,,,,41.17,2026-04-19T00:04:06Z,2026-05-13T10:00:44Z
2482,975,processing,,3020,14.99,1,,,,,3009,26.35,2026-04-04T10:35:11Z,2026-05-13T10:00:44Z
2483,930,shipped,,885,0,6,,,,,1752,82.99,2026-05-12T08:06:56Z,2026-05-13T10:00:44Z
2484,56,delivered,,1170,14.99,6,,,,,3601,63.25,2026-03-21T03:09:08Z,2026-05-13T10:00:44Z
2485,1452,delivered,,2325,7.99,7,,,,,,57.32,2026-03-16T12:43:30Z,2026-05-13T10:00:44Z
2486,81,delivered,,2675,14.99,7,,,,,,16.91,2026-03-25T17:44:14Z,2026-05-13T10:00:44Z
2487,623,cancelled,Carrier no-show,180,7.99,8,,,,,,25.48,2026-04-15T18:24:38Z,2026-05-13T10:00:44Z
2488,1997,pending,,145,7.99,,,,,,,63.86,2026-04-19T13:21:10Z,2026-05-13T10:00:44Z
2489,1509,confirmed,,1120,7.99,8,,,,,,51.68,2026-05-03T10:43:44Z,2026-05-13T10:00:44Z
2490,1799,processing,,2155,7.99,9,,,,,,73,2026-04-03T22:15:23Z,2026-05-13T10:00:44Z
2491,228,shipped,,3030,7.99,4,,,,,,74.47,2026-04-03T10:19:06Z,2026-05-13T10:00:44Z
2492,112,delivered,,219,14.99,12,,,,,,49.7,2026-04-08T18:33:06Z,2026-05-13T10:00:44Z
2493,1663,delivered,,1460,7.99,8,,,,,,68.59,2026-04-27T04:17:24Z,2026-05-13T10:00:44Z
2494,1285,delivered,,2170,7.99,10,,,,,,86.54,2026-05-05T20:55:36Z,2026-05-13T10:00:44Z
2495,1155,cancelled,Port appointment missed,1240,14.99,4,,,,,1137,71.75,2026-04-26T01:14:20Z,2026-05-13T10:00:44Z
2496,763,pending,,1605,14.99,,,,,,,25.44,2026-05-01T01:47:59Z,2026-05-13T10:00:44Z
2497,970,confirmed,,2415,7.99,11,,,,,527,14.53,2026-03-25T16:24:54Z,2026-05-13T10:00:44Z
2498,65,processing,,2070,14.99,5,,,,,1408,80.35,2026-04-21T09:00:13Z,2026-05-13T10:00:44Z
2499,683,shipped,,830,0,2,,,,,,18.13,2026-04-01T07:47:10Z,2026-05-13T10:00:44Z
2500,921,delivered,,965,0,4,,,,,462,31.9,2026-04-01T09:46:13Z,2026-05-13T10:00:44Z
2501,1397,delivered,,2670,7.99,12,,,,,742,65.45,2026-04-16T10:02:50Z,2026-05-13T10:00:44Z
2502,972,delivered,,640,0,7,,,,,,86.06,2026-03-21T08:25:19Z,2026-05-13T10:00:44Z
2503,1525,cancelled,Equipment unavailable for requested service,2020,14.99,2,,,,,,77.99,2026-04-24T14:46:14Z,2026-05-13T10:00:44Z
2504,630,pending,,2480,14.99,,,,,,,38.05,2026-05-01T11:47:14Z,2026-05-13T10:00:44Z
2505,1493,confirmed,,1500,14.99,11,,,,,,34.21,2026-04-22T05:49:17Z,2026-05-13T10:00:44Z
2506,620,processing,,2610,7.99,3,,,,,,67.57,2026-05-02T17:01:05Z,2026-05-13T10:00:44Z
2507,1675,shipped,,798,0,1,,,,,,83.27,2026-05-08T01:15:27Z,2026-05-13T10:00:44Z
2508,1280,delivered,,3115,7.99,3,,,,,3604,10.18,2026-03-23T10:20:18Z,2026-05-13T10:00:44Z
2509,1204,delivered,,2715,7.99,5,,,,,,16.73,2026-04-20T06:54:23Z,2026-05-13T10:00:44Z
2510,1813,delivered,,290,0,7,,,,,,56.48,2026-04-06T13:05:45Z,2026-05-13T10:00:44Z
2511,1697,cancelled,Capacity unavailable at assigned terminal,1480,14.99,6,,,,,,20.79,2026-04-20T06:28:28Z,2026-05-13T10:00:44Z
2512,298,pending,,2155,0,,,,,,,78.32,2026-03-24T12:09:09Z,2026-05-13T10:00:44Z
2513,333,confirmed,,1585,14.99,12,,,,,,80.81,2026-04-22T23:14:23Z,2026-05-13T10:00:44Z
2514,1486,processing,,400,0,8,,,,,,63.77,2026-04-04T12:24:37Z,2026-05-13T10:00:44Z
2515,1353,shipped,,2255,14.99,3,,,,,,31.65,2026-03-28T11:31:39Z,2026-05-13T10:00:44Z
2516,639,delivered,,2160,14.99,2,,,,,,62.39,2026-03-21T15:30:19Z,2026-05-13T10:00:44Z
2517,86,delivered,,185,14.99,9,,,,,4236,89.56,2026-04-29T01:48:35Z,2026-05-13T10:00:44Z
2518,741,delivered,,615,0,12,,,,,,47.68,2026-04-25T00:46:15Z,2026-05-13T10:00:44Z
2519,52,cancelled,Shipper cancelled tender,535,7.99,11,,,,,,67.74,2026-04-25T09:31:45Z,2026-05-13T10:00:44Z
2520,1973,pending,,1295,0,,,,,,,46.36,2026-04-24T17:39:39Z,2026-05-13T10:00:44Z
2521,1496,confirmed,,2710,0,7,,,,,,69.92,2026-04-19T13:42:41Z,2026-05-13T10:00:44Z
2522,111,processing,,3120,7.99,6,,,,,,72.41,2026-04-26T03:06:06Z,2026-05-13T10:00:44Z
2523,48,shipped,,3880,7.99,8,,,,,31,71.63,2026-03-26T16:12:24Z,2026-05-13T10:00:44Z
2524,327,delivered,,1570,7.99,3,,,,,,50.72,2026-04-18T21:47:18Z,2026-05-13T10:00:44Z
2525,1687,delivered,,1765,7.99,9,,,,,,53.9,2026-04-23T14:11:14Z,2026-05-13T10:00:44Z
2526,1792,delivered,,640,14.99,1,,,,,2605,64.17,2026-03-24T15:45:04Z,2026-05-13T10:00:44Z
2527,766,cancelled,Missed pickup appointment window,1440,0,6,,,,,1464,68.69,2026-04-30T07:18:46Z,2026-05-13T10:00:44Z
2528,1747,pending,,2815,7.99,,,,,,,15.91,2026-05-04T03:27:57Z,2026-05-13T10:00:44Z
2529,877,confirmed,,2330,7.99,6,,,,,,52.47,2026-04-02T10:03:14Z,2026-05-13T10:00:44Z
2530,823,processing,,1880,0,6,,,,,,20.63,2026-03-19T05:11:14Z,2026-05-13T10:00:44Z
2531,1781,shipped,,535,14.99,1,,,,,,12.72,2026-03-19T12:49:17Z,2026-05-13T10:00:44Z
2532,1098,delivered,,2385,14.99,10,,,,,4881,73.37,2026-04-18T11:02:00Z,2026-05-13T10:00:44Z
2533,1101,delivered,,210,7.99,7,,,,,,53.59,2026-04-10T04:27:17Z,2026-05-13T10:00:44Z
2534,357,delivered,,4610,7.99,1,,,,,,59.3,2026-04-28T09:12:47Z,2026-05-13T10:00:44Z
2535,978,cancelled,Weather disruption on planned lane,1800,14.99,5,,,,,,75.82,2026-04-13T07:54:59Z,2026-05-13T10:00:44Z
2536,21,pending,,3857,0,,,,,,,40.3,2026-03-30T04:05:42Z,2026-05-13T10:00:44Z
2537,1943,confirmed,,1460,7.99,7,,,,,,31.99,2026-03-25T18:20:10Z,2026-05-13T10:00:44Z
2538,438,processing,,2865,7.99,4,,,,,,36.11,2026-03-16T09:36:07Z,2026-05-13T10:00:44Z
2539,152,shipped,,1700,0,9,,,,,3243,60.27,2026-04-14T16:51:47Z,2026-05-13T10:00:44Z
2540,909,delivered,,115,14.99,7,,,,,3815,43.07,2026-04-14T15:52:19Z,2026-05-13T10:00:44Z
2541,343,delivered,,4575,7.99,7,,,,,,13.01,2026-03-17T16:59:00Z,2026-05-13T10:00:44Z
2542,1241,delivered,,230,7.99,5,,,,,,91.31,2026-05-05T01:45:22Z,2026-05-13T10:00:44Z
2543,645,cancelled,Permit or documentation issue,4140,0,2,,,,,,13.28,2026-04-15T18:53:57Z,2026-05-13T10:00:44Z
2544,1265,pending,,115,7.99,,,,,,,65.85,2026-03-17T15:41:24Z,2026-05-13T10:00:44Z
2545,138,confirmed,,2790,7.99,5,,,,,,77.27,2026-03-30T17:32:02Z,2026-05-13T10:00:44Z
2546,313,processing,,1450,7.99,3,,,,,,28.29,2026-04-02T17:50:42Z,2026-05-13T10:00:44Z
2547,314,shipped,,880,14.99,5,,,,,4237,40.87,2026-03-22T09:12:45Z,2026-05-13T10:00:44Z
2548,1040,delivered,,1745,7.99,10,,,,,,28.64,2026-04-15T21:20:51Z,2026-05-13T10:00:44Z
2549,612,delivered,,915,7.99,5,,,,,,23.35,2026-03-22T21:26:24Z,2026-05-13T10:00:44Z
2550,1360,delivered,,340,7.99,10,,,,,,62.31,2026-03-23T16:37:45Z,2026-05-13T10:00:44Z
2551,623,cancelled,Carrier no-show,140,7.99,8,,,,,,66.92,2026-03-31T07:01:23Z,2026-05-13T10:00:44Z
2552,757,pending,,3050,0,,,,,,1713,57.88,2026-03-16T21:01:14Z,2026-05-13T10:00:44Z
2553,1710,confirmed,,1340,14.99,2,,,,,2358,53.61,2026-04-22T19:51:19Z,2026-05-13T10:00:44Z
2554,96,processing,,1020,0,2,,,,,,84.44,2026-04-24T10:45:51Z,2026-05-13T10:00:44Z
2555,1619,shipped,,1240,0,6,,,,,,62.26,2026-03-21T22:25:57Z,2026-05-13T10:00:44Z
2556,277,delivered,,2275,7.99,4,,,,,,33.18,2026-05-13T00:31:52Z,2026-05-13T10:00:44Z
2557,173,delivered,,140,0,3,,,,,,46.74,2026-05-06T10:12:44Z,2026-05-13T10:00:44Z
2558,1968,delivered,,1220,7.99,5,,,,,,87.84,2026-04-17T10:24:53Z,2026-05-13T10:00:44Z
2559,1661,cancelled,Port appointment missed,1560,14.99,5,,,,,4229,74.25,2026-04-20T08:40:33Z,2026-05-13T10:00:44Z
2560,1393,pending,,190,14.99,,,,,,3040,69.29,2026-05-05T01:38:44Z,2026-05-13T10:00:44Z
2561,755,confirmed,,1825,7.99,11,,,,,2599,86.71,2026-03-28T12:03:43Z,2026-05-13T10:00:44Z
2562,1096,processing,,1280,7.99,10,,,,,,34.22,2026-04-23T14:44:27Z,2026-05-13T10:00:44Z
2563,849,shipped,,835,0,1,,,,,2709,20.79,2026-04-29T11:26:01Z,2026-05-13T10:00:44Z
2564,1927,delivered,,1085,7.99,11,,,,,2281,31.15,2026-04-18T07:53:41Z,2026-05-13T10:00:44Z
2565,1575,delivered,,905,0,4,,,,,,20.2,2026-05-08T05:36:55Z,2026-05-13T10:00:44Z
2566,1558,delivered,,1140,0,8,,,,,294,23.08,2026-03-21T22:42:38Z,2026-05-13T10:00:44Z
2567,1261,cancelled,Equipment unavailable for requested service,3920,7.99,12,,,,,,14,2026-05-07T01:55:00Z,2026-05-13T10:00:44Z
2568,1820,pending,,1670,7.99,,,,,,2738,91.4,2026-05-12T11:00:09Z,2026-05-13T10:00:44Z
2569,119,confirmed,,560,0,7,,,,,,41.52,2026-04-14T07:32:59Z,2026-05-13T10:00:44Z
2570,473,processing,,2745,0,11,,,,,4451,18.81,2026-04-02T10:47:43Z,2026-05-13T10:00:44Z
2571,1176,shipped,,2605,7.99,9,,,,,,19.03,2026-04-13T18:48:08Z,2026-05-13T10:00:44Z
2572,249,delivered,,1695,7.99,8,,,,,3606,58.9,2026-04-29T13:15:52Z,2026-05-13T10:00:44Z
2573,977,delivered,,640,0,3,,,,,,22.19,2026-03-14T10:28:26Z,2026-05-13T10:00:44Z
2574,513,delivered,,4782,14.99,12,,,,,,36.66,2026-04-29T17:17:14Z,2026-05-13T10:00:44Z
2575,578,cancelled,Capacity unavailable at assigned terminal,2220,7.99,9,,,,,,34.75,2026-04-11T22:29:02Z,2026-05-13T10:00:44Z
2576,1926,pending,,715,0,,,,,,,82.19,2026-03-28T04:46:15Z,2026-05-13T10:00:44Z
2577,917,confirmed,,1330,7.99,6,,,,,3877,46.37,2026-03-25T15:36:08Z,2026-05-13T10:00:44Z
2578,374,processing,,1115,7.99,7,,,,,1105,73.97,2026-03-31T00:14:14Z,2026-05-13T10:00:44Z
2579,644,shipped,,1090,14.99,9,,,,,,41.88,2026-03-21T17:32:55Z,2026-05-13T10:00:44Z
2580,659,delivered,,680,0,11,,,,,,68.48,2026-04-05T21:52:03Z,2026-05-13T10:00:44Z
2581,58,delivered,,4045,7.99,10,,,,,3580,54.7,2026-05-05T02:32:20Z,2026-05-13T10:00:44Z
2582,982,delivered,,680,7.99,12,,,,,,68.5,2026-03-19T15:54:17Z,2026-05-13T10:00:44Z
2583,151,cancelled,Shipper cancelled tender,450,7.99,7,,,,,,79.44,2026-04-21T07:58:21Z,2026-05-13T10:00:44Z
2584,187,pending,,2125,0,,,,,,,53.31,2026-05-06T11:22:16Z,2026-05-13T10:00:44Z
2585,1851,confirmed,,269,0,4,,,,,4633,23.27,2026-04-08T13:04:11Z,2026-05-13T10:00:44Z
2586,634,processing,,390,14.99,4,,,,,,11.36,2026-03-24T05:23:14Z,2026-05-13T10:00:44Z
2587,1399,shipped,,720,7.99,3,,,,,,70.62,2026-05-02T04:17:45Z,2026-05-13T10:00:44Z
2588,590,delivered,,2895,0,2,,,,,,44.48,2026-03-14T17:09:00Z,2026-05-13T10:00:44Z
2589,404,delivered,,2435,0,7,,,,,2841,49.58,2026-05-10T19:55:38Z,2026-05-13T10:00:44Z
2590,962,delivered,,1243,7.99,9,,,,,,36.42,2026-04-28T07:07:27Z,2026-05-13T10:00:44Z
2591,1466,cancelled,Missed pickup appointment window,1950,7.99,1,,,,,,55.09,2026-04-22T11:00:51Z,2026-05-13T10:00:44Z
2592,521,pending,,4040,14.99,,,,,,,75.45,2026-03-23T09:03:53Z,2026-05-13T10:00:44Z
2593,1788,confirmed,,2370,7.99,8,,,,,3640,39.05,2026-04-05T11:10:08Z,2026-05-13T10:00:44Z
2594,1651,processing,,1095,0,4,,,,,,88.24,2026-05-11T10:48:04Z,2026-05-13T10:00:44Z
2595,81,shipped,,585,7.99,3,,,,,,83.15,2026-04-06T09:10:58Z,2026-05-13T10:00:44Z
2596,906,delivered,,1750,14.99,3,,,,,2865,88.25,2026-04-07T22:12:13Z,2026-05-13T10:00:44Z
2597,1814,delivered,,3210,0,8,,,,,794,68.85,2026-04-05T13:28:23Z,2026-05-13T10:00:44Z
2598,876,delivered,,390,0,8,,,,,,29.25,2026-03-30T05:29:23Z,2026-05-13T10:00:44Z
2599,1535,cancelled,Weather disruption on planned lane,980,0,11,,,,,,65.47,2026-05-04T17:19:37Z,2026-05-13T10:00:44Z
2600,17,pending,,285,7.99,,,,,,,13.1,2026-05-05T05:02:37Z,2026-05-13T10:00:44Z
2601,1323,confirmed,,945,0,4,,,,,,47.38,2026-04-12T12:13:51Z,2026-05-13T10:00:44Z
2602,1628,processing,,2225,0,1,,,,,,11.28,2026-04-14T05:59:51Z,2026-05-13T10:00:44Z
2603,468,shipped,,1107,14.99,12,,,,,,74.62,2026-05-10T13:45:57Z,2026-05-13T10:00:44Z
2604,1336,delivered,,1560,7.99,3,,,,,,22.68,2026-04-12T11:15:19Z,2026-05-13T10:00:44Z
2605,1658,delivered,,2240,14.99,3,,,,,,31.41,2026-04-11T07:23:06Z,2026-05-13T10:00:44Z
2606,1431,delivered,,390,14.99,3,,,,,,52.35,2026-04-18T09:10:58Z,2026-05-13T10:00:44Z
2607,38,cancelled,Permit or documentation issue,2950,0,5,,,,,,77.69,2026-04-11T10:43:23Z,2026-05-13T10:00:44Z
2608,71,pending,,1800,7.99,,,,,,,20.28,2026-04-12T05:08:56Z,2026-05-13T10:00:44Z
2609,1394,confirmed,,3135,14.99,2,,,,,,39.16,2026-04-18T19:44:11Z,2026-05-13T10:00:44Z
2610,1890,processing,,1615,0,12,,,,,,77.32,2026-04-01T00:33:52Z,2026-05-13T10:00:44Z
2611,372,shipped,,3860,7.99,4,,,,,,75.57,2026-04-23T03:00:48Z,2026-05-13T10:00:44Z
2612,848,delivered,,800,7.99,6,,,,,,34.26,2026-05-11T12:26:00Z,2026-05-13T10:00:44Z
2613,106,delivered,,2137,7.99,6,,,,,,50.77,2026-04-07T17:47:17Z,2026-05-13T10:00:44Z
2614,727,delivered,,1270,0,11,,,,,,23.76,2026-03-22T07:52:13Z,2026-05-13T10:00:44Z
2615,203,cancelled,Carrier no-show,1560,14.99,12,,,,,,56.08,2026-03-29T04:03:04Z,2026-05-13T10:00:44Z
2616,1690,pending,,545,0,,,,,,4202,42.09,2026-03-20T22:34:37Z,2026-05-13T10:00:44Z
2617,1400,confirmed,,1340,7.99,9,,,,,1115,77.4,2026-04-19T19:02:34Z,2026-05-13T10:00:44Z
2618,1070,processing,,345,7.99,12,,,,,,82.52,2026-04-15T02:55:59Z,2026-05-13T10:00:44Z
2619,558,shipped,,1310,14.99,3,,,,,3442,34.26,2026-04-28T21:03:00Z,2026-05-13T10:00:44Z
2620,1065,delivered,,3135,7.99,1,,,,,,36.51,2026-05-04T21:53:33Z,2026-05-13T10:00:44Z
2621,659,delivered,,1230,7.99,1,,,,,,36.56,2026-04-26T22:13:18Z,2026-05-13T10:00:44Z
2622,1348,delivered,,1330,0,1,,,,,,52.23,2026-03-24T00:30:29Z,2026-05-13T10:00:44Z
2623,378,cancelled,Port appointment missed,1570,14.99,7,,,,,257,77.8,2026-03-14T23:56:24Z,2026-05-13T10:00:44Z
2624,1490,pending,,585,7.99,,,,,,2894,54.2,2026-03-28T13:18:11Z,2026-05-13T10:00:44Z
2625,951,confirmed,,1519,14.99,4,,,,,,14.62,2026-04-05T05:57:34Z,2026-05-13T10:00:44Z
2626,761,processing,,1890,7.99,9,,,,,,40.04,2026-04-05T19:54:38Z,2026-05-13T10:00:44Z
2627,577,shipped,,340,7.99,12,,,,,,85.45,2026-03-22T18:12:04Z,2026-05-13T10:00:44Z
2628,1642,delivered,,2175,0,12,,,,,,22.6,2026-03-17T18:45:44Z,2026-05-13T10:00:44Z
2629,1949,delivered,,2245,7.99,8,,,,,4048,44.91,2026-04-18T08:15:53Z,2026-05-13T10:00:44Z
2630,605,delivered,,4380,14.99,10,,,,,,79.19,2026-04-06T08:15:58Z,2026-05-13T10:00:44Z
2631,478,cancelled,Equipment unavailable for requested service,2725,0,1,,,,,2362,56.98,2026-05-12T21:22:33Z,2026-05-13T10:00:44Z
2632,940,pending,,1795,14.99,,,,,,,19.42,2026-04-04T02:29:15Z,2026-05-13T10:00:44Z
2633,60,confirmed,,1975,14.99,5,,,,,,13.94,2026-04-06T04:11:13Z,2026-05-13T10:00:44Z
2634,650,processing,,1900,14.99,1,,,,,,44.85,2026-03-28T13:20:27Z,2026-05-13T10:00:44Z
2635,989,shipped,,1350,7.99,1,,,,,2249,60.92,2026-05-10T04:06:56Z,2026-05-13T10:00:44Z
2636,615,delivered,,160,7.99,6,,,,,2794,77.79,2026-04-18T01:22:34Z,2026-05-13T10:00:44Z
2637,638,delivered,,250,7.99,8,,,,,,69.46,2026-05-04T08:06:05Z,2026-05-13T10:00:44Z
2638,1497,delivered,,345,14.99,5,,,,,,46.5,2026-03-28T16:57:09Z,2026-05-13T10:00:44Z
2639,1242,cancelled,Capacity unavailable at assigned terminal,995,7.99,4,,,,,,84.98,2026-04-08T12:32:03Z,2026-05-13T10:00:44Z
2640,1899,pending,,840,7.99,,,,,,,52.8,2026-04-27T02:50:57Z,2026-05-13T10:00:44Z
2641,23,confirmed,,1160,14.99,2,,,,,,61.26,2026-05-09T13:46:54Z,2026-05-13T10:00:44Z
2642,1218,processing,,1270,7.99,5,,,,,,39.73,2026-03-15T09:11:22Z,2026-05-13T10:00:44Z
2643,353,shipped,,3350,7.99,11,,,,,,69.87,2026-05-02T08:06:51Z,2026-05-13T10:00:44Z
2644,382,delivered,,3685,7.99,5,,,,,,53.37,2026-04-13T04:49:50Z,2026-05-13T10:00:44Z
2645,1207,delivered,,2775,7.99,1,,,,,,10.24,2026-04-12T09:42:31Z,2026-05-13T10:00:44Z
2646,869,delivered,,140,7.99,8,,,,,,63.39,2026-05-11T04:24:58Z,2026-05-13T10:00:44Z
2647,827,cancelled,Shipper cancelled tender,2355,7.99,6,,,,,,28,2026-04-17T11:52:01Z,2026-05-13T10:00:44Z
2648,276,pending,,1274,14.99,,,,,,,41.48,2026-05-08T12:47:58Z,2026-05-13T10:00:44Z
2649,70,confirmed,,2465,7.99,12,,,,,,72.72,2026-05-07T08:07:40Z,2026-05-13T10:00:44Z
2650,1818,processing,,660,7.99,5,,,,,1673,55.98,2026-05-07T05:11:57Z,2026-05-13T10:00:44Z
2651,1579,shipped,,2415,7.99,12,,,,,,38.85,2026-04-19T04:41:09Z,2026-05-13T10:00:44Z
2652,91,delivered,,1935,7.99,3,,,,,,25.6,2026-04-06T13:00:42Z,2026-05-13T10:00:44Z
2653,1137,delivered,,2400,7.99,4,,,,,4535,83.09,2026-05-08T16:19:27Z,2026-05-13T10:00:44Z
2654,1146,delivered,,1105,7.99,8,,,,,,43.48,2026-03-26T23:02:24Z,2026-05-13T10:00:44Z
2655,210,cancelled,Missed pickup appointment window,390,7.99,11,,,,,,81.15,2026-04-14T05:25:13Z,2026-05-13T10:00:44Z
2656,1989,pending,,1955,7.99,,,,,,3293,89.75,2026-03-26T18:21:33Z,2026-05-13T10:00:44Z
2657,67,confirmed,,1825,14.99,6,,,,,,52.75,2026-03-21T22:49:28Z,2026-05-13T10:00:44Z
2658,973,processing,,1435,14.99,4,,,,,,64.12,2026-03-26T21:06:30Z,2026-05-13T10:00:44Z
2659,1037,shipped,,275,7.99,8,,,,,,58.56,2026-04-26T16:29:45Z,2026-05-13T10:00:44Z
2660,1499,delivered,,860,7.99,6,,,,,201,54.48,2026-04-17T19:03:49Z,2026-05-13T10:00:44Z
2661,131,delivered,,3395,14.99,7,,,,,4014,18.94,2026-04-11T00:33:55Z,2026-05-13T10:00:44Z
2662,1665,delivered,,340,7.99,5,,,,,,94.9,2026-03-19T23:51:43Z,2026-05-13T10:00:44Z
2663,768,cancelled,Weather disruption on planned lane,2520,7.99,1,,,,,,76.72,2026-03-31T15:25:03Z,2026-05-13T10:00:44Z
2664,1314,pending,,1845,14.99,,,,,,,88.83,2026-05-09T13:44:45Z,2026-05-13T10:00:44Z
2665,720,confirmed,,965,7.99,12,,,,,3250,55.76,2026-04-22T05:29:08Z,2026-05-13T10:00:44Z
2666,961,processing,,1820,7.99,12,,,,,2561,48.06,2026-04-20T19:18:22Z,2026-05-13T10:00:44Z
2667,1427,shipped,,1470,0,6,,,,,330,27.62,2026-05-06T13:28:15Z,2026-05-13T10:00:44Z
2668,884,delivered,,2065,14.99,11,,,,,,78.07,2026-03-18T23:35:48Z,2026-05-13T10:00:44Z
2669,1652,delivered,,3455,14.99,12,,,,,3472,35.18,2026-04-14T03:48:04Z,2026-05-13T10:00:44Z
2670,1028,delivered,,768,7.99,12,,,,,,15.02,2026-03-28T08:54:24Z,2026-05-13T10:00:44Z
2671,1941,cancelled,Permit or documentation issue,1200,7.99,2,,,,,,61.71,2026-04-29T12:00:48Z,2026-05-13T10:00:44Z
2672,335,pending,,915,7.99,,,,,,,64.65,2026-05-02T12:42:32Z,2026-05-13T10:00:44Z
2673,759,confirmed,,720,7.99,5,,,,,4318,45.89,2026-04-13T03:19:12Z,2026-05-13T10:00:44Z
2674,932,processing,,140,0,4,,,,,,40.6,2026-04-05T00:19:29Z,2026-05-13T10:00:44Z
2675,1870,shipped,,795,0,7,,,,,2005,81.28,2026-04-15T21:55:45Z,2026-05-13T10:00:44Z
2676,1575,delivered,,690,14.99,3,,,,,3683,14.91,2026-03-19T12:10:00Z,2026-05-13T10:00:44Z
2677,1918,delivered,,2280,14.99,1,,,,,,55.63,2026-04-06T02:35:33Z,2026-05-13T10:00:44Z
2678,1700,delivered,,320,7.99,5,,,,,,15.89,2026-03-23T03:25:06Z,2026-05-13T10:00:44Z
2679,1131,cancelled,Carrier no-show,2885,0,4,,,,,,58.46,2026-04-25T00:22:11Z,2026-05-13T10:00:44Z
2680,676,pending,,190,7.99,,,,,,,62.95,2026-04-08T20:13:52Z,2026-05-13T10:00:44Z
2681,1908,confirmed,,1345,0,12,,,,,,46.15,2026-05-02T15:46:55Z,2026-05-13T10:00:44Z
2682,40,processing,,2085,7.99,10,,,,,,38.81,2026-04-18T23:46:37Z,2026-05-13T10:00:44Z
2683,118,shipped,,130,0,12,,,,,2294,17.83,2026-04-14T12:31:13Z,2026-05-13T10:00:44Z
2684,1978,delivered,,630,0,9,,,,,2828,63.72,2026-03-19T12:09:24Z,2026-05-13T10:00:44Z
2685,1148,delivered,,455,7.99,8,,,,,,56.75,2026-04-12T00:36:31Z,2026-05-13T10:00:44Z
2686,671,delivered,,1220,0,5,,,,,,30.69,2026-03-24T13:56:40Z,2026-05-13T10:00:44Z
2687,898,cancelled,Port appointment missed,515,14.99,2,,,,,1459,79.77,2026-04-06T03:13:26Z,2026-05-13T10:00:44Z
2688,1438,pending,,425,14.99,,,,,,,30.65,2026-04-28T03:48:18Z,2026-05-13T10:00:44Z
2689,1188,confirmed,,3178,14.99,9,,,,,,15.11,2026-04-14T14:28:51Z,2026-05-13T10:00:44Z
2690,749,processing,,580,7.99,10,,,,,3055,22.38,2026-04-19T22:14:30Z,2026-05-13T10:00:44Z
2691,85,shipped,,1560,7.99,1,,,,,,89.54,2026-04-25T08:24:46Z,2026-05-13T10:00:44Z
2692,662,delivered,,720,0,1,,,,,,60.91,2026-04-06T09:30:32Z,2026-05-13T10:00:44Z
2693,1750,delivered,,180,7.99,9,,,,,3839,54.42,2026-03-18T06:54:40Z,2026-05-13T10:00:44Z
2694,1816,delivered,,3510,7.99,8,,,,,953,58.32,2026-03-22T12:26:41Z,2026-05-13T10:00:44Z
2695,989,cancelled,Equipment unavailable for requested service,780,14.99,5,,,,,,94.26,2026-03-28T13:04:04Z,2026-05-13T10:00:44Z
2696,1927,pending,,2140,0,,,,,,,14.57,2026-03-25T15:24:43Z,2026-05-13T10:00:44Z
2697,1560,confirmed,,2570,7.99,10,,,,,,47.37,2026-05-08T12:58:55Z,2026-05-13T10:00:44Z
2698,660,processing,,895,7.99,10,,,,,,11.8,2026-03-18T09:13:59Z,2026-05-13T10:00:44Z
2699,1657,shipped,,975,0,3,,,,,1294,47.83,2026-05-08T13:33:50Z,2026-05-13T10:00:44Z
2700,566,delivered,,3225,7.99,5,,,,,,47.21,2026-05-08T04:18:41Z,2026-05-13T10:00:44Z
2701,1232,delivered,,2650,7.99,2,,,,,,11.88,2026-04-28T20:09:55Z,2026-05-13T10:00:44Z
2702,564,delivered,,405,7.99,9,,,,,,14.63,2026-04-26T07:33:17Z,2026-05-13T10:00:44Z
2703,861,cancelled,Capacity unavailable at assigned terminal,3235,7.99,5,,,,,,52.79,2026-05-07T21:36:34Z,2026-05-13T10:00:44Z
2704,1468,pending,,1788,0,,,,,,,66.31,2026-04-25T12:08:34Z,2026-05-13T10:00:44Z
2705,47,confirmed,,1225,7.99,9,,,,,1977,43.48,2026-04-12T22:51:23Z,2026-05-13T10:00:44Z
2706,1109,processing,,535,0,12,,,,,3865,56.03,2026-04-03T14:40:30Z,2026-05-13T10:00:44Z
2707,315,shipped,,1740,0,7,,,,,,19.27,2026-03-17T00:44:52Z,2026-05-13T10:00:44Z
2708,1395,delivered,,1789,14.99,3,,,,,,40.41,2026-03-15T22:06:11Z,2026-05-13T10:00:44Z
2709,1928,delivered,,1895,7.99,7,,,,,1124,86.95,2026-05-08T07:30:15Z,2026-05-13T10:00:44Z
2710,1499,delivered,,4470,7.99,9,,,,,,57,2026-03-15T06:23:03Z,2026-05-13T10:00:44Z
2711,663,cancelled,Shipper cancelled tender,1305,14.99,9,,,,,,26.98,2026-04-29T14:18:08Z,2026-05-13T10:00:44Z
2712,1717,pending,,855,7.99,,,,,,,88.28,2026-05-07T01:10:22Z,2026-05-13T10:00:44Z
2713,1573,confirmed,,1935,0,9,,,,,1517,14.44,2026-05-08T21:52:01Z,2026-05-13T10:00:44Z
2714,1530,processing,,2830,0,1,,,,,,28.2,2026-03-24T20:06:26Z,2026-05-13T10:00:44Z
2715,1287,shipped,,5825,0,2,,,,,,81.83,2026-03-30T19:26:18Z,2026-05-13T10:00:44Z
2716,1059,delivered,,2590,14.99,11,,,,,,61.61,2026-03-16T23:58:19Z,2026-05-13T10:00:44Z
2717,615,delivered,,1595,7.99,9,,,,,4978,87.82,2026-03-28T02:00:40Z,2026-05-13T10:00:44Z
2718,948,delivered,,1495,7.99,7,,,,,3197,80.96,2026-03-23T06:47:17Z,2026-05-13T10:00:44Z
2719,1505,cancelled,Missed pickup appointment window,1820,7.99,4,,,,,,85.99,2026-05-10T20:35:20Z,2026-05-13T10:00:44Z
2720,764,pending,,440,0,,,,,,,90.8,2026-04-06T18:17:10Z,2026-05-13T10:00:44Z
2721,49,confirmed,,1490,14.99,5,,,,,,79.21,2026-03-24T03:28:13Z,2026-05-13T10:00:44Z
2722,256,processing,,2540,7.99,9,,,,,,18.48,2026-04-30T12:41:55Z,2026-05-13T10:00:44Z
2723,6,shipped,,795,0,5,,,,,,79.63,2026-05-03T15:31:35Z,2026-05-13T10:00:44Z
2724,732,delivered,,1900,7.99,10,,,,,,72.55,2026-03-30T02:22:23Z,2026-05-13T10:00:44Z
2725,416,delivered,,234,14.99,7,,,,,,36.42,2026-05-04T14:52:30Z,2026-05-13T10:00:44Z
2726,1377,delivered,,852,0,3,,,,,,86.15,2026-05-02T20:51:46Z,2026-05-13T10:00:44Z
2727,673,cancelled,Weather disruption on planned lane,1485,7.99,8,,,,,291,50.41,2026-04-12T21:40:12Z,2026-05-13T10:00:44Z
2728,1418,pending,,550,7.99,,,,,,,90.91,2026-04-29T09:37:00Z,2026-05-13T10:00:44Z
2729,199,confirmed,,820,7.99,11,,,,,2587,31.49,2026-05-10T15:51:48Z,2026-05-13T10:00:44Z
2730,1839,processing,,2250,7.99,4,,,,,,88.67,2026-05-01T08:35:08Z,2026-05-13T10:00:44Z
2731,389,shipped,,480,0,1,,,,,,81.2,2026-03-25T14:38:54Z,2026-05-13T10:00:44Z
2732,1257,delivered,,360,7.99,2,,,,,,23.53,2026-03-20T08:34:27Z,2026-05-13T10:00:44Z
2733,449,delivered,,1160,0,9,,,,,,48.01,2026-04-19T21:26:17Z,2026-05-13T10:00:44Z
2734,222,delivered,,4035,14.99,7,,,,,,88.46,2026-03-24T14:10:57Z,2026-05-13T10:00:44Z
2735,10,cancelled,Permit or documentation issue,1880,7.99,10,,,,,,80.53,2026-04-21T17:49:08Z,2026-05-13T10:00:44Z
2736,989,pending,,2090,7.99,,,,,,,75.92,2026-05-09T13:15:36Z,2026-05-13T10:00:44Z
2737,1369,confirmed,,1959,14.99,2,,,,,,26.57,2026-03-29T17:02:12Z,2026-05-13T10:00:44Z
2738,650,processing,,195,7.99,11,,,,,,44.01,2026-04-04T15:12:13Z,2026-05-13T10:00:44Z
2739,1838,shipped,,1655,7.99,3,,,,,697,37.08,2026-04-19T23:05:28Z,2026-05-13T10:00:44Z
2740,1378,delivered,,1950,0,8,,,,,,19.02,2026-04-02T22:26:43Z,2026-05-13T10:00:44Z
2741,611,delivered,,930,14.99,4,,,,,,75.7,2026-04-16T12:22:42Z,2026-05-13T10:00:44Z
2742,659,delivered,,360,7.99,2,,,,,,49.69,2026-03-28T21:25:17Z,2026-05-13T10:00:44Z
2743,1489,cancelled,Carrier no-show,2610,0,6,,,,,848,35.76,2026-04-10T19:56:04Z,2026-05-13T10:00:44Z
2744,53,pending,,895,7.99,,,,,,,63.34,2026-03-25T04:39:05Z,2026-05-13T10:00:44Z
2745,584,confirmed,,3190,7.99,3,,,,,,30.68,2026-04-06T14:33:25Z,2026-05-13T10:00:44Z
2746,1725,processing,,1205,0,7,,,,,,18.32,2026-04-25T05:44:40Z,2026-05-13T10:00:44Z
2747,708,shipped,,1492,0,4,,,,,,43.9,2026-03-15T05:34:16Z,2026-05-13T10:00:44Z
2748,1635,delivered,,1020,7.99,2,,,,,,18.07,2026-04-22T19:39:01Z,2026-05-13T10:00:44Z
2749,1096,delivered,,1170,0,1,,,,,,56.18,2026-04-29T11:09:34Z,2026-05-13T10:00:44Z
2750,1205,delivered,,2265,7.99,3,,,,,,66.07,2026-03-26T10:03:57Z,2026-05-13T10:00:44Z
2751,1903,cancelled,Port appointment missed,3460,7.99,4,,,,,1565,68.24,2026-05-01T21:53:56Z,2026-05-13T10:00:44Z
2752,137,pending,,1785,0,,,,,,4888,33.48,2026-04-12T00:49:53Z,2026-05-13T10:00:44Z
2753,1062,confirmed,,345,7.99,3,,,,,,63.5,2026-04-29T14:16:35Z,2026-05-13T10:00:44Z
2754,85,processing,,2650,7.99,8,,,,,,51.52,2026-05-10T16:16:25Z,2026-05-13T10:00:44Z
2755,557,shipped,,685,0,3,,,,,,87.42,2026-03-29T16:47:35Z,2026-05-13T10:00:44Z
2756,915,delivered,,2480,0,8,,,,,4016,57.06,2026-04-15T20:46:19Z,2026-05-13T10:00:44Z
2757,446,delivered,,2225,0,3,,,,,,40.32,2026-04-04T13:39:22Z,2026-05-13T10:00:44Z
2758,588,delivered,,1753,14.99,12,,,,,,65.25,2026-05-06T20:08:01Z,2026-05-13T10:00:44Z
2759,1512,cancelled,Equipment unavailable for requested service,1555,7.99,11,,,,,,49.98,2026-04-09T04:21:18Z,2026-05-13T10:00:44Z
2760,263,pending,,360,0,,,,,,2153,78.21,2026-05-13T04:39:30Z,2026-05-13T10:00:44Z
2761,688,confirmed,,2715,14.99,3,,,,,2787,66.26,2026-03-14T11:37:29Z,2026-05-13T10:00:44Z
2762,767,processing,,185,7.99,11,,,,,,90.99,2026-04-28T22:57:29Z,2026-05-13T10:00:44Z
2763,396,shipped,,170,14.99,6,,,,,,23.37,2026-03-30T02:52:49Z,2026-05-13T10:00:44Z
2764,1216,delivered,,2770,14.99,7,,,,,3535,65.03,2026-04-13T16:51:10Z,2026-05-13T10:00:44Z
2765,1278,delivered,,2225,14.99,10,,,,,,32.69,2026-05-12T05:59:24Z,2026-05-13T10:00:44Z
2766,932,delivered,,1945,0,11,,,,,2058,57.2,2026-04-22T09:29:05Z,2026-05-13T10:00:44Z
2767,1470,cancelled,Capacity unavailable at assigned terminal,1855,7.99,1,,,,,,10.58,2026-04-05T19:52:05Z,2026-05-13T10:00:44Z
2768,1765,pending,,2700,0,,,,,,,90.75,2026-04-10T17:56:23Z,2026-05-13T10:00:44Z
2769,210,confirmed,,2100,14.99,11,,,,,,88.57,2026-03-25T10:59:26Z,2026-05-13T10:00:44Z
2770,521,processing,,89,7.99,8,,,,,,29.29,2026-05-04T17:51:57Z,2026-05-13T10:00:44Z
2771,985,shipped,,375,7.99,2,,,,,1051,20.78,2026-03-25T01:27:48Z,2026-05-13T10:00:44Z
2772,117,delivered,,595,0,7,,,,,,17.17,2026-04-20T03:44:21Z,2026-05-13T10:00:44Z
2773,861,delivered,,1700,7.99,1,,,,,,93.12,2026-03-15T05:26:02Z,2026-05-13T10:00:44Z
2774,21,delivered,,1165,14.99,6,,,,,,79.27,2026-03-31T05:51:42Z,2026-05-13T10:00:44Z
2775,1654,cancelled,Shipper cancelled tender,2525,0,3,,,,,,32.93,2026-03-25T20:08:06Z,2026-05-13T10:00:44Z
2776,939,pending,,340,7.99,,,,,,,54.28,2026-03-15T21:42:02Z,2026-05-13T10:00:44Z
2777,1254,confirmed,,4000,0,4,,,,,,20.38,2026-04-17T21:15:51Z,2026-05-13T10:00:44Z
2778,463,processing,,1378,0,11,,,,,281,25.18,2026-04-06T09:56:56Z,2026-05-13T10:00:44Z
2779,1958,shipped,,780,7.99,12,,,,,,86.9,2026-04-27T13:13:41Z,2026-05-13T10:00:44Z
2780,1534,delivered,,4140,7.99,5,,,,,110,45.3,2026-04-14T06:15:55Z,2026-05-13T10:00:44Z
2781,1150,delivered,,705,0,1,,,,,,34.24,2026-04-18T09:47:35Z,2026-05-13T10:00:44Z
2782,314,delivered,,1825,7.99,10,,,,,,88.69,2026-04-29T03:10:39Z,2026-05-13T10:00:44Z
2783,1908,cancelled,Missed pickup appointment window,400,14.99,9,,,,,,68.82,2026-03-27T10:22:10Z,2026-05-13T10:00:44Z
2784,328,pending,,430,7.99,,,,,,,26.39,2026-05-09T15:29:41Z,2026-05-13T10:00:44Z
2785,1697,confirmed,,435,7.99,9,,,,,,82.76,2026-03-27T11:39:15Z,2026-05-13T10:00:44Z
2786,1194,processing,,2345,14.99,8,,,,,,66.3,2026-03-14T19:55:13Z,2026-05-13T10:00:44Z
2787,124,shipped,,960,0,3,,,,,,76.36,2026-04-24T18:37:07Z,2026-05-13T10:00:44Z
2788,20,delivered,,2075,0,5,,,,,3759,60.25,2026-03-31T11:40:05Z,2026-05-13T10:00:44Z
2789,1993,delivered,,6625,7.99,11,,,,,,39.5,2026-04-26T09:07:24Z,2026-05-13T10:00:44Z
2790,1007,delivered,,1945,0,11,,,,,,48.75,2026-04-24T07:57:08Z,2026-05-13T10:00:44Z
2791,379,cancelled,Weather disruption on planned lane,290,14.99,7,,,,,,91.54,2026-03-17T16:22:02Z,2026-05-13T10:00:44Z
2792,578,pending,,1435,14.99,,,,,,,63.76,2026-03-20T22:23:45Z,2026-05-13T10:00:44Z
2793,1509,confirmed,,3875,7.99,6,,,,,,63.9,2026-05-13T06:05:50Z,2026-05-13T10:00:44Z
2794,1061,processing,,870,7.99,1,,,,,,43.9,2026-04-30T15:35:24Z,2026-05-13T10:00:44Z
2795,45,shipped,,1140,7.99,8,,,,,,44.59,2026-04-15T10:42:49Z,2026-05-13T10:00:44Z
2796,119,delivered,,4410,7.99,2,,,,,,30.71,2026-05-03T18:18:46Z,2026-05-13T10:00:44Z
2797,95,delivered,,720,7.99,11,,,,,,28.58,2026-04-23T03:34:25Z,2026-05-13T10:00:44Z
2798,709,delivered,,1070,7.99,9,,,,,,40.18,2026-03-21T13:35:26Z,2026-05-13T10:00:44Z
2799,562,cancelled,Permit or documentation issue,2999,7.99,7,,,,,,80.5,2026-04-20T12:41:29Z,2026-05-13T10:00:44Z
2800,837,pending,,320,14.99,,,,,,4097,71.72,2026-04-02T00:21:38Z,2026-05-13T10:00:44Z
2801,63,confirmed,,1710,0,6,,,,,,93.47,2026-04-15T18:41:34Z,2026-05-13T10:00:44Z
2802,680,processing,,1623,0,3,,,,,,86.18,2026-05-09T17:46:05Z,2026-05-13T10:00:44Z
2803,46,shipped,,365,7.99,12,,,,,,20.07,2026-05-04T09:09:18Z,2026-05-13T10:00:44Z
2804,758,delivered,,267,7.99,10,,,,,,73.86,2026-03-17T15:15:38Z,2026-05-13T10:00:44Z
2805,1642,delivered,,2100,14.99,12,,,,,,64.22,2026-04-18T17:52:02Z,2026-05-13T10:00:44Z
2806,499,delivered,,820,7.99,9,,,,,,59.33,2026-04-03T21:19:24Z,2026-05-13T10:00:44Z
2807,872,cancelled,Carrier no-show,2795,0,12,,,,,,93.44,2026-03-22T06:32:50Z,2026-05-13T10:00:44Z
2808,1534,pending,,95,0,,,,,,982,89.31,2026-05-11T14:27:19Z,2026-05-13T10:00:44Z
2809,369,confirmed,,1515,0,3,,,,,4603,83.29,2026-04-27T23:39:38Z,2026-05-13T10:00:44Z
2810,1446,processing,,2655,0,6,,,,,,54.37,2026-03-18T12:17:07Z,2026-05-13T10:00:44Z
2811,1825,shipped,,3627,0,11,,,,,,83.91,2026-04-24T17:43:21Z,2026-05-13T10:00:44Z
2812,1374,delivered,,1395,7.99,2,,,,,,39.56,2026-04-14T03:47:06Z,2026-05-13T10:00:44Z
2813,172,delivered,,310,14.99,3,,,,,,26.76,2026-04-17T17:01:24Z,2026-05-13T10:00:44Z
2814,1926,delivered,,515,7.99,1,,,,,,65.18,2026-04-14T11:16:55Z,2026-05-13T10:00:44Z
2815,1531,cancelled,Port appointment missed,1040,14.99,3,,,,,,52.68,2026-04-11T10:42:57Z,2026-05-13T10:00:44Z
2816,1758,pending,,2780,0,,,,,,22,20.12,2026-04-12T20:08:28Z,2026-05-13T10:00:44Z
2817,1843,confirmed,,455,7.99,4,,,,,,62.07,2026-04-04T07:45:06Z,2026-05-13T10:00:44Z
2818,1743,processing,,1555,7.99,2,,,,,1091,75.3,2026-03-14T21:24:39Z,2026-05-13T10:00:44Z
2819,1097,shipped,,1520,14.99,3,,,,,2914,10.1,2026-04-28T09:16:11Z,2026-05-13T10:00:44Z
2820,1197,delivered,,685,7.99,4,,,,,,63.57,2026-05-12T04:11:09Z,2026-05-13T10:00:44Z
2821,1,delivered,,3360,7.99,11,,,,,,41.09,2026-04-11T18:11:22Z,2026-05-13T10:00:44Z
2822,331,delivered,,185,7.99,2,,,,,2552,37.73,2026-05-12T10:06:50Z,2026-05-13T10:00:44Z
2823,1098,cancelled,Equipment unavailable for requested service,840,14.99,2,,,,,,41.86,2026-05-12T23:57:14Z,2026-05-13T10:00:44Z
2824,1287,pending,,890,14.99,,,,,,,91.72,2026-05-13T01:52:52Z,2026-05-13T10:00:44Z
2825,899,confirmed,,360,7.99,1,,,,,,62.76,2026-05-09T13:40:39Z,2026-05-13T10:00:44Z
2826,1792,processing,,2480,0,5,,,,,,68.85,2026-05-08T23:06:10Z,2026-05-13T10:00:44Z
2827,472,shipped,,4640,7.99,5,,,,,,67.01,2026-03-14T14:50:01Z,2026-05-13T10:00:44Z
2828,794,delivered,,3570,7.99,8,,,,,,45.57,2026-04-20T13:19:33Z,2026-05-13T10:00:44Z
2829,1609,delivered,,4395,7.99,9,,,,,,55.24,2026-04-19T23:42:00Z,2026-05-13T10:00:44Z
2830,234,delivered,,310,0,4,,,,,348,94.08,2026-04-21T02:37:44Z,2026-05-13T10:00:44Z
2831,1619,cancelled,Capacity unavailable at assigned terminal,1845,0,3,,,,,,94.19,2026-04-27T03:31:27Z,2026-05-13T10:00:44Z
2832,1822,pending,,1470,0,,,,,,,64.98,2026-04-09T06:15:17Z,2026-05-13T10:00:44Z
2833,1742,confirmed,,2205,7.99,8,,,,,,21.9,2026-03-20T03:37:31Z,2026-05-13T10:00:44Z
2834,1286,processing,,3160,0,8,,,,,,23.97,2026-03-27T15:08:47Z,2026-05-13T10:00:44Z
2835,1711,shipped,,715,7.99,9,,,,,2607,84.45,2026-03-27T02:21:52Z,2026-05-13T10:00:44Z
2836,484,delivered,,817,0,7,,,,,,87.88,2026-04-24T19:39:59Z,2026-05-13T10:00:44Z
2837,918,delivered,,1495,7.99,5,,,,,,50.23,2026-03-26T06:37:43Z,2026-05-13T10:00:44Z
2838,579,delivered,,360,7.99,10,,,,,4555,49.06,2026-04-30T16:00:47Z,2026-05-13T10:00:44Z
2839,669,cancelled,Shipper cancelled tender,345,0,9,,,,,,31.74,2026-04-29T08:59:18Z,2026-05-13T10:00:44Z
2840,1659,pending,,2925,7.99,,,,,,3633,73.17,2026-03-18T17:56:26Z,2026-05-13T10:00:44Z
2841,756,confirmed,,895,14.99,2,,,,,612,75.38,2026-03-29T02:49:22Z,2026-05-13T10:00:44Z
2842,205,processing,,2545,14.99,2,,,,,,40.04,2026-04-28T20:02:33Z,2026-05-13T10:00:44Z
2843,549,shipped,,715,7.99,6,,,,,,76.06,2026-04-11T12:27:12Z,2026-05-13T10:00:44Z
2844,1352,delivered,,720,0,12,,,,,1452,82.89,2026-04-14T07:04:57Z,2026-05-13T10:00:44Z
2845,1035,delivered,,1995,0,7,,,,,,43.45,2026-04-18T08:23:42Z,2026-05-13T10:00:44Z
2846,297,delivered,,230,7.99,5,,,,,,89.46,2026-04-03T12:17:15Z,2026-05-13T10:00:44Z
2847,189,cancelled,Missed pickup appointment window,1474,0,12,,,,,830,50.48,2026-04-26T16:00:53Z,2026-05-13T10:00:44Z
2848,868,pending,,640,0,,,,,,,64.41,2026-04-29T10:13:28Z,2026-05-13T10:00:44Z
2849,564,confirmed,,267,0,11,,,,,,31.65,2026-03-26T05:54:27Z,2026-05-13T10:00:44Z
2850,1048,processing,,3200,0,3,,,,,492,91.13,2026-04-11T04:25:46Z,2026-05-13T10:00:44Z
2851,1848,shipped,,290,14.99,2,,,,,3474,30.32,2026-04-20T20:33:36Z,2026-05-13T10:00:44Z
2852,751,delivered,,615,14.99,5,,,,,,13.76,2026-04-30T14:09:20Z,2026-05-13T10:00:44Z
2853,1493,delivered,,1290,0,5,,,,,1178,17.59,2026-05-08T17:41:33Z,2026-05-13T10:00:44Z
2854,626,delivered,,1625,7.99,12,,,,,,57.42,2026-04-21T12:43:57Z,2026-05-13T10:00:44Z
2855,950,cancelled,Weather disruption on planned lane,2190,0,8,,,,,,31.18,2026-04-20T02:42:45Z,2026-05-13T10:00:44Z
2856,409,pending,,365,14.99,,,,,,4768,76.96,2026-05-02T16:39:17Z,2026-05-13T10:00:44Z
2857,158,confirmed,,3870,14.99,1,,,,,,40.77,2026-04-03T17:07:17Z,2026-05-13T10:00:44Z
2858,911,processing,,2062,14.99,1,,,,,,71.02,2026-04-01T12:44:21Z,2026-05-13T10:00:44Z
2859,816,shipped,,2680,7.99,3,,,,,,22.7,2026-04-10T10:41:11Z,2026-05-13T10:00:44Z
2860,957,delivered,,935,7.99,4,,,,,,47.81,2026-03-20T22:03:25Z,2026-05-13T10:00:44Z
2861,1335,delivered,,3210,7.99,7,,,,,958,89.98,2026-04-05T06:16:13Z,2026-05-13T10:00:44Z
2862,1336,delivered,,1580,7.99,7,,,,,,43.53,2026-04-18T11:56:40Z,2026-05-13T10:00:44Z
2863,1800,cancelled,Permit or documentation issue,3640,7.99,8,,,,,,46.83,2026-04-17T23:23:57Z,2026-05-13T10:00:44Z
2864,180,pending,,2845,0,,,,,,,27.99,2026-04-13T06:45:09Z,2026-05-13T10:00:44Z
2865,631,confirmed,,170,0,12,,,,,,51.14,2026-04-29T00:47:08Z,2026-05-13T10:00:44Z
2866,851,processing,,420,0,2,,,,,106,48.63,2026-04-14T17:02:43Z,2026-05-13T10:00:44Z
2867,292,shipped,,860,14.99,4,,,,,3480,51.54,2026-04-30T05:36:59Z,2026-05-13T10:00:44Z
2868,641,delivered,,780,0,10,,,,,945,33.49,2026-04-08T16:43:50Z,2026-05-13T10:00:44Z
2869,1877,delivered,,570,0,1,,,,,,11.73,2026-04-26T20:34:15Z,2026-05-13T10:00:44Z
2870,580,delivered,,990,7.99,5,,,,,,20.82,2026-04-25T14:11:24Z,2026-05-13T10:00:44Z
2871,725,cancelled,Carrier no-show,480,7.99,3,,,,,497,46.52,2026-03-19T20:21:41Z,2026-05-13T10:00:44Z
2872,1303,pending,,3430,7.99,,,,,,,50.7,2026-05-11T22:24:26Z,2026-05-13T10:00:44Z
2873,1012,confirmed,,1930,0,5,,,,,,66.25,2026-05-06T12:59:10Z,2026-05-13T10:00:44Z
2874,1752,processing,,2580,14.99,11,,,,,4844,92.24,2026-04-25T12:48:50Z,2026-05-13T10:00:44Z
2875,1617,shipped,,2855,14.99,11,,,,,,90.45,2026-04-26T23:55:40Z,2026-05-13T10:00:44Z
2876,1802,delivered,,275,14.99,1,,,,,,68.1,2026-04-29T04:05:48Z,2026-05-13T10:00:44Z
2877,1572,delivered,,1260,7.99,7,,,,,2763,73.15,2026-03-23T17:32:14Z,2026-05-13T10:00:44Z
2878,1863,delivered,,1535,7.99,1,,,,,,39.89,2026-05-13T06:33:46Z,2026-05-13T10:00:44Z
2879,119,cancelled,Port appointment missed,2045,0,9,,,,,,81.33,2026-03-28T21:52:38Z,2026-05-13T10:00:44Z
2880,1486,pending,,1560,7.99,,,,,,,76.05,2026-04-06T23:12:32Z,2026-05-13T10:00:44Z
2881,356,confirmed,,1320,7.99,7,,,,,148,57,2026-03-31T20:56:00Z,2026-05-13T10:00:44Z
2882,646,processing,,465,7.99,11,,,,,,74.86,2026-04-29T08:21:40Z,2026-05-13T10:00:44Z
2883,1709,shipped,,3770,7.99,9,,,,,,54.65,2026-03-22T07:13:30Z,2026-05-13T10:00:44Z
2884,763,delivered,,720,7.99,1,,,,,,38,2026-04-21T04:24:22Z,2026-05-13T10:00:44Z
2885,1767,delivered,,435,7.99,1,,,,,1920,85.27,2026-04-04T03:38:38Z,2026-05-13T10:00:44Z
2886,1095,delivered,,1515,14.99,6,,,,,1499,35.61,2026-05-02T09:46:52Z,2026-05-13T10:00:44Z
2887,1925,cancelled,Equipment unavailable for requested service,1390,7.99,9,,,,,3015,40.66,2026-05-03T05:55:41Z,2026-05-13T10:00:44Z
2888,1694,pending,,3740,14.99,,,,,,1519,34.05,2026-04-26T11:37:47Z,2026-05-13T10:00:44Z
2889,1763,confirmed,,1378,7.99,8,,,,,1558,40.58,2026-05-09T00:56:28Z,2026-05-13T10:00:44Z
2890,279,processing,,1285,7.99,10,,,,,,41.48,2026-04-28T17:44:30Z,2026-05-13T10:00:44Z
2891,1238,shipped,,1220,0,9,,,,,,46.18,2026-05-05T15:57:02Z,2026-05-13T10:00:44Z
2892,1658,delivered,,1975,14.99,8,,,,,,46.35,2026-04-18T15:49:52Z,2026-05-13T10:00:44Z
2893,1554,delivered,,1035,0,9,,,,,,76.83,2026-05-07T22:45:42Z,2026-05-13T10:00:44Z
2894,1333,delivered,,1355,7.99,12,,,,,3441,20.29,2026-03-18T17:43:48Z,2026-05-13T10:00:44Z
2895,1854,cancelled,Capacity unavailable at assigned terminal,230,14.99,10,,,,,,50.84,2026-03-26T01:30:17Z,2026-05-13T10:00:44Z
2896,1425,pending,,2850,0,,,,,,,87.1,2026-03-24T01:43:17Z,2026-05-13T10:00:44Z
2897,223,confirmed,,2275,14.99,11,,,,,4423,17.39,2026-04-27T03:02:33Z,2026-05-13T10:00:44Z
2898,1729,processing,,590,7.99,2,,,,,,66.83,2026-03-23T23:54:31Z,2026-05-13T10:00:44Z
2899,77,shipped,,3440,7.99,8,,,,,,30.07,2026-03-20T20:22:29Z,2026-05-13T10:00:44Z
2900,1380,delivered,,2690,7.99,7,,,,,,91.2,2026-05-11T06:19:33Z,2026-05-13T10:00:44Z
2901,893,delivered,,1500,0,8,,,,,,81.54,2026-05-10T16:50:40Z,2026-05-13T10:00:44Z
2902,1643,delivered,,1840,7.99,9,,,,,,42.6,2026-05-12T08:24:33Z,2026-05-13T10:00:44Z
2903,1762,cancelled,Shipper cancelled tender,1140,0,4,,,,,,40.27,2026-04-09T18:51:25Z,2026-05-13T10:00:44Z
2904,109,pending,,1460,7.99,,,,,,,22.44,2026-03-17T13:12:15Z,2026-05-13T10:00:44Z
2905,1100,confirmed,,4980,0,2,,,,,4914,85.78,2026-04-15T08:44:36Z,2026-05-13T10:00:44Z
2906,1894,processing,,1390,14.99,10,,,,,2320,81.23,2026-05-08T09:50:21Z,2026-05-13T10:00:44Z
2907,1180,shipped,,125,7.99,3,,,,,3097,53.23,2026-04-09T08:16:01Z,2026-05-13T10:00:44Z
2908,496,delivered,,1135,14.99,1,,,,,4521,51.72,2026-04-05T18:18:21Z,2026-05-13T10:00:44Z
2909,1184,delivered,,1095,7.99,12,,,,,,39.49,2026-03-16T17:48:55Z,2026-05-13T10:00:44Z
2910,543,delivered,,1467,14.99,12,,,,,,64.18,2026-03-30T06:05:11Z,2026-05-13T10:00:44Z
2911,157,cancelled,Missed pickup appointment window,2235,7.99,7,,,,,,58.28,2026-04-01T11:46:56Z,2026-05-13T10:00:44Z
2912,1614,pending,,630,7.99,,,,,,1675,31.09,2026-04-06T06:01:22Z,2026-05-13T10:00:44Z
2913,500,confirmed,,2310,14.99,4,,,,,,90.36,2026-05-04T11:09:16Z,2026-05-13T10:00:44Z
2914,1272,processing,,4250,0,7,,,,,,55.04,2026-04-29T03:18:49Z,2026-05-13T10:00:44Z
2915,26,shipped,,910,7.99,11,,,,,,16.83,2026-05-03T21:04:51Z,2026-05-13T10:00:44Z
2916,348,delivered,,1040,7.99,3,,,,,813,80.13,2026-04-12T19:06:23Z,2026-05-13T10:00:44Z
2917,1095,delivered,,1360,0,3,,,,,,36.44,2026-03-25T07:44:32Z,2026-05-13T10:00:44Z
2918,1862,delivered,,840,7.99,2,,,,,,20.07,2026-05-05T14:56:57Z,2026-05-13T10:00:44Z
2919,919,cancelled,Weather disruption on planned lane,687,0,2,,,,,1624,56.9,2026-04-23T14:24:18Z,2026-05-13T10:00:44Z
2920,1990,pending,,390,7.99,,,,,,,51.03,2026-05-08T19:37:48Z,2026-05-13T10:00:44Z
2921,14,confirmed,,1100,14.99,9,,,,,,34.81,2026-04-06T13:54:02Z,2026-05-13T10:00:44Z
2922,30,processing,,340,14.99,4,,,,,,16.69,2026-05-05T05:02:46Z,2026-05-13T10:00:44Z
2923,388,shipped,,1300,0,8,,,,,,16.24,2026-04-09T02:06:43Z,2026-05-13T10:00:44Z
2924,1717,delivered,,2138,0,3,,,,,3251,60.46,2026-04-22T08:05:48Z,2026-05-13T10:00:44Z
2925,1375,delivered,,650,14.99,3,,,,,4160,11.77,2026-03-23T05:39:39Z,2026-05-13T10:00:44Z
2926,1239,delivered,,1315,7.99,2,,,,,2127,29.28,2026-05-05T05:09:17Z,2026-05-13T10:00:44Z
2927,708,cancelled,Permit or documentation issue,1990,7.99,7,,,,,,62.65,2026-04-13T14:23:36Z,2026-05-13T10:00:44Z
2928,305,pending,,2478,7.99,,,,,,,87.97,2026-03-27T11:11:34Z,2026-05-13T10:00:44Z
2929,1757,confirmed,,4380,7.99,2,,,,,,68.06,2026-04-18T01:08:28Z,2026-05-13T10:00:44Z
2930,1261,processing,,3060,7.99,3,,,,,2098,35.89,2026-04-11T06:04:52Z,2026-05-13T10:00:44Z
2931,220,shipped,,1097,0,12,,,,,846,54.25,2026-04-12T10:02:30Z,2026-05-13T10:00:44Z
2932,1087,delivered,,2030,7.99,6,,,,,4276,88.38,2026-04-29T22:23:29Z,2026-05-13T10:00:44Z
2933,906,delivered,,1920,0,5,,,,,,92.27,2026-04-01T16:15:36Z,2026-05-13T10:00:44Z
2934,204,delivered,,3395,7.99,4,,,,,,27.59,2026-03-29T21:15:45Z,2026-05-13T10:00:44Z
2935,55,cancelled,Carrier no-show,945,14.99,3,,,,,4115,92.98,2026-04-10T17:46:22Z,2026-05-13T10:00:44Z
2936,1189,pending,,720,14.99,,,,,,,28.26,2026-03-31T21:51:02Z,2026-05-13T10:00:44Z
2937,1513,confirmed,,1350,14.99,9,,,,,,25.55,2026-03-23T06:42:02Z,2026-05-13T10:00:44Z
2938,1761,processing,,2155,0,6,,,,,1532,15.63,2026-04-11T06:18:44Z,2026-05-13T10:00:44Z
2939,464,shipped,,1457,7.99,10,,,,,1066,16.68,2026-05-09T23:13:45Z,2026-05-13T10:00:44Z
2940,959,delivered,,145,14.99,10,,,,,2784,33.97,2026-04-07T06:09:36Z,2026-05-13T10:00:44Z
2941,1333,delivered,,440,7.99,6,,,,,,70.99,2026-05-12T17:51:31Z,2026-05-13T10:00:44Z
2942,1915,delivered,,1520,7.99,1,,,,,1923,46.7,2026-04-08T16:02:21Z,2026-05-13T10:00:44Z
2943,910,cancelled,Port appointment missed,310,14.99,7,,,,,508,72.39,2026-04-24T18:54:39Z,2026-05-13T10:00:44Z
2944,1029,pending,,1195,0,,,,,,,38.58,2026-04-29T09:46:39Z,2026-05-13T10:00:44Z
2945,1782,confirmed,,1080,7.99,6,,,,,,83.22,2026-05-11T21:50:53Z,2026-05-13T10:00:44Z
2946,1880,processing,,477,7.99,4,,,,,,41.01,2026-04-09T18:45:10Z,2026-05-13T10:00:44Z
2947,1181,shipped,,1892,0,11,,,,,1235,50.64,2026-05-02T10:16:09Z,2026-05-13T10:00:44Z
2948,308,delivered,,4085,7.99,12,,,,,,29.88,2026-04-01T08:27:20Z,2026-05-13T10:00:44Z
2949,1372,delivered,,2435,7.99,9,,,,,,58.43,2026-03-31T05:27:53Z,2026-05-13T10:00:44Z
2950,692,delivered,,2425,14.99,5,,,,,,16.26,2026-04-16T19:15:54Z,2026-05-13T10:00:44Z
2951,912,cancelled,Equipment unavailable for requested service,1065,0,3,,,,,,81.22,2026-04-21T21:00:18Z,2026-05-13T10:00:44Z
2952,1567,pending,,1560,14.99,,,,,,578,21.01,2026-03-16T11:09:10Z,2026-05-13T10:00:44Z
2953,1055,confirmed,,2660,7.99,11,,,,,,43.29,2026-04-01T03:01:10Z,2026-05-13T10:00:44Z
2954,1457,processing,,1240,7.99,9,,,,,2214,76.98,2026-04-18T22:03:48Z,2026-05-13T10:00:44Z
2955,557,shipped,,1297,7.99,3,,,,,,10.6,2026-04-23T23:10:22Z,2026-05-13T10:00:44Z
2956,886,delivered,,530,7.99,6,,,,,,58.22,2026-04-04T16:59:51Z,2026-05-13T10:00:44Z
2957,153,delivered,,3845,7.99,11,,,,,,63,2026-04-26T08:09:26Z,2026-05-13T10:00:44Z
2958,1705,delivered,,1285,14.99,10,,,,,,41.07,2026-04-09T09:23:56Z,2026-05-13T10:00:44Z
2959,1727,cancelled,Capacity unavailable at assigned terminal,1110,7.99,9,,,,,,39.76,2026-04-19T04:03:14Z,2026-05-13T10:00:44Z
2960,1234,pending,,1335,7.99,,,,,,,92.19,2026-03-14T16:24:02Z,2026-05-13T10:00:44Z
2961,151,confirmed,,1419,7.99,12,,,,,,88.2,2026-03-28T16:00:56Z,2026-05-13T10:00:44Z
2962,1625,processing,,855,0,8,,,,,,53.39,2026-04-12T11:11:53Z,2026-05-13T10:00:44Z
2963,730,shipped,,345,0,11,,,,,342,25.54,2026-04-01T07:45:43Z,2026-05-13T10:00:44Z
2964,510,delivered,,875,0,1,,,,,,43.39,2026-04-13T04:08:42Z,2026-05-13T10:00:44Z
2965,1121,delivered,,1100,0,10,,,,,,20.8,2026-05-06T05:24:52Z,2026-05-13T10:00:44Z
2966,1359,delivered,,830,14.99,4,,,,,1980,52.8,2026-04-20T06:40:10Z,2026-05-13T10:00:44Z
2967,1658,cancelled,Shipper cancelled tender,1910,7.99,12,,,,,4624,37.85,2026-03-27T21:47:33Z,2026-05-13T10:00:44Z
2968,1000,pending,,250,14.99,,,,,,,57.09,2026-04-18T05:08:52Z,2026-05-13T10:00:44Z
2969,1081,confirmed,,665,7.99,5,,,,,,35.84,2026-04-04T11:21:05Z,2026-05-13T10:00:44Z
2970,170,processing,,3315,0,7,,,,,,16.28,2026-03-29T21:20:33Z,2026-05-13T10:00:44Z
2971,1823,shipped,,2295,14.99,7,,,,,930,68.42,2026-04-29T02:44:55Z,2026-05-13T10:00:44Z
2972,1677,delivered,,1230,7.99,7,,,,,,76.4,2026-03-29T21:48:46Z,2026-05-13T10:00:44Z
2973,676,delivered,,267,14.99,4,,,,,,54.17,2026-05-08T21:36:14Z,2026-05-13T10:00:44Z
2974,809,delivered,,267,7.99,1,,,,,,48.15,2026-04-17T15:03:01Z,2026-05-13T10:00:44Z
2975,1917,cancelled,Missed pickup appointment window,2015,14.99,7,,,,,,47.15,2026-05-10T14:14:42Z,2026-05-13T10:00:44Z
2976,165,pending,,660,7.99,,,,,,,76.45,2026-04-13T05:35:05Z,2026-05-13T10:00:44Z
2977,1598,confirmed,,1540,0,5,,,,,,23.26,2026-04-21T06:31:48Z,2026-05-13T10:00:44Z
2978,1909,processing,,2080,7.99,8,,,,,,62.9,2026-04-21T22:23:20Z,2026-05-13T10:00:44Z
2979,47,shipped,,1200,7.99,8,,,,,,10.26,2026-04-27T18:55:45Z,2026-05-13T10:00:44Z
2980,375,delivered,,310,7.99,4,,,,,,23.34,2026-05-05T11:12:47Z,2026-05-13T10:00:44Z
2981,664,delivered,,1370,7.99,11,,,,,,24.72,2026-04-17T23:17:12Z,2026-05-13T10:00:44Z
2982,482,delivered,,1015,7.99,5,,,,,,11.69,2026-04-09T14:55:30Z,2026-05-13T10:00:44Z
2983,910,cancelled,Weather disruption on planned lane,2730,7.99,5,,,,,,64.64,2026-04-18T00:08:57Z,2026-05-13T10:00:44Z
2984,796,pending,,2060,14.99,,,,,,,61.85,2026-05-09T09:48:00Z,2026-05-13T10:00:44Z
2985,1273,confirmed,,510,7.99,6,,,,,,74.38,2026-04-21T02:06:40Z,2026-05-13T10:00:44Z
2986,1899,processing,,420,14.99,11,,,,,,24.4,2026-03-30T13:29:19Z,2026-05-13T10:00:44Z
2987,809,shipped,,2490,14.99,7,,,,,3840,87.45,2026-03-30T13:38:35Z,2026-05-13T10:00:44Z
2988,105,delivered,,1080,0,7,,,,,,37.43,2026-04-12T14:29:40Z,2026-05-13T10:00:44Z
2989,1417,delivered,,1740,7.99,2,,,,,2692,39.87,2026-03-31T05:14:45Z,2026-05-13T10:00:44Z
2990,606,delivered,,1950,14.99,6,,,,,1957,27.42,2026-03-16T23:28:49Z,2026-05-13T10:00:44Z
2991,1793,cancelled,Permit or documentation issue,1080,7.99,12,,,,,2096,69.57,2026-04-24T00:40:00Z,2026-05-13T10:00:44Z
2992,1970,pending,,190,7.99,,,,,,,65.55,2026-04-29T23:20:33Z,2026-05-13T10:00:44Z
2993,1835,confirmed,,1040,7.99,11,,,,,,75.29,2026-04-07T10:22:05Z,2026-05-13T10:00:44Z
2994,813,processing,,580,0,5,,,,,301,11.8,2026-03-28T14:43:03Z,2026-05-13T10:00:44Z
2995,110,shipped,,2355,0,10,,,,,4092,15.37,2026-04-22T19:55:21Z,2026-05-13T10:00:44Z
2996,375,delivered,,375,7.99,1,,,,,,93.94,2026-04-06T08:42:36Z,2026-05-13T10:00:44Z
2997,1087,delivered,,3070,0,9,,,,,,22.63,2026-03-24T06:46:16Z,2026-05-13T10:00:44Z
2998,268,delivered,,2590,7.99,7,,,,,,76.76,2026-03-27T04:40:55Z,2026-05-13T10:00:44Z
2999,673,cancelled,Carrier no-show,885,7.99,8,,,,,2792,66.94,2026-04-12T13:15:35Z,2026-05-13T10:00:44Z
3000,1476,pending,,1710,7.99,,,,,,,79.03,2026-03-18T02:05:42Z,2026-05-13T10:00:44Z
