mention_id,post_id,product_id,confidence_score,mention_type,created_at
1,2,21,0.811,hashtag,2026-05-13T10:00:44Z
2,6,18,0.947,semantic,2026-05-13T10:00:44Z
3,7,23,0.749,hashtag,2026-05-13T10:00:44Z
4,9,10,0.817,inferred,2026-05-13T10:00:44Z
5,10,9,0.982,direct,2026-05-13T10:00:44Z
6,12,2,0.804,hashtag,2026-05-13T10:00:44Z
7,14,25,0.855,inferred,2026-05-13T10:00:44Z
8,15,11,0.966,direct,2026-05-13T10:00:44Z
9,16,1,0.709,semantic,2026-05-13T10:00:44Z
10,17,22,0.714,hashtag,2026-05-13T10:00:44Z
11,18,4,0.843,visual,2026-05-13T10:00:44Z
12,19,12,0.88,inferred,2026-05-13T10:00:44Z
13,20,24,0.966,direct,2026-05-13T10:00:44Z
14,21,6,0.847,semantic,2026-05-13T10:00:44Z
15,22,31,0.713,hashtag,2026-05-13T10:00:44Z
16,23,13,0.836,visual,2026-05-13T10:00:44Z
17,24,22,0.955,inferred,2026-05-13T10:00:44Z
18,27,30,0.996,hashtag,2026-05-13T10:00:44Z
19,29,31,0.902,inferred,2026-05-13T10:00:44Z
20,33,1,0.779,visual,2026-05-13T10:00:44Z
21,34,9,0.744,inferred,2026-05-13T10:00:44Z
22,35,6,0.965,direct,2026-05-13T10:00:44Z
23,36,6,0.974,semantic,2026-05-13T10:00:44Z
24,37,18,0.923,hashtag,2026-05-13T10:00:44Z
25,41,6,0.812,semantic,2026-05-13T10:00:44Z
26,42,2,0.913,hashtag,2026-05-13T10:00:44Z
27,43,25,0.851,visual,2026-05-13T10:00:44Z
28,44,11,0.872,inferred,2026-05-13T10:00:44Z
29,46,2,0.948,semantic,2026-05-13T10:00:44Z
30,47,25,0.935,hashtag,2026-05-13T10:00:44Z
31,48,27,0.814,visual,2026-05-13T10:00:44Z
32,50,6,0.827,direct,2026-05-13T10:00:44Z
33,51,22,0.997,semantic,2026-05-13T10:00:44Z
34,54,8,0.985,inferred,2026-05-13T10:00:44Z
35,55,9,0.985,direct,2026-05-13T10:00:44Z
36,56,23,0.736,semantic,2026-05-13T10:00:44Z
37,57,17,0.965,hashtag,2026-05-13T10:00:44Z
38,58,31,0.874,visual,2026-05-13T10:00:44Z
39,59,14,0.845,inferred,2026-05-13T10:00:44Z
40,63,21,0.873,visual,2026-05-13T10:00:44Z
41,64,7,0.87,inferred,2026-05-13T10:00:44Z
42,66,2,0.809,semantic,2026-05-13T10:00:44Z
43,67,16,0.917,hashtag,2026-05-13T10:00:44Z
44,71,8,0.944,semantic,2026-05-13T10:00:44Z
45,72,26,0.861,hashtag,2026-05-13T10:00:44Z
46,73,23,0.914,visual,2026-05-13T10:00:44Z
47,74,4,0.789,inferred,2026-05-13T10:00:44Z
48,75,15,0.725,direct,2026-05-13T10:00:44Z
49,76,9,0.795,semantic,2026-05-13T10:00:44Z
50,79,26,0.801,inferred,2026-05-13T10:00:44Z
51,80,31,0.825,direct,2026-05-13T10:00:44Z
52,81,3,0.815,semantic,2026-05-13T10:00:44Z
53,82,28,0.886,hashtag,2026-05-13T10:00:44Z
54,84,27,0.948,inferred,2026-05-13T10:00:44Z
55,85,24,0.877,direct,2026-05-13T10:00:44Z
56,87,22,0.843,hashtag,2026-05-13T10:00:44Z
57,91,1,0.983,semantic,2026-05-13T10:00:44Z
58,92,13,0.959,hashtag,2026-05-13T10:00:44Z
59,93,11,0.931,visual,2026-05-13T10:00:44Z
60,95,12,0.767,direct,2026-05-13T10:00:44Z
61,96,2,0.808,semantic,2026-05-13T10:00:44Z
62,99,15,0.962,inferred,2026-05-13T10:00:44Z
63,100,4,0.956,direct,2026-05-13T10:00:44Z
64,101,7,0.829,semantic,2026-05-13T10:00:44Z
65,102,1,0.99,hashtag,2026-05-13T10:00:44Z
66,103,15,0.994,visual,2026-05-13T10:00:44Z
67,104,16,0.765,inferred,2026-05-13T10:00:44Z
68,105,15,0.902,direct,2026-05-13T10:00:44Z
69,106,13,0.832,semantic,2026-05-13T10:00:44Z
70,107,2,0.842,hashtag,2026-05-13T10:00:44Z
71,109,12,0.775,inferred,2026-05-13T10:00:44Z
72,112,23,0.857,hashtag,2026-05-13T10:00:44Z
73,113,22,0.813,visual,2026-05-13T10:00:44Z
74,114,16,0.844,inferred,2026-05-13T10:00:44Z
75,115,16,0.943,direct,2026-05-13T10:00:44Z
76,116,25,0.951,semantic,2026-05-13T10:00:44Z
77,117,25,0.858,hashtag,2026-05-13T10:00:44Z
78,119,18,0.72,inferred,2026-05-13T10:00:44Z
79,120,25,0.912,direct,2026-05-13T10:00:44Z
80,121,7,0.872,semantic,2026-05-13T10:00:44Z
81,123,2,0.713,visual,2026-05-13T10:00:44Z
82,124,28,0.749,inferred,2026-05-13T10:00:44Z
83,125,31,0.818,direct,2026-05-13T10:00:44Z
84,126,28,0.711,semantic,2026-05-13T10:00:44Z
85,127,3,0.851,hashtag,2026-05-13T10:00:44Z
86,128,2,0.715,visual,2026-05-13T10:00:44Z
87,129,14,0.823,inferred,2026-05-13T10:00:44Z
88,132,6,0.727,hashtag,2026-05-13T10:00:44Z
89,134,31,0.797,inferred,2026-05-13T10:00:44Z
90,135,9,0.805,direct,2026-05-13T10:00:44Z
91,137,21,0.962,hashtag,2026-05-13T10:00:44Z
92,138,9,0.822,visual,2026-05-13T10:00:44Z
93,140,4,0.838,direct,2026-05-13T10:00:44Z
94,143,3,0.838,visual,2026-05-13T10:00:44Z
95,144,26,0.705,inferred,2026-05-13T10:00:44Z
96,149,21,1,inferred,2026-05-13T10:00:44Z
97,150,4,0.838,direct,2026-05-13T10:00:44Z
98,152,14,0.806,hashtag,2026-05-13T10:00:44Z
99,153,24,0.747,visual,2026-05-13T10:00:44Z
100,154,19,0.821,inferred,2026-05-13T10:00:44Z
101,155,9,0.779,direct,2026-05-13T10:00:44Z
102,156,17,0.777,semantic,2026-05-13T10:00:44Z
103,157,29,0.944,hashtag,2026-05-13T10:00:44Z
104,158,24,0.878,visual,2026-05-13T10:00:44Z
105,159,21,0.863,inferred,2026-05-13T10:00:44Z
106,160,4,0.805,direct,2026-05-13T10:00:44Z
107,162,6,0.845,hashtag,2026-05-13T10:00:44Z
108,163,4,0.879,visual,2026-05-13T10:00:44Z
109,164,3,0.869,inferred,2026-05-13T10:00:44Z
110,165,13,0.831,direct,2026-05-13T10:00:44Z
111,166,9,0.914,semantic,2026-05-13T10:00:44Z
112,168,29,0.948,visual,2026-05-13T10:00:44Z
113,169,9,0.843,inferred,2026-05-13T10:00:44Z
114,171,8,0.743,semantic,2026-05-13T10:00:44Z
115,172,16,0.825,hashtag,2026-05-13T10:00:44Z
116,173,9,0.757,visual,2026-05-13T10:00:44Z
117,174,9,0.772,inferred,2026-05-13T10:00:44Z
118,175,16,0.937,direct,2026-05-13T10:00:44Z
119,176,3,0.934,semantic,2026-05-13T10:00:44Z
120,177,19,0.711,hashtag,2026-05-13T10:00:44Z
121,178,15,0.784,visual,2026-05-13T10:00:44Z
122,179,22,0.926,inferred,2026-05-13T10:00:44Z
123,180,23,0.748,direct,2026-05-13T10:00:44Z
124,182,5,0.773,hashtag,2026-05-13T10:00:44Z
125,183,8,0.823,visual,2026-05-13T10:00:44Z
126,184,16,0.716,inferred,2026-05-13T10:00:44Z
127,186,30,0.908,semantic,2026-05-13T10:00:44Z
128,188,24,0.903,visual,2026-05-13T10:00:44Z
129,189,31,0.94,inferred,2026-05-13T10:00:44Z
130,190,5,0.881,direct,2026-05-13T10:00:44Z
131,191,12,0.769,semantic,2026-05-13T10:00:44Z
132,192,17,0.781,hashtag,2026-05-13T10:00:44Z
133,193,30,0.996,visual,2026-05-13T10:00:44Z
134,195,19,0.861,direct,2026-05-13T10:00:44Z
135,196,4,0.705,semantic,2026-05-13T10:00:44Z
136,197,15,0.957,hashtag,2026-05-13T10:00:44Z
137,200,10,0.808,direct,2026-05-13T10:00:44Z
138,201,4,0.954,semantic,2026-05-13T10:00:44Z
139,203,27,0.996,visual,2026-05-13T10:00:44Z
140,204,29,0.749,inferred,2026-05-13T10:00:44Z
141,205,15,0.791,direct,2026-05-13T10:00:44Z
142,206,3,0.966,semantic,2026-05-13T10:00:44Z
143,207,13,0.849,hashtag,2026-05-13T10:00:44Z
144,208,24,0.736,visual,2026-05-13T10:00:44Z
145,209,23,0.814,inferred,2026-05-13T10:00:44Z
146,210,19,0.861,direct,2026-05-13T10:00:44Z
147,211,5,0.887,semantic,2026-05-13T10:00:44Z
148,212,12,0.777,hashtag,2026-05-13T10:00:44Z
149,213,14,0.961,visual,2026-05-13T10:00:44Z
150,214,21,0.733,inferred,2026-05-13T10:00:44Z
151,215,11,0.837,direct,2026-05-13T10:00:44Z
152,216,23,0.877,semantic,2026-05-13T10:00:44Z
153,219,31,0.798,inferred,2026-05-13T10:00:44Z
154,220,7,0.828,direct,2026-05-13T10:00:44Z
155,221,17,0.872,semantic,2026-05-13T10:00:44Z
156,222,13,0.924,hashtag,2026-05-13T10:00:44Z
157,223,10,0.97,visual,2026-05-13T10:00:44Z
158,224,12,0.827,inferred,2026-05-13T10:00:44Z
159,225,3,0.788,direct,2026-05-13T10:00:44Z
160,226,24,0.714,semantic,2026-05-13T10:00:44Z
161,227,10,0.833,hashtag,2026-05-13T10:00:44Z
162,228,6,0.924,visual,2026-05-13T10:00:44Z
163,229,14,0.753,inferred,2026-05-13T10:00:44Z
164,230,1,0.718,direct,2026-05-13T10:00:44Z
165,233,12,0.823,visual,2026-05-13T10:00:44Z
166,235,9,0.974,direct,2026-05-13T10:00:44Z
167,236,12,0.739,semantic,2026-05-13T10:00:44Z
168,237,22,0.943,hashtag,2026-05-13T10:00:44Z
169,238,7,0.944,visual,2026-05-13T10:00:44Z
170,239,4,0.777,inferred,2026-05-13T10:00:44Z
171,240,22,0.769,direct,2026-05-13T10:00:44Z
172,241,16,0.8,semantic,2026-05-13T10:00:44Z
173,242,6,0.845,hashtag,2026-05-13T10:00:44Z
174,243,22,0.779,visual,2026-05-13T10:00:44Z
175,244,7,0.751,inferred,2026-05-13T10:00:44Z
176,245,11,0.937,direct,2026-05-13T10:00:44Z
177,246,26,0.923,semantic,2026-05-13T10:00:44Z
178,247,17,0.734,hashtag,2026-05-13T10:00:44Z
179,248,20,0.742,visual,2026-05-13T10:00:44Z
180,249,5,0.803,inferred,2026-05-13T10:00:44Z
181,250,31,0.833,direct,2026-05-13T10:00:44Z
182,251,6,0.739,semantic,2026-05-13T10:00:44Z
183,254,5,0.961,inferred,2026-05-13T10:00:44Z
184,255,29,0.933,direct,2026-05-13T10:00:44Z
185,257,31,0.997,hashtag,2026-05-13T10:00:44Z
186,258,25,0.807,visual,2026-05-13T10:00:44Z
187,259,6,0.871,inferred,2026-05-13T10:00:44Z
188,260,21,0.983,direct,2026-05-13T10:00:44Z
189,261,29,0.92,semantic,2026-05-13T10:00:44Z
190,262,1,0.844,hashtag,2026-05-13T10:00:44Z
191,264,26,0.845,inferred,2026-05-13T10:00:44Z
192,265,23,0.79,direct,2026-05-13T10:00:44Z
193,266,7,0.848,semantic,2026-05-13T10:00:44Z
194,267,18,0.842,hashtag,2026-05-13T10:00:44Z
195,269,24,0.782,inferred,2026-05-13T10:00:44Z
196,270,4,0.942,direct,2026-05-13T10:00:44Z
197,271,19,0.894,semantic,2026-05-13T10:00:44Z
198,272,12,0.966,hashtag,2026-05-13T10:00:44Z
199,273,1,0.769,visual,2026-05-13T10:00:44Z
200,274,13,0.921,inferred,2026-05-13T10:00:44Z
201,275,18,0.983,direct,2026-05-13T10:00:44Z
202,276,1,0.929,semantic,2026-05-13T10:00:44Z
203,277,2,0.705,hashtag,2026-05-13T10:00:44Z
204,280,9,0.983,direct,2026-05-13T10:00:44Z
205,281,29,0.764,semantic,2026-05-13T10:00:44Z
206,283,30,0.717,visual,2026-05-13T10:00:44Z
207,287,26,0.823,hashtag,2026-05-13T10:00:44Z
208,288,25,0.952,visual,2026-05-13T10:00:44Z
209,289,7,0.766,inferred,2026-05-13T10:00:44Z
210,290,7,0.885,direct,2026-05-13T10:00:44Z
211,291,10,0.727,semantic,2026-05-13T10:00:44Z
212,292,18,0.792,hashtag,2026-05-13T10:00:44Z
213,293,13,0.929,visual,2026-05-13T10:00:44Z
214,294,17,0.865,inferred,2026-05-13T10:00:44Z
215,295,4,0.817,direct,2026-05-13T10:00:44Z
216,296,25,0.965,semantic,2026-05-13T10:00:44Z
217,297,19,0.754,hashtag,2026-05-13T10:00:44Z
218,298,15,0.751,visual,2026-05-13T10:00:44Z
219,299,20,0.991,inferred,2026-05-13T10:00:44Z
220,301,16,0.912,semantic,2026-05-13T10:00:44Z
221,302,4,0.848,hashtag,2026-05-13T10:00:44Z
222,303,23,0.824,visual,2026-05-13T10:00:44Z
223,305,27,0.715,direct,2026-05-13T10:00:44Z
224,306,17,0.878,semantic,2026-05-13T10:00:44Z
225,307,11,0.828,hashtag,2026-05-13T10:00:44Z
226,308,11,0.999,visual,2026-05-13T10:00:44Z
227,309,11,0.943,inferred,2026-05-13T10:00:44Z
228,310,5,0.869,direct,2026-05-13T10:00:44Z
229,311,31,0.73,semantic,2026-05-13T10:00:44Z
230,312,30,0.969,hashtag,2026-05-13T10:00:44Z
231,313,7,1,visual,2026-05-13T10:00:44Z
232,314,16,0.761,inferred,2026-05-13T10:00:44Z
233,315,13,0.858,direct,2026-05-13T10:00:44Z
234,317,8,0.777,hashtag,2026-05-13T10:00:44Z
235,318,15,0.96,visual,2026-05-13T10:00:44Z
236,319,24,0.995,inferred,2026-05-13T10:00:44Z
237,320,21,0.828,direct,2026-05-13T10:00:44Z
238,322,17,0.933,hashtag,2026-05-13T10:00:44Z
239,323,15,0.961,visual,2026-05-13T10:00:44Z
240,324,3,0.915,inferred,2026-05-13T10:00:44Z
241,325,2,0.79,direct,2026-05-13T10:00:44Z
242,326,31,0.783,semantic,2026-05-13T10:00:44Z
243,327,22,0.747,hashtag,2026-05-13T10:00:44Z
244,328,28,0.728,visual,2026-05-13T10:00:44Z
245,331,7,0.813,semantic,2026-05-13T10:00:44Z
246,334,29,0.969,inferred,2026-05-13T10:00:44Z
247,335,27,0.967,direct,2026-05-13T10:00:44Z
248,337,24,0.885,hashtag,2026-05-13T10:00:44Z
249,338,3,0.85,visual,2026-05-13T10:00:44Z
250,339,26,0.979,inferred,2026-05-13T10:00:44Z
251,340,3,0.953,direct,2026-05-13T10:00:44Z
252,341,24,0.746,semantic,2026-05-13T10:00:44Z
253,342,30,0.839,hashtag,2026-05-13T10:00:44Z
254,343,29,0.794,visual,2026-05-13T10:00:44Z
255,344,17,0.788,inferred,2026-05-13T10:00:44Z
256,345,11,0.934,direct,2026-05-13T10:00:44Z
257,346,19,0.709,semantic,2026-05-13T10:00:44Z
258,348,31,0.772,visual,2026-05-13T10:00:44Z
259,349,4,0.707,inferred,2026-05-13T10:00:44Z
260,351,10,0.872,semantic,2026-05-13T10:00:44Z
261,352,19,0.709,hashtag,2026-05-13T10:00:44Z
262,354,1,0.984,inferred,2026-05-13T10:00:44Z
263,355,2,0.913,direct,2026-05-13T10:00:44Z
264,356,15,0.785,semantic,2026-05-13T10:00:44Z
265,357,18,0.933,hashtag,2026-05-13T10:00:44Z
266,358,5,0.972,visual,2026-05-13T10:00:44Z
267,359,21,0.72,inferred,2026-05-13T10:00:44Z
268,363,8,0.885,visual,2026-05-13T10:00:44Z
269,364,28,0.829,inferred,2026-05-13T10:00:44Z
270,365,20,0.936,direct,2026-05-13T10:00:44Z
271,366,27,0.879,semantic,2026-05-13T10:00:44Z
272,369,20,0.975,inferred,2026-05-13T10:00:44Z
273,370,21,0.798,direct,2026-05-13T10:00:44Z
274,371,12,0.907,semantic,2026-05-13T10:00:44Z
275,372,27,0.969,hashtag,2026-05-13T10:00:44Z
276,373,17,0.881,visual,2026-05-13T10:00:44Z
277,375,22,0.773,direct,2026-05-13T10:00:44Z
278,376,5,0.983,semantic,2026-05-13T10:00:44Z
279,378,21,0.793,visual,2026-05-13T10:00:44Z
280,379,26,0.934,inferred,2026-05-13T10:00:44Z
281,380,25,0.815,direct,2026-05-13T10:00:44Z
282,381,16,0.826,semantic,2026-05-13T10:00:44Z
283,382,10,0.979,hashtag,2026-05-13T10:00:44Z
284,385,15,0.973,direct,2026-05-13T10:00:44Z
285,388,25,0.756,visual,2026-05-13T10:00:44Z
286,390,18,0.797,direct,2026-05-13T10:00:44Z
287,391,1,0.794,semantic,2026-05-13T10:00:44Z
288,392,24,0.778,hashtag,2026-05-13T10:00:44Z
289,395,3,0.737,direct,2026-05-13T10:00:44Z
290,396,29,0.783,semantic,2026-05-13T10:00:44Z
291,397,4,0.726,hashtag,2026-05-13T10:00:44Z
292,398,3,0.756,visual,2026-05-13T10:00:44Z
293,399,22,0.843,inferred,2026-05-13T10:00:44Z
294,400,8,0.949,direct,2026-05-13T10:00:44Z
295,401,12,0.837,semantic,2026-05-13T10:00:44Z
296,402,13,0.884,hashtag,2026-05-13T10:00:44Z
297,403,1,0.701,visual,2026-05-13T10:00:44Z
298,405,4,0.955,direct,2026-05-13T10:00:44Z
299,406,5,0.876,semantic,2026-05-13T10:00:44Z
300,407,19,0.872,hashtag,2026-05-13T10:00:44Z
301,409,31,0.987,inferred,2026-05-13T10:00:44Z
302,410,26,0.85,direct,2026-05-13T10:00:44Z
303,411,19,0.986,semantic,2026-05-13T10:00:44Z
304,414,29,0.719,inferred,2026-05-13T10:00:44Z
305,415,27,0.935,direct,2026-05-13T10:00:44Z
306,416,28,0.895,semantic,2026-05-13T10:00:44Z
307,417,22,0.919,hashtag,2026-05-13T10:00:44Z
308,418,20,0.973,visual,2026-05-13T10:00:44Z
309,425,2,0.717,direct,2026-05-13T10:00:44Z
310,426,9,0.82,semantic,2026-05-13T10:00:44Z
311,427,29,0.905,hashtag,2026-05-13T10:00:44Z
312,429,8,0.761,inferred,2026-05-13T10:00:44Z
313,430,10,0.78,direct,2026-05-13T10:00:44Z
314,433,27,0.962,visual,2026-05-13T10:00:44Z
315,434,17,0.983,inferred,2026-05-13T10:00:44Z
316,435,28,0.952,direct,2026-05-13T10:00:44Z
317,436,8,0.976,semantic,2026-05-13T10:00:44Z
318,438,25,0.743,visual,2026-05-13T10:00:44Z
319,439,12,0.848,inferred,2026-05-13T10:00:44Z
320,442,5,0.81,hashtag,2026-05-13T10:00:44Z
321,443,30,0.775,visual,2026-05-13T10:00:44Z
322,446,6,0.787,semantic,2026-05-13T10:00:44Z
323,447,22,0.996,hashtag,2026-05-13T10:00:44Z
324,448,7,0.8,visual,2026-05-13T10:00:44Z
325,449,9,0.842,inferred,2026-05-13T10:00:44Z
326,451,29,0.994,semantic,2026-05-13T10:00:44Z
327,452,6,0.851,hashtag,2026-05-13T10:00:44Z
328,454,6,0.88,inferred,2026-05-13T10:00:44Z
329,455,18,0.782,direct,2026-05-13T10:00:44Z
330,458,13,0.892,visual,2026-05-13T10:00:44Z
331,459,11,0.923,inferred,2026-05-13T10:00:44Z
332,461,22,0.83,semantic,2026-05-13T10:00:44Z
333,462,29,0.889,hashtag,2026-05-13T10:00:44Z
334,464,27,0.921,inferred,2026-05-13T10:00:44Z
335,465,14,0.892,direct,2026-05-13T10:00:44Z
336,467,28,0.807,hashtag,2026-05-13T10:00:44Z
337,468,18,0.829,visual,2026-05-13T10:00:44Z
338,469,3,0.794,inferred,2026-05-13T10:00:44Z
339,470,29,0.776,direct,2026-05-13T10:00:44Z
340,471,19,0.741,semantic,2026-05-13T10:00:44Z
341,472,8,0.944,hashtag,2026-05-13T10:00:44Z
342,473,3,0.913,visual,2026-05-13T10:00:44Z
343,474,8,0.771,inferred,2026-05-13T10:00:44Z
344,477,14,0.926,hashtag,2026-05-13T10:00:44Z
345,479,10,0.991,inferred,2026-05-13T10:00:44Z
346,480,25,0.848,direct,2026-05-13T10:00:44Z
347,481,26,0.881,semantic,2026-05-13T10:00:44Z
348,486,20,0.701,semantic,2026-05-13T10:00:44Z
349,487,30,0.769,hashtag,2026-05-13T10:00:44Z
350,488,10,0.767,visual,2026-05-13T10:00:44Z
351,489,1,0.812,inferred,2026-05-13T10:00:44Z
352,490,17,0.913,direct,2026-05-13T10:00:44Z
353,491,31,0.809,semantic,2026-05-13T10:00:44Z
354,495,24,0.979,direct,2026-05-13T10:00:44Z
355,497,2,0.9,hashtag,2026-05-13T10:00:44Z
356,498,18,0.853,visual,2026-05-13T10:00:44Z
357,499,6,0.989,inferred,2026-05-13T10:00:44Z
358,501,21,0.749,semantic,2026-05-13T10:00:44Z
359,502,7,0.813,hashtag,2026-05-13T10:00:44Z
360,503,6,0.914,visual,2026-05-13T10:00:44Z
361,506,13,0.731,semantic,2026-05-13T10:00:44Z
362,507,5,0.866,hashtag,2026-05-13T10:00:44Z
363,508,24,0.931,visual,2026-05-13T10:00:44Z
364,509,4,0.864,inferred,2026-05-13T10:00:44Z
365,510,30,0.738,direct,2026-05-13T10:00:44Z
366,511,25,0.812,semantic,2026-05-13T10:00:44Z
367,512,24,0.825,hashtag,2026-05-13T10:00:44Z
368,514,27,0.986,inferred,2026-05-13T10:00:44Z
369,517,1,0.741,hashtag,2026-05-13T10:00:44Z
370,518,2,0.877,visual,2026-05-13T10:00:44Z
371,520,8,0.85,direct,2026-05-13T10:00:44Z
372,521,19,0.977,semantic,2026-05-13T10:00:44Z
373,523,30,0.744,visual,2026-05-13T10:00:44Z
374,525,21,0.967,direct,2026-05-13T10:00:44Z
375,528,22,0.955,visual,2026-05-13T10:00:44Z
376,529,20,0.795,inferred,2026-05-13T10:00:44Z
377,531,4,0.907,semantic,2026-05-13T10:00:44Z
378,532,14,0.889,hashtag,2026-05-13T10:00:44Z
379,534,29,0.739,inferred,2026-05-13T10:00:44Z
380,536,6,0.853,semantic,2026-05-13T10:00:44Z
381,537,18,0.812,hashtag,2026-05-13T10:00:44Z
382,539,15,0.912,inferred,2026-05-13T10:00:44Z
383,540,29,0.958,direct,2026-05-13T10:00:44Z
384,542,1,0.717,hashtag,2026-05-13T10:00:44Z
385,543,12,0.794,visual,2026-05-13T10:00:44Z
386,545,24,0.934,direct,2026-05-13T10:00:44Z
387,546,11,0.873,semantic,2026-05-13T10:00:44Z
388,547,3,0.83,hashtag,2026-05-13T10:00:44Z
389,548,31,0.944,visual,2026-05-13T10:00:44Z
390,549,25,0.996,inferred,2026-05-13T10:00:44Z
391,550,21,0.967,direct,2026-05-13T10:00:44Z
392,553,14,0.893,visual,2026-05-13T10:00:44Z
393,554,12,0.848,inferred,2026-05-13T10:00:44Z
394,555,16,0.903,direct,2026-05-13T10:00:44Z
395,556,7,0.728,semantic,2026-05-13T10:00:44Z
396,558,3,0.7,visual,2026-05-13T10:00:44Z
397,559,4,0.837,inferred,2026-05-13T10:00:44Z
398,560,2,0.886,direct,2026-05-13T10:00:44Z
399,561,29,0.933,semantic,2026-05-13T10:00:44Z
400,563,10,0.729,visual,2026-05-13T10:00:44Z
401,564,2,0.792,inferred,2026-05-13T10:00:44Z
402,566,15,0.839,semantic,2026-05-13T10:00:44Z
403,567,18,0.991,hashtag,2026-05-13T10:00:44Z
404,568,24,0.855,visual,2026-05-13T10:00:44Z
405,569,7,0.897,inferred,2026-05-13T10:00:44Z
406,575,18,0.886,direct,2026-05-13T10:00:44Z
407,577,25,0.969,hashtag,2026-05-13T10:00:44Z
408,578,5,0.988,visual,2026-05-13T10:00:44Z
409,579,27,0.984,inferred,2026-05-13T10:00:44Z
410,580,26,0.906,direct,2026-05-13T10:00:44Z
411,581,20,0.953,semantic,2026-05-13T10:00:44Z
412,582,10,0.99,hashtag,2026-05-13T10:00:44Z
413,584,20,0.951,inferred,2026-05-13T10:00:44Z
414,585,7,0.843,direct,2026-05-13T10:00:44Z
415,586,13,0.973,semantic,2026-05-13T10:00:44Z
416,587,5,0.871,hashtag,2026-05-13T10:00:44Z
417,588,31,0.935,visual,2026-05-13T10:00:44Z
418,592,30,0.939,hashtag,2026-05-13T10:00:44Z
419,593,2,0.812,visual,2026-05-13T10:00:44Z
420,594,29,0.918,inferred,2026-05-13T10:00:44Z
421,595,23,0.886,direct,2026-05-13T10:00:44Z
422,596,28,0.779,semantic,2026-05-13T10:00:44Z
423,597,23,0.967,hashtag,2026-05-13T10:00:44Z
424,602,31,0.787,hashtag,2026-05-13T10:00:44Z
425,603,22,0.88,visual,2026-05-13T10:00:44Z
426,606,9,0.784,semantic,2026-05-13T10:00:44Z
427,607,29,0.831,hashtag,2026-05-13T10:00:44Z
428,608,24,0.716,visual,2026-05-13T10:00:44Z
429,609,8,0.81,inferred,2026-05-13T10:00:44Z
430,610,16,0.976,direct,2026-05-13T10:00:44Z
431,611,24,0.712,semantic,2026-05-13T10:00:44Z
432,612,4,0.778,hashtag,2026-05-13T10:00:44Z
433,616,7,0.831,semantic,2026-05-13T10:00:44Z
434,617,31,0.869,hashtag,2026-05-13T10:00:44Z
435,618,28,0.953,visual,2026-05-13T10:00:44Z
436,620,24,0.82,direct,2026-05-13T10:00:44Z
437,624,16,0.78,inferred,2026-05-13T10:00:44Z
438,625,8,0.989,direct,2026-05-13T10:00:44Z
439,626,18,0.734,semantic,2026-05-13T10:00:44Z
440,627,1,0.838,hashtag,2026-05-13T10:00:44Z
441,628,17,0.943,visual,2026-05-13T10:00:44Z
442,630,30,0.717,direct,2026-05-13T10:00:44Z
443,631,29,0.828,semantic,2026-05-13T10:00:44Z
444,632,29,0.865,hashtag,2026-05-13T10:00:44Z
445,634,19,0.955,inferred,2026-05-13T10:00:44Z
446,635,11,0.812,direct,2026-05-13T10:00:44Z
447,636,21,0.732,semantic,2026-05-13T10:00:44Z
448,639,19,0.782,inferred,2026-05-13T10:00:44Z
449,641,30,0.966,semantic,2026-05-13T10:00:44Z
450,642,19,0.861,hashtag,2026-05-13T10:00:44Z
451,643,17,0.756,visual,2026-05-13T10:00:44Z
452,644,19,0.962,inferred,2026-05-13T10:00:44Z
453,645,3,0.921,direct,2026-05-13T10:00:44Z
454,646,17,0.988,semantic,2026-05-13T10:00:44Z
455,650,19,0.899,direct,2026-05-13T10:00:44Z
456,651,17,0.936,semantic,2026-05-13T10:00:44Z
457,652,5,0.957,hashtag,2026-05-13T10:00:44Z
458,653,10,0.836,visual,2026-05-13T10:00:44Z
459,654,14,0.962,inferred,2026-05-13T10:00:44Z
460,655,27,0.869,direct,2026-05-13T10:00:44Z
461,656,4,0.856,semantic,2026-05-13T10:00:44Z
462,658,29,0.757,visual,2026-05-13T10:00:44Z
463,660,22,0.851,direct,2026-05-13T10:00:44Z
464,661,29,0.974,semantic,2026-05-13T10:00:44Z
465,662,1,0.806,hashtag,2026-05-13T10:00:44Z
466,663,14,0.893,visual,2026-05-13T10:00:44Z
467,665,20,0.821,direct,2026-05-13T10:00:44Z
468,666,4,0.977,semantic,2026-05-13T10:00:44Z
469,669,14,0.941,inferred,2026-05-13T10:00:44Z
470,670,31,0.891,direct,2026-05-13T10:00:44Z
471,672,16,0.898,hashtag,2026-05-13T10:00:44Z
472,673,19,0.707,visual,2026-05-13T10:00:44Z
473,676,23,0.865,semantic,2026-05-13T10:00:44Z
474,677,10,0.732,hashtag,2026-05-13T10:00:44Z
475,678,18,0.712,visual,2026-05-13T10:00:44Z
476,679,15,0.862,inferred,2026-05-13T10:00:44Z
477,680,24,0.721,direct,2026-05-13T10:00:44Z
478,681,17,0.802,semantic,2026-05-13T10:00:44Z
479,682,20,0.713,hashtag,2026-05-13T10:00:44Z
480,683,5,0.717,visual,2026-05-13T10:00:44Z
481,686,20,0.712,semantic,2026-05-13T10:00:44Z
482,687,3,0.904,hashtag,2026-05-13T10:00:44Z
483,689,24,0.884,inferred,2026-05-13T10:00:44Z
484,690,28,0.863,direct,2026-05-13T10:00:44Z
485,692,31,0.738,hashtag,2026-05-13T10:00:44Z
486,693,4,0.713,visual,2026-05-13T10:00:44Z
487,694,27,0.942,inferred,2026-05-13T10:00:44Z
488,695,7,0.758,direct,2026-05-13T10:00:44Z
489,696,3,0.961,semantic,2026-05-13T10:00:44Z
490,698,23,0.857,visual,2026-05-13T10:00:44Z
491,700,20,0.795,direct,2026-05-13T10:00:44Z
492,701,17,0.791,semantic,2026-05-13T10:00:44Z
493,703,19,0.926,visual,2026-05-13T10:00:44Z
494,704,29,0.763,inferred,2026-05-13T10:00:44Z
495,705,19,0.728,direct,2026-05-13T10:00:44Z
496,707,12,0.831,hashtag,2026-05-13T10:00:44Z
497,709,10,0.928,inferred,2026-05-13T10:00:44Z
498,710,6,0.738,direct,2026-05-13T10:00:44Z
499,711,11,0.985,semantic,2026-05-13T10:00:44Z
500,712,10,0.79,hashtag,2026-05-13T10:00:44Z
501,714,27,0.944,inferred,2026-05-13T10:00:44Z
502,715,30,0.742,direct,2026-05-13T10:00:44Z
503,716,27,0.813,semantic,2026-05-13T10:00:44Z
504,717,19,0.909,hashtag,2026-05-13T10:00:44Z
505,718,9,0.718,visual,2026-05-13T10:00:44Z
506,719,11,0.912,inferred,2026-05-13T10:00:44Z
507,721,28,0.858,semantic,2026-05-13T10:00:44Z
508,724,19,0.778,inferred,2026-05-13T10:00:44Z
509,725,9,0.861,direct,2026-05-13T10:00:44Z
510,726,30,0.963,semantic,2026-05-13T10:00:44Z
511,727,11,0.918,hashtag,2026-05-13T10:00:44Z
512,729,7,0.855,inferred,2026-05-13T10:00:44Z
513,730,21,0.984,direct,2026-05-13T10:00:44Z
514,732,12,0.832,hashtag,2026-05-13T10:00:44Z
515,734,2,0.863,inferred,2026-05-13T10:00:44Z
516,735,27,0.976,direct,2026-05-13T10:00:44Z
517,736,15,0.833,semantic,2026-05-13T10:00:44Z
518,737,22,0.941,hashtag,2026-05-13T10:00:44Z
519,738,8,0.952,visual,2026-05-13T10:00:44Z
520,739,28,0.868,inferred,2026-05-13T10:00:44Z
521,743,20,0.781,visual,2026-05-13T10:00:44Z
522,745,23,0.745,direct,2026-05-13T10:00:44Z
523,746,1,0.796,semantic,2026-05-13T10:00:44Z
524,749,16,0.982,inferred,2026-05-13T10:00:44Z
525,750,26,0.917,direct,2026-05-13T10:00:44Z
526,751,2,0.83,semantic,2026-05-13T10:00:44Z
527,752,13,0.986,hashtag,2026-05-13T10:00:44Z
528,754,23,0.724,inferred,2026-05-13T10:00:44Z
529,755,23,0.839,direct,2026-05-13T10:00:44Z
530,756,9,0.884,semantic,2026-05-13T10:00:44Z
531,757,19,0.92,hashtag,2026-05-13T10:00:44Z
532,758,30,0.799,visual,2026-05-13T10:00:44Z
533,759,2,0.891,inferred,2026-05-13T10:00:44Z
534,760,6,0.806,direct,2026-05-13T10:00:44Z
535,761,31,0.954,semantic,2026-05-13T10:00:44Z
536,762,9,0.808,hashtag,2026-05-13T10:00:44Z
537,763,1,0.991,visual,2026-05-13T10:00:44Z
538,764,12,0.804,inferred,2026-05-13T10:00:44Z
539,765,8,0.93,direct,2026-05-13T10:00:44Z
540,766,25,0.93,semantic,2026-05-13T10:00:44Z
541,767,16,0.855,hashtag,2026-05-13T10:00:44Z
542,769,22,0.965,inferred,2026-05-13T10:00:44Z
543,772,19,0.906,hashtag,2026-05-13T10:00:44Z
544,773,18,0.746,visual,2026-05-13T10:00:44Z
545,774,17,0.96,inferred,2026-05-13T10:00:44Z
546,775,4,0.799,direct,2026-05-13T10:00:44Z
547,777,28,0.763,hashtag,2026-05-13T10:00:44Z
548,780,6,0.977,direct,2026-05-13T10:00:44Z
549,781,20,0.985,semantic,2026-05-13T10:00:44Z
550,782,8,0.839,hashtag,2026-05-13T10:00:44Z
551,783,23,0.726,visual,2026-05-13T10:00:44Z
552,784,28,0.998,inferred,2026-05-13T10:00:44Z
553,785,12,0.739,direct,2026-05-13T10:00:44Z
554,786,2,0.781,semantic,2026-05-13T10:00:44Z
555,787,29,0.933,hashtag,2026-05-13T10:00:44Z
556,788,5,0.793,visual,2026-05-13T10:00:44Z
557,789,9,0.81,inferred,2026-05-13T10:00:44Z
558,790,23,0.952,direct,2026-05-13T10:00:44Z
559,791,16,0.922,semantic,2026-05-13T10:00:44Z
560,792,2,0.905,hashtag,2026-05-13T10:00:44Z
561,793,4,0.962,visual,2026-05-13T10:00:44Z
562,794,19,0.858,inferred,2026-05-13T10:00:44Z
563,795,30,0.852,direct,2026-05-13T10:00:44Z
564,796,3,0.758,semantic,2026-05-13T10:00:44Z
565,797,10,0.869,hashtag,2026-05-13T10:00:44Z
566,799,31,0.976,inferred,2026-05-13T10:00:44Z
567,800,14,0.798,direct,2026-05-13T10:00:44Z
568,803,25,0.987,visual,2026-05-13T10:00:44Z
569,804,27,0.902,inferred,2026-05-13T10:00:44Z
570,805,6,0.815,direct,2026-05-13T10:00:44Z
571,806,9,0.861,semantic,2026-05-13T10:00:44Z
572,809,7,0.837,inferred,2026-05-13T10:00:44Z
573,810,22,0.846,direct,2026-05-13T10:00:44Z
574,811,27,0.863,semantic,2026-05-13T10:00:44Z
575,813,26,0.705,visual,2026-05-13T10:00:44Z
576,815,24,0.708,direct,2026-05-13T10:00:44Z
577,817,6,0.8,hashtag,2026-05-13T10:00:44Z
578,818,4,0.877,visual,2026-05-13T10:00:44Z
579,820,25,0.855,direct,2026-05-13T10:00:44Z
580,821,23,0.953,semantic,2026-05-13T10:00:44Z
581,822,30,0.956,hashtag,2026-05-13T10:00:44Z
582,823,12,0.894,visual,2026-05-13T10:00:44Z
583,825,22,0.852,direct,2026-05-13T10:00:44Z
584,826,16,0.825,semantic,2026-05-13T10:00:44Z
585,827,8,0.776,hashtag,2026-05-13T10:00:44Z
586,828,8,0.749,visual,2026-05-13T10:00:44Z
587,831,17,0.81,semantic,2026-05-13T10:00:44Z
588,833,18,0.894,visual,2026-05-13T10:00:44Z
589,834,24,0.769,inferred,2026-05-13T10:00:44Z
590,835,20,0.739,direct,2026-05-13T10:00:44Z
591,838,8,0.757,visual,2026-05-13T10:00:44Z
592,839,10,0.951,inferred,2026-05-13T10:00:44Z
593,840,21,0.813,direct,2026-05-13T10:00:44Z
594,841,28,0.703,semantic,2026-05-13T10:00:44Z
595,842,5,0.722,hashtag,2026-05-13T10:00:44Z
596,844,3,0.823,inferred,2026-05-13T10:00:44Z
597,845,25,0.901,direct,2026-05-13T10:00:44Z
598,847,27,0.821,hashtag,2026-05-13T10:00:44Z
599,848,6,0.802,visual,2026-05-13T10:00:44Z
600,849,13,0.959,inferred,2026-05-13T10:00:44Z
601,851,19,0.853,semantic,2026-05-13T10:00:44Z
602,852,22,0.968,hashtag,2026-05-13T10:00:44Z
603,853,13,0.705,visual,2026-05-13T10:00:44Z
604,854,13,0.959,inferred,2026-05-13T10:00:44Z
605,855,3,0.969,direct,2026-05-13T10:00:44Z
606,856,19,0.794,semantic,2026-05-13T10:00:44Z
607,857,20,0.896,hashtag,2026-05-13T10:00:44Z
608,859,9,0.754,inferred,2026-05-13T10:00:44Z
609,860,26,0.793,direct,2026-05-13T10:00:44Z
610,861,11,0.842,semantic,2026-05-13T10:00:44Z
611,862,5,0.971,hashtag,2026-05-13T10:00:44Z
612,863,22,0.936,visual,2026-05-13T10:00:44Z
613,864,9,0.868,inferred,2026-05-13T10:00:44Z
614,865,28,0.737,direct,2026-05-13T10:00:44Z
615,866,6,0.71,semantic,2026-05-13T10:00:44Z
616,867,9,0.984,hashtag,2026-05-13T10:00:44Z
617,871,30,0.919,semantic,2026-05-13T10:00:44Z
618,872,27,0.709,hashtag,2026-05-13T10:00:44Z
619,873,30,0.807,visual,2026-05-13T10:00:44Z
620,876,27,0.932,semantic,2026-05-13T10:00:44Z
621,877,9,0.769,hashtag,2026-05-13T10:00:44Z
622,878,26,0.761,visual,2026-05-13T10:00:44Z
623,879,15,0.964,inferred,2026-05-13T10:00:44Z
624,881,13,0.975,semantic,2026-05-13T10:00:44Z
625,883,14,0.98,visual,2026-05-13T10:00:44Z
626,885,7,0.991,direct,2026-05-13T10:00:44Z
627,886,23,0.705,semantic,2026-05-13T10:00:44Z
628,887,17,0.825,hashtag,2026-05-13T10:00:44Z
629,888,16,0.859,visual,2026-05-13T10:00:44Z
630,890,8,0.703,direct,2026-05-13T10:00:44Z
631,891,5,0.865,semantic,2026-05-13T10:00:44Z
632,892,19,0.938,hashtag,2026-05-13T10:00:44Z
633,893,1,0.873,visual,2026-05-13T10:00:44Z
634,894,4,0.995,inferred,2026-05-13T10:00:44Z
635,896,9,0.742,semantic,2026-05-13T10:00:44Z
636,897,14,0.703,hashtag,2026-05-13T10:00:44Z
637,898,18,0.945,visual,2026-05-13T10:00:44Z
638,899,4,0.89,inferred,2026-05-13T10:00:44Z
639,902,5,0.782,hashtag,2026-05-13T10:00:44Z
640,903,10,0.711,visual,2026-05-13T10:00:44Z
641,904,27,0.745,inferred,2026-05-13T10:00:44Z
642,905,29,0.836,direct,2026-05-13T10:00:44Z
643,906,27,0.847,semantic,2026-05-13T10:00:44Z
644,907,19,0.81,hashtag,2026-05-13T10:00:44Z
645,908,23,0.757,visual,2026-05-13T10:00:44Z
646,909,7,0.715,inferred,2026-05-13T10:00:44Z
647,910,25,0.961,direct,2026-05-13T10:00:44Z
648,911,7,0.851,semantic,2026-05-13T10:00:44Z
649,912,13,0.918,hashtag,2026-05-13T10:00:44Z
650,913,22,0.984,visual,2026-05-13T10:00:44Z
651,914,19,0.969,inferred,2026-05-13T10:00:44Z
652,916,31,0.83,semantic,2026-05-13T10:00:44Z
653,919,25,0.825,inferred,2026-05-13T10:00:44Z
654,920,10,0.933,direct,2026-05-13T10:00:44Z
655,921,25,0.957,semantic,2026-05-13T10:00:44Z
656,922,27,0.831,hashtag,2026-05-13T10:00:44Z
657,924,6,0.879,inferred,2026-05-13T10:00:44Z
658,925,9,0.972,direct,2026-05-13T10:00:44Z
659,926,24,0.849,semantic,2026-05-13T10:00:44Z
660,927,16,0.957,hashtag,2026-05-13T10:00:44Z
661,931,12,0.951,semantic,2026-05-13T10:00:44Z
662,933,21,0.814,visual,2026-05-13T10:00:44Z
663,934,21,0.943,inferred,2026-05-13T10:00:44Z
664,935,7,0.732,direct,2026-05-13T10:00:44Z
665,936,13,0.702,semantic,2026-05-13T10:00:44Z
666,938,17,0.767,visual,2026-05-13T10:00:44Z
667,939,10,0.964,inferred,2026-05-13T10:00:44Z
668,940,29,0.728,direct,2026-05-13T10:00:44Z
669,942,6,0.914,hashtag,2026-05-13T10:00:44Z
670,943,24,0.933,visual,2026-05-13T10:00:44Z
671,944,30,0.845,inferred,2026-05-13T10:00:44Z
672,945,6,0.956,direct,2026-05-13T10:00:44Z
673,946,3,0.981,semantic,2026-05-13T10:00:44Z
674,947,10,0.952,hashtag,2026-05-13T10:00:44Z
675,948,31,0.707,visual,2026-05-13T10:00:44Z
676,949,16,0.89,inferred,2026-05-13T10:00:44Z
677,951,29,0.819,semantic,2026-05-13T10:00:44Z
678,952,5,0.76,hashtag,2026-05-13T10:00:44Z
679,953,18,0.975,visual,2026-05-13T10:00:44Z
680,955,8,0.792,direct,2026-05-13T10:00:44Z
681,956,8,0.751,semantic,2026-05-13T10:00:44Z
682,957,18,0.974,hashtag,2026-05-13T10:00:44Z
683,961,5,0.838,semantic,2026-05-13T10:00:44Z
684,962,15,0.872,hashtag,2026-05-13T10:00:44Z
685,964,30,0.876,inferred,2026-05-13T10:00:44Z
686,965,14,0.737,direct,2026-05-13T10:00:44Z
687,967,19,0.942,hashtag,2026-05-13T10:00:44Z
688,968,21,0.858,visual,2026-05-13T10:00:44Z
689,969,30,0.767,inferred,2026-05-13T10:00:44Z
690,970,3,0.859,direct,2026-05-13T10:00:44Z
691,971,19,0.793,semantic,2026-05-13T10:00:44Z
692,972,7,0.891,hashtag,2026-05-13T10:00:44Z
693,973,11,0.998,visual,2026-05-13T10:00:44Z
694,974,23,0.843,inferred,2026-05-13T10:00:44Z
695,975,19,0.985,direct,2026-05-13T10:00:44Z
696,976,9,0.886,semantic,2026-05-13T10:00:44Z
697,980,9,0.955,direct,2026-05-13T10:00:44Z
698,981,13,0.702,semantic,2026-05-13T10:00:44Z
699,982,29,0.768,hashtag,2026-05-13T10:00:44Z
700,983,7,0.907,visual,2026-05-13T10:00:44Z
701,984,14,0.787,inferred,2026-05-13T10:00:44Z
702,987,29,0.738,hashtag,2026-05-13T10:00:44Z
703,988,16,0.733,visual,2026-05-13T10:00:44Z
704,989,25,0.86,inferred,2026-05-13T10:00:44Z
705,990,29,0.81,direct,2026-05-13T10:00:44Z
706,995,3,0.913,direct,2026-05-13T10:00:44Z
707,997,13,0.748,hashtag,2026-05-13T10:00:44Z
708,999,22,0.967,inferred,2026-05-13T10:00:44Z
709,1000,29,0.919,direct,2026-05-13T10:00:44Z
710,1001,14,0.762,semantic,2026-05-13T10:00:44Z
711,1002,21,0.767,hashtag,2026-05-13T10:00:44Z
712,1004,30,0.846,inferred,2026-05-13T10:00:44Z
713,1006,14,0.708,semantic,2026-05-13T10:00:44Z
714,1007,22,0.701,hashtag,2026-05-13T10:00:44Z
715,1008,31,0.702,visual,2026-05-13T10:00:44Z
716,1011,9,0.86,semantic,2026-05-13T10:00:44Z
717,1012,17,0.866,hashtag,2026-05-13T10:00:44Z
718,1013,18,0.711,visual,2026-05-13T10:00:44Z
719,1014,8,0.773,inferred,2026-05-13T10:00:44Z
720,1015,19,0.916,direct,2026-05-13T10:00:44Z
721,1017,24,0.723,hashtag,2026-05-13T10:00:44Z
722,1018,16,0.959,visual,2026-05-13T10:00:44Z
723,1019,23,0.832,inferred,2026-05-13T10:00:44Z
724,1020,3,0.705,direct,2026-05-13T10:00:44Z
725,1021,4,0.823,semantic,2026-05-13T10:00:44Z
726,1022,2,0.928,hashtag,2026-05-13T10:00:44Z
727,1023,5,0.78,visual,2026-05-13T10:00:44Z
728,1024,18,0.721,inferred,2026-05-13T10:00:44Z
729,1025,25,0.936,direct,2026-05-13T10:00:44Z
730,1028,19,0.766,visual,2026-05-13T10:00:44Z
731,1030,19,0.877,direct,2026-05-13T10:00:44Z
732,1032,19,0.707,hashtag,2026-05-13T10:00:44Z
733,1033,1,0.905,visual,2026-05-13T10:00:44Z
734,1035,8,0.949,direct,2026-05-13T10:00:44Z
735,1040,10,0.788,direct,2026-05-13T10:00:44Z
736,1043,30,0.809,visual,2026-05-13T10:00:44Z
737,1044,19,0.895,inferred,2026-05-13T10:00:44Z
738,1045,26,0.959,direct,2026-05-13T10:00:44Z
739,1046,3,0.878,semantic,2026-05-13T10:00:44Z
740,1052,28,0.82,hashtag,2026-05-13T10:00:44Z
741,1053,12,0.806,visual,2026-05-13T10:00:44Z
742,1055,11,0.773,direct,2026-05-13T10:00:44Z
743,1057,25,0.933,hashtag,2026-05-13T10:00:44Z
744,1060,11,0.911,direct,2026-05-13T10:00:44Z
745,1061,13,0.895,semantic,2026-05-13T10:00:44Z
746,1062,11,0.962,hashtag,2026-05-13T10:00:44Z
747,1063,9,0.711,visual,2026-05-13T10:00:44Z
748,1065,13,0.964,direct,2026-05-13T10:00:44Z
749,1066,20,0.838,semantic,2026-05-13T10:00:44Z
750,1067,18,0.841,hashtag,2026-05-13T10:00:44Z
751,1069,8,0.712,inferred,2026-05-13T10:00:44Z
752,1070,11,0.715,direct,2026-05-13T10:00:44Z
753,1071,15,0.799,semantic,2026-05-13T10:00:44Z
754,1072,3,0.842,hashtag,2026-05-13T10:00:44Z
755,1073,28,0.741,visual,2026-05-13T10:00:44Z
756,1074,5,0.747,inferred,2026-05-13T10:00:44Z
757,1075,5,0.919,direct,2026-05-13T10:00:44Z
758,1076,27,0.809,semantic,2026-05-13T10:00:44Z
759,1077,31,0.751,hashtag,2026-05-13T10:00:44Z
760,1078,7,0.988,visual,2026-05-13T10:00:44Z
761,1079,18,0.718,inferred,2026-05-13T10:00:44Z
762,1080,16,0.882,direct,2026-05-13T10:00:44Z
763,1081,31,0.761,semantic,2026-05-13T10:00:44Z
764,1082,22,0.704,hashtag,2026-05-13T10:00:44Z
765,1083,24,0.737,visual,2026-05-13T10:00:44Z
766,1084,23,0.973,inferred,2026-05-13T10:00:44Z
767,1085,26,0.772,direct,2026-05-13T10:00:44Z
768,1086,5,0.791,semantic,2026-05-13T10:00:44Z
769,1087,11,0.956,hashtag,2026-05-13T10:00:44Z
770,1088,30,0.919,visual,2026-05-13T10:00:44Z
771,1090,28,0.917,direct,2026-05-13T10:00:44Z
772,1092,5,0.748,hashtag,2026-05-13T10:00:44Z
773,1093,21,0.889,visual,2026-05-13T10:00:44Z
774,1094,6,0.975,inferred,2026-05-13T10:00:44Z
775,1095,4,0.928,direct,2026-05-13T10:00:44Z
776,1098,30,0.829,visual,2026-05-13T10:00:44Z
777,1099,22,0.907,inferred,2026-05-13T10:00:44Z
778,1102,13,0.9,hashtag,2026-05-13T10:00:44Z
779,1103,15,0.725,visual,2026-05-13T10:00:44Z
780,1105,1,0.846,direct,2026-05-13T10:00:44Z
781,1106,5,0.81,semantic,2026-05-13T10:00:44Z
782,1107,8,0.782,hashtag,2026-05-13T10:00:44Z
783,1108,26,0.748,visual,2026-05-13T10:00:44Z
784,1109,2,0.978,inferred,2026-05-13T10:00:44Z
785,1111,6,0.959,semantic,2026-05-13T10:00:44Z
786,1112,19,0.967,hashtag,2026-05-13T10:00:44Z
787,1113,28,0.947,visual,2026-05-13T10:00:44Z
788,1114,25,0.813,inferred,2026-05-13T10:00:44Z
789,1115,13,0.774,direct,2026-05-13T10:00:44Z
790,1116,22,0.722,semantic,2026-05-13T10:00:44Z
791,1117,30,0.74,hashtag,2026-05-13T10:00:44Z
792,1118,1,0.734,visual,2026-05-13T10:00:44Z
793,1119,28,0.752,inferred,2026-05-13T10:00:44Z
794,1121,11,0.714,semantic,2026-05-13T10:00:44Z
795,1122,2,0.994,hashtag,2026-05-13T10:00:44Z
796,1124,15,0.706,inferred,2026-05-13T10:00:44Z
797,1126,14,0.853,semantic,2026-05-13T10:00:44Z
798,1127,30,0.975,hashtag,2026-05-13T10:00:44Z
799,1128,14,0.939,visual,2026-05-13T10:00:44Z
800,1129,23,0.746,inferred,2026-05-13T10:00:44Z
801,1130,11,0.827,direct,2026-05-13T10:00:44Z
802,1131,31,0.828,semantic,2026-05-13T10:00:44Z
803,1132,30,0.766,hashtag,2026-05-13T10:00:44Z
804,1133,11,0.86,visual,2026-05-13T10:00:44Z
805,1135,14,0.707,direct,2026-05-13T10:00:44Z
806,1136,14,0.874,semantic,2026-05-13T10:00:44Z
807,1137,20,0.763,hashtag,2026-05-13T10:00:44Z
808,1138,22,0.959,visual,2026-05-13T10:00:44Z
809,1142,26,0.963,hashtag,2026-05-13T10:00:44Z
810,1143,3,0.832,visual,2026-05-13T10:00:44Z
811,1144,7,0.776,inferred,2026-05-13T10:00:44Z
812,1145,2,0.827,direct,2026-05-13T10:00:44Z
813,1146,30,0.975,semantic,2026-05-13T10:00:44Z
814,1147,20,0.982,hashtag,2026-05-13T10:00:44Z
815,1148,9,0.914,visual,2026-05-13T10:00:44Z
816,1150,22,0.971,direct,2026-05-13T10:00:44Z
817,1151,10,0.745,semantic,2026-05-13T10:00:44Z
818,1152,28,0.87,hashtag,2026-05-13T10:00:44Z
819,1153,21,0.718,visual,2026-05-13T10:00:44Z
820,1154,4,0.96,inferred,2026-05-13T10:00:44Z
821,1155,26,0.799,direct,2026-05-13T10:00:44Z
822,1156,27,0.774,semantic,2026-05-13T10:00:44Z
823,1157,28,0.725,hashtag,2026-05-13T10:00:44Z
824,1158,1,0.91,visual,2026-05-13T10:00:44Z
825,1160,25,0.725,direct,2026-05-13T10:00:44Z
826,1162,8,0.836,hashtag,2026-05-13T10:00:44Z
827,1164,13,0.89,inferred,2026-05-13T10:00:44Z
828,1166,26,0.8,semantic,2026-05-13T10:00:44Z
829,1167,7,0.779,hashtag,2026-05-13T10:00:44Z
830,1168,2,0.961,visual,2026-05-13T10:00:44Z
831,1170,31,0.968,direct,2026-05-13T10:00:44Z
832,1172,15,0.814,hashtag,2026-05-13T10:00:44Z
833,1173,27,0.772,visual,2026-05-13T10:00:44Z
834,1174,11,0.932,inferred,2026-05-13T10:00:44Z
835,1175,22,0.78,direct,2026-05-13T10:00:44Z
836,1176,2,0.847,semantic,2026-05-13T10:00:44Z
837,1177,13,0.855,hashtag,2026-05-13T10:00:44Z
838,1178,18,0.893,visual,2026-05-13T10:00:44Z
839,1179,24,0.762,inferred,2026-05-13T10:00:44Z
840,1180,22,0.831,direct,2026-05-13T10:00:44Z
841,1181,16,0.917,semantic,2026-05-13T10:00:44Z
842,1182,30,0.998,hashtag,2026-05-13T10:00:44Z
843,1184,30,0.731,inferred,2026-05-13T10:00:44Z
844,1185,5,0.88,direct,2026-05-13T10:00:44Z
845,1186,16,0.755,semantic,2026-05-13T10:00:44Z
846,1187,2,0.882,hashtag,2026-05-13T10:00:44Z
847,1188,28,0.889,visual,2026-05-13T10:00:44Z
848,1189,20,0.882,inferred,2026-05-13T10:00:44Z
849,1190,25,0.731,direct,2026-05-13T10:00:44Z
850,1191,7,0.933,semantic,2026-05-13T10:00:44Z
851,1192,8,0.928,hashtag,2026-05-13T10:00:44Z
852,1193,21,0.793,visual,2026-05-13T10:00:44Z
853,1194,10,0.987,inferred,2026-05-13T10:00:44Z
854,1195,24,0.801,direct,2026-05-13T10:00:44Z
855,1196,17,0.813,semantic,2026-05-13T10:00:44Z
856,1198,22,0.996,visual,2026-05-13T10:00:44Z
857,1200,14,0.837,direct,2026-05-13T10:00:44Z
858,1202,28,0.996,hashtag,2026-05-13T10:00:44Z
859,1203,6,0.813,visual,2026-05-13T10:00:44Z
860,1204,4,0.907,inferred,2026-05-13T10:00:44Z
861,1205,10,0.741,direct,2026-05-13T10:00:44Z
862,1206,2,0.843,semantic,2026-05-13T10:00:44Z
863,1208,12,0.896,visual,2026-05-13T10:00:44Z
864,1209,11,0.722,inferred,2026-05-13T10:00:44Z
865,1211,22,0.708,semantic,2026-05-13T10:00:44Z
866,1213,4,0.859,visual,2026-05-13T10:00:44Z
867,1215,12,0.94,direct,2026-05-13T10:00:44Z
868,1216,11,0.824,semantic,2026-05-13T10:00:44Z
869,1217,21,0.902,hashtag,2026-05-13T10:00:44Z
870,1219,5,0.879,inferred,2026-05-13T10:00:44Z
871,1220,9,0.834,direct,2026-05-13T10:00:44Z
872,1221,15,0.89,semantic,2026-05-13T10:00:44Z
873,1223,1,0.754,visual,2026-05-13T10:00:44Z
874,1225,7,0.928,direct,2026-05-13T10:00:44Z
875,1226,4,0.847,semantic,2026-05-13T10:00:44Z
876,1227,4,0.973,hashtag,2026-05-13T10:00:44Z
877,1228,21,0.774,visual,2026-05-13T10:00:44Z
878,1229,7,0.987,inferred,2026-05-13T10:00:44Z
879,1230,12,0.908,direct,2026-05-13T10:00:44Z
880,1231,25,0.806,semantic,2026-05-13T10:00:44Z
881,1232,23,0.925,hashtag,2026-05-13T10:00:44Z
882,1233,28,0.794,visual,2026-05-13T10:00:44Z
883,1234,20,0.922,inferred,2026-05-13T10:00:44Z
884,1235,3,0.867,direct,2026-05-13T10:00:44Z
885,1237,12,0.782,hashtag,2026-05-13T10:00:44Z
886,1238,28,0.803,visual,2026-05-13T10:00:44Z
887,1239,23,0.956,inferred,2026-05-13T10:00:44Z
888,1240,30,0.929,direct,2026-05-13T10:00:44Z
889,1242,10,0.821,hashtag,2026-05-13T10:00:44Z
890,1243,3,0.893,visual,2026-05-13T10:00:44Z
891,1244,31,0.88,inferred,2026-05-13T10:00:44Z
892,1245,20,0.73,direct,2026-05-13T10:00:44Z
893,1246,9,0.841,semantic,2026-05-13T10:00:44Z
894,1249,18,0.758,inferred,2026-05-13T10:00:44Z
895,1250,11,0.812,direct,2026-05-13T10:00:44Z
896,1252,1,0.933,hashtag,2026-05-13T10:00:44Z
897,1253,26,0.801,visual,2026-05-13T10:00:44Z
898,1254,3,0.915,inferred,2026-05-13T10:00:44Z
899,1255,24,0.787,direct,2026-05-13T10:00:44Z
900,1256,11,0.817,semantic,2026-05-13T10:00:44Z
901,1257,7,0.96,hashtag,2026-05-13T10:00:44Z
902,1258,15,0.853,visual,2026-05-13T10:00:44Z
903,1259,26,0.819,inferred,2026-05-13T10:00:44Z
904,1261,4,0.857,semantic,2026-05-13T10:00:44Z
905,1262,17,0.913,hashtag,2026-05-13T10:00:44Z
906,1265,8,0.784,direct,2026-05-13T10:00:44Z
907,1266,2,0.864,semantic,2026-05-13T10:00:44Z
908,1268,3,0.942,visual,2026-05-13T10:00:44Z
909,1269,3,0.967,inferred,2026-05-13T10:00:44Z
910,1271,13,0.997,semantic,2026-05-13T10:00:44Z
911,1272,24,0.946,hashtag,2026-05-13T10:00:44Z
912,1273,5,0.894,visual,2026-05-13T10:00:44Z
913,1274,20,0.885,inferred,2026-05-13T10:00:44Z
914,1275,30,0.796,direct,2026-05-13T10:00:44Z
915,1276,11,0.836,semantic,2026-05-13T10:00:44Z
916,1277,20,0.924,hashtag,2026-05-13T10:00:44Z
917,1278,14,0.702,visual,2026-05-13T10:00:44Z
918,1279,22,0.842,inferred,2026-05-13T10:00:44Z
919,1280,18,0.909,direct,2026-05-13T10:00:44Z
920,1281,8,0.763,semantic,2026-05-13T10:00:44Z
921,1283,19,0.802,visual,2026-05-13T10:00:44Z
922,1290,29,0.913,direct,2026-05-13T10:00:44Z
923,1291,20,0.711,semantic,2026-05-13T10:00:44Z
924,1292,1,0.764,hashtag,2026-05-13T10:00:44Z
925,1293,14,0.96,visual,2026-05-13T10:00:44Z
926,1295,29,0.82,direct,2026-05-13T10:00:44Z
927,1296,15,0.705,semantic,2026-05-13T10:00:44Z
928,1298,28,0.771,visual,2026-05-13T10:00:44Z
929,1300,24,0.78,direct,2026-05-13T10:00:44Z
930,1301,26,0.964,semantic,2026-05-13T10:00:44Z
931,1302,12,0.857,hashtag,2026-05-13T10:00:44Z
932,1303,23,0.912,visual,2026-05-13T10:00:44Z
933,1304,13,0.998,inferred,2026-05-13T10:00:44Z
934,1305,22,0.901,direct,2026-05-13T10:00:44Z
935,1306,16,0.896,semantic,2026-05-13T10:00:44Z
936,1311,4,0.725,semantic,2026-05-13T10:00:44Z
937,1312,19,0.794,hashtag,2026-05-13T10:00:44Z
938,1313,20,0.979,visual,2026-05-13T10:00:44Z
939,1314,23,0.926,inferred,2026-05-13T10:00:44Z
940,1315,17,0.915,direct,2026-05-13T10:00:44Z
941,1319,24,0.82,inferred,2026-05-13T10:00:44Z
942,1320,28,0.804,direct,2026-05-13T10:00:44Z
943,1322,20,0.706,hashtag,2026-05-13T10:00:44Z
944,1323,19,0.963,visual,2026-05-13T10:00:44Z
945,1325,17,0.999,direct,2026-05-13T10:00:44Z
946,1326,15,0.803,semantic,2026-05-13T10:00:44Z
947,1327,10,0.945,hashtag,2026-05-13T10:00:44Z
948,1328,28,0.895,visual,2026-05-13T10:00:44Z
949,1330,5,0.916,direct,2026-05-13T10:00:44Z
950,1331,7,0.895,semantic,2026-05-13T10:00:44Z
951,1332,6,0.827,hashtag,2026-05-13T10:00:44Z
952,1334,16,0.852,inferred,2026-05-13T10:00:44Z
953,1335,17,0.856,direct,2026-05-13T10:00:44Z
954,1337,8,0.753,hashtag,2026-05-13T10:00:44Z
955,1338,3,0.851,visual,2026-05-13T10:00:44Z
956,1339,5,0.772,inferred,2026-05-13T10:00:44Z
957,1340,16,0.976,direct,2026-05-13T10:00:44Z
958,1341,8,0.732,semantic,2026-05-13T10:00:44Z
959,1342,2,0.959,hashtag,2026-05-13T10:00:44Z
960,1343,6,0.772,visual,2026-05-13T10:00:44Z
961,1345,21,0.993,direct,2026-05-13T10:00:44Z
962,1347,27,0.935,hashtag,2026-05-13T10:00:44Z
963,1348,30,0.71,visual,2026-05-13T10:00:44Z
964,1352,27,0.809,hashtag,2026-05-13T10:00:44Z
965,1353,31,0.934,visual,2026-05-13T10:00:44Z
966,1354,17,0.86,inferred,2026-05-13T10:00:44Z
967,1355,24,0.854,direct,2026-05-13T10:00:44Z
968,1358,2,0.954,visual,2026-05-13T10:00:44Z
969,1360,18,0.993,direct,2026-05-13T10:00:44Z
970,1361,10,0.801,semantic,2026-05-13T10:00:44Z
971,1362,17,0.968,hashtag,2026-05-13T10:00:44Z
972,1363,30,0.898,visual,2026-05-13T10:00:44Z
973,1364,5,0.999,inferred,2026-05-13T10:00:44Z
974,1365,6,0.951,direct,2026-05-13T10:00:44Z
975,1366,11,0.796,semantic,2026-05-13T10:00:44Z
976,1367,15,0.983,hashtag,2026-05-13T10:00:44Z
977,1368,20,0.997,visual,2026-05-13T10:00:44Z
978,1370,5,0.97,direct,2026-05-13T10:00:44Z
979,1373,1,0.993,visual,2026-05-13T10:00:44Z
980,1374,30,0.813,inferred,2026-05-13T10:00:44Z
981,1375,18,0.812,direct,2026-05-13T10:00:44Z
982,1376,8,0.941,semantic,2026-05-13T10:00:44Z
983,1377,23,0.938,hashtag,2026-05-13T10:00:44Z
984,1379,1,0.835,inferred,2026-05-13T10:00:44Z
985,1380,23,0.871,direct,2026-05-13T10:00:44Z
986,1381,25,0.707,semantic,2026-05-13T10:00:44Z
987,1382,21,0.706,hashtag,2026-05-13T10:00:44Z
988,1384,29,0.855,inferred,2026-05-13T10:00:44Z
989,1385,3,0.775,direct,2026-05-13T10:00:44Z
990,1386,14,0.926,semantic,2026-05-13T10:00:44Z
991,1387,11,0.755,hashtag,2026-05-13T10:00:44Z
992,1388,20,0.991,visual,2026-05-13T10:00:44Z
993,1389,6,0.716,inferred,2026-05-13T10:00:44Z
994,1392,28,0.93,hashtag,2026-05-13T10:00:44Z
995,1393,1,0.802,visual,2026-05-13T10:00:44Z
996,1394,13,0.998,inferred,2026-05-13T10:00:44Z
997,1396,16,0.866,semantic,2026-05-13T10:00:44Z
998,1397,26,0.857,hashtag,2026-05-13T10:00:44Z
999,1401,28,0.972,semantic,2026-05-13T10:00:44Z
1000,1402,19,0.918,hashtag,2026-05-13T10:00:44Z
1001,1403,31,0.707,visual,2026-05-13T10:00:44Z
1002,1404,22,0.733,inferred,2026-05-13T10:00:44Z
1003,1405,27,0.795,direct,2026-05-13T10:00:44Z
1004,1406,16,0.7,semantic,2026-05-13T10:00:44Z
1005,1407,23,0.864,hashtag,2026-05-13T10:00:44Z
1006,1413,17,0.975,visual,2026-05-13T10:00:44Z
1007,1414,18,0.862,inferred,2026-05-13T10:00:44Z
1008,1415,19,0.791,direct,2026-05-13T10:00:44Z
1009,1417,8,0.796,hashtag,2026-05-13T10:00:44Z
1010,1418,24,0.796,visual,2026-05-13T10:00:44Z
1011,1419,10,0.842,inferred,2026-05-13T10:00:44Z
1012,1420,22,0.964,direct,2026-05-13T10:00:44Z
1013,1421,17,0.802,semantic,2026-05-13T10:00:44Z
1014,1422,16,0.857,hashtag,2026-05-13T10:00:44Z
1015,1423,3,0.789,visual,2026-05-13T10:00:44Z
1016,1425,14,0.721,direct,2026-05-13T10:00:44Z
1017,1427,7,0.955,hashtag,2026-05-13T10:00:44Z
1018,1428,24,0.735,visual,2026-05-13T10:00:44Z
1019,1429,20,0.856,inferred,2026-05-13T10:00:44Z
1020,1430,16,0.985,direct,2026-05-13T10:00:44Z
1021,1434,6,0.961,inferred,2026-05-13T10:00:44Z
1022,1435,20,0.991,direct,2026-05-13T10:00:44Z
1023,1436,20,0.71,semantic,2026-05-13T10:00:44Z
1024,1437,18,0.747,hashtag,2026-05-13T10:00:44Z
1025,1438,15,0.762,visual,2026-05-13T10:00:44Z
1026,1439,22,0.771,inferred,2026-05-13T10:00:44Z
1027,1440,10,0.789,direct,2026-05-13T10:00:44Z
1028,1441,2,0.821,semantic,2026-05-13T10:00:44Z
1029,1442,1,0.964,hashtag,2026-05-13T10:00:44Z
1030,1443,17,0.971,visual,2026-05-13T10:00:44Z
1031,1445,22,0.876,direct,2026-05-13T10:00:44Z
1032,1446,27,0.89,semantic,2026-05-13T10:00:44Z
1033,1447,23,0.706,hashtag,2026-05-13T10:00:44Z
1034,1448,26,0.763,visual,2026-05-13T10:00:44Z
1035,1449,25,0.707,inferred,2026-05-13T10:00:44Z
1036,1450,19,0.964,direct,2026-05-13T10:00:44Z
1037,1452,3,0.984,hashtag,2026-05-13T10:00:44Z
1038,1453,3,0.885,visual,2026-05-13T10:00:44Z
1039,1455,13,0.95,direct,2026-05-13T10:00:44Z
1040,1458,11,0.991,visual,2026-05-13T10:00:44Z
1041,1464,19,0.925,inferred,2026-05-13T10:00:44Z
1042,1466,5,0.723,semantic,2026-05-13T10:00:44Z
1043,1467,16,0.969,hashtag,2026-05-13T10:00:44Z
1044,1468,22,0.854,visual,2026-05-13T10:00:44Z
1045,1470,26,0.752,direct,2026-05-13T10:00:44Z
1046,1472,5,0.969,hashtag,2026-05-13T10:00:44Z
1047,1473,18,0.754,visual,2026-05-13T10:00:44Z
1048,1474,29,0.883,inferred,2026-05-13T10:00:44Z
1049,1477,20,0.866,hashtag,2026-05-13T10:00:44Z
1050,1478,30,0.788,visual,2026-05-13T10:00:44Z
1051,1479,13,0.868,inferred,2026-05-13T10:00:44Z
1052,1480,29,0.789,direct,2026-05-13T10:00:44Z
1053,1481,28,0.787,semantic,2026-05-13T10:00:44Z
1054,1482,23,0.865,hashtag,2026-05-13T10:00:44Z
1055,1484,8,0.731,inferred,2026-05-13T10:00:44Z
1056,1485,9,0.908,direct,2026-05-13T10:00:44Z
1057,1486,11,0.966,semantic,2026-05-13T10:00:44Z
1058,1487,22,0.793,hashtag,2026-05-13T10:00:44Z
1059,1488,24,0.855,visual,2026-05-13T10:00:44Z
1060,1489,16,0.892,inferred,2026-05-13T10:00:44Z
1061,1491,19,0.994,semantic,2026-05-13T10:00:44Z
1062,1492,29,0.748,hashtag,2026-05-13T10:00:44Z
1063,1495,23,0.944,direct,2026-05-13T10:00:44Z
1064,1496,21,0.782,semantic,2026-05-13T10:00:44Z
1065,1498,11,0.961,visual,2026-05-13T10:00:44Z
1066,1499,23,0.913,inferred,2026-05-13T10:00:44Z
1067,1502,11,0.967,hashtag,2026-05-13T10:00:44Z
1068,1503,21,0.936,visual,2026-05-13T10:00:44Z
1069,1504,8,0.991,inferred,2026-05-13T10:00:44Z
1070,1505,7,0.981,direct,2026-05-13T10:00:44Z
1071,1506,17,0.839,semantic,2026-05-13T10:00:44Z
1072,1507,8,0.794,hashtag,2026-05-13T10:00:44Z
1073,1508,24,0.992,visual,2026-05-13T10:00:44Z
1074,1510,24,0.949,direct,2026-05-13T10:00:44Z
1075,1513,19,0.873,visual,2026-05-13T10:00:44Z
1076,1514,28,0.875,inferred,2026-05-13T10:00:44Z
1077,1515,21,0.866,direct,2026-05-13T10:00:44Z
1078,1516,2,0.814,semantic,2026-05-13T10:00:44Z
1079,1517,11,0.81,hashtag,2026-05-13T10:00:44Z
1080,1519,10,0.936,inferred,2026-05-13T10:00:44Z
1081,1520,16,0.781,direct,2026-05-13T10:00:44Z
1082,1521,6,0.777,semantic,2026-05-13T10:00:44Z
1083,1522,23,0.878,hashtag,2026-05-13T10:00:44Z
1084,1523,12,0.919,visual,2026-05-13T10:00:44Z
1085,1524,19,0.716,inferred,2026-05-13T10:00:44Z
1086,1525,17,0.945,direct,2026-05-13T10:00:44Z
1087,1526,24,0.848,semantic,2026-05-13T10:00:44Z
1088,1527,13,0.712,hashtag,2026-05-13T10:00:44Z
1089,1528,4,0.82,visual,2026-05-13T10:00:44Z
1090,1529,5,0.864,inferred,2026-05-13T10:00:44Z
1091,1530,26,0.984,direct,2026-05-13T10:00:44Z
1092,1531,27,0.769,semantic,2026-05-13T10:00:44Z
1093,1532,6,0.746,hashtag,2026-05-13T10:00:44Z
1094,1534,17,0.967,inferred,2026-05-13T10:00:44Z
1095,1538,24,0.971,visual,2026-05-13T10:00:44Z
1096,1539,3,0.958,inferred,2026-05-13T10:00:44Z
1097,1540,12,0.714,direct,2026-05-13T10:00:44Z
1098,1542,22,0.829,hashtag,2026-05-13T10:00:44Z
1099,1543,5,0.982,visual,2026-05-13T10:00:44Z
1100,1544,24,0.955,inferred,2026-05-13T10:00:44Z
1101,1545,29,0.78,direct,2026-05-13T10:00:44Z
1102,1547,19,0.882,hashtag,2026-05-13T10:00:44Z
1103,1548,8,0.972,visual,2026-05-13T10:00:44Z
1104,1549,19,0.975,inferred,2026-05-13T10:00:44Z
1105,1551,16,0.838,semantic,2026-05-13T10:00:44Z
1106,1552,2,0.842,hashtag,2026-05-13T10:00:44Z
1107,1553,4,0.956,visual,2026-05-13T10:00:44Z
1108,1554,12,0.979,inferred,2026-05-13T10:00:44Z
1109,1555,8,0.987,direct,2026-05-13T10:00:44Z
1110,1556,31,0.883,semantic,2026-05-13T10:00:44Z
1111,1557,11,0.876,hashtag,2026-05-13T10:00:44Z
1112,1559,28,0.857,inferred,2026-05-13T10:00:44Z
1113,1560,2,0.756,direct,2026-05-13T10:00:44Z
1114,1561,21,0.908,semantic,2026-05-13T10:00:44Z
1115,1562,27,0.803,hashtag,2026-05-13T10:00:44Z
1116,1563,1,0.866,visual,2026-05-13T10:00:44Z
1117,1565,16,0.833,direct,2026-05-13T10:00:44Z
1118,1568,29,0.847,visual,2026-05-13T10:00:44Z
1119,1570,16,0.719,direct,2026-05-13T10:00:44Z
1120,1574,20,0.998,inferred,2026-05-13T10:00:44Z
1121,1575,31,0.854,direct,2026-05-13T10:00:44Z
1122,1577,2,0.992,hashtag,2026-05-13T10:00:44Z
1123,1579,23,0.742,inferred,2026-05-13T10:00:44Z
1124,1580,14,0.721,direct,2026-05-13T10:00:44Z
1125,1581,14,0.844,semantic,2026-05-13T10:00:44Z
1126,1582,9,0.74,hashtag,2026-05-13T10:00:44Z
1127,1583,6,0.796,visual,2026-05-13T10:00:44Z
1128,1585,7,0.896,direct,2026-05-13T10:00:44Z
1129,1586,21,0.837,semantic,2026-05-13T10:00:44Z
1130,1588,3,0.936,visual,2026-05-13T10:00:44Z
1131,1590,1,0.761,direct,2026-05-13T10:00:44Z
1132,1591,2,0.921,semantic,2026-05-13T10:00:44Z
1133,1592,11,0.826,hashtag,2026-05-13T10:00:44Z
1134,1593,10,0.952,visual,2026-05-13T10:00:44Z
1135,1594,27,0.956,inferred,2026-05-13T10:00:44Z
1136,1595,14,0.824,direct,2026-05-13T10:00:44Z
1137,1596,17,0.762,semantic,2026-05-13T10:00:44Z
1138,1597,20,0.945,hashtag,2026-05-13T10:00:44Z
1139,1598,22,0.823,visual,2026-05-13T10:00:44Z
1140,1599,17,0.901,inferred,2026-05-13T10:00:44Z
1141,1600,31,0.868,direct,2026-05-13T10:00:44Z
1142,1601,26,0.872,semantic,2026-05-13T10:00:44Z
1143,1602,9,0.879,hashtag,2026-05-13T10:00:44Z
1144,1603,28,0.961,visual,2026-05-13T10:00:44Z
1145,1604,23,0.713,inferred,2026-05-13T10:00:44Z
1146,1607,25,0.724,hashtag,2026-05-13T10:00:44Z
1147,1609,3,0.751,inferred,2026-05-13T10:00:44Z
1148,1612,6,0.711,hashtag,2026-05-13T10:00:44Z
1149,1613,27,0.719,visual,2026-05-13T10:00:44Z
1150,1614,8,0.941,inferred,2026-05-13T10:00:44Z
1151,1615,1,0.756,direct,2026-05-13T10:00:44Z
1152,1616,5,0.801,semantic,2026-05-13T10:00:44Z
1153,1617,31,0.771,hashtag,2026-05-13T10:00:44Z
1154,1618,9,0.994,visual,2026-05-13T10:00:44Z
1155,1619,20,0.919,inferred,2026-05-13T10:00:44Z
1156,1620,4,0.925,direct,2026-05-13T10:00:44Z
1157,1621,18,0.729,semantic,2026-05-13T10:00:44Z
1158,1622,14,0.742,hashtag,2026-05-13T10:00:44Z
1159,1623,3,0.728,visual,2026-05-13T10:00:44Z
1160,1624,9,0.884,inferred,2026-05-13T10:00:44Z
1161,1625,20,0.813,direct,2026-05-13T10:00:44Z
1162,1626,19,0.705,semantic,2026-05-13T10:00:44Z
1163,1630,23,0.851,direct,2026-05-13T10:00:44Z
1164,1631,13,0.804,semantic,2026-05-13T10:00:44Z
1165,1633,15,0.931,visual,2026-05-13T10:00:44Z
1166,1635,31,0.828,direct,2026-05-13T10:00:44Z
1167,1636,6,0.915,semantic,2026-05-13T10:00:44Z
1168,1637,27,0.884,hashtag,2026-05-13T10:00:44Z
1169,1640,30,0.918,direct,2026-05-13T10:00:44Z
1170,1642,28,0.723,hashtag,2026-05-13T10:00:44Z
1171,1643,8,0.7,visual,2026-05-13T10:00:44Z
1172,1645,6,0.854,direct,2026-05-13T10:00:44Z
1173,1647,29,0.778,hashtag,2026-05-13T10:00:44Z
1174,1648,17,0.971,visual,2026-05-13T10:00:44Z
1175,1650,31,0.833,direct,2026-05-13T10:00:44Z
1176,1653,16,0.938,visual,2026-05-13T10:00:44Z
1177,1654,31,0.785,inferred,2026-05-13T10:00:44Z
1178,1655,8,0.769,direct,2026-05-13T10:00:44Z
1179,1656,23,0.961,semantic,2026-05-13T10:00:44Z
1180,1658,10,0.985,visual,2026-05-13T10:00:44Z
1181,1659,9,0.889,inferred,2026-05-13T10:00:44Z
1182,1660,20,0.84,direct,2026-05-13T10:00:44Z
1183,1661,7,0.734,semantic,2026-05-13T10:00:44Z
1184,1663,15,0.923,visual,2026-05-13T10:00:44Z
1185,1664,5,0.966,inferred,2026-05-13T10:00:44Z
1186,1666,31,0.711,semantic,2026-05-13T10:00:44Z
1187,1667,18,0.728,hashtag,2026-05-13T10:00:44Z
1188,1668,20,0.739,visual,2026-05-13T10:00:44Z
1189,1669,16,0.79,inferred,2026-05-13T10:00:44Z
1190,1672,27,0.948,hashtag,2026-05-13T10:00:44Z
1191,1675,19,0.938,direct,2026-05-13T10:00:44Z
1192,1676,20,0.745,semantic,2026-05-13T10:00:44Z
1193,1678,22,0.706,visual,2026-05-13T10:00:44Z
1194,1681,30,0.862,semantic,2026-05-13T10:00:44Z
1195,1682,12,0.896,hashtag,2026-05-13T10:00:44Z
1196,1683,19,0.853,visual,2026-05-13T10:00:44Z
1197,1684,15,0.766,inferred,2026-05-13T10:00:44Z
1198,1685,4,0.996,direct,2026-05-13T10:00:44Z
1199,1686,8,0.714,semantic,2026-05-13T10:00:44Z
1200,1689,21,0.73,inferred,2026-05-13T10:00:44Z
1201,1691,17,0.809,semantic,2026-05-13T10:00:44Z
1202,1693,6,0.958,visual,2026-05-13T10:00:44Z
1203,1694,30,0.976,inferred,2026-05-13T10:00:44Z
1204,1696,15,0.982,semantic,2026-05-13T10:00:44Z
1205,1697,9,0.964,hashtag,2026-05-13T10:00:44Z
1206,1699,10,0.84,inferred,2026-05-13T10:00:44Z
1207,1700,16,0.98,direct,2026-05-13T10:00:44Z
1208,1701,25,0.835,semantic,2026-05-13T10:00:44Z
1209,1703,1,0.916,visual,2026-05-13T10:00:44Z
1210,1705,15,0.711,direct,2026-05-13T10:00:44Z
1211,1706,31,0.938,semantic,2026-05-13T10:00:44Z
1212,1707,19,0.772,hashtag,2026-05-13T10:00:44Z
1213,1708,25,0.757,visual,2026-05-13T10:00:44Z
1214,1710,26,0.978,direct,2026-05-13T10:00:44Z
1215,1712,4,0.938,hashtag,2026-05-13T10:00:44Z
1216,1714,26,0.731,inferred,2026-05-13T10:00:44Z
1217,1717,2,0.71,hashtag,2026-05-13T10:00:44Z
1218,1718,21,0.809,visual,2026-05-13T10:00:44Z
1219,1719,22,0.795,inferred,2026-05-13T10:00:44Z
1220,1720,10,0.742,direct,2026-05-13T10:00:44Z
1221,1725,30,0.912,direct,2026-05-13T10:00:44Z
1222,1727,12,0.967,hashtag,2026-05-13T10:00:44Z
1223,1728,4,0.962,visual,2026-05-13T10:00:44Z
1224,1729,4,0.853,inferred,2026-05-13T10:00:44Z
1225,1730,11,0.971,direct,2026-05-13T10:00:44Z
1226,1731,1,0.719,semantic,2026-05-13T10:00:44Z
1227,1732,3,0.881,hashtag,2026-05-13T10:00:44Z
1228,1733,25,0.907,visual,2026-05-13T10:00:44Z
1229,1734,18,0.976,inferred,2026-05-13T10:00:44Z
1230,1735,1,0.746,direct,2026-05-13T10:00:44Z
1231,1737,6,0.901,hashtag,2026-05-13T10:00:44Z
1232,1738,28,0.789,visual,2026-05-13T10:00:44Z
1233,1739,1,0.934,inferred,2026-05-13T10:00:44Z
1234,1740,31,0.733,direct,2026-05-13T10:00:44Z
1235,1742,23,0.706,hashtag,2026-05-13T10:00:44Z
1236,1744,24,0.806,inferred,2026-05-13T10:00:44Z
1237,1745,6,0.967,direct,2026-05-13T10:00:44Z
1238,1746,26,0.836,semantic,2026-05-13T10:00:44Z
1239,1748,19,0.881,visual,2026-05-13T10:00:44Z
1240,1750,14,0.766,direct,2026-05-13T10:00:44Z
1241,1752,3,0.729,hashtag,2026-05-13T10:00:44Z
1242,1753,24,0.94,visual,2026-05-13T10:00:44Z
1243,1756,28,0.974,semantic,2026-05-13T10:00:44Z
1244,1758,5,0.921,visual,2026-05-13T10:00:44Z
1245,1759,5,0.73,inferred,2026-05-13T10:00:44Z
1246,1760,25,0.846,direct,2026-05-13T10:00:44Z
1247,1761,31,0.746,semantic,2026-05-13T10:00:44Z
1248,1762,17,0.911,hashtag,2026-05-13T10:00:44Z
1249,1763,15,0.716,visual,2026-05-13T10:00:44Z
1250,1764,18,0.863,inferred,2026-05-13T10:00:44Z
1251,1765,14,0.83,direct,2026-05-13T10:00:44Z
1252,1766,13,0.85,semantic,2026-05-13T10:00:44Z
1253,1767,14,0.953,hashtag,2026-05-13T10:00:44Z
1254,1768,17,0.743,visual,2026-05-13T10:00:44Z
1255,1769,10,0.735,inferred,2026-05-13T10:00:44Z
1256,1770,8,0.957,direct,2026-05-13T10:00:44Z
1257,1771,8,0.969,semantic,2026-05-13T10:00:44Z
1258,1772,24,0.771,hashtag,2026-05-13T10:00:44Z
1259,1773,21,0.723,visual,2026-05-13T10:00:44Z
1260,1774,20,0.99,inferred,2026-05-13T10:00:44Z
1261,1775,13,0.942,direct,2026-05-13T10:00:44Z
1262,1776,10,0.819,semantic,2026-05-13T10:00:44Z
1263,1777,5,0.827,hashtag,2026-05-13T10:00:44Z
1264,1778,24,0.777,visual,2026-05-13T10:00:44Z
1265,1779,31,0.835,inferred,2026-05-13T10:00:44Z
1266,1780,13,0.764,direct,2026-05-13T10:00:44Z
1267,1781,4,0.958,semantic,2026-05-13T10:00:44Z
1268,1782,6,0.925,hashtag,2026-05-13T10:00:44Z
1269,1784,10,0.981,inferred,2026-05-13T10:00:44Z
1270,1785,12,0.908,direct,2026-05-13T10:00:44Z
1271,1786,26,0.855,semantic,2026-05-13T10:00:44Z
1272,1787,1,0.848,hashtag,2026-05-13T10:00:44Z
1273,1789,2,0.923,inferred,2026-05-13T10:00:44Z
1274,1790,21,0.972,direct,2026-05-13T10:00:44Z
1275,1791,5,0.861,semantic,2026-05-13T10:00:44Z
1276,1793,5,0.785,visual,2026-05-13T10:00:44Z
1277,1795,16,0.813,direct,2026-05-13T10:00:44Z
1278,1796,19,0.866,semantic,2026-05-13T10:00:44Z
1279,1797,21,0.864,hashtag,2026-05-13T10:00:44Z
1280,1798,17,0.897,visual,2026-05-13T10:00:44Z
1281,1799,23,0.979,inferred,2026-05-13T10:00:44Z
1282,1801,4,0.938,semantic,2026-05-13T10:00:44Z
1283,1802,16,0.787,hashtag,2026-05-13T10:00:44Z
1284,1803,21,0.962,visual,2026-05-13T10:00:44Z
1285,1804,21,0.829,inferred,2026-05-13T10:00:44Z
1286,1805,10,0.725,direct,2026-05-13T10:00:44Z
1287,1806,17,0.997,semantic,2026-05-13T10:00:44Z
1288,1808,23,0.958,visual,2026-05-13T10:00:44Z
1289,1809,30,0.972,inferred,2026-05-13T10:00:44Z
1290,1810,24,0.867,direct,2026-05-13T10:00:44Z
1291,1811,21,0.763,semantic,2026-05-13T10:00:44Z
1292,1812,31,0.851,hashtag,2026-05-13T10:00:44Z
1293,1814,28,0.834,inferred,2026-05-13T10:00:44Z
1294,1815,21,0.735,direct,2026-05-13T10:00:44Z
1295,1816,31,0.785,semantic,2026-05-13T10:00:44Z
1296,1817,26,0.827,hashtag,2026-05-13T10:00:44Z
1297,1819,20,0.903,inferred,2026-05-13T10:00:44Z
1298,1823,15,0.837,visual,2026-05-13T10:00:44Z
1299,1825,10,0.863,direct,2026-05-13T10:00:44Z
1300,1826,18,0.916,semantic,2026-05-13T10:00:44Z
1301,1827,23,0.787,hashtag,2026-05-13T10:00:44Z
1302,1828,21,0.938,visual,2026-05-13T10:00:44Z
1303,1829,20,0.701,inferred,2026-05-13T10:00:44Z
1304,1831,23,0.813,semantic,2026-05-13T10:00:44Z
1305,1834,2,0.893,inferred,2026-05-13T10:00:44Z
1306,1835,13,0.966,direct,2026-05-13T10:00:44Z
1307,1836,12,0.845,semantic,2026-05-13T10:00:44Z
1308,1837,15,0.948,hashtag,2026-05-13T10:00:44Z
1309,1839,19,0.936,inferred,2026-05-13T10:00:44Z
1310,1840,22,0.907,direct,2026-05-13T10:00:44Z
1311,1842,31,0.99,hashtag,2026-05-13T10:00:44Z
1312,1843,15,0.785,visual,2026-05-13T10:00:44Z
1313,1844,24,0.888,inferred,2026-05-13T10:00:44Z
1314,1845,2,0.973,direct,2026-05-13T10:00:44Z
1315,1848,6,0.989,visual,2026-05-13T10:00:44Z
1316,1849,3,0.77,inferred,2026-05-13T10:00:44Z
1317,1850,9,0.724,direct,2026-05-13T10:00:44Z
1318,1852,8,0.943,hashtag,2026-05-13T10:00:44Z
1319,1853,23,0.886,visual,2026-05-13T10:00:44Z
1320,1854,18,0.908,inferred,2026-05-13T10:00:44Z
1321,1855,31,0.965,direct,2026-05-13T10:00:44Z
1322,1856,10,1,semantic,2026-05-13T10:00:44Z
1323,1857,16,0.798,hashtag,2026-05-13T10:00:44Z
1324,1860,21,0.91,direct,2026-05-13T10:00:44Z
1325,1861,1,0.851,semantic,2026-05-13T10:00:44Z
1326,1863,16,0.786,visual,2026-05-13T10:00:44Z
1327,1864,1,0.7,inferred,2026-05-13T10:00:44Z
1328,1866,20,0.715,semantic,2026-05-13T10:00:44Z
1329,1867,7,0.972,hashtag,2026-05-13T10:00:44Z
1330,1868,2,0.888,visual,2026-05-13T10:00:44Z
1331,1869,8,0.977,inferred,2026-05-13T10:00:44Z
1332,1872,23,0.729,hashtag,2026-05-13T10:00:44Z
1333,1873,12,0.915,visual,2026-05-13T10:00:44Z
1334,1874,13,0.922,inferred,2026-05-13T10:00:44Z
1335,1875,2,0.917,direct,2026-05-13T10:00:44Z
1336,1876,21,0.78,semantic,2026-05-13T10:00:44Z
1337,1877,9,0.804,hashtag,2026-05-13T10:00:44Z
1338,1880,5,0.836,direct,2026-05-13T10:00:44Z
1339,1881,16,0.878,semantic,2026-05-13T10:00:44Z
1340,1882,13,0.769,hashtag,2026-05-13T10:00:44Z
1341,1884,2,0.811,inferred,2026-05-13T10:00:44Z
1342,1886,22,0.799,semantic,2026-05-13T10:00:44Z
1343,1888,10,0.832,visual,2026-05-13T10:00:44Z
1344,1889,14,0.887,inferred,2026-05-13T10:00:44Z
1345,1890,2,0.768,direct,2026-05-13T10:00:44Z
1346,1891,11,0.928,semantic,2026-05-13T10:00:44Z
1347,1892,22,0.705,hashtag,2026-05-13T10:00:44Z
1348,1895,22,0.786,direct,2026-05-13T10:00:44Z
1349,1896,24,0.983,semantic,2026-05-13T10:00:44Z
1350,1897,12,0.987,hashtag,2026-05-13T10:00:44Z
1351,1901,15,0.914,semantic,2026-05-13T10:00:44Z
1352,1902,11,0.899,hashtag,2026-05-13T10:00:44Z
1353,1903,30,0.772,visual,2026-05-13T10:00:44Z
1354,1904,12,0.769,inferred,2026-05-13T10:00:44Z
1355,1906,18,0.756,semantic,2026-05-13T10:00:44Z
1356,1908,2,0.995,visual,2026-05-13T10:00:44Z
1357,1909,10,0.949,inferred,2026-05-13T10:00:44Z
1358,1912,26,0.764,hashtag,2026-05-13T10:00:44Z
1359,1913,31,0.788,visual,2026-05-13T10:00:44Z
1360,1914,20,0.905,inferred,2026-05-13T10:00:44Z
1361,1915,14,0.722,direct,2026-05-13T10:00:44Z
1362,1917,9,0.992,hashtag,2026-05-13T10:00:44Z
1363,1919,19,0.938,inferred,2026-05-13T10:00:44Z
1364,1920,13,0.957,direct,2026-05-13T10:00:44Z
1365,1921,27,0.905,semantic,2026-05-13T10:00:44Z
1366,1922,15,0.702,hashtag,2026-05-13T10:00:44Z
1367,1923,25,0.875,visual,2026-05-13T10:00:44Z
1368,1924,16,0.938,inferred,2026-05-13T10:00:44Z
1369,1925,26,0.999,direct,2026-05-13T10:00:44Z
1370,1927,6,0.766,hashtag,2026-05-13T10:00:44Z
1371,1928,18,0.858,visual,2026-05-13T10:00:44Z
1372,1929,25,0.78,inferred,2026-05-13T10:00:44Z
1373,1930,31,0.914,direct,2026-05-13T10:00:44Z
1374,1931,6,0.749,semantic,2026-05-13T10:00:44Z
1375,1932,3,0.801,hashtag,2026-05-13T10:00:44Z
1376,1933,21,0.76,visual,2026-05-13T10:00:44Z
1377,1934,21,0.967,inferred,2026-05-13T10:00:44Z
1378,1936,5,0.818,semantic,2026-05-13T10:00:44Z
1379,1939,19,0.772,inferred,2026-05-13T10:00:44Z
1380,1940,18,0.904,direct,2026-05-13T10:00:44Z
1381,1941,15,0.767,semantic,2026-05-13T10:00:44Z
1382,1944,7,0.764,inferred,2026-05-13T10:00:44Z
1383,1945,1,0.959,direct,2026-05-13T10:00:44Z
1384,1950,9,0.805,direct,2026-05-13T10:00:44Z
1385,1951,27,0.801,semantic,2026-05-13T10:00:44Z
1386,1953,9,0.95,visual,2026-05-13T10:00:44Z
1387,1954,12,0.909,inferred,2026-05-13T10:00:44Z
1388,1955,29,0.851,direct,2026-05-13T10:00:44Z
1389,1956,22,0.927,semantic,2026-05-13T10:00:44Z
1390,1957,21,0.796,hashtag,2026-05-13T10:00:44Z
1391,1958,3,0.806,visual,2026-05-13T10:00:44Z
1392,1960,31,0.959,direct,2026-05-13T10:00:44Z
1393,1962,28,0.957,hashtag,2026-05-13T10:00:44Z
1394,1963,1,0.881,visual,2026-05-13T10:00:44Z
1395,1964,30,0.786,inferred,2026-05-13T10:00:44Z
1396,1965,10,0.908,direct,2026-05-13T10:00:44Z
1397,1967,29,0.981,hashtag,2026-05-13T10:00:44Z
1398,1968,12,0.811,visual,2026-05-13T10:00:44Z
1399,1969,26,0.744,inferred,2026-05-13T10:00:44Z
1400,1974,12,0.896,inferred,2026-05-13T10:00:44Z
1401,1975,17,0.913,direct,2026-05-13T10:00:44Z
1402,1978,21,0.781,visual,2026-05-13T10:00:44Z
1403,1979,4,0.717,inferred,2026-05-13T10:00:44Z
1404,1980,15,0.897,direct,2026-05-13T10:00:44Z
1405,1981,29,0.962,semantic,2026-05-13T10:00:44Z
1406,1983,11,0.815,visual,2026-05-13T10:00:44Z
1407,1984,30,0.864,inferred,2026-05-13T10:00:44Z
1408,1987,2,0.843,hashtag,2026-05-13T10:00:44Z
1409,1988,6,0.953,visual,2026-05-13T10:00:44Z
1410,1989,22,0.847,inferred,2026-05-13T10:00:44Z
1411,1990,5,0.888,direct,2026-05-13T10:00:44Z
1412,1991,26,0.781,semantic,2026-05-13T10:00:44Z
1413,1992,22,0.893,hashtag,2026-05-13T10:00:44Z
1414,1994,5,0.95,inferred,2026-05-13T10:00:44Z
1415,1996,1,0.864,semantic,2026-05-13T10:00:44Z
1416,1997,3,0.864,hashtag,2026-05-13T10:00:44Z
1417,1998,30,0.86,visual,2026-05-13T10:00:44Z
1418,2000,17,0.873,direct,2026-05-13T10:00:44Z
1419,2001,17,0.711,semantic,2026-05-13T10:00:44Z
1420,2002,21,0.94,hashtag,2026-05-13T10:00:44Z
1421,2003,7,0.862,visual,2026-05-13T10:00:44Z
1422,2004,19,0.77,inferred,2026-05-13T10:00:44Z
1423,2005,27,0.987,direct,2026-05-13T10:00:44Z
1424,2006,1,0.76,semantic,2026-05-13T10:00:44Z
1425,2008,19,0.992,visual,2026-05-13T10:00:44Z
1426,2009,12,0.789,inferred,2026-05-13T10:00:44Z
1427,2010,2,0.911,direct,2026-05-13T10:00:44Z
1428,2011,9,0.968,semantic,2026-05-13T10:00:44Z
1429,2013,20,0.708,visual,2026-05-13T10:00:44Z
1430,2014,6,0.912,inferred,2026-05-13T10:00:44Z
1431,2015,5,0.977,direct,2026-05-13T10:00:44Z
1432,2017,13,0.935,hashtag,2026-05-13T10:00:44Z
1433,2018,1,0.734,visual,2026-05-13T10:00:44Z
1434,2019,16,0.975,inferred,2026-05-13T10:00:44Z
1435,2020,22,0.986,direct,2026-05-13T10:00:44Z
1436,2021,6,0.962,semantic,2026-05-13T10:00:44Z
1437,2022,17,0.77,hashtag,2026-05-13T10:00:44Z
1438,2023,16,0.706,visual,2026-05-13T10:00:44Z
1439,2025,10,0.973,direct,2026-05-13T10:00:44Z
1440,2026,15,0.959,semantic,2026-05-13T10:00:44Z
1441,2027,18,0.722,hashtag,2026-05-13T10:00:44Z
1442,2028,29,0.958,visual,2026-05-13T10:00:44Z
1443,2029,6,0.711,inferred,2026-05-13T10:00:44Z
1444,2030,19,0.823,direct,2026-05-13T10:00:44Z
1445,2031,7,0.786,semantic,2026-05-13T10:00:44Z
1446,2032,26,0.933,hashtag,2026-05-13T10:00:44Z
1447,2036,18,0.783,semantic,2026-05-13T10:00:44Z
1448,2039,9,0.964,inferred,2026-05-13T10:00:44Z
1449,2041,29,0.789,semantic,2026-05-13T10:00:44Z
1450,2042,31,0.97,hashtag,2026-05-13T10:00:44Z
1451,2043,25,0.707,visual,2026-05-13T10:00:44Z
1452,2044,2,0.754,inferred,2026-05-13T10:00:44Z
1453,2045,10,0.809,direct,2026-05-13T10:00:44Z
1454,2048,23,0.866,visual,2026-05-13T10:00:44Z
1455,2050,7,0.709,direct,2026-05-13T10:00:44Z
1456,2051,31,0.911,semantic,2026-05-13T10:00:44Z
1457,2052,12,0.941,hashtag,2026-05-13T10:00:44Z
1458,2054,18,0.723,inferred,2026-05-13T10:00:44Z
1459,2055,18,0.733,direct,2026-05-13T10:00:44Z
1460,2056,1,0.986,semantic,2026-05-13T10:00:44Z
1461,2057,21,0.765,hashtag,2026-05-13T10:00:44Z
1462,2059,10,0.753,inferred,2026-05-13T10:00:44Z
1463,2060,16,0.741,direct,2026-05-13T10:00:44Z
1464,2061,1,0.904,semantic,2026-05-13T10:00:44Z
1465,2062,27,0.971,hashtag,2026-05-13T10:00:44Z
1466,2063,14,0.721,visual,2026-05-13T10:00:44Z
1467,2064,20,0.836,inferred,2026-05-13T10:00:44Z
1468,2065,5,0.714,direct,2026-05-13T10:00:44Z
1469,2066,2,0.71,semantic,2026-05-13T10:00:44Z
1470,2067,31,0.921,hashtag,2026-05-13T10:00:44Z
1471,2068,29,0.989,visual,2026-05-13T10:00:44Z
1472,2069,17,0.735,inferred,2026-05-13T10:00:44Z
1473,2070,25,0.801,direct,2026-05-13T10:00:44Z
1474,2072,16,0.983,hashtag,2026-05-13T10:00:44Z
1475,2074,23,0.872,inferred,2026-05-13T10:00:44Z
1476,2076,29,0.92,semantic,2026-05-13T10:00:44Z
1477,2077,6,0.82,hashtag,2026-05-13T10:00:44Z
1478,2079,16,0.813,inferred,2026-05-13T10:00:44Z
1479,2080,20,0.871,direct,2026-05-13T10:00:44Z
1480,2082,25,0.764,hashtag,2026-05-13T10:00:44Z
1481,2083,15,0.961,visual,2026-05-13T10:00:44Z
1482,2084,18,0.96,inferred,2026-05-13T10:00:44Z
1483,2085,21,0.856,direct,2026-05-13T10:00:44Z
1484,2087,17,0.714,hashtag,2026-05-13T10:00:44Z
1485,2088,20,0.984,visual,2026-05-13T10:00:44Z
1486,2089,18,0.713,inferred,2026-05-13T10:00:44Z
1487,2090,30,0.882,direct,2026-05-13T10:00:44Z
1488,2091,28,0.903,semantic,2026-05-13T10:00:44Z
1489,2095,9,0.763,direct,2026-05-13T10:00:44Z
1490,2096,25,0.709,semantic,2026-05-13T10:00:44Z
1491,2099,1,0.859,inferred,2026-05-13T10:00:44Z
1492,2100,28,0.962,direct,2026-05-13T10:00:44Z
1493,2102,7,0.945,hashtag,2026-05-13T10:00:44Z
1494,2103,7,0.839,visual,2026-05-13T10:00:44Z
1495,2105,29,0.838,direct,2026-05-13T10:00:44Z
1496,2106,30,0.783,semantic,2026-05-13T10:00:44Z
1497,2107,22,0.958,hashtag,2026-05-13T10:00:44Z
1498,2108,11,0.806,visual,2026-05-13T10:00:44Z
1499,2109,18,0.953,inferred,2026-05-13T10:00:44Z
1500,2110,2,0.772,direct,2026-05-13T10:00:44Z
1501,2113,5,0.894,visual,2026-05-13T10:00:44Z
1502,2114,11,0.915,inferred,2026-05-13T10:00:44Z
1503,2115,10,0.97,direct,2026-05-13T10:00:44Z
1504,2116,29,0.941,semantic,2026-05-13T10:00:44Z
1505,2118,18,0.931,visual,2026-05-13T10:00:44Z
1506,2119,23,0.969,inferred,2026-05-13T10:00:44Z
1507,2120,13,0.998,direct,2026-05-13T10:00:44Z
1508,2121,16,0.97,semantic,2026-05-13T10:00:44Z
1509,2125,18,0.821,direct,2026-05-13T10:00:44Z
1510,2126,30,0.807,semantic,2026-05-13T10:00:44Z
1511,2128,12,0.819,visual,2026-05-13T10:00:44Z
1512,2129,16,0.847,inferred,2026-05-13T10:00:44Z
1513,2131,5,0.846,semantic,2026-05-13T10:00:44Z
1514,2132,7,0.891,hashtag,2026-05-13T10:00:44Z
1515,2133,21,0.959,visual,2026-05-13T10:00:44Z
1516,2135,30,0.836,direct,2026-05-13T10:00:44Z
1517,2136,4,0.972,semantic,2026-05-13T10:00:44Z
1518,2137,31,0.841,hashtag,2026-05-13T10:00:44Z
1519,2138,13,0.889,visual,2026-05-13T10:00:44Z
1520,2139,21,0.873,inferred,2026-05-13T10:00:44Z
1521,2140,23,0.975,direct,2026-05-13T10:00:44Z
1522,2143,3,0.905,visual,2026-05-13T10:00:44Z
1523,2144,6,0.852,inferred,2026-05-13T10:00:44Z
1524,2145,21,0.828,direct,2026-05-13T10:00:44Z
1525,2148,17,0.796,visual,2026-05-13T10:00:44Z
1526,2149,6,0.723,inferred,2026-05-13T10:00:44Z
1527,2150,6,0.85,direct,2026-05-13T10:00:44Z
1528,2151,29,0.846,semantic,2026-05-13T10:00:44Z
1529,2152,27,0.943,hashtag,2026-05-13T10:00:44Z
1530,2154,28,0.863,inferred,2026-05-13T10:00:44Z
1531,2155,2,0.865,direct,2026-05-13T10:00:44Z
1532,2156,15,0.774,semantic,2026-05-13T10:00:44Z
1533,2157,29,0.799,hashtag,2026-05-13T10:00:44Z
1534,2158,6,0.959,visual,2026-05-13T10:00:44Z
1535,2159,18,0.714,inferred,2026-05-13T10:00:44Z
1536,2160,21,0.766,direct,2026-05-13T10:00:44Z
1537,2165,1,0.854,direct,2026-05-13T10:00:44Z
1538,2166,12,0.885,semantic,2026-05-13T10:00:44Z
1539,2169,12,0.977,inferred,2026-05-13T10:00:44Z
1540,2170,29,0.979,direct,2026-05-13T10:00:44Z
1541,2171,6,0.886,semantic,2026-05-13T10:00:44Z
1542,2172,7,0.978,hashtag,2026-05-13T10:00:44Z
1543,2173,28,0.774,visual,2026-05-13T10:00:44Z
1544,2175,15,0.806,direct,2026-05-13T10:00:44Z
1545,2177,10,0.994,hashtag,2026-05-13T10:00:44Z
1546,2178,27,0.848,visual,2026-05-13T10:00:44Z
1547,2179,13,0.884,inferred,2026-05-13T10:00:44Z
1548,2180,27,0.895,direct,2026-05-13T10:00:44Z
1549,2181,2,0.979,semantic,2026-05-13T10:00:44Z
1550,2182,4,0.945,hashtag,2026-05-13T10:00:44Z
1551,2183,11,0.846,visual,2026-05-13T10:00:44Z
1552,2187,1,0.998,hashtag,2026-05-13T10:00:44Z
1553,2192,31,0.736,hashtag,2026-05-13T10:00:44Z
1554,2194,9,0.768,inferred,2026-05-13T10:00:44Z
1555,2195,3,0.744,direct,2026-05-13T10:00:44Z
1556,2196,12,0.918,semantic,2026-05-13T10:00:44Z
1557,2197,21,0.719,hashtag,2026-05-13T10:00:44Z
1558,2198,21,0.71,visual,2026-05-13T10:00:44Z
1559,2199,9,0.803,inferred,2026-05-13T10:00:44Z
1560,2200,4,0.942,direct,2026-05-13T10:00:44Z
1561,2201,3,0.756,semantic,2026-05-13T10:00:44Z
1562,2202,7,0.914,hashtag,2026-05-13T10:00:44Z
1563,2203,21,0.725,visual,2026-05-13T10:00:44Z
1564,2204,26,0.902,inferred,2026-05-13T10:00:44Z
1565,2206,14,0.82,semantic,2026-05-13T10:00:44Z
1566,2208,8,0.973,visual,2026-05-13T10:00:44Z
1567,2209,26,0.864,inferred,2026-05-13T10:00:44Z
1568,2210,28,0.89,direct,2026-05-13T10:00:44Z
1569,2212,6,0.9,hashtag,2026-05-13T10:00:44Z
1570,2217,7,0.814,hashtag,2026-05-13T10:00:44Z
1571,2219,11,0.967,inferred,2026-05-13T10:00:44Z
1572,2221,16,0.785,semantic,2026-05-13T10:00:44Z
1573,2222,16,0.702,hashtag,2026-05-13T10:00:44Z
1574,2223,15,0.951,visual,2026-05-13T10:00:44Z
1575,2226,5,0.753,semantic,2026-05-13T10:00:44Z
1576,2227,22,0.843,hashtag,2026-05-13T10:00:44Z
1577,2228,29,0.726,visual,2026-05-13T10:00:44Z
1578,2230,3,0.998,direct,2026-05-13T10:00:44Z
1579,2231,26,0.906,semantic,2026-05-13T10:00:44Z
1580,2232,28,0.77,hashtag,2026-05-13T10:00:44Z
1581,2233,4,0.994,visual,2026-05-13T10:00:44Z
1582,2234,18,0.77,inferred,2026-05-13T10:00:44Z
1583,2235,21,0.886,direct,2026-05-13T10:00:44Z
1584,2236,8,0.859,semantic,2026-05-13T10:00:44Z
1585,2237,7,0.934,hashtag,2026-05-13T10:00:44Z
1586,2238,14,0.734,visual,2026-05-13T10:00:44Z
1587,2239,10,0.812,inferred,2026-05-13T10:00:44Z
1588,2241,24,0.701,semantic,2026-05-13T10:00:44Z
1589,2242,11,0.755,hashtag,2026-05-13T10:00:44Z
1590,2244,17,0.827,inferred,2026-05-13T10:00:44Z
1591,2245,24,0.961,direct,2026-05-13T10:00:44Z
1592,2247,5,0.747,hashtag,2026-05-13T10:00:44Z
1593,2249,22,0.914,inferred,2026-05-13T10:00:44Z
1594,2251,29,0.849,semantic,2026-05-13T10:00:44Z
1595,2255,3,0.894,direct,2026-05-13T10:00:44Z
1596,2256,24,0.702,semantic,2026-05-13T10:00:44Z
1597,2257,1,0.811,hashtag,2026-05-13T10:00:44Z
1598,2258,7,0.942,visual,2026-05-13T10:00:44Z
1599,2259,27,0.967,inferred,2026-05-13T10:00:44Z
1600,2260,28,0.779,direct,2026-05-13T10:00:44Z
1601,2261,16,0.991,semantic,2026-05-13T10:00:44Z
1602,2265,7,0.721,direct,2026-05-13T10:00:44Z
1603,2266,31,0.847,semantic,2026-05-13T10:00:44Z
1604,2268,1,0.941,visual,2026-05-13T10:00:44Z
1605,2270,22,0.803,direct,2026-05-13T10:00:44Z
1606,2271,26,0.735,semantic,2026-05-13T10:00:44Z
1607,2272,5,0.952,hashtag,2026-05-13T10:00:44Z
1608,2274,13,0.977,inferred,2026-05-13T10:00:44Z
1609,2275,18,0.832,direct,2026-05-13T10:00:44Z
1610,2276,8,0.712,semantic,2026-05-13T10:00:44Z
1611,2278,6,0.932,visual,2026-05-13T10:00:44Z
1612,2279,16,0.912,inferred,2026-05-13T10:00:44Z
1613,2280,16,0.864,direct,2026-05-13T10:00:44Z
1614,2281,13,0.987,semantic,2026-05-13T10:00:44Z
1615,2285,8,0.796,direct,2026-05-13T10:00:44Z
1616,2288,27,0.711,visual,2026-05-13T10:00:44Z
1617,2289,31,0.854,inferred,2026-05-13T10:00:44Z
1618,2290,20,0.801,direct,2026-05-13T10:00:44Z
1619,2291,24,0.93,semantic,2026-05-13T10:00:44Z
1620,2292,19,0.96,hashtag,2026-05-13T10:00:44Z
1621,2293,9,0.977,visual,2026-05-13T10:00:44Z
1622,2294,27,0.977,inferred,2026-05-13T10:00:44Z
1623,2296,3,0.933,semantic,2026-05-13T10:00:44Z
1624,2298,2,0.828,visual,2026-05-13T10:00:44Z
1625,2299,13,0.99,inferred,2026-05-13T10:00:44Z
1626,2301,17,0.917,semantic,2026-05-13T10:00:44Z
1627,2302,15,0.849,hashtag,2026-05-13T10:00:44Z
1628,2303,2,0.996,visual,2026-05-13T10:00:44Z
1629,2304,22,0.735,inferred,2026-05-13T10:00:44Z
1630,2305,7,0.957,direct,2026-05-13T10:00:44Z
1631,2306,11,0.829,semantic,2026-05-13T10:00:44Z
1632,2307,18,0.934,hashtag,2026-05-13T10:00:44Z
1633,2308,4,0.721,visual,2026-05-13T10:00:44Z
1634,2311,19,0.867,semantic,2026-05-13T10:00:44Z
1635,2312,16,0.886,hashtag,2026-05-13T10:00:44Z
1636,2313,2,0.847,visual,2026-05-13T10:00:44Z
1637,2315,22,0.736,direct,2026-05-13T10:00:44Z
1638,2316,18,0.942,semantic,2026-05-13T10:00:44Z
1639,2317,26,0.888,hashtag,2026-05-13T10:00:44Z
1640,2318,8,0.795,visual,2026-05-13T10:00:44Z
1641,2322,26,0.749,hashtag,2026-05-13T10:00:44Z
1642,2324,3,0.809,inferred,2026-05-13T10:00:44Z
1643,2325,2,0.821,direct,2026-05-13T10:00:44Z
1644,2326,2,0.965,semantic,2026-05-13T10:00:44Z
1645,2327,18,0.872,hashtag,2026-05-13T10:00:44Z
1646,2328,3,0.845,visual,2026-05-13T10:00:44Z
1647,2329,9,0.893,inferred,2026-05-13T10:00:44Z
1648,2330,20,0.799,direct,2026-05-13T10:00:44Z
1649,2331,24,0.784,semantic,2026-05-13T10:00:44Z
1650,2332,6,0.819,hashtag,2026-05-13T10:00:44Z
1651,2333,30,0.73,visual,2026-05-13T10:00:44Z
1652,2335,31,0.801,direct,2026-05-13T10:00:44Z
1653,2336,1,0.894,semantic,2026-05-13T10:00:44Z
1654,2337,22,0.78,hashtag,2026-05-13T10:00:44Z
1655,2338,14,0.839,visual,2026-05-13T10:00:44Z
1656,2339,23,0.968,inferred,2026-05-13T10:00:44Z
1657,2340,19,0.809,direct,2026-05-13T10:00:44Z
1658,2341,1,0.83,semantic,2026-05-13T10:00:44Z
1659,2342,27,0.712,hashtag,2026-05-13T10:00:44Z
1660,2343,12,0.913,visual,2026-05-13T10:00:44Z
1661,2345,4,0.81,direct,2026-05-13T10:00:44Z
1662,2347,20,0.854,hashtag,2026-05-13T10:00:44Z
1663,2348,16,0.852,visual,2026-05-13T10:00:44Z
1664,2349,10,0.772,inferred,2026-05-13T10:00:44Z
1665,2351,12,0.973,semantic,2026-05-13T10:00:44Z
1666,2352,12,0.818,hashtag,2026-05-13T10:00:44Z
1667,2354,25,0.818,inferred,2026-05-13T10:00:44Z
1668,2356,17,0.787,semantic,2026-05-13T10:00:44Z
1669,2357,13,0.786,hashtag,2026-05-13T10:00:44Z
1670,2358,20,0.915,visual,2026-05-13T10:00:44Z
1671,2359,15,0.95,inferred,2026-05-13T10:00:44Z
1672,2360,24,0.817,direct,2026-05-13T10:00:44Z
1673,2361,21,0.871,semantic,2026-05-13T10:00:44Z
1674,2363,9,0.925,visual,2026-05-13T10:00:44Z
1675,2364,14,0.828,inferred,2026-05-13T10:00:44Z
1676,2365,23,0.847,direct,2026-05-13T10:00:44Z
1677,2367,22,0.855,hashtag,2026-05-13T10:00:44Z
1678,2368,10,0.995,visual,2026-05-13T10:00:44Z
1679,2369,14,0.757,inferred,2026-05-13T10:00:44Z
1680,2370,22,0.708,direct,2026-05-13T10:00:44Z
1681,2371,23,0.809,semantic,2026-05-13T10:00:44Z
1682,2372,15,0.993,hashtag,2026-05-13T10:00:44Z
1683,2373,17,0.883,visual,2026-05-13T10:00:44Z
1684,2378,9,0.827,visual,2026-05-13T10:00:44Z
1685,2379,28,0.882,inferred,2026-05-13T10:00:44Z
1686,2381,12,0.723,semantic,2026-05-13T10:00:44Z
1687,2382,27,0.7,hashtag,2026-05-13T10:00:44Z
1688,2383,26,0.756,visual,2026-05-13T10:00:44Z
1689,2384,28,0.797,inferred,2026-05-13T10:00:44Z
1690,2385,11,0.989,direct,2026-05-13T10:00:44Z
1691,2386,29,0.744,semantic,2026-05-13T10:00:44Z
1692,2388,28,0.788,visual,2026-05-13T10:00:44Z
1693,2391,24,0.758,semantic,2026-05-13T10:00:44Z
1694,2392,27,0.935,hashtag,2026-05-13T10:00:44Z
1695,2394,21,0.717,inferred,2026-05-13T10:00:44Z
1696,2395,16,0.749,direct,2026-05-13T10:00:44Z
1697,2397,28,0.92,hashtag,2026-05-13T10:00:44Z
1698,2398,4,0.875,visual,2026-05-13T10:00:44Z
1699,2399,30,0.923,inferred,2026-05-13T10:00:44Z
1700,2400,18,0.993,direct,2026-05-13T10:00:44Z
1701,2403,8,0.927,visual,2026-05-13T10:00:44Z
1702,2404,26,0.715,inferred,2026-05-13T10:00:44Z
1703,2406,12,0.938,semantic,2026-05-13T10:00:44Z
1704,2408,18,0.901,visual,2026-05-13T10:00:44Z
1705,2409,1,0.96,inferred,2026-05-13T10:00:44Z
1706,2410,26,0.95,direct,2026-05-13T10:00:44Z
1707,2411,25,0.844,semantic,2026-05-13T10:00:44Z
1708,2412,18,0.935,hashtag,2026-05-13T10:00:44Z
1709,2413,6,0.942,visual,2026-05-13T10:00:44Z
1710,2415,10,0.992,direct,2026-05-13T10:00:44Z
1711,2417,6,0.701,hashtag,2026-05-13T10:00:44Z
1712,2418,7,0.839,visual,2026-05-13T10:00:44Z
1713,2422,23,0.897,hashtag,2026-05-13T10:00:44Z
1714,2423,9,0.877,visual,2026-05-13T10:00:44Z
1715,2425,27,0.751,direct,2026-05-13T10:00:44Z
1716,2426,29,0.896,semantic,2026-05-13T10:00:44Z
1717,2427,15,0.985,hashtag,2026-05-13T10:00:44Z
1718,2429,8,0.947,inferred,2026-05-13T10:00:44Z
1719,2430,6,0.932,direct,2026-05-13T10:00:44Z
1720,2431,26,0.953,semantic,2026-05-13T10:00:44Z
1721,2433,28,0.855,visual,2026-05-13T10:00:44Z
1722,2435,19,0.713,direct,2026-05-13T10:00:44Z
1723,2437,28,0.979,hashtag,2026-05-13T10:00:44Z
1724,2438,5,0.971,visual,2026-05-13T10:00:44Z
1725,2439,18,0.898,inferred,2026-05-13T10:00:44Z
1726,2441,17,0.867,semantic,2026-05-13T10:00:44Z
1727,2443,15,0.967,visual,2026-05-13T10:00:44Z
1728,2444,6,0.865,inferred,2026-05-13T10:00:44Z
1729,2445,27,0.879,direct,2026-05-13T10:00:44Z
1730,2447,6,0.843,hashtag,2026-05-13T10:00:44Z
1731,2448,3,0.899,visual,2026-05-13T10:00:44Z
1732,2450,13,0.844,direct,2026-05-13T10:00:44Z
1733,2452,28,0.855,hashtag,2026-05-13T10:00:44Z
1734,2453,29,0.943,visual,2026-05-13T10:00:44Z
1735,2454,15,0.826,inferred,2026-05-13T10:00:44Z
1736,2455,11,0.812,direct,2026-05-13T10:00:44Z
1737,2460,18,0.846,direct,2026-05-13T10:00:44Z
1738,2461,2,0.727,semantic,2026-05-13T10:00:44Z
1739,2463,21,0.794,visual,2026-05-13T10:00:44Z
1740,2465,29,0.99,direct,2026-05-13T10:00:44Z
1741,2466,7,0.831,semantic,2026-05-13T10:00:44Z
1742,2468,28,0.911,visual,2026-05-13T10:00:44Z
1743,2471,12,0.702,semantic,2026-05-13T10:00:44Z
1744,2474,5,0.924,inferred,2026-05-13T10:00:44Z
1745,2475,14,0.795,direct,2026-05-13T10:00:44Z
1746,2476,10,0.897,semantic,2026-05-13T10:00:44Z
1747,2478,28,0.939,visual,2026-05-13T10:00:44Z
1748,2480,13,0.737,direct,2026-05-13T10:00:44Z
1749,2481,5,0.748,semantic,2026-05-13T10:00:44Z
1750,2484,27,0.97,inferred,2026-05-13T10:00:44Z
1751,2488,16,0.754,visual,2026-05-13T10:00:44Z
1752,2489,26,0.946,inferred,2026-05-13T10:00:44Z
1753,2490,5,0.803,direct,2026-05-13T10:00:44Z
1754,2491,1,0.986,semantic,2026-05-13T10:00:44Z
1755,2492,8,0.785,hashtag,2026-05-13T10:00:44Z
1756,2493,14,0.729,visual,2026-05-13T10:00:44Z
1757,2494,26,0.95,inferred,2026-05-13T10:00:44Z
1758,2496,22,0.928,semantic,2026-05-13T10:00:44Z
1759,2497,13,0.933,hashtag,2026-05-13T10:00:44Z
1760,2498,18,0.877,visual,2026-05-13T10:00:44Z
1761,2499,1,0.917,inferred,2026-05-13T10:00:44Z
1762,2500,30,0.804,direct,2026-05-13T10:00:44Z
1763,2501,6,0.759,semantic,2026-05-13T10:00:44Z
1764,2503,18,0.933,visual,2026-05-13T10:00:44Z
1765,2504,13,0.924,inferred,2026-05-13T10:00:44Z
1766,2506,11,0.904,semantic,2026-05-13T10:00:44Z
1767,2507,11,0.757,hashtag,2026-05-13T10:00:44Z
1768,2508,13,0.711,visual,2026-05-13T10:00:44Z
1769,2510,12,0.824,direct,2026-05-13T10:00:44Z
1770,2512,5,0.888,hashtag,2026-05-13T10:00:44Z
1771,2513,30,0.905,visual,2026-05-13T10:00:44Z
1772,2514,24,0.853,inferred,2026-05-13T10:00:44Z
1773,2517,9,0.995,hashtag,2026-05-13T10:00:44Z
1774,2518,6,0.76,visual,2026-05-13T10:00:44Z
1775,2519,7,0.874,inferred,2026-05-13T10:00:44Z
1776,2521,5,0.701,semantic,2026-05-13T10:00:44Z
1777,2523,7,0.858,visual,2026-05-13T10:00:44Z
1778,2524,7,0.847,inferred,2026-05-13T10:00:44Z
1779,2526,23,0.764,semantic,2026-05-13T10:00:44Z
1780,2528,19,0.761,visual,2026-05-13T10:00:44Z
1781,2529,26,0.811,inferred,2026-05-13T10:00:44Z
1782,2532,21,0.712,hashtag,2026-05-13T10:00:44Z
1783,2533,17,0.805,visual,2026-05-13T10:00:44Z
1784,2534,16,0.864,inferred,2026-05-13T10:00:44Z
1785,2535,16,0.839,direct,2026-05-13T10:00:44Z
1786,2536,22,0.907,semantic,2026-05-13T10:00:44Z
1787,2537,6,0.859,hashtag,2026-05-13T10:00:44Z
1788,2539,28,0.871,inferred,2026-05-13T10:00:44Z
1789,2540,10,0.941,direct,2026-05-13T10:00:44Z
1790,2541,29,0.766,semantic,2026-05-13T10:00:44Z
1791,2542,8,0.924,hashtag,2026-05-13T10:00:44Z
1792,2544,28,0.722,inferred,2026-05-13T10:00:44Z
1793,2545,8,0.729,direct,2026-05-13T10:00:44Z
1794,2547,12,1,hashtag,2026-05-13T10:00:44Z
1795,2548,24,0.775,visual,2026-05-13T10:00:44Z
1796,2549,1,0.897,inferred,2026-05-13T10:00:44Z
1797,2553,23,0.895,visual,2026-05-13T10:00:44Z
1798,2554,6,0.913,inferred,2026-05-13T10:00:44Z
1799,2556,11,0.702,semantic,2026-05-13T10:00:44Z
1800,2558,28,0.891,visual,2026-05-13T10:00:44Z
1801,2559,27,0.734,inferred,2026-05-13T10:00:44Z
1802,2561,2,0.835,semantic,2026-05-13T10:00:44Z
1803,2563,5,0.831,visual,2026-05-13T10:00:44Z
1804,2564,20,0.813,inferred,2026-05-13T10:00:44Z
1805,2565,8,0.796,direct,2026-05-13T10:00:44Z
1806,2567,4,0.716,hashtag,2026-05-13T10:00:44Z
1807,2569,12,0.945,inferred,2026-05-13T10:00:44Z
1808,2571,11,0.916,semantic,2026-05-13T10:00:44Z
1809,2575,24,0.923,direct,2026-05-13T10:00:44Z
1810,2576,19,0.812,semantic,2026-05-13T10:00:44Z
1811,2577,28,0.782,hashtag,2026-05-13T10:00:44Z
1812,2579,10,0.811,inferred,2026-05-13T10:00:44Z
1813,2582,17,0.843,hashtag,2026-05-13T10:00:44Z
1814,2583,14,0.738,visual,2026-05-13T10:00:44Z
1815,2587,14,0.858,hashtag,2026-05-13T10:00:44Z
1816,2588,8,0.921,visual,2026-05-13T10:00:44Z
1817,2589,26,0.704,inferred,2026-05-13T10:00:44Z
1818,2593,18,0.977,visual,2026-05-13T10:00:44Z
1819,2594,25,0.829,inferred,2026-05-13T10:00:44Z
1820,2595,18,0.763,direct,2026-05-13T10:00:44Z
1821,2598,14,0.731,visual,2026-05-13T10:00:44Z
1822,2599,20,0.83,inferred,2026-05-13T10:00:44Z
1823,2601,14,0.712,semantic,2026-05-13T10:00:44Z
1824,2602,22,0.798,hashtag,2026-05-13T10:00:44Z
1825,2603,22,0.961,visual,2026-05-13T10:00:44Z
1826,2605,28,0.997,direct,2026-05-13T10:00:44Z
1827,2606,20,0.707,semantic,2026-05-13T10:00:44Z
1828,2607,17,0.732,hashtag,2026-05-13T10:00:44Z
1829,2608,31,0.923,visual,2026-05-13T10:00:44Z
1830,2609,8,0.824,inferred,2026-05-13T10:00:44Z
1831,2610,4,0.845,direct,2026-05-13T10:00:44Z
1832,2611,16,0.878,semantic,2026-05-13T10:00:44Z
1833,2613,17,0.845,visual,2026-05-13T10:00:44Z
1834,2614,31,0.828,inferred,2026-05-13T10:00:44Z
1835,2615,6,0.808,direct,2026-05-13T10:00:44Z
1836,2616,1,0.856,semantic,2026-05-13T10:00:44Z
1837,2619,26,0.877,inferred,2026-05-13T10:00:44Z
1838,2620,8,0.8,direct,2026-05-13T10:00:44Z
1839,2621,24,0.834,semantic,2026-05-13T10:00:44Z
1840,2623,15,0.736,visual,2026-05-13T10:00:44Z
1841,2626,28,0.809,semantic,2026-05-13T10:00:44Z
1842,2627,4,0.89,hashtag,2026-05-13T10:00:44Z
1843,2628,27,0.99,visual,2026-05-13T10:00:44Z
1844,2632,6,0.782,hashtag,2026-05-13T10:00:44Z
1845,2634,4,0.99,inferred,2026-05-13T10:00:44Z
1846,2636,29,0.919,semantic,2026-05-13T10:00:44Z
1847,2638,8,0.707,visual,2026-05-13T10:00:44Z
1848,2639,17,0.738,inferred,2026-05-13T10:00:44Z
1849,2640,9,0.791,direct,2026-05-13T10:00:44Z
1850,2641,16,0.8,semantic,2026-05-13T10:00:44Z
1851,2644,22,0.877,inferred,2026-05-13T10:00:44Z
1852,2645,23,0.771,direct,2026-05-13T10:00:44Z
1853,2646,16,0.724,semantic,2026-05-13T10:00:44Z
1854,2649,29,0.897,inferred,2026-05-13T10:00:44Z
1855,2650,28,0.894,direct,2026-05-13T10:00:44Z
1856,2651,17,0.829,semantic,2026-05-13T10:00:44Z
1857,2653,1,0.795,visual,2026-05-13T10:00:44Z
1858,2654,19,0.764,inferred,2026-05-13T10:00:44Z
1859,2658,4,0.902,visual,2026-05-13T10:00:44Z
1860,2659,15,0.766,inferred,2026-05-13T10:00:44Z
1861,2661,30,0.883,semantic,2026-05-13T10:00:44Z
1862,2662,31,0.97,hashtag,2026-05-13T10:00:44Z
1863,2663,13,0.8,visual,2026-05-13T10:00:44Z
1864,2664,7,0.831,inferred,2026-05-13T10:00:44Z
1865,2667,1,0.734,hashtag,2026-05-13T10:00:44Z
1866,2668,28,0.933,visual,2026-05-13T10:00:44Z
1867,2669,2,0.801,inferred,2026-05-13T10:00:44Z
1868,2670,7,0.867,direct,2026-05-13T10:00:44Z
1869,2674,19,0.942,inferred,2026-05-13T10:00:44Z
1870,2675,9,0.85,direct,2026-05-13T10:00:44Z
1871,2676,15,0.959,semantic,2026-05-13T10:00:44Z
1872,2677,31,0.837,hashtag,2026-05-13T10:00:44Z
1873,2678,18,0.817,visual,2026-05-13T10:00:44Z
1874,2679,29,0.854,inferred,2026-05-13T10:00:44Z
1875,2680,16,0.724,direct,2026-05-13T10:00:44Z
1876,2681,26,0.9,semantic,2026-05-13T10:00:44Z
1877,2684,16,0.82,inferred,2026-05-13T10:00:44Z
1878,2685,14,0.812,direct,2026-05-13T10:00:44Z
1879,2687,6,0.987,hashtag,2026-05-13T10:00:44Z
1880,2688,25,0.969,visual,2026-05-13T10:00:44Z
1881,2689,6,0.721,inferred,2026-05-13T10:00:44Z
1882,2690,2,0.776,direct,2026-05-13T10:00:44Z
1883,2692,29,0.774,hashtag,2026-05-13T10:00:44Z
1884,2693,2,0.933,visual,2026-05-13T10:00:44Z
1885,2694,11,0.991,inferred,2026-05-13T10:00:44Z
1886,2695,28,0.72,direct,2026-05-13T10:00:44Z
1887,2697,17,0.895,hashtag,2026-05-13T10:00:44Z
1888,2698,9,0.937,visual,2026-05-13T10:00:44Z
1889,2700,17,0.788,direct,2026-05-13T10:00:44Z
1890,2701,2,0.775,semantic,2026-05-13T10:00:44Z
1891,2702,10,0.952,hashtag,2026-05-13T10:00:44Z
1892,2703,27,1,visual,2026-05-13T10:00:44Z
1893,2705,12,0.706,direct,2026-05-13T10:00:44Z
1894,2706,28,0.911,semantic,2026-05-13T10:00:44Z
1895,2707,6,0.814,hashtag,2026-05-13T10:00:44Z
1896,2709,24,0.789,inferred,2026-05-13T10:00:44Z
1897,2710,28,0.744,direct,2026-05-13T10:00:44Z
1898,2712,24,0.975,hashtag,2026-05-13T10:00:44Z
1899,2714,17,0.893,inferred,2026-05-13T10:00:44Z
1900,2716,28,0.867,semantic,2026-05-13T10:00:44Z
1901,2718,13,0.99,visual,2026-05-13T10:00:44Z
1902,2719,12,0.726,inferred,2026-05-13T10:00:44Z
1903,2720,7,0.824,direct,2026-05-13T10:00:44Z
1904,2721,16,0.986,semantic,2026-05-13T10:00:44Z
1905,2722,26,0.916,hashtag,2026-05-13T10:00:44Z
1906,2723,26,0.827,visual,2026-05-13T10:00:44Z
1907,2724,26,0.741,inferred,2026-05-13T10:00:44Z
1908,2726,24,0.946,semantic,2026-05-13T10:00:44Z
1909,2727,17,0.705,hashtag,2026-05-13T10:00:44Z
1910,2728,3,0.89,visual,2026-05-13T10:00:44Z
1911,2729,12,0.917,inferred,2026-05-13T10:00:44Z
1912,2730,23,0.997,direct,2026-05-13T10:00:44Z
1913,2732,17,0.944,hashtag,2026-05-13T10:00:44Z
1914,2735,4,0.894,direct,2026-05-13T10:00:44Z
1915,2736,18,0.935,semantic,2026-05-13T10:00:44Z
1916,2737,13,0.812,hashtag,2026-05-13T10:00:44Z
1917,2738,7,0.855,visual,2026-05-13T10:00:44Z
1918,2740,31,0.701,direct,2026-05-13T10:00:44Z
1919,2746,26,0.781,semantic,2026-05-13T10:00:44Z
1920,2747,7,0.81,hashtag,2026-05-13T10:00:44Z
1921,2748,14,0.911,visual,2026-05-13T10:00:44Z
1922,2750,12,0.84,direct,2026-05-13T10:00:44Z
1923,2751,5,0.902,semantic,2026-05-13T10:00:44Z
1924,2752,1,0.786,hashtag,2026-05-13T10:00:44Z
1925,2754,26,0.745,inferred,2026-05-13T10:00:44Z
1926,2755,13,0.768,direct,2026-05-13T10:00:44Z
1927,2756,14,0.947,semantic,2026-05-13T10:00:44Z
1928,2757,13,0.934,hashtag,2026-05-13T10:00:44Z
1929,2759,22,0.98,inferred,2026-05-13T10:00:44Z
1930,2760,31,0.99,direct,2026-05-13T10:00:44Z
1931,2761,22,0.887,semantic,2026-05-13T10:00:44Z
1932,2762,28,0.715,hashtag,2026-05-13T10:00:44Z
1933,2763,2,0.82,visual,2026-05-13T10:00:44Z
1934,2764,18,0.798,inferred,2026-05-13T10:00:44Z
1935,2765,31,0.876,direct,2026-05-13T10:00:44Z
1936,2767,28,0.755,hashtag,2026-05-13T10:00:44Z
1937,2768,2,0.868,visual,2026-05-13T10:00:44Z
1938,2769,8,0.744,inferred,2026-05-13T10:00:44Z
1939,2770,29,0.837,direct,2026-05-13T10:00:44Z
1940,2771,18,0.812,semantic,2026-05-13T10:00:44Z
1941,2772,22,0.823,hashtag,2026-05-13T10:00:44Z
1942,2773,9,0.966,visual,2026-05-13T10:00:44Z
1943,2774,3,0.878,inferred,2026-05-13T10:00:44Z
1944,2775,29,0.845,direct,2026-05-13T10:00:44Z
1945,2777,20,0.825,hashtag,2026-05-13T10:00:44Z
1946,2778,5,0.736,visual,2026-05-13T10:00:44Z
1947,2779,29,0.755,inferred,2026-05-13T10:00:44Z
1948,2780,21,0.996,direct,2026-05-13T10:00:44Z
1949,2781,27,0.747,semantic,2026-05-13T10:00:44Z
1950,2782,14,0.787,hashtag,2026-05-13T10:00:44Z
1951,2784,21,0.869,inferred,2026-05-13T10:00:44Z
1952,2787,12,0.933,hashtag,2026-05-13T10:00:44Z
1953,2788,15,0.834,visual,2026-05-13T10:00:44Z
1954,2789,29,0.815,inferred,2026-05-13T10:00:44Z
1955,2790,25,0.934,direct,2026-05-13T10:00:44Z
1956,2791,27,0.714,semantic,2026-05-13T10:00:44Z
1957,2792,3,0.998,hashtag,2026-05-13T10:00:44Z
1958,2794,24,0.968,inferred,2026-05-13T10:00:44Z
1959,2795,4,0.982,direct,2026-05-13T10:00:44Z
1960,2796,3,0.851,semantic,2026-05-13T10:00:44Z
1961,2797,5,0.911,hashtag,2026-05-13T10:00:44Z
1962,2799,30,0.837,inferred,2026-05-13T10:00:44Z
1963,2800,8,0.765,direct,2026-05-13T10:00:44Z
1964,2801,21,0.752,semantic,2026-05-13T10:00:44Z
1965,2802,14,0.916,hashtag,2026-05-13T10:00:44Z
1966,2803,31,0.768,visual,2026-05-13T10:00:44Z
1967,2804,4,0.945,inferred,2026-05-13T10:00:44Z
1968,2805,5,0.901,direct,2026-05-13T10:00:44Z
1969,2806,31,0.749,semantic,2026-05-13T10:00:44Z
1970,2808,3,0.85,visual,2026-05-13T10:00:44Z
1971,2809,15,0.802,inferred,2026-05-13T10:00:44Z
1972,2810,27,0.804,direct,2026-05-13T10:00:44Z
1973,2812,7,0.757,hashtag,2026-05-13T10:00:44Z
1974,2813,20,0.904,visual,2026-05-13T10:00:44Z
1975,2814,15,0.763,inferred,2026-05-13T10:00:44Z
1976,2815,31,0.998,direct,2026-05-13T10:00:44Z
1977,2817,14,0.93,hashtag,2026-05-13T10:00:44Z
1978,2818,10,0.964,visual,2026-05-13T10:00:44Z
1979,2819,11,0.917,inferred,2026-05-13T10:00:44Z
1980,2820,31,0.789,direct,2026-05-13T10:00:44Z
1981,2821,21,0.999,semantic,2026-05-13T10:00:44Z
1982,2822,14,0.974,hashtag,2026-05-13T10:00:44Z
1983,2823,26,0.969,visual,2026-05-13T10:00:44Z
1984,2824,23,0.851,inferred,2026-05-13T10:00:44Z
1985,2825,9,0.748,direct,2026-05-13T10:00:44Z
1986,2826,25,0.815,semantic,2026-05-13T10:00:44Z
1987,2829,15,0.908,inferred,2026-05-13T10:00:44Z
1988,2830,11,0.827,direct,2026-05-13T10:00:44Z
1989,2832,4,0.812,hashtag,2026-05-13T10:00:44Z
1990,2834,16,0.944,inferred,2026-05-13T10:00:44Z
1991,2838,19,0.883,visual,2026-05-13T10:00:44Z
1992,2839,20,0.976,inferred,2026-05-13T10:00:44Z
1993,2840,31,0.731,direct,2026-05-13T10:00:44Z
1994,2841,6,0.966,semantic,2026-05-13T10:00:44Z
1995,2842,5,0.94,hashtag,2026-05-13T10:00:44Z
1996,2844,30,0.825,inferred,2026-05-13T10:00:44Z
1997,2848,24,0.785,visual,2026-05-13T10:00:44Z
1998,2849,29,0.955,inferred,2026-05-13T10:00:44Z
1999,2850,15,0.916,direct,2026-05-13T10:00:44Z
2000,2851,14,0.863,semantic,2026-05-13T10:00:44Z
2001,2852,11,0.795,hashtag,2026-05-13T10:00:44Z
2002,2853,31,0.982,visual,2026-05-13T10:00:44Z
2003,2854,30,0.782,inferred,2026-05-13T10:00:44Z
2004,2856,3,0.973,semantic,2026-05-13T10:00:44Z
2005,2858,28,0.869,visual,2026-05-13T10:00:44Z
2006,2860,28,0.929,direct,2026-05-13T10:00:44Z
2007,2861,15,0.928,semantic,2026-05-13T10:00:44Z
2008,2862,11,0.935,hashtag,2026-05-13T10:00:44Z
2009,2865,13,0.918,direct,2026-05-13T10:00:44Z
2010,2867,25,0.812,hashtag,2026-05-13T10:00:44Z
2011,2868,17,0.893,visual,2026-05-13T10:00:44Z
2012,2870,4,0.951,direct,2026-05-13T10:00:44Z
2013,2871,21,0.874,semantic,2026-05-13T10:00:44Z
2014,2872,30,0.706,hashtag,2026-05-13T10:00:44Z
2015,2874,17,0.734,inferred,2026-05-13T10:00:44Z
2016,2875,26,0.711,direct,2026-05-13T10:00:44Z
2017,2876,20,0.847,semantic,2026-05-13T10:00:44Z
2018,2877,18,0.855,hashtag,2026-05-13T10:00:44Z
2019,2880,5,0.799,direct,2026-05-13T10:00:44Z
2020,2881,24,0.899,semantic,2026-05-13T10:00:44Z
2021,2883,9,0.963,visual,2026-05-13T10:00:44Z
2022,2888,18,0.817,visual,2026-05-13T10:00:44Z
2023,2889,5,0.995,inferred,2026-05-13T10:00:44Z
2024,2890,23,0.85,direct,2026-05-13T10:00:44Z
2025,2891,10,0.876,semantic,2026-05-13T10:00:44Z
2026,2892,19,0.953,hashtag,2026-05-13T10:00:44Z
2027,2894,13,0.801,inferred,2026-05-13T10:00:44Z
2028,2895,30,0.787,direct,2026-05-13T10:00:44Z
2029,2897,15,0.942,hashtag,2026-05-13T10:00:44Z
2030,2899,20,0.897,inferred,2026-05-13T10:00:44Z
2031,2900,20,0.974,direct,2026-05-13T10:00:44Z
2032,2901,8,0.902,semantic,2026-05-13T10:00:44Z
2033,2902,14,0.845,hashtag,2026-05-13T10:00:44Z
2034,2904,5,0.817,inferred,2026-05-13T10:00:44Z
2035,2905,4,0.879,direct,2026-05-13T10:00:44Z
2036,2908,3,0.837,visual,2026-05-13T10:00:44Z
2037,2909,1,0.86,inferred,2026-05-13T10:00:44Z
2038,2910,22,0.753,direct,2026-05-13T10:00:44Z
2039,2911,23,0.872,semantic,2026-05-13T10:00:44Z
2040,2912,29,0.885,hashtag,2026-05-13T10:00:44Z
2041,2915,25,0.785,direct,2026-05-13T10:00:44Z
2042,2918,17,0.787,visual,2026-05-13T10:00:44Z
2043,2919,20,0.855,inferred,2026-05-13T10:00:44Z
2044,2920,18,0.806,direct,2026-05-13T10:00:44Z
2045,2921,25,0.843,semantic,2026-05-13T10:00:44Z
2046,2922,21,0.941,hashtag,2026-05-13T10:00:44Z
2047,2923,19,0.97,visual,2026-05-13T10:00:44Z
2048,2926,14,0.889,semantic,2026-05-13T10:00:44Z
2049,2927,16,0.973,hashtag,2026-05-13T10:00:44Z
2050,2929,27,0.895,inferred,2026-05-13T10:00:44Z
2051,2930,19,0.915,direct,2026-05-13T10:00:44Z
2052,2931,29,0.946,semantic,2026-05-13T10:00:44Z
2053,2935,2,0.838,direct,2026-05-13T10:00:44Z
2054,2936,3,0.869,semantic,2026-05-13T10:00:44Z
2055,2937,30,0.75,hashtag,2026-05-13T10:00:44Z
2056,2938,16,0.985,visual,2026-05-13T10:00:44Z
2057,2939,22,0.727,inferred,2026-05-13T10:00:44Z
2058,2940,10,0.987,direct,2026-05-13T10:00:44Z
2059,2941,23,0.995,semantic,2026-05-13T10:00:44Z
2060,2942,2,0.827,hashtag,2026-05-13T10:00:44Z
2061,2943,17,0.726,visual,2026-05-13T10:00:44Z
2062,2944,19,0.753,inferred,2026-05-13T10:00:44Z
2063,2945,17,0.897,direct,2026-05-13T10:00:44Z
2064,2946,9,0.963,semantic,2026-05-13T10:00:44Z
2065,2947,8,0.97,hashtag,2026-05-13T10:00:44Z
2066,2949,7,0.902,inferred,2026-05-13T10:00:44Z
2067,2951,11,0.743,semantic,2026-05-13T10:00:44Z
2068,2952,18,0.872,hashtag,2026-05-13T10:00:44Z
2069,2954,11,0.916,inferred,2026-05-13T10:00:44Z
2070,2955,10,0.798,direct,2026-05-13T10:00:44Z
2071,2957,25,0.758,hashtag,2026-05-13T10:00:44Z
2072,2958,5,0.914,visual,2026-05-13T10:00:44Z
2073,2960,8,0.73,direct,2026-05-13T10:00:44Z
2074,2961,26,0.769,semantic,2026-05-13T10:00:44Z
2075,2962,11,0.763,hashtag,2026-05-13T10:00:44Z
2076,2963,20,0.817,visual,2026-05-13T10:00:44Z
2077,2964,29,0.761,inferred,2026-05-13T10:00:44Z
2078,2965,15,0.987,direct,2026-05-13T10:00:44Z
2079,2966,28,0.921,semantic,2026-05-13T10:00:44Z
2080,2967,3,0.725,hashtag,2026-05-13T10:00:44Z
2081,2968,14,0.717,visual,2026-05-13T10:00:44Z
2082,2969,17,0.832,inferred,2026-05-13T10:00:44Z
2083,2970,23,0.786,direct,2026-05-13T10:00:44Z
2084,2971,20,0.795,semantic,2026-05-13T10:00:44Z
2085,2972,17,0.707,hashtag,2026-05-13T10:00:44Z
2086,2973,31,0.861,visual,2026-05-13T10:00:44Z
2087,2974,20,0.937,inferred,2026-05-13T10:00:44Z
2088,2975,19,0.926,direct,2026-05-13T10:00:44Z
2089,2976,2,0.917,semantic,2026-05-13T10:00:44Z
2090,2977,1,0.863,hashtag,2026-05-13T10:00:44Z
2091,2979,26,0.937,inferred,2026-05-13T10:00:44Z
2092,2980,31,0.778,direct,2026-05-13T10:00:44Z
2093,2982,15,0.778,hashtag,2026-05-13T10:00:44Z
2094,2983,22,0.951,visual,2026-05-13T10:00:44Z
2095,2984,29,0.866,inferred,2026-05-13T10:00:44Z
2096,2987,17,0.986,hashtag,2026-05-13T10:00:44Z
2097,2990,30,0.89,direct,2026-05-13T10:00:44Z
2098,2991,19,0.982,semantic,2026-05-13T10:00:44Z
2099,2992,18,0.889,hashtag,2026-05-13T10:00:44Z
2100,2993,7,0.838,visual,2026-05-13T10:00:44Z
2101,2994,25,0.704,inferred,2026-05-13T10:00:44Z
2102,2995,10,0.825,direct,2026-05-13T10:00:44Z
2103,2996,2,0.96,semantic,2026-05-13T10:00:44Z
2104,2997,28,0.811,hashtag,2026-05-13T10:00:44Z
2105,2999,23,0.944,inferred,2026-05-13T10:00:44Z
2106,3000,28,0.913,direct,2026-05-13T10:00:44Z
2107,3001,23,0.789,semantic,2026-05-13T10:00:44Z
2108,3002,15,0.791,hashtag,2026-05-13T10:00:44Z
2109,3003,2,0.981,visual,2026-05-13T10:00:44Z
2110,3005,22,0.937,direct,2026-05-13T10:00:44Z
2111,3009,8,0.799,inferred,2026-05-13T10:00:44Z
2112,3010,14,0.705,direct,2026-05-13T10:00:44Z
2113,3012,12,0.82,hashtag,2026-05-13T10:00:44Z
2114,3013,10,0.87,visual,2026-05-13T10:00:44Z
2115,3014,16,0.912,inferred,2026-05-13T10:00:44Z
2116,3015,10,0.962,direct,2026-05-13T10:00:44Z
2117,3017,20,0.946,hashtag,2026-05-13T10:00:44Z
2118,3019,26,0.77,inferred,2026-05-13T10:00:44Z
2119,3020,24,0.87,direct,2026-05-13T10:00:44Z
2120,3021,28,0.929,semantic,2026-05-13T10:00:44Z
2121,3023,1,0.839,visual,2026-05-13T10:00:44Z
2122,3024,26,0.738,inferred,2026-05-13T10:00:44Z
2123,3026,15,0.748,semantic,2026-05-13T10:00:44Z
2124,3029,17,0.9,inferred,2026-05-13T10:00:44Z
2125,3030,5,0.925,direct,2026-05-13T10:00:44Z
2126,3031,25,0.785,semantic,2026-05-13T10:00:44Z
2127,3035,10,0.953,direct,2026-05-13T10:00:44Z
2128,3036,11,0.8,semantic,2026-05-13T10:00:44Z
2129,3037,10,0.819,hashtag,2026-05-13T10:00:44Z
2130,3039,28,0.955,inferred,2026-05-13T10:00:44Z
2131,3040,11,0.74,direct,2026-05-13T10:00:44Z
2132,3043,8,0.773,visual,2026-05-13T10:00:44Z
2133,3044,29,0.824,inferred,2026-05-13T10:00:44Z
2134,3045,28,0.983,direct,2026-05-13T10:00:44Z
2135,3048,27,0.861,visual,2026-05-13T10:00:44Z
2136,3050,26,0.841,direct,2026-05-13T10:00:44Z
2137,3052,7,0.871,hashtag,2026-05-13T10:00:44Z
2138,3053,7,0.735,visual,2026-05-13T10:00:44Z
2139,3054,7,0.981,inferred,2026-05-13T10:00:44Z
2140,3056,3,0.831,semantic,2026-05-13T10:00:44Z
2141,3058,28,0.829,visual,2026-05-13T10:00:44Z
2142,3059,19,0.888,inferred,2026-05-13T10:00:44Z
2143,3060,14,0.917,direct,2026-05-13T10:00:44Z
2144,3061,18,0.917,semantic,2026-05-13T10:00:44Z
2145,3062,14,0.772,hashtag,2026-05-13T10:00:44Z
2146,3063,3,0.84,visual,2026-05-13T10:00:44Z
2147,3064,16,0.818,inferred,2026-05-13T10:00:44Z
2148,3065,3,0.822,direct,2026-05-13T10:00:44Z
2149,3066,16,0.963,semantic,2026-05-13T10:00:44Z
2150,3067,5,0.759,hashtag,2026-05-13T10:00:44Z
2151,3068,27,0.705,visual,2026-05-13T10:00:44Z
2152,3069,13,0.925,inferred,2026-05-13T10:00:44Z
2153,3071,11,0.909,semantic,2026-05-13T10:00:44Z
2154,3072,23,0.866,hashtag,2026-05-13T10:00:44Z
2155,3073,16,0.729,visual,2026-05-13T10:00:44Z
2156,3074,5,0.844,inferred,2026-05-13T10:00:44Z
2157,3075,11,0.756,direct,2026-05-13T10:00:44Z
2158,3076,26,0.76,semantic,2026-05-13T10:00:44Z
2159,3077,6,0.882,hashtag,2026-05-13T10:00:44Z
2160,3078,18,0.774,visual,2026-05-13T10:00:44Z
2161,3079,25,0.746,inferred,2026-05-13T10:00:44Z
2162,3083,28,0.878,visual,2026-05-13T10:00:44Z
2163,3084,31,0.707,inferred,2026-05-13T10:00:44Z
2164,3085,25,0.829,direct,2026-05-13T10:00:44Z
2165,3087,11,0.815,hashtag,2026-05-13T10:00:44Z
2166,3088,21,0.881,visual,2026-05-13T10:00:44Z
2167,3089,21,0.711,inferred,2026-05-13T10:00:44Z
2168,3090,8,0.992,direct,2026-05-13T10:00:44Z
2169,3091,25,0.836,semantic,2026-05-13T10:00:44Z
2170,3092,22,0.88,hashtag,2026-05-13T10:00:44Z
2171,3093,3,0.852,visual,2026-05-13T10:00:44Z
2172,3095,19,0.822,direct,2026-05-13T10:00:44Z
2173,3098,29,0.943,visual,2026-05-13T10:00:44Z
2174,3099,28,0.769,inferred,2026-05-13T10:00:44Z
2175,3101,16,0.961,semantic,2026-05-13T10:00:44Z
2176,3102,15,0.802,hashtag,2026-05-13T10:00:44Z
2177,3103,16,0.781,visual,2026-05-13T10:00:44Z
2178,3104,30,0.792,inferred,2026-05-13T10:00:44Z
2179,3105,3,0.729,direct,2026-05-13T10:00:44Z
2180,3106,28,0.847,semantic,2026-05-13T10:00:44Z
2181,3107,25,0.968,hashtag,2026-05-13T10:00:44Z
2182,3108,19,0.722,visual,2026-05-13T10:00:44Z
2183,3110,15,0.893,direct,2026-05-13T10:00:44Z
2184,3113,20,0.996,visual,2026-05-13T10:00:44Z
2185,3114,8,0.743,inferred,2026-05-13T10:00:44Z
2186,3117,19,0.964,hashtag,2026-05-13T10:00:44Z
2187,3118,29,0.858,visual,2026-05-13T10:00:44Z
2188,3119,27,0.982,inferred,2026-05-13T10:00:44Z
2189,3121,24,0.707,semantic,2026-05-13T10:00:44Z
2190,3124,15,0.868,inferred,2026-05-13T10:00:44Z
2191,3126,5,0.88,semantic,2026-05-13T10:00:44Z
2192,3127,23,0.992,hashtag,2026-05-13T10:00:44Z
2193,3128,30,0.914,visual,2026-05-13T10:00:44Z
2194,3129,15,0.847,inferred,2026-05-13T10:00:44Z
2195,3130,8,0.813,direct,2026-05-13T10:00:44Z
2196,3131,16,0.738,semantic,2026-05-13T10:00:44Z
2197,3132,3,0.989,hashtag,2026-05-13T10:00:44Z
2198,3133,5,0.984,visual,2026-05-13T10:00:44Z
2199,3134,8,0.717,inferred,2026-05-13T10:00:44Z
2200,3136,28,0.702,semantic,2026-05-13T10:00:44Z
2201,3138,9,0.786,visual,2026-05-13T10:00:44Z
2202,3139,5,0.824,inferred,2026-05-13T10:00:44Z
2203,3140,12,0.96,direct,2026-05-13T10:00:44Z
2204,3141,20,0.769,semantic,2026-05-13T10:00:44Z
2205,3143,27,0.807,visual,2026-05-13T10:00:44Z
2206,3145,7,0.74,direct,2026-05-13T10:00:44Z
2207,3146,25,0.76,semantic,2026-05-13T10:00:44Z
2208,3147,14,0.75,hashtag,2026-05-13T10:00:44Z
2209,3148,18,0.864,visual,2026-05-13T10:00:44Z
2210,3149,21,0.899,inferred,2026-05-13T10:00:44Z
2211,3151,4,0.725,semantic,2026-05-13T10:00:44Z
2212,3152,12,0.981,hashtag,2026-05-13T10:00:44Z
2213,3153,9,0.902,visual,2026-05-13T10:00:44Z
2214,3155,24,0.975,direct,2026-05-13T10:00:44Z
2215,3157,13,0.966,hashtag,2026-05-13T10:00:44Z
2216,3158,10,0.84,visual,2026-05-13T10:00:44Z
2217,3160,3,0.93,direct,2026-05-13T10:00:44Z
2218,3163,6,0.902,visual,2026-05-13T10:00:44Z
2219,3165,22,0.782,direct,2026-05-13T10:00:44Z
2220,3166,19,0.862,semantic,2026-05-13T10:00:44Z
2221,3167,4,0.949,hashtag,2026-05-13T10:00:44Z
2222,3169,27,0.781,inferred,2026-05-13T10:00:44Z
2223,3171,18,0.962,semantic,2026-05-13T10:00:44Z
2224,3172,8,0.743,hashtag,2026-05-13T10:00:44Z
2225,3173,31,0.815,visual,2026-05-13T10:00:44Z
2226,3174,4,0.905,inferred,2026-05-13T10:00:44Z
2227,3175,26,0.798,direct,2026-05-13T10:00:44Z
2228,3177,12,0.882,hashtag,2026-05-13T10:00:44Z
2229,3178,3,0.994,visual,2026-05-13T10:00:44Z
2230,3180,7,0.983,direct,2026-05-13T10:00:44Z
2231,3181,7,0.825,semantic,2026-05-13T10:00:44Z
2232,3182,21,0.911,hashtag,2026-05-13T10:00:44Z
2233,3183,24,0.866,visual,2026-05-13T10:00:44Z
2234,3184,17,0.971,inferred,2026-05-13T10:00:44Z
2235,3185,8,0.751,direct,2026-05-13T10:00:44Z
2236,3186,24,0.964,semantic,2026-05-13T10:00:44Z
2237,3189,3,0.739,inferred,2026-05-13T10:00:44Z
2238,3192,20,0.958,hashtag,2026-05-13T10:00:44Z
2239,3194,2,0.886,inferred,2026-05-13T10:00:44Z
2240,3196,13,0.958,semantic,2026-05-13T10:00:44Z
2241,3197,27,0.72,hashtag,2026-05-13T10:00:44Z
2242,3198,22,0.917,visual,2026-05-13T10:00:44Z
2243,3199,26,0.766,inferred,2026-05-13T10:00:44Z
2244,3200,18,0.946,direct,2026-05-13T10:00:44Z
2245,3201,22,0.986,semantic,2026-05-13T10:00:44Z
2246,3202,23,0.841,hashtag,2026-05-13T10:00:44Z
2247,3205,21,0.788,direct,2026-05-13T10:00:44Z
2248,3206,14,0.862,semantic,2026-05-13T10:00:44Z
2249,3207,8,0.718,hashtag,2026-05-13T10:00:44Z
2250,3208,10,0.714,visual,2026-05-13T10:00:44Z
2251,3209,29,0.877,inferred,2026-05-13T10:00:44Z
2252,3211,3,0.775,semantic,2026-05-13T10:00:44Z
2253,3212,25,0.73,hashtag,2026-05-13T10:00:44Z
2254,3214,14,0.842,inferred,2026-05-13T10:00:44Z
2255,3215,13,0.999,direct,2026-05-13T10:00:44Z
2256,3217,8,0.727,hashtag,2026-05-13T10:00:44Z
2257,3218,5,0.797,visual,2026-05-13T10:00:44Z
2258,3219,25,0.967,inferred,2026-05-13T10:00:44Z
2259,3220,3,0.8,direct,2026-05-13T10:00:44Z
2260,3221,9,0.775,semantic,2026-05-13T10:00:44Z
2261,3222,13,0.955,hashtag,2026-05-13T10:00:44Z
2262,3224,1,0.868,inferred,2026-05-13T10:00:44Z
2263,3225,19,0.916,direct,2026-05-13T10:00:44Z
2264,3227,27,0.946,hashtag,2026-05-13T10:00:44Z
2265,3228,27,0.979,visual,2026-05-13T10:00:44Z
2266,3229,24,0.793,inferred,2026-05-13T10:00:44Z
2267,3230,27,0.798,direct,2026-05-13T10:00:44Z
2268,3231,12,0.866,semantic,2026-05-13T10:00:44Z
2269,3232,16,0.848,hashtag,2026-05-13T10:00:44Z
2270,3233,14,0.758,visual,2026-05-13T10:00:44Z
2271,3234,27,0.8,inferred,2026-05-13T10:00:44Z
2272,3235,15,0.972,direct,2026-05-13T10:00:44Z
2273,3236,18,0.72,semantic,2026-05-13T10:00:44Z
2274,3237,21,0.754,hashtag,2026-05-13T10:00:44Z
2275,3238,27,0.928,visual,2026-05-13T10:00:44Z
2276,3239,3,0.995,inferred,2026-05-13T10:00:44Z
2277,3240,14,0.727,direct,2026-05-13T10:00:44Z
2278,3241,21,0.79,semantic,2026-05-13T10:00:44Z
2279,3245,14,0.741,direct,2026-05-13T10:00:44Z
2280,3246,15,0.806,semantic,2026-05-13T10:00:44Z
2281,3247,9,0.83,hashtag,2026-05-13T10:00:44Z
2282,3249,13,0.855,inferred,2026-05-13T10:00:44Z
2283,3250,22,0.734,direct,2026-05-13T10:00:44Z
2284,3251,9,0.994,semantic,2026-05-13T10:00:44Z
2285,3252,5,0.72,hashtag,2026-05-13T10:00:44Z
2286,3258,13,0.833,visual,2026-05-13T10:00:44Z
2287,3259,28,0.829,inferred,2026-05-13T10:00:44Z
2288,3260,15,0.99,direct,2026-05-13T10:00:44Z
2289,3262,25,0.736,hashtag,2026-05-13T10:00:44Z
2290,3265,11,0.868,direct,2026-05-13T10:00:44Z
2291,3266,14,0.927,semantic,2026-05-13T10:00:44Z
2292,3268,11,0.73,visual,2026-05-13T10:00:44Z
2293,3269,24,0.85,inferred,2026-05-13T10:00:44Z
2294,3270,27,0.854,direct,2026-05-13T10:00:44Z
2295,3272,2,0.867,hashtag,2026-05-13T10:00:44Z
2296,3273,8,0.902,visual,2026-05-13T10:00:44Z
2297,3276,16,0.738,semantic,2026-05-13T10:00:44Z
2298,3277,27,0.944,hashtag,2026-05-13T10:00:44Z
2299,3278,24,0.798,visual,2026-05-13T10:00:44Z
2300,3279,16,0.725,inferred,2026-05-13T10:00:44Z
2301,3281,25,0.926,semantic,2026-05-13T10:00:44Z
2302,3283,18,0.901,visual,2026-05-13T10:00:44Z
2303,3284,14,0.878,inferred,2026-05-13T10:00:44Z
2304,3285,3,0.93,direct,2026-05-13T10:00:44Z
2305,3286,4,0.965,semantic,2026-05-13T10:00:44Z
2306,3287,14,0.9,hashtag,2026-05-13T10:00:44Z
2307,3289,21,0.85,inferred,2026-05-13T10:00:44Z
2308,3290,1,0.893,direct,2026-05-13T10:00:44Z
2309,3292,22,0.82,hashtag,2026-05-13T10:00:44Z
2310,3293,20,0.984,visual,2026-05-13T10:00:44Z
2311,3296,6,0.818,semantic,2026-05-13T10:00:44Z
2312,3297,17,0.856,hashtag,2026-05-13T10:00:44Z
2313,3298,4,0.835,visual,2026-05-13T10:00:44Z
2314,3299,15,0.823,inferred,2026-05-13T10:00:44Z
2315,3302,23,0.991,hashtag,2026-05-13T10:00:44Z
2316,3304,26,0.797,inferred,2026-05-13T10:00:44Z
2317,3305,5,0.924,direct,2026-05-13T10:00:44Z
2318,3306,1,0.721,semantic,2026-05-13T10:00:44Z
2319,3307,5,0.85,hashtag,2026-05-13T10:00:44Z
2320,3308,1,0.978,visual,2026-05-13T10:00:44Z
2321,3309,26,0.986,inferred,2026-05-13T10:00:44Z
2322,3310,11,0.822,direct,2026-05-13T10:00:44Z
2323,3311,19,0.725,semantic,2026-05-13T10:00:44Z
2324,3312,14,0.961,hashtag,2026-05-13T10:00:44Z
2325,3313,9,0.896,visual,2026-05-13T10:00:44Z
2326,3315,23,0.919,direct,2026-05-13T10:00:44Z
2327,3317,28,0.943,hashtag,2026-05-13T10:00:44Z
2328,3318,5,0.993,visual,2026-05-13T10:00:44Z
2329,3319,9,0.858,inferred,2026-05-13T10:00:44Z
2330,3321,24,0.875,semantic,2026-05-13T10:00:44Z
2331,3324,19,0.799,inferred,2026-05-13T10:00:44Z
2332,3327,13,0.761,hashtag,2026-05-13T10:00:44Z
2333,3328,16,0.812,visual,2026-05-13T10:00:44Z
2334,3329,9,0.766,inferred,2026-05-13T10:00:44Z
2335,3331,22,0.831,semantic,2026-05-13T10:00:44Z
2336,3333,27,0.743,visual,2026-05-13T10:00:44Z
2337,3334,23,0.829,inferred,2026-05-13T10:00:44Z
2338,3335,7,0.907,direct,2026-05-13T10:00:44Z
2339,3336,11,0.92,semantic,2026-05-13T10:00:44Z
2340,3337,25,0.816,hashtag,2026-05-13T10:00:44Z
2341,3338,30,0.94,visual,2026-05-13T10:00:44Z
2342,3339,27,0.88,inferred,2026-05-13T10:00:44Z
2343,3343,4,0.788,visual,2026-05-13T10:00:44Z
2344,3344,13,0.846,inferred,2026-05-13T10:00:44Z
2345,3345,14,0.96,direct,2026-05-13T10:00:44Z
2346,3346,15,0.776,semantic,2026-05-13T10:00:44Z
2347,3350,2,0.919,direct,2026-05-13T10:00:44Z
2348,3351,18,0.913,semantic,2026-05-13T10:00:44Z
2349,3352,7,0.904,hashtag,2026-05-13T10:00:44Z
2350,3353,9,0.731,visual,2026-05-13T10:00:44Z
2351,3356,10,0.976,semantic,2026-05-13T10:00:44Z
2352,3359,23,0.781,inferred,2026-05-13T10:00:44Z
2353,3360,7,0.957,direct,2026-05-13T10:00:44Z
2354,3361,30,0.725,semantic,2026-05-13T10:00:44Z
2355,3363,31,0.743,visual,2026-05-13T10:00:44Z
2356,3365,9,0.722,direct,2026-05-13T10:00:44Z
2357,3366,1,0.89,semantic,2026-05-13T10:00:44Z
2358,3367,5,0.928,hashtag,2026-05-13T10:00:44Z
2359,3368,19,0.772,visual,2026-05-13T10:00:44Z
2360,3369,25,0.872,inferred,2026-05-13T10:00:44Z
2361,3370,25,0.948,direct,2026-05-13T10:00:44Z
2362,3371,4,0.967,semantic,2026-05-13T10:00:44Z
2363,3372,11,0.937,hashtag,2026-05-13T10:00:44Z
2364,3375,31,0.866,direct,2026-05-13T10:00:44Z
2365,3376,5,0.711,semantic,2026-05-13T10:00:44Z
2366,3378,18,0.904,visual,2026-05-13T10:00:44Z
2367,3380,12,0.943,direct,2026-05-13T10:00:44Z
2368,3381,7,0.822,semantic,2026-05-13T10:00:44Z
2369,3382,22,0.864,hashtag,2026-05-13T10:00:44Z
2370,3384,7,0.724,inferred,2026-05-13T10:00:44Z
2371,3386,26,0.943,semantic,2026-05-13T10:00:44Z
2372,3387,11,0.826,hashtag,2026-05-13T10:00:44Z
2373,3388,14,0.709,visual,2026-05-13T10:00:44Z
2374,3389,5,0.718,inferred,2026-05-13T10:00:44Z
2375,3390,21,0.862,direct,2026-05-13T10:00:44Z
2376,3391,19,0.845,semantic,2026-05-13T10:00:44Z
2377,3392,14,0.752,hashtag,2026-05-13T10:00:44Z
2378,3393,14,0.878,visual,2026-05-13T10:00:44Z
2379,3394,22,0.991,inferred,2026-05-13T10:00:44Z
2380,3395,5,0.976,direct,2026-05-13T10:00:44Z
2381,3396,21,0.785,semantic,2026-05-13T10:00:44Z
2382,3397,3,0.758,hashtag,2026-05-13T10:00:44Z
2383,3399,19,0.746,inferred,2026-05-13T10:00:44Z
2384,3401,19,0.727,semantic,2026-05-13T10:00:44Z
2385,3404,5,0.784,inferred,2026-05-13T10:00:44Z
2386,3405,28,0.92,direct,2026-05-13T10:00:44Z
2387,3406,1,0.951,semantic,2026-05-13T10:00:44Z
2388,3409,20,0.944,inferred,2026-05-13T10:00:44Z
2389,3410,24,0.739,direct,2026-05-13T10:00:44Z
2390,3411,8,0.821,semantic,2026-05-13T10:00:44Z
2391,3413,15,0.973,visual,2026-05-13T10:00:44Z
2392,3414,2,0.999,inferred,2026-05-13T10:00:44Z
2393,3415,18,0.786,direct,2026-05-13T10:00:44Z
2394,3416,2,0.759,semantic,2026-05-13T10:00:44Z
2395,3417,1,0.882,hashtag,2026-05-13T10:00:44Z
2396,3418,17,0.765,visual,2026-05-13T10:00:44Z
2397,3419,5,0.957,inferred,2026-05-13T10:00:44Z
2398,3420,9,0.912,direct,2026-05-13T10:00:44Z
2399,3422,15,0.887,hashtag,2026-05-13T10:00:44Z
2400,3423,1,0.974,visual,2026-05-13T10:00:44Z
2401,3424,18,0.981,inferred,2026-05-13T10:00:44Z
2402,3426,16,0.852,semantic,2026-05-13T10:00:44Z
2403,3427,4,0.942,hashtag,2026-05-13T10:00:44Z
2404,3428,1,0.811,visual,2026-05-13T10:00:44Z
2405,3429,27,0.706,inferred,2026-05-13T10:00:44Z
2406,3430,20,0.777,direct,2026-05-13T10:00:44Z
2407,3431,16,0.859,semantic,2026-05-13T10:00:44Z
2408,3433,26,0.775,visual,2026-05-13T10:00:44Z
2409,3434,30,0.77,inferred,2026-05-13T10:00:44Z
2410,3435,15,0.772,direct,2026-05-13T10:00:44Z
2411,3436,16,0.744,semantic,2026-05-13T10:00:44Z
2412,3437,20,0.737,hashtag,2026-05-13T10:00:44Z
2413,3438,21,0.825,visual,2026-05-13T10:00:44Z
2414,3440,5,0.953,direct,2026-05-13T10:00:44Z
2415,3441,18,0.824,semantic,2026-05-13T10:00:44Z
2416,3442,21,0.878,hashtag,2026-05-13T10:00:44Z
2417,3443,23,0.839,visual,2026-05-13T10:00:44Z
2418,3445,21,0.952,direct,2026-05-13T10:00:44Z
2419,3446,12,0.752,semantic,2026-05-13T10:00:44Z
2420,3449,6,0.729,inferred,2026-05-13T10:00:44Z
2421,3451,22,0.752,semantic,2026-05-13T10:00:44Z
2422,3452,24,0.894,hashtag,2026-05-13T10:00:44Z
2423,3453,23,0.747,visual,2026-05-13T10:00:44Z
2424,3454,25,0.788,inferred,2026-05-13T10:00:44Z
2425,3455,26,0.858,direct,2026-05-13T10:00:44Z
2426,3456,20,0.709,semantic,2026-05-13T10:00:44Z
2427,3457,31,0.904,hashtag,2026-05-13T10:00:44Z
2428,3458,25,0.951,visual,2026-05-13T10:00:44Z
2429,3459,28,0.982,inferred,2026-05-13T10:00:44Z
2430,3460,28,0.871,direct,2026-05-13T10:00:44Z
2431,3461,28,0.755,semantic,2026-05-13T10:00:44Z
2432,3462,3,0.832,hashtag,2026-05-13T10:00:44Z
2433,3464,15,0.874,inferred,2026-05-13T10:00:44Z
2434,3465,25,0.897,direct,2026-05-13T10:00:44Z
2435,3467,29,0.753,hashtag,2026-05-13T10:00:44Z
2436,3468,18,0.919,visual,2026-05-13T10:00:44Z
2437,3470,3,0.782,direct,2026-05-13T10:00:44Z
2438,3471,18,0.87,semantic,2026-05-13T10:00:44Z
2439,3472,25,0.899,hashtag,2026-05-13T10:00:44Z
2440,3474,23,0.787,inferred,2026-05-13T10:00:44Z
2441,3475,27,0.991,direct,2026-05-13T10:00:44Z
2442,3476,7,0.795,semantic,2026-05-13T10:00:44Z
2443,3477,4,0.889,hashtag,2026-05-13T10:00:44Z
2444,3478,5,0.889,visual,2026-05-13T10:00:44Z
2445,3479,4,0.779,inferred,2026-05-13T10:00:44Z
2446,3480,3,0.926,direct,2026-05-13T10:00:44Z
2447,3481,18,0.827,semantic,2026-05-13T10:00:44Z
2448,3482,9,0.975,hashtag,2026-05-13T10:00:44Z
2449,3483,10,0.71,visual,2026-05-13T10:00:44Z
2450,3484,22,0.723,inferred,2026-05-13T10:00:44Z
2451,3487,31,0.931,hashtag,2026-05-13T10:00:44Z
2452,3488,1,0.918,visual,2026-05-13T10:00:44Z
2453,3490,3,0.866,direct,2026-05-13T10:00:44Z
2454,3492,9,0.993,hashtag,2026-05-13T10:00:44Z
2455,3494,6,0.762,inferred,2026-05-13T10:00:44Z
2456,3495,11,0.938,direct,2026-05-13T10:00:44Z
2457,3497,7,0.768,hashtag,2026-05-13T10:00:44Z
2458,3498,12,0.856,visual,2026-05-13T10:00:44Z
2459,3500,24,0.974,direct,2026-05-13T10:00:44Z
2460,3502,27,0.953,hashtag,2026-05-13T10:00:44Z
2461,3503,28,0.865,visual,2026-05-13T10:00:44Z
2462,3506,3,0.761,semantic,2026-05-13T10:00:44Z
2463,3509,16,0.872,inferred,2026-05-13T10:00:44Z
2464,3512,4,0.92,hashtag,2026-05-13T10:00:44Z
2465,3513,11,0.754,visual,2026-05-13T10:00:44Z
2466,3514,31,0.849,inferred,2026-05-13T10:00:44Z
2467,3515,27,0.866,direct,2026-05-13T10:00:44Z
2468,3516,26,0.873,semantic,2026-05-13T10:00:44Z
2469,3517,9,0.819,hashtag,2026-05-13T10:00:44Z
2470,3519,3,0.858,inferred,2026-05-13T10:00:44Z
2471,3520,10,0.986,direct,2026-05-13T10:00:44Z
2472,3521,30,0.892,semantic,2026-05-13T10:00:44Z
2473,3523,2,0.738,visual,2026-05-13T10:00:44Z
2474,3525,21,0.739,direct,2026-05-13T10:00:44Z
2475,3528,2,0.806,visual,2026-05-13T10:00:44Z
2476,3529,24,0.891,inferred,2026-05-13T10:00:44Z
2477,3530,15,0.843,direct,2026-05-13T10:00:44Z
2478,3532,2,0.879,hashtag,2026-05-13T10:00:44Z
2479,3533,6,0.86,visual,2026-05-13T10:00:44Z
2480,3534,18,0.953,inferred,2026-05-13T10:00:44Z
2481,3537,9,0.912,hashtag,2026-05-13T10:00:44Z
2482,3540,10,0.83,direct,2026-05-13T10:00:44Z
2483,3541,7,0.85,semantic,2026-05-13T10:00:44Z
2484,3543,15,0.803,visual,2026-05-13T10:00:44Z
2485,3546,9,0.904,semantic,2026-05-13T10:00:44Z
2486,3547,10,0.926,hashtag,2026-05-13T10:00:44Z
2487,3548,31,0.817,visual,2026-05-13T10:00:44Z
2488,3549,31,0.872,inferred,2026-05-13T10:00:44Z
2489,3550,11,0.845,direct,2026-05-13T10:00:44Z
2490,3553,1,0.876,visual,2026-05-13T10:00:44Z
2491,3554,31,0.958,inferred,2026-05-13T10:00:44Z
2492,3556,11,0.939,semantic,2026-05-13T10:00:44Z
2493,3557,11,0.845,hashtag,2026-05-13T10:00:44Z
2494,3558,12,0.873,visual,2026-05-13T10:00:44Z
2495,3559,8,0.994,inferred,2026-05-13T10:00:44Z
2496,3560,5,0.986,direct,2026-05-13T10:00:44Z
2497,3561,25,0.73,semantic,2026-05-13T10:00:44Z
2498,3564,17,0.82,inferred,2026-05-13T10:00:44Z
2499,3565,12,0.991,direct,2026-05-13T10:00:44Z
2500,3566,4,0.973,semantic,2026-05-13T10:00:44Z
2501,3568,27,0.831,visual,2026-05-13T10:00:44Z
2502,3569,11,0.732,inferred,2026-05-13T10:00:44Z
2503,3570,24,0.964,direct,2026-05-13T10:00:44Z
2504,3571,22,0.995,semantic,2026-05-13T10:00:44Z
2505,3572,18,0.785,hashtag,2026-05-13T10:00:44Z
2506,3573,24,0.839,visual,2026-05-13T10:00:44Z
2507,3574,10,0.803,inferred,2026-05-13T10:00:44Z
2508,3575,18,0.986,direct,2026-05-13T10:00:44Z
2509,3578,1,0.776,visual,2026-05-13T10:00:44Z
2510,3579,12,0.89,inferred,2026-05-13T10:00:44Z
2511,3582,14,0.747,hashtag,2026-05-13T10:00:44Z
2512,3584,26,0.901,inferred,2026-05-13T10:00:44Z
2513,3585,4,0.923,direct,2026-05-13T10:00:44Z
2514,3586,27,0.987,semantic,2026-05-13T10:00:44Z
2515,3587,11,0.841,hashtag,2026-05-13T10:00:44Z
2516,3588,26,0.902,visual,2026-05-13T10:00:44Z
2517,3590,29,0.753,direct,2026-05-13T10:00:44Z
2518,3592,22,0.994,hashtag,2026-05-13T10:00:44Z
2519,3593,18,0.987,visual,2026-05-13T10:00:44Z
2520,3595,18,0.783,direct,2026-05-13T10:00:44Z
2521,3596,30,0.727,semantic,2026-05-13T10:00:44Z
2522,3599,31,0.927,inferred,2026-05-13T10:00:44Z
2523,3600,17,0.974,direct,2026-05-13T10:00:44Z
2524,3601,24,0.948,semantic,2026-05-13T10:00:44Z
2525,3602,19,0.936,hashtag,2026-05-13T10:00:44Z
2526,3603,9,0.91,visual,2026-05-13T10:00:44Z
2527,3605,21,0.93,direct,2026-05-13T10:00:44Z
2528,3606,11,0.97,semantic,2026-05-13T10:00:44Z
2529,3607,12,0.754,hashtag,2026-05-13T10:00:44Z
2530,3610,22,0.938,direct,2026-05-13T10:00:44Z
2531,3611,6,0.784,semantic,2026-05-13T10:00:44Z
2532,3612,3,0.984,hashtag,2026-05-13T10:00:44Z
2533,3613,15,0.733,visual,2026-05-13T10:00:44Z
2534,3614,11,0.757,inferred,2026-05-13T10:00:44Z
2535,3616,31,0.811,semantic,2026-05-13T10:00:44Z
2536,3617,3,0.715,hashtag,2026-05-13T10:00:44Z
2537,3618,27,0.87,visual,2026-05-13T10:00:44Z
2538,3619,26,0.904,inferred,2026-05-13T10:00:44Z
2539,3620,29,0.817,direct,2026-05-13T10:00:44Z
2540,3621,26,0.743,semantic,2026-05-13T10:00:44Z
2541,3623,13,0.747,visual,2026-05-13T10:00:44Z
2542,3625,27,0.834,direct,2026-05-13T10:00:44Z
2543,3626,6,0.836,semantic,2026-05-13T10:00:44Z
2544,3627,13,0.895,hashtag,2026-05-13T10:00:44Z
2545,3628,3,0.84,visual,2026-05-13T10:00:44Z
2546,3629,21,0.776,inferred,2026-05-13T10:00:44Z
2547,3630,22,0.799,direct,2026-05-13T10:00:44Z
2548,3633,7,0.729,visual,2026-05-13T10:00:44Z
2549,3634,4,0.815,inferred,2026-05-13T10:00:44Z
2550,3635,23,0.956,direct,2026-05-13T10:00:44Z
2551,3636,14,0.745,semantic,2026-05-13T10:00:44Z
2552,3638,9,0.875,visual,2026-05-13T10:00:44Z
2553,3639,19,0.759,inferred,2026-05-13T10:00:44Z
2554,3640,28,0.811,direct,2026-05-13T10:00:44Z
2555,3641,28,0.986,semantic,2026-05-13T10:00:44Z
2556,3642,18,0.989,hashtag,2026-05-13T10:00:44Z
2557,3643,2,0.79,visual,2026-05-13T10:00:44Z
2558,3644,5,0.998,inferred,2026-05-13T10:00:44Z
2559,3645,12,0.742,direct,2026-05-13T10:00:44Z
2560,3646,11,0.987,semantic,2026-05-13T10:00:44Z
2561,3648,11,0.75,visual,2026-05-13T10:00:44Z
2562,3649,27,0.899,inferred,2026-05-13T10:00:44Z
2563,3650,21,0.895,direct,2026-05-13T10:00:44Z
2564,3651,17,0.798,semantic,2026-05-13T10:00:44Z
2565,3652,14,0.752,hashtag,2026-05-13T10:00:44Z
2566,3653,13,0.749,visual,2026-05-13T10:00:44Z
2567,3654,24,0.902,inferred,2026-05-13T10:00:44Z
2568,3655,1,0.796,direct,2026-05-13T10:00:44Z
2569,3656,1,0.756,semantic,2026-05-13T10:00:44Z
2570,3657,14,0.704,hashtag,2026-05-13T10:00:44Z
2571,3659,26,0.94,inferred,2026-05-13T10:00:44Z
2572,3661,1,0.926,semantic,2026-05-13T10:00:44Z
2573,3662,22,0.858,hashtag,2026-05-13T10:00:44Z
2574,3663,13,0.812,visual,2026-05-13T10:00:44Z
2575,3664,14,0.968,inferred,2026-05-13T10:00:44Z
2576,3665,10,0.73,direct,2026-05-13T10:00:44Z
2577,3666,28,0.93,semantic,2026-05-13T10:00:44Z
2578,3667,24,0.897,hashtag,2026-05-13T10:00:44Z
2579,3670,22,0.831,direct,2026-05-13T10:00:44Z
2580,3672,10,0.707,hashtag,2026-05-13T10:00:44Z
2581,3673,5,0.875,visual,2026-05-13T10:00:44Z
2582,3677,30,0.771,hashtag,2026-05-13T10:00:44Z
2583,3678,29,0.942,visual,2026-05-13T10:00:44Z
2584,3680,1,0.84,direct,2026-05-13T10:00:44Z
2585,3681,6,0.786,semantic,2026-05-13T10:00:44Z
2586,3684,22,0.756,inferred,2026-05-13T10:00:44Z
2587,3685,24,0.788,direct,2026-05-13T10:00:44Z
2588,3686,27,0.81,semantic,2026-05-13T10:00:44Z
2589,3688,21,0.825,visual,2026-05-13T10:00:44Z
2590,3689,9,0.851,inferred,2026-05-13T10:00:44Z
2591,3691,8,0.86,semantic,2026-05-13T10:00:44Z
2592,3692,6,0.855,hashtag,2026-05-13T10:00:44Z
2593,3693,14,0.981,visual,2026-05-13T10:00:44Z
2594,3694,16,0.866,inferred,2026-05-13T10:00:44Z
2595,3695,12,0.987,direct,2026-05-13T10:00:44Z
2596,3696,21,0.859,semantic,2026-05-13T10:00:44Z
2597,3698,10,0.877,visual,2026-05-13T10:00:44Z
2598,3699,27,0.933,inferred,2026-05-13T10:00:44Z
2599,3700,16,0.783,direct,2026-05-13T10:00:44Z
2600,3701,10,0.923,semantic,2026-05-13T10:00:44Z
2601,3702,24,0.855,hashtag,2026-05-13T10:00:44Z
2602,3703,9,0.983,visual,2026-05-13T10:00:44Z
2603,3704,19,0.937,inferred,2026-05-13T10:00:44Z
2604,3708,28,0.861,visual,2026-05-13T10:00:44Z
2605,3709,29,0.974,inferred,2026-05-13T10:00:44Z
2606,3710,2,0.916,direct,2026-05-13T10:00:44Z
2607,3711,17,0.893,semantic,2026-05-13T10:00:44Z
2608,3714,15,0.769,inferred,2026-05-13T10:00:44Z
2609,3715,4,0.826,direct,2026-05-13T10:00:44Z
2610,3717,9,0.841,hashtag,2026-05-13T10:00:44Z
2611,3718,16,0.98,visual,2026-05-13T10:00:44Z
2612,3719,6,0.731,inferred,2026-05-13T10:00:44Z
2613,3720,25,0.842,direct,2026-05-13T10:00:44Z
2614,3723,26,0.935,visual,2026-05-13T10:00:44Z
2615,3728,3,0.875,visual,2026-05-13T10:00:44Z
2616,3729,26,0.788,inferred,2026-05-13T10:00:44Z
2617,3730,28,0.976,direct,2026-05-13T10:00:44Z
2618,3731,23,0.98,semantic,2026-05-13T10:00:44Z
2619,3732,28,0.729,hashtag,2026-05-13T10:00:44Z
2620,3736,1,0.943,semantic,2026-05-13T10:00:44Z
2621,3737,21,0.988,hashtag,2026-05-13T10:00:44Z
2622,3738,15,0.867,visual,2026-05-13T10:00:44Z
2623,3739,1,0.901,inferred,2026-05-13T10:00:44Z
2624,3740,5,0.964,direct,2026-05-13T10:00:44Z
2625,3741,25,0.824,semantic,2026-05-13T10:00:44Z
2626,3742,11,0.832,hashtag,2026-05-13T10:00:44Z
2627,3744,22,0.772,inferred,2026-05-13T10:00:44Z
2628,3745,3,0.918,direct,2026-05-13T10:00:44Z
2629,3747,2,0.796,hashtag,2026-05-13T10:00:44Z
2630,3748,12,0.904,visual,2026-05-13T10:00:44Z
2631,3749,29,0.766,inferred,2026-05-13T10:00:44Z
2632,3750,26,0.944,direct,2026-05-13T10:00:44Z
2633,3751,17,0.803,semantic,2026-05-13T10:00:44Z
2634,3752,3,0.725,hashtag,2026-05-13T10:00:44Z
2635,3754,6,0.955,inferred,2026-05-13T10:00:44Z
2636,3755,28,1,direct,2026-05-13T10:00:44Z
2637,3757,24,0.849,hashtag,2026-05-13T10:00:44Z
2638,3758,9,0.995,visual,2026-05-13T10:00:44Z
2639,3759,31,0.798,inferred,2026-05-13T10:00:44Z
2640,3762,17,0.901,hashtag,2026-05-13T10:00:44Z
2641,3763,1,0.794,visual,2026-05-13T10:00:44Z
2642,3764,30,0.741,inferred,2026-05-13T10:00:44Z
2643,3765,9,0.998,direct,2026-05-13T10:00:44Z
2644,3766,20,0.874,semantic,2026-05-13T10:00:44Z
2645,3767,30,0.751,hashtag,2026-05-13T10:00:44Z
2646,3768,3,0.921,visual,2026-05-13T10:00:44Z
2647,3769,26,0.894,inferred,2026-05-13T10:00:44Z
2648,3770,18,0.867,direct,2026-05-13T10:00:44Z
2649,3771,28,0.887,semantic,2026-05-13T10:00:44Z
2650,3772,8,0.897,hashtag,2026-05-13T10:00:44Z
2651,3773,26,0.872,visual,2026-05-13T10:00:44Z
2652,3774,23,0.942,inferred,2026-05-13T10:00:44Z
2653,3776,22,0.733,semantic,2026-05-13T10:00:44Z
2654,3777,18,0.92,hashtag,2026-05-13T10:00:44Z
2655,3778,8,0.842,visual,2026-05-13T10:00:44Z
2656,3781,23,0.741,semantic,2026-05-13T10:00:44Z
2657,3782,21,0.835,hashtag,2026-05-13T10:00:44Z
2658,3783,26,0.769,visual,2026-05-13T10:00:44Z
2659,3784,16,0.821,inferred,2026-05-13T10:00:44Z
2660,3786,2,0.825,semantic,2026-05-13T10:00:44Z
2661,3788,3,0.862,visual,2026-05-13T10:00:44Z
2662,3790,22,0.829,direct,2026-05-13T10:00:44Z
2663,3791,27,0.959,semantic,2026-05-13T10:00:44Z
2664,3792,14,0.862,hashtag,2026-05-13T10:00:44Z
2665,3793,12,0.816,visual,2026-05-13T10:00:44Z
2666,3794,13,0.965,inferred,2026-05-13T10:00:44Z
2667,3795,2,0.987,direct,2026-05-13T10:00:44Z
2668,3797,9,0.883,hashtag,2026-05-13T10:00:44Z
2669,3800,4,0.964,direct,2026-05-13T10:00:44Z
2670,3801,19,0.79,semantic,2026-05-13T10:00:44Z
2671,3802,15,0.752,hashtag,2026-05-13T10:00:44Z
2672,3803,16,0.754,visual,2026-05-13T10:00:44Z
2673,3805,24,0.781,direct,2026-05-13T10:00:44Z
2674,3806,2,0.837,semantic,2026-05-13T10:00:44Z
2675,3808,27,0.858,visual,2026-05-13T10:00:44Z
2676,3811,9,0.702,semantic,2026-05-13T10:00:44Z
2677,3812,31,0.947,hashtag,2026-05-13T10:00:44Z
2678,3814,16,0.774,inferred,2026-05-13T10:00:44Z
2679,3815,9,0.764,direct,2026-05-13T10:00:44Z
2680,3816,21,0.786,semantic,2026-05-13T10:00:44Z
2681,3818,27,0.866,visual,2026-05-13T10:00:44Z
2682,3819,23,0.895,inferred,2026-05-13T10:00:44Z
2683,3820,1,0.934,direct,2026-05-13T10:00:44Z
2684,3821,18,0.858,semantic,2026-05-13T10:00:44Z
2685,3822,16,0.726,hashtag,2026-05-13T10:00:44Z
2686,3823,21,0.718,visual,2026-05-13T10:00:44Z
2687,3824,7,0.821,inferred,2026-05-13T10:00:44Z
2688,3825,21,0.784,direct,2026-05-13T10:00:44Z
2689,3826,7,0.824,semantic,2026-05-13T10:00:44Z
2690,3827,18,0.794,hashtag,2026-05-13T10:00:44Z
2691,3828,26,0.959,visual,2026-05-13T10:00:44Z
2692,3829,5,0.715,inferred,2026-05-13T10:00:44Z
2693,3830,26,0.98,direct,2026-05-13T10:00:44Z
2694,3831,25,0.97,semantic,2026-05-13T10:00:44Z
2695,3832,29,0.704,hashtag,2026-05-13T10:00:44Z
2696,3833,24,0.781,visual,2026-05-13T10:00:44Z
2697,3835,2,0.778,direct,2026-05-13T10:00:44Z
2698,3837,2,0.94,hashtag,2026-05-13T10:00:44Z
2699,3839,27,0.714,inferred,2026-05-13T10:00:44Z
2700,3840,20,0.855,direct,2026-05-13T10:00:44Z
2701,3841,31,0.895,semantic,2026-05-13T10:00:44Z
2702,3843,3,0.738,visual,2026-05-13T10:00:44Z
2703,3846,29,0.961,semantic,2026-05-13T10:00:44Z
2704,3850,14,0.761,direct,2026-05-13T10:00:44Z
2705,3851,24,0.76,semantic,2026-05-13T10:00:44Z
2706,3854,4,0.86,inferred,2026-05-13T10:00:44Z
2707,3856,12,0.721,semantic,2026-05-13T10:00:44Z
2708,3858,21,0.847,visual,2026-05-13T10:00:44Z
2709,3860,19,0.791,direct,2026-05-13T10:00:44Z
2710,3861,9,0.773,semantic,2026-05-13T10:00:44Z
2711,3862,15,0.802,hashtag,2026-05-13T10:00:44Z
2712,3863,3,0.841,visual,2026-05-13T10:00:44Z
2713,3864,7,0.786,inferred,2026-05-13T10:00:44Z
2714,3865,31,0.922,direct,2026-05-13T10:00:44Z
2715,3866,4,0.809,semantic,2026-05-13T10:00:44Z
2716,3867,2,0.866,hashtag,2026-05-13T10:00:44Z
2717,3869,21,0.867,inferred,2026-05-13T10:00:44Z
2718,3871,6,0.847,semantic,2026-05-13T10:00:44Z
2719,3872,19,0.918,hashtag,2026-05-13T10:00:44Z
2720,3873,21,0.771,visual,2026-05-13T10:00:44Z
2721,3875,21,0.758,direct,2026-05-13T10:00:44Z
2722,3876,7,0.79,semantic,2026-05-13T10:00:44Z
2723,3878,10,0.799,visual,2026-05-13T10:00:44Z
2724,3879,31,0.784,inferred,2026-05-13T10:00:44Z
2725,3880,13,0.809,direct,2026-05-13T10:00:44Z
2726,3882,4,0.742,hashtag,2026-05-13T10:00:44Z
2727,3883,21,0.705,visual,2026-05-13T10:00:44Z
2728,3885,26,0.938,direct,2026-05-13T10:00:44Z
2729,3886,11,0.802,semantic,2026-05-13T10:00:44Z
2730,3889,2,0.918,inferred,2026-05-13T10:00:44Z
2731,3891,31,0.781,semantic,2026-05-13T10:00:44Z
2732,3892,21,0.836,hashtag,2026-05-13T10:00:44Z
2733,3893,8,0.725,visual,2026-05-13T10:00:44Z
2734,3894,21,0.709,inferred,2026-05-13T10:00:44Z
2735,3895,8,0.754,direct,2026-05-13T10:00:44Z
2736,3896,23,0.769,semantic,2026-05-13T10:00:44Z
2737,3897,11,0.873,hashtag,2026-05-13T10:00:44Z
2738,3899,26,0.777,inferred,2026-05-13T10:00:44Z
2739,3900,7,0.889,direct,2026-05-13T10:00:44Z
2740,3901,15,0.716,semantic,2026-05-13T10:00:44Z
2741,3902,7,0.807,hashtag,2026-05-13T10:00:44Z
2742,3903,4,0.818,visual,2026-05-13T10:00:44Z
2743,3904,17,0.848,inferred,2026-05-13T10:00:44Z
2744,3905,22,0.751,direct,2026-05-13T10:00:44Z
2745,3906,15,0.862,semantic,2026-05-13T10:00:44Z
2746,3907,7,0.963,hashtag,2026-05-13T10:00:44Z
2747,3908,22,0.963,visual,2026-05-13T10:00:44Z
2748,3909,14,0.849,inferred,2026-05-13T10:00:44Z
2749,3910,30,0.978,direct,2026-05-13T10:00:44Z
2750,3911,8,0.847,semantic,2026-05-13T10:00:44Z
2751,3912,23,0.764,hashtag,2026-05-13T10:00:44Z
2752,3914,1,0.704,inferred,2026-05-13T10:00:44Z
2753,3915,10,0.746,direct,2026-05-13T10:00:44Z
2754,3916,20,0.786,semantic,2026-05-13T10:00:44Z
2755,3917,22,0.715,hashtag,2026-05-13T10:00:44Z
2756,3918,20,0.822,visual,2026-05-13T10:00:44Z
2757,3919,30,0.838,inferred,2026-05-13T10:00:44Z
2758,3920,27,0.973,direct,2026-05-13T10:00:44Z
2759,3921,19,0.707,semantic,2026-05-13T10:00:44Z
2760,3922,26,0.957,hashtag,2026-05-13T10:00:44Z
2761,3923,16,0.883,visual,2026-05-13T10:00:44Z
2762,3924,14,0.892,inferred,2026-05-13T10:00:44Z
2763,3928,9,0.76,visual,2026-05-13T10:00:44Z
2764,3929,14,0.96,inferred,2026-05-13T10:00:44Z
2765,3932,31,0.924,hashtag,2026-05-13T10:00:44Z
2766,3933,13,0.942,visual,2026-05-13T10:00:44Z
2767,3936,29,0.838,semantic,2026-05-13T10:00:44Z
2768,3937,26,0.789,hashtag,2026-05-13T10:00:44Z
2769,3938,5,0.763,visual,2026-05-13T10:00:44Z
2770,3939,31,0.703,inferred,2026-05-13T10:00:44Z
2771,3940,4,0.799,direct,2026-05-13T10:00:44Z
2772,3942,28,0.862,hashtag,2026-05-13T10:00:44Z
2773,3943,23,0.751,visual,2026-05-13T10:00:44Z
2774,3944,16,0.807,inferred,2026-05-13T10:00:44Z
2775,3946,19,0.832,semantic,2026-05-13T10:00:44Z
2776,3948,20,0.864,visual,2026-05-13T10:00:44Z
2777,3949,13,0.884,inferred,2026-05-13T10:00:44Z
2778,3951,31,0.814,semantic,2026-05-13T10:00:44Z
2779,3952,9,0.713,hashtag,2026-05-13T10:00:44Z
2780,3953,11,0.921,visual,2026-05-13T10:00:44Z
2781,3954,22,0.944,inferred,2026-05-13T10:00:44Z
2782,3955,2,0.779,direct,2026-05-13T10:00:44Z
2783,3956,19,0.872,semantic,2026-05-13T10:00:44Z
2784,3958,16,0.749,visual,2026-05-13T10:00:44Z
2785,3959,17,0.896,inferred,2026-05-13T10:00:44Z
2786,3960,28,0.82,direct,2026-05-13T10:00:44Z
2787,3962,22,0.959,hashtag,2026-05-13T10:00:44Z
2788,3965,19,0.738,direct,2026-05-13T10:00:44Z
2789,3966,23,0.701,semantic,2026-05-13T10:00:44Z
2790,3967,21,0.727,hashtag,2026-05-13T10:00:44Z
2791,3968,7,0.89,visual,2026-05-13T10:00:44Z
2792,3972,29,0.949,hashtag,2026-05-13T10:00:44Z
2793,3973,4,0.959,visual,2026-05-13T10:00:44Z
2794,3975,26,0.856,direct,2026-05-13T10:00:44Z
2795,3976,6,0.883,semantic,2026-05-13T10:00:44Z
2796,3977,19,0.717,hashtag,2026-05-13T10:00:44Z
2797,3978,10,0.934,visual,2026-05-13T10:00:44Z
2798,3979,4,0.967,inferred,2026-05-13T10:00:44Z
2799,3981,20,0.926,semantic,2026-05-13T10:00:44Z
2800,3982,15,0.859,hashtag,2026-05-13T10:00:44Z
2801,3983,12,0.772,visual,2026-05-13T10:00:44Z
2802,3984,2,0.724,inferred,2026-05-13T10:00:44Z
2803,3985,16,0.927,direct,2026-05-13T10:00:44Z
2804,3986,28,0.793,semantic,2026-05-13T10:00:44Z
2805,3988,6,0.906,visual,2026-05-13T10:00:44Z
2806,3991,26,0.96,semantic,2026-05-13T10:00:44Z
2807,3993,9,0.815,visual,2026-05-13T10:00:44Z
2808,3994,9,0.949,inferred,2026-05-13T10:00:44Z
2809,3996,18,0.958,semantic,2026-05-13T10:00:44Z
2810,3999,29,0.764,inferred,2026-05-13T10:00:44Z
2811,4000,10,0.719,direct,2026-05-13T10:00:44Z
2812,4001,14,0.751,semantic,2026-05-13T10:00:44Z
2813,4004,14,0.854,inferred,2026-05-13T10:00:44Z
2814,4005,15,0.875,direct,2026-05-13T10:00:44Z
2815,4006,21,0.824,semantic,2026-05-13T10:00:44Z
2816,4007,31,0.806,hashtag,2026-05-13T10:00:44Z
2817,4009,7,0.7,inferred,2026-05-13T10:00:44Z
2818,4010,14,0.867,direct,2026-05-13T10:00:44Z
2819,4011,28,0.88,semantic,2026-05-13T10:00:44Z
2820,4012,29,0.802,hashtag,2026-05-13T10:00:44Z
2821,4013,22,0.737,visual,2026-05-13T10:00:44Z
2822,4014,31,0.706,inferred,2026-05-13T10:00:44Z
2823,4015,4,0.824,direct,2026-05-13T10:00:44Z
2824,4016,15,0.897,semantic,2026-05-13T10:00:44Z
2825,4020,29,0.948,direct,2026-05-13T10:00:44Z
2826,4021,27,0.91,semantic,2026-05-13T10:00:44Z
2827,4022,8,0.856,hashtag,2026-05-13T10:00:44Z
2828,4023,7,0.971,visual,2026-05-13T10:00:44Z
2829,4024,15,0.836,inferred,2026-05-13T10:00:44Z
2830,4025,3,0.929,direct,2026-05-13T10:00:44Z
2831,4026,23,0.786,semantic,2026-05-13T10:00:44Z
2832,4028,11,0.954,visual,2026-05-13T10:00:44Z
2833,4029,15,0.703,inferred,2026-05-13T10:00:44Z
2834,4030,4,0.96,direct,2026-05-13T10:00:44Z
2835,4034,3,0.846,inferred,2026-05-13T10:00:44Z
2836,4035,4,0.906,direct,2026-05-13T10:00:44Z
2837,4036,6,0.994,semantic,2026-05-13T10:00:44Z
2838,4037,21,0.764,hashtag,2026-05-13T10:00:44Z
2839,4038,25,0.954,visual,2026-05-13T10:00:44Z
2840,4039,20,0.987,inferred,2026-05-13T10:00:44Z
2841,4041,6,0.921,semantic,2026-05-13T10:00:44Z
2842,4043,18,0.818,visual,2026-05-13T10:00:44Z
2843,4044,29,0.983,inferred,2026-05-13T10:00:44Z
2844,4045,12,0.977,direct,2026-05-13T10:00:44Z
2845,4046,11,0.776,semantic,2026-05-13T10:00:44Z
2846,4047,17,0.71,hashtag,2026-05-13T10:00:44Z
2847,4048,21,0.814,visual,2026-05-13T10:00:44Z
2848,4050,20,0.733,direct,2026-05-13T10:00:44Z
2849,4051,20,0.718,semantic,2026-05-13T10:00:44Z
2850,4052,14,0.728,hashtag,2026-05-13T10:00:44Z
2851,4053,6,0.734,visual,2026-05-13T10:00:44Z
2852,4054,8,0.729,inferred,2026-05-13T10:00:44Z
2853,4055,10,0.913,direct,2026-05-13T10:00:44Z
2854,4056,7,0.817,semantic,2026-05-13T10:00:44Z
2855,4059,15,0.962,inferred,2026-05-13T10:00:44Z
2856,4060,24,0.745,direct,2026-05-13T10:00:44Z
2857,4061,29,0.919,semantic,2026-05-13T10:00:44Z
2858,4062,9,0.773,hashtag,2026-05-13T10:00:44Z
2859,4063,3,0.737,visual,2026-05-13T10:00:44Z
2860,4064,1,0.821,inferred,2026-05-13T10:00:44Z
2861,4065,4,0.931,direct,2026-05-13T10:00:44Z
2862,4066,25,0.744,semantic,2026-05-13T10:00:44Z
2863,4068,1,0.702,visual,2026-05-13T10:00:44Z
2864,4069,10,0.979,inferred,2026-05-13T10:00:44Z
2865,4070,9,0.82,direct,2026-05-13T10:00:44Z
2866,4071,21,0.758,semantic,2026-05-13T10:00:44Z
2867,4072,4,0.883,hashtag,2026-05-13T10:00:44Z
2868,4073,26,0.782,visual,2026-05-13T10:00:44Z
2869,4074,1,0.814,inferred,2026-05-13T10:00:44Z
2870,4075,8,0.871,direct,2026-05-13T10:00:44Z
2871,4076,13,0.94,semantic,2026-05-13T10:00:44Z
2872,4078,26,0.924,visual,2026-05-13T10:00:44Z
2873,4079,31,0.974,inferred,2026-05-13T10:00:44Z
2874,4081,13,0.722,semantic,2026-05-13T10:00:44Z
2875,4083,24,0.727,visual,2026-05-13T10:00:44Z
2876,4084,23,0.909,inferred,2026-05-13T10:00:44Z
2877,4085,1,0.989,direct,2026-05-13T10:00:44Z
2878,4087,9,0.874,hashtag,2026-05-13T10:00:44Z
2879,4088,27,0.78,visual,2026-05-13T10:00:44Z
2880,4089,29,0.959,inferred,2026-05-13T10:00:44Z
2881,4092,10,0.909,hashtag,2026-05-13T10:00:44Z
2882,4093,5,0.947,visual,2026-05-13T10:00:44Z
2883,4094,18,0.779,inferred,2026-05-13T10:00:44Z
2884,4095,14,0.953,direct,2026-05-13T10:00:44Z
2885,4096,13,0.774,semantic,2026-05-13T10:00:44Z
2886,4097,15,0.997,hashtag,2026-05-13T10:00:44Z
2887,4098,19,0.821,visual,2026-05-13T10:00:44Z
2888,4100,11,0.971,direct,2026-05-13T10:00:44Z
2889,4102,13,0.755,hashtag,2026-05-13T10:00:44Z
2890,4103,29,0.914,visual,2026-05-13T10:00:44Z
2891,4104,16,0.985,inferred,2026-05-13T10:00:44Z
2892,4105,18,0.757,direct,2026-05-13T10:00:44Z
2893,4107,29,0.726,hashtag,2026-05-13T10:00:44Z
2894,4108,3,0.758,visual,2026-05-13T10:00:44Z
2895,4109,16,0.888,inferred,2026-05-13T10:00:44Z
2896,4110,24,0.752,direct,2026-05-13T10:00:44Z
2897,4111,20,0.825,semantic,2026-05-13T10:00:44Z
2898,4112,4,0.952,hashtag,2026-05-13T10:00:44Z
2899,4113,31,0.709,visual,2026-05-13T10:00:44Z
2900,4114,25,0.713,inferred,2026-05-13T10:00:44Z
2901,4115,26,0.709,direct,2026-05-13T10:00:44Z
2902,4116,8,0.713,semantic,2026-05-13T10:00:44Z
2903,4117,8,0.819,hashtag,2026-05-13T10:00:44Z
2904,4119,4,0.784,inferred,2026-05-13T10:00:44Z
2905,4120,21,0.902,direct,2026-05-13T10:00:44Z
2906,4121,8,0.869,semantic,2026-05-13T10:00:44Z
2907,4122,31,0.749,hashtag,2026-05-13T10:00:44Z
2908,4123,12,0.906,visual,2026-05-13T10:00:44Z
2909,4126,18,0.713,semantic,2026-05-13T10:00:44Z
2910,4127,17,0.78,hashtag,2026-05-13T10:00:44Z
2911,4128,25,0.873,visual,2026-05-13T10:00:44Z
2912,4129,5,0.949,inferred,2026-05-13T10:00:44Z
2913,4131,26,0.957,semantic,2026-05-13T10:00:44Z
2914,4132,13,0.903,hashtag,2026-05-13T10:00:44Z
2915,4133,21,0.929,visual,2026-05-13T10:00:44Z
2916,4134,26,0.735,inferred,2026-05-13T10:00:44Z
2917,4135,18,0.733,direct,2026-05-13T10:00:44Z
2918,4136,30,0.898,semantic,2026-05-13T10:00:44Z
2919,4137,7,0.711,hashtag,2026-05-13T10:00:44Z
2920,4139,19,0.724,inferred,2026-05-13T10:00:44Z
2921,4141,14,0.806,semantic,2026-05-13T10:00:44Z
2922,4142,29,0.783,hashtag,2026-05-13T10:00:44Z
2923,4143,15,0.964,visual,2026-05-13T10:00:44Z
2924,4146,6,0.716,semantic,2026-05-13T10:00:44Z
2925,4148,21,0.791,visual,2026-05-13T10:00:44Z
2926,4149,17,0.709,inferred,2026-05-13T10:00:44Z
2927,4150,16,0.796,direct,2026-05-13T10:00:44Z
2928,4151,16,0.874,semantic,2026-05-13T10:00:44Z
2929,4154,21,0.878,inferred,2026-05-13T10:00:44Z
2930,4155,8,0.707,direct,2026-05-13T10:00:44Z
2931,4156,2,0.742,semantic,2026-05-13T10:00:44Z
2932,4158,30,0.719,visual,2026-05-13T10:00:44Z
2933,4159,31,0.809,inferred,2026-05-13T10:00:44Z
2934,4160,20,0.938,direct,2026-05-13T10:00:44Z
2935,4163,26,0.848,visual,2026-05-13T10:00:44Z
2936,4164,28,0.925,inferred,2026-05-13T10:00:44Z
2937,4165,18,0.723,direct,2026-05-13T10:00:44Z
2938,4166,16,0.789,semantic,2026-05-13T10:00:44Z
2939,4167,15,0.744,hashtag,2026-05-13T10:00:44Z
2940,4168,15,0.979,visual,2026-05-13T10:00:44Z
2941,4169,13,0.93,inferred,2026-05-13T10:00:44Z
2942,4170,8,0.724,direct,2026-05-13T10:00:44Z
2943,4171,29,0.742,semantic,2026-05-13T10:00:44Z
2944,4172,30,0.721,hashtag,2026-05-13T10:00:44Z
2945,4173,12,0.91,visual,2026-05-13T10:00:44Z
2946,4175,13,0.948,direct,2026-05-13T10:00:44Z
2947,4176,27,0.889,semantic,2026-05-13T10:00:44Z
2948,4177,25,0.725,hashtag,2026-05-13T10:00:44Z
2949,4179,29,0.798,inferred,2026-05-13T10:00:44Z
2950,4180,23,0.862,direct,2026-05-13T10:00:44Z
2951,4181,13,0.742,semantic,2026-05-13T10:00:44Z
2952,4183,25,0.72,visual,2026-05-13T10:00:44Z
2953,4184,11,0.842,inferred,2026-05-13T10:00:44Z
2954,4185,26,0.86,direct,2026-05-13T10:00:44Z
2955,4186,11,0.989,semantic,2026-05-13T10:00:44Z
2956,4188,31,0.744,visual,2026-05-13T10:00:44Z
2957,4189,10,0.802,inferred,2026-05-13T10:00:44Z
2958,4190,17,0.951,direct,2026-05-13T10:00:44Z
2959,4191,28,0.8,semantic,2026-05-13T10:00:44Z
2960,4192,16,0.983,hashtag,2026-05-13T10:00:44Z
2961,4193,25,0.843,visual,2026-05-13T10:00:44Z
2962,4194,26,0.721,inferred,2026-05-13T10:00:44Z
2963,4195,21,0.865,direct,2026-05-13T10:00:44Z
2964,4196,15,0.762,semantic,2026-05-13T10:00:44Z
2965,4198,15,0.74,visual,2026-05-13T10:00:44Z
2966,4199,20,0.778,inferred,2026-05-13T10:00:44Z
2967,4200,2,0.938,direct,2026-05-13T10:00:44Z
2968,4201,24,0.766,semantic,2026-05-13T10:00:44Z
2969,4202,24,0.78,hashtag,2026-05-13T10:00:44Z
2970,4204,15,0.878,inferred,2026-05-13T10:00:44Z
2971,4206,28,0.729,semantic,2026-05-13T10:00:44Z
2972,4207,24,0.902,hashtag,2026-05-13T10:00:44Z
2973,4208,30,0.966,visual,2026-05-13T10:00:44Z
2974,4209,31,0.776,inferred,2026-05-13T10:00:44Z
2975,4210,22,0.889,direct,2026-05-13T10:00:44Z
2976,4211,9,0.891,semantic,2026-05-13T10:00:44Z
2977,4212,1,0.901,hashtag,2026-05-13T10:00:44Z
2978,4213,24,0.888,visual,2026-05-13T10:00:44Z
2979,4214,12,0.779,inferred,2026-05-13T10:00:44Z
2980,4217,14,0.748,hashtag,2026-05-13T10:00:44Z
2981,4218,10,0.707,visual,2026-05-13T10:00:44Z
2982,4219,11,0.96,inferred,2026-05-13T10:00:44Z
2983,4221,18,0.967,semantic,2026-05-13T10:00:44Z
2984,4222,13,0.873,hashtag,2026-05-13T10:00:44Z
2985,4223,12,0.774,visual,2026-05-13T10:00:44Z
2986,4224,16,0.884,inferred,2026-05-13T10:00:44Z
2987,4225,8,0.97,direct,2026-05-13T10:00:44Z
2988,4226,13,0.977,semantic,2026-05-13T10:00:44Z
2989,4227,1,0.865,hashtag,2026-05-13T10:00:44Z
2990,4230,27,0.839,direct,2026-05-13T10:00:44Z
2991,4231,11,0.754,semantic,2026-05-13T10:00:44Z
2992,4232,25,0.725,hashtag,2026-05-13T10:00:44Z
2993,4233,6,0.844,visual,2026-05-13T10:00:44Z
2994,4234,10,0.873,inferred,2026-05-13T10:00:44Z
2995,4237,9,0.909,hashtag,2026-05-13T10:00:44Z
2996,4238,11,0.828,visual,2026-05-13T10:00:44Z
2997,4240,30,0.926,direct,2026-05-13T10:00:44Z
2998,4242,11,0.997,hashtag,2026-05-13T10:00:44Z
2999,4243,21,0.706,visual,2026-05-13T10:00:44Z
3000,4244,15,0.97,inferred,2026-05-13T10:00:44Z
3001,4245,15,0.883,direct,2026-05-13T10:00:44Z
3002,4246,16,0.762,semantic,2026-05-13T10:00:44Z
3003,4249,23,0.705,inferred,2026-05-13T10:00:44Z
3004,4251,19,0.821,semantic,2026-05-13T10:00:44Z
3005,4253,17,0.867,visual,2026-05-13T10:00:44Z
3006,4254,6,0.719,inferred,2026-05-13T10:00:44Z
3007,4256,2,0.856,semantic,2026-05-13T10:00:44Z
3008,4257,29,0.956,hashtag,2026-05-13T10:00:44Z
3009,4258,24,0.848,visual,2026-05-13T10:00:44Z
3010,4259,31,0.948,inferred,2026-05-13T10:00:44Z
3011,4260,21,0.859,direct,2026-05-13T10:00:44Z
3012,4263,23,0.855,visual,2026-05-13T10:00:44Z
3013,4264,27,0.806,inferred,2026-05-13T10:00:44Z
3014,4269,9,0.762,inferred,2026-05-13T10:00:44Z
3015,4270,2,0.881,direct,2026-05-13T10:00:44Z
3016,4273,19,0.762,visual,2026-05-13T10:00:44Z
3017,4274,2,0.76,inferred,2026-05-13T10:00:44Z
3018,4275,31,0.712,direct,2026-05-13T10:00:44Z
3019,4276,9,0.706,semantic,2026-05-13T10:00:44Z
3020,4278,5,0.823,visual,2026-05-13T10:00:44Z
3021,4279,5,0.713,inferred,2026-05-13T10:00:44Z
3022,4281,17,0.786,semantic,2026-05-13T10:00:44Z
3023,4282,9,0.704,hashtag,2026-05-13T10:00:44Z
3024,4283,15,0.72,visual,2026-05-13T10:00:44Z
3025,4284,26,0.855,inferred,2026-05-13T10:00:44Z
3026,4286,24,0.818,semantic,2026-05-13T10:00:44Z
3027,4287,22,0.848,hashtag,2026-05-13T10:00:44Z
3028,4288,9,0.892,visual,2026-05-13T10:00:44Z
3029,4289,24,0.989,inferred,2026-05-13T10:00:44Z
3030,4290,1,0.855,direct,2026-05-13T10:00:44Z
3031,4291,30,0.966,semantic,2026-05-13T10:00:44Z
3032,4292,17,0.838,hashtag,2026-05-13T10:00:44Z
3033,4293,22,0.884,visual,2026-05-13T10:00:44Z
3034,4295,25,0.82,direct,2026-05-13T10:00:44Z
3035,4296,15,0.721,semantic,2026-05-13T10:00:44Z
3036,4297,23,0.748,hashtag,2026-05-13T10:00:44Z
3037,4298,3,0.712,visual,2026-05-13T10:00:44Z
3038,4299,30,0.916,inferred,2026-05-13T10:00:44Z
3039,4300,14,0.795,direct,2026-05-13T10:00:44Z
3040,4301,30,0.989,semantic,2026-05-13T10:00:44Z
3041,4302,15,0.735,hashtag,2026-05-13T10:00:44Z
3042,4303,18,0.877,visual,2026-05-13T10:00:44Z
3043,4305,5,0.996,direct,2026-05-13T10:00:44Z
3044,4307,27,0.869,hashtag,2026-05-13T10:00:44Z
3045,4308,17,0.839,visual,2026-05-13T10:00:44Z
3046,4309,12,0.942,inferred,2026-05-13T10:00:44Z
3047,4310,25,0.796,direct,2026-05-13T10:00:44Z
3048,4312,19,0.962,hashtag,2026-05-13T10:00:44Z
3049,4313,16,0.773,visual,2026-05-13T10:00:44Z
3050,4315,22,0.84,direct,2026-05-13T10:00:44Z
3051,4316,9,0.993,semantic,2026-05-13T10:00:44Z
3052,4317,12,0.826,hashtag,2026-05-13T10:00:44Z
3053,4318,22,0.907,visual,2026-05-13T10:00:44Z
3054,4319,16,0.977,inferred,2026-05-13T10:00:44Z
3055,4320,18,0.858,direct,2026-05-13T10:00:44Z
3056,4322,8,0.844,hashtag,2026-05-13T10:00:44Z
3057,4325,2,0.882,direct,2026-05-13T10:00:44Z
3058,4326,1,0.846,semantic,2026-05-13T10:00:44Z
3059,4327,27,0.912,hashtag,2026-05-13T10:00:44Z
3060,4328,27,0.987,visual,2026-05-13T10:00:44Z
3061,4331,20,0.785,semantic,2026-05-13T10:00:44Z
3062,4332,20,0.705,hashtag,2026-05-13T10:00:44Z
3063,4333,6,0.899,visual,2026-05-13T10:00:44Z
3064,4335,6,0.751,direct,2026-05-13T10:00:44Z
3065,4336,13,0.87,semantic,2026-05-13T10:00:44Z
3066,4340,10,0.706,direct,2026-05-13T10:00:44Z
3067,4341,23,0.867,semantic,2026-05-13T10:00:44Z
3068,4342,18,0.992,hashtag,2026-05-13T10:00:44Z
3069,4344,5,0.792,inferred,2026-05-13T10:00:44Z
3070,4345,2,0.944,direct,2026-05-13T10:00:44Z
3071,4346,7,0.831,semantic,2026-05-13T10:00:44Z
3072,4347,5,0.806,hashtag,2026-05-13T10:00:44Z
3073,4348,27,0.975,visual,2026-05-13T10:00:44Z
3074,4349,16,0.793,inferred,2026-05-13T10:00:44Z
3075,4350,24,0.999,direct,2026-05-13T10:00:44Z
3076,4352,8,0.899,hashtag,2026-05-13T10:00:44Z
3077,4353,16,0.751,visual,2026-05-13T10:00:44Z
3078,4354,5,0.746,inferred,2026-05-13T10:00:44Z
3079,4355,28,0.833,direct,2026-05-13T10:00:44Z
3080,4356,27,0.729,semantic,2026-05-13T10:00:44Z
3081,4357,4,0.768,hashtag,2026-05-13T10:00:44Z
3082,4358,11,0.81,visual,2026-05-13T10:00:44Z
3083,4359,28,0.919,inferred,2026-05-13T10:00:44Z
3084,4361,16,0.779,semantic,2026-05-13T10:00:44Z
3085,4362,16,0.91,hashtag,2026-05-13T10:00:44Z
3086,4363,19,0.977,visual,2026-05-13T10:00:44Z
3087,4366,11,0.99,semantic,2026-05-13T10:00:44Z
3088,4367,25,0.807,hashtag,2026-05-13T10:00:44Z
3089,4369,1,0.745,inferred,2026-05-13T10:00:44Z
3090,4370,19,0.798,direct,2026-05-13T10:00:44Z
3091,4372,30,0.968,hashtag,2026-05-13T10:00:44Z
3092,4374,31,0.823,inferred,2026-05-13T10:00:44Z
3093,4376,4,0.774,semantic,2026-05-13T10:00:44Z
3094,4377,7,0.849,hashtag,2026-05-13T10:00:44Z
3095,4378,23,0.756,visual,2026-05-13T10:00:44Z
3096,4380,19,0.964,direct,2026-05-13T10:00:44Z
3097,4381,5,0.862,semantic,2026-05-13T10:00:44Z
3098,4384,21,0.982,inferred,2026-05-13T10:00:44Z
3099,4386,19,0.761,semantic,2026-05-13T10:00:44Z
3100,4387,3,0.715,hashtag,2026-05-13T10:00:44Z
3101,4388,2,0.748,visual,2026-05-13T10:00:44Z
3102,4389,21,0.913,inferred,2026-05-13T10:00:44Z
3103,4392,20,0.828,hashtag,2026-05-13T10:00:44Z
3104,4393,8,0.895,visual,2026-05-13T10:00:44Z
3105,4394,29,0.971,inferred,2026-05-13T10:00:44Z
3106,4397,18,0.857,hashtag,2026-05-13T10:00:44Z
3107,4399,11,0.844,inferred,2026-05-13T10:00:44Z
3108,4401,28,0.963,semantic,2026-05-13T10:00:44Z
3109,4402,13,0.796,hashtag,2026-05-13T10:00:44Z
3110,4403,26,0.722,visual,2026-05-13T10:00:44Z
3111,4404,12,0.991,inferred,2026-05-13T10:00:44Z
3112,4406,14,0.988,semantic,2026-05-13T10:00:44Z
3113,4408,31,0.913,visual,2026-05-13T10:00:44Z
3114,4409,31,0.721,inferred,2026-05-13T10:00:44Z
3115,4410,9,0.878,direct,2026-05-13T10:00:44Z
3116,4411,30,0.745,semantic,2026-05-13T10:00:44Z
3117,4412,22,0.771,hashtag,2026-05-13T10:00:44Z
3118,4413,6,0.808,visual,2026-05-13T10:00:44Z
3119,4414,11,0.815,inferred,2026-05-13T10:00:44Z
3120,4416,1,0.956,semantic,2026-05-13T10:00:44Z
3121,4419,26,0.734,inferred,2026-05-13T10:00:44Z
3122,4421,23,0.79,semantic,2026-05-13T10:00:44Z
3123,4422,27,0.769,hashtag,2026-05-13T10:00:44Z
3124,4423,17,0.964,visual,2026-05-13T10:00:44Z
3125,4424,6,0.82,inferred,2026-05-13T10:00:44Z
3126,4426,2,0.996,semantic,2026-05-13T10:00:44Z
3127,4427,15,0.99,hashtag,2026-05-13T10:00:44Z
3128,4429,14,0.82,inferred,2026-05-13T10:00:44Z
3129,4430,20,0.907,direct,2026-05-13T10:00:44Z
3130,4431,13,0.99,semantic,2026-05-13T10:00:44Z
3131,4434,28,0.89,inferred,2026-05-13T10:00:44Z
3132,4436,4,0.842,semantic,2026-05-13T10:00:44Z
3133,4437,12,0.801,hashtag,2026-05-13T10:00:44Z
3134,4438,23,0.926,visual,2026-05-13T10:00:44Z
3135,4440,1,0.761,direct,2026-05-13T10:00:44Z
3136,4442,12,0.78,hashtag,2026-05-13T10:00:44Z
3137,4443,3,0.87,visual,2026-05-13T10:00:44Z
3138,4444,6,0.726,inferred,2026-05-13T10:00:44Z
3139,4445,15,0.761,direct,2026-05-13T10:00:44Z
3140,4446,18,0.748,semantic,2026-05-13T10:00:44Z
3141,4448,28,0.887,visual,2026-05-13T10:00:44Z
3142,4449,8,0.98,inferred,2026-05-13T10:00:44Z
3143,4451,20,0.911,semantic,2026-05-13T10:00:44Z
3144,4452,28,0.969,hashtag,2026-05-13T10:00:44Z
3145,4453,23,0.869,visual,2026-05-13T10:00:44Z
3146,4455,5,0.797,direct,2026-05-13T10:00:44Z
3147,4457,4,0.857,hashtag,2026-05-13T10:00:44Z
3148,4458,10,0.904,visual,2026-05-13T10:00:44Z
3149,4459,17,0.725,inferred,2026-05-13T10:00:44Z
3150,4461,4,0.716,semantic,2026-05-13T10:00:44Z
3151,4465,2,0.963,direct,2026-05-13T10:00:44Z
3152,4466,5,0.973,semantic,2026-05-13T10:00:44Z
3153,4467,9,0.803,hashtag,2026-05-13T10:00:44Z
3154,4470,24,0.83,direct,2026-05-13T10:00:44Z
3155,4471,27,0.995,semantic,2026-05-13T10:00:44Z
3156,4472,10,0.801,hashtag,2026-05-13T10:00:44Z
3157,4474,26,0.706,inferred,2026-05-13T10:00:44Z
3158,4475,4,0.912,direct,2026-05-13T10:00:44Z
3159,4477,4,0.803,hashtag,2026-05-13T10:00:44Z
3160,4478,25,0.96,visual,2026-05-13T10:00:44Z
3161,4479,1,0.869,inferred,2026-05-13T10:00:44Z
3162,4481,23,0.808,semantic,2026-05-13T10:00:44Z
3163,4482,12,0.753,hashtag,2026-05-13T10:00:44Z
3164,4486,21,0.727,semantic,2026-05-13T10:00:44Z
3165,4487,20,0.957,hashtag,2026-05-13T10:00:44Z
3166,4490,25,0.961,direct,2026-05-13T10:00:44Z
3167,4491,30,0.967,semantic,2026-05-13T10:00:44Z
3168,4493,19,0.934,visual,2026-05-13T10:00:44Z
3169,4495,28,0.758,direct,2026-05-13T10:00:44Z
3170,4496,28,0.799,semantic,2026-05-13T10:00:44Z
3171,4497,18,0.816,hashtag,2026-05-13T10:00:44Z
3172,4498,23,0.857,visual,2026-05-13T10:00:44Z
3173,4500,24,0.887,direct,2026-05-13T10:00:44Z
3174,4502,14,0.879,hashtag,2026-05-13T10:00:44Z
3175,4503,2,0.753,visual,2026-05-13T10:00:44Z
3176,4504,30,0.807,inferred,2026-05-13T10:00:44Z
3177,4505,31,0.99,direct,2026-05-13T10:00:44Z
3178,4506,18,0.985,semantic,2026-05-13T10:00:44Z
3179,4508,4,0.896,visual,2026-05-13T10:00:44Z
3180,4510,24,0.772,direct,2026-05-13T10:00:44Z
3181,4511,24,0.748,semantic,2026-05-13T10:00:44Z
3182,4513,23,0.795,visual,2026-05-13T10:00:44Z
3183,4516,2,0.969,semantic,2026-05-13T10:00:44Z
3184,4517,31,0.894,hashtag,2026-05-13T10:00:44Z
3185,4518,12,0.888,visual,2026-05-13T10:00:44Z
3186,4519,30,0.799,inferred,2026-05-13T10:00:44Z
3187,4520,21,0.843,direct,2026-05-13T10:00:44Z
3188,4521,19,0.705,semantic,2026-05-13T10:00:44Z
3189,4522,11,0.721,hashtag,2026-05-13T10:00:44Z
3190,4523,8,0.954,visual,2026-05-13T10:00:44Z
3191,4524,5,0.983,inferred,2026-05-13T10:00:44Z
3192,4525,31,0.962,direct,2026-05-13T10:00:44Z
3193,4527,20,0.901,hashtag,2026-05-13T10:00:44Z
3194,4528,19,0.913,visual,2026-05-13T10:00:44Z
3195,4529,25,0.901,inferred,2026-05-13T10:00:44Z
3196,4530,27,0.755,direct,2026-05-13T10:00:44Z
3197,4532,22,0.968,hashtag,2026-05-13T10:00:44Z
3198,4533,9,0.923,visual,2026-05-13T10:00:44Z
3199,4534,19,0.858,inferred,2026-05-13T10:00:44Z
3200,4536,20,0.878,semantic,2026-05-13T10:00:44Z
3201,4537,18,0.779,hashtag,2026-05-13T10:00:44Z
3202,4538,26,0.814,visual,2026-05-13T10:00:44Z
3203,4539,4,0.908,inferred,2026-05-13T10:00:44Z
3204,4541,26,0.89,semantic,2026-05-13T10:00:44Z
3205,4545,24,0.965,direct,2026-05-13T10:00:44Z
3206,4546,20,0.784,semantic,2026-05-13T10:00:44Z
3207,4549,29,0.754,inferred,2026-05-13T10:00:44Z
3208,4550,2,0.845,direct,2026-05-13T10:00:44Z
3209,4551,16,0.986,semantic,2026-05-13T10:00:44Z
3210,4552,17,0.823,hashtag,2026-05-13T10:00:44Z
3211,4553,2,0.784,visual,2026-05-13T10:00:44Z
3212,4554,11,0.921,inferred,2026-05-13T10:00:44Z
3213,4555,8,0.82,direct,2026-05-13T10:00:44Z
3214,4556,29,0.919,semantic,2026-05-13T10:00:44Z
3215,4557,6,0.758,hashtag,2026-05-13T10:00:44Z
3216,4558,9,0.986,visual,2026-05-13T10:00:44Z
3217,4559,26,0.955,inferred,2026-05-13T10:00:44Z
3218,4560,20,0.717,direct,2026-05-13T10:00:44Z
3219,4561,10,0.94,semantic,2026-05-13T10:00:44Z
3220,4562,14,0.99,hashtag,2026-05-13T10:00:44Z
3221,4565,14,0.719,direct,2026-05-13T10:00:44Z
3222,4567,22,0.821,hashtag,2026-05-13T10:00:44Z
3223,4568,5,0.945,visual,2026-05-13T10:00:44Z
3224,4569,10,0.998,inferred,2026-05-13T10:00:44Z
3225,4570,2,0.858,direct,2026-05-13T10:00:44Z
3226,4571,8,0.961,semantic,2026-05-13T10:00:44Z
3227,4572,11,0.973,hashtag,2026-05-13T10:00:44Z
3228,4573,28,0.739,visual,2026-05-13T10:00:44Z
3229,4574,18,0.82,inferred,2026-05-13T10:00:44Z
3230,4575,17,0.758,direct,2026-05-13T10:00:44Z
3231,4576,18,0.811,semantic,2026-05-13T10:00:44Z
3232,4577,14,0.817,hashtag,2026-05-13T10:00:44Z
3233,4578,30,0.793,visual,2026-05-13T10:00:44Z
3234,4579,13,0.918,inferred,2026-05-13T10:00:44Z
3235,4580,29,0.919,direct,2026-05-13T10:00:44Z
3236,4581,19,0.891,semantic,2026-05-13T10:00:44Z
3237,4583,6,0.797,visual,2026-05-13T10:00:44Z
3238,4585,7,0.839,direct,2026-05-13T10:00:44Z
3239,4586,2,0.841,semantic,2026-05-13T10:00:44Z
3240,4587,15,0.852,hashtag,2026-05-13T10:00:44Z
3241,4588,6,0.727,visual,2026-05-13T10:00:44Z
3242,4590,6,0.806,direct,2026-05-13T10:00:44Z
3243,4591,8,0.763,semantic,2026-05-13T10:00:44Z
3244,4592,14,0.903,hashtag,2026-05-13T10:00:44Z
3245,4593,28,0.83,visual,2026-05-13T10:00:44Z
3246,4594,27,0.717,inferred,2026-05-13T10:00:44Z
3247,4597,4,0.784,hashtag,2026-05-13T10:00:44Z
3248,4598,21,0.772,visual,2026-05-13T10:00:44Z
3249,4599,12,0.949,inferred,2026-05-13T10:00:44Z
3250,4600,7,0.711,direct,2026-05-13T10:00:44Z
3251,4601,7,0.839,semantic,2026-05-13T10:00:44Z
3252,4602,17,0.784,hashtag,2026-05-13T10:00:44Z
3253,4603,4,0.835,visual,2026-05-13T10:00:44Z
3254,4605,21,0.804,direct,2026-05-13T10:00:44Z
3255,4611,22,0.74,semantic,2026-05-13T10:00:44Z
3256,4612,18,0.897,hashtag,2026-05-13T10:00:44Z
3257,4613,27,0.999,visual,2026-05-13T10:00:44Z
3258,4614,19,0.95,inferred,2026-05-13T10:00:44Z
3259,4615,9,0.991,direct,2026-05-13T10:00:44Z
3260,4617,8,0.922,hashtag,2026-05-13T10:00:44Z
3261,4619,22,0.991,inferred,2026-05-13T10:00:44Z
3262,4621,4,0.851,semantic,2026-05-13T10:00:44Z
3263,4622,13,0.752,hashtag,2026-05-13T10:00:44Z
3264,4623,3,0.962,visual,2026-05-13T10:00:44Z
3265,4624,8,0.715,inferred,2026-05-13T10:00:44Z
3266,4625,14,0.933,direct,2026-05-13T10:00:44Z
3267,4628,27,0.845,visual,2026-05-13T10:00:44Z
3268,4630,15,0.836,direct,2026-05-13T10:00:44Z
3269,4631,20,0.845,semantic,2026-05-13T10:00:44Z
3270,4632,30,0.824,hashtag,2026-05-13T10:00:44Z
3271,4633,14,0.998,visual,2026-05-13T10:00:44Z
3272,4634,5,0.79,inferred,2026-05-13T10:00:44Z
3273,4635,12,0.743,direct,2026-05-13T10:00:44Z
3274,4636,6,0.949,semantic,2026-05-13T10:00:44Z
3275,4637,15,0.822,hashtag,2026-05-13T10:00:44Z
3276,4638,16,0.702,visual,2026-05-13T10:00:44Z
3277,4639,24,0.831,inferred,2026-05-13T10:00:44Z
3278,4640,16,0.831,direct,2026-05-13T10:00:44Z
3279,4645,17,0.993,direct,2026-05-13T10:00:44Z
3280,4646,13,0.871,semantic,2026-05-13T10:00:44Z
3281,4647,6,0.709,hashtag,2026-05-13T10:00:44Z
3282,4648,8,0.905,visual,2026-05-13T10:00:44Z
3283,4650,5,0.748,direct,2026-05-13T10:00:44Z
3284,4651,23,0.9,semantic,2026-05-13T10:00:44Z
3285,4654,16,0.754,inferred,2026-05-13T10:00:44Z
3286,4655,21,0.936,direct,2026-05-13T10:00:44Z
3287,4656,23,0.717,semantic,2026-05-13T10:00:44Z
3288,4658,11,0.806,visual,2026-05-13T10:00:44Z
3289,4660,28,0.964,direct,2026-05-13T10:00:44Z
3290,4661,16,0.733,semantic,2026-05-13T10:00:44Z
3291,4662,31,0.829,hashtag,2026-05-13T10:00:44Z
3292,4665,8,0.858,direct,2026-05-13T10:00:44Z
3293,4666,1,0.866,semantic,2026-05-13T10:00:44Z
3294,4667,21,0.83,hashtag,2026-05-13T10:00:44Z
3295,4668,30,0.827,visual,2026-05-13T10:00:44Z
3296,4670,3,0.744,direct,2026-05-13T10:00:44Z
3297,4672,22,0.788,hashtag,2026-05-13T10:00:44Z
3298,4673,23,0.909,visual,2026-05-13T10:00:44Z
3299,4674,11,0.762,inferred,2026-05-13T10:00:44Z
3300,4675,30,0.915,direct,2026-05-13T10:00:44Z
3301,4676,17,0.904,semantic,2026-05-13T10:00:44Z
3302,4677,19,0.792,hashtag,2026-05-13T10:00:44Z
3303,4679,4,0.722,inferred,2026-05-13T10:00:44Z
3304,4680,11,0.738,direct,2026-05-13T10:00:44Z
3305,4682,25,0.973,hashtag,2026-05-13T10:00:44Z
3306,4684,19,0.801,inferred,2026-05-13T10:00:44Z
3307,4687,5,0.963,hashtag,2026-05-13T10:00:44Z
3308,4688,16,0.727,visual,2026-05-13T10:00:44Z
3309,4691,27,0.759,semantic,2026-05-13T10:00:44Z
3310,4692,6,0.955,hashtag,2026-05-13T10:00:44Z
3311,4693,4,0.741,visual,2026-05-13T10:00:44Z
3312,4694,27,0.881,inferred,2026-05-13T10:00:44Z
3313,4695,3,0.777,direct,2026-05-13T10:00:44Z
3314,4697,22,0.989,hashtag,2026-05-13T10:00:44Z
3315,4698,24,0.794,visual,2026-05-13T10:00:44Z
3316,4699,24,0.895,inferred,2026-05-13T10:00:44Z
3317,4701,4,0.749,semantic,2026-05-13T10:00:44Z
3318,4702,10,0.708,hashtag,2026-05-13T10:00:44Z
3319,4703,24,0.739,visual,2026-05-13T10:00:44Z
3320,4704,1,0.852,inferred,2026-05-13T10:00:44Z
3321,4705,23,0.947,direct,2026-05-13T10:00:44Z
3322,4706,23,0.879,semantic,2026-05-13T10:00:44Z
3323,4708,30,0.852,visual,2026-05-13T10:00:44Z
3324,4709,18,0.848,inferred,2026-05-13T10:00:44Z
3325,4710,26,0.805,direct,2026-05-13T10:00:44Z
3326,4711,12,0.741,semantic,2026-05-13T10:00:44Z
3327,4712,10,0.835,hashtag,2026-05-13T10:00:44Z
3328,4713,30,0.784,visual,2026-05-13T10:00:44Z
3329,4714,18,0.914,inferred,2026-05-13T10:00:44Z
3330,4717,2,0.893,hashtag,2026-05-13T10:00:44Z
3331,4718,22,0.874,visual,2026-05-13T10:00:44Z
3332,4722,28,0.924,hashtag,2026-05-13T10:00:44Z
3333,4724,30,0.855,inferred,2026-05-13T10:00:44Z
3334,4725,8,0.992,direct,2026-05-13T10:00:44Z
3335,4726,6,0.727,semantic,2026-05-13T10:00:44Z
3336,4728,22,0.969,visual,2026-05-13T10:00:44Z
3337,4729,15,0.922,inferred,2026-05-13T10:00:44Z
3338,4732,2,0.843,hashtag,2026-05-13T10:00:44Z
3339,4734,8,0.761,inferred,2026-05-13T10:00:44Z
3340,4735,5,0.884,direct,2026-05-13T10:00:44Z
3341,4737,3,0.979,hashtag,2026-05-13T10:00:44Z
3342,4738,15,0.732,visual,2026-05-13T10:00:44Z
3343,4739,31,0.764,inferred,2026-05-13T10:00:44Z
3344,4740,25,0.73,direct,2026-05-13T10:00:44Z
3345,4741,14,0.974,semantic,2026-05-13T10:00:44Z
3346,4744,14,0.722,inferred,2026-05-13T10:00:44Z
3347,4745,9,0.952,direct,2026-05-13T10:00:44Z
3348,4746,16,0.871,semantic,2026-05-13T10:00:44Z
3349,4747,2,0.888,hashtag,2026-05-13T10:00:44Z
3350,4748,11,0.808,visual,2026-05-13T10:00:44Z
3351,4749,28,0.887,inferred,2026-05-13T10:00:44Z
3352,4750,12,0.77,direct,2026-05-13T10:00:44Z
3353,4751,2,0.88,semantic,2026-05-13T10:00:44Z
3354,4752,14,0.961,hashtag,2026-05-13T10:00:44Z
3355,4753,13,0.727,visual,2026-05-13T10:00:44Z
3356,4755,11,0.72,direct,2026-05-13T10:00:44Z
3357,4756,14,0.937,semantic,2026-05-13T10:00:44Z
3358,4757,25,0.942,hashtag,2026-05-13T10:00:44Z
3359,4759,2,0.861,inferred,2026-05-13T10:00:44Z
3360,4760,28,0.84,direct,2026-05-13T10:00:44Z
3361,4761,8,0.769,semantic,2026-05-13T10:00:44Z
3362,4763,24,0.866,visual,2026-05-13T10:00:44Z
3363,4765,23,0.888,direct,2026-05-13T10:00:44Z
3364,4766,28,0.733,semantic,2026-05-13T10:00:44Z
3365,4767,5,0.93,hashtag,2026-05-13T10:00:44Z
3366,4769,17,0.854,inferred,2026-05-13T10:00:44Z
3367,4770,20,0.719,direct,2026-05-13T10:00:44Z
3368,4771,18,0.712,semantic,2026-05-13T10:00:44Z
3369,4773,24,0.731,visual,2026-05-13T10:00:44Z
3370,4774,24,0.823,inferred,2026-05-13T10:00:44Z
3371,4775,8,0.812,direct,2026-05-13T10:00:44Z
3372,4779,24,0.92,inferred,2026-05-13T10:00:44Z
3373,4780,18,0.893,direct,2026-05-13T10:00:44Z
3374,4781,8,0.876,semantic,2026-05-13T10:00:44Z
3375,4782,7,0.736,hashtag,2026-05-13T10:00:44Z
3376,4783,26,0.945,visual,2026-05-13T10:00:44Z
3377,4784,10,0.816,inferred,2026-05-13T10:00:44Z
3378,4786,12,0.775,semantic,2026-05-13T10:00:44Z
3379,4787,19,0.866,hashtag,2026-05-13T10:00:44Z
3380,4792,14,0.808,hashtag,2026-05-13T10:00:44Z
3381,4794,31,0.715,inferred,2026-05-13T10:00:44Z
3382,4795,17,0.838,direct,2026-05-13T10:00:44Z
3383,4796,14,0.878,semantic,2026-05-13T10:00:44Z
3384,4797,31,0.824,hashtag,2026-05-13T10:00:44Z
3385,4800,16,0.936,direct,2026-05-13T10:00:44Z
3386,4801,17,0.74,semantic,2026-05-13T10:00:44Z
3387,4802,29,0.892,hashtag,2026-05-13T10:00:44Z
3388,4804,9,0.891,inferred,2026-05-13T10:00:44Z
3389,4806,16,0.743,semantic,2026-05-13T10:00:44Z
3390,4807,18,0.986,hashtag,2026-05-13T10:00:44Z
3391,4808,24,0.911,visual,2026-05-13T10:00:44Z
3392,4810,21,0.981,direct,2026-05-13T10:00:44Z
3393,4812,20,0.962,hashtag,2026-05-13T10:00:44Z
3394,4813,26,0.839,visual,2026-05-13T10:00:44Z
3395,4816,10,0.808,semantic,2026-05-13T10:00:44Z
3396,4817,13,0.876,hashtag,2026-05-13T10:00:44Z
3397,4818,17,0.987,visual,2026-05-13T10:00:44Z
3398,4819,23,0.724,inferred,2026-05-13T10:00:44Z
3399,4820,3,0.711,direct,2026-05-13T10:00:44Z
3400,4821,1,0.769,semantic,2026-05-13T10:00:44Z
3401,4822,27,0.928,hashtag,2026-05-13T10:00:44Z
3402,4823,28,0.794,visual,2026-05-13T10:00:44Z
3403,4824,17,0.913,inferred,2026-05-13T10:00:44Z
3404,4825,4,0.858,direct,2026-05-13T10:00:44Z
3405,4827,31,0.997,hashtag,2026-05-13T10:00:44Z
3406,4828,11,0.829,visual,2026-05-13T10:00:44Z
3407,4829,8,0.954,inferred,2026-05-13T10:00:44Z
3408,4832,28,0.906,hashtag,2026-05-13T10:00:44Z
3409,4833,31,0.971,visual,2026-05-13T10:00:44Z
3410,4834,9,0.702,inferred,2026-05-13T10:00:44Z
3411,4835,31,0.811,direct,2026-05-13T10:00:44Z
3412,4836,26,0.774,semantic,2026-05-13T10:00:44Z
3413,4837,31,0.8,hashtag,2026-05-13T10:00:44Z
3414,4839,23,0.756,inferred,2026-05-13T10:00:44Z
3415,4840,21,0.867,direct,2026-05-13T10:00:44Z
3416,4842,12,0.722,hashtag,2026-05-13T10:00:44Z
3417,4843,13,0.997,visual,2026-05-13T10:00:44Z
3418,4844,9,0.775,inferred,2026-05-13T10:00:44Z
3419,4848,4,0.738,visual,2026-05-13T10:00:44Z
3420,4850,30,0.918,direct,2026-05-13T10:00:44Z
3421,4851,31,0.881,semantic,2026-05-13T10:00:44Z
3422,4853,15,0.846,visual,2026-05-13T10:00:44Z
3423,4854,29,0.784,inferred,2026-05-13T10:00:44Z
3424,4855,25,0.756,direct,2026-05-13T10:00:44Z
3425,4856,16,0.808,semantic,2026-05-13T10:00:44Z
3426,4857,7,0.853,hashtag,2026-05-13T10:00:44Z
3427,4858,29,0.745,visual,2026-05-13T10:00:44Z
3428,4859,3,0.72,inferred,2026-05-13T10:00:44Z
3429,4860,4,0.797,direct,2026-05-13T10:00:44Z
3430,4861,7,0.988,semantic,2026-05-13T10:00:44Z
3431,4862,23,0.764,hashtag,2026-05-13T10:00:44Z
3432,4863,11,0.827,visual,2026-05-13T10:00:44Z
3433,4864,10,0.744,inferred,2026-05-13T10:00:44Z
3434,4865,13,0.975,direct,2026-05-13T10:00:44Z
3435,4868,4,0.769,visual,2026-05-13T10:00:44Z
3436,4870,7,0.961,direct,2026-05-13T10:00:44Z
3437,4871,1,0.984,semantic,2026-05-13T10:00:44Z
3438,4872,20,0.842,hashtag,2026-05-13T10:00:44Z
3439,4873,28,0.711,visual,2026-05-13T10:00:44Z
3440,4874,12,0.776,inferred,2026-05-13T10:00:44Z
3441,4876,9,0.923,semantic,2026-05-13T10:00:44Z
3442,4877,27,0.785,hashtag,2026-05-13T10:00:44Z
3443,4879,21,0.963,inferred,2026-05-13T10:00:44Z
3444,4880,15,0.95,direct,2026-05-13T10:00:44Z
3445,4881,9,0.774,semantic,2026-05-13T10:00:44Z
3446,4882,31,0.716,hashtag,2026-05-13T10:00:44Z
3447,4883,31,0.85,visual,2026-05-13T10:00:44Z
3448,4884,25,0.729,inferred,2026-05-13T10:00:44Z
3449,4885,18,0.73,direct,2026-05-13T10:00:44Z
3450,4888,19,0.757,visual,2026-05-13T10:00:44Z
3451,4890,4,0.737,direct,2026-05-13T10:00:44Z
3452,4891,7,1,semantic,2026-05-13T10:00:44Z
3453,4892,19,0.954,hashtag,2026-05-13T10:00:44Z
3454,4895,16,0.86,direct,2026-05-13T10:00:44Z
3455,4896,10,0.943,semantic,2026-05-13T10:00:44Z
3456,4897,9,0.97,hashtag,2026-05-13T10:00:44Z
3457,4898,1,0.957,visual,2026-05-13T10:00:44Z
3458,4900,13,0.815,direct,2026-05-13T10:00:44Z
3459,4901,15,0.797,semantic,2026-05-13T10:00:44Z
3460,4902,5,0.856,hashtag,2026-05-13T10:00:44Z
3461,4903,16,0.959,visual,2026-05-13T10:00:44Z
3462,4904,28,0.884,inferred,2026-05-13T10:00:44Z
3463,4906,30,0.725,semantic,2026-05-13T10:00:44Z
3464,4907,20,0.933,hashtag,2026-05-13T10:00:44Z
3465,4908,9,0.829,visual,2026-05-13T10:00:44Z
3466,4910,9,0.947,direct,2026-05-13T10:00:44Z
3467,4911,31,0.846,semantic,2026-05-13T10:00:44Z
3468,4913,21,0.792,visual,2026-05-13T10:00:44Z
3469,4914,19,0.788,inferred,2026-05-13T10:00:44Z
3470,4915,2,0.702,direct,2026-05-13T10:00:44Z
3471,4916,24,0.944,semantic,2026-05-13T10:00:44Z
3472,4917,27,0.862,hashtag,2026-05-13T10:00:44Z
3473,4918,23,0.984,visual,2026-05-13T10:00:44Z
3474,4922,15,0.897,hashtag,2026-05-13T10:00:44Z
3475,4924,2,0.889,inferred,2026-05-13T10:00:44Z
3476,4925,21,0.866,direct,2026-05-13T10:00:44Z
3477,4926,2,0.856,semantic,2026-05-13T10:00:44Z
3478,4927,18,0.962,hashtag,2026-05-13T10:00:44Z
3479,4928,27,0.757,visual,2026-05-13T10:00:44Z
3480,4931,13,0.994,semantic,2026-05-13T10:00:44Z
3481,4932,13,0.776,hashtag,2026-05-13T10:00:44Z
3482,4933,8,0.724,visual,2026-05-13T10:00:44Z
3483,4934,19,0.711,inferred,2026-05-13T10:00:44Z
3484,4936,8,0.977,semantic,2026-05-13T10:00:44Z
3485,4937,17,0.727,hashtag,2026-05-13T10:00:44Z
3486,4938,8,0.8,visual,2026-05-13T10:00:44Z
3487,4939,11,0.771,inferred,2026-05-13T10:00:44Z
3488,4940,27,0.72,direct,2026-05-13T10:00:44Z
3489,4941,8,0.887,semantic,2026-05-13T10:00:44Z
3490,4942,25,0.954,hashtag,2026-05-13T10:00:44Z
3491,4944,11,0.755,inferred,2026-05-13T10:00:44Z
3492,4946,18,0.954,semantic,2026-05-13T10:00:44Z
3493,4947,25,0.925,hashtag,2026-05-13T10:00:44Z
3494,4948,10,0.79,visual,2026-05-13T10:00:44Z
3495,4950,6,0.961,direct,2026-05-13T10:00:44Z
3496,4951,2,0.804,semantic,2026-05-13T10:00:44Z
3497,4952,16,0.778,hashtag,2026-05-13T10:00:44Z
3498,4953,9,0.956,visual,2026-05-13T10:00:44Z
3499,4954,18,0.862,inferred,2026-05-13T10:00:44Z
3500,4955,5,0.937,direct,2026-05-13T10:00:44Z
3501,4957,17,0.786,hashtag,2026-05-13T10:00:44Z
3502,4961,22,0.795,semantic,2026-05-13T10:00:44Z
3503,4963,2,0.872,visual,2026-05-13T10:00:44Z
3504,4964,13,0.937,inferred,2026-05-13T10:00:44Z
3505,4966,25,0.861,semantic,2026-05-13T10:00:44Z
3506,4968,30,0.88,visual,2026-05-13T10:00:44Z
3507,4970,13,0.718,direct,2026-05-13T10:00:44Z
3508,4971,9,0.729,semantic,2026-05-13T10:00:44Z
3509,4973,19,0.775,visual,2026-05-13T10:00:44Z
3510,4974,24,0.772,inferred,2026-05-13T10:00:44Z
3511,4975,15,0.791,direct,2026-05-13T10:00:44Z
3512,4976,28,0.75,semantic,2026-05-13T10:00:44Z
3513,4977,30,0.819,hashtag,2026-05-13T10:00:44Z
3514,4979,18,0.754,inferred,2026-05-13T10:00:44Z
3515,4981,19,0.755,semantic,2026-05-13T10:00:44Z
3516,4982,27,0.738,hashtag,2026-05-13T10:00:44Z
3517,4983,6,0.932,visual,2026-05-13T10:00:44Z
3518,4985,3,0.893,direct,2026-05-13T10:00:44Z
3519,4988,19,0.782,visual,2026-05-13T10:00:44Z
3520,4989,6,0.985,inferred,2026-05-13T10:00:44Z
3521,4990,1,0.994,direct,2026-05-13T10:00:44Z
3522,4991,17,0.9,semantic,2026-05-13T10:00:44Z
3523,4993,17,0.799,visual,2026-05-13T10:00:44Z
3524,4994,8,0.758,inferred,2026-05-13T10:00:44Z
3525,4995,20,0.724,direct,2026-05-13T10:00:44Z
3526,4996,10,0.785,semantic,2026-05-13T10:00:44Z
3527,4997,7,0.874,hashtag,2026-05-13T10:00:44Z
3528,4998,28,0.729,visual,2026-05-13T10:00:44Z
3529,5000,13,0.827,direct,2026-05-13T10:00:44Z
