link_id,brand_id,influencer_id,relationship_type,post_count,avg_engagement,revenue_attributed,first_mention,last_mention
1,32,54,organic,66,0.0396,15738.18,2025-09-30T04:55:22Z,2026-05-01T10:20:24Z
2,22,312,sponsored,16,0.0903,43272.66,2026-01-06T08:54:38Z,2026-05-01T18:30:51Z
3,1,490,affiliate,69,0.0666,45451.28,2025-12-09T23:39:18Z,2026-05-11T17:35:07Z
5,7,183,organic,80,0.0299,33204.84,2026-03-15T21:05:05Z,2026-05-01T09:36:35Z
6,12,56,organic,30,0.0424,2674.65,2025-12-27T22:37:54Z,2026-04-30T06:19:50Z
7,9,177,sponsored,37,0.0566,9947.46,2026-03-14T06:03:15Z,2026-04-28T22:28:15Z
8,31,120,affiliate,56,0.0727,28708.07,2026-01-11T19:32:29Z,2026-04-23T07:39:30Z
9,48,431,ambassador,64,0.059,47717.81,2026-02-04T07:48:00Z,2026-04-25T01:05:09Z
10,15,117,organic,13,0.0201,20132.57,2025-08-28T07:34:16Z,2026-05-04T03:25:59Z
11,3,3,organic,95,0.019,36536.35,2025-11-22T10:35:38Z,2026-04-26T23:05:30Z
12,41,286,sponsored,53,0.0581,23171.53,2025-06-03T17:21:55Z,2026-04-22T09:36:53Z
13,48,38,affiliate,85,0.0765,48140.76,2026-03-29T17:26:24Z,2026-04-23T06:09:16Z
15,39,24,organic,73,0.0374,4772.21,2025-11-18T17:49:47Z,2026-04-22T18:35:39Z
16,49,485,organic,12,0.0513,42762.59,2026-02-05T09:00:19Z,2026-05-02T01:55:15Z
17,18,285,sponsored,15,0.109,14030.52,2025-11-09T11:09:38Z,2026-04-16T07:56:53Z
18,10,86,affiliate,76,0.0617,8853.13,2026-01-31T05:00:10Z,2026-05-01T08:16:41Z
19,28,256,ambassador,35,0.0642,23628.07,2026-01-09T10:56:41Z,2026-05-11T21:11:07Z
20,34,474,organic,13,0.0581,46106.03,2025-07-13T06:41:56Z,2026-05-03T18:27:35Z
21,47,25,organic,98,0.0434,31186.87,2025-07-13T14:31:02Z,2026-04-14T09:12:36Z
22,39,182,sponsored,26,0.0929,37166.8,2026-04-03T22:31:50Z,2026-05-06T10:48:44Z
23,12,466,affiliate,65,0.0821,47803.12,2026-04-02T00:02:21Z,2026-04-29T09:47:17Z
25,26,474,organic,22,0.0335,25650.4,2025-06-21T00:14:33Z,2026-04-28T07:22:45Z
26,40,286,organic,44,0.1149,29234.79,2025-09-05T13:03:26Z,2026-05-03T23:48:29Z
27,14,184,sponsored,72,0.0868,11410.14,2025-08-21T01:15:51Z,2026-05-03T10:19:20Z
28,47,79,affiliate,90,0.0518,10838.35,2025-08-05T21:59:48Z,2026-04-29T10:54:38Z
29,11,239,ambassador,9,0.0238,39059.56,2026-02-09T02:01:51Z,2026-04-13T16:59:58Z
30,45,69,organic,26,0.0696,30464.67,2025-09-01T03:17:30Z,2026-05-08T00:26:24Z
31,27,152,organic,96,0.0343,20427.93,2026-02-08T07:15:14Z,2026-05-08T16:59:35Z
32,32,64,sponsored,86,0.0195,33087.12,2025-08-27T16:55:06Z,2026-04-16T22:27:12Z
33,10,476,affiliate,68,0.0902,18480.47,2025-09-29T03:49:34Z,2026-04-15T16:32:44Z
34,19,308,ambassador,94,0.0614,39762.85,2025-10-04T00:37:06Z,2026-04-19T05:24:10Z
35,50,194,organic,87,0.0937,527.18,2026-01-02T06:28:43Z,2026-05-09T03:36:58Z
36,29,47,organic,54,0.1028,43834.96,2025-12-23T18:01:06Z,2026-05-04T08:00:36Z
37,8,376,sponsored,1,0.1158,7914,2025-09-01T11:42:10Z,2026-04-25T01:52:48Z
38,26,415,affiliate,47,0.1169,14800.42,2026-03-03T00:10:37Z,2026-04-13T10:18:53Z
39,6,266,ambassador,3,0.0532,29274.17,2026-04-01T17:59:07Z,2026-05-01T18:57:19Z
40,7,83,organic,23,0.0352,38911.54,2025-11-23T20:18:25Z,2026-05-12T16:29:31Z
41,43,5,organic,4,0.0668,17547.35,2025-06-05T02:46:54Z,2026-05-03T16:30:55Z
42,40,301,sponsored,8,0.0434,20724.99,2026-01-12T09:22:22Z,2026-04-14T18:00:03Z
43,35,1,affiliate,76,0.0225,42123.6,2026-02-15T21:15:25Z,2026-04-14T14:37:36Z
44,35,281,ambassador,23,0.0118,24870.04,2025-10-17T11:25:58Z,2026-05-02T03:08:01Z
45,28,211,organic,98,0.0105,33856.89,2025-09-10T04:55:44Z,2026-05-12T16:00:34Z
47,48,147,sponsored,35,0.0403,1824.58,2026-02-23T01:43:39Z,2026-05-05T19:27:12Z
49,26,277,ambassador,89,0.1084,18001.71,2025-12-30T13:58:49Z,2026-04-19T17:42:23Z
50,15,354,organic,33,0.077,33473.82,2026-01-19T08:57:39Z,2026-04-20T06:44:04Z
51,37,412,organic,52,0.0977,23359.94,2025-12-31T08:14:10Z,2026-04-14T17:03:07Z
52,31,186,sponsored,27,0.0658,46424.8,2025-10-06T00:34:43Z,2026-05-13T07:56:54Z
53,21,119,affiliate,86,0.0302,10245.57,2025-06-10T06:04:15Z,2026-05-10T18:07:59Z
55,49,294,organic,5,0.0951,49222.88,2025-07-28T01:49:00Z,2026-04-19T04:43:18Z
57,25,225,sponsored,89,0.0957,27532.34,2025-09-05T20:08:22Z,2026-04-29T05:28:31Z
58,47,121,affiliate,70,0.057,42816.49,2025-09-10T17:31:28Z,2026-04-20T12:30:25Z
59,32,126,ambassador,36,0.0579,45308.96,2026-04-12T08:09:44Z,2026-05-01T22:24:55Z
60,19,22,organic,32,0.0972,3118.05,2025-11-24T05:17:41Z,2026-05-12T19:55:08Z
61,44,491,organic,20,0.0866,18717.88,2025-05-18T07:29:35Z,2026-04-27T07:02:34Z
62,8,258,sponsored,50,0.0895,49051.81,2026-01-16T00:47:00Z,2026-05-01T13:15:05Z
63,23,338,affiliate,54,0.0781,1528.61,2026-02-16T00:24:14Z,2026-05-04T10:02:21Z
64,21,206,ambassador,98,0.1195,8763.41,2025-12-24T19:56:18Z,2026-05-04T21:18:08Z
65,26,155,organic,80,0.0567,32673.1,2025-09-01T06:52:17Z,2026-04-24T18:36:15Z
66,31,336,organic,96,0.0114,8307.2,2026-01-15T23:26:06Z,2026-05-02T16:27:21Z
67,12,306,sponsored,83,0.0497,34529.54,2025-06-09T08:50:05Z,2026-04-13T23:01:56Z
68,4,237,affiliate,10,0.0612,41876.8,2026-04-12T19:28:52Z,2026-04-17T08:12:35Z
69,9,257,ambassador,98,0.1084,15037.25,2025-12-21T21:18:22Z,2026-04-25T23:58:44Z
70,9,83,organic,35,0.0761,47164.99,2025-12-13T21:40:22Z,2026-04-29T09:21:53Z
71,43,392,organic,97,0.0395,39520.63,2026-02-28T19:57:26Z,2026-04-20T11:34:10Z
72,6,443,sponsored,97,0.0374,40473.49,2025-12-08T04:20:03Z,2026-04-13T20:19:46Z
73,8,394,affiliate,30,0.1009,9622.16,2025-09-24T00:53:26Z,2026-04-27T23:45:15Z
74,50,148,ambassador,59,0.0479,21403.64,2025-08-21T11:06:09Z,2026-04-18T06:14:30Z
75,29,94,organic,83,0.0699,35876.76,2025-05-27T09:18:27Z,2026-05-03T03:24:20Z
76,14,110,organic,23,0.1142,45189.14,2025-07-04T00:48:19Z,2026-04-30T17:26:06Z
77,17,176,sponsored,88,0.0599,6818.01,2025-06-24T19:12:34Z,2026-05-13T05:50:21Z
78,18,464,affiliate,12,0.1119,33004.4,2026-03-24T06:40:33Z,2026-05-07T10:55:52Z
79,12,333,ambassador,11,0.0491,16009.34,2025-09-26T21:33:27Z,2026-04-23T19:05:44Z
80,31,460,organic,59,0.019,29981.56,2026-01-31T07:27:33Z,2026-05-10T09:44:46Z
81,36,69,organic,25,0.0678,47894.39,2025-12-02T13:25:17Z,2026-04-30T07:16:05Z
82,22,229,sponsored,35,0.0966,32316.21,2025-05-29T02:45:19Z,2026-04-28T15:39:26Z
83,43,437,affiliate,74,0.1138,31811.31,2025-11-14T03:03:36Z,2026-04-24T13:15:02Z
84,28,404,ambassador,60,0.0676,39058.09,2026-04-08T13:29:50Z,2026-04-30T22:55:14Z
85,48,47,organic,55,0.1025,623.91,2026-01-17T23:12:50Z,2026-04-16T20:43:37Z
87,17,30,sponsored,84,0.0287,24049.67,2025-12-01T14:55:09Z,2026-04-26T12:21:11Z
88,29,20,affiliate,71,0.0257,1880.1,2025-08-21T13:07:29Z,2026-05-06T13:58:05Z
89,47,130,ambassador,94,0.1106,24420.01,2025-05-16T13:00:41Z,2026-05-05T02:07:59Z
91,21,144,organic,95,0.1157,25403.85,2025-11-04T20:42:53Z,2026-04-22T00:10:40Z
92,16,490,sponsored,9,0.0488,2738.94,2026-03-02T05:03:33Z,2026-05-10T10:30:09Z
93,7,126,affiliate,7,0.1126,25951.9,2025-07-10T22:10:53Z,2026-04-18T21:27:24Z
94,50,174,ambassador,38,0.0106,7720.42,2025-08-26T13:21:28Z,2026-04-17T04:54:59Z
95,27,346,organic,12,0.1085,34394.19,2025-10-21T01:25:57Z,2026-04-27T10:47:11Z
96,28,92,organic,85,0.0475,34921.94,2025-12-29T04:54:25Z,2026-05-05T05:22:57Z
97,16,33,sponsored,2,0.0783,12274.86,2025-12-18T15:41:08Z,2026-05-01T01:37:24Z
99,23,316,ambassador,83,0.0132,8961.9,2025-07-09T02:19:55Z,2026-05-07T10:26:40Z
101,48,188,organic,21,0.1022,44588.39,2025-07-09T04:23:52Z,2026-04-24T21:08:25Z
102,30,354,sponsored,42,0.0407,9195.3,2026-01-23T01:21:51Z,2026-04-14T00:43:57Z
103,46,216,affiliate,32,0.0247,8193.43,2025-12-11T19:21:22Z,2026-04-26T02:03:28Z
104,19,338,ambassador,54,0.0522,46047.98,2026-02-19T15:41:14Z,2026-04-15T18:01:51Z
105,19,476,organic,10,0.0319,36388.84,2025-09-18T18:06:42Z,2026-04-14T12:56:11Z
107,42,37,sponsored,1,0.0201,13467.01,2025-10-22T23:22:14Z,2026-04-18T20:06:59Z
108,39,124,affiliate,18,0.0847,32096.11,2026-04-08T21:11:08Z,2026-05-03T07:12:20Z
109,16,179,ambassador,76,0.0398,39948.7,2025-08-17T22:41:25Z,2026-04-19T11:01:28Z
110,23,17,organic,24,0.0731,21838.04,2026-03-25T21:55:43Z,2026-04-21T18:32:58Z
111,24,75,organic,86,0.119,21991.03,2025-09-29T03:56:57Z,2026-04-29T16:08:52Z
112,48,27,sponsored,21,0.0861,20405.21,2026-03-10T01:19:25Z,2026-05-11T15:26:55Z
113,31,53,affiliate,54,0.0134,48992.55,2025-08-14T12:18:52Z,2026-04-23T14:02:46Z
114,50,387,ambassador,61,0.0637,43481.72,2025-05-24T18:01:12Z,2026-05-01T09:15:38Z
115,26,32,organic,81,0.0924,33331.31,2025-08-29T09:12:42Z,2026-04-20T13:11:45Z
116,35,377,organic,14,0.0758,3417.93,2025-10-14T14:46:07Z,2026-04-13T13:27:53Z
117,39,424,sponsored,33,0.055,40978.14,2025-12-22T11:47:35Z,2026-04-29T01:20:11Z
118,1,474,affiliate,24,0.0576,42148.11,2025-12-24T09:14:12Z,2026-04-14T09:01:13Z
119,2,405,ambassador,39,0.1145,32468.51,2026-01-12T17:45:05Z,2026-04-22T06:16:08Z
120,37,433,organic,45,0.0208,43448.59,2026-02-06T17:10:55Z,2026-05-07T03:43:57Z
121,9,38,organic,3,0.0926,29218.21,2025-05-16T10:56:10Z,2026-05-01T06:03:46Z
122,31,463,sponsored,96,0.1071,46475.51,2025-09-12T16:09:37Z,2026-04-15T02:41:20Z
123,46,70,affiliate,71,0.0857,25124.22,2026-02-20T19:59:58Z,2026-04-24T04:23:48Z
124,21,201,ambassador,30,0.0969,21004.34,2025-11-14T02:33:01Z,2026-04-17T07:41:31Z
125,37,259,organic,62,0.1195,20475.97,2025-10-26T10:42:33Z,2026-04-20T11:39:32Z
126,28,111,organic,83,0.0595,13486.65,2025-06-04T07:46:05Z,2026-04-16T06:41:21Z
127,38,14,sponsored,89,0.0711,20593.05,2025-11-23T05:04:24Z,2026-05-01T02:53:27Z
129,25,234,ambassador,62,0.0447,25855.59,2026-04-05T16:42:24Z,2026-04-25T07:41:12Z
130,18,232,organic,65,0.0625,43009.55,2025-07-25T17:46:39Z,2026-05-02T16:55:24Z
131,21,320,organic,59,0.0382,9048.39,2025-10-16T08:10:30Z,2026-04-14T06:12:19Z
132,41,356,sponsored,20,0.0983,2817.43,2025-09-21T09:06:31Z,2026-05-12T22:17:11Z
133,7,64,affiliate,96,0.1096,48947.39,2025-12-05T13:05:22Z,2026-04-17T12:12:32Z
134,38,423,ambassador,6,0.0783,20287.72,2025-10-10T17:26:31Z,2026-05-06T11:06:31Z
135,45,332,organic,91,0.1005,3631.05,2026-04-12T16:40:40Z,2026-04-24T05:15:12Z
136,40,135,organic,26,0.0566,11799.45,2026-02-17T00:10:32Z,2026-05-04T10:54:15Z
137,27,113,sponsored,33,0.0812,7615.37,2025-10-06T06:56:01Z,2026-05-05T17:36:01Z
138,23,16,affiliate,34,0.0763,32099.19,2025-11-27T01:02:50Z,2026-05-12T11:08:51Z
139,3,71,ambassador,49,0.0175,10464.88,2025-06-21T03:18:44Z,2026-04-24T03:10:36Z
141,19,63,organic,21,0.0661,30713.22,2026-02-07T02:03:11Z,2026-05-01T17:19:02Z
142,1,304,sponsored,87,0.1041,29144.95,2025-10-03T17:49:48Z,2026-04-28T17:15:56Z
143,16,159,affiliate,85,0.0242,7296.45,2026-03-01T12:34:00Z,2026-04-17T16:54:45Z
144,25,70,ambassador,7,0.0136,18348.49,2025-08-08T02:57:59Z,2026-05-02T03:09:14Z
146,33,263,organic,99,0.0821,1391.38,2025-06-13T06:13:18Z,2026-04-16T00:38:02Z
147,37,30,sponsored,56,0.0679,10357.01,2025-10-28T23:06:23Z,2026-04-15T14:38:30Z
148,18,281,affiliate,70,0.0503,20666.14,2025-09-17T14:34:35Z,2026-05-01T10:58:52Z
149,25,464,ambassador,88,0.09,39955.85,2025-09-27T11:06:28Z,2026-04-27T11:40:03Z
150,16,165,organic,81,0.0352,5386.31,2025-11-03T00:50:27Z,2026-04-14T06:02:16Z
151,18,375,organic,5,0.106,9424.65,2025-11-25T12:02:13Z,2026-05-13T03:07:47Z
152,18,277,sponsored,96,0.0886,15591.09,2026-03-18T08:44:28Z,2026-04-29T01:03:34Z
153,1,404,affiliate,91,0.0304,20204.74,2025-07-04T01:35:15Z,2026-05-02T05:27:27Z
154,17,287,ambassador,19,0.0471,12186.61,2025-08-12T07:38:24Z,2026-04-14T17:53:10Z
155,9,20,organic,50,0.0713,12952.88,2025-05-23T19:46:23Z,2026-05-06T19:19:06Z
156,38,58,organic,38,0.0937,9174.46,2025-12-14T10:18:28Z,2026-05-07T03:46:00Z
157,13,474,sponsored,21,0.0998,20624.18,2025-11-14T18:01:53Z,2026-04-28T13:39:07Z
158,37,325,affiliate,60,0.0587,3232.54,2026-02-19T12:33:48Z,2026-04-22T18:41:48Z
159,1,379,ambassador,82,0.0492,22709.74,2025-10-25T11:25:10Z,2026-04-16T05:42:59Z
160,42,456,organic,93,0.0178,9710.73,2025-07-01T04:37:32Z,2026-04-20T01:07:13Z
161,1,135,organic,39,0.0827,40467.59,2025-10-01T15:18:19Z,2026-05-08T20:54:40Z
162,50,311,sponsored,83,0.1182,19514.89,2025-10-08T19:48:31Z,2026-04-25T02:09:58Z
163,6,323,affiliate,25,0.0391,36990.66,2026-03-28T06:00:27Z,2026-05-09T22:24:14Z
164,29,434,ambassador,67,0.0106,14340.91,2026-02-24T11:44:48Z,2026-05-03T14:01:24Z
165,8,30,organic,59,0.0559,36042.92,2025-06-19T18:15:54Z,2026-05-01T09:26:42Z
166,24,89,organic,59,0.0166,39527.67,2025-10-21T09:24:50Z,2026-04-13T17:19:21Z
167,9,190,sponsored,96,0.0714,8155.04,2026-02-21T19:02:10Z,2026-05-10T19:00:48Z
168,34,483,affiliate,19,0.0941,36859.11,2025-11-15T01:52:42Z,2026-05-13T02:01:56Z
169,29,264,ambassador,98,0.1164,31924.69,2025-08-06T07:19:41Z,2026-05-01T00:28:05Z
170,18,354,organic,39,0.1047,36844.47,2026-02-03T23:00:19Z,2026-05-08T11:33:00Z
171,23,376,organic,26,0.1091,21664.7,2026-03-16T12:59:25Z,2026-05-09T12:54:13Z
172,3,402,sponsored,10,0.1151,6295.68,2025-10-23T02:30:26Z,2026-04-15T17:31:08Z
173,40,21,affiliate,43,0.041,21268.37,2025-12-04T05:14:06Z,2026-04-30T06:21:46Z
174,41,168,ambassador,47,0.0259,11986.77,2025-12-09T04:49:35Z,2026-05-12T17:36:35Z
175,7,85,organic,72,0.077,45796.85,2025-12-19T21:40:14Z,2026-04-26T07:47:08Z
176,21,133,organic,89,0.0961,13193.42,2026-03-09T15:23:04Z,2026-04-27T22:07:52Z
178,8,380,affiliate,30,0.0711,27230.31,2025-09-11T21:41:22Z,2026-04-25T16:40:17Z
179,1,309,ambassador,92,0.0711,12742.38,2025-07-02T02:03:54Z,2026-04-23T17:56:13Z
180,37,214,organic,52,0.0696,39218.75,2025-07-13T20:33:40Z,2026-04-25T23:58:36Z
181,16,262,organic,80,0.0197,44553.95,2025-12-24T13:30:29Z,2026-05-05T18:49:27Z
182,7,155,sponsored,78,0.0524,7327.93,2025-12-26T13:09:19Z,2026-04-23T02:11:59Z
183,36,177,affiliate,20,0.1113,48507.04,2025-10-30T05:53:57Z,2026-04-14T06:24:38Z
184,27,367,ambassador,44,0.1198,26928.1,2026-03-30T15:54:27Z,2026-05-07T06:19:34Z
185,15,347,organic,2,0.0202,18677.96,2025-11-19T05:30:52Z,2026-05-06T09:29:23Z
186,34,309,organic,81,0.084,47588.78,2025-12-10T11:38:27Z,2026-05-01T17:02:54Z
187,39,121,sponsored,24,0.1168,10584.93,2025-06-30T20:36:48Z,2026-04-23T18:32:27Z
188,21,9,affiliate,51,0.044,28110.85,2026-04-07T02:28:13Z,2026-05-04T07:45:58Z
189,4,412,ambassador,30,0.0296,1711.81,2026-01-12T20:59:31Z,2026-05-06T19:02:15Z
190,35,105,organic,62,0.0991,47466.47,2025-11-01T08:33:57Z,2026-05-01T17:53:00Z
191,16,280,organic,31,0.092,36926.43,2026-02-04T02:27:54Z,2026-04-28T12:42:26Z
192,48,145,sponsored,65,0.1138,2942.8,2025-08-15T18:23:05Z,2026-04-25T12:38:44Z
193,14,18,affiliate,40,0.0589,13621.93,2025-10-18T22:22:20Z,2026-04-18T03:44:14Z
194,34,40,ambassador,89,0.0804,29136.53,2026-04-10T08:18:36Z,2026-04-25T20:23:05Z
195,10,354,organic,36,0.0676,21263.77,2025-05-25T02:54:59Z,2026-05-08T21:51:37Z
196,38,353,organic,80,0.0672,15634.14,2025-05-28T09:01:29Z,2026-05-12T23:35:08Z
197,45,6,sponsored,77,0.0433,15258.3,2025-09-19T01:14:34Z,2026-05-09T10:33:51Z
198,25,72,affiliate,65,0.0772,28322.29,2026-01-08T23:32:00Z,2026-04-14T20:42:40Z
199,8,157,ambassador,33,0.1127,46155.94,2025-06-30T16:18:04Z,2026-04-28T23:38:40Z
200,36,304,organic,10,0.0997,21786.01,2025-11-29T23:09:06Z,2026-04-19T18:22:56Z
201,18,173,organic,46,0.0287,26906.87,2025-09-19T03:03:35Z,2026-04-14T11:28:03Z
203,15,316,affiliate,48,0.0736,14233.08,2025-11-03T12:08:57Z,2026-04-22T17:13:47Z
204,33,325,ambassador,1,0.0135,28641.42,2026-03-08T08:21:48Z,2026-04-22T00:22:09Z
205,23,87,organic,9,0.0818,48338.68,2025-09-27T11:38:29Z,2026-04-23T17:47:05Z
206,35,132,organic,57,0.1146,39547.1,2025-08-13T23:51:52Z,2026-05-06T18:59:03Z
207,24,279,sponsored,74,0.033,24885.23,2025-05-28T05:07:48Z,2026-05-04T11:57:11Z
208,46,282,affiliate,50,0.0184,3124.31,2025-07-23T06:30:44Z,2026-05-02T00:38:43Z
209,47,278,ambassador,88,0.1184,39553.77,2026-03-25T21:21:04Z,2026-05-12T06:42:50Z
210,24,179,organic,72,0.1023,25277.36,2025-12-06T18:07:14Z,2026-05-06T07:11:00Z
212,8,470,sponsored,33,0.0622,34068.91,2026-01-30T08:43:12Z,2026-04-27T17:03:34Z
213,12,432,affiliate,4,0.1079,7848.92,2025-10-14T19:28:14Z,2026-04-23T07:55:04Z
214,3,310,ambassador,98,0.0393,4326.41,2025-06-01T02:30:40Z,2026-05-03T23:45:30Z
215,4,60,organic,45,0.1123,7721.96,2026-03-12T09:33:10Z,2026-04-23T13:29:24Z
216,32,459,organic,92,0.0343,37231.96,2025-08-19T03:20:22Z,2026-05-01T10:49:36Z
217,13,50,sponsored,51,0.0132,46732.73,2026-03-21T00:25:31Z,2026-05-02T10:08:33Z
218,26,129,affiliate,51,0.0721,582.15,2026-01-27T16:54:52Z,2026-04-22T10:10:13Z
219,15,365,ambassador,8,0.0234,27450.04,2026-01-04T13:29:23Z,2026-05-10T17:31:24Z
220,6,209,organic,14,0.0434,7589.67,2025-11-14T01:34:28Z,2026-04-29T15:14:17Z
221,32,364,organic,29,0.0545,32031.84,2026-02-12T20:22:58Z,2026-05-10T18:30:26Z
222,29,29,sponsored,63,0.0767,10343.79,2025-07-11T20:43:58Z,2026-04-24T06:24:24Z
223,7,330,affiliate,63,0.0584,41913.22,2025-08-10T04:46:51Z,2026-04-21T02:23:57Z
224,25,109,ambassador,31,0.1041,6634.07,2025-10-16T03:01:49Z,2026-04-26T21:11:36Z
225,13,471,organic,49,0.0715,40513.46,2025-09-05T21:55:55Z,2026-04-15T16:15:25Z
226,46,337,organic,65,0.0735,14239.7,2025-12-23T00:22:00Z,2026-04-16T15:53:35Z
227,48,440,sponsored,76,0.0849,48341.59,2025-08-15T10:57:32Z,2026-04-26T21:40:27Z
228,14,428,affiliate,5,0.0798,33467.94,2025-07-29T12:38:28Z,2026-04-29T00:45:25Z
229,44,405,ambassador,95,0.1083,6752.86,2025-10-02T11:09:44Z,2026-05-09T16:36:35Z
230,44,142,organic,53,0.0221,25443.02,2026-01-06T01:09:53Z,2026-04-22T03:33:31Z
231,48,473,organic,33,0.0967,31543.1,2025-10-26T18:26:10Z,2026-05-08T12:03:23Z
232,10,15,sponsored,41,0.0535,20334.83,2025-09-25T03:05:34Z,2026-04-16T18:33:16Z
233,32,127,affiliate,4,0.0852,23968.58,2025-06-22T16:20:31Z,2026-04-19T11:46:29Z
234,42,113,ambassador,70,0.0269,31036.61,2025-11-22T21:56:37Z,2026-05-11T14:46:51Z
235,21,25,organic,39,0.1116,34086.92,2025-06-22T03:34:57Z,2026-05-11T21:26:38Z
236,26,271,organic,80,0.1042,39985.71,2025-06-21T00:45:43Z,2026-05-05T08:30:51Z
237,12,272,sponsored,78,0.0938,41688.33,2026-02-18T04:42:51Z,2026-04-26T20:02:27Z
238,39,202,affiliate,90,0.0463,25956.69,2025-11-27T05:31:45Z,2026-05-10T02:18:38Z
239,30,370,ambassador,84,0.0139,27689.92,2025-10-10T03:03:15Z,2026-05-10T02:03:01Z
240,36,141,organic,45,0.11,7411.84,2025-08-26T14:34:28Z,2026-04-28T21:47:00Z
241,3,454,organic,95,0.0881,21651.39,2025-10-01T09:37:35Z,2026-04-25T22:00:26Z
242,4,424,sponsored,70,0.0527,41648.19,2025-05-24T09:01:19Z,2026-04-21T08:36:24Z
243,29,393,affiliate,4,0.0391,31745.67,2025-06-16T12:39:53Z,2026-04-27T06:27:07Z
244,6,173,ambassador,96,0.0663,8576.69,2025-08-17T02:18:39Z,2026-05-09T05:03:56Z
245,36,230,organic,25,0.108,4223.08,2025-10-26T10:49:51Z,2026-04-29T01:47:46Z
246,43,239,organic,91,0.074,13605.41,2025-07-13T18:54:20Z,2026-04-14T06:19:25Z
247,30,401,sponsored,77,0.0236,17604.33,2026-02-23T23:05:18Z,2026-04-14T02:40:10Z
248,47,169,affiliate,45,0.0378,1858.04,2025-11-13T08:13:57Z,2026-04-26T08:13:02Z
249,5,328,ambassador,85,0.0248,2347.28,2025-07-09T23:31:48Z,2026-04-14T19:15:18Z
250,48,104,organic,86,0.0844,22693.82,2025-09-08T05:04:08Z,2026-05-08T21:09:08Z
251,4,418,organic,24,0.0344,35652.31,2025-12-31T00:09:21Z,2026-05-06T14:01:01Z
252,36,56,sponsored,49,0.0203,2920.23,2025-09-28T18:03:03Z,2026-04-14T19:00:56Z
253,26,342,affiliate,46,0.0296,8529.86,2025-12-24T12:49:55Z,2026-04-14T01:34:21Z
254,27,365,ambassador,53,0.0341,1374.03,2025-07-06T19:03:40Z,2026-05-05T12:24:00Z
255,14,206,organic,28,0.0566,49761.17,2026-02-01T00:42:15Z,2026-05-09T02:45:01Z
256,3,372,organic,48,0.0914,28155.97,2026-03-25T08:37:26Z,2026-05-07T18:52:01Z
257,37,215,sponsored,9,0.0707,26207.96,2025-11-25T19:13:21Z,2026-05-09T15:18:45Z
259,44,37,ambassador,48,0.118,36383.4,2025-10-27T07:39:16Z,2026-05-09T14:45:45Z
260,6,345,organic,24,0.0227,17139.88,2025-11-19T01:51:59Z,2026-05-06T01:07:38Z
261,13,254,organic,37,0.1085,38259.49,2026-03-22T02:55:44Z,2026-05-10T20:16:33Z
262,14,466,sponsored,35,0.055,1588.59,2025-06-09T22:45:46Z,2026-05-05T17:21:21Z
263,41,472,affiliate,71,0.1061,14360.22,2025-09-15T03:26:27Z,2026-05-12T05:48:55Z
264,25,483,ambassador,86,0.0838,37895.46,2025-11-22T09:56:31Z,2026-04-18T04:55:22Z
265,40,257,organic,79,0.0962,46540.61,2025-10-30T15:57:44Z,2026-05-05T02:42:38Z
266,48,355,organic,8,0.0821,31731.41,2025-09-12T14:49:13Z,2026-05-04T19:16:51Z
268,50,425,affiliate,16,0.1009,20775.73,2026-03-06T18:49:17Z,2026-04-15T12:28:24Z
269,14,388,ambassador,73,0.07,29437.93,2025-06-21T15:59:53Z,2026-05-11T22:35:39Z
270,44,411,organic,68,0.119,31951.48,2025-12-24T03:42:10Z,2026-04-29T11:31:42Z
271,30,172,organic,16,0.0532,1497.83,2026-01-10T15:24:44Z,2026-05-12T19:28:24Z
272,23,348,sponsored,65,0.0921,14397.64,2025-05-15T05:50:30Z,2026-04-25T05:20:11Z
273,47,447,affiliate,71,0.0326,14085.25,2026-04-09T09:54:44Z,2026-04-28T06:35:02Z
274,16,470,ambassador,70,0.0666,23593.47,2025-05-22T17:27:23Z,2026-05-10T11:59:52Z
275,3,279,organic,1,0.0162,9433.87,2026-02-25T05:09:05Z,2026-05-01T23:14:50Z
276,45,212,organic,84,0.1045,40959.62,2025-09-30T19:34:11Z,2026-05-12T18:36:50Z
277,4,359,sponsored,15,0.0679,39623.01,2025-08-01T04:22:34Z,2026-05-10T20:23:40Z
278,6,343,affiliate,50,0.1144,14242.46,2026-02-15T21:33:19Z,2026-05-10T03:22:38Z
279,42,65,ambassador,49,0.0178,42202.71,2026-04-06T11:11:04Z,2026-04-28T09:35:55Z
280,45,389,organic,13,0.03,21291.42,2025-11-12T20:38:09Z,2026-04-19T12:04:42Z
281,37,145,organic,23,0.0496,37091.95,2025-09-05T16:12:52Z,2026-04-18T07:32:38Z
282,38,229,sponsored,60,0.0749,33471.78,2025-09-26T21:41:55Z,2026-04-13T16:46:10Z
283,43,84,affiliate,17,0.011,13661.8,2025-06-25T11:27:16Z,2026-04-14T10:47:12Z
284,14,426,ambassador,36,0.0886,18649.13,2026-02-22T14:48:07Z,2026-05-05T14:42:30Z
286,22,75,organic,78,0.0136,31747.72,2025-08-19T02:00:10Z,2026-05-01T02:02:03Z
287,41,41,sponsored,7,0.0866,9510.65,2025-09-02T07:27:45Z,2026-04-16T06:21:44Z
288,4,491,affiliate,15,0.0871,15963.43,2026-02-20T01:10:23Z,2026-04-30T02:26:22Z
289,34,185,ambassador,62,0.1087,12986.56,2026-02-18T20:29:16Z,2026-05-05T07:47:25Z
290,27,448,organic,7,0.0219,37202.42,2025-07-27T11:48:04Z,2026-04-16T20:36:13Z
291,41,430,organic,42,0.0183,47703.8,2026-04-04T09:03:00Z,2026-04-14T06:24:55Z
292,3,13,sponsored,62,0.0582,7379.24,2025-11-27T23:54:13Z,2026-04-17T16:50:11Z
293,47,236,affiliate,96,0.0895,34387.55,2026-03-11T18:27:23Z,2026-05-03T07:25:18Z
294,21,465,ambassador,30,0.0273,31006.77,2025-11-03T22:27:26Z,2026-04-16T02:23:36Z
295,42,412,organic,58,0.1194,27002.75,2025-12-25T13:51:17Z,2026-05-09T04:45:21Z
296,48,86,organic,67,0.0514,9084.89,2026-03-23T06:09:42Z,2026-05-10T06:07:50Z
297,27,14,sponsored,75,0.0301,31976.84,2026-01-24T21:26:49Z,2026-05-06T01:49:02Z
298,30,82,affiliate,45,0.0271,36063.14,2026-02-09T13:53:10Z,2026-04-14T13:38:56Z
299,25,442,ambassador,98,0.0959,43223.48,2025-10-10T07:59:51Z,2026-05-11T20:33:46Z
300,29,464,organic,58,0.0211,29074.45,2025-10-18T00:33:53Z,2026-05-04T10:13:26Z
301,34,14,organic,82,0.0332,6205.34,2026-03-13T20:49:04Z,2026-04-25T14:06:57Z
302,30,264,sponsored,40,0.0342,32233.4,2025-12-15T07:30:51Z,2026-04-13T22:48:37Z
303,28,378,affiliate,95,0.0138,11198.15,2026-03-02T07:03:53Z,2026-04-21T09:29:42Z
304,2,111,ambassador,43,0.0922,378.39,2025-08-27T07:53:57Z,2026-04-24T16:44:10Z
305,31,140,organic,48,0.0431,13120.16,2026-03-20T06:20:53Z,2026-04-19T02:23:27Z
306,15,264,organic,75,0.0437,36222.87,2025-12-12T21:36:04Z,2026-04-21T23:52:40Z
307,28,168,sponsored,76,0.0566,16054.35,2026-04-10T19:28:18Z,2026-04-25T10:00:52Z
308,9,346,affiliate,83,0.0782,37728.02,2025-08-12T16:16:50Z,2026-05-01T03:41:22Z
309,2,252,ambassador,83,0.0905,18759.08,2026-03-18T20:27:43Z,2026-04-16T20:01:28Z
310,40,233,organic,3,0.1128,44593.69,2025-08-11T10:23:02Z,2026-04-17T11:03:03Z
311,25,157,organic,75,0.0944,23328.67,2025-10-29T01:52:35Z,2026-04-29T13:11:08Z
312,28,215,sponsored,35,0.0294,19411.57,2025-11-10T22:27:29Z,2026-05-06T13:22:12Z
313,2,104,affiliate,71,0.0428,29175.88,2025-09-09T08:38:42Z,2026-05-12T17:58:09Z
314,46,406,ambassador,20,0.0676,41807.51,2025-08-07T06:18:45Z,2026-04-29T01:32:06Z
316,9,163,organic,9,0.0431,8171.14,2025-08-03T08:23:25Z,2026-05-07T01:30:15Z
317,45,144,sponsored,96,0.0555,14304.77,2025-09-25T23:59:35Z,2026-05-10T11:45:45Z
318,3,332,affiliate,95,0.0984,27843.72,2026-03-25T07:42:14Z,2026-05-12T21:41:44Z
319,8,242,ambassador,25,0.0869,49525.34,2025-08-05T02:14:52Z,2026-05-02T14:24:13Z
320,39,342,organic,12,0.0715,39451.99,2025-12-30T08:14:13Z,2026-05-03T05:32:52Z
321,19,229,organic,51,0.0632,46882.67,2025-05-19T04:58:11Z,2026-05-03T15:36:27Z
322,6,387,sponsored,62,0.1082,20927.54,2025-11-18T19:32:27Z,2026-05-12T07:47:42Z
323,3,170,affiliate,83,0.0629,41981.87,2026-02-11T10:27:26Z,2026-04-17T07:12:55Z
324,17,409,ambassador,66,0.1118,22505.56,2025-12-25T23:54:26Z,2026-04-29T15:25:17Z
325,5,134,organic,75,0.0825,3003.82,2025-09-22T02:41:21Z,2026-04-27T04:55:00Z
326,31,462,organic,13,0.0835,42212.6,2025-09-11T17:00:47Z,2026-05-11T23:16:51Z
327,46,335,sponsored,73,0.0146,4768.82,2026-02-08T07:40:32Z,2026-05-06T02:22:01Z
328,27,145,affiliate,43,0.0222,7153.99,2026-04-13T07:38:09Z,2026-05-04T10:32:45Z
329,46,410,ambassador,94,0.0121,12700.65,2026-03-18T04:06:44Z,2026-04-20T06:41:13Z
330,43,112,organic,43,0.0134,18687.03,2026-02-17T04:18:20Z,2026-04-21T19:49:29Z
331,10,231,organic,53,0.0925,43126.09,2025-09-22T11:39:54Z,2026-05-02T12:36:38Z
332,47,419,sponsored,17,0.1183,30885.01,2025-06-19T19:08:49Z,2026-05-07T15:25:07Z
333,21,370,affiliate,95,0.1173,22001.53,2025-11-02T20:41:58Z,2026-04-24T10:50:54Z
334,10,102,ambassador,44,0.0861,43291.9,2025-11-03T04:46:39Z,2026-04-15T04:00:56Z
335,3,443,organic,76,0.0413,33011.58,2025-07-28T10:50:41Z,2026-05-04T21:05:33Z
336,8,18,organic,47,0.0178,42629.27,2025-11-07T11:29:39Z,2026-04-16T10:15:34Z
337,23,408,sponsored,21,0.0835,41580.91,2025-08-12T01:55:02Z,2026-04-18T17:43:23Z
338,34,450,affiliate,66,0.0724,18595.18,2026-02-19T03:11:51Z,2026-04-16T23:28:42Z
339,17,6,ambassador,69,0.1108,25302.98,2026-03-02T23:58:45Z,2026-05-07T00:44:09Z
340,26,463,organic,27,0.0952,46181.8,2025-09-02T11:22:51Z,2026-04-28T20:24:47Z
341,31,210,organic,87,0.108,15635.22,2025-07-04T19:36:14Z,2026-04-17T13:30:12Z
342,2,83,sponsored,51,0.0687,19835.21,2025-09-22T22:55:07Z,2026-04-24T18:36:21Z
343,14,452,affiliate,17,0.1194,39177.54,2025-05-21T12:49:52Z,2026-05-11T04:59:34Z
344,28,294,ambassador,29,0.0502,20545.48,2026-02-16T01:30:57Z,2026-05-06T15:41:48Z
345,38,431,organic,16,0.0581,7805.52,2025-08-22T23:50:19Z,2026-04-26T15:26:32Z
347,21,146,sponsored,54,0.0956,2173.18,2025-12-07T14:59:19Z,2026-04-28T04:23:50Z
348,37,121,affiliate,84,0.0611,13117.04,2025-07-29T20:39:31Z,2026-04-14T06:41:38Z
349,42,21,ambassador,12,0.0173,36034.43,2026-04-08T07:09:16Z,2026-04-29T02:59:24Z
350,17,104,organic,10,0.0787,5542.2,2026-03-27T19:16:39Z,2026-04-22T22:13:08Z
351,13,276,organic,86,0.031,13574.24,2025-09-20T15:06:53Z,2026-05-03T19:43:17Z
352,33,326,sponsored,87,0.0251,20637.35,2026-03-20T00:06:34Z,2026-05-06T20:06:23Z
353,7,453,affiliate,41,0.1193,36968.28,2025-08-30T07:18:19Z,2026-05-04T13:25:22Z
354,12,218,ambassador,88,0.0818,30285.9,2025-05-26T09:41:48Z,2026-05-12T10:41:04Z
355,21,289,organic,46,0.042,46964.87,2025-12-10T02:21:37Z,2026-04-15T21:43:08Z
356,26,226,organic,78,0.1093,21538.71,2025-07-04T18:39:38Z,2026-04-14T04:06:38Z
357,23,93,sponsored,29,0.1046,46888.09,2025-06-21T01:05:51Z,2026-05-03T20:15:47Z
358,48,377,affiliate,92,0.0472,24663.18,2025-10-04T15:03:15Z,2026-04-16T09:13:36Z
359,9,405,ambassador,23,0.0846,9938,2025-07-25T21:24:21Z,2026-04-15T11:03:53Z
361,18,124,organic,96,0.0314,43193.42,2025-09-30T19:40:08Z,2026-05-10T18:55:49Z
362,20,379,sponsored,97,0.0711,36440.3,2025-05-29T11:33:15Z,2026-04-21T01:41:48Z
363,5,16,affiliate,20,0.0216,9791.49,2026-02-25T14:16:31Z,2026-05-07T14:04:06Z
364,33,278,ambassador,83,0.0135,4370.96,2026-04-03T22:02:36Z,2026-05-01T21:14:55Z
365,37,143,organic,90,0.042,6842.77,2026-01-07T04:34:04Z,2026-05-09T01:33:47Z
367,28,86,sponsored,42,0.0407,40560.57,2026-03-02T23:08:50Z,2026-04-22T04:41:43Z
368,22,95,affiliate,13,0.0308,28437.3,2025-06-23T19:28:18Z,2026-05-01T20:23:22Z
369,17,490,ambassador,58,0.0743,43515.19,2025-05-16T21:04:29Z,2026-04-23T05:37:31Z
370,46,128,organic,70,0.0496,22638.79,2026-02-15T10:59:19Z,2026-04-14T17:53:27Z
371,19,32,organic,82,0.0924,15735.13,2025-09-18T18:49:43Z,2026-04-15T07:01:29Z
372,19,471,sponsored,74,0.068,11090.33,2025-10-25T13:25:37Z,2026-04-16T02:26:05Z
373,43,383,affiliate,67,0.0624,14196.99,2025-08-13T23:41:09Z,2026-05-06T22:15:09Z
374,19,204,ambassador,55,0.0374,6586.62,2025-11-22T17:06:24Z,2026-04-15T23:51:54Z
375,32,292,organic,24,0.0301,9424.68,2025-10-16T01:44:30Z,2026-05-07T17:46:15Z
376,26,364,organic,13,0.114,41720.11,2026-03-02T16:56:07Z,2026-04-17T09:52:16Z
377,11,43,sponsored,49,0.0901,38417.62,2025-12-17T12:59:26Z,2026-05-01T20:50:14Z
378,28,209,affiliate,58,0.1006,29251.73,2025-10-27T00:18:51Z,2026-04-24T19:00:55Z
379,10,124,ambassador,66,0.1137,10474.09,2026-02-14T17:29:22Z,2026-04-26T15:18:49Z
380,8,135,organic,71,0.0903,12334.45,2026-04-01T00:18:43Z,2026-04-19T07:26:08Z
381,31,394,organic,34,0.0653,40475.37,2025-08-18T05:54:57Z,2026-05-10T10:09:00Z
382,10,440,sponsored,63,0.0842,42361.81,2025-10-31T04:51:40Z,2026-04-29T20:41:42Z
383,9,363,affiliate,80,0.0524,39326.03,2025-07-01T22:18:42Z,2026-04-29T21:22:47Z
385,17,262,organic,53,0.052,7485.6,2025-08-12T14:36:25Z,2026-05-12T01:05:07Z
386,12,142,organic,92,0.0945,19937.47,2026-01-18T04:32:46Z,2026-04-17T06:31:32Z
387,5,76,sponsored,40,0.0526,45490.89,2025-12-13T01:14:30Z,2026-04-27T11:09:04Z
388,4,279,affiliate,18,0.0315,16796.39,2025-12-31T09:38:47Z,2026-04-25T14:08:43Z
389,10,455,ambassador,45,0.0256,12140.1,2025-09-13T21:46:47Z,2026-04-26T11:08:02Z
390,3,178,organic,72,0.0189,38872.14,2025-12-08T19:17:06Z,2026-04-15T00:35:56Z
391,7,29,organic,26,0.1073,278.24,2025-07-04T11:06:32Z,2026-05-03T07:38:23Z
392,11,426,sponsored,51,0.0606,7534.02,2026-03-01T03:46:49Z,2026-04-27T13:22:45Z
393,44,413,affiliate,97,0.0485,32668.77,2025-10-29T02:24:59Z,2026-05-02T03:13:44Z
394,27,273,ambassador,33,0.0589,30798.65,2025-09-27T06:34:43Z,2026-05-08T00:38:01Z
395,47,378,organic,34,0.0151,20993.51,2025-07-23T12:25:09Z,2026-04-15T00:43:44Z
396,29,13,organic,53,0.0699,8695.78,2026-03-08T18:36:27Z,2026-04-23T14:44:00Z
397,4,285,sponsored,67,0.0222,23531.84,2025-10-14T09:47:23Z,2026-05-01T13:10:45Z
398,1,107,affiliate,46,0.0438,46483.39,2026-01-09T19:23:56Z,2026-04-25T23:33:29Z
399,34,417,ambassador,7,0.113,30678.01,2025-09-01T01:18:11Z,2026-05-05T18:15:40Z
400,15,148,organic,41,0.0897,7716.26,2026-03-24T02:34:28Z,2026-05-01T00:50:48Z
401,1,41,organic,1,0.0903,3826.44,2026-03-28T21:47:40Z,2026-04-24T04:32:14Z
402,2,429,sponsored,84,0.0794,40404.74,2025-09-12T06:18:31Z,2026-05-06T06:12:42Z
403,35,301,affiliate,63,0.0203,31771.69,2026-04-09T22:43:33Z,2026-04-28T02:33:29Z
405,37,359,organic,52,0.0632,31106.52,2025-11-28T19:45:26Z,2026-04-21T01:41:22Z
407,33,345,sponsored,18,0.0443,14123.7,2025-06-21T21:57:29Z,2026-05-02T00:23:59Z
408,47,205,affiliate,24,0.0972,13126.46,2026-02-01T08:41:08Z,2026-04-29T04:57:34Z
409,25,37,ambassador,53,0.0992,38866.16,2026-02-17T13:22:13Z,2026-04-28T03:11:47Z
410,25,121,organic,38,0.0211,6967.97,2026-02-09T22:02:19Z,2026-04-23T19:12:00Z
412,25,335,sponsored,84,0.0476,24105.96,2026-04-01T15:21:47Z,2026-04-27T14:00:51Z
413,50,361,affiliate,95,0.0221,23997.3,2026-01-11T07:06:31Z,2026-05-10T06:51:35Z
414,15,55,ambassador,46,0.0814,33270.19,2025-08-28T13:59:45Z,2026-04-20T16:44:16Z
415,42,178,organic,96,0.0153,46499.75,2025-07-26T20:56:43Z,2026-05-06T14:32:51Z
416,7,452,organic,74,0.0922,44688.51,2025-12-29T10:09:35Z,2026-04-18T11:58:54Z
417,28,278,sponsored,34,0.0948,44944.18,2025-11-08T03:27:14Z,2026-04-25T05:24:20Z
418,37,320,affiliate,21,0.0562,14923.51,2026-03-04T22:06:35Z,2026-04-30T23:27:31Z
419,36,39,ambassador,5,0.0706,2305.74,2025-06-10T07:03:24Z,2026-04-27T10:20:54Z
420,31,304,organic,57,0.077,47721.38,2026-01-12T10:28:58Z,2026-04-21T04:39:19Z
421,32,133,organic,94,0.0141,42021.59,2025-11-16T03:35:51Z,2026-05-11T20:51:58Z
422,1,457,sponsored,26,0.0529,16530.23,2025-05-25T23:45:02Z,2026-05-05T14:47:07Z
423,33,42,affiliate,46,0.0808,42788.33,2026-01-11T06:21:18Z,2026-04-23T01:30:00Z
424,49,325,ambassador,28,0.0656,46554.11,2025-11-30T16:48:56Z,2026-05-08T09:47:01Z
426,25,319,organic,47,0.044,2428.55,2025-09-01T05:30:07Z,2026-05-10T07:27:29Z
427,21,6,sponsored,81,0.0876,22.54,2025-05-15T00:25:24Z,2026-05-05T18:13:08Z
428,24,415,affiliate,29,0.1112,46618.5,2026-04-06T16:41:11Z,2026-05-09T09:04:35Z
429,11,167,ambassador,21,0.0496,2628.77,2025-10-06T21:23:02Z,2026-04-27T06:01:15Z
430,34,394,organic,16,0.1004,30519.84,2025-08-11T13:30:10Z,2026-04-14T08:06:57Z
431,7,65,organic,74,0.0391,14289.62,2025-10-31T14:37:41Z,2026-04-23T06:30:06Z
432,34,135,sponsored,76,0.0545,12149.22,2025-11-12T04:57:57Z,2026-04-30T05:12:51Z
433,28,261,affiliate,66,0.1133,44340.54,2025-05-24T20:33:54Z,2026-04-17T20:53:48Z
434,36,17,ambassador,84,0.0888,23545.07,2026-01-17T23:02:29Z,2026-05-06T12:04:07Z
435,32,266,organic,67,0.0246,6349.47,2026-04-12T20:52:54Z,2026-04-21T06:33:09Z
436,7,382,organic,59,0.0753,14738.63,2025-06-17T15:24:29Z,2026-04-25T05:18:18Z
437,30,324,sponsored,80,0.0754,4709.8,2026-02-05T03:32:11Z,2026-04-25T05:01:33Z
438,35,58,affiliate,67,0.0442,38236.92,2025-07-13T17:40:41Z,2026-04-17T22:47:57Z
439,31,1,ambassador,49,0.1098,1528.45,2025-12-18T10:30:36Z,2026-04-19T14:09:46Z
440,21,375,organic,15,0.051,11545.24,2026-04-03T01:47:17Z,2026-05-09T07:53:39Z
441,42,274,organic,54,0.0617,31208.03,2025-09-07T05:00:17Z,2026-05-04T13:04:33Z
442,7,24,sponsored,32,0.0275,18634.44,2025-06-14T21:12:14Z,2026-04-15T10:44:38Z
443,16,242,affiliate,98,0.0903,164.33,2026-01-25T12:29:02Z,2026-05-12T07:29:30Z
444,41,461,ambassador,39,0.0866,32844.77,2025-08-05T14:21:57Z,2026-04-14T17:50:56Z
445,45,408,organic,73,0.1112,37888.92,2026-02-21T13:27:56Z,2026-05-08T15:54:23Z
446,38,160,organic,61,0.1082,43280.59,2026-02-14T21:27:02Z,2026-04-20T13:06:08Z
448,39,185,affiliate,41,0.0142,48407.5,2025-10-19T23:58:02Z,2026-04-27T17:27:49Z
449,11,145,ambassador,43,0.0665,24112.78,2026-04-04T13:10:58Z,2026-05-11T22:55:19Z
450,41,234,organic,32,0.0226,11362.8,2025-10-15T00:37:54Z,2026-05-07T10:26:28Z
451,18,76,organic,49,0.0515,31509.84,2025-06-24T02:25:23Z,2026-05-09T02:05:56Z
452,39,80,sponsored,82,0.0564,6180.4,2025-12-12T05:28:33Z,2026-04-15T14:10:48Z
453,40,125,affiliate,44,0.1169,22279.91,2025-09-29T23:00:58Z,2026-05-05T18:05:46Z
454,41,311,ambassador,94,0.0839,32325.93,2026-03-17T16:39:14Z,2026-04-28T17:51:48Z
455,32,186,organic,54,0.0315,46418.35,2025-09-16T15:20:38Z,2026-05-09T02:51:26Z
456,1,140,organic,19,0.0918,34327.09,2025-12-16T22:52:49Z,2026-04-24T07:48:01Z
457,21,388,sponsored,44,0.0409,14051.41,2025-10-30T17:13:28Z,2026-04-20T01:34:15Z
458,47,443,affiliate,37,0.0137,8565.37,2026-02-25T09:00:11Z,2026-05-12T12:34:08Z
459,40,281,ambassador,86,0.0381,12649.03,2025-08-28T13:38:16Z,2026-04-14T06:51:07Z
460,5,222,organic,56,0.0242,32473.4,2026-03-07T18:22:19Z,2026-04-27T03:12:00Z
461,48,390,organic,61,0.1049,18668.52,2025-08-23T07:09:23Z,2026-05-10T18:37:52Z
462,46,213,sponsored,45,0.0724,49040.85,2025-06-29T19:42:02Z,2026-04-23T15:35:29Z
463,28,333,affiliate,23,0.0901,9736.68,2026-04-10T05:30:37Z,2026-05-05T14:26:03Z
464,27,424,ambassador,71,0.0956,40085.14,2026-02-04T22:34:40Z,2026-04-27T00:35:53Z
465,22,271,organic,82,0.0344,14268.77,2025-12-05T02:52:20Z,2026-04-19T21:44:25Z
466,14,33,organic,13,0.0194,28663.85,2025-11-03T16:55:17Z,2026-05-02T09:56:12Z
467,28,356,sponsored,91,0.0982,17829.25,2026-02-06T19:44:25Z,2026-04-18T19:58:55Z
468,33,283,affiliate,39,0.0306,48580.52,2026-01-17T09:11:58Z,2026-04-21T20:10:18Z
470,36,411,organic,35,0.0381,46198.39,2025-07-26T01:37:06Z,2026-04-24T09:23:40Z
471,13,347,organic,10,0.0922,36722.44,2026-02-14T02:22:43Z,2026-05-03T05:25:04Z
472,11,447,sponsored,60,0.0592,38807.35,2025-06-04T03:22:38Z,2026-04-24T14:40:09Z
473,27,40,affiliate,94,0.1069,9757.48,2026-02-07T21:14:06Z,2026-05-10T19:01:39Z
474,16,17,ambassador,22,0.0421,15792.44,2025-08-16T05:55:35Z,2026-04-19T04:20:26Z
475,33,341,organic,44,0.0767,45024.24,2025-06-11T08:00:48Z,2026-05-01T14:55:32Z
476,16,277,organic,53,0.0309,8341.91,2025-12-28T13:01:47Z,2026-05-12T02:52:21Z
477,30,170,sponsored,44,0.0944,49612.63,2026-03-18T13:37:18Z,2026-04-25T10:28:42Z
478,2,267,affiliate,34,0.0359,40660.4,2025-06-30T22:28:06Z,2026-04-27T04:06:31Z
480,41,251,organic,84,0.0194,24908.78,2026-02-21T01:42:01Z,2026-04-22T01:06:50Z
481,13,127,organic,92,0.0959,26845.17,2025-10-19T00:01:25Z,2026-05-11T00:56:25Z
482,2,147,sponsored,89,0.0482,12995.38,2026-02-22T03:07:58Z,2026-04-16T21:07:21Z
483,26,143,affiliate,15,0.1113,36249.78,2025-05-30T22:59:24Z,2026-04-22T15:10:16Z
484,22,149,ambassador,2,0.1175,41336.82,2025-06-21T11:06:27Z,2026-04-23T06:55:01Z
485,43,291,organic,48,0.0364,16713.41,2025-10-20T05:36:43Z,2026-04-19T01:19:57Z
486,4,427,organic,32,0.1022,7674.95,2025-11-19T17:27:05Z,2026-05-02T09:05:20Z
487,4,347,sponsored,27,0.0513,3294.61,2025-05-22T13:04:49Z,2026-04-21T11:05:42Z
488,12,387,affiliate,78,0.1122,22749.8,2025-08-12T15:29:57Z,2026-05-06T15:56:00Z
490,32,204,organic,16,0.0474,957.49,2026-02-05T20:22:21Z,2026-05-03T00:56:10Z
491,23,285,organic,29,0.0976,32620.28,2025-05-26T17:24:38Z,2026-04-19T05:23:52Z
492,19,486,sponsored,71,0.0169,33573.73,2025-11-14T02:56:29Z,2026-04-20T06:13:02Z
493,3,102,affiliate,46,0.056,16507.84,2026-01-15T07:18:04Z,2026-04-29T15:08:25Z
494,50,429,ambassador,11,0.0965,42270.84,2025-10-18T23:52:52Z,2026-05-01T01:51:30Z
495,37,229,organic,72,0.0661,27610.47,2026-04-06T14:42:29Z,2026-05-12T10:48:56Z
496,23,363,organic,73,0.1005,35796.92,2025-06-04T14:14:33Z,2026-05-09T00:28:33Z
497,24,442,sponsored,15,0.0284,38301.32,2025-08-11T23:29:17Z,2026-05-11T21:16:38Z
498,38,208,affiliate,80,0.0108,3587.95,2025-11-13T21:34:07Z,2026-05-06T11:55:26Z
499,22,401,ambassador,21,0.0514,21330.85,2025-10-18T21:15:27Z,2026-04-17T01:47:23Z
500,28,359,organic,10,0.0223,9339.13,2025-10-25T13:20:56Z,2026-04-17T07:14:14Z
502,32,410,sponsored,83,0.0748,47426.71,2026-02-02T00:09:14Z,2026-04-21T11:14:07Z
503,27,84,affiliate,74,0.1175,41780.97,2026-01-23T06:12:29Z,2026-04-18T21:43:27Z
504,9,129,ambassador,70,0.0382,33149.96,2026-01-22T18:27:11Z,2026-04-25T16:33:10Z
505,5,324,organic,4,0.0858,6399.95,2025-09-19T07:34:24Z,2026-04-26T19:58:37Z
506,30,202,organic,17,0.0882,14126.95,2026-03-21T20:46:44Z,2026-05-12T23:44:31Z
507,39,205,sponsored,11,0.1161,34850.6,2025-09-18T05:43:01Z,2026-04-27T21:08:55Z
508,29,164,affiliate,92,0.0487,38465.51,2025-10-04T05:16:27Z,2026-05-08T00:25:51Z
510,49,222,organic,15,0.0687,30979.04,2025-06-17T22:40:57Z,2026-05-05T22:33:18Z
512,48,157,sponsored,77,0.0351,28718.8,2025-10-21T09:56:43Z,2026-04-30T06:20:14Z
514,34,175,ambassador,4,0.0368,25968.94,2026-02-20T06:15:40Z,2026-05-04T11:52:26Z
515,2,1,organic,22,0.0265,21315.65,2025-10-24T23:47:52Z,2026-05-08T11:30:29Z
516,50,419,organic,48,0.0901,44479.71,2025-05-28T21:42:01Z,2026-05-04T17:36:09Z
517,19,452,sponsored,69,0.0865,40001.4,2026-02-06T06:37:23Z,2026-05-08T21:23:08Z
518,44,47,affiliate,37,0.0427,12434.6,2026-01-06T20:22:44Z,2026-04-22T12:24:34Z
519,17,73,ambassador,89,0.0863,46307.88,2025-12-19T10:05:08Z,2026-05-10T03:23:47Z
520,38,139,organic,39,0.0721,18632.11,2025-06-09T10:56:14Z,2026-05-08T17:30:38Z
521,25,404,organic,48,0.098,43550.36,2025-10-20T14:36:35Z,2026-05-02T04:49:59Z
522,8,117,sponsored,40,0.0531,12471.22,2025-09-02T18:16:48Z,2026-05-03T09:01:30Z
524,39,405,ambassador,83,0.0798,11824.62,2025-08-28T03:41:48Z,2026-04-15T01:55:57Z
526,49,437,organic,67,0.0544,26245.44,2026-03-13T23:45:08Z,2026-04-21T20:04:00Z
527,20,276,sponsored,3,0.0294,42260.77,2025-05-28T11:57:21Z,2026-04-28T10:42:12Z
528,47,223,affiliate,25,0.0267,37180.29,2025-05-15T13:54:24Z,2026-05-09T10:38:40Z
529,3,79,ambassador,74,0.0279,6433.24,2026-01-27T21:55:10Z,2026-04-29T20:12:59Z
530,13,12,organic,7,0.0336,27694.08,2026-04-11T14:06:37Z,2026-04-23T19:04:19Z
531,2,460,organic,47,0.0157,31110.8,2025-08-17T18:43:40Z,2026-04-14T17:34:27Z
532,34,390,sponsored,14,0.0292,6724.22,2026-02-07T16:44:11Z,2026-04-30T02:25:17Z
533,18,416,affiliate,43,0.0187,39453.06,2025-11-24T20:35:25Z,2026-05-09T14:08:41Z
534,1,441,ambassador,85,0.096,5717.86,2025-07-25T00:02:06Z,2026-04-25T02:20:36Z
535,6,17,organic,83,0.1059,44589.84,2025-05-22T23:14:38Z,2026-04-13T17:05:10Z
536,4,472,organic,11,0.0554,39300.68,2026-01-14T09:09:38Z,2026-05-06T09:21:41Z
537,15,461,sponsored,61,0.0627,3532.4,2025-06-21T23:42:27Z,2026-05-03T07:42:40Z
538,41,237,affiliate,34,0.0729,45089.7,2025-10-24T17:07:32Z,2026-04-19T03:36:47Z
539,3,126,ambassador,66,0.0911,37297.91,2025-07-24T00:42:29Z,2026-04-27T03:50:14Z
540,35,52,organic,17,0.0331,7718.69,2025-10-10T15:13:32Z,2026-04-20T12:00:03Z
541,32,342,organic,32,0.0192,17697.22,2025-08-10T16:25:10Z,2026-04-28T11:55:56Z
542,49,363,sponsored,12,0.112,13204,2025-05-29T12:29:42Z,2026-04-22T19:13:18Z
543,47,167,affiliate,68,0.1137,11373.04,2025-09-06T23:54:04Z,2026-04-19T00:40:56Z
544,36,440,ambassador,95,0.0617,18539.07,2025-11-30T21:01:44Z,2026-04-28T06:47:09Z
545,5,78,organic,25,0.0872,28861.69,2025-09-07T18:32:15Z,2026-04-16T12:39:16Z
547,27,302,sponsored,43,0.085,6302.78,2026-01-28T22:03:34Z,2026-04-24T14:10:48Z
548,17,401,affiliate,3,0.1048,22286.47,2025-08-15T17:29:16Z,2026-05-10T08:40:06Z
549,4,350,ambassador,59,0.059,44562.61,2025-08-08T13:24:02Z,2026-04-23T08:10:32Z
550,16,377,organic,82,0.0209,1346.66,2025-08-03T05:00:13Z,2026-04-19T06:46:46Z
552,2,87,sponsored,10,0.0874,10760.96,2025-10-18T22:51:00Z,2026-04-14T19:27:31Z
553,31,472,affiliate,80,0.0808,18083.27,2025-11-02T08:35:00Z,2026-05-04T23:55:40Z
555,33,89,organic,49,0.0884,41485.55,2025-10-11T16:22:02Z,2026-05-11T00:12:17Z
556,5,128,organic,25,0.0613,44780.84,2026-02-05T16:21:57Z,2026-04-20T07:49:59Z
557,47,57,sponsored,40,0.0644,35054.34,2025-11-06T02:52:57Z,2026-04-14T15:55:01Z
558,7,151,affiliate,38,0.1193,28227.73,2025-12-19T20:18:40Z,2026-05-08T22:37:33Z
559,16,355,ambassador,37,0.1098,20855.68,2025-06-24T13:35:18Z,2026-04-21T09:53:34Z
560,1,318,organic,78,0.0428,39312.53,2026-02-04T06:45:40Z,2026-05-11T07:50:20Z
561,43,2,organic,41,0.0418,29907.2,2025-08-28T19:34:43Z,2026-04-29T13:53:54Z
562,26,6,sponsored,52,0.1006,5398.85,2025-05-14T01:15:47Z,2026-04-24T09:15:18Z
563,38,407,affiliate,86,0.0245,13540.1,2025-11-14T20:29:38Z,2026-04-13T17:25:49Z
564,34,62,ambassador,20,0.1093,42260.45,2025-10-10T05:55:38Z,2026-05-06T15:48:53Z
566,46,29,organic,45,0.0182,17611.84,2025-09-01T06:59:48Z,2026-05-09T15:35:01Z
567,42,179,sponsored,54,0.0278,35087.44,2025-09-26T00:55:36Z,2026-05-09T06:16:32Z
568,46,113,affiliate,29,0.0609,16380.36,2026-01-13T10:14:32Z,2026-04-20T15:05:38Z
569,43,475,ambassador,51,0.0649,14086.19,2026-04-04T23:35:35Z,2026-05-11T09:02:18Z
570,25,438,organic,24,0.0114,2833.48,2026-03-14T19:34:38Z,2026-04-18T20:06:25Z
571,9,261,organic,26,0.0211,40546.14,2025-10-17T17:15:12Z,2026-04-18T06:09:47Z
572,42,391,sponsored,5,0.0938,39122.55,2025-10-23T19:28:47Z,2026-05-02T12:04:37Z
573,47,409,affiliate,32,0.0456,16828.57,2025-06-05T03:30:14Z,2026-05-01T07:08:39Z
574,18,236,ambassador,15,0.1022,28007.88,2025-12-11T09:20:33Z,2026-04-18T02:41:39Z
575,22,309,organic,98,0.107,6302.27,2025-12-02T02:14:48Z,2026-05-12T20:53:12Z
577,38,13,sponsored,86,0.0333,42895.25,2025-12-05T10:07:15Z,2026-04-19T03:33:58Z
578,12,86,affiliate,42,0.0537,28385.48,2025-05-26T09:57:26Z,2026-05-12T21:10:34Z
579,5,307,ambassador,94,0.0355,7987.18,2025-07-12T23:01:11Z,2026-04-22T04:22:29Z
580,47,214,organic,78,0.1005,16493.6,2025-09-02T16:36:18Z,2026-05-10T21:40:12Z
581,45,58,organic,93,0.0193,47912.94,2026-01-14T06:43:18Z,2026-04-26T20:23:35Z
582,17,259,sponsored,64,0.0967,27062.27,2026-01-16T08:38:58Z,2026-04-18T20:45:36Z
583,10,463,affiliate,90,0.0339,945.43,2025-05-26T00:36:05Z,2026-05-05T05:27:19Z
584,49,60,ambassador,86,0.1182,11791.3,2025-12-03T18:22:43Z,2026-04-26T06:37:52Z
585,18,259,organic,30,0.0929,25120.96,2025-08-07T21:16:53Z,2026-05-04T00:58:26Z
586,7,336,organic,94,0.1095,24417.15,2025-09-02T23:20:34Z,2026-04-17T00:58:55Z
587,9,101,sponsored,5,0.0492,38063.48,2025-09-22T03:54:28Z,2026-05-09T06:50:21Z
588,23,365,affiliate,10,0.0438,39268.74,2025-05-31T22:22:15Z,2026-04-17T00:58:05Z
589,18,159,ambassador,65,0.0446,39661.15,2025-07-03T14:19:30Z,2026-05-10T16:24:21Z
590,2,191,organic,10,0.0841,47125.93,2025-07-30T10:15:17Z,2026-05-10T08:22:06Z
591,22,277,organic,10,0.0302,8328.15,2025-12-26T05:15:51Z,2026-05-03T09:13:33Z
592,45,230,sponsored,12,0.086,6616.08,2025-09-01T23:41:10Z,2026-04-23T12:16:36Z
593,16,118,affiliate,63,0.1041,3250.41,2025-05-24T03:26:55Z,2026-04-30T00:18:46Z
594,24,391,ambassador,99,0.067,2613.71,2025-05-20T09:45:29Z,2026-04-18T05:57:10Z
595,8,402,organic,46,0.0311,8491.78,2026-01-25T04:12:53Z,2026-04-24T05:56:24Z
596,46,206,organic,64,0.0834,20628.84,2025-05-13T12:00:10Z,2026-05-12T02:22:51Z
597,23,159,sponsored,97,0.0216,4356.25,2025-08-14T01:40:40Z,2026-04-16T20:28:11Z
598,23,34,affiliate,12,0.056,28164,2026-03-11T15:01:19Z,2026-04-14T23:03:21Z
599,31,37,ambassador,3,0.0445,7014.42,2025-07-21T18:25:57Z,2026-05-11T04:56:32Z
600,32,174,organic,33,0.0145,4286.04,2026-01-01T08:13:53Z,2026-04-14T00:24:56Z
601,33,311,organic,90,0.0673,14527.84,2025-11-22T08:23:18Z,2026-04-25T23:01:44Z
602,45,354,sponsored,40,0.0656,2361.85,2025-05-27T05:16:46Z,2026-04-26T10:54:43Z
603,20,274,affiliate,14,0.0964,15435.13,2025-09-03T19:10:24Z,2026-05-06T17:49:58Z
604,28,214,ambassador,74,0.0155,17701.34,2025-12-09T12:03:58Z,2026-04-28T12:12:02Z
605,21,139,organic,9,0.0914,17783.73,2025-07-24T14:22:57Z,2026-04-14T04:42:23Z
606,18,268,organic,1,0.0591,40855.16,2025-12-16T16:21:09Z,2026-05-09T18:43:24Z
607,7,482,sponsored,87,0.0673,17480.84,2026-01-31T22:24:49Z,2026-04-30T17:18:09Z
608,34,487,affiliate,27,0.0809,36952.61,2025-08-15T02:04:19Z,2026-04-22T07:49:09Z
609,50,134,ambassador,2,0.0869,35312.63,2025-09-01T21:54:59Z,2026-04-24T17:19:10Z
610,4,93,organic,48,0.0547,25144.97,2025-10-06T01:25:30Z,2026-04-18T14:14:48Z
611,19,242,organic,90,0.0574,32154.77,2026-03-10T16:28:47Z,2026-05-11T00:14:15Z
612,40,469,sponsored,47,0.0119,18178.26,2025-08-01T18:22:38Z,2026-05-11T19:34:37Z
614,13,328,ambassador,7,0.1081,26953.7,2025-09-24T07:20:04Z,2026-04-27T13:25:42Z
615,25,218,organic,35,0.0896,35235.04,2025-12-24T03:25:06Z,2026-05-10T14:03:49Z
616,32,179,organic,72,0.0675,33718.09,2026-02-13T10:43:07Z,2026-05-13T07:25:35Z
617,32,382,sponsored,75,0.09,23650.72,2026-03-22T12:34:47Z,2026-04-30T21:39:36Z
618,13,231,affiliate,46,0.0929,11622.32,2025-06-17T00:28:59Z,2026-05-05T10:27:35Z
620,33,394,organic,12,0.1197,6211.38,2025-07-26T19:32:46Z,2026-04-27T01:55:56Z
621,25,304,organic,35,0.0862,38412.74,2025-07-16T05:00:01Z,2026-04-14T01:45:05Z
622,8,67,sponsored,31,0.0962,3529.82,2025-05-16T03:43:59Z,2026-05-06T06:38:35Z
623,34,121,affiliate,98,0.0909,41783.73,2026-03-26T11:20:16Z,2026-04-20T13:38:03Z
624,46,76,ambassador,4,0.0466,48919.42,2026-03-06T01:31:45Z,2026-04-24T09:59:59Z
625,46,261,organic,27,0.1149,34187.23,2025-08-01T01:46:35Z,2026-04-15T07:24:46Z
626,12,135,organic,73,0.051,1575.41,2025-10-02T21:17:03Z,2026-04-18T23:53:24Z
627,29,468,sponsored,37,0.0343,33642.2,2025-10-29T01:43:01Z,2026-05-01T14:16:40Z
628,32,81,affiliate,76,0.0136,46537.06,2025-10-02T21:09:55Z,2026-04-19T00:15:36Z
629,30,226,ambassador,33,0.0837,16972.3,2026-01-19T18:30:18Z,2026-05-10T14:31:13Z
630,41,35,organic,72,0.044,13241.72,2025-05-23T19:50:46Z,2026-05-11T22:40:44Z
631,14,277,organic,55,0.0554,238.92,2026-03-01T23:15:03Z,2026-05-09T13:00:14Z
632,42,259,sponsored,72,0.0778,13957.19,2025-12-03T03:30:31Z,2026-04-15T09:11:43Z
633,24,416,affiliate,76,0.0409,11098.09,2026-01-15T14:12:23Z,2026-04-16T03:49:27Z
634,31,482,ambassador,47,0.1035,32290.05,2025-10-16T13:37:53Z,2026-04-16T19:43:08Z
635,11,165,organic,27,0.1144,3019.18,2025-06-01T14:19:52Z,2026-05-11T21:12:47Z
636,9,435,organic,16,0.0932,5082.81,2025-10-14T11:01:07Z,2026-05-07T00:17:02Z
637,37,353,sponsored,60,0.098,4808.24,2025-06-29T07:28:20Z,2026-05-10T10:27:27Z
638,15,483,affiliate,22,0.1065,47486.13,2025-10-22T21:28:29Z,2026-05-09T14:50:36Z
639,11,41,ambassador,30,0.0343,23045.31,2025-12-01T00:19:33Z,2026-04-20T03:57:15Z
640,30,329,organic,67,0.0593,13863.06,2026-03-12T07:41:02Z,2026-05-06T21:32:11Z
641,48,151,organic,49,0.1157,48971.63,2025-10-23T18:44:32Z,2026-05-01T00:46:54Z
642,4,161,sponsored,94,0.1133,25802.77,2026-03-09T15:53:07Z,2026-05-10T14:35:11Z
643,15,386,affiliate,8,0.0397,1274.42,2025-12-17T04:41:40Z,2026-05-01T16:48:05Z
644,18,275,ambassador,53,0.0858,10487.07,2025-06-22T10:18:21Z,2026-05-07T18:48:47Z
645,50,344,organic,2,0.0149,8333.11,2025-09-26T18:47:30Z,2026-05-05T18:59:04Z
646,49,359,organic,29,0.0129,42056.04,2026-03-19T02:21:53Z,2026-05-08T22:53:06Z
648,35,9,affiliate,84,0.0786,32778.44,2025-08-05T17:23:40Z,2026-04-24T07:04:49Z
649,26,184,ambassador,15,0.1171,10605.23,2025-11-20T11:02:54Z,2026-05-09T18:28:59Z
650,25,267,organic,20,0.0625,41675.79,2025-12-06T00:28:26Z,2026-05-04T02:09:20Z
651,32,75,organic,42,0.0787,37633.03,2025-08-20T09:20:06Z,2026-05-10T16:10:11Z
652,38,188,sponsored,55,0.1095,44885.88,2026-04-04T13:23:49Z,2026-04-24T20:45:13Z
653,18,376,affiliate,68,0.0851,48362.38,2025-11-29T15:06:54Z,2026-04-15T08:10:37Z
654,48,354,ambassador,15,0.0467,30883.17,2025-12-20T01:29:04Z,2026-05-11T02:44:06Z
655,12,343,organic,6,0.0989,67.21,2026-01-10T23:20:40Z,2026-05-03T19:51:42Z
656,39,267,organic,71,0.0538,6493.18,2026-02-10T22:30:10Z,2026-04-30T18:32:08Z
657,14,86,sponsored,59,0.0724,9757.6,2025-07-18T11:35:14Z,2026-05-08T03:11:02Z
658,26,293,affiliate,41,0.0953,5140.99,2025-11-10T18:11:46Z,2026-04-14T15:07:18Z
659,39,374,ambassador,70,0.1188,20101.11,2026-02-23T06:31:24Z,2026-04-26T21:47:24Z
660,20,404,organic,23,0.0834,28493.39,2025-12-22T21:02:15Z,2026-04-20T19:33:27Z
661,45,425,organic,11,0.0363,28856.65,2025-10-18T14:40:28Z,2026-04-28T03:05:21Z
662,46,467,sponsored,51,0.024,46823.69,2025-10-31T07:41:19Z,2026-05-13T01:24:00Z
663,41,253,affiliate,76,0.0947,1791.36,2026-04-06T15:20:15Z,2026-04-20T15:29:45Z
664,48,423,ambassador,94,0.0664,289.16,2025-09-09T04:27:45Z,2026-04-15T05:18:11Z
665,38,455,organic,32,0.02,33386.21,2026-01-09T13:05:36Z,2026-04-20T22:47:26Z
666,9,463,organic,29,0.0119,20471.87,2025-11-07T06:01:45Z,2026-04-16T12:54:03Z
667,35,94,sponsored,1,0.0323,33041.69,2025-12-28T03:47:01Z,2026-05-08T19:42:08Z
668,43,121,affiliate,43,0.0667,9719.74,2025-08-21T13:53:44Z,2026-05-01T04:00:25Z
669,44,369,ambassador,18,0.0454,22641.21,2025-07-09T09:00:45Z,2026-05-13T06:05:11Z
670,31,388,organic,87,0.022,21543.99,2026-01-04T02:16:18Z,2026-04-18T20:58:31Z
671,47,117,organic,66,0.0905,10542.34,2025-08-02T00:00:26Z,2026-05-08T23:24:36Z
672,27,131,sponsored,66,0.105,44493.18,2025-12-11T19:32:14Z,2026-05-05T14:36:53Z
673,6,11,affiliate,50,0.0692,1496.82,2025-06-06T16:12:30Z,2026-04-28T14:05:09Z
674,20,57,ambassador,3,0.0131,12957.03,2025-07-28T23:46:19Z,2026-04-19T06:08:19Z
675,32,146,organic,2,0.0743,27671.09,2025-07-13T03:20:18Z,2026-04-25T16:47:54Z
676,23,92,organic,66,0.0888,48299.76,2026-03-19T16:37:29Z,2026-04-21T08:52:59Z
677,32,268,sponsored,58,0.073,42576.87,2025-10-26T15:47:40Z,2026-05-08T16:48:20Z
678,41,395,affiliate,60,0.1007,20558.85,2025-07-05T19:37:47Z,2026-04-14T20:43:11Z
679,25,215,ambassador,54,0.1016,2826.71,2026-02-16T03:23:39Z,2026-05-10T04:58:58Z
680,41,238,organic,45,0.048,27586.57,2025-06-08T03:45:51Z,2026-04-18T07:47:28Z
681,50,282,organic,28,0.0837,23621.42,2026-03-18T23:37:09Z,2026-04-14T10:10:34Z
682,49,259,sponsored,19,0.0187,28731.92,2025-11-27T17:59:09Z,2026-04-30T00:29:53Z
683,36,423,affiliate,54,0.0154,12794.44,2026-03-01T15:42:57Z,2026-05-04T18:43:38Z
684,13,409,ambassador,82,0.0963,27910.08,2026-02-09T03:30:33Z,2026-04-13T20:48:30Z
686,14,334,organic,79,0.0515,18351.71,2026-02-26T16:51:44Z,2026-04-26T04:11:41Z
687,1,465,sponsored,28,0.0941,1435.2,2025-09-10T02:41:04Z,2026-04-17T09:24:18Z
688,38,286,affiliate,63,0.0973,37711.82,2025-09-04T10:54:40Z,2026-04-20T05:58:37Z
689,7,227,ambassador,65,0.0726,29042.75,2025-12-08T21:53:33Z,2026-04-19T05:57:17Z
690,31,302,organic,57,0.1035,4332.97,2026-01-23T22:32:04Z,2026-05-10T20:06:36Z
691,12,331,organic,62,0.0394,3643.96,2025-10-05T16:56:07Z,2026-05-13T04:41:32Z
692,43,229,sponsored,65,0.0428,38533.86,2025-09-18T13:05:02Z,2026-04-16T16:33:49Z
693,13,34,affiliate,61,0.0327,44601.02,2026-02-24T05:48:33Z,2026-04-18T01:38:39Z
694,13,82,ambassador,19,0.1167,37570.8,2026-02-24T11:34:02Z,2026-04-17T13:05:55Z
695,2,254,organic,85,0.0382,15753.7,2025-10-31T01:50:53Z,2026-05-13T04:03:22Z
697,12,134,sponsored,46,0.1024,22131.36,2025-11-24T21:10:45Z,2026-04-19T03:15:35Z
698,26,350,affiliate,69,0.0481,20139.22,2026-01-13T10:58:41Z,2026-05-07T11:44:33Z
699,22,377,ambassador,13,0.0215,4107.59,2025-06-30T02:17:56Z,2026-05-09T22:06:10Z
700,40,70,organic,31,0.0568,40827.38,2025-08-24T15:43:28Z,2026-04-17T05:05:47Z
701,10,18,organic,63,0.0237,20778.77,2026-01-01T10:49:22Z,2026-05-10T10:05:33Z
702,31,295,sponsored,78,0.0384,42771.67,2025-10-08T18:37:35Z,2026-05-02T01:33:22Z
703,46,59,affiliate,45,0.0913,12845.42,2026-02-26T05:43:10Z,2026-04-20T14:58:45Z
704,15,324,ambassador,73,0.1098,28294.85,2025-08-09T23:55:30Z,2026-04-23T16:03:06Z
705,5,75,organic,71,0.08,22565.22,2025-11-15T10:04:41Z,2026-04-24T11:02:16Z
706,7,491,organic,45,0.0112,43390.62,2025-05-21T10:43:56Z,2026-04-22T22:37:11Z
707,32,338,sponsored,48,0.0101,48834.6,2025-10-04T10:18:43Z,2026-04-27T19:23:12Z
708,20,219,affiliate,19,0.0208,17531.08,2025-09-23T05:20:28Z,2026-05-10T09:28:19Z
709,31,183,ambassador,78,0.0654,22790.88,2025-07-15T02:03:46Z,2026-05-06T01:47:49Z
710,3,110,organic,89,0.1182,27823.24,2025-07-11T08:48:43Z,2026-04-15T12:29:25Z
711,50,212,organic,42,0.1067,41237.64,2026-01-22T04:34:00Z,2026-05-04T22:46:48Z
712,32,148,sponsored,43,0.1162,8995.14,2025-07-05T00:50:44Z,2026-05-07T19:50:34Z
713,26,156,affiliate,73,0.0157,40796.67,2025-11-25T14:48:00Z,2026-04-24T10:53:05Z
714,23,128,ambassador,26,0.111,9971.19,2025-10-03T16:38:44Z,2026-04-25T06:05:52Z
715,13,151,organic,93,0.116,49995.29,2025-06-02T02:53:26Z,2026-05-05T01:47:02Z
716,14,210,organic,38,0.1185,45197.14,2025-10-18T17:52:19Z,2026-04-26T10:30:00Z
717,28,308,sponsored,69,0.1154,6486.42,2025-05-19T16:29:56Z,2026-05-10T07:56:31Z
718,2,150,affiliate,61,0.0113,4138.52,2026-02-10T09:47:25Z,2026-04-16T06:01:44Z
719,32,488,ambassador,48,0.0175,27469.57,2026-02-01T05:48:24Z,2026-04-25T10:30:10Z
720,16,181,organic,25,0.0594,13512.26,2025-10-05T20:33:54Z,2026-04-28T18:18:19Z
721,12,130,organic,62,0.0504,1993.74,2025-12-26T14:06:16Z,2026-05-01T00:24:37Z
722,20,117,sponsored,3,0.0363,43832.59,2026-01-29T13:45:31Z,2026-05-05T18:12:09Z
724,49,291,ambassador,58,0.0325,44769.41,2025-07-16T12:51:04Z,2026-05-13T09:45:24Z
725,45,126,organic,45,0.0486,12269.78,2025-08-15T02:14:55Z,2026-05-01T05:13:53Z
726,18,461,organic,43,0.0618,21089.43,2025-06-07T02:23:48Z,2026-04-17T08:51:02Z
727,44,346,sponsored,32,0.1133,16397.74,2025-11-07T16:09:48Z,2026-04-15T12:36:57Z
728,16,3,affiliate,78,0.0372,7900.67,2026-03-19T19:38:42Z,2026-04-30T15:48:41Z
729,8,210,ambassador,37,0.1129,28884.07,2025-06-29T13:54:00Z,2026-04-21T05:45:06Z
730,25,365,organic,64,0.0343,7874.72,2025-08-28T16:46:04Z,2026-04-17T13:55:00Z
731,27,391,organic,50,0.0985,23299.73,2025-09-04T04:04:13Z,2026-04-15T22:25:10Z
732,47,27,sponsored,14,0.0318,40657.07,2025-07-23T23:42:15Z,2026-05-09T03:00:54Z
733,21,256,affiliate,77,0.0545,7332.84,2025-07-28T06:56:29Z,2026-05-05T00:16:22Z
734,26,140,ambassador,21,0.1094,33383.49,2025-10-23T11:57:31Z,2026-05-10T16:20:41Z
735,44,2,organic,80,0.1052,13148.89,2025-11-21T11:49:24Z,2026-05-10T04:38:32Z
736,24,220,organic,17,0.0186,6323,2025-10-08T05:43:56Z,2026-05-02T16:25:17Z
737,12,76,sponsored,8,0.1191,18936.07,2025-10-23T01:16:15Z,2026-04-16T19:09:50Z
738,45,206,affiliate,50,0.0839,48181.66,2026-03-20T13:08:02Z,2026-04-30T04:09:36Z
739,24,6,ambassador,89,0.0461,33166.2,2025-08-16T13:46:51Z,2026-04-19T20:20:07Z
740,16,276,organic,31,0.0412,11649.6,2026-01-01T00:48:08Z,2026-04-28T15:35:15Z
741,33,165,organic,76,0.0525,46347.1,2025-12-14T08:14:05Z,2026-04-28T05:17:35Z
742,34,356,sponsored,79,0.0711,46590.54,2025-09-27T04:02:41Z,2026-04-27T09:18:40Z
743,49,428,affiliate,31,0.0898,21847.36,2026-04-12T11:46:54Z,2026-04-19T11:01:25Z
744,6,432,ambassador,86,0.0587,5951.85,2025-09-03T09:56:08Z,2026-04-27T17:09:10Z
745,20,189,organic,48,0.0127,42436.18,2025-09-07T20:16:05Z,2026-05-05T04:26:30Z
746,18,422,organic,18,0.0789,39798.82,2026-01-25T15:36:03Z,2026-05-12T20:31:02Z
747,48,240,sponsored,86,0.0793,29362.19,2026-03-13T15:18:43Z,2026-05-12T03:44:00Z
748,50,152,affiliate,9,0.0477,9216.83,2025-12-15T07:14:31Z,2026-05-10T18:07:00Z
749,23,209,ambassador,91,0.0445,37124.13,2025-05-16T19:47:58Z,2026-04-22T18:56:41Z
750,29,217,organic,83,0.0405,22549.61,2025-08-17T16:32:08Z,2026-04-25T15:00:35Z
751,34,265,organic,74,0.0517,24502.58,2025-09-04T06:13:45Z,2026-04-21T05:07:56Z
752,24,470,sponsored,48,0.0228,48529.25,2025-09-22T16:09:24Z,2026-04-21T12:38:33Z
753,29,412,affiliate,12,0.0432,3727.05,2026-02-10T23:16:16Z,2026-04-23T15:21:52Z
754,31,83,ambassador,32,0.0506,33624.18,2025-07-03T05:20:32Z,2026-05-06T19:45:19Z
755,47,283,organic,23,0.038,31521.38,2025-07-24T02:09:58Z,2026-05-02T02:50:48Z
756,40,365,organic,9,0.0815,15547.57,2025-10-03T12:48:18Z,2026-04-26T07:44:01Z
757,20,253,sponsored,5,0.0442,41443.1,2025-07-19T05:39:05Z,2026-04-17T03:29:34Z
758,26,7,affiliate,93,0.0158,44047.81,2025-06-13T18:31:36Z,2026-05-12T07:22:08Z
759,11,291,ambassador,60,0.0571,11728.17,2025-05-25T23:15:59Z,2026-04-21T19:02:55Z
760,30,133,organic,49,0.0945,17368.05,2025-07-15T07:25:19Z,2026-05-06T20:20:12Z
761,8,337,organic,87,0.0617,34892.31,2025-08-21T07:35:48Z,2026-04-16T00:44:43Z
762,50,57,sponsored,25,0.0306,43077.98,2026-02-20T04:21:30Z,2026-04-13T16:17:53Z
763,23,64,affiliate,29,0.1026,18929.09,2025-05-21T18:58:35Z,2026-05-06T14:52:23Z
764,49,23,ambassador,37,0.1086,42153.67,2026-03-23T13:31:27Z,2026-05-08T11:34:41Z
765,44,420,organic,53,0.1177,24323.54,2025-08-06T03:50:14Z,2026-04-13T20:31:50Z
766,36,314,organic,96,0.1066,1024.18,2026-01-09T01:23:57Z,2026-05-01T10:56:23Z
767,23,371,sponsored,42,0.0859,4577.33,2026-04-09T10:58:01Z,2026-04-30T14:09:11Z
768,33,230,affiliate,99,0.0457,42878.41,2025-09-27T21:42:30Z,2026-05-12T00:07:47Z
769,27,459,ambassador,63,0.0716,27840.41,2025-11-16T06:16:25Z,2026-04-14T03:02:09Z
770,31,488,organic,18,0.073,39701.93,2025-05-28T01:02:23Z,2026-05-03T09:40:04Z
771,8,282,organic,24,0.1016,36475.52,2025-09-09T02:34:06Z,2026-04-23T09:48:55Z
772,7,188,sponsored,33,0.0641,26493.27,2026-02-19T02:41:35Z,2026-05-07T19:58:06Z
773,36,59,affiliate,3,0.0117,34039.73,2025-09-17T20:26:04Z,2026-05-05T06:53:24Z
774,10,201,ambassador,85,0.0783,13678.08,2025-10-04T03:14:56Z,2026-05-12T14:33:14Z
775,28,185,organic,3,0.0365,29236.08,2025-09-01T21:07:32Z,2026-04-28T23:04:43Z
776,10,315,organic,99,0.1194,48610.03,2025-12-10T03:47:34Z,2026-05-12T18:42:31Z
777,24,390,sponsored,74,0.0396,28071.22,2026-04-12T19:40:47Z,2026-04-24T22:15:05Z
778,34,389,affiliate,84,0.1188,18192.95,2026-02-09T11:46:31Z,2026-04-20T07:00:13Z
780,49,487,organic,97,0.09,39982.08,2026-02-13T05:15:18Z,2026-04-22T04:44:44Z
781,5,195,organic,4,0.0259,20655.97,2026-04-07T22:46:46Z,2026-04-29T11:29:02Z
782,49,421,sponsored,24,0.1141,18153.06,2025-06-25T21:49:58Z,2026-04-27T06:47:10Z
783,37,104,affiliate,2,0.0574,23907.5,2025-12-20T03:48:24Z,2026-04-29T03:39:29Z
784,34,335,ambassador,37,0.1134,18112.7,2025-05-15T05:40:50Z,2026-05-07T16:32:45Z
785,30,453,organic,97,0.0818,19916.25,2025-09-06T19:15:22Z,2026-04-18T21:28:19Z
786,11,423,organic,45,0.0466,2192.24,2026-04-10T19:49:56Z,2026-04-19T15:02:10Z
787,9,359,sponsored,81,0.0937,45072.91,2025-12-03T21:27:48Z,2026-05-01T10:51:26Z
788,24,155,affiliate,21,0.0608,42881.29,2026-03-17T19:07:03Z,2026-05-12T11:32:21Z
789,38,16,ambassador,34,0.0107,46927.3,2025-11-16T17:35:13Z,2026-04-24T18:08:16Z
790,13,437,organic,76,0.0725,36491.65,2025-05-16T11:03:30Z,2026-05-11T05:43:19Z
791,13,10,organic,23,0.0817,3532.65,2026-01-05T23:20:06Z,2026-04-30T17:24:47Z
792,30,375,sponsored,34,0.1015,15457.29,2025-12-02T18:52:06Z,2026-05-11T18:25:07Z
793,39,28,affiliate,68,0.0273,34179.51,2026-02-21T09:40:52Z,2026-05-07T01:31:44Z
794,40,440,ambassador,95,0.0428,44869.85,2025-10-09T02:05:46Z,2026-04-21T03:24:46Z
797,18,358,sponsored,7,0.089,24836.63,2026-01-01T01:11:56Z,2026-05-01T01:32:37Z
798,29,450,affiliate,78,0.0681,44252.86,2026-04-04T08:58:10Z,2026-04-26T19:24:59Z
799,46,384,ambassador,40,0.0683,4868.81,2026-01-17T15:14:50Z,2026-04-21T05:44:36Z
800,9,472,organic,95,0.0864,44300.21,2025-06-02T19:46:48Z,2026-05-06T19:29:52Z
801,45,26,organic,75,0.0126,44013.22,2026-01-12T02:30:52Z,2026-04-27T21:50:03Z
802,20,128,sponsored,71,0.0618,23593.38,2025-10-20T12:42:35Z,2026-04-13T18:49:11Z
803,35,423,affiliate,71,0.0458,20133.9,2025-10-22T13:29:39Z,2026-04-15T22:46:24Z
804,30,69,ambassador,18,0.0114,16485.72,2025-10-13T04:26:20Z,2026-05-12T08:55:36Z
806,40,26,organic,5,0.0404,14356.61,2026-01-15T07:00:06Z,2026-05-01T18:52:15Z
807,13,450,sponsored,52,0.0968,5813.23,2025-11-14T00:19:35Z,2026-04-28T12:13:33Z
808,19,231,affiliate,61,0.0624,3971.71,2025-11-30T18:32:23Z,2026-04-16T02:49:58Z
809,20,144,ambassador,6,0.0644,13632.15,2025-11-11T23:54:32Z,2026-04-19T20:38:47Z
810,31,427,organic,7,0.0395,28718.66,2026-04-02T14:47:23Z,2026-04-14T09:11:55Z
811,8,478,organic,71,0.082,21616.8,2025-11-19T08:58:24Z,2026-05-02T00:38:00Z
812,13,309,sponsored,51,0.0862,664.43,2025-09-09T13:28:13Z,2026-05-10T16:40:04Z
813,4,166,affiliate,31,0.0915,22544.97,2025-09-05T20:28:48Z,2026-05-04T16:51:41Z
815,25,270,organic,75,0.039,21096.17,2026-02-02T02:56:37Z,2026-05-12T20:50:52Z
816,46,21,organic,85,0.047,1343.93,2025-11-24T03:08:23Z,2026-05-11T03:23:59Z
817,16,346,sponsored,58,0.0487,39609.71,2026-03-14T16:20:24Z,2026-05-02T14:59:57Z
818,16,356,affiliate,56,0.1089,26594.84,2026-04-03T21:02:33Z,2026-05-11T19:38:22Z
819,6,83,ambassador,18,0.1115,49137.75,2026-02-26T21:04:03Z,2026-04-27T19:14:09Z
820,3,353,organic,71,0.1106,34350.45,2025-05-31T08:45:26Z,2026-04-30T22:35:27Z
821,19,355,organic,81,0.0931,17902.94,2025-06-24T06:53:00Z,2026-04-23T02:16:11Z
822,15,74,sponsored,27,0.0597,8913.1,2026-03-18T07:44:41Z,2026-05-01T16:56:39Z
823,5,386,affiliate,32,0.068,18905.59,2026-02-07T21:44:17Z,2026-04-18T15:59:54Z
824,2,487,ambassador,85,0.0184,6879.33,2025-07-23T21:11:19Z,2026-05-06T19:28:33Z
825,20,261,organic,77,0.0272,40562.92,2026-02-13T10:49:10Z,2026-05-11T03:19:51Z
826,5,213,organic,58,0.1006,8905.96,2025-12-27T19:36:57Z,2026-04-26T16:59:30Z
828,5,444,affiliate,74,0.0884,46911.24,2026-01-12T07:29:43Z,2026-04-30T04:23:36Z
830,49,217,organic,53,0.0385,25545.05,2025-05-24T14:09:24Z,2026-04-16T05:52:35Z
831,49,312,organic,9,0.0897,22247.29,2026-02-26T04:43:25Z,2026-05-10T17:05:21Z
832,46,341,sponsored,65,0.0358,34512.64,2025-05-26T22:18:33Z,2026-05-10T08:17:26Z
833,24,20,affiliate,60,0.0838,38958.02,2026-03-27T03:58:42Z,2026-04-18T13:00:40Z
834,42,11,ambassador,27,0.0253,37966.66,2026-03-16T05:08:41Z,2026-04-25T05:30:24Z
835,39,138,organic,97,0.1072,23587.37,2025-09-04T04:53:25Z,2026-04-18T18:14:52Z
836,18,431,organic,80,0.1036,48258.68,2026-03-12T18:58:08Z,2026-05-10T13:40:37Z
837,15,460,sponsored,85,0.1063,24231.25,2026-03-29T05:11:24Z,2026-04-24T10:34:40Z
838,12,285,affiliate,9,0.0485,49403.35,2026-02-12T23:18:55Z,2026-05-10T08:18:33Z
839,20,83,ambassador,33,0.0329,20888.25,2026-03-24T08:36:12Z,2026-04-19T12:16:24Z
840,9,155,organic,6,0.0143,41865.19,2025-06-14T09:45:48Z,2026-05-03T19:12:25Z
841,1,340,organic,76,0.018,49345.24,2025-08-29T00:31:57Z,2026-04-21T23:12:08Z
843,14,73,affiliate,98,0.1053,41402.38,2026-02-21T09:19:50Z,2026-04-26T16:55:41Z
844,15,424,ambassador,65,0.0243,20410.54,2026-02-21T21:13:16Z,2026-05-03T10:37:18Z
845,39,371,organic,20,0.0638,36845.67,2025-11-30T23:33:20Z,2026-05-04T14:56:37Z
846,29,377,organic,7,0.0644,24736.22,2025-06-24T19:28:10Z,2026-05-02T04:40:39Z
847,42,13,sponsored,32,0.0854,10361.26,2025-07-25T05:36:41Z,2026-05-12T11:34:09Z
848,8,103,affiliate,59,0.0246,38334.78,2025-05-24T04:43:06Z,2026-05-09T08:35:44Z
849,5,451,ambassador,41,0.0936,21655.76,2025-06-12T08:32:58Z,2026-04-13T13:00:55Z
850,3,84,organic,27,0.0352,23071.6,2026-02-12T16:48:05Z,2026-04-20T13:10:09Z
851,33,422,organic,24,0.0825,8864.89,2025-06-23T03:12:17Z,2026-04-13T23:26:49Z
852,4,212,sponsored,16,0.0705,17964.78,2025-06-06T14:06:09Z,2026-04-16T05:53:10Z
853,27,81,affiliate,62,0.102,15756.05,2025-08-22T16:24:38Z,2026-05-03T15:28:54Z
854,11,479,ambassador,49,0.0704,2152.21,2025-09-08T21:14:26Z,2026-05-11T14:48:10Z
856,20,233,organic,12,0.102,19895.61,2026-01-04T05:06:59Z,2026-04-23T21:55:33Z
857,14,164,sponsored,66,0.115,3713.06,2025-09-17T16:12:37Z,2026-04-16T16:22:36Z
858,25,477,affiliate,55,0.0828,7684.31,2026-01-19T02:00:57Z,2026-05-07T16:16:44Z
859,46,436,ambassador,72,0.083,18915.45,2025-11-20T18:43:10Z,2026-04-15T20:19:00Z
861,29,453,organic,49,0.075,1515.75,2025-05-16T13:33:19Z,2026-05-08T18:40:16Z
862,3,54,sponsored,44,0.0681,30827.9,2025-09-19T16:04:46Z,2026-05-08T23:12:17Z
863,33,344,affiliate,4,0.0699,7835.35,2025-10-21T10:06:36Z,2026-05-11T22:10:56Z
864,43,267,ambassador,75,0.0617,36390.75,2026-04-13T04:18:09Z,2026-05-12T18:33:49Z
865,37,337,organic,31,0.0799,27037.22,2025-12-07T23:13:04Z,2026-05-11T03:06:50Z
866,1,268,organic,81,0.0324,18075.87,2025-09-14T01:40:06Z,2026-04-30T12:01:37Z
867,26,164,sponsored,81,0.0135,6406.43,2025-05-27T02:33:41Z,2026-04-24T21:47:07Z
868,30,428,affiliate,79,0.038,28091.41,2026-03-06T20:49:21Z,2026-05-12T11:02:01Z
869,33,240,ambassador,61,0.0941,33748.17,2025-11-08T09:30:32Z,2026-04-22T20:14:01Z
870,33,402,organic,60,0.0779,7956.27,2025-05-25T10:24:18Z,2026-04-17T16:48:46Z
871,4,330,organic,97,0.0825,42606.79,2025-06-28T20:54:36Z,2026-04-16T21:11:12Z
872,34,351,sponsored,9,0.0448,43544.2,2025-07-14T03:06:27Z,2026-04-13T17:57:27Z
873,13,208,affiliate,67,0.0308,43233.33,2025-08-25T18:54:31Z,2026-04-20T10:46:45Z
874,11,139,ambassador,89,0.0113,22406.79,2026-04-02T00:09:45Z,2026-05-09T19:37:30Z
875,25,381,organic,88,0.0308,31516.56,2025-09-27T05:52:27Z,2026-05-05T23:26:33Z
876,37,323,organic,14,0.0356,41303.31,2026-03-04T17:28:05Z,2026-04-14T11:14:50Z
877,18,211,sponsored,75,0.1113,44455.46,2025-12-16T03:33:00Z,2026-04-18T05:12:16Z
878,35,144,affiliate,38,0.0517,12292.2,2025-08-06T12:49:57Z,2026-05-11T05:17:18Z
879,6,5,ambassador,78,0.0478,31861.08,2025-07-28T10:33:27Z,2026-04-17T14:49:48Z
880,18,334,organic,56,0.0753,23581.8,2026-03-01T19:42:48Z,2026-04-29T01:08:37Z
881,13,386,organic,16,0.0345,5831.04,2025-10-21T14:18:37Z,2026-05-09T04:13:07Z
882,9,119,sponsored,85,0.0243,16311.27,2025-10-27T04:34:02Z,2026-04-17T06:43:49Z
883,2,312,affiliate,26,0.0925,30019.55,2026-04-04T10:19:21Z,2026-05-11T10:02:28Z
884,15,448,ambassador,10,0.0287,39839.46,2025-10-18T07:20:43Z,2026-04-14T20:51:55Z
885,45,433,organic,40,0.0252,6947.52,2025-05-15T12:58:48Z,2026-04-16T06:25:36Z
886,21,443,organic,52,0.0558,49392.5,2025-06-07T14:38:57Z,2026-05-05T22:14:02Z
887,17,139,sponsored,22,0.0825,20388.19,2026-03-03T15:18:27Z,2026-05-10T14:07:43Z
888,14,291,affiliate,66,0.0941,1929.88,2025-10-04T03:27:11Z,2026-04-30T19:31:14Z
889,30,336,ambassador,18,0.0118,19973.99,2025-10-14T04:05:31Z,2026-05-04T03:02:23Z
890,20,416,organic,4,0.0909,20170.93,2025-12-03T09:01:09Z,2026-04-30T06:08:21Z
891,32,92,organic,99,0.1129,15400.17,2026-01-09T03:44:14Z,2026-04-14T20:19:37Z
892,16,106,sponsored,27,0.0183,5972.43,2025-09-20T18:06:45Z,2026-04-23T11:20:01Z
893,46,477,affiliate,56,0.0894,33809.67,2026-03-18T00:04:37Z,2026-04-30T15:37:54Z
894,16,31,ambassador,72,0.0506,38510.94,2026-01-08T04:42:39Z,2026-05-11T07:20:21Z
896,45,462,organic,71,0.0494,39243.41,2025-08-27T04:12:05Z,2026-04-23T15:53:28Z
897,41,386,sponsored,68,0.0451,25592.38,2025-06-26T16:14:45Z,2026-05-10T07:58:01Z
898,27,56,affiliate,16,0.0875,22616.97,2026-02-17T06:45:53Z,2026-04-13T16:04:00Z
899,48,140,ambassador,1,0.1192,44374.47,2026-03-27T19:48:06Z,2026-05-02T22:07:59Z
900,27,176,organic,29,0.012,27592.15,2025-12-06T15:32:50Z,2026-05-05T02:20:12Z
901,38,120,organic,38,0.0626,43192.06,2026-03-08T19:15:55Z,2026-04-24T19:48:28Z
902,29,292,sponsored,47,0.0421,19891.57,2026-01-26T05:17:19Z,2026-05-01T17:53:38Z
903,3,129,affiliate,3,0.0392,18823.27,2026-01-29T18:44:14Z,2026-04-16T16:00:31Z
904,42,377,ambassador,71,0.0438,2091.6,2025-05-30T20:15:56Z,2026-04-18T19:15:00Z
905,17,31,organic,59,0.0394,5528.82,2025-11-02T18:38:19Z,2026-04-13T09:56:21Z
906,49,131,organic,33,0.0128,37926.4,2025-11-09T10:02:05Z,2026-05-05T22:39:16Z
907,35,116,sponsored,38,0.1141,15574.64,2025-12-10T01:07:54Z,2026-04-19T18:33:52Z
908,37,251,affiliate,91,0.0518,7384.61,2025-05-18T14:44:33Z,2026-05-11T12:28:56Z
909,15,161,ambassador,30,0.0321,8434.45,2026-01-31T07:17:29Z,2026-04-18T04:35:39Z
910,36,469,organic,29,0.0513,24850.11,2025-08-17T17:55:31Z,2026-05-10T21:26:44Z
911,2,238,organic,51,0.0163,22789.41,2026-01-12T00:21:17Z,2026-04-20T04:15:47Z
912,4,39,sponsored,10,0.0953,22872.93,2025-08-11T21:34:38Z,2026-04-21T21:29:29Z
913,11,285,affiliate,33,0.0535,40517.45,2026-01-03T11:41:23Z,2026-05-08T01:33:00Z
914,22,265,ambassador,86,0.0609,20823.94,2025-10-14T07:52:44Z,2026-05-11T17:10:43Z
915,37,47,organic,3,0.0465,42777.61,2026-01-02T04:26:52Z,2026-04-19T15:50:16Z
916,49,90,organic,16,0.0348,3154.6,2026-02-19T10:42:39Z,2026-05-11T14:20:06Z
917,40,14,sponsored,91,0.0517,39773.93,2026-02-15T02:01:23Z,2026-05-10T10:03:30Z
918,39,290,affiliate,55,0.1126,12565.03,2025-05-30T05:10:01Z,2026-04-28T21:38:18Z
919,46,27,ambassador,12,0.0308,18332.8,2025-07-17T23:59:06Z,2026-05-01T02:45:17Z
922,17,19,sponsored,56,0.0299,6525.57,2025-09-21T02:17:37Z,2026-04-23T10:49:08Z
923,18,482,affiliate,81,0.0932,17850.2,2025-06-13T23:48:05Z,2026-05-08T18:52:54Z
924,28,471,ambassador,63,0.1197,27769.27,2025-09-15T01:34:00Z,2026-05-07T04:00:36Z
925,48,388,organic,81,0.0583,32987.12,2025-10-09T10:01:43Z,2026-05-02T14:44:19Z
926,46,319,organic,74,0.0744,49346.41,2026-03-28T21:17:55Z,2026-05-10T23:10:49Z
927,10,356,sponsored,85,0.0883,39193.11,2026-01-27T21:30:11Z,2026-04-22T16:38:14Z
928,38,233,affiliate,58,0.0608,41532.15,2026-03-20T15:43:04Z,2026-04-24T04:35:14Z
929,3,41,ambassador,80,0.0394,44279.57,2025-09-14T21:12:45Z,2026-04-20T05:08:42Z
931,49,424,organic,83,0.0697,31484.72,2026-04-10T16:13:36Z,2026-05-05T13:58:01Z
933,32,435,affiliate,8,0.0874,31930.84,2026-02-17T14:37:21Z,2026-05-07T21:28:18Z
934,27,185,ambassador,36,0.0852,8213.86,2025-09-17T01:29:24Z,2026-05-06T10:28:19Z
935,50,131,organic,64,0.0925,4367.18,2025-10-18T10:00:36Z,2026-05-04T12:14:05Z
936,6,288,organic,72,0.0731,46581.85,2025-12-24T09:23:08Z,2026-05-02T19:10:08Z
937,10,290,sponsored,67,0.0656,25685.89,2025-07-01T19:06:42Z,2026-05-01T09:23:53Z
938,38,346,affiliate,23,0.0974,39319.61,2026-01-06T09:21:42Z,2026-04-23T21:34:18Z
939,2,226,ambassador,77,0.0774,13692.69,2025-06-14T17:43:12Z,2026-04-28T14:44:26Z
940,48,107,organic,61,0.0324,18495.02,2026-03-02T16:54:45Z,2026-05-07T14:25:00Z
941,41,201,organic,6,0.1005,37611.64,2025-07-01T14:07:22Z,2026-05-12T04:24:14Z
942,45,104,sponsored,9,0.1113,16299.94,2025-11-09T04:39:55Z,2026-04-20T01:56:06Z
943,3,458,affiliate,40,0.0225,49403.34,2026-03-20T11:27:07Z,2026-04-21T22:22:44Z
944,43,308,ambassador,7,0.1068,27227.79,2025-05-26T19:19:59Z,2026-05-01T18:03:57Z
946,23,42,organic,83,0.0842,25050.16,2025-08-10T06:48:18Z,2026-04-14T23:56:59Z
947,40,117,sponsored,39,0.0459,41784.49,2025-06-17T22:22:18Z,2026-05-11T13:27:12Z
948,11,333,affiliate,92,0.0352,37517.84,2026-01-16T06:10:16Z,2026-04-22T12:14:56Z
949,48,9,ambassador,21,0.0882,32353.19,2025-08-08T09:38:59Z,2026-05-06T20:03:01Z
950,24,267,organic,50,0.0961,27371.06,2025-09-20T02:48:00Z,2026-04-21T14:24:16Z
951,22,67,organic,6,0.0951,15477.83,2026-03-08T17:35:34Z,2026-05-07T20:46:30Z
952,24,472,sponsored,94,0.0924,31888.81,2025-12-31T01:45:24Z,2026-05-07T18:58:03Z
953,28,472,affiliate,3,0.0334,23773.63,2025-07-22T06:57:18Z,2026-05-08T09:31:20Z
954,37,283,ambassador,89,0.117,13854.22,2025-11-14T11:12:47Z,2026-04-26T08:50:29Z
955,40,2,organic,6,0.0396,1472.88,2026-03-03T11:10:10Z,2026-04-14T01:39:24Z
956,50,13,organic,41,0.0333,11032.7,2025-09-11T16:36:23Z,2026-04-22T08:59:46Z
957,33,256,sponsored,89,0.031,34996.83,2026-01-20T20:48:02Z,2026-04-22T20:55:34Z
958,1,144,affiliate,94,0.0406,9416.32,2025-09-17T09:09:12Z,2026-05-01T05:30:19Z
960,50,32,organic,72,0.0788,16743.87,2025-09-24T03:07:07Z,2026-04-20T17:24:15Z
961,10,327,organic,91,0.0244,15578.15,2026-03-22T13:53:26Z,2026-04-15T17:39:42Z
962,14,69,sponsored,66,0.0424,36976.63,2025-10-22T01:50:21Z,2026-05-11T11:39:28Z
963,10,331,affiliate,67,0.0586,31520.28,2025-12-27T06:21:11Z,2026-05-10T22:28:55Z
964,7,320,ambassador,94,0.0332,35075.76,2025-11-21T01:20:08Z,2026-05-04T23:59:27Z
966,31,8,organic,20,0.061,38069.21,2026-03-23T04:18:41Z,2026-04-22T04:24:33Z
967,13,422,sponsored,16,0.0432,45579.34,2025-11-28T15:00:12Z,2026-04-30T10:47:12Z
968,35,23,affiliate,71,0.0618,12603.36,2025-08-22T09:57:23Z,2026-05-01T16:23:17Z
969,19,168,ambassador,41,0.0283,28204.08,2025-06-26T00:04:14Z,2026-05-08T17:44:59Z
971,22,363,organic,15,0.1066,8953.6,2026-01-22T11:07:01Z,2026-04-30T06:28:37Z
972,29,171,sponsored,64,0.0535,23726.48,2025-05-17T11:37:01Z,2026-05-03T14:55:44Z
973,38,318,affiliate,27,0.0406,47017.98,2025-10-07T22:54:12Z,2026-04-20T07:20:36Z
974,29,35,ambassador,62,0.0995,15962.82,2026-02-21T19:44:12Z,2026-04-25T16:28:36Z
975,20,209,organic,95,0.0482,7179.04,2025-09-30T14:09:25Z,2026-04-26T05:55:24Z
976,12,467,organic,91,0.0996,2308.55,2026-04-02T04:36:16Z,2026-04-20T13:01:28Z
978,10,2,affiliate,12,0.0222,16801.73,2026-01-11T07:13:19Z,2026-05-05T22:46:00Z
979,3,148,ambassador,47,0.0727,33299.2,2025-12-02T00:47:18Z,2026-04-16T02:51:10Z
980,25,111,organic,96,0.087,46849.08,2026-01-24T13:01:37Z,2026-04-26T10:23:44Z
981,35,150,organic,5,0.0932,47921.05,2026-01-15T07:40:53Z,2026-04-16T14:21:46Z
982,30,23,sponsored,15,0.0667,7703,2025-08-20T14:24:29Z,2026-04-28T08:32:19Z
983,39,114,affiliate,59,0.0321,44105.62,2026-03-30T16:28:51Z,2026-04-19T12:44:23Z
984,31,150,ambassador,72,0.0691,12881.97,2025-08-11T22:25:41Z,2026-04-27T21:52:37Z
985,17,358,organic,88,0.0329,36565.84,2025-12-10T03:02:22Z,2026-04-14T19:40:24Z
986,49,185,organic,1,0.1115,16056.32,2025-12-02T22:04:29Z,2026-04-26T05:15:13Z
987,23,85,sponsored,8,0.0569,31363.88,2025-10-26T03:47:30Z,2026-04-22T15:19:39Z
989,29,379,ambassador,28,0.0424,49560.92,2025-07-27T21:48:12Z,2026-04-19T13:44:49Z
990,39,253,organic,47,0.0227,4000.48,2025-10-25T21:03:58Z,2026-04-22T21:59:22Z
991,28,486,organic,77,0.047,10687.55,2025-06-26T15:06:44Z,2026-05-12T03:56:28Z
992,47,113,sponsored,23,0.05,36914.72,2026-04-09T03:19:22Z,2026-04-16T18:30:03Z
993,14,85,affiliate,44,0.0423,7067.94,2026-01-27T14:14:25Z,2026-05-05T17:41:43Z
994,19,383,ambassador,72,0.0208,45365.82,2026-03-30T12:11:08Z,2026-04-26T07:18:32Z
995,13,284,organic,11,0.0299,24664.07,2025-11-08T03:29:57Z,2026-04-30T02:51:40Z
996,12,179,organic,59,0.0619,26011.62,2025-11-10T13:00:52Z,2026-04-15T15:01:02Z
997,26,141,sponsored,19,0.0385,47300.1,2026-01-25T17:02:12Z,2026-05-11T06:41:11Z
998,33,342,affiliate,37,0.0592,14248.73,2025-11-30T06:54:16Z,2026-04-23T20:28:33Z
999,45,401,ambassador,90,0.0613,22305.68,2026-02-21T19:59:00Z,2026-05-10T01:04:52Z
1000,37,342,organic,80,0.1157,18845.27,2025-11-03T02:05:33Z,2026-04-21T05:27:35Z
1001,35,441,organic,22,0.0815,25619.82,2025-11-17T16:49:36Z,2026-04-24T14:41:52Z
1002,37,467,sponsored,17,0.072,36814.92,2025-06-02T00:45:52Z,2026-04-22T09:43:48Z
1003,44,251,affiliate,83,0.0528,14102.98,2025-12-17T04:40:39Z,2026-04-22T17:52:22Z
1004,41,366,ambassador,58,0.0368,7777.43,2025-08-10T20:17:37Z,2026-04-29T07:58:50Z
1005,34,326,organic,99,0.0801,6431.62,2026-01-06T00:50:35Z,2026-05-04T05:21:59Z
1007,28,417,sponsored,17,0.044,33040.57,2025-05-31T23:43:57Z,2026-05-10T01:22:41Z
1008,49,77,affiliate,65,0.0306,11307.28,2025-12-26T05:41:10Z,2026-04-15T08:41:04Z
1009,3,468,ambassador,12,0.0293,5084.8,2025-09-15T23:15:13Z,2026-05-02T12:48:29Z
1010,4,227,organic,87,0.1138,37531.37,2025-07-28T02:41:52Z,2026-04-17T05:16:45Z
1011,43,322,organic,84,0.1017,9910.55,2025-06-30T19:38:15Z,2026-05-09T19:48:05Z
1012,21,260,sponsored,36,0.0247,44491.37,2026-03-04T16:13:10Z,2026-04-17T21:42:23Z
1013,45,158,affiliate,57,0.0299,12167.11,2025-11-21T21:20:53Z,2026-05-01T22:21:54Z
1014,46,344,ambassador,37,0.057,14091.09,2025-12-24T08:26:12Z,2026-04-28T13:08:14Z
1015,30,462,organic,19,0.0672,29922.4,2025-05-27T01:34:01Z,2026-04-19T00:59:33Z
1017,43,117,sponsored,3,0.1191,47336.55,2025-06-04T04:05:37Z,2026-05-05T15:33:10Z
1018,36,145,affiliate,33,0.0828,23655.39,2026-01-21T04:56:19Z,2026-05-04T19:19:46Z
1019,47,87,ambassador,33,0.0977,39809.65,2026-01-02T08:31:51Z,2026-04-15T15:23:00Z
1021,9,424,organic,37,0.0194,33164.15,2025-11-27T16:31:09Z,2026-04-16T08:01:17Z
1022,33,151,sponsored,68,0.1184,31181.86,2025-07-12T05:11:35Z,2026-05-05T14:17:01Z
1023,21,210,affiliate,80,0.0688,6763.71,2026-02-24T23:12:22Z,2026-05-08T20:15:41Z
1025,44,90,organic,51,0.0231,39875.61,2025-09-15T19:22:48Z,2026-04-19T17:23:09Z
1026,48,361,organic,56,0.0231,27641.57,2025-05-22T11:42:56Z,2026-04-15T18:33:15Z
1027,40,75,sponsored,6,0.0331,36460.82,2025-08-10T23:35:12Z,2026-04-23T14:08:08Z
1028,23,44,affiliate,40,0.1117,38255.61,2026-03-18T01:50:16Z,2026-05-08T21:52:09Z
1030,6,154,organic,77,0.074,27783.45,2025-07-11T04:51:55Z,2026-04-27T10:15:21Z
1031,50,383,organic,46,0.1128,14622.29,2026-02-02T03:04:50Z,2026-04-28T01:51:07Z
1032,17,143,sponsored,64,0.0159,10997.24,2025-11-02T03:40:06Z,2026-04-19T19:58:43Z
1033,48,291,affiliate,27,0.0391,6242.83,2025-05-25T21:53:40Z,2026-04-28T22:03:20Z
1034,17,481,ambassador,88,0.0824,14233.95,2025-08-23T04:34:20Z,2026-05-01T22:59:48Z
1035,36,434,organic,74,0.0881,25626.09,2026-03-05T12:41:26Z,2026-05-01T20:59:06Z
1037,36,323,sponsored,31,0.0692,360.7,2026-04-01T22:56:28Z,2026-05-02T08:01:22Z
1039,4,75,ambassador,32,0.1199,4595.84,2026-01-18T09:16:35Z,2026-05-11T23:53:20Z
1040,41,371,organic,44,0.076,4557.44,2026-01-29T04:47:40Z,2026-05-11T21:45:11Z
1041,49,29,organic,78,0.1028,31010.38,2025-07-21T13:53:54Z,2026-04-17T12:44:26Z
1042,50,451,sponsored,3,0.0893,21691.13,2025-11-14T18:02:51Z,2026-04-25T19:17:57Z
1043,35,79,affiliate,35,0.0735,13381.08,2025-08-21T12:35:37Z,2026-05-02T00:51:16Z
1044,35,339,ambassador,15,0.0288,27112.19,2025-05-27T05:39:12Z,2026-05-03T19:57:44Z
1045,38,262,organic,59,0.1164,4570.04,2026-02-20T20:59:36Z,2026-05-04T23:46:38Z
1048,2,69,affiliate,97,0.0969,45547.36,2026-02-05T10:58:27Z,2026-05-09T11:43:01Z
1049,30,366,ambassador,17,0.0506,16277.87,2025-11-13T10:35:52Z,2026-04-14T18:54:37Z
1050,1,89,organic,1,0.0971,15264.85,2025-12-23T22:17:13Z,2026-04-29T02:19:36Z
1051,25,7,organic,36,0.1038,23226.89,2025-05-25T04:00:55Z,2026-04-29T02:29:59Z
1052,6,268,sponsored,55,0.072,4907.01,2026-01-03T09:54:19Z,2026-04-27T06:04:10Z
1053,23,387,affiliate,10,0.086,44861.52,2025-11-15T17:16:21Z,2026-04-21T14:34:07Z
1055,4,450,organic,26,0.1098,20393.34,2025-08-07T16:52:54Z,2026-04-17T03:57:29Z
1056,31,464,organic,27,0.0115,37227.21,2025-08-28T08:26:48Z,2026-05-08T12:05:53Z
1057,43,227,sponsored,90,0.0945,11927.15,2026-03-26T23:47:01Z,2026-04-22T09:31:41Z
1058,4,219,affiliate,52,0.0638,26169.9,2026-01-29T00:58:10Z,2026-04-18T05:58:58Z
1059,43,75,ambassador,23,0.0687,44023.68,2025-08-11T04:16:40Z,2026-05-13T02:31:19Z
1060,48,144,organic,44,0.0872,12132.29,2025-07-17T15:37:08Z,2026-04-29T17:05:12Z
1061,27,383,organic,85,0.0913,45278.89,2025-09-12T23:04:18Z,2026-04-14T19:54:38Z
1062,22,392,sponsored,5,0.1116,11680.93,2025-06-17T10:10:21Z,2026-04-26T15:59:25Z
1063,22,235,affiliate,74,0.0393,44662.37,2026-03-09T06:36:50Z,2026-05-09T07:03:22Z
1064,42,491,ambassador,3,0.0867,48661.99,2025-09-23T14:47:12Z,2026-04-27T02:24:39Z
1065,36,350,organic,23,0.0948,41535.67,2025-10-09T13:28:08Z,2026-04-18T21:44:04Z
1066,18,75,organic,44,0.1151,945.55,2025-06-21T10:42:32Z,2026-04-19T22:11:01Z
1067,20,62,sponsored,10,0.0451,10461.28,2025-08-03T01:12:11Z,2026-05-06T19:55:46Z
1068,10,267,affiliate,84,0.0174,40199.29,2025-11-03T12:06:37Z,2026-05-06T12:33:24Z
1069,38,225,ambassador,28,0.0771,17342.7,2026-02-12T20:32:20Z,2026-05-07T07:34:11Z
1070,32,295,organic,74,0.0743,2403.51,2026-04-13T08:28:00Z,2026-05-01T13:46:14Z
1071,25,310,organic,5,0.0405,11521.04,2026-01-26T20:40:52Z,2026-05-09T02:05:40Z
1072,11,383,sponsored,91,0.0275,7305.31,2025-12-06T03:21:49Z,2026-04-20T06:14:24Z
1073,26,347,affiliate,1,0.0741,574.99,2026-03-11T04:23:42Z,2026-04-14T13:40:36Z
1074,25,305,ambassador,16,0.0811,24152.41,2025-10-20T00:15:52Z,2026-04-14T07:49:31Z
1075,9,45,organic,71,0.0876,19296.21,2026-01-13T08:07:14Z,2026-04-29T12:09:18Z
1076,39,34,organic,21,0.0113,13017.17,2026-02-23T12:32:51Z,2026-04-16T01:57:43Z
1077,31,327,sponsored,38,0.105,44160.02,2026-02-04T04:31:10Z,2026-05-07T02:24:24Z
1078,31,413,affiliate,55,0.0702,31000.43,2025-10-10T02:10:01Z,2026-05-09T03:07:11Z
1079,6,282,ambassador,25,0.0544,15999.68,2025-06-29T23:17:17Z,2026-04-16T00:15:09Z
1080,9,91,organic,62,0.1112,22532.95,2025-05-19T02:41:34Z,2026-04-27T13:13:11Z
1081,49,72,organic,49,0.0776,38223.45,2025-12-19T12:50:44Z,2026-05-02T12:29:12Z
1082,26,178,sponsored,85,0.0204,18175.24,2025-10-22T15:19:13Z,2026-04-21T18:36:32Z
1083,36,132,affiliate,84,0.0648,42100.9,2025-08-18T08:48:06Z,2026-05-08T01:31:21Z
1084,20,35,ambassador,92,0.0569,16559.6,2025-10-16T18:04:05Z,2026-04-27T17:11:22Z
1085,6,180,organic,39,0.1034,17504.52,2025-08-20T14:33:30Z,2026-05-06T15:31:34Z
1086,31,437,organic,91,0.0235,45775.51,2025-05-13T13:59:51Z,2026-05-07T04:55:33Z
1087,47,375,sponsored,13,0.0135,6258.9,2025-08-01T09:16:09Z,2026-04-23T11:20:31Z
1088,2,164,affiliate,10,0.1022,2616.86,2025-11-12T08:50:15Z,2026-05-01T15:31:52Z
1089,24,14,ambassador,14,0.1068,35373.89,2025-08-03T10:48:21Z,2026-05-02T20:22:23Z
1090,36,276,organic,32,0.1165,20246.76,2025-09-13T19:39:59Z,2026-04-18T08:56:44Z
1091,10,417,organic,70,0.0957,23672.84,2026-01-01T18:49:01Z,2026-04-30T19:57:30Z
1092,10,338,sponsored,9,0.0494,43313.15,2025-09-17T04:28:31Z,2026-04-14T18:40:48Z
1093,21,416,affiliate,24,0.1011,36539.02,2025-12-12T20:31:31Z,2026-04-28T20:45:28Z
1094,30,327,ambassador,48,0.0791,28010.38,2025-10-19T02:04:38Z,2026-04-16T06:32:30Z
1095,9,372,organic,86,0.0439,30435.75,2025-12-10T11:21:47Z,2026-04-19T05:32:11Z
1097,45,373,sponsored,83,0.0237,30054.54,2025-09-26T17:38:52Z,2026-04-27T04:55:22Z
1098,15,336,affiliate,45,0.0102,14859.73,2025-12-30T16:32:04Z,2026-04-19T02:12:13Z
1099,21,114,ambassador,68,0.0805,3006.75,2026-01-07T19:59:29Z,2026-04-28T08:06:35Z
1100,15,227,organic,17,0.084,1168.95,2026-02-01T09:01:55Z,2026-04-23T11:53:53Z
1101,50,356,organic,66,0.0786,6092.24,2025-12-27T08:18:50Z,2026-04-21T18:39:21Z
1102,14,34,sponsored,17,0.1037,10436,2025-12-14T17:22:18Z,2026-05-08T07:49:53Z
1103,3,87,affiliate,12,0.0118,30084.78,2025-10-31T12:48:08Z,2026-04-29T23:29:04Z
1105,40,23,organic,79,0.0746,15851.3,2026-02-04T01:51:01Z,2026-04-15T22:42:14Z
1106,41,380,organic,72,0.072,18886.57,2025-05-20T13:33:50Z,2026-05-05T15:04:21Z
1107,23,20,sponsored,81,0.0226,23048.1,2025-09-17T10:35:50Z,2026-05-04T01:28:34Z
1108,4,321,affiliate,12,0.0634,37750.76,2025-11-26T00:59:48Z,2026-04-30T18:02:29Z
1109,34,327,ambassador,19,0.1095,18320.41,2025-10-24T19:35:05Z,2026-04-17T18:51:47Z
1110,20,183,organic,76,0.0114,6478.71,2025-06-18T13:15:08Z,2026-04-24T20:58:40Z
1111,28,48,organic,28,0.0146,26484.02,2026-01-16T20:18:23Z,2026-04-26T03:03:35Z
1112,1,182,sponsored,74,0.0107,32707.11,2025-08-26T12:43:27Z,2026-05-05T09:04:20Z
1114,7,114,ambassador,42,0.0939,17533.68,2026-04-04T12:30:32Z,2026-04-29T19:22:11Z
1116,10,186,organic,7,0.0935,39154.58,2026-02-15T18:23:50Z,2026-04-23T04:34:31Z
1117,16,431,sponsored,18,0.0285,35522.03,2025-06-28T03:34:22Z,2026-05-02T07:30:36Z
1118,13,429,affiliate,72,0.0395,6201.15,2026-04-01T09:50:41Z,2026-05-03T22:06:36Z
1119,23,149,ambassador,50,0.087,48060.71,2025-12-31T05:27:59Z,2026-05-12T20:39:07Z
1120,5,165,organic,11,0.1021,3248.76,2025-12-24T03:51:22Z,2026-04-26T14:03:21Z
1121,50,88,organic,66,0.0306,49059.41,2025-06-22T11:34:42Z,2026-05-04T04:48:58Z
1122,48,139,sponsored,14,0.075,44945.03,2026-02-13T20:23:46Z,2026-04-30T06:12:13Z
1124,17,182,ambassador,77,0.1058,25179.44,2025-07-24T11:31:41Z,2026-05-08T17:32:29Z
1127,11,330,sponsored,14,0.0967,3788.39,2025-12-17T12:34:10Z,2026-05-05T19:17:55Z
1128,12,350,affiliate,72,0.0545,34924.83,2025-12-21T04:02:23Z,2026-04-17T18:00:16Z
1129,35,218,ambassador,34,0.1114,19070.41,2026-04-01T08:32:14Z,2026-04-24T07:06:58Z
1130,17,80,organic,2,0.0928,38829.03,2026-04-08T20:29:11Z,2026-04-16T14:42:24Z
1131,5,383,organic,21,0.02,13529.31,2026-04-06T07:45:02Z,2026-05-09T13:38:07Z
1132,23,62,sponsored,13,0.09,24799.62,2025-06-23T19:26:24Z,2026-05-03T00:46:03Z
1133,10,33,affiliate,55,0.0896,23605.86,2025-07-29T10:29:50Z,2026-04-20T03:19:15Z
1134,50,301,ambassador,70,0.0805,30517.09,2026-03-25T06:42:46Z,2026-04-14T19:12:07Z
1135,23,75,organic,68,0.0277,6427.66,2025-11-11T00:23:23Z,2026-05-03T23:04:17Z
1136,50,365,organic,53,0.0258,23209.53,2025-05-20T04:08:06Z,2026-05-01T02:48:28Z
1137,47,108,sponsored,27,0.0739,5152.05,2026-02-09T17:15:57Z,2026-05-11T23:47:19Z
1138,32,388,affiliate,53,0.0936,31240.97,2025-09-25T12:28:56Z,2026-04-21T15:22:13Z
1139,20,129,ambassador,5,0.0889,8643.25,2025-07-16T06:59:24Z,2026-04-25T05:32:03Z
1140,13,286,organic,5,0.0625,30901.94,2025-06-22T23:25:26Z,2026-05-03T02:43:40Z
1141,27,261,organic,14,0.0553,49464.7,2026-03-29T18:06:29Z,2026-04-26T11:39:24Z
1142,36,438,sponsored,69,0.0368,42273.98,2025-11-03T00:12:04Z,2026-05-07T04:59:28Z
1143,39,137,affiliate,88,0.067,35968.87,2025-12-14T00:26:53Z,2026-04-22T10:21:51Z
1144,46,169,ambassador,75,0.0891,28110.53,2025-11-12T20:35:40Z,2026-04-30T21:24:04Z
1145,42,73,organic,92,0.0798,35849.38,2026-02-11T19:05:10Z,2026-05-12T01:21:06Z
1146,39,281,organic,33,0.0473,24364.3,2025-11-25T21:16:51Z,2026-04-24T09:30:48Z
1147,6,259,sponsored,92,0.1144,4363.08,2025-10-30T11:07:32Z,2026-04-20T05:05:03Z
1149,5,288,ambassador,83,0.1009,9534.99,2025-10-31T20:22:18Z,2026-05-02T22:51:51Z
1151,39,148,organic,16,0.1009,44280.58,2025-09-16T12:58:27Z,2026-04-17T11:49:33Z
1152,22,119,sponsored,49,0.105,42720.77,2025-09-26T08:23:30Z,2026-05-02T07:34:14Z
1153,19,9,affiliate,88,0.099,38349.86,2025-06-24T14:46:50Z,2026-04-25T06:46:32Z
1155,29,224,organic,7,0.1038,39614.74,2025-06-07T08:26:05Z,2026-05-09T13:34:31Z
1156,15,394,organic,40,0.0816,16739.74,2025-08-07T17:43:00Z,2026-04-14T17:27:56Z
1157,23,208,sponsored,20,0.0715,25258.22,2026-01-25T08:31:21Z,2026-04-30T21:50:26Z
1158,32,80,affiliate,23,0.0998,17135.92,2025-07-18T07:43:50Z,2026-04-17T14:32:20Z
1159,30,37,ambassador,56,0.0612,3916.2,2025-06-06T05:32:02Z,2026-05-04T22:44:03Z
1160,2,206,organic,99,0.0256,19732.62,2025-07-30T17:32:03Z,2026-05-12T20:11:18Z
1161,18,308,organic,76,0.0328,14856.5,2025-07-19T05:06:04Z,2026-05-03T18:22:10Z
1162,16,453,sponsored,51,0.111,4276.39,2025-05-27T15:32:02Z,2026-05-01T12:32:29Z
1163,40,427,affiliate,71,0.0512,24.21,2025-08-27T01:46:39Z,2026-04-20T19:32:05Z
1164,44,160,ambassador,93,0.0506,7999.82,2025-05-30T18:37:34Z,2026-04-25T22:24:12Z
1165,41,473,organic,58,0.1043,42987.18,2026-02-11T12:36:00Z,2026-04-18T02:39:39Z
1167,9,253,sponsored,86,0.1063,39857.22,2025-05-15T04:33:28Z,2026-05-01T03:28:42Z
1168,21,333,affiliate,89,0.0401,4575.37,2025-05-29T13:32:27Z,2026-04-21T18:50:46Z
1169,40,351,ambassador,79,0.0226,38157.39,2025-06-16T03:46:00Z,2026-05-08T04:25:06Z
1170,40,341,organic,76,0.07,49273.36,2025-10-16T12:37:54Z,2026-04-29T16:22:42Z
1171,30,42,organic,87,0.0277,9927.15,2025-09-19T09:41:06Z,2026-04-20T18:28:36Z
1172,7,456,sponsored,78,0.0736,31242.46,2025-11-04T08:40:37Z,2026-05-10T16:09:48Z
1173,3,261,affiliate,58,0.0811,44750.28,2025-09-13T06:15:44Z,2026-04-26T03:52:48Z
1174,40,19,ambassador,83,0.0655,3244.68,2026-01-15T17:24:06Z,2026-04-22T05:29:37Z
1175,25,195,organic,34,0.0528,3946.75,2026-01-08T09:01:02Z,2026-04-26T00:50:57Z
1177,17,132,sponsored,21,0.0999,21441.77,2025-08-04T12:54:07Z,2026-04-30T14:28:57Z
1178,30,194,affiliate,12,0.0954,28549.75,2026-01-05T16:13:50Z,2026-05-10T12:25:42Z
1179,8,68,ambassador,86,0.0868,534.33,2026-03-14T21:36:52Z,2026-04-28T01:23:01Z
1180,1,31,organic,16,0.065,49396.25,2026-03-04T10:58:03Z,2026-05-05T08:50:47Z
1181,21,38,organic,2,0.0356,45051.59,2025-07-25T18:27:36Z,2026-04-25T03:49:23Z
1182,24,288,sponsored,93,0.0818,32820.97,2025-07-10T12:56:39Z,2026-05-05T03:05:39Z
1183,49,307,affiliate,49,0.0351,21014.87,2025-11-14T23:14:39Z,2026-04-26T05:06:55Z
1184,27,58,ambassador,72,0.1074,28013.32,2025-10-20T11:09:02Z,2026-04-18T06:19:23Z
1185,13,160,organic,9,0.1021,41411.58,2025-11-17T14:10:19Z,2026-04-18T18:25:36Z
1186,15,443,organic,39,0.0141,43888.76,2026-04-04T04:47:06Z,2026-04-19T08:09:48Z
1189,32,263,ambassador,8,0.0272,5318.55,2025-08-24T01:31:08Z,2026-05-04T07:15:25Z
1190,21,182,organic,47,0.1147,36397.91,2025-09-03T23:58:00Z,2026-05-13T07:14:26Z
1191,26,252,organic,4,0.0335,6976.58,2025-10-12T02:26:41Z,2026-04-28T11:03:31Z
1192,42,356,sponsored,12,0.0146,6280.98,2025-06-12T01:31:25Z,2026-04-20T11:24:39Z
1193,29,39,affiliate,14,0.0611,48594.6,2025-06-18T08:34:35Z,2026-04-29T20:04:54Z
1194,1,39,ambassador,34,0.0421,19843.46,2026-01-10T15:58:22Z,2026-04-21T01:18:21Z
1196,38,305,organic,1,0.0171,35837.28,2025-11-25T09:43:35Z,2026-04-23T01:06:01Z
1197,33,483,sponsored,92,0.0834,38625.23,2025-11-18T09:05:37Z,2026-04-17T00:50:28Z
1198,18,181,affiliate,41,0.0909,36970.67,2025-12-19T04:06:05Z,2026-04-19T13:25:29Z
1199,46,151,ambassador,95,0.0717,9104.78,2025-11-03T20:17:40Z,2026-05-12T00:57:48Z
1200,12,190,organic,73,0.1055,26597.65,2025-07-28T22:45:30Z,2026-04-24T15:23:23Z
1201,40,269,organic,15,0.0794,43774.09,2025-12-09T06:10:35Z,2026-04-23T03:49:41Z
1202,43,382,sponsored,17,0.0912,32204.11,2026-02-22T06:11:09Z,2026-05-08T16:37:58Z
1203,19,160,affiliate,2,0.0563,28607.61,2025-09-06T10:05:38Z,2026-05-04T07:02:41Z
1204,41,239,ambassador,11,0.1145,40007.98,2025-11-25T00:11:54Z,2026-04-27T13:48:37Z
1205,26,341,organic,29,0.0725,49159.87,2026-04-05T18:33:02Z,2026-04-14T05:41:20Z
1206,13,383,organic,41,0.0749,6015.81,2025-05-24T17:44:39Z,2026-04-23T23:09:07Z
1207,48,54,sponsored,72,0.0712,40215.06,2026-03-25T08:43:26Z,2026-04-23T18:52:00Z
1208,48,193,affiliate,18,0.0468,12894.25,2025-08-09T19:49:27Z,2026-04-21T00:42:21Z
1211,23,480,organic,7,0.0676,38094.87,2026-04-06T00:59:01Z,2026-05-02T15:21:06Z
1212,15,83,sponsored,60,0.0933,40358.09,2025-08-21T20:12:55Z,2026-04-17T22:21:08Z
1213,48,15,affiliate,32,0.0464,29128.59,2026-02-28T09:50:50Z,2026-04-24T10:06:17Z
1214,43,186,ambassador,1,0.1068,8007.81,2025-12-14T05:53:12Z,2026-04-18T06:22:56Z
1215,2,141,organic,52,0.0375,1712.38,2025-08-14T06:33:40Z,2026-04-28T23:37:06Z
1217,19,422,sponsored,24,0.0119,49827.19,2025-08-10T17:38:57Z,2026-05-10T16:54:23Z
1218,39,414,affiliate,52,0.0949,47327.24,2025-05-22T00:24:10Z,2026-05-03T15:42:33Z
1219,7,210,ambassador,36,0.0978,15407.09,2025-06-22T13:33:35Z,2026-04-27T04:49:02Z
1220,11,161,organic,24,0.1156,44730.01,2025-10-13T13:55:46Z,2026-04-28T10:27:05Z
1221,47,327,organic,44,0.1144,49523.65,2025-06-25T03:29:32Z,2026-04-17T13:42:03Z
1222,19,365,sponsored,97,0.113,10029.2,2025-12-14T12:41:56Z,2026-04-19T03:51:07Z
1224,26,282,ambassador,9,0.0215,33881.41,2025-12-19T09:16:13Z,2026-05-03T14:21:19Z
1225,38,385,organic,52,0.1122,19897.46,2025-10-19T06:31:27Z,2026-04-21T15:03:33Z
1226,42,193,organic,63,0.0454,35862,2026-01-04T12:47:37Z,2026-05-11T04:21:27Z
1227,32,354,sponsored,61,0.0695,18779.16,2026-03-05T20:41:30Z,2026-05-02T04:59:50Z
1228,24,40,affiliate,91,0.0537,5820.68,2025-09-28T10:38:55Z,2026-05-12T07:03:56Z
1229,18,383,ambassador,28,0.0919,32734.5,2025-12-08T00:34:10Z,2026-05-04T07:04:07Z
1231,11,428,organic,25,0.0956,28092.05,2025-10-08T18:44:30Z,2026-05-12T02:35:31Z
1232,48,101,sponsored,48,0.0271,21206.97,2026-01-23T16:14:06Z,2026-05-08T21:11:31Z
1233,45,52,affiliate,96,0.0914,15237.89,2026-04-12T12:51:24Z,2026-04-26T02:41:46Z
1234,3,6,ambassador,62,0.1044,39546.59,2025-08-09T12:10:03Z,2026-04-23T13:57:52Z
1235,24,24,organic,10,0.0747,49250,2025-09-17T21:39:37Z,2026-05-05T17:49:44Z
1237,11,253,sponsored,89,0.0709,24060.88,2026-01-13T01:10:31Z,2026-04-16T23:27:46Z
1238,41,327,affiliate,61,0.0977,22631.48,2026-02-12T04:31:10Z,2026-05-11T06:50:10Z
1240,10,48,organic,41,0.0173,35303.94,2025-09-27T07:01:08Z,2026-04-14T11:31:04Z
1241,45,237,organic,24,0.0659,25858.2,2025-11-06T09:47:29Z,2026-04-25T09:39:41Z
1242,25,440,sponsored,74,0.0751,20119.74,2026-01-12T19:38:41Z,2026-05-05T10:04:03Z
1243,26,135,affiliate,66,0.081,30125,2025-08-23T17:08:33Z,2026-04-23T04:36:09Z
1245,12,239,organic,52,0.0515,37556.54,2026-03-04T17:18:50Z,2026-05-04T03:46:06Z
1246,10,40,organic,40,0.1139,3747.23,2025-07-16T01:29:07Z,2026-05-05T20:08:30Z
1247,20,349,sponsored,30,0.0216,20671.89,2026-02-06T13:16:08Z,2026-04-18T08:47:36Z
1248,36,52,affiliate,74,0.0957,8521.81,2025-10-05T07:32:40Z,2026-04-17T02:42:20Z
1249,5,72,ambassador,77,0.0912,47906.02,2026-03-04T21:54:33Z,2026-04-17T08:06:48Z
1251,18,231,organic,89,0.1187,20204.88,2025-05-22T22:43:09Z,2026-05-08T00:54:01Z
1252,50,393,sponsored,81,0.0445,649.72,2026-04-09T20:52:41Z,2026-04-13T09:52:03Z
1254,2,253,ambassador,81,0.0893,33382.07,2026-02-21T10:02:44Z,2026-04-14T07:07:55Z
1257,8,388,sponsored,74,0.0777,10151.17,2026-03-03T08:02:24Z,2026-04-28T15:31:21Z
1258,7,485,affiliate,51,0.053,8921.55,2026-01-16T15:15:29Z,2026-05-11T06:37:13Z
1259,7,25,ambassador,95,0.0612,46628.65,2025-08-11T18:47:28Z,2026-04-20T17:39:48Z
1260,24,270,organic,1,0.0674,36138.96,2025-05-27T09:06:31Z,2026-04-18T19:32:46Z
1261,23,465,organic,26,0.0564,43723.99,2025-09-04T22:55:11Z,2026-04-23T18:43:24Z
1262,36,460,sponsored,22,0.0968,6912.46,2025-11-05T01:25:42Z,2026-04-29T20:27:08Z
1264,33,339,ambassador,91,0.1016,12026.93,2025-11-27T02:36:34Z,2026-04-22T23:51:51Z
1266,44,81,organic,5,0.1086,9766.33,2026-01-08T02:49:20Z,2026-04-15T15:18:31Z
1267,10,214,sponsored,91,0.0179,27021.12,2025-09-27T16:43:47Z,2026-05-05T09:01:23Z
1268,17,319,affiliate,50,0.0504,32344.3,2025-08-09T00:06:52Z,2026-05-04T20:43:47Z
1269,10,326,ambassador,11,0.0524,17705.33,2026-03-14T12:56:58Z,2026-05-02T05:00:58Z
1270,1,472,organic,33,0.1199,31950.55,2025-10-28T21:31:24Z,2026-05-12T07:57:09Z
1271,1,59,organic,73,0.1169,4032.18,2025-06-18T18:13:28Z,2026-04-21T21:42:07Z
1273,18,86,affiliate,94,0.038,20487.44,2025-09-09T02:24:00Z,2026-05-06T00:38:01Z
1274,26,66,ambassador,27,0.032,12189.07,2026-01-16T23:38:57Z,2026-05-07T18:52:28Z
1275,4,204,organic,11,0.0701,35452.39,2025-05-14T18:57:29Z,2026-05-04T07:01:37Z
1276,37,191,organic,9,0.1063,12369.98,2025-12-05T08:56:06Z,2026-04-20T15:39:35Z
1277,37,138,sponsored,27,0.0867,13127.17,2025-12-29T09:12:31Z,2026-05-05T15:22:20Z
1278,19,481,affiliate,25,0.0272,31568.23,2025-12-31T23:45:42Z,2026-05-07T05:56:25Z
1279,19,485,ambassador,16,0.0269,15280.14,2025-07-11T02:20:34Z,2026-04-20T03:51:18Z
1280,11,48,organic,87,0.0966,28270.11,2025-05-25T18:47:19Z,2026-05-06T20:16:27Z
1281,22,160,organic,2,0.0245,46266.29,2025-10-24T10:43:06Z,2026-05-06T23:24:05Z
1282,20,287,sponsored,46,0.0774,11797.46,2025-11-19T14:12:37Z,2026-05-06T12:34:19Z
1283,3,204,affiliate,75,0.0179,49098.12,2025-11-09T04:32:09Z,2026-04-16T22:18:28Z
1284,35,447,ambassador,65,0.0612,24069.9,2025-09-12T17:47:55Z,2026-04-28T03:18:15Z
1286,46,371,organic,37,0.0131,44451.84,2025-09-02T21:29:10Z,2026-04-14T03:27:37Z
1287,12,291,sponsored,38,0.0486,11925.85,2025-10-19T02:27:01Z,2026-05-04T17:17:51Z
1288,4,167,affiliate,67,0.0385,43613.74,2025-06-26T01:41:30Z,2026-04-16T19:49:34Z
1289,41,319,ambassador,64,0.0947,36882.06,2026-02-28T18:04:32Z,2026-05-11T00:05:36Z
1290,12,359,organic,12,0.0253,9374.44,2025-09-24T06:14:24Z,2026-05-11T04:45:42Z
1291,16,205,organic,5,0.0324,2754.78,2026-01-14T08:11:58Z,2026-05-12T01:30:32Z
1292,8,87,sponsored,75,0.0716,48722.14,2026-02-12T11:57:49Z,2026-05-10T06:46:29Z
1295,39,483,organic,43,0.0695,47092.33,2025-12-21T13:51:12Z,2026-05-04T22:39:34Z
1296,20,460,organic,31,0.0122,2340.46,2025-09-10T15:46:54Z,2026-05-02T10:04:10Z
1297,32,403,sponsored,87,0.1021,45791.41,2025-09-07T18:58:31Z,2026-04-23T09:01:14Z
1298,33,126,affiliate,81,0.0848,5084.67,2026-02-11T09:46:50Z,2026-04-30T23:46:46Z
1299,41,67,ambassador,56,0.1018,12476.68,2025-11-07T01:48:44Z,2026-04-22T17:45:04Z
1300,6,46,organic,84,0.0506,5724.84,2025-11-27T14:57:39Z,2026-05-09T19:43:22Z
1301,42,104,organic,81,0.0696,48052.41,2025-10-11T18:00:31Z,2026-05-03T12:10:42Z
1302,21,373,sponsored,78,0.015,17210.43,2026-02-14T01:31:43Z,2026-04-29T14:55:57Z
1304,10,380,ambassador,71,0.0282,36640.29,2026-02-02T16:57:53Z,2026-04-13T16:00:58Z
1305,47,139,organic,95,0.0923,43004.33,2025-11-03T16:54:57Z,2026-05-07T15:14:24Z
1306,11,178,organic,2,0.0671,47005.09,2026-02-07T18:37:41Z,2026-04-17T17:29:25Z
1307,25,364,sponsored,30,0.0468,3826.06,2025-09-09T14:29:18Z,2026-04-17T06:26:02Z
1308,29,339,affiliate,60,0.043,9102.62,2025-07-09T20:05:47Z,2026-04-13T11:10:39Z
1309,48,10,ambassador,53,0.1085,41556.96,2026-01-07T07:25:48Z,2026-05-08T10:51:38Z
1310,31,128,organic,24,0.0716,26764.6,2025-11-06T23:21:00Z,2026-04-25T06:51:13Z
1311,28,73,organic,61,0.1149,29343.87,2025-10-20T05:17:52Z,2026-04-27T19:21:54Z
1312,43,174,sponsored,4,0.0427,44862.57,2025-09-27T21:28:37Z,2026-05-06T09:31:13Z
1313,24,386,affiliate,74,0.0984,24985.8,2025-08-13T05:58:04Z,2026-05-10T01:43:12Z
1314,10,146,ambassador,68,0.0714,22581.77,2026-03-12T22:18:10Z,2026-05-12T04:23:51Z
1315,14,376,organic,93,0.0786,39616.93,2025-11-03T16:26:02Z,2026-04-27T20:29:28Z
1316,14,60,organic,82,0.0136,9087.95,2026-04-01T14:06:39Z,2026-05-06T04:19:32Z
1317,46,61,sponsored,13,0.0426,3612.06,2025-06-12T01:26:03Z,2026-04-30T18:22:03Z
1318,38,474,affiliate,67,0.09,38360.7,2026-01-06T21:21:37Z,2026-05-10T06:06:11Z
1319,30,345,ambassador,99,0.1048,14340.77,2025-11-10T14:44:20Z,2026-04-29T04:43:23Z
1320,8,254,organic,81,0.0291,35537.19,2026-03-26T11:30:34Z,2026-04-28T11:47:26Z
1321,49,384,organic,5,0.0559,42441.24,2026-01-22T23:16:40Z,2026-04-28T18:12:10Z
1322,19,293,sponsored,97,0.0331,2888.81,2025-08-17T17:33:09Z,2026-05-13T08:10:36Z
1323,27,112,affiliate,73,0.0531,9107.33,2025-10-23T13:07:32Z,2026-05-09T06:42:06Z
1324,21,137,ambassador,51,0.046,27611.6,2026-03-25T06:12:23Z,2026-05-10T16:36:53Z
1325,42,90,organic,79,0.0143,34652.24,2025-11-08T08:45:41Z,2026-05-08T03:32:41Z
1326,41,448,organic,22,0.025,44180.12,2026-03-15T23:49:18Z,2026-04-19T02:44:40Z
1327,39,348,sponsored,86,0.1,34310.87,2026-02-04T14:28:54Z,2026-04-27T06:43:14Z
1328,35,162,affiliate,31,0.0231,16619.02,2026-04-12T07:05:22Z,2026-05-04T13:50:26Z
1329,17,50,ambassador,51,0.0851,21125.16,2026-01-09T00:46:45Z,2026-05-01T03:26:03Z
1330,15,219,organic,39,0.1057,31209.62,2026-01-30T07:28:07Z,2026-04-23T09:00:53Z
1332,49,348,sponsored,86,0.0376,19319.34,2025-11-29T21:23:04Z,2026-04-14T20:04:38Z
1333,26,392,affiliate,34,0.013,28365.42,2025-08-27T15:08:32Z,2026-04-28T13:17:55Z
1335,17,41,organic,49,0.0977,794.41,2025-08-08T15:31:54Z,2026-04-24T04:01:29Z
1336,28,154,organic,35,0.0427,35589.47,2026-02-19T00:41:53Z,2026-04-25T20:32:38Z
1337,25,447,sponsored,63,0.1131,3920.4,2025-08-07T14:46:13Z,2026-05-03T22:45:45Z
1338,1,34,affiliate,37,0.1154,35792.13,2026-01-31T22:19:16Z,2026-05-04T22:09:41Z
1342,29,142,sponsored,49,0.0697,13181.32,2025-05-14T16:54:30Z,2026-05-04T17:19:11Z
1343,40,344,affiliate,8,0.0496,6840.18,2026-01-31T15:22:25Z,2026-05-10T09:32:29Z
1344,20,28,ambassador,6,0.058,38192.85,2025-11-04T08:10:10Z,2026-04-30T16:54:12Z
1345,32,458,organic,75,0.0746,11790.38,2025-06-06T18:19:38Z,2026-05-11T08:52:56Z
1347,34,280,sponsored,84,0.107,20529.65,2025-07-05T09:29:00Z,2026-05-10T21:19:57Z
1348,38,53,affiliate,4,0.0221,17654.75,2025-06-25T09:19:56Z,2026-04-15T01:41:51Z
1349,13,45,ambassador,48,0.0337,3104.52,2026-04-06T09:06:07Z,2026-05-08T12:30:42Z
1350,27,204,organic,61,0.1116,24592.43,2025-10-21T09:04:05Z,2026-05-10T17:08:48Z
1351,11,418,organic,25,0.0977,39160.89,2025-06-02T03:00:15Z,2026-05-05T01:49:06Z
1352,24,443,sponsored,52,0.0656,29238.05,2025-11-10T11:28:43Z,2026-04-21T09:44:22Z
1353,15,306,affiliate,53,0.0642,852.88,2025-10-12T06:35:14Z,2026-04-17T03:26:23Z
1354,28,124,ambassador,46,0.0128,9257.45,2025-10-28T14:56:54Z,2026-04-25T20:44:45Z
1355,4,177,organic,97,0.0772,34599.91,2025-12-23T16:31:34Z,2026-04-27T05:46:11Z
1356,45,480,organic,39,0.1002,38650.81,2025-11-08T17:02:46Z,2026-04-20T13:03:35Z
1357,34,461,sponsored,94,0.0482,32108.98,2025-08-23T18:35:01Z,2026-05-12T21:40:54Z
1358,22,78,affiliate,80,0.0155,38519.6,2025-10-12T22:50:53Z,2026-05-06T14:50:51Z
1359,2,366,ambassador,38,0.1028,15069.99,2026-01-19T22:14:48Z,2026-05-11T01:41:13Z
1360,30,418,organic,5,0.0622,21831.95,2026-03-03T16:52:03Z,2026-05-10T06:20:08Z
1361,20,490,organic,26,0.0861,24243.25,2025-07-11T07:39:05Z,2026-04-16T06:15:43Z
1362,45,74,sponsored,5,0.0779,32778.79,2025-12-05T15:40:38Z,2026-05-10T02:16:21Z
1363,7,254,affiliate,83,0.09,3743.76,2025-06-08T17:28:51Z,2026-04-21T09:11:26Z
1364,14,313,ambassador,89,0.0503,15771.91,2025-07-17T07:07:19Z,2026-05-08T22:13:30Z
1365,19,35,organic,45,0.014,34535.36,2026-01-12T08:15:34Z,2026-05-09T16:57:18Z
1366,33,307,organic,95,0.083,34695.13,2026-01-13T07:54:17Z,2026-04-23T20:09:23Z
1367,20,377,sponsored,95,0.0575,38263.35,2025-06-10T16:30:14Z,2026-05-03T18:58:24Z
1368,47,475,affiliate,21,0.0887,37938.8,2026-04-12T12:54:14Z,2026-04-20T14:14:05Z
1370,42,155,organic,74,0.0428,400.75,2026-03-22T14:32:26Z,2026-04-19T14:03:42Z
1371,11,53,organic,38,0.0622,34412.77,2025-08-25T16:18:20Z,2026-04-22T02:11:55Z
1373,42,224,affiliate,79,0.0103,16655.82,2025-05-25T07:42:03Z,2026-04-28T08:11:19Z
1374,26,153,ambassador,59,0.0687,29163.64,2025-12-02T20:11:15Z,2026-04-22T11:11:55Z
1375,39,10,organic,23,0.1173,1105.16,2025-08-21T19:48:54Z,2026-05-01T09:33:54Z
1376,33,441,organic,43,0.0277,40797.4,2025-11-14T12:00:21Z,2026-04-26T19:53:05Z
1378,33,347,affiliate,80,0.0679,18830.54,2025-12-04T17:59:31Z,2026-04-21T02:15:47Z
1379,35,380,ambassador,18,0.0609,35418.29,2025-06-03T14:23:20Z,2026-05-02T01:49:49Z
1380,42,191,organic,64,0.0568,12822.63,2025-10-22T14:54:13Z,2026-04-13T16:52:04Z
1381,14,121,organic,55,0.0283,8201.64,2025-11-12T23:53:05Z,2026-05-06T04:12:07Z
1382,7,157,sponsored,38,0.0354,4880.52,2025-10-28T09:50:55Z,2026-05-04T09:14:45Z
1383,20,302,affiliate,72,0.0883,23630.82,2025-10-03T08:47:28Z,2026-05-09T21:38:31Z
1384,31,178,ambassador,54,0.0817,41734.53,2026-02-07T09:50:51Z,2026-05-05T15:26:31Z
1385,23,229,organic,71,0.019,48540.58,2025-12-01T05:59:05Z,2026-04-18T23:54:34Z
1386,44,124,organic,76,0.065,35318.43,2026-03-04T04:24:01Z,2026-04-15T19:01:19Z
1387,44,330,sponsored,76,0.0215,27497.3,2026-03-11T23:16:16Z,2026-04-26T23:44:11Z
1388,43,106,affiliate,54,0.1049,43915.1,2025-10-18T02:20:35Z,2026-04-15T18:02:00Z
1389,4,368,ambassador,43,0.0782,45874.07,2025-05-28T15:18:03Z,2026-05-07T06:09:56Z
1390,15,380,organic,5,0.1163,37545.11,2026-03-21T15:51:51Z,2026-04-16T12:47:24Z
1391,16,413,organic,63,0.0477,12233.61,2025-06-22T08:07:25Z,2026-04-22T02:01:00Z
1392,46,313,sponsored,20,0.0864,20431.25,2025-07-18T21:53:56Z,2026-05-03T20:19:47Z
1393,18,120,affiliate,1,0.0155,7331.5,2026-01-23T09:02:26Z,2026-04-28T17:45:30Z
1394,9,355,ambassador,70,0.1196,44690.73,2025-05-25T02:29:45Z,2026-04-18T07:32:59Z
1395,22,409,organic,1,0.1056,46799,2026-02-12T04:18:52Z,2026-05-07T08:05:12Z
1397,8,112,sponsored,93,0.0387,9861.71,2026-02-02T09:03:28Z,2026-05-03T04:58:53Z
1398,47,140,affiliate,46,0.1113,39477.62,2025-09-24T04:57:46Z,2026-05-03T22:14:55Z
1399,37,294,ambassador,18,0.0834,35630.23,2025-08-18T02:50:43Z,2026-04-19T22:47:55Z
1400,29,186,organic,89,0.1055,11245.63,2025-06-18T11:54:31Z,2026-05-09T08:56:07Z
1401,21,62,organic,82,0.0435,23276.08,2025-11-21T02:22:22Z,2026-04-30T11:23:08Z
1402,46,449,sponsored,34,0.0996,12426.4,2026-01-05T14:18:06Z,2026-05-03T02:47:42Z
1404,7,140,ambassador,57,0.0911,24959.81,2025-08-31T18:43:09Z,2026-05-12T15:20:55Z
1405,23,409,organic,40,0.0766,16684.47,2026-02-17T14:31:44Z,2026-05-06T15:59:42Z
1406,38,434,organic,35,0.0879,25719.05,2025-09-06T18:37:27Z,2026-04-26T23:52:49Z
1407,43,232,sponsored,1,0.0467,15619.72,2025-05-24T06:34:56Z,2026-05-06T04:25:32Z
1408,8,137,affiliate,99,0.0497,8856.58,2025-08-19T11:04:29Z,2026-05-09T01:26:25Z
1411,6,412,organic,22,0.0786,42627.85,2026-02-26T17:42:55Z,2026-04-29T07:25:53Z
1412,30,266,sponsored,97,0.0821,47447.38,2026-04-06T18:34:15Z,2026-04-19T00:50:17Z
1413,1,51,affiliate,75,0.1153,32883.29,2025-10-09T13:08:44Z,2026-04-23T10:17:37Z
1414,8,88,ambassador,24,0.0938,7639.62,2025-09-29T01:42:43Z,2026-04-18T02:27:49Z
1417,23,172,sponsored,73,0.0394,46508.24,2026-01-11T14:02:12Z,2026-05-07T06:13:44Z
1418,8,292,affiliate,66,0.0449,43699.56,2025-10-07T01:34:03Z,2026-04-17T02:09:40Z
1419,50,394,ambassador,47,0.0649,42072.32,2026-02-27T14:41:23Z,2026-05-12T15:44:54Z
1420,18,214,organic,43,0.0188,7514.43,2025-09-09T20:47:17Z,2026-04-19T22:20:51Z
1421,18,429,organic,24,0.0211,45233.43,2025-12-01T21:39:26Z,2026-05-01T03:08:36Z
1423,29,111,affiliate,31,0.0976,12953.76,2026-01-20T22:23:05Z,2026-04-24T12:19:43Z
1424,49,474,ambassador,80,0.0753,27885.74,2025-08-17T11:46:13Z,2026-04-27T17:18:29Z
1426,25,29,organic,72,0.1181,3438.09,2025-07-04T14:53:36Z,2026-05-04T08:38:49Z
1427,50,479,sponsored,46,0.0563,17983.97,2025-12-23T18:29:58Z,2026-05-09T02:55:26Z
1428,35,335,affiliate,71,0.0234,30403.47,2025-09-30T09:50:53Z,2026-04-15T01:47:27Z
1429,22,467,ambassador,62,0.0545,38424.3,2025-11-10T15:33:02Z,2026-05-01T16:59:01Z
1430,33,201,organic,57,0.0846,28304.8,2025-08-25T02:30:13Z,2026-04-26T13:01:37Z
1432,17,64,sponsored,73,0.0377,19684.6,2026-01-25T10:52:03Z,2026-04-24T17:43:16Z
1434,42,92,ambassador,37,0.0895,12619.35,2025-06-25T16:57:59Z,2026-04-23T14:26:14Z
1435,28,76,organic,98,0.082,23978.55,2026-01-22T13:17:45Z,2026-04-15T08:38:22Z
1436,46,394,organic,51,0.1126,35591.64,2025-08-28T05:36:49Z,2026-04-22T22:33:12Z
1437,18,421,sponsored,3,0.0924,4539.41,2025-09-19T05:23:03Z,2026-05-06T11:11:46Z
1438,40,222,affiliate,58,0.0533,43807.89,2025-06-04T01:22:23Z,2026-05-12T21:30:07Z
1439,21,476,ambassador,90,0.0936,12279.68,2025-12-08T16:49:36Z,2026-04-14T01:08:02Z
1440,31,481,organic,19,0.0424,1748.34,2026-02-26T11:51:59Z,2026-04-16T00:09:40Z
1441,18,446,organic,26,0.0908,36922.81,2025-06-05T17:17:39Z,2026-04-26T02:21:47Z
1442,14,486,sponsored,95,0.0157,16100.13,2026-01-22T10:09:24Z,2026-04-15T09:32:33Z
1443,2,451,affiliate,67,0.1069,10527.84,2025-07-07T05:53:54Z,2026-04-23T13:54:09Z
1444,3,437,ambassador,91,0.0453,32955.58,2025-06-26T07:47:36Z,2026-04-24T06:41:10Z
1445,45,81,organic,66,0.0578,26101.07,2025-10-30T17:52:11Z,2026-04-27T09:39:59Z
1446,10,252,organic,97,0.0268,46201.01,2025-05-23T03:32:48Z,2026-04-29T19:25:31Z
1447,15,71,sponsored,69,0.0402,14669.78,2025-09-07T13:52:13Z,2026-04-28T16:36:11Z
1448,10,12,affiliate,95,0.0191,1350.19,2025-07-11T04:22:30Z,2026-04-23T11:10:45Z
1449,29,64,ambassador,37,0.0793,4732.55,2026-01-23T00:40:42Z,2026-04-22T01:58:18Z
1450,26,219,organic,58,0.0663,37682.79,2025-06-14T10:39:47Z,2026-05-07T22:51:13Z
1451,43,316,organic,34,0.0652,48969.56,2025-12-15T11:27:51Z,2026-05-03T17:28:22Z
1452,10,276,sponsored,81,0.1032,44590.46,2025-09-26T17:26:10Z,2026-04-14T04:27:32Z
1453,10,240,affiliate,10,0.0196,31027.84,2025-06-14T01:16:30Z,2026-04-18T19:48:50Z
1454,31,104,ambassador,86,0.0578,20814.23,2026-03-31T12:09:55Z,2026-04-19T07:43:42Z
1455,45,294,organic,46,0.0249,14634.07,2025-07-10T23:24:14Z,2026-04-22T16:48:09Z
1456,1,153,organic,41,0.0331,19297.04,2025-11-04T18:38:54Z,2026-05-01T00:14:07Z
1457,2,474,sponsored,60,0.0414,36370.9,2025-07-16T00:34:23Z,2026-04-25T11:01:05Z
1458,4,241,affiliate,33,0.0496,5748.37,2026-03-29T04:26:08Z,2026-05-05T02:29:25Z
1459,3,184,ambassador,31,0.1064,47670.63,2025-07-26T06:56:54Z,2026-05-03T20:12:43Z
1460,43,313,organic,54,0.1084,45174.81,2025-12-07T05:28:31Z,2026-05-01T08:40:53Z
1461,44,283,organic,50,0.0806,43530.72,2025-11-22T14:18:23Z,2026-04-16T15:15:31Z
1462,47,331,sponsored,4,0.063,26462.02,2026-02-27T11:52:41Z,2026-05-05T16:49:02Z
1464,14,91,ambassador,53,0.0364,5671.14,2025-05-29T17:31:42Z,2026-04-15T23:04:21Z
1465,44,483,organic,69,0.0761,19291.09,2026-03-11T03:11:42Z,2026-04-22T04:34:04Z
1466,19,371,organic,26,0.0158,35954.84,2025-12-30T14:27:02Z,2026-04-27T04:21:37Z
1468,42,262,affiliate,77,0.0284,28231.81,2025-06-05T13:56:06Z,2026-05-10T00:09:35Z
1469,35,223,ambassador,56,0.0913,20341.73,2025-10-01T03:12:59Z,2026-04-27T05:51:12Z
1470,3,65,organic,19,0.108,44427.99,2025-10-24T16:31:36Z,2026-04-20T10:03:27Z
1471,12,355,organic,89,0.0211,21685.46,2026-04-09T13:21:06Z,2026-04-15T11:47:28Z
1472,24,128,sponsored,45,0.1143,24210.81,2025-08-26T02:42:43Z,2026-05-12T07:58:48Z
1473,28,304,affiliate,71,0.0182,27580.22,2026-01-15T02:21:39Z,2026-05-10T09:26:41Z
1474,9,409,ambassador,59,0.0956,22111.29,2025-08-11T17:17:53Z,2026-04-19T14:54:46Z
1475,17,316,organic,43,0.0653,22680.09,2026-03-11T15:34:04Z,2026-04-15T08:01:33Z
1476,49,385,organic,10,0.0134,9569.76,2025-10-08T04:18:57Z,2026-04-24T06:38:18Z
1477,47,120,sponsored,77,0.115,9911.73,2026-01-18T14:54:09Z,2026-05-09T09:01:49Z
1479,9,306,ambassador,89,0.0937,32709.79,2025-12-12T13:34:49Z,2026-04-14T07:42:04Z
1480,36,267,organic,88,0.0596,23573.71,2026-02-27T13:57:51Z,2026-04-26T00:37:37Z
1481,41,135,organic,71,0.0637,25369.14,2025-06-24T01:59:26Z,2026-05-09T22:04:59Z
1482,2,415,sponsored,91,0.0239,9176.11,2025-07-24T18:10:43Z,2026-05-02T02:15:10Z
1483,50,389,affiliate,50,0.078,36026.52,2025-07-09T13:30:17Z,2026-04-21T13:54:45Z
1484,22,227,ambassador,1,0.1096,5108.01,2025-10-20T11:19:46Z,2026-05-01T18:55:48Z
1485,36,447,organic,53,0.0109,26312.35,2025-07-03T14:44:20Z,2026-05-08T05:56:43Z
1486,49,426,organic,17,0.051,10154.53,2025-06-11T14:21:21Z,2026-05-04T16:31:19Z
1487,41,333,sponsored,14,0.0803,7749.51,2025-11-06T03:25:01Z,2026-05-03T10:34:54Z
1488,14,351,affiliate,18,0.1101,29772.3,2025-09-30T23:53:14Z,2026-04-21T22:49:55Z
1489,19,116,ambassador,87,0.0345,39224.53,2025-09-07T09:59:29Z,2026-05-12T05:54:50Z
1490,19,374,organic,30,0.0258,32537.08,2025-10-13T09:09:38Z,2026-05-02T16:07:04Z
1491,50,205,organic,90,0.0679,25349.62,2025-06-27T08:28:29Z,2026-05-11T02:09:29Z
1492,31,233,sponsored,24,0.0503,11801.91,2025-10-05T20:16:39Z,2026-04-24T15:52:09Z
1493,26,57,affiliate,72,0.1092,4103.33,2026-03-28T11:57:42Z,2026-05-07T21:58:42Z
1495,17,335,organic,99,0.0264,44406.66,2026-01-22T15:29:08Z,2026-04-19T16:35:59Z
1496,12,22,organic,98,0.0333,2684.05,2025-05-29T02:52:05Z,2026-04-21T04:06:42Z
1497,24,217,sponsored,84,0.0418,38274.3,2025-08-01T03:37:42Z,2026-05-05T05:27:33Z
1498,43,170,affiliate,33,0.0432,18013.87,2025-07-29T13:21:01Z,2026-04-26T08:24:27Z
1500,19,236,organic,16,0.0603,30510.83,2025-09-20T09:50:03Z,2026-04-21T22:00:40Z
1501,9,333,organic,64,0.0708,24440.12,2026-04-03T03:10:55Z,2026-04-15T05:00:21Z
1502,30,86,sponsored,84,0.0667,46733.05,2026-01-10T11:29:56Z,2026-04-24T12:01:15Z
1503,3,377,affiliate,72,0.1175,36941.27,2026-01-13T17:54:58Z,2026-05-11T17:23:03Z
1504,30,31,ambassador,97,0.0557,21601.48,2025-06-16T15:26:27Z,2026-04-15T13:47:21Z
1505,3,226,organic,1,0.1127,21913.55,2025-06-10T16:49:49Z,2026-05-01T13:14:56Z
1506,42,176,organic,24,0.1137,47173.12,2025-11-25T04:13:51Z,2026-04-25T06:58:26Z
1507,22,371,sponsored,47,0.0748,42052.66,2025-11-02T06:40:47Z,2026-05-03T06:13:47Z
1508,11,209,affiliate,51,0.0322,33663.49,2025-08-23T18:24:01Z,2026-04-25T21:37:57Z
1510,31,375,organic,91,0.0946,31760.51,2025-06-25T05:00:19Z,2026-04-13T20:58:43Z
1511,36,66,organic,58,0.0288,1105.83,2025-10-20T14:44:01Z,2026-05-07T23:31:33Z
1512,46,227,sponsored,75,0.0815,16100.12,2025-11-16T17:20:25Z,2026-05-05T19:18:46Z
1513,7,344,affiliate,52,0.0701,22808.72,2025-06-23T22:05:11Z,2026-05-02T03:55:25Z
1514,43,92,ambassador,46,0.0711,8907.82,2025-10-23T01:44:54Z,2026-05-07T08:40:29Z
1515,20,166,organic,57,0.0706,30879.23,2025-06-09T12:01:53Z,2026-05-01T17:45:34Z
1516,23,18,organic,38,0.0733,7823.97,2025-12-21T11:44:20Z,2026-04-20T15:58:41Z
1517,44,453,sponsored,79,0.0785,32246.98,2026-04-02T01:40:07Z,2026-05-08T15:36:31Z
1518,11,387,affiliate,15,0.0632,2972.79,2025-11-15T20:02:26Z,2026-05-05T10:32:14Z
1519,16,47,ambassador,37,0.0553,42981.57,2025-08-03T14:04:46Z,2026-04-29T19:12:41Z
1520,4,331,organic,4,0.0945,23783.27,2025-09-12T05:03:10Z,2026-04-22T03:45:29Z
1521,43,420,organic,31,0.0451,39889.41,2026-02-15T21:42:16Z,2026-04-29T06:45:19Z
1522,42,242,sponsored,71,0.0537,15050.23,2025-12-18T14:49:07Z,2026-04-17T05:21:22Z
1523,20,9,affiliate,81,0.1122,718.52,2025-08-01T04:59:23Z,2026-04-17T15:59:14Z
1524,45,68,ambassador,3,0.036,484.07,2025-07-20T10:57:11Z,2026-04-24T11:32:34Z
1525,20,212,organic,33,0.0651,44422.48,2025-11-09T04:27:08Z,2026-04-27T06:48:41Z
1526,30,154,organic,95,0.1081,46817.77,2025-05-20T04:18:59Z,2026-04-22T03:36:20Z
1527,20,353,sponsored,29,0.0383,38596.34,2026-01-12T18:39:58Z,2026-05-13T03:22:13Z
1528,35,394,affiliate,63,0.0507,38701.86,2025-08-09T06:41:36Z,2026-05-10T15:23:59Z
1529,44,50,ambassador,95,0.0315,29944.87,2025-07-18T15:23:06Z,2026-05-03T09:52:31Z
1530,20,88,organic,93,0.1074,32918.6,2025-07-10T08:50:00Z,2026-05-04T17:47:59Z
1531,48,392,organic,64,0.0552,24013.06,2026-02-24T13:58:26Z,2026-05-08T20:49:37Z
1532,46,148,sponsored,25,0.0866,29871.33,2026-01-17T04:38:31Z,2026-04-20T09:14:29Z
1533,11,34,affiliate,59,0.0928,28247.66,2025-11-01T04:13:08Z,2026-04-20T00:34:27Z
1534,46,372,ambassador,23,0.0449,7862.96,2025-09-09T23:58:27Z,2026-05-04T23:03:54Z
1535,19,55,organic,55,0.0898,3362.34,2025-09-08T16:21:30Z,2026-05-10T11:33:16Z
1536,15,378,organic,52,0.0852,1876.22,2025-12-21T09:54:22Z,2026-04-26T13:56:45Z
1537,35,102,sponsored,96,0.0983,43568.12,2025-06-06T23:48:29Z,2026-05-09T09:19:13Z
1539,48,138,ambassador,69,0.1043,12720.95,2025-08-22T19:58:39Z,2026-04-24T08:34:33Z
1540,19,438,organic,79,0.1066,1327.25,2026-01-06T14:33:51Z,2026-04-16T18:34:13Z
1541,6,457,organic,32,0.039,34718.69,2025-08-07T19:00:57Z,2026-04-21T23:10:43Z
1543,35,30,affiliate,99,0.0123,46397.56,2025-07-22T19:40:48Z,2026-05-09T06:31:31Z
1544,2,108,ambassador,32,0.0545,11465.03,2025-12-15T10:04:51Z,2026-04-26T02:11:29Z
1545,12,124,organic,69,0.1176,42864.03,2025-11-14T10:18:29Z,2026-05-13T05:12:48Z
1547,18,314,sponsored,80,0.1144,37844.84,2025-09-13T17:58:20Z,2026-05-01T18:15:39Z
1548,41,287,affiliate,2,0.0155,25384.79,2026-02-03T05:32:55Z,2026-04-28T01:46:04Z
1549,8,329,ambassador,84,0.1121,49686.57,2025-11-28T11:14:35Z,2026-04-25T05:41:45Z
1550,1,442,organic,90,0.0299,17674.54,2026-01-25T19:40:58Z,2026-04-16T05:20:15Z
1551,37,354,organic,87,0.0401,21426.11,2025-06-01T21:23:42Z,2026-04-14T05:12:29Z
1552,49,467,sponsored,79,0.0154,46963.14,2025-09-26T14:44:41Z,2026-05-04T21:29:03Z
1553,38,441,affiliate,49,0.0119,5828.13,2025-07-03T10:45:35Z,2026-05-12T02:06:28Z
1554,21,340,ambassador,81,0.0841,31115.75,2025-08-01T21:35:42Z,2026-04-27T14:51:13Z
1555,50,18,organic,85,0.063,17575.42,2026-01-15T06:12:05Z,2026-05-10T14:27:21Z
1556,1,471,organic,3,0.0632,7848.77,2026-01-01T13:10:58Z,2026-05-07T03:11:23Z
1557,31,214,sponsored,21,0.0928,15165.29,2026-03-12T15:02:02Z,2026-05-12T15:05:36Z
1558,1,371,affiliate,23,0.093,46108.99,2025-08-14T03:48:45Z,2026-05-01T10:33:23Z
1559,18,312,ambassador,80,0.0563,48869.26,2025-07-09T18:27:59Z,2026-04-29T16:27:08Z
1560,16,28,organic,15,0.1147,27570.72,2025-12-31T13:19:50Z,2026-05-06T03:08:28Z
1561,3,390,organic,23,0.0897,14115.28,2026-01-17T16:33:17Z,2026-05-08T19:06:50Z
1562,50,448,sponsored,70,0.0802,25672.89,2025-08-04T19:11:08Z,2026-04-21T00:23:38Z
1563,48,285,affiliate,88,0.0863,44886.2,2025-06-18T01:52:34Z,2026-04-30T09:50:21Z
1565,50,255,organic,99,0.0494,44403.85,2026-01-18T19:59:01Z,2026-04-21T04:33:51Z
1566,2,236,organic,90,0.1108,31745.83,2026-03-11T05:31:42Z,2026-04-14T00:01:52Z
1567,8,271,sponsored,17,0.1129,20380.58,2025-12-21T02:09:10Z,2026-04-13T13:04:06Z
1568,48,18,affiliate,39,0.0635,7951.27,2026-02-10T23:18:35Z,2026-04-28T00:08:30Z
1569,8,285,ambassador,29,0.0395,38736.83,2026-02-22T08:42:03Z,2026-05-02T20:37:12Z
1570,40,468,organic,38,0.0704,11584.1,2025-09-06T04:15:08Z,2026-04-17T04:42:10Z
1571,11,482,organic,67,0.015,22228.05,2025-09-24T06:09:50Z,2026-04-17T07:04:16Z
1572,13,138,sponsored,45,0.0445,19418.26,2025-05-31T18:50:34Z,2026-04-29T05:21:18Z
1573,34,88,affiliate,87,0.0145,41547.41,2026-04-04T22:22:29Z,2026-05-04T06:38:38Z
1574,13,29,ambassador,27,0.0578,2578.51,2025-12-14T02:07:38Z,2026-04-22T11:35:46Z
1575,40,404,organic,81,0.0784,15905.89,2025-09-01T04:55:11Z,2026-04-13T10:10:49Z
1576,25,484,organic,36,0.056,23122.43,2025-05-24T03:57:16Z,2026-04-29T09:31:42Z
1577,49,113,sponsored,74,0.0598,16421.09,2026-01-28T17:38:19Z,2026-04-18T04:09:12Z
1579,2,17,ambassador,74,0.035,21101.21,2025-08-28T19:41:00Z,2026-04-16T23:31:13Z
1580,30,61,organic,32,0.1056,46538.39,2025-07-09T07:22:26Z,2026-05-10T12:19:43Z
1581,33,413,organic,51,0.0978,12755.95,2026-03-29T02:39:47Z,2026-04-22T04:05:17Z
1582,20,241,sponsored,28,0.1019,38168.55,2025-10-10T16:13:42Z,2026-05-05T07:36:24Z
1583,27,467,affiliate,27,0.0484,35110.37,2025-08-07T13:38:50Z,2026-04-22T03:56:00Z
1584,21,18,ambassador,30,0.0166,4580.47,2025-07-25T23:33:39Z,2026-04-18T07:49:19Z
1585,9,281,organic,55,0.1167,3102.05,2025-12-17T06:47:20Z,2026-04-25T23:18:27Z
1586,33,442,organic,20,0.0207,31606.85,2025-06-07T16:46:18Z,2026-04-17T09:57:56Z
1587,40,145,sponsored,50,0.1151,31487.8,2026-02-21T20:51:15Z,2026-04-15T00:11:34Z
1588,42,28,affiliate,58,0.0472,43340.48,2025-12-01T16:56:11Z,2026-04-22T09:02:01Z
1589,47,142,ambassador,63,0.0557,30853.7,2026-01-17T06:42:59Z,2026-05-02T17:42:41Z
1592,34,222,sponsored,1,0.1109,41824.72,2025-11-25T20:49:52Z,2026-04-28T10:32:44Z
1593,22,465,affiliate,67,0.1192,31921.79,2026-01-31T07:48:26Z,2026-05-11T03:48:14Z
1594,26,222,ambassador,45,0.0303,27506.07,2026-01-08T16:13:45Z,2026-05-06T20:08:13Z
1595,38,473,organic,59,0.0334,17263.35,2026-02-17T21:36:23Z,2026-05-03T16:13:25Z
1596,5,385,organic,70,0.0687,42330.39,2025-08-19T10:09:35Z,2026-04-17T23:03:53Z
1598,14,311,affiliate,50,0.1164,45841.39,2026-03-16T03:43:57Z,2026-04-20T09:20:28Z
1600,40,83,organic,24,0.1123,9810.11,2026-02-05T06:07:23Z,2026-04-14T06:23:15Z
1601,40,186,organic,84,0.094,13131.87,2025-05-16T20:27:12Z,2026-04-26T06:01:38Z
1602,33,236,sponsored,73,0.0996,45713.94,2025-08-16T07:19:40Z,2026-04-22T00:09:30Z
1604,48,320,ambassador,41,0.0807,43822.99,2026-03-14T04:13:14Z,2026-05-11T17:53:22Z
1605,13,57,organic,3,0.1194,20255.93,2025-12-04T22:14:05Z,2026-05-12T13:49:05Z
1606,45,240,organic,54,0.0728,28218.83,2025-10-28T17:04:12Z,2026-04-26T15:33:51Z
1607,21,214,sponsored,50,0.015,31010.82,2025-06-29T21:03:57Z,2026-04-16T20:14:17Z
1608,42,140,affiliate,80,0.026,42569.45,2025-12-05T23:42:57Z,2026-04-30T09:10:38Z
1609,13,458,ambassador,82,0.0657,5243.98,2025-09-24T20:32:58Z,2026-04-23T22:44:57Z
1611,12,235,organic,65,0.0182,23811.22,2025-12-09T05:04:44Z,2026-04-13T13:18:57Z
1612,14,133,sponsored,53,0.0878,18709.65,2025-06-28T10:26:07Z,2026-05-01T17:24:13Z
1613,49,202,affiliate,43,0.0826,15891.11,2025-07-03T16:05:51Z,2026-05-01T09:30:40Z
1614,30,68,ambassador,22,0.0594,30719.64,2025-11-30T04:38:11Z,2026-05-06T18:21:25Z
1615,32,369,organic,50,0.1041,16776.14,2025-10-16T12:20:52Z,2026-04-16T06:08:15Z
1616,39,89,organic,14,0.0235,32677.95,2025-05-26T02:24:44Z,2026-04-14T13:16:13Z
1617,16,335,sponsored,89,0.0179,437.03,2026-03-18T13:12:55Z,2026-04-27T01:18:55Z
1618,22,339,affiliate,21,0.0976,19564.22,2025-08-31T23:57:55Z,2026-04-22T20:51:59Z
1619,5,25,ambassador,30,0.0226,6174.19,2025-10-31T01:39:08Z,2026-05-09T14:44:57Z
1620,31,31,organic,61,0.0248,2174.14,2025-10-17T17:12:12Z,2026-05-10T17:41:04Z
1621,4,192,organic,62,0.0786,26439.41,2026-01-04T04:20:40Z,2026-04-23T11:55:24Z
1622,8,146,sponsored,99,0.0154,4478.95,2025-11-20T06:02:07Z,2026-04-30T08:40:45Z
1623,8,82,affiliate,54,0.057,29156.99,2026-02-05T00:23:57Z,2026-04-17T03:57:09Z
1624,16,311,ambassador,25,0.0385,1200.82,2025-10-03T02:52:20Z,2026-04-30T05:07:22Z
1625,37,210,organic,16,0.018,23389.14,2026-02-16T10:59:05Z,2026-05-11T16:06:44Z
1627,7,357,sponsored,55,0.0391,32793.59,2025-09-02T03:11:24Z,2026-05-12T10:09:19Z
1631,7,108,organic,57,0.0894,46377.4,2025-11-22T05:42:57Z,2026-04-26T08:13:33Z
1632,15,450,sponsored,29,0.0836,19364.59,2025-11-13T23:31:54Z,2026-05-11T05:10:08Z
1634,12,140,ambassador,76,0.0905,42052.15,2026-01-20T11:32:36Z,2026-04-30T00:41:53Z
1635,34,219,organic,94,0.0967,44292.25,2025-09-24T04:49:49Z,2026-05-02T09:39:55Z
1636,38,213,organic,91,0.0594,12681.33,2025-09-19T08:28:27Z,2026-05-10T21:34:58Z
1637,30,252,sponsored,33,0.0442,16143.3,2025-09-19T11:46:55Z,2026-04-23T23:42:57Z
1639,4,401,ambassador,17,0.0748,43456.37,2025-10-23T15:21:25Z,2026-05-11T03:21:21Z
1640,41,439,organic,4,0.0241,44130.65,2025-05-16T19:24:23Z,2026-05-12T06:49:50Z
1641,38,6,organic,96,0.1141,31666.81,2025-07-19T17:47:28Z,2026-04-27T06:28:05Z
1643,32,188,affiliate,65,0.1141,20795.9,2025-10-16T06:33:10Z,2026-05-03T12:07:37Z
1644,16,211,ambassador,52,0.016,25393.95,2026-03-04T08:10:39Z,2026-04-22T01:41:25Z
1645,20,156,organic,35,0.0183,31253.86,2025-09-19T21:51:39Z,2026-04-29T06:57:40Z
1646,44,284,organic,70,0.0966,40467.53,2026-01-21T17:09:43Z,2026-04-30T15:05:05Z
1647,15,193,sponsored,41,0.0643,44680.29,2025-08-12T09:59:05Z,2026-04-20T23:32:54Z
1648,16,281,affiliate,46,0.0304,20966.02,2025-10-06T23:29:19Z,2026-04-19T04:36:57Z
1649,26,43,ambassador,66,0.0131,5803.48,2025-06-20T14:10:26Z,2026-04-22T22:26:44Z
1650,50,488,organic,83,0.0471,40160.95,2025-10-19T09:54:25Z,2026-05-01T01:35:53Z
1651,10,441,organic,37,0.0877,46384.66,2025-08-07T04:12:58Z,2026-04-19T12:32:27Z
1652,17,125,sponsored,80,0.0998,34514.21,2026-02-15T14:33:46Z,2026-04-26T00:06:55Z
1653,37,448,affiliate,88,0.0258,34954.68,2026-03-01T12:49:08Z,2026-04-16T17:20:36Z
1654,35,289,ambassador,47,0.0987,11835.86,2026-01-15T12:56:56Z,2026-04-24T13:45:37Z
1655,10,462,organic,90,0.0192,31244.57,2026-03-04T06:07:24Z,2026-05-12T22:39:14Z
1657,39,407,sponsored,61,0.1038,39826.96,2025-10-06T04:48:34Z,2026-05-09T04:27:42Z
1658,35,474,affiliate,23,0.0647,5609.7,2025-06-22T07:15:54Z,2026-04-13T11:59:24Z
1659,7,312,ambassador,34,0.0236,34159.6,2025-08-21T12:23:56Z,2026-05-01T04:51:39Z
1661,37,242,organic,48,0.0623,47744.5,2025-10-28T14:54:29Z,2026-04-27T00:14:52Z
1662,20,17,sponsored,94,0.1122,11327.83,2025-07-01T04:30:43Z,2026-04-22T14:26:49Z
1663,3,386,affiliate,8,0.0934,37721.06,2025-12-17T02:20:52Z,2026-04-24T17:48:33Z
1664,45,336,ambassador,15,0.0863,26614.25,2026-02-16T11:31:40Z,2026-04-14T11:18:28Z
1665,10,84,organic,33,0.0675,2848.21,2025-09-18T01:09:36Z,2026-05-08T09:35:20Z
1666,46,356,organic,5,0.0645,45760.51,2025-05-31T23:40:34Z,2026-05-11T13:13:43Z
1667,44,93,sponsored,81,0.0908,24351.74,2025-11-01T00:43:46Z,2026-04-24T07:37:36Z
1668,34,90,affiliate,81,0.0383,12219.7,2025-09-15T00:13:23Z,2026-04-30T19:10:12Z
1669,2,317,ambassador,44,0.0269,33394.05,2025-06-23T07:51:06Z,2026-04-16T05:20:08Z
1670,5,279,organic,10,0.026,28939.74,2025-08-09T07:27:21Z,2026-04-27T00:00:14Z
1671,36,13,organic,82,0.0777,26962.34,2025-11-17T02:44:06Z,2026-04-24T19:23:49Z
1672,9,313,sponsored,33,0.033,17461.51,2025-07-27T14:49:15Z,2026-04-29T17:32:07Z
1673,21,472,affiliate,94,0.019,13207.45,2025-09-22T04:27:23Z,2026-05-11T05:26:34Z
1674,20,453,ambassador,40,0.0107,25554.48,2026-02-19T14:47:21Z,2026-05-13T04:54:41Z
1675,39,273,organic,28,0.0307,25652.54,2025-11-11T11:43:15Z,2026-05-04T15:16:58Z
1676,37,124,organic,87,0.0556,13252.12,2025-08-04T21:41:52Z,2026-05-06T09:37:19Z
1677,50,106,sponsored,61,0.0191,41857.11,2025-07-02T20:18:05Z,2026-05-08T05:29:59Z
1678,42,345,affiliate,22,0.1168,32974.79,2025-05-30T13:44:27Z,2026-04-22T04:23:31Z
1679,27,481,ambassador,62,0.0438,49737.12,2025-06-15T08:56:28Z,2026-05-02T16:10:10Z
1680,8,387,organic,50,0.0178,1303.97,2025-12-22T18:37:35Z,2026-04-18T13:16:30Z
1681,12,341,organic,32,0.0384,41089.1,2025-08-27T20:05:48Z,2026-04-29T04:08:07Z
1682,38,124,sponsored,18,0.0476,42994.22,2026-01-27T22:36:23Z,2026-04-21T05:47:16Z
1683,11,114,affiliate,89,0.0154,21708.46,2025-06-10T23:03:07Z,2026-05-12T13:12:31Z
1685,13,463,organic,91,0.0168,27170.8,2025-11-01T00:46:21Z,2026-05-10T17:34:27Z
1686,27,443,organic,45,0.056,10000.28,2025-06-20T08:53:58Z,2026-04-17T01:30:02Z
1687,42,417,sponsored,5,0.033,6596.78,2026-01-18T11:40:17Z,2026-05-07T10:09:48Z
1688,12,205,affiliate,10,0.0399,5605.73,2025-09-24T05:35:16Z,2026-04-24T05:27:05Z
1689,12,25,ambassador,33,0.0169,31254.61,2025-12-05T07:19:56Z,2026-04-18T19:03:44Z
1690,40,328,organic,43,0.0522,6301.75,2026-02-10T13:47:28Z,2026-04-24T10:00:25Z
1691,22,385,organic,92,0.0399,38120.23,2026-03-19T09:27:31Z,2026-04-29T18:29:52Z
1692,46,13,sponsored,61,0.0935,7577.27,2026-02-17T06:59:22Z,2026-04-28T00:43:50Z
1693,3,252,affiliate,70,0.0953,26895.38,2025-11-26T01:56:39Z,2026-04-25T19:07:26Z
1694,27,409,ambassador,24,0.1194,27675.72,2025-12-30T19:31:41Z,2026-05-06T18:19:07Z
1695,49,114,organic,84,0.0719,1791.67,2026-03-01T18:46:52Z,2026-04-28T15:00:14Z
1696,9,86,organic,72,0.0125,31300.85,2026-01-18T07:36:40Z,2026-04-13T16:46:37Z
1697,11,240,sponsored,57,0.0848,44836.5,2025-10-20T17:58:32Z,2026-04-26T07:38:24Z
1698,11,415,affiliate,97,0.0817,780.47,2025-06-25T06:06:50Z,2026-04-30T15:49:20Z
1699,17,117,ambassador,49,0.091,15264.76,2026-01-03T22:02:37Z,2026-04-29T05:11:48Z
1700,4,365,organic,25,0.0463,16929.43,2026-01-23T11:05:33Z,2026-05-11T01:46:55Z
1701,7,469,organic,76,0.0914,45056.92,2026-02-17T21:36:07Z,2026-05-07T05:36:47Z
1702,37,374,sponsored,56,0.0934,7658.83,2026-02-07T21:31:59Z,2026-04-24T15:25:25Z
1703,13,351,affiliate,98,0.0509,18210.1,2025-05-18T01:45:07Z,2026-04-15T23:08:42Z
1704,24,12,ambassador,50,0.0856,49792.64,2026-01-22T09:17:00Z,2026-04-27T10:44:12Z
1706,38,66,organic,85,0.0918,31625.16,2025-05-16T23:22:41Z,2026-05-10T14:04:11Z
1707,20,337,sponsored,36,0.0707,573.02,2025-11-10T04:28:51Z,2026-04-30T10:03:36Z
1708,6,117,affiliate,25,0.1,13082.81,2025-10-03T04:01:04Z,2026-04-18T16:02:10Z
1709,48,4,ambassador,27,0.0901,48849.75,2025-05-25T13:52:33Z,2026-04-20T13:17:22Z
1710,12,442,organic,70,0.1088,16316.39,2025-11-02T12:12:02Z,2026-04-13T17:18:37Z
1711,18,480,organic,47,0.093,33596.34,2026-01-10T19:07:33Z,2026-05-12T11:35:20Z
1712,2,470,sponsored,12,0.0212,23972.69,2025-07-27T01:09:56Z,2026-04-24T01:36:14Z
1713,4,163,affiliate,86,0.057,17116.11,2026-01-31T00:03:54Z,2026-04-29T05:14:53Z
1714,6,404,ambassador,51,0.1056,44439.92,2025-07-20T11:51:00Z,2026-05-04T18:11:04Z
1715,1,415,organic,54,0.0494,21849.96,2025-06-16T07:36:10Z,2026-04-17T14:20:42Z
1716,46,257,organic,85,0.0426,26512.23,2025-05-31T19:38:44Z,2026-05-11T19:55:32Z
1717,25,25,sponsored,37,0.0158,14767.99,2025-09-17T11:49:11Z,2026-04-23T12:00:02Z
1718,13,452,affiliate,37,0.0581,15234.7,2025-10-29T15:28:41Z,2026-05-06T22:12:21Z
1719,44,129,ambassador,5,0.0853,6068.32,2025-10-03T18:52:59Z,2026-05-01T14:55:49Z
1720,20,10,organic,96,0.0528,14939.18,2025-10-30T01:31:55Z,2026-05-02T05:56:16Z
1721,44,395,organic,48,0.1012,13253.32,2025-07-04T02:17:38Z,2026-05-08T11:58:18Z
1722,6,62,sponsored,53,0.0244,35778.19,2025-09-04T10:10:58Z,2026-04-29T22:21:35Z
1724,33,207,ambassador,69,0.1116,48208.7,2026-04-08T09:51:34Z,2026-04-17T03:20:19Z
1725,18,426,organic,43,0.0273,21224.49,2026-02-24T09:59:25Z,2026-05-11T06:51:41Z
1726,10,107,organic,60,0.0564,31034.24,2025-08-05T12:24:11Z,2026-04-13T12:42:30Z
1727,49,345,sponsored,14,0.0398,30397.69,2025-05-24T07:18:56Z,2026-04-22T12:49:59Z
1728,10,425,affiliate,98,0.1136,45719.83,2026-03-23T22:38:32Z,2026-04-19T20:13:04Z
1730,28,332,organic,20,0.1089,43831.99,2026-03-27T15:43:27Z,2026-04-26T06:39:15Z
1731,33,159,organic,30,0.0253,30274.35,2025-08-12T20:53:00Z,2026-04-15T23:47:45Z
1732,2,323,sponsored,62,0.0259,44015.75,2025-06-29T21:17:57Z,2026-05-04T17:25:10Z
1733,40,239,affiliate,94,0.0312,31890.24,2025-07-27T15:03:42Z,2026-04-19T12:14:17Z
1734,47,94,ambassador,69,0.0288,21249.72,2026-02-06T07:17:01Z,2026-04-17T01:59:42Z
1735,29,91,organic,84,0.0391,14548.96,2025-05-15T08:07:31Z,2026-05-03T19:30:13Z
1736,24,349,organic,85,0.1137,35879.91,2025-11-28T17:31:28Z,2026-04-16T00:43:05Z
1737,19,277,sponsored,90,0.0642,3738.08,2026-01-30T17:53:02Z,2026-04-21T02:57:41Z
1738,16,480,affiliate,69,0.0986,11972.33,2026-01-14T02:28:40Z,2026-04-18T13:53:54Z
1740,48,302,organic,46,0.0486,28392.94,2026-02-23T19:07:32Z,2026-04-21T16:39:36Z
1741,11,171,organic,11,0.0114,16921.53,2025-08-22T06:54:21Z,2026-04-30T18:16:42Z
1742,14,449,sponsored,91,0.0913,8706.87,2025-10-03T05:58:11Z,2026-05-01T20:53:55Z
1743,22,54,affiliate,10,0.0143,24499.71,2025-12-21T13:28:59Z,2026-04-23T17:56:35Z
1744,31,301,ambassador,24,0.0832,935.18,2025-12-08T01:27:37Z,2026-04-21T15:03:49Z
1746,16,194,organic,23,0.0654,8950.55,2025-08-07T23:33:29Z,2026-04-28T18:55:27Z
1747,34,290,sponsored,57,0.0466,43229.42,2025-12-05T05:24:09Z,2026-04-13T19:12:34Z
1748,6,394,affiliate,1,0.0307,37836.96,2025-05-26T16:21:03Z,2026-04-17T08:18:35Z
1749,19,237,ambassador,74,0.0616,37310.37,2025-09-11T15:50:45Z,2026-04-27T03:07:13Z
1750,24,375,organic,7,0.0638,48427.97,2025-09-20T10:56:13Z,2026-04-15T14:46:22Z
1751,15,410,organic,53,0.0276,46372.14,2026-01-28T04:45:44Z,2026-04-14T19:35:18Z
1752,24,306,sponsored,65,0.0235,8926.62,2025-08-10T23:24:53Z,2026-05-03T20:25:06Z
1753,41,87,affiliate,15,0.1124,16516.23,2026-03-22T13:15:40Z,2026-04-19T20:59:24Z
1754,8,425,ambassador,5,0.0822,25174.61,2025-10-10T05:44:00Z,2026-05-08T15:09:05Z
1755,28,89,organic,26,0.0267,10972.84,2025-10-23T06:53:25Z,2026-05-05T12:03:06Z
1756,37,114,organic,14,0.0356,29127.6,2025-10-20T22:29:00Z,2026-04-28T17:46:26Z
1757,34,232,sponsored,78,0.0705,40745.34,2025-08-25T07:23:17Z,2026-05-01T03:40:39Z
1758,5,65,affiliate,28,0.0221,23852.2,2025-05-22T12:58:42Z,2026-04-15T02:15:19Z
1759,17,40,ambassador,32,0.0635,20271.69,2026-02-01T03:29:51Z,2026-04-24T13:20:45Z
1760,43,82,organic,39,0.1098,48186.59,2025-11-10T11:19:44Z,2026-05-12T07:09:34Z
1761,38,329,organic,42,0.119,26829.86,2025-10-03T16:03:44Z,2026-04-22T15:59:16Z
1762,35,362,sponsored,7,0.0755,34169.02,2025-11-19T07:27:48Z,2026-04-23T08:14:44Z
1763,33,115,affiliate,10,0.0712,29669.01,2025-09-30T04:44:59Z,2026-05-06T22:43:57Z
1765,22,122,organic,59,0.0732,17894.08,2025-07-09T18:02:40Z,2026-05-10T21:46:03Z
1766,34,416,organic,80,0.0273,35444.04,2026-04-10T12:47:43Z,2026-04-15T10:01:13Z
1767,39,370,sponsored,16,0.017,22254.65,2025-08-13T16:47:38Z,2026-05-01T10:58:07Z
1768,38,476,affiliate,13,0.076,40656.93,2025-06-16T10:28:23Z,2026-05-07T21:38:39Z
1769,18,145,ambassador,56,0.1169,40987.05,2026-01-10T00:39:18Z,2026-05-05T18:36:45Z
1770,5,439,organic,68,0.0486,13967.57,2025-11-06T22:58:26Z,2026-04-18T22:54:22Z
1771,48,52,organic,49,0.0492,16749.99,2025-12-10T04:13:22Z,2026-04-22T09:52:22Z
1772,40,288,sponsored,82,0.059,42179.79,2025-08-24T22:39:05Z,2026-05-12T08:22:26Z
1773,4,239,affiliate,76,0.0884,6201.86,2025-09-10T01:57:52Z,2026-04-24T05:48:18Z
1775,2,308,organic,87,0.0525,41457.9,2025-06-19T20:18:47Z,2026-05-09T22:36:52Z
1777,7,123,sponsored,1,0.1068,38224.7,2026-04-09T06:32:43Z,2026-04-19T05:04:50Z
1778,1,159,affiliate,98,0.114,27495.38,2026-01-27T10:14:56Z,2026-04-21T02:02:07Z
1780,21,350,organic,56,0.0262,9226.89,2025-12-22T00:07:24Z,2026-04-23T05:42:37Z
1781,49,376,organic,51,0.0389,44653.45,2025-09-09T00:27:47Z,2026-04-27T00:32:23Z
1782,43,209,sponsored,61,0.1112,46705.64,2026-03-09T20:55:24Z,2026-04-14T02:25:18Z
1783,9,52,affiliate,13,0.102,49514.41,2025-09-29T06:32:10Z,2026-04-23T07:11:56Z
1784,25,432,ambassador,79,0.1089,35850.09,2025-12-13T03:15:57Z,2026-05-04T19:50:39Z
1785,22,169,organic,55,0.0908,38820.26,2025-12-27T07:19:34Z,2026-05-04T23:53:54Z
1786,11,313,organic,49,0.0534,32540.59,2025-12-15T22:35:24Z,2026-04-15T14:41:27Z
1787,2,282,sponsored,35,0.0289,34193.44,2025-12-28T16:49:46Z,2026-05-05T21:05:05Z
1788,36,73,affiliate,81,0.0842,10710.87,2025-11-07T04:43:06Z,2026-04-17T07:48:52Z
1789,25,430,ambassador,55,0.0461,49425.12,2026-03-11T06:56:22Z,2026-04-26T00:58:19Z
1790,11,457,organic,20,0.0264,36928.02,2025-11-07T11:11:41Z,2026-04-26T07:40:01Z
1791,38,238,organic,76,0.0129,7924.85,2026-04-08T18:10:39Z,2026-04-23T13:30:40Z
1792,29,56,sponsored,15,0.056,25446.97,2026-03-09T16:20:40Z,2026-05-10T03:08:59Z
1793,28,11,affiliate,60,0.0383,9742.54,2025-07-09T13:39:56Z,2026-04-27T02:56:35Z
1794,32,290,ambassador,97,0.1036,14141.83,2026-03-01T22:28:05Z,2026-05-07T20:26:40Z
1796,16,409,organic,34,0.0954,29087.59,2026-04-06T18:05:52Z,2026-04-16T10:24:37Z
1797,20,321,sponsored,44,0.07,6039.89,2026-02-11T02:41:03Z,2026-04-29T16:09:24Z
1798,7,15,affiliate,69,0.0499,2944.63,2025-10-13T12:43:45Z,2026-04-25T04:29:29Z
1799,39,437,ambassador,21,0.0617,41297.4,2025-11-29T10:51:59Z,2026-05-13T07:56:41Z
1800,46,81,organic,15,0.0996,46756.92,2025-11-15T06:05:52Z,2026-05-03T09:40:03Z
1801,31,307,organic,16,0.0737,24098.09,2025-05-20T02:07:06Z,2026-05-08T07:57:50Z
1802,36,77,sponsored,31,0.0548,7818.59,2025-06-23T12:54:33Z,2026-04-23T04:28:12Z
1803,44,140,affiliate,5,0.0723,45144.23,2025-06-02T18:13:53Z,2026-04-20T03:27:50Z
1804,33,363,ambassador,78,0.0643,9191.95,2026-03-29T09:03:25Z,2026-05-07T10:56:36Z
1805,30,434,organic,88,0.0897,40343.11,2025-09-19T13:06:45Z,2026-04-22T07:40:39Z
1806,26,330,organic,53,0.0947,34958.07,2025-06-10T09:15:05Z,2026-05-08T04:39:03Z
1807,3,44,sponsored,15,0.0867,34354.47,2026-03-27T15:16:36Z,2026-04-29T01:06:46Z
1808,4,42,affiliate,59,0.0752,9203.33,2026-03-06T13:54:36Z,2026-05-10T11:34:28Z
1810,49,454,organic,11,0.0835,27463.59,2026-02-03T10:35:38Z,2026-04-24T04:15:55Z
1811,50,474,organic,74,0.1143,1408.46,2025-06-09T07:40:53Z,2026-05-02T18:42:36Z
1812,22,408,sponsored,97,0.0376,6490.6,2025-07-23T07:50:04Z,2026-05-08T00:00:58Z
1813,4,487,affiliate,82,0.0776,40801.74,2025-11-03T11:48:49Z,2026-04-25T23:19:52Z
1814,27,285,ambassador,21,0.0828,42004.5,2026-01-08T08:44:41Z,2026-04-22T00:01:11Z
1815,32,172,organic,34,0.0838,700.85,2026-01-29T23:05:53Z,2026-05-12T22:42:29Z
1816,6,251,organic,94,0.0771,47118.43,2026-03-20T21:18:48Z,2026-05-11T15:45:36Z
1817,17,278,sponsored,25,0.1122,1991.6,2026-01-17T01:38:47Z,2026-04-26T01:53:14Z
1818,37,290,affiliate,25,0.0192,39286.29,2025-07-03T17:16:38Z,2026-04-24T00:56:54Z
1819,41,12,ambassador,66,0.0833,13485.74,2025-08-24T11:55:01Z,2026-05-10T12:24:48Z
1820,43,95,organic,27,0.0367,14892.01,2026-03-01T19:23:44Z,2026-04-23T02:46:05Z
1821,47,439,organic,67,0.0262,2301.33,2025-07-08T22:51:59Z,2026-04-29T12:07:05Z
1822,31,228,sponsored,24,0.0738,43696.62,2025-05-25T21:07:45Z,2026-04-21T17:59:45Z
1823,7,91,affiliate,32,0.1,12172.08,2025-08-29T09:40:31Z,2026-04-20T00:36:20Z
1824,39,314,ambassador,70,0.0964,13105.15,2025-12-25T16:25:12Z,2026-04-26T04:21:37Z
1825,44,186,organic,60,0.1171,7499.68,2026-01-19T10:14:39Z,2026-04-16T19:10:52Z
1826,32,40,organic,55,0.0546,15517.49,2025-06-20T17:31:33Z,2026-05-01T21:30:41Z
1827,45,307,sponsored,39,0.0546,43853.24,2025-11-26T04:57:51Z,2026-04-23T13:31:47Z
1828,22,464,affiliate,3,0.0185,38316.28,2025-12-06T03:43:10Z,2026-04-21T19:27:23Z
1829,8,490,ambassador,72,0.11,10417.82,2026-03-21T07:52:04Z,2026-04-25T14:24:09Z
1830,31,241,organic,47,0.0661,2157.21,2026-01-13T05:02:17Z,2026-04-27T04:10:20Z
1832,26,59,sponsored,45,0.0867,13415.76,2025-09-25T12:49:05Z,2026-04-15T04:35:09Z
1833,8,486,affiliate,69,0.0435,12412.62,2025-09-21T12:31:00Z,2026-04-27T00:51:20Z
1834,15,303,ambassador,99,0.1116,18812.67,2025-07-02T11:51:30Z,2026-05-01T03:50:33Z
1835,34,323,organic,94,0.0509,30714.84,2025-06-28T04:34:41Z,2026-04-26T02:27:07Z
1836,13,94,organic,26,0.0411,25088.89,2026-02-16T08:43:56Z,2026-04-17T20:31:39Z
1837,14,157,sponsored,85,0.0487,2858.5,2026-01-07T01:56:58Z,2026-04-15T20:57:31Z
1838,37,37,affiliate,6,0.0465,44271.12,2025-10-14T10:23:03Z,2026-04-30T20:08:40Z
1839,29,26,ambassador,55,0.1168,41269.82,2026-02-28T09:21:32Z,2026-04-16T18:09:22Z
1840,37,153,organic,28,0.0666,39341.9,2026-02-04T14:17:42Z,2026-04-30T15:05:24Z
1841,25,423,organic,16,0.0666,46344.04,2025-12-01T18:29:05Z,2026-04-24T04:37:26Z
1842,34,141,sponsored,84,0.0227,46292.04,2025-11-08T21:06:27Z,2026-04-13T09:50:04Z
1843,28,240,affiliate,79,0.0312,45782.67,2026-03-01T22:30:42Z,2026-05-06T21:32:01Z
1844,1,194,ambassador,17,0.0359,23899.28,2026-03-02T03:41:05Z,2026-04-19T23:49:38Z
1845,6,26,organic,78,0.0702,7437.69,2026-03-19T14:41:29Z,2026-05-05T19:38:44Z
1846,1,222,organic,97,0.0715,41341.15,2026-01-16T01:36:50Z,2026-04-22T14:45:00Z
1847,49,7,sponsored,97,0.0505,30914.81,2025-08-28T17:38:16Z,2026-04-15T15:26:31Z
1850,22,450,organic,37,0.1121,45808.41,2025-05-22T15:39:35Z,2026-05-10T08:32:37Z
1851,16,26,organic,88,0.1083,7046.23,2026-02-09T12:14:47Z,2026-05-01T21:20:29Z
1852,1,418,sponsored,16,0.0875,26362.74,2025-10-23T19:00:03Z,2026-04-16T04:24:06Z
1853,33,185,affiliate,27,0.0637,17815.64,2025-10-11T22:19:42Z,2026-05-12T09:11:32Z
1854,46,192,ambassador,78,0.0388,8823.46,2026-03-23T20:44:08Z,2026-04-16T05:20:25Z
1855,47,464,organic,47,0.1125,36577.34,2025-07-15T17:29:33Z,2026-05-09T19:18:57Z
1856,28,452,organic,19,0.0768,22379.5,2025-06-20T17:43:57Z,2026-05-12T02:29:21Z
1858,14,450,affiliate,96,0.0998,18161.46,2025-06-22T05:47:55Z,2026-04-26T03:10:55Z
1859,12,465,ambassador,80,0.0178,6542.86,2025-07-01T06:09:55Z,2026-04-15T02:28:39Z
1860,30,478,organic,82,0.0176,21589.59,2026-03-12T22:23:02Z,2026-05-05T17:55:54Z
1861,42,78,organic,53,0.0282,17733.23,2025-05-22T05:08:26Z,2026-04-13T11:51:49Z
1862,10,134,sponsored,19,0.0593,48860.04,2025-06-26T11:03:34Z,2026-04-21T00:03:21Z
1863,16,173,affiliate,51,0.1156,37888.68,2025-06-09T03:33:43Z,2026-04-25T00:15:38Z
1864,3,20,ambassador,55,0.0133,42855.07,2025-06-26T15:10:31Z,2026-04-17T01:03:17Z
1865,12,17,organic,35,0.0777,32534.06,2025-11-12T01:32:57Z,2026-04-30T06:31:15Z
1866,14,460,organic,81,0.0702,7662.37,2025-08-01T08:31:13Z,2026-04-23T02:26:24Z
1867,47,329,sponsored,81,0.0581,10273.43,2025-11-13T04:15:27Z,2026-04-27T03:31:19Z
1868,37,366,affiliate,68,0.063,6728.87,2025-07-17T08:41:42Z,2026-04-17T20:16:04Z
1870,47,315,organic,88,0.0373,40224.87,2025-10-07T14:12:50Z,2026-04-17T19:13:30Z
1871,26,133,organic,64,0.085,29435.91,2025-11-19T21:14:31Z,2026-04-28T18:47:28Z
1872,13,2,sponsored,57,0.0745,30632.27,2025-10-07T07:59:37Z,2026-04-21T18:46:07Z
1873,9,78,affiliate,47,0.0832,42710.82,2025-11-02T17:32:49Z,2026-04-17T11:46:19Z
1874,48,81,ambassador,35,0.0184,20079.14,2025-10-06T16:21:12Z,2026-05-08T06:10:49Z
1875,24,186,organic,29,0.0881,36034.92,2026-02-12T11:08:05Z,2026-05-01T01:51:50Z
1876,17,56,organic,96,0.0519,40412.77,2025-11-22T09:02:06Z,2026-04-25T08:51:08Z
1878,25,182,affiliate,12,0.0922,36185.71,2026-02-05T05:05:13Z,2026-04-25T23:47:03Z
1880,37,369,organic,99,0.1141,33770.73,2025-08-25T01:23:40Z,2026-04-26T22:45:06Z
1881,49,438,organic,27,0.1053,4437.28,2026-02-12T16:22:36Z,2026-05-09T20:34:01Z
1882,34,302,sponsored,66,0.1086,46621.76,2026-01-08T11:07:07Z,2026-05-06T18:54:38Z
1883,6,242,affiliate,29,0.0531,18958.28,2026-01-14T18:55:07Z,2026-05-01T13:19:57Z
1884,47,368,ambassador,34,0.0684,8736.95,2025-09-24T19:31:12Z,2026-04-14T15:58:34Z
1885,15,3,organic,72,0.0622,7965.24,2025-06-30T20:00:38Z,2026-05-02T14:04:28Z
1886,23,143,organic,86,0.0534,40754.26,2026-01-21T06:47:22Z,2026-04-26T09:40:37Z
1887,7,68,sponsored,28,0.1104,13485.88,2026-01-20T18:25:32Z,2026-05-09T23:27:55Z
1888,7,129,affiliate,34,0.076,21931.46,2025-06-20T18:44:46Z,2026-04-28T11:32:19Z
1889,4,426,ambassador,82,0.0507,9161.01,2025-07-05T05:19:33Z,2026-05-09T01:36:31Z
1890,39,256,organic,26,0.0529,28670.3,2026-03-15T07:58:07Z,2026-04-28T12:05:07Z
1891,16,264,organic,95,0.0663,20072.4,2025-08-29T10:01:11Z,2026-04-18T07:15:47Z
1892,1,287,sponsored,64,0.0435,43039.03,2026-01-03T03:45:10Z,2026-04-16T23:23:51Z
1894,24,348,ambassador,54,0.0748,38257.38,2025-07-11T11:37:58Z,2026-04-27T17:19:41Z
1895,36,182,organic,41,0.0734,39122.56,2026-03-20T00:33:19Z,2026-04-24T03:45:40Z
1896,34,10,organic,44,0.0602,23444.81,2026-02-24T11:17:58Z,2026-05-02T06:33:43Z
1897,37,61,sponsored,25,0.0789,22587.38,2026-03-05T09:32:03Z,2026-04-13T10:05:05Z
1898,13,218,affiliate,22,0.0151,39761.75,2026-04-01T08:43:29Z,2026-04-16T13:10:05Z
1899,16,384,ambassador,4,0.0223,2342.39,2026-01-20T20:26:26Z,2026-04-25T14:11:32Z
1900,19,353,organic,94,0.0677,15899.63,2025-12-28T00:00:02Z,2026-04-16T09:52:07Z
1901,4,57,organic,60,0.0593,15444.9,2026-03-17T18:24:49Z,2026-05-10T09:49:58Z
1902,9,322,sponsored,59,0.0107,13282.02,2025-08-08T02:07:14Z,2026-04-20T16:50:11Z
1903,9,219,affiliate,47,0.0192,42742.98,2025-08-29T18:52:45Z,2026-04-20T03:40:52Z
1904,4,336,ambassador,5,0.1018,43068.89,2025-12-28T00:13:32Z,2026-05-05T21:15:58Z
1905,23,280,organic,53,0.0683,11563.3,2025-09-25T12:38:27Z,2026-04-22T17:44:25Z
1906,38,147,organic,15,0.1151,34575.59,2025-11-02T07:28:21Z,2026-05-04T04:35:03Z
1907,3,382,sponsored,86,0.0332,34597.53,2026-03-22T11:27:33Z,2026-04-29T22:21:47Z
1908,29,306,affiliate,30,0.0522,28.71,2025-05-30T01:52:39Z,2026-04-16T00:24:17Z
1909,49,450,ambassador,70,0.0926,32429.89,2025-09-15T11:08:41Z,2026-04-22T16:51:34Z
1910,45,91,organic,69,0.0118,1956.63,2025-06-14T17:30:44Z,2026-05-09T19:28:59Z
1911,7,470,organic,39,0.1093,22623.79,2025-09-09T17:00:28Z,2026-05-05T02:26:20Z
1912,19,57,sponsored,29,0.0578,47025.69,2025-10-11T02:20:37Z,2026-04-18T15:37:59Z
1913,29,235,affiliate,44,0.0328,25565.25,2025-12-04T13:51:21Z,2026-04-28T08:45:42Z
1914,48,380,ambassador,64,0.0736,33453.01,2026-04-12T12:33:10Z,2026-05-11T11:34:38Z
1916,4,464,organic,66,0.0513,3300.81,2026-02-06T09:00:47Z,2026-05-01T02:06:52Z
1917,43,123,sponsored,58,0.034,5182.94,2026-02-27T17:42:30Z,2026-05-10T13:56:35Z
1918,35,41,affiliate,52,0.1184,33840.94,2025-07-30T22:42:19Z,2026-04-21T22:46:02Z
1919,32,194,ambassador,96,0.0394,20804.49,2025-09-21T16:03:14Z,2026-05-07T07:02:40Z
1920,7,61,organic,91,0.0117,24673.89,2025-11-01T16:21:23Z,2026-04-15T01:20:53Z
1921,28,315,organic,62,0.0503,31814.86,2026-03-18T12:07:12Z,2026-05-08T11:13:37Z
1922,44,383,sponsored,67,0.0502,4278.69,2025-09-30T08:43:38Z,2026-04-19T09:17:49Z
1923,23,48,affiliate,54,0.081,11658.11,2025-11-16T04:08:47Z,2026-05-03T02:52:44Z
1924,18,132,ambassador,58,0.0323,16051.7,2025-12-26T21:35:56Z,2026-04-17T06:40:09Z
1925,38,31,organic,17,0.0811,38679.22,2025-08-17T17:49:09Z,2026-05-11T12:29:54Z
1926,36,293,organic,15,0.0709,27227.78,2025-12-04T10:35:57Z,2026-04-13T17:00:21Z
1928,18,174,affiliate,36,0.1038,37721.32,2025-10-19T17:28:49Z,2026-04-21T00:57:31Z
1929,49,462,ambassador,24,0.0516,6946.68,2025-12-24T12:13:06Z,2026-04-27T16:50:17Z
1930,28,190,organic,43,0.0985,8877.43,2025-05-29T19:21:57Z,2026-05-13T07:48:19Z
1931,33,458,organic,63,0.0883,49575.85,2025-11-26T14:55:34Z,2026-05-06T16:10:57Z
1932,49,161,sponsored,98,0.0846,33681.91,2026-01-26T09:18:21Z,2026-04-25T13:21:57Z
1933,41,338,affiliate,39,0.0908,32576.15,2026-01-02T18:09:41Z,2026-05-10T11:26:59Z
1934,37,235,ambassador,8,0.0207,38650.51,2025-11-24T04:53:37Z,2026-05-04T21:35:33Z
1935,37,10,organic,86,0.0481,34023.74,2025-11-24T14:05:21Z,2026-05-11T08:04:23Z
1936,18,379,organic,8,0.0901,42596.15,2025-08-11T18:03:01Z,2026-04-24T05:27:53Z
1937,31,230,sponsored,97,0.115,791.27,2025-06-10T14:15:33Z,2026-05-04T18:52:13Z
1938,2,358,affiliate,90,0.1103,21471.71,2026-03-17T13:17:13Z,2026-04-21T06:05:42Z
1939,36,27,ambassador,99,0.089,21534.29,2026-03-13T10:47:21Z,2026-05-03T19:23:11Z
1941,27,61,organic,38,0.0391,38393.79,2026-03-20T12:18:47Z,2026-04-22T17:34:52Z
1942,25,488,sponsored,39,0.0991,7373.98,2026-02-10T00:50:40Z,2026-04-24T06:11:36Z
1943,23,466,affiliate,9,0.0524,23563.87,2026-03-22T17:07:16Z,2026-05-11T12:57:13Z
1944,11,84,ambassador,5,0.1046,6618.77,2025-12-04T21:35:26Z,2026-04-24T11:47:42Z
1945,24,318,organic,50,0.0711,1923.14,2025-09-03T17:57:43Z,2026-05-04T09:14:04Z
1946,25,479,organic,60,0.1116,3669.84,2026-03-03T04:16:52Z,2026-04-27T23:06:30Z
1947,11,90,sponsored,36,0.1067,2025.03,2025-11-28T18:07:39Z,2026-05-01T14:19:15Z
1949,13,374,ambassador,89,0.0359,35868.2,2026-02-09T07:41:47Z,2026-05-11T22:01:22Z
1950,2,23,organic,11,0.0809,8003.11,2026-01-23T05:01:36Z,2026-05-02T05:39:13Z
1951,2,103,organic,90,0.084,12331.15,2025-11-24T02:51:20Z,2026-05-10T23:57:46Z
1952,11,223,sponsored,26,0.0106,9928.52,2025-08-18T07:08:32Z,2026-04-23T08:31:54Z
1953,25,45,affiliate,95,0.0423,21125.54,2026-02-06T20:45:01Z,2026-04-21T10:37:33Z
1954,35,388,ambassador,97,0.0216,8465.93,2025-09-15T22:35:42Z,2026-04-18T00:55:35Z
1955,18,293,organic,25,0.0168,30645.08,2026-01-04T18:47:15Z,2026-04-27T00:42:40Z
1958,24,151,affiliate,38,0.1036,1437.77,2025-12-18T13:25:38Z,2026-05-09T14:41:30Z
1959,19,259,ambassador,52,0.0747,731.93,2025-12-23T01:59:29Z,2026-05-05T05:47:43Z
1960,4,270,organic,55,0.0383,10487.3,2025-05-30T05:40:46Z,2026-04-27T04:29:07Z
1962,4,481,sponsored,43,0.0802,46566.47,2026-01-28T23:11:42Z,2026-05-07T14:42:19Z
1963,32,294,affiliate,19,0.1189,41016.98,2026-03-22T20:36:06Z,2026-04-23T23:52:49Z
1964,26,302,ambassador,33,0.0222,10065.02,2025-07-15T06:18:56Z,2026-05-06T21:53:18Z
1965,41,420,organic,74,0.0558,30658.37,2025-06-22T20:42:09Z,2026-04-17T21:20:23Z
1966,6,7,organic,75,0.0208,16200.41,2025-10-08T21:14:22Z,2026-05-12T22:46:03Z
1967,23,364,sponsored,78,0.0803,46504.72,2025-11-10T00:54:09Z,2026-05-11T17:22:41Z
1968,19,303,affiliate,90,0.0896,28169.81,2025-06-27T11:11:19Z,2026-05-05T23:11:07Z
1969,41,180,ambassador,60,0.0778,24483.76,2025-09-09T22:26:05Z,2026-04-28T20:15:01Z
1970,30,152,organic,49,0.0143,11740.38,2025-06-02T01:15:44Z,2026-04-21T17:40:17Z
1971,47,366,organic,1,0.0405,40244.58,2025-11-20T17:26:06Z,2026-05-08T19:45:49Z
1972,28,386,sponsored,17,0.0727,21420.17,2026-03-03T21:54:46Z,2026-04-27T05:56:49Z
1973,21,301,affiliate,66,0.0565,12286.78,2025-11-13T22:33:03Z,2026-04-21T16:33:47Z
1974,26,193,ambassador,58,0.1107,43312.56,2025-10-26T12:53:54Z,2026-04-28T12:45:36Z
1975,49,356,organic,36,0.1037,10307.56,2026-03-23T17:39:44Z,2026-04-24T00:42:07Z
1976,22,164,organic,87,0.0218,32553.43,2025-11-25T04:06:36Z,2026-05-02T00:41:42Z
1977,40,354,sponsored,16,0.1097,12753.42,2026-02-22T03:10:26Z,2026-05-12T23:37:21Z
1978,28,461,affiliate,76,0.0911,16635.78,2025-12-31T23:29:07Z,2026-04-18T07:04:31Z
1979,31,251,ambassador,77,0.0958,7601.47,2025-10-23T00:51:51Z,2026-05-01T12:59:22Z
1980,50,113,organic,22,0.1034,22704.88,2025-11-25T09:49:46Z,2026-04-27T16:27:02Z
1981,14,40,organic,80,0.0145,8427.01,2025-06-22T20:00:37Z,2026-05-01T03:22:41Z
1982,33,361,sponsored,93,0.0564,22099.96,2026-01-16T19:05:17Z,2026-04-22T00:51:52Z
1983,3,328,affiliate,69,0.1,28567.26,2025-11-23T20:52:07Z,2026-05-07T08:58:26Z
1984,25,192,ambassador,50,0.0807,32243.81,2025-09-26T01:40:22Z,2026-04-24T01:59:10Z
1986,6,316,organic,15,0.1177,1958.77,2025-07-30T13:43:47Z,2026-05-12T10:02:00Z
1987,48,16,sponsored,49,0.0329,9099.91,2026-03-16T01:24:03Z,2026-04-19T03:00:39Z
1988,41,312,affiliate,5,0.1133,40284.01,2026-04-04T09:58:36Z,2026-04-16T05:42:24Z
1990,49,367,organic,2,0.0703,45025.41,2025-06-29T19:45:47Z,2026-05-12T08:38:18Z
1991,36,224,organic,85,0.0675,22579.58,2025-08-23T23:01:44Z,2026-04-22T14:46:50Z
1992,29,289,sponsored,45,0.059,11513.26,2025-08-23T16:17:47Z,2026-05-10T00:35:44Z
1993,19,225,affiliate,42,0.1151,10675.91,2026-01-09T09:10:59Z,2026-04-29T22:55:53Z
1994,5,485,ambassador,15,0.0103,25626.41,2026-03-27T13:15:54Z,2026-04-28T09:46:02Z
1995,47,173,organic,25,0.1077,27016.8,2025-09-04T05:27:56Z,2026-05-03T16:51:23Z
1996,5,366,organic,63,0.0516,30709.75,2025-12-14T11:48:00Z,2026-05-08T07:02:06Z
1997,32,187,sponsored,46,0.1008,14871.07,2025-09-28T09:14:19Z,2026-04-15T20:06:24Z
1999,49,443,ambassador,3,0.0523,2252.31,2025-06-03T20:41:24Z,2026-04-29T13:37:48Z
2000,7,56,organic,77,0.0449,21954.85,2025-08-06T17:51:48Z,2026-04-20T18:39:23Z
