forecast_id,product_id,region,forecast_date,predicted_demand,confidence_low,confidence_high,social_factor,model_version,explanation,created_at
1,1,Bay Area (SF),2026-05-14,116,93,173,1.27,signal_aware_v2,"{""model"":""signal_aware_v2"",""drivers"":[""gxp_deviation_spike"",""manufacturer_allocation_notice"",""temperature_excursion_review""],""top_source"":""@gxpdesk"",""criticality_score"":87,""confidence"":""high"",""trend"":""accelerating""}",2026-05-13T09:49:20Z
2,1,Bay Area (SF),2026-05-15,126,101,181,1.33,signal_aware_v2,"{""model"":""signal_aware_v2"",""drivers"":[""gxp_deviation_spike"",""manufacturer_allocation_notice"",""temperature_excursion_review""],""top_source"":""@gxpdesk"",""criticality_score"":87,""confidence"":""high"",""trend"":""accelerating""}",2026-05-13T09:49:20Z
3,1,Bay Area (SF),2026-05-16,155,109,189,1.39,signal_aware_v2,"{""model"":""signal_aware_v2"",""drivers"":[""gxp_deviation_spike"",""manufacturer_allocation_notice"",""temperature_excursion_review""],""top_source"":""@gxpdesk"",""criticality_score"":87,""confidence"":""high"",""trend"":""accelerating""}",2026-05-13T09:49:20Z
4,1,Bay Area (SF),2026-05-17,174,117,197,1.24,signal_aware_v2,"{""model"":""signal_aware_v2"",""drivers"":[""gxp_deviation_spike"",""manufacturer_allocation_notice"",""temperature_excursion_review""],""top_source"":""@gxpdesk"",""criticality_score"":87,""confidence"":""high"",""trend"":""accelerating""}",2026-05-13T09:49:20Z
5,1,Bay Area (SF),2026-05-18,174,125,205,1.48,signal_aware_v2,"{""model"":""signal_aware_v2"",""drivers"":[""gxp_deviation_spike"",""manufacturer_allocation_notice"",""temperature_excursion_review""],""top_source"":""@gxpdesk"",""criticality_score"":87,""confidence"":""high"",""trend"":""accelerating""}",2026-05-13T09:49:20Z
6,1,Bay Area (SF),2026-05-19,172,133,213,1.34,signal_aware_v2,"{""model"":""signal_aware_v2"",""drivers"":[""gxp_deviation_spike"",""manufacturer_allocation_notice"",""temperature_excursion_review""],""top_source"":""@gxpdesk"",""criticality_score"":87,""confidence"":""high"",""trend"":""accelerating""}",2026-05-13T09:49:20Z
7,1,Bay Area (SF),2026-05-20,181,141,221,1.56,signal_aware_v2,"{""model"":""signal_aware_v2"",""drivers"":[""gxp_deviation_spike"",""manufacturer_allocation_notice"",""temperature_excursion_review""],""top_source"":""@gxpdesk"",""criticality_score"":87,""confidence"":""high"",""trend"":""accelerating""}",2026-05-13T09:49:20Z
8,1,Bay Area (SF),2026-05-21,177,149,229,1.45,signal_aware_v2,"{""model"":""signal_aware_v2"",""drivers"":[""gxp_deviation_spike"",""manufacturer_allocation_notice"",""temperature_excursion_review""],""top_source"":""@gxpdesk"",""criticality_score"":87,""confidence"":""high"",""trend"":""accelerating""}",2026-05-13T09:49:20Z
9,1,Bay Area (SF),2026-05-22,201,157,237,1.51,signal_aware_v2,"{""model"":""signal_aware_v2"",""drivers"":[""gxp_deviation_spike"",""manufacturer_allocation_notice"",""temperature_excursion_review""],""top_source"":""@gxpdesk"",""criticality_score"":87,""confidence"":""high"",""trend"":""accelerating""}",2026-05-13T09:49:20Z
10,1,Bay Area (SF),2026-05-23,207,165,245,1.5,signal_aware_v2,"{""model"":""signal_aware_v2"",""drivers"":[""gxp_deviation_spike"",""manufacturer_allocation_notice"",""temperature_excursion_review""],""top_source"":""@gxpdesk"",""criticality_score"":87,""confidence"":""high"",""trend"":""accelerating""}",2026-05-13T09:49:20Z
11,1,Bay Area (SF),2026-05-24,212,173,253,1.68,signal_aware_v2,"{""model"":""signal_aware_v2"",""drivers"":[""gxp_deviation_spike"",""manufacturer_allocation_notice"",""temperature_excursion_review""],""top_source"":""@gxpdesk"",""criticality_score"":87,""confidence"":""high"",""trend"":""accelerating""}",2026-05-13T09:49:20Z
12,1,Bay Area (SF),2026-05-25,224,181,261,1.73,signal_aware_v2,"{""model"":""signal_aware_v2"",""drivers"":[""gxp_deviation_spike"",""manufacturer_allocation_notice"",""temperature_excursion_review""],""top_source"":""@gxpdesk"",""criticality_score"":87,""confidence"":""high"",""trend"":""accelerating""}",2026-05-13T09:49:20Z
13,1,Bay Area (SF),2026-05-26,239,189,269,1.66,signal_aware_v2,"{""model"":""signal_aware_v2"",""drivers"":[""gxp_deviation_spike"",""manufacturer_allocation_notice"",""temperature_excursion_review""],""top_source"":""@gxpdesk"",""criticality_score"":87,""confidence"":""high"",""trend"":""accelerating""}",2026-05-13T09:49:20Z
14,1,Bay Area (SF),2026-05-27,255,197,277,1.84,signal_aware_v2,"{""model"":""signal_aware_v2"",""drivers"":[""gxp_deviation_spike"",""manufacturer_allocation_notice"",""temperature_excursion_review""],""top_source"":""@gxpdesk"",""criticality_score"":87,""confidence"":""high"",""trend"":""accelerating""}",2026-05-13T09:49:20Z
15,1,Bay Area (SF),2026-05-28,258,205,285,1.66,signal_aware_v2,"{""model"":""signal_aware_v2"",""drivers"":[""gxp_deviation_spike"",""manufacturer_allocation_notice"",""temperature_excursion_review""],""top_source"":""@gxpdesk"",""criticality_score"":87,""confidence"":""high"",""trend"":""accelerating""}",2026-05-13T09:49:20Z
16,1,Bay Area (SF),2026-05-29,256,213,293,1.75,signal_aware_v2,"{""model"":""signal_aware_v2"",""drivers"":[""gxp_deviation_spike"",""manufacturer_allocation_notice"",""temperature_excursion_review""],""top_source"":""@gxpdesk"",""criticality_score"":87,""confidence"":""high"",""trend"":""accelerating""}",2026-05-13T09:49:20Z
17,1,Bay Area (SF),2026-05-30,256,221,301,1.69,signal_aware_v2,"{""model"":""signal_aware_v2"",""drivers"":[""gxp_deviation_spike"",""manufacturer_allocation_notice"",""temperature_excursion_review""],""top_source"":""@gxpdesk"",""criticality_score"":87,""confidence"":""high"",""trend"":""accelerating""}",2026-05-13T09:49:20Z
18,1,Bay Area (SF),2026-05-31,281,229,309,2.01,signal_aware_v2,"{""model"":""signal_aware_v2"",""drivers"":[""gxp_deviation_spike"",""manufacturer_allocation_notice"",""temperature_excursion_review""],""top_source"":""@gxpdesk"",""criticality_score"":87,""confidence"":""high"",""trend"":""accelerating""}",2026-05-13T09:49:20Z
19,1,Bay Area (SF),2026-06-01,293,237,317,2.03,signal_aware_v2,"{""model"":""signal_aware_v2"",""drivers"":[""gxp_deviation_spike"",""manufacturer_allocation_notice"",""temperature_excursion_review""],""top_source"":""@gxpdesk"",""criticality_score"":87,""confidence"":""high"",""trend"":""accelerating""}",2026-05-13T09:49:20Z
20,1,Bay Area (SF),2026-06-02,270,245,325,2.07,signal_aware_v2,"{""model"":""signal_aware_v2"",""drivers"":[""gxp_deviation_spike"",""manufacturer_allocation_notice"",""temperature_excursion_review""],""top_source"":""@gxpdesk"",""criticality_score"":87,""confidence"":""high"",""trend"":""accelerating""}",2026-05-13T09:49:20Z
21,1,Bay Area (SF),2026-06-03,298,253,333,1.97,signal_aware_v2,"{""model"":""signal_aware_v2"",""drivers"":[""gxp_deviation_spike"",""manufacturer_allocation_notice"",""temperature_excursion_review""],""top_source"":""@gxpdesk"",""criticality_score"":87,""confidence"":""high"",""trend"":""accelerating""}",2026-05-13T09:49:20Z
22,1,Bay Area (SF),2026-06-04,291,261,341,2.04,signal_aware_v2,"{""model"":""signal_aware_v2"",""drivers"":[""gxp_deviation_spike"",""manufacturer_allocation_notice"",""temperature_excursion_review""],""top_source"":""@gxpdesk"",""criticality_score"":87,""confidence"":""high"",""trend"":""accelerating""}",2026-05-13T09:49:20Z
23,1,Bay Area (SF),2026-06-05,301,269,349,1.99,signal_aware_v2,"{""model"":""signal_aware_v2"",""drivers"":[""gxp_deviation_spike"",""manufacturer_allocation_notice"",""temperature_excursion_review""],""top_source"":""@gxpdesk"",""criticality_score"":87,""confidence"":""high"",""trend"":""accelerating""}",2026-05-13T09:49:20Z
24,1,Bay Area (SF),2026-06-06,311,277,357,1.98,signal_aware_v2,"{""model"":""signal_aware_v2"",""drivers"":[""gxp_deviation_spike"",""manufacturer_allocation_notice"",""temperature_excursion_review""],""top_source"":""@gxpdesk"",""criticality_score"":87,""confidence"":""high"",""trend"":""accelerating""}",2026-05-13T09:49:20Z
25,1,Bay Area (SF),2026-06-07,330,285,365,2.2,signal_aware_v2,"{""model"":""signal_aware_v2"",""drivers"":[""gxp_deviation_spike"",""manufacturer_allocation_notice"",""temperature_excursion_review""],""top_source"":""@gxpdesk"",""criticality_score"":87,""confidence"":""high"",""trend"":""accelerating""}",2026-05-13T09:49:20Z
26,1,Bay Area (SF),2026-06-08,318,293,373,2.28,signal_aware_v2,"{""model"":""signal_aware_v2"",""drivers"":[""gxp_deviation_spike"",""manufacturer_allocation_notice"",""temperature_excursion_review""],""top_source"":""@gxpdesk"",""criticality_score"":87,""confidence"":""high"",""trend"":""accelerating""}",2026-05-13T09:49:20Z
27,1,Bay Area (SF),2026-06-09,330,301,381,2.17,signal_aware_v2,"{""model"":""signal_aware_v2"",""drivers"":[""gxp_deviation_spike"",""manufacturer_allocation_notice"",""temperature_excursion_review""],""top_source"":""@gxpdesk"",""criticality_score"":87,""confidence"":""high"",""trend"":""accelerating""}",2026-05-13T09:49:20Z
28,1,Bay Area (SF),2026-06-10,353,309,389,2.36,signal_aware_v2,"{""model"":""signal_aware_v2"",""drivers"":[""gxp_deviation_spike"",""manufacturer_allocation_notice"",""temperature_excursion_review""],""top_source"":""@gxpdesk"",""criticality_score"":87,""confidence"":""high"",""trend"":""accelerating""}",2026-05-13T09:49:20Z
29,1,Bay Area (SF),2026-06-11,347,317,397,2.18,signal_aware_v2,"{""model"":""signal_aware_v2"",""drivers"":[""gxp_deviation_spike"",""manufacturer_allocation_notice"",""temperature_excursion_review""],""top_source"":""@gxpdesk"",""criticality_score"":87,""confidence"":""high"",""trend"":""accelerating""}",2026-05-13T09:49:20Z
30,1,Bay Area (SF),2026-06-12,376,325,405,2.34,signal_aware_v2,"{""model"":""signal_aware_v2"",""drivers"":[""gxp_deviation_spike"",""manufacturer_allocation_notice"",""temperature_excursion_review""],""top_source"":""@gxpdesk"",""criticality_score"":87,""confidence"":""high"",""trend"":""accelerating""}",2026-05-13T09:49:20Z
31,1,New York Metro,2026-05-14,171,141,241,1.33,signal_aware_v2,"{""model"":""signal_aware_v2"",""drivers"":[""fda_inspection_update"",""site_allocation_review"",""enrollment_pull_forward""],""top_source"":""@fda_watch"",""criticality_score"":79,""confidence"":""high"",""trend"":""rising""}",2026-05-13T09:49:20Z
32,1,New York Metro,2026-05-15,205,147,247,1.28,signal_aware_v2,"{""model"":""signal_aware_v2"",""drivers"":[""fda_inspection_update"",""site_allocation_review"",""enrollment_pull_forward""],""top_source"":""@fda_watch"",""criticality_score"":79,""confidence"":""high"",""trend"":""rising""}",2026-05-13T09:49:20Z
33,1,New York Metro,2026-05-16,226,153,253,1.34,signal_aware_v2,"{""model"":""signal_aware_v2"",""drivers"":[""fda_inspection_update"",""site_allocation_review"",""enrollment_pull_forward""],""top_source"":""@fda_watch"",""criticality_score"":79,""confidence"":""high"",""trend"":""rising""}",2026-05-13T09:49:20Z
34,1,New York Metro,2026-05-17,199,159,259,1.4,signal_aware_v2,"{""model"":""signal_aware_v2"",""drivers"":[""fda_inspection_update"",""site_allocation_review"",""enrollment_pull_forward""],""top_source"":""@fda_watch"",""criticality_score"":79,""confidence"":""high"",""trend"":""rising""}",2026-05-13T09:49:20Z
35,1,New York Metro,2026-05-18,232,165,265,1.41,signal_aware_v2,"{""model"":""signal_aware_v2"",""drivers"":[""fda_inspection_update"",""site_allocation_review"",""enrollment_pull_forward""],""top_source"":""@fda_watch"",""criticality_score"":79,""confidence"":""high"",""trend"":""rising""}",2026-05-13T09:49:20Z
36,1,New York Metro,2026-05-19,213,171,271,1.43,signal_aware_v2,"{""model"":""signal_aware_v2"",""drivers"":[""fda_inspection_update"",""site_allocation_review"",""enrollment_pull_forward""],""top_source"":""@fda_watch"",""criticality_score"":79,""confidence"":""high"",""trend"":""rising""}",2026-05-13T09:49:20Z
37,1,New York Metro,2026-05-20,249,177,277,1.57,signal_aware_v2,"{""model"":""signal_aware_v2"",""drivers"":[""fda_inspection_update"",""site_allocation_review"",""enrollment_pull_forward""],""top_source"":""@fda_watch"",""criticality_score"":79,""confidence"":""high"",""trend"":""rising""}",2026-05-13T09:49:20Z
38,1,New York Metro,2026-05-21,251,183,283,1.6,signal_aware_v2,"{""model"":""signal_aware_v2"",""drivers"":[""fda_inspection_update"",""site_allocation_review"",""enrollment_pull_forward""],""top_source"":""@fda_watch"",""criticality_score"":79,""confidence"":""high"",""trend"":""rising""}",2026-05-13T09:49:20Z
39,1,New York Metro,2026-05-22,215,189,289,1.66,signal_aware_v2,"{""model"":""signal_aware_v2"",""drivers"":[""fda_inspection_update"",""site_allocation_review"",""enrollment_pull_forward""],""top_source"":""@fda_watch"",""criticality_score"":79,""confidence"":""high"",""trend"":""rising""}",2026-05-13T09:49:20Z
40,1,New York Metro,2026-05-23,265,195,295,1.58,signal_aware_v2,"{""model"":""signal_aware_v2"",""drivers"":[""fda_inspection_update"",""site_allocation_review"",""enrollment_pull_forward""],""top_source"":""@fda_watch"",""criticality_score"":79,""confidence"":""high"",""trend"":""rising""}",2026-05-13T09:49:20Z
41,1,New York Metro,2026-05-24,233,201,301,1.54,signal_aware_v2,"{""model"":""signal_aware_v2"",""drivers"":[""fda_inspection_update"",""site_allocation_review"",""enrollment_pull_forward""],""top_source"":""@fda_watch"",""criticality_score"":79,""confidence"":""high"",""trend"":""rising""}",2026-05-13T09:49:20Z
42,1,New York Metro,2026-05-25,269,207,307,1.57,signal_aware_v2,"{""model"":""signal_aware_v2"",""drivers"":[""fda_inspection_update"",""site_allocation_review"",""enrollment_pull_forward""],""top_source"":""@fda_watch"",""criticality_score"":79,""confidence"":""high"",""trend"":""rising""}",2026-05-13T09:49:20Z
43,1,New York Metro,2026-05-26,264,213,313,1.62,signal_aware_v2,"{""model"":""signal_aware_v2"",""drivers"":[""fda_inspection_update"",""site_allocation_review"",""enrollment_pull_forward""],""top_source"":""@fda_watch"",""criticality_score"":79,""confidence"":""high"",""trend"":""rising""}",2026-05-13T09:49:20Z
44,1,New York Metro,2026-05-27,253,219,319,1.74,signal_aware_v2,"{""model"":""signal_aware_v2"",""drivers"":[""fda_inspection_update"",""site_allocation_review"",""enrollment_pull_forward""],""top_source"":""@fda_watch"",""criticality_score"":79,""confidence"":""high"",""trend"":""rising""}",2026-05-13T09:49:20Z
45,1,New York Metro,2026-05-28,256,225,325,1.77,signal_aware_v2,"{""model"":""signal_aware_v2"",""drivers"":[""fda_inspection_update"",""site_allocation_review"",""enrollment_pull_forward""],""top_source"":""@fda_watch"",""criticality_score"":79,""confidence"":""high"",""trend"":""rising""}",2026-05-13T09:49:20Z
46,1,New York Metro,2026-05-29,278,231,331,1.68,signal_aware_v2,"{""model"":""signal_aware_v2"",""drivers"":[""fda_inspection_update"",""site_allocation_review"",""enrollment_pull_forward""],""top_source"":""@fda_watch"",""criticality_score"":79,""confidence"":""high"",""trend"":""rising""}",2026-05-13T09:49:20Z
47,1,New York Metro,2026-05-30,282,237,337,1.87,signal_aware_v2,"{""model"":""signal_aware_v2"",""drivers"":[""fda_inspection_update"",""site_allocation_review"",""enrollment_pull_forward""],""top_source"":""@fda_watch"",""criticality_score"":79,""confidence"":""high"",""trend"":""rising""}",2026-05-13T09:49:20Z
48,1,New York Metro,2026-05-31,269,243,343,1.86,signal_aware_v2,"{""model"":""signal_aware_v2"",""drivers"":[""fda_inspection_update"",""site_allocation_review"",""enrollment_pull_forward""],""top_source"":""@fda_watch"",""criticality_score"":79,""confidence"":""high"",""trend"":""rising""}",2026-05-13T09:49:20Z
49,1,New York Metro,2026-06-01,310,249,349,1.88,signal_aware_v2,"{""model"":""signal_aware_v2"",""drivers"":[""fda_inspection_update"",""site_allocation_review"",""enrollment_pull_forward""],""top_source"":""@fda_watch"",""criticality_score"":79,""confidence"":""high"",""trend"":""rising""}",2026-05-13T09:49:20Z
50,1,New York Metro,2026-06-02,326,255,355,1.83,signal_aware_v2,"{""model"":""signal_aware_v2"",""drivers"":[""fda_inspection_update"",""site_allocation_review"",""enrollment_pull_forward""],""top_source"":""@fda_watch"",""criticality_score"":79,""confidence"":""high"",""trend"":""rising""}",2026-05-13T09:49:20Z
51,1,New York Metro,2026-06-03,314,261,361,1.97,signal_aware_v2,"{""model"":""signal_aware_v2"",""drivers"":[""fda_inspection_update"",""site_allocation_review"",""enrollment_pull_forward""],""top_source"":""@fda_watch"",""criticality_score"":79,""confidence"":""high"",""trend"":""rising""}",2026-05-13T09:49:20Z
52,1,New York Metro,2026-06-04,306,267,367,1.98,signal_aware_v2,"{""model"":""signal_aware_v2"",""drivers"":[""fda_inspection_update"",""site_allocation_review"",""enrollment_pull_forward""],""top_source"":""@fda_watch"",""criticality_score"":79,""confidence"":""high"",""trend"":""rising""}",2026-05-13T09:49:20Z
53,1,New York Metro,2026-06-05,322,273,373,2.09,signal_aware_v2,"{""model"":""signal_aware_v2"",""drivers"":[""fda_inspection_update"",""site_allocation_review"",""enrollment_pull_forward""],""top_source"":""@fda_watch"",""criticality_score"":79,""confidence"":""high"",""trend"":""rising""}",2026-05-13T09:49:20Z
54,1,New York Metro,2026-06-06,332,279,379,1.97,signal_aware_v2,"{""model"":""signal_aware_v2"",""drivers"":[""fda_inspection_update"",""site_allocation_review"",""enrollment_pull_forward""],""top_source"":""@fda_watch"",""criticality_score"":79,""confidence"":""high"",""trend"":""rising""}",2026-05-13T09:49:20Z
55,1,New York Metro,2026-06-07,322,285,385,2.05,signal_aware_v2,"{""model"":""signal_aware_v2"",""drivers"":[""fda_inspection_update"",""site_allocation_review"",""enrollment_pull_forward""],""top_source"":""@fda_watch"",""criticality_score"":79,""confidence"":""high"",""trend"":""rising""}",2026-05-13T09:49:20Z
56,1,New York Metro,2026-06-08,326,291,391,2.06,signal_aware_v2,"{""model"":""signal_aware_v2"",""drivers"":[""fda_inspection_update"",""site_allocation_review"",""enrollment_pull_forward""],""top_source"":""@fda_watch"",""criticality_score"":79,""confidence"":""high"",""trend"":""rising""}",2026-05-13T09:49:20Z
57,1,New York Metro,2026-06-09,328,297,397,2.11,signal_aware_v2,"{""model"":""signal_aware_v2"",""drivers"":[""fda_inspection_update"",""site_allocation_review"",""enrollment_pull_forward""],""top_source"":""@fda_watch"",""criticality_score"":79,""confidence"":""high"",""trend"":""rising""}",2026-05-13T09:49:20Z
58,1,New York Metro,2026-06-10,354,303,403,2.16,signal_aware_v2,"{""model"":""signal_aware_v2"",""drivers"":[""fda_inspection_update"",""site_allocation_review"",""enrollment_pull_forward""],""top_source"":""@fda_watch"",""criticality_score"":79,""confidence"":""high"",""trend"":""rising""}",2026-05-13T09:49:20Z
59,1,New York Metro,2026-06-11,368,309,409,2.24,signal_aware_v2,"{""model"":""signal_aware_v2"",""drivers"":[""fda_inspection_update"",""site_allocation_review"",""enrollment_pull_forward""],""top_source"":""@fda_watch"",""criticality_score"":79,""confidence"":""high"",""trend"":""rising""}",2026-05-13T09:49:20Z
60,1,New York Metro,2026-06-12,376,315,415,2.12,signal_aware_v2,"{""model"":""signal_aware_v2"",""drivers"":[""fda_inspection_update"",""site_allocation_review"",""enrollment_pull_forward""],""top_source"":""@fda_watch"",""criticality_score"":79,""confidence"":""high"",""trend"":""rising""}",2026-05-13T09:49:20Z
61,1,Los Angeles Basin,2026-05-14,166,110,198,1.36,signal_aware_v2,"{""model"":""signal_aware_v2"",""drivers"":[""ema_variation_notice"",""cold-chain_route_restriction"",""airport_delay_signal""],""top_source"":""@ema_updates"",""criticality_score"":74,""confidence"":""medium"",""trend"":""steady_growth""}",2026-05-13T09:49:20Z
62,1,Los Angeles Basin,2026-05-15,153,115,203,1.26,signal_aware_v2,"{""model"":""signal_aware_v2"",""drivers"":[""ema_variation_notice"",""cold-chain_route_restriction"",""airport_delay_signal""],""top_source"":""@ema_updates"",""criticality_score"":74,""confidence"":""medium"",""trend"":""steady_growth""}",2026-05-13T09:49:20Z
63,1,Los Angeles Basin,2026-05-16,146,120,208,1.31,signal_aware_v2,"{""model"":""signal_aware_v2"",""drivers"":[""ema_variation_notice"",""cold-chain_route_restriction"",""airport_delay_signal""],""top_source"":""@ema_updates"",""criticality_score"":74,""confidence"":""medium"",""trend"":""steady_growth""}",2026-05-13T09:49:20Z
64,1,Los Angeles Basin,2026-05-17,180,125,213,1.42,signal_aware_v2,"{""model"":""signal_aware_v2"",""drivers"":[""ema_variation_notice"",""cold-chain_route_restriction"",""airport_delay_signal""],""top_source"":""@ema_updates"",""criticality_score"":74,""confidence"":""medium"",""trend"":""steady_growth""}",2026-05-13T09:49:20Z
65,1,Los Angeles Basin,2026-05-18,167,130,218,1.47,signal_aware_v2,"{""model"":""signal_aware_v2"",""drivers"":[""ema_variation_notice"",""cold-chain_route_restriction"",""airport_delay_signal""],""top_source"":""@ema_updates"",""criticality_score"":74,""confidence"":""medium"",""trend"":""steady_growth""}",2026-05-13T09:49:20Z
66,1,Los Angeles Basin,2026-05-19,194,135,223,1.45,signal_aware_v2,"{""model"":""signal_aware_v2"",""drivers"":[""ema_variation_notice"",""cold-chain_route_restriction"",""airport_delay_signal""],""top_source"":""@ema_updates"",""criticality_score"":74,""confidence"":""medium"",""trend"":""steady_growth""}",2026-05-13T09:49:20Z
67,1,Los Angeles Basin,2026-05-20,187,140,228,1.37,signal_aware_v2,"{""model"":""signal_aware_v2"",""drivers"":[""ema_variation_notice"",""cold-chain_route_restriction"",""airport_delay_signal""],""top_source"":""@ema_updates"",""criticality_score"":74,""confidence"":""medium"",""trend"":""steady_growth""}",2026-05-13T09:49:20Z
68,1,Los Angeles Basin,2026-05-21,206,145,233,1.51,signal_aware_v2,"{""model"":""signal_aware_v2"",""drivers"":[""ema_variation_notice"",""cold-chain_route_restriction"",""airport_delay_signal""],""top_source"":""@ema_updates"",""criticality_score"":74,""confidence"":""medium"",""trend"":""steady_growth""}",2026-05-13T09:49:20Z
69,1,Los Angeles Basin,2026-05-22,174,150,238,1.45,signal_aware_v2,"{""model"":""signal_aware_v2"",""drivers"":[""ema_variation_notice"",""cold-chain_route_restriction"",""airport_delay_signal""],""top_source"":""@ema_updates"",""criticality_score"":74,""confidence"":""medium"",""trend"":""steady_growth""}",2026-05-13T09:49:20Z
70,1,Los Angeles Basin,2026-05-23,189,155,243,1.59,signal_aware_v2,"{""model"":""signal_aware_v2"",""drivers"":[""ema_variation_notice"",""cold-chain_route_restriction"",""airport_delay_signal""],""top_source"":""@ema_updates"",""criticality_score"":74,""confidence"":""medium"",""trend"":""steady_growth""}",2026-05-13T09:49:20Z
71,1,Los Angeles Basin,2026-05-24,209,160,248,1.52,signal_aware_v2,"{""model"":""signal_aware_v2"",""drivers"":[""ema_variation_notice"",""cold-chain_route_restriction"",""airport_delay_signal""],""top_source"":""@ema_updates"",""criticality_score"":74,""confidence"":""medium"",""trend"":""steady_growth""}",2026-05-13T09:49:20Z
72,1,Los Angeles Basin,2026-05-25,188,165,253,1.51,signal_aware_v2,"{""model"":""signal_aware_v2"",""drivers"":[""ema_variation_notice"",""cold-chain_route_restriction"",""airport_delay_signal""],""top_source"":""@ema_updates"",""criticality_score"":74,""confidence"":""medium"",""trend"":""steady_growth""}",2026-05-13T09:49:20Z
73,1,Los Angeles Basin,2026-05-26,196,170,258,1.72,signal_aware_v2,"{""model"":""signal_aware_v2"",""drivers"":[""ema_variation_notice"",""cold-chain_route_restriction"",""airport_delay_signal""],""top_source"":""@ema_updates"",""criticality_score"":74,""confidence"":""medium"",""trend"":""steady_growth""}",2026-05-13T09:49:20Z
74,1,Los Angeles Basin,2026-05-27,222,175,263,1.52,signal_aware_v2,"{""model"":""signal_aware_v2"",""drivers"":[""ema_variation_notice"",""cold-chain_route_restriction"",""airport_delay_signal""],""top_source"":""@ema_updates"",""criticality_score"":74,""confidence"":""medium"",""trend"":""steady_growth""}",2026-05-13T09:49:20Z
75,1,Los Angeles Basin,2026-05-28,227,180,268,1.71,signal_aware_v2,"{""model"":""signal_aware_v2"",""drivers"":[""ema_variation_notice"",""cold-chain_route_restriction"",""airport_delay_signal""],""top_source"":""@ema_updates"",""criticality_score"":74,""confidence"":""medium"",""trend"":""steady_growth""}",2026-05-13T09:49:20Z
76,1,Los Angeles Basin,2026-05-29,234,185,273,1.69,signal_aware_v2,"{""model"":""signal_aware_v2"",""drivers"":[""ema_variation_notice"",""cold-chain_route_restriction"",""airport_delay_signal""],""top_source"":""@ema_updates"",""criticality_score"":74,""confidence"":""medium"",""trend"":""steady_growth""}",2026-05-13T09:49:20Z
77,1,Los Angeles Basin,2026-05-30,224,190,278,1.65,signal_aware_v2,"{""model"":""signal_aware_v2"",""drivers"":[""ema_variation_notice"",""cold-chain_route_restriction"",""airport_delay_signal""],""top_source"":""@ema_updates"",""criticality_score"":74,""confidence"":""medium"",""trend"":""steady_growth""}",2026-05-13T09:49:20Z
78,1,Los Angeles Basin,2026-05-31,232,195,283,1.77,signal_aware_v2,"{""model"":""signal_aware_v2"",""drivers"":[""ema_variation_notice"",""cold-chain_route_restriction"",""airport_delay_signal""],""top_source"":""@ema_updates"",""criticality_score"":74,""confidence"":""medium"",""trend"":""steady_growth""}",2026-05-13T09:49:20Z
79,1,Los Angeles Basin,2026-06-01,223,200,288,1.65,signal_aware_v2,"{""model"":""signal_aware_v2"",""drivers"":[""ema_variation_notice"",""cold-chain_route_restriction"",""airport_delay_signal""],""top_source"":""@ema_updates"",""criticality_score"":74,""confidence"":""medium"",""trend"":""steady_growth""}",2026-05-13T09:49:20Z
80,1,Los Angeles Basin,2026-06-02,237,205,293,1.86,signal_aware_v2,"{""model"":""signal_aware_v2"",""drivers"":[""ema_variation_notice"",""cold-chain_route_restriction"",""airport_delay_signal""],""top_source"":""@ema_updates"",""criticality_score"":74,""confidence"":""medium"",""trend"":""steady_growth""}",2026-05-13T09:49:20Z
81,1,Los Angeles Basin,2026-06-03,263,210,298,1.8,signal_aware_v2,"{""model"":""signal_aware_v2"",""drivers"":[""ema_variation_notice"",""cold-chain_route_restriction"",""airport_delay_signal""],""top_source"":""@ema_updates"",""criticality_score"":74,""confidence"":""medium"",""trend"":""steady_growth""}",2026-05-13T09:49:20Z
82,1,Los Angeles Basin,2026-06-04,271,215,303,1.91,signal_aware_v2,"{""model"":""signal_aware_v2"",""drivers"":[""ema_variation_notice"",""cold-chain_route_restriction"",""airport_delay_signal""],""top_source"":""@ema_updates"",""criticality_score"":74,""confidence"":""medium"",""trend"":""steady_growth""}",2026-05-13T09:49:20Z
83,1,Los Angeles Basin,2026-06-05,269,220,308,1.76,signal_aware_v2,"{""model"":""signal_aware_v2"",""drivers"":[""ema_variation_notice"",""cold-chain_route_restriction"",""airport_delay_signal""],""top_source"":""@ema_updates"",""criticality_score"":74,""confidence"":""medium"",""trend"":""steady_growth""}",2026-05-13T09:49:20Z
84,1,Los Angeles Basin,2026-06-06,248,225,313,1.79,signal_aware_v2,"{""model"":""signal_aware_v2"",""drivers"":[""ema_variation_notice"",""cold-chain_route_restriction"",""airport_delay_signal""],""top_source"":""@ema_updates"",""criticality_score"":74,""confidence"":""medium"",""trend"":""steady_growth""}",2026-05-13T09:49:20Z
85,1,Los Angeles Basin,2026-06-07,285,230,318,1.98,signal_aware_v2,"{""model"":""signal_aware_v2"",""drivers"":[""ema_variation_notice"",""cold-chain_route_restriction"",""airport_delay_signal""],""top_source"":""@ema_updates"",""criticality_score"":74,""confidence"":""medium"",""trend"":""steady_growth""}",2026-05-13T09:49:20Z
86,1,Los Angeles Basin,2026-06-08,272,235,323,1.88,signal_aware_v2,"{""model"":""signal_aware_v2"",""drivers"":[""ema_variation_notice"",""cold-chain_route_restriction"",""airport_delay_signal""],""top_source"":""@ema_updates"",""criticality_score"":74,""confidence"":""medium"",""trend"":""steady_growth""}",2026-05-13T09:49:20Z
87,1,Los Angeles Basin,2026-06-09,270,240,328,2.01,signal_aware_v2,"{""model"":""signal_aware_v2"",""drivers"":[""ema_variation_notice"",""cold-chain_route_restriction"",""airport_delay_signal""],""top_source"":""@ema_updates"",""criticality_score"":74,""confidence"":""medium"",""trend"":""steady_growth""}",2026-05-13T09:49:20Z
88,1,Los Angeles Basin,2026-06-10,279,245,333,2.09,signal_aware_v2,"{""model"":""signal_aware_v2"",""drivers"":[""ema_variation_notice"",""cold-chain_route_restriction"",""airport_delay_signal""],""top_source"":""@ema_updates"",""criticality_score"":74,""confidence"":""medium"",""trend"":""steady_growth""}",2026-05-13T09:49:20Z
89,1,Los Angeles Basin,2026-06-11,300,250,338,1.88,signal_aware_v2,"{""model"":""signal_aware_v2"",""drivers"":[""ema_variation_notice"",""cold-chain_route_restriction"",""airport_delay_signal""],""top_source"":""@ema_updates"",""criticality_score"":74,""confidence"":""medium"",""trend"":""steady_growth""}",2026-05-13T09:49:20Z
90,1,Los Angeles Basin,2026-06-12,290,255,343,2.08,signal_aware_v2,"{""model"":""signal_aware_v2"",""drivers"":[""ema_variation_notice"",""cold-chain_route_restriction"",""airport_delay_signal""],""top_source"":""@ema_updates"",""criticality_score"":74,""confidence"":""medium"",""trend"":""steady_growth""}",2026-05-13T09:49:20Z
91,2,Seattle Metro,2026-05-14,91,74,130,1.4,signal_aware_v2,"{""model"":""signal_aware_v2"",""drivers"":[""manufacturer_quality_notice"",""lot_release_update"",""activated_site_cluster""],""top_source"":""@gxpdesk"",""criticality_score"":82,""confidence"":""high"",""trend"":""launch_spike""}",2026-05-13T09:49:20Z
92,2,Seattle Metro,2026-05-15,99,78,134,1.44,signal_aware_v2,"{""model"":""signal_aware_v2"",""drivers"":[""manufacturer_quality_notice"",""lot_release_update"",""activated_site_cluster""],""top_source"":""@gxpdesk"",""criticality_score"":82,""confidence"":""high"",""trend"":""launch_spike""}",2026-05-13T09:49:20Z
93,2,Seattle Metro,2026-05-16,100,82,138,1.41,signal_aware_v2,"{""model"":""signal_aware_v2"",""drivers"":[""manufacturer_quality_notice"",""lot_release_update"",""activated_site_cluster""],""top_source"":""@gxpdesk"",""criticality_score"":82,""confidence"":""high"",""trend"":""launch_spike""}",2026-05-13T09:49:20Z
94,2,Seattle Metro,2026-05-17,107,86,142,1.48,signal_aware_v2,"{""model"":""signal_aware_v2"",""drivers"":[""manufacturer_quality_notice"",""lot_release_update"",""activated_site_cluster""],""top_source"":""@gxpdesk"",""criticality_score"":82,""confidence"":""high"",""trend"":""launch_spike""}",2026-05-13T09:49:20Z
95,2,Seattle Metro,2026-05-18,113,90,146,1.43,signal_aware_v2,"{""model"":""signal_aware_v2"",""drivers"":[""manufacturer_quality_notice"",""lot_release_update"",""activated_site_cluster""],""top_source"":""@gxpdesk"",""criticality_score"":82,""confidence"":""high"",""trend"":""launch_spike""}",2026-05-13T09:49:20Z
96,2,Seattle Metro,2026-05-19,121,94,150,1.54,signal_aware_v2,"{""model"":""signal_aware_v2"",""drivers"":[""manufacturer_quality_notice"",""lot_release_update"",""activated_site_cluster""],""top_source"":""@gxpdesk"",""criticality_score"":82,""confidence"":""high"",""trend"":""launch_spike""}",2026-05-13T09:49:20Z
97,2,Seattle Metro,2026-05-20,133,98,154,1.46,signal_aware_v2,"{""model"":""signal_aware_v2"",""drivers"":[""manufacturer_quality_notice"",""lot_release_update"",""activated_site_cluster""],""top_source"":""@gxpdesk"",""criticality_score"":82,""confidence"":""high"",""trend"":""launch_spike""}",2026-05-13T09:49:20Z
98,2,Seattle Metro,2026-05-21,132,102,158,1.51,signal_aware_v2,"{""model"":""signal_aware_v2"",""drivers"":[""manufacturer_quality_notice"",""lot_release_update"",""activated_site_cluster""],""top_source"":""@gxpdesk"",""criticality_score"":82,""confidence"":""high"",""trend"":""launch_spike""}",2026-05-13T09:49:20Z
99,2,Seattle Metro,2026-05-22,134,106,162,1.49,signal_aware_v2,"{""model"":""signal_aware_v2"",""drivers"":[""manufacturer_quality_notice"",""lot_release_update"",""activated_site_cluster""],""top_source"":""@gxpdesk"",""criticality_score"":82,""confidence"":""high"",""trend"":""launch_spike""}",2026-05-13T09:49:20Z
100,2,Seattle Metro,2026-05-23,135,110,166,1.64,signal_aware_v2,"{""model"":""signal_aware_v2"",""drivers"":[""manufacturer_quality_notice"",""lot_release_update"",""activated_site_cluster""],""top_source"":""@gxpdesk"",""criticality_score"":82,""confidence"":""high"",""trend"":""launch_spike""}",2026-05-13T09:49:20Z
101,2,Seattle Metro,2026-05-24,149,114,170,1.67,signal_aware_v2,"{""model"":""signal_aware_v2"",""drivers"":[""manufacturer_quality_notice"",""lot_release_update"",""activated_site_cluster""],""top_source"":""@gxpdesk"",""criticality_score"":82,""confidence"":""high"",""trend"":""launch_spike""}",2026-05-13T09:49:20Z
102,2,Seattle Metro,2026-05-25,143,118,174,1.66,signal_aware_v2,"{""model"":""signal_aware_v2"",""drivers"":[""manufacturer_quality_notice"",""lot_release_update"",""activated_site_cluster""],""top_source"":""@gxpdesk"",""criticality_score"":82,""confidence"":""high"",""trend"":""launch_spike""}",2026-05-13T09:49:20Z
103,2,Seattle Metro,2026-05-26,149,122,178,1.71,signal_aware_v2,"{""model"":""signal_aware_v2"",""drivers"":[""manufacturer_quality_notice"",""lot_release_update"",""activated_site_cluster""],""top_source"":""@gxpdesk"",""criticality_score"":82,""confidence"":""high"",""trend"":""launch_spike""}",2026-05-13T09:49:20Z
104,2,Seattle Metro,2026-05-27,154,126,182,1.58,signal_aware_v2,"{""model"":""signal_aware_v2"",""drivers"":[""manufacturer_quality_notice"",""lot_release_update"",""activated_site_cluster""],""top_source"":""@gxpdesk"",""criticality_score"":82,""confidence"":""high"",""trend"":""launch_spike""}",2026-05-13T09:49:20Z
105,2,Seattle Metro,2026-05-28,153,130,186,1.71,signal_aware_v2,"{""model"":""signal_aware_v2"",""drivers"":[""manufacturer_quality_notice"",""lot_release_update"",""activated_site_cluster""],""top_source"":""@gxpdesk"",""criticality_score"":82,""confidence"":""high"",""trend"":""launch_spike""}",2026-05-13T09:49:20Z
106,2,Seattle Metro,2026-05-29,159,134,190,1.64,signal_aware_v2,"{""model"":""signal_aware_v2"",""drivers"":[""manufacturer_quality_notice"",""lot_release_update"",""activated_site_cluster""],""top_source"":""@gxpdesk"",""criticality_score"":82,""confidence"":""high"",""trend"":""launch_spike""}",2026-05-13T09:49:20Z
107,2,Seattle Metro,2026-05-30,169,138,194,1.71,signal_aware_v2,"{""model"":""signal_aware_v2"",""drivers"":[""manufacturer_quality_notice"",""lot_release_update"",""activated_site_cluster""],""top_source"":""@gxpdesk"",""criticality_score"":82,""confidence"":""high"",""trend"":""launch_spike""}",2026-05-13T09:49:20Z
108,2,Seattle Metro,2026-05-31,170,142,198,1.79,signal_aware_v2,"{""model"":""signal_aware_v2"",""drivers"":[""manufacturer_quality_notice"",""lot_release_update"",""activated_site_cluster""],""top_source"":""@gxpdesk"",""criticality_score"":82,""confidence"":""high"",""trend"":""launch_spike""}",2026-05-13T09:49:20Z
109,2,Seattle Metro,2026-06-01,181,146,202,1.7,signal_aware_v2,"{""model"":""signal_aware_v2"",""drivers"":[""manufacturer_quality_notice"",""lot_release_update"",""activated_site_cluster""],""top_source"":""@gxpdesk"",""criticality_score"":82,""confidence"":""high"",""trend"":""launch_spike""}",2026-05-13T09:49:20Z
110,2,Seattle Metro,2026-06-02,178,150,206,1.85,signal_aware_v2,"{""model"":""signal_aware_v2"",""drivers"":[""manufacturer_quality_notice"",""lot_release_update"",""activated_site_cluster""],""top_source"":""@gxpdesk"",""criticality_score"":82,""confidence"":""high"",""trend"":""launch_spike""}",2026-05-13T09:49:20Z
111,2,Seattle Metro,2026-06-03,178,154,210,1.8,signal_aware_v2,"{""model"":""signal_aware_v2"",""drivers"":[""manufacturer_quality_notice"",""lot_release_update"",""activated_site_cluster""],""top_source"":""@gxpdesk"",""criticality_score"":82,""confidence"":""high"",""trend"":""launch_spike""}",2026-05-13T09:49:20Z
112,2,Seattle Metro,2026-06-04,197,158,214,1.83,signal_aware_v2,"{""model"":""signal_aware_v2"",""drivers"":[""manufacturer_quality_notice"",""lot_release_update"",""activated_site_cluster""],""top_source"":""@gxpdesk"",""criticality_score"":82,""confidence"":""high"",""trend"":""launch_spike""}",2026-05-13T09:49:20Z
113,2,Seattle Metro,2026-06-05,202,162,218,1.91,signal_aware_v2,"{""model"":""signal_aware_v2"",""drivers"":[""manufacturer_quality_notice"",""lot_release_update"",""activated_site_cluster""],""top_source"":""@gxpdesk"",""criticality_score"":82,""confidence"":""high"",""trend"":""launch_spike""}",2026-05-13T09:49:20Z
114,2,Seattle Metro,2026-06-06,198,166,222,1.89,signal_aware_v2,"{""model"":""signal_aware_v2"",""drivers"":[""manufacturer_quality_notice"",""lot_release_update"",""activated_site_cluster""],""top_source"":""@gxpdesk"",""criticality_score"":82,""confidence"":""high"",""trend"":""launch_spike""}",2026-05-13T09:49:20Z
115,2,Seattle Metro,2026-06-07,205,170,226,1.9,signal_aware_v2,"{""model"":""signal_aware_v2"",""drivers"":[""manufacturer_quality_notice"",""lot_release_update"",""activated_site_cluster""],""top_source"":""@gxpdesk"",""criticality_score"":82,""confidence"":""high"",""trend"":""launch_spike""}",2026-05-13T09:49:20Z
116,2,Seattle Metro,2026-06-08,211,174,230,1.9,signal_aware_v2,"{""model"":""signal_aware_v2"",""drivers"":[""manufacturer_quality_notice"",""lot_release_update"",""activated_site_cluster""],""top_source"":""@gxpdesk"",""criticality_score"":82,""confidence"":""high"",""trend"":""launch_spike""}",2026-05-13T09:49:20Z
117,2,Seattle Metro,2026-06-09,193,178,234,1.95,signal_aware_v2,"{""model"":""signal_aware_v2"",""drivers"":[""manufacturer_quality_notice"",""lot_release_update"",""activated_site_cluster""],""top_source"":""@gxpdesk"",""criticality_score"":82,""confidence"":""high"",""trend"":""launch_spike""}",2026-05-13T09:49:20Z
118,2,Seattle Metro,2026-06-10,211,182,238,1.94,signal_aware_v2,"{""model"":""signal_aware_v2"",""drivers"":[""manufacturer_quality_notice"",""lot_release_update"",""activated_site_cluster""],""top_source"":""@gxpdesk"",""criticality_score"":82,""confidence"":""high"",""trend"":""launch_spike""}",2026-05-13T09:49:20Z
119,2,Seattle Metro,2026-06-11,213,186,242,1.99,signal_aware_v2,"{""model"":""signal_aware_v2"",""drivers"":[""manufacturer_quality_notice"",""lot_release_update"",""activated_site_cluster""],""top_source"":""@gxpdesk"",""criticality_score"":82,""confidence"":""high"",""trend"":""launch_spike""}",2026-05-13T09:49:20Z
120,2,Seattle Metro,2026-06-12,222,190,246,1.97,signal_aware_v2,"{""model"":""signal_aware_v2"",""drivers"":[""manufacturer_quality_notice"",""lot_release_update"",""activated_site_cluster""],""top_source"":""@gxpdesk"",""criticality_score"":82,""confidence"":""high"",""trend"":""launch_spike""}",2026-05-13T09:49:20Z
121,2,Austin Metro,2026-05-14,73,60,108,1.38,signal_aware_v2,"{""model"":""signal_aware_v2"",""drivers"":[""port_congestion"",""cell_therapy_products_cluster"",""source_feed_spike""],""top_source"":""@vaccinewatch"",""criticality_score"":71,""confidence"":""medium"",""trend"":""rising""}",2026-05-13T09:49:20Z
122,2,Austin Metro,2026-05-15,91,63,111,1.45,signal_aware_v2,"{""model"":""signal_aware_v2"",""drivers"":[""port_congestion"",""cell_therapy_products_cluster"",""source_feed_spike""],""top_source"":""@vaccinewatch"",""criticality_score"":71,""confidence"":""medium"",""trend"":""rising""}",2026-05-13T09:49:20Z
123,2,Austin Metro,2026-05-16,93,66,114,1.47,signal_aware_v2,"{""model"":""signal_aware_v2"",""drivers"":[""port_congestion"",""cell_therapy_products_cluster"",""source_feed_spike""],""top_source"":""@vaccinewatch"",""criticality_score"":71,""confidence"":""medium"",""trend"":""rising""}",2026-05-13T09:49:20Z
124,2,Austin Metro,2026-05-17,95,69,117,1.42,signal_aware_v2,"{""model"":""signal_aware_v2"",""drivers"":[""port_congestion"",""cell_therapy_products_cluster"",""source_feed_spike""],""top_source"":""@vaccinewatch"",""criticality_score"":71,""confidence"":""medium"",""trend"":""rising""}",2026-05-13T09:49:20Z
125,2,Austin Metro,2026-05-18,90,72,120,1.34,signal_aware_v2,"{""model"":""signal_aware_v2"",""drivers"":[""port_congestion"",""cell_therapy_products_cluster"",""source_feed_spike""],""top_source"":""@vaccinewatch"",""criticality_score"":71,""confidence"":""medium"",""trend"":""rising""}",2026-05-13T09:49:20Z
126,2,Austin Metro,2026-05-19,95,75,123,1.5,signal_aware_v2,"{""model"":""signal_aware_v2"",""drivers"":[""port_congestion"",""cell_therapy_products_cluster"",""source_feed_spike""],""top_source"":""@vaccinewatch"",""criticality_score"":71,""confidence"":""medium"",""trend"":""rising""}",2026-05-13T09:49:20Z
127,2,Austin Metro,2026-05-20,102,78,126,1.42,signal_aware_v2,"{""model"":""signal_aware_v2"",""drivers"":[""port_congestion"",""cell_therapy_products_cluster"",""source_feed_spike""],""top_source"":""@vaccinewatch"",""criticality_score"":71,""confidence"":""medium"",""trend"":""rising""}",2026-05-13T09:49:20Z
128,2,Austin Metro,2026-05-21,105,81,129,1.51,signal_aware_v2,"{""model"":""signal_aware_v2"",""drivers"":[""port_congestion"",""cell_therapy_products_cluster"",""source_feed_spike""],""top_source"":""@vaccinewatch"",""criticality_score"":71,""confidence"":""medium"",""trend"":""rising""}",2026-05-13T09:49:20Z
129,2,Austin Metro,2026-05-22,116,84,132,1.4,signal_aware_v2,"{""model"":""signal_aware_v2"",""drivers"":[""port_congestion"",""cell_therapy_products_cluster"",""source_feed_spike""],""top_source"":""@vaccinewatch"",""criticality_score"":71,""confidence"":""medium"",""trend"":""rising""}",2026-05-13T09:49:20Z
130,2,Austin Metro,2026-05-23,111,87,135,1.45,signal_aware_v2,"{""model"":""signal_aware_v2"",""drivers"":[""port_congestion"",""cell_therapy_products_cluster"",""source_feed_spike""],""top_source"":""@vaccinewatch"",""criticality_score"":71,""confidence"":""medium"",""trend"":""rising""}",2026-05-13T09:49:20Z
131,2,Austin Metro,2026-05-24,117,90,138,1.49,signal_aware_v2,"{""model"":""signal_aware_v2"",""drivers"":[""port_congestion"",""cell_therapy_products_cluster"",""source_feed_spike""],""top_source"":""@vaccinewatch"",""criticality_score"":71,""confidence"":""medium"",""trend"":""rising""}",2026-05-13T09:49:20Z
132,2,Austin Metro,2026-05-25,116,93,141,1.49,signal_aware_v2,"{""model"":""signal_aware_v2"",""drivers"":[""port_congestion"",""cell_therapy_products_cluster"",""source_feed_spike""],""top_source"":""@vaccinewatch"",""criticality_score"":71,""confidence"":""medium"",""trend"":""rising""}",2026-05-13T09:49:20Z
133,2,Austin Metro,2026-05-26,118,96,144,1.61,signal_aware_v2,"{""model"":""signal_aware_v2"",""drivers"":[""port_congestion"",""cell_therapy_products_cluster"",""source_feed_spike""],""top_source"":""@vaccinewatch"",""criticality_score"":71,""confidence"":""medium"",""trend"":""rising""}",2026-05-13T09:49:20Z
134,2,Austin Metro,2026-05-27,125,99,147,1.48,signal_aware_v2,"{""model"":""signal_aware_v2"",""drivers"":[""port_congestion"",""cell_therapy_products_cluster"",""source_feed_spike""],""top_source"":""@vaccinewatch"",""criticality_score"":71,""confidence"":""medium"",""trend"":""rising""}",2026-05-13T09:49:20Z
135,2,Austin Metro,2026-05-28,120,102,150,1.51,signal_aware_v2,"{""model"":""signal_aware_v2"",""drivers"":[""port_congestion"",""cell_therapy_products_cluster"",""source_feed_spike""],""top_source"":""@vaccinewatch"",""criticality_score"":71,""confidence"":""medium"",""trend"":""rising""}",2026-05-13T09:49:20Z
136,2,Austin Metro,2026-05-29,124,105,153,1.63,signal_aware_v2,"{""model"":""signal_aware_v2"",""drivers"":[""port_congestion"",""cell_therapy_products_cluster"",""source_feed_spike""],""top_source"":""@vaccinewatch"",""criticality_score"":71,""confidence"":""medium"",""trend"":""rising""}",2026-05-13T09:49:20Z
137,2,Austin Metro,2026-05-30,136,108,156,1.55,signal_aware_v2,"{""model"":""signal_aware_v2"",""drivers"":[""port_congestion"",""cell_therapy_products_cluster"",""source_feed_spike""],""top_source"":""@vaccinewatch"",""criticality_score"":71,""confidence"":""medium"",""trend"":""rising""}",2026-05-13T09:49:20Z
138,2,Austin Metro,2026-05-31,142,111,159,1.53,signal_aware_v2,"{""model"":""signal_aware_v2"",""drivers"":[""port_congestion"",""cell_therapy_products_cluster"",""source_feed_spike""],""top_source"":""@vaccinewatch"",""criticality_score"":71,""confidence"":""medium"",""trend"":""rising""}",2026-05-13T09:49:20Z
139,2,Austin Metro,2026-06-01,137,114,162,1.65,signal_aware_v2,"{""model"":""signal_aware_v2"",""drivers"":[""port_congestion"",""cell_therapy_products_cluster"",""source_feed_spike""],""top_source"":""@vaccinewatch"",""criticality_score"":71,""confidence"":""medium"",""trend"":""rising""}",2026-05-13T09:49:20Z
140,2,Austin Metro,2026-06-02,134,117,165,1.6,signal_aware_v2,"{""model"":""signal_aware_v2"",""drivers"":[""port_congestion"",""cell_therapy_products_cluster"",""source_feed_spike""],""top_source"":""@vaccinewatch"",""criticality_score"":71,""confidence"":""medium"",""trend"":""rising""}",2026-05-13T09:49:20Z
141,2,Austin Metro,2026-06-03,135,120,168,1.57,signal_aware_v2,"{""model"":""signal_aware_v2"",""drivers"":[""port_congestion"",""cell_therapy_products_cluster"",""source_feed_spike""],""top_source"":""@vaccinewatch"",""criticality_score"":71,""confidence"":""medium"",""trend"":""rising""}",2026-05-13T09:49:20Z
142,2,Austin Metro,2026-06-04,149,123,171,1.64,signal_aware_v2,"{""model"":""signal_aware_v2"",""drivers"":[""port_congestion"",""cell_therapy_products_cluster"",""source_feed_spike""],""top_source"":""@vaccinewatch"",""criticality_score"":71,""confidence"":""medium"",""trend"":""rising""}",2026-05-13T09:49:20Z
143,2,Austin Metro,2026-06-05,140,126,174,1.67,signal_aware_v2,"{""model"":""signal_aware_v2"",""drivers"":[""port_congestion"",""cell_therapy_products_cluster"",""source_feed_spike""],""top_source"":""@vaccinewatch"",""criticality_score"":71,""confidence"":""medium"",""trend"":""rising""}",2026-05-13T09:49:20Z
144,2,Austin Metro,2026-06-06,148,129,177,1.79,signal_aware_v2,"{""model"":""signal_aware_v2"",""drivers"":[""port_congestion"",""cell_therapy_products_cluster"",""source_feed_spike""],""top_source"":""@vaccinewatch"",""criticality_score"":71,""confidence"":""medium"",""trend"":""rising""}",2026-05-13T09:49:20Z
145,2,Austin Metro,2026-06-07,162,132,180,1.64,signal_aware_v2,"{""model"":""signal_aware_v2"",""drivers"":[""port_congestion"",""cell_therapy_products_cluster"",""source_feed_spike""],""top_source"":""@vaccinewatch"",""criticality_score"":71,""confidence"":""medium"",""trend"":""rising""}",2026-05-13T09:49:20Z
146,2,Austin Metro,2026-06-08,164,135,183,1.67,signal_aware_v2,"{""model"":""signal_aware_v2"",""drivers"":[""port_congestion"",""cell_therapy_products_cluster"",""source_feed_spike""],""top_source"":""@vaccinewatch"",""criticality_score"":71,""confidence"":""medium"",""trend"":""rising""}",2026-05-13T09:49:20Z
147,2,Austin Metro,2026-06-09,155,138,186,1.69,signal_aware_v2,"{""model"":""signal_aware_v2"",""drivers"":[""port_congestion"",""cell_therapy_products_cluster"",""source_feed_spike""],""top_source"":""@vaccinewatch"",""criticality_score"":71,""confidence"":""medium"",""trend"":""rising""}",2026-05-13T09:49:20Z
148,2,Austin Metro,2026-06-10,170,141,189,1.75,signal_aware_v2,"{""model"":""signal_aware_v2"",""drivers"":[""port_congestion"",""cell_therapy_products_cluster"",""source_feed_spike""],""top_source"":""@vaccinewatch"",""criticality_score"":71,""confidence"":""medium"",""trend"":""rising""}",2026-05-13T09:49:20Z
149,2,Austin Metro,2026-06-11,168,144,192,1.76,signal_aware_v2,"{""model"":""signal_aware_v2"",""drivers"":[""port_congestion"",""cell_therapy_products_cluster"",""source_feed_spike""],""top_source"":""@vaccinewatch"",""criticality_score"":71,""confidence"":""medium"",""trend"":""rising""}",2026-05-13T09:49:20Z
150,2,Austin Metro,2026-06-12,161,147,195,1.87,signal_aware_v2,"{""model"":""signal_aware_v2"",""drivers"":[""port_congestion"",""cell_therapy_products_cluster"",""source_feed_spike""],""top_source"":""@vaccinewatch"",""criticality_score"":71,""confidence"":""medium"",""trend"":""rising""}",2026-05-13T09:49:20Z
151,3,Denver Metro,2026-05-14,62,47,89,1.23,signal_aware_v2,"{""model"":""signal_aware_v2"",""drivers"":[""diagnostics_demand_bulletin"",""site_startup_cycle"",""enrollment_wave_prep""],""top_source"":""@waterworks_lab"",""criticality_score"":64,""confidence"":""medium"",""trend"":""seasonal_uptick""}",2026-05-13T09:49:20Z
152,3,Denver Metro,2026-05-15,68,49,91,1.12,signal_aware_v2,"{""model"":""signal_aware_v2"",""drivers"":[""diagnostics_demand_bulletin"",""site_startup_cycle"",""enrollment_wave_prep""],""top_source"":""@waterworks_lab"",""criticality_score"":64,""confidence"":""medium"",""trend"":""seasonal_uptick""}",2026-05-13T09:49:20Z
153,3,Denver Metro,2026-05-16,70,51,93,1.16,signal_aware_v2,"{""model"":""signal_aware_v2"",""drivers"":[""diagnostics_demand_bulletin"",""site_startup_cycle"",""enrollment_wave_prep""],""top_source"":""@waterworks_lab"",""criticality_score"":64,""confidence"":""medium"",""trend"":""seasonal_uptick""}",2026-05-13T09:49:20Z
154,3,Denver Metro,2026-05-17,82,53,95,1.15,signal_aware_v2,"{""model"":""signal_aware_v2"",""drivers"":[""diagnostics_demand_bulletin"",""site_startup_cycle"",""enrollment_wave_prep""],""top_source"":""@waterworks_lab"",""criticality_score"":64,""confidence"":""medium"",""trend"":""seasonal_uptick""}",2026-05-13T09:49:20Z
155,3,Denver Metro,2026-05-18,85,55,97,1.24,signal_aware_v2,"{""model"":""signal_aware_v2"",""drivers"":[""diagnostics_demand_bulletin"",""site_startup_cycle"",""enrollment_wave_prep""],""top_source"":""@waterworks_lab"",""criticality_score"":64,""confidence"":""medium"",""trend"":""seasonal_uptick""}",2026-05-13T09:49:20Z
156,3,Denver Metro,2026-05-19,70,57,99,1.17,signal_aware_v2,"{""model"":""signal_aware_v2"",""drivers"":[""diagnostics_demand_bulletin"",""site_startup_cycle"",""enrollment_wave_prep""],""top_source"":""@waterworks_lab"",""criticality_score"":64,""confidence"":""medium"",""trend"":""seasonal_uptick""}",2026-05-13T09:49:20Z
157,3,Denver Metro,2026-05-20,73,59,101,1.19,signal_aware_v2,"{""model"":""signal_aware_v2"",""drivers"":[""diagnostics_demand_bulletin"",""site_startup_cycle"",""enrollment_wave_prep""],""top_source"":""@waterworks_lab"",""criticality_score"":64,""confidence"":""medium"",""trend"":""seasonal_uptick""}",2026-05-13T09:49:20Z
158,3,Denver Metro,2026-05-21,84,61,103,1.27,signal_aware_v2,"{""model"":""signal_aware_v2"",""drivers"":[""diagnostics_demand_bulletin"",""site_startup_cycle"",""enrollment_wave_prep""],""top_source"":""@waterworks_lab"",""criticality_score"":64,""confidence"":""medium"",""trend"":""seasonal_uptick""}",2026-05-13T09:49:20Z
159,3,Denver Metro,2026-05-22,90,63,105,1.29,signal_aware_v2,"{""model"":""signal_aware_v2"",""drivers"":[""diagnostics_demand_bulletin"",""site_startup_cycle"",""enrollment_wave_prep""],""top_source"":""@waterworks_lab"",""criticality_score"":64,""confidence"":""medium"",""trend"":""seasonal_uptick""}",2026-05-13T09:49:20Z
160,3,Denver Metro,2026-05-23,83,65,107,1.23,signal_aware_v2,"{""model"":""signal_aware_v2"",""drivers"":[""diagnostics_demand_bulletin"",""site_startup_cycle"",""enrollment_wave_prep""],""top_source"":""@waterworks_lab"",""criticality_score"":64,""confidence"":""medium"",""trend"":""seasonal_uptick""}",2026-05-13T09:49:20Z
161,3,Denver Metro,2026-05-24,80,67,109,1.27,signal_aware_v2,"{""model"":""signal_aware_v2"",""drivers"":[""diagnostics_demand_bulletin"",""site_startup_cycle"",""enrollment_wave_prep""],""top_source"":""@waterworks_lab"",""criticality_score"":64,""confidence"":""medium"",""trend"":""seasonal_uptick""}",2026-05-13T09:49:20Z
162,3,Denver Metro,2026-05-25,86,69,111,1.27,signal_aware_v2,"{""model"":""signal_aware_v2"",""drivers"":[""diagnostics_demand_bulletin"",""site_startup_cycle"",""enrollment_wave_prep""],""top_source"":""@waterworks_lab"",""criticality_score"":64,""confidence"":""medium"",""trend"":""seasonal_uptick""}",2026-05-13T09:49:20Z
163,3,Denver Metro,2026-05-26,90,71,113,1.24,signal_aware_v2,"{""model"":""signal_aware_v2"",""drivers"":[""diagnostics_demand_bulletin"",""site_startup_cycle"",""enrollment_wave_prep""],""top_source"":""@waterworks_lab"",""criticality_score"":64,""confidence"":""medium"",""trend"":""seasonal_uptick""}",2026-05-13T09:49:20Z
164,3,Denver Metro,2026-05-27,89,73,115,1.28,signal_aware_v2,"{""model"":""signal_aware_v2"",""drivers"":[""diagnostics_demand_bulletin"",""site_startup_cycle"",""enrollment_wave_prep""],""top_source"":""@waterworks_lab"",""criticality_score"":64,""confidence"":""medium"",""trend"":""seasonal_uptick""}",2026-05-13T09:49:20Z
165,3,Denver Metro,2026-05-28,99,75,117,1.36,signal_aware_v2,"{""model"":""signal_aware_v2"",""drivers"":[""diagnostics_demand_bulletin"",""site_startup_cycle"",""enrollment_wave_prep""],""top_source"":""@waterworks_lab"",""criticality_score"":64,""confidence"":""medium"",""trend"":""seasonal_uptick""}",2026-05-13T09:49:20Z
166,3,Denver Metro,2026-05-29,107,77,119,1.34,signal_aware_v2,"{""model"":""signal_aware_v2"",""drivers"":[""diagnostics_demand_bulletin"",""site_startup_cycle"",""enrollment_wave_prep""],""top_source"":""@waterworks_lab"",""criticality_score"":64,""confidence"":""medium"",""trend"":""seasonal_uptick""}",2026-05-13T09:49:20Z
167,3,Denver Metro,2026-05-30,102,79,121,1.34,signal_aware_v2,"{""model"":""signal_aware_v2"",""drivers"":[""diagnostics_demand_bulletin"",""site_startup_cycle"",""enrollment_wave_prep""],""top_source"":""@waterworks_lab"",""criticality_score"":64,""confidence"":""medium"",""trend"":""seasonal_uptick""}",2026-05-13T09:49:20Z
168,3,Denver Metro,2026-05-31,98,81,123,1.33,signal_aware_v2,"{""model"":""signal_aware_v2"",""drivers"":[""diagnostics_demand_bulletin"",""site_startup_cycle"",""enrollment_wave_prep""],""top_source"":""@waterworks_lab"",""criticality_score"":64,""confidence"":""medium"",""trend"":""seasonal_uptick""}",2026-05-13T09:49:20Z
169,3,Denver Metro,2026-06-01,100,83,125,1.36,signal_aware_v2,"{""model"":""signal_aware_v2"",""drivers"":[""diagnostics_demand_bulletin"",""site_startup_cycle"",""enrollment_wave_prep""],""top_source"":""@waterworks_lab"",""criticality_score"":64,""confidence"":""medium"",""trend"":""seasonal_uptick""}",2026-05-13T09:49:20Z
170,3,Denver Metro,2026-06-02,104,85,127,1.3,signal_aware_v2,"{""model"":""signal_aware_v2"",""drivers"":[""diagnostics_demand_bulletin"",""site_startup_cycle"",""enrollment_wave_prep""],""top_source"":""@waterworks_lab"",""criticality_score"":64,""confidence"":""medium"",""trend"":""seasonal_uptick""}",2026-05-13T09:49:20Z
171,3,Denver Metro,2026-06-03,102,87,129,1.35,signal_aware_v2,"{""model"":""signal_aware_v2"",""drivers"":[""diagnostics_demand_bulletin"",""site_startup_cycle"",""enrollment_wave_prep""],""top_source"":""@waterworks_lab"",""criticality_score"":64,""confidence"":""medium"",""trend"":""seasonal_uptick""}",2026-05-13T09:49:20Z
172,3,Denver Metro,2026-06-04,102,89,131,1.44,signal_aware_v2,"{""model"":""signal_aware_v2"",""drivers"":[""diagnostics_demand_bulletin"",""site_startup_cycle"",""enrollment_wave_prep""],""top_source"":""@waterworks_lab"",""criticality_score"":64,""confidence"":""medium"",""trend"":""seasonal_uptick""}",2026-05-13T09:49:20Z
173,3,Denver Metro,2026-06-05,109,91,133,1.38,signal_aware_v2,"{""model"":""signal_aware_v2"",""drivers"":[""diagnostics_demand_bulletin"",""site_startup_cycle"",""enrollment_wave_prep""],""top_source"":""@waterworks_lab"",""criticality_score"":64,""confidence"":""medium"",""trend"":""seasonal_uptick""}",2026-05-13T09:49:20Z
174,3,Denver Metro,2026-06-06,121,93,135,1.34,signal_aware_v2,"{""model"":""signal_aware_v2"",""drivers"":[""diagnostics_demand_bulletin"",""site_startup_cycle"",""enrollment_wave_prep""],""top_source"":""@waterworks_lab"",""criticality_score"":64,""confidence"":""medium"",""trend"":""seasonal_uptick""}",2026-05-13T09:49:20Z
175,3,Denver Metro,2026-06-07,125,95,137,1.37,signal_aware_v2,"{""model"":""signal_aware_v2"",""drivers"":[""diagnostics_demand_bulletin"",""site_startup_cycle"",""enrollment_wave_prep""],""top_source"":""@waterworks_lab"",""criticality_score"":64,""confidence"":""medium"",""trend"":""seasonal_uptick""}",2026-05-13T09:49:20Z
176,3,Denver Metro,2026-06-08,122,97,139,1.43,signal_aware_v2,"{""model"":""signal_aware_v2"",""drivers"":[""diagnostics_demand_bulletin"",""site_startup_cycle"",""enrollment_wave_prep""],""top_source"":""@waterworks_lab"",""criticality_score"":64,""confidence"":""medium"",""trend"":""seasonal_uptick""}",2026-05-13T09:49:20Z
177,3,Denver Metro,2026-06-09,127,99,141,1.41,signal_aware_v2,"{""model"":""signal_aware_v2"",""drivers"":[""diagnostics_demand_bulletin"",""site_startup_cycle"",""enrollment_wave_prep""],""top_source"":""@waterworks_lab"",""criticality_score"":64,""confidence"":""medium"",""trend"":""seasonal_uptick""}",2026-05-13T09:49:20Z
178,3,Denver Metro,2026-06-10,119,101,143,1.45,signal_aware_v2,"{""model"":""signal_aware_v2"",""drivers"":[""diagnostics_demand_bulletin"",""site_startup_cycle"",""enrollment_wave_prep""],""top_source"":""@waterworks_lab"",""criticality_score"":64,""confidence"":""medium"",""trend"":""seasonal_uptick""}",2026-05-13T09:49:20Z
179,3,Denver Metro,2026-06-11,117,103,145,1.47,signal_aware_v2,"{""model"":""signal_aware_v2"",""drivers"":[""diagnostics_demand_bulletin"",""site_startup_cycle"",""enrollment_wave_prep""],""top_source"":""@waterworks_lab"",""criticality_score"":64,""confidence"":""medium"",""trend"":""seasonal_uptick""}",2026-05-13T09:49:20Z
180,3,Denver Metro,2026-06-12,123,105,147,1.41,signal_aware_v2,"{""model"":""signal_aware_v2"",""drivers"":[""diagnostics_demand_bulletin"",""site_startup_cycle"",""enrollment_wave_prep""],""top_source"":""@waterworks_lab"",""criticality_score"":64,""confidence"":""medium"",""trend"":""seasonal_uptick""}",2026-05-13T09:49:20Z
181,3,Atlanta Metro,2026-05-14,84,63,123,1.19,signal_aware_v2,"{""model"":""signal_aware_v2"",""drivers"":[""cdmo_capacity_notice"",""manufacturer_allocation"",""release_testing_window""],""top_source"":""@cold-chain_ops"",""criticality_score"":68,""confidence"":""medium"",""trend"":""growing""}",2026-05-13T09:49:20Z
182,3,Atlanta Metro,2026-05-15,102,66,126,1.16,signal_aware_v2,"{""model"":""signal_aware_v2"",""drivers"":[""cdmo_capacity_notice"",""manufacturer_allocation"",""release_testing_window""],""top_source"":""@cold-chain_ops"",""criticality_score"":68,""confidence"":""medium"",""trend"":""growing""}",2026-05-13T09:49:20Z
183,3,Atlanta Metro,2026-05-16,93,69,129,1.13,signal_aware_v2,"{""model"":""signal_aware_v2"",""drivers"":[""cdmo_capacity_notice"",""manufacturer_allocation"",""release_testing_window""],""top_source"":""@cold-chain_ops"",""criticality_score"":68,""confidence"":""medium"",""trend"":""growing""}",2026-05-13T09:49:20Z
184,3,Atlanta Metro,2026-05-17,102,72,132,1.15,signal_aware_v2,"{""model"":""signal_aware_v2"",""drivers"":[""cdmo_capacity_notice"",""manufacturer_allocation"",""release_testing_window""],""top_source"":""@cold-chain_ops"",""criticality_score"":68,""confidence"":""medium"",""trend"":""growing""}",2026-05-13T09:49:20Z
185,3,Atlanta Metro,2026-05-18,112,75,135,1.25,signal_aware_v2,"{""model"":""signal_aware_v2"",""drivers"":[""cdmo_capacity_notice"",""manufacturer_allocation"",""release_testing_window""],""top_source"":""@cold-chain_ops"",""criticality_score"":68,""confidence"":""medium"",""trend"":""growing""}",2026-05-13T09:49:20Z
186,3,Atlanta Metro,2026-05-19,115,78,138,1.26,signal_aware_v2,"{""model"":""signal_aware_v2"",""drivers"":[""cdmo_capacity_notice"",""manufacturer_allocation"",""release_testing_window""],""top_source"":""@cold-chain_ops"",""criticality_score"":68,""confidence"":""medium"",""trend"":""growing""}",2026-05-13T09:49:20Z
187,3,Atlanta Metro,2026-05-20,100,81,141,1.19,signal_aware_v2,"{""model"":""signal_aware_v2"",""drivers"":[""cdmo_capacity_notice"",""manufacturer_allocation"",""release_testing_window""],""top_source"":""@cold-chain_ops"",""criticality_score"":68,""confidence"":""medium"",""trend"":""growing""}",2026-05-13T09:49:20Z
188,3,Atlanta Metro,2026-05-21,107,84,144,1.19,signal_aware_v2,"{""model"":""signal_aware_v2"",""drivers"":[""cdmo_capacity_notice"",""manufacturer_allocation"",""release_testing_window""],""top_source"":""@cold-chain_ops"",""criticality_score"":68,""confidence"":""medium"",""trend"":""growing""}",2026-05-13T09:49:20Z
189,3,Atlanta Metro,2026-05-22,127,87,147,1.18,signal_aware_v2,"{""model"":""signal_aware_v2"",""drivers"":[""cdmo_capacity_notice"",""manufacturer_allocation"",""release_testing_window""],""top_source"":""@cold-chain_ops"",""criticality_score"":68,""confidence"":""medium"",""trend"":""growing""}",2026-05-13T09:49:20Z
190,3,Atlanta Metro,2026-05-23,118,90,150,1.22,signal_aware_v2,"{""model"":""signal_aware_v2"",""drivers"":[""cdmo_capacity_notice"",""manufacturer_allocation"",""release_testing_window""],""top_source"":""@cold-chain_ops"",""criticality_score"":68,""confidence"":""medium"",""trend"":""growing""}",2026-05-13T09:49:20Z
191,3,Atlanta Metro,2026-05-24,115,93,153,1.32,signal_aware_v2,"{""model"":""signal_aware_v2"",""drivers"":[""cdmo_capacity_notice"",""manufacturer_allocation"",""release_testing_window""],""top_source"":""@cold-chain_ops"",""criticality_score"":68,""confidence"":""medium"",""trend"":""growing""}",2026-05-13T09:49:20Z
192,3,Atlanta Metro,2026-05-25,137,96,156,1.28,signal_aware_v2,"{""model"":""signal_aware_v2"",""drivers"":[""cdmo_capacity_notice"",""manufacturer_allocation"",""release_testing_window""],""top_source"":""@cold-chain_ops"",""criticality_score"":68,""confidence"":""medium"",""trend"":""growing""}",2026-05-13T09:49:20Z
193,3,Atlanta Metro,2026-05-26,122,99,159,1.25,signal_aware_v2,"{""model"":""signal_aware_v2"",""drivers"":[""cdmo_capacity_notice"",""manufacturer_allocation"",""release_testing_window""],""top_source"":""@cold-chain_ops"",""criticality_score"":68,""confidence"":""medium"",""trend"":""growing""}",2026-05-13T09:49:20Z
194,3,Atlanta Metro,2026-05-27,125,102,162,1.32,signal_aware_v2,"{""model"":""signal_aware_v2"",""drivers"":[""cdmo_capacity_notice"",""manufacturer_allocation"",""release_testing_window""],""top_source"":""@cold-chain_ops"",""criticality_score"":68,""confidence"":""medium"",""trend"":""growing""}",2026-05-13T09:49:20Z
195,3,Atlanta Metro,2026-05-28,127,105,165,1.32,signal_aware_v2,"{""model"":""signal_aware_v2"",""drivers"":[""cdmo_capacity_notice"",""manufacturer_allocation"",""release_testing_window""],""top_source"":""@cold-chain_ops"",""criticality_score"":68,""confidence"":""medium"",""trend"":""growing""}",2026-05-13T09:49:20Z
196,3,Atlanta Metro,2026-05-29,138,108,168,1.31,signal_aware_v2,"{""model"":""signal_aware_v2"",""drivers"":[""cdmo_capacity_notice"",""manufacturer_allocation"",""release_testing_window""],""top_source"":""@cold-chain_ops"",""criticality_score"":68,""confidence"":""medium"",""trend"":""growing""}",2026-05-13T09:49:20Z
197,3,Atlanta Metro,2026-05-30,141,111,171,1.27,signal_aware_v2,"{""model"":""signal_aware_v2"",""drivers"":[""cdmo_capacity_notice"",""manufacturer_allocation"",""release_testing_window""],""top_source"":""@cold-chain_ops"",""criticality_score"":68,""confidence"":""medium"",""trend"":""growing""}",2026-05-13T09:49:20Z
198,3,Atlanta Metro,2026-05-31,147,114,174,1.33,signal_aware_v2,"{""model"":""signal_aware_v2"",""drivers"":[""cdmo_capacity_notice"",""manufacturer_allocation"",""release_testing_window""],""top_source"":""@cold-chain_ops"",""criticality_score"":68,""confidence"":""medium"",""trend"":""growing""}",2026-05-13T09:49:20Z
199,3,Atlanta Metro,2026-06-01,150,117,177,1.35,signal_aware_v2,"{""model"":""signal_aware_v2"",""drivers"":[""cdmo_capacity_notice"",""manufacturer_allocation"",""release_testing_window""],""top_source"":""@cold-chain_ops"",""criticality_score"":68,""confidence"":""medium"",""trend"":""growing""}",2026-05-13T09:49:20Z
200,3,Atlanta Metro,2026-06-02,146,120,180,1.3,signal_aware_v2,"{""model"":""signal_aware_v2"",""drivers"":[""cdmo_capacity_notice"",""manufacturer_allocation"",""release_testing_window""],""top_source"":""@cold-chain_ops"",""criticality_score"":68,""confidence"":""medium"",""trend"":""growing""}",2026-05-13T09:49:20Z
201,3,Atlanta Metro,2026-06-03,150,123,183,1.39,signal_aware_v2,"{""model"":""signal_aware_v2"",""drivers"":[""cdmo_capacity_notice"",""manufacturer_allocation"",""release_testing_window""],""top_source"":""@cold-chain_ops"",""criticality_score"":68,""confidence"":""medium"",""trend"":""growing""}",2026-05-13T09:49:20Z
202,3,Atlanta Metro,2026-06-04,169,126,186,1.33,signal_aware_v2,"{""model"":""signal_aware_v2"",""drivers"":[""cdmo_capacity_notice"",""manufacturer_allocation"",""release_testing_window""],""top_source"":""@cold-chain_ops"",""criticality_score"":68,""confidence"":""medium"",""trend"":""growing""}",2026-05-13T09:49:20Z
203,3,Atlanta Metro,2026-06-05,158,129,189,1.46,signal_aware_v2,"{""model"":""signal_aware_v2"",""drivers"":[""cdmo_capacity_notice"",""manufacturer_allocation"",""release_testing_window""],""top_source"":""@cold-chain_ops"",""criticality_score"":68,""confidence"":""medium"",""trend"":""growing""}",2026-05-13T09:49:20Z
204,3,Atlanta Metro,2026-06-06,174,132,192,1.45,signal_aware_v2,"{""model"":""signal_aware_v2"",""drivers"":[""cdmo_capacity_notice"",""manufacturer_allocation"",""release_testing_window""],""top_source"":""@cold-chain_ops"",""criticality_score"":68,""confidence"":""medium"",""trend"":""growing""}",2026-05-13T09:49:20Z
205,3,Atlanta Metro,2026-06-07,164,135,195,1.46,signal_aware_v2,"{""model"":""signal_aware_v2"",""drivers"":[""cdmo_capacity_notice"",""manufacturer_allocation"",""release_testing_window""],""top_source"":""@cold-chain_ops"",""criticality_score"":68,""confidence"":""medium"",""trend"":""growing""}",2026-05-13T09:49:20Z
206,3,Atlanta Metro,2026-06-08,178,138,198,1.41,signal_aware_v2,"{""model"":""signal_aware_v2"",""drivers"":[""cdmo_capacity_notice"",""manufacturer_allocation"",""release_testing_window""],""top_source"":""@cold-chain_ops"",""criticality_score"":68,""confidence"":""medium"",""trend"":""growing""}",2026-05-13T09:49:20Z
207,3,Atlanta Metro,2026-06-09,173,141,201,1.41,signal_aware_v2,"{""model"":""signal_aware_v2"",""drivers"":[""cdmo_capacity_notice"",""manufacturer_allocation"",""release_testing_window""],""top_source"":""@cold-chain_ops"",""criticality_score"":68,""confidence"":""medium"",""trend"":""growing""}",2026-05-13T09:49:20Z
208,3,Atlanta Metro,2026-06-10,177,144,204,1.45,signal_aware_v2,"{""model"":""signal_aware_v2"",""drivers"":[""cdmo_capacity_notice"",""manufacturer_allocation"",""release_testing_window""],""top_source"":""@cold-chain_ops"",""criticality_score"":68,""confidence"":""medium"",""trend"":""growing""}",2026-05-13T09:49:20Z
209,3,Atlanta Metro,2026-06-11,170,147,207,1.54,signal_aware_v2,"{""model"":""signal_aware_v2"",""drivers"":[""cdmo_capacity_notice"",""manufacturer_allocation"",""release_testing_window""],""top_source"":""@cold-chain_ops"",""criticality_score"":68,""confidence"":""medium"",""trend"":""growing""}",2026-05-13T09:49:20Z
210,3,Atlanta Metro,2026-06-12,174,150,210,1.48,signal_aware_v2,"{""model"":""signal_aware_v2"",""drivers"":[""cdmo_capacity_notice"",""manufacturer_allocation"",""release_testing_window""],""top_source"":""@cold-chain_ops"",""criticality_score"":68,""confidence"":""medium"",""trend"":""growing""}",2026-05-13T09:49:20Z
211,4,Miami-South Florida,2026-05-14,135,83,158,1.45,signal_aware_v2,"{""model"":""signal_aware_v2"",""drivers"":[""gxp_document_cluster"",""temperature_excursion_warning"",""protocol_substitution_review""],""top_source"":""@gxpdesk"",""criticality_score"":91,""confidence"":""very_high"",""trend"":""mega_viral""}",2026-05-13T09:49:20Z
212,4,Miami-South Florida,2026-05-15,140,90,165,1.6,signal_aware_v2,"{""model"":""signal_aware_v2"",""drivers"":[""gxp_document_cluster"",""temperature_excursion_warning"",""protocol_substitution_review""],""top_source"":""@gxpdesk"",""criticality_score"":91,""confidence"":""very_high"",""trend"":""mega_viral""}",2026-05-13T09:49:20Z
213,4,Miami-South Florida,2026-05-16,121,97,172,1.69,signal_aware_v2,"{""model"":""signal_aware_v2"",""drivers"":[""gxp_document_cluster"",""temperature_excursion_warning"",""protocol_substitution_review""],""top_source"":""@gxpdesk"",""criticality_score"":91,""confidence"":""very_high"",""trend"":""mega_viral""}",2026-05-13T09:49:20Z
214,4,Miami-South Florida,2026-05-17,139,104,179,1.87,signal_aware_v2,"{""model"":""signal_aware_v2"",""drivers"":[""gxp_document_cluster"",""temperature_excursion_warning"",""protocol_substitution_review""],""top_source"":""@gxpdesk"",""criticality_score"":91,""confidence"":""very_high"",""trend"":""mega_viral""}",2026-05-13T09:49:20Z
215,4,Miami-South Florida,2026-05-18,162,111,186,1.87,signal_aware_v2,"{""model"":""signal_aware_v2"",""drivers"":[""gxp_document_cluster"",""temperature_excursion_warning"",""protocol_substitution_review""],""top_source"":""@gxpdesk"",""criticality_score"":91,""confidence"":""very_high"",""trend"":""mega_viral""}",2026-05-13T09:49:20Z
216,4,Miami-South Florida,2026-05-19,153,118,193,1.8,signal_aware_v2,"{""model"":""signal_aware_v2"",""drivers"":[""gxp_document_cluster"",""temperature_excursion_warning"",""protocol_substitution_review""],""top_source"":""@gxpdesk"",""criticality_score"":91,""confidence"":""very_high"",""trend"":""mega_viral""}",2026-05-13T09:49:20Z
217,4,Miami-South Florida,2026-05-20,173,125,200,1.9,signal_aware_v2,"{""model"":""signal_aware_v2"",""drivers"":[""gxp_document_cluster"",""temperature_excursion_warning"",""protocol_substitution_review""],""top_source"":""@gxpdesk"",""criticality_score"":91,""confidence"":""very_high"",""trend"":""mega_viral""}",2026-05-13T09:49:20Z
218,4,Miami-South Florida,2026-05-21,167,132,207,2.05,signal_aware_v2,"{""model"":""signal_aware_v2"",""drivers"":[""gxp_document_cluster"",""temperature_excursion_warning"",""protocol_substitution_review""],""top_source"":""@gxpdesk"",""criticality_score"":91,""confidence"":""very_high"",""trend"":""mega_viral""}",2026-05-13T09:49:20Z
219,4,Miami-South Florida,2026-05-22,190,139,214,2.16,signal_aware_v2,"{""model"":""signal_aware_v2"",""drivers"":[""gxp_document_cluster"",""temperature_excursion_warning"",""protocol_substitution_review""],""top_source"":""@gxpdesk"",""criticality_score"":91,""confidence"":""very_high"",""trend"":""mega_viral""}",2026-05-13T09:49:20Z
220,4,Miami-South Florida,2026-05-23,179,146,221,2.16,signal_aware_v2,"{""model"":""signal_aware_v2"",""drivers"":[""gxp_document_cluster"",""temperature_excursion_warning"",""protocol_substitution_review""],""top_source"":""@gxpdesk"",""criticality_score"":91,""confidence"":""very_high"",""trend"":""mega_viral""}",2026-05-13T09:49:20Z
221,4,Miami-South Florida,2026-05-24,177,153,228,2,signal_aware_v2,"{""model"":""signal_aware_v2"",""drivers"":[""gxp_document_cluster"",""temperature_excursion_warning"",""protocol_substitution_review""],""top_source"":""@gxpdesk"",""criticality_score"":91,""confidence"":""very_high"",""trend"":""mega_viral""}",2026-05-13T09:49:20Z
222,4,Miami-South Florida,2026-05-25,180,160,235,2.28,signal_aware_v2,"{""model"":""signal_aware_v2"",""drivers"":[""gxp_document_cluster"",""temperature_excursion_warning"",""protocol_substitution_review""],""top_source"":""@gxpdesk"",""criticality_score"":91,""confidence"":""very_high"",""trend"":""mega_viral""}",2026-05-13T09:49:20Z
223,4,Miami-South Florida,2026-05-26,218,167,242,2.1,signal_aware_v2,"{""model"":""signal_aware_v2"",""drivers"":[""gxp_document_cluster"",""temperature_excursion_warning"",""protocol_substitution_review""],""top_source"":""@gxpdesk"",""criticality_score"":91,""confidence"":""very_high"",""trend"":""mega_viral""}",2026-05-13T09:49:20Z
224,4,Miami-South Florida,2026-05-27,225,174,249,2.37,signal_aware_v2,"{""model"":""signal_aware_v2"",""drivers"":[""gxp_document_cluster"",""temperature_excursion_warning"",""protocol_substitution_review""],""top_source"":""@gxpdesk"",""criticality_score"":91,""confidence"":""very_high"",""trend"":""mega_viral""}",2026-05-13T09:49:20Z
225,4,Miami-South Florida,2026-05-28,205,181,256,2.48,signal_aware_v2,"{""model"":""signal_aware_v2"",""drivers"":[""gxp_document_cluster"",""temperature_excursion_warning"",""protocol_substitution_review""],""top_source"":""@gxpdesk"",""criticality_score"":91,""confidence"":""very_high"",""trend"":""mega_viral""}",2026-05-13T09:49:20Z
226,4,Miami-South Florida,2026-05-29,242,188,263,2.41,signal_aware_v2,"{""model"":""signal_aware_v2"",""drivers"":[""gxp_document_cluster"",""temperature_excursion_warning"",""protocol_substitution_review""],""top_source"":""@gxpdesk"",""criticality_score"":91,""confidence"":""very_high"",""trend"":""mega_viral""}",2026-05-13T09:49:20Z
227,4,Miami-South Florida,2026-05-30,234,195,270,2.34,signal_aware_v2,"{""model"":""signal_aware_v2"",""drivers"":[""gxp_document_cluster"",""temperature_excursion_warning"",""protocol_substitution_review""],""top_source"":""@gxpdesk"",""criticality_score"":91,""confidence"":""very_high"",""trend"":""mega_viral""}",2026-05-13T09:49:20Z
228,4,Miami-South Florida,2026-05-31,235,202,277,2.48,signal_aware_v2,"{""model"":""signal_aware_v2"",""drivers"":[""gxp_document_cluster"",""temperature_excursion_warning"",""protocol_substitution_review""],""top_source"":""@gxpdesk"",""criticality_score"":91,""confidence"":""very_high"",""trend"":""mega_viral""}",2026-05-13T09:49:20Z
229,4,Miami-South Florida,2026-06-01,231,209,284,2.5,signal_aware_v2,"{""model"":""signal_aware_v2"",""drivers"":[""gxp_document_cluster"",""temperature_excursion_warning"",""protocol_substitution_review""],""top_source"":""@gxpdesk"",""criticality_score"":91,""confidence"":""very_high"",""trend"":""mega_viral""}",2026-05-13T09:49:20Z
230,4,Miami-South Florida,2026-06-02,265,216,291,2.54,signal_aware_v2,"{""model"":""signal_aware_v2"",""drivers"":[""gxp_document_cluster"",""temperature_excursion_warning"",""protocol_substitution_review""],""top_source"":""@gxpdesk"",""criticality_score"":91,""confidence"":""very_high"",""trend"":""mega_viral""}",2026-05-13T09:49:20Z
231,4,Miami-South Florida,2026-06-03,263,223,298,2.59,signal_aware_v2,"{""model"":""signal_aware_v2"",""drivers"":[""gxp_document_cluster"",""temperature_excursion_warning"",""protocol_substitution_review""],""top_source"":""@gxpdesk"",""criticality_score"":91,""confidence"":""very_high"",""trend"":""mega_viral""}",2026-05-13T09:49:20Z
232,4,Miami-South Florida,2026-06-04,253,230,305,2.61,signal_aware_v2,"{""model"":""signal_aware_v2"",""drivers"":[""gxp_document_cluster"",""temperature_excursion_warning"",""protocol_substitution_review""],""top_source"":""@gxpdesk"",""criticality_score"":91,""confidence"":""very_high"",""trend"":""mega_viral""}",2026-05-13T09:49:20Z
233,4,Miami-South Florida,2026-06-05,265,237,312,2.67,signal_aware_v2,"{""model"":""signal_aware_v2"",""drivers"":[""gxp_document_cluster"",""temperature_excursion_warning"",""protocol_substitution_review""],""top_source"":""@gxpdesk"",""criticality_score"":91,""confidence"":""very_high"",""trend"":""mega_viral""}",2026-05-13T09:49:20Z
234,4,Miami-South Florida,2026-06-06,265,244,319,2.78,signal_aware_v2,"{""model"":""signal_aware_v2"",""drivers"":[""gxp_document_cluster"",""temperature_excursion_warning"",""protocol_substitution_review""],""top_source"":""@gxpdesk"",""criticality_score"":91,""confidence"":""very_high"",""trend"":""mega_viral""}",2026-05-13T09:49:20Z
235,4,Miami-South Florida,2026-06-07,277,251,326,2.66,signal_aware_v2,"{""model"":""signal_aware_v2"",""drivers"":[""gxp_document_cluster"",""temperature_excursion_warning"",""protocol_substitution_review""],""top_source"":""@gxpdesk"",""criticality_score"":91,""confidence"":""very_high"",""trend"":""mega_viral""}",2026-05-13T09:49:20Z
236,4,Miami-South Florida,2026-06-08,284,258,333,2.83,signal_aware_v2,"{""model"":""signal_aware_v2"",""drivers"":[""gxp_document_cluster"",""temperature_excursion_warning"",""protocol_substitution_review""],""top_source"":""@gxpdesk"",""criticality_score"":91,""confidence"":""very_high"",""trend"":""mega_viral""}",2026-05-13T09:49:20Z
237,4,Miami-South Florida,2026-06-09,289,265,340,2.86,signal_aware_v2,"{""model"":""signal_aware_v2"",""drivers"":[""gxp_document_cluster"",""temperature_excursion_warning"",""protocol_substitution_review""],""top_source"":""@gxpdesk"",""criticality_score"":91,""confidence"":""very_high"",""trend"":""mega_viral""}",2026-05-13T09:49:20Z
238,4,Miami-South Florida,2026-06-10,304,272,347,3.1,signal_aware_v2,"{""model"":""signal_aware_v2"",""drivers"":[""gxp_document_cluster"",""temperature_excursion_warning"",""protocol_substitution_review""],""top_source"":""@gxpdesk"",""criticality_score"":91,""confidence"":""very_high"",""trend"":""mega_viral""}",2026-05-13T09:49:20Z
239,4,Miami-South Florida,2026-06-11,304,279,354,3.13,signal_aware_v2,"{""model"":""signal_aware_v2"",""drivers"":[""gxp_document_cluster"",""temperature_excursion_warning"",""protocol_substitution_review""],""top_source"":""@gxpdesk"",""criticality_score"":91,""confidence"":""very_high"",""trend"":""mega_viral""}",2026-05-13T09:49:20Z
240,4,Miami-South Florida,2026-06-12,307,286,361,2.98,signal_aware_v2,"{""model"":""signal_aware_v2"",""drivers"":[""gxp_document_cluster"",""temperature_excursion_warning"",""protocol_substitution_review""],""top_source"":""@gxpdesk"",""criticality_score"":91,""confidence"":""very_high"",""trend"":""mega_viral""}",2026-05-13T09:49:20Z
241,4,New York Metro,2026-05-14,161,122,218,1.68,signal_aware_v2,"{""model"":""signal_aware_v2"",""drivers"":[""fda_labeling_review"",""regulatory_dossier_update"",""critical_site_allocation""],""top_source"":""@fda_watch"",""criticality_score"":94,""confidence"":""very_high"",""trend"":""explosive_growth""}",2026-05-13T09:49:20Z
242,4,New York Metro,2026-05-15,172,131,227,1.76,signal_aware_v2,"{""model"":""signal_aware_v2"",""drivers"":[""fda_labeling_review"",""regulatory_dossier_update"",""critical_site_allocation""],""top_source"":""@fda_watch"",""criticality_score"":94,""confidence"":""very_high"",""trend"":""explosive_growth""}",2026-05-13T09:49:20Z
243,4,New York Metro,2026-05-16,204,140,236,1.95,signal_aware_v2,"{""model"":""signal_aware_v2"",""drivers"":[""fda_labeling_review"",""regulatory_dossier_update"",""critical_site_allocation""],""top_source"":""@fda_watch"",""criticality_score"":94,""confidence"":""very_high"",""trend"":""explosive_growth""}",2026-05-13T09:49:20Z
244,4,New York Metro,2026-05-17,210,149,245,2.05,signal_aware_v2,"{""model"":""signal_aware_v2"",""drivers"":[""fda_labeling_review"",""regulatory_dossier_update"",""critical_site_allocation""],""top_source"":""@fda_watch"",""criticality_score"":94,""confidence"":""very_high"",""trend"":""explosive_growth""}",2026-05-13T09:49:20Z
245,4,New York Metro,2026-05-18,222,158,254,1.87,signal_aware_v2,"{""model"":""signal_aware_v2"",""drivers"":[""fda_labeling_review"",""regulatory_dossier_update"",""critical_site_allocation""],""top_source"":""@fda_watch"",""criticality_score"":94,""confidence"":""very_high"",""trend"":""explosive_growth""}",2026-05-13T09:49:20Z
246,4,New York Metro,2026-05-19,197,167,263,2.01,signal_aware_v2,"{""model"":""signal_aware_v2"",""drivers"":[""fda_labeling_review"",""regulatory_dossier_update"",""critical_site_allocation""],""top_source"":""@fda_watch"",""criticality_score"":94,""confidence"":""very_high"",""trend"":""explosive_growth""}",2026-05-13T09:49:20Z
247,4,New York Metro,2026-05-20,214,176,272,2.07,signal_aware_v2,"{""model"":""signal_aware_v2"",""drivers"":[""fda_labeling_review"",""regulatory_dossier_update"",""critical_site_allocation""],""top_source"":""@fda_watch"",""criticality_score"":94,""confidence"":""very_high"",""trend"":""explosive_growth""}",2026-05-13T09:49:20Z
248,4,New York Metro,2026-05-21,212,185,281,2.07,signal_aware_v2,"{""model"":""signal_aware_v2"",""drivers"":[""fda_labeling_review"",""regulatory_dossier_update"",""critical_site_allocation""],""top_source"":""@fda_watch"",""criticality_score"":94,""confidence"":""very_high"",""trend"":""explosive_growth""}",2026-05-13T09:49:20Z
249,4,New York Metro,2026-05-22,240,194,290,2.01,signal_aware_v2,"{""model"":""signal_aware_v2"",""drivers"":[""fda_labeling_review"",""regulatory_dossier_update"",""critical_site_allocation""],""top_source"":""@fda_watch"",""criticality_score"":94,""confidence"":""very_high"",""trend"":""explosive_growth""}",2026-05-13T09:49:20Z
250,4,New York Metro,2026-05-23,242,203,299,2.09,signal_aware_v2,"{""model"":""signal_aware_v2"",""drivers"":[""fda_labeling_review"",""regulatory_dossier_update"",""critical_site_allocation""],""top_source"":""@fda_watch"",""criticality_score"":94,""confidence"":""very_high"",""trend"":""explosive_growth""}",2026-05-13T09:49:20Z
251,4,New York Metro,2026-05-24,244,212,308,2.15,signal_aware_v2,"{""model"":""signal_aware_v2"",""drivers"":[""fda_labeling_review"",""regulatory_dossier_update"",""critical_site_allocation""],""top_source"":""@fda_watch"",""criticality_score"":94,""confidence"":""very_high"",""trend"":""explosive_growth""}",2026-05-13T09:49:20Z
252,4,New York Metro,2026-05-25,251,221,317,2.26,signal_aware_v2,"{""model"":""signal_aware_v2"",""drivers"":[""fda_labeling_review"",""regulatory_dossier_update"",""critical_site_allocation""],""top_source"":""@fda_watch"",""criticality_score"":94,""confidence"":""very_high"",""trend"":""explosive_growth""}",2026-05-13T09:49:20Z
253,4,New York Metro,2026-05-26,265,230,326,2.36,signal_aware_v2,"{""model"":""signal_aware_v2"",""drivers"":[""fda_labeling_review"",""regulatory_dossier_update"",""critical_site_allocation""],""top_source"":""@fda_watch"",""criticality_score"":94,""confidence"":""very_high"",""trend"":""explosive_growth""}",2026-05-13T09:49:20Z
254,4,New York Metro,2026-05-27,285,239,335,2.58,signal_aware_v2,"{""model"":""signal_aware_v2"",""drivers"":[""fda_labeling_review"",""regulatory_dossier_update"",""critical_site_allocation""],""top_source"":""@fda_watch"",""criticality_score"":94,""confidence"":""very_high"",""trend"":""explosive_growth""}",2026-05-13T09:49:20Z
255,4,New York Metro,2026-05-28,274,248,344,2.51,signal_aware_v2,"{""model"":""signal_aware_v2"",""drivers"":[""fda_labeling_review"",""regulatory_dossier_update"",""critical_site_allocation""],""top_source"":""@fda_watch"",""criticality_score"":94,""confidence"":""very_high"",""trend"":""explosive_growth""}",2026-05-13T09:49:20Z
256,4,New York Metro,2026-05-29,314,257,353,2.56,signal_aware_v2,"{""model"":""signal_aware_v2"",""drivers"":[""fda_labeling_review"",""regulatory_dossier_update"",""critical_site_allocation""],""top_source"":""@fda_watch"",""criticality_score"":94,""confidence"":""very_high"",""trend"":""explosive_growth""}",2026-05-13T09:49:20Z
257,4,New York Metro,2026-05-30,330,266,362,2.56,signal_aware_v2,"{""model"":""signal_aware_v2"",""drivers"":[""fda_labeling_review"",""regulatory_dossier_update"",""critical_site_allocation""],""top_source"":""@fda_watch"",""criticality_score"":94,""confidence"":""very_high"",""trend"":""explosive_growth""}",2026-05-13T09:49:20Z
258,4,New York Metro,2026-05-31,340,275,371,2.71,signal_aware_v2,"{""model"":""signal_aware_v2"",""drivers"":[""fda_labeling_review"",""regulatory_dossier_update"",""critical_site_allocation""],""top_source"":""@fda_watch"",""criticality_score"":94,""confidence"":""very_high"",""trend"":""explosive_growth""}",2026-05-13T09:49:20Z
259,4,New York Metro,2026-06-01,318,284,380,2.95,signal_aware_v2,"{""model"":""signal_aware_v2"",""drivers"":[""fda_labeling_review"",""regulatory_dossier_update"",""critical_site_allocation""],""top_source"":""@fda_watch"",""criticality_score"":94,""confidence"":""very_high"",""trend"":""explosive_growth""}",2026-05-13T09:49:20Z
260,4,New York Metro,2026-06-02,327,293,389,2.69,signal_aware_v2,"{""model"":""signal_aware_v2"",""drivers"":[""fda_labeling_review"",""regulatory_dossier_update"",""critical_site_allocation""],""top_source"":""@fda_watch"",""criticality_score"":94,""confidence"":""very_high"",""trend"":""explosive_growth""}",2026-05-13T09:49:20Z
261,4,New York Metro,2026-06-03,355,302,398,2.78,signal_aware_v2,"{""model"":""signal_aware_v2"",""drivers"":[""fda_labeling_review"",""regulatory_dossier_update"",""critical_site_allocation""],""top_source"":""@fda_watch"",""criticality_score"":94,""confidence"":""very_high"",""trend"":""explosive_growth""}",2026-05-13T09:49:20Z
262,4,New York Metro,2026-06-04,336,311,407,2.96,signal_aware_v2,"{""model"":""signal_aware_v2"",""drivers"":[""fda_labeling_review"",""regulatory_dossier_update"",""critical_site_allocation""],""top_source"":""@fda_watch"",""criticality_score"":94,""confidence"":""very_high"",""trend"":""explosive_growth""}",2026-05-13T09:49:20Z
263,4,New York Metro,2026-06-05,369,320,416,2.93,signal_aware_v2,"{""model"":""signal_aware_v2"",""drivers"":[""fda_labeling_review"",""regulatory_dossier_update"",""critical_site_allocation""],""top_source"":""@fda_watch"",""criticality_score"":94,""confidence"":""very_high"",""trend"":""explosive_growth""}",2026-05-13T09:49:20Z
264,4,New York Metro,2026-06-06,386,329,425,3.13,signal_aware_v2,"{""model"":""signal_aware_v2"",""drivers"":[""fda_labeling_review"",""regulatory_dossier_update"",""critical_site_allocation""],""top_source"":""@fda_watch"",""criticality_score"":94,""confidence"":""very_high"",""trend"":""explosive_growth""}",2026-05-13T09:49:20Z
265,4,New York Metro,2026-06-07,379,338,434,3.22,signal_aware_v2,"{""model"":""signal_aware_v2"",""drivers"":[""fda_labeling_review"",""regulatory_dossier_update"",""critical_site_allocation""],""top_source"":""@fda_watch"",""criticality_score"":94,""confidence"":""very_high"",""trend"":""explosive_growth""}",2026-05-13T09:49:20Z
266,4,New York Metro,2026-06-08,416,347,443,3.14,signal_aware_v2,"{""model"":""signal_aware_v2"",""drivers"":[""fda_labeling_review"",""regulatory_dossier_update"",""critical_site_allocation""],""top_source"":""@fda_watch"",""criticality_score"":94,""confidence"":""very_high"",""trend"":""explosive_growth""}",2026-05-13T09:49:20Z
267,4,New York Metro,2026-06-09,421,356,452,3.14,signal_aware_v2,"{""model"":""signal_aware_v2"",""drivers"":[""fda_labeling_review"",""regulatory_dossier_update"",""critical_site_allocation""],""top_source"":""@fda_watch"",""criticality_score"":94,""confidence"":""very_high"",""trend"":""explosive_growth""}",2026-05-13T09:49:20Z
268,4,New York Metro,2026-06-10,410,365,461,3.35,signal_aware_v2,"{""model"":""signal_aware_v2"",""drivers"":[""fda_labeling_review"",""regulatory_dossier_update"",""critical_site_allocation""],""top_source"":""@fda_watch"",""criticality_score"":94,""confidence"":""very_high"",""trend"":""explosive_growth""}",2026-05-13T09:49:20Z
269,4,New York Metro,2026-06-11,433,374,470,3.52,signal_aware_v2,"{""model"":""signal_aware_v2"",""drivers"":[""fda_labeling_review"",""regulatory_dossier_update"",""critical_site_allocation""],""top_source"":""@fda_watch"",""criticality_score"":94,""confidence"":""very_high"",""trend"":""explosive_growth""}",2026-05-13T09:49:20Z
270,4,New York Metro,2026-06-12,416,383,479,3.61,signal_aware_v2,"{""model"":""signal_aware_v2"",""drivers"":[""fda_labeling_review"",""regulatory_dossier_update"",""critical_site_allocation""],""top_source"":""@fda_watch"",""criticality_score"":94,""confidence"":""very_high"",""trend"":""explosive_growth""}",2026-05-13T09:49:20Z
271,5,Pacific Northwest,2026-05-14,69,52,99,1.15,signal_aware_v2,"{""model"":""signal_aware_v2"",""drivers"":[""enrollment_demand_shift"",""air_cargo_lane_signal"",""seasonal_trial_supply""],""top_source"":""@portsupply"",""criticality_score"":61,""confidence"":""medium"",""trend"":""seasonal""}",2026-05-13T09:49:20Z
272,5,Pacific Northwest,2026-05-15,73,54,101,1.18,signal_aware_v2,"{""model"":""signal_aware_v2"",""drivers"":[""enrollment_demand_shift"",""air_cargo_lane_signal"",""seasonal_trial_supply""],""top_source"":""@portsupply"",""criticality_score"":61,""confidence"":""medium"",""trend"":""seasonal""}",2026-05-13T09:49:20Z
273,5,Pacific Northwest,2026-05-16,79,56,103,1.11,signal_aware_v2,"{""model"":""signal_aware_v2"",""drivers"":[""enrollment_demand_shift"",""air_cargo_lane_signal"",""seasonal_trial_supply""],""top_source"":""@portsupply"",""criticality_score"":61,""confidence"":""medium"",""trend"":""seasonal""}",2026-05-13T09:49:20Z
274,5,Pacific Northwest,2026-05-17,90,58,105,1.17,signal_aware_v2,"{""model"":""signal_aware_v2"",""drivers"":[""enrollment_demand_shift"",""air_cargo_lane_signal"",""seasonal_trial_supply""],""top_source"":""@portsupply"",""criticality_score"":61,""confidence"":""medium"",""trend"":""seasonal""}",2026-05-13T09:49:20Z
275,5,Pacific Northwest,2026-05-18,81,60,107,1.15,signal_aware_v2,"{""model"":""signal_aware_v2"",""drivers"":[""enrollment_demand_shift"",""air_cargo_lane_signal"",""seasonal_trial_supply""],""top_source"":""@portsupply"",""criticality_score"":61,""confidence"":""medium"",""trend"":""seasonal""}",2026-05-13T09:49:20Z
276,5,Pacific Northwest,2026-05-19,84,62,109,1.15,signal_aware_v2,"{""model"":""signal_aware_v2"",""drivers"":[""enrollment_demand_shift"",""air_cargo_lane_signal"",""seasonal_trial_supply""],""top_source"":""@portsupply"",""criticality_score"":61,""confidence"":""medium"",""trend"":""seasonal""}",2026-05-13T09:49:20Z
277,5,Pacific Northwest,2026-05-20,82,64,111,1.18,signal_aware_v2,"{""model"":""signal_aware_v2"",""drivers"":[""enrollment_demand_shift"",""air_cargo_lane_signal"",""seasonal_trial_supply""],""top_source"":""@portsupply"",""criticality_score"":61,""confidence"":""medium"",""trend"":""seasonal""}",2026-05-13T09:49:20Z
278,5,Pacific Northwest,2026-05-21,91,66,113,1.23,signal_aware_v2,"{""model"":""signal_aware_v2"",""drivers"":[""enrollment_demand_shift"",""air_cargo_lane_signal"",""seasonal_trial_supply""],""top_source"":""@portsupply"",""criticality_score"":61,""confidence"":""medium"",""trend"":""seasonal""}",2026-05-13T09:49:20Z
279,5,Pacific Northwest,2026-05-22,88,68,115,1.26,signal_aware_v2,"{""model"":""signal_aware_v2"",""drivers"":[""enrollment_demand_shift"",""air_cargo_lane_signal"",""seasonal_trial_supply""],""top_source"":""@portsupply"",""criticality_score"":61,""confidence"":""medium"",""trend"":""seasonal""}",2026-05-13T09:49:20Z
280,5,Pacific Northwest,2026-05-23,100,70,117,1.24,signal_aware_v2,"{""model"":""signal_aware_v2"",""drivers"":[""enrollment_demand_shift"",""air_cargo_lane_signal"",""seasonal_trial_supply""],""top_source"":""@portsupply"",""criticality_score"":61,""confidence"":""medium"",""trend"":""seasonal""}",2026-05-13T09:49:20Z
281,5,Pacific Northwest,2026-05-24,85,72,119,1.23,signal_aware_v2,"{""model"":""signal_aware_v2"",""drivers"":[""enrollment_demand_shift"",""air_cargo_lane_signal"",""seasonal_trial_supply""],""top_source"":""@portsupply"",""criticality_score"":61,""confidence"":""medium"",""trend"":""seasonal""}",2026-05-13T09:49:20Z
282,5,Pacific Northwest,2026-05-25,88,74,121,1.29,signal_aware_v2,"{""model"":""signal_aware_v2"",""drivers"":[""enrollment_demand_shift"",""air_cargo_lane_signal"",""seasonal_trial_supply""],""top_source"":""@portsupply"",""criticality_score"":61,""confidence"":""medium"",""trend"":""seasonal""}",2026-05-13T09:49:20Z
283,5,Pacific Northwest,2026-05-26,101,76,123,1.22,signal_aware_v2,"{""model"":""signal_aware_v2"",""drivers"":[""enrollment_demand_shift"",""air_cargo_lane_signal"",""seasonal_trial_supply""],""top_source"":""@portsupply"",""criticality_score"":61,""confidence"":""medium"",""trend"":""seasonal""}",2026-05-13T09:49:20Z
284,5,Pacific Northwest,2026-05-27,110,78,125,1.27,signal_aware_v2,"{""model"":""signal_aware_v2"",""drivers"":[""enrollment_demand_shift"",""air_cargo_lane_signal"",""seasonal_trial_supply""],""top_source"":""@portsupply"",""criticality_score"":61,""confidence"":""medium"",""trend"":""seasonal""}",2026-05-13T09:49:20Z
285,5,Pacific Northwest,2026-05-28,94,80,127,1.22,signal_aware_v2,"{""model"":""signal_aware_v2"",""drivers"":[""enrollment_demand_shift"",""air_cargo_lane_signal"",""seasonal_trial_supply""],""top_source"":""@portsupply"",""criticality_score"":61,""confidence"":""medium"",""trend"":""seasonal""}",2026-05-13T09:49:20Z
286,5,Pacific Northwest,2026-05-29,102,82,129,1.27,signal_aware_v2,"{""model"":""signal_aware_v2"",""drivers"":[""enrollment_demand_shift"",""air_cargo_lane_signal"",""seasonal_trial_supply""],""top_source"":""@portsupply"",""criticality_score"":61,""confidence"":""medium"",""trend"":""seasonal""}",2026-05-13T09:49:20Z
287,5,Pacific Northwest,2026-05-30,105,84,131,1.29,signal_aware_v2,"{""model"":""signal_aware_v2"",""drivers"":[""enrollment_demand_shift"",""air_cargo_lane_signal"",""seasonal_trial_supply""],""top_source"":""@portsupply"",""criticality_score"":61,""confidence"":""medium"",""trend"":""seasonal""}",2026-05-13T09:49:20Z
288,5,Pacific Northwest,2026-05-31,115,86,133,1.26,signal_aware_v2,"{""model"":""signal_aware_v2"",""drivers"":[""enrollment_demand_shift"",""air_cargo_lane_signal"",""seasonal_trial_supply""],""top_source"":""@portsupply"",""criticality_score"":61,""confidence"":""medium"",""trend"":""seasonal""}",2026-05-13T09:49:20Z
289,5,Pacific Northwest,2026-06-01,105,88,135,1.36,signal_aware_v2,"{""model"":""signal_aware_v2"",""drivers"":[""enrollment_demand_shift"",""air_cargo_lane_signal"",""seasonal_trial_supply""],""top_source"":""@portsupply"",""criticality_score"":61,""confidence"":""medium"",""trend"":""seasonal""}",2026-05-13T09:49:20Z
290,5,Pacific Northwest,2026-06-02,123,90,137,1.36,signal_aware_v2,"{""model"":""signal_aware_v2"",""drivers"":[""enrollment_demand_shift"",""air_cargo_lane_signal"",""seasonal_trial_supply""],""top_source"":""@portsupply"",""criticality_score"":61,""confidence"":""medium"",""trend"":""seasonal""}",2026-05-13T09:49:20Z
291,5,Pacific Northwest,2026-06-03,115,92,139,1.29,signal_aware_v2,"{""model"":""signal_aware_v2"",""drivers"":[""enrollment_demand_shift"",""air_cargo_lane_signal"",""seasonal_trial_supply""],""top_source"":""@portsupply"",""criticality_score"":61,""confidence"":""medium"",""trend"":""seasonal""}",2026-05-13T09:49:20Z
292,5,Pacific Northwest,2026-06-04,121,94,141,1.34,signal_aware_v2,"{""model"":""signal_aware_v2"",""drivers"":[""enrollment_demand_shift"",""air_cargo_lane_signal"",""seasonal_trial_supply""],""top_source"":""@portsupply"",""criticality_score"":61,""confidence"":""medium"",""trend"":""seasonal""}",2026-05-13T09:49:20Z
293,5,Pacific Northwest,2026-06-05,109,96,143,1.35,signal_aware_v2,"{""model"":""signal_aware_v2"",""drivers"":[""enrollment_demand_shift"",""air_cargo_lane_signal"",""seasonal_trial_supply""],""top_source"":""@portsupply"",""criticality_score"":61,""confidence"":""medium"",""trend"":""seasonal""}",2026-05-13T09:49:20Z
294,5,Pacific Northwest,2026-06-06,112,98,145,1.32,signal_aware_v2,"{""model"":""signal_aware_v2"",""drivers"":[""enrollment_demand_shift"",""air_cargo_lane_signal"",""seasonal_trial_supply""],""top_source"":""@portsupply"",""criticality_score"":61,""confidence"":""medium"",""trend"":""seasonal""}",2026-05-13T09:49:20Z
295,5,Pacific Northwest,2026-06-07,114,100,147,1.34,signal_aware_v2,"{""model"":""signal_aware_v2"",""drivers"":[""enrollment_demand_shift"",""air_cargo_lane_signal"",""seasonal_trial_supply""],""top_source"":""@portsupply"",""criticality_score"":61,""confidence"":""medium"",""trend"":""seasonal""}",2026-05-13T09:49:20Z
296,5,Pacific Northwest,2026-06-08,118,102,149,1.4,signal_aware_v2,"{""model"":""signal_aware_v2"",""drivers"":[""enrollment_demand_shift"",""air_cargo_lane_signal"",""seasonal_trial_supply""],""top_source"":""@portsupply"",""criticality_score"":61,""confidence"":""medium"",""trend"":""seasonal""}",2026-05-13T09:49:20Z
297,5,Pacific Northwest,2026-06-09,123,104,151,1.35,signal_aware_v2,"{""model"":""signal_aware_v2"",""drivers"":[""enrollment_demand_shift"",""air_cargo_lane_signal"",""seasonal_trial_supply""],""top_source"":""@portsupply"",""criticality_score"":61,""confidence"":""medium"",""trend"":""seasonal""}",2026-05-13T09:49:20Z
298,5,Pacific Northwest,2026-06-10,136,106,153,1.42,signal_aware_v2,"{""model"":""signal_aware_v2"",""drivers"":[""enrollment_demand_shift"",""air_cargo_lane_signal"",""seasonal_trial_supply""],""top_source"":""@portsupply"",""criticality_score"":61,""confidence"":""medium"",""trend"":""seasonal""}",2026-05-13T09:49:20Z
299,5,Pacific Northwest,2026-06-11,135,108,155,1.36,signal_aware_v2,"{""model"":""signal_aware_v2"",""drivers"":[""enrollment_demand_shift"",""air_cargo_lane_signal"",""seasonal_trial_supply""],""top_source"":""@portsupply"",""criticality_score"":61,""confidence"":""medium"",""trend"":""seasonal""}",2026-05-13T09:49:20Z
300,5,Pacific Northwest,2026-06-12,130,110,157,1.41,signal_aware_v2,"{""model"":""signal_aware_v2"",""drivers"":[""enrollment_demand_shift"",""air_cargo_lane_signal"",""seasonal_trial_supply""],""top_source"":""@portsupply"",""criticality_score"":61,""confidence"":""medium"",""trend"":""seasonal""}",2026-05-13T09:49:20Z
301,5,Mountain West,2026-05-14,51,40,75,1.09,signal_aware_v2,"{""model"":""signal_aware_v2"",""drivers"":[""import_inventory_release"",""manufacturer_eta_update"",""cold_chain_route_review""],""top_source"":""@cold-chain_ops"",""criticality_score"":55,""confidence"":""low"",""trend"":""flat_seasonal""}",2026-05-13T09:49:20Z
302,5,Mountain West,2026-05-15,65,41,76,1.14,signal_aware_v2,"{""model"":""signal_aware_v2"",""drivers"":[""import_inventory_release"",""manufacturer_eta_update"",""cold_chain_route_review""],""top_source"":""@cold-chain_ops"",""criticality_score"":55,""confidence"":""low"",""trend"":""flat_seasonal""}",2026-05-13T09:49:20Z
303,5,Mountain West,2026-05-16,63,42,77,1.1,signal_aware_v2,"{""model"":""signal_aware_v2"",""drivers"":[""import_inventory_release"",""manufacturer_eta_update"",""cold_chain_route_review""],""top_source"":""@cold-chain_ops"",""criticality_score"":55,""confidence"":""low"",""trend"":""flat_seasonal""}",2026-05-13T09:49:20Z
304,5,Mountain West,2026-05-17,56,43,78,1.12,signal_aware_v2,"{""model"":""signal_aware_v2"",""drivers"":[""import_inventory_release"",""manufacturer_eta_update"",""cold_chain_route_review""],""top_source"":""@cold-chain_ops"",""criticality_score"":55,""confidence"":""low"",""trend"":""flat_seasonal""}",2026-05-13T09:49:20Z
305,5,Mountain West,2026-05-18,58,44,79,1.14,signal_aware_v2,"{""model"":""signal_aware_v2"",""drivers"":[""import_inventory_release"",""manufacturer_eta_update"",""cold_chain_route_review""],""top_source"":""@cold-chain_ops"",""criticality_score"":55,""confidence"":""low"",""trend"":""flat_seasonal""}",2026-05-13T09:49:20Z
306,5,Mountain West,2026-05-19,64,45,80,1.18,signal_aware_v2,"{""model"":""signal_aware_v2"",""drivers"":[""import_inventory_release"",""manufacturer_eta_update"",""cold_chain_route_review""],""top_source"":""@cold-chain_ops"",""criticality_score"":55,""confidence"":""low"",""trend"":""flat_seasonal""}",2026-05-13T09:49:20Z
307,5,Mountain West,2026-05-20,55,46,81,1.15,signal_aware_v2,"{""model"":""signal_aware_v2"",""drivers"":[""import_inventory_release"",""manufacturer_eta_update"",""cold_chain_route_review""],""top_source"":""@cold-chain_ops"",""criticality_score"":55,""confidence"":""low"",""trend"":""flat_seasonal""}",2026-05-13T09:49:20Z
308,5,Mountain West,2026-05-21,59,47,82,1.11,signal_aware_v2,"{""model"":""signal_aware_v2"",""drivers"":[""import_inventory_release"",""manufacturer_eta_update"",""cold_chain_route_review""],""top_source"":""@cold-chain_ops"",""criticality_score"":55,""confidence"":""low"",""trend"":""flat_seasonal""}",2026-05-13T09:49:20Z
309,5,Mountain West,2026-05-22,57,48,83,1.12,signal_aware_v2,"{""model"":""signal_aware_v2"",""drivers"":[""import_inventory_release"",""manufacturer_eta_update"",""cold_chain_route_review""],""top_source"":""@cold-chain_ops"",""criticality_score"":55,""confidence"":""low"",""trend"":""flat_seasonal""}",2026-05-13T09:49:20Z
310,5,Mountain West,2026-05-23,61,49,84,1.18,signal_aware_v2,"{""model"":""signal_aware_v2"",""drivers"":[""import_inventory_release"",""manufacturer_eta_update"",""cold_chain_route_review""],""top_source"":""@cold-chain_ops"",""criticality_score"":55,""confidence"":""low"",""trend"":""flat_seasonal""}",2026-05-13T09:49:20Z
311,5,Mountain West,2026-05-24,66,50,85,1.14,signal_aware_v2,"{""model"":""signal_aware_v2"",""drivers"":[""import_inventory_release"",""manufacturer_eta_update"",""cold_chain_route_review""],""top_source"":""@cold-chain_ops"",""criticality_score"":55,""confidence"":""low"",""trend"":""flat_seasonal""}",2026-05-13T09:49:20Z
312,5,Mountain West,2026-05-25,66,51,86,1.17,signal_aware_v2,"{""model"":""signal_aware_v2"",""drivers"":[""import_inventory_release"",""manufacturer_eta_update"",""cold_chain_route_review""],""top_source"":""@cold-chain_ops"",""criticality_score"":55,""confidence"":""low"",""trend"":""flat_seasonal""}",2026-05-13T09:49:20Z
313,5,Mountain West,2026-05-26,66,52,87,1.16,signal_aware_v2,"{""model"":""signal_aware_v2"",""drivers"":[""import_inventory_release"",""manufacturer_eta_update"",""cold_chain_route_review""],""top_source"":""@cold-chain_ops"",""criticality_score"":55,""confidence"":""low"",""trend"":""flat_seasonal""}",2026-05-13T09:49:20Z
314,5,Mountain West,2026-05-27,66,53,88,1.16,signal_aware_v2,"{""model"":""signal_aware_v2"",""drivers"":[""import_inventory_release"",""manufacturer_eta_update"",""cold_chain_route_review""],""top_source"":""@cold-chain_ops"",""criticality_score"":55,""confidence"":""low"",""trend"":""flat_seasonal""}",2026-05-13T09:49:20Z
315,5,Mountain West,2026-05-28,74,54,89,1.17,signal_aware_v2,"{""model"":""signal_aware_v2"",""drivers"":[""import_inventory_release"",""manufacturer_eta_update"",""cold_chain_route_review""],""top_source"":""@cold-chain_ops"",""criticality_score"":55,""confidence"":""low"",""trend"":""flat_seasonal""}",2026-05-13T09:49:20Z
316,5,Mountain West,2026-05-29,76,55,90,1.19,signal_aware_v2,"{""model"":""signal_aware_v2"",""drivers"":[""import_inventory_release"",""manufacturer_eta_update"",""cold_chain_route_review""],""top_source"":""@cold-chain_ops"",""criticality_score"":55,""confidence"":""low"",""trend"":""flat_seasonal""}",2026-05-13T09:49:20Z
317,5,Mountain West,2026-05-30,69,56,91,1.26,signal_aware_v2,"{""model"":""signal_aware_v2"",""drivers"":[""import_inventory_release"",""manufacturer_eta_update"",""cold_chain_route_review""],""top_source"":""@cold-chain_ops"",""criticality_score"":55,""confidence"":""low"",""trend"":""flat_seasonal""}",2026-05-13T09:49:20Z
318,5,Mountain West,2026-05-31,78,57,92,1.2,signal_aware_v2,"{""model"":""signal_aware_v2"",""drivers"":[""import_inventory_release"",""manufacturer_eta_update"",""cold_chain_route_review""],""top_source"":""@cold-chain_ops"",""criticality_score"":55,""confidence"":""low"",""trend"":""flat_seasonal""}",2026-05-13T09:49:20Z
319,5,Mountain West,2026-06-01,74,58,93,1.28,signal_aware_v2,"{""model"":""signal_aware_v2"",""drivers"":[""import_inventory_release"",""manufacturer_eta_update"",""cold_chain_route_review""],""top_source"":""@cold-chain_ops"",""criticality_score"":55,""confidence"":""low"",""trend"":""flat_seasonal""}",2026-05-13T09:49:20Z
320,5,Mountain West,2026-06-02,68,59,94,1.22,signal_aware_v2,"{""model"":""signal_aware_v2"",""drivers"":[""import_inventory_release"",""manufacturer_eta_update"",""cold_chain_route_review""],""top_source"":""@cold-chain_ops"",""criticality_score"":55,""confidence"":""low"",""trend"":""flat_seasonal""}",2026-05-13T09:49:20Z
321,5,Mountain West,2026-06-03,71,60,95,1.27,signal_aware_v2,"{""model"":""signal_aware_v2"",""drivers"":[""import_inventory_release"",""manufacturer_eta_update"",""cold_chain_route_review""],""top_source"":""@cold-chain_ops"",""criticality_score"":55,""confidence"":""low"",""trend"":""flat_seasonal""}",2026-05-13T09:49:20Z
322,5,Mountain West,2026-06-04,71,61,96,1.21,signal_aware_v2,"{""model"":""signal_aware_v2"",""drivers"":[""import_inventory_release"",""manufacturer_eta_update"",""cold_chain_route_review""],""top_source"":""@cold-chain_ops"",""criticality_score"":55,""confidence"":""low"",""trend"":""flat_seasonal""}",2026-05-13T09:49:20Z
323,5,Mountain West,2026-06-05,84,62,97,1.25,signal_aware_v2,"{""model"":""signal_aware_v2"",""drivers"":[""import_inventory_release"",""manufacturer_eta_update"",""cold_chain_route_review""],""top_source"":""@cold-chain_ops"",""criticality_score"":55,""confidence"":""low"",""trend"":""flat_seasonal""}",2026-05-13T09:49:20Z
324,5,Mountain West,2026-06-06,85,63,98,1.25,signal_aware_v2,"{""model"":""signal_aware_v2"",""drivers"":[""import_inventory_release"",""manufacturer_eta_update"",""cold_chain_route_review""],""top_source"":""@cold-chain_ops"",""criticality_score"":55,""confidence"":""low"",""trend"":""flat_seasonal""}",2026-05-13T09:49:20Z
325,5,Mountain West,2026-06-07,78,64,99,1.32,signal_aware_v2,"{""model"":""signal_aware_v2"",""drivers"":[""import_inventory_release"",""manufacturer_eta_update"",""cold_chain_route_review""],""top_source"":""@cold-chain_ops"",""criticality_score"":55,""confidence"":""low"",""trend"":""flat_seasonal""}",2026-05-13T09:49:20Z
326,5,Mountain West,2026-06-08,81,65,100,1.24,signal_aware_v2,"{""model"":""signal_aware_v2"",""drivers"":[""import_inventory_release"",""manufacturer_eta_update"",""cold_chain_route_review""],""top_source"":""@cold-chain_ops"",""criticality_score"":55,""confidence"":""low"",""trend"":""flat_seasonal""}",2026-05-13T09:49:20Z
327,5,Mountain West,2026-06-09,80,66,101,1.31,signal_aware_v2,"{""model"":""signal_aware_v2"",""drivers"":[""import_inventory_release"",""manufacturer_eta_update"",""cold_chain_route_review""],""top_source"":""@cold-chain_ops"",""criticality_score"":55,""confidence"":""low"",""trend"":""flat_seasonal""}",2026-05-13T09:49:20Z
328,5,Mountain West,2026-06-10,91,67,102,1.29,signal_aware_v2,"{""model"":""signal_aware_v2"",""drivers"":[""import_inventory_release"",""manufacturer_eta_update"",""cold_chain_route_review""],""top_source"":""@cold-chain_ops"",""criticality_score"":55,""confidence"":""low"",""trend"":""flat_seasonal""}",2026-05-13T09:49:20Z
329,5,Mountain West,2026-06-11,85,68,103,1.27,signal_aware_v2,"{""model"":""signal_aware_v2"",""drivers"":[""import_inventory_release"",""manufacturer_eta_update"",""cold_chain_route_review""],""top_source"":""@cold-chain_ops"",""criticality_score"":55,""confidence"":""low"",""trend"":""flat_seasonal""}",2026-05-13T09:49:20Z
330,5,Mountain West,2026-06-12,92,69,104,1.31,signal_aware_v2,"{""model"":""signal_aware_v2"",""drivers"":[""import_inventory_release"",""manufacturer_eta_update"",""cold_chain_route_review""],""top_source"":""@cold-chain_ops"",""criticality_score"":55,""confidence"":""low"",""trend"":""flat_seasonal""}",2026-05-13T09:49:20Z
331,1,Northeast Corridor,2026-05-14,324,249,412,2.07,signal_aware_v2,"{""model"":""signal_aware_v2"",""drivers"":[""multi_source_signal_cluster"",""regulatory_review"",""manufacturer_outage"",""clinical_supply_pull_forward""],""top_source"":""@pvwatch_signal"",""criticality_score"":97,""confidence"":""very_high"",""trend"":""critical_signal_event"",""alert"":""pre_position_inventory_recommended""}",2026-05-13T09:49:20Z
332,1,Northeast Corridor,2026-05-15,360,261,424,1.96,signal_aware_v2,"{""model"":""signal_aware_v2"",""drivers"":[""multi_source_signal_cluster"",""regulatory_review"",""manufacturer_outage"",""clinical_supply_pull_forward""],""top_source"":""@pvwatch_signal"",""criticality_score"":97,""confidence"":""very_high"",""trend"":""critical_signal_event"",""alert"":""pre_position_inventory_recommended""}",2026-05-13T09:49:20Z
333,1,Northeast Corridor,2026-05-16,352,273,436,1.93,signal_aware_v2,"{""model"":""signal_aware_v2"",""drivers"":[""multi_source_signal_cluster"",""regulatory_review"",""manufacturer_outage"",""clinical_supply_pull_forward""],""top_source"":""@pvwatch_signal"",""criticality_score"":97,""confidence"":""very_high"",""trend"":""critical_signal_event"",""alert"":""pre_position_inventory_recommended""}",2026-05-13T09:49:20Z
334,1,Northeast Corridor,2026-05-17,338,285,448,2.03,signal_aware_v2,"{""model"":""signal_aware_v2"",""drivers"":[""multi_source_signal_cluster"",""regulatory_review"",""manufacturer_outage"",""clinical_supply_pull_forward""],""top_source"":""@pvwatch_signal"",""criticality_score"":97,""confidence"":""very_high"",""trend"":""critical_signal_event"",""alert"":""pre_position_inventory_recommended""}",2026-05-13T09:49:20Z
335,1,Northeast Corridor,2026-05-18,377,297,460,2,signal_aware_v2,"{""model"":""signal_aware_v2"",""drivers"":[""multi_source_signal_cluster"",""regulatory_review"",""manufacturer_outage"",""clinical_supply_pull_forward""],""top_source"":""@pvwatch_signal"",""criticality_score"":97,""confidence"":""very_high"",""trend"":""critical_signal_event"",""alert"":""pre_position_inventory_recommended""}",2026-05-13T09:49:20Z
336,1,Northeast Corridor,2026-05-19,380,309,472,2.03,signal_aware_v2,"{""model"":""signal_aware_v2"",""drivers"":[""multi_source_signal_cluster"",""regulatory_review"",""manufacturer_outage"",""clinical_supply_pull_forward""],""top_source"":""@pvwatch_signal"",""criticality_score"":97,""confidence"":""very_high"",""trend"":""critical_signal_event"",""alert"":""pre_position_inventory_recommended""}",2026-05-13T09:49:20Z
337,1,Northeast Corridor,2026-05-20,423,321,484,2.15,signal_aware_v2,"{""model"":""signal_aware_v2"",""drivers"":[""multi_source_signal_cluster"",""regulatory_review"",""manufacturer_outage"",""clinical_supply_pull_forward""],""top_source"":""@pvwatch_signal"",""criticality_score"":97,""confidence"":""very_high"",""trend"":""critical_signal_event"",""alert"":""pre_position_inventory_recommended""}",2026-05-13T09:49:20Z
338,1,Northeast Corridor,2026-05-21,427,333,496,2.23,signal_aware_v2,"{""model"":""signal_aware_v2"",""drivers"":[""multi_source_signal_cluster"",""regulatory_review"",""manufacturer_outage"",""clinical_supply_pull_forward""],""top_source"":""@pvwatch_signal"",""criticality_score"":97,""confidence"":""very_high"",""trend"":""critical_signal_event"",""alert"":""pre_position_inventory_recommended""}",2026-05-13T09:49:20Z
339,1,Northeast Corridor,2026-05-22,421,345,508,2.26,signal_aware_v2,"{""model"":""signal_aware_v2"",""drivers"":[""multi_source_signal_cluster"",""regulatory_review"",""manufacturer_outage"",""clinical_supply_pull_forward""],""top_source"":""@pvwatch_signal"",""criticality_score"":97,""confidence"":""very_high"",""trend"":""critical_signal_event"",""alert"":""pre_position_inventory_recommended""}",2026-05-13T09:49:20Z
340,1,Northeast Corridor,2026-05-23,447,357,520,2.54,signal_aware_v2,"{""model"":""signal_aware_v2"",""drivers"":[""multi_source_signal_cluster"",""regulatory_review"",""manufacturer_outage"",""clinical_supply_pull_forward""],""top_source"":""@pvwatch_signal"",""criticality_score"":97,""confidence"":""very_high"",""trend"":""critical_signal_event"",""alert"":""pre_position_inventory_recommended""}",2026-05-13T09:49:20Z
341,1,Northeast Corridor,2026-05-24,424,369,532,2.62,signal_aware_v2,"{""model"":""signal_aware_v2"",""drivers"":[""multi_source_signal_cluster"",""regulatory_review"",""manufacturer_outage"",""clinical_supply_pull_forward""],""top_source"":""@pvwatch_signal"",""criticality_score"":97,""confidence"":""very_high"",""trend"":""critical_signal_event"",""alert"":""pre_position_inventory_recommended""}",2026-05-13T09:49:20Z
342,1,Northeast Corridor,2026-05-25,441,381,544,2.4,signal_aware_v2,"{""model"":""signal_aware_v2"",""drivers"":[""multi_source_signal_cluster"",""regulatory_review"",""manufacturer_outage"",""clinical_supply_pull_forward""],""top_source"":""@pvwatch_signal"",""criticality_score"":97,""confidence"":""very_high"",""trend"":""critical_signal_event"",""alert"":""pre_position_inventory_recommended""}",2026-05-13T09:49:20Z
343,1,Northeast Corridor,2026-05-26,504,393,556,2.76,signal_aware_v2,"{""model"":""signal_aware_v2"",""drivers"":[""multi_source_signal_cluster"",""regulatory_review"",""manufacturer_outage"",""clinical_supply_pull_forward""],""top_source"":""@pvwatch_signal"",""criticality_score"":97,""confidence"":""very_high"",""trend"":""critical_signal_event"",""alert"":""pre_position_inventory_recommended""}",2026-05-13T09:49:20Z
344,1,Northeast Corridor,2026-05-27,501,405,568,2.87,signal_aware_v2,"{""model"":""signal_aware_v2"",""drivers"":[""multi_source_signal_cluster"",""regulatory_review"",""manufacturer_outage"",""clinical_supply_pull_forward""],""top_source"":""@pvwatch_signal"",""criticality_score"":97,""confidence"":""very_high"",""trend"":""critical_signal_event"",""alert"":""pre_position_inventory_recommended""}",2026-05-13T09:49:20Z
345,1,Northeast Corridor,2026-05-28,466,417,580,2.89,signal_aware_v2,"{""model"":""signal_aware_v2"",""drivers"":[""multi_source_signal_cluster"",""regulatory_review"",""manufacturer_outage"",""clinical_supply_pull_forward""],""top_source"":""@pvwatch_signal"",""criticality_score"":97,""confidence"":""very_high"",""trend"":""critical_signal_event"",""alert"":""pre_position_inventory_recommended""}",2026-05-13T09:49:20Z
346,1,Northeast Corridor,2026-05-29,528,429,592,3.05,signal_aware_v2,"{""model"":""signal_aware_v2"",""drivers"":[""multi_source_signal_cluster"",""regulatory_review"",""manufacturer_outage"",""clinical_supply_pull_forward""],""top_source"":""@pvwatch_signal"",""criticality_score"":97,""confidence"":""very_high"",""trend"":""critical_signal_event"",""alert"":""pre_position_inventory_recommended""}",2026-05-13T09:49:20Z
347,1,Northeast Corridor,2026-05-30,555,441,604,3.09,signal_aware_v2,"{""model"":""signal_aware_v2"",""drivers"":[""multi_source_signal_cluster"",""regulatory_review"",""manufacturer_outage"",""clinical_supply_pull_forward""],""top_source"":""@pvwatch_signal"",""criticality_score"":97,""confidence"":""very_high"",""trend"":""critical_signal_event"",""alert"":""pre_position_inventory_recommended""}",2026-05-13T09:49:20Z
348,1,Northeast Corridor,2026-05-31,567,453,616,3.08,signal_aware_v2,"{""model"":""signal_aware_v2"",""drivers"":[""multi_source_signal_cluster"",""regulatory_review"",""manufacturer_outage"",""clinical_supply_pull_forward""],""top_source"":""@pvwatch_signal"",""criticality_score"":97,""confidence"":""very_high"",""trend"":""critical_signal_event"",""alert"":""pre_position_inventory_recommended""}",2026-05-13T09:49:20Z
349,1,Northeast Corridor,2026-06-01,513,465,628,2.98,signal_aware_v2,"{""model"":""signal_aware_v2"",""drivers"":[""multi_source_signal_cluster"",""regulatory_review"",""manufacturer_outage"",""clinical_supply_pull_forward""],""top_source"":""@pvwatch_signal"",""criticality_score"":97,""confidence"":""very_high"",""trend"":""critical_signal_event"",""alert"":""pre_position_inventory_recommended""}",2026-05-13T09:49:20Z
350,1,Northeast Corridor,2026-06-02,558,477,640,3.09,signal_aware_v2,"{""model"":""signal_aware_v2"",""drivers"":[""multi_source_signal_cluster"",""regulatory_review"",""manufacturer_outage"",""clinical_supply_pull_forward""],""top_source"":""@pvwatch_signal"",""criticality_score"":97,""confidence"":""very_high"",""trend"":""critical_signal_event"",""alert"":""pre_position_inventory_recommended""}",2026-05-13T09:49:20Z
351,1,Northeast Corridor,2026-06-03,574,489,652,3.09,signal_aware_v2,"{""model"":""signal_aware_v2"",""drivers"":[""multi_source_signal_cluster"",""regulatory_review"",""manufacturer_outage"",""clinical_supply_pull_forward""],""top_source"":""@pvwatch_signal"",""criticality_score"":97,""confidence"":""very_high"",""trend"":""critical_signal_event"",""alert"":""pre_position_inventory_recommended""}",2026-05-13T09:49:20Z
352,1,Northeast Corridor,2026-06-04,575,501,664,3.15,signal_aware_v2,"{""model"":""signal_aware_v2"",""drivers"":[""multi_source_signal_cluster"",""regulatory_review"",""manufacturer_outage"",""clinical_supply_pull_forward""],""top_source"":""@pvwatch_signal"",""criticality_score"":97,""confidence"":""very_high"",""trend"":""critical_signal_event"",""alert"":""pre_position_inventory_recommended""}",2026-05-13T09:49:20Z
353,1,Northeast Corridor,2026-06-05,574,513,676,3.21,signal_aware_v2,"{""model"":""signal_aware_v2"",""drivers"":[""multi_source_signal_cluster"",""regulatory_review"",""manufacturer_outage"",""clinical_supply_pull_forward""],""top_source"":""@pvwatch_signal"",""criticality_score"":97,""confidence"":""very_high"",""trend"":""critical_signal_event"",""alert"":""pre_position_inventory_recommended""}",2026-05-13T09:49:20Z
354,1,Northeast Corridor,2026-06-06,597,525,688,3.57,signal_aware_v2,"{""model"":""signal_aware_v2"",""drivers"":[""multi_source_signal_cluster"",""regulatory_review"",""manufacturer_outage"",""clinical_supply_pull_forward""],""top_source"":""@pvwatch_signal"",""criticality_score"":97,""confidence"":""very_high"",""trend"":""critical_signal_event"",""alert"":""pre_position_inventory_recommended""}",2026-05-13T09:49:20Z
355,1,Northeast Corridor,2026-06-07,649,537,700,3.56,signal_aware_v2,"{""model"":""signal_aware_v2"",""drivers"":[""multi_source_signal_cluster"",""regulatory_review"",""manufacturer_outage"",""clinical_supply_pull_forward""],""top_source"":""@pvwatch_signal"",""criticality_score"":97,""confidence"":""very_high"",""trend"":""critical_signal_event"",""alert"":""pre_position_inventory_recommended""}",2026-05-13T09:49:20Z
356,1,Northeast Corridor,2026-06-08,596,549,712,3.66,signal_aware_v2,"{""model"":""signal_aware_v2"",""drivers"":[""multi_source_signal_cluster"",""regulatory_review"",""manufacturer_outage"",""clinical_supply_pull_forward""],""top_source"":""@pvwatch_signal"",""criticality_score"":97,""confidence"":""very_high"",""trend"":""critical_signal_event"",""alert"":""pre_position_inventory_recommended""}",2026-05-13T09:49:20Z
357,1,Northeast Corridor,2026-06-09,666,561,724,3.5,signal_aware_v2,"{""model"":""signal_aware_v2"",""drivers"":[""multi_source_signal_cluster"",""regulatory_review"",""manufacturer_outage"",""clinical_supply_pull_forward""],""top_source"":""@pvwatch_signal"",""criticality_score"":97,""confidence"":""very_high"",""trend"":""critical_signal_event"",""alert"":""pre_position_inventory_recommended""}",2026-05-13T09:49:20Z
358,1,Northeast Corridor,2026-06-10,652,573,736,3.66,signal_aware_v2,"{""model"":""signal_aware_v2"",""drivers"":[""multi_source_signal_cluster"",""regulatory_review"",""manufacturer_outage"",""clinical_supply_pull_forward""],""top_source"":""@pvwatch_signal"",""criticality_score"":97,""confidence"":""very_high"",""trend"":""critical_signal_event"",""alert"":""pre_position_inventory_recommended""}",2026-05-13T09:49:20Z
359,1,Northeast Corridor,2026-06-11,678,585,748,3.79,signal_aware_v2,"{""model"":""signal_aware_v2"",""drivers"":[""multi_source_signal_cluster"",""regulatory_review"",""manufacturer_outage"",""clinical_supply_pull_forward""],""top_source"":""@pvwatch_signal"",""criticality_score"":97,""confidence"":""very_high"",""trend"":""critical_signal_event"",""alert"":""pre_position_inventory_recommended""}",2026-05-13T09:49:20Z
360,1,Northeast Corridor,2026-06-12,668,597,760,3.9,signal_aware_v2,"{""model"":""signal_aware_v2"",""drivers"":[""multi_source_signal_cluster"",""regulatory_review"",""manufacturer_outage"",""clinical_supply_pull_forward""],""top_source"":""@pvwatch_signal"",""criticality_score"":97,""confidence"":""very_high"",""trend"":""critical_signal_event"",""alert"":""pre_position_inventory_recommended""}",2026-05-13T09:49:20Z
