connection_id,from_influencer,to_influencer,connection_type,strength,interaction_count,first_seen,last_interaction
1,51,150,collaborates,0.34,160,2026-05-13T09:49:20Z,2026-05-13T09:49:20Z
2,56,407,mentioned,0.599,118,2026-05-13T09:49:20Z,2026-05-13T09:49:20Z
3,182,158,reshared,0.711,123,2026-05-13T09:49:20Z,2026-05-13T09:49:20Z
4,293,323,tagged,0.706,95,2026-05-13T09:49:20Z,2026-05-13T09:49:20Z
5,159,113,duet,0.376,145,2026-05-13T09:49:20Z,2026-05-13T09:49:20Z
6,364,449,inspired_by,0.582,141,2026-05-13T09:49:20Z,2026-05-13T09:49:20Z
8,14,454,collaborates,0.676,119,2026-05-13T09:49:20Z,2026-05-13T09:49:20Z
9,335,193,mentioned,0.734,28,2026-05-13T09:49:20Z,2026-05-13T09:49:20Z
11,140,224,tagged,0.726,151,2026-05-13T09:49:20Z,2026-05-13T09:49:20Z
12,227,470,duet,0.333,164,2026-05-13T09:49:20Z,2026-05-13T09:49:20Z
13,284,462,inspired_by,0.241,178,2026-05-13T09:49:20Z,2026-05-13T09:49:20Z
14,20,293,follows,0.809,182,2026-05-13T09:49:20Z,2026-05-13T09:49:20Z
15,257,151,collaborates,0.672,29,2026-05-13T09:49:20Z,2026-05-13T09:49:20Z
17,351,189,reshared,0.78,19,2026-05-13T09:49:20Z,2026-05-13T09:49:20Z
18,183,437,tagged,0.373,121,2026-05-13T09:49:20Z,2026-05-13T09:49:20Z
19,336,2,duet,0.534,40,2026-05-13T09:49:20Z,2026-05-13T09:49:20Z
20,427,390,inspired_by,0.575,77,2026-05-13T09:49:20Z,2026-05-13T09:49:20Z
22,256,211,collaborates,0.555,41,2026-05-13T09:49:20Z,2026-05-13T09:49:20Z
23,344,167,mentioned,0.353,50,2026-05-13T09:49:20Z,2026-05-13T09:49:20Z
25,412,222,tagged,0.863,166,2026-05-13T09:49:20Z,2026-05-13T09:49:20Z
26,415,277,duet,0.484,53,2026-05-13T09:49:20Z,2026-05-13T09:49:20Z
27,463,314,inspired_by,0.182,182,2026-05-13T09:49:20Z,2026-05-13T09:49:20Z
28,192,155,follows,0.365,136,2026-05-13T09:49:20Z,2026-05-13T09:49:20Z
30,306,339,mentioned,0.33,83,2026-05-13T09:49:20Z,2026-05-13T09:49:20Z
31,355,18,reshared,0.407,56,2026-05-13T09:49:20Z,2026-05-13T09:49:20Z
32,143,90,tagged,0.642,104,2026-05-13T09:49:20Z,2026-05-13T09:49:20Z
33,223,163,duet,0.131,143,2026-05-13T09:49:20Z,2026-05-13T09:49:20Z
34,176,469,inspired_by,0.682,21,2026-05-13T09:49:20Z,2026-05-13T09:49:20Z
36,366,393,collaborates,0.896,41,2026-05-13T09:49:20Z,2026-05-13T09:49:20Z
37,343,241,mentioned,0.567,106,2026-05-13T09:49:20Z,2026-05-13T09:49:20Z
38,44,66,reshared,0.468,112,2026-05-13T09:49:20Z,2026-05-13T09:49:20Z
39,240,94,tagged,0.203,27,2026-05-13T09:49:20Z,2026-05-13T09:49:20Z
40,366,14,duet,0.806,79,2026-05-13T09:49:20Z,2026-05-13T09:49:20Z
41,476,62,inspired_by,0.662,149,2026-05-13T09:49:20Z,2026-05-13T09:49:20Z
42,133,463,follows,0.803,68,2026-05-13T09:49:20Z,2026-05-13T09:49:20Z
43,85,92,collaborates,0.262,74,2026-05-13T09:49:20Z,2026-05-13T09:49:20Z
44,241,69,mentioned,0.652,84,2026-05-13T09:49:20Z,2026-05-13T09:49:20Z
45,259,423,reshared,0.832,76,2026-05-13T09:49:20Z,2026-05-13T09:49:20Z
46,156,6,tagged,0.175,188,2026-05-13T09:49:20Z,2026-05-13T09:49:20Z
47,256,73,duet,0.863,21,2026-05-13T09:49:20Z,2026-05-13T09:49:20Z
48,483,212,inspired_by,0.548,160,2026-05-13T09:49:20Z,2026-05-13T09:49:20Z
50,364,328,collaborates,0.585,174,2026-05-13T09:49:20Z,2026-05-13T09:49:20Z
51,333,344,mentioned,0.909,116,2026-05-13T09:49:20Z,2026-05-13T09:49:20Z
52,135,12,reshared,0.984,3,2026-05-13T09:49:20Z,2026-05-13T09:49:20Z
53,25,456,tagged,0.562,13,2026-05-13T09:49:20Z,2026-05-13T09:49:20Z
54,20,426,duet,0.404,98,2026-05-13T09:49:20Z,2026-05-13T09:49:20Z
55,135,232,inspired_by,0.863,51,2026-05-13T09:49:20Z,2026-05-13T09:49:20Z
56,183,138,follows,0.226,23,2026-05-13T09:49:20Z,2026-05-13T09:49:20Z
57,388,411,collaborates,0.442,46,2026-05-13T09:49:20Z,2026-05-13T09:49:20Z
59,275,350,reshared,0.962,118,2026-05-13T09:49:20Z,2026-05-13T09:49:20Z
60,17,33,tagged,0.96,114,2026-05-13T09:49:20Z,2026-05-13T09:49:20Z
61,38,178,duet,0.247,5,2026-05-13T09:49:20Z,2026-05-13T09:49:20Z
62,147,411,inspired_by,0.361,43,2026-05-13T09:49:20Z,2026-05-13T09:49:20Z
64,465,334,collaborates,0.985,93,2026-05-13T09:49:20Z,2026-05-13T09:49:20Z
65,263,138,mentioned,0.829,16,2026-05-13T09:49:20Z,2026-05-13T09:49:20Z
66,87,134,reshared,0.296,122,2026-05-13T09:49:20Z,2026-05-13T09:49:20Z
67,315,232,tagged,0.687,15,2026-05-13T09:49:20Z,2026-05-13T09:49:20Z
68,459,145,duet,0.151,70,2026-05-13T09:49:20Z,2026-05-13T09:49:20Z
69,409,6,inspired_by,0.345,134,2026-05-13T09:49:20Z,2026-05-13T09:49:20Z
70,57,212,follows,0.395,172,2026-05-13T09:49:20Z,2026-05-13T09:49:20Z
71,167,318,collaborates,0.409,150,2026-05-13T09:49:20Z,2026-05-13T09:49:20Z
72,409,135,mentioned,0.704,19,2026-05-13T09:49:20Z,2026-05-13T09:49:20Z
73,488,378,reshared,0.703,42,2026-05-13T09:49:20Z,2026-05-13T09:49:20Z
74,167,86,tagged,0.261,143,2026-05-13T09:49:20Z,2026-05-13T09:49:20Z
75,409,401,duet,0.183,47,2026-05-13T09:49:20Z,2026-05-13T09:49:20Z
76,64,171,inspired_by,0.609,181,2026-05-13T09:49:20Z,2026-05-13T09:49:20Z
77,253,265,follows,0.804,13,2026-05-13T09:49:20Z,2026-05-13T09:49:20Z
78,54,153,collaborates,0.397,174,2026-05-13T09:49:20Z,2026-05-13T09:49:20Z
79,455,76,mentioned,0.848,2,2026-05-13T09:49:20Z,2026-05-13T09:49:20Z
80,269,437,reshared,0.732,126,2026-05-13T09:49:20Z,2026-05-13T09:49:20Z
81,118,159,tagged,0.352,55,2026-05-13T09:49:20Z,2026-05-13T09:49:20Z
82,230,116,duet,0.161,133,2026-05-13T09:49:20Z,2026-05-13T09:49:20Z
83,406,180,inspired_by,0.911,49,2026-05-13T09:49:20Z,2026-05-13T09:49:20Z
84,382,439,follows,0.794,171,2026-05-13T09:49:20Z,2026-05-13T09:49:20Z
85,91,62,collaborates,0.83,188,2026-05-13T09:49:20Z,2026-05-13T09:49:20Z
86,287,1,mentioned,0.971,183,2026-05-13T09:49:20Z,2026-05-13T09:49:20Z
88,32,433,tagged,0.414,15,2026-05-13T09:49:20Z,2026-05-13T09:49:20Z
89,68,183,duet,0.552,119,2026-05-13T09:49:20Z,2026-05-13T09:49:20Z
90,287,311,inspired_by,0.615,68,2026-05-13T09:49:20Z,2026-05-13T09:49:20Z
91,444,336,follows,0.375,177,2026-05-13T09:49:20Z,2026-05-13T09:49:20Z
93,138,316,mentioned,0.953,26,2026-05-13T09:49:20Z,2026-05-13T09:49:20Z
94,438,329,reshared,0.595,33,2026-05-13T09:49:20Z,2026-05-13T09:49:20Z
96,58,205,duet,0.763,192,2026-05-13T09:49:20Z,2026-05-13T09:49:20Z
98,259,169,follows,0.276,18,2026-05-13T09:49:20Z,2026-05-13T09:49:20Z
100,51,342,mentioned,0.124,41,2026-05-13T09:49:20Z,2026-05-13T09:49:20Z
101,71,80,reshared,0.114,190,2026-05-13T09:49:20Z,2026-05-13T09:49:20Z
102,271,442,tagged,0.311,192,2026-05-13T09:49:20Z,2026-05-13T09:49:20Z
103,426,324,duet,0.216,140,2026-05-13T09:49:20Z,2026-05-13T09:49:20Z
104,25,152,inspired_by,0.373,128,2026-05-13T09:49:20Z,2026-05-13T09:49:20Z
105,43,73,follows,0.323,146,2026-05-13T09:49:20Z,2026-05-13T09:49:20Z
106,218,454,collaborates,0.275,18,2026-05-13T09:49:20Z,2026-05-13T09:49:20Z
107,373,381,mentioned,0.926,198,2026-05-13T09:49:20Z,2026-05-13T09:49:20Z
108,180,283,reshared,0.429,193,2026-05-13T09:49:20Z,2026-05-13T09:49:20Z
109,323,85,tagged,0.536,133,2026-05-13T09:49:20Z,2026-05-13T09:49:20Z
110,155,478,duet,0.931,121,2026-05-13T09:49:20Z,2026-05-13T09:49:20Z
111,31,477,inspired_by,0.155,115,2026-05-13T09:49:20Z,2026-05-13T09:49:20Z
113,131,37,collaborates,0.566,109,2026-05-13T09:49:20Z,2026-05-13T09:49:20Z
114,305,109,mentioned,0.362,180,2026-05-13T09:49:20Z,2026-05-13T09:49:20Z
115,461,459,reshared,0.951,183,2026-05-13T09:49:20Z,2026-05-13T09:49:20Z
116,234,295,tagged,0.934,105,2026-05-13T09:49:20Z,2026-05-13T09:49:20Z
117,408,302,duet,0.431,73,2026-05-13T09:49:20Z,2026-05-13T09:49:20Z
118,138,112,inspired_by,0.321,30,2026-05-13T09:49:20Z,2026-05-13T09:49:20Z
119,59,152,follows,0.374,19,2026-05-13T09:49:20Z,2026-05-13T09:49:20Z
120,208,453,collaborates,0.985,5,2026-05-13T09:49:20Z,2026-05-13T09:49:20Z
121,418,214,mentioned,0.584,197,2026-05-13T09:49:20Z,2026-05-13T09:49:20Z
122,392,323,reshared,0.882,119,2026-05-13T09:49:20Z,2026-05-13T09:49:20Z
123,52,212,tagged,0.626,158,2026-05-13T09:49:20Z,2026-05-13T09:49:20Z
124,281,418,duet,0.216,178,2026-05-13T09:49:20Z,2026-05-13T09:49:20Z
125,287,211,inspired_by,0.946,186,2026-05-13T09:49:20Z,2026-05-13T09:49:20Z
126,357,478,follows,0.139,77,2026-05-13T09:49:20Z,2026-05-13T09:49:20Z
127,188,404,collaborates,0.677,9,2026-05-13T09:49:20Z,2026-05-13T09:49:20Z
128,71,136,mentioned,0.934,157,2026-05-13T09:49:20Z,2026-05-13T09:49:20Z
129,182,238,reshared,0.913,55,2026-05-13T09:49:20Z,2026-05-13T09:49:20Z
130,127,391,tagged,0.207,186,2026-05-13T09:49:20Z,2026-05-13T09:49:20Z
131,22,468,duet,0.239,170,2026-05-13T09:49:20Z,2026-05-13T09:49:20Z
132,38,185,inspired_by,0.136,141,2026-05-13T09:49:20Z,2026-05-13T09:49:20Z
133,362,121,follows,0.125,30,2026-05-13T09:49:20Z,2026-05-13T09:49:20Z
134,440,14,collaborates,0.467,47,2026-05-13T09:49:20Z,2026-05-13T09:49:20Z
135,127,88,mentioned,0.126,188,2026-05-13T09:49:20Z,2026-05-13T09:49:20Z
136,458,391,reshared,0.443,95,2026-05-13T09:49:20Z,2026-05-13T09:49:20Z
137,449,240,tagged,0.156,165,2026-05-13T09:49:20Z,2026-05-13T09:49:20Z
138,318,122,duet,0.844,125,2026-05-13T09:49:20Z,2026-05-13T09:49:20Z
139,188,47,inspired_by,0.807,160,2026-05-13T09:49:20Z,2026-05-13T09:49:20Z
140,171,41,follows,0.179,24,2026-05-13T09:49:20Z,2026-05-13T09:49:20Z
141,33,329,collaborates,0.273,8,2026-05-13T09:49:20Z,2026-05-13T09:49:20Z
142,149,165,mentioned,0.117,125,2026-05-13T09:49:20Z,2026-05-13T09:49:20Z
143,326,458,reshared,0.292,38,2026-05-13T09:49:20Z,2026-05-13T09:49:20Z
145,217,107,duet,0.713,144,2026-05-13T09:49:20Z,2026-05-13T09:49:20Z
146,306,426,inspired_by,0.399,24,2026-05-13T09:49:20Z,2026-05-13T09:49:20Z
149,417,109,mentioned,0.98,47,2026-05-13T09:49:20Z,2026-05-13T09:49:20Z
151,207,136,tagged,0.115,48,2026-05-13T09:49:20Z,2026-05-13T09:49:20Z
152,367,116,duet,0.627,164,2026-05-13T09:49:20Z,2026-05-13T09:49:20Z
153,153,229,inspired_by,0.572,193,2026-05-13T09:49:20Z,2026-05-13T09:49:20Z
154,467,207,follows,0.315,81,2026-05-13T09:49:20Z,2026-05-13T09:49:20Z
155,237,71,collaborates,0.351,83,2026-05-13T09:49:20Z,2026-05-13T09:49:20Z
156,408,183,mentioned,0.957,102,2026-05-13T09:49:20Z,2026-05-13T09:49:20Z
157,76,94,reshared,0.48,144,2026-05-13T09:49:20Z,2026-05-13T09:49:20Z
158,442,251,tagged,0.58,172,2026-05-13T09:49:20Z,2026-05-13T09:49:20Z
159,242,343,duet,0.964,74,2026-05-13T09:49:20Z,2026-05-13T09:49:20Z
160,50,451,inspired_by,0.947,130,2026-05-13T09:49:20Z,2026-05-13T09:49:20Z
161,138,234,follows,0.29,12,2026-05-13T09:49:20Z,2026-05-13T09:49:20Z
162,450,290,collaborates,0.757,66,2026-05-13T09:49:20Z,2026-05-13T09:49:20Z
163,179,127,mentioned,0.681,192,2026-05-13T09:49:20Z,2026-05-13T09:49:20Z
164,379,27,reshared,0.177,114,2026-05-13T09:49:20Z,2026-05-13T09:49:20Z
165,229,216,tagged,0.965,129,2026-05-13T09:49:20Z,2026-05-13T09:49:20Z
166,366,59,duet,0.714,160,2026-05-13T09:49:20Z,2026-05-13T09:49:20Z
167,81,238,inspired_by,0.405,11,2026-05-13T09:49:20Z,2026-05-13T09:49:20Z
168,166,88,follows,0.148,152,2026-05-13T09:49:20Z,2026-05-13T09:49:20Z
169,304,241,collaborates,0.525,149,2026-05-13T09:49:20Z,2026-05-13T09:49:20Z
170,473,335,mentioned,0.856,103,2026-05-13T09:49:20Z,2026-05-13T09:49:20Z
171,220,34,reshared,0.716,134,2026-05-13T09:49:20Z,2026-05-13T09:49:20Z
172,277,305,tagged,0.49,191,2026-05-13T09:49:20Z,2026-05-13T09:49:20Z
173,68,453,duet,0.114,169,2026-05-13T09:49:20Z,2026-05-13T09:49:20Z
174,18,307,inspired_by,0.506,89,2026-05-13T09:49:20Z,2026-05-13T09:49:20Z
175,471,271,follows,0.2,51,2026-05-13T09:49:20Z,2026-05-13T09:49:20Z
176,378,385,collaborates,0.182,196,2026-05-13T09:49:20Z,2026-05-13T09:49:20Z
177,367,58,mentioned,0.737,146,2026-05-13T09:49:20Z,2026-05-13T09:49:20Z
178,362,455,reshared,0.181,182,2026-05-13T09:49:20Z,2026-05-13T09:49:20Z
180,363,57,duet,0.785,60,2026-05-13T09:49:20Z,2026-05-13T09:49:20Z
183,20,287,collaborates,0.999,146,2026-05-13T09:49:20Z,2026-05-13T09:49:20Z
184,229,458,mentioned,0.548,39,2026-05-13T09:49:20Z,2026-05-13T09:49:20Z
185,92,193,reshared,0.461,60,2026-05-13T09:49:20Z,2026-05-13T09:49:20Z
186,268,257,tagged,0.885,129,2026-05-13T09:49:20Z,2026-05-13T09:49:20Z
187,278,163,duet,0.238,155,2026-05-13T09:49:20Z,2026-05-13T09:49:20Z
188,363,105,inspired_by,0.77,73,2026-05-13T09:49:20Z,2026-05-13T09:49:20Z
189,445,4,follows,0.663,114,2026-05-13T09:49:20Z,2026-05-13T09:49:20Z
190,142,146,collaborates,0.602,157,2026-05-13T09:49:20Z,2026-05-13T09:49:20Z
191,345,347,mentioned,0.517,41,2026-05-13T09:49:20Z,2026-05-13T09:49:20Z
192,421,289,reshared,0.198,139,2026-05-13T09:49:20Z,2026-05-13T09:49:20Z
193,18,352,tagged,0.645,57,2026-05-13T09:49:20Z,2026-05-13T09:49:20Z
194,314,311,duet,0.952,194,2026-05-13T09:49:20Z,2026-05-13T09:49:20Z
195,336,25,inspired_by,0.234,108,2026-05-13T09:49:20Z,2026-05-13T09:49:20Z
196,352,466,follows,0.947,189,2026-05-13T09:49:20Z,2026-05-13T09:49:20Z
197,290,307,collaborates,0.373,151,2026-05-13T09:49:20Z,2026-05-13T09:49:20Z
198,112,28,mentioned,0.984,177,2026-05-13T09:49:20Z,2026-05-13T09:49:20Z
199,48,425,reshared,0.55,81,2026-05-13T09:49:20Z,2026-05-13T09:49:20Z
200,55,482,tagged,0.405,120,2026-05-13T09:49:20Z,2026-05-13T09:49:20Z
201,23,373,duet,0.154,76,2026-05-13T09:49:20Z,2026-05-13T09:49:20Z
202,415,340,inspired_by,0.402,118,2026-05-13T09:49:20Z,2026-05-13T09:49:20Z
203,29,381,follows,0.202,2,2026-05-13T09:49:20Z,2026-05-13T09:49:20Z
205,163,377,mentioned,0.959,17,2026-05-13T09:49:20Z,2026-05-13T09:49:20Z
206,317,45,reshared,0.623,27,2026-05-13T09:49:20Z,2026-05-13T09:49:20Z
207,285,52,tagged,0.718,149,2026-05-13T09:49:20Z,2026-05-13T09:49:20Z
208,302,141,duet,0.616,146,2026-05-13T09:49:20Z,2026-05-13T09:49:20Z
210,314,137,follows,0.581,129,2026-05-13T09:49:20Z,2026-05-13T09:49:20Z
212,273,352,mentioned,0.261,86,2026-05-13T09:49:20Z,2026-05-13T09:49:20Z
213,310,224,reshared,0.537,151,2026-05-13T09:49:20Z,2026-05-13T09:49:20Z
214,36,453,tagged,0.762,125,2026-05-13T09:49:20Z,2026-05-13T09:49:20Z
215,425,367,duet,0.213,92,2026-05-13T09:49:20Z,2026-05-13T09:49:20Z
216,480,447,inspired_by,0.387,173,2026-05-13T09:49:20Z,2026-05-13T09:49:20Z
217,483,17,follows,0.61,176,2026-05-13T09:49:20Z,2026-05-13T09:49:20Z
218,382,132,collaborates,0.945,145,2026-05-13T09:49:20Z,2026-05-13T09:49:20Z
219,90,351,mentioned,0.598,40,2026-05-13T09:49:20Z,2026-05-13T09:49:20Z
221,275,85,tagged,0.552,137,2026-05-13T09:49:20Z,2026-05-13T09:49:20Z
222,102,152,duet,0.421,135,2026-05-13T09:49:20Z,2026-05-13T09:49:20Z
223,469,23,inspired_by,0.118,123,2026-05-13T09:49:20Z,2026-05-13T09:49:20Z
224,92,420,follows,0.562,76,2026-05-13T09:49:20Z,2026-05-13T09:49:20Z
225,221,161,collaborates,0.418,67,2026-05-13T09:49:20Z,2026-05-13T09:49:20Z
226,483,58,mentioned,0.24,162,2026-05-13T09:49:20Z,2026-05-13T09:49:20Z
227,83,19,reshared,0.958,175,2026-05-13T09:49:20Z,2026-05-13T09:49:20Z
228,335,146,tagged,0.854,85,2026-05-13T09:49:20Z,2026-05-13T09:49:20Z
229,451,309,duet,0.228,37,2026-05-13T09:49:20Z,2026-05-13T09:49:20Z
230,108,333,inspired_by,0.586,187,2026-05-13T09:49:20Z,2026-05-13T09:49:20Z
231,39,288,follows,0.549,192,2026-05-13T09:49:20Z,2026-05-13T09:49:20Z
232,60,223,collaborates,0.199,126,2026-05-13T09:49:20Z,2026-05-13T09:49:20Z
233,20,445,mentioned,0.579,157,2026-05-13T09:49:20Z,2026-05-13T09:49:20Z
234,432,353,reshared,0.122,146,2026-05-13T09:49:20Z,2026-05-13T09:49:20Z
235,103,224,tagged,0.606,177,2026-05-13T09:49:20Z,2026-05-13T09:49:20Z
237,331,80,inspired_by,0.819,81,2026-05-13T09:49:20Z,2026-05-13T09:49:20Z
238,261,27,follows,0.387,105,2026-05-13T09:49:20Z,2026-05-13T09:49:20Z
239,449,419,collaborates,0.367,21,2026-05-13T09:49:20Z,2026-05-13T09:49:20Z
240,281,131,mentioned,0.501,42,2026-05-13T09:49:20Z,2026-05-13T09:49:20Z
241,464,239,reshared,0.699,112,2026-05-13T09:49:20Z,2026-05-13T09:49:20Z
242,7,423,tagged,0.238,26,2026-05-13T09:49:20Z,2026-05-13T09:49:20Z
243,42,346,duet,0.165,165,2026-05-13T09:49:20Z,2026-05-13T09:49:20Z
244,428,314,inspired_by,0.828,150,2026-05-13T09:49:20Z,2026-05-13T09:49:20Z
245,368,147,follows,0.432,130,2026-05-13T09:49:20Z,2026-05-13T09:49:20Z
247,373,407,mentioned,0.902,90,2026-05-13T09:49:20Z,2026-05-13T09:49:20Z
248,483,231,reshared,0.944,31,2026-05-13T09:49:20Z,2026-05-13T09:49:20Z
249,463,112,tagged,0.503,124,2026-05-13T09:49:20Z,2026-05-13T09:49:20Z
250,28,124,duet,0.999,151,2026-05-13T09:49:20Z,2026-05-13T09:49:20Z
251,426,428,inspired_by,0.308,80,2026-05-13T09:49:20Z,2026-05-13T09:49:20Z
252,340,63,follows,0.351,132,2026-05-13T09:49:20Z,2026-05-13T09:49:20Z
253,74,327,collaborates,0.778,16,2026-05-13T09:49:20Z,2026-05-13T09:49:20Z
255,155,274,reshared,0.108,199,2026-05-13T09:49:20Z,2026-05-13T09:49:20Z
256,163,45,tagged,0.353,6,2026-05-13T09:49:20Z,2026-05-13T09:49:20Z
257,458,256,duet,0.502,185,2026-05-13T09:49:20Z,2026-05-13T09:49:20Z
259,84,295,follows,0.146,40,2026-05-13T09:49:20Z,2026-05-13T09:49:20Z
260,274,216,collaborates,0.652,181,2026-05-13T09:49:20Z,2026-05-13T09:49:20Z
262,38,49,reshared,0.87,51,2026-05-13T09:49:20Z,2026-05-13T09:49:20Z
263,386,225,tagged,0.656,78,2026-05-13T09:49:20Z,2026-05-13T09:49:20Z
264,169,138,duet,0.805,159,2026-05-13T09:49:20Z,2026-05-13T09:49:20Z
265,193,333,inspired_by,0.395,116,2026-05-13T09:49:20Z,2026-05-13T09:49:20Z
266,460,387,follows,0.347,64,2026-05-13T09:49:20Z,2026-05-13T09:49:20Z
267,131,395,collaborates,0.347,50,2026-05-13T09:49:20Z,2026-05-13T09:49:20Z
268,23,381,mentioned,0.649,161,2026-05-13T09:49:20Z,2026-05-13T09:49:20Z
270,94,68,tagged,0.352,143,2026-05-13T09:49:20Z,2026-05-13T09:49:20Z
271,480,32,duet,0.383,47,2026-05-13T09:49:20Z,2026-05-13T09:49:20Z
272,44,144,inspired_by,0.471,112,2026-05-13T09:49:20Z,2026-05-13T09:49:20Z
273,137,187,follows,0.8,99,2026-05-13T09:49:20Z,2026-05-13T09:49:20Z
274,112,437,collaborates,0.304,152,2026-05-13T09:49:20Z,2026-05-13T09:49:20Z
275,220,394,mentioned,0.936,25,2026-05-13T09:49:20Z,2026-05-13T09:49:20Z
276,430,229,reshared,0.156,197,2026-05-13T09:49:20Z,2026-05-13T09:49:20Z
277,488,145,tagged,0.815,107,2026-05-13T09:49:20Z,2026-05-13T09:49:20Z
278,205,32,duet,0.564,74,2026-05-13T09:49:20Z,2026-05-13T09:49:20Z
279,365,316,inspired_by,0.832,6,2026-05-13T09:49:20Z,2026-05-13T09:49:20Z
280,40,338,follows,0.892,109,2026-05-13T09:49:20Z,2026-05-13T09:49:20Z
281,91,26,collaborates,0.769,55,2026-05-13T09:49:20Z,2026-05-13T09:49:20Z
282,326,411,mentioned,0.611,130,2026-05-13T09:49:20Z,2026-05-13T09:49:20Z
285,176,54,duet,0.788,101,2026-05-13T09:49:20Z,2026-05-13T09:49:20Z
286,175,456,inspired_by,0.936,5,2026-05-13T09:49:20Z,2026-05-13T09:49:20Z
287,11,291,follows,0.566,61,2026-05-13T09:49:20Z,2026-05-13T09:49:20Z
288,283,53,collaborates,0.374,126,2026-05-13T09:49:20Z,2026-05-13T09:49:20Z
289,419,331,mentioned,0.454,107,2026-05-13T09:49:20Z,2026-05-13T09:49:20Z
290,149,310,reshared,0.672,66,2026-05-13T09:49:20Z,2026-05-13T09:49:20Z
291,441,159,tagged,0.637,4,2026-05-13T09:49:20Z,2026-05-13T09:49:20Z
293,369,284,inspired_by,0.578,87,2026-05-13T09:49:20Z,2026-05-13T09:49:20Z
295,316,129,collaborates,0.621,48,2026-05-13T09:49:20Z,2026-05-13T09:49:20Z
296,464,428,mentioned,0.352,38,2026-05-13T09:49:20Z,2026-05-13T09:49:20Z
297,137,453,reshared,0.641,180,2026-05-13T09:49:20Z,2026-05-13T09:49:20Z
298,478,167,tagged,0.368,51,2026-05-13T09:49:20Z,2026-05-13T09:49:20Z
299,212,178,duet,0.573,152,2026-05-13T09:49:20Z,2026-05-13T09:49:20Z
300,73,131,inspired_by,0.21,154,2026-05-13T09:49:20Z,2026-05-13T09:49:20Z
301,83,25,follows,0.767,39,2026-05-13T09:49:20Z,2026-05-13T09:49:20Z
302,450,427,collaborates,0.853,99,2026-05-13T09:49:20Z,2026-05-13T09:49:20Z
303,459,478,mentioned,0.798,49,2026-05-13T09:49:20Z,2026-05-13T09:49:20Z
306,275,312,duet,0.421,36,2026-05-13T09:49:20Z,2026-05-13T09:49:20Z
307,462,29,inspired_by,0.276,153,2026-05-13T09:49:20Z,2026-05-13T09:49:20Z
308,38,338,follows,0.979,162,2026-05-13T09:49:20Z,2026-05-13T09:49:20Z
309,153,157,collaborates,0.488,172,2026-05-13T09:49:20Z,2026-05-13T09:49:20Z
310,364,58,mentioned,0.717,43,2026-05-13T09:49:20Z,2026-05-13T09:49:20Z
311,439,186,reshared,0.234,95,2026-05-13T09:49:20Z,2026-05-13T09:49:20Z
313,275,221,duet,0.227,141,2026-05-13T09:49:20Z,2026-05-13T09:49:20Z
314,443,236,inspired_by,0.957,22,2026-05-13T09:49:20Z,2026-05-13T09:49:20Z
315,53,460,follows,0.961,198,2026-05-13T09:49:20Z,2026-05-13T09:49:20Z
317,144,102,mentioned,0.195,49,2026-05-13T09:49:20Z,2026-05-13T09:49:20Z
319,283,36,tagged,0.869,163,2026-05-13T09:49:20Z,2026-05-13T09:49:20Z
320,221,387,duet,0.869,100,2026-05-13T09:49:20Z,2026-05-13T09:49:20Z
322,82,457,follows,0.928,84,2026-05-13T09:49:20Z,2026-05-13T09:49:20Z
323,126,191,collaborates,0.867,60,2026-05-13T09:49:20Z,2026-05-13T09:49:20Z
324,457,488,mentioned,0.512,37,2026-05-13T09:49:20Z,2026-05-13T09:49:20Z
325,287,126,reshared,0.745,58,2026-05-13T09:49:20Z,2026-05-13T09:49:20Z
326,8,402,tagged,0.829,27,2026-05-13T09:49:20Z,2026-05-13T09:49:20Z
327,256,489,duet,0.571,70,2026-05-13T09:49:20Z,2026-05-13T09:49:20Z
329,134,211,follows,0.972,144,2026-05-13T09:49:20Z,2026-05-13T09:49:20Z
330,365,113,collaborates,0.698,109,2026-05-13T09:49:20Z,2026-05-13T09:49:20Z
331,292,471,mentioned,0.585,192,2026-05-13T09:49:20Z,2026-05-13T09:49:20Z
333,161,281,tagged,0.193,93,2026-05-13T09:49:20Z,2026-05-13T09:49:20Z
335,163,490,inspired_by,0.394,87,2026-05-13T09:49:20Z,2026-05-13T09:49:20Z
336,362,260,follows,0.128,105,2026-05-13T09:49:20Z,2026-05-13T09:49:20Z
337,402,404,collaborates,0.117,135,2026-05-13T09:49:20Z,2026-05-13T09:49:20Z
338,110,61,mentioned,0.758,36,2026-05-13T09:49:20Z,2026-05-13T09:49:20Z
339,105,126,reshared,0.327,43,2026-05-13T09:49:20Z,2026-05-13T09:49:20Z
340,326,65,tagged,0.363,169,2026-05-13T09:49:20Z,2026-05-13T09:49:20Z
341,278,308,duet,0.833,174,2026-05-13T09:49:20Z,2026-05-13T09:49:20Z
342,232,119,inspired_by,0.675,120,2026-05-13T09:49:20Z,2026-05-13T09:49:20Z
343,210,146,follows,0.239,96,2026-05-13T09:49:20Z,2026-05-13T09:49:20Z
344,372,342,collaborates,0.167,82,2026-05-13T09:49:20Z,2026-05-13T09:49:20Z
345,383,274,mentioned,0.674,84,2026-05-13T09:49:20Z,2026-05-13T09:49:20Z
346,476,26,reshared,0.403,108,2026-05-13T09:49:20Z,2026-05-13T09:49:20Z
347,406,175,tagged,0.708,54,2026-05-13T09:49:20Z,2026-05-13T09:49:20Z
348,391,455,duet,0.887,179,2026-05-13T09:49:20Z,2026-05-13T09:49:20Z
349,307,70,inspired_by,0.375,42,2026-05-13T09:49:20Z,2026-05-13T09:49:20Z
350,378,330,follows,0.217,49,2026-05-13T09:49:20Z,2026-05-13T09:49:20Z
351,58,85,collaborates,0.238,196,2026-05-13T09:49:20Z,2026-05-13T09:49:20Z
354,91,309,tagged,0.45,78,2026-05-13T09:49:20Z,2026-05-13T09:49:20Z
355,483,241,duet,0.228,53,2026-05-13T09:49:20Z,2026-05-13T09:49:20Z
356,82,253,inspired_by,0.549,10,2026-05-13T09:49:20Z,2026-05-13T09:49:20Z
357,216,226,follows,0.718,105,2026-05-13T09:49:20Z,2026-05-13T09:49:20Z
358,180,101,collaborates,0.688,179,2026-05-13T09:49:20Z,2026-05-13T09:49:20Z
359,359,389,mentioned,0.459,157,2026-05-13T09:49:20Z,2026-05-13T09:49:20Z
360,422,455,reshared,0.581,128,2026-05-13T09:49:20Z,2026-05-13T09:49:20Z
361,121,151,tagged,0.911,195,2026-05-13T09:49:20Z,2026-05-13T09:49:20Z
362,273,130,duet,0.359,121,2026-05-13T09:49:20Z,2026-05-13T09:49:20Z
363,311,221,inspired_by,0.526,186,2026-05-13T09:49:20Z,2026-05-13T09:49:20Z
364,91,310,follows,0.363,111,2026-05-13T09:49:20Z,2026-05-13T09:49:20Z
365,311,413,collaborates,0.555,37,2026-05-13T09:49:20Z,2026-05-13T09:49:20Z
366,6,120,mentioned,0.902,108,2026-05-13T09:49:20Z,2026-05-13T09:49:20Z
367,335,15,reshared,0.476,9,2026-05-13T09:49:20Z,2026-05-13T09:49:20Z
368,272,454,tagged,0.127,46,2026-05-13T09:49:20Z,2026-05-13T09:49:20Z
369,392,22,duet,0.321,144,2026-05-13T09:49:20Z,2026-05-13T09:49:20Z
370,383,387,inspired_by,0.69,15,2026-05-13T09:49:20Z,2026-05-13T09:49:20Z
371,446,79,follows,0.514,110,2026-05-13T09:49:20Z,2026-05-13T09:49:20Z
372,410,465,collaborates,0.508,73,2026-05-13T09:49:20Z,2026-05-13T09:49:20Z
373,310,444,mentioned,0.973,174,2026-05-13T09:49:20Z,2026-05-13T09:49:20Z
374,83,209,reshared,0.263,185,2026-05-13T09:49:20Z,2026-05-13T09:49:20Z
375,165,157,tagged,0.121,22,2026-05-13T09:49:20Z,2026-05-13T09:49:20Z
376,92,157,duet,0.852,86,2026-05-13T09:49:20Z,2026-05-13T09:49:20Z
377,242,354,inspired_by,0.69,192,2026-05-13T09:49:20Z,2026-05-13T09:49:20Z
378,205,466,follows,0.664,108,2026-05-13T09:49:20Z,2026-05-13T09:49:20Z
379,491,474,collaborates,0.761,169,2026-05-13T09:49:20Z,2026-05-13T09:49:20Z
380,93,169,mentioned,0.915,62,2026-05-13T09:49:20Z,2026-05-13T09:49:20Z
381,458,191,reshared,0.921,144,2026-05-13T09:49:20Z,2026-05-13T09:49:20Z
382,171,104,tagged,0.24,27,2026-05-13T09:49:20Z,2026-05-13T09:49:20Z
383,178,133,duet,0.847,193,2026-05-13T09:49:20Z,2026-05-13T09:49:20Z
384,52,242,inspired_by,0.55,80,2026-05-13T09:49:20Z,2026-05-13T09:49:20Z
385,432,57,follows,0.561,51,2026-05-13T09:49:20Z,2026-05-13T09:49:20Z
386,439,39,collaborates,0.914,126,2026-05-13T09:49:20Z,2026-05-13T09:49:20Z
387,427,346,mentioned,0.743,71,2026-05-13T09:49:20Z,2026-05-13T09:49:20Z
388,378,43,reshared,0.313,54,2026-05-13T09:49:20Z,2026-05-13T09:49:20Z
389,347,460,tagged,0.847,107,2026-05-13T09:49:20Z,2026-05-13T09:49:20Z
390,261,487,duet,0.605,170,2026-05-13T09:49:20Z,2026-05-13T09:49:20Z
391,486,239,inspired_by,0.935,105,2026-05-13T09:49:20Z,2026-05-13T09:49:20Z
392,216,62,follows,0.947,175,2026-05-13T09:49:20Z,2026-05-13T09:49:20Z
393,40,122,collaborates,0.187,17,2026-05-13T09:49:20Z,2026-05-13T09:49:20Z
395,46,309,reshared,0.17,24,2026-05-13T09:49:20Z,2026-05-13T09:49:20Z
396,147,193,tagged,0.46,14,2026-05-13T09:49:20Z,2026-05-13T09:49:20Z
397,101,325,duet,0.55,127,2026-05-13T09:49:20Z,2026-05-13T09:49:20Z
398,237,31,inspired_by,0.328,173,2026-05-13T09:49:20Z,2026-05-13T09:49:20Z
400,101,416,collaborates,0.556,189,2026-05-13T09:49:20Z,2026-05-13T09:49:20Z
402,441,87,reshared,0.162,159,2026-05-13T09:49:20Z,2026-05-13T09:49:20Z
403,277,446,tagged,0.687,165,2026-05-13T09:49:20Z,2026-05-13T09:49:20Z
404,188,473,duet,0.929,39,2026-05-13T09:49:20Z,2026-05-13T09:49:20Z
405,72,211,inspired_by,0.243,184,2026-05-13T09:49:20Z,2026-05-13T09:49:20Z
407,338,428,collaborates,0.471,126,2026-05-13T09:49:20Z,2026-05-13T09:49:20Z
408,322,219,mentioned,0.776,9,2026-05-13T09:49:20Z,2026-05-13T09:49:20Z
409,216,253,reshared,0.378,39,2026-05-13T09:49:20Z,2026-05-13T09:49:20Z
410,280,231,tagged,0.88,153,2026-05-13T09:49:20Z,2026-05-13T09:49:20Z
411,279,75,duet,0.517,172,2026-05-13T09:49:20Z,2026-05-13T09:49:20Z
412,12,86,inspired_by,0.153,149,2026-05-13T09:49:20Z,2026-05-13T09:49:20Z
413,427,458,follows,0.326,79,2026-05-13T09:49:20Z,2026-05-13T09:49:20Z
414,20,123,collaborates,0.668,128,2026-05-13T09:49:20Z,2026-05-13T09:49:20Z
415,335,418,mentioned,0.839,110,2026-05-13T09:49:20Z,2026-05-13T09:49:20Z
416,306,403,reshared,0.858,1,2026-05-13T09:49:20Z,2026-05-13T09:49:20Z
417,208,472,tagged,0.12,190,2026-05-13T09:49:20Z,2026-05-13T09:49:20Z
418,212,387,duet,0.964,142,2026-05-13T09:49:20Z,2026-05-13T09:49:20Z
419,285,306,inspired_by,0.806,42,2026-05-13T09:49:20Z,2026-05-13T09:49:20Z
420,181,395,follows,0.486,111,2026-05-13T09:49:20Z,2026-05-13T09:49:20Z
421,395,326,collaborates,0.12,139,2026-05-13T09:49:20Z,2026-05-13T09:49:20Z
422,342,188,mentioned,0.714,25,2026-05-13T09:49:20Z,2026-05-13T09:49:20Z
423,180,64,reshared,0.771,39,2026-05-13T09:49:20Z,2026-05-13T09:49:20Z
424,143,348,tagged,0.792,197,2026-05-13T09:49:20Z,2026-05-13T09:49:20Z
425,56,239,duet,0.834,91,2026-05-13T09:49:20Z,2026-05-13T09:49:20Z
426,472,10,inspired_by,0.514,90,2026-05-13T09:49:20Z,2026-05-13T09:49:20Z
427,273,18,follows,0.644,82,2026-05-13T09:49:20Z,2026-05-13T09:49:20Z
428,26,30,collaborates,0.275,97,2026-05-13T09:49:20Z,2026-05-13T09:49:20Z
429,253,414,mentioned,0.321,64,2026-05-13T09:49:20Z,2026-05-13T09:49:20Z
431,45,377,tagged,0.228,144,2026-05-13T09:49:20Z,2026-05-13T09:49:20Z
433,53,295,inspired_by,0.699,66,2026-05-13T09:49:20Z,2026-05-13T09:49:20Z
434,404,437,follows,0.104,72,2026-05-13T09:49:20Z,2026-05-13T09:49:20Z
435,344,308,collaborates,0.191,149,2026-05-13T09:49:20Z,2026-05-13T09:49:20Z
436,218,431,mentioned,0.646,175,2026-05-13T09:49:20Z,2026-05-13T09:49:20Z
437,478,487,reshared,0.559,99,2026-05-13T09:49:20Z,2026-05-13T09:49:20Z
438,114,438,tagged,0.799,41,2026-05-13T09:49:20Z,2026-05-13T09:49:20Z
439,125,471,duet,0.257,91,2026-05-13T09:49:20Z,2026-05-13T09:49:20Z
440,369,80,inspired_by,0.228,132,2026-05-13T09:49:20Z,2026-05-13T09:49:20Z
441,312,133,follows,0.762,175,2026-05-13T09:49:20Z,2026-05-13T09:49:20Z
443,231,171,mentioned,0.16,129,2026-05-13T09:49:20Z,2026-05-13T09:49:20Z
445,373,321,tagged,0.292,145,2026-05-13T09:49:20Z,2026-05-13T09:49:20Z
446,306,236,duet,0.907,72,2026-05-13T09:49:20Z,2026-05-13T09:49:20Z
447,274,413,inspired_by,0.807,114,2026-05-13T09:49:20Z,2026-05-13T09:49:20Z
448,26,73,follows,0.118,67,2026-05-13T09:49:20Z,2026-05-13T09:49:20Z
449,440,412,collaborates,0.662,79,2026-05-13T09:49:20Z,2026-05-13T09:49:20Z
450,38,222,mentioned,0.182,88,2026-05-13T09:49:20Z,2026-05-13T09:49:20Z
451,166,284,reshared,0.224,126,2026-05-13T09:49:20Z,2026-05-13T09:49:20Z
452,305,218,tagged,0.34,3,2026-05-13T09:49:20Z,2026-05-13T09:49:20Z
454,316,20,inspired_by,0.119,39,2026-05-13T09:49:20Z,2026-05-13T09:49:20Z
455,54,256,follows,0.503,1,2026-05-13T09:49:20Z,2026-05-13T09:49:20Z
456,170,425,collaborates,0.591,73,2026-05-13T09:49:20Z,2026-05-13T09:49:20Z
457,91,340,mentioned,0.134,95,2026-05-13T09:49:20Z,2026-05-13T09:49:20Z
458,89,372,reshared,0.555,20,2026-05-13T09:49:20Z,2026-05-13T09:49:20Z
459,113,173,tagged,0.424,49,2026-05-13T09:49:20Z,2026-05-13T09:49:20Z
460,453,81,duet,0.434,34,2026-05-13T09:49:20Z,2026-05-13T09:49:20Z
461,112,476,inspired_by,0.949,139,2026-05-13T09:49:20Z,2026-05-13T09:49:20Z
462,92,21,follows,0.572,1,2026-05-13T09:49:20Z,2026-05-13T09:49:20Z
463,177,36,collaborates,0.455,84,2026-05-13T09:49:20Z,2026-05-13T09:49:20Z
464,155,313,mentioned,0.826,104,2026-05-13T09:49:20Z,2026-05-13T09:49:20Z
465,132,87,reshared,0.198,160,2026-05-13T09:49:20Z,2026-05-13T09:49:20Z
467,363,267,duet,0.652,113,2026-05-13T09:49:20Z,2026-05-13T09:49:20Z
469,241,192,follows,0.726,106,2026-05-13T09:49:20Z,2026-05-13T09:49:20Z
470,445,35,collaborates,0.432,108,2026-05-13T09:49:20Z,2026-05-13T09:49:20Z
471,375,213,mentioned,0.908,99,2026-05-13T09:49:20Z,2026-05-13T09:49:20Z
472,194,154,reshared,0.656,99,2026-05-13T09:49:20Z,2026-05-13T09:49:20Z
473,260,231,tagged,0.139,25,2026-05-13T09:49:20Z,2026-05-13T09:49:20Z
474,460,235,duet,0.105,193,2026-05-13T09:49:20Z,2026-05-13T09:49:20Z
475,252,274,inspired_by,0.332,78,2026-05-13T09:49:20Z,2026-05-13T09:49:20Z
476,213,434,follows,0.407,169,2026-05-13T09:49:20Z,2026-05-13T09:49:20Z
477,228,44,collaborates,0.958,44,2026-05-13T09:49:20Z,2026-05-13T09:49:20Z
478,348,87,mentioned,0.158,6,2026-05-13T09:49:20Z,2026-05-13T09:49:20Z
480,42,356,tagged,0.401,54,2026-05-13T09:49:20Z,2026-05-13T09:49:20Z
481,7,323,duet,0.718,28,2026-05-13T09:49:20Z,2026-05-13T09:49:20Z
482,428,179,inspired_by,0.372,1,2026-05-13T09:49:20Z,2026-05-13T09:49:20Z
483,466,469,follows,0.929,68,2026-05-13T09:49:20Z,2026-05-13T09:49:20Z
484,469,349,collaborates,0.452,45,2026-05-13T09:49:20Z,2026-05-13T09:49:20Z
485,257,419,mentioned,0.744,21,2026-05-13T09:49:20Z,2026-05-13T09:49:20Z
486,240,335,reshared,0.574,28,2026-05-13T09:49:20Z,2026-05-13T09:49:20Z
487,234,167,tagged,0.745,4,2026-05-13T09:49:20Z,2026-05-13T09:49:20Z
489,106,464,inspired_by,0.575,61,2026-05-13T09:49:20Z,2026-05-13T09:49:20Z
490,122,316,follows,0.866,82,2026-05-13T09:49:20Z,2026-05-13T09:49:20Z
491,22,430,collaborates,0.604,132,2026-05-13T09:49:20Z,2026-05-13T09:49:20Z
492,436,224,mentioned,0.329,27,2026-05-13T09:49:20Z,2026-05-13T09:49:20Z
493,422,6,reshared,0.728,114,2026-05-13T09:49:20Z,2026-05-13T09:49:20Z
496,346,263,inspired_by,0.575,33,2026-05-13T09:49:20Z,2026-05-13T09:49:20Z
497,442,221,follows,0.678,41,2026-05-13T09:49:20Z,2026-05-13T09:49:20Z
498,174,120,collaborates,0.671,113,2026-05-13T09:49:20Z,2026-05-13T09:49:20Z
499,357,136,mentioned,0.789,75,2026-05-13T09:49:20Z,2026-05-13T09:49:20Z
500,68,384,reshared,0.341,67,2026-05-13T09:49:20Z,2026-05-13T09:49:20Z
501,173,204,tagged,0.633,121,2026-05-13T09:49:20Z,2026-05-13T09:49:20Z
503,171,338,inspired_by,0.437,190,2026-05-13T09:49:20Z,2026-05-13T09:49:20Z
504,88,186,follows,0.615,188,2026-05-13T09:49:20Z,2026-05-13T09:49:20Z
506,343,437,mentioned,0.727,117,2026-05-13T09:49:20Z,2026-05-13T09:49:20Z
507,142,228,reshared,0.951,109,2026-05-13T09:49:20Z,2026-05-13T09:49:20Z
508,316,330,tagged,0.841,70,2026-05-13T09:49:20Z,2026-05-13T09:49:20Z
509,403,369,duet,0.712,181,2026-05-13T09:49:20Z,2026-05-13T09:49:20Z
510,85,266,inspired_by,0.435,50,2026-05-13T09:49:20Z,2026-05-13T09:49:20Z
511,67,9,follows,0.239,107,2026-05-13T09:49:20Z,2026-05-13T09:49:20Z
512,306,102,collaborates,0.556,10,2026-05-13T09:49:20Z,2026-05-13T09:49:20Z
513,235,311,mentioned,0.653,167,2026-05-13T09:49:20Z,2026-05-13T09:49:20Z
514,330,474,reshared,0.927,128,2026-05-13T09:49:20Z,2026-05-13T09:49:20Z
515,432,265,tagged,0.236,168,2026-05-13T09:49:20Z,2026-05-13T09:49:20Z
516,151,411,duet,0.603,34,2026-05-13T09:49:20Z,2026-05-13T09:49:20Z
517,216,27,inspired_by,0.871,70,2026-05-13T09:49:20Z,2026-05-13T09:49:20Z
518,452,464,follows,0.269,92,2026-05-13T09:49:20Z,2026-05-13T09:49:20Z
519,108,10,collaborates,0.796,64,2026-05-13T09:49:20Z,2026-05-13T09:49:20Z
521,47,276,reshared,0.44,63,2026-05-13T09:49:20Z,2026-05-13T09:49:20Z
522,312,365,tagged,0.989,140,2026-05-13T09:49:20Z,2026-05-13T09:49:20Z
523,142,408,duet,0.772,96,2026-05-13T09:49:20Z,2026-05-13T09:49:20Z
524,186,458,inspired_by,0.472,115,2026-05-13T09:49:20Z,2026-05-13T09:49:20Z
525,36,6,follows,0.895,108,2026-05-13T09:49:20Z,2026-05-13T09:49:20Z
526,75,342,collaborates,0.557,139,2026-05-13T09:49:20Z,2026-05-13T09:49:20Z
527,320,191,mentioned,0.239,153,2026-05-13T09:49:20Z,2026-05-13T09:49:20Z
528,82,271,reshared,0.464,195,2026-05-13T09:49:20Z,2026-05-13T09:49:20Z
529,49,260,tagged,0.24,188,2026-05-13T09:49:20Z,2026-05-13T09:49:20Z
530,284,269,duet,0.879,145,2026-05-13T09:49:20Z,2026-05-13T09:49:20Z
533,15,323,collaborates,0.875,50,2026-05-13T09:49:20Z,2026-05-13T09:49:20Z
534,441,69,mentioned,0.515,149,2026-05-13T09:49:20Z,2026-05-13T09:49:20Z
535,466,262,reshared,0.173,160,2026-05-13T09:49:20Z,2026-05-13T09:49:20Z
536,144,193,tagged,0.706,78,2026-05-13T09:49:20Z,2026-05-13T09:49:20Z
537,177,444,duet,0.477,191,2026-05-13T09:49:20Z,2026-05-13T09:49:20Z
538,235,137,inspired_by,0.372,191,2026-05-13T09:49:20Z,2026-05-13T09:49:20Z
539,302,350,follows,0.854,6,2026-05-13T09:49:20Z,2026-05-13T09:49:20Z
540,146,267,collaborates,0.988,136,2026-05-13T09:49:20Z,2026-05-13T09:49:20Z
541,22,8,mentioned,0.115,13,2026-05-13T09:49:20Z,2026-05-13T09:49:20Z
542,340,426,reshared,0.75,10,2026-05-13T09:49:20Z,2026-05-13T09:49:20Z
543,31,117,tagged,0.768,174,2026-05-13T09:49:20Z,2026-05-13T09:49:20Z
544,461,265,duet,0.203,49,2026-05-13T09:49:20Z,2026-05-13T09:49:20Z
546,433,166,follows,0.322,129,2026-05-13T09:49:20Z,2026-05-13T09:49:20Z
547,181,343,collaborates,0.347,39,2026-05-13T09:49:20Z,2026-05-13T09:49:20Z
548,335,220,mentioned,0.485,198,2026-05-13T09:49:20Z,2026-05-13T09:49:20Z
549,270,48,reshared,0.878,196,2026-05-13T09:49:20Z,2026-05-13T09:49:20Z
550,127,195,tagged,0.49,84,2026-05-13T09:49:20Z,2026-05-13T09:49:20Z
551,70,80,duet,0.844,83,2026-05-13T09:49:20Z,2026-05-13T09:49:20Z
552,402,205,inspired_by,0.281,25,2026-05-13T09:49:20Z,2026-05-13T09:49:20Z
553,472,45,follows,0.441,35,2026-05-13T09:49:20Z,2026-05-13T09:49:20Z
554,432,115,collaborates,0.393,82,2026-05-13T09:49:20Z,2026-05-13T09:49:20Z
555,351,143,mentioned,0.332,75,2026-05-13T09:49:20Z,2026-05-13T09:49:20Z
556,154,74,reshared,0.134,122,2026-05-13T09:49:20Z,2026-05-13T09:49:20Z
558,460,269,duet,0.699,129,2026-05-13T09:49:20Z,2026-05-13T09:49:20Z
559,201,39,inspired_by,0.791,139,2026-05-13T09:49:20Z,2026-05-13T09:49:20Z
560,371,220,follows,0.788,66,2026-05-13T09:49:20Z,2026-05-13T09:49:20Z
561,388,321,collaborates,0.432,112,2026-05-13T09:49:20Z,2026-05-13T09:49:20Z
562,335,370,mentioned,0.463,53,2026-05-13T09:49:20Z,2026-05-13T09:49:20Z
563,191,60,reshared,0.422,114,2026-05-13T09:49:20Z,2026-05-13T09:49:20Z
564,268,232,tagged,0.127,95,2026-05-13T09:49:20Z,2026-05-13T09:49:20Z
565,378,336,duet,0.65,150,2026-05-13T09:49:20Z,2026-05-13T09:49:20Z
566,474,426,inspired_by,0.791,74,2026-05-13T09:49:20Z,2026-05-13T09:49:20Z
567,84,72,follows,0.887,126,2026-05-13T09:49:20Z,2026-05-13T09:49:20Z
568,335,45,collaborates,0.765,101,2026-05-13T09:49:20Z,2026-05-13T09:49:20Z
569,464,308,mentioned,0.941,198,2026-05-13T09:49:20Z,2026-05-13T09:49:20Z
570,444,217,reshared,0.884,144,2026-05-13T09:49:20Z,2026-05-13T09:49:20Z
571,358,106,tagged,0.79,96,2026-05-13T09:49:20Z,2026-05-13T09:49:20Z
572,10,342,duet,0.211,36,2026-05-13T09:49:20Z,2026-05-13T09:49:20Z
573,375,186,inspired_by,0.506,143,2026-05-13T09:49:20Z,2026-05-13T09:49:20Z
574,154,262,follows,0.726,191,2026-05-13T09:49:20Z,2026-05-13T09:49:20Z
575,393,120,collaborates,0.273,72,2026-05-13T09:49:20Z,2026-05-13T09:49:20Z
576,415,70,mentioned,0.788,67,2026-05-13T09:49:20Z,2026-05-13T09:49:20Z
577,368,144,reshared,0.609,90,2026-05-13T09:49:20Z,2026-05-13T09:49:20Z
578,448,443,tagged,0.279,99,2026-05-13T09:49:20Z,2026-05-13T09:49:20Z
579,441,186,duet,0.31,196,2026-05-13T09:49:20Z,2026-05-13T09:49:20Z
580,276,438,inspired_by,0.591,186,2026-05-13T09:49:20Z,2026-05-13T09:49:20Z
581,258,160,follows,0.415,198,2026-05-13T09:49:20Z,2026-05-13T09:49:20Z
582,307,214,collaborates,0.515,148,2026-05-13T09:49:20Z,2026-05-13T09:49:20Z
583,427,63,mentioned,0.419,149,2026-05-13T09:49:20Z,2026-05-13T09:49:20Z
584,287,313,reshared,0.15,95,2026-05-13T09:49:20Z,2026-05-13T09:49:20Z
586,294,158,duet,0.707,132,2026-05-13T09:49:20Z,2026-05-13T09:49:20Z
587,371,337,inspired_by,0.731,174,2026-05-13T09:49:20Z,2026-05-13T09:49:20Z
588,209,119,follows,0.9,65,2026-05-13T09:49:20Z,2026-05-13T09:49:20Z
589,279,267,collaborates,0.419,93,2026-05-13T09:49:20Z,2026-05-13T09:49:20Z
590,283,111,mentioned,0.168,123,2026-05-13T09:49:20Z,2026-05-13T09:49:20Z
591,206,452,reshared,0.275,99,2026-05-13T09:49:20Z,2026-05-13T09:49:20Z
592,265,125,tagged,0.977,81,2026-05-13T09:49:20Z,2026-05-13T09:49:20Z
593,348,80,duet,0.922,32,2026-05-13T09:49:20Z,2026-05-13T09:49:20Z
594,105,109,inspired_by,0.631,56,2026-05-13T09:49:20Z,2026-05-13T09:49:20Z
595,5,26,follows,0.881,10,2026-05-13T09:49:20Z,2026-05-13T09:49:20Z
596,332,172,collaborates,0.161,87,2026-05-13T09:49:20Z,2026-05-13T09:49:20Z
597,329,349,mentioned,0.291,32,2026-05-13T09:49:20Z,2026-05-13T09:49:20Z
598,424,65,reshared,0.185,185,2026-05-13T09:49:20Z,2026-05-13T09:49:20Z
599,124,60,tagged,0.482,28,2026-05-13T09:49:20Z,2026-05-13T09:49:20Z
600,283,319,duet,0.155,93,2026-05-13T09:49:20Z,2026-05-13T09:49:20Z
601,416,302,inspired_by,0.13,127,2026-05-13T09:49:20Z,2026-05-13T09:49:20Z
602,227,236,follows,0.643,115,2026-05-13T09:49:20Z,2026-05-13T09:49:20Z
603,292,109,collaborates,0.563,51,2026-05-13T09:49:20Z,2026-05-13T09:49:20Z
604,283,71,mentioned,0.149,18,2026-05-13T09:49:20Z,2026-05-13T09:49:20Z
606,189,34,tagged,0.395,192,2026-05-13T09:49:20Z,2026-05-13T09:49:20Z
607,140,166,duet,0.365,157,2026-05-13T09:49:20Z,2026-05-13T09:49:20Z
608,427,320,inspired_by,0.769,171,2026-05-13T09:49:20Z,2026-05-13T09:49:20Z
609,328,443,follows,0.716,28,2026-05-13T09:49:20Z,2026-05-13T09:49:20Z
610,408,330,collaborates,0.113,53,2026-05-13T09:49:20Z,2026-05-13T09:49:20Z
611,458,357,mentioned,0.469,87,2026-05-13T09:49:20Z,2026-05-13T09:49:20Z
612,135,74,reshared,0.112,176,2026-05-13T09:49:20Z,2026-05-13T09:49:20Z
613,260,38,tagged,0.582,191,2026-05-13T09:49:20Z,2026-05-13T09:49:20Z
614,353,191,duet,0.482,26,2026-05-13T09:49:20Z,2026-05-13T09:49:20Z
615,468,161,inspired_by,0.482,66,2026-05-13T09:49:20Z,2026-05-13T09:49:20Z
616,64,171,follows,0.49,52,2026-05-13T09:49:20Z,2026-05-13T09:49:20Z
619,66,31,reshared,0.853,131,2026-05-13T09:49:20Z,2026-05-13T09:49:20Z
620,108,168,tagged,0.857,162,2026-05-13T09:49:20Z,2026-05-13T09:49:20Z
621,204,408,duet,0.773,117,2026-05-13T09:49:20Z,2026-05-13T09:49:20Z
622,20,83,inspired_by,0.987,124,2026-05-13T09:49:20Z,2026-05-13T09:49:20Z
623,113,54,follows,0.52,191,2026-05-13T09:49:20Z,2026-05-13T09:49:20Z
624,9,221,collaborates,0.573,11,2026-05-13T09:49:20Z,2026-05-13T09:49:20Z
625,455,393,mentioned,0.858,18,2026-05-13T09:49:20Z,2026-05-13T09:49:20Z
626,108,180,reshared,0.497,132,2026-05-13T09:49:20Z,2026-05-13T09:49:20Z
627,69,184,tagged,0.656,187,2026-05-13T09:49:20Z,2026-05-13T09:49:20Z
628,359,131,duet,0.948,73,2026-05-13T09:49:20Z,2026-05-13T09:49:20Z
629,78,85,inspired_by,0.925,34,2026-05-13T09:49:20Z,2026-05-13T09:49:20Z
630,253,206,follows,0.892,70,2026-05-13T09:49:20Z,2026-05-13T09:49:20Z
631,151,421,collaborates,0.428,166,2026-05-13T09:49:20Z,2026-05-13T09:49:20Z
632,255,432,mentioned,0.652,12,2026-05-13T09:49:20Z,2026-05-13T09:49:20Z
633,424,334,reshared,0.771,87,2026-05-13T09:49:20Z,2026-05-13T09:49:20Z
634,348,139,tagged,0.527,111,2026-05-13T09:49:20Z,2026-05-13T09:49:20Z
636,213,456,inspired_by,0.986,77,2026-05-13T09:49:20Z,2026-05-13T09:49:20Z
637,139,189,follows,0.216,106,2026-05-13T09:49:20Z,2026-05-13T09:49:20Z
639,322,102,mentioned,0.928,147,2026-05-13T09:49:20Z,2026-05-13T09:49:20Z
640,120,27,reshared,0.748,1,2026-05-13T09:49:20Z,2026-05-13T09:49:20Z
641,26,179,tagged,0.435,87,2026-05-13T09:49:20Z,2026-05-13T09:49:20Z
642,269,205,duet,0.928,72,2026-05-13T09:49:20Z,2026-05-13T09:49:20Z
643,264,216,inspired_by,0.945,189,2026-05-13T09:49:20Z,2026-05-13T09:49:20Z
644,171,425,follows,0.763,118,2026-05-13T09:49:20Z,2026-05-13T09:49:20Z
646,139,9,mentioned,0.362,103,2026-05-13T09:49:20Z,2026-05-13T09:49:20Z
647,435,327,reshared,0.255,190,2026-05-13T09:49:20Z,2026-05-13T09:49:20Z
649,358,439,duet,0.285,195,2026-05-13T09:49:20Z,2026-05-13T09:49:20Z
650,169,445,inspired_by,0.772,163,2026-05-13T09:49:20Z,2026-05-13T09:49:20Z
651,404,34,follows,0.532,43,2026-05-13T09:49:20Z,2026-05-13T09:49:20Z
652,133,70,collaborates,0.839,178,2026-05-13T09:49:20Z,2026-05-13T09:49:20Z
653,344,140,mentioned,0.21,105,2026-05-13T09:49:20Z,2026-05-13T09:49:20Z
654,36,6,reshared,0.566,187,2026-05-13T09:49:20Z,2026-05-13T09:49:20Z
655,14,268,tagged,0.449,176,2026-05-13T09:49:20Z,2026-05-13T09:49:20Z
657,164,72,inspired_by,0.934,138,2026-05-13T09:49:20Z,2026-05-13T09:49:20Z
658,378,238,follows,0.467,13,2026-05-13T09:49:20Z,2026-05-13T09:49:20Z
659,276,415,collaborates,0.64,110,2026-05-13T09:49:20Z,2026-05-13T09:49:20Z
660,78,55,mentioned,0.469,117,2026-05-13T09:49:20Z,2026-05-13T09:49:20Z
661,466,145,reshared,0.53,82,2026-05-13T09:49:20Z,2026-05-13T09:49:20Z
662,101,37,tagged,0.273,151,2026-05-13T09:49:20Z,2026-05-13T09:49:20Z
663,216,292,duet,0.877,191,2026-05-13T09:49:20Z,2026-05-13T09:49:20Z
664,187,178,inspired_by,0.176,31,2026-05-13T09:49:20Z,2026-05-13T09:49:20Z
666,307,112,collaborates,0.959,53,2026-05-13T09:49:20Z,2026-05-13T09:49:20Z
667,63,355,mentioned,0.171,47,2026-05-13T09:49:20Z,2026-05-13T09:49:20Z
668,61,456,reshared,0.57,195,2026-05-13T09:49:20Z,2026-05-13T09:49:20Z
669,412,425,tagged,0.365,163,2026-05-13T09:49:20Z,2026-05-13T09:49:20Z
671,363,389,inspired_by,0.681,30,2026-05-13T09:49:20Z,2026-05-13T09:49:20Z
672,415,242,follows,0.294,155,2026-05-13T09:49:20Z,2026-05-13T09:49:20Z
674,167,180,mentioned,0.862,16,2026-05-13T09:49:20Z,2026-05-13T09:49:20Z
675,9,274,reshared,0.677,66,2026-05-13T09:49:20Z,2026-05-13T09:49:20Z
676,1,351,tagged,0.76,56,2026-05-13T09:49:20Z,2026-05-13T09:49:20Z
677,225,78,duet,0.794,186,2026-05-13T09:49:20Z,2026-05-13T09:49:20Z
678,84,53,inspired_by,0.932,190,2026-05-13T09:49:20Z,2026-05-13T09:49:20Z
680,354,84,collaborates,0.133,76,2026-05-13T09:49:20Z,2026-05-13T09:49:20Z
681,112,330,mentioned,0.113,92,2026-05-13T09:49:20Z,2026-05-13T09:49:20Z
682,144,182,reshared,0.148,171,2026-05-13T09:49:20Z,2026-05-13T09:49:20Z
683,207,460,tagged,0.23,110,2026-05-13T09:49:20Z,2026-05-13T09:49:20Z
684,257,371,duet,0.142,39,2026-05-13T09:49:20Z,2026-05-13T09:49:20Z
685,466,205,inspired_by,0.172,3,2026-05-13T09:49:20Z,2026-05-13T09:49:20Z
686,294,69,follows,0.753,90,2026-05-13T09:49:20Z,2026-05-13T09:49:20Z
687,28,383,collaborates,0.326,12,2026-05-13T09:49:20Z,2026-05-13T09:49:20Z
688,263,434,mentioned,0.51,49,2026-05-13T09:49:20Z,2026-05-13T09:49:20Z
689,112,323,reshared,0.811,59,2026-05-13T09:49:20Z,2026-05-13T09:49:20Z
690,42,387,tagged,0.218,175,2026-05-13T09:49:20Z,2026-05-13T09:49:20Z
691,46,450,duet,0.533,138,2026-05-13T09:49:20Z,2026-05-13T09:49:20Z
692,423,478,inspired_by,0.231,29,2026-05-13T09:49:20Z,2026-05-13T09:49:20Z
693,476,132,follows,0.534,64,2026-05-13T09:49:20Z,2026-05-13T09:49:20Z
694,152,375,collaborates,0.844,57,2026-05-13T09:49:20Z,2026-05-13T09:49:20Z
695,222,131,mentioned,0.569,165,2026-05-13T09:49:20Z,2026-05-13T09:49:20Z
696,125,251,reshared,0.189,130,2026-05-13T09:49:20Z,2026-05-13T09:49:20Z
697,291,459,tagged,0.861,121,2026-05-13T09:49:20Z,2026-05-13T09:49:20Z
698,266,88,duet,0.167,9,2026-05-13T09:49:20Z,2026-05-13T09:49:20Z
699,164,276,inspired_by,0.735,92,2026-05-13T09:49:20Z,2026-05-13T09:49:20Z
700,55,428,follows,0.634,5,2026-05-13T09:49:20Z,2026-05-13T09:49:20Z
701,24,361,collaborates,0.44,168,2026-05-13T09:49:20Z,2026-05-13T09:49:20Z
702,317,139,mentioned,0.576,135,2026-05-13T09:49:20Z,2026-05-13T09:49:20Z
703,453,153,reshared,0.21,68,2026-05-13T09:49:20Z,2026-05-13T09:49:20Z
704,146,114,tagged,0.575,137,2026-05-13T09:49:20Z,2026-05-13T09:49:20Z
705,417,161,duet,0.368,81,2026-05-13T09:49:20Z,2026-05-13T09:49:20Z
706,74,109,inspired_by,0.268,60,2026-05-13T09:49:20Z,2026-05-13T09:49:20Z
707,408,93,follows,0.8,84,2026-05-13T09:49:20Z,2026-05-13T09:49:20Z
708,312,207,collaborates,0.378,100,2026-05-13T09:49:20Z,2026-05-13T09:49:20Z
709,491,442,mentioned,0.704,179,2026-05-13T09:49:20Z,2026-05-13T09:49:20Z
710,389,309,reshared,0.393,103,2026-05-13T09:49:20Z,2026-05-13T09:49:20Z
711,121,475,tagged,0.95,167,2026-05-13T09:49:20Z,2026-05-13T09:49:20Z
713,436,2,inspired_by,0.875,53,2026-05-13T09:49:20Z,2026-05-13T09:49:20Z
714,46,384,follows,0.392,175,2026-05-13T09:49:20Z,2026-05-13T09:49:20Z
715,453,77,collaborates,0.338,56,2026-05-13T09:49:20Z,2026-05-13T09:49:20Z
716,345,412,mentioned,0.258,184,2026-05-13T09:49:20Z,2026-05-13T09:49:20Z
717,104,390,reshared,0.312,18,2026-05-13T09:49:20Z,2026-05-13T09:49:20Z
718,422,419,tagged,0.278,19,2026-05-13T09:49:20Z,2026-05-13T09:49:20Z
719,144,119,duet,0.316,112,2026-05-13T09:49:20Z,2026-05-13T09:49:20Z
720,405,449,inspired_by,0.533,143,2026-05-13T09:49:20Z,2026-05-13T09:49:20Z
721,94,314,follows,0.714,145,2026-05-13T09:49:20Z,2026-05-13T09:49:20Z
723,27,460,mentioned,0.259,99,2026-05-13T09:49:20Z,2026-05-13T09:49:20Z
725,374,89,tagged,0.933,54,2026-05-13T09:49:20Z,2026-05-13T09:49:20Z
726,224,454,duet,0.347,36,2026-05-13T09:49:20Z,2026-05-13T09:49:20Z
727,121,50,inspired_by,0.839,183,2026-05-13T09:49:20Z,2026-05-13T09:49:20Z
729,390,466,collaborates,0.104,180,2026-05-13T09:49:20Z,2026-05-13T09:49:20Z
730,232,272,mentioned,0.857,53,2026-05-13T09:49:20Z,2026-05-13T09:49:20Z
731,359,203,reshared,0.625,65,2026-05-13T09:49:20Z,2026-05-13T09:49:20Z
732,175,310,tagged,0.593,11,2026-05-13T09:49:20Z,2026-05-13T09:49:20Z
733,207,82,duet,0.845,56,2026-05-13T09:49:20Z,2026-05-13T09:49:20Z
734,411,372,inspired_by,0.905,87,2026-05-13T09:49:20Z,2026-05-13T09:49:20Z
736,216,476,collaborates,0.129,169,2026-05-13T09:49:20Z,2026-05-13T09:49:20Z
737,435,90,mentioned,0.457,187,2026-05-13T09:49:20Z,2026-05-13T09:49:20Z
738,27,135,reshared,0.746,98,2026-05-13T09:49:20Z,2026-05-13T09:49:20Z
740,273,405,duet,0.31,133,2026-05-13T09:49:20Z,2026-05-13T09:49:20Z
741,132,319,inspired_by,0.274,106,2026-05-13T09:49:20Z,2026-05-13T09:49:20Z
742,276,240,follows,0.593,107,2026-05-13T09:49:20Z,2026-05-13T09:49:20Z
743,222,317,collaborates,0.816,182,2026-05-13T09:49:20Z,2026-05-13T09:49:20Z
744,257,429,mentioned,0.2,123,2026-05-13T09:49:20Z,2026-05-13T09:49:20Z
745,293,481,reshared,0.335,82,2026-05-13T09:49:20Z,2026-05-13T09:49:20Z
746,445,131,tagged,0.59,3,2026-05-13T09:49:20Z,2026-05-13T09:49:20Z
747,332,207,duet,0.179,78,2026-05-13T09:49:20Z,2026-05-13T09:49:20Z
748,285,63,inspired_by,0.191,2,2026-05-13T09:49:20Z,2026-05-13T09:49:20Z
749,76,410,follows,0.481,1,2026-05-13T09:49:20Z,2026-05-13T09:49:20Z
750,225,285,collaborates,0.444,67,2026-05-13T09:49:20Z,2026-05-13T09:49:20Z
751,407,95,mentioned,0.863,115,2026-05-13T09:49:20Z,2026-05-13T09:49:20Z
752,73,408,reshared,0.194,38,2026-05-13T09:49:20Z,2026-05-13T09:49:20Z
753,240,420,tagged,0.296,92,2026-05-13T09:49:20Z,2026-05-13T09:49:20Z
754,44,382,duet,0.712,188,2026-05-13T09:49:20Z,2026-05-13T09:49:20Z
755,35,139,inspired_by,0.93,29,2026-05-13T09:49:20Z,2026-05-13T09:49:20Z
756,303,319,follows,0.588,121,2026-05-13T09:49:20Z,2026-05-13T09:49:20Z
757,236,108,collaborates,0.922,195,2026-05-13T09:49:20Z,2026-05-13T09:49:20Z
759,84,54,reshared,0.986,11,2026-05-13T09:49:20Z,2026-05-13T09:49:20Z
760,48,319,tagged,0.282,33,2026-05-13T09:49:20Z,2026-05-13T09:49:20Z
761,135,151,duet,0.866,134,2026-05-13T09:49:20Z,2026-05-13T09:49:20Z
762,445,384,inspired_by,0.954,45,2026-05-13T09:49:20Z,2026-05-13T09:49:20Z
763,57,170,follows,0.229,15,2026-05-13T09:49:20Z,2026-05-13T09:49:20Z
764,113,454,collaborates,0.947,62,2026-05-13T09:49:20Z,2026-05-13T09:49:20Z
765,202,374,mentioned,0.598,120,2026-05-13T09:49:20Z,2026-05-13T09:49:20Z
766,159,27,reshared,0.649,132,2026-05-13T09:49:20Z,2026-05-13T09:49:20Z
768,210,434,duet,0.193,69,2026-05-13T09:49:20Z,2026-05-13T09:49:20Z
769,289,380,inspired_by,0.829,104,2026-05-13T09:49:20Z,2026-05-13T09:49:20Z
770,212,241,follows,0.846,119,2026-05-13T09:49:20Z,2026-05-13T09:49:20Z
771,278,28,collaborates,0.146,136,2026-05-13T09:49:20Z,2026-05-13T09:49:20Z
772,206,438,mentioned,0.756,116,2026-05-13T09:49:20Z,2026-05-13T09:49:20Z
773,428,265,reshared,0.687,84,2026-05-13T09:49:20Z,2026-05-13T09:49:20Z
776,326,26,inspired_by,0.611,140,2026-05-13T09:49:20Z,2026-05-13T09:49:20Z
777,59,469,follows,0.634,132,2026-05-13T09:49:20Z,2026-05-13T09:49:20Z
778,204,379,collaborates,0.912,195,2026-05-13T09:49:20Z,2026-05-13T09:49:20Z
780,465,167,reshared,0.316,166,2026-05-13T09:49:20Z,2026-05-13T09:49:20Z
781,364,81,tagged,0.644,26,2026-05-13T09:49:20Z,2026-05-13T09:49:20Z
782,341,454,duet,0.623,20,2026-05-13T09:49:20Z,2026-05-13T09:49:20Z
783,68,327,inspired_by,0.869,19,2026-05-13T09:49:20Z,2026-05-13T09:49:20Z
784,267,195,follows,0.369,137,2026-05-13T09:49:20Z,2026-05-13T09:49:20Z
785,5,317,collaborates,0.405,166,2026-05-13T09:49:20Z,2026-05-13T09:49:20Z
786,325,311,mentioned,0.601,137,2026-05-13T09:49:20Z,2026-05-13T09:49:20Z
787,70,459,reshared,0.244,130,2026-05-13T09:49:20Z,2026-05-13T09:49:20Z
788,74,31,tagged,0.164,50,2026-05-13T09:49:20Z,2026-05-13T09:49:20Z
789,260,226,duet,0.517,71,2026-05-13T09:49:20Z,2026-05-13T09:49:20Z
790,480,73,inspired_by,0.82,52,2026-05-13T09:49:20Z,2026-05-13T09:49:20Z
791,304,221,follows,0.777,191,2026-05-13T09:49:20Z,2026-05-13T09:49:20Z
793,123,305,mentioned,0.616,121,2026-05-13T09:49:20Z,2026-05-13T09:49:20Z
794,477,392,reshared,0.569,176,2026-05-13T09:49:20Z,2026-05-13T09:49:20Z
795,49,376,tagged,0.801,168,2026-05-13T09:49:20Z,2026-05-13T09:49:20Z
796,485,320,duet,0.41,133,2026-05-13T09:49:20Z,2026-05-13T09:49:20Z
797,61,157,inspired_by,0.506,104,2026-05-13T09:49:20Z,2026-05-13T09:49:20Z
798,268,49,follows,0.946,125,2026-05-13T09:49:20Z,2026-05-13T09:49:20Z
799,388,407,mentioned,0.85,44,2026-05-13T09:49:20Z,2026-05-13T09:49:20Z
800,253,193,reshared,0.598,147,2026-05-13T09:49:20Z,2026-05-13T09:49:20Z
801,126,60,tagged,0.873,118,2026-05-13T09:49:20Z,2026-05-13T09:49:20Z
802,65,308,duet,0.302,49,2026-05-13T09:49:20Z,2026-05-13T09:49:20Z
804,453,365,follows,0.79,41,2026-05-13T09:49:20Z,2026-05-13T09:49:20Z
805,235,350,collaborates,0.371,120,2026-05-13T09:49:20Z,2026-05-13T09:49:20Z
806,223,168,mentioned,0.74,73,2026-05-13T09:49:20Z,2026-05-13T09:49:20Z
807,214,395,reshared,0.112,8,2026-05-13T09:49:20Z,2026-05-13T09:49:20Z
808,135,320,tagged,0.549,7,2026-05-13T09:49:20Z,2026-05-13T09:49:20Z
809,473,416,duet,0.319,95,2026-05-13T09:49:20Z,2026-05-13T09:49:20Z
810,144,171,inspired_by,0.604,130,2026-05-13T09:49:20Z,2026-05-13T09:49:20Z
811,237,170,follows,0.319,172,2026-05-13T09:49:20Z,2026-05-13T09:49:20Z
812,182,422,collaborates,0.365,54,2026-05-13T09:49:20Z,2026-05-13T09:49:20Z
813,266,66,mentioned,0.835,193,2026-05-13T09:49:20Z,2026-05-13T09:49:20Z
814,360,131,reshared,0.187,138,2026-05-13T09:49:20Z,2026-05-13T09:49:20Z
815,454,429,tagged,0.665,81,2026-05-13T09:49:20Z,2026-05-13T09:49:20Z
816,137,356,duet,0.348,33,2026-05-13T09:49:20Z,2026-05-13T09:49:20Z
818,44,160,follows,0.868,191,2026-05-13T09:49:20Z,2026-05-13T09:49:20Z
819,28,267,collaborates,0.516,164,2026-05-13T09:49:20Z,2026-05-13T09:49:20Z
821,461,408,reshared,0.104,2,2026-05-13T09:49:20Z,2026-05-13T09:49:20Z
822,450,293,tagged,0.751,177,2026-05-13T09:49:20Z,2026-05-13T09:49:20Z
823,353,428,duet,0.891,114,2026-05-13T09:49:20Z,2026-05-13T09:49:20Z
824,35,410,inspired_by,0.832,58,2026-05-13T09:49:20Z,2026-05-13T09:49:20Z
825,191,424,follows,0.17,92,2026-05-13T09:49:20Z,2026-05-13T09:49:20Z
826,91,73,collaborates,0.303,119,2026-05-13T09:49:20Z,2026-05-13T09:49:20Z
827,333,137,mentioned,0.812,186,2026-05-13T09:49:20Z,2026-05-13T09:49:20Z
828,134,357,reshared,0.7,172,2026-05-13T09:49:20Z,2026-05-13T09:49:20Z
829,346,311,tagged,0.469,39,2026-05-13T09:49:20Z,2026-05-13T09:49:20Z
830,157,491,duet,0.145,105,2026-05-13T09:49:20Z,2026-05-13T09:49:20Z
832,79,328,follows,0.325,89,2026-05-13T09:49:20Z,2026-05-13T09:49:20Z
834,76,421,mentioned,0.617,123,2026-05-13T09:49:20Z,2026-05-13T09:49:20Z
835,54,391,reshared,0.946,38,2026-05-13T09:49:20Z,2026-05-13T09:49:20Z
836,159,192,tagged,0.775,84,2026-05-13T09:49:20Z,2026-05-13T09:49:20Z
838,410,424,inspired_by,0.836,61,2026-05-13T09:49:20Z,2026-05-13T09:49:20Z
839,177,424,follows,0.657,69,2026-05-13T09:49:20Z,2026-05-13T09:49:20Z
840,401,234,collaborates,0.138,17,2026-05-13T09:49:20Z,2026-05-13T09:49:20Z
841,403,36,mentioned,0.387,85,2026-05-13T09:49:20Z,2026-05-13T09:49:20Z
842,286,119,reshared,0.532,162,2026-05-13T09:49:20Z,2026-05-13T09:49:20Z
843,210,172,tagged,0.444,128,2026-05-13T09:49:20Z,2026-05-13T09:49:20Z
844,191,394,duet,0.953,84,2026-05-13T09:49:20Z,2026-05-13T09:49:20Z
845,387,270,inspired_by,0.596,198,2026-05-13T09:49:20Z,2026-05-13T09:49:20Z
846,261,34,follows,0.771,153,2026-05-13T09:49:20Z,2026-05-13T09:49:20Z
848,163,303,mentioned,0.731,185,2026-05-13T09:49:20Z,2026-05-13T09:49:20Z
849,426,127,reshared,0.652,181,2026-05-13T09:49:20Z,2026-05-13T09:49:20Z
850,310,113,tagged,0.31,186,2026-05-13T09:49:20Z,2026-05-13T09:49:20Z
851,314,72,duet,0.13,45,2026-05-13T09:49:20Z,2026-05-13T09:49:20Z
852,327,377,inspired_by,0.748,30,2026-05-13T09:49:20Z,2026-05-13T09:49:20Z
853,202,84,follows,0.405,69,2026-05-13T09:49:20Z,2026-05-13T09:49:20Z
854,267,387,collaborates,0.865,45,2026-05-13T09:49:20Z,2026-05-13T09:49:20Z
855,477,25,mentioned,0.456,182,2026-05-13T09:49:20Z,2026-05-13T09:49:20Z
856,421,89,reshared,0.766,59,2026-05-13T09:49:20Z,2026-05-13T09:49:20Z
858,16,90,duet,0.413,85,2026-05-13T09:49:20Z,2026-05-13T09:49:20Z
859,342,287,inspired_by,0.294,39,2026-05-13T09:49:20Z,2026-05-13T09:49:20Z
860,410,229,follows,0.922,162,2026-05-13T09:49:20Z,2026-05-13T09:49:20Z
861,155,430,mentioned,0.464,110,2026-05-13T09:49:20Z,2026-05-13T09:49:20Z
862,74,411,reshared,0.377,2,2026-05-13T09:49:20Z,2026-05-13T09:49:20Z
863,403,240,tagged,0.469,194,2026-05-13T09:49:20Z,2026-05-13T09:49:20Z
864,110,121,duet,0.227,116,2026-05-13T09:49:20Z,2026-05-13T09:49:20Z
865,119,342,inspired_by,0.953,14,2026-05-13T09:49:20Z,2026-05-13T09:49:20Z
866,281,53,follows,0.778,111,2026-05-13T09:49:20Z,2026-05-13T09:49:20Z
867,265,186,collaborates,0.328,152,2026-05-13T09:49:20Z,2026-05-13T09:49:20Z
868,18,19,mentioned,0.206,142,2026-05-13T09:49:20Z,2026-05-13T09:49:20Z
869,388,129,reshared,0.758,178,2026-05-13T09:49:20Z,2026-05-13T09:49:20Z
870,64,450,tagged,0.105,74,2026-05-13T09:49:20Z,2026-05-13T09:49:20Z
872,330,411,inspired_by,0.248,91,2026-05-13T09:49:20Z,2026-05-13T09:49:20Z
873,437,384,follows,0.58,97,2026-05-13T09:49:20Z,2026-05-13T09:49:20Z
874,452,404,collaborates,0.661,170,2026-05-13T09:49:20Z,2026-05-13T09:49:20Z
875,124,324,mentioned,0.383,37,2026-05-13T09:49:20Z,2026-05-13T09:49:20Z
876,430,209,reshared,0.748,121,2026-05-13T09:49:20Z,2026-05-13T09:49:20Z
877,369,70,tagged,0.877,71,2026-05-13T09:49:20Z,2026-05-13T09:49:20Z
878,80,72,duet,0.953,149,2026-05-13T09:49:20Z,2026-05-13T09:49:20Z
879,67,51,inspired_by,0.675,49,2026-05-13T09:49:20Z,2026-05-13T09:49:20Z
880,463,451,follows,0.11,85,2026-05-13T09:49:20Z,2026-05-13T09:49:20Z
881,78,387,collaborates,0.322,191,2026-05-13T09:49:20Z,2026-05-13T09:49:20Z
882,423,364,mentioned,0.606,9,2026-05-13T09:49:20Z,2026-05-13T09:49:20Z
883,452,23,reshared,0.167,1,2026-05-13T09:49:20Z,2026-05-13T09:49:20Z
884,168,356,tagged,0.977,52,2026-05-13T09:49:20Z,2026-05-13T09:49:20Z
885,287,10,duet,0.931,166,2026-05-13T09:49:20Z,2026-05-13T09:49:20Z
886,483,56,inspired_by,0.285,5,2026-05-13T09:49:20Z,2026-05-13T09:49:20Z
887,435,85,follows,0.753,172,2026-05-13T09:49:20Z,2026-05-13T09:49:20Z
888,364,312,collaborates,0.352,82,2026-05-13T09:49:20Z,2026-05-13T09:49:20Z
889,219,276,mentioned,0.226,147,2026-05-13T09:49:20Z,2026-05-13T09:49:20Z
890,82,139,reshared,0.684,134,2026-05-13T09:49:20Z,2026-05-13T09:49:20Z
891,92,461,tagged,0.421,100,2026-05-13T09:49:20Z,2026-05-13T09:49:20Z
892,428,453,duet,0.105,143,2026-05-13T09:49:20Z,2026-05-13T09:49:20Z
893,60,276,inspired_by,0.166,185,2026-05-13T09:49:20Z,2026-05-13T09:49:20Z
894,15,107,follows,0.506,9,2026-05-13T09:49:20Z,2026-05-13T09:49:20Z
895,471,478,collaborates,0.836,120,2026-05-13T09:49:20Z,2026-05-13T09:49:20Z
896,185,414,mentioned,0.506,73,2026-05-13T09:49:20Z,2026-05-13T09:49:20Z
898,4,306,tagged,0.934,154,2026-05-13T09:49:20Z,2026-05-13T09:49:20Z
899,471,138,duet,0.4,170,2026-05-13T09:49:20Z,2026-05-13T09:49:20Z
900,18,104,inspired_by,0.768,2,2026-05-13T09:49:20Z,2026-05-13T09:49:20Z
901,360,393,follows,0.809,154,2026-05-13T09:49:20Z,2026-05-13T09:49:20Z
902,418,359,collaborates,0.508,81,2026-05-13T09:49:20Z,2026-05-13T09:49:20Z
903,263,471,mentioned,0.401,108,2026-05-13T09:49:20Z,2026-05-13T09:49:20Z
904,62,49,reshared,0.13,158,2026-05-13T09:49:20Z,2026-05-13T09:49:20Z
905,76,47,tagged,0.108,175,2026-05-13T09:49:20Z,2026-05-13T09:49:20Z
906,268,458,duet,0.539,16,2026-05-13T09:49:20Z,2026-05-13T09:49:20Z
907,414,201,inspired_by,0.802,13,2026-05-13T09:49:20Z,2026-05-13T09:49:20Z
910,282,444,mentioned,0.791,28,2026-05-13T09:49:20Z,2026-05-13T09:49:20Z
911,85,37,reshared,0.144,27,2026-05-13T09:49:20Z,2026-05-13T09:49:20Z
912,355,472,tagged,0.606,23,2026-05-13T09:49:20Z,2026-05-13T09:49:20Z
913,185,169,duet,0.758,116,2026-05-13T09:49:20Z,2026-05-13T09:49:20Z
914,71,114,inspired_by,0.178,115,2026-05-13T09:49:20Z,2026-05-13T09:49:20Z
915,102,279,follows,0.852,56,2026-05-13T09:49:20Z,2026-05-13T09:49:20Z
917,277,346,mentioned,0.791,139,2026-05-13T09:49:20Z,2026-05-13T09:49:20Z
918,2,394,reshared,0.939,65,2026-05-13T09:49:20Z,2026-05-13T09:49:20Z
919,84,29,tagged,0.108,54,2026-05-13T09:49:20Z,2026-05-13T09:49:20Z
920,438,25,duet,0.271,44,2026-05-13T09:49:20Z,2026-05-13T09:49:20Z
921,369,251,inspired_by,0.681,114,2026-05-13T09:49:20Z,2026-05-13T09:49:20Z
922,209,67,follows,0.339,195,2026-05-13T09:49:20Z,2026-05-13T09:49:20Z
923,86,101,collaborates,0.554,100,2026-05-13T09:49:20Z,2026-05-13T09:49:20Z
925,382,401,reshared,0.846,145,2026-05-13T09:49:20Z,2026-05-13T09:49:20Z
928,139,136,inspired_by,0.812,191,2026-05-13T09:49:20Z,2026-05-13T09:49:20Z
929,39,236,follows,0.865,70,2026-05-13T09:49:20Z,2026-05-13T09:49:20Z
930,313,177,collaborates,0.356,147,2026-05-13T09:49:20Z,2026-05-13T09:49:20Z
931,447,134,mentioned,0.276,82,2026-05-13T09:49:20Z,2026-05-13T09:49:20Z
932,326,186,reshared,0.156,189,2026-05-13T09:49:20Z,2026-05-13T09:49:20Z
933,430,411,tagged,0.994,130,2026-05-13T09:49:20Z,2026-05-13T09:49:20Z
934,269,308,duet,0.785,31,2026-05-13T09:49:20Z,2026-05-13T09:49:20Z
935,124,242,inspired_by,0.645,141,2026-05-13T09:49:20Z,2026-05-13T09:49:20Z
936,203,28,follows,0.942,51,2026-05-13T09:49:20Z,2026-05-13T09:49:20Z
937,337,174,collaborates,0.862,9,2026-05-13T09:49:20Z,2026-05-13T09:49:20Z
938,109,359,mentioned,0.526,137,2026-05-13T09:49:20Z,2026-05-13T09:49:20Z
939,44,12,reshared,0.221,85,2026-05-13T09:49:20Z,2026-05-13T09:49:20Z
941,284,413,duet,0.718,165,2026-05-13T09:49:20Z,2026-05-13T09:49:20Z
942,444,272,inspired_by,0.197,66,2026-05-13T09:49:20Z,2026-05-13T09:49:20Z
943,478,224,follows,0.149,10,2026-05-13T09:49:20Z,2026-05-13T09:49:20Z
944,205,108,collaborates,0.99,119,2026-05-13T09:49:20Z,2026-05-13T09:49:20Z
945,308,21,mentioned,0.507,176,2026-05-13T09:49:20Z,2026-05-13T09:49:20Z
946,53,264,reshared,0.671,192,2026-05-13T09:49:20Z,2026-05-13T09:49:20Z
947,423,63,tagged,0.168,84,2026-05-13T09:49:20Z,2026-05-13T09:49:20Z
948,63,125,duet,0.483,165,2026-05-13T09:49:20Z,2026-05-13T09:49:20Z
949,164,144,inspired_by,0.579,63,2026-05-13T09:49:20Z,2026-05-13T09:49:20Z
952,467,228,mentioned,0.354,143,2026-05-13T09:49:20Z,2026-05-13T09:49:20Z
953,32,289,reshared,0.377,196,2026-05-13T09:49:20Z,2026-05-13T09:49:20Z
954,18,63,tagged,0.313,88,2026-05-13T09:49:20Z,2026-05-13T09:49:20Z
955,476,375,duet,0.322,7,2026-05-13T09:49:20Z,2026-05-13T09:49:20Z
957,368,289,follows,0.428,6,2026-05-13T09:49:20Z,2026-05-13T09:49:20Z
958,130,280,collaborates,0.328,87,2026-05-13T09:49:20Z,2026-05-13T09:49:20Z
959,463,268,mentioned,0.571,12,2026-05-13T09:49:20Z,2026-05-13T09:49:20Z
960,491,450,reshared,0.709,185,2026-05-13T09:49:20Z,2026-05-13T09:49:20Z
961,351,188,tagged,0.461,33,2026-05-13T09:49:20Z,2026-05-13T09:49:20Z
962,187,326,duet,0.339,60,2026-05-13T09:49:20Z,2026-05-13T09:49:20Z
963,27,383,inspired_by,0.411,83,2026-05-13T09:49:20Z,2026-05-13T09:49:20Z
964,284,363,follows,0.968,111,2026-05-13T09:49:20Z,2026-05-13T09:49:20Z
965,240,225,collaborates,0.699,43,2026-05-13T09:49:20Z,2026-05-13T09:49:20Z
966,16,263,mentioned,0.235,2,2026-05-13T09:49:20Z,2026-05-13T09:49:20Z
967,65,408,reshared,0.134,7,2026-05-13T09:49:20Z,2026-05-13T09:49:20Z
968,21,449,tagged,0.427,136,2026-05-13T09:49:20Z,2026-05-13T09:49:20Z
969,71,318,duet,0.273,37,2026-05-13T09:49:20Z,2026-05-13T09:49:20Z
971,180,350,follows,0.498,168,2026-05-13T09:49:20Z,2026-05-13T09:49:20Z
972,152,108,collaborates,0.994,86,2026-05-13T09:49:20Z,2026-05-13T09:49:20Z
973,2,93,mentioned,0.343,7,2026-05-13T09:49:20Z,2026-05-13T09:49:20Z
974,222,406,reshared,0.939,169,2026-05-13T09:49:20Z,2026-05-13T09:49:20Z
975,105,216,tagged,0.276,85,2026-05-13T09:49:20Z,2026-05-13T09:49:20Z
976,283,309,duet,0.985,40,2026-05-13T09:49:20Z,2026-05-13T09:49:20Z
977,210,265,inspired_by,0.641,154,2026-05-13T09:49:20Z,2026-05-13T09:49:20Z
978,80,281,follows,0.425,170,2026-05-13T09:49:20Z,2026-05-13T09:49:20Z
979,83,53,collaborates,0.147,68,2026-05-13T09:49:20Z,2026-05-13T09:49:20Z
980,370,71,mentioned,0.493,27,2026-05-13T09:49:20Z,2026-05-13T09:49:20Z
981,10,152,reshared,0.158,99,2026-05-13T09:49:20Z,2026-05-13T09:49:20Z
982,363,145,tagged,0.576,72,2026-05-13T09:49:20Z,2026-05-13T09:49:20Z
983,43,191,duet,0.647,154,2026-05-13T09:49:20Z,2026-05-13T09:49:20Z
984,25,290,inspired_by,0.102,158,2026-05-13T09:49:20Z,2026-05-13T09:49:20Z
985,123,22,follows,0.652,94,2026-05-13T09:49:20Z,2026-05-13T09:49:20Z
986,388,174,collaborates,0.355,34,2026-05-13T09:49:20Z,2026-05-13T09:49:20Z
987,146,159,mentioned,0.435,41,2026-05-13T09:49:20Z,2026-05-13T09:49:20Z
988,476,181,reshared,0.983,47,2026-05-13T09:49:20Z,2026-05-13T09:49:20Z
989,367,128,tagged,0.925,63,2026-05-13T09:49:20Z,2026-05-13T09:49:20Z
990,454,252,duet,0.601,103,2026-05-13T09:49:20Z,2026-05-13T09:49:20Z
991,455,103,inspired_by,0.591,43,2026-05-13T09:49:20Z,2026-05-13T09:49:20Z
992,80,179,follows,0.682,84,2026-05-13T09:49:20Z,2026-05-13T09:49:20Z
995,310,215,reshared,0.729,141,2026-05-13T09:49:20Z,2026-05-13T09:49:20Z
996,326,251,tagged,0.63,166,2026-05-13T09:49:20Z,2026-05-13T09:49:20Z
997,319,258,duet,0.178,194,2026-05-13T09:49:20Z,2026-05-13T09:49:20Z
998,51,275,inspired_by,0.375,35,2026-05-13T09:49:20Z,2026-05-13T09:49:20Z
999,124,79,follows,0.713,190,2026-05-13T09:49:20Z,2026-05-13T09:49:20Z
1000,353,457,collaborates,0.629,89,2026-05-13T09:49:20Z,2026-05-13T09:49:20Z
1001,486,90,mentioned,0.773,93,2026-05-13T09:49:20Z,2026-05-13T09:49:20Z
1002,44,140,reshared,0.591,75,2026-05-13T09:49:20Z,2026-05-13T09:49:20Z
1003,343,303,tagged,0.12,117,2026-05-13T09:49:20Z,2026-05-13T09:49:20Z
1004,11,72,duet,0.412,115,2026-05-13T09:49:20Z,2026-05-13T09:49:20Z
1005,360,311,inspired_by,0.267,53,2026-05-13T09:49:20Z,2026-05-13T09:49:20Z
1006,454,468,follows,0.634,81,2026-05-13T09:49:20Z,2026-05-13T09:49:20Z
1007,406,242,collaborates,0.545,43,2026-05-13T09:49:20Z,2026-05-13T09:49:20Z
1008,320,438,mentioned,0.784,123,2026-05-13T09:49:20Z,2026-05-13T09:49:20Z
1009,304,220,reshared,0.255,150,2026-05-13T09:49:20Z,2026-05-13T09:49:20Z
1010,391,67,tagged,0.289,69,2026-05-13T09:49:20Z,2026-05-13T09:49:20Z
1011,69,54,duet,0.605,25,2026-05-13T09:49:20Z,2026-05-13T09:49:20Z
1012,347,321,inspired_by,0.776,197,2026-05-13T09:49:20Z,2026-05-13T09:49:20Z
1013,389,426,follows,0.293,128,2026-05-13T09:49:20Z,2026-05-13T09:49:20Z
1014,434,89,collaborates,0.864,162,2026-05-13T09:49:20Z,2026-05-13T09:49:20Z
1015,331,119,mentioned,0.711,148,2026-05-13T09:49:20Z,2026-05-13T09:49:20Z
1016,87,151,reshared,0.995,63,2026-05-13T09:49:20Z,2026-05-13T09:49:20Z
1018,138,273,duet,0.928,174,2026-05-13T09:49:20Z,2026-05-13T09:49:20Z
1019,365,367,inspired_by,0.45,125,2026-05-13T09:49:20Z,2026-05-13T09:49:20Z
1021,177,349,collaborates,0.869,107,2026-05-13T09:49:20Z,2026-05-13T09:49:20Z
1023,339,418,reshared,0.543,194,2026-05-13T09:49:20Z,2026-05-13T09:49:20Z
1024,217,101,tagged,0.694,41,2026-05-13T09:49:20Z,2026-05-13T09:49:20Z
1025,149,443,duet,0.947,197,2026-05-13T09:49:20Z,2026-05-13T09:49:20Z
1026,103,330,inspired_by,0.872,107,2026-05-13T09:49:20Z,2026-05-13T09:49:20Z
1028,258,117,collaborates,0.487,7,2026-05-13T09:49:20Z,2026-05-13T09:49:20Z
1029,468,262,mentioned,0.347,50,2026-05-13T09:49:20Z,2026-05-13T09:49:20Z
1030,450,209,reshared,0.646,150,2026-05-13T09:49:20Z,2026-05-13T09:49:20Z
1031,23,409,tagged,0.81,144,2026-05-13T09:49:20Z,2026-05-13T09:49:20Z
1032,374,286,duet,0.166,9,2026-05-13T09:49:20Z,2026-05-13T09:49:20Z
1033,319,163,inspired_by,0.652,162,2026-05-13T09:49:20Z,2026-05-13T09:49:20Z
1034,8,121,follows,0.235,194,2026-05-13T09:49:20Z,2026-05-13T09:49:20Z
1035,154,60,collaborates,0.122,119,2026-05-13T09:49:20Z,2026-05-13T09:49:20Z
1036,417,423,mentioned,0.392,128,2026-05-13T09:49:20Z,2026-05-13T09:49:20Z
1037,189,377,reshared,0.298,71,2026-05-13T09:49:20Z,2026-05-13T09:49:20Z
1038,309,132,tagged,0.957,70,2026-05-13T09:49:20Z,2026-05-13T09:49:20Z
1039,360,359,duet,0.735,193,2026-05-13T09:49:20Z,2026-05-13T09:49:20Z
1040,124,458,inspired_by,0.621,53,2026-05-13T09:49:20Z,2026-05-13T09:49:20Z
1041,459,433,follows,0.372,108,2026-05-13T09:49:20Z,2026-05-13T09:49:20Z
1042,238,285,collaborates,0.105,53,2026-05-13T09:49:20Z,2026-05-13T09:49:20Z
1043,322,147,mentioned,0.86,152,2026-05-13T09:49:20Z,2026-05-13T09:49:20Z
1044,140,458,reshared,0.452,86,2026-05-13T09:49:20Z,2026-05-13T09:49:20Z
1045,294,5,tagged,0.17,78,2026-05-13T09:49:20Z,2026-05-13T09:49:20Z
1046,417,13,duet,0.454,76,2026-05-13T09:49:20Z,2026-05-13T09:49:20Z
1047,30,157,inspired_by,0.803,54,2026-05-13T09:49:20Z,2026-05-13T09:49:20Z
1048,88,358,follows,0.312,49,2026-05-13T09:49:20Z,2026-05-13T09:49:20Z
1049,2,161,collaborates,0.222,66,2026-05-13T09:49:20Z,2026-05-13T09:49:20Z
1050,216,162,mentioned,0.913,8,2026-05-13T09:49:20Z,2026-05-13T09:49:20Z
1051,59,449,tagged,0.279,69,2026-05-13T09:49:20Z,2026-05-13T09:49:20Z
1052,382,162,duet,0.765,156,2026-05-13T09:49:20Z,2026-05-13T09:49:20Z
1053,175,50,inspired_by,0.961,194,2026-05-13T09:49:20Z,2026-05-13T09:49:20Z
1054,316,488,follows,0.28,17,2026-05-13T09:49:20Z,2026-05-13T09:49:20Z
1056,251,323,mentioned,0.662,196,2026-05-13T09:49:20Z,2026-05-13T09:49:20Z
1057,47,356,reshared,0.334,59,2026-05-13T09:49:20Z,2026-05-13T09:49:20Z
1058,229,326,tagged,0.166,40,2026-05-13T09:49:20Z,2026-05-13T09:49:20Z
1059,149,23,duet,0.432,34,2026-05-13T09:49:20Z,2026-05-13T09:49:20Z
1060,349,393,inspired_by,0.192,28,2026-05-13T09:49:20Z,2026-05-13T09:49:20Z
1061,181,67,follows,0.731,175,2026-05-13T09:49:20Z,2026-05-13T09:49:20Z
1063,488,368,mentioned,0.613,83,2026-05-13T09:49:20Z,2026-05-13T09:49:20Z
1064,341,339,reshared,0.14,43,2026-05-13T09:49:20Z,2026-05-13T09:49:20Z
1065,314,226,tagged,0.674,49,2026-05-13T09:49:20Z,2026-05-13T09:49:20Z
1067,72,161,inspired_by,0.227,70,2026-05-13T09:49:20Z,2026-05-13T09:49:20Z
1068,389,149,follows,0.299,35,2026-05-13T09:49:20Z,2026-05-13T09:49:20Z
1069,392,5,collaborates,0.207,149,2026-05-13T09:49:20Z,2026-05-13T09:49:20Z
1070,422,17,mentioned,0.929,18,2026-05-13T09:49:20Z,2026-05-13T09:49:20Z
1071,232,408,reshared,0.737,32,2026-05-13T09:49:20Z,2026-05-13T09:49:20Z
1072,173,58,tagged,0.47,188,2026-05-13T09:49:20Z,2026-05-13T09:49:20Z
1075,227,414,follows,0.307,7,2026-05-13T09:49:20Z,2026-05-13T09:49:20Z
1077,372,339,mentioned,0.245,111,2026-05-13T09:49:20Z,2026-05-13T09:49:20Z
1078,356,475,reshared,0.373,23,2026-05-13T09:49:20Z,2026-05-13T09:49:20Z
1079,142,171,tagged,0.462,69,2026-05-13T09:49:20Z,2026-05-13T09:49:20Z
1080,457,193,duet,0.639,130,2026-05-13T09:49:20Z,2026-05-13T09:49:20Z
1081,164,272,inspired_by,0.147,80,2026-05-13T09:49:20Z,2026-05-13T09:49:20Z
1082,189,8,follows,0.717,52,2026-05-13T09:49:20Z,2026-05-13T09:49:20Z
1083,418,172,collaborates,0.801,73,2026-05-13T09:49:20Z,2026-05-13T09:49:20Z
1084,327,17,mentioned,0.891,46,2026-05-13T09:49:20Z,2026-05-13T09:49:20Z
1085,256,427,reshared,0.742,15,2026-05-13T09:49:20Z,2026-05-13T09:49:20Z
1086,41,351,tagged,0.146,158,2026-05-13T09:49:20Z,2026-05-13T09:49:20Z
1088,233,194,inspired_by,0.248,159,2026-05-13T09:49:20Z,2026-05-13T09:49:20Z
1089,195,139,follows,0.489,177,2026-05-13T09:49:20Z,2026-05-13T09:49:20Z
1090,318,393,collaborates,0.143,121,2026-05-13T09:49:20Z,2026-05-13T09:49:20Z
1091,19,462,mentioned,0.924,78,2026-05-13T09:49:20Z,2026-05-13T09:49:20Z
1092,491,90,reshared,0.406,161,2026-05-13T09:49:20Z,2026-05-13T09:49:20Z
1093,106,57,tagged,0.475,3,2026-05-13T09:49:20Z,2026-05-13T09:49:20Z
1094,53,320,duet,0.501,137,2026-05-13T09:49:20Z,2026-05-13T09:49:20Z
1095,181,47,inspired_by,0.947,171,2026-05-13T09:49:20Z,2026-05-13T09:49:20Z
1096,202,418,follows,0.147,50,2026-05-13T09:49:20Z,2026-05-13T09:49:20Z
1097,310,104,collaborates,0.326,62,2026-05-13T09:49:20Z,2026-05-13T09:49:20Z
1098,409,456,mentioned,0.853,112,2026-05-13T09:49:20Z,2026-05-13T09:49:20Z
1100,441,193,tagged,0.643,114,2026-05-13T09:49:20Z,2026-05-13T09:49:20Z
1101,457,226,duet,0.597,116,2026-05-13T09:49:20Z,2026-05-13T09:49:20Z
1103,185,184,follows,0.772,12,2026-05-13T09:49:20Z,2026-05-13T09:49:20Z
1104,319,50,collaborates,0.869,133,2026-05-13T09:49:20Z,2026-05-13T09:49:20Z
1105,75,82,mentioned,0.73,166,2026-05-13T09:49:20Z,2026-05-13T09:49:20Z
1106,54,87,reshared,0.43,6,2026-05-13T09:49:20Z,2026-05-13T09:49:20Z
1107,365,433,tagged,0.186,1,2026-05-13T09:49:20Z,2026-05-13T09:49:20Z
1108,21,24,duet,0.331,60,2026-05-13T09:49:20Z,2026-05-13T09:49:20Z
1109,273,242,inspired_by,0.496,91,2026-05-13T09:49:20Z,2026-05-13T09:49:20Z
1110,226,262,follows,0.109,2,2026-05-13T09:49:20Z,2026-05-13T09:49:20Z
1111,287,490,collaborates,0.432,96,2026-05-13T09:49:20Z,2026-05-13T09:49:20Z
1112,14,340,mentioned,0.303,192,2026-05-13T09:49:20Z,2026-05-13T09:49:20Z
1113,390,81,reshared,0.924,2,2026-05-13T09:49:20Z,2026-05-13T09:49:20Z
1114,279,477,tagged,0.635,134,2026-05-13T09:49:20Z,2026-05-13T09:49:20Z
1115,168,318,duet,0.626,18,2026-05-13T09:49:20Z,2026-05-13T09:49:20Z
1116,324,363,inspired_by,0.154,186,2026-05-13T09:49:20Z,2026-05-13T09:49:20Z
1117,425,92,follows,0.561,22,2026-05-13T09:49:20Z,2026-05-13T09:49:20Z
1118,311,425,collaborates,0.707,147,2026-05-13T09:49:20Z,2026-05-13T09:49:20Z
1119,81,34,mentioned,0.382,28,2026-05-13T09:49:20Z,2026-05-13T09:49:20Z
1120,426,292,reshared,0.987,107,2026-05-13T09:49:20Z,2026-05-13T09:49:20Z
1121,22,6,tagged,0.108,122,2026-05-13T09:49:20Z,2026-05-13T09:49:20Z
1122,9,418,duet,0.972,179,2026-05-13T09:49:20Z,2026-05-13T09:49:20Z
1123,69,12,inspired_by,0.588,24,2026-05-13T09:49:20Z,2026-05-13T09:49:20Z
1124,133,35,follows,0.943,90,2026-05-13T09:49:20Z,2026-05-13T09:49:20Z
1125,91,433,collaborates,0.63,132,2026-05-13T09:49:20Z,2026-05-13T09:49:20Z
1126,273,442,mentioned,0.726,191,2026-05-13T09:49:20Z,2026-05-13T09:49:20Z
1127,115,113,reshared,0.228,87,2026-05-13T09:49:20Z,2026-05-13T09:49:20Z
1128,277,286,tagged,0.288,77,2026-05-13T09:49:20Z,2026-05-13T09:49:20Z
1129,324,292,duet,0.727,135,2026-05-13T09:49:20Z,2026-05-13T09:49:20Z
1130,290,15,inspired_by,0.843,2,2026-05-13T09:49:20Z,2026-05-13T09:49:20Z
1131,104,28,follows,0.303,180,2026-05-13T09:49:20Z,2026-05-13T09:49:20Z
1132,459,301,collaborates,0.266,70,2026-05-13T09:49:20Z,2026-05-13T09:49:20Z
1133,467,444,mentioned,0.817,84,2026-05-13T09:49:20Z,2026-05-13T09:49:20Z
1135,119,75,tagged,0.14,116,2026-05-13T09:49:20Z,2026-05-13T09:49:20Z
1136,213,88,duet,0.351,159,2026-05-13T09:49:20Z,2026-05-13T09:49:20Z
1137,303,118,inspired_by,0.814,172,2026-05-13T09:49:20Z,2026-05-13T09:49:20Z
1138,49,375,follows,0.509,79,2026-05-13T09:49:20Z,2026-05-13T09:49:20Z
1140,252,433,mentioned,0.374,37,2026-05-13T09:49:20Z,2026-05-13T09:49:20Z
1141,65,462,reshared,0.87,12,2026-05-13T09:49:20Z,2026-05-13T09:49:20Z
1142,129,346,tagged,0.695,179,2026-05-13T09:49:20Z,2026-05-13T09:49:20Z
1143,366,364,duet,0.33,5,2026-05-13T09:49:20Z,2026-05-13T09:49:20Z
1144,102,52,inspired_by,0.823,165,2026-05-13T09:49:20Z,2026-05-13T09:49:20Z
1145,145,10,follows,0.787,7,2026-05-13T09:49:20Z,2026-05-13T09:49:20Z
1146,184,314,collaborates,0.767,177,2026-05-13T09:49:20Z,2026-05-13T09:49:20Z
1147,353,178,mentioned,0.919,1,2026-05-13T09:49:20Z,2026-05-13T09:49:20Z
1148,277,393,reshared,0.513,75,2026-05-13T09:49:20Z,2026-05-13T09:49:20Z
1149,45,442,tagged,0.672,139,2026-05-13T09:49:20Z,2026-05-13T09:49:20Z
1150,433,462,duet,0.727,72,2026-05-13T09:49:20Z,2026-05-13T09:49:20Z
1151,482,25,inspired_by,0.892,61,2026-05-13T09:49:20Z,2026-05-13T09:49:20Z
1152,427,127,follows,0.298,47,2026-05-13T09:49:20Z,2026-05-13T09:49:20Z
1153,410,161,collaborates,0.568,177,2026-05-13T09:49:20Z,2026-05-13T09:49:20Z
1154,256,23,mentioned,0.162,169,2026-05-13T09:49:20Z,2026-05-13T09:49:20Z
1155,148,376,reshared,0.154,165,2026-05-13T09:49:20Z,2026-05-13T09:49:20Z
1157,315,438,duet,0.743,18,2026-05-13T09:49:20Z,2026-05-13T09:49:20Z
1159,34,316,follows,0.404,49,2026-05-13T09:49:20Z,2026-05-13T09:49:20Z
1160,441,473,collaborates,0.206,110,2026-05-13T09:49:20Z,2026-05-13T09:49:20Z
1161,339,212,mentioned,0.902,17,2026-05-13T09:49:20Z,2026-05-13T09:49:20Z
1162,415,260,reshared,0.299,78,2026-05-13T09:49:20Z,2026-05-13T09:49:20Z
1163,327,342,tagged,0.568,77,2026-05-13T09:49:20Z,2026-05-13T09:49:20Z
1164,30,476,duet,0.276,124,2026-05-13T09:49:20Z,2026-05-13T09:49:20Z
1165,463,293,inspired_by,0.454,182,2026-05-13T09:49:20Z,2026-05-13T09:49:20Z
1166,373,201,follows,0.556,180,2026-05-13T09:49:20Z,2026-05-13T09:49:20Z
1167,477,422,collaborates,0.216,84,2026-05-13T09:49:20Z,2026-05-13T09:49:20Z
1168,4,92,mentioned,0.459,197,2026-05-13T09:49:20Z,2026-05-13T09:49:20Z
1170,318,242,tagged,0.303,61,2026-05-13T09:49:20Z,2026-05-13T09:49:20Z
1171,289,116,duet,0.525,21,2026-05-13T09:49:20Z,2026-05-13T09:49:20Z
1172,231,188,inspired_by,0.906,2,2026-05-13T09:49:20Z,2026-05-13T09:49:20Z
1173,117,359,follows,0.241,131,2026-05-13T09:49:20Z,2026-05-13T09:49:20Z
1174,182,307,collaborates,0.507,132,2026-05-13T09:49:20Z,2026-05-13T09:49:20Z
1175,142,10,mentioned,0.551,170,2026-05-13T09:49:20Z,2026-05-13T09:49:20Z
1176,352,305,reshared,0.443,172,2026-05-13T09:49:20Z,2026-05-13T09:49:20Z
1177,318,211,tagged,0.758,141,2026-05-13T09:49:20Z,2026-05-13T09:49:20Z
1178,227,207,duet,0.934,106,2026-05-13T09:49:20Z,2026-05-13T09:49:20Z
1179,408,426,inspired_by,0.116,46,2026-05-13T09:49:20Z,2026-05-13T09:49:20Z
1181,290,140,collaborates,0.167,76,2026-05-13T09:49:20Z,2026-05-13T09:49:20Z
1183,477,201,reshared,0.28,73,2026-05-13T09:49:20Z,2026-05-13T09:49:20Z
1185,326,101,duet,0.83,185,2026-05-13T09:49:20Z,2026-05-13T09:49:20Z
1186,395,404,inspired_by,0.584,14,2026-05-13T09:49:20Z,2026-05-13T09:49:20Z
1187,294,86,follows,0.896,32,2026-05-13T09:49:20Z,2026-05-13T09:49:20Z
1188,13,179,collaborates,0.881,175,2026-05-13T09:49:20Z,2026-05-13T09:49:20Z
1189,150,283,mentioned,0.307,105,2026-05-13T09:49:20Z,2026-05-13T09:49:20Z
1190,232,15,reshared,0.409,123,2026-05-13T09:49:20Z,2026-05-13T09:49:20Z
1191,412,458,tagged,0.162,114,2026-05-13T09:49:20Z,2026-05-13T09:49:20Z
1192,14,46,duet,0.785,98,2026-05-13T09:49:20Z,2026-05-13T09:49:20Z
1193,35,408,inspired_by,0.241,119,2026-05-13T09:49:20Z,2026-05-13T09:49:20Z
1194,110,221,follows,0.348,38,2026-05-13T09:49:20Z,2026-05-13T09:49:20Z
1195,226,471,collaborates,0.583,167,2026-05-13T09:49:20Z,2026-05-13T09:49:20Z
1196,105,254,mentioned,0.424,55,2026-05-13T09:49:20Z,2026-05-13T09:49:20Z
1197,484,211,reshared,0.899,116,2026-05-13T09:49:20Z,2026-05-13T09:49:20Z
1198,313,251,tagged,0.863,100,2026-05-13T09:49:20Z,2026-05-13T09:49:20Z
1199,67,432,duet,0.551,166,2026-05-13T09:49:20Z,2026-05-13T09:49:20Z
1200,449,147,inspired_by,0.603,133,2026-05-13T09:49:20Z,2026-05-13T09:49:20Z
1201,2,21,follows,0.777,50,2026-05-13T09:49:20Z,2026-05-13T09:49:20Z
1203,263,377,mentioned,0.427,137,2026-05-13T09:49:20Z,2026-05-13T09:49:20Z
1204,269,346,reshared,0.901,164,2026-05-13T09:49:20Z,2026-05-13T09:49:20Z
1205,178,470,tagged,0.24,133,2026-05-13T09:49:20Z,2026-05-13T09:49:20Z
1207,348,324,inspired_by,0.482,28,2026-05-13T09:49:20Z,2026-05-13T09:49:20Z
1208,367,410,follows,0.868,92,2026-05-13T09:49:20Z,2026-05-13T09:49:20Z
1209,491,142,collaborates,0.178,5,2026-05-13T09:49:20Z,2026-05-13T09:49:20Z
1210,324,208,mentioned,0.134,104,2026-05-13T09:49:20Z,2026-05-13T09:49:20Z
1212,106,363,tagged,0.389,99,2026-05-13T09:49:20Z,2026-05-13T09:49:20Z
1213,411,323,duet,0.547,103,2026-05-13T09:49:20Z,2026-05-13T09:49:20Z
1214,446,271,inspired_by,0.886,142,2026-05-13T09:49:20Z,2026-05-13T09:49:20Z
1215,344,88,follows,0.448,112,2026-05-13T09:49:20Z,2026-05-13T09:49:20Z
1216,480,450,collaborates,0.303,107,2026-05-13T09:49:20Z,2026-05-13T09:49:20Z
1217,27,221,mentioned,0.738,41,2026-05-13T09:49:20Z,2026-05-13T09:49:20Z
1218,63,456,reshared,0.406,111,2026-05-13T09:49:20Z,2026-05-13T09:49:20Z
1219,103,208,tagged,0.864,163,2026-05-13T09:49:20Z,2026-05-13T09:49:20Z
1220,171,154,duet,0.733,109,2026-05-13T09:49:20Z,2026-05-13T09:49:20Z
1221,155,453,inspired_by,0.688,131,2026-05-13T09:49:20Z,2026-05-13T09:49:20Z
1222,189,358,follows,0.257,140,2026-05-13T09:49:20Z,2026-05-13T09:49:20Z
1223,229,233,collaborates,0.625,127,2026-05-13T09:49:20Z,2026-05-13T09:49:20Z
1224,167,130,mentioned,0.147,50,2026-05-13T09:49:20Z,2026-05-13T09:49:20Z
1225,345,480,reshared,0.45,68,2026-05-13T09:49:20Z,2026-05-13T09:49:20Z
1226,327,325,tagged,0.149,10,2026-05-13T09:49:20Z,2026-05-13T09:49:20Z
1227,39,170,duet,0.399,51,2026-05-13T09:49:20Z,2026-05-13T09:49:20Z
1228,424,284,inspired_by,0.331,3,2026-05-13T09:49:20Z,2026-05-13T09:49:20Z
1229,49,20,follows,0.292,72,2026-05-13T09:49:20Z,2026-05-13T09:49:20Z
1231,454,144,mentioned,0.857,93,2026-05-13T09:49:20Z,2026-05-13T09:49:20Z
1232,94,193,reshared,0.826,182,2026-05-13T09:49:20Z,2026-05-13T09:49:20Z
1234,479,372,duet,0.631,79,2026-05-13T09:49:20Z,2026-05-13T09:49:20Z
1235,132,484,inspired_by,0.919,50,2026-05-13T09:49:20Z,2026-05-13T09:49:20Z
1236,150,212,follows,0.742,113,2026-05-13T09:49:20Z,2026-05-13T09:49:20Z
1237,252,391,collaborates,0.998,196,2026-05-13T09:49:20Z,2026-05-13T09:49:20Z
1238,326,140,mentioned,0.794,125,2026-05-13T09:49:20Z,2026-05-13T09:49:20Z
1239,132,113,reshared,0.827,171,2026-05-13T09:49:20Z,2026-05-13T09:49:20Z
1240,27,423,tagged,0.96,96,2026-05-13T09:49:20Z,2026-05-13T09:49:20Z
1241,287,241,duet,0.34,167,2026-05-13T09:49:20Z,2026-05-13T09:49:20Z
1242,165,417,inspired_by,0.468,74,2026-05-13T09:49:20Z,2026-05-13T09:49:20Z
1243,12,61,follows,0.649,189,2026-05-13T09:49:20Z,2026-05-13T09:49:20Z
1244,408,465,collaborates,0.178,87,2026-05-13T09:49:20Z,2026-05-13T09:49:20Z
1245,44,412,mentioned,0.504,170,2026-05-13T09:49:20Z,2026-05-13T09:49:20Z
1246,332,284,reshared,0.582,133,2026-05-13T09:49:20Z,2026-05-13T09:49:20Z
1247,230,474,tagged,0.88,6,2026-05-13T09:49:20Z,2026-05-13T09:49:20Z
1248,304,269,duet,0.885,170,2026-05-13T09:49:20Z,2026-05-13T09:49:20Z
1249,233,87,inspired_by,0.178,128,2026-05-13T09:49:20Z,2026-05-13T09:49:20Z
1250,137,61,follows,0.939,107,2026-05-13T09:49:20Z,2026-05-13T09:49:20Z
1252,113,421,mentioned,0.153,71,2026-05-13T09:49:20Z,2026-05-13T09:49:20Z
1253,34,126,reshared,0.737,146,2026-05-13T09:49:20Z,2026-05-13T09:49:20Z
1254,216,241,tagged,0.23,10,2026-05-13T09:49:20Z,2026-05-13T09:49:20Z
1255,223,66,duet,0.88,190,2026-05-13T09:49:20Z,2026-05-13T09:49:20Z
1256,194,138,inspired_by,0.295,100,2026-05-13T09:49:20Z,2026-05-13T09:49:20Z
1257,147,342,follows,0.628,22,2026-05-13T09:49:20Z,2026-05-13T09:49:20Z
1258,34,10,collaborates,0.973,2,2026-05-13T09:49:20Z,2026-05-13T09:49:20Z
1259,219,187,mentioned,0.412,181,2026-05-13T09:49:20Z,2026-05-13T09:49:20Z
1260,214,292,reshared,0.12,107,2026-05-13T09:49:20Z,2026-05-13T09:49:20Z
1261,109,283,tagged,0.782,12,2026-05-13T09:49:20Z,2026-05-13T09:49:20Z
1262,19,8,duet,0.91,185,2026-05-13T09:49:20Z,2026-05-13T09:49:20Z
1263,153,468,inspired_by,0.633,134,2026-05-13T09:49:20Z,2026-05-13T09:49:20Z
1265,149,255,collaborates,0.642,60,2026-05-13T09:49:20Z,2026-05-13T09:49:20Z
1266,430,15,mentioned,0.427,103,2026-05-13T09:49:20Z,2026-05-13T09:49:20Z
1267,313,27,reshared,0.672,174,2026-05-13T09:49:20Z,2026-05-13T09:49:20Z
1268,42,82,tagged,0.627,135,2026-05-13T09:49:20Z,2026-05-13T09:49:20Z
1269,349,307,duet,0.11,86,2026-05-13T09:49:20Z,2026-05-13T09:49:20Z
1270,146,58,inspired_by,0.483,122,2026-05-13T09:49:20Z,2026-05-13T09:49:20Z
1271,319,89,follows,0.803,95,2026-05-13T09:49:20Z,2026-05-13T09:49:20Z
1272,83,3,collaborates,0.302,149,2026-05-13T09:49:20Z,2026-05-13T09:49:20Z
1273,441,466,mentioned,0.284,62,2026-05-13T09:49:20Z,2026-05-13T09:49:20Z
1274,307,190,reshared,0.145,171,2026-05-13T09:49:20Z,2026-05-13T09:49:20Z
1275,310,194,tagged,0.939,25,2026-05-13T09:49:20Z,2026-05-13T09:49:20Z
1276,90,239,duet,0.641,4,2026-05-13T09:49:20Z,2026-05-13T09:49:20Z
1278,131,226,follows,0.844,190,2026-05-13T09:49:20Z,2026-05-13T09:49:20Z
1279,343,189,collaborates,0.794,9,2026-05-13T09:49:20Z,2026-05-13T09:49:20Z
1280,17,289,mentioned,0.336,106,2026-05-13T09:49:20Z,2026-05-13T09:49:20Z
1281,2,413,reshared,0.266,141,2026-05-13T09:49:20Z,2026-05-13T09:49:20Z
1282,272,312,tagged,0.577,68,2026-05-13T09:49:20Z,2026-05-13T09:49:20Z
1283,9,463,duet,0.597,96,2026-05-13T09:49:20Z,2026-05-13T09:49:20Z
1285,385,434,follows,0.256,87,2026-05-13T09:49:20Z,2026-05-13T09:49:20Z
1286,228,25,collaborates,0.729,119,2026-05-13T09:49:20Z,2026-05-13T09:49:20Z
1287,164,479,mentioned,0.419,131,2026-05-13T09:49:20Z,2026-05-13T09:49:20Z
1288,478,153,reshared,0.45,126,2026-05-13T09:49:20Z,2026-05-13T09:49:20Z
1289,115,58,tagged,0.847,147,2026-05-13T09:49:20Z,2026-05-13T09:49:20Z
1290,59,65,duet,0.422,119,2026-05-13T09:49:20Z,2026-05-13T09:49:20Z
1291,269,322,inspired_by,0.263,173,2026-05-13T09:49:20Z,2026-05-13T09:49:20Z
1292,239,224,follows,0.259,96,2026-05-13T09:49:20Z,2026-05-13T09:49:20Z
1293,132,464,collaborates,0.53,99,2026-05-13T09:49:20Z,2026-05-13T09:49:20Z
1294,314,472,mentioned,0.214,67,2026-05-13T09:49:20Z,2026-05-13T09:49:20Z
1295,401,265,reshared,0.429,105,2026-05-13T09:49:20Z,2026-05-13T09:49:20Z
1296,465,451,tagged,0.974,51,2026-05-13T09:49:20Z,2026-05-13T09:49:20Z
1297,30,188,duet,0.294,144,2026-05-13T09:49:20Z,2026-05-13T09:49:20Z
1298,78,484,inspired_by,0.839,66,2026-05-13T09:49:20Z,2026-05-13T09:49:20Z
1299,265,175,follows,0.372,190,2026-05-13T09:49:20Z,2026-05-13T09:49:20Z
1301,452,409,mentioned,0.238,122,2026-05-13T09:49:20Z,2026-05-13T09:49:20Z
1302,134,253,reshared,0.971,10,2026-05-13T09:49:20Z,2026-05-13T09:49:20Z
1304,25,162,duet,0.862,121,2026-05-13T09:49:20Z,2026-05-13T09:49:20Z
1305,19,195,inspired_by,0.63,129,2026-05-13T09:49:20Z,2026-05-13T09:49:20Z
1306,216,490,follows,0.828,161,2026-05-13T09:49:20Z,2026-05-13T09:49:20Z
1307,147,384,collaborates,0.502,29,2026-05-13T09:49:20Z,2026-05-13T09:49:20Z
1309,183,255,reshared,0.222,44,2026-05-13T09:49:20Z,2026-05-13T09:49:20Z
1310,213,462,tagged,0.37,143,2026-05-13T09:49:20Z,2026-05-13T09:49:20Z
1311,284,234,duet,0.808,42,2026-05-13T09:49:20Z,2026-05-13T09:49:20Z
1312,155,328,inspired_by,0.94,115,2026-05-13T09:49:20Z,2026-05-13T09:49:20Z
1313,369,438,follows,0.635,189,2026-05-13T09:49:20Z,2026-05-13T09:49:20Z
1314,429,434,collaborates,0.465,44,2026-05-13T09:49:20Z,2026-05-13T09:49:20Z
1315,302,295,mentioned,0.779,22,2026-05-13T09:49:20Z,2026-05-13T09:49:20Z
1316,352,444,reshared,0.806,6,2026-05-13T09:49:20Z,2026-05-13T09:49:20Z
1317,351,195,tagged,0.355,97,2026-05-13T09:49:20Z,2026-05-13T09:49:20Z
1318,132,73,duet,0.388,123,2026-05-13T09:49:20Z,2026-05-13T09:49:20Z
1319,429,185,inspired_by,0.867,151,2026-05-13T09:49:20Z,2026-05-13T09:49:20Z
1320,327,365,follows,0.445,10,2026-05-13T09:49:20Z,2026-05-13T09:49:20Z
1321,331,21,collaborates,0.18,141,2026-05-13T09:49:20Z,2026-05-13T09:49:20Z
1322,41,167,mentioned,0.959,197,2026-05-13T09:49:20Z,2026-05-13T09:49:20Z
1323,59,437,reshared,0.394,30,2026-05-13T09:49:20Z,2026-05-13T09:49:20Z
1324,414,42,tagged,0.769,59,2026-05-13T09:49:20Z,2026-05-13T09:49:20Z
1325,428,35,duet,0.721,116,2026-05-13T09:49:20Z,2026-05-13T09:49:20Z
1326,401,125,inspired_by,0.274,125,2026-05-13T09:49:20Z,2026-05-13T09:49:20Z
1327,132,220,follows,0.729,107,2026-05-13T09:49:20Z,2026-05-13T09:49:20Z
1328,307,388,collaborates,0.342,57,2026-05-13T09:49:20Z,2026-05-13T09:49:20Z
1329,315,414,mentioned,0.834,159,2026-05-13T09:49:20Z,2026-05-13T09:49:20Z
1330,119,363,reshared,0.112,166,2026-05-13T09:49:20Z,2026-05-13T09:49:20Z
1332,115,32,duet,0.917,149,2026-05-13T09:49:20Z,2026-05-13T09:49:20Z
1333,219,267,inspired_by,0.402,96,2026-05-13T09:49:20Z,2026-05-13T09:49:20Z
1334,490,283,follows,0.707,187,2026-05-13T09:49:20Z,2026-05-13T09:49:20Z
1335,240,387,collaborates,0.32,141,2026-05-13T09:49:20Z,2026-05-13T09:49:20Z
1336,64,110,mentioned,0.344,152,2026-05-13T09:49:20Z,2026-05-13T09:49:20Z
1337,360,70,reshared,0.953,17,2026-05-13T09:49:20Z,2026-05-13T09:49:20Z
1338,405,372,tagged,0.213,32,2026-05-13T09:49:20Z,2026-05-13T09:49:20Z
1339,335,158,duet,0.722,10,2026-05-13T09:49:20Z,2026-05-13T09:49:20Z
1340,157,50,inspired_by,0.431,142,2026-05-13T09:49:20Z,2026-05-13T09:49:20Z
1341,486,18,follows,0.114,124,2026-05-13T09:49:20Z,2026-05-13T09:49:20Z
1342,180,464,collaborates,0.303,26,2026-05-13T09:49:20Z,2026-05-13T09:49:20Z
1343,310,30,mentioned,0.556,74,2026-05-13T09:49:20Z,2026-05-13T09:49:20Z
1344,473,141,reshared,0.635,4,2026-05-13T09:49:20Z,2026-05-13T09:49:20Z
1345,370,284,tagged,0.274,12,2026-05-13T09:49:20Z,2026-05-13T09:49:20Z
1346,403,17,duet,0.911,26,2026-05-13T09:49:20Z,2026-05-13T09:49:20Z
1347,424,14,inspired_by,0.574,63,2026-05-13T09:49:20Z,2026-05-13T09:49:20Z
1348,333,21,follows,0.687,95,2026-05-13T09:49:20Z,2026-05-13T09:49:20Z
1349,405,128,collaborates,0.396,99,2026-05-13T09:49:20Z,2026-05-13T09:49:20Z
1352,21,354,tagged,0.257,87,2026-05-13T09:49:20Z,2026-05-13T09:49:20Z
1353,442,435,duet,0.193,28,2026-05-13T09:49:20Z,2026-05-13T09:49:20Z
1354,66,133,inspired_by,0.854,170,2026-05-13T09:49:20Z,2026-05-13T09:49:20Z
1355,31,267,follows,0.942,9,2026-05-13T09:49:20Z,2026-05-13T09:49:20Z
1356,484,431,collaborates,0.643,91,2026-05-13T09:49:20Z,2026-05-13T09:49:20Z
1357,157,410,mentioned,0.878,26,2026-05-13T09:49:20Z,2026-05-13T09:49:20Z
1358,385,238,reshared,0.442,190,2026-05-13T09:49:20Z,2026-05-13T09:49:20Z
1359,16,319,tagged,0.858,172,2026-05-13T09:49:20Z,2026-05-13T09:49:20Z
1360,370,37,duet,0.603,152,2026-05-13T09:49:20Z,2026-05-13T09:49:20Z
1361,448,309,inspired_by,0.507,162,2026-05-13T09:49:20Z,2026-05-13T09:49:20Z
1362,153,241,follows,0.394,177,2026-05-13T09:49:20Z,2026-05-13T09:49:20Z
1363,394,130,collaborates,0.582,31,2026-05-13T09:49:20Z,2026-05-13T09:49:20Z
1365,142,157,reshared,0.923,165,2026-05-13T09:49:20Z,2026-05-13T09:49:20Z
1367,262,465,duet,0.101,177,2026-05-13T09:49:20Z,2026-05-13T09:49:20Z
1368,170,195,inspired_by,0.653,194,2026-05-13T09:49:20Z,2026-05-13T09:49:20Z
1369,84,191,follows,0.866,60,2026-05-13T09:49:20Z,2026-05-13T09:49:20Z
1370,181,457,collaborates,0.405,25,2026-05-13T09:49:20Z,2026-05-13T09:49:20Z
1373,476,372,tagged,0.718,191,2026-05-13T09:49:20Z,2026-05-13T09:49:20Z
1374,309,465,duet,0.725,89,2026-05-13T09:49:20Z,2026-05-13T09:49:20Z
1375,282,223,inspired_by,0.725,131,2026-05-13T09:49:20Z,2026-05-13T09:49:20Z
1376,436,462,follows,0.873,194,2026-05-13T09:49:20Z,2026-05-13T09:49:20Z
1377,321,190,collaborates,0.504,148,2026-05-13T09:49:20Z,2026-05-13T09:49:20Z
1378,208,76,mentioned,0.678,78,2026-05-13T09:49:20Z,2026-05-13T09:49:20Z
1380,369,424,tagged,0.327,100,2026-05-13T09:49:20Z,2026-05-13T09:49:20Z
1381,345,338,duet,0.856,194,2026-05-13T09:49:20Z,2026-05-13T09:49:20Z
1382,169,152,inspired_by,0.476,149,2026-05-13T09:49:20Z,2026-05-13T09:49:20Z
1383,414,268,follows,0.958,51,2026-05-13T09:49:20Z,2026-05-13T09:49:20Z
1385,386,359,mentioned,0.909,80,2026-05-13T09:49:20Z,2026-05-13T09:49:20Z
1386,173,58,reshared,0.737,137,2026-05-13T09:49:20Z,2026-05-13T09:49:20Z
1387,468,329,tagged,0.221,76,2026-05-13T09:49:20Z,2026-05-13T09:49:20Z
1389,70,263,inspired_by,0.666,46,2026-05-13T09:49:20Z,2026-05-13T09:49:20Z
1390,123,136,follows,0.746,99,2026-05-13T09:49:20Z,2026-05-13T09:49:20Z
1392,173,361,mentioned,0.224,101,2026-05-13T09:49:20Z,2026-05-13T09:49:20Z
1393,455,433,reshared,0.622,21,2026-05-13T09:49:20Z,2026-05-13T09:49:20Z
1394,481,472,tagged,0.269,131,2026-05-13T09:49:20Z,2026-05-13T09:49:20Z
1395,176,479,duet,0.417,31,2026-05-13T09:49:20Z,2026-05-13T09:49:20Z
1396,125,179,inspired_by,0.119,196,2026-05-13T09:49:20Z,2026-05-13T09:49:20Z
1397,40,286,follows,0.536,24,2026-05-13T09:49:20Z,2026-05-13T09:49:20Z
1399,65,440,mentioned,0.724,140,2026-05-13T09:49:20Z,2026-05-13T09:49:20Z
1400,419,416,reshared,0.273,175,2026-05-13T09:49:20Z,2026-05-13T09:49:20Z
1401,270,351,tagged,0.531,157,2026-05-13T09:49:20Z,2026-05-13T09:49:20Z
1402,445,66,duet,0.937,100,2026-05-13T09:49:20Z,2026-05-13T09:49:20Z
1404,315,363,follows,0.53,3,2026-05-13T09:49:20Z,2026-05-13T09:49:20Z
1405,483,236,collaborates,0.471,165,2026-05-13T09:49:20Z,2026-05-13T09:49:20Z
1406,268,188,mentioned,0.3,12,2026-05-13T09:49:20Z,2026-05-13T09:49:20Z
1407,381,135,reshared,0.823,166,2026-05-13T09:49:20Z,2026-05-13T09:49:20Z
1409,339,409,duet,0.945,32,2026-05-13T09:49:20Z,2026-05-13T09:49:20Z
1411,277,425,follows,0.66,23,2026-05-13T09:49:20Z,2026-05-13T09:49:20Z
1412,270,355,collaborates,0.756,23,2026-05-13T09:49:20Z,2026-05-13T09:49:20Z
1413,185,53,mentioned,0.575,80,2026-05-13T09:49:20Z,2026-05-13T09:49:20Z
1414,113,204,reshared,0.94,65,2026-05-13T09:49:20Z,2026-05-13T09:49:20Z
1415,485,139,tagged,0.657,142,2026-05-13T09:49:20Z,2026-05-13T09:49:20Z
1416,252,227,duet,0.463,40,2026-05-13T09:49:20Z,2026-05-13T09:49:20Z
1418,340,472,follows,0.64,109,2026-05-13T09:49:20Z,2026-05-13T09:49:20Z
1419,170,18,collaborates,0.946,19,2026-05-13T09:49:20Z,2026-05-13T09:49:20Z
1420,52,467,mentioned,0.254,30,2026-05-13T09:49:20Z,2026-05-13T09:49:20Z
1421,187,163,reshared,0.306,7,2026-05-13T09:49:20Z,2026-05-13T09:49:20Z
1422,390,229,tagged,0.306,135,2026-05-13T09:49:20Z,2026-05-13T09:49:20Z
1423,56,275,duet,0.883,2,2026-05-13T09:49:20Z,2026-05-13T09:49:20Z
1424,203,436,inspired_by,0.808,75,2026-05-13T09:49:20Z,2026-05-13T09:49:20Z
1425,91,141,follows,0.325,48,2026-05-13T09:49:20Z,2026-05-13T09:49:20Z
1426,335,162,collaborates,0.695,144,2026-05-13T09:49:20Z,2026-05-13T09:49:20Z
1427,70,231,mentioned,0.543,67,2026-05-13T09:49:20Z,2026-05-13T09:49:20Z
1428,180,52,reshared,0.527,73,2026-05-13T09:49:20Z,2026-05-13T09:49:20Z
1429,302,417,tagged,0.77,61,2026-05-13T09:49:20Z,2026-05-13T09:49:20Z
1430,455,311,duet,0.887,185,2026-05-13T09:49:20Z,2026-05-13T09:49:20Z
1431,432,262,inspired_by,0.229,21,2026-05-13T09:49:20Z,2026-05-13T09:49:20Z
1432,416,190,follows,0.928,106,2026-05-13T09:49:20Z,2026-05-13T09:49:20Z
1433,158,94,collaborates,0.402,157,2026-05-13T09:49:20Z,2026-05-13T09:49:20Z
1434,137,409,mentioned,0.884,104,2026-05-13T09:49:20Z,2026-05-13T09:49:20Z
1435,393,355,reshared,0.43,32,2026-05-13T09:49:20Z,2026-05-13T09:49:20Z
1436,280,346,tagged,0.139,145,2026-05-13T09:49:20Z,2026-05-13T09:49:20Z
1438,256,325,inspired_by,0.37,13,2026-05-13T09:49:20Z,2026-05-13T09:49:20Z
1439,402,194,follows,0.411,105,2026-05-13T09:49:20Z,2026-05-13T09:49:20Z
1440,351,286,collaborates,0.326,92,2026-05-13T09:49:20Z,2026-05-13T09:49:20Z
1441,324,407,mentioned,0.207,129,2026-05-13T09:49:20Z,2026-05-13T09:49:20Z
1442,461,170,reshared,0.898,83,2026-05-13T09:49:20Z,2026-05-13T09:49:20Z
1443,280,55,tagged,0.517,99,2026-05-13T09:49:20Z,2026-05-13T09:49:20Z
1444,166,451,duet,0.688,57,2026-05-13T09:49:20Z,2026-05-13T09:49:20Z
1445,73,224,inspired_by,0.5,73,2026-05-13T09:49:20Z,2026-05-13T09:49:20Z
1446,24,109,follows,0.635,28,2026-05-13T09:49:20Z,2026-05-13T09:49:20Z
1447,287,335,collaborates,0.382,198,2026-05-13T09:49:20Z,2026-05-13T09:49:20Z
1448,204,61,mentioned,0.984,92,2026-05-13T09:49:20Z,2026-05-13T09:49:20Z
1449,271,239,reshared,0.822,101,2026-05-13T09:49:20Z,2026-05-13T09:49:20Z
1450,25,457,tagged,0.228,195,2026-05-13T09:49:20Z,2026-05-13T09:49:20Z
1451,356,382,duet,0.853,171,2026-05-13T09:49:20Z,2026-05-13T09:49:20Z
1452,285,469,inspired_by,0.414,193,2026-05-13T09:49:20Z,2026-05-13T09:49:20Z
1453,418,388,follows,0.903,152,2026-05-13T09:49:20Z,2026-05-13T09:49:20Z
1454,394,416,collaborates,0.641,49,2026-05-13T09:49:20Z,2026-05-13T09:49:20Z
1455,251,213,mentioned,0.673,70,2026-05-13T09:49:20Z,2026-05-13T09:49:20Z
1456,231,427,reshared,0.886,24,2026-05-13T09:49:20Z,2026-05-13T09:49:20Z
1457,293,131,tagged,0.104,78,2026-05-13T09:49:20Z,2026-05-13T09:49:20Z
1458,417,391,duet,0.334,174,2026-05-13T09:49:20Z,2026-05-13T09:49:20Z
1459,114,138,inspired_by,0.3,125,2026-05-13T09:49:20Z,2026-05-13T09:49:20Z
1460,86,463,follows,0.195,87,2026-05-13T09:49:20Z,2026-05-13T09:49:20Z
1461,231,102,collaborates,0.779,43,2026-05-13T09:49:20Z,2026-05-13T09:49:20Z
1462,476,287,mentioned,0.732,12,2026-05-13T09:49:20Z,2026-05-13T09:49:20Z
1463,452,216,reshared,0.873,104,2026-05-13T09:49:20Z,2026-05-13T09:49:20Z
1464,393,8,tagged,0.186,64,2026-05-13T09:49:20Z,2026-05-13T09:49:20Z
1465,21,413,duet,0.32,86,2026-05-13T09:49:20Z,2026-05-13T09:49:20Z
1467,35,57,follows,0.449,195,2026-05-13T09:49:20Z,2026-05-13T09:49:20Z
1468,388,347,collaborates,0.71,196,2026-05-13T09:49:20Z,2026-05-13T09:49:20Z
1469,314,193,mentioned,0.61,88,2026-05-13T09:49:20Z,2026-05-13T09:49:20Z
1470,222,283,reshared,0.262,103,2026-05-13T09:49:20Z,2026-05-13T09:49:20Z
1471,347,424,tagged,0.915,129,2026-05-13T09:49:20Z,2026-05-13T09:49:20Z
1473,60,229,inspired_by,0.148,184,2026-05-13T09:49:20Z,2026-05-13T09:49:20Z
1474,271,465,follows,0.564,108,2026-05-13T09:49:20Z,2026-05-13T09:49:20Z
1475,158,71,collaborates,0.272,151,2026-05-13T09:49:20Z,2026-05-13T09:49:20Z
1476,143,187,mentioned,0.136,111,2026-05-13T09:49:20Z,2026-05-13T09:49:20Z
1477,409,209,reshared,0.96,50,2026-05-13T09:49:20Z,2026-05-13T09:49:20Z
1478,291,135,tagged,0.853,149,2026-05-13T09:49:20Z,2026-05-13T09:49:20Z
1479,346,74,duet,0.167,112,2026-05-13T09:49:20Z,2026-05-13T09:49:20Z
1480,474,17,inspired_by,0.421,38,2026-05-13T09:49:20Z,2026-05-13T09:49:20Z
1481,285,217,follows,0.91,68,2026-05-13T09:49:20Z,2026-05-13T09:49:20Z
1483,263,373,mentioned,0.275,148,2026-05-13T09:49:20Z,2026-05-13T09:49:20Z
1484,470,108,reshared,0.165,107,2026-05-13T09:49:20Z,2026-05-13T09:49:20Z
1485,142,424,tagged,0.908,80,2026-05-13T09:49:20Z,2026-05-13T09:49:20Z
1486,310,16,duet,0.12,164,2026-05-13T09:49:20Z,2026-05-13T09:49:20Z
1487,303,63,inspired_by,0.536,103,2026-05-13T09:49:20Z,2026-05-13T09:49:20Z
1488,481,429,follows,0.757,180,2026-05-13T09:49:20Z,2026-05-13T09:49:20Z
1489,288,46,collaborates,0.188,188,2026-05-13T09:49:20Z,2026-05-13T09:49:20Z
1490,283,275,mentioned,0.565,73,2026-05-13T09:49:20Z,2026-05-13T09:49:20Z
1491,90,74,reshared,0.993,109,2026-05-13T09:49:20Z,2026-05-13T09:49:20Z
1493,6,478,duet,0.966,119,2026-05-13T09:49:20Z,2026-05-13T09:49:20Z
1494,32,186,inspired_by,0.113,39,2026-05-13T09:49:20Z,2026-05-13T09:49:20Z
1495,280,190,follows,0.871,126,2026-05-13T09:49:20Z,2026-05-13T09:49:20Z
1496,33,123,collaborates,0.873,24,2026-05-13T09:49:20Z,2026-05-13T09:49:20Z
1497,418,144,mentioned,0.714,106,2026-05-13T09:49:20Z,2026-05-13T09:49:20Z
1498,383,290,reshared,0.913,94,2026-05-13T09:49:20Z,2026-05-13T09:49:20Z
1499,6,438,tagged,0.954,25,2026-05-13T09:49:20Z,2026-05-13T09:49:20Z
1500,462,152,duet,0.833,125,2026-05-13T09:49:20Z,2026-05-13T09:49:20Z
1501,50,220,inspired_by,0.2,9,2026-05-13T09:49:20Z,2026-05-13T09:49:20Z
1502,124,366,follows,0.186,31,2026-05-13T09:49:20Z,2026-05-13T09:49:20Z
1503,235,469,collaborates,0.614,128,2026-05-13T09:49:20Z,2026-05-13T09:49:20Z
1505,218,331,reshared,0.17,55,2026-05-13T09:49:20Z,2026-05-13T09:49:20Z
1507,424,448,duet,0.747,1,2026-05-13T09:49:20Z,2026-05-13T09:49:20Z
1508,338,408,inspired_by,0.841,134,2026-05-13T09:49:20Z,2026-05-13T09:49:20Z
1509,409,476,follows,0.707,64,2026-05-13T09:49:20Z,2026-05-13T09:49:20Z
1510,489,469,collaborates,0.347,66,2026-05-13T09:49:20Z,2026-05-13T09:49:20Z
1511,121,125,mentioned,0.255,118,2026-05-13T09:49:20Z,2026-05-13T09:49:20Z
1512,474,191,reshared,0.554,91,2026-05-13T09:49:20Z,2026-05-13T09:49:20Z
1513,278,14,tagged,0.458,88,2026-05-13T09:49:20Z,2026-05-13T09:49:20Z
1515,176,408,inspired_by,0.143,187,2026-05-13T09:49:20Z,2026-05-13T09:49:20Z
1516,282,452,follows,0.844,62,2026-05-13T09:49:20Z,2026-05-13T09:49:20Z
1517,453,121,collaborates,0.962,161,2026-05-13T09:49:20Z,2026-05-13T09:49:20Z
1518,163,373,mentioned,0.425,138,2026-05-13T09:49:20Z,2026-05-13T09:49:20Z
1519,456,123,reshared,0.877,93,2026-05-13T09:49:20Z,2026-05-13T09:49:20Z
1520,284,475,tagged,0.531,86,2026-05-13T09:49:20Z,2026-05-13T09:49:20Z
1521,461,58,duet,0.497,37,2026-05-13T09:49:20Z,2026-05-13T09:49:20Z
1522,52,234,inspired_by,0.672,38,2026-05-13T09:49:20Z,2026-05-13T09:49:20Z
1523,393,355,follows,0.329,114,2026-05-13T09:49:20Z,2026-05-13T09:49:20Z
1524,430,50,collaborates,0.673,34,2026-05-13T09:49:20Z,2026-05-13T09:49:20Z
1526,73,425,reshared,0.229,98,2026-05-13T09:49:20Z,2026-05-13T09:49:20Z
1527,137,129,tagged,0.911,15,2026-05-13T09:49:20Z,2026-05-13T09:49:20Z
1528,120,64,duet,0.452,60,2026-05-13T09:49:20Z,2026-05-13T09:49:20Z
1529,466,241,inspired_by,0.209,136,2026-05-13T09:49:20Z,2026-05-13T09:49:20Z
1530,194,227,follows,0.549,144,2026-05-13T09:49:20Z,2026-05-13T09:49:20Z
1531,475,105,collaborates,0.437,41,2026-05-13T09:49:20Z,2026-05-13T09:49:20Z
1532,423,490,mentioned,0.871,85,2026-05-13T09:49:20Z,2026-05-13T09:49:20Z
1533,187,127,reshared,0.784,145,2026-05-13T09:49:20Z,2026-05-13T09:49:20Z
1534,409,306,tagged,0.927,43,2026-05-13T09:49:20Z,2026-05-13T09:49:20Z
1535,186,169,duet,0.331,70,2026-05-13T09:49:20Z,2026-05-13T09:49:20Z
1537,104,185,follows,0.324,54,2026-05-13T09:49:20Z,2026-05-13T09:49:20Z
1538,277,67,collaborates,0.901,93,2026-05-13T09:49:20Z,2026-05-13T09:49:20Z
1539,168,378,mentioned,0.552,2,2026-05-13T09:49:20Z,2026-05-13T09:49:20Z
1540,424,1,reshared,0.926,131,2026-05-13T09:49:20Z,2026-05-13T09:49:20Z
1541,255,325,tagged,0.819,15,2026-05-13T09:49:20Z,2026-05-13T09:49:20Z
1542,369,153,duet,0.561,65,2026-05-13T09:49:20Z,2026-05-13T09:49:20Z
1543,409,186,inspired_by,0.125,199,2026-05-13T09:49:20Z,2026-05-13T09:49:20Z
1544,241,485,follows,0.521,36,2026-05-13T09:49:20Z,2026-05-13T09:49:20Z
1545,289,306,collaborates,0.526,85,2026-05-13T09:49:20Z,2026-05-13T09:49:20Z
1546,66,367,mentioned,0.903,144,2026-05-13T09:49:20Z,2026-05-13T09:49:20Z
1547,13,129,reshared,0.76,139,2026-05-13T09:49:20Z,2026-05-13T09:49:20Z
1548,306,411,tagged,0.885,179,2026-05-13T09:49:20Z,2026-05-13T09:49:20Z
1549,2,28,duet,0.48,71,2026-05-13T09:49:20Z,2026-05-13T09:49:20Z
1550,166,491,inspired_by,0.166,9,2026-05-13T09:49:20Z,2026-05-13T09:49:20Z
1551,370,136,follows,0.339,11,2026-05-13T09:49:20Z,2026-05-13T09:49:20Z
1552,60,176,collaborates,0.678,186,2026-05-13T09:49:20Z,2026-05-13T09:49:20Z
1553,193,479,mentioned,0.487,199,2026-05-13T09:49:20Z,2026-05-13T09:49:20Z
1555,453,262,tagged,0.792,75,2026-05-13T09:49:20Z,2026-05-13T09:49:20Z
1556,73,189,duet,0.301,167,2026-05-13T09:49:20Z,2026-05-13T09:49:20Z
1557,213,222,inspired_by,0.419,165,2026-05-13T09:49:20Z,2026-05-13T09:49:20Z
1558,484,266,follows,0.296,68,2026-05-13T09:49:20Z,2026-05-13T09:49:20Z
1559,442,363,collaborates,0.526,51,2026-05-13T09:49:20Z,2026-05-13T09:49:20Z
1560,52,263,mentioned,0.686,84,2026-05-13T09:49:20Z,2026-05-13T09:49:20Z
1561,117,81,reshared,0.722,74,2026-05-13T09:49:20Z,2026-05-13T09:49:20Z
1562,318,123,tagged,0.498,185,2026-05-13T09:49:20Z,2026-05-13T09:49:20Z
1563,289,94,duet,0.756,97,2026-05-13T09:49:20Z,2026-05-13T09:49:20Z
1564,189,146,inspired_by,0.888,38,2026-05-13T09:49:20Z,2026-05-13T09:49:20Z
1565,358,305,follows,0.89,22,2026-05-13T09:49:20Z,2026-05-13T09:49:20Z
1566,441,423,collaborates,0.344,58,2026-05-13T09:49:20Z,2026-05-13T09:49:20Z
1567,351,444,mentioned,0.326,170,2026-05-13T09:49:20Z,2026-05-13T09:49:20Z
1568,170,15,reshared,0.966,32,2026-05-13T09:49:20Z,2026-05-13T09:49:20Z
1569,342,226,tagged,0.767,158,2026-05-13T09:49:20Z,2026-05-13T09:49:20Z
1570,312,327,duet,0.783,5,2026-05-13T09:49:20Z,2026-05-13T09:49:20Z
1571,316,41,inspired_by,0.38,74,2026-05-13T09:49:20Z,2026-05-13T09:49:20Z
1572,412,46,follows,0.575,125,2026-05-13T09:49:20Z,2026-05-13T09:49:20Z
1573,177,173,collaborates,0.425,1,2026-05-13T09:49:20Z,2026-05-13T09:49:20Z
1574,195,453,mentioned,0.737,190,2026-05-13T09:49:20Z,2026-05-13T09:49:20Z
1575,33,463,reshared,0.297,198,2026-05-13T09:49:20Z,2026-05-13T09:49:20Z
1577,320,231,duet,0.351,4,2026-05-13T09:49:20Z,2026-05-13T09:49:20Z
1578,473,312,inspired_by,0.287,74,2026-05-13T09:49:20Z,2026-05-13T09:49:20Z
1579,346,93,follows,0.527,147,2026-05-13T09:49:20Z,2026-05-13T09:49:20Z
1580,469,393,collaborates,0.925,15,2026-05-13T09:49:20Z,2026-05-13T09:49:20Z
1581,125,301,mentioned,0.867,148,2026-05-13T09:49:20Z,2026-05-13T09:49:20Z
1582,468,329,reshared,0.199,152,2026-05-13T09:49:20Z,2026-05-13T09:49:20Z
1584,35,415,duet,0.374,59,2026-05-13T09:49:20Z,2026-05-13T09:49:20Z
1585,271,290,inspired_by,0.447,160,2026-05-13T09:49:20Z,2026-05-13T09:49:20Z
1586,358,362,follows,0.996,13,2026-05-13T09:49:20Z,2026-05-13T09:49:20Z
1587,266,411,collaborates,0.763,70,2026-05-13T09:49:20Z,2026-05-13T09:49:20Z
1588,354,307,mentioned,0.122,64,2026-05-13T09:49:20Z,2026-05-13T09:49:20Z
1589,273,36,reshared,0.758,46,2026-05-13T09:49:20Z,2026-05-13T09:49:20Z
1591,211,32,duet,0.939,7,2026-05-13T09:49:20Z,2026-05-13T09:49:20Z
1592,235,252,inspired_by,0.696,51,2026-05-13T09:49:20Z,2026-05-13T09:49:20Z
1593,383,422,follows,0.582,136,2026-05-13T09:49:20Z,2026-05-13T09:49:20Z
1594,263,448,collaborates,0.222,159,2026-05-13T09:49:20Z,2026-05-13T09:49:20Z
1595,221,290,mentioned,0.18,134,2026-05-13T09:49:20Z,2026-05-13T09:49:20Z
1596,145,66,reshared,0.175,191,2026-05-13T09:49:20Z,2026-05-13T09:49:20Z
1597,16,254,tagged,0.231,29,2026-05-13T09:49:20Z,2026-05-13T09:49:20Z
1598,19,173,duet,0.411,196,2026-05-13T09:49:20Z,2026-05-13T09:49:20Z
1599,322,156,inspired_by,0.849,42,2026-05-13T09:49:20Z,2026-05-13T09:49:20Z
1600,122,323,follows,0.385,64,2026-05-13T09:49:20Z,2026-05-13T09:49:20Z
1601,342,134,collaborates,0.128,51,2026-05-13T09:49:20Z,2026-05-13T09:49:20Z
1602,264,79,mentioned,0.204,1,2026-05-13T09:49:20Z,2026-05-13T09:49:20Z
1603,325,403,reshared,0.913,73,2026-05-13T09:49:20Z,2026-05-13T09:49:20Z
1604,161,64,tagged,0.108,92,2026-05-13T09:49:20Z,2026-05-13T09:49:20Z
1605,285,38,duet,0.257,103,2026-05-13T09:49:20Z,2026-05-13T09:49:20Z
1606,424,4,inspired_by,0.312,87,2026-05-13T09:49:20Z,2026-05-13T09:49:20Z
1607,87,181,follows,0.9,156,2026-05-13T09:49:20Z,2026-05-13T09:49:20Z
1608,280,223,collaborates,0.201,29,2026-05-13T09:49:20Z,2026-05-13T09:49:20Z
1609,424,60,mentioned,0.934,166,2026-05-13T09:49:20Z,2026-05-13T09:49:20Z
1611,165,24,tagged,0.558,73,2026-05-13T09:49:20Z,2026-05-13T09:49:20Z
1612,236,175,duet,0.498,47,2026-05-13T09:49:20Z,2026-05-13T09:49:20Z
1613,194,3,inspired_by,0.75,23,2026-05-13T09:49:20Z,2026-05-13T09:49:20Z
1614,327,272,follows,0.776,174,2026-05-13T09:49:20Z,2026-05-13T09:49:20Z
1615,314,452,collaborates,0.133,21,2026-05-13T09:49:20Z,2026-05-13T09:49:20Z
1616,301,112,mentioned,0.232,105,2026-05-13T09:49:20Z,2026-05-13T09:49:20Z
1617,462,408,reshared,0.276,124,2026-05-13T09:49:20Z,2026-05-13T09:49:20Z
1618,161,476,tagged,0.238,183,2026-05-13T09:49:20Z,2026-05-13T09:49:20Z
1619,62,336,duet,0.891,69,2026-05-13T09:49:20Z,2026-05-13T09:49:20Z
1620,178,333,inspired_by,0.7,114,2026-05-13T09:49:20Z,2026-05-13T09:49:20Z
1622,3,425,collaborates,0.113,100,2026-05-13T09:49:20Z,2026-05-13T09:49:20Z
1623,21,473,mentioned,0.941,181,2026-05-13T09:49:20Z,2026-05-13T09:49:20Z
1624,210,53,reshared,0.295,55,2026-05-13T09:49:20Z,2026-05-13T09:49:20Z
1625,432,346,tagged,0.986,161,2026-05-13T09:49:20Z,2026-05-13T09:49:20Z
1626,159,293,duet,0.235,104,2026-05-13T09:49:20Z,2026-05-13T09:49:20Z
1628,113,206,follows,0.499,3,2026-05-13T09:49:20Z,2026-05-13T09:49:20Z
1629,261,456,collaborates,0.405,123,2026-05-13T09:49:20Z,2026-05-13T09:49:20Z
1630,46,79,mentioned,0.122,196,2026-05-13T09:49:20Z,2026-05-13T09:49:20Z
1631,390,65,reshared,0.574,150,2026-05-13T09:49:20Z,2026-05-13T09:49:20Z
1632,37,182,tagged,0.273,1,2026-05-13T09:49:20Z,2026-05-13T09:49:20Z
1633,191,425,duet,0.235,137,2026-05-13T09:49:20Z,2026-05-13T09:49:20Z
1634,135,401,inspired_by,0.183,13,2026-05-13T09:49:20Z,2026-05-13T09:49:20Z
1635,105,170,follows,0.333,47,2026-05-13T09:49:20Z,2026-05-13T09:49:20Z
1636,139,225,collaborates,0.562,114,2026-05-13T09:49:20Z,2026-05-13T09:49:20Z
1637,438,135,mentioned,0.57,104,2026-05-13T09:49:20Z,2026-05-13T09:49:20Z
1638,131,119,reshared,0.332,134,2026-05-13T09:49:20Z,2026-05-13T09:49:20Z
1639,410,251,tagged,0.605,80,2026-05-13T09:49:20Z,2026-05-13T09:49:20Z
1640,475,168,duet,0.572,16,2026-05-13T09:49:20Z,2026-05-13T09:49:20Z
1642,116,263,follows,0.166,148,2026-05-13T09:49:20Z,2026-05-13T09:49:20Z
1643,135,294,collaborates,0.866,75,2026-05-13T09:49:20Z,2026-05-13T09:49:20Z
1644,304,265,mentioned,0.598,137,2026-05-13T09:49:20Z,2026-05-13T09:49:20Z
1646,301,221,tagged,0.707,45,2026-05-13T09:49:20Z,2026-05-13T09:49:20Z
1647,185,349,duet,0.176,48,2026-05-13T09:49:20Z,2026-05-13T09:49:20Z
1648,78,303,inspired_by,0.225,135,2026-05-13T09:49:20Z,2026-05-13T09:49:20Z
1649,466,477,follows,0.764,103,2026-05-13T09:49:20Z,2026-05-13T09:49:20Z
1650,488,289,collaborates,0.384,33,2026-05-13T09:49:20Z,2026-05-13T09:49:20Z
1651,428,184,mentioned,0.903,177,2026-05-13T09:49:20Z,2026-05-13T09:49:20Z
1653,275,409,tagged,0.767,115,2026-05-13T09:49:20Z,2026-05-13T09:49:20Z
1655,154,391,inspired_by,0.768,79,2026-05-13T09:49:20Z,2026-05-13T09:49:20Z
1656,75,105,follows,0.478,45,2026-05-13T09:49:20Z,2026-05-13T09:49:20Z
1657,279,290,collaborates,0.902,122,2026-05-13T09:49:20Z,2026-05-13T09:49:20Z
1658,62,427,mentioned,0.865,55,2026-05-13T09:49:20Z,2026-05-13T09:49:20Z
1659,208,81,reshared,0.304,78,2026-05-13T09:49:20Z,2026-05-13T09:49:20Z
1660,128,15,tagged,0.515,187,2026-05-13T09:49:20Z,2026-05-13T09:49:20Z
1661,267,405,duet,0.835,190,2026-05-13T09:49:20Z,2026-05-13T09:49:20Z
1663,376,236,follows,0.919,29,2026-05-13T09:49:20Z,2026-05-13T09:49:20Z
1664,393,361,collaborates,0.449,88,2026-05-13T09:49:20Z,2026-05-13T09:49:20Z
1665,473,385,mentioned,0.546,180,2026-05-13T09:49:20Z,2026-05-13T09:49:20Z
1666,334,101,reshared,0.562,196,2026-05-13T09:49:20Z,2026-05-13T09:49:20Z
1667,490,476,tagged,0.971,11,2026-05-13T09:49:20Z,2026-05-13T09:49:20Z
1668,112,374,duet,0.798,171,2026-05-13T09:49:20Z,2026-05-13T09:49:20Z
1669,305,275,inspired_by,0.409,193,2026-05-13T09:49:20Z,2026-05-13T09:49:20Z
1670,319,461,follows,0.535,67,2026-05-13T09:49:20Z,2026-05-13T09:49:20Z
1671,34,394,collaborates,0.779,184,2026-05-13T09:49:20Z,2026-05-13T09:49:20Z
1673,465,355,reshared,0.365,187,2026-05-13T09:49:20Z,2026-05-13T09:49:20Z
1674,116,479,tagged,0.925,108,2026-05-13T09:49:20Z,2026-05-13T09:49:20Z
1675,389,386,duet,0.102,9,2026-05-13T09:49:20Z,2026-05-13T09:49:20Z
1677,20,125,follows,0.198,90,2026-05-13T09:49:20Z,2026-05-13T09:49:20Z
1678,331,428,collaborates,0.795,7,2026-05-13T09:49:20Z,2026-05-13T09:49:20Z
1679,287,123,mentioned,0.845,57,2026-05-13T09:49:20Z,2026-05-13T09:49:20Z
1680,218,112,reshared,0.429,188,2026-05-13T09:49:20Z,2026-05-13T09:49:20Z
1681,339,129,tagged,0.991,93,2026-05-13T09:49:20Z,2026-05-13T09:49:20Z
1682,361,340,duet,0.456,83,2026-05-13T09:49:20Z,2026-05-13T09:49:20Z
1683,169,170,inspired_by,0.107,169,2026-05-13T09:49:20Z,2026-05-13T09:49:20Z
1685,27,424,collaborates,0.435,56,2026-05-13T09:49:20Z,2026-05-13T09:49:20Z
1686,54,239,mentioned,0.474,106,2026-05-13T09:49:20Z,2026-05-13T09:49:20Z
1687,478,60,reshared,0.299,135,2026-05-13T09:49:20Z,2026-05-13T09:49:20Z
1689,23,488,duet,0.555,186,2026-05-13T09:49:20Z,2026-05-13T09:49:20Z
1690,485,253,inspired_by,0.817,77,2026-05-13T09:49:20Z,2026-05-13T09:49:20Z
1691,294,58,follows,0.367,181,2026-05-13T09:49:20Z,2026-05-13T09:49:20Z
1692,233,241,collaborates,0.226,128,2026-05-13T09:49:20Z,2026-05-13T09:49:20Z
1694,351,384,reshared,0.527,132,2026-05-13T09:49:20Z,2026-05-13T09:49:20Z
1695,189,104,tagged,0.227,187,2026-05-13T09:49:20Z,2026-05-13T09:49:20Z
1696,479,432,duet,0.905,78,2026-05-13T09:49:20Z,2026-05-13T09:49:20Z
1697,166,252,inspired_by,0.802,44,2026-05-13T09:49:20Z,2026-05-13T09:49:20Z
1698,57,254,follows,0.542,131,2026-05-13T09:49:20Z,2026-05-13T09:49:20Z
1699,481,329,collaborates,0.263,116,2026-05-13T09:49:20Z,2026-05-13T09:49:20Z
1700,480,273,mentioned,0.253,18,2026-05-13T09:49:20Z,2026-05-13T09:49:20Z
1701,159,383,reshared,0.308,183,2026-05-13T09:49:20Z,2026-05-13T09:49:20Z
1702,32,470,tagged,0.23,86,2026-05-13T09:49:20Z,2026-05-13T09:49:20Z
1704,193,340,inspired_by,0.796,187,2026-05-13T09:49:20Z,2026-05-13T09:49:20Z
1705,309,38,follows,0.21,118,2026-05-13T09:49:20Z,2026-05-13T09:49:20Z
1706,4,311,collaborates,0.363,19,2026-05-13T09:49:20Z,2026-05-13T09:49:20Z
1707,427,364,mentioned,0.221,138,2026-05-13T09:49:20Z,2026-05-13T09:49:20Z
1708,166,317,reshared,0.774,141,2026-05-13T09:49:20Z,2026-05-13T09:49:20Z
1709,487,183,tagged,0.868,8,2026-05-13T09:49:20Z,2026-05-13T09:49:20Z
1710,410,20,duet,0.838,108,2026-05-13T09:49:20Z,2026-05-13T09:49:20Z
1711,78,319,inspired_by,0.26,101,2026-05-13T09:49:20Z,2026-05-13T09:49:20Z
1712,102,131,follows,0.63,122,2026-05-13T09:49:20Z,2026-05-13T09:49:20Z
1713,366,149,collaborates,0.253,196,2026-05-13T09:49:20Z,2026-05-13T09:49:20Z
1714,92,228,mentioned,0.261,39,2026-05-13T09:49:20Z,2026-05-13T09:49:20Z
1715,256,180,reshared,0.647,80,2026-05-13T09:49:20Z,2026-05-13T09:49:20Z
1716,295,439,tagged,0.222,39,2026-05-13T09:49:20Z,2026-05-13T09:49:20Z
1717,9,355,duet,0.999,46,2026-05-13T09:49:20Z,2026-05-13T09:49:20Z
1718,359,292,inspired_by,0.528,157,2026-05-13T09:49:20Z,2026-05-13T09:49:20Z
1719,357,148,follows,0.186,43,2026-05-13T09:49:20Z,2026-05-13T09:49:20Z
1720,441,433,collaborates,0.731,123,2026-05-13T09:49:20Z,2026-05-13T09:49:20Z
1721,22,150,mentioned,0.707,105,2026-05-13T09:49:20Z,2026-05-13T09:49:20Z
1722,53,456,reshared,0.907,102,2026-05-13T09:49:20Z,2026-05-13T09:49:20Z
1723,362,227,tagged,0.494,87,2026-05-13T09:49:20Z,2026-05-13T09:49:20Z
1724,459,470,duet,0.76,36,2026-05-13T09:49:20Z,2026-05-13T09:49:20Z
1725,183,87,inspired_by,0.76,187,2026-05-13T09:49:20Z,2026-05-13T09:49:20Z
1726,422,32,follows,0.456,94,2026-05-13T09:49:20Z,2026-05-13T09:49:20Z
1728,169,433,mentioned,0.825,113,2026-05-13T09:49:20Z,2026-05-13T09:49:20Z
1729,330,139,reshared,0.931,141,2026-05-13T09:49:20Z,2026-05-13T09:49:20Z
1730,404,17,tagged,0.734,151,2026-05-13T09:49:20Z,2026-05-13T09:49:20Z
1731,91,215,duet,0.695,133,2026-05-13T09:49:20Z,2026-05-13T09:49:20Z
1732,270,103,inspired_by,0.967,20,2026-05-13T09:49:20Z,2026-05-13T09:49:20Z
1733,234,408,follows,0.235,151,2026-05-13T09:49:20Z,2026-05-13T09:49:20Z
1734,465,48,collaborates,0.176,129,2026-05-13T09:49:20Z,2026-05-13T09:49:20Z
1735,281,428,mentioned,0.646,90,2026-05-13T09:49:20Z,2026-05-13T09:49:20Z
1737,365,178,tagged,0.227,151,2026-05-13T09:49:20Z,2026-05-13T09:49:20Z
1738,486,215,duet,0.938,111,2026-05-13T09:49:20Z,2026-05-13T09:49:20Z
1739,301,194,inspired_by,0.64,82,2026-05-13T09:49:20Z,2026-05-13T09:49:20Z
1740,135,177,follows,0.61,16,2026-05-13T09:49:20Z,2026-05-13T09:49:20Z
1741,47,171,collaborates,0.855,58,2026-05-13T09:49:20Z,2026-05-13T09:49:20Z
1742,480,438,mentioned,0.289,49,2026-05-13T09:49:20Z,2026-05-13T09:49:20Z
1743,76,261,reshared,0.241,126,2026-05-13T09:49:20Z,2026-05-13T09:49:20Z
1744,362,383,tagged,0.246,185,2026-05-13T09:49:20Z,2026-05-13T09:49:20Z
1745,392,394,duet,0.476,108,2026-05-13T09:49:20Z,2026-05-13T09:49:20Z
1746,318,440,inspired_by,0.687,18,2026-05-13T09:49:20Z,2026-05-13T09:49:20Z
1747,111,369,follows,0.247,44,2026-05-13T09:49:20Z,2026-05-13T09:49:20Z
1748,224,320,collaborates,0.754,133,2026-05-13T09:49:20Z,2026-05-13T09:49:20Z
1749,107,219,mentioned,0.767,157,2026-05-13T09:49:20Z,2026-05-13T09:49:20Z
1750,292,140,reshared,0.684,179,2026-05-13T09:49:20Z,2026-05-13T09:49:20Z
1751,438,147,tagged,0.446,145,2026-05-13T09:49:20Z,2026-05-13T09:49:20Z
1752,107,46,duet,0.534,82,2026-05-13T09:49:20Z,2026-05-13T09:49:20Z
1754,125,108,follows,0.252,64,2026-05-13T09:49:20Z,2026-05-13T09:49:20Z
1755,48,1,collaborates,0.56,86,2026-05-13T09:49:20Z,2026-05-13T09:49:20Z
1756,266,460,mentioned,0.917,74,2026-05-13T09:49:20Z,2026-05-13T09:49:20Z
1757,480,441,reshared,0.473,66,2026-05-13T09:49:20Z,2026-05-13T09:49:20Z
1759,50,395,duet,0.337,172,2026-05-13T09:49:20Z,2026-05-13T09:49:20Z
1760,486,67,inspired_by,0.549,84,2026-05-13T09:49:20Z,2026-05-13T09:49:20Z
1761,378,55,follows,0.227,142,2026-05-13T09:49:20Z,2026-05-13T09:49:20Z
1762,428,440,collaborates,0.986,63,2026-05-13T09:49:20Z,2026-05-13T09:49:20Z
1763,220,124,mentioned,0.295,27,2026-05-13T09:49:20Z,2026-05-13T09:49:20Z
1764,109,274,reshared,0.341,173,2026-05-13T09:49:20Z,2026-05-13T09:49:20Z
1766,445,151,duet,0.19,60,2026-05-13T09:49:20Z,2026-05-13T09:49:20Z
1767,404,104,inspired_by,0.806,49,2026-05-13T09:49:20Z,2026-05-13T09:49:20Z
1768,175,328,follows,0.766,173,2026-05-13T09:49:20Z,2026-05-13T09:49:20Z
1769,56,321,collaborates,0.228,83,2026-05-13T09:49:20Z,2026-05-13T09:49:20Z
1770,409,438,mentioned,0.716,85,2026-05-13T09:49:20Z,2026-05-13T09:49:20Z
1771,74,310,reshared,0.516,57,2026-05-13T09:49:20Z,2026-05-13T09:49:20Z
1772,181,45,tagged,0.601,60,2026-05-13T09:49:20Z,2026-05-13T09:49:20Z
1774,217,295,inspired_by,0.748,118,2026-05-13T09:49:20Z,2026-05-13T09:49:20Z
1775,158,455,follows,0.956,46,2026-05-13T09:49:20Z,2026-05-13T09:49:20Z
1776,277,356,collaborates,0.262,112,2026-05-13T09:49:20Z,2026-05-13T09:49:20Z
1777,445,176,mentioned,0.592,11,2026-05-13T09:49:20Z,2026-05-13T09:49:20Z
1778,221,468,reshared,0.361,69,2026-05-13T09:49:20Z,2026-05-13T09:49:20Z
1779,211,253,tagged,0.605,55,2026-05-13T09:49:20Z,2026-05-13T09:49:20Z
1780,195,323,duet,0.635,85,2026-05-13T09:49:20Z,2026-05-13T09:49:20Z
1781,259,455,inspired_by,0.221,159,2026-05-13T09:49:20Z,2026-05-13T09:49:20Z
1783,284,46,collaborates,0.675,79,2026-05-13T09:49:20Z,2026-05-13T09:49:20Z
1784,303,425,mentioned,0.984,12,2026-05-13T09:49:20Z,2026-05-13T09:49:20Z
1785,486,5,reshared,0.402,163,2026-05-13T09:49:20Z,2026-05-13T09:49:20Z
1786,21,417,tagged,0.679,7,2026-05-13T09:49:20Z,2026-05-13T09:49:20Z
1787,408,346,duet,0.249,167,2026-05-13T09:49:20Z,2026-05-13T09:49:20Z
1788,126,155,inspired_by,0.113,169,2026-05-13T09:49:20Z,2026-05-13T09:49:20Z
1789,418,43,follows,0.12,165,2026-05-13T09:49:20Z,2026-05-13T09:49:20Z
1790,91,313,collaborates,0.994,97,2026-05-13T09:49:20Z,2026-05-13T09:49:20Z
1791,222,92,mentioned,0.501,13,2026-05-13T09:49:20Z,2026-05-13T09:49:20Z
1792,401,135,reshared,0.462,84,2026-05-13T09:49:20Z,2026-05-13T09:49:20Z
1793,258,441,tagged,0.181,88,2026-05-13T09:49:20Z,2026-05-13T09:49:20Z
1795,309,148,inspired_by,0.671,104,2026-05-13T09:49:20Z,2026-05-13T09:49:20Z
1796,380,232,follows,0.352,86,2026-05-13T09:49:20Z,2026-05-13T09:49:20Z
1797,89,325,collaborates,0.3,160,2026-05-13T09:49:20Z,2026-05-13T09:49:20Z
1800,60,23,tagged,0.505,71,2026-05-13T09:49:20Z,2026-05-13T09:49:20Z
1801,295,126,duet,0.35,152,2026-05-13T09:49:20Z,2026-05-13T09:49:20Z
1802,271,231,inspired_by,0.283,96,2026-05-13T09:49:20Z,2026-05-13T09:49:20Z
1803,190,323,follows,0.416,191,2026-05-13T09:49:20Z,2026-05-13T09:49:20Z
1804,54,134,collaborates,0.921,126,2026-05-13T09:49:20Z,2026-05-13T09:49:20Z
1805,417,329,mentioned,0.88,64,2026-05-13T09:49:20Z,2026-05-13T09:49:20Z
1806,123,463,reshared,0.872,144,2026-05-13T09:49:20Z,2026-05-13T09:49:20Z
1807,333,478,tagged,0.369,125,2026-05-13T09:49:20Z,2026-05-13T09:49:20Z
1808,140,445,duet,0.741,46,2026-05-13T09:49:20Z,2026-05-13T09:49:20Z
1809,273,449,inspired_by,0.354,65,2026-05-13T09:49:20Z,2026-05-13T09:49:20Z
1810,463,238,follows,0.918,113,2026-05-13T09:49:20Z,2026-05-13T09:49:20Z
1811,157,282,collaborates,0.784,122,2026-05-13T09:49:20Z,2026-05-13T09:49:20Z
1812,122,222,mentioned,0.164,9,2026-05-13T09:49:20Z,2026-05-13T09:49:20Z
1813,221,368,reshared,0.26,74,2026-05-13T09:49:20Z,2026-05-13T09:49:20Z
1814,485,151,tagged,0.168,56,2026-05-13T09:49:20Z,2026-05-13T09:49:20Z
1815,112,284,duet,0.446,167,2026-05-13T09:49:20Z,2026-05-13T09:49:20Z
1816,184,450,inspired_by,0.737,188,2026-05-13T09:49:20Z,2026-05-13T09:49:20Z
1817,280,312,follows,0.356,11,2026-05-13T09:49:20Z,2026-05-13T09:49:20Z
1818,372,404,collaborates,0.276,34,2026-05-13T09:49:20Z,2026-05-13T09:49:20Z
1819,120,308,mentioned,0.936,99,2026-05-13T09:49:20Z,2026-05-13T09:49:20Z
1820,193,456,reshared,0.787,26,2026-05-13T09:49:20Z,2026-05-13T09:49:20Z
1821,354,235,tagged,0.994,54,2026-05-13T09:49:20Z,2026-05-13T09:49:20Z
1822,105,387,duet,0.555,156,2026-05-13T09:49:20Z,2026-05-13T09:49:20Z
1823,241,328,inspired_by,0.245,63,2026-05-13T09:49:20Z,2026-05-13T09:49:20Z
1825,103,22,collaborates,0.695,1,2026-05-13T09:49:20Z,2026-05-13T09:49:20Z
1826,134,131,mentioned,0.288,138,2026-05-13T09:49:20Z,2026-05-13T09:49:20Z
1827,185,53,reshared,0.879,76,2026-05-13T09:49:20Z,2026-05-13T09:49:20Z
1828,116,413,tagged,0.464,189,2026-05-13T09:49:20Z,2026-05-13T09:49:20Z
1829,27,186,duet,0.194,117,2026-05-13T09:49:20Z,2026-05-13T09:49:20Z
1830,345,105,inspired_by,0.75,12,2026-05-13T09:49:20Z,2026-05-13T09:49:20Z
1831,148,219,follows,0.43,31,2026-05-13T09:49:20Z,2026-05-13T09:49:20Z
1832,215,345,collaborates,0.148,90,2026-05-13T09:49:20Z,2026-05-13T09:49:20Z
1833,330,291,mentioned,0.551,133,2026-05-13T09:49:20Z,2026-05-13T09:49:20Z
1835,287,422,tagged,0.684,90,2026-05-13T09:49:20Z,2026-05-13T09:49:20Z
1836,308,447,duet,0.755,109,2026-05-13T09:49:20Z,2026-05-13T09:49:20Z
1837,23,131,inspired_by,0.912,21,2026-05-13T09:49:20Z,2026-05-13T09:49:20Z
1838,408,112,follows,0.953,102,2026-05-13T09:49:20Z,2026-05-13T09:49:20Z
1839,241,14,collaborates,0.243,142,2026-05-13T09:49:20Z,2026-05-13T09:49:20Z
1840,476,130,mentioned,0.229,9,2026-05-13T09:49:20Z,2026-05-13T09:49:20Z
1841,343,181,reshared,0.139,86,2026-05-13T09:49:20Z,2026-05-13T09:49:20Z
1843,117,370,duet,0.131,66,2026-05-13T09:49:20Z,2026-05-13T09:49:20Z
1844,61,221,inspired_by,0.643,69,2026-05-13T09:49:20Z,2026-05-13T09:49:20Z
1845,350,133,follows,0.33,54,2026-05-13T09:49:20Z,2026-05-13T09:49:20Z
1846,457,1,collaborates,0.965,32,2026-05-13T09:49:20Z,2026-05-13T09:49:20Z
1847,304,325,mentioned,0.437,33,2026-05-13T09:49:20Z,2026-05-13T09:49:20Z
1848,116,473,reshared,0.226,57,2026-05-13T09:49:20Z,2026-05-13T09:49:20Z
1849,112,340,tagged,0.891,88,2026-05-13T09:49:20Z,2026-05-13T09:49:20Z
1850,66,379,duet,0.264,57,2026-05-13T09:49:20Z,2026-05-13T09:49:20Z
1851,10,461,inspired_by,0.487,190,2026-05-13T09:49:20Z,2026-05-13T09:49:20Z
1852,333,271,follows,0.871,40,2026-05-13T09:49:20Z,2026-05-13T09:49:20Z
1853,146,204,collaborates,0.98,179,2026-05-13T09:49:20Z,2026-05-13T09:49:20Z
1854,130,52,mentioned,0.283,63,2026-05-13T09:49:20Z,2026-05-13T09:49:20Z
1855,14,205,reshared,0.635,10,2026-05-13T09:49:20Z,2026-05-13T09:49:20Z
1856,92,90,tagged,0.929,93,2026-05-13T09:49:20Z,2026-05-13T09:49:20Z
1857,219,449,duet,0.792,52,2026-05-13T09:49:20Z,2026-05-13T09:49:20Z
1858,108,387,inspired_by,0.667,146,2026-05-13T09:49:20Z,2026-05-13T09:49:20Z
1859,102,337,follows,0.3,121,2026-05-13T09:49:20Z,2026-05-13T09:49:20Z
1860,272,402,collaborates,0.423,183,2026-05-13T09:49:20Z,2026-05-13T09:49:20Z
1861,37,174,mentioned,0.154,100,2026-05-13T09:49:20Z,2026-05-13T09:49:20Z
1862,33,169,reshared,0.639,51,2026-05-13T09:49:20Z,2026-05-13T09:49:20Z
1863,54,233,tagged,0.538,64,2026-05-13T09:49:20Z,2026-05-13T09:49:20Z
1864,468,51,duet,0.773,93,2026-05-13T09:49:20Z,2026-05-13T09:49:20Z
1866,166,239,follows,0.937,101,2026-05-13T09:49:20Z,2026-05-13T09:49:20Z
1868,453,277,mentioned,0.309,21,2026-05-13T09:49:20Z,2026-05-13T09:49:20Z
1869,379,322,reshared,0.593,51,2026-05-13T09:49:20Z,2026-05-13T09:49:20Z
1870,259,255,tagged,0.747,111,2026-05-13T09:49:20Z,2026-05-13T09:49:20Z
1871,191,126,duet,0.619,35,2026-05-13T09:49:20Z,2026-05-13T09:49:20Z
1872,437,186,inspired_by,0.275,12,2026-05-13T09:49:20Z,2026-05-13T09:49:20Z
1873,435,213,follows,0.553,178,2026-05-13T09:49:20Z,2026-05-13T09:49:20Z
1874,149,142,collaborates,0.477,35,2026-05-13T09:49:20Z,2026-05-13T09:49:20Z
1875,272,277,mentioned,0.385,197,2026-05-13T09:49:20Z,2026-05-13T09:49:20Z
1876,446,408,reshared,0.422,175,2026-05-13T09:49:20Z,2026-05-13T09:49:20Z
1877,63,18,tagged,0.614,96,2026-05-13T09:49:20Z,2026-05-13T09:49:20Z
1878,306,230,duet,0.116,48,2026-05-13T09:49:20Z,2026-05-13T09:49:20Z
1879,224,387,inspired_by,0.162,46,2026-05-13T09:49:20Z,2026-05-13T09:49:20Z
1880,424,61,follows,0.606,197,2026-05-13T09:49:20Z,2026-05-13T09:49:20Z
1881,312,4,collaborates,0.737,45,2026-05-13T09:49:20Z,2026-05-13T09:49:20Z
1882,418,320,mentioned,0.351,65,2026-05-13T09:49:20Z,2026-05-13T09:49:20Z
1883,107,425,reshared,0.315,87,2026-05-13T09:49:20Z,2026-05-13T09:49:20Z
1884,172,39,tagged,0.489,103,2026-05-13T09:49:20Z,2026-05-13T09:49:20Z
1885,143,73,duet,0.684,102,2026-05-13T09:49:20Z,2026-05-13T09:49:20Z
1886,415,104,inspired_by,0.368,68,2026-05-13T09:49:20Z,2026-05-13T09:49:20Z
1887,109,282,follows,0.206,33,2026-05-13T09:49:20Z,2026-05-13T09:49:20Z
1888,203,482,collaborates,0.245,38,2026-05-13T09:49:20Z,2026-05-13T09:49:20Z
1889,281,12,mentioned,0.29,151,2026-05-13T09:49:20Z,2026-05-13T09:49:20Z
1890,237,313,reshared,0.282,69,2026-05-13T09:49:20Z,2026-05-13T09:49:20Z
1892,268,221,duet,0.778,149,2026-05-13T09:49:20Z,2026-05-13T09:49:20Z
1893,460,353,inspired_by,0.766,141,2026-05-13T09:49:20Z,2026-05-13T09:49:20Z
1894,165,423,follows,0.392,171,2026-05-13T09:49:20Z,2026-05-13T09:49:20Z
1895,285,406,collaborates,0.45,53,2026-05-13T09:49:20Z,2026-05-13T09:49:20Z
1896,311,217,mentioned,0.559,157,2026-05-13T09:49:20Z,2026-05-13T09:49:20Z
1897,437,221,reshared,0.271,166,2026-05-13T09:49:20Z,2026-05-13T09:49:20Z
1898,352,312,tagged,0.874,39,2026-05-13T09:49:20Z,2026-05-13T09:49:20Z
1899,471,275,duet,0.536,78,2026-05-13T09:49:20Z,2026-05-13T09:49:20Z
1900,325,26,inspired_by,0.176,32,2026-05-13T09:49:20Z,2026-05-13T09:49:20Z
1901,143,422,follows,0.884,149,2026-05-13T09:49:20Z,2026-05-13T09:49:20Z
1902,413,239,collaborates,0.138,30,2026-05-13T09:49:20Z,2026-05-13T09:49:20Z
1903,418,295,mentioned,0.119,23,2026-05-13T09:49:20Z,2026-05-13T09:49:20Z
1904,39,350,reshared,0.22,158,2026-05-13T09:49:20Z,2026-05-13T09:49:20Z
1905,128,49,tagged,0.823,52,2026-05-13T09:49:20Z,2026-05-13T09:49:20Z
1906,41,302,duet,0.943,178,2026-05-13T09:49:20Z,2026-05-13T09:49:20Z
1907,137,111,inspired_by,0.184,199,2026-05-13T09:49:20Z,2026-05-13T09:49:20Z
1908,448,201,follows,0.111,174,2026-05-13T09:49:20Z,2026-05-13T09:49:20Z
1909,336,128,collaborates,0.11,94,2026-05-13T09:49:20Z,2026-05-13T09:49:20Z
1910,455,272,mentioned,0.944,148,2026-05-13T09:49:20Z,2026-05-13T09:49:20Z
1911,25,104,reshared,0.949,158,2026-05-13T09:49:20Z,2026-05-13T09:49:20Z
1912,170,488,tagged,0.983,44,2026-05-13T09:49:20Z,2026-05-13T09:49:20Z
1913,324,142,duet,0.682,148,2026-05-13T09:49:20Z,2026-05-13T09:49:20Z
1914,327,11,inspired_by,0.146,113,2026-05-13T09:49:20Z,2026-05-13T09:49:20Z
1915,41,474,follows,0.769,150,2026-05-13T09:49:20Z,2026-05-13T09:49:20Z
1916,439,27,collaborates,0.118,107,2026-05-13T09:49:20Z,2026-05-13T09:49:20Z
1917,423,16,mentioned,0.626,1,2026-05-13T09:49:20Z,2026-05-13T09:49:20Z
1918,130,35,reshared,0.576,62,2026-05-13T09:49:20Z,2026-05-13T09:49:20Z
1919,153,367,tagged,0.146,86,2026-05-13T09:49:20Z,2026-05-13T09:49:20Z
1921,252,364,inspired_by,0.765,115,2026-05-13T09:49:20Z,2026-05-13T09:49:20Z
1922,212,31,follows,0.494,153,2026-05-13T09:49:20Z,2026-05-13T09:49:20Z
1923,111,371,collaborates,0.301,163,2026-05-13T09:49:20Z,2026-05-13T09:49:20Z
1925,120,260,reshared,0.815,122,2026-05-13T09:49:20Z,2026-05-13T09:49:20Z
1926,31,251,tagged,0.574,193,2026-05-13T09:49:20Z,2026-05-13T09:49:20Z
1927,17,343,duet,0.255,54,2026-05-13T09:49:20Z,2026-05-13T09:49:20Z
1928,461,80,inspired_by,0.553,119,2026-05-13T09:49:20Z,2026-05-13T09:49:20Z
1929,346,238,follows,0.394,65,2026-05-13T09:49:20Z,2026-05-13T09:49:20Z
1930,58,225,collaborates,0.37,17,2026-05-13T09:49:20Z,2026-05-13T09:49:20Z
1932,14,394,reshared,0.296,111,2026-05-13T09:49:20Z,2026-05-13T09:49:20Z
1933,136,416,tagged,0.135,134,2026-05-13T09:49:20Z,2026-05-13T09:49:20Z
1934,210,314,duet,0.915,109,2026-05-13T09:49:20Z,2026-05-13T09:49:20Z
1935,215,448,inspired_by,0.861,74,2026-05-13T09:49:20Z,2026-05-13T09:49:20Z
1936,111,463,follows,0.424,185,2026-05-13T09:49:20Z,2026-05-13T09:49:20Z
1937,117,270,collaborates,0.229,145,2026-05-13T09:49:20Z,2026-05-13T09:49:20Z
1938,204,281,mentioned,0.993,7,2026-05-13T09:49:20Z,2026-05-13T09:49:20Z
1939,166,303,reshared,0.534,19,2026-05-13T09:49:20Z,2026-05-13T09:49:20Z
1940,153,366,tagged,0.57,62,2026-05-13T09:49:20Z,2026-05-13T09:49:20Z
1941,268,104,duet,0.945,73,2026-05-13T09:49:20Z,2026-05-13T09:49:20Z
1942,394,201,inspired_by,0.226,29,2026-05-13T09:49:20Z,2026-05-13T09:49:20Z
1943,194,85,follows,0.723,69,2026-05-13T09:49:20Z,2026-05-13T09:49:20Z
1945,176,474,mentioned,0.637,89,2026-05-13T09:49:20Z,2026-05-13T09:49:20Z
1946,184,104,reshared,0.626,122,2026-05-13T09:49:20Z,2026-05-13T09:49:20Z
1947,228,256,tagged,0.784,147,2026-05-13T09:49:20Z,2026-05-13T09:49:20Z
1948,189,211,duet,0.871,196,2026-05-13T09:49:20Z,2026-05-13T09:49:20Z
1949,60,386,inspired_by,0.761,6,2026-05-13T09:49:20Z,2026-05-13T09:49:20Z
1951,355,411,collaborates,0.161,162,2026-05-13T09:49:20Z,2026-05-13T09:49:20Z
1952,114,3,mentioned,0.15,139,2026-05-13T09:49:20Z,2026-05-13T09:49:20Z
1953,286,39,reshared,0.58,137,2026-05-13T09:49:20Z,2026-05-13T09:49:20Z
1954,469,53,tagged,0.93,2,2026-05-13T09:49:20Z,2026-05-13T09:49:20Z
1955,359,343,duet,0.193,37,2026-05-13T09:49:20Z,2026-05-13T09:49:20Z
1956,411,490,inspired_by,0.21,103,2026-05-13T09:49:20Z,2026-05-13T09:49:20Z
1957,470,210,follows,0.432,149,2026-05-13T09:49:20Z,2026-05-13T09:49:20Z
1958,79,40,collaborates,0.691,16,2026-05-13T09:49:20Z,2026-05-13T09:49:20Z
1959,393,327,mentioned,0.329,121,2026-05-13T09:49:20Z,2026-05-13T09:49:20Z
1960,106,315,reshared,0.377,9,2026-05-13T09:49:20Z,2026-05-13T09:49:20Z
1961,294,144,tagged,0.479,68,2026-05-13T09:49:20Z,2026-05-13T09:49:20Z
1962,263,383,duet,0.989,170,2026-05-13T09:49:20Z,2026-05-13T09:49:20Z
1963,237,412,inspired_by,0.289,38,2026-05-13T09:49:20Z,2026-05-13T09:49:20Z
1965,130,215,collaborates,0.605,79,2026-05-13T09:49:20Z,2026-05-13T09:49:20Z
1966,43,350,mentioned,0.797,76,2026-05-13T09:49:20Z,2026-05-13T09:49:20Z
1967,365,387,reshared,0.36,34,2026-05-13T09:49:20Z,2026-05-13T09:49:20Z
1968,367,113,tagged,0.145,66,2026-05-13T09:49:20Z,2026-05-13T09:49:20Z
1969,487,258,duet,0.57,74,2026-05-13T09:49:20Z,2026-05-13T09:49:20Z
1970,381,54,inspired_by,0.432,88,2026-05-13T09:49:20Z,2026-05-13T09:49:20Z
1971,131,285,follows,0.942,132,2026-05-13T09:49:20Z,2026-05-13T09:49:20Z
1973,50,401,mentioned,0.998,60,2026-05-13T09:49:20Z,2026-05-13T09:49:20Z
1974,173,40,reshared,0.481,68,2026-05-13T09:49:20Z,2026-05-13T09:49:20Z
1975,40,349,tagged,0.557,56,2026-05-13T09:49:20Z,2026-05-13T09:49:20Z
1976,5,19,duet,0.265,95,2026-05-13T09:49:20Z,2026-05-13T09:49:20Z
1977,178,360,inspired_by,0.602,55,2026-05-13T09:49:20Z,2026-05-13T09:49:20Z
1978,148,254,follows,0.204,106,2026-05-13T09:49:20Z,2026-05-13T09:49:20Z
1980,254,261,mentioned,0.499,168,2026-05-13T09:49:20Z,2026-05-13T09:49:20Z
1982,153,233,tagged,0.704,15,2026-05-13T09:49:20Z,2026-05-13T09:49:20Z
1983,116,15,duet,0.687,157,2026-05-13T09:49:20Z,2026-05-13T09:49:20Z
1984,73,272,inspired_by,0.921,125,2026-05-13T09:49:20Z,2026-05-13T09:49:20Z
1986,158,429,collaborates,0.632,24,2026-05-13T09:49:20Z,2026-05-13T09:49:20Z
1987,154,24,mentioned,0.692,173,2026-05-13T09:49:20Z,2026-05-13T09:49:20Z
1988,301,426,reshared,0.267,137,2026-05-13T09:49:20Z,2026-05-13T09:49:20Z
1989,489,480,tagged,0.441,64,2026-05-13T09:49:20Z,2026-05-13T09:49:20Z
1990,251,420,duet,0.591,119,2026-05-13T09:49:20Z,2026-05-13T09:49:20Z
1991,375,104,inspired_by,0.152,90,2026-05-13T09:49:20Z,2026-05-13T09:49:20Z
1992,35,14,follows,0.24,66,2026-05-13T09:49:20Z,2026-05-13T09:49:20Z
1993,487,483,collaborates,0.938,167,2026-05-13T09:49:20Z,2026-05-13T09:49:20Z
1995,164,63,reshared,0.97,184,2026-05-13T09:49:20Z,2026-05-13T09:49:20Z
1996,168,421,tagged,0.781,46,2026-05-13T09:49:20Z,2026-05-13T09:49:20Z
1997,4,16,duet,0.194,131,2026-05-13T09:49:20Z,2026-05-13T09:49:20Z
1999,346,486,follows,0.119,78,2026-05-13T09:49:20Z,2026-05-13T09:49:20Z
2000,443,367,collaborates,0.499,61,2026-05-13T09:49:20Z,2026-05-13T09:49:20Z
2001,15,290,mentioned,0.736,4,2026-05-13T09:49:20Z,2026-05-13T09:49:20Z
2002,443,72,reshared,0.641,66,2026-05-13T09:49:20Z,2026-05-13T09:49:20Z
2003,52,170,tagged,0.319,170,2026-05-13T09:49:20Z,2026-05-13T09:49:20Z
2004,349,149,duet,0.844,153,2026-05-13T09:49:20Z,2026-05-13T09:49:20Z
2005,120,80,inspired_by,0.196,95,2026-05-13T09:49:20Z,2026-05-13T09:49:20Z
2006,239,187,follows,0.461,139,2026-05-13T09:49:20Z,2026-05-13T09:49:20Z
2007,478,468,collaborates,0.307,61,2026-05-13T09:49:20Z,2026-05-13T09:49:20Z
2009,352,331,reshared,0.945,49,2026-05-13T09:49:20Z,2026-05-13T09:49:20Z
2010,1,176,tagged,0.604,22,2026-05-13T09:49:20Z,2026-05-13T09:49:20Z
2011,186,171,duet,0.559,24,2026-05-13T09:49:20Z,2026-05-13T09:49:20Z
2012,373,25,inspired_by,0.858,189,2026-05-13T09:49:20Z,2026-05-13T09:49:20Z
2013,75,63,follows,0.88,77,2026-05-13T09:49:20Z,2026-05-13T09:49:20Z
2014,62,415,collaborates,0.998,1,2026-05-13T09:49:20Z,2026-05-13T09:49:20Z
2016,270,403,reshared,0.725,164,2026-05-13T09:49:20Z,2026-05-13T09:49:20Z
2017,10,90,tagged,0.185,142,2026-05-13T09:49:20Z,2026-05-13T09:49:20Z
2018,324,190,duet,0.891,124,2026-05-13T09:49:20Z,2026-05-13T09:49:20Z
2019,251,303,inspired_by,0.633,49,2026-05-13T09:49:20Z,2026-05-13T09:49:20Z
2020,212,120,follows,0.678,25,2026-05-13T09:49:20Z,2026-05-13T09:49:20Z
2021,39,48,collaborates,0.722,181,2026-05-13T09:49:20Z,2026-05-13T09:49:20Z
2022,122,107,mentioned,0.43,52,2026-05-13T09:49:20Z,2026-05-13T09:49:20Z
2024,88,125,tagged,0.937,80,2026-05-13T09:49:20Z,2026-05-13T09:49:20Z
2026,215,354,inspired_by,0.611,132,2026-05-13T09:49:20Z,2026-05-13T09:49:20Z
2027,365,226,follows,0.668,111,2026-05-13T09:49:20Z,2026-05-13T09:49:20Z
2028,43,314,collaborates,0.214,124,2026-05-13T09:49:20Z,2026-05-13T09:49:20Z
2029,17,6,mentioned,0.631,159,2026-05-13T09:49:20Z,2026-05-13T09:49:20Z
2030,18,30,reshared,0.169,126,2026-05-13T09:49:20Z,2026-05-13T09:49:20Z
2031,217,11,tagged,0.335,167,2026-05-13T09:49:20Z,2026-05-13T09:49:20Z
2033,109,207,inspired_by,0.697,173,2026-05-13T09:49:20Z,2026-05-13T09:49:20Z
2034,474,104,follows,0.808,164,2026-05-13T09:49:20Z,2026-05-13T09:49:20Z
2035,273,159,collaborates,0.516,67,2026-05-13T09:49:20Z,2026-05-13T09:49:20Z
2037,132,254,reshared,0.41,43,2026-05-13T09:49:20Z,2026-05-13T09:49:20Z
2038,155,4,tagged,0.126,194,2026-05-13T09:49:20Z,2026-05-13T09:49:20Z
2039,307,45,duet,0.33,16,2026-05-13T09:49:20Z,2026-05-13T09:49:20Z
2040,260,289,inspired_by,0.732,192,2026-05-13T09:49:20Z,2026-05-13T09:49:20Z
2041,433,145,follows,0.48,11,2026-05-13T09:49:20Z,2026-05-13T09:49:20Z
2042,418,449,collaborates,0.498,118,2026-05-13T09:49:20Z,2026-05-13T09:49:20Z
2043,164,26,mentioned,0.217,178,2026-05-13T09:49:20Z,2026-05-13T09:49:20Z
2044,273,468,reshared,0.347,142,2026-05-13T09:49:20Z,2026-05-13T09:49:20Z
2047,252,452,inspired_by,0.948,98,2026-05-13T09:49:20Z,2026-05-13T09:49:20Z
2048,392,240,follows,0.807,87,2026-05-13T09:49:20Z,2026-05-13T09:49:20Z
2049,304,435,collaborates,0.447,141,2026-05-13T09:49:20Z,2026-05-13T09:49:20Z
2051,280,233,reshared,0.196,173,2026-05-13T09:49:20Z,2026-05-13T09:49:20Z
2052,471,150,tagged,0.711,33,2026-05-13T09:49:20Z,2026-05-13T09:49:20Z
2053,342,151,duet,0.127,69,2026-05-13T09:49:20Z,2026-05-13T09:49:20Z
2054,312,350,inspired_by,0.827,78,2026-05-13T09:49:20Z,2026-05-13T09:49:20Z
2055,106,179,follows,0.589,129,2026-05-13T09:49:20Z,2026-05-13T09:49:20Z
2057,461,254,mentioned,0.638,192,2026-05-13T09:49:20Z,2026-05-13T09:49:20Z
2059,40,78,tagged,0.84,154,2026-05-13T09:49:20Z,2026-05-13T09:49:20Z
2060,173,338,duet,0.106,42,2026-05-13T09:49:20Z,2026-05-13T09:49:20Z
2061,111,478,inspired_by,0.852,86,2026-05-13T09:49:20Z,2026-05-13T09:49:20Z
2063,122,457,collaborates,0.416,161,2026-05-13T09:49:20Z,2026-05-13T09:49:20Z
2064,269,126,mentioned,0.596,101,2026-05-13T09:49:20Z,2026-05-13T09:49:20Z
2065,487,346,reshared,0.847,46,2026-05-13T09:49:20Z,2026-05-13T09:49:20Z
2067,228,419,duet,0.205,197,2026-05-13T09:49:20Z,2026-05-13T09:49:20Z
2069,165,187,follows,0.17,120,2026-05-13T09:49:20Z,2026-05-13T09:49:20Z
2070,404,419,collaborates,0.803,37,2026-05-13T09:49:20Z,2026-05-13T09:49:20Z
2071,219,467,mentioned,0.792,163,2026-05-13T09:49:20Z,2026-05-13T09:49:20Z
2072,375,423,reshared,0.651,14,2026-05-13T09:49:20Z,2026-05-13T09:49:20Z
2073,424,321,tagged,0.104,33,2026-05-13T09:49:20Z,2026-05-13T09:49:20Z
2074,333,135,duet,0.984,138,2026-05-13T09:49:20Z,2026-05-13T09:49:20Z
2075,405,468,inspired_by,0.476,120,2026-05-13T09:49:20Z,2026-05-13T09:49:20Z
2076,201,210,follows,0.345,117,2026-05-13T09:49:20Z,2026-05-13T09:49:20Z
2077,152,211,collaborates,0.467,74,2026-05-13T09:49:20Z,2026-05-13T09:49:20Z
2078,54,164,mentioned,0.723,87,2026-05-13T09:49:20Z,2026-05-13T09:49:20Z
2079,321,294,reshared,0.145,115,2026-05-13T09:49:20Z,2026-05-13T09:49:20Z
2080,418,432,tagged,0.86,65,2026-05-13T09:49:20Z,2026-05-13T09:49:20Z
2082,44,286,inspired_by,0.217,32,2026-05-13T09:49:20Z,2026-05-13T09:49:20Z
2084,137,27,collaborates,0.793,150,2026-05-13T09:49:20Z,2026-05-13T09:49:20Z
2085,186,87,mentioned,0.27,174,2026-05-13T09:49:20Z,2026-05-13T09:49:20Z
2086,95,150,reshared,0.554,103,2026-05-13T09:49:20Z,2026-05-13T09:49:20Z
2087,124,27,tagged,0.762,105,2026-05-13T09:49:20Z,2026-05-13T09:49:20Z
2088,76,406,duet,0.113,66,2026-05-13T09:49:20Z,2026-05-13T09:49:20Z
2089,37,279,inspired_by,0.708,99,2026-05-13T09:49:20Z,2026-05-13T09:49:20Z
2092,190,227,mentioned,0.269,7,2026-05-13T09:49:20Z,2026-05-13T09:49:20Z
2093,381,117,reshared,0.5,9,2026-05-13T09:49:20Z,2026-05-13T09:49:20Z
2094,91,172,tagged,0.857,151,2026-05-13T09:49:20Z,2026-05-13T09:49:20Z
2095,87,435,duet,0.643,48,2026-05-13T09:49:20Z,2026-05-13T09:49:20Z
2096,201,71,inspired_by,0.54,81,2026-05-13T09:49:20Z,2026-05-13T09:49:20Z
2097,31,430,follows,0.755,57,2026-05-13T09:49:20Z,2026-05-13T09:49:20Z
2098,224,253,collaborates,0.454,61,2026-05-13T09:49:20Z,2026-05-13T09:49:20Z
2099,385,388,mentioned,0.333,116,2026-05-13T09:49:20Z,2026-05-13T09:49:20Z
2100,377,341,reshared,0.592,6,2026-05-13T09:49:20Z,2026-05-13T09:49:20Z
2101,144,89,tagged,0.612,68,2026-05-13T09:49:20Z,2026-05-13T09:49:20Z
2102,87,420,duet,0.176,50,2026-05-13T09:49:20Z,2026-05-13T09:49:20Z
2103,222,137,inspired_by,0.763,83,2026-05-13T09:49:20Z,2026-05-13T09:49:20Z
2104,269,115,follows,0.142,197,2026-05-13T09:49:20Z,2026-05-13T09:49:20Z
2105,236,162,collaborates,0.706,168,2026-05-13T09:49:20Z,2026-05-13T09:49:20Z
2106,480,286,mentioned,0.4,111,2026-05-13T09:49:20Z,2026-05-13T09:49:20Z
2107,14,346,reshared,0.659,190,2026-05-13T09:49:20Z,2026-05-13T09:49:20Z
2108,21,191,tagged,0.803,94,2026-05-13T09:49:20Z,2026-05-13T09:49:20Z
2109,32,85,duet,0.62,117,2026-05-13T09:49:20Z,2026-05-13T09:49:20Z
2110,491,282,inspired_by,0.691,103,2026-05-13T09:49:20Z,2026-05-13T09:49:20Z
2111,75,228,follows,0.73,1,2026-05-13T09:49:20Z,2026-05-13T09:49:20Z
2112,367,217,collaborates,0.36,53,2026-05-13T09:49:20Z,2026-05-13T09:49:20Z
2113,58,458,mentioned,0.479,148,2026-05-13T09:49:20Z,2026-05-13T09:49:20Z
2114,135,433,reshared,0.624,64,2026-05-13T09:49:20Z,2026-05-13T09:49:20Z
2115,434,94,tagged,0.359,44,2026-05-13T09:49:20Z,2026-05-13T09:49:20Z
2116,120,425,duet,0.746,103,2026-05-13T09:49:20Z,2026-05-13T09:49:20Z
2117,222,155,inspired_by,0.999,109,2026-05-13T09:49:20Z,2026-05-13T09:49:20Z
2119,390,184,collaborates,0.859,144,2026-05-13T09:49:20Z,2026-05-13T09:49:20Z
2120,11,306,mentioned,0.838,29,2026-05-13T09:49:20Z,2026-05-13T09:49:20Z
2121,313,21,reshared,0.724,64,2026-05-13T09:49:20Z,2026-05-13T09:49:20Z
2122,132,179,tagged,0.809,189,2026-05-13T09:49:20Z,2026-05-13T09:49:20Z
2123,179,425,duet,0.823,49,2026-05-13T09:49:20Z,2026-05-13T09:49:20Z
2124,216,184,inspired_by,0.126,120,2026-05-13T09:49:20Z,2026-05-13T09:49:20Z
2125,383,344,follows,0.592,110,2026-05-13T09:49:20Z,2026-05-13T09:49:20Z
2126,71,388,collaborates,0.906,182,2026-05-13T09:49:20Z,2026-05-13T09:49:20Z
2127,151,130,mentioned,0.518,60,2026-05-13T09:49:20Z,2026-05-13T09:49:20Z
2129,115,482,tagged,0.583,102,2026-05-13T09:49:20Z,2026-05-13T09:49:20Z
2131,89,394,inspired_by,0.809,49,2026-05-13T09:49:20Z,2026-05-13T09:49:20Z
2132,38,261,follows,0.311,114,2026-05-13T09:49:20Z,2026-05-13T09:49:20Z
2133,36,192,collaborates,0.347,33,2026-05-13T09:49:20Z,2026-05-13T09:49:20Z
2134,202,352,mentioned,0.149,188,2026-05-13T09:49:20Z,2026-05-13T09:49:20Z
2135,151,78,reshared,0.653,154,2026-05-13T09:49:20Z,2026-05-13T09:49:20Z
2136,377,124,tagged,0.521,119,2026-05-13T09:49:20Z,2026-05-13T09:49:20Z
2137,416,168,duet,0.777,133,2026-05-13T09:49:20Z,2026-05-13T09:49:20Z
2140,157,64,collaborates,0.533,76,2026-05-13T09:49:20Z,2026-05-13T09:49:20Z
2141,322,363,mentioned,0.516,182,2026-05-13T09:49:20Z,2026-05-13T09:49:20Z
2142,58,255,reshared,0.515,108,2026-05-13T09:49:20Z,2026-05-13T09:49:20Z
2143,69,75,tagged,0.352,199,2026-05-13T09:49:20Z,2026-05-13T09:49:20Z
2144,372,458,duet,0.468,6,2026-05-13T09:49:20Z,2026-05-13T09:49:20Z
2145,70,266,inspired_by,0.921,191,2026-05-13T09:49:20Z,2026-05-13T09:49:20Z
2146,12,320,follows,0.576,115,2026-05-13T09:49:20Z,2026-05-13T09:49:20Z
2147,357,35,collaborates,0.446,146,2026-05-13T09:49:20Z,2026-05-13T09:49:20Z
2148,415,263,mentioned,0.388,192,2026-05-13T09:49:20Z,2026-05-13T09:49:20Z
2149,441,38,reshared,0.714,176,2026-05-13T09:49:20Z,2026-05-13T09:49:20Z
2150,379,457,tagged,0.221,197,2026-05-13T09:49:20Z,2026-05-13T09:49:20Z
2151,242,16,duet,0.697,127,2026-05-13T09:49:20Z,2026-05-13T09:49:20Z
2152,210,405,inspired_by,0.986,128,2026-05-13T09:49:20Z,2026-05-13T09:49:20Z
2153,430,348,follows,0.259,68,2026-05-13T09:49:20Z,2026-05-13T09:49:20Z
2154,384,5,collaborates,0.956,76,2026-05-13T09:49:20Z,2026-05-13T09:49:20Z
2156,27,384,reshared,0.549,8,2026-05-13T09:49:20Z,2026-05-13T09:49:20Z
2157,113,473,tagged,0.892,106,2026-05-13T09:49:20Z,2026-05-13T09:49:20Z
2158,423,267,duet,0.112,127,2026-05-13T09:49:20Z,2026-05-13T09:49:20Z
2159,281,283,inspired_by,0.635,90,2026-05-13T09:49:20Z,2026-05-13T09:49:20Z
2160,234,253,follows,0.295,120,2026-05-13T09:49:20Z,2026-05-13T09:49:20Z
2161,383,276,collaborates,0.164,125,2026-05-13T09:49:20Z,2026-05-13T09:49:20Z
2162,268,134,mentioned,0.405,141,2026-05-13T09:49:20Z,2026-05-13T09:49:20Z
2163,454,160,reshared,0.862,165,2026-05-13T09:49:20Z,2026-05-13T09:49:20Z
2164,349,311,tagged,0.122,144,2026-05-13T09:49:20Z,2026-05-13T09:49:20Z
2165,489,267,duet,0.249,58,2026-05-13T09:49:20Z,2026-05-13T09:49:20Z
2166,181,490,inspired_by,0.35,89,2026-05-13T09:49:20Z,2026-05-13T09:49:20Z
2167,140,379,follows,0.812,51,2026-05-13T09:49:20Z,2026-05-13T09:49:20Z
2168,257,83,collaborates,0.981,118,2026-05-13T09:49:20Z,2026-05-13T09:49:20Z
2169,201,350,mentioned,0.63,120,2026-05-13T09:49:20Z,2026-05-13T09:49:20Z
2170,26,412,reshared,0.77,31,2026-05-13T09:49:20Z,2026-05-13T09:49:20Z
2171,141,357,tagged,0.418,114,2026-05-13T09:49:20Z,2026-05-13T09:49:20Z
2172,87,19,duet,0.419,113,2026-05-13T09:49:20Z,2026-05-13T09:49:20Z
2173,58,374,inspired_by,0.763,168,2026-05-13T09:49:20Z,2026-05-13T09:49:20Z
2175,164,423,collaborates,0.893,14,2026-05-13T09:49:20Z,2026-05-13T09:49:20Z
2176,216,157,mentioned,0.367,67,2026-05-13T09:49:20Z,2026-05-13T09:49:20Z
2177,19,214,reshared,0.481,152,2026-05-13T09:49:20Z,2026-05-13T09:49:20Z
2178,232,378,tagged,0.885,56,2026-05-13T09:49:20Z,2026-05-13T09:49:20Z
2179,133,255,duet,0.873,109,2026-05-13T09:49:20Z,2026-05-13T09:49:20Z
2180,18,311,inspired_by,0.111,80,2026-05-13T09:49:20Z,2026-05-13T09:49:20Z
2181,261,259,follows,0.189,7,2026-05-13T09:49:20Z,2026-05-13T09:49:20Z
2182,325,13,collaborates,0.686,148,2026-05-13T09:49:20Z,2026-05-13T09:49:20Z
2183,282,231,mentioned,0.7,98,2026-05-13T09:49:20Z,2026-05-13T09:49:20Z
2184,77,21,reshared,0.535,65,2026-05-13T09:49:20Z,2026-05-13T09:49:20Z
2185,80,382,tagged,0.399,129,2026-05-13T09:49:20Z,2026-05-13T09:49:20Z
2187,138,293,inspired_by,0.449,109,2026-05-13T09:49:20Z,2026-05-13T09:49:20Z
2188,62,30,follows,0.517,172,2026-05-13T09:49:20Z,2026-05-13T09:49:20Z
2189,191,482,collaborates,0.192,20,2026-05-13T09:49:20Z,2026-05-13T09:49:20Z
2190,169,466,mentioned,0.166,122,2026-05-13T09:49:20Z,2026-05-13T09:49:20Z
2191,445,44,reshared,0.327,125,2026-05-13T09:49:20Z,2026-05-13T09:49:20Z
2193,146,94,duet,0.272,168,2026-05-13T09:49:20Z,2026-05-13T09:49:20Z
2194,422,423,inspired_by,0.81,162,2026-05-13T09:49:20Z,2026-05-13T09:49:20Z
2195,60,239,follows,0.623,157,2026-05-13T09:49:20Z,2026-05-13T09:49:20Z
2196,42,57,collaborates,0.644,192,2026-05-13T09:49:20Z,2026-05-13T09:49:20Z
2197,222,378,mentioned,0.631,100,2026-05-13T09:49:20Z,2026-05-13T09:49:20Z
2198,486,274,reshared,0.942,14,2026-05-13T09:49:20Z,2026-05-13T09:49:20Z
2199,426,287,tagged,0.345,123,2026-05-13T09:49:20Z,2026-05-13T09:49:20Z
2200,286,222,duet,0.838,115,2026-05-13T09:49:20Z,2026-05-13T09:49:20Z
2201,386,285,inspired_by,0.45,196,2026-05-13T09:49:20Z,2026-05-13T09:49:20Z
2202,452,124,follows,0.707,102,2026-05-13T09:49:20Z,2026-05-13T09:49:20Z
2203,230,336,collaborates,0.898,86,2026-05-13T09:49:20Z,2026-05-13T09:49:20Z
2204,31,334,mentioned,0.616,72,2026-05-13T09:49:20Z,2026-05-13T09:49:20Z
2205,422,414,reshared,0.212,159,2026-05-13T09:49:20Z,2026-05-13T09:49:20Z
2206,449,266,tagged,0.551,33,2026-05-13T09:49:20Z,2026-05-13T09:49:20Z
2207,381,228,duet,0.513,88,2026-05-13T09:49:20Z,2026-05-13T09:49:20Z
2209,32,477,follows,0.793,1,2026-05-13T09:49:20Z,2026-05-13T09:49:20Z
2210,180,138,collaborates,0.525,183,2026-05-13T09:49:20Z,2026-05-13T09:49:20Z
2211,223,235,mentioned,0.935,10,2026-05-13T09:49:20Z,2026-05-13T09:49:20Z
2213,210,195,tagged,0.474,99,2026-05-13T09:49:20Z,2026-05-13T09:49:20Z
2214,488,158,duet,0.763,112,2026-05-13T09:49:20Z,2026-05-13T09:49:20Z
2215,21,417,inspired_by,0.481,46,2026-05-13T09:49:20Z,2026-05-13T09:49:20Z
2216,423,30,follows,0.476,106,2026-05-13T09:49:20Z,2026-05-13T09:49:20Z
2217,322,323,collaborates,0.49,86,2026-05-13T09:49:20Z,2026-05-13T09:49:20Z
2218,471,23,mentioned,0.347,62,2026-05-13T09:49:20Z,2026-05-13T09:49:20Z
2219,157,26,reshared,0.864,30,2026-05-13T09:49:20Z,2026-05-13T09:49:20Z
2220,24,456,tagged,0.898,41,2026-05-13T09:49:20Z,2026-05-13T09:49:20Z
2221,423,430,duet,0.941,61,2026-05-13T09:49:20Z,2026-05-13T09:49:20Z
2222,457,61,inspired_by,0.522,22,2026-05-13T09:49:20Z,2026-05-13T09:49:20Z
2223,402,95,follows,0.312,46,2026-05-13T09:49:20Z,2026-05-13T09:49:20Z
2224,167,438,collaborates,0.505,22,2026-05-13T09:49:20Z,2026-05-13T09:49:20Z
2225,66,178,mentioned,0.53,39,2026-05-13T09:49:20Z,2026-05-13T09:49:20Z
2226,273,345,reshared,0.131,149,2026-05-13T09:49:20Z,2026-05-13T09:49:20Z
2227,221,130,tagged,0.679,9,2026-05-13T09:49:20Z,2026-05-13T09:49:20Z
2228,122,306,duet,0.786,180,2026-05-13T09:49:20Z,2026-05-13T09:49:20Z
2229,355,176,inspired_by,0.581,158,2026-05-13T09:49:20Z,2026-05-13T09:49:20Z
2230,90,436,follows,0.675,94,2026-05-13T09:49:20Z,2026-05-13T09:49:20Z
2231,418,329,collaborates,0.69,59,2026-05-13T09:49:20Z,2026-05-13T09:49:20Z
2232,460,356,mentioned,0.476,90,2026-05-13T09:49:20Z,2026-05-13T09:49:20Z
2233,203,161,reshared,0.407,121,2026-05-13T09:49:20Z,2026-05-13T09:49:20Z
2234,309,453,tagged,0.952,62,2026-05-13T09:49:20Z,2026-05-13T09:49:20Z
2235,69,284,duet,0.41,36,2026-05-13T09:49:20Z,2026-05-13T09:49:20Z
2236,367,114,inspired_by,0.11,108,2026-05-13T09:49:20Z,2026-05-13T09:49:20Z
2237,271,378,follows,0.116,104,2026-05-13T09:49:20Z,2026-05-13T09:49:20Z
2238,382,44,collaborates,0.621,196,2026-05-13T09:49:20Z,2026-05-13T09:49:20Z
2239,15,66,mentioned,0.54,98,2026-05-13T09:49:20Z,2026-05-13T09:49:20Z
2240,209,223,reshared,0.277,172,2026-05-13T09:49:20Z,2026-05-13T09:49:20Z
2241,290,484,tagged,0.68,175,2026-05-13T09:49:20Z,2026-05-13T09:49:20Z
2242,268,348,duet,0.292,172,2026-05-13T09:49:20Z,2026-05-13T09:49:20Z
2243,460,432,inspired_by,0.971,185,2026-05-13T09:49:20Z,2026-05-13T09:49:20Z
2244,58,320,follows,0.111,80,2026-05-13T09:49:20Z,2026-05-13T09:49:20Z
2245,216,331,collaborates,0.836,142,2026-05-13T09:49:20Z,2026-05-13T09:49:20Z
2247,226,408,reshared,0.184,11,2026-05-13T09:49:20Z,2026-05-13T09:49:20Z
2248,184,71,tagged,0.255,146,2026-05-13T09:49:20Z,2026-05-13T09:49:20Z
2249,276,486,duet,0.148,58,2026-05-13T09:49:20Z,2026-05-13T09:49:20Z
2250,462,111,inspired_by,0.46,97,2026-05-13T09:49:20Z,2026-05-13T09:49:20Z
2251,319,485,follows,0.504,178,2026-05-13T09:49:20Z,2026-05-13T09:49:20Z
2252,364,291,collaborates,0.445,94,2026-05-13T09:49:20Z,2026-05-13T09:49:20Z
2254,221,310,reshared,0.374,10,2026-05-13T09:49:20Z,2026-05-13T09:49:20Z
2256,419,190,duet,0.63,99,2026-05-13T09:49:20Z,2026-05-13T09:49:20Z
2257,427,11,inspired_by,0.296,12,2026-05-13T09:49:20Z,2026-05-13T09:49:20Z
2258,430,203,follows,0.898,18,2026-05-13T09:49:20Z,2026-05-13T09:49:20Z
2259,324,131,collaborates,0.646,111,2026-05-13T09:49:20Z,2026-05-13T09:49:20Z
2260,289,402,mentioned,0.919,53,2026-05-13T09:49:20Z,2026-05-13T09:49:20Z
2261,67,146,reshared,0.363,164,2026-05-13T09:49:20Z,2026-05-13T09:49:20Z
2262,381,234,tagged,0.8,75,2026-05-13T09:49:20Z,2026-05-13T09:49:20Z
2263,357,483,duet,0.287,158,2026-05-13T09:49:20Z,2026-05-13T09:49:20Z
2264,301,487,inspired_by,0.985,104,2026-05-13T09:49:20Z,2026-05-13T09:49:20Z
2265,4,328,follows,0.955,123,2026-05-13T09:49:20Z,2026-05-13T09:49:20Z
2266,2,133,collaborates,0.6,93,2026-05-13T09:49:20Z,2026-05-13T09:49:20Z
2268,221,106,reshared,0.383,189,2026-05-13T09:49:20Z,2026-05-13T09:49:20Z
2269,18,110,tagged,0.765,125,2026-05-13T09:49:20Z,2026-05-13T09:49:20Z
2270,424,181,duet,0.885,119,2026-05-13T09:49:20Z,2026-05-13T09:49:20Z
2271,3,210,inspired_by,0.863,97,2026-05-13T09:49:20Z,2026-05-13T09:49:20Z
2273,459,274,collaborates,0.251,118,2026-05-13T09:49:20Z,2026-05-13T09:49:20Z
2274,43,229,mentioned,0.758,142,2026-05-13T09:49:20Z,2026-05-13T09:49:20Z
2275,53,42,reshared,0.872,45,2026-05-13T09:49:20Z,2026-05-13T09:49:20Z
2276,340,46,tagged,0.392,152,2026-05-13T09:49:20Z,2026-05-13T09:49:20Z
2277,101,465,duet,0.477,95,2026-05-13T09:49:20Z,2026-05-13T09:49:20Z
2278,176,421,inspired_by,0.202,3,2026-05-13T09:49:20Z,2026-05-13T09:49:20Z
2279,46,392,follows,0.192,81,2026-05-13T09:49:20Z,2026-05-13T09:49:20Z
2280,70,79,collaborates,0.22,101,2026-05-13T09:49:20Z,2026-05-13T09:49:20Z
2281,181,472,mentioned,0.664,107,2026-05-13T09:49:20Z,2026-05-13T09:49:20Z
2282,334,23,reshared,0.693,29,2026-05-13T09:49:20Z,2026-05-13T09:49:20Z
2283,151,294,tagged,0.865,111,2026-05-13T09:49:20Z,2026-05-13T09:49:20Z
2285,184,131,inspired_by,0.964,152,2026-05-13T09:49:20Z,2026-05-13T09:49:20Z
2286,357,353,follows,0.712,6,2026-05-13T09:49:20Z,2026-05-13T09:49:20Z
2287,175,133,collaborates,0.997,46,2026-05-13T09:49:20Z,2026-05-13T09:49:20Z
2288,308,425,mentioned,0.295,95,2026-05-13T09:49:20Z,2026-05-13T09:49:20Z
2289,23,238,reshared,0.783,74,2026-05-13T09:49:20Z,2026-05-13T09:49:20Z
2290,68,483,tagged,0.913,103,2026-05-13T09:49:20Z,2026-05-13T09:49:20Z
2291,268,132,duet,0.124,163,2026-05-13T09:49:20Z,2026-05-13T09:49:20Z
2292,26,232,inspired_by,0.301,93,2026-05-13T09:49:20Z,2026-05-13T09:49:20Z
2293,32,31,follows,0.249,173,2026-05-13T09:49:20Z,2026-05-13T09:49:20Z
2295,114,307,mentioned,0.787,61,2026-05-13T09:49:20Z,2026-05-13T09:49:20Z
2296,447,430,reshared,0.654,71,2026-05-13T09:49:20Z,2026-05-13T09:49:20Z
2298,89,128,duet,0.751,183,2026-05-13T09:49:20Z,2026-05-13T09:49:20Z
2299,263,485,inspired_by,0.618,155,2026-05-13T09:49:20Z,2026-05-13T09:49:20Z
2300,93,444,follows,0.545,84,2026-05-13T09:49:20Z,2026-05-13T09:49:20Z
2301,164,80,collaborates,0.185,101,2026-05-13T09:49:20Z,2026-05-13T09:49:20Z
2302,333,370,mentioned,0.276,55,2026-05-13T09:49:20Z,2026-05-13T09:49:20Z
2303,53,257,reshared,0.708,10,2026-05-13T09:49:20Z,2026-05-13T09:49:20Z
2304,422,255,tagged,0.878,125,2026-05-13T09:49:20Z,2026-05-13T09:49:20Z
2305,432,468,duet,0.471,47,2026-05-13T09:49:20Z,2026-05-13T09:49:20Z
2306,359,465,inspired_by,0.445,120,2026-05-13T09:49:20Z,2026-05-13T09:49:20Z
2307,25,364,follows,0.681,14,2026-05-13T09:49:20Z,2026-05-13T09:49:20Z
2308,352,15,collaborates,0.227,113,2026-05-13T09:49:20Z,2026-05-13T09:49:20Z
2309,386,422,mentioned,0.828,117,2026-05-13T09:49:20Z,2026-05-13T09:49:20Z
2311,65,295,tagged,0.678,8,2026-05-13T09:49:20Z,2026-05-13T09:49:20Z
2312,383,289,duet,0.588,83,2026-05-13T09:49:20Z,2026-05-13T09:49:20Z
2313,461,485,inspired_by,0.109,184,2026-05-13T09:49:20Z,2026-05-13T09:49:20Z
2314,418,431,follows,0.117,77,2026-05-13T09:49:20Z,2026-05-13T09:49:20Z
2315,444,364,collaborates,0.614,79,2026-05-13T09:49:20Z,2026-05-13T09:49:20Z
2316,384,166,mentioned,0.855,178,2026-05-13T09:49:20Z,2026-05-13T09:49:20Z
2317,187,238,reshared,0.668,97,2026-05-13T09:49:20Z,2026-05-13T09:49:20Z
2318,162,242,tagged,0.833,2,2026-05-13T09:49:20Z,2026-05-13T09:49:20Z
2319,271,27,duet,0.344,102,2026-05-13T09:49:20Z,2026-05-13T09:49:20Z
2320,263,455,inspired_by,0.111,197,2026-05-13T09:49:20Z,2026-05-13T09:49:20Z
2321,358,322,follows,0.988,113,2026-05-13T09:49:20Z,2026-05-13T09:49:20Z
2322,446,79,collaborates,0.951,138,2026-05-13T09:49:20Z,2026-05-13T09:49:20Z
2323,294,187,mentioned,0.981,82,2026-05-13T09:49:20Z,2026-05-13T09:49:20Z
2324,73,229,reshared,0.174,102,2026-05-13T09:49:20Z,2026-05-13T09:49:20Z
2325,42,134,tagged,0.574,22,2026-05-13T09:49:20Z,2026-05-13T09:49:20Z
2326,40,176,duet,0.479,98,2026-05-13T09:49:20Z,2026-05-13T09:49:20Z
2327,21,139,inspired_by,0.487,77,2026-05-13T09:49:20Z,2026-05-13T09:49:20Z
2328,395,16,follows,0.434,126,2026-05-13T09:49:20Z,2026-05-13T09:49:20Z
2329,194,274,collaborates,0.965,137,2026-05-13T09:49:20Z,2026-05-13T09:49:20Z
2332,471,441,tagged,0.567,127,2026-05-13T09:49:20Z,2026-05-13T09:49:20Z
2333,161,392,duet,0.656,123,2026-05-13T09:49:20Z,2026-05-13T09:49:20Z
2334,140,214,inspired_by,0.53,154,2026-05-13T09:49:20Z,2026-05-13T09:49:20Z
2335,461,205,follows,0.958,142,2026-05-13T09:49:20Z,2026-05-13T09:49:20Z
2336,94,156,collaborates,0.388,198,2026-05-13T09:49:20Z,2026-05-13T09:49:20Z
2337,461,462,mentioned,0.187,129,2026-05-13T09:49:20Z,2026-05-13T09:49:20Z
2338,124,327,reshared,0.538,189,2026-05-13T09:49:20Z,2026-05-13T09:49:20Z
2339,433,208,tagged,0.626,8,2026-05-13T09:49:20Z,2026-05-13T09:49:20Z
2340,126,462,duet,0.212,74,2026-05-13T09:49:20Z,2026-05-13T09:49:20Z
2341,40,24,inspired_by,0.101,18,2026-05-13T09:49:20Z,2026-05-13T09:49:20Z
2342,229,417,follows,0.462,67,2026-05-13T09:49:20Z,2026-05-13T09:49:20Z
2343,479,449,collaborates,0.457,138,2026-05-13T09:49:20Z,2026-05-13T09:49:20Z
2344,50,444,mentioned,0.972,160,2026-05-13T09:49:20Z,2026-05-13T09:49:20Z
2345,270,488,reshared,0.21,42,2026-05-13T09:49:20Z,2026-05-13T09:49:20Z
2346,277,3,tagged,0.624,42,2026-05-13T09:49:20Z,2026-05-13T09:49:20Z
2349,228,469,follows,0.816,131,2026-05-13T09:49:20Z,2026-05-13T09:49:20Z
2350,82,355,collaborates,0.392,182,2026-05-13T09:49:20Z,2026-05-13T09:49:20Z
2352,279,224,reshared,0.773,86,2026-05-13T09:49:20Z,2026-05-13T09:49:20Z
2353,205,348,tagged,0.323,163,2026-05-13T09:49:20Z,2026-05-13T09:49:20Z
2354,465,347,duet,0.618,60,2026-05-13T09:49:20Z,2026-05-13T09:49:20Z
2355,123,322,inspired_by,0.662,168,2026-05-13T09:49:20Z,2026-05-13T09:49:20Z
2356,222,266,follows,0.414,88,2026-05-13T09:49:20Z,2026-05-13T09:49:20Z
2357,427,95,collaborates,0.41,54,2026-05-13T09:49:20Z,2026-05-13T09:49:20Z
2358,307,144,mentioned,0.74,81,2026-05-13T09:49:20Z,2026-05-13T09:49:20Z
2359,240,224,reshared,0.605,26,2026-05-13T09:49:20Z,2026-05-13T09:49:20Z
2360,226,163,tagged,0.675,127,2026-05-13T09:49:20Z,2026-05-13T09:49:20Z
2361,447,443,duet,0.42,64,2026-05-13T09:49:20Z,2026-05-13T09:49:20Z
2362,152,351,inspired_by,0.386,142,2026-05-13T09:49:20Z,2026-05-13T09:49:20Z
2364,129,331,collaborates,0.413,144,2026-05-13T09:49:20Z,2026-05-13T09:49:20Z
2365,337,334,mentioned,0.658,39,2026-05-13T09:49:20Z,2026-05-13T09:49:20Z
2366,367,226,reshared,0.851,180,2026-05-13T09:49:20Z,2026-05-13T09:49:20Z
2368,18,106,duet,0.945,32,2026-05-13T09:49:20Z,2026-05-13T09:49:20Z
2369,274,482,inspired_by,0.244,152,2026-05-13T09:49:20Z,2026-05-13T09:49:20Z
2370,125,328,follows,0.235,96,2026-05-13T09:49:20Z,2026-05-13T09:49:20Z
2371,301,413,collaborates,0.896,177,2026-05-13T09:49:20Z,2026-05-13T09:49:20Z
2372,475,30,mentioned,0.213,35,2026-05-13T09:49:20Z,2026-05-13T09:49:20Z
2373,67,90,reshared,0.39,42,2026-05-13T09:49:20Z,2026-05-13T09:49:20Z
2374,388,233,tagged,0.587,15,2026-05-13T09:49:20Z,2026-05-13T09:49:20Z
2375,350,150,duet,0.754,69,2026-05-13T09:49:20Z,2026-05-13T09:49:20Z
2376,457,126,inspired_by,0.884,34,2026-05-13T09:49:20Z,2026-05-13T09:49:20Z
2380,255,472,reshared,0.17,60,2026-05-13T09:49:20Z,2026-05-13T09:49:20Z
2381,487,133,tagged,0.652,165,2026-05-13T09:49:20Z,2026-05-13T09:49:20Z
2382,338,236,duet,0.307,54,2026-05-13T09:49:20Z,2026-05-13T09:49:20Z
2383,140,436,inspired_by,0.194,37,2026-05-13T09:49:20Z,2026-05-13T09:49:20Z
2384,454,11,follows,0.679,3,2026-05-13T09:49:20Z,2026-05-13T09:49:20Z
2386,274,161,mentioned,0.525,131,2026-05-13T09:49:20Z,2026-05-13T09:49:20Z
2388,213,304,tagged,0.433,140,2026-05-13T09:49:20Z,2026-05-13T09:49:20Z
2389,282,167,duet,0.254,123,2026-05-13T09:49:20Z,2026-05-13T09:49:20Z
2390,362,50,inspired_by,0.492,136,2026-05-13T09:49:20Z,2026-05-13T09:49:20Z
2391,266,237,follows,0.729,53,2026-05-13T09:49:20Z,2026-05-13T09:49:20Z
2392,255,415,collaborates,0.378,4,2026-05-13T09:49:20Z,2026-05-13T09:49:20Z
2393,377,237,mentioned,0.118,16,2026-05-13T09:49:20Z,2026-05-13T09:49:20Z
2394,141,270,reshared,0.956,135,2026-05-13T09:49:20Z,2026-05-13T09:49:20Z
2395,330,263,tagged,0.221,25,2026-05-13T09:49:20Z,2026-05-13T09:49:20Z
2396,49,295,duet,0.975,171,2026-05-13T09:49:20Z,2026-05-13T09:49:20Z
2397,111,136,inspired_by,0.82,132,2026-05-13T09:49:20Z,2026-05-13T09:49:20Z
2398,60,39,follows,0.725,8,2026-05-13T09:49:20Z,2026-05-13T09:49:20Z
2399,366,51,collaborates,0.613,16,2026-05-13T09:49:20Z,2026-05-13T09:49:20Z
2400,84,384,mentioned,0.703,90,2026-05-13T09:49:20Z,2026-05-13T09:49:20Z
2401,434,462,reshared,0.447,144,2026-05-13T09:49:20Z,2026-05-13T09:49:20Z
2402,83,158,tagged,0.442,49,2026-05-13T09:49:20Z,2026-05-13T09:49:20Z
2403,430,150,duet,0.764,167,2026-05-13T09:49:20Z,2026-05-13T09:49:20Z
2406,454,2,collaborates,0.148,102,2026-05-13T09:49:20Z,2026-05-13T09:49:20Z
2407,287,290,mentioned,0.238,91,2026-05-13T09:49:20Z,2026-05-13T09:49:20Z
2408,163,305,reshared,0.216,111,2026-05-13T09:49:20Z,2026-05-13T09:49:20Z
2409,234,255,tagged,0.856,53,2026-05-13T09:49:20Z,2026-05-13T09:49:20Z
2410,453,173,duet,0.191,20,2026-05-13T09:49:20Z,2026-05-13T09:49:20Z
2411,286,265,inspired_by,0.544,164,2026-05-13T09:49:20Z,2026-05-13T09:49:20Z
2412,239,116,follows,0.825,100,2026-05-13T09:49:20Z,2026-05-13T09:49:20Z
2414,386,355,mentioned,0.966,93,2026-05-13T09:49:20Z,2026-05-13T09:49:20Z
2415,260,265,reshared,0.258,100,2026-05-13T09:49:20Z,2026-05-13T09:49:20Z
2417,405,284,duet,0.19,124,2026-05-13T09:49:20Z,2026-05-13T09:49:20Z
2418,373,316,inspired_by,0.88,68,2026-05-13T09:49:20Z,2026-05-13T09:49:20Z
2419,19,205,follows,0.515,82,2026-05-13T09:49:20Z,2026-05-13T09:49:20Z
2420,118,422,collaborates,0.11,37,2026-05-13T09:49:20Z,2026-05-13T09:49:20Z
2421,40,427,mentioned,0.595,23,2026-05-13T09:49:20Z,2026-05-13T09:49:20Z
2422,169,45,reshared,0.118,1,2026-05-13T09:49:20Z,2026-05-13T09:49:20Z
2423,29,8,tagged,0.788,172,2026-05-13T09:49:20Z,2026-05-13T09:49:20Z
2424,423,442,duet,0.504,81,2026-05-13T09:49:20Z,2026-05-13T09:49:20Z
2425,57,292,inspired_by,0.499,49,2026-05-13T09:49:20Z,2026-05-13T09:49:20Z
2426,431,331,follows,0.856,128,2026-05-13T09:49:20Z,2026-05-13T09:49:20Z
2427,446,88,collaborates,0.551,5,2026-05-13T09:49:20Z,2026-05-13T09:49:20Z
2428,286,479,mentioned,0.687,122,2026-05-13T09:49:20Z,2026-05-13T09:49:20Z
2430,295,402,tagged,0.418,176,2026-05-13T09:49:20Z,2026-05-13T09:49:20Z
2431,292,425,duet,0.535,124,2026-05-13T09:49:20Z,2026-05-13T09:49:20Z
2432,266,156,inspired_by,0.769,31,2026-05-13T09:49:20Z,2026-05-13T09:49:20Z
2433,5,445,follows,0.687,23,2026-05-13T09:49:20Z,2026-05-13T09:49:20Z
2434,261,418,collaborates,0.842,197,2026-05-13T09:49:20Z,2026-05-13T09:49:20Z
2435,23,26,mentioned,0.225,185,2026-05-13T09:49:20Z,2026-05-13T09:49:20Z
2436,32,331,reshared,0.654,93,2026-05-13T09:49:20Z,2026-05-13T09:49:20Z
2437,364,186,tagged,0.234,92,2026-05-13T09:49:20Z,2026-05-13T09:49:20Z
2438,353,394,duet,0.358,141,2026-05-13T09:49:20Z,2026-05-13T09:49:20Z
2439,226,455,inspired_by,0.877,84,2026-05-13T09:49:20Z,2026-05-13T09:49:20Z
2440,486,287,follows,0.813,183,2026-05-13T09:49:20Z,2026-05-13T09:49:20Z
2441,41,76,collaborates,0.225,23,2026-05-13T09:49:20Z,2026-05-13T09:49:20Z
2442,406,235,mentioned,0.64,91,2026-05-13T09:49:20Z,2026-05-13T09:49:20Z
2443,382,370,reshared,0.291,133,2026-05-13T09:49:20Z,2026-05-13T09:49:20Z
2444,241,476,tagged,0.411,67,2026-05-13T09:49:20Z,2026-05-13T09:49:20Z
2445,120,311,duet,0.172,52,2026-05-13T09:49:20Z,2026-05-13T09:49:20Z
2446,58,15,inspired_by,0.875,94,2026-05-13T09:49:20Z,2026-05-13T09:49:20Z
2447,409,254,follows,0.579,104,2026-05-13T09:49:20Z,2026-05-13T09:49:20Z
2448,214,304,collaborates,0.916,26,2026-05-13T09:49:20Z,2026-05-13T09:49:20Z
2449,101,137,mentioned,0.134,178,2026-05-13T09:49:20Z,2026-05-13T09:49:20Z
2450,74,106,reshared,0.926,103,2026-05-13T09:49:20Z,2026-05-13T09:49:20Z
2451,65,178,tagged,0.213,42,2026-05-13T09:49:20Z,2026-05-13T09:49:20Z
2452,378,311,duet,0.137,140,2026-05-13T09:49:20Z,2026-05-13T09:49:20Z
2453,275,463,inspired_by,0.709,21,2026-05-13T09:49:20Z,2026-05-13T09:49:20Z
2454,301,322,follows,0.447,182,2026-05-13T09:49:20Z,2026-05-13T09:49:20Z
2455,329,330,collaborates,0.668,52,2026-05-13T09:49:20Z,2026-05-13T09:49:20Z
2457,15,123,reshared,0.599,128,2026-05-13T09:49:20Z,2026-05-13T09:49:20Z
2458,90,129,tagged,0.864,75,2026-05-13T09:49:20Z,2026-05-13T09:49:20Z
2459,488,101,duet,0.522,177,2026-05-13T09:49:20Z,2026-05-13T09:49:20Z
2460,325,444,inspired_by,0.252,78,2026-05-13T09:49:20Z,2026-05-13T09:49:20Z
2461,225,103,follows,0.662,10,2026-05-13T09:49:20Z,2026-05-13T09:49:20Z
2462,134,144,collaborates,0.137,175,2026-05-13T09:49:20Z,2026-05-13T09:49:20Z
2463,466,329,mentioned,0.234,49,2026-05-13T09:49:20Z,2026-05-13T09:49:20Z
2465,301,334,tagged,0.864,190,2026-05-13T09:49:20Z,2026-05-13T09:49:20Z
2466,440,438,duet,0.167,111,2026-05-13T09:49:20Z,2026-05-13T09:49:20Z
2467,73,72,inspired_by,0.994,55,2026-05-13T09:49:20Z,2026-05-13T09:49:20Z
2468,274,273,follows,0.373,26,2026-05-13T09:49:20Z,2026-05-13T09:49:20Z
2469,433,126,collaborates,0.376,73,2026-05-13T09:49:20Z,2026-05-13T09:49:20Z
2470,392,306,mentioned,0.87,195,2026-05-13T09:49:20Z,2026-05-13T09:49:20Z
2471,452,346,reshared,0.894,180,2026-05-13T09:49:20Z,2026-05-13T09:49:20Z
2472,374,171,tagged,0.58,121,2026-05-13T09:49:20Z,2026-05-13T09:49:20Z
2473,435,156,duet,0.856,111,2026-05-13T09:49:20Z,2026-05-13T09:49:20Z
2474,390,120,inspired_by,0.949,121,2026-05-13T09:49:20Z,2026-05-13T09:49:20Z
2475,175,304,follows,0.389,165,2026-05-13T09:49:20Z,2026-05-13T09:49:20Z
2476,416,170,collaborates,0.102,165,2026-05-13T09:49:20Z,2026-05-13T09:49:20Z
2477,455,224,mentioned,0.648,104,2026-05-13T09:49:20Z,2026-05-13T09:49:20Z
2478,60,174,reshared,0.225,106,2026-05-13T09:49:20Z,2026-05-13T09:49:20Z
2479,189,359,tagged,0.871,131,2026-05-13T09:49:20Z,2026-05-13T09:49:20Z
2481,228,410,inspired_by,0.846,70,2026-05-13T09:49:20Z,2026-05-13T09:49:20Z
2482,392,122,follows,0.76,47,2026-05-13T09:49:20Z,2026-05-13T09:49:20Z
2483,429,308,collaborates,0.274,129,2026-05-13T09:49:20Z,2026-05-13T09:49:20Z
2484,475,422,mentioned,0.826,169,2026-05-13T09:49:20Z,2026-05-13T09:49:20Z
2485,78,242,reshared,0.481,176,2026-05-13T09:49:20Z,2026-05-13T09:49:20Z
2486,344,331,tagged,0.222,54,2026-05-13T09:49:20Z,2026-05-13T09:49:20Z
2487,24,343,duet,0.29,7,2026-05-13T09:49:20Z,2026-05-13T09:49:20Z
2488,419,50,inspired_by,0.674,163,2026-05-13T09:49:20Z,2026-05-13T09:49:20Z
2489,222,74,follows,0.259,129,2026-05-13T09:49:20Z,2026-05-13T09:49:20Z
2490,291,361,collaborates,0.157,159,2026-05-13T09:49:20Z,2026-05-13T09:49:20Z
2491,41,394,mentioned,0.247,18,2026-05-13T09:49:20Z,2026-05-13T09:49:20Z
2492,104,464,reshared,0.439,108,2026-05-13T09:49:20Z,2026-05-13T09:49:20Z
2493,109,138,tagged,0.585,187,2026-05-13T09:49:20Z,2026-05-13T09:49:20Z
2494,138,145,duet,0.37,102,2026-05-13T09:49:20Z,2026-05-13T09:49:20Z
2495,261,20,inspired_by,0.442,130,2026-05-13T09:49:20Z,2026-05-13T09:49:20Z
2496,171,182,follows,0.148,65,2026-05-13T09:49:20Z,2026-05-13T09:49:20Z
2497,382,182,collaborates,0.36,112,2026-05-13T09:49:20Z,2026-05-13T09:49:20Z
2498,291,428,mentioned,0.68,48,2026-05-13T09:49:20Z,2026-05-13T09:49:20Z
2499,144,288,reshared,0.975,182,2026-05-13T09:49:20Z,2026-05-13T09:49:20Z
2500,303,252,tagged,0.829,54,2026-05-13T09:49:20Z,2026-05-13T09:49:20Z
2501,481,369,duet,0.97,27,2026-05-13T09:49:20Z,2026-05-13T09:49:20Z
2502,195,461,inspired_by,0.396,196,2026-05-13T09:49:20Z,2026-05-13T09:49:20Z
2503,94,274,follows,0.365,187,2026-05-13T09:49:20Z,2026-05-13T09:49:20Z
2504,52,58,collaborates,0.21,172,2026-05-13T09:49:20Z,2026-05-13T09:49:20Z
2505,85,222,mentioned,0.683,160,2026-05-13T09:49:20Z,2026-05-13T09:49:20Z
2506,401,11,reshared,0.805,103,2026-05-13T09:49:20Z,2026-05-13T09:49:20Z
2507,426,252,tagged,0.862,179,2026-05-13T09:49:20Z,2026-05-13T09:49:20Z
2509,389,171,inspired_by,0.805,148,2026-05-13T09:49:20Z,2026-05-13T09:49:20Z
2510,152,188,follows,0.374,193,2026-05-13T09:49:20Z,2026-05-13T09:49:20Z
2511,456,287,collaborates,0.548,139,2026-05-13T09:49:20Z,2026-05-13T09:49:20Z
2512,485,377,mentioned,0.191,93,2026-05-13T09:49:20Z,2026-05-13T09:49:20Z
2513,19,305,reshared,0.741,86,2026-05-13T09:49:20Z,2026-05-13T09:49:20Z
2514,262,292,tagged,0.806,169,2026-05-13T09:49:20Z,2026-05-13T09:49:20Z
2516,25,54,inspired_by,0.54,196,2026-05-13T09:49:20Z,2026-05-13T09:49:20Z
2517,444,39,follows,0.714,83,2026-05-13T09:49:20Z,2026-05-13T09:49:20Z
2519,18,72,mentioned,0.55,160,2026-05-13T09:49:20Z,2026-05-13T09:49:20Z
2520,387,434,reshared,0.98,181,2026-05-13T09:49:20Z,2026-05-13T09:49:20Z
2521,65,275,tagged,0.397,68,2026-05-13T09:49:20Z,2026-05-13T09:49:20Z
2522,346,278,duet,0.418,11,2026-05-13T09:49:20Z,2026-05-13T09:49:20Z
2524,242,390,follows,0.954,166,2026-05-13T09:49:20Z,2026-05-13T09:49:20Z
2525,325,89,collaborates,0.201,97,2026-05-13T09:49:20Z,2026-05-13T09:49:20Z
2527,376,105,reshared,0.311,64,2026-05-13T09:49:20Z,2026-05-13T09:49:20Z
2528,235,375,tagged,0.775,79,2026-05-13T09:49:20Z,2026-05-13T09:49:20Z
2529,183,177,duet,0.588,150,2026-05-13T09:49:20Z,2026-05-13T09:49:20Z
2530,332,414,inspired_by,0.129,13,2026-05-13T09:49:20Z,2026-05-13T09:49:20Z
2531,438,309,follows,0.795,198,2026-05-13T09:49:20Z,2026-05-13T09:49:20Z
2532,109,382,collaborates,0.935,139,2026-05-13T09:49:20Z,2026-05-13T09:49:20Z
2533,160,301,mentioned,0.36,196,2026-05-13T09:49:20Z,2026-05-13T09:49:20Z
2535,380,277,tagged,0.695,37,2026-05-13T09:49:20Z,2026-05-13T09:49:20Z
2536,161,51,duet,0.5,106,2026-05-13T09:49:20Z,2026-05-13T09:49:20Z
2537,85,240,inspired_by,0.2,34,2026-05-13T09:49:20Z,2026-05-13T09:49:20Z
2538,312,483,follows,0.903,110,2026-05-13T09:49:20Z,2026-05-13T09:49:20Z
2540,347,241,mentioned,0.792,18,2026-05-13T09:49:20Z,2026-05-13T09:49:20Z
2541,406,257,reshared,0.372,58,2026-05-13T09:49:20Z,2026-05-13T09:49:20Z
2542,149,358,tagged,0.359,29,2026-05-13T09:49:20Z,2026-05-13T09:49:20Z
2544,464,235,inspired_by,0.635,13,2026-05-13T09:49:20Z,2026-05-13T09:49:20Z
2545,57,434,follows,0.243,171,2026-05-13T09:49:20Z,2026-05-13T09:49:20Z
2546,373,403,collaborates,0.323,27,2026-05-13T09:49:20Z,2026-05-13T09:49:20Z
2548,16,367,reshared,0.987,119,2026-05-13T09:49:20Z,2026-05-13T09:49:20Z
2549,43,474,tagged,0.523,126,2026-05-13T09:49:20Z,2026-05-13T09:49:20Z
2550,408,360,duet,0.708,19,2026-05-13T09:49:20Z,2026-05-13T09:49:20Z
2551,339,23,inspired_by,0.252,116,2026-05-13T09:49:20Z,2026-05-13T09:49:20Z
2552,226,239,follows,0.653,184,2026-05-13T09:49:20Z,2026-05-13T09:49:20Z
2553,377,313,collaborates,0.342,93,2026-05-13T09:49:20Z,2026-05-13T09:49:20Z
2554,153,8,mentioned,0.301,64,2026-05-13T09:49:20Z,2026-05-13T09:49:20Z
2555,143,343,reshared,0.826,67,2026-05-13T09:49:20Z,2026-05-13T09:49:20Z
2556,234,135,tagged,0.767,2,2026-05-13T09:49:20Z,2026-05-13T09:49:20Z
2558,103,133,inspired_by,0.242,161,2026-05-13T09:49:20Z,2026-05-13T09:49:20Z
2559,456,161,follows,0.492,44,2026-05-13T09:49:20Z,2026-05-13T09:49:20Z
2560,151,423,collaborates,0.15,53,2026-05-13T09:49:20Z,2026-05-13T09:49:20Z
2562,375,103,reshared,0.926,75,2026-05-13T09:49:20Z,2026-05-13T09:49:20Z
2563,325,137,tagged,0.968,61,2026-05-13T09:49:20Z,2026-05-13T09:49:20Z
2564,4,205,duet,0.194,171,2026-05-13T09:49:20Z,2026-05-13T09:49:20Z
2565,221,394,inspired_by,0.419,134,2026-05-13T09:49:20Z,2026-05-13T09:49:20Z
2566,372,380,follows,0.755,138,2026-05-13T09:49:20Z,2026-05-13T09:49:20Z
2567,474,346,collaborates,0.713,124,2026-05-13T09:49:20Z,2026-05-13T09:49:20Z
2568,431,138,mentioned,0.624,139,2026-05-13T09:49:20Z,2026-05-13T09:49:20Z
2569,178,388,reshared,0.708,48,2026-05-13T09:49:20Z,2026-05-13T09:49:20Z
2570,237,324,tagged,0.447,165,2026-05-13T09:49:20Z,2026-05-13T09:49:20Z
2571,335,294,duet,0.172,44,2026-05-13T09:49:20Z,2026-05-13T09:49:20Z
2572,337,130,inspired_by,0.695,76,2026-05-13T09:49:20Z,2026-05-13T09:49:20Z
2573,64,388,follows,0.897,13,2026-05-13T09:49:20Z,2026-05-13T09:49:20Z
2574,312,385,collaborates,0.959,74,2026-05-13T09:49:20Z,2026-05-13T09:49:20Z
2575,181,326,mentioned,0.964,128,2026-05-13T09:49:20Z,2026-05-13T09:49:20Z
2577,33,315,tagged,0.588,98,2026-05-13T09:49:20Z,2026-05-13T09:49:20Z
2578,38,242,duet,0.717,27,2026-05-13T09:49:20Z,2026-05-13T09:49:20Z
2580,18,192,follows,0.163,19,2026-05-13T09:49:20Z,2026-05-13T09:49:20Z
2582,31,265,mentioned,0.156,146,2026-05-13T09:49:20Z,2026-05-13T09:49:20Z
2583,222,313,reshared,0.89,194,2026-05-13T09:49:20Z,2026-05-13T09:49:20Z
2584,79,225,tagged,0.867,149,2026-05-13T09:49:20Z,2026-05-13T09:49:20Z
2585,117,306,duet,0.734,152,2026-05-13T09:49:20Z,2026-05-13T09:49:20Z
2586,371,171,inspired_by,0.558,106,2026-05-13T09:49:20Z,2026-05-13T09:49:20Z
2587,111,379,follows,0.554,134,2026-05-13T09:49:20Z,2026-05-13T09:49:20Z
2588,85,13,collaborates,0.517,172,2026-05-13T09:49:20Z,2026-05-13T09:49:20Z
2589,113,316,mentioned,0.237,110,2026-05-13T09:49:20Z,2026-05-13T09:49:20Z
2590,20,66,reshared,0.779,103,2026-05-13T09:49:20Z,2026-05-13T09:49:20Z
2591,136,207,tagged,0.513,48,2026-05-13T09:49:20Z,2026-05-13T09:49:20Z
2592,466,265,duet,0.892,127,2026-05-13T09:49:20Z,2026-05-13T09:49:20Z
2593,29,290,inspired_by,0.283,158,2026-05-13T09:49:20Z,2026-05-13T09:49:20Z
2594,362,285,follows,0.661,144,2026-05-13T09:49:20Z,2026-05-13T09:49:20Z
2595,166,92,collaborates,0.263,47,2026-05-13T09:49:20Z,2026-05-13T09:49:20Z
2596,277,258,mentioned,0.634,136,2026-05-13T09:49:20Z,2026-05-13T09:49:20Z
2597,137,15,reshared,0.568,40,2026-05-13T09:49:20Z,2026-05-13T09:49:20Z
2599,22,81,duet,0.999,140,2026-05-13T09:49:20Z,2026-05-13T09:49:20Z
2600,435,191,inspired_by,0.248,57,2026-05-13T09:49:20Z,2026-05-13T09:49:20Z
2601,177,348,follows,0.514,181,2026-05-13T09:49:20Z,2026-05-13T09:49:20Z
2603,407,164,mentioned,0.807,120,2026-05-13T09:49:20Z,2026-05-13T09:49:20Z
2604,323,171,reshared,0.277,111,2026-05-13T09:49:20Z,2026-05-13T09:49:20Z
2605,222,481,tagged,0.492,107,2026-05-13T09:49:20Z,2026-05-13T09:49:20Z
2606,72,71,duet,0.233,21,2026-05-13T09:49:20Z,2026-05-13T09:49:20Z
2608,476,387,follows,0.101,139,2026-05-13T09:49:20Z,2026-05-13T09:49:20Z
2609,440,315,collaborates,0.23,34,2026-05-13T09:49:20Z,2026-05-13T09:49:20Z
2610,301,86,mentioned,0.321,21,2026-05-13T09:49:20Z,2026-05-13T09:49:20Z
2611,179,151,reshared,0.821,50,2026-05-13T09:49:20Z,2026-05-13T09:49:20Z
2612,469,227,tagged,0.16,99,2026-05-13T09:49:20Z,2026-05-13T09:49:20Z
2613,70,214,duet,0.314,7,2026-05-13T09:49:20Z,2026-05-13T09:49:20Z
2614,262,154,inspired_by,0.445,23,2026-05-13T09:49:20Z,2026-05-13T09:49:20Z
2615,448,468,follows,0.577,114,2026-05-13T09:49:20Z,2026-05-13T09:49:20Z
2616,429,287,collaborates,0.336,144,2026-05-13T09:49:20Z,2026-05-13T09:49:20Z
2617,479,457,mentioned,0.792,54,2026-05-13T09:49:20Z,2026-05-13T09:49:20Z
2618,257,217,reshared,0.693,163,2026-05-13T09:49:20Z,2026-05-13T09:49:20Z
2619,141,117,tagged,0.805,20,2026-05-13T09:49:20Z,2026-05-13T09:49:20Z
2621,313,359,inspired_by,0.687,100,2026-05-13T09:49:20Z,2026-05-13T09:49:20Z
2622,49,189,follows,0.828,161,2026-05-13T09:49:20Z,2026-05-13T09:49:20Z
2623,292,332,collaborates,0.765,97,2026-05-13T09:49:20Z,2026-05-13T09:49:20Z
2625,117,280,reshared,0.564,95,2026-05-13T09:49:20Z,2026-05-13T09:49:20Z
2626,443,357,tagged,0.378,86,2026-05-13T09:49:20Z,2026-05-13T09:49:20Z
2627,330,11,duet,0.217,28,2026-05-13T09:49:20Z,2026-05-13T09:49:20Z
2628,259,481,inspired_by,0.107,110,2026-05-13T09:49:20Z,2026-05-13T09:49:20Z
2629,335,90,follows,0.165,194,2026-05-13T09:49:20Z,2026-05-13T09:49:20Z
2630,475,35,collaborates,0.575,114,2026-05-13T09:49:20Z,2026-05-13T09:49:20Z
2632,467,239,reshared,0.238,104,2026-05-13T09:49:20Z,2026-05-13T09:49:20Z
2634,462,444,duet,0.391,62,2026-05-13T09:49:20Z,2026-05-13T09:49:20Z
2635,369,384,inspired_by,0.674,125,2026-05-13T09:49:20Z,2026-05-13T09:49:20Z
2636,178,402,follows,0.418,55,2026-05-13T09:49:20Z,2026-05-13T09:49:20Z
2638,285,175,mentioned,0.916,168,2026-05-13T09:49:20Z,2026-05-13T09:49:20Z
2639,39,132,reshared,0.78,170,2026-05-13T09:49:20Z,2026-05-13T09:49:20Z
2640,105,227,tagged,0.954,96,2026-05-13T09:49:20Z,2026-05-13T09:49:20Z
2641,157,346,duet,0.679,93,2026-05-13T09:49:20Z,2026-05-13T09:49:20Z
2642,433,163,inspired_by,0.87,86,2026-05-13T09:49:20Z,2026-05-13T09:49:20Z
2643,474,349,follows,0.638,66,2026-05-13T09:49:20Z,2026-05-13T09:49:20Z
2644,437,434,collaborates,0.858,93,2026-05-13T09:49:20Z,2026-05-13T09:49:20Z
2645,158,103,mentioned,0.103,106,2026-05-13T09:49:20Z,2026-05-13T09:49:20Z
2646,414,30,reshared,0.427,177,2026-05-13T09:49:20Z,2026-05-13T09:49:20Z
2647,279,163,tagged,0.423,31,2026-05-13T09:49:20Z,2026-05-13T09:49:20Z
2648,180,134,duet,0.807,14,2026-05-13T09:49:20Z,2026-05-13T09:49:20Z
2649,239,139,inspired_by,0.182,49,2026-05-13T09:49:20Z,2026-05-13T09:49:20Z
2650,73,103,follows,0.735,164,2026-05-13T09:49:20Z,2026-05-13T09:49:20Z
2651,256,27,collaborates,0.149,93,2026-05-13T09:49:20Z,2026-05-13T09:49:20Z
2652,117,368,mentioned,0.373,80,2026-05-13T09:49:20Z,2026-05-13T09:49:20Z
2653,235,373,reshared,0.442,11,2026-05-13T09:49:20Z,2026-05-13T09:49:20Z
2654,257,154,tagged,0.427,177,2026-05-13T09:49:20Z,2026-05-13T09:49:20Z
2655,18,2,duet,0.656,50,2026-05-13T09:49:20Z,2026-05-13T09:49:20Z
2657,487,339,follows,0.616,8,2026-05-13T09:49:20Z,2026-05-13T09:49:20Z
2658,45,269,collaborates,0.355,168,2026-05-13T09:49:20Z,2026-05-13T09:49:20Z
2659,130,29,mentioned,0.996,17,2026-05-13T09:49:20Z,2026-05-13T09:49:20Z
2661,44,363,tagged,0.285,177,2026-05-13T09:49:20Z,2026-05-13T09:49:20Z
2662,287,74,duet,0.961,104,2026-05-13T09:49:20Z,2026-05-13T09:49:20Z
2663,140,349,inspired_by,0.541,150,2026-05-13T09:49:20Z,2026-05-13T09:49:20Z
2664,418,102,follows,0.344,102,2026-05-13T09:49:20Z,2026-05-13T09:49:20Z
2665,365,309,collaborates,0.553,66,2026-05-13T09:49:20Z,2026-05-13T09:49:20Z
2666,146,289,mentioned,0.316,148,2026-05-13T09:49:20Z,2026-05-13T09:49:20Z
2667,401,185,reshared,0.222,66,2026-05-13T09:49:20Z,2026-05-13T09:49:20Z
2668,481,318,tagged,0.938,25,2026-05-13T09:49:20Z,2026-05-13T09:49:20Z
2669,365,405,duet,0.22,38,2026-05-13T09:49:20Z,2026-05-13T09:49:20Z
2670,389,226,inspired_by,0.974,55,2026-05-13T09:49:20Z,2026-05-13T09:49:20Z
2672,371,273,collaborates,0.418,2,2026-05-13T09:49:20Z,2026-05-13T09:49:20Z
2674,125,257,reshared,0.806,181,2026-05-13T09:49:20Z,2026-05-13T09:49:20Z
2675,57,168,tagged,0.295,113,2026-05-13T09:49:20Z,2026-05-13T09:49:20Z
2676,391,437,duet,0.68,5,2026-05-13T09:49:20Z,2026-05-13T09:49:20Z
2677,262,307,inspired_by,0.945,128,2026-05-13T09:49:20Z,2026-05-13T09:49:20Z
2678,327,120,follows,0.807,29,2026-05-13T09:49:20Z,2026-05-13T09:49:20Z
2679,340,143,collaborates,0.345,11,2026-05-13T09:49:20Z,2026-05-13T09:49:20Z
2680,71,292,mentioned,0.771,100,2026-05-13T09:49:20Z,2026-05-13T09:49:20Z
2681,430,269,reshared,0.492,47,2026-05-13T09:49:20Z,2026-05-13T09:49:20Z
2682,84,352,tagged,0.127,171,2026-05-13T09:49:20Z,2026-05-13T09:49:20Z
2683,81,173,duet,0.776,117,2026-05-13T09:49:20Z,2026-05-13T09:49:20Z
2684,171,303,inspired_by,0.369,186,2026-05-13T09:49:20Z,2026-05-13T09:49:20Z
2685,338,357,follows,0.626,84,2026-05-13T09:49:20Z,2026-05-13T09:49:20Z
2686,392,69,collaborates,0.232,75,2026-05-13T09:49:20Z,2026-05-13T09:49:20Z
2687,388,336,mentioned,0.24,79,2026-05-13T09:49:20Z,2026-05-13T09:49:20Z
2688,57,261,reshared,0.467,198,2026-05-13T09:49:20Z,2026-05-13T09:49:20Z
2689,436,321,tagged,0.816,193,2026-05-13T09:49:20Z,2026-05-13T09:49:20Z
2691,479,339,inspired_by,0.304,3,2026-05-13T09:49:20Z,2026-05-13T09:49:20Z
2692,422,42,follows,0.165,76,2026-05-13T09:49:20Z,2026-05-13T09:49:20Z
2693,9,421,collaborates,0.524,188,2026-05-13T09:49:20Z,2026-05-13T09:49:20Z
2694,360,439,mentioned,0.891,133,2026-05-13T09:49:20Z,2026-05-13T09:49:20Z
2695,113,291,reshared,0.666,57,2026-05-13T09:49:20Z,2026-05-13T09:49:20Z
2696,122,215,tagged,0.863,11,2026-05-13T09:49:20Z,2026-05-13T09:49:20Z
2697,2,269,duet,0.596,190,2026-05-13T09:49:20Z,2026-05-13T09:49:20Z
2698,143,89,inspired_by,0.665,132,2026-05-13T09:49:20Z,2026-05-13T09:49:20Z
2700,110,108,collaborates,0.78,161,2026-05-13T09:49:20Z,2026-05-13T09:49:20Z
2701,265,308,mentioned,0.403,169,2026-05-13T09:49:20Z,2026-05-13T09:49:20Z
2702,208,141,reshared,0.69,24,2026-05-13T09:49:20Z,2026-05-13T09:49:20Z
2703,120,209,tagged,0.326,170,2026-05-13T09:49:20Z,2026-05-13T09:49:20Z
2704,55,359,duet,0.774,195,2026-05-13T09:49:20Z,2026-05-13T09:49:20Z
2705,117,383,inspired_by,0.968,30,2026-05-13T09:49:20Z,2026-05-13T09:49:20Z
2706,131,344,follows,0.137,87,2026-05-13T09:49:20Z,2026-05-13T09:49:20Z
2707,328,445,collaborates,0.637,191,2026-05-13T09:49:20Z,2026-05-13T09:49:20Z
2708,55,312,mentioned,0.524,153,2026-05-13T09:49:20Z,2026-05-13T09:49:20Z
2709,108,475,reshared,0.22,134,2026-05-13T09:49:20Z,2026-05-13T09:49:20Z
2711,477,394,duet,0.822,80,2026-05-13T09:49:20Z,2026-05-13T09:49:20Z
2712,447,185,inspired_by,0.675,130,2026-05-13T09:49:20Z,2026-05-13T09:49:20Z
2714,451,392,collaborates,0.316,42,2026-05-13T09:49:20Z,2026-05-13T09:49:20Z
2715,262,459,mentioned,0.823,107,2026-05-13T09:49:20Z,2026-05-13T09:49:20Z
2716,453,63,reshared,0.896,92,2026-05-13T09:49:20Z,2026-05-13T09:49:20Z
2717,192,189,tagged,0.569,167,2026-05-13T09:49:20Z,2026-05-13T09:49:20Z
2718,115,451,duet,0.302,42,2026-05-13T09:49:20Z,2026-05-13T09:49:20Z
2719,286,377,inspired_by,0.596,36,2026-05-13T09:49:20Z,2026-05-13T09:49:20Z
2720,38,335,follows,0.178,52,2026-05-13T09:49:20Z,2026-05-13T09:49:20Z
2722,213,350,mentioned,0.977,150,2026-05-13T09:49:20Z,2026-05-13T09:49:20Z
2723,442,460,reshared,0.285,129,2026-05-13T09:49:20Z,2026-05-13T09:49:20Z
2724,310,26,tagged,0.738,72,2026-05-13T09:49:20Z,2026-05-13T09:49:20Z
2725,92,159,duet,0.313,29,2026-05-13T09:49:20Z,2026-05-13T09:49:20Z
2726,145,424,inspired_by,0.874,34,2026-05-13T09:49:20Z,2026-05-13T09:49:20Z
2727,81,176,follows,0.699,198,2026-05-13T09:49:20Z,2026-05-13T09:49:20Z
2728,235,161,collaborates,0.517,167,2026-05-13T09:49:20Z,2026-05-13T09:49:20Z
2729,165,123,mentioned,0.608,71,2026-05-13T09:49:20Z,2026-05-13T09:49:20Z
2730,412,422,reshared,0.291,58,2026-05-13T09:49:20Z,2026-05-13T09:49:20Z
2731,158,357,tagged,0.531,172,2026-05-13T09:49:20Z,2026-05-13T09:49:20Z
2732,477,459,duet,0.612,153,2026-05-13T09:49:20Z,2026-05-13T09:49:20Z
2733,45,387,inspired_by,0.388,74,2026-05-13T09:49:20Z,2026-05-13T09:49:20Z
2734,268,466,follows,0.484,94,2026-05-13T09:49:20Z,2026-05-13T09:49:20Z
2735,373,55,collaborates,0.121,182,2026-05-13T09:49:20Z,2026-05-13T09:49:20Z
2736,19,216,mentioned,0.626,47,2026-05-13T09:49:20Z,2026-05-13T09:49:20Z
2737,92,379,reshared,0.998,94,2026-05-13T09:49:20Z,2026-05-13T09:49:20Z
2738,448,452,tagged,0.687,102,2026-05-13T09:49:20Z,2026-05-13T09:49:20Z
2739,25,352,duet,0.107,53,2026-05-13T09:49:20Z,2026-05-13T09:49:20Z
2740,392,211,inspired_by,0.944,51,2026-05-13T09:49:20Z,2026-05-13T09:49:20Z
2741,71,484,follows,0.428,5,2026-05-13T09:49:20Z,2026-05-13T09:49:20Z
2742,135,438,collaborates,0.372,19,2026-05-13T09:49:20Z,2026-05-13T09:49:20Z
2743,177,289,mentioned,0.337,175,2026-05-13T09:49:20Z,2026-05-13T09:49:20Z
2744,146,391,reshared,0.573,101,2026-05-13T09:49:20Z,2026-05-13T09:49:20Z
2746,420,109,duet,0.348,28,2026-05-13T09:49:20Z,2026-05-13T09:49:20Z
2748,185,179,follows,0.75,180,2026-05-13T09:49:20Z,2026-05-13T09:49:20Z
2749,48,191,collaborates,0.938,63,2026-05-13T09:49:20Z,2026-05-13T09:49:20Z
2750,162,435,mentioned,0.397,109,2026-05-13T09:49:20Z,2026-05-13T09:49:20Z
2751,177,129,reshared,0.412,42,2026-05-13T09:49:20Z,2026-05-13T09:49:20Z
2752,352,88,tagged,0.114,109,2026-05-13T09:49:20Z,2026-05-13T09:49:20Z
2753,95,168,duet,0.232,130,2026-05-13T09:49:20Z,2026-05-13T09:49:20Z
2754,320,105,inspired_by,0.455,129,2026-05-13T09:49:20Z,2026-05-13T09:49:20Z
2755,154,491,follows,0.426,130,2026-05-13T09:49:20Z,2026-05-13T09:49:20Z
2756,126,12,collaborates,0.997,91,2026-05-13T09:49:20Z,2026-05-13T09:49:20Z
2758,335,421,reshared,0.147,171,2026-05-13T09:49:20Z,2026-05-13T09:49:20Z
2759,363,334,tagged,0.182,114,2026-05-13T09:49:20Z,2026-05-13T09:49:20Z
2761,329,384,inspired_by,0.991,6,2026-05-13T09:49:20Z,2026-05-13T09:49:20Z
2762,284,58,follows,0.594,82,2026-05-13T09:49:20Z,2026-05-13T09:49:20Z
2763,190,145,collaborates,0.966,117,2026-05-13T09:49:20Z,2026-05-13T09:49:20Z
2764,447,161,mentioned,0.101,67,2026-05-13T09:49:20Z,2026-05-13T09:49:20Z
2765,224,264,reshared,0.852,80,2026-05-13T09:49:20Z,2026-05-13T09:49:20Z
2766,17,34,tagged,0.46,185,2026-05-13T09:49:20Z,2026-05-13T09:49:20Z
2767,11,118,duet,0.298,10,2026-05-13T09:49:20Z,2026-05-13T09:49:20Z
2769,384,174,follows,0.71,166,2026-05-13T09:49:20Z,2026-05-13T09:49:20Z
2770,70,268,collaborates,0.878,73,2026-05-13T09:49:20Z,2026-05-13T09:49:20Z
2771,240,75,mentioned,0.289,118,2026-05-13T09:49:20Z,2026-05-13T09:49:20Z
2772,90,27,reshared,0.271,39,2026-05-13T09:49:20Z,2026-05-13T09:49:20Z
2773,107,455,tagged,0.971,87,2026-05-13T09:49:20Z,2026-05-13T09:49:20Z
2774,177,42,duet,0.662,138,2026-05-13T09:49:20Z,2026-05-13T09:49:20Z
2775,11,104,inspired_by,0.169,17,2026-05-13T09:49:20Z,2026-05-13T09:49:20Z
2777,318,315,collaborates,0.475,11,2026-05-13T09:49:20Z,2026-05-13T09:49:20Z
2778,429,426,mentioned,0.728,188,2026-05-13T09:49:20Z,2026-05-13T09:49:20Z
2779,338,23,reshared,0.991,44,2026-05-13T09:49:20Z,2026-05-13T09:49:20Z
2780,60,290,tagged,0.21,48,2026-05-13T09:49:20Z,2026-05-13T09:49:20Z
2781,82,93,duet,0.535,172,2026-05-13T09:49:20Z,2026-05-13T09:49:20Z
2782,81,475,inspired_by,0.703,160,2026-05-13T09:49:20Z,2026-05-13T09:49:20Z
2783,277,371,follows,0.923,68,2026-05-13T09:49:20Z,2026-05-13T09:49:20Z
2784,215,125,collaborates,0.577,27,2026-05-13T09:49:20Z,2026-05-13T09:49:20Z
2785,390,308,mentioned,0.679,11,2026-05-13T09:49:20Z,2026-05-13T09:49:20Z
2786,452,436,reshared,0.224,180,2026-05-13T09:49:20Z,2026-05-13T09:49:20Z
2787,478,471,tagged,0.685,96,2026-05-13T09:49:20Z,2026-05-13T09:49:20Z
2788,332,367,duet,0.934,37,2026-05-13T09:49:20Z,2026-05-13T09:49:20Z
2790,421,29,follows,0.971,42,2026-05-13T09:49:20Z,2026-05-13T09:49:20Z
2791,195,163,collaborates,0.45,62,2026-05-13T09:49:20Z,2026-05-13T09:49:20Z
2792,59,112,mentioned,0.171,96,2026-05-13T09:49:20Z,2026-05-13T09:49:20Z
2793,330,312,reshared,0.345,9,2026-05-13T09:49:20Z,2026-05-13T09:49:20Z
2794,235,128,tagged,0.227,28,2026-05-13T09:49:20Z,2026-05-13T09:49:20Z
2795,72,66,duet,0.408,168,2026-05-13T09:49:20Z,2026-05-13T09:49:20Z
2796,350,293,inspired_by,0.988,192,2026-05-13T09:49:20Z,2026-05-13T09:49:20Z
2797,155,422,follows,0.729,59,2026-05-13T09:49:20Z,2026-05-13T09:49:20Z
2799,470,17,mentioned,0.427,8,2026-05-13T09:49:20Z,2026-05-13T09:49:20Z
2800,56,107,reshared,0.446,128,2026-05-13T09:49:20Z,2026-05-13T09:49:20Z
2801,291,453,tagged,0.569,31,2026-05-13T09:49:20Z,2026-05-13T09:49:20Z
2802,4,34,duet,0.39,109,2026-05-13T09:49:20Z,2026-05-13T09:49:20Z
2803,340,141,inspired_by,0.28,114,2026-05-13T09:49:20Z,2026-05-13T09:49:20Z
2804,322,469,follows,0.253,142,2026-05-13T09:49:20Z,2026-05-13T09:49:20Z
2805,94,44,collaborates,0.64,86,2026-05-13T09:49:20Z,2026-05-13T09:49:20Z
2806,356,208,mentioned,0.701,126,2026-05-13T09:49:20Z,2026-05-13T09:49:20Z
2807,328,313,reshared,0.172,118,2026-05-13T09:49:20Z,2026-05-13T09:49:20Z
2808,235,258,tagged,0.802,147,2026-05-13T09:49:20Z,2026-05-13T09:49:20Z
2809,27,424,duet,0.993,144,2026-05-13T09:49:20Z,2026-05-13T09:49:20Z
2810,327,152,inspired_by,0.556,2,2026-05-13T09:49:20Z,2026-05-13T09:49:20Z
2811,72,442,follows,0.874,193,2026-05-13T09:49:20Z,2026-05-13T09:49:20Z
2812,223,253,collaborates,0.907,30,2026-05-13T09:49:20Z,2026-05-13T09:49:20Z
2813,60,474,mentioned,0.523,167,2026-05-13T09:49:20Z,2026-05-13T09:49:20Z
2814,315,26,reshared,0.344,52,2026-05-13T09:49:20Z,2026-05-13T09:49:20Z
2815,274,295,tagged,0.769,97,2026-05-13T09:49:20Z,2026-05-13T09:49:20Z
2816,292,51,duet,0.355,149,2026-05-13T09:49:20Z,2026-05-13T09:49:20Z
2817,74,95,inspired_by,0.359,64,2026-05-13T09:49:20Z,2026-05-13T09:49:20Z
2818,130,333,follows,0.745,67,2026-05-13T09:49:20Z,2026-05-13T09:49:20Z
2819,485,226,collaborates,0.458,36,2026-05-13T09:49:20Z,2026-05-13T09:49:20Z
2820,461,278,mentioned,0.798,157,2026-05-13T09:49:20Z,2026-05-13T09:49:20Z
2821,295,270,reshared,0.486,24,2026-05-13T09:49:20Z,2026-05-13T09:49:20Z
2822,284,26,tagged,0.998,122,2026-05-13T09:49:20Z,2026-05-13T09:49:20Z
2823,228,361,duet,0.283,52,2026-05-13T09:49:20Z,2026-05-13T09:49:20Z
2824,202,388,inspired_by,0.778,60,2026-05-13T09:49:20Z,2026-05-13T09:49:20Z
2825,45,73,follows,0.357,143,2026-05-13T09:49:20Z,2026-05-13T09:49:20Z
2826,94,302,collaborates,0.535,22,2026-05-13T09:49:20Z,2026-05-13T09:49:20Z
2827,209,427,mentioned,0.114,115,2026-05-13T09:49:20Z,2026-05-13T09:49:20Z
2828,303,24,reshared,0.142,32,2026-05-13T09:49:20Z,2026-05-13T09:49:20Z
2829,74,85,tagged,0.641,34,2026-05-13T09:49:20Z,2026-05-13T09:49:20Z
2830,76,139,duet,0.421,123,2026-05-13T09:49:20Z,2026-05-13T09:49:20Z
2831,456,242,inspired_by,0.619,135,2026-05-13T09:49:20Z,2026-05-13T09:49:20Z
2832,229,231,follows,0.669,16,2026-05-13T09:49:20Z,2026-05-13T09:49:20Z
2834,88,127,mentioned,0.905,5,2026-05-13T09:49:20Z,2026-05-13T09:49:20Z
2835,206,219,reshared,0.725,39,2026-05-13T09:49:20Z,2026-05-13T09:49:20Z
2836,49,22,tagged,0.791,123,2026-05-13T09:49:20Z,2026-05-13T09:49:20Z
2838,35,55,inspired_by,0.92,4,2026-05-13T09:49:20Z,2026-05-13T09:49:20Z
2839,314,424,follows,0.453,131,2026-05-13T09:49:20Z,2026-05-13T09:49:20Z
2841,272,447,mentioned,0.736,159,2026-05-13T09:49:20Z,2026-05-13T09:49:20Z
2842,151,462,reshared,0.262,113,2026-05-13T09:49:20Z,2026-05-13T09:49:20Z
2843,303,146,tagged,0.427,51,2026-05-13T09:49:20Z,2026-05-13T09:49:20Z
2844,160,62,duet,0.305,166,2026-05-13T09:49:20Z,2026-05-13T09:49:20Z
2845,146,3,inspired_by,0.316,107,2026-05-13T09:49:20Z,2026-05-13T09:49:20Z
2846,285,267,follows,0.187,50,2026-05-13T09:49:20Z,2026-05-13T09:49:20Z
2847,269,141,collaborates,0.808,53,2026-05-13T09:49:20Z,2026-05-13T09:49:20Z
2848,184,39,mentioned,0.15,194,2026-05-13T09:49:20Z,2026-05-13T09:49:20Z
2850,484,466,tagged,0.263,105,2026-05-13T09:49:20Z,2026-05-13T09:49:20Z
2851,50,389,duet,0.834,79,2026-05-13T09:49:20Z,2026-05-13T09:49:20Z
2852,116,69,inspired_by,0.867,187,2026-05-13T09:49:20Z,2026-05-13T09:49:20Z
2853,426,311,follows,0.275,133,2026-05-13T09:49:20Z,2026-05-13T09:49:20Z
2854,324,139,collaborates,0.351,20,2026-05-13T09:49:20Z,2026-05-13T09:49:20Z
2856,10,116,reshared,0.584,194,2026-05-13T09:49:20Z,2026-05-13T09:49:20Z
2857,343,173,tagged,0.689,62,2026-05-13T09:49:20Z,2026-05-13T09:49:20Z
2858,36,202,duet,0.422,80,2026-05-13T09:49:20Z,2026-05-13T09:49:20Z
2859,391,28,inspired_by,0.94,163,2026-05-13T09:49:20Z,2026-05-13T09:49:20Z
2860,336,467,follows,0.265,83,2026-05-13T09:49:20Z,2026-05-13T09:49:20Z
2861,451,482,collaborates,0.934,7,2026-05-13T09:49:20Z,2026-05-13T09:49:20Z
2862,178,165,mentioned,0.162,110,2026-05-13T09:49:20Z,2026-05-13T09:49:20Z
2863,440,23,reshared,0.175,1,2026-05-13T09:49:20Z,2026-05-13T09:49:20Z
2864,90,354,tagged,0.545,159,2026-05-13T09:49:20Z,2026-05-13T09:49:20Z
2865,70,232,duet,0.734,61,2026-05-13T09:49:20Z,2026-05-13T09:49:20Z
2866,270,104,inspired_by,0.4,132,2026-05-13T09:49:20Z,2026-05-13T09:49:20Z
2867,338,63,follows,0.531,69,2026-05-13T09:49:20Z,2026-05-13T09:49:20Z
2868,114,227,collaborates,0.562,23,2026-05-13T09:49:20Z,2026-05-13T09:49:20Z
2869,233,484,mentioned,0.743,76,2026-05-13T09:49:20Z,2026-05-13T09:49:20Z
2871,195,363,tagged,0.382,51,2026-05-13T09:49:20Z,2026-05-13T09:49:20Z
2872,64,419,duet,0.276,187,2026-05-13T09:49:20Z,2026-05-13T09:49:20Z
2873,259,314,inspired_by,0.209,46,2026-05-13T09:49:20Z,2026-05-13T09:49:20Z
2874,79,254,follows,0.169,121,2026-05-13T09:49:20Z,2026-05-13T09:49:20Z
2876,391,286,mentioned,0.698,74,2026-05-13T09:49:20Z,2026-05-13T09:49:20Z
2877,15,392,reshared,0.446,150,2026-05-13T09:49:20Z,2026-05-13T09:49:20Z
2878,161,9,tagged,0.45,108,2026-05-13T09:49:20Z,2026-05-13T09:49:20Z
2879,103,9,duet,0.605,135,2026-05-13T09:49:20Z,2026-05-13T09:49:20Z
2880,31,260,inspired_by,0.639,43,2026-05-13T09:49:20Z,2026-05-13T09:49:20Z
2881,376,295,follows,0.616,78,2026-05-13T09:49:20Z,2026-05-13T09:49:20Z
2882,481,290,collaborates,0.748,117,2026-05-13T09:49:20Z,2026-05-13T09:49:20Z
2883,191,45,mentioned,0.975,73,2026-05-13T09:49:20Z,2026-05-13T09:49:20Z
2884,93,92,reshared,0.964,85,2026-05-13T09:49:20Z,2026-05-13T09:49:20Z
2885,264,343,tagged,0.107,91,2026-05-13T09:49:20Z,2026-05-13T09:49:20Z
2886,427,287,duet,0.527,147,2026-05-13T09:49:20Z,2026-05-13T09:49:20Z
2887,323,335,inspired_by,0.918,45,2026-05-13T09:49:20Z,2026-05-13T09:49:20Z
2888,22,332,follows,0.838,175,2026-05-13T09:49:20Z,2026-05-13T09:49:20Z
2889,2,467,collaborates,0.983,155,2026-05-13T09:49:20Z,2026-05-13T09:49:20Z
2890,85,189,mentioned,0.957,84,2026-05-13T09:49:20Z,2026-05-13T09:49:20Z
2891,437,175,reshared,0.207,103,2026-05-13T09:49:20Z,2026-05-13T09:49:20Z
2893,352,279,duet,0.22,186,2026-05-13T09:49:20Z,2026-05-13T09:49:20Z
2894,56,36,inspired_by,0.955,84,2026-05-13T09:49:20Z,2026-05-13T09:49:20Z
2895,138,237,follows,0.65,5,2026-05-13T09:49:20Z,2026-05-13T09:49:20Z
2896,130,265,collaborates,0.512,79,2026-05-13T09:49:20Z,2026-05-13T09:49:20Z
2897,20,468,mentioned,0.227,72,2026-05-13T09:49:20Z,2026-05-13T09:49:20Z
2898,281,448,reshared,0.86,85,2026-05-13T09:49:20Z,2026-05-13T09:49:20Z
2899,27,62,tagged,0.974,15,2026-05-13T09:49:20Z,2026-05-13T09:49:20Z
2900,459,216,duet,0.533,74,2026-05-13T09:49:20Z,2026-05-13T09:49:20Z
2901,123,21,inspired_by,0.238,32,2026-05-13T09:49:20Z,2026-05-13T09:49:20Z
2902,368,378,follows,0.366,57,2026-05-13T09:49:20Z,2026-05-13T09:49:20Z
2903,212,291,collaborates,0.818,87,2026-05-13T09:49:20Z,2026-05-13T09:49:20Z
2904,454,202,mentioned,0.83,185,2026-05-13T09:49:20Z,2026-05-13T09:49:20Z
2905,152,128,reshared,0.889,155,2026-05-13T09:49:20Z,2026-05-13T09:49:20Z
2907,341,52,duet,0.103,10,2026-05-13T09:49:20Z,2026-05-13T09:49:20Z
2908,252,212,inspired_by,0.814,106,2026-05-13T09:49:20Z,2026-05-13T09:49:20Z
2909,258,376,follows,0.262,3,2026-05-13T09:49:20Z,2026-05-13T09:49:20Z
2910,152,371,collaborates,0.709,94,2026-05-13T09:49:20Z,2026-05-13T09:49:20Z
2911,268,461,mentioned,0.817,99,2026-05-13T09:49:20Z,2026-05-13T09:49:20Z
2912,159,322,reshared,0.417,73,2026-05-13T09:49:20Z,2026-05-13T09:49:20Z
2913,190,417,tagged,0.862,39,2026-05-13T09:49:20Z,2026-05-13T09:49:20Z
2914,122,320,duet,0.227,188,2026-05-13T09:49:20Z,2026-05-13T09:49:20Z
2915,72,78,inspired_by,0.283,52,2026-05-13T09:49:20Z,2026-05-13T09:49:20Z
2917,176,481,collaborates,0.503,47,2026-05-13T09:49:20Z,2026-05-13T09:49:20Z
2918,81,240,mentioned,0.459,171,2026-05-13T09:49:20Z,2026-05-13T09:49:20Z
2920,228,257,tagged,0.22,16,2026-05-13T09:49:20Z,2026-05-13T09:49:20Z
2921,468,418,duet,0.317,151,2026-05-13T09:49:20Z,2026-05-13T09:49:20Z
2922,41,459,inspired_by,0.525,134,2026-05-13T09:49:20Z,2026-05-13T09:49:20Z
2923,453,189,follows,0.344,102,2026-05-13T09:49:20Z,2026-05-13T09:49:20Z
2924,414,241,collaborates,0.483,180,2026-05-13T09:49:20Z,2026-05-13T09:49:20Z
2925,450,121,mentioned,0.755,97,2026-05-13T09:49:20Z,2026-05-13T09:49:20Z
2926,71,369,reshared,0.296,117,2026-05-13T09:49:20Z,2026-05-13T09:49:20Z
2927,256,58,tagged,0.801,142,2026-05-13T09:49:20Z,2026-05-13T09:49:20Z
2928,85,135,duet,0.12,20,2026-05-13T09:49:20Z,2026-05-13T09:49:20Z
2929,4,218,inspired_by,0.115,57,2026-05-13T09:49:20Z,2026-05-13T09:49:20Z
2930,12,141,follows,0.662,56,2026-05-13T09:49:20Z,2026-05-13T09:49:20Z
2931,178,353,collaborates,0.768,2,2026-05-13T09:49:20Z,2026-05-13T09:49:20Z
2932,481,405,mentioned,0.781,23,2026-05-13T09:49:20Z,2026-05-13T09:49:20Z
2933,451,490,reshared,0.163,121,2026-05-13T09:49:20Z,2026-05-13T09:49:20Z
2934,134,173,tagged,0.696,94,2026-05-13T09:49:20Z,2026-05-13T09:49:20Z
2935,475,10,duet,0.521,51,2026-05-13T09:49:20Z,2026-05-13T09:49:20Z
2937,407,142,follows,0.813,173,2026-05-13T09:49:20Z,2026-05-13T09:49:20Z
2938,382,25,collaborates,0.264,56,2026-05-13T09:49:20Z,2026-05-13T09:49:20Z
2939,474,231,mentioned,0.544,25,2026-05-13T09:49:20Z,2026-05-13T09:49:20Z
2940,282,479,reshared,0.727,88,2026-05-13T09:49:20Z,2026-05-13T09:49:20Z
2941,57,418,tagged,0.386,89,2026-05-13T09:49:20Z,2026-05-13T09:49:20Z
2942,308,337,duet,0.612,194,2026-05-13T09:49:20Z,2026-05-13T09:49:20Z
2943,228,239,inspired_by,0.584,47,2026-05-13T09:49:20Z,2026-05-13T09:49:20Z
2944,384,192,follows,0.288,38,2026-05-13T09:49:20Z,2026-05-13T09:49:20Z
2945,4,263,collaborates,0.886,151,2026-05-13T09:49:20Z,2026-05-13T09:49:20Z
2946,429,462,mentioned,0.451,176,2026-05-13T09:49:20Z,2026-05-13T09:49:20Z
2947,230,277,reshared,0.758,169,2026-05-13T09:49:20Z,2026-05-13T09:49:20Z
2948,160,177,tagged,0.919,17,2026-05-13T09:49:20Z,2026-05-13T09:49:20Z
2949,427,386,duet,0.729,167,2026-05-13T09:49:20Z,2026-05-13T09:49:20Z
2950,89,165,inspired_by,0.914,58,2026-05-13T09:49:20Z,2026-05-13T09:49:20Z
2951,380,162,follows,0.19,112,2026-05-13T09:49:20Z,2026-05-13T09:49:20Z
2952,216,192,collaborates,0.518,194,2026-05-13T09:49:20Z,2026-05-13T09:49:20Z
2953,2,181,mentioned,0.892,90,2026-05-13T09:49:20Z,2026-05-13T09:49:20Z
2954,449,43,reshared,0.387,116,2026-05-13T09:49:20Z,2026-05-13T09:49:20Z
2955,203,25,tagged,0.361,190,2026-05-13T09:49:20Z,2026-05-13T09:49:20Z
2956,22,236,duet,0.15,67,2026-05-13T09:49:20Z,2026-05-13T09:49:20Z
2957,134,117,inspired_by,0.161,192,2026-05-13T09:49:20Z,2026-05-13T09:49:20Z
2958,356,56,follows,0.531,156,2026-05-13T09:49:20Z,2026-05-13T09:49:20Z
2959,424,479,collaborates,0.384,63,2026-05-13T09:49:20Z,2026-05-13T09:49:20Z
2960,163,420,mentioned,0.866,94,2026-05-13T09:49:20Z,2026-05-13T09:49:20Z
2962,220,113,tagged,0.696,57,2026-05-13T09:49:20Z,2026-05-13T09:49:20Z
2963,410,486,duet,0.807,45,2026-05-13T09:49:20Z,2026-05-13T09:49:20Z
2965,279,83,follows,0.569,33,2026-05-13T09:49:20Z,2026-05-13T09:49:20Z
2968,463,84,reshared,0.147,69,2026-05-13T09:49:20Z,2026-05-13T09:49:20Z
2969,324,287,tagged,0.271,98,2026-05-13T09:49:20Z,2026-05-13T09:49:20Z
2970,349,353,duet,0.654,22,2026-05-13T09:49:20Z,2026-05-13T09:49:20Z
2971,112,420,inspired_by,0.268,108,2026-05-13T09:49:20Z,2026-05-13T09:49:20Z
2972,36,51,follows,0.843,86,2026-05-13T09:49:20Z,2026-05-13T09:49:20Z
2973,71,411,collaborates,0.529,166,2026-05-13T09:49:20Z,2026-05-13T09:49:20Z
2977,282,479,duet,0.745,105,2026-05-13T09:49:20Z,2026-05-13T09:49:20Z
2978,334,118,inspired_by,0.236,158,2026-05-13T09:49:20Z,2026-05-13T09:49:20Z
2979,11,348,follows,0.733,115,2026-05-13T09:49:20Z,2026-05-13T09:49:20Z
2980,23,284,collaborates,0.367,97,2026-05-13T09:49:20Z,2026-05-13T09:49:20Z
2981,16,117,mentioned,0.171,148,2026-05-13T09:49:20Z,2026-05-13T09:49:20Z
2982,380,193,reshared,0.654,93,2026-05-13T09:49:20Z,2026-05-13T09:49:20Z
2983,313,331,tagged,0.893,22,2026-05-13T09:49:20Z,2026-05-13T09:49:20Z
2984,214,119,duet,0.64,160,2026-05-13T09:49:20Z,2026-05-13T09:49:20Z
2985,407,444,inspired_by,0.156,150,2026-05-13T09:49:20Z,2026-05-13T09:49:20Z
2986,169,480,follows,0.3,33,2026-05-13T09:49:20Z,2026-05-13T09:49:20Z
2987,268,89,collaborates,0.47,169,2026-05-13T09:49:20Z,2026-05-13T09:49:20Z
2988,89,313,mentioned,0.78,167,2026-05-13T09:49:20Z,2026-05-13T09:49:20Z
2989,143,276,reshared,0.217,35,2026-05-13T09:49:20Z,2026-05-13T09:49:20Z
2990,53,119,tagged,0.964,42,2026-05-13T09:49:20Z,2026-05-13T09:49:20Z
2991,319,294,duet,0.67,23,2026-05-13T09:49:20Z,2026-05-13T09:49:20Z
2992,237,369,inspired_by,0.633,170,2026-05-13T09:49:20Z,2026-05-13T09:49:20Z
2993,301,376,follows,0.396,78,2026-05-13T09:49:20Z,2026-05-13T09:49:20Z
2994,272,256,collaborates,0.684,115,2026-05-13T09:49:20Z,2026-05-13T09:49:20Z
2995,206,241,mentioned,0.626,190,2026-05-13T09:49:20Z,2026-05-13T09:49:20Z
2996,14,183,reshared,0.372,185,2026-05-13T09:49:20Z,2026-05-13T09:49:20Z
2997,116,5,tagged,0.356,108,2026-05-13T09:49:20Z,2026-05-13T09:49:20Z
2998,237,276,duet,0.11,95,2026-05-13T09:49:20Z,2026-05-13T09:49:20Z
3000,357,401,follows,0.114,32,2026-05-13T09:49:20Z,2026-05-13T09:49:20Z
3001,465,364,collaborates,0.311,146,2026-05-13T09:49:20Z,2026-05-13T09:49:20Z
3003,26,351,reshared,0.215,27,2026-05-13T09:49:20Z,2026-05-13T09:49:20Z
3004,301,129,tagged,0.226,176,2026-05-13T09:49:20Z,2026-05-13T09:49:20Z
3008,165,327,collaborates,0.76,73,2026-05-13T09:49:20Z,2026-05-13T09:49:20Z
3009,114,403,mentioned,0.716,37,2026-05-13T09:49:20Z,2026-05-13T09:49:20Z
3010,381,352,reshared,0.674,57,2026-05-13T09:49:20Z,2026-05-13T09:49:20Z
3011,356,203,tagged,0.706,19,2026-05-13T09:49:20Z,2026-05-13T09:49:20Z
3012,404,74,duet,0.424,22,2026-05-13T09:49:20Z,2026-05-13T09:49:20Z
3013,301,255,inspired_by,0.809,8,2026-05-13T09:49:20Z,2026-05-13T09:49:20Z
3014,206,169,follows,0.342,82,2026-05-13T09:49:20Z,2026-05-13T09:49:20Z
3015,460,221,collaborates,0.11,98,2026-05-13T09:49:20Z,2026-05-13T09:49:20Z
3016,35,72,mentioned,0.166,57,2026-05-13T09:49:20Z,2026-05-13T09:49:20Z
3018,480,382,tagged,0.252,66,2026-05-13T09:49:20Z,2026-05-13T09:49:20Z
3019,163,161,duet,0.151,27,2026-05-13T09:49:20Z,2026-05-13T09:49:20Z
3020,371,338,inspired_by,0.298,15,2026-05-13T09:49:20Z,2026-05-13T09:49:20Z
3021,351,1,follows,0.386,150,2026-05-13T09:49:20Z,2026-05-13T09:49:20Z
3022,4,1,collaborates,0.794,33,2026-05-13T09:49:20Z,2026-05-13T09:49:20Z
3023,132,342,mentioned,0.705,169,2026-05-13T09:49:20Z,2026-05-13T09:49:20Z
3024,424,350,reshared,0.611,52,2026-05-13T09:49:20Z,2026-05-13T09:49:20Z
3025,111,486,tagged,0.533,160,2026-05-13T09:49:20Z,2026-05-13T09:49:20Z
3026,456,260,duet,0.495,188,2026-05-13T09:49:20Z,2026-05-13T09:49:20Z
3027,15,240,collaborates,0.533,129,2026-05-13T09:49:20Z,2026-05-13T09:49:20Z
3028,221,162,mentioned,0.319,16,2026-05-13T09:49:20Z,2026-05-13T09:49:20Z
3029,73,415,reshared,0.503,160,2026-05-13T09:49:20Z,2026-05-13T09:49:20Z
3031,240,362,duet,0.63,111,2026-05-13T09:49:20Z,2026-05-13T09:49:20Z
3032,155,264,inspired_by,0.94,136,2026-05-13T09:49:20Z,2026-05-13T09:49:20Z
3033,106,324,follows,0.115,111,2026-05-13T09:49:20Z,2026-05-13T09:49:20Z
3034,416,241,collaborates,0.933,8,2026-05-13T09:49:20Z,2026-05-13T09:49:20Z
3035,241,124,mentioned,0.832,143,2026-05-13T09:49:20Z,2026-05-13T09:49:20Z
3036,12,450,reshared,0.93,2,2026-05-13T09:49:20Z,2026-05-13T09:49:20Z
3037,274,8,tagged,0.153,146,2026-05-13T09:49:20Z,2026-05-13T09:49:20Z
3038,479,351,duet,0.675,83,2026-05-13T09:49:20Z,2026-05-13T09:49:20Z
3039,130,14,inspired_by,0.549,32,2026-05-13T09:49:20Z,2026-05-13T09:49:20Z
3040,188,52,follows,0.868,49,2026-05-13T09:49:20Z,2026-05-13T09:49:20Z
3042,402,84,mentioned,0.204,127,2026-05-13T09:49:20Z,2026-05-13T09:49:20Z
3043,48,129,reshared,0.566,106,2026-05-13T09:49:20Z,2026-05-13T09:49:20Z
3044,444,76,tagged,0.864,9,2026-05-13T09:49:20Z,2026-05-13T09:49:20Z
3045,370,319,duet,0.36,58,2026-05-13T09:49:20Z,2026-05-13T09:49:20Z
3046,124,281,inspired_by,0.188,96,2026-05-13T09:49:20Z,2026-05-13T09:49:20Z
3047,338,254,follows,0.746,46,2026-05-13T09:49:20Z,2026-05-13T09:49:20Z
3048,292,383,collaborates,0.356,127,2026-05-13T09:49:20Z,2026-05-13T09:49:20Z
3049,369,10,mentioned,0.111,168,2026-05-13T09:49:20Z,2026-05-13T09:49:20Z
3050,43,19,reshared,0.683,130,2026-05-13T09:49:20Z,2026-05-13T09:49:20Z
3051,136,283,tagged,0.339,175,2026-05-13T09:49:20Z,2026-05-13T09:49:20Z
3052,427,240,duet,0.515,4,2026-05-13T09:49:20Z,2026-05-13T09:49:20Z
3053,333,387,inspired_by,0.505,126,2026-05-13T09:49:20Z,2026-05-13T09:49:20Z
3054,333,468,follows,0.753,167,2026-05-13T09:49:20Z,2026-05-13T09:49:20Z
3055,7,454,collaborates,0.57,83,2026-05-13T09:49:20Z,2026-05-13T09:49:20Z
3057,138,261,reshared,0.437,197,2026-05-13T09:49:20Z,2026-05-13T09:49:20Z
3059,111,273,duet,0.252,24,2026-05-13T09:49:20Z,2026-05-13T09:49:20Z
3060,30,275,inspired_by,0.547,73,2026-05-13T09:49:20Z,2026-05-13T09:49:20Z
3061,149,83,follows,0.874,54,2026-05-13T09:49:20Z,2026-05-13T09:49:20Z
3062,360,5,collaborates,0.525,152,2026-05-13T09:49:20Z,2026-05-13T09:49:20Z
3063,463,263,mentioned,0.329,7,2026-05-13T09:49:20Z,2026-05-13T09:49:20Z
3064,215,454,reshared,0.55,111,2026-05-13T09:49:20Z,2026-05-13T09:49:20Z
3065,53,315,tagged,0.881,12,2026-05-13T09:49:20Z,2026-05-13T09:49:20Z
3066,484,78,duet,0.14,180,2026-05-13T09:49:20Z,2026-05-13T09:49:20Z
3067,168,304,inspired_by,0.776,147,2026-05-13T09:49:20Z,2026-05-13T09:49:20Z
3068,251,109,follows,0.278,63,2026-05-13T09:49:20Z,2026-05-13T09:49:20Z
3069,45,188,collaborates,0.715,136,2026-05-13T09:49:20Z,2026-05-13T09:49:20Z
3070,201,367,mentioned,0.649,45,2026-05-13T09:49:20Z,2026-05-13T09:49:20Z
3071,33,309,reshared,0.122,126,2026-05-13T09:49:20Z,2026-05-13T09:49:20Z
3074,353,266,inspired_by,0.338,129,2026-05-13T09:49:20Z,2026-05-13T09:49:20Z
3075,387,301,follows,0.108,49,2026-05-13T09:49:20Z,2026-05-13T09:49:20Z
3076,114,330,collaborates,0.171,7,2026-05-13T09:49:20Z,2026-05-13T09:49:20Z
3077,451,461,mentioned,0.744,169,2026-05-13T09:49:20Z,2026-05-13T09:49:20Z
3078,329,55,reshared,0.803,35,2026-05-13T09:49:20Z,2026-05-13T09:49:20Z
3079,132,438,tagged,0.721,81,2026-05-13T09:49:20Z,2026-05-13T09:49:20Z
3080,176,310,duet,0.308,107,2026-05-13T09:49:20Z,2026-05-13T09:49:20Z
3081,322,457,inspired_by,0.804,46,2026-05-13T09:49:20Z,2026-05-13T09:49:20Z
3082,375,227,follows,0.963,175,2026-05-13T09:49:20Z,2026-05-13T09:49:20Z
3083,488,340,collaborates,0.93,128,2026-05-13T09:49:20Z,2026-05-13T09:49:20Z
3084,205,338,mentioned,0.332,196,2026-05-13T09:49:20Z,2026-05-13T09:49:20Z
3085,279,364,reshared,0.528,18,2026-05-13T09:49:20Z,2026-05-13T09:49:20Z
3086,152,181,tagged,0.553,93,2026-05-13T09:49:20Z,2026-05-13T09:49:20Z
3087,456,427,duet,0.504,15,2026-05-13T09:49:20Z,2026-05-13T09:49:20Z
3089,267,389,follows,0.523,198,2026-05-13T09:49:20Z,2026-05-13T09:49:20Z
3090,65,19,collaborates,0.919,182,2026-05-13T09:49:20Z,2026-05-13T09:49:20Z
3091,310,314,mentioned,0.538,18,2026-05-13T09:49:20Z,2026-05-13T09:49:20Z
3092,392,20,reshared,0.24,167,2026-05-13T09:49:20Z,2026-05-13T09:49:20Z
3093,311,82,tagged,0.544,133,2026-05-13T09:49:20Z,2026-05-13T09:49:20Z
3094,490,361,duet,0.998,117,2026-05-13T09:49:20Z,2026-05-13T09:49:20Z
3095,393,114,inspired_by,0.372,186,2026-05-13T09:49:20Z,2026-05-13T09:49:20Z
3096,471,68,follows,0.387,107,2026-05-13T09:49:20Z,2026-05-13T09:49:20Z
3097,238,193,collaborates,0.671,110,2026-05-13T09:49:20Z,2026-05-13T09:49:20Z
3098,357,83,mentioned,0.904,40,2026-05-13T09:49:20Z,2026-05-13T09:49:20Z
3099,186,473,reshared,0.259,22,2026-05-13T09:49:20Z,2026-05-13T09:49:20Z
3101,18,463,duet,0.765,34,2026-05-13T09:49:20Z,2026-05-13T09:49:20Z
3102,113,87,inspired_by,0.123,68,2026-05-13T09:49:20Z,2026-05-13T09:49:20Z
3103,12,380,follows,0.935,18,2026-05-13T09:49:20Z,2026-05-13T09:49:20Z
3104,87,113,collaborates,0.501,23,2026-05-13T09:49:20Z,2026-05-13T09:49:20Z
3105,16,60,mentioned,0.674,105,2026-05-13T09:49:20Z,2026-05-13T09:49:20Z
3106,102,25,reshared,0.13,2,2026-05-13T09:49:20Z,2026-05-13T09:49:20Z
3107,63,330,tagged,0.794,81,2026-05-13T09:49:20Z,2026-05-13T09:49:20Z
3108,193,146,duet,0.23,167,2026-05-13T09:49:20Z,2026-05-13T09:49:20Z
3109,86,21,inspired_by,0.192,38,2026-05-13T09:49:20Z,2026-05-13T09:49:20Z
3110,155,170,follows,0.889,101,2026-05-13T09:49:20Z,2026-05-13T09:49:20Z
3111,81,276,collaborates,0.675,180,2026-05-13T09:49:20Z,2026-05-13T09:49:20Z
3112,195,167,mentioned,0.381,82,2026-05-13T09:49:20Z,2026-05-13T09:49:20Z
3114,348,164,tagged,0.613,33,2026-05-13T09:49:20Z,2026-05-13T09:49:20Z
3115,301,251,duet,0.615,124,2026-05-13T09:49:20Z,2026-05-13T09:49:20Z
3116,233,84,inspired_by,0.258,40,2026-05-13T09:49:20Z,2026-05-13T09:49:20Z
3118,282,159,collaborates,0.658,39,2026-05-13T09:49:20Z,2026-05-13T09:49:20Z
3119,335,136,mentioned,0.483,120,2026-05-13T09:49:20Z,2026-05-13T09:49:20Z
3120,191,170,reshared,0.477,43,2026-05-13T09:49:20Z,2026-05-13T09:49:20Z
3122,309,351,duet,0.998,157,2026-05-13T09:49:20Z,2026-05-13T09:49:20Z
3123,271,332,inspired_by,0.829,157,2026-05-13T09:49:20Z,2026-05-13T09:49:20Z
3124,253,26,follows,0.733,195,2026-05-13T09:49:20Z,2026-05-13T09:49:20Z
3125,291,450,collaborates,0.453,193,2026-05-13T09:49:20Z,2026-05-13T09:49:20Z
3126,326,458,mentioned,0.643,153,2026-05-13T09:49:20Z,2026-05-13T09:49:20Z
3127,45,28,reshared,0.292,20,2026-05-13T09:49:20Z,2026-05-13T09:49:20Z
3128,333,486,tagged,0.437,20,2026-05-13T09:49:20Z,2026-05-13T09:49:20Z
3129,448,289,duet,0.751,21,2026-05-13T09:49:20Z,2026-05-13T09:49:20Z
3130,434,86,inspired_by,0.985,73,2026-05-13T09:49:20Z,2026-05-13T09:49:20Z
3131,346,43,follows,0.351,18,2026-05-13T09:49:20Z,2026-05-13T09:49:20Z
3132,185,159,collaborates,0.255,55,2026-05-13T09:49:20Z,2026-05-13T09:49:20Z
3133,95,402,mentioned,0.613,11,2026-05-13T09:49:20Z,2026-05-13T09:49:20Z
3134,137,12,reshared,0.979,115,2026-05-13T09:49:20Z,2026-05-13T09:49:20Z
3135,225,113,tagged,0.276,61,2026-05-13T09:49:20Z,2026-05-13T09:49:20Z
3136,345,183,duet,0.895,92,2026-05-13T09:49:20Z,2026-05-13T09:49:20Z
3137,129,262,inspired_by,0.901,80,2026-05-13T09:49:20Z,2026-05-13T09:49:20Z
3138,111,338,follows,0.407,59,2026-05-13T09:49:20Z,2026-05-13T09:49:20Z
3139,2,330,collaborates,0.15,8,2026-05-13T09:49:20Z,2026-05-13T09:49:20Z
3140,126,381,mentioned,0.134,57,2026-05-13T09:49:20Z,2026-05-13T09:49:20Z
3141,429,385,reshared,0.232,191,2026-05-13T09:49:20Z,2026-05-13T09:49:20Z
3142,6,173,tagged,0.704,74,2026-05-13T09:49:20Z,2026-05-13T09:49:20Z
3143,401,452,duet,0.467,117,2026-05-13T09:49:20Z,2026-05-13T09:49:20Z
3144,268,426,inspired_by,0.844,193,2026-05-13T09:49:20Z,2026-05-13T09:49:20Z
3145,305,84,follows,0.537,120,2026-05-13T09:49:20Z,2026-05-13T09:49:20Z
3146,6,253,collaborates,0.61,39,2026-05-13T09:49:20Z,2026-05-13T09:49:20Z
3147,241,307,mentioned,0.179,107,2026-05-13T09:49:20Z,2026-05-13T09:49:20Z
3148,392,8,reshared,0.873,66,2026-05-13T09:49:20Z,2026-05-13T09:49:20Z
3149,6,168,tagged,0.335,142,2026-05-13T09:49:20Z,2026-05-13T09:49:20Z
3150,356,273,duet,0.847,16,2026-05-13T09:49:20Z,2026-05-13T09:49:20Z
3151,222,147,inspired_by,0.985,154,2026-05-13T09:49:20Z,2026-05-13T09:49:20Z
3152,272,83,follows,0.334,124,2026-05-13T09:49:20Z,2026-05-13T09:49:20Z
3153,414,266,collaborates,0.674,54,2026-05-13T09:49:20Z,2026-05-13T09:49:20Z
3155,201,115,reshared,0.541,161,2026-05-13T09:49:20Z,2026-05-13T09:49:20Z
3156,181,261,tagged,0.728,165,2026-05-13T09:49:20Z,2026-05-13T09:49:20Z
3157,129,329,duet,0.368,54,2026-05-13T09:49:20Z,2026-05-13T09:49:20Z
3158,208,323,inspired_by,0.14,15,2026-05-13T09:49:20Z,2026-05-13T09:49:20Z
3159,183,278,collaborates,0.713,165,2026-05-13T09:49:20Z,2026-05-13T09:49:20Z
3160,402,163,mentioned,0.249,145,2026-05-13T09:49:20Z,2026-05-13T09:49:20Z
3161,394,44,reshared,0.659,68,2026-05-13T09:49:20Z,2026-05-13T09:49:20Z
3162,341,207,tagged,0.618,150,2026-05-13T09:49:20Z,2026-05-13T09:49:20Z
3163,257,45,duet,0.177,106,2026-05-13T09:49:20Z,2026-05-13T09:49:20Z
3164,446,350,inspired_by,0.971,56,2026-05-13T09:49:20Z,2026-05-13T09:49:20Z
3165,20,480,follows,0.842,61,2026-05-13T09:49:20Z,2026-05-13T09:49:20Z
3166,341,153,collaborates,0.108,3,2026-05-13T09:49:20Z,2026-05-13T09:49:20Z
3167,409,477,mentioned,0.489,60,2026-05-13T09:49:20Z,2026-05-13T09:49:20Z
3168,341,282,reshared,0.963,58,2026-05-13T09:49:20Z,2026-05-13T09:49:20Z
3169,441,486,tagged,0.882,78,2026-05-13T09:49:20Z,2026-05-13T09:49:20Z
3170,122,411,duet,0.478,164,2026-05-13T09:49:20Z,2026-05-13T09:49:20Z
3172,385,214,follows,0.774,83,2026-05-13T09:49:20Z,2026-05-13T09:49:20Z
3174,315,86,mentioned,0.762,126,2026-05-13T09:49:20Z,2026-05-13T09:49:20Z
3175,29,27,reshared,0.673,78,2026-05-13T09:49:20Z,2026-05-13T09:49:20Z
3176,488,263,tagged,0.138,84,2026-05-13T09:49:20Z,2026-05-13T09:49:20Z
3177,39,469,duet,0.928,31,2026-05-13T09:49:20Z,2026-05-13T09:49:20Z
3178,270,191,inspired_by,0.19,80,2026-05-13T09:49:20Z,2026-05-13T09:49:20Z
3179,238,5,follows,0.33,96,2026-05-13T09:49:20Z,2026-05-13T09:49:20Z
3180,366,373,collaborates,0.481,75,2026-05-13T09:49:20Z,2026-05-13T09:49:20Z
3181,234,277,mentioned,0.829,67,2026-05-13T09:49:20Z,2026-05-13T09:49:20Z
3182,368,342,reshared,0.931,191,2026-05-13T09:49:20Z,2026-05-13T09:49:20Z
3184,183,227,duet,0.314,88,2026-05-13T09:49:20Z,2026-05-13T09:49:20Z
3185,227,52,inspired_by,0.195,67,2026-05-13T09:49:20Z,2026-05-13T09:49:20Z
3186,405,418,follows,0.831,5,2026-05-13T09:49:20Z,2026-05-13T09:49:20Z
3187,253,190,collaborates,0.991,77,2026-05-13T09:49:20Z,2026-05-13T09:49:20Z
3188,459,79,mentioned,0.104,107,2026-05-13T09:49:20Z,2026-05-13T09:49:20Z
3189,303,220,reshared,0.75,148,2026-05-13T09:49:20Z,2026-05-13T09:49:20Z
3190,114,475,tagged,0.436,24,2026-05-13T09:49:20Z,2026-05-13T09:49:20Z
3191,226,344,duet,0.457,184,2026-05-13T09:49:20Z,2026-05-13T09:49:20Z
3192,418,166,inspired_by,0.855,188,2026-05-13T09:49:20Z,2026-05-13T09:49:20Z
3193,56,178,follows,0.83,114,2026-05-13T09:49:20Z,2026-05-13T09:49:20Z
3195,467,393,mentioned,0.749,136,2026-05-13T09:49:20Z,2026-05-13T09:49:20Z
3196,420,456,reshared,0.542,131,2026-05-13T09:49:20Z,2026-05-13T09:49:20Z
3198,211,301,duet,0.603,183,2026-05-13T09:49:20Z,2026-05-13T09:49:20Z
3200,93,320,follows,0.97,125,2026-05-13T09:49:20Z,2026-05-13T09:49:20Z
3201,367,393,collaborates,0.959,108,2026-05-13T09:49:20Z,2026-05-13T09:49:20Z
3203,122,218,reshared,0.483,17,2026-05-13T09:49:20Z,2026-05-13T09:49:20Z
3204,440,425,tagged,0.799,82,2026-05-13T09:49:20Z,2026-05-13T09:49:20Z
3207,425,32,follows,0.317,159,2026-05-13T09:49:20Z,2026-05-13T09:49:20Z
3208,436,178,collaborates,0.655,139,2026-05-13T09:49:20Z,2026-05-13T09:49:20Z
3209,295,332,mentioned,0.302,50,2026-05-13T09:49:20Z,2026-05-13T09:49:20Z
3210,162,9,reshared,0.301,40,2026-05-13T09:49:20Z,2026-05-13T09:49:20Z
3211,465,202,tagged,0.718,65,2026-05-13T09:49:20Z,2026-05-13T09:49:20Z
3212,234,165,duet,0.397,2,2026-05-13T09:49:20Z,2026-05-13T09:49:20Z
3213,435,382,inspired_by,0.955,28,2026-05-13T09:49:20Z,2026-05-13T09:49:20Z
3214,24,408,follows,0.589,122,2026-05-13T09:49:20Z,2026-05-13T09:49:20Z
3216,374,70,mentioned,0.337,169,2026-05-13T09:49:20Z,2026-05-13T09:49:20Z
3217,59,319,reshared,0.4,45,2026-05-13T09:49:20Z,2026-05-13T09:49:20Z
3218,433,1,tagged,0.648,30,2026-05-13T09:49:20Z,2026-05-13T09:49:20Z
3219,389,104,duet,0.64,85,2026-05-13T09:49:20Z,2026-05-13T09:49:20Z
3220,360,95,inspired_by,0.93,149,2026-05-13T09:49:20Z,2026-05-13T09:49:20Z
3221,414,94,follows,0.94,187,2026-05-13T09:49:20Z,2026-05-13T09:49:20Z
3222,94,79,collaborates,0.377,93,2026-05-13T09:49:20Z,2026-05-13T09:49:20Z
3223,428,276,mentioned,0.577,18,2026-05-13T09:49:20Z,2026-05-13T09:49:20Z
3224,78,239,reshared,0.14,13,2026-05-13T09:49:20Z,2026-05-13T09:49:20Z
3225,30,10,tagged,0.591,71,2026-05-13T09:49:20Z,2026-05-13T09:49:20Z
3226,166,461,duet,0.239,135,2026-05-13T09:49:20Z,2026-05-13T09:49:20Z
3227,486,271,inspired_by,0.606,156,2026-05-13T09:49:20Z,2026-05-13T09:49:20Z
3228,11,229,follows,0.423,141,2026-05-13T09:49:20Z,2026-05-13T09:49:20Z
3229,190,133,collaborates,0.295,190,2026-05-13T09:49:20Z,2026-05-13T09:49:20Z
3230,149,281,mentioned,0.38,197,2026-05-13T09:49:20Z,2026-05-13T09:49:20Z
3231,104,424,reshared,0.381,8,2026-05-13T09:49:20Z,2026-05-13T09:49:20Z
3232,240,321,tagged,0.292,170,2026-05-13T09:49:20Z,2026-05-13T09:49:20Z
3233,114,72,duet,0.803,14,2026-05-13T09:49:20Z,2026-05-13T09:49:20Z
3234,65,38,inspired_by,0.481,166,2026-05-13T09:49:20Z,2026-05-13T09:49:20Z
3236,307,328,collaborates,0.256,52,2026-05-13T09:49:20Z,2026-05-13T09:49:20Z
3237,409,367,mentioned,0.138,92,2026-05-13T09:49:20Z,2026-05-13T09:49:20Z
3238,29,175,reshared,0.148,54,2026-05-13T09:49:20Z,2026-05-13T09:49:20Z
3239,434,422,tagged,0.456,164,2026-05-13T09:49:20Z,2026-05-13T09:49:20Z
3240,291,181,duet,0.573,44,2026-05-13T09:49:20Z,2026-05-13T09:49:20Z
3241,343,169,inspired_by,0.865,31,2026-05-13T09:49:20Z,2026-05-13T09:49:20Z
3242,267,384,follows,0.585,26,2026-05-13T09:49:20Z,2026-05-13T09:49:20Z
3243,376,459,collaborates,0.249,185,2026-05-13T09:49:20Z,2026-05-13T09:49:20Z
3244,117,238,mentioned,0.321,9,2026-05-13T09:49:20Z,2026-05-13T09:49:20Z
3246,5,132,tagged,0.209,23,2026-05-13T09:49:20Z,2026-05-13T09:49:20Z
3247,2,88,duet,0.903,144,2026-05-13T09:49:20Z,2026-05-13T09:49:20Z
3248,219,466,inspired_by,0.145,88,2026-05-13T09:49:20Z,2026-05-13T09:49:20Z
3249,412,279,follows,0.43,34,2026-05-13T09:49:20Z,2026-05-13T09:49:20Z
3250,221,350,collaborates,0.446,119,2026-05-13T09:49:20Z,2026-05-13T09:49:20Z
3251,335,102,mentioned,0.448,59,2026-05-13T09:49:20Z,2026-05-13T09:49:20Z
3252,413,147,reshared,0.383,99,2026-05-13T09:49:20Z,2026-05-13T09:49:20Z
3253,104,440,tagged,0.43,120,2026-05-13T09:49:20Z,2026-05-13T09:49:20Z
3254,312,318,duet,0.4,140,2026-05-13T09:49:20Z,2026-05-13T09:49:20Z
3255,256,365,inspired_by,0.889,197,2026-05-13T09:49:20Z,2026-05-13T09:49:20Z
3256,359,290,follows,0.611,121,2026-05-13T09:49:20Z,2026-05-13T09:49:20Z
3259,276,435,reshared,0.855,170,2026-05-13T09:49:20Z,2026-05-13T09:49:20Z
3260,278,214,tagged,0.648,43,2026-05-13T09:49:20Z,2026-05-13T09:49:20Z
3261,36,128,duet,0.393,16,2026-05-13T09:49:20Z,2026-05-13T09:49:20Z
3262,293,189,inspired_by,0.225,72,2026-05-13T09:49:20Z,2026-05-13T09:49:20Z
3263,153,120,follows,0.238,36,2026-05-13T09:49:20Z,2026-05-13T09:49:20Z
3264,148,468,collaborates,0.282,37,2026-05-13T09:49:20Z,2026-05-13T09:49:20Z
3265,363,236,mentioned,0.982,8,2026-05-13T09:49:20Z,2026-05-13T09:49:20Z
3266,457,470,reshared,0.807,154,2026-05-13T09:49:20Z,2026-05-13T09:49:20Z
3267,384,101,tagged,0.506,40,2026-05-13T09:49:20Z,2026-05-13T09:49:20Z
3268,41,463,duet,0.924,119,2026-05-13T09:49:20Z,2026-05-13T09:49:20Z
3270,478,348,follows,0.968,162,2026-05-13T09:49:20Z,2026-05-13T09:49:20Z
3271,381,122,collaborates,0.877,99,2026-05-13T09:49:20Z,2026-05-13T09:49:20Z
3272,287,415,mentioned,0.526,60,2026-05-13T09:49:20Z,2026-05-13T09:49:20Z
3273,180,402,reshared,0.897,99,2026-05-13T09:49:20Z,2026-05-13T09:49:20Z
3274,192,194,tagged,0.989,171,2026-05-13T09:49:20Z,2026-05-13T09:49:20Z
3275,229,382,duet,0.35,135,2026-05-13T09:49:20Z,2026-05-13T09:49:20Z
3276,161,27,inspired_by,0.959,62,2026-05-13T09:49:20Z,2026-05-13T09:49:20Z
3277,219,108,follows,0.554,55,2026-05-13T09:49:20Z,2026-05-13T09:49:20Z
3278,324,82,collaborates,0.993,103,2026-05-13T09:49:20Z,2026-05-13T09:49:20Z
3279,358,415,mentioned,0.579,102,2026-05-13T09:49:20Z,2026-05-13T09:49:20Z
3280,393,127,reshared,0.165,30,2026-05-13T09:49:20Z,2026-05-13T09:49:20Z
3281,12,166,tagged,0.725,95,2026-05-13T09:49:20Z,2026-05-13T09:49:20Z
3282,166,444,duet,0.504,93,2026-05-13T09:49:20Z,2026-05-13T09:49:20Z
3283,481,169,inspired_by,0.103,60,2026-05-13T09:49:20Z,2026-05-13T09:49:20Z
3284,375,451,follows,0.209,44,2026-05-13T09:49:20Z,2026-05-13T09:49:20Z
3285,229,181,collaborates,0.792,49,2026-05-13T09:49:20Z,2026-05-13T09:49:20Z
3286,5,229,mentioned,0.832,19,2026-05-13T09:49:20Z,2026-05-13T09:49:20Z
3287,326,206,reshared,0.106,38,2026-05-13T09:49:20Z,2026-05-13T09:49:20Z
3288,321,30,tagged,0.102,98,2026-05-13T09:49:20Z,2026-05-13T09:49:20Z
3289,56,478,duet,0.235,132,2026-05-13T09:49:20Z,2026-05-13T09:49:20Z
3292,42,56,collaborates,0.761,39,2026-05-13T09:49:20Z,2026-05-13T09:49:20Z
3293,104,148,mentioned,0.779,161,2026-05-13T09:49:20Z,2026-05-13T09:49:20Z
3294,356,436,reshared,0.318,137,2026-05-13T09:49:20Z,2026-05-13T09:49:20Z
3295,371,345,tagged,0.696,197,2026-05-13T09:49:20Z,2026-05-13T09:49:20Z
3296,474,222,duet,0.959,19,2026-05-13T09:49:20Z,2026-05-13T09:49:20Z
3297,155,76,inspired_by,0.965,144,2026-05-13T09:49:20Z,2026-05-13T09:49:20Z
3298,158,442,follows,0.68,6,2026-05-13T09:49:20Z,2026-05-13T09:49:20Z
3299,430,168,collaborates,0.697,19,2026-05-13T09:49:20Z,2026-05-13T09:49:20Z
3300,285,269,mentioned,0.359,174,2026-05-13T09:49:20Z,2026-05-13T09:49:20Z
3301,354,374,reshared,0.998,75,2026-05-13T09:49:20Z,2026-05-13T09:49:20Z
3302,465,120,tagged,0.258,173,2026-05-13T09:49:20Z,2026-05-13T09:49:20Z
3304,420,360,inspired_by,0.563,175,2026-05-13T09:49:20Z,2026-05-13T09:49:20Z
3305,326,262,follows,0.228,81,2026-05-13T09:49:20Z,2026-05-13T09:49:20Z
3306,7,186,collaborates,0.299,18,2026-05-13T09:49:20Z,2026-05-13T09:49:20Z
3307,316,206,mentioned,0.912,61,2026-05-13T09:49:20Z,2026-05-13T09:49:20Z
3308,213,261,reshared,0.604,95,2026-05-13T09:49:20Z,2026-05-13T09:49:20Z
3309,228,324,tagged,0.428,182,2026-05-13T09:49:20Z,2026-05-13T09:49:20Z
3310,342,64,duet,0.963,198,2026-05-13T09:49:20Z,2026-05-13T09:49:20Z
3311,475,301,inspired_by,0.679,36,2026-05-13T09:49:20Z,2026-05-13T09:49:20Z
3312,310,78,follows,0.913,108,2026-05-13T09:49:20Z,2026-05-13T09:49:20Z
3315,89,442,reshared,0.71,76,2026-05-13T09:49:20Z,2026-05-13T09:49:20Z
3316,380,362,tagged,0.407,28,2026-05-13T09:49:20Z,2026-05-13T09:49:20Z
3317,232,8,duet,0.851,110,2026-05-13T09:49:20Z,2026-05-13T09:49:20Z
3318,423,233,inspired_by,0.88,126,2026-05-13T09:49:20Z,2026-05-13T09:49:20Z
3319,72,386,follows,0.624,128,2026-05-13T09:49:20Z,2026-05-13T09:49:20Z
3320,264,61,collaborates,0.663,103,2026-05-13T09:49:20Z,2026-05-13T09:49:20Z
3322,19,257,reshared,0.851,128,2026-05-13T09:49:20Z,2026-05-13T09:49:20Z
3323,275,21,tagged,0.363,94,2026-05-13T09:49:20Z,2026-05-13T09:49:20Z
3324,425,148,duet,0.216,88,2026-05-13T09:49:20Z,2026-05-13T09:49:20Z
3325,309,235,inspired_by,0.752,98,2026-05-13T09:49:20Z,2026-05-13T09:49:20Z
3326,311,378,follows,0.25,4,2026-05-13T09:49:20Z,2026-05-13T09:49:20Z
3327,291,41,collaborates,0.311,93,2026-05-13T09:49:20Z,2026-05-13T09:49:20Z
3328,311,288,mentioned,0.889,81,2026-05-13T09:49:20Z,2026-05-13T09:49:20Z
3329,148,281,reshared,0.766,162,2026-05-13T09:49:20Z,2026-05-13T09:49:20Z
3330,127,87,tagged,0.803,7,2026-05-13T09:49:20Z,2026-05-13T09:49:20Z
3331,29,63,duet,0.115,145,2026-05-13T09:49:20Z,2026-05-13T09:49:20Z
3332,380,489,inspired_by,0.161,155,2026-05-13T09:49:20Z,2026-05-13T09:49:20Z
3333,130,151,follows,0.221,34,2026-05-13T09:49:20Z,2026-05-13T09:49:20Z
3334,439,389,collaborates,0.582,163,2026-05-13T09:49:20Z,2026-05-13T09:49:20Z
3335,238,64,mentioned,0.84,134,2026-05-13T09:49:20Z,2026-05-13T09:49:20Z
3336,54,350,reshared,0.142,172,2026-05-13T09:49:20Z,2026-05-13T09:49:20Z
3337,302,16,tagged,0.352,25,2026-05-13T09:49:20Z,2026-05-13T09:49:20Z
3338,234,447,duet,0.524,137,2026-05-13T09:49:20Z,2026-05-13T09:49:20Z
3340,376,116,follows,0.814,171,2026-05-13T09:49:20Z,2026-05-13T09:49:20Z
3341,191,182,collaborates,0.669,105,2026-05-13T09:49:20Z,2026-05-13T09:49:20Z
3342,186,203,mentioned,0.297,156,2026-05-13T09:49:20Z,2026-05-13T09:49:20Z
3343,344,277,reshared,0.535,73,2026-05-13T09:49:20Z,2026-05-13T09:49:20Z
3344,436,407,tagged,0.902,134,2026-05-13T09:49:20Z,2026-05-13T09:49:20Z
3345,78,146,duet,0.864,50,2026-05-13T09:49:20Z,2026-05-13T09:49:20Z
3346,445,265,inspired_by,0.514,173,2026-05-13T09:49:20Z,2026-05-13T09:49:20Z
3347,25,174,follows,0.618,131,2026-05-13T09:49:20Z,2026-05-13T09:49:20Z
3348,14,162,collaborates,0.704,174,2026-05-13T09:49:20Z,2026-05-13T09:49:20Z
3350,61,131,reshared,0.678,63,2026-05-13T09:49:20Z,2026-05-13T09:49:20Z
3351,293,375,tagged,0.538,73,2026-05-13T09:49:20Z,2026-05-13T09:49:20Z
3352,363,178,duet,0.421,152,2026-05-13T09:49:20Z,2026-05-13T09:49:20Z
3353,20,33,inspired_by,0.69,134,2026-05-13T09:49:20Z,2026-05-13T09:49:20Z
3354,380,125,follows,0.751,88,2026-05-13T09:49:20Z,2026-05-13T09:49:20Z
3355,355,103,collaborates,0.264,81,2026-05-13T09:49:20Z,2026-05-13T09:49:20Z
3356,364,437,mentioned,0.689,40,2026-05-13T09:49:20Z,2026-05-13T09:49:20Z
3357,9,334,reshared,0.866,3,2026-05-13T09:49:20Z,2026-05-13T09:49:20Z
3358,47,262,tagged,0.986,150,2026-05-13T09:49:20Z,2026-05-13T09:49:20Z
3359,30,165,duet,0.65,128,2026-05-13T09:49:20Z,2026-05-13T09:49:20Z
3360,443,402,inspired_by,0.669,18,2026-05-13T09:49:20Z,2026-05-13T09:49:20Z
3361,206,114,follows,0.393,160,2026-05-13T09:49:20Z,2026-05-13T09:49:20Z
3362,287,194,collaborates,0.378,44,2026-05-13T09:49:20Z,2026-05-13T09:49:20Z
3363,326,187,mentioned,0.902,173,2026-05-13T09:49:20Z,2026-05-13T09:49:20Z
3364,77,146,reshared,0.561,122,2026-05-13T09:49:20Z,2026-05-13T09:49:20Z
3365,218,166,tagged,0.436,166,2026-05-13T09:49:20Z,2026-05-13T09:49:20Z
3366,440,168,duet,0.566,20,2026-05-13T09:49:20Z,2026-05-13T09:49:20Z
3368,35,175,follows,0.573,29,2026-05-13T09:49:20Z,2026-05-13T09:49:20Z
3370,140,473,mentioned,0.477,136,2026-05-13T09:49:20Z,2026-05-13T09:49:20Z
3371,29,365,reshared,0.888,50,2026-05-13T09:49:20Z,2026-05-13T09:49:20Z
3373,331,484,duet,0.527,159,2026-05-13T09:49:20Z,2026-05-13T09:49:20Z
3374,79,74,inspired_by,0.269,164,2026-05-13T09:49:20Z,2026-05-13T09:49:20Z
3376,369,410,collaborates,0.426,21,2026-05-13T09:49:20Z,2026-05-13T09:49:20Z
3377,436,47,mentioned,0.27,88,2026-05-13T09:49:20Z,2026-05-13T09:49:20Z
3378,128,457,reshared,0.364,100,2026-05-13T09:49:20Z,2026-05-13T09:49:20Z
3379,40,123,tagged,0.174,145,2026-05-13T09:49:20Z,2026-05-13T09:49:20Z
3380,412,434,duet,0.643,15,2026-05-13T09:49:20Z,2026-05-13T09:49:20Z
3381,124,386,inspired_by,0.522,46,2026-05-13T09:49:20Z,2026-05-13T09:49:20Z
3383,72,334,collaborates,0.98,7,2026-05-13T09:49:20Z,2026-05-13T09:49:20Z
3384,392,384,mentioned,0.804,189,2026-05-13T09:49:20Z,2026-05-13T09:49:20Z
3385,412,32,reshared,0.721,19,2026-05-13T09:49:20Z,2026-05-13T09:49:20Z
3386,210,324,tagged,0.104,150,2026-05-13T09:49:20Z,2026-05-13T09:49:20Z
3387,115,274,duet,0.568,199,2026-05-13T09:49:20Z,2026-05-13T09:49:20Z
3388,17,389,inspired_by,0.906,149,2026-05-13T09:49:20Z,2026-05-13T09:49:20Z
3389,208,464,follows,0.895,51,2026-05-13T09:49:20Z,2026-05-13T09:49:20Z
3390,270,160,collaborates,0.134,7,2026-05-13T09:49:20Z,2026-05-13T09:49:20Z
3391,381,82,mentioned,0.527,12,2026-05-13T09:49:20Z,2026-05-13T09:49:20Z
3392,349,38,reshared,0.503,183,2026-05-13T09:49:20Z,2026-05-13T09:49:20Z
3393,155,379,tagged,0.834,53,2026-05-13T09:49:20Z,2026-05-13T09:49:20Z
3395,169,486,inspired_by,0.305,108,2026-05-13T09:49:20Z,2026-05-13T09:49:20Z
3397,306,423,collaborates,0.361,70,2026-05-13T09:49:20Z,2026-05-13T09:49:20Z
3398,52,403,mentioned,0.983,122,2026-05-13T09:49:20Z,2026-05-13T09:49:20Z
3399,114,81,reshared,0.234,28,2026-05-13T09:49:20Z,2026-05-13T09:49:20Z
3400,362,223,tagged,0.703,110,2026-05-13T09:49:20Z,2026-05-13T09:49:20Z
3401,161,165,duet,0.337,115,2026-05-13T09:49:20Z,2026-05-13T09:49:20Z
3403,458,55,follows,0.815,11,2026-05-13T09:49:20Z,2026-05-13T09:49:20Z
3404,90,355,collaborates,0.643,80,2026-05-13T09:49:20Z,2026-05-13T09:49:20Z
3405,14,376,mentioned,0.465,163,2026-05-13T09:49:20Z,2026-05-13T09:49:20Z
3406,441,211,reshared,0.576,109,2026-05-13T09:49:20Z,2026-05-13T09:49:20Z
3407,459,474,tagged,0.464,56,2026-05-13T09:49:20Z,2026-05-13T09:49:20Z
3409,159,242,inspired_by,0.203,180,2026-05-13T09:49:20Z,2026-05-13T09:49:20Z
3410,286,451,follows,0.402,111,2026-05-13T09:49:20Z,2026-05-13T09:49:20Z
3411,478,42,collaborates,0.461,58,2026-05-13T09:49:20Z,2026-05-13T09:49:20Z
3412,267,287,mentioned,0.109,52,2026-05-13T09:49:20Z,2026-05-13T09:49:20Z
3413,456,273,reshared,0.958,126,2026-05-13T09:49:20Z,2026-05-13T09:49:20Z
3415,148,328,duet,0.869,92,2026-05-13T09:49:20Z,2026-05-13T09:49:20Z
3416,109,131,inspired_by,0.492,51,2026-05-13T09:49:20Z,2026-05-13T09:49:20Z
3418,315,461,collaborates,0.956,1,2026-05-13T09:49:20Z,2026-05-13T09:49:20Z
3420,7,265,reshared,0.824,172,2026-05-13T09:49:20Z,2026-05-13T09:49:20Z
3421,255,176,tagged,0.919,188,2026-05-13T09:49:20Z,2026-05-13T09:49:20Z
3422,342,62,duet,0.939,124,2026-05-13T09:49:20Z,2026-05-13T09:49:20Z
3423,78,477,inspired_by,0.426,160,2026-05-13T09:49:20Z,2026-05-13T09:49:20Z
3424,91,379,follows,0.828,115,2026-05-13T09:49:20Z,2026-05-13T09:49:20Z
3425,488,176,collaborates,0.147,37,2026-05-13T09:49:20Z,2026-05-13T09:49:20Z
3426,257,473,mentioned,0.333,155,2026-05-13T09:49:20Z,2026-05-13T09:49:20Z
3427,177,28,reshared,0.164,179,2026-05-13T09:49:20Z,2026-05-13T09:49:20Z
3428,363,441,tagged,0.212,163,2026-05-13T09:49:20Z,2026-05-13T09:49:20Z
3429,13,376,duet,0.461,183,2026-05-13T09:49:20Z,2026-05-13T09:49:20Z
3430,193,181,inspired_by,0.89,152,2026-05-13T09:49:20Z,2026-05-13T09:49:20Z
3431,432,157,follows,0.612,164,2026-05-13T09:49:20Z,2026-05-13T09:49:20Z
3432,349,374,collaborates,0.617,168,2026-05-13T09:49:20Z,2026-05-13T09:49:20Z
3433,81,77,mentioned,0.66,107,2026-05-13T09:49:20Z,2026-05-13T09:49:20Z
3435,203,482,tagged,0.854,87,2026-05-13T09:49:20Z,2026-05-13T09:49:20Z
3436,12,28,duet,0.497,37,2026-05-13T09:49:20Z,2026-05-13T09:49:20Z
3437,361,375,inspired_by,0.748,115,2026-05-13T09:49:20Z,2026-05-13T09:49:20Z
3438,68,338,follows,0.402,174,2026-05-13T09:49:20Z,2026-05-13T09:49:20Z
3439,333,305,collaborates,0.106,47,2026-05-13T09:49:20Z,2026-05-13T09:49:20Z
3440,355,410,mentioned,0.656,105,2026-05-13T09:49:20Z,2026-05-13T09:49:20Z
3441,104,340,reshared,0.489,48,2026-05-13T09:49:20Z,2026-05-13T09:49:20Z
3442,472,375,tagged,0.728,88,2026-05-13T09:49:20Z,2026-05-13T09:49:20Z
3443,367,117,duet,0.416,83,2026-05-13T09:49:20Z,2026-05-13T09:49:20Z
3444,208,157,inspired_by,0.95,123,2026-05-13T09:49:20Z,2026-05-13T09:49:20Z
3445,40,142,follows,0.459,169,2026-05-13T09:49:20Z,2026-05-13T09:49:20Z
3446,220,448,collaborates,0.743,168,2026-05-13T09:49:20Z,2026-05-13T09:49:20Z
3447,382,309,mentioned,0.792,45,2026-05-13T09:49:20Z,2026-05-13T09:49:20Z
3448,441,126,reshared,0.463,125,2026-05-13T09:49:20Z,2026-05-13T09:49:20Z
3449,331,133,tagged,0.706,196,2026-05-13T09:49:20Z,2026-05-13T09:49:20Z
3450,403,69,duet,0.659,96,2026-05-13T09:49:20Z,2026-05-13T09:49:20Z
3451,1,36,inspired_by,0.991,112,2026-05-13T09:49:20Z,2026-05-13T09:49:20Z
3452,4,138,follows,0.537,151,2026-05-13T09:49:20Z,2026-05-13T09:49:20Z
3454,366,163,mentioned,0.428,197,2026-05-13T09:49:20Z,2026-05-13T09:49:20Z
3456,9,50,tagged,0.155,84,2026-05-13T09:49:20Z,2026-05-13T09:49:20Z
3458,225,278,inspired_by,0.184,17,2026-05-13T09:49:20Z,2026-05-13T09:49:20Z
3459,178,192,follows,0.466,91,2026-05-13T09:49:20Z,2026-05-13T09:49:20Z
3461,17,416,mentioned,0.454,128,2026-05-13T09:49:20Z,2026-05-13T09:49:20Z
3462,289,377,reshared,0.649,198,2026-05-13T09:49:20Z,2026-05-13T09:49:20Z
3463,231,67,tagged,0.856,167,2026-05-13T09:49:20Z,2026-05-13T09:49:20Z
3464,118,336,duet,0.909,102,2026-05-13T09:49:20Z,2026-05-13T09:49:20Z
3465,48,191,inspired_by,0.822,93,2026-05-13T09:49:20Z,2026-05-13T09:49:20Z
3466,416,285,follows,0.856,54,2026-05-13T09:49:20Z,2026-05-13T09:49:20Z
3467,391,238,collaborates,0.662,187,2026-05-13T09:49:20Z,2026-05-13T09:49:20Z
3468,261,473,mentioned,0.705,71,2026-05-13T09:49:20Z,2026-05-13T09:49:20Z
3469,23,420,reshared,0.55,121,2026-05-13T09:49:20Z,2026-05-13T09:49:20Z
3470,427,330,tagged,0.471,195,2026-05-13T09:49:20Z,2026-05-13T09:49:20Z
3471,79,117,duet,0.171,139,2026-05-13T09:49:20Z,2026-05-13T09:49:20Z
3472,122,487,inspired_by,0.631,92,2026-05-13T09:49:20Z,2026-05-13T09:49:20Z
3473,382,103,follows,0.926,8,2026-05-13T09:49:20Z,2026-05-13T09:49:20Z
3474,383,216,collaborates,0.961,165,2026-05-13T09:49:20Z,2026-05-13T09:49:20Z
3475,163,9,mentioned,0.621,24,2026-05-13T09:49:20Z,2026-05-13T09:49:20Z
3476,359,139,reshared,0.413,103,2026-05-13T09:49:20Z,2026-05-13T09:49:20Z
3477,487,168,tagged,0.498,22,2026-05-13T09:49:20Z,2026-05-13T09:49:20Z
3478,174,153,duet,0.537,52,2026-05-13T09:49:20Z,2026-05-13T09:49:20Z
3479,307,433,inspired_by,0.246,19,2026-05-13T09:49:20Z,2026-05-13T09:49:20Z
3480,280,212,follows,0.756,114,2026-05-13T09:49:20Z,2026-05-13T09:49:20Z
3481,340,267,collaborates,0.978,62,2026-05-13T09:49:20Z,2026-05-13T09:49:20Z
3483,429,39,reshared,0.751,120,2026-05-13T09:49:20Z,2026-05-13T09:49:20Z
3484,469,373,tagged,0.545,31,2026-05-13T09:49:20Z,2026-05-13T09:49:20Z
3485,284,256,duet,0.826,120,2026-05-13T09:49:20Z,2026-05-13T09:49:20Z
3486,149,38,inspired_by,0.744,80,2026-05-13T09:49:20Z,2026-05-13T09:49:20Z
3487,44,40,follows,0.221,70,2026-05-13T09:49:20Z,2026-05-13T09:49:20Z
3488,427,337,collaborates,0.46,5,2026-05-13T09:49:20Z,2026-05-13T09:49:20Z
3489,275,273,mentioned,0.485,27,2026-05-13T09:49:20Z,2026-05-13T09:49:20Z
3490,448,261,reshared,0.904,172,2026-05-13T09:49:20Z,2026-05-13T09:49:20Z
3491,206,82,tagged,0.737,62,2026-05-13T09:49:20Z,2026-05-13T09:49:20Z
3492,35,482,duet,0.468,41,2026-05-13T09:49:20Z,2026-05-13T09:49:20Z
