shipment_id,order_id,center_id,carrier,tracking_number,ship_status,distance_km,estimated_hours,ship_cost,shipped_at,delivered_at,created_at
1,3,25,Clinical Express,CLS000000000003,in_transit,,,17.89,2026-05-03T13:54:29Z,,2026-05-13T09:49:20Z
2,4,20,CryoLine,CLS000000000004,delivered,,,8.52,2026-05-11T15:53:17Z,2026-05-13T02:29:53Z,2026-05-13T09:49:20Z
3,5,9,TrialFreight,CLS000000000005,delivered,,,17.63,2026-05-07T23:17:22Z,2026-05-13T04:13:20Z,2026-05-13T09:49:20Z
4,6,7,SafeTemp,CLS000000000006,delivered,,,18.35,2026-05-10T02:28:29Z,2026-05-11T15:19:47Z,2026-05-13T09:49:20Z
5,11,11,Clinical Express,CLS000000000011,in_transit,,,19.66,2026-05-09T15:28:35Z,,2026-05-13T09:49:20Z
6,12,27,CryoLine,CLS000000000012,delivered,,,7.2,2026-05-11T17:16:41Z,2026-05-13T08:05:15Z,2026-05-13T09:49:20Z
7,13,21,TrialFreight,CLS000000000013,delivered,,,23.89,2026-05-11T20:44:08Z,2026-05-11T18:03:47Z,2026-05-13T09:49:20Z
8,14,21,SafeTemp,CLS000000000014,delivered,,,13.54,2026-05-04T21:13:38Z,2026-05-12T20:42:57Z,2026-05-13T09:49:20Z
9,19,16,Clinical Express,CLS000000000019,in_transit,,,22.42,2026-05-11T09:15:45Z,,2026-05-13T09:49:20Z
10,20,1,CryoLine,CLS000000000020,delivered,,,22.25,2026-05-11T15:51:24Z,2026-05-12T20:03:54Z,2026-05-13T09:49:20Z
11,21,2,TrialFreight,CLS000000000021,delivered,,,12.71,2026-05-08T11:17:44Z,2026-05-13T02:32:22Z,2026-05-13T09:49:20Z
12,22,5,SafeTemp,CLS000000000022,delivered,,,6.43,2026-05-12T01:16:11Z,2026-05-12T03:35:15Z,2026-05-13T09:49:20Z
13,27,9,Clinical Express,CLS000000000027,in_transit,,,19.41,2026-05-08T08:57:51Z,,2026-05-13T09:49:20Z
14,28,25,CryoLine,CLS000000000028,delivered,,,23.03,2026-05-11T06:29:07Z,2026-05-12T23:16:40Z,2026-05-13T09:49:20Z
15,29,24,TrialFreight,CLS000000000029,delivered,,,19.59,2026-05-08T11:24:03Z,2026-05-11T14:44:06Z,2026-05-13T09:49:20Z
16,30,25,SafeTemp,CLS000000000030,delivered,,,8.88,2026-05-03T19:03:15Z,2026-05-12T14:23:16Z,2026-05-13T09:49:20Z
17,35,16,Clinical Express,CLS000000000035,in_transit,,,16.91,2026-05-09T05:27:09Z,,2026-05-13T09:49:20Z
18,36,3,CryoLine,CLS000000000036,delivered,,,22.3,2026-05-08T06:40:33Z,2026-05-13T08:55:25Z,2026-05-13T09:49:20Z
19,37,30,TrialFreight,CLS000000000037,delivered,,,20.11,2026-05-07T12:09:33Z,2026-05-13T03:31:02Z,2026-05-13T09:49:20Z
20,38,26,SafeTemp,CLS000000000038,delivered,,,12.44,2026-05-10T11:12:13Z,2026-05-13T09:17:00Z,2026-05-13T09:49:20Z
21,43,17,Clinical Express,CLS000000000043,in_transit,,,20.96,2026-05-09T03:34:21Z,,2026-05-13T09:49:20Z
22,44,22,CryoLine,CLS000000000044,delivered,,,8.03,2026-05-06T23:10:43Z,2026-05-12T18:23:04Z,2026-05-13T09:49:20Z
23,45,18,TrialFreight,CLS000000000045,delivered,,,24.86,2026-05-08T08:51:15Z,2026-05-12T14:35:25Z,2026-05-13T09:49:20Z
24,46,8,SafeTemp,CLS000000000046,delivered,,,7.79,2026-05-03T21:32:47Z,2026-05-13T07:58:37Z,2026-05-13T09:49:20Z
25,51,18,Clinical Express,CLS000000000051,in_transit,,,15.18,2026-05-09T04:08:24Z,,2026-05-13T09:49:20Z
26,52,30,CryoLine,CLS000000000052,delivered,,,7.67,2026-05-06T01:22:02Z,2026-05-12T15:03:02Z,2026-05-13T09:49:20Z
27,53,15,TrialFreight,CLS000000000053,delivered,,,23.34,2026-05-07T12:23:52Z,2026-05-13T08:04:12Z,2026-05-13T09:49:20Z
28,54,21,SafeTemp,CLS000000000054,delivered,,,15.66,2026-05-03T10:00:40Z,2026-05-12T23:11:34Z,2026-05-13T09:49:20Z
29,59,9,Clinical Express,CLS000000000059,in_transit,,,19.96,2026-05-08T06:02:07Z,,2026-05-13T09:49:20Z
30,60,27,CryoLine,CLS000000000060,delivered,,,5.78,2026-05-03T11:54:31Z,2026-05-11T16:37:05Z,2026-05-13T09:49:20Z
31,61,3,TrialFreight,CLS000000000061,delivered,,,20.55,2026-05-10T21:53:14Z,2026-05-11T14:20:51Z,2026-05-13T09:49:20Z
32,62,12,SafeTemp,CLS000000000062,delivered,,,6.79,2026-05-11T08:03:52Z,2026-05-12T04:51:32Z,2026-05-13T09:49:20Z
33,67,10,Clinical Express,CLS000000000067,in_transit,,,24.83,2026-05-06T16:22:31Z,,2026-05-13T09:49:20Z
34,68,3,CryoLine,CLS000000000068,delivered,,,24.79,2026-05-08T12:01:06Z,2026-05-12T12:44:26Z,2026-05-13T09:49:20Z
35,69,13,TrialFreight,CLS000000000069,delivered,,,20.23,2026-05-11T15:53:28Z,2026-05-11T20:17:15Z,2026-05-13T09:49:20Z
36,70,21,SafeTemp,CLS000000000070,delivered,,,8.86,2026-05-08T08:00:10Z,2026-05-12T05:29:42Z,2026-05-13T09:49:20Z
37,75,8,Clinical Express,CLS000000000075,in_transit,,,20.37,2026-05-04T06:21:29Z,,2026-05-13T09:49:20Z
38,76,27,CryoLine,CLS000000000076,delivered,,,15.7,2026-05-03T16:53:03Z,2026-05-12T18:02:01Z,2026-05-13T09:49:20Z
39,77,9,TrialFreight,CLS000000000077,delivered,,,14.69,2026-05-11T05:29:51Z,2026-05-12T10:26:28Z,2026-05-13T09:49:20Z
40,78,7,SafeTemp,CLS000000000078,delivered,,,20.41,2026-05-06T14:31:56Z,2026-05-13T00:06:35Z,2026-05-13T09:49:20Z
41,83,17,Clinical Express,CLS000000000083,in_transit,,,5.48,2026-05-04T06:12:15Z,,2026-05-13T09:49:20Z
42,84,14,CryoLine,CLS000000000084,delivered,,,5.64,2026-05-04T15:59:09Z,2026-05-11T17:55:07Z,2026-05-13T09:49:20Z
43,85,25,TrialFreight,CLS000000000085,delivered,,,12.98,2026-05-11T20:15:31Z,2026-05-12T22:11:04Z,2026-05-13T09:49:20Z
44,86,10,SafeTemp,CLS000000000086,delivered,,,20.04,2026-05-09T12:03:30Z,2026-05-12T19:42:00Z,2026-05-13T09:49:20Z
45,91,12,Clinical Express,CLS000000000091,in_transit,,,14.28,2026-05-11T23:53:08Z,,2026-05-13T09:49:20Z
46,92,14,CryoLine,CLS000000000092,delivered,,,11.9,2026-05-03T14:45:19Z,2026-05-12T23:00:00Z,2026-05-13T09:49:20Z
47,93,4,TrialFreight,CLS000000000093,delivered,,,22.19,2026-05-12T08:57:52Z,2026-05-12T18:03:00Z,2026-05-13T09:49:20Z
48,94,27,SafeTemp,CLS000000000094,delivered,,,12,2026-05-06T15:05:23Z,2026-05-11T17:00:09Z,2026-05-13T09:49:20Z
49,99,26,Clinical Express,CLS000000000099,in_transit,,,6.02,2026-05-07T07:18:39Z,,2026-05-13T09:49:20Z
50,100,11,CryoLine,CLS000000000100,delivered,,,23.96,2026-05-06T07:57:43Z,2026-05-12T12:30:04Z,2026-05-13T09:49:20Z
51,101,29,TrialFreight,CLS000000000101,delivered,,,10.18,2026-05-06T20:39:02Z,2026-05-11T23:30:15Z,2026-05-13T09:49:20Z
52,102,6,SafeTemp,CLS000000000102,delivered,,,24.78,2026-05-04T05:08:25Z,2026-05-12T17:02:51Z,2026-05-13T09:49:20Z
53,107,1,Clinical Express,CLS000000000107,in_transit,,,11.9,2026-05-10T15:58:59Z,,2026-05-13T09:49:20Z
54,108,17,CryoLine,CLS000000000108,delivered,,,11.71,2026-05-11T19:24:35Z,2026-05-12T00:06:19Z,2026-05-13T09:49:20Z
55,109,4,TrialFreight,CLS000000000109,delivered,,,13.96,2026-05-09T02:10:22Z,2026-05-13T00:13:49Z,2026-05-13T09:49:20Z
56,110,15,SafeTemp,CLS000000000110,delivered,,,7.7,2026-05-07T13:09:27Z,2026-05-13T05:34:43Z,2026-05-13T09:49:20Z
57,115,12,Clinical Express,CLS000000000115,in_transit,,,20.67,2026-05-07T19:31:21Z,,2026-05-13T09:49:20Z
58,116,18,CryoLine,CLS000000000116,delivered,,,8.95,2026-05-09T12:19:52Z,2026-05-12T11:42:09Z,2026-05-13T09:49:20Z
59,117,13,TrialFreight,CLS000000000117,delivered,,,8.4,2026-05-10T21:36:34Z,2026-05-13T04:09:53Z,2026-05-13T09:49:20Z
60,118,14,SafeTemp,CLS000000000118,delivered,,,5.61,2026-05-06T15:57:36Z,2026-05-12T23:21:19Z,2026-05-13T09:49:20Z
61,123,10,Clinical Express,CLS000000000123,in_transit,,,17.85,2026-05-10T10:04:43Z,,2026-05-13T09:49:20Z
62,124,19,CryoLine,CLS000000000124,delivered,,,11.4,2026-05-04T23:24:16Z,2026-05-12T05:37:10Z,2026-05-13T09:49:20Z
63,125,2,TrialFreight,CLS000000000125,delivered,,,18.58,2026-05-11T09:32:28Z,2026-05-11T23:22:51Z,2026-05-13T09:49:20Z
64,126,4,SafeTemp,CLS000000000126,delivered,,,11.92,2026-05-05T01:18:45Z,2026-05-11T23:49:32Z,2026-05-13T09:49:20Z
65,131,7,Clinical Express,CLS000000000131,in_transit,,,15.84,2026-05-10T12:55:34Z,,2026-05-13T09:49:20Z
66,132,22,CryoLine,CLS000000000132,delivered,,,8.84,2026-05-03T17:43:46Z,2026-05-11T13:29:10Z,2026-05-13T09:49:20Z
67,133,23,TrialFreight,CLS000000000133,delivered,,,5.88,2026-05-04T10:37:01Z,2026-05-11T11:41:08Z,2026-05-13T09:49:20Z
68,134,7,SafeTemp,CLS000000000134,delivered,,,7.36,2026-05-09T13:17:31Z,2026-05-12T14:04:29Z,2026-05-13T09:49:20Z
69,139,5,Clinical Express,CLS000000000139,in_transit,,,11.88,2026-05-05T11:31:33Z,,2026-05-13T09:49:20Z
70,140,15,CryoLine,CLS000000000140,delivered,,,8.06,2026-05-08T02:58:42Z,2026-05-11T17:34:00Z,2026-05-13T09:49:20Z
71,141,24,TrialFreight,CLS000000000141,delivered,,,14.42,2026-05-05T10:11:23Z,2026-05-11T16:42:58Z,2026-05-13T09:49:20Z
72,142,24,SafeTemp,CLS000000000142,delivered,,,10.29,2026-05-05T14:18:16Z,2026-05-12T12:28:15Z,2026-05-13T09:49:20Z
73,147,3,Clinical Express,CLS000000000147,in_transit,,,7.18,2026-05-05T20:12:57Z,,2026-05-13T09:49:20Z
74,148,6,CryoLine,CLS000000000148,delivered,,,9.37,2026-05-08T18:40:36Z,2026-05-11T10:12:27Z,2026-05-13T09:49:20Z
75,149,20,TrialFreight,CLS000000000149,delivered,,,6.36,2026-05-04T12:27:45Z,2026-05-13T09:47:11Z,2026-05-13T09:49:20Z
76,150,19,SafeTemp,CLS000000000150,delivered,,,16.37,2026-05-08T11:39:01Z,2026-05-11T23:27:44Z,2026-05-13T09:49:20Z
77,155,17,Clinical Express,CLS000000000155,in_transit,,,14.47,2026-05-05T15:27:11Z,,2026-05-13T09:49:20Z
78,156,12,CryoLine,CLS000000000156,delivered,,,11.28,2026-05-07T03:30:27Z,2026-05-11T19:38:56Z,2026-05-13T09:49:20Z
79,157,2,TrialFreight,CLS000000000157,delivered,,,7.62,2026-05-05T12:49:39Z,2026-05-13T07:55:35Z,2026-05-13T09:49:20Z
80,158,17,SafeTemp,CLS000000000158,delivered,,,15.45,2026-05-05T04:07:26Z,2026-05-11T20:03:32Z,2026-05-13T09:49:20Z
81,163,4,Clinical Express,CLS000000000163,in_transit,,,13.64,2026-05-11T05:13:40Z,,2026-05-13T09:49:20Z
82,164,12,CryoLine,CLS000000000164,delivered,,,5.99,2026-05-10T09:55:40Z,2026-05-12T05:46:18Z,2026-05-13T09:49:20Z
83,165,17,TrialFreight,CLS000000000165,delivered,,,11.75,2026-05-05T15:46:24Z,2026-05-11T21:07:13Z,2026-05-13T09:49:20Z
84,166,6,SafeTemp,CLS000000000166,delivered,,,21.79,2026-05-04T16:29:15Z,2026-05-11T22:34:32Z,2026-05-13T09:49:20Z
85,171,20,Clinical Express,CLS000000000171,in_transit,,,17.42,2026-05-10T12:41:58Z,,2026-05-13T09:49:20Z
86,172,23,CryoLine,CLS000000000172,delivered,,,11.7,2026-05-09T20:18:37Z,2026-05-13T05:11:41Z,2026-05-13T09:49:20Z
87,173,29,TrialFreight,CLS000000000173,delivered,,,15.33,2026-05-07T19:28:49Z,2026-05-11T12:31:32Z,2026-05-13T09:49:20Z
88,174,28,SafeTemp,CLS000000000174,delivered,,,18.08,2026-05-06T16:41:33Z,2026-05-12T10:10:52Z,2026-05-13T09:49:20Z
89,179,19,Clinical Express,CLS000000000179,in_transit,,,20.7,2026-05-08T20:48:32Z,,2026-05-13T09:49:20Z
90,180,12,CryoLine,CLS000000000180,delivered,,,21.6,2026-05-04T06:49:34Z,2026-05-13T03:26:45Z,2026-05-13T09:49:20Z
91,181,27,TrialFreight,CLS000000000181,delivered,,,20.57,2026-05-10T04:05:39Z,2026-05-11T18:02:02Z,2026-05-13T09:49:20Z
92,182,17,SafeTemp,CLS000000000182,delivered,,,12.59,2026-05-09T00:57:15Z,2026-05-11T11:30:51Z,2026-05-13T09:49:20Z
93,187,14,Clinical Express,CLS000000000187,in_transit,,,21.44,2026-05-12T06:21:34Z,,2026-05-13T09:49:20Z
94,188,6,CryoLine,CLS000000000188,delivered,,,17.78,2026-05-07T18:22:31Z,2026-05-13T08:51:43Z,2026-05-13T09:49:20Z
95,189,15,TrialFreight,CLS000000000189,delivered,,,11.68,2026-05-07T17:00:12Z,2026-05-12T12:11:55Z,2026-05-13T09:49:20Z
96,190,16,SafeTemp,CLS000000000190,delivered,,,18.18,2026-05-04T12:20:18Z,2026-05-12T11:10:56Z,2026-05-13T09:49:20Z
97,195,13,Clinical Express,CLS000000000195,in_transit,,,13.28,2026-05-08T11:04:31Z,,2026-05-13T09:49:20Z
98,196,21,CryoLine,CLS000000000196,delivered,,,12.12,2026-05-09T17:06:09Z,2026-05-12T05:58:58Z,2026-05-13T09:49:20Z
99,197,12,TrialFreight,CLS000000000197,delivered,,,15.69,2026-05-09T12:28:33Z,2026-05-12T15:52:12Z,2026-05-13T09:49:20Z
100,198,23,SafeTemp,CLS000000000198,delivered,,,11.6,2026-05-10T21:31:36Z,2026-05-12T10:41:40Z,2026-05-13T09:49:20Z
101,203,12,Clinical Express,CLS000000000203,in_transit,,,13.09,2026-05-07T10:27:11Z,,2026-05-13T09:49:20Z
102,204,24,CryoLine,CLS000000000204,delivered,,,23.99,2026-05-07T10:18:48Z,2026-05-12T23:38:50Z,2026-05-13T09:49:20Z
103,205,26,TrialFreight,CLS000000000205,delivered,,,7.96,2026-05-07T20:35:08Z,2026-05-12T08:23:41Z,2026-05-13T09:49:20Z
104,206,11,SafeTemp,CLS000000000206,delivered,,,20.91,2026-05-04T23:31:17Z,2026-05-11T15:04:07Z,2026-05-13T09:49:20Z
105,211,2,Clinical Express,CLS000000000211,in_transit,,,23.12,2026-05-08T01:55:13Z,,2026-05-13T09:49:20Z
106,212,18,CryoLine,CLS000000000212,delivered,,,11.6,2026-05-09T20:00:12Z,2026-05-13T05:17:09Z,2026-05-13T09:49:20Z
107,213,16,TrialFreight,CLS000000000213,delivered,,,18.42,2026-05-10T10:44:09Z,2026-05-12T02:04:34Z,2026-05-13T09:49:20Z
108,214,15,SafeTemp,CLS000000000214,delivered,,,15.71,2026-05-08T06:38:32Z,2026-05-11T15:06:35Z,2026-05-13T09:49:20Z
109,219,14,Clinical Express,CLS000000000219,in_transit,,,11.3,2026-05-06T16:50:41Z,,2026-05-13T09:49:20Z
110,220,9,CryoLine,CLS000000000220,delivered,,,20.79,2026-05-09T12:20:16Z,2026-05-11T18:48:50Z,2026-05-13T09:49:20Z
111,221,22,TrialFreight,CLS000000000221,delivered,,,23.34,2026-05-03T13:28:31Z,2026-05-12T17:56:02Z,2026-05-13T09:49:20Z
112,222,7,SafeTemp,CLS000000000222,delivered,,,17.61,2026-05-04T14:41:07Z,2026-05-13T02:28:01Z,2026-05-13T09:49:20Z
113,227,2,Clinical Express,CLS000000000227,in_transit,,,15.96,2026-05-07T06:33:16Z,,2026-05-13T09:49:20Z
114,228,11,CryoLine,CLS000000000228,delivered,,,15.38,2026-05-09T19:53:39Z,2026-05-11T19:14:38Z,2026-05-13T09:49:20Z
115,229,23,TrialFreight,CLS000000000229,delivered,,,8.56,2026-05-07T17:15:59Z,2026-05-12T15:44:10Z,2026-05-13T09:49:20Z
116,230,1,SafeTemp,CLS000000000230,delivered,,,6.92,2026-05-10T06:06:19Z,2026-05-12T23:18:56Z,2026-05-13T09:49:20Z
117,235,26,Clinical Express,CLS000000000235,in_transit,,,20.89,2026-05-09T10:30:43Z,,2026-05-13T09:49:20Z
118,236,25,CryoLine,CLS000000000236,delivered,,,23.55,2026-05-09T18:42:42Z,2026-05-11T11:20:19Z,2026-05-13T09:49:20Z
119,237,25,TrialFreight,CLS000000000237,delivered,,,23.95,2026-05-03T18:14:58Z,2026-05-11T20:00:43Z,2026-05-13T09:49:20Z
120,238,2,SafeTemp,CLS000000000238,delivered,,,7.75,2026-05-08T05:12:56Z,2026-05-12T22:33:04Z,2026-05-13T09:49:20Z
121,243,20,Clinical Express,CLS000000000243,in_transit,,,14.76,2026-05-09T23:44:58Z,,2026-05-13T09:49:20Z
122,244,20,CryoLine,CLS000000000244,delivered,,,8.06,2026-05-04T13:30:01Z,2026-05-12T01:10:00Z,2026-05-13T09:49:20Z
123,245,29,TrialFreight,CLS000000000245,delivered,,,19.03,2026-05-12T03:56:27Z,2026-05-11T19:52:15Z,2026-05-13T09:49:20Z
124,246,9,SafeTemp,CLS000000000246,delivered,,,22.83,2026-05-11T18:27:46Z,2026-05-12T21:55:09Z,2026-05-13T09:49:20Z
125,251,3,Clinical Express,CLS000000000251,in_transit,,,10.69,2026-05-11T04:02:20Z,,2026-05-13T09:49:20Z
126,252,25,CryoLine,CLS000000000252,delivered,,,10.54,2026-05-08T07:39:29Z,2026-05-12T08:47:15Z,2026-05-13T09:49:20Z
127,253,22,TrialFreight,CLS000000000253,delivered,,,20.87,2026-05-06T17:39:29Z,2026-05-12T20:43:21Z,2026-05-13T09:49:20Z
128,254,22,SafeTemp,CLS000000000254,delivered,,,18.74,2026-05-07T06:10:21Z,2026-05-11T17:08:53Z,2026-05-13T09:49:20Z
129,259,4,Clinical Express,CLS000000000259,in_transit,,,7.7,2026-05-03T20:14:25Z,,2026-05-13T09:49:20Z
130,260,7,CryoLine,CLS000000000260,delivered,,,13.87,2026-05-05T18:44:53Z,2026-05-11T15:06:53Z,2026-05-13T09:49:20Z
131,261,22,TrialFreight,CLS000000000261,delivered,,,13.54,2026-05-07T14:52:36Z,2026-05-12T19:34:08Z,2026-05-13T09:49:20Z
132,262,11,SafeTemp,CLS000000000262,delivered,,,9.97,2026-05-06T18:46:04Z,2026-05-11T11:52:38Z,2026-05-13T09:49:20Z
133,267,6,Clinical Express,CLS000000000267,in_transit,,,19.2,2026-05-05T00:00:18Z,,2026-05-13T09:49:20Z
134,268,19,CryoLine,CLS000000000268,delivered,,,5.39,2026-05-10T22:56:36Z,2026-05-11T23:28:11Z,2026-05-13T09:49:20Z
135,269,13,TrialFreight,CLS000000000269,delivered,,,17.53,2026-05-05T12:18:44Z,2026-05-11T17:43:03Z,2026-05-13T09:49:20Z
136,270,27,SafeTemp,CLS000000000270,delivered,,,21.09,2026-05-06T21:33:24Z,2026-05-12T06:58:30Z,2026-05-13T09:49:20Z
137,275,18,Clinical Express,CLS000000000275,in_transit,,,17.33,2026-05-07T18:05:13Z,,2026-05-13T09:49:20Z
138,276,4,CryoLine,CLS000000000276,delivered,,,20.66,2026-05-06T14:36:32Z,2026-05-13T06:47:24Z,2026-05-13T09:49:20Z
139,277,30,TrialFreight,CLS000000000277,delivered,,,9.88,2026-05-11T19:39:44Z,2026-05-11T12:46:18Z,2026-05-13T09:49:20Z
140,278,16,SafeTemp,CLS000000000278,delivered,,,21.7,2026-05-08T22:09:07Z,2026-05-12T14:37:13Z,2026-05-13T09:49:20Z
141,283,1,Clinical Express,CLS000000000283,in_transit,,,24.79,2026-05-08T12:36:05Z,,2026-05-13T09:49:20Z
142,284,23,CryoLine,CLS000000000284,delivered,,,9.61,2026-05-12T06:28:45Z,2026-05-12T17:25:19Z,2026-05-13T09:49:20Z
143,285,20,TrialFreight,CLS000000000285,delivered,,,5.65,2026-05-05T09:23:53Z,2026-05-12T17:32:33Z,2026-05-13T09:49:20Z
144,286,13,SafeTemp,CLS000000000286,delivered,,,8.53,2026-05-03T19:04:55Z,2026-05-11T13:26:59Z,2026-05-13T09:49:20Z
145,291,4,Clinical Express,CLS000000000291,in_transit,,,6.05,2026-05-08T18:52:31Z,,2026-05-13T09:49:20Z
146,292,18,CryoLine,CLS000000000292,delivered,,,9.55,2026-05-07T22:13:55Z,2026-05-11T17:04:08Z,2026-05-13T09:49:20Z
147,293,15,TrialFreight,CLS000000000293,delivered,,,21.62,2026-05-04T04:21:16Z,2026-05-12T10:51:24Z,2026-05-13T09:49:20Z
148,294,12,SafeTemp,CLS000000000294,delivered,,,17.41,2026-05-03T22:59:51Z,2026-05-13T02:44:27Z,2026-05-13T09:49:20Z
149,299,15,Clinical Express,CLS000000000299,in_transit,,,10.42,2026-05-04T21:31:07Z,,2026-05-13T09:49:20Z
150,300,25,CryoLine,CLS000000000300,delivered,,,16.19,2026-05-05T04:05:38Z,2026-05-12T18:14:15Z,2026-05-13T09:49:20Z
151,301,6,TrialFreight,CLS000000000301,delivered,,,19.84,2026-05-04T07:39:18Z,2026-05-12T01:57:56Z,2026-05-13T09:49:20Z
152,302,1,SafeTemp,CLS000000000302,delivered,,,5.95,2026-05-10T13:49:13Z,2026-05-11T15:36:30Z,2026-05-13T09:49:20Z
153,307,7,Clinical Express,CLS000000000307,in_transit,,,15.54,2026-05-10T20:08:15Z,,2026-05-13T09:49:20Z
154,308,13,CryoLine,CLS000000000308,delivered,,,11.58,2026-05-05T17:18:58Z,2026-05-12T14:44:51Z,2026-05-13T09:49:20Z
155,309,30,TrialFreight,CLS000000000309,delivered,,,17.42,2026-05-08T00:34:57Z,2026-05-12T10:15:54Z,2026-05-13T09:49:20Z
156,310,4,SafeTemp,CLS000000000310,delivered,,,18.54,2026-05-10T13:54:40Z,2026-05-12T12:16:47Z,2026-05-13T09:49:20Z
157,315,2,Clinical Express,CLS000000000315,in_transit,,,22.21,2026-05-06T11:19:43Z,,2026-05-13T09:49:20Z
158,316,27,CryoLine,CLS000000000316,delivered,,,6.89,2026-05-04T20:17:38Z,2026-05-11T22:32:53Z,2026-05-13T09:49:20Z
159,317,12,TrialFreight,CLS000000000317,delivered,,,9.92,2026-05-03T11:55:07Z,2026-05-11T11:13:07Z,2026-05-13T09:49:20Z
160,318,30,SafeTemp,CLS000000000318,delivered,,,17.49,2026-05-09T10:52:49Z,2026-05-11T21:31:01Z,2026-05-13T09:49:20Z
161,323,18,Clinical Express,CLS000000000323,in_transit,,,13.56,2026-05-11T16:26:18Z,,2026-05-13T09:49:20Z
162,324,2,CryoLine,CLS000000000324,delivered,,,11.68,2026-05-12T01:50:34Z,2026-05-12T12:24:34Z,2026-05-13T09:49:20Z
163,325,15,TrialFreight,CLS000000000325,delivered,,,11.39,2026-05-04T08:06:00Z,2026-05-13T07:37:23Z,2026-05-13T09:49:20Z
164,326,18,SafeTemp,CLS000000000326,delivered,,,8.73,2026-05-05T04:07:54Z,2026-05-11T18:56:06Z,2026-05-13T09:49:20Z
165,331,6,Clinical Express,CLS000000000331,in_transit,,,21,2026-05-05T19:22:50Z,,2026-05-13T09:49:20Z
166,332,13,CryoLine,CLS000000000332,delivered,,,18.68,2026-05-05T20:18:25Z,2026-05-12T13:14:59Z,2026-05-13T09:49:20Z
167,333,16,TrialFreight,CLS000000000333,delivered,,,5.72,2026-05-06T21:54:56Z,2026-05-13T03:59:41Z,2026-05-13T09:49:20Z
168,334,19,SafeTemp,CLS000000000334,delivered,,,5.37,2026-05-07T10:32:41Z,2026-05-12T11:59:40Z,2026-05-13T09:49:20Z
169,339,22,Clinical Express,CLS000000000339,in_transit,,,7.33,2026-05-11T06:25:11Z,,2026-05-13T09:49:20Z
170,340,19,CryoLine,CLS000000000340,delivered,,,11.51,2026-05-08T13:00:06Z,2026-05-11T21:34:31Z,2026-05-13T09:49:20Z
171,341,11,TrialFreight,CLS000000000341,delivered,,,9.34,2026-05-12T05:49:09Z,2026-05-13T09:15:56Z,2026-05-13T09:49:20Z
172,342,3,SafeTemp,CLS000000000342,delivered,,,8.44,2026-05-03T12:43:38Z,2026-05-11T21:09:24Z,2026-05-13T09:49:20Z
173,347,10,Clinical Express,CLS000000000347,in_transit,,,14,2026-05-07T13:27:26Z,,2026-05-13T09:49:20Z
174,348,10,CryoLine,CLS000000000348,delivered,,,18.6,2026-05-08T04:13:48Z,2026-05-13T03:48:26Z,2026-05-13T09:49:20Z
175,349,30,TrialFreight,CLS000000000349,delivered,,,24.25,2026-05-07T20:45:40Z,2026-05-11T22:51:02Z,2026-05-13T09:49:20Z
176,350,28,SafeTemp,CLS000000000350,delivered,,,9.32,2026-05-08T19:31:37Z,2026-05-11T20:16:21Z,2026-05-13T09:49:20Z
177,355,22,Clinical Express,CLS000000000355,in_transit,,,18.1,2026-05-03T12:34:30Z,,2026-05-13T09:49:20Z
178,356,22,CryoLine,CLS000000000356,delivered,,,18.18,2026-05-11T20:04:13Z,2026-05-11T16:59:42Z,2026-05-13T09:49:20Z
179,357,21,TrialFreight,CLS000000000357,delivered,,,19.47,2026-05-12T00:16:49Z,2026-05-12T05:54:14Z,2026-05-13T09:49:20Z
180,358,26,SafeTemp,CLS000000000358,delivered,,,21.37,2026-05-05T15:03:56Z,2026-05-12T22:36:28Z,2026-05-13T09:49:20Z
181,363,22,Clinical Express,CLS000000000363,in_transit,,,7.12,2026-05-11T15:32:19Z,,2026-05-13T09:49:20Z
182,364,22,CryoLine,CLS000000000364,delivered,,,21.63,2026-05-10T07:04:48Z,2026-05-11T22:31:06Z,2026-05-13T09:49:20Z
183,365,19,TrialFreight,CLS000000000365,delivered,,,6.03,2026-05-05T05:38:13Z,2026-05-12T15:56:12Z,2026-05-13T09:49:20Z
184,366,16,SafeTemp,CLS000000000366,delivered,,,24.79,2026-05-03T12:06:24Z,2026-05-12T12:00:05Z,2026-05-13T09:49:20Z
185,371,29,Clinical Express,CLS000000000371,in_transit,,,8.61,2026-05-09T19:20:26Z,,2026-05-13T09:49:20Z
186,372,30,CryoLine,CLS000000000372,delivered,,,16.67,2026-05-11T02:48:36Z,2026-05-13T07:35:07Z,2026-05-13T09:49:20Z
187,373,13,TrialFreight,CLS000000000373,delivered,,,17.15,2026-05-08T22:26:44Z,2026-05-12T22:40:49Z,2026-05-13T09:49:20Z
188,374,11,SafeTemp,CLS000000000374,delivered,,,18.44,2026-05-11T21:53:34Z,2026-05-13T00:56:24Z,2026-05-13T09:49:20Z
189,379,25,Clinical Express,CLS000000000379,in_transit,,,20.62,2026-05-06T09:42:24Z,,2026-05-13T09:49:20Z
190,380,22,CryoLine,CLS000000000380,delivered,,,17.23,2026-05-03T11:05:54Z,2026-05-12T01:55:26Z,2026-05-13T09:49:20Z
191,381,22,TrialFreight,CLS000000000381,delivered,,,9.69,2026-05-05T16:03:19Z,2026-05-11T21:55:33Z,2026-05-13T09:49:20Z
192,382,20,SafeTemp,CLS000000000382,delivered,,,14.02,2026-05-05T05:48:23Z,2026-05-13T08:58:12Z,2026-05-13T09:49:20Z
193,387,11,Clinical Express,CLS000000000387,in_transit,,,18.13,2026-05-05T09:35:00Z,,2026-05-13T09:49:20Z
194,388,11,CryoLine,CLS000000000388,delivered,,,9.99,2026-05-12T08:35:57Z,2026-05-11T20:46:14Z,2026-05-13T09:49:20Z
195,389,16,TrialFreight,CLS000000000389,delivered,,,13.24,2026-05-10T10:20:58Z,2026-05-13T00:19:09Z,2026-05-13T09:49:20Z
196,390,11,SafeTemp,CLS000000000390,delivered,,,7.57,2026-05-09T01:35:16Z,2026-05-11T12:45:52Z,2026-05-13T09:49:20Z
197,395,16,Clinical Express,CLS000000000395,in_transit,,,8.74,2026-05-12T06:00:10Z,,2026-05-13T09:49:20Z
198,396,26,CryoLine,CLS000000000396,delivered,,,10.37,2026-05-11T21:30:35Z,2026-05-13T03:39:36Z,2026-05-13T09:49:20Z
199,397,13,TrialFreight,CLS000000000397,delivered,,,19.3,2026-05-04T04:22:45Z,2026-05-12T13:11:36Z,2026-05-13T09:49:20Z
200,398,12,SafeTemp,CLS000000000398,delivered,,,10.54,2026-05-08T07:56:06Z,2026-05-11T10:06:29Z,2026-05-13T09:49:20Z
201,403,13,Clinical Express,CLS000000000403,in_transit,,,6.29,2026-05-10T08:31:20Z,,2026-05-13T09:49:20Z
202,404,28,CryoLine,CLS000000000404,delivered,,,9.83,2026-05-04T19:07:20Z,2026-05-11T22:43:18Z,2026-05-13T09:49:20Z
203,405,28,TrialFreight,CLS000000000405,delivered,,,11.07,2026-05-05T12:24:11Z,2026-05-12T09:48:56Z,2026-05-13T09:49:20Z
204,406,13,SafeTemp,CLS000000000406,delivered,,,15.74,2026-05-04T13:24:14Z,2026-05-12T17:13:13Z,2026-05-13T09:49:20Z
205,411,30,Clinical Express,CLS000000000411,in_transit,,,16.29,2026-05-07T14:16:03Z,,2026-05-13T09:49:20Z
206,412,30,CryoLine,CLS000000000412,delivered,,,21.94,2026-05-12T05:48:22Z,2026-05-12T19:27:07Z,2026-05-13T09:49:20Z
207,413,29,TrialFreight,CLS000000000413,delivered,,,21.14,2026-05-04T18:50:33Z,2026-05-12T05:11:09Z,2026-05-13T09:49:20Z
208,414,16,SafeTemp,CLS000000000414,delivered,,,18.69,2026-05-10T21:49:40Z,2026-05-13T05:04:13Z,2026-05-13T09:49:20Z
209,419,4,Clinical Express,CLS000000000419,in_transit,,,15.49,2026-05-08T15:17:19Z,,2026-05-13T09:49:20Z
210,420,23,CryoLine,CLS000000000420,delivered,,,14.11,2026-05-05T06:33:50Z,2026-05-13T01:22:56Z,2026-05-13T09:49:20Z
211,421,29,TrialFreight,CLS000000000421,delivered,,,18.04,2026-05-09T06:40:55Z,2026-05-12T01:52:50Z,2026-05-13T09:49:20Z
212,422,19,SafeTemp,CLS000000000422,delivered,,,24.39,2026-05-08T19:23:38Z,2026-05-11T16:09:30Z,2026-05-13T09:49:20Z
213,427,13,Clinical Express,CLS000000000427,in_transit,,,18.95,2026-05-07T14:20:54Z,,2026-05-13T09:49:20Z
214,428,28,CryoLine,CLS000000000428,delivered,,,8.49,2026-05-11T21:21:11Z,2026-05-13T05:17:36Z,2026-05-13T09:49:20Z
215,429,20,TrialFreight,CLS000000000429,delivered,,,19.95,2026-05-09T09:23:59Z,2026-05-13T06:41:09Z,2026-05-13T09:49:20Z
216,430,2,SafeTemp,CLS000000000430,delivered,,,5.78,2026-05-08T07:36:41Z,2026-05-11T11:47:13Z,2026-05-13T09:49:20Z
217,435,7,Clinical Express,CLS000000000435,in_transit,,,11.09,2026-05-05T01:20:20Z,,2026-05-13T09:49:20Z
218,436,7,CryoLine,CLS000000000436,delivered,,,21.87,2026-05-10T23:04:11Z,2026-05-11T15:17:20Z,2026-05-13T09:49:20Z
219,437,16,TrialFreight,CLS000000000437,delivered,,,11.12,2026-05-07T03:30:27Z,2026-05-12T04:08:54Z,2026-05-13T09:49:20Z
220,438,12,SafeTemp,CLS000000000438,delivered,,,9.81,2026-05-09T12:08:42Z,2026-05-12T00:16:21Z,2026-05-13T09:49:20Z
221,443,14,Clinical Express,CLS000000000443,in_transit,,,16.97,2026-05-07T21:08:55Z,,2026-05-13T09:49:20Z
222,444,27,CryoLine,CLS000000000444,delivered,,,16.1,2026-05-05T17:35:42Z,2026-05-12T08:57:43Z,2026-05-13T09:49:20Z
223,445,25,TrialFreight,CLS000000000445,delivered,,,6.59,2026-05-06T14:16:26Z,2026-05-13T01:26:06Z,2026-05-13T09:49:20Z
224,446,24,SafeTemp,CLS000000000446,delivered,,,17.63,2026-05-08T19:42:26Z,2026-05-12T06:03:43Z,2026-05-13T09:49:20Z
225,451,28,Clinical Express,CLS000000000451,in_transit,,,15.27,2026-05-05T10:55:50Z,,2026-05-13T09:49:20Z
226,452,22,CryoLine,CLS000000000452,delivered,,,7.98,2026-05-10T08:00:01Z,2026-05-13T05:31:22Z,2026-05-13T09:49:20Z
227,453,7,TrialFreight,CLS000000000453,delivered,,,24.92,2026-05-04T21:50:17Z,2026-05-12T21:23:07Z,2026-05-13T09:49:20Z
228,454,4,SafeTemp,CLS000000000454,delivered,,,17.84,2026-05-04T12:01:22Z,2026-05-13T09:39:45Z,2026-05-13T09:49:20Z
229,459,9,Clinical Express,CLS000000000459,in_transit,,,10.76,2026-05-09T03:40:09Z,,2026-05-13T09:49:20Z
230,460,14,CryoLine,CLS000000000460,delivered,,,11.15,2026-05-05T16:46:35Z,2026-05-12T03:35:10Z,2026-05-13T09:49:20Z
231,461,12,TrialFreight,CLS000000000461,delivered,,,23.41,2026-05-03T21:06:26Z,2026-05-12T16:07:19Z,2026-05-13T09:49:20Z
232,462,23,SafeTemp,CLS000000000462,delivered,,,24.85,2026-05-09T17:09:38Z,2026-05-11T22:04:14Z,2026-05-13T09:49:20Z
233,467,16,Clinical Express,CLS000000000467,in_transit,,,19.91,2026-05-06T14:32:22Z,,2026-05-13T09:49:20Z
234,468,1,CryoLine,CLS000000000468,delivered,,,9.54,2026-05-06T20:01:49Z,2026-05-11T22:19:28Z,2026-05-13T09:49:20Z
235,469,23,TrialFreight,CLS000000000469,delivered,,,17.09,2026-05-08T21:20:17Z,2026-05-11T23:42:21Z,2026-05-13T09:49:20Z
236,470,6,SafeTemp,CLS000000000470,delivered,,,16.23,2026-05-08T17:03:02Z,2026-05-13T03:03:54Z,2026-05-13T09:49:20Z
237,475,20,Clinical Express,CLS000000000475,in_transit,,,17.9,2026-05-11T07:06:11Z,,2026-05-13T09:49:20Z
238,476,28,CryoLine,CLS000000000476,delivered,,,11.45,2026-05-09T05:36:51Z,2026-05-12T20:19:13Z,2026-05-13T09:49:20Z
239,477,7,TrialFreight,CLS000000000477,delivered,,,18.78,2026-05-05T18:50:05Z,2026-05-13T00:28:57Z,2026-05-13T09:49:20Z
240,478,14,SafeTemp,CLS000000000478,delivered,,,17.5,2026-05-04T06:42:17Z,2026-05-12T15:11:43Z,2026-05-13T09:49:20Z
241,483,12,Clinical Express,CLS000000000483,in_transit,,,16.3,2026-05-04T10:51:38Z,,2026-05-13T09:49:20Z
242,484,16,CryoLine,CLS000000000484,delivered,,,9.12,2026-05-07T13:51:08Z,2026-05-13T08:09:47Z,2026-05-13T09:49:20Z
243,485,21,TrialFreight,CLS000000000485,delivered,,,7.04,2026-05-12T09:48:28Z,2026-05-13T07:30:11Z,2026-05-13T09:49:20Z
244,486,23,SafeTemp,CLS000000000486,delivered,,,20.04,2026-05-11T12:20:52Z,2026-05-13T09:30:24Z,2026-05-13T09:49:20Z
245,491,16,Clinical Express,CLS000000000491,in_transit,,,21.16,2026-05-04T01:47:02Z,,2026-05-13T09:49:20Z
246,492,11,CryoLine,CLS000000000492,delivered,,,23.52,2026-05-11T10:24:47Z,2026-05-13T06:38:16Z,2026-05-13T09:49:20Z
247,493,7,TrialFreight,CLS000000000493,delivered,,,5.4,2026-05-05T20:54:41Z,2026-05-13T09:33:10Z,2026-05-13T09:49:20Z
248,494,26,SafeTemp,CLS000000000494,delivered,,,6.45,2026-05-03T21:00:41Z,2026-05-11T20:16:28Z,2026-05-13T09:49:20Z
249,499,27,Clinical Express,CLS000000000499,in_transit,,,12.04,2026-05-10T09:10:46Z,,2026-05-13T09:49:20Z
250,500,2,CryoLine,CLS000000000500,delivered,,,8.13,2026-05-04T10:19:07Z,2026-05-11T11:57:42Z,2026-05-13T09:49:20Z
251,501,16,TrialFreight,CLS000000000501,delivered,,,5.56,2026-05-09T22:55:21Z,2026-05-12T19:09:08Z,2026-05-13T09:49:20Z
252,502,22,SafeTemp,CLS000000000502,delivered,,,12.12,2026-05-03T16:50:50Z,2026-05-12T02:17:12Z,2026-05-13T09:49:20Z
253,507,20,Clinical Express,CLS000000000507,in_transit,,,20.74,2026-05-10T14:24:09Z,,2026-05-13T09:49:20Z
254,508,13,CryoLine,CLS000000000508,delivered,,,14.99,2026-05-06T16:32:16Z,2026-05-11T22:00:58Z,2026-05-13T09:49:20Z
255,509,15,TrialFreight,CLS000000000509,delivered,,,20.75,2026-05-05T13:37:05Z,2026-05-12T00:24:53Z,2026-05-13T09:49:20Z
256,510,2,SafeTemp,CLS000000000510,delivered,,,13.18,2026-05-04T11:05:08Z,2026-05-12T01:23:30Z,2026-05-13T09:49:20Z
257,515,25,Clinical Express,CLS000000000515,in_transit,,,8.38,2026-05-08T18:01:34Z,,2026-05-13T09:49:20Z
258,516,14,CryoLine,CLS000000000516,delivered,,,15.55,2026-05-07T04:24:12Z,2026-05-11T12:44:08Z,2026-05-13T09:49:20Z
259,517,18,TrialFreight,CLS000000000517,delivered,,,17.45,2026-05-11T19:17:59Z,2026-05-12T16:21:47Z,2026-05-13T09:49:20Z
260,518,21,SafeTemp,CLS000000000518,delivered,,,23.76,2026-05-09T23:30:43Z,2026-05-12T01:17:45Z,2026-05-13T09:49:20Z
261,523,29,Clinical Express,CLS000000000523,in_transit,,,22.84,2026-05-09T13:11:19Z,,2026-05-13T09:49:20Z
262,524,4,CryoLine,CLS000000000524,delivered,,,12.11,2026-05-03T15:24:11Z,2026-05-13T05:58:56Z,2026-05-13T09:49:20Z
263,525,17,TrialFreight,CLS000000000525,delivered,,,19.49,2026-05-08T19:44:20Z,2026-05-12T22:19:26Z,2026-05-13T09:49:20Z
264,526,24,SafeTemp,CLS000000000526,delivered,,,20.26,2026-05-08T12:27:59Z,2026-05-13T04:09:25Z,2026-05-13T09:49:20Z
265,531,15,Clinical Express,CLS000000000531,in_transit,,,21.11,2026-05-06T12:16:44Z,,2026-05-13T09:49:20Z
266,532,12,CryoLine,CLS000000000532,delivered,,,6.74,2026-05-09T10:14:16Z,2026-05-12T05:27:05Z,2026-05-13T09:49:20Z
267,533,19,TrialFreight,CLS000000000533,delivered,,,23.52,2026-05-09T15:09:45Z,2026-05-13T06:02:00Z,2026-05-13T09:49:20Z
268,534,26,SafeTemp,CLS000000000534,delivered,,,24.25,2026-05-08T17:54:04Z,2026-05-12T13:22:59Z,2026-05-13T09:49:20Z
269,539,11,Clinical Express,CLS000000000539,in_transit,,,21.02,2026-05-09T20:17:31Z,,2026-05-13T09:49:20Z
270,540,22,CryoLine,CLS000000000540,delivered,,,21.91,2026-05-04T14:13:42Z,2026-05-11T11:21:06Z,2026-05-13T09:49:20Z
271,541,20,TrialFreight,CLS000000000541,delivered,,,24.53,2026-05-05T06:15:08Z,2026-05-12T14:31:22Z,2026-05-13T09:49:20Z
272,542,12,SafeTemp,CLS000000000542,delivered,,,11.1,2026-05-03T13:07:35Z,2026-05-11T15:34:04Z,2026-05-13T09:49:20Z
273,547,6,Clinical Express,CLS000000000547,in_transit,,,22.79,2026-05-08T23:57:58Z,,2026-05-13T09:49:20Z
274,548,19,CryoLine,CLS000000000548,delivered,,,20.71,2026-05-04T16:18:16Z,2026-05-12T20:36:36Z,2026-05-13T09:49:20Z
275,549,24,TrialFreight,CLS000000000549,delivered,,,7.03,2026-05-08T05:04:19Z,2026-05-12T04:43:57Z,2026-05-13T09:49:20Z
276,550,4,SafeTemp,CLS000000000550,delivered,,,22.29,2026-05-08T06:23:10Z,2026-05-13T04:39:14Z,2026-05-13T09:49:20Z
277,555,15,Clinical Express,CLS000000000555,in_transit,,,17.19,2026-05-05T13:10:33Z,,2026-05-13T09:49:20Z
278,556,18,CryoLine,CLS000000000556,delivered,,,24.97,2026-05-04T06:44:44Z,2026-05-12T04:12:11Z,2026-05-13T09:49:20Z
279,557,10,TrialFreight,CLS000000000557,delivered,,,11.57,2026-05-04T13:56:15Z,2026-05-12T17:25:01Z,2026-05-13T09:49:20Z
280,558,18,SafeTemp,CLS000000000558,delivered,,,8.7,2026-05-04T03:18:47Z,2026-05-11T22:42:24Z,2026-05-13T09:49:20Z
281,563,9,Clinical Express,CLS000000000563,in_transit,,,13.26,2026-05-08T08:13:16Z,,2026-05-13T09:49:20Z
282,564,10,CryoLine,CLS000000000564,delivered,,,22.96,2026-05-09T09:47:48Z,2026-05-11T13:15:20Z,2026-05-13T09:49:20Z
283,565,19,TrialFreight,CLS000000000565,delivered,,,11.91,2026-05-10T07:28:02Z,2026-05-12T18:29:20Z,2026-05-13T09:49:20Z
284,566,15,SafeTemp,CLS000000000566,delivered,,,23.24,2026-05-10T02:15:28Z,2026-05-11T12:01:02Z,2026-05-13T09:49:20Z
285,571,19,Clinical Express,CLS000000000571,in_transit,,,11.75,2026-05-08T12:06:15Z,,2026-05-13T09:49:20Z
286,572,10,CryoLine,CLS000000000572,delivered,,,8.15,2026-05-08T16:15:15Z,2026-05-13T02:23:04Z,2026-05-13T09:49:20Z
287,573,22,TrialFreight,CLS000000000573,delivered,,,20.45,2026-05-03T17:24:21Z,2026-05-12T09:11:03Z,2026-05-13T09:49:20Z
288,574,19,SafeTemp,CLS000000000574,delivered,,,6.51,2026-05-11T18:20:17Z,2026-05-12T04:50:04Z,2026-05-13T09:49:20Z
289,579,20,Clinical Express,CLS000000000579,in_transit,,,20.92,2026-05-05T13:57:20Z,,2026-05-13T09:49:20Z
290,580,1,CryoLine,CLS000000000580,delivered,,,11.54,2026-05-07T12:17:21Z,2026-05-11T16:30:41Z,2026-05-13T09:49:20Z
291,581,19,TrialFreight,CLS000000000581,delivered,,,23.4,2026-05-08T15:09:41Z,2026-05-13T02:31:08Z,2026-05-13T09:49:20Z
292,582,28,SafeTemp,CLS000000000582,delivered,,,14.16,2026-05-12T09:01:52Z,2026-05-12T14:50:18Z,2026-05-13T09:49:20Z
293,587,11,Clinical Express,CLS000000000587,in_transit,,,22.64,2026-05-06T22:57:22Z,,2026-05-13T09:49:20Z
294,588,7,CryoLine,CLS000000000588,delivered,,,8.17,2026-05-05T15:56:52Z,2026-05-12T13:32:30Z,2026-05-13T09:49:20Z
295,589,2,TrialFreight,CLS000000000589,delivered,,,8.41,2026-05-12T05:25:41Z,2026-05-11T16:47:01Z,2026-05-13T09:49:20Z
296,590,12,SafeTemp,CLS000000000590,delivered,,,13.66,2026-05-03T19:15:35Z,2026-05-11T21:32:53Z,2026-05-13T09:49:20Z
297,595,1,Clinical Express,CLS000000000595,in_transit,,,21.65,2026-05-05T12:47:47Z,,2026-05-13T09:49:20Z
298,596,6,CryoLine,CLS000000000596,delivered,,,17.67,2026-05-04T19:37:41Z,2026-05-12T19:19:45Z,2026-05-13T09:49:20Z
299,597,1,TrialFreight,CLS000000000597,delivered,,,7.73,2026-05-08T21:34:42Z,2026-05-12T14:00:45Z,2026-05-13T09:49:20Z
300,598,14,SafeTemp,CLS000000000598,delivered,,,15.44,2026-05-10T04:47:12Z,2026-05-11T22:55:48Z,2026-05-13T09:49:20Z
301,603,7,Clinical Express,CLS000000000603,in_transit,,,10.8,2026-05-08T10:44:52Z,,2026-05-13T09:49:20Z
302,604,11,CryoLine,CLS000000000604,delivered,,,10.12,2026-05-06T05:43:47Z,2026-05-12T13:47:57Z,2026-05-13T09:49:20Z
303,605,9,TrialFreight,CLS000000000605,delivered,,,23.61,2026-05-05T14:32:58Z,2026-05-12T16:18:53Z,2026-05-13T09:49:20Z
304,606,2,SafeTemp,CLS000000000606,delivered,,,24.84,2026-05-07T14:52:50Z,2026-05-12T02:20:31Z,2026-05-13T09:49:20Z
305,611,17,Clinical Express,CLS000000000611,in_transit,,,21.88,2026-05-11T05:28:09Z,,2026-05-13T09:49:20Z
306,612,15,CryoLine,CLS000000000612,delivered,,,6.12,2026-05-10T11:01:56Z,2026-05-12T07:31:59Z,2026-05-13T09:49:20Z
307,613,26,TrialFreight,CLS000000000613,delivered,,,10.05,2026-05-04T01:14:38Z,2026-05-12T00:44:24Z,2026-05-13T09:49:20Z
308,614,23,SafeTemp,CLS000000000614,delivered,,,13.22,2026-05-10T18:51:46Z,2026-05-11T16:01:50Z,2026-05-13T09:49:20Z
309,619,3,Clinical Express,CLS000000000619,in_transit,,,16.17,2026-05-08T19:02:51Z,,2026-05-13T09:49:20Z
310,620,11,CryoLine,CLS000000000620,delivered,,,24.18,2026-05-09T12:44:33Z,2026-05-11T22:57:43Z,2026-05-13T09:49:20Z
311,621,29,TrialFreight,CLS000000000621,delivered,,,14.33,2026-05-09T08:18:45Z,2026-05-12T01:27:49Z,2026-05-13T09:49:20Z
312,622,20,SafeTemp,CLS000000000622,delivered,,,6.42,2026-05-10T15:08:52Z,2026-05-12T13:15:33Z,2026-05-13T09:49:20Z
313,627,19,Clinical Express,CLS000000000627,in_transit,,,16.21,2026-05-03T09:58:52Z,,2026-05-13T09:49:20Z
314,628,15,CryoLine,CLS000000000628,delivered,,,8.09,2026-05-08T01:38:24Z,2026-05-11T16:38:57Z,2026-05-13T09:49:20Z
315,629,24,TrialFreight,CLS000000000629,delivered,,,6.03,2026-05-08T14:55:34Z,2026-05-12T18:38:01Z,2026-05-13T09:49:20Z
316,630,27,SafeTemp,CLS000000000630,delivered,,,20.9,2026-05-11T08:48:26Z,2026-05-11T23:16:56Z,2026-05-13T09:49:20Z
317,635,24,Clinical Express,CLS000000000635,in_transit,,,22.33,2026-05-10T13:23:03Z,,2026-05-13T09:49:20Z
318,636,20,CryoLine,CLS000000000636,delivered,,,23.38,2026-05-08T09:20:16Z,2026-05-13T05:51:50Z,2026-05-13T09:49:20Z
319,637,6,TrialFreight,CLS000000000637,delivered,,,17.84,2026-05-05T08:00:26Z,2026-05-11T17:36:10Z,2026-05-13T09:49:20Z
320,638,14,SafeTemp,CLS000000000638,delivered,,,17.17,2026-05-11T23:14:09Z,2026-05-12T19:50:17Z,2026-05-13T09:49:20Z
321,643,23,Clinical Express,CLS000000000643,in_transit,,,22.16,2026-05-09T11:56:03Z,,2026-05-13T09:49:20Z
322,644,30,CryoLine,CLS000000000644,delivered,,,5.2,2026-05-11T12:46:25Z,2026-05-11T23:18:09Z,2026-05-13T09:49:20Z
323,645,4,TrialFreight,CLS000000000645,delivered,,,10.04,2026-05-06T13:16:52Z,2026-05-12T00:54:27Z,2026-05-13T09:49:20Z
324,646,16,SafeTemp,CLS000000000646,delivered,,,8.06,2026-05-10T00:06:54Z,2026-05-11T18:25:51Z,2026-05-13T09:49:20Z
325,651,20,Clinical Express,CLS000000000651,in_transit,,,5.5,2026-05-09T20:36:52Z,,2026-05-13T09:49:20Z
326,652,6,CryoLine,CLS000000000652,delivered,,,16.56,2026-05-12T02:57:02Z,2026-05-12T12:25:04Z,2026-05-13T09:49:20Z
327,653,8,TrialFreight,CLS000000000653,delivered,,,15.47,2026-05-05T22:42:46Z,2026-05-12T02:54:03Z,2026-05-13T09:49:20Z
328,654,17,SafeTemp,CLS000000000654,delivered,,,14.23,2026-05-09T13:34:59Z,2026-05-12T10:37:10Z,2026-05-13T09:49:20Z
329,659,9,Clinical Express,CLS000000000659,in_transit,,,18.53,2026-05-06T09:27:01Z,,2026-05-13T09:49:20Z
330,660,21,CryoLine,CLS000000000660,delivered,,,13.31,2026-05-10T12:30:11Z,2026-05-12T11:53:00Z,2026-05-13T09:49:20Z
331,661,1,TrialFreight,CLS000000000661,delivered,,,16.25,2026-05-10T19:00:51Z,2026-05-11T16:30:10Z,2026-05-13T09:49:20Z
332,662,4,SafeTemp,CLS000000000662,delivered,,,23.84,2026-05-04T15:16:35Z,2026-05-12T14:27:11Z,2026-05-13T09:49:20Z
333,667,24,Clinical Express,CLS000000000667,in_transit,,,6.93,2026-05-12T02:59:44Z,,2026-05-13T09:49:20Z
334,668,14,CryoLine,CLS000000000668,delivered,,,12.99,2026-05-05T14:18:31Z,2026-05-12T17:45:33Z,2026-05-13T09:49:20Z
335,669,10,TrialFreight,CLS000000000669,delivered,,,15.97,2026-05-11T11:04:41Z,2026-05-11T11:06:23Z,2026-05-13T09:49:20Z
336,670,14,SafeTemp,CLS000000000670,delivered,,,22.81,2026-05-07T09:43:50Z,2026-05-11T10:24:59Z,2026-05-13T09:49:20Z
337,675,22,Clinical Express,CLS000000000675,in_transit,,,22.36,2026-05-09T06:05:01Z,,2026-05-13T09:49:20Z
338,676,6,CryoLine,CLS000000000676,delivered,,,18.95,2026-05-07T01:27:49Z,2026-05-13T01:29:59Z,2026-05-13T09:49:20Z
339,677,4,TrialFreight,CLS000000000677,delivered,,,17.82,2026-05-08T13:00:55Z,2026-05-13T03:26:49Z,2026-05-13T09:49:20Z
340,678,3,SafeTemp,CLS000000000678,delivered,,,16.73,2026-05-04T18:47:17Z,2026-05-13T07:14:31Z,2026-05-13T09:49:20Z
341,683,16,Clinical Express,CLS000000000683,in_transit,,,17.7,2026-05-05T11:48:43Z,,2026-05-13T09:49:20Z
342,684,9,CryoLine,CLS000000000684,delivered,,,22,2026-05-03T22:21:43Z,2026-05-11T12:50:42Z,2026-05-13T09:49:20Z
343,685,2,TrialFreight,CLS000000000685,delivered,,,16.94,2026-05-08T00:09:13Z,2026-05-13T07:13:04Z,2026-05-13T09:49:20Z
344,686,22,SafeTemp,CLS000000000686,delivered,,,15.24,2026-05-07T20:44:18Z,2026-05-11T11:57:31Z,2026-05-13T09:49:20Z
345,691,13,Clinical Express,CLS000000000691,in_transit,,,8.72,2026-05-05T04:25:53Z,,2026-05-13T09:49:20Z
346,692,12,CryoLine,CLS000000000692,delivered,,,17.93,2026-05-08T10:39:42Z,2026-05-11T14:07:59Z,2026-05-13T09:49:20Z
347,693,25,TrialFreight,CLS000000000693,delivered,,,9.22,2026-05-07T20:27:03Z,2026-05-13T05:40:00Z,2026-05-13T09:49:20Z
348,694,12,SafeTemp,CLS000000000694,delivered,,,23.69,2026-05-05T02:21:02Z,2026-05-12T04:55:23Z,2026-05-13T09:49:20Z
349,699,26,Clinical Express,CLS000000000699,in_transit,,,7.89,2026-05-09T21:42:12Z,,2026-05-13T09:49:20Z
350,700,29,CryoLine,CLS000000000700,delivered,,,19.72,2026-05-08T21:30:06Z,2026-05-12T19:57:00Z,2026-05-13T09:49:20Z
351,701,28,TrialFreight,CLS000000000701,delivered,,,24.03,2026-05-08T16:40:48Z,2026-05-12T08:06:09Z,2026-05-13T09:49:20Z
352,702,6,SafeTemp,CLS000000000702,delivered,,,13.31,2026-05-11T19:59:56Z,2026-05-11T19:42:24Z,2026-05-13T09:49:20Z
353,707,29,Clinical Express,CLS000000000707,in_transit,,,21.22,2026-05-11T16:56:17Z,,2026-05-13T09:49:20Z
354,708,22,CryoLine,CLS000000000708,delivered,,,24.16,2026-05-07T20:47:58Z,2026-05-12T17:18:52Z,2026-05-13T09:49:20Z
355,709,9,TrialFreight,CLS000000000709,delivered,,,24.37,2026-05-07T12:22:20Z,2026-05-12T08:26:47Z,2026-05-13T09:49:20Z
356,710,9,SafeTemp,CLS000000000710,delivered,,,10.12,2026-05-08T18:53:55Z,2026-05-11T13:34:49Z,2026-05-13T09:49:20Z
357,715,26,Clinical Express,CLS000000000715,in_transit,,,18.44,2026-05-03T09:53:37Z,,2026-05-13T09:49:20Z
358,716,14,CryoLine,CLS000000000716,delivered,,,8.76,2026-05-05T15:09:46Z,2026-05-12T17:02:26Z,2026-05-13T09:49:20Z
359,717,5,TrialFreight,CLS000000000717,delivered,,,19.69,2026-05-08T23:25:12Z,2026-05-11T19:35:12Z,2026-05-13T09:49:20Z
360,718,15,SafeTemp,CLS000000000718,delivered,,,12.28,2026-05-07T11:19:39Z,2026-05-12T03:43:22Z,2026-05-13T09:49:20Z
361,723,1,Clinical Express,CLS000000000723,in_transit,,,17.64,2026-05-09T19:50:06Z,,2026-05-13T09:49:20Z
362,724,25,CryoLine,CLS000000000724,delivered,,,5.14,2026-05-06T11:12:03Z,2026-05-12T19:02:43Z,2026-05-13T09:49:20Z
363,725,21,TrialFreight,CLS000000000725,delivered,,,14.01,2026-05-12T01:39:58Z,2026-05-12T20:26:37Z,2026-05-13T09:49:20Z
364,726,11,SafeTemp,CLS000000000726,delivered,,,8.35,2026-05-07T09:40:59Z,2026-05-12T18:05:34Z,2026-05-13T09:49:20Z
365,731,19,Clinical Express,CLS000000000731,in_transit,,,16.36,2026-05-09T11:29:39Z,,2026-05-13T09:49:20Z
366,732,27,CryoLine,CLS000000000732,delivered,,,17.19,2026-05-09T10:32:39Z,2026-05-12T10:17:01Z,2026-05-13T09:49:20Z
367,733,4,TrialFreight,CLS000000000733,delivered,,,23.21,2026-05-03T15:20:13Z,2026-05-12T07:51:47Z,2026-05-13T09:49:20Z
368,734,23,SafeTemp,CLS000000000734,delivered,,,5.01,2026-05-10T22:48:58Z,2026-05-12T15:14:49Z,2026-05-13T09:49:20Z
369,739,13,Clinical Express,CLS000000000739,in_transit,,,24.73,2026-05-08T04:08:42Z,,2026-05-13T09:49:20Z
370,740,4,CryoLine,CLS000000000740,delivered,,,21.38,2026-05-08T08:11:01Z,2026-05-12T03:20:01Z,2026-05-13T09:49:20Z
371,741,23,TrialFreight,CLS000000000741,delivered,,,16.46,2026-05-06T02:15:25Z,2026-05-13T01:32:20Z,2026-05-13T09:49:20Z
372,742,17,SafeTemp,CLS000000000742,delivered,,,21.18,2026-05-08T08:17:09Z,2026-05-12T16:52:29Z,2026-05-13T09:49:20Z
373,747,7,Clinical Express,CLS000000000747,in_transit,,,5.48,2026-05-06T23:51:30Z,,2026-05-13T09:49:20Z
374,748,27,CryoLine,CLS000000000748,delivered,,,12.08,2026-05-09T07:38:22Z,2026-05-11T17:41:33Z,2026-05-13T09:49:20Z
375,749,24,TrialFreight,CLS000000000749,delivered,,,9.73,2026-05-07T00:10:49Z,2026-05-12T09:14:29Z,2026-05-13T09:49:20Z
376,750,16,SafeTemp,CLS000000000750,delivered,,,7.81,2026-05-04T10:55:23Z,2026-05-11T20:03:37Z,2026-05-13T09:49:20Z
377,755,23,Clinical Express,CLS000000000755,in_transit,,,18.53,2026-05-09T11:16:04Z,,2026-05-13T09:49:20Z
378,756,2,CryoLine,CLS000000000756,delivered,,,21.68,2026-05-08T19:45:17Z,2026-05-11T23:09:44Z,2026-05-13T09:49:20Z
379,757,22,TrialFreight,CLS000000000757,delivered,,,8.9,2026-05-05T02:14:12Z,2026-05-12T07:46:18Z,2026-05-13T09:49:20Z
380,758,1,SafeTemp,CLS000000000758,delivered,,,12.75,2026-05-11T19:33:52Z,2026-05-11T12:42:52Z,2026-05-13T09:49:20Z
381,763,2,Clinical Express,CLS000000000763,in_transit,,,24.02,2026-05-07T09:42:49Z,,2026-05-13T09:49:20Z
382,764,8,CryoLine,CLS000000000764,delivered,,,9.93,2026-05-05T13:07:38Z,2026-05-12T15:08:23Z,2026-05-13T09:49:20Z
383,765,14,TrialFreight,CLS000000000765,delivered,,,11.63,2026-05-07T00:00:18Z,2026-05-13T08:41:18Z,2026-05-13T09:49:20Z
384,766,29,SafeTemp,CLS000000000766,delivered,,,16.85,2026-05-07T07:27:17Z,2026-05-11T16:26:06Z,2026-05-13T09:49:20Z
385,771,27,Clinical Express,CLS000000000771,in_transit,,,10.21,2026-05-05T23:49:46Z,,2026-05-13T09:49:20Z
386,772,17,CryoLine,CLS000000000772,delivered,,,11.05,2026-05-11T07:51:10Z,2026-05-12T02:10:18Z,2026-05-13T09:49:20Z
387,773,14,TrialFreight,CLS000000000773,delivered,,,12.8,2026-05-09T22:23:52Z,2026-05-12T03:24:03Z,2026-05-13T09:49:20Z
388,774,3,SafeTemp,CLS000000000774,delivered,,,11.47,2026-05-05T15:26:51Z,2026-05-12T02:33:25Z,2026-05-13T09:49:20Z
389,779,22,Clinical Express,CLS000000000779,in_transit,,,14.35,2026-05-03T23:15:35Z,,2026-05-13T09:49:20Z
390,780,26,CryoLine,CLS000000000780,delivered,,,19.77,2026-05-04T01:04:55Z,2026-05-11T09:57:54Z,2026-05-13T09:49:20Z
391,781,16,TrialFreight,CLS000000000781,delivered,,,21.28,2026-05-04T04:44:56Z,2026-05-12T23:52:03Z,2026-05-13T09:49:20Z
392,782,5,SafeTemp,CLS000000000782,delivered,,,13.21,2026-05-09T15:39:51Z,2026-05-12T11:51:31Z,2026-05-13T09:49:20Z
393,787,4,Clinical Express,CLS000000000787,in_transit,,,20.85,2026-05-04T20:06:55Z,,2026-05-13T09:49:20Z
394,788,14,CryoLine,CLS000000000788,delivered,,,22.7,2026-05-10T11:55:54Z,2026-05-13T00:26:19Z,2026-05-13T09:49:20Z
395,789,20,TrialFreight,CLS000000000789,delivered,,,11.62,2026-05-08T01:42:38Z,2026-05-12T10:45:45Z,2026-05-13T09:49:20Z
396,790,30,SafeTemp,CLS000000000790,delivered,,,14.04,2026-05-09T15:52:47Z,2026-05-13T00:51:53Z,2026-05-13T09:49:20Z
397,795,3,Clinical Express,CLS000000000795,in_transit,,,13.08,2026-05-09T22:47:56Z,,2026-05-13T09:49:20Z
398,796,21,CryoLine,CLS000000000796,delivered,,,10.53,2026-05-05T14:38:31Z,2026-05-12T13:25:42Z,2026-05-13T09:49:20Z
399,797,24,TrialFreight,CLS000000000797,delivered,,,21.8,2026-05-08T13:08:36Z,2026-05-12T05:32:38Z,2026-05-13T09:49:20Z
400,798,9,SafeTemp,CLS000000000798,delivered,,,5.71,2026-05-07T16:29:33Z,2026-05-12T19:33:46Z,2026-05-13T09:49:20Z
401,803,26,Clinical Express,CLS000000000803,in_transit,,,13.16,2026-05-04T14:54:54Z,,2026-05-13T09:49:20Z
402,804,10,CryoLine,CLS000000000804,delivered,,,23.24,2026-05-06T03:13:01Z,2026-05-11T21:43:26Z,2026-05-13T09:49:20Z
403,805,16,TrialFreight,CLS000000000805,delivered,,,10.46,2026-05-10T05:13:12Z,2026-05-12T17:51:23Z,2026-05-13T09:49:20Z
404,806,26,SafeTemp,CLS000000000806,delivered,,,18.36,2026-05-12T07:16:31Z,2026-05-12T14:08:41Z,2026-05-13T09:49:20Z
405,811,26,Clinical Express,CLS000000000811,in_transit,,,10.53,2026-05-11T19:57:43Z,,2026-05-13T09:49:20Z
406,812,12,CryoLine,CLS000000000812,delivered,,,22.07,2026-05-04T01:48:13Z,2026-05-12T20:50:23Z,2026-05-13T09:49:20Z
407,813,3,TrialFreight,CLS000000000813,delivered,,,8.97,2026-05-08T07:50:18Z,2026-05-12T13:31:56Z,2026-05-13T09:49:20Z
408,814,27,SafeTemp,CLS000000000814,delivered,,,23.9,2026-05-07T14:27:28Z,2026-05-12T05:10:28Z,2026-05-13T09:49:20Z
409,819,4,Clinical Express,CLS000000000819,in_transit,,,18.59,2026-05-05T03:51:41Z,,2026-05-13T09:49:20Z
410,820,10,CryoLine,CLS000000000820,delivered,,,15.17,2026-05-06T23:36:33Z,2026-05-13T03:25:48Z,2026-05-13T09:49:20Z
411,821,22,TrialFreight,CLS000000000821,delivered,,,24.79,2026-05-06T01:26:12Z,2026-05-12T04:11:35Z,2026-05-13T09:49:20Z
412,822,13,SafeTemp,CLS000000000822,delivered,,,18.91,2026-05-06T20:19:48Z,2026-05-12T22:12:45Z,2026-05-13T09:49:20Z
413,827,18,Clinical Express,CLS000000000827,in_transit,,,10.87,2026-05-07T04:43:52Z,,2026-05-13T09:49:20Z
414,828,10,CryoLine,CLS000000000828,delivered,,,18.27,2026-05-08T16:55:13Z,2026-05-12T02:19:42Z,2026-05-13T09:49:20Z
415,829,20,TrialFreight,CLS000000000829,delivered,,,5.78,2026-05-11T01:59:43Z,2026-05-11T17:58:22Z,2026-05-13T09:49:20Z
416,830,9,SafeTemp,CLS000000000830,delivered,,,15.42,2026-05-07T23:32:27Z,2026-05-13T05:46:03Z,2026-05-13T09:49:20Z
417,835,1,Clinical Express,CLS000000000835,in_transit,,,16.1,2026-05-05T13:37:58Z,,2026-05-13T09:49:20Z
418,836,14,CryoLine,CLS000000000836,delivered,,,16.67,2026-05-06T01:38:24Z,2026-05-12T17:48:40Z,2026-05-13T09:49:20Z
419,837,11,TrialFreight,CLS000000000837,delivered,,,18.08,2026-05-03T11:45:55Z,2026-05-12T20:50:31Z,2026-05-13T09:49:20Z
420,838,1,SafeTemp,CLS000000000838,delivered,,,22.03,2026-05-06T15:53:07Z,2026-05-12T08:08:47Z,2026-05-13T09:49:20Z
421,843,6,Clinical Express,CLS000000000843,in_transit,,,9.62,2026-05-11T05:28:46Z,,2026-05-13T09:49:20Z
422,844,8,CryoLine,CLS000000000844,delivered,,,7.43,2026-05-05T10:27:07Z,2026-05-11T13:54:33Z,2026-05-13T09:49:20Z
423,845,20,TrialFreight,CLS000000000845,delivered,,,16.77,2026-05-09T07:32:18Z,2026-05-13T01:31:15Z,2026-05-13T09:49:20Z
424,846,23,SafeTemp,CLS000000000846,delivered,,,19.46,2026-05-04T02:33:24Z,2026-05-12T00:58:50Z,2026-05-13T09:49:20Z
425,851,22,Clinical Express,CLS000000000851,in_transit,,,17.5,2026-05-07T13:25:40Z,,2026-05-13T09:49:20Z
426,852,9,CryoLine,CLS000000000852,delivered,,,12.44,2026-05-06T13:24:06Z,2026-05-12T09:24:36Z,2026-05-13T09:49:20Z
427,853,5,TrialFreight,CLS000000000853,delivered,,,19.98,2026-05-04T00:13:19Z,2026-05-12T15:23:41Z,2026-05-13T09:49:20Z
428,854,29,SafeTemp,CLS000000000854,delivered,,,5.36,2026-05-07T21:41:29Z,2026-05-12T07:52:59Z,2026-05-13T09:49:20Z
429,859,6,Clinical Express,CLS000000000859,in_transit,,,19.61,2026-05-09T15:31:19Z,,2026-05-13T09:49:20Z
430,860,24,CryoLine,CLS000000000860,delivered,,,16.78,2026-05-04T21:02:41Z,2026-05-13T01:32:12Z,2026-05-13T09:49:20Z
431,861,22,TrialFreight,CLS000000000861,delivered,,,24.5,2026-05-11T23:20:38Z,2026-05-12T05:06:41Z,2026-05-13T09:49:20Z
432,862,28,SafeTemp,CLS000000000862,delivered,,,13.63,2026-05-09T22:09:23Z,2026-05-12T07:48:58Z,2026-05-13T09:49:20Z
433,867,25,Clinical Express,CLS000000000867,in_transit,,,15.91,2026-05-05T03:43:20Z,,2026-05-13T09:49:20Z
434,868,28,CryoLine,CLS000000000868,delivered,,,8.66,2026-05-06T09:49:03Z,2026-05-13T05:16:09Z,2026-05-13T09:49:20Z
435,869,22,TrialFreight,CLS000000000869,delivered,,,13.89,2026-05-11T21:15:40Z,2026-05-11T13:19:30Z,2026-05-13T09:49:20Z
436,870,14,SafeTemp,CLS000000000870,delivered,,,14.56,2026-05-10T07:14:52Z,2026-05-11T15:06:08Z,2026-05-13T09:49:20Z
437,875,20,Clinical Express,CLS000000000875,in_transit,,,7.54,2026-05-05T10:39:53Z,,2026-05-13T09:49:20Z
438,876,11,CryoLine,CLS000000000876,delivered,,,16.17,2026-05-07T09:03:59Z,2026-05-11T16:19:13Z,2026-05-13T09:49:20Z
439,877,3,TrialFreight,CLS000000000877,delivered,,,10.4,2026-05-08T01:29:29Z,2026-05-12T09:40:46Z,2026-05-13T09:49:20Z
440,878,18,SafeTemp,CLS000000000878,delivered,,,9.26,2026-05-08T15:59:51Z,2026-05-13T01:29:59Z,2026-05-13T09:49:20Z
441,883,9,Clinical Express,CLS000000000883,in_transit,,,15.15,2026-05-11T10:14:58Z,,2026-05-13T09:49:20Z
442,884,13,CryoLine,CLS000000000884,delivered,,,14.69,2026-05-05T18:20:59Z,2026-05-13T04:04:46Z,2026-05-13T09:49:20Z
443,885,4,TrialFreight,CLS000000000885,delivered,,,6.73,2026-05-04T11:25:58Z,2026-05-13T01:37:09Z,2026-05-13T09:49:20Z
444,886,20,SafeTemp,CLS000000000886,delivered,,,7.9,2026-05-09T00:43:19Z,2026-05-12T12:42:33Z,2026-05-13T09:49:20Z
445,891,18,Clinical Express,CLS000000000891,in_transit,,,23.63,2026-05-11T19:50:24Z,,2026-05-13T09:49:20Z
446,892,9,CryoLine,CLS000000000892,delivered,,,14.11,2026-05-12T09:05:43Z,2026-05-12T23:19:25Z,2026-05-13T09:49:20Z
447,893,23,TrialFreight,CLS000000000893,delivered,,,6.53,2026-05-09T16:46:22Z,2026-05-12T14:01:31Z,2026-05-13T09:49:20Z
448,894,7,SafeTemp,CLS000000000894,delivered,,,24.56,2026-05-03T23:19:40Z,2026-05-13T08:08:52Z,2026-05-13T09:49:20Z
449,899,19,Clinical Express,CLS000000000899,in_transit,,,20.93,2026-05-08T20:57:04Z,,2026-05-13T09:49:20Z
450,900,28,CryoLine,CLS000000000900,delivered,,,11.95,2026-05-05T04:21:47Z,2026-05-13T02:48:59Z,2026-05-13T09:49:20Z
451,901,19,TrialFreight,CLS000000000901,delivered,,,12.23,2026-05-10T01:50:59Z,2026-05-11T18:00:42Z,2026-05-13T09:49:20Z
452,902,29,SafeTemp,CLS000000000902,delivered,,,24.96,2026-05-04T10:30:16Z,2026-05-13T06:29:33Z,2026-05-13T09:49:20Z
453,907,16,Clinical Express,CLS000000000907,in_transit,,,6.62,2026-05-05T18:56:07Z,,2026-05-13T09:49:20Z
454,908,9,CryoLine,CLS000000000908,delivered,,,18.15,2026-05-05T10:05:24Z,2026-05-11T23:49:24Z,2026-05-13T09:49:20Z
455,909,15,TrialFreight,CLS000000000909,delivered,,,5.02,2026-05-04T08:57:31Z,2026-05-13T08:51:20Z,2026-05-13T09:49:20Z
456,910,9,SafeTemp,CLS000000000910,delivered,,,23.52,2026-05-11T13:10:48Z,2026-05-12T14:33:59Z,2026-05-13T09:49:20Z
457,915,30,Clinical Express,CLS000000000915,in_transit,,,16.04,2026-05-04T05:03:54Z,,2026-05-13T09:49:20Z
458,916,17,CryoLine,CLS000000000916,delivered,,,16.07,2026-05-11T08:42:34Z,2026-05-11T12:58:59Z,2026-05-13T09:49:20Z
459,917,22,TrialFreight,CLS000000000917,delivered,,,23.77,2026-05-08T17:49:26Z,2026-05-12T08:57:59Z,2026-05-13T09:49:20Z
460,918,4,SafeTemp,CLS000000000918,delivered,,,8.58,2026-05-05T00:28:19Z,2026-05-11T20:04:45Z,2026-05-13T09:49:20Z
461,923,28,Clinical Express,CLS000000000923,in_transit,,,9.62,2026-05-08T22:15:23Z,,2026-05-13T09:49:20Z
462,924,1,CryoLine,CLS000000000924,delivered,,,21.86,2026-05-06T13:49:40Z,2026-05-11T10:40:14Z,2026-05-13T09:49:20Z
463,925,28,TrialFreight,CLS000000000925,delivered,,,6.31,2026-05-03T15:59:52Z,2026-05-12T09:47:25Z,2026-05-13T09:49:20Z
464,926,10,SafeTemp,CLS000000000926,delivered,,,7.81,2026-05-10T06:44:53Z,2026-05-12T04:47:39Z,2026-05-13T09:49:20Z
465,931,30,Clinical Express,CLS000000000931,in_transit,,,22.22,2026-05-03T14:33:29Z,,2026-05-13T09:49:20Z
466,932,3,CryoLine,CLS000000000932,delivered,,,23.12,2026-05-05T04:56:40Z,2026-05-11T22:56:22Z,2026-05-13T09:49:20Z
467,933,25,TrialFreight,CLS000000000933,delivered,,,20.69,2026-05-04T08:18:56Z,2026-05-11T18:18:43Z,2026-05-13T09:49:20Z
468,934,14,SafeTemp,CLS000000000934,delivered,,,17.6,2026-05-10T00:32:57Z,2026-05-13T02:15:21Z,2026-05-13T09:49:20Z
469,939,1,Clinical Express,CLS000000000939,in_transit,,,8.47,2026-05-07T04:36:34Z,,2026-05-13T09:49:20Z
470,940,19,CryoLine,CLS000000000940,delivered,,,13.59,2026-05-05T04:24:15Z,2026-05-12T03:08:08Z,2026-05-13T09:49:20Z
471,941,2,TrialFreight,CLS000000000941,delivered,,,15.09,2026-05-11T03:12:25Z,2026-05-11T15:48:55Z,2026-05-13T09:49:20Z
472,942,28,SafeTemp,CLS000000000942,delivered,,,22.06,2026-05-08T10:13:52Z,2026-05-11T23:18:34Z,2026-05-13T09:49:20Z
473,947,6,Clinical Express,CLS000000000947,in_transit,,,20.77,2026-05-12T08:33:39Z,,2026-05-13T09:49:20Z
474,948,18,CryoLine,CLS000000000948,delivered,,,24.27,2026-05-11T05:52:46Z,2026-05-11T10:01:30Z,2026-05-13T09:49:20Z
475,949,9,TrialFreight,CLS000000000949,delivered,,,23.62,2026-05-06T03:41:43Z,2026-05-12T05:51:51Z,2026-05-13T09:49:20Z
476,950,2,SafeTemp,CLS000000000950,delivered,,,24.58,2026-05-08T19:20:03Z,2026-05-11T18:24:43Z,2026-05-13T09:49:20Z
477,955,27,Clinical Express,CLS000000000955,in_transit,,,9.52,2026-05-03T20:18:26Z,,2026-05-13T09:49:20Z
478,956,20,CryoLine,CLS000000000956,delivered,,,18.88,2026-05-04T14:54:04Z,2026-05-12T18:19:01Z,2026-05-13T09:49:20Z
479,957,25,TrialFreight,CLS000000000957,delivered,,,11.59,2026-05-10T18:52:30Z,2026-05-11T10:23:16Z,2026-05-13T09:49:20Z
480,958,7,SafeTemp,CLS000000000958,delivered,,,23.76,2026-05-08T22:11:03Z,2026-05-13T06:22:19Z,2026-05-13T09:49:20Z
481,963,13,Clinical Express,CLS000000000963,in_transit,,,21.2,2026-05-08T23:06:13Z,,2026-05-13T09:49:20Z
482,964,20,CryoLine,CLS000000000964,delivered,,,14.02,2026-05-09T07:20:32Z,2026-05-12T16:35:16Z,2026-05-13T09:49:20Z
483,965,2,TrialFreight,CLS000000000965,delivered,,,8.45,2026-05-09T20:40:55Z,2026-05-11T15:49:51Z,2026-05-13T09:49:20Z
484,966,19,SafeTemp,CLS000000000966,delivered,,,16.12,2026-05-10T18:17:12Z,2026-05-11T23:09:45Z,2026-05-13T09:49:20Z
485,971,1,Clinical Express,CLS000000000971,in_transit,,,14.34,2026-05-09T18:39:01Z,,2026-05-13T09:49:20Z
486,972,6,CryoLine,CLS000000000972,delivered,,,13.32,2026-05-07T18:38:14Z,2026-05-13T04:48:09Z,2026-05-13T09:49:20Z
487,973,25,TrialFreight,CLS000000000973,delivered,,,7.23,2026-05-11T12:34:56Z,2026-05-12T11:14:45Z,2026-05-13T09:49:20Z
488,974,16,SafeTemp,CLS000000000974,delivered,,,13.07,2026-05-11T01:25:56Z,2026-05-13T01:49:17Z,2026-05-13T09:49:20Z
489,979,20,Clinical Express,CLS000000000979,in_transit,,,19.12,2026-05-10T23:56:17Z,,2026-05-13T09:49:20Z
490,980,28,CryoLine,CLS000000000980,delivered,,,15.56,2026-05-11T00:57:23Z,2026-05-12T03:55:30Z,2026-05-13T09:49:20Z
491,981,13,TrialFreight,CLS000000000981,delivered,,,16.93,2026-05-04T10:31:38Z,2026-05-12T14:39:25Z,2026-05-13T09:49:20Z
492,982,12,SafeTemp,CLS000000000982,delivered,,,8.11,2026-05-12T01:59:01Z,2026-05-12T21:21:07Z,2026-05-13T09:49:20Z
493,987,18,Clinical Express,CLS000000000987,in_transit,,,16.51,2026-05-06T19:37:08Z,,2026-05-13T09:49:20Z
494,988,15,CryoLine,CLS000000000988,delivered,,,6.88,2026-05-07T20:09:31Z,2026-05-12T19:59:44Z,2026-05-13T09:49:20Z
495,989,4,TrialFreight,CLS000000000989,delivered,,,8.69,2026-05-03T16:56:48Z,2026-05-12T17:14:50Z,2026-05-13T09:49:20Z
496,990,20,SafeTemp,CLS000000000990,delivered,,,11.75,2026-05-11T22:30:38Z,2026-05-13T00:38:17Z,2026-05-13T09:49:20Z
497,995,17,Clinical Express,CLS000000000995,in_transit,,,7.39,2026-05-06T12:03:19Z,,2026-05-13T09:49:20Z
498,996,14,CryoLine,CLS000000000996,delivered,,,9.75,2026-05-07T19:27:07Z,2026-05-12T01:27:13Z,2026-05-13T09:49:20Z
499,997,7,TrialFreight,CLS000000000997,delivered,,,19.87,2026-05-04T10:24:23Z,2026-05-12T03:47:06Z,2026-05-13T09:49:20Z
500,998,26,SafeTemp,CLS000000000998,delivered,,,7.19,2026-05-11T02:58:55Z,2026-05-11T10:05:59Z,2026-05-13T09:49:20Z
501,1003,19,Clinical Express,CLS000000001003,in_transit,,,24.92,2026-05-10T22:18:29Z,,2026-05-13T09:49:20Z
502,1004,13,CryoLine,CLS000000001004,delivered,,,5.3,2026-05-10T03:34:30Z,2026-05-12T02:17:01Z,2026-05-13T09:49:20Z
503,1005,10,TrialFreight,CLS000000001005,delivered,,,20.85,2026-05-12T03:28:52Z,2026-05-11T13:21:59Z,2026-05-13T09:49:20Z
504,1006,16,SafeTemp,CLS000000001006,delivered,,,11.15,2026-05-05T22:24:23Z,2026-05-12T08:12:22Z,2026-05-13T09:49:20Z
505,1011,30,Clinical Express,CLS000000001011,in_transit,,,7.5,2026-05-07T12:01:54Z,,2026-05-13T09:49:20Z
506,1012,1,CryoLine,CLS000000001012,delivered,,,9.81,2026-05-04T11:20:43Z,2026-05-12T09:41:27Z,2026-05-13T09:49:20Z
507,1013,10,TrialFreight,CLS000000001013,delivered,,,6.94,2026-05-10T08:27:41Z,2026-05-12T23:55:17Z,2026-05-13T09:49:20Z
508,1014,26,SafeTemp,CLS000000001014,delivered,,,14.33,2026-05-11T17:10:15Z,2026-05-12T22:56:59Z,2026-05-13T09:49:20Z
509,1019,13,Clinical Express,CLS000000001019,in_transit,,,11.1,2026-05-12T00:34:46Z,,2026-05-13T09:49:20Z
510,1020,23,CryoLine,CLS000000001020,delivered,,,16.25,2026-05-08T06:31:55Z,2026-05-12T05:18:16Z,2026-05-13T09:49:20Z
511,1021,26,TrialFreight,CLS000000001021,delivered,,,9.75,2026-05-08T12:55:40Z,2026-05-11T21:42:46Z,2026-05-13T09:49:20Z
512,1022,17,SafeTemp,CLS000000001022,delivered,,,17.34,2026-05-09T00:13:18Z,2026-05-13T09:31:29Z,2026-05-13T09:49:20Z
513,1027,6,Clinical Express,CLS000000001027,in_transit,,,9.26,2026-05-11T23:14:23Z,,2026-05-13T09:49:20Z
514,1028,28,CryoLine,CLS000000001028,delivered,,,23.54,2026-05-11T19:27:41Z,2026-05-13T08:35:53Z,2026-05-13T09:49:20Z
515,1029,18,TrialFreight,CLS000000001029,delivered,,,8.01,2026-05-08T18:45:24Z,2026-05-11T23:44:53Z,2026-05-13T09:49:20Z
516,1030,6,SafeTemp,CLS000000001030,delivered,,,21.47,2026-05-03T15:32:25Z,2026-05-12T01:04:46Z,2026-05-13T09:49:20Z
517,1035,22,Clinical Express,CLS000000001035,in_transit,,,17.76,2026-05-03T18:14:31Z,,2026-05-13T09:49:20Z
518,1036,24,CryoLine,CLS000000001036,delivered,,,9.43,2026-05-10T04:33:42Z,2026-05-11T19:32:42Z,2026-05-13T09:49:20Z
519,1037,12,TrialFreight,CLS000000001037,delivered,,,9.24,2026-05-04T06:46:25Z,2026-05-12T13:00:35Z,2026-05-13T09:49:20Z
520,1038,19,SafeTemp,CLS000000001038,delivered,,,11.71,2026-05-08T06:15:54Z,2026-05-12T14:47:51Z,2026-05-13T09:49:20Z
521,1043,30,Clinical Express,CLS000000001043,in_transit,,,15.04,2026-05-07T15:52:44Z,,2026-05-13T09:49:20Z
522,1044,4,CryoLine,CLS000000001044,delivered,,,8.85,2026-05-12T01:41:30Z,2026-05-13T03:34:48Z,2026-05-13T09:49:20Z
523,1045,11,TrialFreight,CLS000000001045,delivered,,,22.13,2026-05-04T21:04:13Z,2026-05-12T21:04:29Z,2026-05-13T09:49:20Z
524,1046,17,SafeTemp,CLS000000001046,delivered,,,16.62,2026-05-07T08:45:46Z,2026-05-11T18:16:53Z,2026-05-13T09:49:20Z
525,1051,5,Clinical Express,CLS000000001051,in_transit,,,21.42,2026-05-09T23:37:47Z,,2026-05-13T09:49:20Z
526,1052,30,CryoLine,CLS000000001052,delivered,,,22.36,2026-05-11T18:39:22Z,2026-05-11T17:59:04Z,2026-05-13T09:49:20Z
527,1053,20,TrialFreight,CLS000000001053,delivered,,,16.1,2026-05-12T06:36:57Z,2026-05-12T09:48:26Z,2026-05-13T09:49:20Z
528,1054,20,SafeTemp,CLS000000001054,delivered,,,11.91,2026-05-11T02:11:26Z,2026-05-12T08:24:57Z,2026-05-13T09:49:20Z
529,1059,25,Clinical Express,CLS000000001059,in_transit,,,20.26,2026-05-07T03:20:12Z,,2026-05-13T09:49:20Z
530,1060,10,CryoLine,CLS000000001060,delivered,,,17.27,2026-05-11T07:04:22Z,2026-05-11T11:23:22Z,2026-05-13T09:49:20Z
531,1061,22,TrialFreight,CLS000000001061,delivered,,,11.36,2026-05-05T23:14:28Z,2026-05-12T02:08:36Z,2026-05-13T09:49:20Z
532,1062,3,SafeTemp,CLS000000001062,delivered,,,18.88,2026-05-11T04:48:11Z,2026-05-11T13:10:56Z,2026-05-13T09:49:20Z
533,1067,16,Clinical Express,CLS000000001067,in_transit,,,8.09,2026-05-06T15:14:15Z,,2026-05-13T09:49:20Z
534,1068,6,CryoLine,CLS000000001068,delivered,,,14.19,2026-05-03T19:09:59Z,2026-05-12T18:23:10Z,2026-05-13T09:49:20Z
535,1069,3,TrialFreight,CLS000000001069,delivered,,,15.08,2026-05-08T09:32:53Z,2026-05-11T13:38:14Z,2026-05-13T09:49:20Z
536,1070,7,SafeTemp,CLS000000001070,delivered,,,22.86,2026-05-11T22:57:41Z,2026-05-12T17:46:57Z,2026-05-13T09:49:20Z
537,1075,20,Clinical Express,CLS000000001075,in_transit,,,20.82,2026-05-11T07:07:17Z,,2026-05-13T09:49:20Z
538,1076,7,CryoLine,CLS000000001076,delivered,,,18.48,2026-05-07T08:02:53Z,2026-05-12T13:31:43Z,2026-05-13T09:49:20Z
539,1077,2,TrialFreight,CLS000000001077,delivered,,,14.73,2026-05-11T03:24:09Z,2026-05-12T13:02:21Z,2026-05-13T09:49:20Z
540,1078,20,SafeTemp,CLS000000001078,delivered,,,21.53,2026-05-05T23:44:24Z,2026-05-12T06:27:06Z,2026-05-13T09:49:20Z
541,1083,4,Clinical Express,CLS000000001083,in_transit,,,6.27,2026-05-10T02:15:31Z,,2026-05-13T09:49:20Z
542,1084,2,CryoLine,CLS000000001084,delivered,,,21.02,2026-05-04T20:52:21Z,2026-05-12T11:11:31Z,2026-05-13T09:49:20Z
543,1085,22,TrialFreight,CLS000000001085,delivered,,,19.83,2026-05-11T11:00:03Z,2026-05-12T22:05:23Z,2026-05-13T09:49:20Z
544,1086,3,SafeTemp,CLS000000001086,delivered,,,15.63,2026-05-08T05:21:04Z,2026-05-11T13:49:45Z,2026-05-13T09:49:20Z
545,1091,20,Clinical Express,CLS000000001091,in_transit,,,16.26,2026-05-08T20:20:32Z,,2026-05-13T09:49:20Z
546,1092,13,CryoLine,CLS000000001092,delivered,,,13.8,2026-05-04T00:40:00Z,2026-05-12T06:31:56Z,2026-05-13T09:49:20Z
547,1093,2,TrialFreight,CLS000000001093,delivered,,,5.29,2026-05-05T21:58:08Z,2026-05-12T02:13:38Z,2026-05-13T09:49:20Z
548,1094,1,SafeTemp,CLS000000001094,delivered,,,9.52,2026-05-05T11:14:03Z,2026-05-12T11:42:25Z,2026-05-13T09:49:20Z
549,1099,25,Clinical Express,CLS000000001099,in_transit,,,20.72,2026-05-12T02:58:59Z,,2026-05-13T09:49:20Z
550,1100,29,CryoLine,CLS000000001100,delivered,,,18.19,2026-05-12T00:01:04Z,2026-05-11T22:31:27Z,2026-05-13T09:49:20Z
551,1101,30,TrialFreight,CLS000000001101,delivered,,,12.37,2026-05-05T08:48:16Z,2026-05-11T21:39:03Z,2026-05-13T09:49:20Z
552,1102,1,SafeTemp,CLS000000001102,delivered,,,8.94,2026-05-10T14:41:28Z,2026-05-13T02:53:47Z,2026-05-13T09:49:20Z
553,1107,7,Clinical Express,CLS000000001107,in_transit,,,6.17,2026-05-06T08:47:38Z,,2026-05-13T09:49:20Z
554,1108,28,CryoLine,CLS000000001108,delivered,,,11.9,2026-05-10T23:33:34Z,2026-05-12T17:23:33Z,2026-05-13T09:49:20Z
555,1109,17,TrialFreight,CLS000000001109,delivered,,,9.1,2026-05-04T16:30:32Z,2026-05-13T01:44:36Z,2026-05-13T09:49:20Z
556,1110,5,SafeTemp,CLS000000001110,delivered,,,19.22,2026-05-09T15:56:05Z,2026-05-12T00:43:06Z,2026-05-13T09:49:20Z
557,1115,7,Clinical Express,CLS000000001115,in_transit,,,11.96,2026-05-09T03:22:27Z,,2026-05-13T09:49:20Z
558,1116,17,CryoLine,CLS000000001116,delivered,,,11.28,2026-05-03T23:28:57Z,2026-05-12T12:19:02Z,2026-05-13T09:49:20Z
559,1117,15,TrialFreight,CLS000000001117,delivered,,,14.22,2026-05-12T01:50:45Z,2026-05-11T12:37:34Z,2026-05-13T09:49:20Z
560,1118,14,SafeTemp,CLS000000001118,delivered,,,8.52,2026-05-07T01:25:44Z,2026-05-11T20:40:52Z,2026-05-13T09:49:20Z
561,1123,18,Clinical Express,CLS000000001123,in_transit,,,23.48,2026-05-06T18:53:03Z,,2026-05-13T09:49:20Z
562,1124,24,CryoLine,CLS000000001124,delivered,,,19.66,2026-05-10T15:53:19Z,2026-05-11T13:55:33Z,2026-05-13T09:49:20Z
563,1125,22,TrialFreight,CLS000000001125,delivered,,,24.77,2026-05-08T05:36:53Z,2026-05-11T22:19:10Z,2026-05-13T09:49:20Z
564,1126,14,SafeTemp,CLS000000001126,delivered,,,13.35,2026-05-11T12:34:59Z,2026-05-12T07:48:26Z,2026-05-13T09:49:20Z
565,1131,15,Clinical Express,CLS000000001131,in_transit,,,13.32,2026-05-04T00:55:39Z,,2026-05-13T09:49:20Z
566,1132,14,CryoLine,CLS000000001132,delivered,,,24.56,2026-05-05T02:48:09Z,2026-05-11T16:37:05Z,2026-05-13T09:49:20Z
567,1133,6,TrialFreight,CLS000000001133,delivered,,,16.62,2026-05-10T05:58:08Z,2026-05-12T12:13:30Z,2026-05-13T09:49:20Z
568,1134,26,SafeTemp,CLS000000001134,delivered,,,11.63,2026-05-05T09:08:18Z,2026-05-13T07:21:09Z,2026-05-13T09:49:20Z
569,1139,12,Clinical Express,CLS000000001139,in_transit,,,13.81,2026-05-11T22:59:46Z,,2026-05-13T09:49:20Z
570,1140,22,CryoLine,CLS000000001140,delivered,,,9.86,2026-05-10T21:58:20Z,2026-05-11T17:00:53Z,2026-05-13T09:49:20Z
571,1141,24,TrialFreight,CLS000000001141,delivered,,,12.4,2026-05-09T01:14:21Z,2026-05-12T00:46:07Z,2026-05-13T09:49:20Z
572,1142,29,SafeTemp,CLS000000001142,delivered,,,19.68,2026-05-10T11:43:10Z,2026-05-12T16:07:24Z,2026-05-13T09:49:20Z
573,1147,7,Clinical Express,CLS000000001147,in_transit,,,22.3,2026-05-09T05:48:31Z,,2026-05-13T09:49:20Z
574,1148,24,CryoLine,CLS000000001148,delivered,,,9.42,2026-05-03T16:29:27Z,2026-05-11T20:55:21Z,2026-05-13T09:49:20Z
575,1149,12,TrialFreight,CLS000000001149,delivered,,,23.57,2026-05-03T20:32:52Z,2026-05-13T00:49:36Z,2026-05-13T09:49:20Z
576,1150,5,SafeTemp,CLS000000001150,delivered,,,10.7,2026-05-09T03:24:02Z,2026-05-11T19:29:00Z,2026-05-13T09:49:20Z
577,1155,27,Clinical Express,CLS000000001155,in_transit,,,5.28,2026-05-07T23:31:59Z,,2026-05-13T09:49:20Z
578,1156,12,CryoLine,CLS000000001156,delivered,,,6.53,2026-05-03T23:20:01Z,2026-05-12T18:00:31Z,2026-05-13T09:49:20Z
579,1157,17,TrialFreight,CLS000000001157,delivered,,,5.06,2026-05-10T19:36:09Z,2026-05-12T12:12:29Z,2026-05-13T09:49:20Z
580,1158,10,SafeTemp,CLS000000001158,delivered,,,5.35,2026-05-10T13:06:48Z,2026-05-12T20:26:30Z,2026-05-13T09:49:20Z
581,1163,15,Clinical Express,CLS000000001163,in_transit,,,24.01,2026-05-08T20:48:37Z,,2026-05-13T09:49:20Z
582,1164,3,CryoLine,CLS000000001164,delivered,,,6.43,2026-05-07T00:48:53Z,2026-05-11T13:52:51Z,2026-05-13T09:49:20Z
583,1165,1,TrialFreight,CLS000000001165,delivered,,,5.31,2026-05-04T05:20:40Z,2026-05-12T19:34:46Z,2026-05-13T09:49:20Z
584,1166,2,SafeTemp,CLS000000001166,delivered,,,22.07,2026-05-05T19:10:00Z,2026-05-12T22:17:14Z,2026-05-13T09:49:20Z
585,1171,5,Clinical Express,CLS000000001171,in_transit,,,15.32,2026-05-10T11:26:37Z,,2026-05-13T09:49:20Z
586,1172,4,CryoLine,CLS000000001172,delivered,,,19.27,2026-05-09T11:01:44Z,2026-05-11T15:10:22Z,2026-05-13T09:49:20Z
587,1173,21,TrialFreight,CLS000000001173,delivered,,,14.3,2026-05-11T06:21:07Z,2026-05-11T16:57:02Z,2026-05-13T09:49:20Z
588,1174,17,SafeTemp,CLS000000001174,delivered,,,8.81,2026-05-07T05:31:08Z,2026-05-13T05:33:15Z,2026-05-13T09:49:20Z
589,1179,27,Clinical Express,CLS000000001179,in_transit,,,10.74,2026-05-10T05:56:36Z,,2026-05-13T09:49:20Z
590,1180,17,CryoLine,CLS000000001180,delivered,,,12.7,2026-05-08T09:46:08Z,2026-05-12T05:37:57Z,2026-05-13T09:49:20Z
591,1181,7,TrialFreight,CLS000000001181,delivered,,,9,2026-05-11T12:25:36Z,2026-05-12T04:53:16Z,2026-05-13T09:49:20Z
592,1182,29,SafeTemp,CLS000000001182,delivered,,,17.42,2026-05-04T15:19:58Z,2026-05-12T05:06:20Z,2026-05-13T09:49:20Z
593,1187,1,Clinical Express,CLS000000001187,in_transit,,,23.76,2026-05-08T16:24:46Z,,2026-05-13T09:49:20Z
594,1188,6,CryoLine,CLS000000001188,delivered,,,11.28,2026-05-10T09:23:58Z,2026-05-12T07:58:20Z,2026-05-13T09:49:20Z
595,1189,11,TrialFreight,CLS000000001189,delivered,,,7.63,2026-05-09T03:10:40Z,2026-05-12T16:25:50Z,2026-05-13T09:49:20Z
596,1190,12,SafeTemp,CLS000000001190,delivered,,,6.55,2026-05-04T12:56:28Z,2026-05-12T11:15:30Z,2026-05-13T09:49:20Z
597,1195,11,Clinical Express,CLS000000001195,in_transit,,,14.12,2026-05-04T01:35:58Z,,2026-05-13T09:49:20Z
598,1196,27,CryoLine,CLS000000001196,delivered,,,14.91,2026-05-12T05:04:34Z,2026-05-12T18:48:18Z,2026-05-13T09:49:20Z
599,1197,24,TrialFreight,CLS000000001197,delivered,,,11.64,2026-05-08T14:28:14Z,2026-05-13T07:07:53Z,2026-05-13T09:49:20Z
600,1198,18,SafeTemp,CLS000000001198,delivered,,,16.9,2026-05-06T11:42:37Z,2026-05-11T21:22:39Z,2026-05-13T09:49:20Z
601,1203,19,Clinical Express,CLS000000001203,in_transit,,,6.27,2026-05-04T08:17:22Z,,2026-05-13T09:49:20Z
602,1204,17,CryoLine,CLS000000001204,delivered,,,9.38,2026-05-08T07:43:01Z,2026-05-12T15:57:32Z,2026-05-13T09:49:20Z
603,1205,19,TrialFreight,CLS000000001205,delivered,,,18,2026-05-08T12:44:10Z,2026-05-12T23:03:19Z,2026-05-13T09:49:20Z
604,1206,29,SafeTemp,CLS000000001206,delivered,,,18.07,2026-05-09T00:41:29Z,2026-05-12T18:26:41Z,2026-05-13T09:49:20Z
605,1211,11,Clinical Express,CLS000000001211,in_transit,,,12.64,2026-05-12T08:57:55Z,,2026-05-13T09:49:20Z
606,1212,13,CryoLine,CLS000000001212,delivered,,,9.29,2026-05-07T12:57:27Z,2026-05-13T02:00:39Z,2026-05-13T09:49:20Z
607,1213,23,TrialFreight,CLS000000001213,delivered,,,14.58,2026-05-09T06:20:22Z,2026-05-12T22:37:34Z,2026-05-13T09:49:20Z
608,1214,11,SafeTemp,CLS000000001214,delivered,,,10.54,2026-05-09T11:53:58Z,2026-05-12T12:50:29Z,2026-05-13T09:49:20Z
609,1219,30,Clinical Express,CLS000000001219,in_transit,,,11.91,2026-05-10T13:01:57Z,,2026-05-13T09:49:20Z
610,1220,13,CryoLine,CLS000000001220,delivered,,,17.94,2026-05-07T14:05:27Z,2026-05-12T10:39:22Z,2026-05-13T09:49:20Z
611,1221,10,TrialFreight,CLS000000001221,delivered,,,14.43,2026-05-08T11:28:50Z,2026-05-11T17:15:25Z,2026-05-13T09:49:20Z
612,1222,1,SafeTemp,CLS000000001222,delivered,,,24.88,2026-05-08T14:23:10Z,2026-05-12T12:10:55Z,2026-05-13T09:49:20Z
613,1227,27,Clinical Express,CLS000000001227,in_transit,,,23.57,2026-05-11T19:15:17Z,,2026-05-13T09:49:20Z
614,1228,8,CryoLine,CLS000000001228,delivered,,,24.32,2026-05-11T20:03:18Z,2026-05-11T12:17:26Z,2026-05-13T09:49:20Z
615,1229,11,TrialFreight,CLS000000001229,delivered,,,19.84,2026-05-04T09:28:45Z,2026-05-13T01:14:30Z,2026-05-13T09:49:20Z
616,1230,16,SafeTemp,CLS000000001230,delivered,,,16.07,2026-05-06T16:04:33Z,2026-05-11T20:07:14Z,2026-05-13T09:49:20Z
617,1235,8,Clinical Express,CLS000000001235,in_transit,,,14,2026-05-09T05:35:36Z,,2026-05-13T09:49:20Z
618,1236,21,CryoLine,CLS000000001236,delivered,,,7.96,2026-05-03T21:34:39Z,2026-05-12T22:51:53Z,2026-05-13T09:49:20Z
619,1237,25,TrialFreight,CLS000000001237,delivered,,,8.78,2026-05-05T18:55:04Z,2026-05-12T04:06:20Z,2026-05-13T09:49:20Z
620,1238,4,SafeTemp,CLS000000001238,delivered,,,11.54,2026-05-04T02:59:50Z,2026-05-12T05:00:34Z,2026-05-13T09:49:20Z
621,1243,6,Clinical Express,CLS000000001243,in_transit,,,20.29,2026-05-09T13:10:02Z,,2026-05-13T09:49:20Z
622,1244,3,CryoLine,CLS000000001244,delivered,,,9.03,2026-05-06T15:52:24Z,2026-05-13T07:05:46Z,2026-05-13T09:49:20Z
623,1245,12,TrialFreight,CLS000000001245,delivered,,,8.93,2026-05-08T05:40:47Z,2026-05-11T21:42:07Z,2026-05-13T09:49:20Z
624,1246,2,SafeTemp,CLS000000001246,delivered,,,10.01,2026-05-06T12:16:14Z,2026-05-11T14:15:36Z,2026-05-13T09:49:20Z
625,1251,30,Clinical Express,CLS000000001251,in_transit,,,17.41,2026-05-03T14:34:20Z,,2026-05-13T09:49:20Z
626,1252,23,CryoLine,CLS000000001252,delivered,,,22.85,2026-05-04T08:12:22Z,2026-05-13T00:21:34Z,2026-05-13T09:49:20Z
627,1253,14,TrialFreight,CLS000000001253,delivered,,,5.75,2026-05-07T00:22:26Z,2026-05-13T03:51:57Z,2026-05-13T09:49:20Z
628,1254,28,SafeTemp,CLS000000001254,delivered,,,23.51,2026-05-06T15:07:19Z,2026-05-11T13:03:20Z,2026-05-13T09:49:20Z
629,1259,25,Clinical Express,CLS000000001259,in_transit,,,22.31,2026-05-07T14:35:06Z,,2026-05-13T09:49:20Z
630,1260,10,CryoLine,CLS000000001260,delivered,,,24.43,2026-05-07T15:37:24Z,2026-05-12T00:46:37Z,2026-05-13T09:49:20Z
631,1261,11,TrialFreight,CLS000000001261,delivered,,,6.61,2026-05-04T23:48:30Z,2026-05-12T06:19:40Z,2026-05-13T09:49:20Z
632,1262,11,SafeTemp,CLS000000001262,delivered,,,16.11,2026-05-06T10:50:23Z,2026-05-12T14:50:15Z,2026-05-13T09:49:20Z
633,1267,8,Clinical Express,CLS000000001267,in_transit,,,11.48,2026-05-06T18:44:03Z,,2026-05-13T09:49:20Z
634,1268,11,CryoLine,CLS000000001268,delivered,,,21.33,2026-05-07T03:15:42Z,2026-05-12T07:22:14Z,2026-05-13T09:49:20Z
635,1269,20,TrialFreight,CLS000000001269,delivered,,,22.53,2026-05-05T03:38:23Z,2026-05-12T19:33:14Z,2026-05-13T09:49:20Z
636,1270,25,SafeTemp,CLS000000001270,delivered,,,8.99,2026-05-09T12:38:24Z,2026-05-12T07:51:15Z,2026-05-13T09:49:20Z
637,1275,5,Clinical Express,CLS000000001275,in_transit,,,6.75,2026-05-07T04:58:58Z,,2026-05-13T09:49:20Z
638,1276,22,CryoLine,CLS000000001276,delivered,,,15.62,2026-05-09T13:49:02Z,2026-05-12T13:51:55Z,2026-05-13T09:49:20Z
639,1277,4,TrialFreight,CLS000000001277,delivered,,,16.89,2026-05-03T10:00:49Z,2026-05-13T05:59:09Z,2026-05-13T09:49:20Z
640,1278,15,SafeTemp,CLS000000001278,delivered,,,6.12,2026-05-10T18:31:39Z,2026-05-12T09:21:03Z,2026-05-13T09:49:20Z
641,1283,7,Clinical Express,CLS000000001283,in_transit,,,12.14,2026-05-12T08:17:27Z,,2026-05-13T09:49:20Z
642,1284,17,CryoLine,CLS000000001284,delivered,,,5.86,2026-05-10T16:57:25Z,2026-05-12T22:50:57Z,2026-05-13T09:49:20Z
643,1285,27,TrialFreight,CLS000000001285,delivered,,,5.88,2026-05-05T11:06:48Z,2026-05-12T05:59:49Z,2026-05-13T09:49:20Z
644,1286,14,SafeTemp,CLS000000001286,delivered,,,15.13,2026-05-05T15:17:26Z,2026-05-12T11:36:25Z,2026-05-13T09:49:20Z
645,1291,27,Clinical Express,CLS000000001291,in_transit,,,24.11,2026-05-10T23:38:00Z,,2026-05-13T09:49:20Z
646,1292,1,CryoLine,CLS000000001292,delivered,,,5.1,2026-05-05T09:31:57Z,2026-05-11T12:57:52Z,2026-05-13T09:49:20Z
647,1293,11,TrialFreight,CLS000000001293,delivered,,,23.48,2026-05-10T21:05:17Z,2026-05-12T05:47:58Z,2026-05-13T09:49:20Z
648,1294,7,SafeTemp,CLS000000001294,delivered,,,13.21,2026-05-09T10:34:17Z,2026-05-12T10:19:26Z,2026-05-13T09:49:20Z
649,1299,8,Clinical Express,CLS000000001299,in_transit,,,20.96,2026-05-08T19:54:04Z,,2026-05-13T09:49:20Z
650,1300,23,CryoLine,CLS000000001300,delivered,,,24.81,2026-05-10T05:17:15Z,2026-05-11T18:55:06Z,2026-05-13T09:49:20Z
651,1301,20,TrialFreight,CLS000000001301,delivered,,,22.2,2026-05-10T07:12:05Z,2026-05-12T03:05:31Z,2026-05-13T09:49:20Z
652,1302,18,SafeTemp,CLS000000001302,delivered,,,22.59,2026-05-04T04:22:33Z,2026-05-13T04:52:42Z,2026-05-13T09:49:20Z
653,1307,27,Clinical Express,CLS000000001307,in_transit,,,8.07,2026-05-04T09:04:30Z,,2026-05-13T09:49:20Z
654,1308,28,CryoLine,CLS000000001308,delivered,,,22.93,2026-05-08T00:55:40Z,2026-05-12T16:58:12Z,2026-05-13T09:49:20Z
655,1309,13,TrialFreight,CLS000000001309,delivered,,,20.07,2026-05-05T12:10:40Z,2026-05-12T01:15:41Z,2026-05-13T09:49:20Z
656,1310,3,SafeTemp,CLS000000001310,delivered,,,7.96,2026-05-07T18:54:25Z,2026-05-11T17:02:44Z,2026-05-13T09:49:20Z
657,1315,6,Clinical Express,CLS000000001315,in_transit,,,7.05,2026-05-11T15:50:25Z,,2026-05-13T09:49:20Z
658,1316,1,CryoLine,CLS000000001316,delivered,,,6.16,2026-05-06T21:24:58Z,2026-05-13T04:16:54Z,2026-05-13T09:49:20Z
659,1317,18,TrialFreight,CLS000000001317,delivered,,,18.31,2026-05-07T12:04:36Z,2026-05-13T09:29:23Z,2026-05-13T09:49:20Z
660,1318,6,SafeTemp,CLS000000001318,delivered,,,9.28,2026-05-12T04:59:22Z,2026-05-12T13:53:11Z,2026-05-13T09:49:20Z
661,1323,3,Clinical Express,CLS000000001323,in_transit,,,20.45,2026-05-07T13:35:21Z,,2026-05-13T09:49:20Z
662,1324,10,CryoLine,CLS000000001324,delivered,,,19.69,2026-05-11T07:33:55Z,2026-05-13T07:37:03Z,2026-05-13T09:49:20Z
663,1325,30,TrialFreight,CLS000000001325,delivered,,,16.29,2026-05-10T22:48:51Z,2026-05-12T23:37:02Z,2026-05-13T09:49:20Z
664,1326,3,SafeTemp,CLS000000001326,delivered,,,7.08,2026-05-07T13:46:26Z,2026-05-13T05:48:46Z,2026-05-13T09:49:20Z
665,1331,4,Clinical Express,CLS000000001331,in_transit,,,14.11,2026-05-04T11:40:48Z,,2026-05-13T09:49:20Z
666,1332,30,CryoLine,CLS000000001332,delivered,,,17.63,2026-05-03T22:30:19Z,2026-05-12T22:21:41Z,2026-05-13T09:49:20Z
667,1333,16,TrialFreight,CLS000000001333,delivered,,,15.6,2026-05-10T10:16:09Z,2026-05-12T03:47:15Z,2026-05-13T09:49:20Z
668,1334,19,SafeTemp,CLS000000001334,delivered,,,20.42,2026-05-03T15:56:54Z,2026-05-12T05:17:39Z,2026-05-13T09:49:20Z
669,1339,22,Clinical Express,CLS000000001339,in_transit,,,6.13,2026-05-10T00:33:06Z,,2026-05-13T09:49:20Z
670,1340,9,CryoLine,CLS000000001340,delivered,,,23.73,2026-05-08T19:06:13Z,2026-05-12T08:58:15Z,2026-05-13T09:49:20Z
671,1341,29,TrialFreight,CLS000000001341,delivered,,,24.85,2026-05-08T07:16:01Z,2026-05-11T23:26:27Z,2026-05-13T09:49:20Z
672,1342,3,SafeTemp,CLS000000001342,delivered,,,19.08,2026-05-10T02:33:55Z,2026-05-11T20:40:49Z,2026-05-13T09:49:20Z
673,1347,23,Clinical Express,CLS000000001347,in_transit,,,8.43,2026-05-11T00:59:54Z,,2026-05-13T09:49:20Z
674,1348,7,CryoLine,CLS000000001348,delivered,,,18.81,2026-05-06T10:48:17Z,2026-05-11T18:27:33Z,2026-05-13T09:49:20Z
675,1349,5,TrialFreight,CLS000000001349,delivered,,,15.76,2026-05-12T06:09:26Z,2026-05-12T05:51:24Z,2026-05-13T09:49:20Z
676,1350,7,SafeTemp,CLS000000001350,delivered,,,8.21,2026-05-04T15:37:50Z,2026-05-12T03:57:28Z,2026-05-13T09:49:20Z
677,1355,19,Clinical Express,CLS000000001355,in_transit,,,23.91,2026-05-10T23:03:48Z,,2026-05-13T09:49:20Z
678,1356,4,CryoLine,CLS000000001356,delivered,,,10.26,2026-05-09T17:37:43Z,2026-05-13T02:52:02Z,2026-05-13T09:49:20Z
679,1357,26,TrialFreight,CLS000000001357,delivered,,,13.05,2026-05-07T06:09:47Z,2026-05-11T23:37:51Z,2026-05-13T09:49:20Z
680,1358,25,SafeTemp,CLS000000001358,delivered,,,13.23,2026-05-05T21:04:24Z,2026-05-11T15:51:46Z,2026-05-13T09:49:20Z
681,1363,22,Clinical Express,CLS000000001363,in_transit,,,14.45,2026-05-05T03:09:26Z,,2026-05-13T09:49:20Z
682,1364,13,CryoLine,CLS000000001364,delivered,,,9.08,2026-05-03T17:25:11Z,2026-05-13T05:56:37Z,2026-05-13T09:49:20Z
683,1365,18,TrialFreight,CLS000000001365,delivered,,,13.91,2026-05-06T04:30:13Z,2026-05-12T06:02:58Z,2026-05-13T09:49:20Z
684,1366,12,SafeTemp,CLS000000001366,delivered,,,17.78,2026-05-09T00:40:45Z,2026-05-12T10:12:18Z,2026-05-13T09:49:20Z
685,1371,11,Clinical Express,CLS000000001371,in_transit,,,8.51,2026-05-03T10:19:07Z,,2026-05-13T09:49:20Z
686,1372,3,CryoLine,CLS000000001372,delivered,,,23.32,2026-05-03T16:12:38Z,2026-05-13T05:14:59Z,2026-05-13T09:49:20Z
687,1373,28,TrialFreight,CLS000000001373,delivered,,,19.59,2026-05-12T09:39:25Z,2026-05-12T23:30:40Z,2026-05-13T09:49:20Z
688,1374,28,SafeTemp,CLS000000001374,delivered,,,22.14,2026-05-09T11:21:21Z,2026-05-12T06:16:21Z,2026-05-13T09:49:20Z
689,1379,21,Clinical Express,CLS000000001379,in_transit,,,20,2026-05-11T16:14:45Z,,2026-05-13T09:49:20Z
690,1380,24,CryoLine,CLS000000001380,delivered,,,21.97,2026-05-04T09:55:35Z,2026-05-12T13:50:03Z,2026-05-13T09:49:20Z
691,1381,26,TrialFreight,CLS000000001381,delivered,,,9.56,2026-05-08T00:53:57Z,2026-05-12T02:49:10Z,2026-05-13T09:49:20Z
692,1382,14,SafeTemp,CLS000000001382,delivered,,,10.36,2026-05-03T13:14:55Z,2026-05-12T01:43:40Z,2026-05-13T09:49:20Z
693,1387,21,Clinical Express,CLS000000001387,in_transit,,,9.59,2026-05-10T04:01:30Z,,2026-05-13T09:49:20Z
694,1388,24,CryoLine,CLS000000001388,delivered,,,5.96,2026-05-03T15:16:57Z,2026-05-11T22:40:08Z,2026-05-13T09:49:20Z
695,1389,5,TrialFreight,CLS000000001389,delivered,,,9.5,2026-05-09T00:41:27Z,2026-05-11T20:56:23Z,2026-05-13T09:49:20Z
696,1390,29,SafeTemp,CLS000000001390,delivered,,,5.58,2026-05-08T10:14:29Z,2026-05-13T05:37:47Z,2026-05-13T09:49:20Z
697,1395,15,Clinical Express,CLS000000001395,in_transit,,,23.24,2026-05-11T19:43:58Z,,2026-05-13T09:49:20Z
698,1396,25,CryoLine,CLS000000001396,delivered,,,19.88,2026-05-04T04:10:50Z,2026-05-13T06:58:51Z,2026-05-13T09:49:20Z
699,1397,11,TrialFreight,CLS000000001397,delivered,,,10.24,2026-05-03T22:37:05Z,2026-05-12T12:40:46Z,2026-05-13T09:49:20Z
700,1398,16,SafeTemp,CLS000000001398,delivered,,,15.21,2026-05-05T03:51:01Z,2026-05-11T13:43:34Z,2026-05-13T09:49:20Z
701,1403,30,Clinical Express,CLS000000001403,in_transit,,,7.95,2026-05-10T09:52:55Z,,2026-05-13T09:49:20Z
702,1404,14,CryoLine,CLS000000001404,delivered,,,9.44,2026-05-08T11:59:25Z,2026-05-13T09:30:24Z,2026-05-13T09:49:20Z
703,1405,22,TrialFreight,CLS000000001405,delivered,,,11.22,2026-05-08T18:48:08Z,2026-05-13T07:53:04Z,2026-05-13T09:49:20Z
704,1406,30,SafeTemp,CLS000000001406,delivered,,,6.64,2026-05-03T20:07:47Z,2026-05-12T14:18:04Z,2026-05-13T09:49:20Z
705,1411,13,Clinical Express,CLS000000001411,in_transit,,,18.4,2026-05-11T06:26:34Z,,2026-05-13T09:49:20Z
706,1412,27,CryoLine,CLS000000001412,delivered,,,16.94,2026-05-06T04:58:05Z,2026-05-12T00:41:38Z,2026-05-13T09:49:20Z
707,1413,20,TrialFreight,CLS000000001413,delivered,,,12.93,2026-05-05T05:47:40Z,2026-05-12T18:58:21Z,2026-05-13T09:49:20Z
708,1414,4,SafeTemp,CLS000000001414,delivered,,,7.6,2026-05-10T13:40:01Z,2026-05-12T09:09:58Z,2026-05-13T09:49:20Z
709,1419,22,Clinical Express,CLS000000001419,in_transit,,,8.87,2026-05-07T19:04:48Z,,2026-05-13T09:49:20Z
710,1420,23,CryoLine,CLS000000001420,delivered,,,15.4,2026-05-10T20:41:48Z,2026-05-12T03:16:44Z,2026-05-13T09:49:20Z
711,1421,7,TrialFreight,CLS000000001421,delivered,,,7.06,2026-05-03T18:58:57Z,2026-05-13T02:17:03Z,2026-05-13T09:49:20Z
712,1422,28,SafeTemp,CLS000000001422,delivered,,,23.37,2026-05-03T18:59:55Z,2026-05-13T08:45:19Z,2026-05-13T09:49:20Z
713,1427,4,Clinical Express,CLS000000001427,in_transit,,,11.76,2026-05-07T02:03:11Z,,2026-05-13T09:49:20Z
714,1428,15,CryoLine,CLS000000001428,delivered,,,12.99,2026-05-05T15:35:26Z,2026-05-12T21:11:15Z,2026-05-13T09:49:20Z
715,1429,25,TrialFreight,CLS000000001429,delivered,,,20.78,2026-05-07T15:26:49Z,2026-05-13T05:49:54Z,2026-05-13T09:49:20Z
716,1430,12,SafeTemp,CLS000000001430,delivered,,,6.29,2026-05-11T22:11:01Z,2026-05-12T05:19:45Z,2026-05-13T09:49:20Z
717,1435,7,Clinical Express,CLS000000001435,in_transit,,,19.99,2026-05-11T09:10:07Z,,2026-05-13T09:49:20Z
718,1436,7,CryoLine,CLS000000001436,delivered,,,21.48,2026-05-11T08:05:48Z,2026-05-13T05:10:28Z,2026-05-13T09:49:20Z
719,1437,17,TrialFreight,CLS000000001437,delivered,,,19.65,2026-05-07T11:08:34Z,2026-05-11T22:37:33Z,2026-05-13T09:49:20Z
720,1438,29,SafeTemp,CLS000000001438,delivered,,,20.64,2026-05-12T03:12:08Z,2026-05-11T17:58:17Z,2026-05-13T09:49:20Z
721,1443,5,Clinical Express,CLS000000001443,in_transit,,,8.28,2026-05-03T22:09:04Z,,2026-05-13T09:49:20Z
722,1444,18,CryoLine,CLS000000001444,delivered,,,9.47,2026-05-05T03:57:15Z,2026-05-12T13:42:51Z,2026-05-13T09:49:20Z
723,1445,21,TrialFreight,CLS000000001445,delivered,,,24.34,2026-05-07T05:54:21Z,2026-05-13T08:50:48Z,2026-05-13T09:49:20Z
724,1446,26,SafeTemp,CLS000000001446,delivered,,,12.4,2026-05-11T00:35:33Z,2026-05-12T19:36:38Z,2026-05-13T09:49:20Z
725,1451,2,Clinical Express,CLS000000001451,in_transit,,,24.57,2026-05-05T00:51:38Z,,2026-05-13T09:49:20Z
726,1452,16,CryoLine,CLS000000001452,delivered,,,18.08,2026-05-06T04:29:42Z,2026-05-11T23:28:13Z,2026-05-13T09:49:20Z
727,1453,1,TrialFreight,CLS000000001453,delivered,,,23.77,2026-05-11T05:11:28Z,2026-05-12T09:42:28Z,2026-05-13T09:49:20Z
728,1454,2,SafeTemp,CLS000000001454,delivered,,,13.21,2026-05-04T16:05:15Z,2026-05-13T02:21:42Z,2026-05-13T09:49:20Z
729,1459,21,Clinical Express,CLS000000001459,in_transit,,,14.75,2026-05-04T19:41:44Z,,2026-05-13T09:49:20Z
730,1460,21,CryoLine,CLS000000001460,delivered,,,9.81,2026-05-08T06:33:14Z,2026-05-13T05:56:07Z,2026-05-13T09:49:20Z
731,1461,19,TrialFreight,CLS000000001461,delivered,,,20.19,2026-05-09T22:57:56Z,2026-05-13T00:54:36Z,2026-05-13T09:49:20Z
732,1462,21,SafeTemp,CLS000000001462,delivered,,,11.57,2026-05-09T19:05:36Z,2026-05-12T11:32:36Z,2026-05-13T09:49:20Z
733,1467,7,Clinical Express,CLS000000001467,in_transit,,,14.84,2026-05-03T23:05:29Z,,2026-05-13T09:49:20Z
734,1468,29,CryoLine,CLS000000001468,delivered,,,17.99,2026-05-09T06:52:32Z,2026-05-11T17:44:54Z,2026-05-13T09:49:20Z
735,1469,28,TrialFreight,CLS000000001469,delivered,,,13.06,2026-05-07T16:35:11Z,2026-05-12T18:34:48Z,2026-05-13T09:49:20Z
736,1470,2,SafeTemp,CLS000000001470,delivered,,,13.93,2026-05-10T15:36:12Z,2026-05-11T13:21:35Z,2026-05-13T09:49:20Z
737,1475,13,Clinical Express,CLS000000001475,in_transit,,,16.44,2026-05-09T19:33:17Z,,2026-05-13T09:49:20Z
738,1476,19,CryoLine,CLS000000001476,delivered,,,9.34,2026-05-11T16:30:39Z,2026-05-11T23:59:49Z,2026-05-13T09:49:20Z
739,1477,27,TrialFreight,CLS000000001477,delivered,,,5.58,2026-05-04T13:15:17Z,2026-05-12T13:01:45Z,2026-05-13T09:49:20Z
740,1478,15,SafeTemp,CLS000000001478,delivered,,,16.79,2026-05-04T13:40:47Z,2026-05-12T03:08:16Z,2026-05-13T09:49:20Z
741,1483,29,Clinical Express,CLS000000001483,in_transit,,,11.03,2026-05-04T01:16:49Z,,2026-05-13T09:49:20Z
742,1484,1,CryoLine,CLS000000001484,delivered,,,23.38,2026-05-07T00:15:48Z,2026-05-12T06:06:47Z,2026-05-13T09:49:20Z
743,1485,17,TrialFreight,CLS000000001485,delivered,,,11.46,2026-05-12T06:27:40Z,2026-05-12T01:32:28Z,2026-05-13T09:49:20Z
744,1486,24,SafeTemp,CLS000000001486,delivered,,,13.95,2026-05-09T05:38:37Z,2026-05-13T05:46:35Z,2026-05-13T09:49:20Z
745,1491,17,Clinical Express,CLS000000001491,in_transit,,,11.75,2026-05-11T16:58:08Z,,2026-05-13T09:49:20Z
746,1492,16,CryoLine,CLS000000001492,delivered,,,15.77,2026-05-07T22:55:06Z,2026-05-12T20:05:57Z,2026-05-13T09:49:20Z
747,1493,13,TrialFreight,CLS000000001493,delivered,,,23.16,2026-05-08T05:34:45Z,2026-05-13T03:29:00Z,2026-05-13T09:49:20Z
748,1494,13,SafeTemp,CLS000000001494,delivered,,,14.2,2026-05-03T21:04:46Z,2026-05-12T19:01:01Z,2026-05-13T09:49:20Z
749,1499,26,Clinical Express,CLS000000001499,in_transit,,,10.13,2026-05-11T13:19:10Z,,2026-05-13T09:49:20Z
750,1500,18,CryoLine,CLS000000001500,delivered,,,9.44,2026-05-07T17:06:01Z,2026-05-13T03:19:40Z,2026-05-13T09:49:20Z
751,1501,21,TrialFreight,CLS000000001501,delivered,,,12.99,2026-05-07T09:36:37Z,2026-05-12T09:02:38Z,2026-05-13T09:49:20Z
752,1502,7,SafeTemp,CLS000000001502,delivered,,,6.56,2026-05-08T14:19:42Z,2026-05-13T06:32:23Z,2026-05-13T09:49:20Z
753,1507,10,Clinical Express,CLS000000001507,in_transit,,,5.94,2026-05-08T06:28:00Z,,2026-05-13T09:49:20Z
754,1508,2,CryoLine,CLS000000001508,delivered,,,20.24,2026-05-11T15:06:40Z,2026-05-11T20:00:13Z,2026-05-13T09:49:20Z
755,1509,25,TrialFreight,CLS000000001509,delivered,,,6.43,2026-05-06T22:27:47Z,2026-05-13T02:23:33Z,2026-05-13T09:49:20Z
756,1510,24,SafeTemp,CLS000000001510,delivered,,,24.34,2026-05-09T21:40:40Z,2026-05-11T15:01:15Z,2026-05-13T09:49:20Z
757,1515,28,Clinical Express,CLS000000001515,in_transit,,,5.65,2026-05-07T12:10:01Z,,2026-05-13T09:49:20Z
758,1516,28,CryoLine,CLS000000001516,delivered,,,10.38,2026-05-11T03:57:16Z,2026-05-11T23:45:09Z,2026-05-13T09:49:20Z
759,1517,27,TrialFreight,CLS000000001517,delivered,,,11.18,2026-05-06T13:55:44Z,2026-05-12T11:33:49Z,2026-05-13T09:49:20Z
760,1518,30,SafeTemp,CLS000000001518,delivered,,,15.67,2026-05-03T11:07:17Z,2026-05-11T20:16:55Z,2026-05-13T09:49:20Z
761,1523,24,Clinical Express,CLS000000001523,in_transit,,,24.85,2026-05-11T22:18:14Z,,2026-05-13T09:49:20Z
762,1524,15,CryoLine,CLS000000001524,delivered,,,23.24,2026-05-04T03:21:27Z,2026-05-12T07:04:44Z,2026-05-13T09:49:20Z
763,1525,20,TrialFreight,CLS000000001525,delivered,,,5.77,2026-05-10T11:37:12Z,2026-05-13T06:12:16Z,2026-05-13T09:49:20Z
764,1526,13,SafeTemp,CLS000000001526,delivered,,,7.05,2026-05-10T03:25:29Z,2026-05-13T04:23:49Z,2026-05-13T09:49:20Z
765,1531,2,Clinical Express,CLS000000001531,in_transit,,,11.32,2026-05-11T15:46:56Z,,2026-05-13T09:49:20Z
766,1532,2,CryoLine,CLS000000001532,delivered,,,5.77,2026-05-08T01:40:40Z,2026-05-12T16:02:23Z,2026-05-13T09:49:20Z
767,1533,13,TrialFreight,CLS000000001533,delivered,,,7.41,2026-05-03T17:02:14Z,2026-05-11T19:16:04Z,2026-05-13T09:49:20Z
768,1534,5,SafeTemp,CLS000000001534,delivered,,,18.74,2026-05-05T22:57:01Z,2026-05-12T01:21:29Z,2026-05-13T09:49:20Z
769,1539,5,Clinical Express,CLS000000001539,in_transit,,,17.31,2026-05-07T02:26:27Z,,2026-05-13T09:49:20Z
770,1540,1,CryoLine,CLS000000001540,delivered,,,5.86,2026-05-08T11:04:12Z,2026-05-12T06:46:58Z,2026-05-13T09:49:20Z
771,1541,6,TrialFreight,CLS000000001541,delivered,,,15.83,2026-05-08T22:46:55Z,2026-05-12T20:05:30Z,2026-05-13T09:49:20Z
772,1542,21,SafeTemp,CLS000000001542,delivered,,,16.43,2026-05-03T15:58:00Z,2026-05-12T21:21:03Z,2026-05-13T09:49:20Z
773,1547,24,Clinical Express,CLS000000001547,in_transit,,,20.95,2026-05-04T14:33:07Z,,2026-05-13T09:49:20Z
774,1548,5,CryoLine,CLS000000001548,delivered,,,15.7,2026-05-05T02:34:47Z,2026-05-11T11:00:57Z,2026-05-13T09:49:20Z
775,1549,22,TrialFreight,CLS000000001549,delivered,,,19.56,2026-05-06T02:42:00Z,2026-05-12T02:06:11Z,2026-05-13T09:49:20Z
776,1550,15,SafeTemp,CLS000000001550,delivered,,,14.03,2026-05-05T20:56:21Z,2026-05-11T22:52:26Z,2026-05-13T09:49:20Z
777,1555,21,Clinical Express,CLS000000001555,in_transit,,,17.11,2026-05-05T07:38:21Z,,2026-05-13T09:49:20Z
778,1556,10,CryoLine,CLS000000001556,delivered,,,13.19,2026-05-05T21:57:04Z,2026-05-13T09:31:47Z,2026-05-13T09:49:20Z
779,1557,11,TrialFreight,CLS000000001557,delivered,,,22.56,2026-05-04T13:42:18Z,2026-05-13T00:20:55Z,2026-05-13T09:49:20Z
780,1558,24,SafeTemp,CLS000000001558,delivered,,,11.9,2026-05-05T07:23:11Z,2026-05-12T17:10:10Z,2026-05-13T09:49:20Z
781,1563,20,Clinical Express,CLS000000001563,in_transit,,,10.64,2026-05-09T21:49:34Z,,2026-05-13T09:49:20Z
782,1564,24,CryoLine,CLS000000001564,delivered,,,12.5,2026-05-07T04:16:08Z,2026-05-11T21:00:01Z,2026-05-13T09:49:20Z
783,1565,9,TrialFreight,CLS000000001565,delivered,,,11.07,2026-05-04T14:37:47Z,2026-05-12T04:17:50Z,2026-05-13T09:49:20Z
784,1566,27,SafeTemp,CLS000000001566,delivered,,,17.71,2026-05-04T03:56:01Z,2026-05-12T07:16:57Z,2026-05-13T09:49:20Z
785,1571,21,Clinical Express,CLS000000001571,in_transit,,,20.89,2026-05-09T01:17:59Z,,2026-05-13T09:49:20Z
786,1572,27,CryoLine,CLS000000001572,delivered,,,24.85,2026-05-10T18:28:55Z,2026-05-12T01:10:24Z,2026-05-13T09:49:20Z
787,1573,16,TrialFreight,CLS000000001573,delivered,,,22.6,2026-05-04T15:50:17Z,2026-05-13T07:50:38Z,2026-05-13T09:49:20Z
788,1574,14,SafeTemp,CLS000000001574,delivered,,,23.46,2026-05-09T18:51:17Z,2026-05-12T11:52:47Z,2026-05-13T09:49:20Z
789,1579,26,Clinical Express,CLS000000001579,in_transit,,,6.64,2026-05-11T19:32:46Z,,2026-05-13T09:49:20Z
790,1580,11,CryoLine,CLS000000001580,delivered,,,10.11,2026-05-11T22:55:21Z,2026-05-11T22:53:28Z,2026-05-13T09:49:20Z
791,1581,16,TrialFreight,CLS000000001581,delivered,,,21.93,2026-05-06T15:09:38Z,2026-05-12T23:58:26Z,2026-05-13T09:49:20Z
792,1582,6,SafeTemp,CLS000000001582,delivered,,,20.21,2026-05-04T10:18:40Z,2026-05-12T08:16:54Z,2026-05-13T09:49:20Z
793,1587,16,Clinical Express,CLS000000001587,in_transit,,,16.97,2026-05-05T00:43:12Z,,2026-05-13T09:49:20Z
794,1588,8,CryoLine,CLS000000001588,delivered,,,5.19,2026-05-04T07:39:04Z,2026-05-12T00:39:14Z,2026-05-13T09:49:20Z
795,1589,26,TrialFreight,CLS000000001589,delivered,,,20.17,2026-05-09T05:46:16Z,2026-05-11T20:12:57Z,2026-05-13T09:49:20Z
796,1590,20,SafeTemp,CLS000000001590,delivered,,,9.87,2026-05-03T10:56:56Z,2026-05-13T05:06:33Z,2026-05-13T09:49:20Z
797,1595,29,Clinical Express,CLS000000001595,in_transit,,,16.29,2026-05-11T05:52:32Z,,2026-05-13T09:49:20Z
798,1596,4,CryoLine,CLS000000001596,delivered,,,22.29,2026-05-08T08:45:26Z,2026-05-11T13:53:35Z,2026-05-13T09:49:20Z
799,1597,27,TrialFreight,CLS000000001597,delivered,,,23.28,2026-05-11T07:33:19Z,2026-05-13T03:19:13Z,2026-05-13T09:49:20Z
800,1598,25,SafeTemp,CLS000000001598,delivered,,,20.66,2026-05-04T17:39:45Z,2026-05-13T04:01:00Z,2026-05-13T09:49:20Z
801,1603,29,Clinical Express,CLS000000001603,in_transit,,,15.47,2026-05-07T07:51:10Z,,2026-05-13T09:49:20Z
802,1604,22,CryoLine,CLS000000001604,delivered,,,15.64,2026-05-11T20:13:54Z,2026-05-11T18:01:25Z,2026-05-13T09:49:20Z
803,1605,19,TrialFreight,CLS000000001605,delivered,,,7.86,2026-05-11T20:44:25Z,2026-05-11T19:50:01Z,2026-05-13T09:49:20Z
804,1606,14,SafeTemp,CLS000000001606,delivered,,,22.87,2026-05-05T12:53:11Z,2026-05-13T09:12:40Z,2026-05-13T09:49:20Z
805,1611,25,Clinical Express,CLS000000001611,in_transit,,,5,2026-05-05T01:52:45Z,,2026-05-13T09:49:20Z
806,1612,25,CryoLine,CLS000000001612,delivered,,,23.09,2026-05-06T05:45:38Z,2026-05-11T18:28:28Z,2026-05-13T09:49:20Z
807,1613,30,TrialFreight,CLS000000001613,delivered,,,19.9,2026-05-11T16:29:27Z,2026-05-11T10:22:03Z,2026-05-13T09:49:20Z
808,1614,13,SafeTemp,CLS000000001614,delivered,,,5.84,2026-05-03T11:21:31Z,2026-05-12T10:03:12Z,2026-05-13T09:49:20Z
809,1619,17,Clinical Express,CLS000000001619,in_transit,,,18.32,2026-05-10T00:35:52Z,,2026-05-13T09:49:20Z
810,1620,10,CryoLine,CLS000000001620,delivered,,,19.5,2026-05-04T11:10:53Z,2026-05-12T14:01:29Z,2026-05-13T09:49:20Z
811,1621,12,TrialFreight,CLS000000001621,delivered,,,16.12,2026-05-06T10:28:14Z,2026-05-13T03:47:56Z,2026-05-13T09:49:20Z
812,1622,4,SafeTemp,CLS000000001622,delivered,,,10.96,2026-05-12T00:33:51Z,2026-05-12T05:26:24Z,2026-05-13T09:49:20Z
813,1627,19,Clinical Express,CLS000000001627,in_transit,,,16.56,2026-05-11T17:29:28Z,,2026-05-13T09:49:20Z
814,1628,16,CryoLine,CLS000000001628,delivered,,,6.88,2026-05-08T16:48:50Z,2026-05-11T15:36:01Z,2026-05-13T09:49:20Z
815,1629,27,TrialFreight,CLS000000001629,delivered,,,7.98,2026-05-04T23:56:33Z,2026-05-13T07:41:05Z,2026-05-13T09:49:20Z
816,1630,3,SafeTemp,CLS000000001630,delivered,,,6.62,2026-05-11T05:19:06Z,2026-05-12T05:13:55Z,2026-05-13T09:49:20Z
817,1635,11,Clinical Express,CLS000000001635,in_transit,,,19.82,2026-05-04T17:12:51Z,,2026-05-13T09:49:20Z
818,1636,11,CryoLine,CLS000000001636,delivered,,,16.77,2026-05-10T03:36:56Z,2026-05-12T12:04:53Z,2026-05-13T09:49:20Z
819,1637,9,TrialFreight,CLS000000001637,delivered,,,7.32,2026-05-10T04:19:41Z,2026-05-12T11:29:24Z,2026-05-13T09:49:20Z
820,1638,5,SafeTemp,CLS000000001638,delivered,,,10.22,2026-05-08T11:41:15Z,2026-05-12T06:30:41Z,2026-05-13T09:49:20Z
821,1643,16,Clinical Express,CLS000000001643,in_transit,,,9.16,2026-05-06T11:54:37Z,,2026-05-13T09:49:20Z
822,1644,12,CryoLine,CLS000000001644,delivered,,,15.55,2026-05-06T10:42:42Z,2026-05-13T06:07:02Z,2026-05-13T09:49:20Z
823,1645,9,TrialFreight,CLS000000001645,delivered,,,19.55,2026-05-10T05:10:04Z,2026-05-12T03:07:20Z,2026-05-13T09:49:20Z
824,1646,5,SafeTemp,CLS000000001646,delivered,,,14.39,2026-05-12T06:48:53Z,2026-05-11T21:05:26Z,2026-05-13T09:49:20Z
825,1651,23,Clinical Express,CLS000000001651,in_transit,,,5.11,2026-05-09T10:17:11Z,,2026-05-13T09:49:20Z
826,1652,22,CryoLine,CLS000000001652,delivered,,,18.89,2026-05-08T04:29:56Z,2026-05-13T07:55:55Z,2026-05-13T09:49:20Z
827,1653,10,TrialFreight,CLS000000001653,delivered,,,6.82,2026-05-04T18:18:16Z,2026-05-13T04:00:33Z,2026-05-13T09:49:20Z
828,1654,17,SafeTemp,CLS000000001654,delivered,,,6.33,2026-05-11T22:35:18Z,2026-05-13T01:54:33Z,2026-05-13T09:49:20Z
829,1659,23,Clinical Express,CLS000000001659,in_transit,,,15.68,2026-05-06T23:09:40Z,,2026-05-13T09:49:20Z
830,1660,17,CryoLine,CLS000000001660,delivered,,,5.1,2026-05-12T09:01:12Z,2026-05-12T06:04:23Z,2026-05-13T09:49:20Z
831,1661,19,TrialFreight,CLS000000001661,delivered,,,8.97,2026-05-03T19:45:02Z,2026-05-12T02:20:36Z,2026-05-13T09:49:20Z
832,1662,19,SafeTemp,CLS000000001662,delivered,,,16.9,2026-05-06T14:19:16Z,2026-05-13T00:52:41Z,2026-05-13T09:49:20Z
833,1667,1,Clinical Express,CLS000000001667,in_transit,,,15.04,2026-05-04T02:03:00Z,,2026-05-13T09:49:20Z
834,1668,16,CryoLine,CLS000000001668,delivered,,,20.86,2026-05-09T05:46:22Z,2026-05-12T23:38:02Z,2026-05-13T09:49:20Z
835,1669,16,TrialFreight,CLS000000001669,delivered,,,18.49,2026-05-07T02:27:58Z,2026-05-13T08:27:45Z,2026-05-13T09:49:20Z
836,1670,8,SafeTemp,CLS000000001670,delivered,,,19.9,2026-05-06T12:01:23Z,2026-05-12T19:43:38Z,2026-05-13T09:49:20Z
837,1675,25,Clinical Express,CLS000000001675,in_transit,,,9.73,2026-05-08T18:13:31Z,,2026-05-13T09:49:20Z
838,1676,14,CryoLine,CLS000000001676,delivered,,,17.26,2026-05-10T20:55:54Z,2026-05-12T08:10:55Z,2026-05-13T09:49:20Z
839,1677,14,TrialFreight,CLS000000001677,delivered,,,9.5,2026-05-12T08:51:33Z,2026-05-13T07:51:09Z,2026-05-13T09:49:20Z
840,1678,2,SafeTemp,CLS000000001678,delivered,,,12.4,2026-05-09T06:38:06Z,2026-05-12T00:08:32Z,2026-05-13T09:49:20Z
841,1683,12,Clinical Express,CLS000000001683,in_transit,,,21.33,2026-05-06T20:43:32Z,,2026-05-13T09:49:20Z
842,1684,14,CryoLine,CLS000000001684,delivered,,,19.34,2026-05-03T22:30:31Z,2026-05-13T04:20:49Z,2026-05-13T09:49:20Z
843,1685,6,TrialFreight,CLS000000001685,delivered,,,18.14,2026-05-07T13:50:55Z,2026-05-13T00:13:53Z,2026-05-13T09:49:20Z
844,1686,17,SafeTemp,CLS000000001686,delivered,,,13.86,2026-05-12T05:48:12Z,2026-05-11T12:36:46Z,2026-05-13T09:49:20Z
845,1691,18,Clinical Express,CLS000000001691,in_transit,,,10.74,2026-05-11T15:50:06Z,,2026-05-13T09:49:20Z
846,1692,7,CryoLine,CLS000000001692,delivered,,,10.44,2026-05-11T16:46:35Z,2026-05-12T19:43:05Z,2026-05-13T09:49:20Z
847,1693,13,TrialFreight,CLS000000001693,delivered,,,19.8,2026-05-05T19:28:00Z,2026-05-12T03:19:04Z,2026-05-13T09:49:20Z
848,1694,20,SafeTemp,CLS000000001694,delivered,,,10.95,2026-05-04T18:50:49Z,2026-05-13T09:23:12Z,2026-05-13T09:49:20Z
849,1699,22,Clinical Express,CLS000000001699,in_transit,,,20.72,2026-05-05T06:37:22Z,,2026-05-13T09:49:20Z
850,1700,13,CryoLine,CLS000000001700,delivered,,,11.1,2026-05-06T02:18:23Z,2026-05-12T13:45:52Z,2026-05-13T09:49:20Z
851,1701,14,TrialFreight,CLS000000001701,delivered,,,16.11,2026-05-07T18:02:16Z,2026-05-13T09:08:37Z,2026-05-13T09:49:20Z
852,1702,7,SafeTemp,CLS000000001702,delivered,,,14,2026-05-07T19:35:21Z,2026-05-11T19:08:30Z,2026-05-13T09:49:20Z
853,1707,19,Clinical Express,CLS000000001707,in_transit,,,24.52,2026-05-06T21:33:40Z,,2026-05-13T09:49:20Z
854,1708,20,CryoLine,CLS000000001708,delivered,,,13.18,2026-05-12T04:55:24Z,2026-05-12T09:04:40Z,2026-05-13T09:49:20Z
855,1709,23,TrialFreight,CLS000000001709,delivered,,,22.34,2026-05-03T15:39:14Z,2026-05-11T15:25:42Z,2026-05-13T09:49:20Z
856,1710,15,SafeTemp,CLS000000001710,delivered,,,17.29,2026-05-04T03:06:37Z,2026-05-12T09:05:31Z,2026-05-13T09:49:20Z
857,1715,19,Clinical Express,CLS000000001715,in_transit,,,14.88,2026-05-09T14:05:50Z,,2026-05-13T09:49:20Z
858,1716,20,CryoLine,CLS000000001716,delivered,,,24.5,2026-05-10T09:22:53Z,2026-05-11T12:45:24Z,2026-05-13T09:49:20Z
859,1717,8,TrialFreight,CLS000000001717,delivered,,,17.87,2026-05-08T13:43:29Z,2026-05-13T03:38:24Z,2026-05-13T09:49:20Z
860,1718,16,SafeTemp,CLS000000001718,delivered,,,13.5,2026-05-09T11:12:35Z,2026-05-11T10:09:07Z,2026-05-13T09:49:20Z
861,1723,24,Clinical Express,CLS000000001723,in_transit,,,17.8,2026-05-04T22:23:22Z,,2026-05-13T09:49:20Z
862,1724,17,CryoLine,CLS000000001724,delivered,,,8,2026-05-10T03:54:24Z,2026-05-11T15:50:48Z,2026-05-13T09:49:20Z
863,1725,30,TrialFreight,CLS000000001725,delivered,,,22.22,2026-05-08T18:45:41Z,2026-05-13T07:01:34Z,2026-05-13T09:49:20Z
864,1726,4,SafeTemp,CLS000000001726,delivered,,,17.88,2026-05-07T22:41:20Z,2026-05-11T17:43:50Z,2026-05-13T09:49:20Z
865,1731,3,Clinical Express,CLS000000001731,in_transit,,,24.36,2026-05-08T11:37:27Z,,2026-05-13T09:49:20Z
866,1732,10,CryoLine,CLS000000001732,delivered,,,6.96,2026-05-05T23:13:28Z,2026-05-12T01:30:39Z,2026-05-13T09:49:20Z
867,1733,25,TrialFreight,CLS000000001733,delivered,,,24.98,2026-05-11T22:14:49Z,2026-05-11T13:51:44Z,2026-05-13T09:49:20Z
868,1734,20,SafeTemp,CLS000000001734,delivered,,,20.33,2026-05-05T05:29:00Z,2026-05-12T04:26:46Z,2026-05-13T09:49:20Z
869,1739,6,Clinical Express,CLS000000001739,in_transit,,,8.07,2026-05-07T18:11:14Z,,2026-05-13T09:49:20Z
870,1740,30,CryoLine,CLS000000001740,delivered,,,15.76,2026-05-03T10:49:27Z,2026-05-12T03:26:58Z,2026-05-13T09:49:20Z
871,1741,2,TrialFreight,CLS000000001741,delivered,,,5.16,2026-05-08T19:53:57Z,2026-05-11T14:12:15Z,2026-05-13T09:49:20Z
872,1742,1,SafeTemp,CLS000000001742,delivered,,,19.31,2026-05-09T06:43:57Z,2026-05-12T21:28:14Z,2026-05-13T09:49:20Z
873,1747,7,Clinical Express,CLS000000001747,in_transit,,,14.05,2026-05-11T22:38:10Z,,2026-05-13T09:49:20Z
874,1748,12,CryoLine,CLS000000001748,delivered,,,13.94,2026-05-07T08:09:43Z,2026-05-11T14:31:25Z,2026-05-13T09:49:20Z
875,1749,10,TrialFreight,CLS000000001749,delivered,,,21.67,2026-05-06T14:20:43Z,2026-05-12T11:31:49Z,2026-05-13T09:49:20Z
876,1750,19,SafeTemp,CLS000000001750,delivered,,,23.86,2026-05-05T09:43:24Z,2026-05-12T01:53:30Z,2026-05-13T09:49:20Z
877,1755,4,Clinical Express,CLS000000001755,in_transit,,,8.74,2026-05-06T05:47:29Z,,2026-05-13T09:49:20Z
878,1756,7,CryoLine,CLS000000001756,delivered,,,20.64,2026-05-03T21:07:59Z,2026-05-13T00:34:32Z,2026-05-13T09:49:20Z
879,1757,21,TrialFreight,CLS000000001757,delivered,,,17.83,2026-05-06T09:02:01Z,2026-05-13T00:52:42Z,2026-05-13T09:49:20Z
880,1758,7,SafeTemp,CLS000000001758,delivered,,,23.76,2026-05-10T22:22:28Z,2026-05-11T22:01:46Z,2026-05-13T09:49:20Z
881,1763,22,Clinical Express,CLS000000001763,in_transit,,,21.33,2026-05-08T01:25:00Z,,2026-05-13T09:49:20Z
882,1764,26,CryoLine,CLS000000001764,delivered,,,23.96,2026-05-07T04:42:16Z,2026-05-12T21:56:21Z,2026-05-13T09:49:20Z
883,1765,27,TrialFreight,CLS000000001765,delivered,,,11.28,2026-05-08T02:00:04Z,2026-05-11T16:40:02Z,2026-05-13T09:49:20Z
884,1766,30,SafeTemp,CLS000000001766,delivered,,,9.1,2026-05-04T01:20:12Z,2026-05-12T18:10:05Z,2026-05-13T09:49:20Z
885,1771,19,Clinical Express,CLS000000001771,in_transit,,,15.08,2026-05-10T17:21:27Z,,2026-05-13T09:49:20Z
886,1772,24,CryoLine,CLS000000001772,delivered,,,9.57,2026-05-08T11:03:28Z,2026-05-13T04:41:42Z,2026-05-13T09:49:20Z
887,1773,22,TrialFreight,CLS000000001773,delivered,,,17.98,2026-05-09T11:22:52Z,2026-05-12T02:47:48Z,2026-05-13T09:49:20Z
888,1774,13,SafeTemp,CLS000000001774,delivered,,,11.56,2026-05-08T15:39:47Z,2026-05-11T23:46:24Z,2026-05-13T09:49:20Z
889,1779,15,Clinical Express,CLS000000001779,in_transit,,,20.84,2026-05-06T04:54:08Z,,2026-05-13T09:49:20Z
890,1780,5,CryoLine,CLS000000001780,delivered,,,18.69,2026-05-06T18:32:45Z,2026-05-12T04:14:22Z,2026-05-13T09:49:20Z
891,1781,14,TrialFreight,CLS000000001781,delivered,,,6.95,2026-05-10T21:56:10Z,2026-05-12T20:55:44Z,2026-05-13T09:49:20Z
892,1782,24,SafeTemp,CLS000000001782,delivered,,,21.71,2026-05-08T08:13:32Z,2026-05-13T06:16:21Z,2026-05-13T09:49:20Z
893,1787,27,Clinical Express,CLS000000001787,in_transit,,,12.8,2026-05-09T13:03:39Z,,2026-05-13T09:49:20Z
894,1788,13,CryoLine,CLS000000001788,delivered,,,18.57,2026-05-04T22:10:54Z,2026-05-11T19:18:20Z,2026-05-13T09:49:20Z
895,1789,4,TrialFreight,CLS000000001789,delivered,,,16.99,2026-05-08T16:37:55Z,2026-05-13T00:32:00Z,2026-05-13T09:49:20Z
896,1790,12,SafeTemp,CLS000000001790,delivered,,,7.18,2026-05-08T09:52:18Z,2026-05-11T23:34:04Z,2026-05-13T09:49:20Z
897,1795,24,Clinical Express,CLS000000001795,in_transit,,,8.44,2026-05-04T23:52:00Z,,2026-05-13T09:49:20Z
898,1796,14,CryoLine,CLS000000001796,delivered,,,24.52,2026-05-04T05:55:23Z,2026-05-12T02:55:44Z,2026-05-13T09:49:20Z
899,1797,9,TrialFreight,CLS000000001797,delivered,,,12.78,2026-05-06T23:51:57Z,2026-05-13T02:11:04Z,2026-05-13T09:49:20Z
900,1798,4,SafeTemp,CLS000000001798,delivered,,,19.53,2026-05-06T21:24:14Z,2026-05-13T01:35:13Z,2026-05-13T09:49:20Z
901,1803,26,Clinical Express,CLS000000001803,in_transit,,,13.17,2026-05-07T13:01:51Z,,2026-05-13T09:49:20Z
902,1804,23,CryoLine,CLS000000001804,delivered,,,24.37,2026-05-12T00:17:26Z,2026-05-11T22:56:55Z,2026-05-13T09:49:20Z
903,1805,19,TrialFreight,CLS000000001805,delivered,,,18.81,2026-05-08T12:51:00Z,2026-05-11T17:46:28Z,2026-05-13T09:49:20Z
904,1806,30,SafeTemp,CLS000000001806,delivered,,,7.28,2026-05-09T00:28:37Z,2026-05-12T06:52:34Z,2026-05-13T09:49:20Z
905,1811,18,Clinical Express,CLS000000001811,in_transit,,,18.27,2026-05-08T09:43:29Z,,2026-05-13T09:49:20Z
906,1812,4,CryoLine,CLS000000001812,delivered,,,18.65,2026-05-09T08:48:07Z,2026-05-11T18:25:18Z,2026-05-13T09:49:20Z
907,1813,10,TrialFreight,CLS000000001813,delivered,,,14.41,2026-05-07T15:56:34Z,2026-05-12T00:01:57Z,2026-05-13T09:49:20Z
908,1814,7,SafeTemp,CLS000000001814,delivered,,,15.36,2026-05-10T12:52:12Z,2026-05-11T18:12:51Z,2026-05-13T09:49:20Z
909,1819,23,Clinical Express,CLS000000001819,in_transit,,,15.03,2026-05-11T11:13:38Z,,2026-05-13T09:49:20Z
910,1820,25,CryoLine,CLS000000001820,delivered,,,21.1,2026-05-03T12:27:09Z,2026-05-11T19:35:27Z,2026-05-13T09:49:20Z
911,1821,26,TrialFreight,CLS000000001821,delivered,,,17.48,2026-05-10T02:07:16Z,2026-05-13T05:01:49Z,2026-05-13T09:49:20Z
912,1822,7,SafeTemp,CLS000000001822,delivered,,,22.61,2026-05-05T06:21:04Z,2026-05-11T13:45:33Z,2026-05-13T09:49:20Z
913,1827,11,Clinical Express,CLS000000001827,in_transit,,,21.45,2026-05-12T02:22:57Z,,2026-05-13T09:49:20Z
914,1828,19,CryoLine,CLS000000001828,delivered,,,7.13,2026-05-03T17:26:26Z,2026-05-12T23:23:31Z,2026-05-13T09:49:20Z
915,1829,14,TrialFreight,CLS000000001829,delivered,,,10.61,2026-05-10T03:05:17Z,2026-05-12T07:06:19Z,2026-05-13T09:49:20Z
916,1830,30,SafeTemp,CLS000000001830,delivered,,,15,2026-05-08T03:39:45Z,2026-05-13T03:05:36Z,2026-05-13T09:49:20Z
917,1835,4,Clinical Express,CLS000000001835,in_transit,,,10.25,2026-05-10T02:35:11Z,,2026-05-13T09:49:20Z
918,1836,26,CryoLine,CLS000000001836,delivered,,,22.96,2026-05-06T10:16:32Z,2026-05-12T11:40:45Z,2026-05-13T09:49:20Z
919,1837,7,TrialFreight,CLS000000001837,delivered,,,18.55,2026-05-07T07:32:42Z,2026-05-12T16:41:02Z,2026-05-13T09:49:20Z
920,1838,6,SafeTemp,CLS000000001838,delivered,,,14.19,2026-05-08T06:01:02Z,2026-05-12T20:21:20Z,2026-05-13T09:49:20Z
921,1843,26,Clinical Express,CLS000000001843,in_transit,,,20.39,2026-05-03T12:45:14Z,,2026-05-13T09:49:20Z
922,1844,4,CryoLine,CLS000000001844,delivered,,,20.66,2026-05-11T11:03:42Z,2026-05-11T10:26:21Z,2026-05-13T09:49:20Z
923,1845,4,TrialFreight,CLS000000001845,delivered,,,23.46,2026-05-10T14:46:56Z,2026-05-11T16:46:16Z,2026-05-13T09:49:20Z
924,1846,9,SafeTemp,CLS000000001846,delivered,,,22.65,2026-05-09T03:59:47Z,2026-05-13T07:39:45Z,2026-05-13T09:49:20Z
925,1851,23,Clinical Express,CLS000000001851,in_transit,,,21.67,2026-05-03T11:10:50Z,,2026-05-13T09:49:20Z
926,1852,22,CryoLine,CLS000000001852,delivered,,,22.86,2026-05-08T18:48:02Z,2026-05-12T13:47:29Z,2026-05-13T09:49:20Z
927,1853,15,TrialFreight,CLS000000001853,delivered,,,17.13,2026-05-05T15:14:49Z,2026-05-12T10:50:12Z,2026-05-13T09:49:20Z
928,1854,25,SafeTemp,CLS000000001854,delivered,,,6.23,2026-05-05T14:42:37Z,2026-05-12T23:31:49Z,2026-05-13T09:49:20Z
929,1859,13,Clinical Express,CLS000000001859,in_transit,,,5.32,2026-05-09T22:02:56Z,,2026-05-13T09:49:20Z
930,1860,9,CryoLine,CLS000000001860,delivered,,,9.43,2026-05-10T21:44:35Z,2026-05-12T17:55:59Z,2026-05-13T09:49:20Z
931,1861,14,TrialFreight,CLS000000001861,delivered,,,23.8,2026-05-06T10:24:59Z,2026-05-11T23:45:00Z,2026-05-13T09:49:20Z
932,1862,12,SafeTemp,CLS000000001862,delivered,,,12.2,2026-05-06T13:20:55Z,2026-05-12T01:46:40Z,2026-05-13T09:49:20Z
933,1867,26,Clinical Express,CLS000000001867,in_transit,,,10.13,2026-05-07T00:20:42Z,,2026-05-13T09:49:20Z
934,1868,10,CryoLine,CLS000000001868,delivered,,,12.72,2026-05-10T16:07:58Z,2026-05-12T13:38:32Z,2026-05-13T09:49:20Z
935,1869,3,TrialFreight,CLS000000001869,delivered,,,15.6,2026-05-09T19:44:52Z,2026-05-11T13:25:51Z,2026-05-13T09:49:20Z
936,1870,16,SafeTemp,CLS000000001870,delivered,,,11.48,2026-05-09T06:20:33Z,2026-05-12T13:14:16Z,2026-05-13T09:49:20Z
937,1875,16,Clinical Express,CLS000000001875,in_transit,,,19.67,2026-05-08T12:53:17Z,,2026-05-13T09:49:20Z
938,1876,18,CryoLine,CLS000000001876,delivered,,,10.14,2026-05-05T16:17:29Z,2026-05-12T00:29:31Z,2026-05-13T09:49:20Z
939,1877,16,TrialFreight,CLS000000001877,delivered,,,5.45,2026-05-04T12:54:28Z,2026-05-13T04:09:53Z,2026-05-13T09:49:20Z
940,1878,27,SafeTemp,CLS000000001878,delivered,,,9.74,2026-05-07T15:03:42Z,2026-05-13T07:40:37Z,2026-05-13T09:49:20Z
941,1883,19,Clinical Express,CLS000000001883,in_transit,,,17.16,2026-05-07T16:32:37Z,,2026-05-13T09:49:20Z
942,1884,8,CryoLine,CLS000000001884,delivered,,,24.59,2026-05-05T10:20:34Z,2026-05-11T11:56:02Z,2026-05-13T09:49:20Z
943,1885,10,TrialFreight,CLS000000001885,delivered,,,23.37,2026-05-08T14:09:18Z,2026-05-11T16:57:23Z,2026-05-13T09:49:20Z
944,1886,3,SafeTemp,CLS000000001886,delivered,,,18.63,2026-05-10T05:22:49Z,2026-05-12T23:53:35Z,2026-05-13T09:49:20Z
945,1891,4,Clinical Express,CLS000000001891,in_transit,,,23.01,2026-05-10T03:46:58Z,,2026-05-13T09:49:20Z
946,1892,22,CryoLine,CLS000000001892,delivered,,,15.73,2026-05-06T13:24:48Z,2026-05-12T21:42:49Z,2026-05-13T09:49:20Z
947,1893,25,TrialFreight,CLS000000001893,delivered,,,5.41,2026-05-07T07:50:41Z,2026-05-11T17:25:25Z,2026-05-13T09:49:20Z
948,1894,10,SafeTemp,CLS000000001894,delivered,,,10.53,2026-05-09T10:35:28Z,2026-05-13T01:00:43Z,2026-05-13T09:49:20Z
949,1899,10,Clinical Express,CLS000000001899,in_transit,,,7.83,2026-05-06T15:56:25Z,,2026-05-13T09:49:20Z
950,1900,5,CryoLine,CLS000000001900,delivered,,,13.18,2026-05-11T03:20:56Z,2026-05-13T06:15:15Z,2026-05-13T09:49:20Z
951,1901,10,TrialFreight,CLS000000001901,delivered,,,9.47,2026-05-07T17:14:39Z,2026-05-12T00:06:08Z,2026-05-13T09:49:20Z
952,1902,21,SafeTemp,CLS000000001902,delivered,,,16.48,2026-05-04T07:43:52Z,2026-05-12T15:01:20Z,2026-05-13T09:49:20Z
953,1907,7,Clinical Express,CLS000000001907,in_transit,,,17.96,2026-05-11T00:21:46Z,,2026-05-13T09:49:20Z
954,1908,30,CryoLine,CLS000000001908,delivered,,,5.86,2026-05-06T16:34:00Z,2026-05-12T22:09:04Z,2026-05-13T09:49:20Z
955,1909,1,TrialFreight,CLS000000001909,delivered,,,11.52,2026-05-08T15:19:51Z,2026-05-13T00:49:45Z,2026-05-13T09:49:20Z
956,1910,27,SafeTemp,CLS000000001910,delivered,,,5.51,2026-05-08T22:18:00Z,2026-05-12T17:46:11Z,2026-05-13T09:49:20Z
957,1915,20,Clinical Express,CLS000000001915,in_transit,,,9.95,2026-05-03T22:18:08Z,,2026-05-13T09:49:20Z
958,1916,25,CryoLine,CLS000000001916,delivered,,,24.37,2026-05-11T06:50:42Z,2026-05-12T09:30:50Z,2026-05-13T09:49:20Z
959,1917,23,TrialFreight,CLS000000001917,delivered,,,21.94,2026-05-06T13:07:51Z,2026-05-12T11:30:37Z,2026-05-13T09:49:20Z
960,1918,3,SafeTemp,CLS000000001918,delivered,,,22.13,2026-05-04T05:30:53Z,2026-05-13T09:25:06Z,2026-05-13T09:49:20Z
961,1923,28,Clinical Express,CLS000000001923,in_transit,,,8.44,2026-05-05T10:17:26Z,,2026-05-13T09:49:20Z
962,1924,5,CryoLine,CLS000000001924,delivered,,,17.24,2026-05-09T08:54:22Z,2026-05-12T17:38:48Z,2026-05-13T09:49:20Z
963,1925,5,TrialFreight,CLS000000001925,delivered,,,11.85,2026-05-07T02:39:26Z,2026-05-11T23:02:09Z,2026-05-13T09:49:20Z
964,1926,14,SafeTemp,CLS000000001926,delivered,,,8.99,2026-05-10T17:39:50Z,2026-05-12T05:14:02Z,2026-05-13T09:49:20Z
965,1931,23,Clinical Express,CLS000000001931,in_transit,,,12.91,2026-05-04T17:23:15Z,,2026-05-13T09:49:20Z
966,1932,4,CryoLine,CLS000000001932,delivered,,,16.27,2026-05-12T07:30:41Z,2026-05-12T20:31:09Z,2026-05-13T09:49:20Z
967,1933,15,TrialFreight,CLS000000001933,delivered,,,23.07,2026-05-12T06:09:40Z,2026-05-12T15:25:00Z,2026-05-13T09:49:20Z
968,1934,29,SafeTemp,CLS000000001934,delivered,,,5.6,2026-05-05T22:41:22Z,2026-05-12T11:26:59Z,2026-05-13T09:49:20Z
969,1939,23,Clinical Express,CLS000000001939,in_transit,,,14.37,2026-05-07T05:53:30Z,,2026-05-13T09:49:20Z
970,1940,14,CryoLine,CLS000000001940,delivered,,,20.55,2026-05-08T16:49:38Z,2026-05-13T01:02:49Z,2026-05-13T09:49:20Z
971,1941,7,TrialFreight,CLS000000001941,delivered,,,20.68,2026-05-11T05:36:14Z,2026-05-12T02:23:05Z,2026-05-13T09:49:20Z
972,1942,29,SafeTemp,CLS000000001942,delivered,,,18.57,2026-05-11T08:53:11Z,2026-05-11T18:49:16Z,2026-05-13T09:49:20Z
973,1947,7,Clinical Express,CLS000000001947,in_transit,,,14.49,2026-05-08T00:00:01Z,,2026-05-13T09:49:20Z
974,1948,8,CryoLine,CLS000000001948,delivered,,,13.44,2026-05-07T14:36:40Z,2026-05-11T12:45:29Z,2026-05-13T09:49:20Z
975,1949,11,TrialFreight,CLS000000001949,delivered,,,9.53,2026-05-04T04:51:44Z,2026-05-12T07:22:34Z,2026-05-13T09:49:20Z
976,1950,28,SafeTemp,CLS000000001950,delivered,,,13.18,2026-05-11T02:35:21Z,2026-05-12T00:28:21Z,2026-05-13T09:49:20Z
977,1955,3,Clinical Express,CLS000000001955,in_transit,,,13.78,2026-05-10T13:34:13Z,,2026-05-13T09:49:20Z
978,1956,14,CryoLine,CLS000000001956,delivered,,,19.04,2026-05-08T16:39:03Z,2026-05-11T14:01:36Z,2026-05-13T09:49:20Z
979,1957,21,TrialFreight,CLS000000001957,delivered,,,17.22,2026-05-11T16:58:06Z,2026-05-11T20:19:02Z,2026-05-13T09:49:20Z
980,1958,10,SafeTemp,CLS000000001958,delivered,,,16.15,2026-05-12T05:18:37Z,2026-05-13T06:51:59Z,2026-05-13T09:49:20Z
981,1963,2,Clinical Express,CLS000000001963,in_transit,,,14.06,2026-05-04T16:54:09Z,,2026-05-13T09:49:20Z
982,1964,11,CryoLine,CLS000000001964,delivered,,,10.41,2026-05-06T20:59:10Z,2026-05-13T02:43:12Z,2026-05-13T09:49:20Z
983,1965,3,TrialFreight,CLS000000001965,delivered,,,13.95,2026-05-10T10:24:27Z,2026-05-11T14:59:22Z,2026-05-13T09:49:20Z
984,1966,3,SafeTemp,CLS000000001966,delivered,,,12.03,2026-05-11T02:05:50Z,2026-05-11T11:49:02Z,2026-05-13T09:49:20Z
985,1971,14,Clinical Express,CLS000000001971,in_transit,,,16.11,2026-05-07T13:08:59Z,,2026-05-13T09:49:20Z
986,1972,7,CryoLine,CLS000000001972,delivered,,,18.09,2026-05-06T04:08:13Z,2026-05-13T07:10:37Z,2026-05-13T09:49:20Z
987,1973,28,TrialFreight,CLS000000001973,delivered,,,21.02,2026-05-08T04:52:07Z,2026-05-12T23:57:39Z,2026-05-13T09:49:20Z
988,1974,3,SafeTemp,CLS000000001974,delivered,,,8.27,2026-05-11T21:42:44Z,2026-05-11T20:38:10Z,2026-05-13T09:49:20Z
989,1979,20,Clinical Express,CLS000000001979,in_transit,,,14.74,2026-05-03T10:33:36Z,,2026-05-13T09:49:20Z
990,1980,10,CryoLine,CLS000000001980,delivered,,,21.72,2026-05-05T07:07:22Z,2026-05-12T05:12:31Z,2026-05-13T09:49:20Z
991,1981,20,TrialFreight,CLS000000001981,delivered,,,6.51,2026-05-11T05:45:55Z,2026-05-12T09:35:41Z,2026-05-13T09:49:20Z
992,1982,16,SafeTemp,CLS000000001982,delivered,,,10.04,2026-05-09T08:15:00Z,2026-05-12T00:51:56Z,2026-05-13T09:49:20Z
993,1987,7,Clinical Express,CLS000000001987,in_transit,,,19.65,2026-05-10T01:06:07Z,,2026-05-13T09:49:20Z
994,1988,11,CryoLine,CLS000000001988,delivered,,,20.74,2026-05-08T03:22:30Z,2026-05-12T09:26:00Z,2026-05-13T09:49:20Z
995,1989,12,TrialFreight,CLS000000001989,delivered,,,7.3,2026-05-07T08:17:20Z,2026-05-11T15:08:49Z,2026-05-13T09:49:20Z
996,1990,24,SafeTemp,CLS000000001990,delivered,,,14.41,2026-05-05T10:06:39Z,2026-05-12T23:22:55Z,2026-05-13T09:49:20Z
997,1995,30,Clinical Express,CLS000000001995,in_transit,,,17.99,2026-05-06T17:12:08Z,,2026-05-13T09:49:20Z
998,1996,15,CryoLine,CLS000000001996,delivered,,,11.86,2026-05-07T05:12:57Z,2026-05-13T05:53:38Z,2026-05-13T09:49:20Z
999,1997,11,TrialFreight,CLS000000001997,delivered,,,11.34,2026-05-08T06:13:48Z,2026-05-12T15:26:45Z,2026-05-13T09:49:20Z
1000,1998,5,SafeTemp,CLS000000001998,delivered,,,24.59,2026-05-05T06:59:13Z,2026-05-11T17:01:35Z,2026-05-13T09:49:20Z
1001,2003,21,Clinical Express,CLS000000002003,in_transit,,,6.06,2026-05-08T16:19:01Z,,2026-05-13T09:49:20Z
1002,2004,22,CryoLine,CLS000000002004,delivered,,,10.54,2026-05-10T00:26:54Z,2026-05-12T07:30:03Z,2026-05-13T09:49:20Z
1003,2005,1,TrialFreight,CLS000000002005,delivered,,,15.63,2026-05-10T19:15:28Z,2026-05-13T02:03:15Z,2026-05-13T09:49:20Z
1004,2006,17,SafeTemp,CLS000000002006,delivered,,,23.37,2026-05-08T16:12:05Z,2026-05-13T07:38:23Z,2026-05-13T09:49:20Z
1005,2011,7,Clinical Express,CLS000000002011,in_transit,,,5.12,2026-05-11T19:38:01Z,,2026-05-13T09:49:20Z
1006,2012,27,CryoLine,CLS000000002012,delivered,,,24.12,2026-05-11T03:08:47Z,2026-05-11T14:46:50Z,2026-05-13T09:49:20Z
1007,2013,15,TrialFreight,CLS000000002013,delivered,,,18.62,2026-05-03T10:28:46Z,2026-05-13T04:17:37Z,2026-05-13T09:49:20Z
1008,2014,14,SafeTemp,CLS000000002014,delivered,,,16.69,2026-05-05T19:22:04Z,2026-05-11T19:27:41Z,2026-05-13T09:49:20Z
1009,2019,13,Clinical Express,CLS000000002019,in_transit,,,5.53,2026-05-03T20:00:43Z,,2026-05-13T09:49:20Z
1010,2020,7,CryoLine,CLS000000002020,delivered,,,11.92,2026-05-10T04:24:49Z,2026-05-11T13:58:56Z,2026-05-13T09:49:20Z
1011,2021,18,TrialFreight,CLS000000002021,delivered,,,8.27,2026-05-09T05:51:23Z,2026-05-13T09:42:11Z,2026-05-13T09:49:20Z
1012,2022,29,SafeTemp,CLS000000002022,delivered,,,10.92,2026-05-07T01:07:09Z,2026-05-12T15:43:12Z,2026-05-13T09:49:20Z
1013,2027,7,Clinical Express,CLS000000002027,in_transit,,,12.14,2026-05-10T22:25:29Z,,2026-05-13T09:49:20Z
1014,2028,12,CryoLine,CLS000000002028,delivered,,,15.14,2026-05-07T05:14:50Z,2026-05-12T06:08:40Z,2026-05-13T09:49:20Z
1015,2029,29,TrialFreight,CLS000000002029,delivered,,,20.99,2026-05-07T10:42:47Z,2026-05-12T20:00:25Z,2026-05-13T09:49:20Z
1016,2030,3,SafeTemp,CLS000000002030,delivered,,,24.61,2026-05-09T05:25:53Z,2026-05-11T21:28:38Z,2026-05-13T09:49:20Z
1017,2035,3,Clinical Express,CLS000000002035,in_transit,,,12.5,2026-05-03T17:59:00Z,,2026-05-13T09:49:20Z
1018,2036,10,CryoLine,CLS000000002036,delivered,,,11.69,2026-05-11T05:42:16Z,2026-05-12T22:21:14Z,2026-05-13T09:49:20Z
1019,2037,11,TrialFreight,CLS000000002037,delivered,,,16.52,2026-05-06T03:08:14Z,2026-05-12T13:10:38Z,2026-05-13T09:49:20Z
1020,2038,25,SafeTemp,CLS000000002038,delivered,,,19.4,2026-05-04T19:14:02Z,2026-05-12T15:33:24Z,2026-05-13T09:49:20Z
1021,2043,22,Clinical Express,CLS000000002043,in_transit,,,9.93,2026-05-03T23:34:11Z,,2026-05-13T09:49:20Z
1022,2044,4,CryoLine,CLS000000002044,delivered,,,14.72,2026-05-08T15:36:34Z,2026-05-11T11:33:56Z,2026-05-13T09:49:20Z
1023,2045,20,TrialFreight,CLS000000002045,delivered,,,24.82,2026-05-09T08:28:27Z,2026-05-13T03:47:52Z,2026-05-13T09:49:20Z
1024,2046,11,SafeTemp,CLS000000002046,delivered,,,22.66,2026-05-05T15:57:10Z,2026-05-12T00:00:49Z,2026-05-13T09:49:20Z
1025,2051,28,Clinical Express,CLS000000002051,in_transit,,,23.79,2026-05-11T07:03:26Z,,2026-05-13T09:49:20Z
1026,2052,29,CryoLine,CLS000000002052,delivered,,,23.27,2026-05-08T18:41:25Z,2026-05-12T22:09:23Z,2026-05-13T09:49:20Z
1027,2053,3,TrialFreight,CLS000000002053,delivered,,,14.14,2026-05-06T08:04:43Z,2026-05-13T03:20:28Z,2026-05-13T09:49:20Z
1028,2054,15,SafeTemp,CLS000000002054,delivered,,,21.78,2026-05-11T03:18:30Z,2026-05-13T01:19:00Z,2026-05-13T09:49:20Z
1029,2059,14,Clinical Express,CLS000000002059,in_transit,,,22.02,2026-05-04T19:56:54Z,,2026-05-13T09:49:20Z
1030,2060,20,CryoLine,CLS000000002060,delivered,,,17.33,2026-05-10T16:48:52Z,2026-05-12T03:48:28Z,2026-05-13T09:49:20Z
1031,2061,18,TrialFreight,CLS000000002061,delivered,,,17.61,2026-05-07T21:31:33Z,2026-05-12T05:05:50Z,2026-05-13T09:49:20Z
1032,2062,3,SafeTemp,CLS000000002062,delivered,,,21.19,2026-05-07T21:30:23Z,2026-05-13T07:15:45Z,2026-05-13T09:49:20Z
1033,2067,24,Clinical Express,CLS000000002067,in_transit,,,13.09,2026-05-09T15:33:50Z,,2026-05-13T09:49:20Z
1034,2068,15,CryoLine,CLS000000002068,delivered,,,19.13,2026-05-04T21:18:30Z,2026-05-12T11:30:47Z,2026-05-13T09:49:20Z
1035,2069,3,TrialFreight,CLS000000002069,delivered,,,22.25,2026-05-10T08:20:52Z,2026-05-13T07:26:46Z,2026-05-13T09:49:20Z
1036,2070,8,SafeTemp,CLS000000002070,delivered,,,7.63,2026-05-07T23:51:56Z,2026-05-11T18:09:33Z,2026-05-13T09:49:20Z
1037,2075,11,Clinical Express,CLS000000002075,in_transit,,,9.41,2026-05-03T21:36:15Z,,2026-05-13T09:49:20Z
1038,2076,15,CryoLine,CLS000000002076,delivered,,,15.62,2026-05-06T14:09:26Z,2026-05-12T23:01:06Z,2026-05-13T09:49:20Z
1039,2077,17,TrialFreight,CLS000000002077,delivered,,,14.65,2026-05-06T15:24:50Z,2026-05-12T04:23:44Z,2026-05-13T09:49:20Z
1040,2078,20,SafeTemp,CLS000000002078,delivered,,,22.02,2026-05-05T20:17:13Z,2026-05-12T21:03:01Z,2026-05-13T09:49:20Z
1041,2083,27,Clinical Express,CLS000000002083,in_transit,,,17.06,2026-05-03T11:14:05Z,,2026-05-13T09:49:20Z
1042,2084,12,CryoLine,CLS000000002084,delivered,,,20.5,2026-05-11T12:38:09Z,2026-05-11T23:08:15Z,2026-05-13T09:49:20Z
1043,2085,9,TrialFreight,CLS000000002085,delivered,,,12.91,2026-05-05T12:30:35Z,2026-05-12T19:33:50Z,2026-05-13T09:49:20Z
1044,2086,14,SafeTemp,CLS000000002086,delivered,,,17.68,2026-05-05T09:27:14Z,2026-05-12T07:01:52Z,2026-05-13T09:49:20Z
1045,2091,17,Clinical Express,CLS000000002091,in_transit,,,15.11,2026-05-11T04:16:45Z,,2026-05-13T09:49:20Z
1046,2092,7,CryoLine,CLS000000002092,delivered,,,16.97,2026-05-06T18:57:29Z,2026-05-11T18:20:36Z,2026-05-13T09:49:20Z
1047,2093,25,TrialFreight,CLS000000002093,delivered,,,5.1,2026-05-05T11:19:08Z,2026-05-12T18:52:04Z,2026-05-13T09:49:20Z
1048,2094,18,SafeTemp,CLS000000002094,delivered,,,17.6,2026-05-04T19:02:56Z,2026-05-12T05:41:48Z,2026-05-13T09:49:20Z
1049,2099,4,Clinical Express,CLS000000002099,in_transit,,,8.41,2026-05-10T14:49:03Z,,2026-05-13T09:49:20Z
1050,2100,11,CryoLine,CLS000000002100,delivered,,,7.31,2026-05-10T01:41:54Z,2026-05-11T18:14:28Z,2026-05-13T09:49:20Z
1051,2101,23,TrialFreight,CLS000000002101,delivered,,,23.99,2026-05-07T10:00:44Z,2026-05-12T15:22:15Z,2026-05-13T09:49:20Z
1052,2102,13,SafeTemp,CLS000000002102,delivered,,,6.95,2026-05-05T12:43:42Z,2026-05-11T18:18:30Z,2026-05-13T09:49:20Z
1053,2107,4,Clinical Express,CLS000000002107,in_transit,,,18.9,2026-05-12T05:43:06Z,,2026-05-13T09:49:20Z
1054,2108,3,CryoLine,CLS000000002108,delivered,,,8.77,2026-05-11T06:37:26Z,2026-05-13T07:09:55Z,2026-05-13T09:49:20Z
1055,2109,24,TrialFreight,CLS000000002109,delivered,,,22.6,2026-05-06T15:55:44Z,2026-05-11T14:29:02Z,2026-05-13T09:49:20Z
1056,2110,15,SafeTemp,CLS000000002110,delivered,,,21.21,2026-05-07T18:01:18Z,2026-05-12T22:41:09Z,2026-05-13T09:49:20Z
1057,2115,5,Clinical Express,CLS000000002115,in_transit,,,18.25,2026-05-05T15:53:04Z,,2026-05-13T09:49:20Z
1058,2116,6,CryoLine,CLS000000002116,delivered,,,23.8,2026-05-11T14:49:38Z,2026-05-12T19:45:27Z,2026-05-13T09:49:20Z
1059,2117,28,TrialFreight,CLS000000002117,delivered,,,23.73,2026-05-04T02:18:20Z,2026-05-13T08:11:22Z,2026-05-13T09:49:20Z
1060,2118,19,SafeTemp,CLS000000002118,delivered,,,20.16,2026-05-09T14:51:03Z,2026-05-12T21:49:48Z,2026-05-13T09:49:20Z
1061,2123,11,Clinical Express,CLS000000002123,in_transit,,,14.99,2026-05-04T01:53:31Z,,2026-05-13T09:49:20Z
1062,2124,7,CryoLine,CLS000000002124,delivered,,,20.68,2026-05-08T00:11:48Z,2026-05-12T17:55:19Z,2026-05-13T09:49:20Z
1063,2125,29,TrialFreight,CLS000000002125,delivered,,,9.57,2026-05-07T16:39:29Z,2026-05-12T02:12:30Z,2026-05-13T09:49:20Z
1064,2126,1,SafeTemp,CLS000000002126,delivered,,,23.84,2026-05-08T08:16:37Z,2026-05-12T23:16:07Z,2026-05-13T09:49:20Z
1065,2131,26,Clinical Express,CLS000000002131,in_transit,,,6.41,2026-05-04T05:38:29Z,,2026-05-13T09:49:20Z
1066,2132,1,CryoLine,CLS000000002132,delivered,,,14.12,2026-05-07T17:43:55Z,2026-05-12T19:45:31Z,2026-05-13T09:49:20Z
1067,2133,29,TrialFreight,CLS000000002133,delivered,,,23.32,2026-05-09T05:39:04Z,2026-05-11T10:50:17Z,2026-05-13T09:49:20Z
1068,2134,1,SafeTemp,CLS000000002134,delivered,,,24.52,2026-05-03T22:25:13Z,2026-05-12T04:01:45Z,2026-05-13T09:49:20Z
1069,2139,25,Clinical Express,CLS000000002139,in_transit,,,18.6,2026-05-07T17:38:51Z,,2026-05-13T09:49:20Z
1070,2140,25,CryoLine,CLS000000002140,delivered,,,15.46,2026-05-05T04:51:56Z,2026-05-11T22:55:28Z,2026-05-13T09:49:20Z
1071,2141,8,TrialFreight,CLS000000002141,delivered,,,9.87,2026-05-09T01:35:09Z,2026-05-12T18:17:46Z,2026-05-13T09:49:20Z
1072,2142,26,SafeTemp,CLS000000002142,delivered,,,7.97,2026-05-11T11:17:52Z,2026-05-12T04:08:57Z,2026-05-13T09:49:20Z
1073,2147,21,Clinical Express,CLS000000002147,in_transit,,,7.31,2026-05-07T06:30:19Z,,2026-05-13T09:49:20Z
1074,2148,3,CryoLine,CLS000000002148,delivered,,,12.9,2026-05-11T23:59:41Z,2026-05-13T07:44:35Z,2026-05-13T09:49:20Z
1075,2149,11,TrialFreight,CLS000000002149,delivered,,,19.59,2026-05-11T17:37:19Z,2026-05-13T04:25:18Z,2026-05-13T09:49:20Z
1076,2150,14,SafeTemp,CLS000000002150,delivered,,,23.56,2026-05-08T19:54:26Z,2026-05-12T20:14:45Z,2026-05-13T09:49:20Z
1077,2155,10,Clinical Express,CLS000000002155,in_transit,,,18.22,2026-05-11T22:47:43Z,,2026-05-13T09:49:20Z
1078,2156,7,CryoLine,CLS000000002156,delivered,,,7.23,2026-05-07T03:38:29Z,2026-05-11T17:16:54Z,2026-05-13T09:49:20Z
1079,2157,4,TrialFreight,CLS000000002157,delivered,,,10.88,2026-05-10T15:26:35Z,2026-05-13T05:05:45Z,2026-05-13T09:49:20Z
1080,2158,15,SafeTemp,CLS000000002158,delivered,,,13.72,2026-05-07T05:21:26Z,2026-05-12T15:33:21Z,2026-05-13T09:49:20Z
1081,2163,23,Clinical Express,CLS000000002163,in_transit,,,9.52,2026-05-06T10:25:24Z,,2026-05-13T09:49:20Z
1082,2164,18,CryoLine,CLS000000002164,delivered,,,12.73,2026-05-06T12:46:33Z,2026-05-12T13:32:20Z,2026-05-13T09:49:20Z
1083,2165,21,TrialFreight,CLS000000002165,delivered,,,10.36,2026-05-08T00:45:53Z,2026-05-12T08:14:41Z,2026-05-13T09:49:20Z
1084,2166,27,SafeTemp,CLS000000002166,delivered,,,14.07,2026-05-05T13:42:34Z,2026-05-13T01:57:34Z,2026-05-13T09:49:20Z
1085,2171,30,Clinical Express,CLS000000002171,in_transit,,,15.49,2026-05-10T06:58:44Z,,2026-05-13T09:49:20Z
1086,2172,16,CryoLine,CLS000000002172,delivered,,,9.56,2026-05-04T02:42:14Z,2026-05-11T18:34:19Z,2026-05-13T09:49:20Z
1087,2173,3,TrialFreight,CLS000000002173,delivered,,,21.11,2026-05-06T06:16:56Z,2026-05-12T10:02:12Z,2026-05-13T09:49:20Z
1088,2174,9,SafeTemp,CLS000000002174,delivered,,,21.19,2026-05-07T17:48:02Z,2026-05-12T02:38:14Z,2026-05-13T09:49:20Z
1089,2179,15,Clinical Express,CLS000000002179,in_transit,,,20.44,2026-05-05T05:16:55Z,,2026-05-13T09:49:20Z
1090,2180,28,CryoLine,CLS000000002180,delivered,,,13.2,2026-05-06T01:32:36Z,2026-05-13T09:17:40Z,2026-05-13T09:49:20Z
1091,2181,21,TrialFreight,CLS000000002181,delivered,,,22.89,2026-05-08T17:58:31Z,2026-05-11T11:20:04Z,2026-05-13T09:49:20Z
1092,2182,20,SafeTemp,CLS000000002182,delivered,,,18.8,2026-05-06T14:05:23Z,2026-05-13T04:54:45Z,2026-05-13T09:49:20Z
1093,2187,16,Clinical Express,CLS000000002187,in_transit,,,5.34,2026-05-03T18:23:14Z,,2026-05-13T09:49:20Z
1094,2188,5,CryoLine,CLS000000002188,delivered,,,6.23,2026-05-09T17:33:11Z,2026-05-11T23:38:03Z,2026-05-13T09:49:20Z
1095,2189,18,TrialFreight,CLS000000002189,delivered,,,20.17,2026-05-04T06:39:25Z,2026-05-13T06:35:46Z,2026-05-13T09:49:20Z
1096,2190,8,SafeTemp,CLS000000002190,delivered,,,7.21,2026-05-11T11:56:49Z,2026-05-11T12:25:11Z,2026-05-13T09:49:20Z
1097,2195,19,Clinical Express,CLS000000002195,in_transit,,,11.56,2026-05-07T12:52:28Z,,2026-05-13T09:49:20Z
1098,2196,15,CryoLine,CLS000000002196,delivered,,,10.06,2026-05-07T18:28:27Z,2026-05-12T07:38:08Z,2026-05-13T09:49:20Z
1099,2197,12,TrialFreight,CLS000000002197,delivered,,,22.31,2026-05-07T18:50:16Z,2026-05-12T08:24:55Z,2026-05-13T09:49:20Z
1100,2198,4,SafeTemp,CLS000000002198,delivered,,,21.41,2026-05-11T08:09:22Z,2026-05-12T13:22:49Z,2026-05-13T09:49:20Z
1101,2203,2,Clinical Express,CLS000000002203,in_transit,,,7.18,2026-05-04T20:58:28Z,,2026-05-13T09:49:20Z
1102,2204,11,CryoLine,CLS000000002204,delivered,,,10.6,2026-05-04T14:32:56Z,2026-05-13T04:32:51Z,2026-05-13T09:49:20Z
1103,2205,17,TrialFreight,CLS000000002205,delivered,,,22.29,2026-05-09T21:36:44Z,2026-05-13T09:21:09Z,2026-05-13T09:49:20Z
1104,2206,8,SafeTemp,CLS000000002206,delivered,,,12.96,2026-05-09T17:10:58Z,2026-05-11T18:22:52Z,2026-05-13T09:49:20Z
1105,2211,29,Clinical Express,CLS000000002211,in_transit,,,13.69,2026-05-10T16:14:46Z,,2026-05-13T09:49:20Z
1106,2212,26,CryoLine,CLS000000002212,delivered,,,5.55,2026-05-06T03:36:29Z,2026-05-11T23:29:22Z,2026-05-13T09:49:20Z
1107,2213,20,TrialFreight,CLS000000002213,delivered,,,10.31,2026-05-10T17:28:52Z,2026-05-12T16:20:24Z,2026-05-13T09:49:20Z
1108,2214,28,SafeTemp,CLS000000002214,delivered,,,8.28,2026-05-07T21:56:39Z,2026-05-11T17:18:47Z,2026-05-13T09:49:20Z
1109,2219,23,Clinical Express,CLS000000002219,in_transit,,,17.46,2026-05-07T22:41:21Z,,2026-05-13T09:49:20Z
1110,2220,14,CryoLine,CLS000000002220,delivered,,,9.18,2026-05-12T04:19:46Z,2026-05-12T16:18:31Z,2026-05-13T09:49:20Z
1111,2221,11,TrialFreight,CLS000000002221,delivered,,,9.96,2026-05-10T17:07:30Z,2026-05-12T12:45:38Z,2026-05-13T09:49:20Z
1112,2222,24,SafeTemp,CLS000000002222,delivered,,,5.79,2026-05-04T20:19:16Z,2026-05-11T16:03:46Z,2026-05-13T09:49:20Z
1113,2227,13,Clinical Express,CLS000000002227,in_transit,,,20.37,2026-05-09T07:50:28Z,,2026-05-13T09:49:20Z
1114,2228,18,CryoLine,CLS000000002228,delivered,,,15.08,2026-05-05T17:23:15Z,2026-05-12T15:26:15Z,2026-05-13T09:49:20Z
1115,2229,22,TrialFreight,CLS000000002229,delivered,,,9.89,2026-05-07T21:56:39Z,2026-05-11T20:30:30Z,2026-05-13T09:49:20Z
1116,2230,26,SafeTemp,CLS000000002230,delivered,,,21.24,2026-05-08T15:48:15Z,2026-05-11T19:35:02Z,2026-05-13T09:49:20Z
1117,2235,30,Clinical Express,CLS000000002235,in_transit,,,10.4,2026-05-07T14:21:06Z,,2026-05-13T09:49:20Z
1118,2236,22,CryoLine,CLS000000002236,delivered,,,13.68,2026-05-12T01:37:33Z,2026-05-13T07:37:02Z,2026-05-13T09:49:20Z
1119,2237,25,TrialFreight,CLS000000002237,delivered,,,22.04,2026-05-07T18:48:06Z,2026-05-13T03:10:41Z,2026-05-13T09:49:20Z
1120,2238,3,SafeTemp,CLS000000002238,delivered,,,20.04,2026-05-06T21:21:33Z,2026-05-12T18:07:09Z,2026-05-13T09:49:20Z
1121,2243,15,Clinical Express,CLS000000002243,in_transit,,,5.38,2026-05-12T02:28:09Z,,2026-05-13T09:49:20Z
1122,2244,24,CryoLine,CLS000000002244,delivered,,,7.23,2026-05-04T19:54:17Z,2026-05-12T19:07:38Z,2026-05-13T09:49:20Z
1123,2245,27,TrialFreight,CLS000000002245,delivered,,,13.12,2026-05-04T08:14:29Z,2026-05-12T13:49:26Z,2026-05-13T09:49:20Z
1124,2246,10,SafeTemp,CLS000000002246,delivered,,,24.44,2026-05-03T19:45:15Z,2026-05-13T04:47:03Z,2026-05-13T09:49:20Z
1125,2251,29,Clinical Express,CLS000000002251,in_transit,,,6.19,2026-05-08T15:45:08Z,,2026-05-13T09:49:20Z
1126,2252,9,CryoLine,CLS000000002252,delivered,,,21.97,2026-05-11T00:12:47Z,2026-05-11T10:40:16Z,2026-05-13T09:49:20Z
1127,2253,13,TrialFreight,CLS000000002253,delivered,,,14.37,2026-05-09T09:44:33Z,2026-05-12T01:33:40Z,2026-05-13T09:49:20Z
1128,2254,19,SafeTemp,CLS000000002254,delivered,,,20.41,2026-05-12T02:26:49Z,2026-05-12T08:24:38Z,2026-05-13T09:49:20Z
1129,2259,14,Clinical Express,CLS000000002259,in_transit,,,14.92,2026-05-06T19:44:17Z,,2026-05-13T09:49:20Z
1130,2260,25,CryoLine,CLS000000002260,delivered,,,16,2026-05-07T05:02:06Z,2026-05-12T17:52:14Z,2026-05-13T09:49:20Z
1131,2261,28,TrialFreight,CLS000000002261,delivered,,,20.13,2026-05-05T12:59:13Z,2026-05-12T11:52:45Z,2026-05-13T09:49:20Z
1132,2262,18,SafeTemp,CLS000000002262,delivered,,,17.98,2026-05-11T18:14:45Z,2026-05-12T06:01:13Z,2026-05-13T09:49:20Z
1133,2267,8,Clinical Express,CLS000000002267,in_transit,,,9.68,2026-05-08T20:44:36Z,,2026-05-13T09:49:20Z
1134,2268,7,CryoLine,CLS000000002268,delivered,,,13.87,2026-05-03T11:51:02Z,2026-05-11T23:23:00Z,2026-05-13T09:49:20Z
1135,2269,11,TrialFreight,CLS000000002269,delivered,,,7.59,2026-05-12T02:23:26Z,2026-05-13T00:45:28Z,2026-05-13T09:49:20Z
1136,2270,8,SafeTemp,CLS000000002270,delivered,,,21.5,2026-05-08T07:24:37Z,2026-05-12T23:40:49Z,2026-05-13T09:49:20Z
1137,2275,25,Clinical Express,CLS000000002275,in_transit,,,23.27,2026-05-04T15:39:41Z,,2026-05-13T09:49:20Z
1138,2276,13,CryoLine,CLS000000002276,delivered,,,13.17,2026-05-06T19:50:59Z,2026-05-13T09:09:58Z,2026-05-13T09:49:20Z
1139,2277,30,TrialFreight,CLS000000002277,delivered,,,15.16,2026-05-05T10:45:42Z,2026-05-13T03:16:35Z,2026-05-13T09:49:20Z
1140,2278,7,SafeTemp,CLS000000002278,delivered,,,17.37,2026-05-07T23:57:40Z,2026-05-12T23:23:39Z,2026-05-13T09:49:20Z
1141,2283,17,Clinical Express,CLS000000002283,in_transit,,,20.72,2026-05-05T05:29:54Z,,2026-05-13T09:49:20Z
1142,2284,26,CryoLine,CLS000000002284,delivered,,,6.13,2026-05-11T11:30:07Z,2026-05-12T20:59:14Z,2026-05-13T09:49:20Z
1143,2285,21,TrialFreight,CLS000000002285,delivered,,,16.24,2026-05-10T19:20:38Z,2026-05-12T09:24:02Z,2026-05-13T09:49:20Z
1144,2286,12,SafeTemp,CLS000000002286,delivered,,,11.04,2026-05-04T11:40:53Z,2026-05-11T19:40:09Z,2026-05-13T09:49:20Z
1145,2291,13,Clinical Express,CLS000000002291,in_transit,,,24.37,2026-05-06T02:38:14Z,,2026-05-13T09:49:20Z
1146,2292,26,CryoLine,CLS000000002292,delivered,,,20.34,2026-05-09T14:05:51Z,2026-05-12T08:12:19Z,2026-05-13T09:49:20Z
1147,2293,27,TrialFreight,CLS000000002293,delivered,,,6.12,2026-05-06T11:50:35Z,2026-05-12T00:26:36Z,2026-05-13T09:49:20Z
1148,2294,1,SafeTemp,CLS000000002294,delivered,,,23.93,2026-05-11T18:44:37Z,2026-05-12T09:25:12Z,2026-05-13T09:49:20Z
1149,2299,22,Clinical Express,CLS000000002299,in_transit,,,22.42,2026-05-05T14:18:25Z,,2026-05-13T09:49:20Z
1150,2300,24,CryoLine,CLS000000002300,delivered,,,22.98,2026-05-03T23:14:27Z,2026-05-11T21:29:18Z,2026-05-13T09:49:20Z
1151,2301,5,TrialFreight,CLS000000002301,delivered,,,5.33,2026-05-12T06:18:29Z,2026-05-12T11:03:56Z,2026-05-13T09:49:20Z
1152,2302,11,SafeTemp,CLS000000002302,delivered,,,15.71,2026-05-05T21:16:35Z,2026-05-13T08:10:56Z,2026-05-13T09:49:20Z
1153,2307,8,Clinical Express,CLS000000002307,in_transit,,,13.72,2026-05-12T03:30:51Z,,2026-05-13T09:49:20Z
1154,2308,30,CryoLine,CLS000000002308,delivered,,,15.93,2026-05-06T08:13:16Z,2026-05-11T17:11:15Z,2026-05-13T09:49:20Z
1155,2309,4,TrialFreight,CLS000000002309,delivered,,,11.09,2026-05-08T23:34:34Z,2026-05-12T14:57:46Z,2026-05-13T09:49:20Z
1156,2310,23,SafeTemp,CLS000000002310,delivered,,,19.35,2026-05-09T02:11:50Z,2026-05-11T14:37:22Z,2026-05-13T09:49:20Z
1157,2315,19,Clinical Express,CLS000000002315,in_transit,,,5.68,2026-05-05T19:10:05Z,,2026-05-13T09:49:20Z
1158,2316,6,CryoLine,CLS000000002316,delivered,,,12.46,2026-05-05T12:02:40Z,2026-05-12T10:32:40Z,2026-05-13T09:49:20Z
1159,2317,4,TrialFreight,CLS000000002317,delivered,,,7.3,2026-05-10T01:38:44Z,2026-05-12T01:22:30Z,2026-05-13T09:49:20Z
1160,2318,1,SafeTemp,CLS000000002318,delivered,,,19.99,2026-05-05T14:31:26Z,2026-05-11T11:56:29Z,2026-05-13T09:49:20Z
1161,2323,22,Clinical Express,CLS000000002323,in_transit,,,7.18,2026-05-09T06:11:43Z,,2026-05-13T09:49:20Z
1162,2324,11,CryoLine,CLS000000002324,delivered,,,5.55,2026-05-04T01:46:20Z,2026-05-12T01:12:44Z,2026-05-13T09:49:20Z
1163,2325,15,TrialFreight,CLS000000002325,delivered,,,24.6,2026-05-05T19:13:21Z,2026-05-13T02:44:30Z,2026-05-13T09:49:20Z
1164,2326,13,SafeTemp,CLS000000002326,delivered,,,18.68,2026-05-12T08:33:46Z,2026-05-12T17:16:17Z,2026-05-13T09:49:20Z
1165,2331,25,Clinical Express,CLS000000002331,in_transit,,,12.17,2026-05-11T13:04:18Z,,2026-05-13T09:49:20Z
1166,2332,3,CryoLine,CLS000000002332,delivered,,,14.39,2026-05-07T11:22:20Z,2026-05-12T18:45:54Z,2026-05-13T09:49:20Z
1167,2333,24,TrialFreight,CLS000000002333,delivered,,,13.42,2026-05-05T21:46:39Z,2026-05-12T21:00:01Z,2026-05-13T09:49:20Z
1168,2334,28,SafeTemp,CLS000000002334,delivered,,,8.39,2026-05-06T16:20:55Z,2026-05-12T06:31:29Z,2026-05-13T09:49:20Z
1169,2339,28,Clinical Express,CLS000000002339,in_transit,,,22.29,2026-05-04T10:31:39Z,,2026-05-13T09:49:20Z
1170,2340,20,CryoLine,CLS000000002340,delivered,,,13.02,2026-05-05T19:50:46Z,2026-05-13T05:43:32Z,2026-05-13T09:49:20Z
1171,2341,16,TrialFreight,CLS000000002341,delivered,,,15.73,2026-05-07T08:10:56Z,2026-05-12T08:02:13Z,2026-05-13T09:49:20Z
1172,2342,9,SafeTemp,CLS000000002342,delivered,,,11.32,2026-05-05T04:50:15Z,2026-05-11T22:29:01Z,2026-05-13T09:49:20Z
1173,2347,10,Clinical Express,CLS000000002347,in_transit,,,17.61,2026-05-08T06:17:47Z,,2026-05-13T09:49:20Z
1174,2348,28,CryoLine,CLS000000002348,delivered,,,17.12,2026-05-08T03:39:48Z,2026-05-11T11:00:00Z,2026-05-13T09:49:20Z
1175,2349,8,TrialFreight,CLS000000002349,delivered,,,22.61,2026-05-04T10:48:49Z,2026-05-13T09:44:46Z,2026-05-13T09:49:20Z
1176,2350,12,SafeTemp,CLS000000002350,delivered,,,13.96,2026-05-07T19:33:53Z,2026-05-11T20:15:52Z,2026-05-13T09:49:20Z
1177,2355,22,Clinical Express,CLS000000002355,in_transit,,,5.58,2026-05-03T19:01:00Z,,2026-05-13T09:49:20Z
1178,2356,7,CryoLine,CLS000000002356,delivered,,,7.71,2026-05-11T06:26:32Z,2026-05-12T07:29:43Z,2026-05-13T09:49:20Z
1179,2357,5,TrialFreight,CLS000000002357,delivered,,,15.15,2026-05-06T06:24:07Z,2026-05-13T00:13:21Z,2026-05-13T09:49:20Z
1180,2358,4,SafeTemp,CLS000000002358,delivered,,,23.6,2026-05-11T10:48:15Z,2026-05-13T02:40:55Z,2026-05-13T09:49:20Z
1181,2363,24,Clinical Express,CLS000000002363,in_transit,,,7.33,2026-05-07T05:58:22Z,,2026-05-13T09:49:20Z
1182,2364,4,CryoLine,CLS000000002364,delivered,,,23.73,2026-05-08T12:49:54Z,2026-05-13T00:05:03Z,2026-05-13T09:49:20Z
1183,2365,2,TrialFreight,CLS000000002365,delivered,,,14.44,2026-05-06T07:11:00Z,2026-05-11T19:26:31Z,2026-05-13T09:49:20Z
1184,2366,4,SafeTemp,CLS000000002366,delivered,,,22.38,2026-05-06T14:50:27Z,2026-05-11T10:46:38Z,2026-05-13T09:49:20Z
1185,2371,20,Clinical Express,CLS000000002371,in_transit,,,6.7,2026-05-04T09:02:50Z,,2026-05-13T09:49:20Z
1186,2372,10,CryoLine,CLS000000002372,delivered,,,12.88,2026-05-06T13:35:21Z,2026-05-13T05:27:07Z,2026-05-13T09:49:20Z
1187,2373,20,TrialFreight,CLS000000002373,delivered,,,18.13,2026-05-05T18:03:36Z,2026-05-11T17:44:06Z,2026-05-13T09:49:20Z
1188,2374,3,SafeTemp,CLS000000002374,delivered,,,19.4,2026-05-09T23:10:54Z,2026-05-11T10:08:42Z,2026-05-13T09:49:20Z
1189,2379,22,Clinical Express,CLS000000002379,in_transit,,,12.35,2026-05-03T23:16:34Z,,2026-05-13T09:49:20Z
1190,2380,16,CryoLine,CLS000000002380,delivered,,,24.54,2026-05-05T03:46:58Z,2026-05-11T11:28:00Z,2026-05-13T09:49:20Z
1191,2381,13,TrialFreight,CLS000000002381,delivered,,,8.72,2026-05-06T03:22:03Z,2026-05-11T12:18:14Z,2026-05-13T09:49:20Z
1192,2382,26,SafeTemp,CLS000000002382,delivered,,,12.41,2026-05-08T23:10:02Z,2026-05-11T10:34:32Z,2026-05-13T09:49:20Z
1193,2387,5,Clinical Express,CLS000000002387,in_transit,,,18.32,2026-05-07T15:33:27Z,,2026-05-13T09:49:20Z
1194,2388,3,CryoLine,CLS000000002388,delivered,,,5.9,2026-05-06T18:59:39Z,2026-05-11T22:30:27Z,2026-05-13T09:49:20Z
1195,2389,24,TrialFreight,CLS000000002389,delivered,,,16.75,2026-05-08T16:36:10Z,2026-05-12T15:57:30Z,2026-05-13T09:49:20Z
1196,2390,5,SafeTemp,CLS000000002390,delivered,,,5.11,2026-05-11T23:10:17Z,2026-05-12T19:21:29Z,2026-05-13T09:49:20Z
1197,2395,30,Clinical Express,CLS000000002395,in_transit,,,10.54,2026-05-05T06:55:30Z,,2026-05-13T09:49:20Z
1198,2396,17,CryoLine,CLS000000002396,delivered,,,22.09,2026-05-04T23:03:53Z,2026-05-12T02:19:04Z,2026-05-13T09:49:20Z
1199,2397,23,TrialFreight,CLS000000002397,delivered,,,9.86,2026-05-07T17:03:08Z,2026-05-12T08:20:01Z,2026-05-13T09:49:20Z
1200,2398,14,SafeTemp,CLS000000002398,delivered,,,12.76,2026-05-06T07:34:37Z,2026-05-11T11:11:22Z,2026-05-13T09:49:20Z
1201,2403,23,Clinical Express,CLS000000002403,in_transit,,,8.74,2026-05-11T16:47:44Z,,2026-05-13T09:49:20Z
1202,2404,25,CryoLine,CLS000000002404,delivered,,,8.24,2026-05-06T16:06:45Z,2026-05-11T16:55:37Z,2026-05-13T09:49:20Z
1203,2405,22,TrialFreight,CLS000000002405,delivered,,,22.53,2026-05-06T22:30:59Z,2026-05-12T14:25:33Z,2026-05-13T09:49:20Z
1204,2406,6,SafeTemp,CLS000000002406,delivered,,,18.32,2026-05-08T22:25:27Z,2026-05-12T00:36:36Z,2026-05-13T09:49:20Z
1205,2411,3,Clinical Express,CLS000000002411,in_transit,,,19.4,2026-05-08T13:33:54Z,,2026-05-13T09:49:20Z
1206,2412,7,CryoLine,CLS000000002412,delivered,,,20.76,2026-05-05T21:19:45Z,2026-05-11T13:52:16Z,2026-05-13T09:49:20Z
1207,2413,14,TrialFreight,CLS000000002413,delivered,,,12.05,2026-05-07T13:24:41Z,2026-05-13T04:24:47Z,2026-05-13T09:49:20Z
1208,2414,29,SafeTemp,CLS000000002414,delivered,,,12.7,2026-05-08T04:02:50Z,2026-05-12T17:35:53Z,2026-05-13T09:49:20Z
1209,2419,5,Clinical Express,CLS000000002419,in_transit,,,23.21,2026-05-11T18:29:22Z,,2026-05-13T09:49:20Z
1210,2420,29,CryoLine,CLS000000002420,delivered,,,14.59,2026-05-09T21:23:11Z,2026-05-13T05:50:53Z,2026-05-13T09:49:20Z
1211,2421,5,TrialFreight,CLS000000002421,delivered,,,8.69,2026-05-07T21:09:30Z,2026-05-12T20:24:56Z,2026-05-13T09:49:20Z
1212,2422,24,SafeTemp,CLS000000002422,delivered,,,18.21,2026-05-08T07:09:43Z,2026-05-13T04:47:51Z,2026-05-13T09:49:20Z
1213,2427,28,Clinical Express,CLS000000002427,in_transit,,,14.2,2026-05-04T07:32:46Z,,2026-05-13T09:49:20Z
1214,2428,25,CryoLine,CLS000000002428,delivered,,,17.66,2026-05-06T18:57:21Z,2026-05-13T04:03:21Z,2026-05-13T09:49:20Z
1215,2429,16,TrialFreight,CLS000000002429,delivered,,,5.45,2026-05-08T11:55:09Z,2026-05-12T20:09:22Z,2026-05-13T09:49:20Z
1216,2430,19,SafeTemp,CLS000000002430,delivered,,,22.1,2026-05-11T16:11:41Z,2026-05-13T03:31:12Z,2026-05-13T09:49:20Z
1217,2435,7,Clinical Express,CLS000000002435,in_transit,,,19.08,2026-05-04T18:01:55Z,,2026-05-13T09:49:20Z
1218,2436,20,CryoLine,CLS000000002436,delivered,,,23.2,2026-05-08T03:56:03Z,2026-05-11T14:44:57Z,2026-05-13T09:49:20Z
1219,2437,22,TrialFreight,CLS000000002437,delivered,,,8.3,2026-05-07T21:57:12Z,2026-05-13T06:43:27Z,2026-05-13T09:49:20Z
1220,2438,21,SafeTemp,CLS000000002438,delivered,,,16.96,2026-05-10T03:47:09Z,2026-05-12T07:01:50Z,2026-05-13T09:49:20Z
1221,2443,13,Clinical Express,CLS000000002443,in_transit,,,19.04,2026-05-03T21:21:48Z,,2026-05-13T09:49:20Z
1222,2444,7,CryoLine,CLS000000002444,delivered,,,18.92,2026-05-10T15:19:06Z,2026-05-12T22:32:11Z,2026-05-13T09:49:20Z
1223,2445,14,TrialFreight,CLS000000002445,delivered,,,6.02,2026-05-05T20:01:44Z,2026-05-13T04:42:12Z,2026-05-13T09:49:20Z
1224,2446,30,SafeTemp,CLS000000002446,delivered,,,15.02,2026-05-09T02:29:22Z,2026-05-12T23:21:24Z,2026-05-13T09:49:20Z
1225,2451,11,Clinical Express,CLS000000002451,in_transit,,,20.28,2026-05-06T15:10:50Z,,2026-05-13T09:49:20Z
1226,2452,19,CryoLine,CLS000000002452,delivered,,,14.01,2026-05-07T08:38:14Z,2026-05-12T23:13:43Z,2026-05-13T09:49:20Z
1227,2453,1,TrialFreight,CLS000000002453,delivered,,,23.47,2026-05-10T00:03:12Z,2026-05-11T16:52:39Z,2026-05-13T09:49:20Z
1228,2454,8,SafeTemp,CLS000000002454,delivered,,,13.34,2026-05-07T02:45:22Z,2026-05-12T12:26:56Z,2026-05-13T09:49:20Z
1229,2459,3,Clinical Express,CLS000000002459,in_transit,,,12.45,2026-05-11T13:23:38Z,,2026-05-13T09:49:20Z
1230,2460,28,CryoLine,CLS000000002460,delivered,,,18.27,2026-05-07T11:39:10Z,2026-05-12T02:31:12Z,2026-05-13T09:49:20Z
1231,2461,7,TrialFreight,CLS000000002461,delivered,,,16.38,2026-05-11T21:19:00Z,2026-05-12T06:26:28Z,2026-05-13T09:49:20Z
1232,2462,8,SafeTemp,CLS000000002462,delivered,,,12.25,2026-05-09T15:23:24Z,2026-05-13T00:20:56Z,2026-05-13T09:49:20Z
1233,2467,10,Clinical Express,CLS000000002467,in_transit,,,19.83,2026-05-06T18:37:39Z,,2026-05-13T09:49:20Z
1234,2468,1,CryoLine,CLS000000002468,delivered,,,19.94,2026-05-10T06:27:34Z,2026-05-11T17:10:20Z,2026-05-13T09:49:20Z
1235,2469,11,TrialFreight,CLS000000002469,delivered,,,10.8,2026-05-09T17:26:00Z,2026-05-12T11:48:11Z,2026-05-13T09:49:20Z
1236,2470,16,SafeTemp,CLS000000002470,delivered,,,10.38,2026-05-09T10:25:10Z,2026-05-13T09:27:33Z,2026-05-13T09:49:20Z
1237,2475,1,Clinical Express,CLS000000002475,in_transit,,,13.47,2026-05-09T05:56:02Z,,2026-05-13T09:49:20Z
1238,2476,26,CryoLine,CLS000000002476,delivered,,,6.24,2026-05-11T20:47:00Z,2026-05-12T11:19:34Z,2026-05-13T09:49:20Z
1239,2477,26,TrialFreight,CLS000000002477,delivered,,,5.09,2026-05-07T21:48:38Z,2026-05-13T03:14:04Z,2026-05-13T09:49:20Z
1240,2478,24,SafeTemp,CLS000000002478,delivered,,,19.12,2026-05-07T22:28:03Z,2026-05-12T23:33:11Z,2026-05-13T09:49:20Z
1241,2483,6,Clinical Express,CLS000000002483,in_transit,,,6.11,2026-05-05T20:34:03Z,,2026-05-13T09:49:20Z
1242,2484,9,CryoLine,CLS000000002484,delivered,,,18.71,2026-05-07T07:27:39Z,2026-05-11T11:06:40Z,2026-05-13T09:49:20Z
1243,2485,14,TrialFreight,CLS000000002485,delivered,,,6.75,2026-05-03T15:45:32Z,2026-05-12T01:40:42Z,2026-05-13T09:49:20Z
1244,2486,26,SafeTemp,CLS000000002486,delivered,,,20.22,2026-05-12T00:41:38Z,2026-05-12T20:03:23Z,2026-05-13T09:49:20Z
1245,2491,12,Clinical Express,CLS000000002491,in_transit,,,22.8,2026-05-05T02:36:25Z,,2026-05-13T09:49:20Z
1246,2492,24,CryoLine,CLS000000002492,delivered,,,11.64,2026-05-04T04:57:11Z,2026-05-12T03:51:54Z,2026-05-13T09:49:20Z
1247,2493,2,TrialFreight,CLS000000002493,delivered,,,23.84,2026-05-05T15:54:27Z,2026-05-12T08:32:03Z,2026-05-13T09:49:20Z
1248,2494,2,SafeTemp,CLS000000002494,delivered,,,23.44,2026-05-05T07:58:50Z,2026-05-13T09:45:04Z,2026-05-13T09:49:20Z
1249,2499,12,Clinical Express,CLS000000002499,in_transit,,,10.54,2026-05-07T03:41:53Z,,2026-05-13T09:49:20Z
1250,2500,6,CryoLine,CLS000000002500,delivered,,,13.71,2026-05-10T09:46:39Z,2026-05-12T09:03:27Z,2026-05-13T09:49:20Z
1251,2501,5,TrialFreight,CLS000000002501,delivered,,,10.66,2026-05-04T03:35:14Z,2026-05-12T19:00:07Z,2026-05-13T09:49:20Z
1252,2502,13,SafeTemp,CLS000000002502,delivered,,,23.16,2026-05-11T03:35:31Z,2026-05-11T15:04:06Z,2026-05-13T09:49:20Z
1253,2507,22,Clinical Express,CLS000000002507,in_transit,,,21.27,2026-05-12T06:28:28Z,,2026-05-13T09:49:20Z
1254,2508,7,CryoLine,CLS000000002508,delivered,,,7.23,2026-05-07T00:22:49Z,2026-05-12T04:26:03Z,2026-05-13T09:49:20Z
1255,2509,5,TrialFreight,CLS000000002509,delivered,,,15.27,2026-05-07T09:48:44Z,2026-05-13T02:05:55Z,2026-05-13T09:49:20Z
1256,2510,7,SafeTemp,CLS000000002510,delivered,,,12.5,2026-05-03T13:24:18Z,2026-05-12T05:13:19Z,2026-05-13T09:49:20Z
1257,2515,9,Clinical Express,CLS000000002515,in_transit,,,11.45,2026-05-10T16:09:27Z,,2026-05-13T09:49:20Z
1258,2516,11,CryoLine,CLS000000002516,delivered,,,10.1,2026-05-08T17:13:42Z,2026-05-12T12:33:09Z,2026-05-13T09:49:20Z
1259,2517,8,TrialFreight,CLS000000002517,delivered,,,8.72,2026-05-10T18:28:02Z,2026-05-13T06:42:04Z,2026-05-13T09:49:20Z
1260,2518,20,SafeTemp,CLS000000002518,delivered,,,13.52,2026-05-11T07:04:13Z,2026-05-12T19:00:28Z,2026-05-13T09:49:20Z
1261,2523,10,Clinical Express,CLS000000002523,in_transit,,,22.88,2026-05-08T16:59:47Z,,2026-05-13T09:49:20Z
1262,2524,24,CryoLine,CLS000000002524,delivered,,,19.13,2026-05-11T17:39:57Z,2026-05-13T05:13:31Z,2026-05-13T09:49:20Z
1263,2525,13,TrialFreight,CLS000000002525,delivered,,,8.2,2026-05-04T16:04:44Z,2026-05-13T04:53:13Z,2026-05-13T09:49:20Z
1264,2526,8,SafeTemp,CLS000000002526,delivered,,,13.6,2026-05-06T16:12:29Z,2026-05-11T18:40:22Z,2026-05-13T09:49:20Z
1265,2531,10,Clinical Express,CLS000000002531,in_transit,,,14.65,2026-05-03T11:20:26Z,,2026-05-13T09:49:20Z
1266,2532,7,CryoLine,CLS000000002532,delivered,,,23.82,2026-05-05T07:43:00Z,2026-05-13T09:33:43Z,2026-05-13T09:49:20Z
1267,2533,14,TrialFreight,CLS000000002533,delivered,,,12.27,2026-05-05T07:35:31Z,2026-05-11T21:21:24Z,2026-05-13T09:49:20Z
1268,2534,16,SafeTemp,CLS000000002534,delivered,,,17.59,2026-05-12T01:20:05Z,2026-05-11T20:27:30Z,2026-05-13T09:49:20Z
1269,2539,29,Clinical Express,CLS000000002539,in_transit,,,23.1,2026-05-08T17:00:31Z,,2026-05-13T09:49:20Z
1270,2540,22,CryoLine,CLS000000002540,delivered,,,11.99,2026-05-05T23:29:14Z,2026-05-12T15:21:37Z,2026-05-13T09:49:20Z
1271,2541,2,TrialFreight,CLS000000002541,delivered,,,17.55,2026-05-05T10:20:22Z,2026-05-11T17:26:22Z,2026-05-13T09:49:20Z
1272,2542,14,SafeTemp,CLS000000002542,delivered,,,20.25,2026-05-08T13:41:43Z,2026-05-13T08:38:27Z,2026-05-13T09:49:20Z
1273,2547,25,Clinical Express,CLS000000002547,in_transit,,,17,2026-05-05T14:59:53Z,,2026-05-13T09:49:20Z
1274,2548,27,CryoLine,CLS000000002548,delivered,,,9.98,2026-05-03T13:43:01Z,2026-05-12T06:29:12Z,2026-05-13T09:49:20Z
1275,2549,5,TrialFreight,CLS000000002549,delivered,,,8.17,2026-05-03T14:18:21Z,2026-05-12T01:08:59Z,2026-05-13T09:49:20Z
1276,2550,18,SafeTemp,CLS000000002550,delivered,,,13,2026-05-07T14:07:59Z,2026-05-11T20:10:37Z,2026-05-13T09:49:20Z
1277,2555,4,Clinical Express,CLS000000002555,in_transit,,,10.14,2026-05-04T04:34:06Z,,2026-05-13T09:49:20Z
1278,2556,19,CryoLine,CLS000000002556,delivered,,,17.31,2026-05-12T07:10:21Z,2026-05-11T10:54:26Z,2026-05-13T09:49:20Z
1279,2557,10,TrialFreight,CLS000000002557,delivered,,,5.6,2026-05-03T14:22:48Z,2026-05-11T15:59:07Z,2026-05-13T09:49:20Z
1280,2558,1,SafeTemp,CLS000000002558,delivered,,,13.66,2026-05-09T11:56:34Z,2026-05-13T05:33:44Z,2026-05-13T09:49:20Z
1281,2563,4,Clinical Express,CLS000000002563,in_transit,,,19.83,2026-05-04T05:16:29Z,,2026-05-13T09:49:20Z
1282,2564,18,CryoLine,CLS000000002564,delivered,,,19.3,2026-05-07T06:05:54Z,2026-05-13T06:46:51Z,2026-05-13T09:49:20Z
1283,2565,4,TrialFreight,CLS000000002565,delivered,,,16.26,2026-05-05T14:25:23Z,2026-05-12T17:44:39Z,2026-05-13T09:49:20Z
1284,2566,20,SafeTemp,CLS000000002566,delivered,,,17.04,2026-05-07T13:36:50Z,2026-05-12T14:04:10Z,2026-05-13T09:49:20Z
1285,2571,18,Clinical Express,CLS000000002571,in_transit,,,14,2026-05-04T16:05:56Z,,2026-05-13T09:49:20Z
1286,2572,5,CryoLine,CLS000000002572,delivered,,,19.45,2026-05-09T08:17:13Z,2026-05-13T07:35:35Z,2026-05-13T09:49:20Z
1287,2573,19,TrialFreight,CLS000000002573,delivered,,,6.13,2026-05-09T23:01:31Z,2026-05-11T13:40:56Z,2026-05-13T09:49:20Z
1288,2574,1,SafeTemp,CLS000000002574,delivered,,,9.38,2026-05-10T21:06:27Z,2026-05-13T05:29:19Z,2026-05-13T09:49:20Z
1289,2579,18,Clinical Express,CLS000000002579,in_transit,,,9.69,2026-05-09T11:55:08Z,,2026-05-13T09:49:20Z
1290,2580,21,CryoLine,CLS000000002580,delivered,,,19.43,2026-05-06T07:26:40Z,2026-05-13T03:40:30Z,2026-05-13T09:49:20Z
1291,2581,17,TrialFreight,CLS000000002581,delivered,,,6.62,2026-05-06T14:36:01Z,2026-05-11T15:53:57Z,2026-05-13T09:49:20Z
1292,2582,9,SafeTemp,CLS000000002582,delivered,,,6.61,2026-05-06T20:53:30Z,2026-05-11T14:43:25Z,2026-05-13T09:49:20Z
1293,2587,2,Clinical Express,CLS000000002587,in_transit,,,6.45,2026-05-09T21:25:14Z,,2026-05-13T09:49:20Z
1294,2588,6,CryoLine,CLS000000002588,delivered,,,15.1,2026-05-05T15:28:48Z,2026-05-13T07:07:26Z,2026-05-13T09:49:20Z
1295,2589,22,TrialFreight,CLS000000002589,delivered,,,13.51,2026-05-05T10:29:20Z,2026-05-12T00:05:55Z,2026-05-13T09:49:20Z
1296,2590,5,SafeTemp,CLS000000002590,delivered,,,21.19,2026-05-03T21:55:20Z,2026-05-12T16:37:03Z,2026-05-13T09:49:20Z
1297,2595,11,Clinical Express,CLS000000002595,in_transit,,,22.95,2026-05-04T08:10:09Z,,2026-05-13T09:49:20Z
1298,2596,8,CryoLine,CLS000000002596,delivered,,,12.62,2026-05-07T22:14:09Z,2026-05-12T04:29:26Z,2026-05-13T09:49:20Z
1299,2597,6,TrialFreight,CLS000000002597,delivered,,,22.45,2026-05-11T20:51:15Z,2026-05-11T22:55:43Z,2026-05-13T09:49:20Z
1300,2598,21,SafeTemp,CLS000000002598,delivered,,,7.86,2026-05-04T14:20:28Z,2026-05-11T17:36:31Z,2026-05-13T09:49:20Z
1301,2603,24,Clinical Express,CLS000000002603,in_transit,,,10.7,2026-05-10T04:41:22Z,,2026-05-13T09:49:20Z
1302,2604,2,CryoLine,CLS000000002604,delivered,,,7.57,2026-05-11T04:02:59Z,2026-05-11T22:44:23Z,2026-05-13T09:49:20Z
1303,2605,21,TrialFreight,CLS000000002605,delivered,,,12.67,2026-05-10T23:37:39Z,2026-05-12T14:05:29Z,2026-05-13T09:49:20Z
1304,2606,21,SafeTemp,CLS000000002606,delivered,,,7.46,2026-05-10T12:34:23Z,2026-05-12T19:14:52Z,2026-05-13T09:49:20Z
1305,2611,29,Clinical Express,CLS000000002611,in_transit,,,22.58,2026-05-06T03:24:18Z,,2026-05-13T09:49:20Z
1306,2612,11,CryoLine,CLS000000002612,delivered,,,18.06,2026-05-11T14:29:08Z,2026-05-11T15:05:01Z,2026-05-13T09:49:20Z
1307,2613,22,TrialFreight,CLS000000002613,delivered,,,6.88,2026-05-06T15:28:22Z,2026-05-11T11:23:10Z,2026-05-13T09:49:20Z
1308,2614,17,SafeTemp,CLS000000002614,delivered,,,21.47,2026-05-10T14:47:18Z,2026-05-13T09:09:54Z,2026-05-13T09:49:20Z
1309,2619,10,Clinical Express,CLS000000002619,in_transit,,,21.55,2026-05-04T19:33:09Z,,2026-05-13T09:49:20Z
1310,2620,20,CryoLine,CLS000000002620,delivered,,,16.9,2026-05-11T07:32:14Z,2026-05-13T01:24:59Z,2026-05-13T09:49:20Z
1311,2621,23,TrialFreight,CLS000000002621,delivered,,,9.65,2026-05-03T23:13:35Z,2026-05-12T12:37:12Z,2026-05-13T09:49:20Z
1312,2622,16,SafeTemp,CLS000000002622,delivered,,,5.37,2026-05-10T06:48:24Z,2026-05-11T18:58:21Z,2026-05-13T09:49:20Z
1313,2627,28,Clinical Express,CLS000000002627,in_transit,,,20.05,2026-05-09T16:35:28Z,,2026-05-13T09:49:20Z
1314,2628,22,CryoLine,CLS000000002628,delivered,,,23.45,2026-05-09T14:44:08Z,2026-05-12T14:32:56Z,2026-05-13T09:49:20Z
1315,2629,18,TrialFreight,CLS000000002629,delivered,,,22.75,2026-05-12T09:23:20Z,2026-05-13T06:27:34Z,2026-05-13T09:49:20Z
1316,2630,2,SafeTemp,CLS000000002630,delivered,,,12.4,2026-05-04T10:05:09Z,2026-05-11T22:00:55Z,2026-05-13T09:49:20Z
1317,2635,24,Clinical Express,CLS000000002635,in_transit,,,15.17,2026-05-07T01:53:31Z,,2026-05-13T09:49:20Z
1318,2636,2,CryoLine,CLS000000002636,delivered,,,18.39,2026-05-03T16:16:07Z,2026-05-12T11:26:24Z,2026-05-13T09:49:20Z
1319,2637,30,TrialFreight,CLS000000002637,delivered,,,7.93,2026-05-08T23:11:05Z,2026-05-11T16:49:00Z,2026-05-13T09:49:20Z
1320,2638,30,SafeTemp,CLS000000002638,delivered,,,18.63,2026-05-11T13:36:43Z,2026-05-11T16:19:16Z,2026-05-13T09:49:20Z
1321,2643,29,Clinical Express,CLS000000002643,in_transit,,,5.76,2026-05-04T02:37:51Z,,2026-05-13T09:49:20Z
1322,2644,1,CryoLine,CLS000000002644,delivered,,,7.27,2026-05-06T01:57:30Z,2026-05-12T11:47:30Z,2026-05-13T09:49:20Z
1323,2645,22,TrialFreight,CLS000000002645,delivered,,,17.8,2026-05-09T12:18:35Z,2026-05-12T02:22:12Z,2026-05-13T09:49:20Z
1324,2646,29,SafeTemp,CLS000000002646,delivered,,,18.62,2026-05-06T12:48:45Z,2026-05-12T05:13:15Z,2026-05-13T09:49:20Z
1325,2651,12,Clinical Express,CLS000000002651,in_transit,,,18.37,2026-05-10T20:33:34Z,,2026-05-13T09:49:20Z
1326,2652,7,CryoLine,CLS000000002652,delivered,,,14.34,2026-05-09T16:17:42Z,2026-05-12T23:01:17Z,2026-05-13T09:49:20Z
1327,2653,13,TrialFreight,CLS000000002653,delivered,,,24.55,2026-05-06T13:17:42Z,2026-05-11T13:17:49Z,2026-05-13T09:49:20Z
1328,2654,24,SafeTemp,CLS000000002654,delivered,,,22.42,2026-05-07T17:15:37Z,2026-05-11T13:58:10Z,2026-05-13T09:49:20Z
1329,2659,2,Clinical Express,CLS000000002659,in_transit,,,12.87,2026-05-06T07:34:12Z,,2026-05-13T09:49:20Z
1330,2660,28,CryoLine,CLS000000002660,delivered,,,24.53,2026-05-08T18:56:06Z,2026-05-13T05:55:37Z,2026-05-13T09:49:20Z
1331,2661,25,TrialFreight,CLS000000002661,delivered,,,20.38,2026-05-08T19:42:42Z,2026-05-12T03:34:41Z,2026-05-13T09:49:20Z
1332,2662,7,SafeTemp,CLS000000002662,delivered,,,13.75,2026-05-10T02:01:33Z,2026-05-12T17:52:51Z,2026-05-13T09:49:20Z
1333,2667,13,Clinical Express,CLS000000002667,in_transit,,,13.93,2026-05-04T00:13:20Z,,2026-05-13T09:49:20Z
1334,2668,13,CryoLine,CLS000000002668,delivered,,,12.7,2026-05-09T12:24:21Z,2026-05-12T00:38:01Z,2026-05-13T09:49:20Z
1335,2669,18,TrialFreight,CLS000000002669,delivered,,,24.66,2026-05-10T15:37:43Z,2026-05-12T23:48:25Z,2026-05-13T09:49:20Z
1336,2670,28,SafeTemp,CLS000000002670,delivered,,,20.4,2026-05-10T08:49:05Z,2026-05-13T07:57:05Z,2026-05-13T09:49:20Z
1337,2675,4,Clinical Express,CLS000000002675,in_transit,,,16.27,2026-05-11T01:48:18Z,,2026-05-13T09:49:20Z
1338,2676,16,CryoLine,CLS000000002676,delivered,,,5.13,2026-05-07T06:12:43Z,2026-05-13T03:26:55Z,2026-05-13T09:49:20Z
1339,2677,26,TrialFreight,CLS000000002677,delivered,,,8.69,2026-05-12T03:49:15Z,2026-05-12T11:20:59Z,2026-05-13T09:49:20Z
1340,2678,2,SafeTemp,CLS000000002678,delivered,,,6.01,2026-05-05T10:57:55Z,2026-05-13T00:01:31Z,2026-05-13T09:49:20Z
1341,2683,9,Clinical Express,CLS000000002683,in_transit,,,8.34,2026-05-05T10:36:34Z,,2026-05-13T09:49:20Z
1342,2684,25,CryoLine,CLS000000002684,delivered,,,19.63,2026-05-09T08:33:54Z,2026-05-12T01:46:38Z,2026-05-13T09:49:20Z
1343,2685,18,TrialFreight,CLS000000002685,delivered,,,6.36,2026-05-06T10:16:59Z,2026-05-12T15:59:07Z,2026-05-13T09:49:20Z
1344,2686,21,SafeTemp,CLS000000002686,delivered,,,16.96,2026-05-06T18:29:55Z,2026-05-13T00:07:34Z,2026-05-13T09:49:20Z
1345,2691,5,Clinical Express,CLS000000002691,in_transit,,,22.98,2026-05-06T14:20:46Z,,2026-05-13T09:49:20Z
1346,2692,4,CryoLine,CLS000000002692,delivered,,,10.01,2026-05-05T06:45:41Z,2026-05-12T01:08:44Z,2026-05-13T09:49:20Z
1347,2693,30,TrialFreight,CLS000000002693,delivered,,,13.14,2026-05-05T01:55:54Z,2026-05-12T17:20:49Z,2026-05-13T09:49:20Z
1348,2694,11,SafeTemp,CLS000000002694,delivered,,,24.53,2026-05-04T23:00:31Z,2026-05-12T22:27:24Z,2026-05-13T09:49:20Z
1349,2699,13,Clinical Express,CLS000000002699,in_transit,,,7.86,2026-05-05T06:43:30Z,,2026-05-13T09:49:20Z
1350,2700,5,CryoLine,CLS000000002700,delivered,,,12.58,2026-05-10T14:45:51Z,2026-05-12T21:57:26Z,2026-05-13T09:49:20Z
1351,2701,3,TrialFreight,CLS000000002701,delivered,,,14.56,2026-05-08T16:51:23Z,2026-05-13T04:41:38Z,2026-05-13T09:49:20Z
1352,2702,13,SafeTemp,CLS000000002702,delivered,,,7.22,2026-05-09T12:19:01Z,2026-05-13T02:05:57Z,2026-05-13T09:49:20Z
1353,2707,26,Clinical Express,CLS000000002707,in_transit,,,21.07,2026-05-09T00:40:38Z,,2026-05-13T09:49:20Z
1354,2708,22,CryoLine,CLS000000002708,delivered,,,12.32,2026-05-09T02:17:43Z,2026-05-11T11:14:27Z,2026-05-13T09:49:20Z
1355,2709,30,TrialFreight,CLS000000002709,delivered,,,5.28,2026-05-12T02:15:44Z,2026-05-12T13:59:12Z,2026-05-13T09:49:20Z
1356,2710,3,SafeTemp,CLS000000002710,delivered,,,14.16,2026-05-09T20:14:46Z,2026-05-13T02:04:02Z,2026-05-13T09:49:20Z
1357,2715,6,Clinical Express,CLS000000002715,in_transit,,,13.49,2026-05-08T15:28:58Z,,2026-05-13T09:49:20Z
1358,2716,1,CryoLine,CLS000000002716,delivered,,,6.26,2026-05-08T13:43:27Z,2026-05-12T00:43:47Z,2026-05-13T09:49:20Z
1359,2717,4,TrialFreight,CLS000000002717,delivered,,,13.73,2026-05-06T16:00:33Z,2026-05-11T16:17:12Z,2026-05-13T09:49:20Z
1360,2718,23,SafeTemp,CLS000000002718,delivered,,,23.42,2026-05-07T21:29:11Z,2026-05-11T10:08:41Z,2026-05-13T09:49:20Z
1361,2723,10,Clinical Express,CLS000000002723,in_transit,,,11.8,2026-05-06T20:37:14Z,,2026-05-13T09:49:20Z
1362,2724,29,CryoLine,CLS000000002724,delivered,,,13.35,2026-05-11T15:58:59Z,2026-05-12T13:13:15Z,2026-05-13T09:49:20Z
1363,2725,30,TrialFreight,CLS000000002725,delivered,,,7.13,2026-05-07T13:01:38Z,2026-05-12T13:08:54Z,2026-05-13T09:49:20Z
1364,2726,24,SafeTemp,CLS000000002726,delivered,,,13.32,2026-05-06T09:42:36Z,2026-05-12T03:16:11Z,2026-05-13T09:49:20Z
1365,2731,22,Clinical Express,CLS000000002731,in_transit,,,15.89,2026-05-09T16:38:33Z,,2026-05-13T09:49:20Z
1366,2732,8,CryoLine,CLS000000002732,delivered,,,10,2026-05-03T21:07:28Z,2026-05-12T10:42:23Z,2026-05-13T09:49:20Z
1367,2733,12,TrialFreight,CLS000000002733,delivered,,,6.76,2026-05-06T11:49:36Z,2026-05-11T15:25:46Z,2026-05-13T09:49:20Z
1368,2734,14,SafeTemp,CLS000000002734,delivered,,,12.77,2026-05-03T12:12:09Z,2026-05-12T07:51:02Z,2026-05-13T09:49:20Z
1369,2739,26,Clinical Express,CLS000000002739,in_transit,,,11.01,2026-05-06T16:11:26Z,,2026-05-13T09:49:20Z
1370,2740,15,CryoLine,CLS000000002740,delivered,,,18.19,2026-05-08T18:08:06Z,2026-05-12T18:07:41Z,2026-05-13T09:49:20Z
1371,2741,6,TrialFreight,CLS000000002741,delivered,,,17.44,2026-05-06T09:56:30Z,2026-05-12T23:14:56Z,2026-05-13T09:49:20Z
1372,2742,28,SafeTemp,CLS000000002742,delivered,,,10.98,2026-05-05T13:01:18Z,2026-05-11T21:52:34Z,2026-05-13T09:49:20Z
1373,2747,26,Clinical Express,CLS000000002747,in_transit,,,19.72,2026-05-08T11:58:57Z,,2026-05-13T09:49:20Z
1374,2748,4,CryoLine,CLS000000002748,delivered,,,6.54,2026-05-07T16:50:19Z,2026-05-13T07:58:46Z,2026-05-13T09:49:20Z
1375,2749,6,TrialFreight,CLS000000002749,delivered,,,15.48,2026-05-11T05:56:04Z,2026-05-12T16:48:11Z,2026-05-13T09:49:20Z
1376,2750,22,SafeTemp,CLS000000002750,delivered,,,5.71,2026-05-10T02:41:27Z,2026-05-13T04:13:48Z,2026-05-13T09:49:20Z
1377,2755,17,Clinical Express,CLS000000002755,in_transit,,,5.89,2026-05-04T13:11:25Z,,2026-05-13T09:49:20Z
1378,2756,12,CryoLine,CLS000000002756,delivered,,,18.39,2026-05-12T04:48:44Z,2026-05-13T07:48:58Z,2026-05-13T09:49:20Z
1379,2757,29,TrialFreight,CLS000000002757,delivered,,,14.91,2026-05-11T01:46:12Z,2026-05-13T00:00:51Z,2026-05-13T09:49:20Z
1380,2758,14,SafeTemp,CLS000000002758,delivered,,,22.54,2026-05-10T09:54:20Z,2026-05-11T21:07:13Z,2026-05-13T09:49:20Z
1381,2763,26,Clinical Express,CLS000000002763,in_transit,,,24.36,2026-05-03T15:58:16Z,,2026-05-13T09:49:20Z
1382,2764,13,CryoLine,CLS000000002764,delivered,,,7.65,2026-05-10T09:52:32Z,2026-05-12T04:40:22Z,2026-05-13T09:49:20Z
1383,2765,6,TrialFreight,CLS000000002765,delivered,,,22.41,2026-05-08T18:31:33Z,2026-05-12T18:33:57Z,2026-05-13T09:49:20Z
1384,2766,14,SafeTemp,CLS000000002766,delivered,,,9.95,2026-05-10T02:17:47Z,2026-05-12T10:26:17Z,2026-05-13T09:49:20Z
1385,2771,1,Clinical Express,CLS000000002771,in_transit,,,8.11,2026-05-05T14:25:19Z,,2026-05-13T09:49:20Z
1386,2772,30,CryoLine,CLS000000002772,delivered,,,9.72,2026-05-12T00:53:12Z,2026-05-11T18:45:46Z,2026-05-13T09:49:20Z
1387,2773,13,TrialFreight,CLS000000002773,delivered,,,15.56,2026-05-04T03:13:24Z,2026-05-11T23:39:42Z,2026-05-13T09:49:20Z
1388,2774,3,SafeTemp,CLS000000002774,delivered,,,9.68,2026-05-06T21:09:58Z,2026-05-12T15:43:38Z,2026-05-13T09:49:20Z
1389,2779,30,Clinical Express,CLS000000002779,in_transit,,,16.9,2026-05-11T16:51:57Z,,2026-05-13T09:49:20Z
1390,2780,25,CryoLine,CLS000000002780,delivered,,,6.82,2026-05-07T15:40:56Z,2026-05-11T21:14:19Z,2026-05-13T09:49:20Z
1391,2781,24,TrialFreight,CLS000000002781,delivered,,,15.68,2026-05-03T17:28:45Z,2026-05-11T16:59:11Z,2026-05-13T09:49:20Z
1392,2782,28,SafeTemp,CLS000000002782,delivered,,,19.6,2026-05-08T20:51:10Z,2026-05-12T12:11:10Z,2026-05-13T09:49:20Z
1393,2787,6,Clinical Express,CLS000000002787,in_transit,,,7.51,2026-05-11T05:55:33Z,,2026-05-13T09:49:20Z
1394,2788,18,CryoLine,CLS000000002788,delivered,,,6.82,2026-05-08T23:29:23Z,2026-05-13T04:55:20Z,2026-05-13T09:49:20Z
1395,2789,27,TrialFreight,CLS000000002789,delivered,,,19.3,2026-05-08T05:48:39Z,2026-05-12T22:13:17Z,2026-05-13T09:49:20Z
1396,2790,27,SafeTemp,CLS000000002790,delivered,,,23,2026-05-06T10:01:14Z,2026-05-12T22:56:23Z,2026-05-13T09:49:20Z
1397,2795,25,Clinical Express,CLS000000002795,in_transit,,,15.71,2026-05-06T09:27:30Z,,2026-05-13T09:49:20Z
1398,2796,30,CryoLine,CLS000000002796,delivered,,,11.7,2026-05-03T12:06:25Z,2026-05-11T14:06:32Z,2026-05-13T09:49:20Z
1399,2797,30,TrialFreight,CLS000000002797,delivered,,,10.91,2026-05-04T09:57:44Z,2026-05-12T01:58:16Z,2026-05-13T09:49:20Z
1400,2798,30,SafeTemp,CLS000000002798,delivered,,,15.53,2026-05-04T01:37:04Z,2026-05-11T10:19:43Z,2026-05-13T09:49:20Z
1401,2803,4,Clinical Express,CLS000000002803,in_transit,,,23.19,2026-05-03T18:27:01Z,,2026-05-13T09:49:20Z
1402,2804,10,CryoLine,CLS000000002804,delivered,,,15.52,2026-05-10T22:01:46Z,2026-05-11T19:16:14Z,2026-05-13T09:49:20Z
1403,2805,9,TrialFreight,CLS000000002805,delivered,,,14.57,2026-05-05T15:46:05Z,2026-05-12T02:30:35Z,2026-05-13T09:49:20Z
1404,2806,18,SafeTemp,CLS000000002806,delivered,,,10.14,2026-05-09T20:40:13Z,2026-05-13T00:49:05Z,2026-05-13T09:49:20Z
1405,2811,23,Clinical Express,CLS000000002811,in_transit,,,9.57,2026-05-08T14:00:07Z,,2026-05-13T09:49:20Z
1406,2812,3,CryoLine,CLS000000002812,delivered,,,5.32,2026-05-11T01:20:47Z,2026-05-13T05:36:18Z,2026-05-13T09:49:20Z
1407,2813,20,TrialFreight,CLS000000002813,delivered,,,21.27,2026-05-06T09:14:28Z,2026-05-12T21:17:29Z,2026-05-13T09:49:20Z
1408,2814,27,SafeTemp,CLS000000002814,delivered,,,13.2,2026-05-11T05:34:06Z,2026-05-13T00:05:01Z,2026-05-13T09:49:20Z
1409,2819,11,Clinical Express,CLS000000002819,in_transit,,,21.72,2026-05-07T20:29:01Z,,2026-05-13T09:49:20Z
1410,2820,23,CryoLine,CLS000000002820,delivered,,,6.04,2026-05-10T08:04:26Z,2026-05-12T14:36:01Z,2026-05-13T09:49:20Z
1411,2821,23,TrialFreight,CLS000000002821,delivered,,,13.45,2026-05-04T06:48:43Z,2026-05-13T08:56:41Z,2026-05-13T09:49:20Z
1412,2822,12,SafeTemp,CLS000000002822,delivered,,,8.95,2026-05-10T10:00:47Z,2026-05-11T14:15:22Z,2026-05-13T09:49:20Z
1413,2827,20,Clinical Express,CLS000000002827,in_transit,,,10.42,2026-05-08T10:29:48Z,,2026-05-13T09:49:20Z
1414,2828,8,CryoLine,CLS000000002828,delivered,,,24.17,2026-05-06T08:10:11Z,2026-05-11T15:05:11Z,2026-05-13T09:49:20Z
1415,2829,29,TrialFreight,CLS000000002829,delivered,,,8.14,2026-05-06T00:54:42Z,2026-05-12T10:38:48Z,2026-05-13T09:49:20Z
1416,2830,3,SafeTemp,CLS000000002830,delivered,,,14.21,2026-05-03T10:01:57Z,2026-05-13T01:28:26Z,2026-05-13T09:49:20Z
1417,2835,12,Clinical Express,CLS000000002835,in_transit,,,23.15,2026-05-09T15:13:20Z,,2026-05-13T09:49:20Z
1418,2836,3,CryoLine,CLS000000002836,delivered,,,14.46,2026-05-09T02:19:41Z,2026-05-12T00:26:02Z,2026-05-13T09:49:20Z
1419,2837,17,TrialFreight,CLS000000002837,delivered,,,10.36,2026-05-03T15:17:00Z,2026-05-11T21:34:10Z,2026-05-13T09:49:20Z
1420,2838,20,SafeTemp,CLS000000002838,delivered,,,22.04,2026-05-09T03:18:22Z,2026-05-11T20:15:57Z,2026-05-13T09:49:20Z
1421,2843,12,Clinical Express,CLS000000002843,in_transit,,,6.87,2026-05-05T18:25:09Z,,2026-05-13T09:49:20Z
1422,2844,27,CryoLine,CLS000000002844,delivered,,,12.79,2026-05-03T11:43:15Z,2026-05-13T00:34:46Z,2026-05-13T09:49:20Z
1423,2845,28,TrialFreight,CLS000000002845,delivered,,,8.17,2026-05-05T03:03:29Z,2026-05-13T03:41:24Z,2026-05-13T09:49:20Z
1424,2846,10,SafeTemp,CLS000000002846,delivered,,,20.14,2026-05-05T20:44:59Z,2026-05-13T03:17:00Z,2026-05-13T09:49:20Z
1425,2851,26,Clinical Express,CLS000000002851,in_transit,,,17.55,2026-05-05T16:28:09Z,,2026-05-13T09:49:20Z
1426,2852,19,CryoLine,CLS000000002852,delivered,,,17.54,2026-05-10T13:16:47Z,2026-05-12T03:32:53Z,2026-05-13T09:49:20Z
1427,2853,13,TrialFreight,CLS000000002853,delivered,,,19.47,2026-05-08T04:29:38Z,2026-05-11T22:59:13Z,2026-05-13T09:49:20Z
1428,2854,12,SafeTemp,CLS000000002854,delivered,,,9.66,2026-05-07T04:21:51Z,2026-05-12T23:07:48Z,2026-05-13T09:49:20Z
1429,2859,4,Clinical Express,CLS000000002859,in_transit,,,19.51,2026-05-05T12:18:08Z,,2026-05-13T09:49:20Z
1430,2860,26,CryoLine,CLS000000002860,delivered,,,24.39,2026-05-04T13:43:28Z,2026-05-12T08:48:06Z,2026-05-13T09:49:20Z
1431,2861,14,TrialFreight,CLS000000002861,delivered,,,9.85,2026-05-06T10:23:28Z,2026-05-12T09:24:29Z,2026-05-13T09:49:20Z
1432,2862,15,SafeTemp,CLS000000002862,delivered,,,10.18,2026-05-08T18:02:34Z,2026-05-12T03:19:00Z,2026-05-13T09:49:20Z
1433,2867,19,Clinical Express,CLS000000002867,in_transit,,,7.62,2026-05-10T03:41:21Z,,2026-05-13T09:49:20Z
1434,2868,27,CryoLine,CLS000000002868,delivered,,,6.02,2026-05-10T17:56:55Z,2026-05-13T05:39:04Z,2026-05-13T09:49:20Z
1435,2869,3,TrialFreight,CLS000000002869,delivered,,,24.05,2026-05-08T06:22:18Z,2026-05-12T21:36:26Z,2026-05-13T09:49:20Z
1436,2870,27,SafeTemp,CLS000000002870,delivered,,,22.11,2026-05-07T20:15:37Z,2026-05-11T22:46:38Z,2026-05-13T09:49:20Z
1437,2875,28,Clinical Express,CLS000000002875,in_transit,,,17.55,2026-05-04T09:30:05Z,,2026-05-13T09:49:20Z
1438,2876,27,CryoLine,CLS000000002876,delivered,,,6.8,2026-05-06T21:36:42Z,2026-05-12T10:50:17Z,2026-05-13T09:49:20Z
1439,2877,9,TrialFreight,CLS000000002877,delivered,,,24.14,2026-05-05T02:49:26Z,2026-05-13T01:30:20Z,2026-05-13T09:49:20Z
1440,2878,16,SafeTemp,CLS000000002878,delivered,,,14.54,2026-05-12T00:57:00Z,2026-05-12T13:16:51Z,2026-05-13T09:49:20Z
1441,2883,24,Clinical Express,CLS000000002883,in_transit,,,14.58,2026-05-04T00:47:44Z,,2026-05-13T09:49:20Z
1442,2884,8,CryoLine,CLS000000002884,delivered,,,6.77,2026-05-05T19:13:10Z,2026-05-12T01:40:27Z,2026-05-13T09:49:20Z
1443,2885,12,TrialFreight,CLS000000002885,delivered,,,16.77,2026-05-07T23:28:33Z,2026-05-12T10:11:47Z,2026-05-13T09:49:20Z
1444,2886,16,SafeTemp,CLS000000002886,delivered,,,11.07,2026-05-12T06:51:33Z,2026-05-12T07:28:29Z,2026-05-13T09:49:20Z
1445,2891,2,Clinical Express,CLS000000002891,in_transit,,,11.73,2026-05-04T15:59:52Z,,2026-05-13T09:49:20Z
1446,2892,1,CryoLine,CLS000000002892,delivered,,,18.25,2026-05-04T21:43:09Z,2026-05-12T04:34:07Z,2026-05-13T09:49:20Z
1447,2893,21,TrialFreight,CLS000000002893,delivered,,,9.53,2026-05-10T13:25:00Z,2026-05-12T12:08:51Z,2026-05-13T09:49:20Z
1448,2894,9,SafeTemp,CLS000000002894,delivered,,,20.59,2026-05-12T07:13:17Z,2026-05-13T04:54:48Z,2026-05-13T09:49:20Z
1449,2899,17,Clinical Express,CLS000000002899,in_transit,,,18.56,2026-05-11T12:44:57Z,,2026-05-13T09:49:20Z
1450,2900,24,CryoLine,CLS000000002900,delivered,,,24.87,2026-05-06T22:48:10Z,2026-05-11T23:56:36Z,2026-05-13T09:49:20Z
1451,2901,24,TrialFreight,CLS000000002901,delivered,,,8.57,2026-05-04T21:58:50Z,2026-05-12T23:12:29Z,2026-05-13T09:49:20Z
1452,2902,15,SafeTemp,CLS000000002902,delivered,,,23.49,2026-05-06T21:18:10Z,2026-05-12T19:15:38Z,2026-05-13T09:49:20Z
1453,2907,6,Clinical Express,CLS000000002907,in_transit,,,16.87,2026-05-08T07:37:09Z,,2026-05-13T09:49:20Z
1454,2908,4,CryoLine,CLS000000002908,delivered,,,17.96,2026-05-05T17:19:47Z,2026-05-13T05:49:13Z,2026-05-13T09:49:20Z
1455,2909,6,TrialFreight,CLS000000002909,delivered,,,20.23,2026-05-10T01:56:12Z,2026-05-12T01:30:18Z,2026-05-13T09:49:20Z
1456,2910,6,SafeTemp,CLS000000002910,delivered,,,16.41,2026-05-09T15:00:03Z,2026-05-12T13:25:37Z,2026-05-13T09:49:20Z
1457,2915,27,Clinical Express,CLS000000002915,in_transit,,,23.35,2026-05-05T20:55:12Z,,2026-05-13T09:49:20Z
1458,2916,23,CryoLine,CLS000000002916,delivered,,,20.05,2026-05-10T04:47:20Z,2026-05-11T13:16:15Z,2026-05-13T09:49:20Z
1459,2917,8,TrialFreight,CLS000000002917,delivered,,,19.51,2026-05-04T12:47:33Z,2026-05-11T15:06:16Z,2026-05-13T09:49:20Z
1460,2918,11,SafeTemp,CLS000000002918,delivered,,,24.48,2026-05-04T09:55:21Z,2026-05-11T17:48:04Z,2026-05-13T09:49:20Z
1461,2923,23,Clinical Express,CLS000000002923,in_transit,,,6.8,2026-05-08T02:43:20Z,,2026-05-13T09:49:20Z
1462,2924,28,CryoLine,CLS000000002924,delivered,,,22.45,2026-05-05T12:32:49Z,2026-05-12T00:50:57Z,2026-05-13T09:49:20Z
1463,2925,16,TrialFreight,CLS000000002925,delivered,,,22.27,2026-05-08T04:10:47Z,2026-05-13T06:01:59Z,2026-05-13T09:49:20Z
1464,2926,13,SafeTemp,CLS000000002926,delivered,,,8.86,2026-05-05T07:29:37Z,2026-05-13T07:02:48Z,2026-05-13T09:49:20Z
1465,2931,3,Clinical Express,CLS000000002931,in_transit,,,13.71,2026-05-04T19:18:42Z,,2026-05-13T09:49:20Z
1466,2932,29,CryoLine,CLS000000002932,delivered,,,15.32,2026-05-11T02:04:28Z,2026-05-12T03:48:28Z,2026-05-13T09:49:20Z
1467,2933,16,TrialFreight,CLS000000002933,delivered,,,24.37,2026-05-08T04:52:09Z,2026-05-13T04:24:54Z,2026-05-13T09:49:20Z
1468,2934,21,SafeTemp,CLS000000002934,delivered,,,23.3,2026-05-10T17:15:58Z,2026-05-12T11:44:57Z,2026-05-13T09:49:20Z
1469,2939,15,Clinical Express,CLS000000002939,in_transit,,,24.81,2026-05-09T00:57:15Z,,2026-05-13T09:49:20Z
1470,2940,2,CryoLine,CLS000000002940,delivered,,,24.88,2026-05-09T06:46:10Z,2026-05-12T13:23:25Z,2026-05-13T09:49:20Z
1471,2941,20,TrialFreight,CLS000000002941,delivered,,,20.03,2026-05-04T13:46:36Z,2026-05-13T03:44:02Z,2026-05-13T09:49:20Z
1472,2942,6,SafeTemp,CLS000000002942,delivered,,,19.43,2026-05-06T16:34:48Z,2026-05-11T18:37:03Z,2026-05-13T09:49:20Z
1473,2947,4,Clinical Express,CLS000000002947,in_transit,,,14.84,2026-05-11T12:14:37Z,,2026-05-13T09:49:20Z
1474,2948,18,CryoLine,CLS000000002948,delivered,,,9.64,2026-05-09T06:42:53Z,2026-05-12T14:38:31Z,2026-05-13T09:49:20Z
1475,2949,30,TrialFreight,CLS000000002949,delivered,,,5.36,2026-05-06T04:04:40Z,2026-05-12T14:37:26Z,2026-05-13T09:49:20Z
1476,2950,4,SafeTemp,CLS000000002950,delivered,,,6.6,2026-05-09T09:02:48Z,2026-05-13T06:14:02Z,2026-05-13T09:49:20Z
1477,2955,11,Clinical Express,CLS000000002955,in_transit,,,14.6,2026-05-08T04:00:57Z,,2026-05-13T09:49:20Z
1478,2956,29,CryoLine,CLS000000002956,delivered,,,17.33,2026-05-06T00:51:40Z,2026-05-13T02:00:36Z,2026-05-13T09:49:20Z
1479,2957,27,TrialFreight,CLS000000002957,delivered,,,17.66,2026-05-04T06:30:32Z,2026-05-13T00:40:45Z,2026-05-13T09:49:20Z
1480,2958,26,SafeTemp,CLS000000002958,delivered,,,15.84,2026-05-09T02:09:24Z,2026-05-11T11:09:31Z,2026-05-13T09:49:20Z
1481,2963,11,Clinical Express,CLS000000002963,in_transit,,,23.86,2026-05-07T16:27:09Z,,2026-05-13T09:49:20Z
1482,2964,17,CryoLine,CLS000000002964,delivered,,,6.7,2026-05-11T18:18:11Z,2026-05-12T20:15:38Z,2026-05-13T09:49:20Z
1483,2965,1,TrialFreight,CLS000000002965,delivered,,,20.79,2026-05-10T04:07:24Z,2026-05-11T17:09:17Z,2026-05-13T09:49:20Z
1484,2966,21,SafeTemp,CLS000000002966,delivered,,,23.84,2026-05-08T21:13:27Z,2026-05-12T18:47:36Z,2026-05-13T09:49:20Z
1485,2971,16,Clinical Express,CLS000000002971,in_transit,,,21.7,2026-05-03T23:54:10Z,,2026-05-13T09:49:20Z
1486,2972,20,CryoLine,CLS000000002972,delivered,,,9.41,2026-05-03T22:26:21Z,2026-05-13T08:33:52Z,2026-05-13T09:49:20Z
1487,2973,11,TrialFreight,CLS000000002973,delivered,,,20.97,2026-05-11T19:43:42Z,2026-05-12T06:22:37Z,2026-05-13T09:49:20Z
1488,2974,16,SafeTemp,CLS000000002974,delivered,,,13.32,2026-05-09T13:31:57Z,2026-05-12T04:16:23Z,2026-05-13T09:49:20Z
1489,2979,7,Clinical Express,CLS000000002979,in_transit,,,15.9,2026-05-08T18:36:31Z,,2026-05-13T09:49:20Z
1490,2980,8,CryoLine,CLS000000002980,delivered,,,16.51,2026-05-11T01:02:28Z,2026-05-12T12:43:38Z,2026-05-13T09:49:20Z
1491,2981,20,TrialFreight,CLS000000002981,delivered,,,11.28,2026-05-07T19:12:24Z,2026-05-11T13:26:56Z,2026-05-13T09:49:20Z
1492,2982,9,SafeTemp,CLS000000002982,delivered,,,5.6,2026-05-11T14:40:03Z,2026-05-11T17:09:05Z,2026-05-13T09:49:20Z
1493,2987,25,Clinical Express,CLS000000002987,in_transit,,,6.05,2026-05-10T08:15:16Z,,2026-05-13T09:49:20Z
1494,2988,16,CryoLine,CLS000000002988,delivered,,,18.76,2026-05-07T01:20:02Z,2026-05-11T20:25:53Z,2026-05-13T09:49:20Z
1495,2989,16,TrialFreight,CLS000000002989,delivered,,,18.29,2026-05-10T12:32:11Z,2026-05-11T13:09:39Z,2026-05-13T09:49:20Z
1496,2990,2,SafeTemp,CLS000000002990,delivered,,,23.48,2026-05-08T01:50:44Z,2026-05-12T22:34:01Z,2026-05-13T09:49:20Z
1497,2995,12,Clinical Express,CLS000000002995,in_transit,,,18.68,2026-05-04T19:19:09Z,,2026-05-13T09:49:20Z
1498,2996,25,CryoLine,CLS000000002996,delivered,,,20.29,2026-05-11T03:46:03Z,2026-05-11T14:42:12Z,2026-05-13T09:49:20Z
1499,2997,10,TrialFreight,CLS000000002997,delivered,,,14.95,2026-05-11T23:55:33Z,2026-05-13T08:56:00Z,2026-05-13T09:49:20Z
1500,2998,29,SafeTemp,CLS000000002998,delivered,,,14.84,2026-05-09T00:20:32Z,2026-05-13T03:48:26Z,2026-05-13T09:49:20Z
