order_id,customer_id,order_status,order_total,shipping_cost,fulfillment_center_id,shipping_lat,shipping_lon,estimated_delivery,actual_delivery,social_source_id,demand_score,created_at,updated_at
1,660,confirmed,12390,14.99,22,,,,,,87.11,2026-04-22T02:44:35Z,2026-05-13T09:49:20Z
2,330,processing,64980,14.99,24,,,,,3239,77.28,2026-05-10T06:30:33Z,2026-05-13T09:49:20Z
3,1044,shipped,16520,7.99,25,,,,,1447,62.39,2026-04-05T04:14:50Z,2026-05-13T09:49:20Z
4,1338,delivered,72650,14.99,20,,,,,1451,67.01,2026-04-14T02:18:54Z,2026-05-13T09:49:20Z
5,1591,delivered,32935,7.99,9,,,,,,66.16,2026-04-01T14:39:26Z,2026-05-13T09:49:20Z
6,122,delivered,4330,7.99,7,,,,,,39.42,2026-04-29T09:19:33Z,2026-05-13T09:49:20Z
7,1854,cancelled,1820,0,4,,,,,,22.13,2026-05-10T02:51:51Z,2026-05-13T09:49:20Z
8,816,pending,28400,7.99,,,,,,3302,38.15,2026-05-10T09:55:15Z,2026-05-13T09:49:20Z
9,1034,confirmed,31380,0,21,,,,,1977,25.29,2026-04-26T16:03:39Z,2026-05-13T09:49:20Z
10,1373,processing,1840,7.99,22,,,,,4199,57.42,2026-05-02T17:01:38Z,2026-05-13T09:49:20Z
11,181,shipped,7200,0,11,,,,,,85.87,2026-03-16T09:10:09Z,2026-05-13T09:49:20Z
12,1123,delivered,4350,14.99,27,,,,,2139,25.99,2026-03-28T00:37:18Z,2026-05-13T09:49:20Z
13,711,delivered,22344,7.99,21,,,,,,51.25,2026-03-29T03:36:11Z,2026-05-13T09:49:20Z
14,814,delivered,37340,7.99,21,,,,,,11.18,2026-04-25T20:32:06Z,2026-05-13T09:49:20Z
15,1760,cancelled,10854,7.99,25,,,,,,80.81,2026-05-11T22:21:46Z,2026-05-13T09:49:20Z
16,248,pending,1408,7.99,,,,,,,40.24,2026-03-31T10:47:07Z,2026-05-13T09:49:20Z
17,854,confirmed,8670,14.99,20,,,,,,58.02,2026-03-30T13:45:02Z,2026-05-13T09:49:20Z
18,46,processing,50630,7.99,17,,,,,2365,33.38,2026-04-21T21:31:22Z,2026-05-13T09:49:20Z
19,1501,shipped,6365,7.99,16,,,,,,32.52,2026-04-07T23:50:32Z,2026-05-13T09:49:20Z
20,748,delivered,7350,0,1,,,,,,48.77,2026-03-27T07:06:56Z,2026-05-13T09:49:20Z
21,966,delivered,38360,0,2,,,,,3671,48.6,2026-03-15T16:33:21Z,2026-05-13T09:49:20Z
22,293,delivered,5600,7.99,5,,,,,3924,41.78,2026-04-11T06:31:19Z,2026-05-13T09:49:20Z
23,40,cancelled,27326,14.99,8,,,,,4082,68.59,2026-04-02T18:20:20Z,2026-05-13T09:49:20Z
24,861,pending,36700,14.99,,,,,,3590,11.41,2026-05-03T01:16:53Z,2026-05-13T09:49:20Z
25,1191,confirmed,16290,14.99,22,,,,,1011,23.73,2026-04-02T14:33:35Z,2026-05-13T09:49:20Z
26,733,processing,2870,0,19,,,,,,28.04,2026-04-03T03:25:14Z,2026-05-13T09:49:20Z
27,156,shipped,4810,7.99,9,,,,,,53.33,2026-05-04T02:53:19Z,2026-05-13T09:49:20Z
28,1612,delivered,7600,7.99,25,,,,,,75.09,2026-03-20T03:35:46Z,2026-05-13T09:49:20Z
29,30,delivered,17668,7.99,24,,,,,3724,47.93,2026-05-08T09:15:25Z,2026-05-13T09:49:20Z
30,1750,delivered,13030,14.99,25,,,,,4945,44.22,2026-04-09T22:12:17Z,2026-05-13T09:49:20Z
31,98,cancelled,18400,0,1,,,,,,80.04,2026-04-08T14:13:32Z,2026-05-13T09:49:20Z
32,1536,pending,165790,0,,,,,,4816,77.98,2026-03-17T07:51:47Z,2026-05-13T09:49:20Z
33,354,confirmed,3654,14.99,3,,,,,,28.64,2026-05-07T14:16:17Z,2026-05-13T09:49:20Z
34,1283,processing,7008,7.99,16,,,,,,37.19,2026-03-22T01:37:03Z,2026-05-13T09:49:20Z
35,1932,shipped,85240,7.99,16,,,,,286,39.8,2026-04-10T06:38:09Z,2026-05-13T09:49:20Z
36,492,delivered,4480,14.99,3,,,,,,92.65,2026-04-02T02:06:02Z,2026-05-13T09:49:20Z
37,390,delivered,7800,7.99,30,,,,,,52.28,2026-04-10T20:27:23Z,2026-05-13T09:49:20Z
38,459,delivered,5040,7.99,26,,,,,,69.41,2026-05-07T17:51:15Z,2026-05-13T09:49:20Z
39,1476,cancelled,9960,14.99,16,,,,,,48.44,2026-05-11T08:08:44Z,2026-05-13T09:49:20Z
40,940,pending,2640,7.99,,,,,,1183,17.8,2026-03-28T21:20:36Z,2026-05-13T09:49:20Z
41,1614,confirmed,19500,14.99,6,,,,,,27.38,2026-04-29T07:26:57Z,2026-05-13T09:49:20Z
42,528,processing,23258,14.99,18,,,,,,87.65,2026-05-01T20:08:57Z,2026-05-13T09:49:20Z
43,235,shipped,5125,7.99,17,,,,,,68.54,2026-04-04T00:11:14Z,2026-05-13T09:49:20Z
44,1787,delivered,24550,7.99,22,,,,,4826,49.92,2026-03-30T23:18:06Z,2026-05-13T09:49:20Z
45,1559,delivered,7920,0,18,,,,,3642,30.42,2026-04-11T09:48:49Z,2026-05-13T09:49:20Z
46,558,delivered,63850,7.99,8,,,,,,81.91,2026-05-13T05:54:20Z,2026-05-13T09:49:20Z
47,1792,cancelled,32184,7.99,12,,,,,,23.55,2026-05-03T12:44:56Z,2026-05-13T09:49:20Z
48,1099,pending,9804,7.99,,,,,,2320,80.4,2026-03-24T15:10:51Z,2026-05-13T09:49:20Z
49,756,confirmed,70123,14.99,24,,,,,,57.83,2026-04-12T08:09:21Z,2026-05-13T09:49:20Z
50,1049,processing,20800,0,10,,,,,,50.6,2026-03-14T13:20:41Z,2026-05-13T09:49:20Z
51,1820,shipped,28640,7.99,18,,,,,,57.69,2026-03-28T18:02:27Z,2026-05-13T09:49:20Z
52,190,delivered,33360,7.99,30,,,,,,10.61,2026-03-18T17:04:32Z,2026-05-13T09:49:20Z
53,620,delivered,9290,7.99,15,,,,,,24.57,2026-04-13T19:32:57Z,2026-05-13T09:49:20Z
54,190,delivered,10040,7.99,21,,,,,,55.57,2026-03-23T03:44:17Z,2026-05-13T09:49:20Z
55,691,cancelled,89618,0,5,,,,,,88.07,2026-04-05T23:27:23Z,2026-05-13T09:49:20Z
56,178,pending,26760,0,,,,,,,26.8,2026-05-11T19:54:48Z,2026-05-13T09:49:20Z
57,1878,confirmed,340,14.99,26,,,,,,77.41,2026-04-28T08:56:29Z,2026-05-13T09:49:20Z
58,1082,processing,55500,0,13,,,,,2974,25.74,2026-05-10T12:07:56Z,2026-05-13T09:49:20Z
59,166,shipped,18790,0,9,,,,,,72.12,2026-05-11T21:10:25Z,2026-05-13T09:49:20Z
60,836,delivered,83060,7.99,27,,,,,1460,75.08,2026-04-18T12:32:02Z,2026-05-13T09:49:20Z
61,1711,delivered,66940,7.99,3,,,,,,86.24,2026-05-10T00:09:53Z,2026-05-13T09:49:20Z
62,90,delivered,3700,14.99,12,,,,,,72.57,2026-04-27T10:05:11Z,2026-05-13T09:49:20Z
63,476,cancelled,50400,14.99,21,,,,,,84.15,2026-05-04T16:35:06Z,2026-05-13T09:49:20Z
64,1212,pending,2360,14.99,,,,,,,69.87,2026-04-27T02:34:08Z,2026-05-13T09:49:20Z
65,766,confirmed,9716,0,16,,,,,,38.09,2026-05-13T07:18:20Z,2026-05-13T09:49:20Z
66,1776,processing,12064,7.99,1,,,,,,33.22,2026-04-04T13:51:48Z,2026-05-13T09:49:20Z
67,524,shipped,38984,7.99,10,,,,,,79.02,2026-04-11T11:05:29Z,2026-05-13T09:49:20Z
68,642,delivered,5610,14.99,3,,,,,,44.53,2026-03-17T06:38:18Z,2026-05-13T09:49:20Z
69,463,delivered,26740,7.99,13,,,,,,37.84,2026-03-21T06:26:24Z,2026-05-13T09:49:20Z
70,393,delivered,33840,7.99,21,,,,,,82.15,2026-03-27T18:40:05Z,2026-05-13T09:49:20Z
71,120,cancelled,34856,7.99,23,,,,,2018,64.68,2026-03-27T00:00:04Z,2026-05-13T09:49:20Z
72,17,pending,27300,7.99,,,,,,,58.15,2026-04-19T06:34:26Z,2026-05-13T09:49:20Z
73,696,confirmed,33330,14.99,16,,,,,,34.33,2026-04-15T21:50:57Z,2026-05-13T09:49:20Z
74,1018,processing,4420,7.99,10,,,,,,41.12,2026-04-07T20:36:56Z,2026-05-13T09:49:20Z
75,1363,shipped,13695,14.99,8,,,,,,14.13,2026-05-07T01:13:50Z,2026-05-13T09:49:20Z
76,326,delivered,1914,14.99,27,,,,,,46.32,2026-05-09T05:20:25Z,2026-05-13T09:49:20Z
77,504,delivered,64200,7.99,9,,,,,860,57.82,2026-04-19T00:08:51Z,2026-05-13T09:49:20Z
78,1238,delivered,2160,7.99,7,,,,,2764,18.74,2026-04-19T09:50:11Z,2026-05-13T09:49:20Z
79,1067,cancelled,5336,14.99,11,,,,,,38.43,2026-05-04T12:39:29Z,2026-05-13T09:49:20Z
80,178,pending,45820,7.99,,,,,,1953,87.78,2026-05-05T10:23:09Z,2026-05-13T09:49:20Z
81,414,confirmed,16800,0,11,,,,,,25.64,2026-04-05T10:39:59Z,2026-05-13T09:49:20Z
82,1031,processing,16240,7.99,15,,,,,,34.57,2026-04-13T19:25:55Z,2026-05-13T09:49:20Z
83,342,shipped,6770,14.99,17,,,,,,70.23,2026-03-16T03:58:06Z,2026-05-13T09:49:20Z
84,81,delivered,6200,0,14,,,,,,63.31,2026-05-05T12:48:20Z,2026-05-13T09:49:20Z
85,1830,delivered,12617,7.99,25,,,,,,90.97,2026-03-20T20:25:54Z,2026-05-13T09:49:20Z
86,470,delivered,1500,0,10,,,,,838,43.97,2026-04-08T15:25:54Z,2026-05-13T09:49:20Z
87,24,cancelled,194660,0,10,,,,,,52.42,2026-04-28T20:51:21Z,2026-05-13T09:49:20Z
88,423,pending,23600,0,,,,,,1480,29.01,2026-05-10T06:52:48Z,2026-05-13T09:49:20Z
89,1032,confirmed,35020,0,19,,,,,3992,62.42,2026-04-09T03:03:32Z,2026-05-13T09:49:20Z
90,395,processing,28310,7.99,4,,,,,,29.32,2026-03-23T15:05:01Z,2026-05-13T09:49:20Z
91,1787,shipped,24550,7.99,12,,,,,4367,81.83,2026-04-05T05:45:41Z,2026-05-13T09:49:20Z
92,1387,delivered,3200,7.99,14,,,,,3785,23.42,2026-04-30T03:26:52Z,2026-05-13T09:49:20Z
93,1903,delivered,260,7.99,4,,,,,2428,59.11,2026-03-30T13:10:00Z,2026-05-13T09:49:20Z
94,314,delivered,3730,7.99,27,,,,,1654,94.8,2026-04-28T17:32:14Z,2026-05-13T09:49:20Z
95,1188,cancelled,166560,0,3,,,,,,83.22,2026-04-02T05:52:03Z,2026-05-13T09:49:20Z
96,265,pending,860,0,,,,,,,14.68,2026-04-14T02:17:12Z,2026-05-13T09:49:20Z
97,1535,confirmed,37340,14.99,14,,,,,1537,81.04,2026-03-29T07:29:43Z,2026-05-13T09:49:20Z
98,1559,processing,5280,7.99,21,,,,,,52.97,2026-03-29T03:25:52Z,2026-05-13T09:49:20Z
99,1211,shipped,20880,7.99,26,,,,,4905,93.71,2026-05-09T01:50:17Z,2026-05-13T09:49:20Z
100,1025,delivered,41990,14.99,11,,,,,,74.39,2026-04-27T02:40:28Z,2026-05-13T09:49:20Z
101,849,delivered,29810,7.99,29,,,,,,20.62,2026-03-21T21:14:08Z,2026-05-13T09:49:20Z
102,687,delivered,13020,14.99,6,,,,,,87.32,2026-04-02T21:15:14Z,2026-05-13T09:49:20Z
103,977,cancelled,23575,7.99,10,,,,,,18.89,2026-04-09T14:30:08Z,2026-05-13T09:49:20Z
104,1650,pending,6785,0,,,,,,,58.85,2026-04-08T01:42:39Z,2026-05-13T09:49:20Z
105,1863,confirmed,12030,0,19,,,,,,79.66,2026-03-20T00:20:16Z,2026-05-13T09:49:20Z
106,1513,processing,158268,7.99,18,,,,,,67.19,2026-04-08T17:52:12Z,2026-05-13T09:49:20Z
107,1577,shipped,5768,0,1,,,,,,68.41,2026-04-02T19:33:32Z,2026-05-13T09:49:20Z
108,854,delivered,41565,14.99,17,,,,,3211,69.69,2026-03-20T06:43:20Z,2026-05-13T09:49:20Z
109,1635,delivered,1510,7.99,4,,,,,,22.07,2026-03-27T01:08:00Z,2026-05-13T09:49:20Z
110,1511,delivered,52620,7.99,15,,,,,,21.23,2026-03-31T16:39:08Z,2026-05-13T09:49:20Z
111,604,cancelled,3760,7.99,13,,,,,1742,45.08,2026-05-04T12:44:46Z,2026-05-13T09:49:20Z
112,888,pending,25150,7.99,,,,,,1971,76.18,2026-04-30T19:00:47Z,2026-05-13T09:49:20Z
113,1961,confirmed,41390,7.99,22,,,,,,92.18,2026-05-09T08:29:03Z,2026-05-13T09:49:20Z
114,162,processing,8560,14.99,19,,,,,,11.96,2026-04-12T07:25:37Z,2026-05-13T09:49:20Z
115,712,shipped,7500,14.99,12,,,,,,25.26,2026-03-17T06:36:28Z,2026-05-13T09:49:20Z
116,729,delivered,4320,7.99,18,,,,,,55.01,2026-04-25T12:39:22Z,2026-05-13T09:49:20Z
117,1133,delivered,6750,7.99,13,,,,,,67.93,2026-05-11T04:29:45Z,2026-05-13T09:49:20Z
118,907,delivered,25292,7.99,14,,,,,,89.83,2026-03-28T06:53:35Z,2026-05-13T09:49:20Z
119,533,cancelled,2560,7.99,17,,,,,1513,18.8,2026-04-14T09:44:16Z,2026-05-13T09:49:20Z
120,413,pending,210,0,,,,,,4277,39.28,2026-04-20T09:52:47Z,2026-05-13T09:49:20Z
121,680,confirmed,31620,7.99,6,,,,,,46.16,2026-04-05T18:25:01Z,2026-05-13T09:49:20Z
122,1951,processing,31258,7.99,29,,,,,2098,33.64,2026-03-29T12:28:11Z,2026-05-13T09:49:20Z
123,957,shipped,69340,7.99,10,,,,,,69.56,2026-04-26T20:43:18Z,2026-05-13T09:49:20Z
124,1222,delivered,57660,14.99,19,,,,,,12.82,2026-03-25T03:07:31Z,2026-05-13T09:49:20Z
125,736,delivered,55840,7.99,2,,,,,4430,80.31,2026-03-26T05:52:34Z,2026-05-13T09:49:20Z
126,1303,delivered,4440,14.99,4,,,,,,17.85,2026-03-31T19:17:24Z,2026-05-13T09:49:20Z
127,1258,cancelled,9692,7.99,29,,,,,,88.9,2026-04-24T04:42:06Z,2026-05-13T09:49:20Z
128,1524,pending,2360,0,,,,,,,48.42,2026-04-05T07:00:16Z,2026-05-13T09:49:20Z
129,910,confirmed,36920,0,8,,,,,,79.17,2026-03-28T19:00:03Z,2026-05-13T09:49:20Z
130,110,processing,14790,7.99,28,,,,,,45.91,2026-03-21T02:32:42Z,2026-05-13T09:49:20Z
131,300,shipped,2040,7.99,7,,,,,,56.75,2026-04-26T22:04:42Z,2026-05-13T09:49:20Z
132,1168,delivered,33275,7.99,22,,,,,,11.56,2026-05-02T18:24:34Z,2026-05-13T09:49:20Z
133,618,delivered,31698,14.99,23,,,,,,65.97,2026-04-05T12:35:37Z,2026-05-13T09:49:20Z
134,1278,delivered,12000,7.99,7,,,,,,41.44,2026-03-29T21:29:22Z,2026-05-13T09:49:20Z
135,368,cancelled,10480,7.99,24,,,,,3728,91.12,2026-04-06T03:39:13Z,2026-05-13T09:49:20Z
136,433,pending,4445,7.99,,,,,,,64.03,2026-04-11T15:35:29Z,2026-05-13T09:49:20Z
137,1785,confirmed,17200,0,18,,,,,1030,76.48,2026-05-04T04:20:55Z,2026-05-13T09:49:20Z
138,1244,processing,9900,0,1,,,,,,58.66,2026-04-19T05:56:25Z,2026-05-13T09:49:20Z
139,1370,shipped,32020,0,5,,,,,,92.57,2026-03-22T04:39:21Z,2026-05-13T09:49:20Z
140,694,delivered,12900,7.99,15,,,,,,50.9,2026-04-23T06:11:24Z,2026-05-13T09:49:20Z
141,417,delivered,3700,7.99,24,,,,,,68.25,2026-03-22T03:51:57Z,2026-05-13T09:49:20Z
142,335,delivered,83775,7.99,24,,,,,,74.55,2026-05-04T16:35:44Z,2026-05-13T09:49:20Z
143,243,cancelled,76080,0,29,,,,,,11.93,2026-03-25T15:13:16Z,2026-05-13T09:49:20Z
144,253,pending,5060,0,,,,,,,12.07,2026-04-22T07:29:17Z,2026-05-13T09:49:20Z
145,938,confirmed,10880,0,5,,,,,,87.43,2026-04-07T20:47:07Z,2026-05-13T09:49:20Z
146,714,processing,1450,7.99,13,,,,,777,20.81,2026-03-19T02:46:07Z,2026-05-13T09:49:20Z
147,952,shipped,7340,7.99,3,,,,,,93.1,2026-05-12T09:48:04Z,2026-05-13T09:49:20Z
148,1748,delivered,28756,7.99,6,,,,,,10.54,2026-03-17T15:51:20Z,2026-05-13T09:49:20Z
149,1141,delivered,22320,7.99,20,,,,,,37.81,2026-04-04T05:44:55Z,2026-05-13T09:49:20Z
150,748,delivered,1710,7.99,19,,,,,1221,90.9,2026-04-08T01:26:47Z,2026-05-13T09:49:20Z
151,1733,cancelled,18600,7.99,23,,,,,,14.83,2026-04-11T19:44:36Z,2026-05-13T09:49:20Z
152,1357,pending,16350,14.99,,,,,,,30.24,2026-05-02T02:20:32Z,2026-05-13T09:49:20Z
153,1588,confirmed,660,7.99,8,,,,,,65.26,2026-04-11T07:51:00Z,2026-05-13T09:49:20Z
154,1640,processing,6170,0,24,,,,,,65.33,2026-03-15T20:58:38Z,2026-05-13T09:49:20Z
155,1633,shipped,57760,7.99,17,,,,,1855,89.45,2026-04-27T18:35:48Z,2026-05-13T09:49:20Z
156,388,delivered,33260,7.99,12,,,,,,30.29,2026-03-20T23:02:46Z,2026-05-13T09:49:20Z
157,67,delivered,18730,0,2,,,,,,94.81,2026-04-13T11:39:50Z,2026-05-13T09:49:20Z
158,60,delivered,660,14.99,17,,,,,72,81.87,2026-04-17T00:18:29Z,2026-05-13T09:49:20Z
159,17,cancelled,23440,0,8,,,,,1366,93.48,2026-03-20T15:34:43Z,2026-05-13T09:49:20Z
160,1056,pending,112260,7.99,,,,,,,44.33,2026-04-04T23:01:41Z,2026-05-13T09:49:20Z
161,1509,confirmed,2412,14.99,30,,,,,136,59.46,2026-03-21T23:34:44Z,2026-05-13T09:49:20Z
162,922,processing,7700,0,11,,,,,,87.51,2026-05-01T23:17:56Z,2026-05-13T09:49:20Z
163,1565,shipped,3840,0,4,,,,,3510,64.06,2026-04-12T06:33:29Z,2026-05-13T09:49:20Z
164,361,delivered,1520,7.99,12,,,,,2206,90.07,2026-03-15T21:35:47Z,2026-05-13T09:49:20Z
165,1154,delivered,31075,7.99,17,,,,,,72.04,2026-05-10T16:21:52Z,2026-05-13T09:49:20Z
166,1872,delivered,63060,7.99,6,,,,,,26.5,2026-04-30T08:26:22Z,2026-05-13T09:49:20Z
167,1741,cancelled,28125,7.99,3,,,,,,24.88,2026-03-29T07:53:22Z,2026-05-13T09:49:20Z
168,29,pending,27540,14.99,,,,,,,18.31,2026-04-01T23:48:14Z,2026-05-13T09:49:20Z
169,1090,confirmed,8466,7.99,26,,,,,3116,10.33,2026-03-21T14:21:08Z,2026-05-13T09:49:20Z
170,1862,processing,99840,7.99,7,,,,,,62.17,2026-03-20T16:18:38Z,2026-05-13T09:49:20Z
171,1226,shipped,177600,0,20,,,,,,72.64,2026-04-02T01:58:26Z,2026-05-13T09:49:20Z
172,584,delivered,1180,7.99,23,,,,,,28.6,2026-05-01T14:38:14Z,2026-05-13T09:49:20Z
173,1437,delivered,166700,7.99,29,,,,,,27.11,2026-04-26T02:13:40Z,2026-05-13T09:49:20Z
174,1436,delivered,31600,7.99,28,,,,,,78.81,2026-03-24T12:00:53Z,2026-05-13T09:49:20Z
175,719,cancelled,1180,7.99,30,,,,,,45.98,2026-04-07T14:27:44Z,2026-05-13T09:49:20Z
176,1714,pending,4900,0,,,,,,,47.57,2026-04-21T01:28:25Z,2026-05-13T09:49:20Z
177,1784,confirmed,45060,14.99,2,,,,,,20.02,2026-05-07T22:31:54Z,2026-05-13T09:49:20Z
178,302,processing,780,7.99,12,,,,,,12.87,2026-03-26T12:57:59Z,2026-05-13T09:49:20Z
179,1570,shipped,1850,7.99,19,,,,,,34.69,2026-04-14T19:01:02Z,2026-05-13T09:49:20Z
180,478,delivered,7926,7.99,12,,,,,,77.59,2026-03-17T00:59:36Z,2026-05-13T09:49:20Z
181,1896,delivered,6310,7.99,27,,,,,,86.74,2026-04-01T02:24:36Z,2026-05-13T09:49:20Z
182,1508,delivered,38060,14.99,17,,,,,,92.22,2026-04-23T14:41:24Z,2026-05-13T09:49:20Z
183,374,cancelled,11970,0,25,,,,,2638,55.37,2026-05-10T12:22:53Z,2026-05-13T09:49:20Z
184,817,pending,5050,0,,,,,,,30.28,2026-03-27T13:07:27Z,2026-05-13T09:49:20Z
185,1340,confirmed,34488,7.99,16,,,,,,15.8,2026-04-24T16:08:39Z,2026-05-13T09:49:20Z
186,1444,processing,47845,7.99,30,,,,,,23.66,2026-04-14T22:25:41Z,2026-05-13T09:49:20Z
187,1447,shipped,7790,0,14,,,,,,60.91,2026-04-15T09:24:41Z,2026-05-13T09:49:20Z
188,1913,delivered,18100,14.99,6,,,,,,87.56,2026-04-29T08:24:32Z,2026-05-13T09:49:20Z
189,813,delivered,17150,7.99,15,,,,,,83.07,2026-05-01T19:54:30Z,2026-05-13T09:49:20Z
190,646,delivered,12600,0,16,,,,,,54.07,2026-03-24T05:44:28Z,2026-05-13T09:49:20Z
191,132,cancelled,23290,7.99,25,,,,,,32.31,2026-05-04T13:43:58Z,2026-05-13T09:49:20Z
192,496,pending,91080,14.99,,,,,,,24.15,2026-03-15T19:46:43Z,2026-05-13T09:49:20Z
193,47,confirmed,12520,14.99,20,,,,,,83.12,2026-04-13T01:27:08Z,2026-05-13T09:49:20Z
194,1753,processing,66800,14.99,19,,,,,997,64.24,2026-05-10T20:46:09Z,2026-05-13T09:49:20Z
195,1690,shipped,1440,7.99,13,,,,,4903,38.1,2026-05-08T16:33:01Z,2026-05-13T09:49:20Z
196,1508,delivered,4840,7.99,21,,,,,,16.23,2026-04-18T08:32:20Z,2026-05-13T09:49:20Z
197,570,delivered,113760,7.99,12,,,,,,93.66,2026-03-27T06:28:09Z,2026-05-13T09:49:20Z
198,1363,delivered,11200,7.99,23,,,,,,91.24,2026-04-23T05:04:18Z,2026-05-13T09:49:20Z
199,1516,cancelled,2160,0,4,,,,,,63.51,2026-04-23T03:02:34Z,2026-05-13T09:49:20Z
200,1609,pending,55650,7.99,,,,,,,63.94,2026-05-03T15:44:46Z,2026-05-13T09:49:20Z
201,514,confirmed,1720,14.99,29,,,,,,75.58,2026-04-09T14:43:31Z,2026-05-13T09:49:20Z
202,133,processing,12000,7.99,27,,,,,3000,24.92,2026-04-07T16:14:58Z,2026-05-13T09:49:20Z
203,769,shipped,15290,0,12,,,,,1002,81.02,2026-04-21T13:03:57Z,2026-05-13T09:49:20Z
204,145,delivered,23200,7.99,24,,,,,4119,60.67,2026-04-07T07:18:44Z,2026-05-13T09:49:20Z
205,1782,delivered,3380,7.99,26,,,,,,27.43,2026-03-23T07:55:08Z,2026-05-13T09:49:20Z
206,1872,delivered,61400,7.99,11,,,,,,62.11,2026-05-03T15:35:10Z,2026-05-13T09:49:20Z
207,305,cancelled,7740,7.99,19,,,,,3792,42.16,2026-05-07T07:14:31Z,2026-05-13T09:49:20Z
208,1101,pending,33400,7.99,,,,,,2814,22.76,2026-04-18T01:19:15Z,2026-05-13T09:49:20Z
209,1712,confirmed,30840,7.99,30,,,,,,93.2,2026-04-15T04:11:48Z,2026-05-13T09:49:20Z
210,935,processing,6140,14.99,30,,,,,,15.18,2026-04-24T11:46:24Z,2026-05-13T09:49:20Z
211,1763,shipped,1520,0,2,,,,,,73.47,2026-04-18T11:15:50Z,2026-05-13T09:49:20Z
212,1358,delivered,42405,7.99,18,,,,,,88.46,2026-05-11T21:24:17Z,2026-05-13T09:49:20Z
213,1319,delivered,26100,0,16,,,,,3581,15,2026-04-01T12:52:52Z,2026-05-13T09:49:20Z
214,1307,delivered,14610,7.99,15,,,,,,30.35,2026-05-04T00:08:12Z,2026-05-13T09:49:20Z
215,1943,cancelled,47000,7.99,12,,,,,,14.69,2026-04-19T18:01:28Z,2026-05-13T09:49:20Z
216,1840,pending,28846,0,,,,,,4001,63.21,2026-04-08T15:28:24Z,2026-05-13T09:49:20Z
217,132,confirmed,14424,7.99,10,,,,,,33.27,2026-04-11T03:50:39Z,2026-05-13T09:49:20Z
218,1126,processing,28235,14.99,2,,,,,808,48.29,2026-05-03T05:25:04Z,2026-05-13T09:49:20Z
219,707,shipped,27540,7.99,14,,,,,,42.89,2026-04-05T23:39:22Z,2026-05-13T09:49:20Z
220,1573,delivered,22485,0,9,,,,,,10.2,2026-04-29T06:34:33Z,2026-05-13T09:49:20Z
221,1420,delivered,8622,7.99,22,,,,,,81.76,2026-05-05T07:42:58Z,2026-05-13T09:49:20Z
222,1996,delivered,26060,7.99,7,,,,,,41.44,2026-03-28T23:41:33Z,2026-05-13T09:49:20Z
223,1628,cancelled,88000,7.99,2,,,,,,26.98,2026-04-26T03:30:21Z,2026-05-13T09:49:20Z
224,1011,pending,14660,0,,,,,,,19.87,2026-04-27T03:26:07Z,2026-05-13T09:49:20Z
225,1815,confirmed,29500,7.99,21,,,,,,84.72,2026-03-30T13:09:00Z,2026-05-13T09:49:20Z
226,24,processing,52000,0,2,,,,,,55.09,2026-04-29T01:36:52Z,2026-05-13T09:49:20Z
227,1671,shipped,32019,14.99,2,,,,,,64.91,2026-03-30T23:50:26Z,2026-05-13T09:49:20Z
228,839,delivered,5445,0,11,,,,,,31.56,2026-04-05T23:22:08Z,2026-05-13T09:49:20Z
229,1867,delivered,97780,14.99,23,,,,,,61.88,2026-04-14T04:07:55Z,2026-05-13T09:49:20Z
230,1680,delivered,90935,0,1,,,,,1454,36.19,2026-04-20T21:13:45Z,2026-05-13T09:49:20Z
231,853,cancelled,2580,0,22,,,,,3774,51.9,2026-04-21T02:40:59Z,2026-05-13T09:49:20Z
232,1096,pending,3840,14.99,,,,,,1544,27.49,2026-05-13T04:25:45Z,2026-05-13T09:49:20Z
233,973,confirmed,4600,0,19,,,,,,62.53,2026-04-07T17:37:15Z,2026-05-13T09:49:20Z
234,1899,processing,1725,7.99,13,,,,,,26.21,2026-03-17T00:09:06Z,2026-05-13T09:49:20Z
235,233,shipped,134380,14.99,26,,,,,4241,62.6,2026-03-29T01:38:59Z,2026-05-13T09:49:20Z
236,688,delivered,95620,0,25,,,,,,59.8,2026-03-27T15:17:21Z,2026-05-13T09:49:20Z
237,1067,delivered,39150,7.99,25,,,,,,68.49,2026-04-03T21:51:21Z,2026-05-13T09:49:20Z
238,1256,delivered,30080,7.99,2,,,,,,16.19,2026-03-24T02:11:00Z,2026-05-13T09:49:20Z
239,459,cancelled,7990,7.99,30,,,,,935,82.19,2026-04-14T14:15:21Z,2026-05-13T09:49:20Z
240,1340,pending,65315,14.99,,,,,,,33.84,2026-04-12T20:38:46Z,2026-05-13T09:49:20Z
241,857,confirmed,47540,0,22,,,,,,47.17,2026-03-25T18:57:08Z,2026-05-13T09:49:20Z
242,1442,processing,2686,7.99,19,,,,,359,61.57,2026-04-30T19:14:31Z,2026-05-13T09:49:20Z
243,1668,shipped,40390,0,20,,,,,,18.84,2026-05-06T06:42:22Z,2026-05-13T09:49:20Z
244,195,delivered,44160,7.99,20,,,,,,12.16,2026-03-26T13:49:26Z,2026-05-13T09:49:20Z
245,959,delivered,23480,14.99,29,,,,,,34.71,2026-04-01T10:56:16Z,2026-05-13T09:49:20Z
246,1879,delivered,235320,14.99,9,,,,,2521,49.78,2026-05-12T04:38:34Z,2026-05-13T09:49:20Z
247,520,cancelled,8510,0,21,,,,,,45.04,2026-04-02T08:54:42Z,2026-05-13T09:49:20Z
248,1631,pending,19300,0,,,,,,35,36.83,2026-03-16T15:46:43Z,2026-05-13T09:49:20Z
249,1345,confirmed,84474,14.99,7,,,,,,32.11,2026-03-21T11:07:04Z,2026-05-13T09:49:20Z
250,1120,processing,86336,7.99,27,,,,,,27.89,2026-04-28T19:40:28Z,2026-05-13T09:49:20Z
251,1469,shipped,44320,14.99,3,,,,,4498,92.61,2026-04-08T08:53:29Z,2026-05-13T09:49:20Z
252,1087,delivered,25370,7.99,25,,,,,,23.6,2026-04-11T14:31:21Z,2026-05-13T09:49:20Z
253,40,delivered,23280,0,22,,,,,719,38.2,2026-04-22T23:50:05Z,2026-05-13T09:49:20Z
254,322,delivered,23580,7.99,22,,,,,4829,32.63,2026-04-04T09:02:05Z,2026-05-13T09:49:20Z
255,305,cancelled,1280,7.99,16,,,,,,74.84,2026-04-09T23:51:44Z,2026-05-13T09:49:20Z
256,814,pending,38645,7.99,,,,,,,48.63,2026-04-18T04:43:39Z,2026-05-13T09:49:20Z
257,1267,confirmed,12380,14.99,6,,,,,,15.94,2026-04-25T07:16:46Z,2026-05-13T09:49:20Z
258,233,processing,16620,0,22,,,,,,73.28,2026-04-01T09:08:37Z,2026-05-13T09:49:20Z
259,284,shipped,4724,7.99,4,,,,,4733,70.22,2026-03-18T03:37:33Z,2026-05-13T09:49:20Z
260,1509,delivered,496,7.99,7,,,,,,91.12,2026-05-11T06:34:35Z,2026-05-13T09:49:20Z
261,1740,delivered,8200,14.99,22,,,,,,58.81,2026-05-07T10:09:00Z,2026-05-13T09:49:20Z
262,279,delivered,30190,14.99,11,,,,,,17.99,2026-04-21T08:14:36Z,2026-05-13T09:49:20Z
263,887,cancelled,5600,0,19,,,,,,62.16,2026-03-17T20:08:31Z,2026-05-13T09:49:20Z
264,1051,pending,49494,7.99,,,,,,1937,87.58,2026-04-03T04:10:49Z,2026-05-13T09:49:20Z
265,93,confirmed,15340,7.99,27,,,,,730,73.54,2026-05-09T07:53:25Z,2026-05-13T09:49:20Z
266,1239,processing,1735,14.99,4,,,,,,13.48,2026-03-28T04:42:18Z,2026-05-13T09:49:20Z
267,1343,shipped,14736,0,6,,,,,,33.27,2026-04-04T03:01:11Z,2026-05-13T09:49:20Z
268,580,delivered,7160,7.99,19,,,,,,34.65,2026-04-20T10:41:28Z,2026-05-13T09:49:20Z
269,79,delivered,6761,14.99,13,,,,,,41.25,2026-03-15T19:46:04Z,2026-05-13T09:49:20Z
270,1910,delivered,126,0,27,,,,,,91.93,2026-05-05T09:31:54Z,2026-05-13T09:49:20Z
271,1738,cancelled,5700,0,12,,,,,,68.35,2026-04-16T23:50:01Z,2026-05-13T09:49:20Z
272,861,pending,520,7.99,,,,,,,47.62,2026-03-14T22:00:00Z,2026-05-13T09:49:20Z
273,629,confirmed,163380,7.99,21,,,,,,33.18,2026-04-11T06:22:06Z,2026-05-13T09:49:20Z
274,514,processing,3800,0,21,,,,,,90.15,2026-04-23T12:33:22Z,2026-05-13T09:49:20Z
275,1736,shipped,60860,7.99,18,,,,,,54.49,2026-04-06T23:39:40Z,2026-05-13T09:49:20Z
276,1160,delivered,2360,14.99,4,,,,,3036,66.33,2026-03-30T14:53:59Z,2026-05-13T09:49:20Z
277,1550,delivered,25220,7.99,30,,,,,,64.81,2026-05-06T16:18:45Z,2026-05-13T09:49:20Z
278,1838,delivered,114600,14.99,16,,,,,,17.96,2026-04-21T19:58:55Z,2026-05-13T09:49:20Z
279,1415,cancelled,30316,7.99,28,,,,,2295,11.51,2026-03-19T14:21:53Z,2026-05-13T09:49:20Z
280,602,pending,8600,0,,,,,,,26.06,2026-04-17T14:36:10Z,2026-05-13T09:49:20Z
281,248,confirmed,1080,7.99,10,,,,,,37.66,2026-04-11T22:43:13Z,2026-05-13T09:49:20Z
282,314,processing,18726,0,18,,,,,,67.62,2026-05-09T17:01:54Z,2026-05-13T09:49:20Z
283,695,shipped,42886,14.99,1,,,,,1089,72.19,2026-03-17T14:55:59Z,2026-05-13T09:49:20Z
284,527,delivered,10160,0,23,,,,,,77.74,2026-03-29T02:25:29Z,2026-05-13T09:49:20Z
285,306,delivered,6070,0,20,,,,,2426,19.11,2026-03-20T20:12:53Z,2026-05-13T09:49:20Z
286,243,delivered,11800,0,13,,,,,,23.75,2026-03-26T00:47:09Z,2026-05-13T09:49:20Z
287,397,cancelled,7380,0,8,,,,,,58.13,2026-05-07T15:00:33Z,2026-05-13T09:49:20Z
288,1569,pending,36896,14.99,,,,,,4324,88.69,2026-04-22T12:45:19Z,2026-05-13T09:49:20Z
289,449,confirmed,2580,7.99,18,,,,,2005,47.16,2026-04-21T04:48:08Z,2026-05-13T09:49:20Z
290,938,processing,11024,14.99,7,,,,,387,11.62,2026-05-08T03:40:18Z,2026-05-13T09:49:20Z
291,1608,shipped,7240,14.99,4,,,,,3953,11.81,2026-04-20T12:14:58Z,2026-05-13T09:49:20Z
292,926,delivered,173160,0,18,,,,,,69.47,2026-04-07T06:11:06Z,2026-05-13T09:49:20Z
293,997,delivered,12120,7.99,15,,,,,965,32.77,2026-04-19T03:08:52Z,2026-05-13T09:49:20Z
294,785,delivered,680,7.99,12,,,,,,94.09,2026-04-18T18:35:31Z,2026-05-13T09:49:20Z
295,1570,cancelled,35810,0,20,,,,,,42.81,2026-04-01T17:45:52Z,2026-05-13T09:49:20Z
296,1362,pending,4862,0,,,,,,,62.75,2026-05-11T20:47:58Z,2026-05-13T09:49:20Z
297,106,confirmed,18885,0,9,,,,,,72.48,2026-04-05T10:31:11Z,2026-05-13T09:49:20Z
298,70,processing,23150,7.99,24,,,,,,66.94,2026-05-01T21:03:11Z,2026-05-13T09:49:20Z
299,535,shipped,5600,7.99,15,,,,,,72.41,2026-04-07T19:54:08Z,2026-05-13T09:49:20Z
300,1858,delivered,3090,7.99,25,,,,,,43.74,2026-03-27T09:11:38Z,2026-05-13T09:49:20Z
301,113,delivered,1280,7.99,6,,,,,,24.82,2026-03-23T16:07:14Z,2026-05-13T09:49:20Z
302,1223,delivered,5550,14.99,1,,,,,660,64.25,2026-03-29T12:00:25Z,2026-05-13T09:49:20Z
303,301,cancelled,39310,7.99,1,,,,,1939,81.09,2026-04-09T21:56:07Z,2026-05-13T09:49:20Z
304,616,pending,88200,7.99,,,,,,,89.18,2026-04-07T03:55:08Z,2026-05-13T09:49:20Z
305,1386,confirmed,8534,0,28,,,,,,62.72,2026-04-15T18:13:04Z,2026-05-13T09:49:20Z
306,438,processing,120770,7.99,30,,,,,,44.55,2026-03-23T12:43:16Z,2026-05-13T09:49:20Z
307,205,shipped,11900,14.99,7,,,,,3604,16.49,2026-04-27T22:57:32Z,2026-05-13T09:49:20Z
308,946,delivered,55590,0,13,,,,,,18.83,2026-03-19T11:46:11Z,2026-05-13T09:49:20Z
309,694,delivered,4600,7.99,30,,,,,145,71.02,2026-05-11T23:46:07Z,2026-05-13T09:49:20Z
310,734,delivered,19106,7.99,4,,,,,8,85.6,2026-05-10T14:11:40Z,2026-05-13T09:49:20Z
311,1065,cancelled,2940,7.99,15,,,,,172,27.11,2026-04-05T15:06:27Z,2026-05-13T09:49:20Z
312,1510,pending,578,14.99,,,,,,1435,41.09,2026-03-29T11:05:42Z,2026-05-13T09:49:20Z
313,1831,confirmed,540,7.99,22,,,,,,61.92,2026-04-11T21:51:12Z,2026-05-13T09:49:20Z
314,1107,processing,3400,7.99,2,,,,,,60.93,2026-04-08T05:48:16Z,2026-05-13T09:49:20Z
315,1877,shipped,48640,7.99,2,,,,,,59.31,2026-05-01T06:04:08Z,2026-05-13T09:49:20Z
316,978,delivered,68950,14.99,27,,,,,,38.94,2026-03-22T08:57:11Z,2026-05-13T09:49:20Z
317,271,delivered,1690,7.99,12,,,,,2374,91.56,2026-04-18T05:49:16Z,2026-05-13T09:49:20Z
318,479,delivered,14060,14.99,30,,,,,,25.03,2026-04-15T23:17:47Z,2026-05-13T09:49:20Z
319,1785,cancelled,17760,7.99,18,,,,,,29.93,2026-04-16T12:12:43Z,2026-05-13T09:49:20Z
320,727,pending,53170,0,,,,,,,11.46,2026-05-01T21:04:24Z,2026-05-13T09:49:20Z
321,1,confirmed,1720,7.99,26,,,,,,58.22,2026-04-09T15:35:09Z,2026-05-13T09:49:20Z
322,878,processing,24210,0,6,,,,,,46.52,2026-04-09T00:44:22Z,2026-05-13T09:49:20Z
323,169,shipped,66800,14.99,18,,,,,,58.07,2026-04-25T09:42:44Z,2026-05-13T09:49:20Z
324,1137,delivered,780,7.99,2,,,,,407,69.46,2026-05-06T03:05:24Z,2026-05-13T09:49:20Z
325,1525,delivered,26400,0,15,,,,,,89.58,2026-04-16T13:12:08Z,2026-05-13T09:49:20Z
326,1478,delivered,1440,0,18,,,,,,94.82,2026-04-05T00:53:51Z,2026-05-13T09:49:20Z
327,1389,cancelled,1280,0,23,,,,,,20.32,2026-04-10T18:41:09Z,2026-05-13T09:49:20Z
328,773,pending,7770,0,,,,,,,70.58,2026-04-03T23:23:56Z,2026-05-13T09:49:20Z
329,70,confirmed,68240,14.99,24,,,,,2797,81.01,2026-03-23T20:30:03Z,2026-05-13T09:49:20Z
330,454,processing,9750,7.99,2,,,,,2813,74.86,2026-04-01T01:34:26Z,2026-05-13T09:49:20Z
331,1950,shipped,19940,7.99,6,,,,,,73.91,2026-05-07T11:51:38Z,2026-05-13T09:49:20Z
332,1696,delivered,27288,0,13,,,,,,69.85,2026-03-16T19:58:43Z,2026-05-13T09:49:20Z
333,321,delivered,45090,7.99,16,,,,,,81.93,2026-03-23T11:58:07Z,2026-05-13T09:49:20Z
334,1209,delivered,4380,14.99,19,,,,,2840,16.47,2026-03-29T02:11:17Z,2026-05-13T09:49:20Z
335,340,cancelled,12600,7.99,6,,,,,,11.4,2026-04-02T13:00:09Z,2026-05-13T09:49:20Z
336,629,pending,11900,7.99,,,,,,,28.48,2026-04-25T06:52:13Z,2026-05-13T09:49:20Z
337,537,confirmed,480,0,20,,,,,,83.52,2026-04-19T08:47:11Z,2026-05-13T09:49:20Z
338,1777,processing,14539,14.99,19,,,,,2190,81.65,2026-05-09T01:59:00Z,2026-05-13T09:49:20Z
339,651,shipped,15230,0,22,,,,,,45.31,2026-05-01T16:53:02Z,2026-05-13T09:49:20Z
340,1371,delivered,13550,7.99,19,,,,,,15.13,2026-04-20T23:01:54Z,2026-05-13T09:49:20Z
341,1696,delivered,42365,7.99,11,,,,,948,19.1,2026-04-04T08:38:01Z,2026-05-13T09:49:20Z
342,708,delivered,25240,0,3,,,,,864,41.17,2026-04-24T06:45:56Z,2026-05-13T09:49:20Z
343,861,cancelled,16980,14.99,7,,,,,4416,12.56,2026-05-05T12:13:20Z,2026-05-13T09:49:20Z
344,1856,pending,24090,7.99,,,,,,,43.55,2026-04-26T01:00:54Z,2026-05-13T09:49:20Z
345,1761,confirmed,45280,7.99,29,,,,,,26.54,2026-03-20T13:42:47Z,2026-05-13T09:49:20Z
346,197,processing,13650,7.99,1,,,,,,14.53,2026-03-20T03:04:06Z,2026-05-13T09:49:20Z
347,1089,shipped,104830,14.99,10,,,,,1339,22.76,2026-04-23T13:35:41Z,2026-05-13T09:49:20Z
348,907,delivered,23430,7.99,10,,,,,,34.7,2026-04-18T07:26:56Z,2026-05-13T09:49:20Z
349,388,delivered,17070,7.99,30,,,,,220,66.39,2026-04-14T18:28:28Z,2026-05-13T09:49:20Z
350,164,delivered,3240,7.99,28,,,,,1637,25.4,2026-04-23T21:33:22Z,2026-05-13T09:49:20Z
351,1139,cancelled,8520,7.99,21,,,,,4294,45.57,2026-04-02T12:43:22Z,2026-05-13T09:49:20Z
352,887,pending,31600,7.99,,,,,,3169,87.03,2026-04-15T08:36:36Z,2026-05-13T09:49:20Z
353,571,confirmed,5666,14.99,16,,,,,,21.48,2026-03-25T02:52:06Z,2026-05-13T09:49:20Z
354,31,processing,7830,0,10,,,,,,24.59,2026-04-18T08:50:25Z,2026-05-13T09:49:20Z
355,591,shipped,8000,0,22,,,,,3103,23.71,2026-04-16T10:16:14Z,2026-05-13T09:49:20Z
356,1421,delivered,5940,7.99,22,,,,,,91.59,2026-04-04T13:20:25Z,2026-05-13T09:49:20Z
357,1931,delivered,10720,0,21,,,,,,42.31,2026-04-27T22:38:04Z,2026-05-13T09:49:20Z
358,953,delivered,12560,7.99,26,,,,,1816,38.95,2026-03-25T04:52:26Z,2026-05-13T09:49:20Z
359,1618,cancelled,3890,7.99,7,,,,,,47.7,2026-04-06T10:09:40Z,2026-05-13T09:49:20Z
360,432,pending,74400,0,,,,,,1595,79.03,2026-04-14T01:27:39Z,2026-05-13T09:49:20Z
361,1600,confirmed,29540,7.99,29,,,,,,74.11,2026-03-17T14:20:32Z,2026-05-13T09:49:20Z
362,546,processing,8160,0,3,,,,,,80.74,2026-04-07T14:14:44Z,2026-05-13T09:49:20Z
363,669,shipped,8340,7.99,22,,,,,591,50.46,2026-04-26T09:15:50Z,2026-05-13T09:49:20Z
364,573,delivered,28880,0,22,,,,,70,92.42,2026-04-26T07:45:40Z,2026-05-13T09:49:20Z
365,599,delivered,44440,7.99,19,,,,,,78.5,2026-05-02T19:58:25Z,2026-05-13T09:49:20Z
366,226,delivered,2244,7.99,16,,,,,,72.06,2026-04-29T12:44:20Z,2026-05-13T09:49:20Z
367,565,cancelled,7906,7.99,2,,,,,,27.56,2026-03-17T22:36:52Z,2026-05-13T09:49:20Z
368,709,pending,62160,0,,,,,,,40.26,2026-04-10T08:10:12Z,2026-05-13T09:49:20Z
369,258,confirmed,940,0,29,,,,,,59.24,2026-05-10T04:13:18Z,2026-05-13T09:49:20Z
370,993,processing,620,7.99,17,,,,,1455,71.19,2026-05-06T13:12:05Z,2026-05-13T09:49:20Z
371,944,shipped,660,7.99,29,,,,,,89.29,2026-05-04T21:01:59Z,2026-05-13T09:49:20Z
372,1429,delivered,2880,14.99,30,,,,,,86.38,2026-04-29T10:02:43Z,2026-05-13T09:49:20Z
373,1641,delivered,87415,0,13,,,,,3198,82.02,2026-04-24T03:19:34Z,2026-05-13T09:49:20Z
374,1721,delivered,72,0,11,,,,,3810,34.76,2026-04-19T12:31:45Z,2026-05-13T09:49:20Z
375,1531,cancelled,6500,14.99,18,,,,,4644,39.28,2026-04-13T07:39:41Z,2026-05-13T09:49:20Z
376,931,pending,13440,7.99,,,,,,,89.11,2026-04-17T19:26:11Z,2026-05-13T09:49:20Z
377,425,confirmed,8140,7.99,16,,,,,1645,89.4,2026-04-04T18:47:42Z,2026-05-13T09:49:20Z
378,1136,processing,31238,0,6,,,,,,88.25,2026-03-15T06:04:08Z,2026-05-13T09:49:20Z
379,1914,shipped,21260,14.99,25,,,,,,87.57,2026-04-18T13:22:33Z,2026-05-13T09:49:20Z
380,1989,delivered,7600,0,22,,,,,1727,48.14,2026-03-24T23:39:02Z,2026-05-13T09:49:20Z
381,568,delivered,2160,7.99,22,,,,,,76.77,2026-03-29T00:44:35Z,2026-05-13T09:49:20Z
382,1814,delivered,37780,7.99,20,,,,,3509,22.17,2026-04-05T17:38:31Z,2026-05-13T09:49:20Z
383,499,cancelled,3540,14.99,28,,,,,997,20.47,2026-05-06T10:41:47Z,2026-05-13T09:49:20Z
384,1487,pending,7970,14.99,,,,,,4412,18.66,2026-04-17T15:02:37Z,2026-05-13T09:49:20Z
385,250,confirmed,54830,7.99,29,,,,,385,15.72,2026-04-03T14:55:18Z,2026-05-13T09:49:20Z
386,1127,processing,13865,14.99,27,,,,,,77.82,2026-03-14T18:07:11Z,2026-05-13T09:49:20Z
387,258,shipped,1280,14.99,11,,,,,,71.63,2026-04-10T20:27:17Z,2026-05-13T09:49:20Z
388,1907,delivered,10440,7.99,11,,,,,,53.21,2026-03-22T20:56:48Z,2026-05-13T09:49:20Z
389,1023,delivered,35400,0,16,,,,,,85.68,2026-03-28T20:51:14Z,2026-05-13T09:49:20Z
390,1078,delivered,1678,7.99,11,,,,,,61.85,2026-05-04T14:03:49Z,2026-05-13T09:49:20Z
391,683,cancelled,1860,14.99,29,,,,,,50.91,2026-04-10T14:01:31Z,2026-05-13T09:49:20Z
392,716,pending,15940,0,,,,,,,54.87,2026-04-01T00:46:51Z,2026-05-13T09:49:20Z
393,160,confirmed,7060,0,27,,,,,,29.68,2026-03-17T23:09:00Z,2026-05-13T09:49:20Z
394,1787,processing,21000,7.99,14,,,,,,21.87,2026-03-22T06:47:52Z,2026-05-13T09:49:20Z
395,320,shipped,1680,7.99,16,,,,,4686,69.8,2026-04-11T02:30:11Z,2026-05-13T09:49:20Z
396,270,delivered,4050,0,26,,,,,,57.69,2026-04-06T05:35:12Z,2026-05-13T09:49:20Z
397,1545,delivered,3760,14.99,13,,,,,1963,27.75,2026-04-05T08:58:05Z,2026-05-13T09:49:20Z
398,315,delivered,58,14.99,12,,,,,3792,66.79,2026-04-14T05:32:58Z,2026-05-13T09:49:20Z
399,1259,cancelled,18600,7.99,23,,,,,,40.3,2026-05-04T17:16:59Z,2026-05-13T09:49:20Z
400,1910,pending,107920,7.99,,,,,,,25.26,2026-03-14T23:05:42Z,2026-05-13T09:49:20Z
401,1840,confirmed,32480,14.99,10,,,,,4557,84.11,2026-04-13T08:47:42Z,2026-05-13T09:49:20Z
402,502,processing,12400,14.99,29,,,,,,83.94,2026-03-23T04:46:47Z,2026-05-13T09:49:20Z
403,1640,shipped,190,7.99,13,,,,,,40.75,2026-04-12T20:46:07Z,2026-05-13T09:49:20Z
404,1292,delivered,16050,7.99,28,,,,,3270,45.22,2026-04-11T03:07:18Z,2026-05-13T09:49:20Z
405,903,delivered,1300,14.99,28,,,,,3928,76.75,2026-03-16T15:10:41Z,2026-05-13T09:49:20Z
406,1092,delivered,42190,0,13,,,,,,38.39,2026-04-27T21:13:12Z,2026-05-13T09:49:20Z
407,28,cancelled,8510,14.99,24,,,,,,42.77,2026-05-11T19:20:31Z,2026-05-13T09:49:20Z
408,1842,pending,22940,7.99,,,,,,4342,75.73,2026-03-22T23:44:03Z,2026-05-13T09:49:20Z
409,302,confirmed,33760,0,3,,,,,2724,43.38,2026-03-18T12:48:03Z,2026-05-13T09:49:20Z
410,1111,processing,3010,7.99,1,,,,,,83.76,2026-04-14T05:24:40Z,2026-05-13T09:49:20Z
411,1456,shipped,17990,0,30,,,,,,64.55,2026-03-22T19:47:33Z,2026-05-13T09:49:20Z
412,1166,delivered,20400,0,30,,,,,,81.1,2026-05-01T19:20:11Z,2026-05-13T09:49:20Z
413,486,delivered,19960,0,29,,,,,,49.75,2026-04-12T20:50:35Z,2026-05-13T09:49:20Z
414,1156,delivered,17900,0,16,,,,,,52.89,2026-03-28T06:13:12Z,2026-05-13T09:49:20Z
415,322,cancelled,932,7.99,13,,,,,,18.49,2026-05-13T08:13:13Z,2026-05-13T09:49:20Z
416,969,pending,54420,0,,,,,,,40.64,2026-04-04T23:28:33Z,2026-05-13T09:49:20Z
417,31,confirmed,3040,0,26,,,,,,42.03,2026-04-02T02:38:43Z,2026-05-13T09:49:20Z
418,721,processing,11345,7.99,29,,,,,2202,23.06,2026-04-27T03:15:12Z,2026-05-13T09:49:20Z
419,1535,shipped,12600,14.99,4,,,,,,45.47,2026-04-26T15:13:48Z,2026-05-13T09:49:20Z
420,1782,delivered,121470,7.99,23,,,,,1088,94.58,2026-03-30T21:54:02Z,2026-05-13T09:49:20Z
421,1483,delivered,6990,14.99,29,,,,,,25.39,2026-03-16T12:16:41Z,2026-05-13T09:49:20Z
422,1183,delivered,38450,14.99,19,,,,,1343,35.22,2026-04-20T09:26:31Z,2026-05-13T09:49:20Z
423,1282,cancelled,33390,7.99,13,,,,,,13.76,2026-05-07T05:04:04Z,2026-05-13T09:49:20Z
424,1342,pending,36865,14.99,,,,,,4671,41.87,2026-04-12T20:40:15Z,2026-05-13T09:49:20Z
425,74,confirmed,29470,7.99,15,,,,,,94,2026-04-06T08:28:28Z,2026-05-13T09:49:20Z
426,1808,processing,3250,7.99,1,,,,,,65.99,2026-04-24T13:38:17Z,2026-05-13T09:49:20Z
427,1798,shipped,331660,7.99,13,,,,,2984,61.8,2026-03-25T19:52:19Z,2026-05-13T09:49:20Z
428,491,delivered,37300,14.99,28,,,,,4058,63.93,2026-05-02T09:12:17Z,2026-05-13T09:49:20Z
429,1515,delivered,145300,0,20,,,,,1364,45.32,2026-05-06T16:51:46Z,2026-05-13T09:49:20Z
430,186,delivered,73600,7.99,2,,,,,818,15.54,2026-04-05T21:46:44Z,2026-05-13T09:49:20Z
431,878,cancelled,540,7.99,1,,,,,,89.21,2026-05-01T19:02:39Z,2026-05-13T09:49:20Z
432,493,pending,1480,0,,,,,,,51.18,2026-04-06T05:35:22Z,2026-05-13T09:49:20Z
433,971,confirmed,14240,0,25,,,,,862,48.19,2026-03-27T04:24:05Z,2026-05-13T09:49:20Z
434,305,processing,48400,0,23,,,,,4651,39.18,2026-04-27T09:07:23Z,2026-05-13T09:49:20Z
435,733,shipped,94690,0,7,,,,,1467,10.73,2026-03-21T02:53:41Z,2026-05-13T09:49:20Z
436,696,delivered,46220,14.99,7,,,,,,72.41,2026-05-07T10:13:35Z,2026-05-13T09:49:20Z
437,99,delivered,20040,7.99,16,,,,,4679,61.09,2026-04-15T23:20:26Z,2026-05-13T09:49:20Z
438,1738,delivered,92010,14.99,12,,,,,,50.44,2026-04-01T04:18:02Z,2026-05-13T09:49:20Z
439,388,cancelled,2410,7.99,27,,,,,,53.23,2026-05-10T23:15:04Z,2026-05-13T09:49:20Z
440,1224,pending,40967,14.99,,,,,,,49.46,2026-04-14T12:49:27Z,2026-05-13T09:49:20Z
441,1313,confirmed,42600,0,3,,,,,,73.3,2026-04-28T13:18:36Z,2026-05-13T09:49:20Z
442,1974,processing,12320,0,12,,,,,,11.78,2026-04-18T22:14:44Z,2026-05-13T09:49:20Z
443,1445,shipped,8970,14.99,14,,,,,,62.39,2026-04-10T23:41:30Z,2026-05-13T09:49:20Z
444,396,delivered,54000,7.99,27,,,,,2426,50.65,2026-05-01T15:55:03Z,2026-05-13T09:49:20Z
445,1055,delivered,8200,0,25,,,,,,82.89,2026-04-15T13:44:42Z,2026-05-13T09:49:20Z
446,523,delivered,52260,7.99,24,,,,,4889,92.62,2026-03-30T14:59:14Z,2026-05-13T09:49:20Z
447,1148,cancelled,1180,7.99,4,,,,,,39.13,2026-04-22T05:10:13Z,2026-05-13T09:49:20Z
448,1116,pending,10110,7.99,,,,,,4032,49.76,2026-05-02T19:20:25Z,2026-05-13T09:49:20Z
449,900,confirmed,36370,7.99,2,,,,,,27.02,2026-04-16T20:49:22Z,2026-05-13T09:49:20Z
450,1520,processing,5254,7.99,18,,,,,,26.68,2026-03-20T07:31:31Z,2026-05-13T09:49:20Z
451,1473,shipped,35860,14.99,28,,,,,,34.16,2026-04-05T02:49:18Z,2026-05-13T09:49:20Z
452,1277,delivered,18930,0,22,,,,,3250,35.94,2026-03-16T04:26:56Z,2026-05-13T09:49:20Z
453,88,delivered,53700,14.99,7,,,,,1827,78.06,2026-03-25T04:48:57Z,2026-05-13T09:49:20Z
454,83,delivered,52800,0,4,,,,,,15.58,2026-03-16T01:36:11Z,2026-05-13T09:49:20Z
455,93,cancelled,47980,7.99,15,,,,,,81.53,2026-05-04T19:22:26Z,2026-05-13T09:49:20Z
456,263,pending,80380,0,,,,,,1211,11.37,2026-04-30T09:11:45Z,2026-05-13T09:49:20Z
457,439,confirmed,13660,7.99,14,,,,,,85.04,2026-03-20T20:53:56Z,2026-05-13T09:49:20Z
458,1840,processing,80220,0,30,,,,,,26.86,2026-03-29T05:28:18Z,2026-05-13T09:49:20Z
459,93,shipped,27580,7.99,9,,,,,,85.85,2026-04-25T14:32:38Z,2026-05-13T09:49:20Z
460,1872,delivered,1080,7.99,14,,,,,,14.69,2026-04-01T05:52:43Z,2026-05-13T09:49:20Z
461,46,delivered,890,0,12,,,,,2520,31.67,2026-03-25T19:01:08Z,2026-05-13T09:49:20Z
462,963,delivered,3880,14.99,23,,,,,4475,66.24,2026-03-16T00:19:35Z,2026-05-13T09:49:20Z
463,1379,cancelled,7160,0,9,,,,,,27.65,2026-04-08T04:04:58Z,2026-05-13T09:49:20Z
464,1707,pending,51508,0,,,,,,,24.45,2026-04-07T13:10:26Z,2026-05-13T09:49:20Z
465,782,confirmed,4985,14.99,8,,,,,520,28.2,2026-04-29T19:46:25Z,2026-05-13T09:49:20Z
466,95,processing,20606,7.99,19,,,,,,92.04,2026-05-11T06:31:54Z,2026-05-13T09:49:20Z
467,221,shipped,41090,7.99,16,,,,,,15.87,2026-03-17T01:16:20Z,2026-05-13T09:49:20Z
468,895,delivered,1530,14.99,1,,,,,,78.53,2026-05-07T05:56:06Z,2026-05-13T09:49:20Z
469,1212,delivered,23480,14.99,23,,,,,,43.07,2026-04-11T12:28:46Z,2026-05-13T09:49:20Z
470,1361,delivered,7366,7.99,6,,,,,,86.56,2026-04-24T02:32:27Z,2026-05-13T09:49:20Z
471,1665,cancelled,9688,0,23,,,,,,73.99,2026-04-14T20:44:46Z,2026-05-13T09:49:20Z
472,989,pending,18500,7.99,,,,,,,49.5,2026-05-09T13:00:53Z,2026-05-13T09:49:20Z
473,245,confirmed,44520,7.99,3,,,,,989,34.98,2026-04-26T10:36:49Z,2026-05-13T09:49:20Z
474,1770,processing,2580,7.99,25,,,,,1974,12.29,2026-05-08T23:43:51Z,2026-05-13T09:49:20Z
475,504,shipped,1320,14.99,20,,,,,2048,81.09,2026-03-17T01:33:40Z,2026-05-13T09:49:20Z
476,1992,delivered,57208,0,28,,,,,2410,83.93,2026-04-27T15:08:18Z,2026-05-13T09:49:20Z
477,1858,delivered,8980,0,7,,,,,22,40.42,2026-04-01T02:28:10Z,2026-05-13T09:49:20Z
478,3,delivered,36900,0,14,,,,,,53.42,2026-03-24T12:23:28Z,2026-05-13T09:49:20Z
479,287,cancelled,19500,7.99,12,,,,,,51.55,2026-04-24T11:43:44Z,2026-05-13T09:49:20Z
480,1519,pending,33960,7.99,,,,,,,86.97,2026-04-24T08:00:54Z,2026-05-13T09:49:20Z
481,883,confirmed,2564,14.99,7,,,,,,52.45,2026-03-26T05:09:18Z,2026-05-13T09:49:20Z
482,263,processing,47470,7.99,21,,,,,,28.81,2026-04-26T16:53:33Z,2026-05-13T09:49:20Z
483,1797,shipped,106050,0,12,,,,,,56.42,2026-04-09T15:47:30Z,2026-05-13T09:49:20Z
484,1234,delivered,23600,14.99,16,,,,,,36.42,2026-03-19T21:06:18Z,2026-05-13T09:49:20Z
485,572,delivered,3540,0,21,,,,,,68.98,2026-03-25T22:30:19Z,2026-05-13T09:49:20Z
486,601,delivered,21880,14.99,23,,,,,,35.16,2026-04-26T21:24:00Z,2026-05-13T09:49:20Z
487,267,cancelled,11700,14.99,5,,,,,,54.56,2026-04-27T00:06:40Z,2026-05-13T09:49:20Z
488,1769,pending,29520,0,,,,,,,47.56,2026-04-09T23:05:18Z,2026-05-13T09:49:20Z
489,799,confirmed,40530,14.99,25,,,,,1456,55.42,2026-03-22T15:19:28Z,2026-05-13T09:49:20Z
490,1601,processing,7820,7.99,29,,,,,,65.35,2026-05-06T17:16:51Z,2026-05-13T09:49:20Z
491,636,shipped,4400,14.99,16,,,,,3242,47.27,2026-04-02T00:46:11Z,2026-05-13T09:49:20Z
492,1316,delivered,240,7.99,11,,,,,,40.41,2026-03-30T04:26:10Z,2026-05-13T09:49:20Z
493,405,delivered,8720,7.99,7,,,,,,92.83,2026-03-15T09:19:49Z,2026-05-13T09:49:20Z
494,1263,delivered,4410,7.99,26,,,,,,72.36,2026-03-28T10:27:59Z,2026-05-13T09:49:20Z
495,95,cancelled,166845,7.99,25,,,,,,61.66,2026-04-06T08:15:03Z,2026-05-13T09:49:20Z
496,1765,pending,34070,7.99,,,,,,,35.99,2026-05-11T21:37:45Z,2026-05-13T09:49:20Z
497,35,confirmed,32190,7.99,8,,,,,,75.73,2026-03-24T15:01:21Z,2026-05-13T09:49:20Z
498,1122,processing,17385,7.99,2,,,,,,92.73,2026-04-26T09:14:34Z,2026-05-13T09:49:20Z
499,680,shipped,27200,7.99,27,,,,,,38.16,2026-04-22T01:03:21Z,2026-05-13T09:49:20Z
500,1697,delivered,47000,14.99,2,,,,,,47.48,2026-04-18T22:38:20Z,2026-05-13T09:49:20Z
501,1820,delivered,10600,0,16,,,,,,71.24,2026-04-19T07:48:39Z,2026-05-13T09:49:20Z
502,1915,delivered,4000,7.99,22,,,,,,54.05,2026-04-02T06:44:34Z,2026-05-13T09:49:20Z
503,1555,cancelled,8160,7.99,20,,,,,,75.47,2026-04-17T11:01:36Z,2026-05-13T09:49:20Z
504,670,pending,4340,14.99,,,,,,,29.18,2026-05-10T15:11:35Z,2026-05-13T09:49:20Z
505,936,confirmed,18280,0,25,,,,,,54.74,2026-05-04T21:37:28Z,2026-05-13T09:49:20Z
506,520,processing,26736,14.99,23,,,,,4365,27.17,2026-04-13T11:20:45Z,2026-05-13T09:49:20Z
507,1402,shipped,36420,7.99,20,,,,,4656,42.61,2026-05-11T00:08:21Z,2026-05-13T09:49:20Z
508,1031,delivered,390,7.99,13,,,,,,90.92,2026-05-09T23:00:28Z,2026-05-13T09:49:20Z
509,1580,delivered,25200,7.99,15,,,,,4822,17.24,2026-05-03T03:57:50Z,2026-05-13T09:49:20Z
510,1594,delivered,27960,7.99,2,,,,,618,21.11,2026-04-19T06:32:55Z,2026-05-13T09:49:20Z
511,199,cancelled,5970,14.99,23,,,,,556,19.1,2026-04-20T10:12:12Z,2026-05-13T09:49:20Z
512,454,pending,40640,0,,,,,,378,44.48,2026-05-03T23:52:41Z,2026-05-13T09:49:20Z
513,793,confirmed,10180,0,11,,,,,,36.25,2026-04-16T12:44:27Z,2026-05-13T09:49:20Z
514,1022,processing,8230,14.99,29,,,,,2966,58.11,2026-04-12T14:56:45Z,2026-05-13T09:49:20Z
515,1407,shipped,1750,14.99,25,,,,,800,81.99,2026-05-09T17:32:10Z,2026-05-13T09:49:20Z
516,605,delivered,680,7.99,14,,,,,,93.92,2026-05-06T00:30:42Z,2026-05-13T09:49:20Z
517,1791,delivered,5850,0,18,,,,,,77.08,2026-04-17T00:45:45Z,2026-05-13T09:49:20Z
518,1470,delivered,19210,7.99,21,,,,,3715,75.77,2026-03-19T19:04:12Z,2026-05-13T09:49:20Z
519,968,cancelled,16980,0,16,,,,,,94.51,2026-03-26T22:13:47Z,2026-05-13T09:49:20Z
520,1085,pending,14860,0,,,,,,,43.62,2026-03-17T14:43:23Z,2026-05-13T09:49:20Z
521,1102,confirmed,12480,14.99,14,,,,,,50.03,2026-04-29T04:02:14Z,2026-05-13T09:49:20Z
522,814,processing,25620,0,6,,,,,1736,27.07,2026-04-01T22:51:58Z,2026-05-13T09:49:20Z
523,1419,shipped,1280,0,29,,,,,,12.1,2026-05-13T00:00:37Z,2026-05-13T09:49:20Z
524,1636,delivered,12490,7.99,4,,,,,,79.17,2026-03-29T04:59:27Z,2026-05-13T09:49:20Z
525,898,delivered,2580,0,17,,,,,,15.09,2026-03-15T22:04:09Z,2026-05-13T09:49:20Z
526,1822,delivered,5420,14.99,24,,,,,,93.33,2026-04-12T19:07:12Z,2026-05-13T09:49:20Z
527,1425,cancelled,3890,14.99,11,,,,,,10.23,2026-04-20T14:03:05Z,2026-05-13T09:49:20Z
528,549,pending,6370,0,,,,,,4432,22.04,2026-05-01T18:22:17Z,2026-05-13T09:49:20Z
529,1493,confirmed,28220,14.99,7,,,,,,33.37,2026-04-04T21:20:52Z,2026-05-13T09:49:20Z
530,980,processing,9730,0,3,,,,,,13.65,2026-05-04T12:32:17Z,2026-05-13T09:49:20Z
531,1025,shipped,13600,0,15,,,,,,47.82,2026-03-19T05:57:26Z,2026-05-13T09:49:20Z
532,1785,delivered,23656,7.99,12,,,,,,89.12,2026-04-20T20:03:22Z,2026-05-13T09:49:20Z
533,592,delivered,13600,14.99,19,,,,,,51.29,2026-04-27T19:19:17Z,2026-05-13T09:49:20Z
534,486,delivered,155800,7.99,26,,,,,,44.76,2026-03-27T08:30:36Z,2026-05-13T09:49:20Z
535,1322,cancelled,330,14.99,8,,,,,,41.03,2026-03-28T21:46:17Z,2026-05-13T09:49:20Z
536,1423,pending,5980,14.99,,,,,,,82.04,2026-03-19T19:59:05Z,2026-05-13T09:49:20Z
537,1044,confirmed,24150,14.99,28,,,,,,13.63,2026-04-22T12:13:21Z,2026-05-13T09:49:20Z
538,779,processing,3900,7.99,14,,,,,,64.11,2026-05-10T23:09:31Z,2026-05-13T09:49:20Z
539,893,shipped,12000,0,11,,,,,,76.21,2026-03-21T05:14:50Z,2026-05-13T09:49:20Z
540,1573,delivered,69050,14.99,22,,,,,,30.12,2026-05-10T15:51:52Z,2026-05-13T09:49:20Z
541,81,delivered,43980,7.99,20,,,,,709,63.15,2026-04-09T19:35:21Z,2026-05-13T09:49:20Z
542,1610,delivered,2240,0,12,,,,,2691,60.07,2026-04-21T15:58:11Z,2026-05-13T09:49:20Z
543,1729,cancelled,46040,14.99,13,,,,,,58.75,2026-05-08T01:50:54Z,2026-05-13T09:49:20Z
544,226,pending,124800,14.99,,,,,,1313,66.95,2026-05-02T16:38:42Z,2026-05-13T09:49:20Z
545,1730,confirmed,3558,14.99,16,,,,,,38.35,2026-03-17T11:44:14Z,2026-05-13T09:49:20Z
546,237,processing,21940,0,28,,,,,3424,10.65,2026-05-12T11:23:01Z,2026-05-13T09:49:20Z
547,505,shipped,1440,7.99,6,,,,,,67.37,2026-04-28T11:33:17Z,2026-05-13T09:49:20Z
548,399,delivered,28610,7.99,19,,,,,,69.48,2026-04-09T15:52:55Z,2026-05-13T09:49:20Z
549,1031,delivered,4452,0,24,,,,,4039,45.47,2026-03-20T09:18:56Z,2026-05-13T09:49:20Z
550,511,delivered,3635,14.99,4,,,,,,79.25,2026-04-22T13:55:29Z,2026-05-13T09:49:20Z
551,1355,cancelled,4680,0,21,,,,,1898,42.69,2026-05-09T16:53:37Z,2026-05-13T09:49:20Z
552,700,pending,1020,7.99,,,,,,308,61,2026-05-01T01:08:28Z,2026-05-13T09:49:20Z
553,943,confirmed,20808,0,8,,,,,,18.02,2026-04-05T12:29:17Z,2026-05-13T09:49:20Z
554,418,processing,920,7.99,12,,,,,,39.01,2026-05-01T13:20:09Z,2026-05-13T09:49:20Z
555,121,shipped,42860,0,15,,,,,2646,41.4,2026-04-17T20:23:50Z,2026-05-13T09:49:20Z
556,1323,delivered,16400,7.99,18,,,,,,63.14,2026-04-27T04:47:04Z,2026-05-13T09:49:20Z
557,279,delivered,14000,7.99,10,,,,,4849,23.64,2026-05-07T13:44:31Z,2026-05-13T09:49:20Z
558,1222,delivered,40540,7.99,18,,,,,,92.33,2026-04-01T01:06:06Z,2026-05-13T09:49:20Z
559,1452,cancelled,47550,7.99,10,,,,,,19.77,2026-03-17T04:21:53Z,2026-05-13T09:49:20Z
560,373,pending,119200,14.99,,,,,,,80.44,2026-04-28T13:08:03Z,2026-05-13T09:49:20Z
561,109,confirmed,2164,7.99,28,,,,,,70.42,2026-03-19T04:42:54Z,2026-05-13T09:49:20Z
562,1548,processing,14540,0,1,,,,,,19.2,2026-05-09T00:07:26Z,2026-05-13T09:49:20Z
563,774,shipped,141720,7.99,9,,,,,4083,66.43,2026-04-03T18:15:55Z,2026-05-13T09:49:20Z
564,1306,delivered,88130,14.99,10,,,,,,57.32,2026-05-10T16:24:37Z,2026-05-13T09:49:20Z
565,544,delivered,21680,14.99,19,,,,,,77.96,2026-05-11T12:40:21Z,2026-05-13T09:49:20Z
566,674,delivered,4350,0,15,,,,,,58.85,2026-05-08T15:21:37Z,2026-05-13T09:49:20Z
567,32,cancelled,5596,7.99,3,,,,,111,58.12,2026-05-02T10:35:54Z,2026-05-13T09:49:20Z
568,288,pending,5850,7.99,,,,,,,80.27,2026-05-12T05:33:36Z,2026-05-13T09:49:20Z
569,1300,confirmed,5542,0,20,,,,,,11.57,2026-04-27T08:35:04Z,2026-05-13T09:49:20Z
570,1470,processing,285,14.99,22,,,,,,45.75,2026-04-14T22:11:38Z,2026-05-13T09:49:20Z
571,1725,shipped,8780,7.99,19,,,,,,23.25,2026-04-06T14:35:47Z,2026-05-13T09:49:20Z
572,1016,delivered,30241,0,10,,,,,3329,84.88,2026-04-11T01:05:21Z,2026-05-13T09:49:20Z
573,603,delivered,37090,7.99,22,,,,,4405,27.58,2026-05-10T09:47:25Z,2026-05-13T09:49:20Z
574,855,delivered,13600,7.99,19,,,,,,85.11,2026-04-12T00:59:37Z,2026-05-13T09:49:20Z
575,66,cancelled,55440,14.99,9,,,,,4062,15.27,2026-04-21T05:01:03Z,2026-05-13T09:49:20Z
576,1935,pending,161990,0,,,,,,,30.49,2026-04-23T05:18:33Z,2026-05-13T09:49:20Z
577,1891,confirmed,29330,0,24,,,,,3270,63.32,2026-03-24T00:39:20Z,2026-05-13T09:49:20Z
578,1125,processing,40020,7.99,15,,,,,,83.04,2026-05-02T06:03:56Z,2026-05-13T09:49:20Z
579,1669,shipped,4394,14.99,20,,,,,,66.18,2026-03-14T15:13:05Z,2026-05-13T09:49:20Z
580,748,delivered,1040,0,1,,,,,,32.35,2026-03-21T13:14:40Z,2026-05-13T09:49:20Z
581,1827,delivered,17010,0,19,,,,,,50.73,2026-04-05T01:15:53Z,2026-05-13T09:49:20Z
582,892,delivered,39145,7.99,28,,,,,,86.31,2026-04-27T00:08:25Z,2026-05-13T09:49:20Z
583,1860,cancelled,38960,7.99,23,,,,,3733,28.49,2026-03-19T13:06:57Z,2026-05-13T09:49:20Z
584,843,pending,48140,7.99,,,,,,,77.85,2026-05-02T19:15:13Z,2026-05-13T09:49:20Z
585,1576,confirmed,2000,0,12,,,,,,19.92,2026-05-03T10:34:24Z,2026-05-13T09:49:20Z
586,751,processing,1020,7.99,25,,,,,,72.49,2026-03-25T10:48:57Z,2026-05-13T09:49:20Z
587,745,shipped,48100,14.99,11,,,,,,54.95,2026-05-05T23:45:19Z,2026-05-13T09:49:20Z
588,1976,delivered,3060,7.99,7,,,,,,61.15,2026-03-31T08:33:20Z,2026-05-13T09:49:20Z
589,690,delivered,5720,7.99,2,,,,,,49.28,2026-04-10T08:10:29Z,2026-05-13T09:49:20Z
590,1726,delivered,57360,0,12,,,,,,76.73,2026-04-01T12:35:15Z,2026-05-13T09:49:20Z
591,222,cancelled,8826,7.99,19,,,,,,30.91,2026-04-15T18:14:20Z,2026-05-13T09:49:20Z
592,246,pending,63865,0,,,,,,,46.85,2026-05-01T19:00:30Z,2026-05-13T09:49:20Z
593,569,confirmed,1620,7.99,20,,,,,,93.74,2026-04-07T12:32:27Z,2026-05-13T09:49:20Z
594,1283,processing,6110,7.99,18,,,,,,61.51,2026-05-09T10:08:45Z,2026-05-13T09:49:20Z
595,1254,shipped,27000,7.99,1,,,,,,35.05,2026-05-11T05:08:26Z,2026-05-13T09:49:20Z
596,92,delivered,3250,7.99,6,,,,,,76.14,2026-03-31T21:23:48Z,2026-05-13T09:49:20Z
597,1504,delivered,1360,14.99,1,,,,,,40.78,2026-05-05T17:12:12Z,2026-05-13T09:49:20Z
598,611,delivered,3250,14.99,14,,,,,,25.81,2026-04-28T07:52:22Z,2026-05-13T09:49:20Z
599,1519,cancelled,5570,7.99,27,,,,,,58.55,2026-05-10T13:12:38Z,2026-05-13T09:49:20Z
600,651,pending,135250,7.99,,,,,,,35.37,2026-04-13T18:21:06Z,2026-05-13T09:49:20Z
601,340,confirmed,105700,0,18,,,,,,44.84,2026-03-19T06:30:51Z,2026-05-13T09:49:20Z
602,1463,processing,1565,7.99,10,,,,,,56.44,2026-03-23T03:53:26Z,2026-05-13T09:49:20Z
603,1823,shipped,15300,0,7,,,,,1812,58.85,2026-05-12T02:17:49Z,2026-05-13T09:49:20Z
604,1837,delivered,15980,14.99,11,,,,,,78.24,2026-04-29T17:29:00Z,2026-05-13T09:49:20Z
605,1021,delivered,104620,14.99,9,,,,,,80.73,2026-03-22T23:09:46Z,2026-05-13T09:49:20Z
606,46,delivered,10910,14.99,2,,,,,607,63.03,2026-03-22T00:14:42Z,2026-05-13T09:49:20Z
607,1199,cancelled,28400,7.99,8,,,,,,88.86,2026-04-16T11:21:53Z,2026-05-13T09:49:20Z
608,1211,pending,22840,7.99,,,,,,,72.5,2026-04-01T03:05:32Z,2026-05-13T09:49:20Z
609,1030,confirmed,8125,0,5,,,,,,77.43,2026-04-28T03:54:17Z,2026-05-13T09:49:20Z
610,894,processing,10140,0,18,,,,,,63.66,2026-03-27T09:33:39Z,2026-05-13T09:49:20Z
611,1712,shipped,12200,0,17,,,,,,59.21,2026-03-25T14:26:50Z,2026-05-13T09:49:20Z
612,525,delivered,1450,14.99,15,,,,,,39.65,2026-05-12T12:15:25Z,2026-05-13T09:49:20Z
613,1250,delivered,7350,14.99,26,,,,,,43.37,2026-03-23T00:58:53Z,2026-05-13T09:49:20Z
614,1874,delivered,760,0,23,,,,,94,42.09,2026-04-29T11:18:44Z,2026-05-13T09:49:20Z
615,1304,cancelled,6936,0,9,,,,,,47.25,2026-03-27T12:05:38Z,2026-05-13T09:49:20Z
616,1762,pending,23820,0,,,,,,,70.34,2026-03-25T01:29:51Z,2026-05-13T09:49:20Z
617,571,confirmed,38490,7.99,30,,,,,,27.69,2026-05-10T20:22:39Z,2026-05-13T09:49:20Z
618,1597,processing,990,7.99,2,,,,,438,45.94,2026-04-25T21:36:51Z,2026-05-13T09:49:20Z
619,1847,shipped,31470,0,3,,,,,,74.79,2026-04-18T16:31:30Z,2026-05-13T09:49:20Z
620,1892,delivered,68532,7.99,11,,,,,1489,42.62,2026-04-20T12:31:10Z,2026-05-13T09:49:20Z
621,109,delivered,23520,7.99,29,,,,,4809,62.12,2026-05-01T21:29:27Z,2026-05-13T09:49:20Z
622,553,delivered,11890,7.99,20,,,,,,14.67,2026-03-16T20:14:14Z,2026-05-13T09:49:20Z
623,1229,cancelled,12570,7.99,21,,,,,509,16.04,2026-03-21T17:24:51Z,2026-05-13T09:49:20Z
624,1843,pending,67650,7.99,,,,,,,34.93,2026-03-14T19:40:22Z,2026-05-13T09:49:20Z
625,1975,confirmed,11020,7.99,16,,,,,,94.45,2026-04-22T18:05:22Z,2026-05-13T09:49:20Z
626,449,processing,15640,7.99,13,,,,,2455,62.34,2026-05-03T20:36:48Z,2026-05-13T09:49:20Z
627,901,shipped,4480,7.99,19,,,,,,74.15,2026-03-17T05:40:02Z,2026-05-13T09:49:20Z
628,1395,delivered,8800,7.99,15,,,,,,78.57,2026-04-01T09:40:56Z,2026-05-13T09:49:20Z
629,1899,delivered,620,7.99,24,,,,,,26.5,2026-04-21T04:48:08Z,2026-05-13T09:49:20Z
630,176,delivered,7480,14.99,27,,,,,,82.44,2026-04-27T22:29:46Z,2026-05-13T09:49:20Z
631,1819,cancelled,45180,7.99,7,,,,,476,74.6,2026-04-22T19:51:18Z,2026-05-13T09:49:20Z
632,34,pending,43550,0,,,,,,,53.64,2026-03-24T09:33:09Z,2026-05-13T09:49:20Z
633,442,confirmed,62880,7.99,15,,,,,,37.42,2026-04-15T11:44:03Z,2026-05-13T09:49:20Z
634,1984,processing,48960,0,20,,,,,,48.41,2026-05-07T02:41:46Z,2026-05-13T09:49:20Z
635,861,shipped,10280,14.99,24,,,,,2674,44.71,2026-04-02T20:24:05Z,2026-05-13T09:49:20Z
636,1355,delivered,52645,7.99,20,,,,,1630,62.9,2026-03-15T05:47:31Z,2026-05-13T09:49:20Z
637,1685,delivered,5320,7.99,6,,,,,,69.67,2026-03-24T04:14:01Z,2026-05-13T09:49:20Z
638,1039,delivered,42600,7.99,14,,,,,,84.83,2026-05-03T07:09:29Z,2026-05-13T09:49:20Z
639,666,cancelled,5610,7.99,13,,,,,,65.34,2026-03-17T09:45:50Z,2026-05-13T09:49:20Z
640,840,pending,39668,14.99,,,,,,,66.39,2026-04-13T19:23:13Z,2026-05-13T09:49:20Z
641,609,confirmed,14320,0,10,,,,,,45.01,2026-05-11T19:17:10Z,2026-05-13T09:49:20Z
642,1192,processing,21660,7.99,26,,,,,,31.49,2026-03-19T15:56:43Z,2026-05-13T09:49:20Z
643,830,shipped,770,7.99,23,,,,,,31.71,2026-03-17T02:16:19Z,2026-05-13T09:49:20Z
644,1449,delivered,91960,14.99,30,,,,,4028,46.81,2026-04-14T20:13:21Z,2026-05-13T09:49:20Z
645,661,delivered,9480,7.99,4,,,,,,22.74,2026-05-06T23:08:53Z,2026-05-13T09:49:20Z
646,1389,delivered,3880,14.99,16,,,,,,33.12,2026-05-01T23:27:01Z,2026-05-13T09:49:20Z
647,1302,cancelled,14246,0,19,,,,,,73.46,2026-03-26T19:25:14Z,2026-05-13T09:49:20Z
648,712,pending,9110,7.99,,,,,,,42.2,2026-05-04T05:32:04Z,2026-05-13T09:49:20Z
649,1077,confirmed,185,7.99,14,,,,,,30.95,2026-03-27T10:42:59Z,2026-05-13T09:49:20Z
650,1082,processing,19654,14.99,19,,,,,,70.22,2026-04-26T00:24:03Z,2026-05-13T09:49:20Z
651,1563,shipped,64200,7.99,20,,,,,,18.79,2026-04-17T19:08:59Z,2026-05-13T09:49:20Z
652,1112,delivered,3100,0,6,,,,,,85.93,2026-05-10T13:24:38Z,2026-05-13T09:49:20Z
653,1361,delivered,2110,0,8,,,,,,21.62,2026-04-19T13:11:23Z,2026-05-13T09:49:20Z
654,772,delivered,54664,0,17,,,,,,32.47,2026-04-16T15:22:37Z,2026-05-13T09:49:20Z
655,1744,cancelled,2580,0,16,,,,,,38.36,2026-05-06T04:36:01Z,2026-05-13T09:49:20Z
656,548,pending,43076,7.99,,,,,,480,29.16,2026-04-04T05:50:56Z,2026-05-13T09:49:20Z
657,1565,confirmed,19100,0,19,,,,,,60.96,2026-04-21T01:01:41Z,2026-05-13T09:49:20Z
658,1966,processing,18696,0,8,,,,,,41.13,2026-03-17T10:42:02Z,2026-05-13T09:49:20Z
659,1842,shipped,178200,14.99,9,,,,,,71.59,2026-03-30T11:23:26Z,2026-05-13T09:49:20Z
660,928,delivered,540,14.99,21,,,,,,63.05,2026-04-02T12:18:41Z,2026-05-13T09:49:20Z
661,1514,delivered,173400,14.99,1,,,,,,43.28,2026-05-02T07:26:39Z,2026-05-13T09:49:20Z
662,1127,delivered,13120,7.99,4,,,,,,80.02,2026-05-12T22:04:32Z,2026-05-13T09:49:20Z
663,749,cancelled,82275,0,3,,,,,,61.17,2026-04-20T20:20:32Z,2026-05-13T09:49:20Z
664,1655,pending,3840,0,,,,,,3875,88.72,2026-04-10T06:49:21Z,2026-05-13T09:49:20Z
665,788,confirmed,1020,7.99,19,,,,,,60.02,2026-04-09T09:50:07Z,2026-05-13T09:49:20Z
666,118,processing,59335,7.99,28,,,,,2192,16.26,2026-03-28T01:18:32Z,2026-05-13T09:49:20Z
667,1536,shipped,1260,14.99,24,,,,,3380,58.1,2026-04-30T07:37:37Z,2026-05-13T09:49:20Z
668,402,delivered,32120,0,14,,,,,598,26.05,2026-04-01T11:44:41Z,2026-05-13T09:49:20Z
669,1345,delivered,8700,14.99,10,,,,,,73.3,2026-04-04T00:36:40Z,2026-05-13T09:49:20Z
670,1448,delivered,8755,7.99,14,,,,,,75.02,2026-03-15T00:19:29Z,2026-05-13T09:49:20Z
671,804,cancelled,13140,7.99,28,,,,,2625,75.85,2026-04-25T18:17:39Z,2026-05-13T09:49:20Z
672,1772,pending,11980,7.99,,,,,,4670,24.69,2026-04-05T22:12:29Z,2026-05-13T09:49:20Z
673,155,confirmed,45580,7.99,24,,,,,,41.86,2026-04-17T04:49:38Z,2026-05-13T09:49:20Z
674,194,processing,5420,7.99,3,,,,,,44.56,2026-03-16T04:17:22Z,2026-05-13T09:49:20Z
675,937,shipped,35920,14.99,22,,,,,,49.84,2026-04-02T06:25:59Z,2026-05-13T09:49:20Z
676,801,delivered,8600,7.99,6,,,,,,37.36,2026-03-20T01:44:16Z,2026-05-13T09:49:20Z
677,1612,delivered,22020,14.99,4,,,,,,71.36,2026-05-02T06:15:12Z,2026-05-13T09:49:20Z
678,1795,delivered,11205,7.99,3,,,,,4790,91.66,2026-04-30T02:12:08Z,2026-05-13T09:49:20Z
679,59,cancelled,1750,0,11,,,,,,20.87,2026-05-08T23:48:20Z,2026-05-13T09:49:20Z
680,260,pending,34596,14.99,,,,,,,57.65,2026-05-01T10:35:49Z,2026-05-13T09:49:20Z
681,1249,confirmed,1280,7.99,16,,,,,,22.13,2026-04-05T00:49:11Z,2026-05-13T09:49:20Z
682,172,processing,95,0,2,,,,,,27.75,2026-04-04T09:23:23Z,2026-05-13T09:49:20Z
683,1759,shipped,16436,0,16,,,,,,12.7,2026-05-10T14:51:22Z,2026-05-13T09:49:20Z
684,421,delivered,100200,7.99,9,,,,,,89.02,2026-04-26T16:49:55Z,2026-05-13T09:49:20Z
685,1549,delivered,1450,0,2,,,,,,85.23,2026-04-04T01:28:33Z,2026-05-13T09:49:20Z
686,1509,delivered,1560,14.99,22,,,,,,88.9,2026-04-28T16:08:51Z,2026-05-13T09:49:20Z
687,316,cancelled,108280,14.99,7,,,,,1895,71.66,2026-05-10T07:08:44Z,2026-05-13T09:49:20Z
688,1550,pending,6600,0,,,,,,,82.34,2026-05-01T00:10:41Z,2026-05-13T09:49:20Z
689,661,confirmed,4650,0,22,,,,,,90.41,2026-04-29T00:51:33Z,2026-05-13T09:49:20Z
690,691,processing,5040,14.99,12,,,,,139,25.23,2026-05-01T20:08:31Z,2026-05-13T09:49:20Z
691,1789,shipped,5421,14.99,13,,,,,,94.82,2026-05-07T16:22:04Z,2026-05-13T09:49:20Z
692,826,delivered,5900,7.99,12,,,,,152,81,2026-04-11T11:51:04Z,2026-05-13T09:49:20Z
693,1716,delivered,10020,7.99,25,,,,,4845,41.18,2026-04-17T04:05:56Z,2026-05-13T09:49:20Z
694,849,delivered,66350,7.99,12,,,,,1743,41.84,2026-04-11T18:53:44Z,2026-05-13T09:49:20Z
695,115,cancelled,41485,7.99,17,,,,,,35.13,2026-04-06T00:14:51Z,2026-05-13T09:49:20Z
696,518,pending,4460,0,,,,,,,39.19,2026-04-21T19:11:52Z,2026-05-13T09:49:20Z
697,680,confirmed,95430,7.99,20,,,,,,12.85,2026-04-25T13:15:00Z,2026-05-13T09:49:20Z
698,1183,processing,57040,0,6,,,,,,80.81,2026-04-08T02:47:01Z,2026-05-13T09:49:20Z
699,1079,shipped,285,7.99,26,,,,,,75.87,2026-03-20T12:19:17Z,2026-05-13T09:49:20Z
700,670,delivered,23975,14.99,29,,,,,,55.8,2026-04-25T08:29:37Z,2026-05-13T09:49:20Z
701,1792,delivered,17620,0,28,,,,,,18.63,2026-05-03T00:44:54Z,2026-05-13T09:49:20Z
702,399,delivered,2945,7.99,6,,,,,128,72.25,2026-04-12T01:16:10Z,2026-05-13T09:49:20Z
703,1131,cancelled,3640,14.99,14,,,,,1498,78.99,2026-04-15T16:38:02Z,2026-05-13T09:49:20Z
704,321,pending,9870,0,,,,,,,49.42,2026-05-06T10:45:43Z,2026-05-13T09:49:20Z
705,268,confirmed,5720,7.99,8,,,,,2587,81.85,2026-03-24T21:38:55Z,2026-05-13T09:49:20Z
706,1985,processing,49160,7.99,26,,,,,,22.68,2026-03-28T02:50:16Z,2026-05-13T09:49:20Z
707,904,shipped,4620,0,29,,,,,,62.46,2026-04-28T22:58:59Z,2026-05-13T09:49:20Z
708,482,delivered,58,14.99,22,,,,,,24.49,2026-05-02T00:19:06Z,2026-05-13T09:49:20Z
709,645,delivered,2360,14.99,9,,,,,,86.78,2026-03-24T00:38:49Z,2026-05-13T09:49:20Z
710,1207,delivered,6740,0,9,,,,,,11.06,2026-03-17T18:03:27Z,2026-05-13T09:49:20Z
711,909,cancelled,47560,14.99,9,,,,,,12.28,2026-04-07T03:31:48Z,2026-05-13T09:49:20Z
712,94,pending,15720,14.99,,,,,,,67.83,2026-05-01T23:58:32Z,2026-05-13T09:49:20Z
713,1062,confirmed,9706,7.99,28,,,,,,29.1,2026-04-14T19:15:55Z,2026-05-13T09:49:20Z
714,549,processing,20120,0,12,,,,,,78.97,2026-03-19T16:50:54Z,2026-05-13T09:49:20Z
715,553,shipped,37275,14.99,26,,,,,,52.67,2026-04-14T11:28:42Z,2026-05-13T09:49:20Z
716,307,delivered,54160,7.99,14,,,,,,21.53,2026-05-05T02:15:34Z,2026-05-13T09:49:20Z
717,1858,delivered,8300,0,5,,,,,,41.61,2026-03-31T20:33:44Z,2026-05-13T09:49:20Z
718,651,delivered,24640,7.99,15,,,,,,38.93,2026-05-01T17:06:46Z,2026-05-13T09:49:20Z
719,475,cancelled,14954,7.99,29,,,,,,15.98,2026-04-06T23:25:19Z,2026-05-13T09:49:20Z
720,1809,pending,20240,14.99,,,,,,1114,17.45,2026-04-09T04:31:15Z,2026-05-13T09:49:20Z
721,1396,confirmed,3988,14.99,10,,,,,1703,67.37,2026-05-01T22:22:29Z,2026-05-13T09:49:20Z
722,67,processing,4800,7.99,3,,,,,,83.56,2026-04-17T09:43:18Z,2026-05-13T09:49:20Z
723,702,shipped,14520,7.99,1,,,,,,61.34,2026-04-19T10:51:05Z,2026-05-13T09:49:20Z
724,37,delivered,1620,0,25,,,,,,81.37,2026-05-04T10:24:17Z,2026-05-13T09:49:20Z
725,263,delivered,3900,7.99,21,,,,,,86.44,2026-04-16T19:41:54Z,2026-05-13T09:49:20Z
726,402,delivered,21110,7.99,11,,,,,,40.13,2026-04-30T22:50:35Z,2026-05-13T09:49:20Z
727,633,cancelled,24455,0,10,,,,,,12.07,2026-04-30T01:30:50Z,2026-05-13T09:49:20Z
728,1149,pending,8150,0,,,,,,,12.1,2026-03-30T22:42:18Z,2026-05-13T09:49:20Z
729,858,confirmed,3480,7.99,25,,,,,1713,15.28,2026-04-13T08:09:42Z,2026-05-13T09:49:20Z
730,1496,processing,119740,14.99,17,,,,,,66.7,2026-03-27T17:45:44Z,2026-05-13T09:49:20Z
731,978,shipped,7710,7.99,19,,,,,,27.69,2026-03-26T18:20:19Z,2026-05-13T09:49:20Z
732,1598,delivered,660,0,27,,,,,2318,70.28,2026-03-27T16:14:59Z,2026-05-13T09:49:20Z
733,1031,delivered,12400,0,4,,,,,3131,41.53,2026-05-09T18:36:40Z,2026-05-13T09:49:20Z
734,61,delivered,1280,7.99,23,,,,,,76.7,2026-04-14T06:21:34Z,2026-05-13T09:49:20Z
735,991,cancelled,35280,0,4,,,,,,86.67,2026-03-19T22:50:03Z,2026-05-13T09:49:20Z
736,1218,pending,11140,14.99,,,,,,,36.8,2026-03-16T03:58:08Z,2026-05-13T09:49:20Z
737,982,confirmed,51790,14.99,19,,,,,,28.51,2026-04-14T07:39:15Z,2026-05-13T09:49:20Z
738,1963,processing,3545,7.99,29,,,,,,84.57,2026-03-23T10:48:16Z,2026-05-13T09:49:20Z
739,1159,shipped,17875,7.99,13,,,,,,19.19,2026-05-01T16:34:09Z,2026-05-13T09:49:20Z
740,1134,delivered,2280,14.99,4,,,,,,55.83,2026-04-25T05:42:10Z,2026-05-13T09:49:20Z
741,64,delivered,2340,0,23,,,,,,31.64,2026-04-05T01:23:16Z,2026-05-13T09:49:20Z
742,1850,delivered,8800,7.99,17,,,,,,42.17,2026-04-05T07:23:48Z,2026-05-13T09:49:20Z
743,1816,cancelled,31338,7.99,26,,,,,2106,26.81,2026-03-30T04:28:19Z,2026-05-13T09:49:20Z
744,1479,pending,1480,7.99,,,,,,3103,83.03,2026-04-02T12:42:13Z,2026-05-13T09:49:20Z
745,283,confirmed,3340,0,30,,,,,1924,11.65,2026-04-16T15:49:08Z,2026-05-13T09:49:20Z
746,621,processing,1950,7.99,8,,,,,,26.22,2026-04-17T23:53:33Z,2026-05-13T09:49:20Z
747,1435,shipped,1018,0,7,,,,,,28.04,2026-04-08T01:43:05Z,2026-05-13T09:49:20Z
748,390,delivered,2900,7.99,27,,,,,,71.27,2026-04-08T05:07:06Z,2026-05-13T09:49:20Z
749,1883,delivered,4186,7.99,24,,,,,1759,17.14,2026-04-15T14:43:34Z,2026-05-13T09:49:20Z
750,309,delivered,29250,7.99,16,,,,,,13.53,2026-03-27T18:18:26Z,2026-05-13T09:49:20Z
751,228,cancelled,164220,7.99,1,,,,,,59.7,2026-05-02T12:21:46Z,2026-05-13T09:49:20Z
752,1853,pending,12130,0,,,,,,,13.52,2026-03-23T00:37:52Z,2026-05-13T09:49:20Z
753,674,confirmed,40360,7.99,18,,,,,2837,33.09,2026-05-03T18:01:35Z,2026-05-13T09:49:20Z
754,1643,processing,10710,0,29,,,,,,61.97,2026-04-19T11:30:56Z,2026-05-13T09:49:20Z
755,255,shipped,27360,7.99,23,,,,,2253,48.23,2026-04-06T13:19:28Z,2026-05-13T09:49:20Z
756,1306,delivered,2760,0,2,,,,,,84.81,2026-03-25T01:02:25Z,2026-05-13T09:49:20Z
757,1851,delivered,31840,0,22,,,,,,65.75,2026-04-29T07:28:10Z,2026-05-13T09:49:20Z
758,1166,delivered,8930,0,1,,,,,617,82.63,2026-04-28T01:02:33Z,2026-05-13T09:49:20Z
759,1640,cancelled,3960,7.99,1,,,,,,50.14,2026-05-01T02:40:59Z,2026-05-13T09:49:20Z
760,951,pending,18400,7.99,,,,,,,32.06,2026-03-19T17:46:55Z,2026-05-13T09:49:20Z
761,1991,confirmed,3530,14.99,22,,,,,,85.57,2026-04-18T19:03:33Z,2026-05-13T09:49:20Z
762,1125,processing,11910,0,29,,,,,3940,60.88,2026-05-07T04:29:29Z,2026-05-13T09:49:20Z
763,1549,shipped,51600,7.99,2,,,,,,47.87,2026-03-17T23:48:34Z,2026-05-13T09:49:20Z
764,1062,delivered,61686,7.99,8,,,,,1627,56.69,2026-04-08T13:25:50Z,2026-05-13T09:49:20Z
765,1232,delivered,131200,0,14,,,,,,44.49,2026-03-29T17:00:22Z,2026-05-13T09:49:20Z
766,1647,delivered,10460,14.99,29,,,,,,57.1,2026-03-24T12:02:01Z,2026-05-13T09:49:20Z
767,544,cancelled,21160,7.99,22,,,,,,17.24,2026-03-29T23:41:45Z,2026-05-13T09:49:20Z
768,848,pending,72800,0,,,,,,,43.28,2026-03-25T23:35:41Z,2026-05-13T09:49:20Z
769,676,confirmed,4840,14.99,14,,,,,,38.23,2026-05-12T07:37:07Z,2026-05-13T09:49:20Z
770,384,processing,2120,7.99,21,,,,,1555,78.89,2026-03-16T01:17:38Z,2026-05-13T09:49:20Z
771,1315,shipped,2980,7.99,27,,,,,,87.3,2026-05-01T05:16:46Z,2026-05-13T09:49:20Z
772,158,delivered,62500,7.99,17,,,,,,34.87,2026-04-26T19:48:53Z,2026-05-13T09:49:20Z
773,333,delivered,42000,7.99,14,,,,,,67.95,2026-05-11T19:59:18Z,2026-05-13T09:49:20Z
774,27,delivered,16520,14.99,3,,,,,,77.6,2026-04-13T16:52:02Z,2026-05-13T09:49:20Z
775,975,cancelled,18600,7.99,12,,,,,,91.5,2026-04-07T05:32:40Z,2026-05-13T09:49:20Z
776,509,pending,4830,7.99,,,,,,4755,36.22,2026-03-15T14:31:57Z,2026-05-13T09:49:20Z
777,997,confirmed,10360,7.99,14,,,,,,82.55,2026-04-29T20:22:47Z,2026-05-13T09:49:20Z
778,1493,processing,4880,14.99,23,,,,,,32.82,2026-04-24T20:30:19Z,2026-05-13T09:49:20Z
779,1170,shipped,1256,7.99,22,,,,,2485,35.54,2026-05-08T20:41:48Z,2026-05-13T09:49:20Z
780,930,delivered,6210,7.99,26,,,,,1103,39.18,2026-03-29T22:17:16Z,2026-05-13T09:49:20Z
781,877,delivered,1820,0,16,,,,,,29.46,2026-03-29T12:22:05Z,2026-05-13T09:49:20Z
782,126,delivered,2580,14.99,5,,,,,,60.57,2026-04-30T20:06:40Z,2026-05-13T09:49:20Z
783,1132,cancelled,520,0,16,,,,,,26.58,2026-05-09T19:52:26Z,2026-05-13T09:49:20Z
784,191,pending,51100,0,,,,,,2071,21.34,2026-03-27T21:22:40Z,2026-05-13T09:49:20Z
785,1049,confirmed,12940,14.99,13,,,,,,72.71,2026-03-26T17:26:15Z,2026-05-13T09:49:20Z
786,757,processing,73880,7.99,1,,,,,148,61.34,2026-04-14T00:16:05Z,2026-05-13T09:49:20Z
787,181,shipped,1490,0,4,,,,,4593,77.78,2026-04-09T09:07:26Z,2026-05-13T09:49:20Z
788,392,delivered,55216,0,14,,,,,,38.13,2026-03-29T16:10:52Z,2026-05-13T09:49:20Z
789,1321,delivered,1240,7.99,20,,,,,,94.88,2026-04-22T21:54:08Z,2026-05-13T09:49:20Z
790,1440,delivered,5934,7.99,30,,,,,901,84.04,2026-03-28T19:28:52Z,2026-05-13T09:49:20Z
791,197,cancelled,1868,7.99,25,,,,,2395,77.65,2026-04-06T23:39:29Z,2026-05-13T09:49:20Z
792,617,pending,15760,0,,,,,,,30.09,2026-04-05T04:36:01Z,2026-05-13T09:49:20Z
793,403,confirmed,1840,14.99,6,,,,,,59.37,2026-03-25T19:16:16Z,2026-05-13T09:49:20Z
794,332,processing,2310,0,28,,,,,,48.46,2026-04-27T09:26:33Z,2026-05-13T09:49:20Z
795,346,shipped,25020,0,3,,,,,1002,17.75,2026-04-24T11:05:10Z,2026-05-13T09:49:20Z
796,1457,delivered,15420,7.99,21,,,,,2486,15.99,2026-04-02T22:33:18Z,2026-05-13T09:49:20Z
797,15,delivered,8190,7.99,24,,,,,3812,28.31,2026-03-18T00:50:18Z,2026-05-13T09:49:20Z
798,542,delivered,23045,7.99,9,,,,,,74.09,2026-05-08T12:47:05Z,2026-05-13T09:49:20Z
799,554,cancelled,13180,0,12,,,,,,29.73,2026-04-21T05:12:16Z,2026-05-13T09:49:20Z
800,1143,pending,17280,7.99,,,,,,,35.22,2026-04-06T07:54:49Z,2026-05-13T09:49:20Z
801,1152,confirmed,40910,7.99,5,,,,,,78.66,2026-04-05T10:49:29Z,2026-05-13T09:49:20Z
802,66,processing,920,7.99,14,,,,,,90.6,2026-03-19T13:52:49Z,2026-05-13T09:49:20Z
803,1840,shipped,9570,14.99,26,,,,,4619,40.8,2026-04-04T21:49:48Z,2026-05-13T09:49:20Z
804,796,delivered,79590,7.99,10,,,,,,25.5,2026-05-08T21:44:23Z,2026-05-13T09:49:20Z
805,742,delivered,72760,14.99,16,,,,,2108,62.19,2026-03-21T08:34:14Z,2026-05-13T09:49:20Z
806,823,delivered,47892,0,26,,,,,,30.4,2026-03-23T11:34:30Z,2026-05-13T09:49:20Z
807,1305,cancelled,1298,14.99,5,,,,,,44.79,2026-05-06T10:58:43Z,2026-05-13T09:49:20Z
808,1814,pending,8320,14.99,,,,,,,18.56,2026-04-28T02:47:09Z,2026-05-13T09:49:20Z
809,1406,confirmed,1520,7.99,22,,,,,,83.28,2026-03-30T01:41:06Z,2026-05-13T09:49:20Z
810,1393,processing,28260,0,28,,,,,,92.16,2026-03-30T20:10:23Z,2026-05-13T09:49:20Z
811,1216,shipped,8740,7.99,26,,,,,,72.12,2026-04-02T22:47:39Z,2026-05-13T09:49:20Z
812,655,delivered,1260,7.99,12,,,,,4134,75.56,2026-04-12T17:06:44Z,2026-05-13T09:49:20Z
813,843,delivered,17610,0,3,,,,,,73.11,2026-04-11T05:16:29Z,2026-05-13T09:49:20Z
814,16,delivered,2560,7.99,27,,,,,,32.6,2026-04-23T14:51:10Z,2026-05-13T09:49:20Z
815,312,cancelled,4780,7.99,10,,,,,1402,41.39,2026-05-01T20:30:01Z,2026-05-13T09:49:20Z
816,1625,pending,340,14.99,,,,,,,92.15,2026-03-20T12:51:12Z,2026-05-13T09:49:20Z
817,1823,confirmed,3440,7.99,13,,,,,,50.91,2026-04-20T06:19:32Z,2026-05-13T09:49:20Z
818,1511,processing,88,14.99,5,,,,,1767,23.68,2026-04-10T21:08:36Z,2026-05-13T09:49:20Z
819,1939,shipped,4070,0,4,,,,,,25.9,2026-05-12T11:57:39Z,2026-05-13T09:49:20Z
820,772,delivered,16070,7.99,10,,,,,,58.12,2026-03-28T23:23:14Z,2026-05-13T09:49:20Z
821,743,delivered,7915,7.99,22,,,,,,60.15,2026-03-24T12:50:55Z,2026-05-13T09:49:20Z
822,1309,delivered,630,0,13,,,,,,79.75,2026-05-01T22:54:34Z,2026-05-13T09:49:20Z
823,1634,cancelled,67490,0,12,,,,,,17.99,2026-04-19T16:30:24Z,2026-05-13T09:49:20Z
824,120,pending,10320,7.99,,,,,,2147,84.45,2026-05-12T15:19:41Z,2026-05-13T09:49:20Z
825,1038,confirmed,31000,0,20,,,,,4160,78.23,2026-05-02T09:46:41Z,2026-05-13T09:49:20Z
826,1601,processing,7350,7.99,8,,,,,,69.66,2026-04-15T05:08:32Z,2026-05-13T09:49:20Z
827,1241,shipped,76400,7.99,18,,,,,,10.71,2026-04-09T23:53:34Z,2026-05-13T09:49:20Z
828,914,delivered,5260,7.99,10,,,,,4301,29.93,2026-05-05T16:49:57Z,2026-05-13T09:49:20Z
829,1144,delivered,3840,7.99,20,,,,,1968,71.26,2026-03-16T05:18:30Z,2026-05-13T09:49:20Z
830,661,delivered,5005,7.99,9,,,,,,22.67,2026-05-06T14:12:24Z,2026-05-13T09:49:20Z
831,767,cancelled,6690,7.99,24,,,,,478,94.25,2026-04-14T06:33:09Z,2026-05-13T09:49:20Z
832,1555,pending,16020,7.99,,,,,,,89.56,2026-03-30T15:26:33Z,2026-05-13T09:49:20Z
833,486,confirmed,20274,14.99,1,,,,,,32.21,2026-03-24T20:16:56Z,2026-05-13T09:49:20Z
834,1134,processing,42600,14.99,9,,,,,739,57.39,2026-05-01T18:30:51Z,2026-05-13T09:49:20Z
835,553,shipped,1536,7.99,1,,,,,,61.66,2026-04-08T01:51:01Z,2026-05-13T09:49:20Z
836,547,delivered,15200,7.99,14,,,,,2481,78.97,2026-04-13T20:28:20Z,2026-05-13T09:49:20Z
837,488,delivered,3900,7.99,11,,,,,,40.14,2026-04-10T20:57:46Z,2026-05-13T09:49:20Z
838,9,delivered,27480,14.99,1,,,,,,58.43,2026-04-02T00:04:04Z,2026-05-13T09:49:20Z
839,1323,cancelled,330,0,29,,,,,,13.64,2026-05-02T06:14:00Z,2026-05-13T09:49:20Z
840,566,pending,6800,0,,,,,,,39.69,2026-04-19T04:34:14Z,2026-05-13T09:49:20Z
841,1078,confirmed,33460,0,10,,,,,,16.67,2026-05-01T17:14:44Z,2026-05-13T09:49:20Z
842,1039,processing,11440,7.99,6,,,,,,94.87,2026-04-01T11:53:05Z,2026-05-13T09:49:20Z
843,759,shipped,5454,0,6,,,,,3068,30.58,2026-04-26T07:54:15Z,2026-05-13T09:49:20Z
844,635,delivered,2358,7.99,8,,,,,4906,42.51,2026-03-26T19:07:20Z,2026-05-13T09:49:20Z
845,720,delivered,5700,7.99,20,,,,,3797,57.69,2026-04-06T02:58:27Z,2026-05-13T09:49:20Z
846,1595,delivered,72,7.99,23,,,,,,81.69,2026-03-16T15:09:10Z,2026-05-13T09:49:20Z
847,875,cancelled,50800,0,4,,,,,,56.09,2026-03-22T21:25:28Z,2026-05-13T09:49:20Z
848,1464,pending,49170,14.99,,,,,,861,33.81,2026-05-10T09:59:57Z,2026-05-13T09:49:20Z
849,925,confirmed,21960,7.99,17,,,,,,40.39,2026-04-11T21:49:55Z,2026-05-13T09:49:20Z
850,279,processing,68880,7.99,27,,,,,,73.3,2026-03-16T13:08:57Z,2026-05-13T09:49:20Z
851,329,shipped,12750,0,22,,,,,781,24.3,2026-03-20T14:17:24Z,2026-05-13T09:49:20Z
852,256,delivered,920,0,9,,,,,1142,14.01,2026-04-07T20:21:37Z,2026-05-13T09:49:20Z
853,1154,delivered,11100,7.99,5,,,,,3576,64.06,2026-03-21T05:51:31Z,2026-05-13T09:49:20Z
854,225,delivered,100200,7.99,29,,,,,,46.91,2026-05-02T08:56:22Z,2026-05-13T09:49:20Z
855,1094,cancelled,1560,0,1,,,,,,17.96,2026-04-16T01:52:36Z,2026-05-13T09:49:20Z
856,1650,pending,157840,7.99,,,,,,3671,85.48,2026-05-03T17:03:36Z,2026-05-13T09:49:20Z
857,521,confirmed,66050,14.99,3,,,,,,12.65,2026-05-08T13:54:04Z,2026-05-13T09:49:20Z
858,965,processing,5855,7.99,9,,,,,,34.8,2026-03-28T22:13:30Z,2026-05-13T09:49:20Z
859,1377,shipped,6480,7.99,6,,,,,,67.92,2026-05-09T19:11:54Z,2026-05-13T09:49:20Z
860,442,delivered,1750,0,24,,,,,4667,88.17,2026-04-22T19:17:14Z,2026-05-13T09:49:20Z
861,85,delivered,1180,7.99,22,,,,,1463,84.05,2026-03-21T09:31:00Z,2026-05-13T09:49:20Z
862,1581,delivered,7800,14.99,28,,,,,325,59.54,2026-04-21T10:55:20Z,2026-05-13T09:49:20Z
863,555,cancelled,72,14.99,7,,,,,,92.77,2026-03-27T15:17:59Z,2026-05-13T09:49:20Z
864,63,pending,214540,7.99,,,,,,,23.08,2026-04-06T03:22:09Z,2026-05-13T09:49:20Z
865,756,confirmed,8820,7.99,26,,,,,,93.7,2026-05-08T14:28:07Z,2026-05-13T09:49:20Z
866,1273,processing,5200,7.99,16,,,,,3304,31.83,2026-04-24T04:44:04Z,2026-05-13T09:49:20Z
867,1174,shipped,7624,7.99,25,,,,,,36.16,2026-05-06T17:35:48Z,2026-05-13T09:49:20Z
868,1677,delivered,77000,7.99,28,,,,,,48.71,2026-04-14T08:33:26Z,2026-05-13T09:49:20Z
869,434,delivered,18300,0,22,,,,,,89.29,2026-04-17T17:19:27Z,2026-05-13T09:49:20Z
870,1547,delivered,10462,0,14,,,,,3484,28.8,2026-03-23T03:01:25Z,2026-05-13T09:49:20Z
871,1328,cancelled,22474,7.99,18,,,,,,59.25,2026-04-11T02:41:21Z,2026-05-13T09:49:20Z
872,1903,pending,140800,0,,,,,,,73.92,2026-04-09T22:28:01Z,2026-05-13T09:49:20Z
873,660,confirmed,1920,14.99,16,,,,,,65.55,2026-04-27T23:40:02Z,2026-05-13T09:49:20Z
874,1833,processing,8970,14.99,13,,,,,,43.6,2026-04-25T19:52:34Z,2026-05-13T09:49:20Z
875,1911,shipped,2000,7.99,20,,,,,,13.6,2026-03-26T15:29:28Z,2026-05-13T09:49:20Z
876,1646,delivered,18220,7.99,11,,,,,,47.39,2026-04-17T18:48:50Z,2026-05-13T09:49:20Z
877,834,delivered,780,14.99,3,,,,,4585,80.29,2026-05-01T08:16:12Z,2026-05-13T09:49:20Z
878,436,delivered,15960,0,18,,,,,,58.13,2026-04-05T16:26:11Z,2026-05-13T09:49:20Z
879,1093,cancelled,8900,14.99,20,,,,,,45.15,2026-04-09T07:32:04Z,2026-05-13T09:49:20Z
880,504,pending,420,0,,,,,,,48.56,2026-03-22T11:15:57Z,2026-05-13T09:49:20Z
881,1901,confirmed,4550,7.99,26,,,,,3085,47.12,2026-05-04T21:24:00Z,2026-05-13T09:49:20Z
882,796,processing,28160,7.99,21,,,,,1789,29.84,2026-04-13T02:11:33Z,2026-05-13T09:49:20Z
883,823,shipped,20664,7.99,9,,,,,,94.58,2026-05-08T07:41:54Z,2026-05-13T09:49:20Z
884,443,delivered,21336,0,13,,,,,,25.61,2026-04-26T18:22:02Z,2026-05-13T09:49:20Z
885,1313,delivered,46821,7.99,4,,,,,,69.41,2026-05-10T16:45:25Z,2026-05-13T09:49:20Z
886,1497,delivered,215,0,20,,,,,,55.71,2026-04-02T07:45:07Z,2026-05-13T09:49:20Z
887,800,cancelled,1205,0,15,,,,,,49.69,2026-04-26T08:19:13Z,2026-05-13T09:49:20Z
888,954,pending,61080,0,,,,,,2140,64.69,2026-03-18T22:41:11Z,2026-05-13T09:49:20Z
889,861,confirmed,47120,7.99,22,,,,,,65,2026-05-04T23:42:11Z,2026-05-13T09:49:20Z
890,124,processing,15200,0,7,,,,,,74.9,2026-03-21T15:29:54Z,2026-05-13T09:49:20Z
891,1892,shipped,965,7.99,18,,,,,,80.53,2026-05-13T02:55:21Z,2026-05-13T09:49:20Z
892,1442,delivered,39720,0,9,,,,,,83.86,2026-04-17T00:27:05Z,2026-05-13T09:49:20Z
893,348,delivered,73470,7.99,23,,,,,,47.71,2026-05-07T23:41:53Z,2026-05-13T09:49:20Z
894,758,delivered,59280,7.99,7,,,,,264,47.02,2026-03-23T03:22:00Z,2026-05-13T09:49:20Z
895,1110,cancelled,1720,7.99,6,,,,,,53.9,2026-05-06T00:41:27Z,2026-05-13T09:49:20Z
896,1700,pending,122875,7.99,,,,,,2111,37.87,2026-04-07T23:28:33Z,2026-05-13T09:49:20Z
897,311,confirmed,25360,0,20,,,,,,82.74,2026-04-13T20:58:19Z,2026-05-13T09:49:20Z
898,1072,processing,17288,7.99,11,,,,,,71.05,2026-05-10T23:17:18Z,2026-05-13T09:49:20Z
899,259,shipped,12926,7.99,19,,,,,,63.37,2026-03-15T16:21:05Z,2026-05-13T09:49:20Z
900,1007,delivered,11575,7.99,28,,,,,3712,28.06,2026-04-24T22:56:28Z,2026-05-13T09:49:20Z
901,423,delivered,4424,7.99,19,,,,,,63.23,2026-05-03T11:50:31Z,2026-05-13T09:49:20Z
902,253,delivered,6030,0,29,,,,,,39.31,2026-03-30T08:55:09Z,2026-05-13T09:49:20Z
903,1328,cancelled,46472,0,24,,,,,,52.79,2026-03-22T03:20:42Z,2026-05-13T09:49:20Z
904,369,pending,1864,7.99,,,,,,,84.14,2026-03-19T05:37:08Z,2026-05-13T09:49:20Z
905,1266,confirmed,16600,0,18,,,,,,36.99,2026-04-23T10:30:36Z,2026-05-13T09:49:20Z
906,185,processing,7980,14.99,27,,,,,4579,18.56,2026-03-28T22:18:07Z,2026-05-13T09:49:20Z
907,1284,shipped,6550,0,16,,,,,,68.24,2026-04-08T03:34:48Z,2026-05-13T09:49:20Z
908,1783,delivered,660,7.99,9,,,,,944,80.17,2026-03-29T14:30:40Z,2026-05-13T09:49:20Z
909,1590,delivered,64200,7.99,15,,,,,2509,75.47,2026-05-12T01:53:26Z,2026-05-13T09:49:20Z
910,1856,delivered,42700,7.99,9,,,,,4333,35.1,2026-03-27T22:53:37Z,2026-05-13T09:49:20Z
911,98,cancelled,23500,14.99,4,,,,,,26.67,2026-05-09T06:23:46Z,2026-05-13T09:49:20Z
912,1384,pending,66800,14.99,,,,,,,56.82,2026-03-22T16:06:31Z,2026-05-13T09:49:20Z
913,1257,confirmed,14220,7.99,28,,,,,,56.05,2026-05-04T06:14:39Z,2026-05-13T09:49:20Z
914,984,processing,1040,0,15,,,,,,36.09,2026-05-03T20:44:01Z,2026-05-13T09:49:20Z
915,1852,shipped,17866,7.99,30,,,,,792,71.49,2026-03-30T16:05:45Z,2026-05-13T09:49:20Z
916,811,delivered,15500,7.99,17,,,,,,48.2,2026-04-03T14:23:54Z,2026-05-13T09:49:20Z
917,53,delivered,84810,7.99,22,,,,,,87.55,2026-04-11T09:25:49Z,2026-05-13T09:49:20Z
918,1125,delivered,81370,0,4,,,,,1780,67.46,2026-04-23T18:10:43Z,2026-05-13T09:49:20Z
919,1460,cancelled,62960,7.99,4,,,,,4551,63.11,2026-03-21T05:46:10Z,2026-05-13T09:49:20Z
920,708,pending,19930,7.99,,,,,,,93,2026-03-25T09:20:54Z,2026-05-13T09:49:20Z
921,68,confirmed,22580,0,8,,,,,,18.05,2026-03-22T23:16:18Z,2026-05-13T09:49:20Z
922,1444,processing,30370,14.99,22,,,,,4379,69.91,2026-05-12T23:28:41Z,2026-05-13T09:49:20Z
923,1586,shipped,51900,7.99,28,,,,,,45.05,2026-04-21T06:17:39Z,2026-05-13T09:49:20Z
924,1053,delivered,6938,7.99,1,,,,,,48.13,2026-05-07T12:35:38Z,2026-05-13T09:49:20Z
925,1966,delivered,555,7.99,28,,,,,3495,23.28,2026-04-30T02:37:53Z,2026-05-13T09:49:20Z
926,15,delivered,3840,0,10,,,,,,73.43,2026-03-27T21:12:33Z,2026-05-13T09:49:20Z
927,105,cancelled,1590,7.99,25,,,,,,61.67,2026-04-02T05:15:27Z,2026-05-13T09:49:20Z
928,32,pending,9760,7.99,,,,,,1424,58.12,2026-04-19T22:32:39Z,2026-05-13T09:49:20Z
929,699,confirmed,169000,0,4,,,,,1829,69.14,2026-05-02T22:24:56Z,2026-05-13T09:49:20Z
930,720,processing,26640,7.99,14,,,,,115,74.24,2026-03-25T11:08:06Z,2026-05-13T09:49:20Z
931,740,shipped,480,0,30,,,,,,26.13,2026-04-17T04:32:55Z,2026-05-13T09:49:20Z
932,153,delivered,1280,14.99,3,,,,,2376,84.31,2026-04-16T10:41:24Z,2026-05-13T09:49:20Z
933,466,delivered,185,7.99,25,,,,,,60.03,2026-03-27T18:07:05Z,2026-05-13T09:49:20Z
934,1964,delivered,6500,7.99,14,,,,,3245,52.33,2026-04-12T13:42:04Z,2026-05-13T09:49:20Z
935,181,cancelled,3200,14.99,10,,,,,482,78.59,2026-03-30T02:13:10Z,2026-05-13T09:49:20Z
936,163,pending,30906,7.99,,,,,,,91.48,2026-04-15T23:56:05Z,2026-05-13T09:49:20Z
937,1825,confirmed,11210,7.99,9,,,,,,20.04,2026-03-20T17:56:44Z,2026-05-13T09:49:20Z
938,1184,processing,44720,0,3,,,,,,57.25,2026-04-04T19:20:06Z,2026-05-13T09:49:20Z
939,419,shipped,37600,7.99,1,,,,,2545,94.72,2026-05-10T14:08:21Z,2026-05-13T09:49:20Z
940,1880,delivered,14202,7.99,19,,,,,,22.35,2026-04-28T13:02:18Z,2026-05-13T09:49:20Z
941,955,delivered,25406,0,2,,,,,2385,21.84,2026-03-14T20:58:26Z,2026-05-13T09:49:20Z
942,803,delivered,2830,7.99,28,,,,,,68.05,2026-03-26T07:40:20Z,2026-05-13T09:49:20Z
943,1865,cancelled,10680,14.99,17,,,,,,33.88,2026-03-24T13:18:22Z,2026-05-13T09:49:20Z
944,595,pending,5240,7.99,,,,,,,82.97,2026-04-28T10:50:22Z,2026-05-13T09:49:20Z
945,1444,confirmed,5260,7.99,26,,,,,,78.49,2026-04-12T07:57:43Z,2026-05-13T09:49:20Z
946,1864,processing,2550,14.99,10,,,,,,40.88,2026-04-24T06:03:04Z,2026-05-13T09:49:20Z
947,898,shipped,11400,7.99,6,,,,,1417,39.42,2026-03-23T10:31:31Z,2026-05-13T09:49:20Z
948,1456,delivered,2800,7.99,18,,,,,,31.58,2026-03-23T04:57:18Z,2026-05-13T09:49:20Z
949,1603,delivered,1400,14.99,9,,,,,,66.22,2026-04-17T20:02:14Z,2026-05-13T09:49:20Z
950,975,delivered,41940,7.99,2,,,,,,33.04,2026-05-01T05:18:22Z,2026-05-13T09:49:20Z
951,874,cancelled,6674,0,20,,,,,,28.32,2026-04-30T12:46:34Z,2026-05-13T09:49:20Z
952,1310,pending,13540,7.99,,,,,,,13.33,2026-03-30T02:23:06Z,2026-05-13T09:49:20Z
953,1975,confirmed,23380,14.99,18,,,,,,89,2026-03-18T01:08:53Z,2026-05-13T09:49:20Z
954,74,processing,1440,7.99,14,,,,,,58.75,2026-03-28T05:30:44Z,2026-05-13T09:49:20Z
955,555,shipped,4828,0,27,,,,,,54.36,2026-03-29T11:27:56Z,2026-05-13T09:49:20Z
956,1648,delivered,81840,0,20,,,,,,69.96,2026-03-25T15:15:49Z,2026-05-13T09:49:20Z
957,1961,delivered,15240,14.99,25,,,,,,25.43,2026-04-25T12:14:09Z,2026-05-13T09:49:20Z
958,1938,delivered,2996,0,7,,,,,,33.7,2026-04-08T10:57:13Z,2026-05-13T09:49:20Z
959,1759,cancelled,1458,7.99,15,,,,,3293,31.23,2026-03-24T01:16:25Z,2026-05-13T09:49:20Z
960,1772,pending,115060,7.99,,,,,,1289,45.4,2026-03-24T01:09:21Z,2026-05-13T09:49:20Z
961,356,confirmed,1466,0,1,,,,,2211,59.96,2026-04-29T03:06:07Z,2026-05-13T09:49:20Z
962,768,processing,72360,0,22,,,,,,22.75,2026-04-26T15:49:15Z,2026-05-13T09:49:20Z
963,1834,shipped,32450,0,13,,,,,3305,69,2026-04-30T21:25:35Z,2026-05-13T09:49:20Z
964,226,delivered,30920,7.99,20,,,,,20,49.23,2026-03-18T20:56:19Z,2026-05-13T09:49:20Z
965,701,delivered,3920,7.99,2,,,,,3328,60.53,2026-04-27T20:50:27Z,2026-05-13T09:49:20Z
966,1613,delivered,29150,7.99,19,,,,,4817,40.59,2026-03-27T23:32:43Z,2026-05-13T09:49:20Z
967,1410,cancelled,11710,0,30,,,,,2552,64.56,2026-05-08T10:17:49Z,2026-05-13T09:49:20Z
968,828,pending,17590,14.99,,,,,,,11.91,2026-03-19T21:08:34Z,2026-05-13T09:49:20Z
969,1383,confirmed,1465,0,29,,,,,,93.69,2026-04-20T19:24:49Z,2026-05-13T09:49:20Z
970,319,processing,176,0,12,,,,,,16.18,2026-03-29T17:42:53Z,2026-05-13T09:49:20Z
971,121,shipped,21976,0,1,,,,,3617,61.76,2026-03-19T01:10:21Z,2026-05-13T09:49:20Z
972,1989,delivered,1560,0,6,,,,,4905,15.78,2026-03-21T13:29:49Z,2026-05-13T09:49:20Z
973,1482,delivered,12245,7.99,25,,,,,,88.78,2026-05-03T07:43:44Z,2026-05-13T09:49:20Z
974,493,delivered,5790,14.99,16,,,,,3407,58.14,2026-04-29T03:04:18Z,2026-05-13T09:49:20Z
975,1345,cancelled,1280,0,12,,,,,,85.01,2026-04-28T22:50:04Z,2026-05-13T09:49:20Z
976,1068,pending,1750,14.99,,,,,,,79.44,2026-04-03T15:53:37Z,2026-05-13T09:49:20Z
977,844,confirmed,115800,7.99,13,,,,,3118,20.12,2026-04-27T09:17:36Z,2026-05-13T09:49:20Z
978,1387,processing,520,7.99,22,,,,,485,59.33,2026-04-21T07:07:29Z,2026-05-13T09:49:20Z
979,402,shipped,4261,0,20,,,,,,94.37,2026-04-29T08:40:32Z,2026-05-13T09:49:20Z
980,273,delivered,1605,14.99,28,,,,,,35.58,2026-03-28T06:12:11Z,2026-05-13T09:49:20Z
981,1799,delivered,780,0,13,,,,,3185,51.81,2026-05-04T15:21:58Z,2026-05-13T09:49:20Z
982,672,delivered,13020,14.99,12,,,,,,42.62,2026-04-03T05:44:42Z,2026-05-13T09:49:20Z
983,1042,cancelled,27760,7.99,24,,,,,,26.57,2026-03-15T01:50:29Z,2026-05-13T09:49:20Z
984,130,pending,2880,0,,,,,,,64.12,2026-05-04T22:41:05Z,2026-05-13T09:49:20Z
985,142,confirmed,2500,0,10,,,,,1958,86.22,2026-03-18T17:31:44Z,2026-05-13T09:49:20Z
986,1400,processing,4712,7.99,12,,,,,,10.89,2026-04-16T20:41:21Z,2026-05-13T09:49:20Z
987,661,shipped,13132,7.99,18,,,,,,24.43,2026-05-12T05:23:52Z,2026-05-13T09:49:20Z
988,1591,delivered,7180,7.99,15,,,,,1662,74.11,2026-05-03T11:42:57Z,2026-05-13T09:49:20Z
989,1766,delivered,12640,14.99,4,,,,,,27.58,2026-03-29T23:46:15Z,2026-05-13T09:49:20Z
990,1654,delivered,780,14.99,20,,,,,,47.06,2026-03-17T21:01:23Z,2026-05-13T09:49:20Z
991,194,cancelled,80840,7.99,20,,,,,,16.17,2026-05-06T18:35:42Z,2026-05-13T09:49:20Z
992,906,pending,5480,7.99,,,,,,,73.2,2026-05-10T12:15:11Z,2026-05-13T09:49:20Z
993,1884,confirmed,23190,14.99,8,,,,,888,72.62,2026-04-03T05:13:42Z,2026-05-13T09:49:20Z
994,928,processing,520,0,10,,,,,3863,46.55,2026-04-22T11:04:55Z,2026-05-13T09:49:20Z
995,46,shipped,3452,14.99,17,,,,,,54.97,2026-05-13T03:44:26Z,2026-05-13T09:49:20Z
996,615,delivered,14080,7.99,14,,,,,3627,53.54,2026-04-27T13:35:19Z,2026-05-13T09:49:20Z
997,608,delivered,36510,7.99,7,,,,,1268,88.76,2026-03-26T06:57:27Z,2026-05-13T09:49:20Z
998,1723,delivered,119700,14.99,26,,,,,3134,37.98,2026-04-15T05:20:34Z,2026-05-13T09:49:20Z
999,462,cancelled,3320,0,10,,,,,,73.97,2026-05-12T09:05:29Z,2026-05-13T09:49:20Z
1000,745,pending,4210,14.99,,,,,,,77.68,2026-05-13T00:07:15Z,2026-05-13T09:49:20Z
1001,659,confirmed,2690,7.99,21,,,,,,11.18,2026-03-30T16:45:39Z,2026-05-13T09:49:20Z
1002,1027,processing,1080,7.99,4,,,,,,69.63,2026-03-20T02:35:25Z,2026-05-13T09:49:20Z
1003,1522,shipped,20300,7.99,19,,,,,,83.95,2026-03-28T05:01:11Z,2026-05-13T09:49:20Z
1004,768,delivered,420,14.99,13,,,,,,53.97,2026-03-17T11:39:21Z,2026-05-13T09:49:20Z
1005,1969,delivered,6880,14.99,10,,,,,,23.57,2026-03-21T22:42:22Z,2026-05-13T09:49:20Z
1006,619,delivered,21406,7.99,16,,,,,2794,28.6,2026-03-23T04:25:27Z,2026-05-13T09:49:20Z
1007,588,cancelled,22800,7.99,24,,,,,,26.73,2026-04-18T20:32:42Z,2026-05-13T09:49:20Z
1008,1693,pending,11290,7.99,,,,,,,18.56,2026-05-01T05:07:50Z,2026-05-13T09:49:20Z
1009,928,confirmed,74060,14.99,28,,,,,,10.67,2026-04-23T20:03:12Z,2026-05-13T09:49:20Z
1010,1400,processing,260,7.99,10,,,,,,77.38,2026-04-12T07:52:42Z,2026-05-13T09:49:20Z
1011,645,shipped,14420,0,30,,,,,,39.38,2026-03-24T05:25:44Z,2026-05-13T09:49:20Z
1012,532,delivered,11600,14.99,1,,,,,1244,50.99,2026-05-11T09:40:51Z,2026-05-13T09:49:20Z
1013,750,delivered,905,0,10,,,,,,12.32,2026-03-15T13:14:12Z,2026-05-13T09:49:20Z
1014,525,delivered,104180,0,26,,,,,,54.86,2026-04-18T18:21:40Z,2026-05-13T09:49:20Z
1015,1711,cancelled,2960,7.99,9,,,,,,57.25,2026-05-07T01:24:42Z,2026-05-13T09:49:20Z
1016,1624,pending,1240,0,,,,,,80,35.35,2026-03-15T06:02:22Z,2026-05-13T09:49:20Z
1017,1373,confirmed,101120,0,18,,,,,,75.32,2026-05-05T02:55:44Z,2026-05-13T09:49:20Z
1018,532,processing,37390,7.99,10,,,,,3923,34.55,2026-03-17T02:24:00Z,2026-05-13T09:49:20Z
1019,1008,shipped,27572,14.99,13,,,,,2390,31.29,2026-03-25T19:53:19Z,2026-05-13T09:49:20Z
1020,1371,delivered,9970,14.99,23,,,,,,66.65,2026-05-05T14:06:14Z,2026-05-13T09:49:20Z
1021,509,delivered,39300,14.99,26,,,,,,77.05,2026-04-22T15:29:16Z,2026-05-13T09:49:20Z
1022,491,delivered,5230,7.99,17,,,,,722,85.86,2026-03-15T19:45:57Z,2026-05-13T09:49:20Z
1023,1731,cancelled,37000,7.99,19,,,,,,77.75,2026-04-07T23:34:22Z,2026-05-13T09:49:20Z
1024,737,pending,2160,7.99,,,,,,,91.4,2026-03-18T18:53:28Z,2026-05-13T09:49:20Z
1025,1142,confirmed,1260,0,25,,,,,,40.34,2026-03-17T00:26:36Z,2026-05-13T09:49:20Z
1026,124,processing,105444,14.99,26,,,,,3251,13.62,2026-05-09T18:25:59Z,2026-05-13T09:49:20Z
1027,1291,shipped,6380,14.99,6,,,,,,68.84,2026-04-19T06:23:55Z,2026-05-13T09:49:20Z
1028,467,delivered,1390,7.99,28,,,,,,49.97,2026-03-14T14:14:13Z,2026-05-13T09:49:20Z
1029,1764,delivered,21116,0,18,,,,,,75.48,2026-04-07T23:37:08Z,2026-05-13T09:49:20Z
1030,623,delivered,11340,7.99,6,,,,,,52.38,2026-04-21T03:01:54Z,2026-05-13T09:49:20Z
1031,492,cancelled,3700,0,8,,,,,,15.31,2026-05-04T04:55:59Z,2026-05-13T09:49:20Z
1032,1684,pending,5160,7.99,,,,,,,62.57,2026-04-08T15:08:03Z,2026-05-13T09:49:20Z
1033,228,confirmed,13480,7.99,22,,,,,,17.06,2026-04-09T11:10:16Z,2026-05-13T09:49:20Z
1034,1117,processing,2280,7.99,11,,,,,,38.93,2026-03-22T10:09:17Z,2026-05-13T09:49:20Z
1035,1877,shipped,46860,7.99,22,,,,,,24.86,2026-04-20T04:14:15Z,2026-05-13T09:49:20Z
1036,767,delivered,9600,7.99,24,,,,,,74.16,2026-05-03T16:26:12Z,2026-05-13T09:49:20Z
1037,1766,delivered,1180,7.99,12,,,,,,78.12,2026-04-04T05:29:40Z,2026-05-13T09:49:20Z
1038,861,delivered,19440,0,19,,,,,,71.49,2026-03-19T05:35:06Z,2026-05-13T09:49:20Z
1039,1268,cancelled,9050,7.99,4,,,,,,15.7,2026-03-20T22:36:17Z,2026-05-13T09:49:20Z
1040,974,pending,7590,7.99,,,,,,,85.74,2026-03-21T06:41:03Z,2026-05-13T09:49:20Z
1041,595,confirmed,14100,7.99,9,,,,,,65.2,2026-04-24T09:10:53Z,2026-05-13T09:49:20Z
1042,1158,processing,29830,0,10,,,,,1772,44.54,2026-04-28T03:45:04Z,2026-05-13T09:49:20Z
1043,753,shipped,1620,0,30,,,,,,55.95,2026-04-15T11:34:48Z,2026-05-13T09:49:20Z
1044,513,delivered,32170,0,4,,,,,,58.29,2026-05-01T09:16:42Z,2026-05-13T09:49:20Z
1045,1999,delivered,7600,0,11,,,,,,83.55,2026-05-10T18:11:30Z,2026-05-13T09:49:20Z
1046,436,delivered,1850,0,17,,,,,,62.29,2026-04-03T03:12:32Z,2026-05-13T09:49:20Z
1047,395,cancelled,19270,7.99,3,,,,,,60.62,2026-03-20T05:16:54Z,2026-05-13T09:49:20Z
1048,322,pending,1520,7.99,,,,,,2066,47.08,2026-04-18T00:52:34Z,2026-05-13T09:49:20Z
1049,1908,confirmed,88,7.99,3,,,,,,47.7,2026-04-05T00:41:11Z,2026-05-13T09:49:20Z
1050,171,processing,11456,14.99,27,,,,,,72.38,2026-04-01T00:35:20Z,2026-05-13T09:49:20Z
1051,546,shipped,19040,0,5,,,,,,56.69,2026-05-07T10:29:26Z,2026-05-13T09:49:20Z
1052,224,delivered,780,0,30,,,,,,31.65,2026-04-28T18:52:04Z,2026-05-13T09:49:20Z
1053,440,delivered,9300,7.99,20,,,,,,70.58,2026-03-17T01:46:28Z,2026-05-13T09:49:20Z
1054,425,delivered,127190,7.99,20,,,,,1964,24.3,2026-03-31T14:46:33Z,2026-05-13T09:49:20Z
1055,1481,cancelled,75640,7.99,27,,,,,977,34.16,2026-04-06T16:07:29Z,2026-05-13T09:49:20Z
1056,1163,pending,24600,7.99,,,,,,,20.56,2026-04-11T04:30:24Z,2026-05-13T09:49:20Z
1057,1285,confirmed,1320,0,4,,,,,,74.16,2026-04-30T15:49:29Z,2026-05-13T09:49:20Z
1058,227,processing,1720,7.99,5,,,,,857,38.13,2026-05-01T04:45:53Z,2026-05-13T09:49:20Z
1059,1195,shipped,42400,14.99,25,,,,,,61.39,2026-04-27T04:04:49Z,2026-05-13T09:49:20Z
1060,658,delivered,3448,7.99,10,,,,,,70.46,2026-04-12T09:50:55Z,2026-05-13T09:49:20Z
1061,674,delivered,69600,0,22,,,,,796,48.41,2026-03-29T20:14:19Z,2026-05-13T09:49:20Z
1062,1602,delivered,17500,7.99,3,,,,,,37.36,2026-04-29T04:08:06Z,2026-05-13T09:49:20Z
1063,502,cancelled,9336,14.99,6,,,,,3053,13.19,2026-05-09T02:29:09Z,2026-05-13T09:49:20Z
1064,1614,pending,19980,7.99,,,,,,,12.41,2026-04-10T14:20:58Z,2026-05-13T09:49:20Z
1065,198,confirmed,6620,14.99,8,,,,,,41.06,2026-03-26T17:23:12Z,2026-05-13T09:49:20Z
1066,1227,processing,58850,7.99,5,,,,,,34.75,2026-04-26T16:10:32Z,2026-05-13T09:49:20Z
1067,1480,shipped,11220,14.99,16,,,,,,16.12,2026-05-02T14:27:40Z,2026-05-13T09:49:20Z
1068,21,delivered,1450,7.99,6,,,,,,93.42,2026-04-30T01:58:23Z,2026-05-13T09:49:20Z
1069,987,delivered,24625,7.99,3,,,,,1590,90.23,2026-04-19T00:00:11Z,2026-05-13T09:49:20Z
1070,1047,delivered,34450,7.99,7,,,,,,71.32,2026-05-13T05:39:24Z,2026-05-13T09:49:20Z
1071,1682,cancelled,72890,14.99,27,,,,,,85.1,2026-04-16T22:33:22Z,2026-05-13T09:49:20Z
1072,1596,pending,2960,7.99,,,,,,,62.46,2026-03-24T17:56:06Z,2026-05-13T09:49:20Z
1073,749,confirmed,8200,7.99,11,,,,,224,44.98,2026-05-02T20:08:43Z,2026-05-13T09:49:20Z
1074,1609,processing,5340,7.99,23,,,,,,15.46,2026-04-27T06:15:27Z,2026-05-13T09:49:20Z
1075,1614,shipped,76250,7.99,20,,,,,,65.77,2026-04-29T19:28:25Z,2026-05-13T09:49:20Z
1076,189,delivered,54450,14.99,7,,,,,714,76.28,2026-04-13T02:49:27Z,2026-05-13T09:49:20Z
1077,72,delivered,20860,7.99,2,,,,,,92.36,2026-03-23T02:31:09Z,2026-05-13T09:49:20Z
1078,913,delivered,5470,14.99,20,,,,,,48.21,2026-03-18T23:04:57Z,2026-05-13T09:49:20Z
1079,1771,cancelled,37800,7.99,6,,,,,,14.35,2026-04-29T14:10:05Z,2026-05-13T09:49:20Z
1080,893,pending,78590,0,,,,,,,48.43,2026-04-16T16:20:24Z,2026-05-13T09:49:20Z
1081,1311,confirmed,173600,7.99,4,,,,,,41.39,2026-04-21T00:54:27Z,2026-05-13T09:49:20Z
1082,1373,processing,3885,7.99,4,,,,,,58.63,2026-04-20T20:02:00Z,2026-05-13T09:49:20Z
1083,1633,shipped,28400,0,4,,,,,,18.97,2026-03-20T01:38:41Z,2026-05-13T09:49:20Z
1084,1786,delivered,85320,7.99,2,,,,,,83.15,2026-04-07T00:01:49Z,2026-05-13T09:49:20Z
1085,989,delivered,4480,0,22,,,,,119,43.07,2026-04-03T16:17:28Z,2026-05-13T09:49:20Z
1086,358,delivered,16870,7.99,3,,,,,3412,64.68,2026-05-06T01:56:30Z,2026-05-13T09:49:20Z
1087,1115,cancelled,139725,7.99,9,,,,,,93.62,2026-04-03T10:48:37Z,2026-05-13T09:49:20Z
1088,1428,pending,19980,0,,,,,,,21.69,2026-04-08T00:26:33Z,2026-05-13T09:49:20Z
1089,677,confirmed,27490,0,20,,,,,3636,25.37,2026-04-03T22:02:03Z,2026-05-13T09:49:20Z
1090,907,processing,9030,7.99,12,,,,,,20.31,2026-04-18T22:59:23Z,2026-05-13T09:49:20Z
1091,1465,shipped,4880,7.99,20,,,,,,42.05,2026-04-02T16:05:56Z,2026-05-13T09:49:20Z
1092,330,delivered,106090,7.99,13,,,,,,45.86,2026-04-16T13:37:04Z,2026-05-13T09:49:20Z
1093,1396,delivered,33640,0,2,,,,,1241,80.59,2026-04-07T00:35:46Z,2026-05-13T09:49:20Z
1094,1341,delivered,68720,7.99,1,,,,,,32.15,2026-04-23T11:33:50Z,2026-05-13T09:49:20Z
1095,1928,cancelled,3170,14.99,7,,,,,1346,93.28,2026-04-14T18:07:46Z,2026-05-13T09:49:20Z
1096,373,pending,52525,7.99,,,,,,,92.23,2026-03-27T20:18:42Z,2026-05-13T09:49:20Z
1097,625,confirmed,49394,14.99,3,,,,,,82.71,2026-03-16T10:43:00Z,2026-05-13T09:49:20Z
1098,1473,processing,104150,7.99,12,,,,,3772,27.31,2026-04-12T04:15:01Z,2026-05-13T09:49:20Z
1099,845,shipped,33750,0,25,,,,,,22.93,2026-03-27T06:33:40Z,2026-05-13T09:49:20Z
1100,1689,delivered,4380,0,29,,,,,,49.11,2026-04-23T20:50:34Z,2026-05-13T09:49:20Z
1101,1379,delivered,18880,7.99,30,,,,,,44.93,2026-05-03T07:52:34Z,2026-05-13T09:49:20Z
1102,1247,delivered,92130,7.99,1,,,,,,87.18,2026-05-01T18:35:31Z,2026-05-13T09:49:20Z
1103,1024,cancelled,26652,7.99,1,,,,,,14.01,2026-05-02T17:25:35Z,2026-05-13T09:49:20Z
1104,1961,pending,540,7.99,,,,,,,74.37,2026-04-15T02:16:18Z,2026-05-13T09:49:20Z
1105,46,confirmed,1040,0,10,,,,,,13.88,2026-05-12T18:29:09Z,2026-05-13T09:49:20Z
1106,1690,processing,82010,14.99,19,,,,,1517,14.16,2026-03-25T13:37:49Z,2026-05-13T09:49:20Z
1107,162,shipped,14830,14.99,7,,,,,1099,41.51,2026-04-07T16:36:58Z,2026-05-13T09:49:20Z
1108,1626,delivered,37195,0,28,,,,,,25.76,2026-04-12T18:10:05Z,2026-05-13T09:49:20Z
1109,474,delivered,9680,7.99,17,,,,,,86.37,2026-04-04T17:26:27Z,2026-05-13T09:49:20Z
1110,337,delivered,11280,7.99,5,,,,,,29.15,2026-03-20T05:24:58Z,2026-05-13T09:49:20Z
1111,1889,cancelled,4350,7.99,9,,,,,4456,38.39,2026-03-30T00:33:29Z,2026-05-13T09:49:20Z
1112,737,pending,17445,7.99,,,,,,,90.64,2026-04-06T16:54:40Z,2026-05-13T09:49:20Z
1113,1796,confirmed,14870,7.99,12,,,,,,90,2026-05-01T22:55:23Z,2026-05-13T09:49:20Z
1114,799,processing,5008,14.99,16,,,,,,60.79,2026-03-17T20:03:43Z,2026-05-13T09:49:20Z
1115,839,shipped,46640,0,7,,,,,,53.89,2026-04-14T10:00:35Z,2026-05-13T09:49:20Z
1116,433,delivered,45900,14.99,17,,,,,,31.72,2026-04-12T01:20:02Z,2026-05-13T09:49:20Z
1117,812,delivered,5905,7.99,15,,,,,1213,16.77,2026-03-30T01:58:07Z,2026-05-13T09:49:20Z
1118,104,delivered,56160,0,14,,,,,,45.18,2026-03-17T12:15:01Z,2026-05-13T09:49:20Z
1119,571,cancelled,12600,7.99,14,,,,,4397,17.74,2026-05-05T15:42:28Z,2026-05-13T09:49:20Z
1120,1977,pending,54740,7.99,,,,,,1898,46.6,2026-05-05T06:15:01Z,2026-05-13T09:49:20Z
1121,876,confirmed,24480,14.99,10,,,,,,93.54,2026-04-06T21:14:02Z,2026-05-13T09:49:20Z
1122,1568,processing,680,7.99,11,,,,,,34.03,2026-05-11T05:12:08Z,2026-05-13T09:49:20Z
1123,840,shipped,11810,7.99,18,,,,,,75.23,2026-05-12T10:44:45Z,2026-05-13T09:49:20Z
1124,76,delivered,41960,0,24,,,,,,43.21,2026-05-02T01:13:16Z,2026-05-13T09:49:20Z
1125,706,delivered,22000,7.99,22,,,,,,45.94,2026-04-26T14:50:46Z,2026-05-13T09:49:20Z
1126,1488,delivered,11725,7.99,14,,,,,,37.23,2026-04-25T01:37:41Z,2026-05-13T09:49:20Z
1127,1354,cancelled,46500,7.99,9,,,,,,80.57,2026-05-02T17:51:05Z,2026-05-13T09:49:20Z
1128,1078,pending,16740,14.99,,,,,,2500,44.38,2026-04-16T12:17:17Z,2026-05-13T09:49:20Z
1129,1850,confirmed,5140,0,2,,,,,1659,76.9,2026-05-07T15:16:17Z,2026-05-13T09:49:20Z
1130,864,processing,5980,14.99,6,,,,,,92.2,2026-04-03T18:39:56Z,2026-05-13T09:49:20Z
1131,1686,shipped,49860,0,15,,,,,,52.55,2026-05-09T11:54:53Z,2026-05-13T09:49:20Z
1132,36,delivered,30522,7.99,14,,,,,,74.96,2026-04-26T19:47:05Z,2026-05-13T09:49:20Z
1133,1088,delivered,1947,14.99,6,,,,,,61.48,2026-04-28T06:33:22Z,2026-05-13T09:49:20Z
1134,1903,delivered,23200,0,26,,,,,4779,55.78,2026-04-24T15:37:34Z,2026-05-13T09:49:20Z
1135,402,cancelled,11040,7.99,28,,,,,,73.45,2026-03-23T18:38:49Z,2026-05-13T09:49:20Z
1136,254,pending,56260,7.99,,,,,,,79.23,2026-04-11T09:11:14Z,2026-05-13T09:49:20Z
1137,753,confirmed,91780,0,18,,,,,,23.31,2026-05-05T09:46:05Z,2026-05-13T09:49:20Z
1138,1033,processing,7828,7.99,9,,,,,,30.95,2026-03-30T16:56:54Z,2026-05-13T09:49:20Z
1139,1503,shipped,3665,7.99,12,,,,,,61.73,2026-03-14T23:25:03Z,2026-05-13T09:49:20Z
1140,461,delivered,16800,7.99,22,,,,,,57.87,2026-05-01T03:26:21Z,2026-05-13T09:49:20Z
1141,1816,delivered,58675,7.99,24,,,,,,91.09,2026-05-07T07:13:18Z,2026-05-13T09:49:20Z
1142,26,delivered,22200,7.99,29,,,,,1573,14.09,2026-04-11T08:20:36Z,2026-05-13T09:49:20Z
1143,1835,cancelled,20740,7.99,19,,,,,170,75.58,2026-05-08T15:45:10Z,2026-05-13T09:49:20Z
1144,512,pending,57340,7.99,,,,,,1113,11.84,2026-03-23T15:51:33Z,2026-05-13T09:49:20Z
1145,1289,confirmed,17880,7.99,21,,,,,,49.3,2026-04-09T22:21:31Z,2026-05-13T09:49:20Z
1146,637,processing,12960,7.99,21,,,,,,81.99,2026-04-13T20:46:04Z,2026-05-13T09:49:20Z
1147,904,shipped,68780,7.99,7,,,,,,88.94,2026-03-22T07:50:44Z,2026-05-13T09:49:20Z
1148,1758,delivered,5260,0,24,,,,,,52.79,2026-03-20T02:17:08Z,2026-05-13T09:49:20Z
1149,1301,delivered,52690,0,12,,,,,2643,63.44,2026-04-28T03:43:33Z,2026-05-13T09:49:20Z
1150,1826,delivered,49410,7.99,5,,,,,,49.01,2026-04-16T08:25:27Z,2026-05-13T09:49:20Z
1151,1209,cancelled,47620,0,2,,,,,,73.71,2026-05-06T03:33:14Z,2026-05-13T09:49:20Z
1152,1646,pending,59160,7.99,,,,,,,76.07,2026-03-31T15:56:05Z,2026-05-13T09:49:20Z
1153,1896,confirmed,1950,0,7,,,,,1384,52.42,2026-04-08T07:50:49Z,2026-05-13T09:49:20Z
1154,770,processing,9650,7.99,28,,,,,3899,66.85,2026-04-14T03:59:18Z,2026-05-13T09:49:20Z
1155,424,shipped,71035,14.99,27,,,,,,16.94,2026-03-27T02:47:32Z,2026-05-13T09:49:20Z
1156,484,delivered,60200,7.99,12,,,,,,36.31,2026-04-15T07:54:17Z,2026-05-13T09:49:20Z
1157,1333,delivered,7100,7.99,17,,,,,2338,37,2026-05-09T21:09:21Z,2026-05-13T09:49:20Z
1158,1466,delivered,2340,0,10,,,,,,38.97,2026-04-16T14:45:58Z,2026-05-13T09:49:20Z
1159,115,cancelled,30496,14.99,3,,,,,,68.27,2026-04-25T07:02:53Z,2026-05-13T09:49:20Z
1160,626,pending,65640,14.99,,,,,,2952,38.77,2026-04-17T21:45:38Z,2026-05-13T09:49:20Z
1161,1151,confirmed,1170,7.99,23,,,,,,56.84,2026-05-07T01:30:12Z,2026-05-13T09:49:20Z
1162,192,processing,2560,7.99,13,,,,,,93.79,2026-04-05T06:15:22Z,2026-05-13T09:49:20Z
1163,1885,shipped,4235,0,15,,,,,,80.85,2026-04-11T20:46:47Z,2026-05-13T09:49:20Z
1164,1787,delivered,40835,7.99,3,,,,,3040,72.64,2026-04-27T00:09:59Z,2026-05-13T09:49:20Z
1165,1834,delivered,5730,7.99,1,,,,,,61.13,2026-04-02T04:47:56Z,2026-05-13T09:49:20Z
1166,1382,delivered,31910,0,2,,,,,,62.2,2026-04-30T00:55:23Z,2026-05-13T09:49:20Z
1167,1352,cancelled,1170,7.99,24,,,,,,57.58,2026-04-08T10:55:44Z,2026-05-13T09:49:20Z
1168,624,pending,50660,7.99,,,,,,,90.6,2026-04-05T01:34:53Z,2026-05-13T09:49:20Z
1169,1063,confirmed,2960,0,20,,,,,,46.97,2026-04-01T17:22:54Z,2026-05-13T09:49:20Z
1170,730,processing,56670,7.99,30,,,,,3234,74.38,2026-04-02T18:51:32Z,2026-05-13T09:49:20Z
1171,798,shipped,2760,7.99,5,,,,,3697,62.9,2026-04-20T00:07:49Z,2026-05-13T09:49:20Z
1172,1749,delivered,2202,14.99,4,,,,,,84.38,2026-04-20T23:42:23Z,2026-05-13T09:49:20Z
1173,679,delivered,5075,14.99,21,,,,,4766,61.28,2026-04-04T07:32:52Z,2026-05-13T09:49:20Z
1174,1236,delivered,8600,7.99,17,,,,,3284,42.67,2026-04-26T04:38:55Z,2026-05-13T09:49:20Z
1175,1964,cancelled,24155,0,6,,,,,4332,71.21,2026-05-01T03:32:27Z,2026-05-13T09:49:20Z
1176,63,pending,12920,7.99,,,,,,,82.49,2026-03-20T04:31:43Z,2026-05-13T09:49:20Z
1177,986,confirmed,18500,0,19,,,,,2575,17,2026-04-03T17:33:06Z,2026-05-13T09:49:20Z
1178,652,processing,18400,7.99,23,,,,,,85.85,2026-03-21T18:53:57Z,2026-05-13T09:49:20Z
1179,637,shipped,111972,7.99,27,,,,,1750,64,2026-05-09T04:20:44Z,2026-05-13T09:49:20Z
1180,1562,delivered,18590,14.99,17,,,,,,82.46,2026-03-25T23:16:37Z,2026-05-13T09:49:20Z
1181,301,delivered,151700,7.99,7,,,,,,41.06,2026-05-11T01:53:56Z,2026-05-13T09:49:20Z
1182,1948,delivered,840,7.99,29,,,,,801,30.91,2026-04-06T06:32:33Z,2026-05-13T09:49:20Z
1183,1304,cancelled,36280,0,30,,,,,,83.55,2026-04-09T06:59:44Z,2026-05-13T09:49:20Z
1184,667,pending,60992,7.99,,,,,,,62.31,2026-04-18T05:51:38Z,2026-05-13T09:49:20Z
1185,1974,confirmed,109708,14.99,27,,,,,,28.33,2026-04-07T07:49:10Z,2026-05-13T09:49:20Z
1186,521,processing,176,7.99,8,,,,,,23.18,2026-04-18T16:58:57Z,2026-05-13T09:49:20Z
1187,644,shipped,1400,7.99,1,,,,,,68.74,2026-04-22T12:56:16Z,2026-05-13T09:49:20Z
1188,844,delivered,60970,7.99,6,,,,,,35.41,2026-05-07T13:07:31Z,2026-05-13T09:49:20Z
1189,1705,delivered,30440,0,11,,,,,3127,69.4,2026-04-27T13:51:43Z,2026-05-13T09:49:20Z
1190,441,delivered,128690,7.99,12,,,,,,24.07,2026-05-08T12:36:55Z,2026-05-13T09:49:20Z
1191,1185,cancelled,4400,7.99,26,,,,,,41.41,2026-05-09T09:54:10Z,2026-05-13T09:49:20Z
1192,1069,pending,24600,7.99,,,,,,1176,77.21,2026-04-18T08:26:29Z,2026-05-13T09:49:20Z
1193,929,confirmed,9490,0,29,,,,,,61.07,2026-03-23T22:42:52Z,2026-05-13T09:49:20Z
1194,1448,processing,2036,14.99,3,,,,,,73.95,2026-05-11T09:10:18Z,2026-05-13T09:49:20Z
1195,619,shipped,14120,0,11,,,,,2245,39.74,2026-04-21T17:08:02Z,2026-05-13T09:49:20Z
1196,1928,delivered,61240,7.99,27,,,,,3952,40.55,2026-05-12T00:54:20Z,2026-05-13T09:49:20Z
1197,423,delivered,97250,7.99,24,,,,,2931,40.57,2026-03-15T00:25:14Z,2026-05-13T09:49:20Z
1198,193,delivered,24860,14.99,18,,,,,2190,49.91,2026-03-29T21:10:34Z,2026-05-13T09:49:20Z
1199,1776,cancelled,3400,7.99,8,,,,,3056,37.41,2026-04-10T07:29:51Z,2026-05-13T09:49:20Z
1200,1900,pending,13920,0,,,,,,,53.1,2026-05-10T02:21:40Z,2026-05-13T09:49:20Z
1201,132,confirmed,31240,14.99,3,,,,,,23.76,2026-04-17T21:56:22Z,2026-05-13T09:49:20Z
1202,1010,processing,15120,7.99,10,,,,,,10.6,2026-05-07T06:35:33Z,2026-05-13T09:49:20Z
1203,124,shipped,42150,0,19,,,,,,33.81,2026-04-10T07:27:54Z,2026-05-13T09:49:20Z
1204,1638,delivered,1918,0,17,,,,,,49.47,2026-04-24T22:03:49Z,2026-05-13T09:49:20Z
1205,1044,delivered,2450,7.99,19,,,,,,68.62,2026-03-22T08:03:22Z,2026-05-13T09:49:20Z
1206,946,delivered,21455,7.99,29,,,,,4117,25.08,2026-04-17T06:31:53Z,2026-05-13T09:49:20Z
1207,1601,cancelled,215,0,23,,,,,,60.06,2026-05-04T00:44:30Z,2026-05-13T09:49:20Z
1208,1874,pending,26400,0,,,,,,,66.09,2026-04-05T11:02:08Z,2026-05-13T09:49:20Z
1209,1309,confirmed,12400,7.99,19,,,,,,17.66,2026-03-31T20:29:17Z,2026-05-13T09:49:20Z
1210,1340,processing,252,0,30,,,,,,35.92,2026-04-29T20:39:14Z,2026-05-13T09:49:20Z
1211,825,shipped,3540,0,11,,,,,,59.28,2026-04-20T01:06:23Z,2026-05-13T09:49:20Z
1212,1600,delivered,1435,14.99,13,,,,,4996,44.89,2026-04-12T20:23:43Z,2026-05-13T09:49:20Z
1213,1488,delivered,8400,0,23,,,,,,42.17,2026-04-16T15:06:23Z,2026-05-13T09:49:20Z
1214,985,delivered,97470,0,11,,,,,3472,59.16,2026-04-21T16:21:51Z,2026-05-13T09:49:20Z
1215,1395,cancelled,53750,0,12,,,,,,75.29,2026-03-26T18:16:13Z,2026-05-13T09:49:20Z
1216,447,pending,6360,7.99,,,,,,,53.18,2026-03-17T02:37:07Z,2026-05-13T09:49:20Z
1217,1868,confirmed,38180,7.99,17,,,,,,81.84,2026-03-26T22:34:55Z,2026-05-13T09:49:20Z
1218,1636,processing,17970,7.99,22,,,,,,14.84,2026-03-29T06:00:43Z,2026-05-13T09:49:20Z
1219,934,shipped,10660,14.99,30,,,,,,65.59,2026-04-07T06:33:09Z,2026-05-13T09:49:20Z
1220,336,delivered,42600,0,13,,,,,,37.38,2026-04-25T23:45:49Z,2026-05-13T09:49:20Z
1221,1319,delivered,8700,0,10,,,,,,54.77,2026-05-07T02:17:35Z,2026-05-13T09:49:20Z
1222,1899,delivered,2280,14.99,1,,,,,3844,19.9,2026-03-19T10:08:49Z,2026-05-13T09:49:20Z
1223,1556,cancelled,1920,14.99,14,,,,,940,60.41,2026-03-19T13:20:12Z,2026-05-13T09:49:20Z
1224,1083,pending,2760,14.99,,,,,,,14.46,2026-05-06T09:46:20Z,2026-05-13T09:49:20Z
1225,401,confirmed,15390,14.99,4,,,,,323,29.86,2026-04-14T19:24:21Z,2026-05-13T09:49:20Z
1226,844,processing,25190,0,10,,,,,,15.5,2026-04-22T08:23:31Z,2026-05-13T09:49:20Z
1227,467,shipped,3980,0,27,,,,,,64.03,2026-04-12T11:37:27Z,2026-05-13T09:49:20Z
1228,1044,delivered,24280,7.99,8,,,,,,46.06,2026-05-03T01:36:18Z,2026-05-13T09:49:20Z
1229,1929,delivered,28260,7.99,11,,,,,,21.22,2026-03-31T20:50:15Z,2026-05-13T09:49:20Z
1230,1516,delivered,105586,7.99,16,,,,,,14.8,2026-05-02T00:48:02Z,2026-05-13T09:49:20Z
1231,1268,cancelled,10406,7.99,19,,,,,,79.21,2026-03-21T04:39:14Z,2026-05-13T09:49:20Z
1232,842,pending,1620,14.99,,,,,,,30.28,2026-04-12T06:52:51Z,2026-05-13T09:49:20Z
1233,1978,confirmed,14100,7.99,11,,,,,878,51.84,2026-03-27T04:26:08Z,2026-05-13T09:49:20Z
1234,1553,processing,16592,7.99,7,,,,,,64.81,2026-04-29T22:38:40Z,2026-05-13T09:49:20Z
1235,1417,shipped,24156,0,8,,,,,2364,77.08,2026-05-09T10:37:27Z,2026-05-13T09:49:20Z
1236,1188,delivered,707,0,21,,,,,1111,52.55,2026-05-04T15:04:51Z,2026-05-13T09:49:20Z
1237,1696,delivered,39246,7.99,25,,,,,1963,24.74,2026-04-08T06:15:57Z,2026-05-13T09:49:20Z
1238,348,delivered,7200,0,4,,,,,,71.12,2026-04-25T09:43:14Z,2026-05-13T09:49:20Z
1239,175,cancelled,44980,0,24,,,,,3754,79.53,2026-04-16T10:28:25Z,2026-05-13T09:49:20Z
1240,1211,pending,5610,14.99,,,,,,,20.13,2026-04-19T04:55:44Z,2026-05-13T09:49:20Z
1241,380,confirmed,57070,7.99,7,,,,,,53.14,2026-04-28T01:13:48Z,2026-05-13T09:49:20Z
1242,1483,processing,860,14.99,15,,,,,311,52.27,2026-05-09T09:27:00Z,2026-05-13T09:49:20Z
1243,98,shipped,88,14.99,6,,,,,,89.93,2026-04-27T08:45:05Z,2026-05-13T09:49:20Z
1244,362,delivered,9840,7.99,3,,,,,,60.2,2026-04-05T02:21:02Z,2026-05-13T09:49:20Z
1245,1218,delivered,7800,7.99,12,,,,,,14.73,2026-04-12T14:08:13Z,2026-05-13T09:49:20Z
1246,1290,delivered,17265,0,2,,,,,,92.14,2026-04-30T17:40:56Z,2026-05-13T09:49:20Z
1247,1616,cancelled,11500,0,25,,,,,1627,16.67,2026-04-26T17:34:02Z,2026-05-13T09:49:20Z
1248,1365,pending,57840,7.99,,,,,,,31.79,2026-03-28T02:34:11Z,2026-05-13T09:49:20Z
1249,357,confirmed,22960,7.99,24,,,,,,33.82,2026-03-21T06:27:02Z,2026-05-13T09:49:20Z
1250,254,processing,5228,7.99,4,,,,,,46.3,2026-04-18T20:37:36Z,2026-05-13T09:49:20Z
1251,84,shipped,2435,14.99,30,,,,,1691,84.56,2026-04-24T03:14:44Z,2026-05-13T09:49:20Z
1252,1258,delivered,1180,7.99,23,,,,,721,41.65,2026-03-29T02:39:16Z,2026-05-13T09:49:20Z
1253,1530,delivered,10020,14.99,14,,,,,24,61.17,2026-04-02T07:07:40Z,2026-05-13T09:49:20Z
1254,865,delivered,2900,7.99,28,,,,,,86,2026-04-22T22:39:46Z,2026-05-13T09:49:20Z
1255,1915,cancelled,1640,0,26,,,,,,40.9,2026-04-25T01:56:09Z,2026-05-13T09:49:20Z
1256,1557,pending,57060,0,,,,,,,44.85,2026-04-22T03:39:58Z,2026-05-13T09:49:20Z
1257,228,confirmed,3700,7.99,28,,,,,,20.97,2026-03-31T23:33:15Z,2026-05-13T09:49:20Z
1258,195,processing,25980,14.99,28,,,,,,46.76,2026-04-12T00:30:53Z,2026-05-13T09:49:20Z
1259,1553,shipped,71049,14.99,25,,,,,197,69.45,2026-03-30T02:04:04Z,2026-05-13T09:49:20Z
1260,1105,delivered,4100,0,10,,,,,3229,13.49,2026-05-13T05:27:45Z,2026-05-13T09:49:20Z
1261,1816,delivered,164120,7.99,11,,,,,,88.97,2026-04-08T10:58:19Z,2026-05-13T09:49:20Z
1262,1084,delivered,17995,7.99,11,,,,,,47.36,2026-05-02T04:41:14Z,2026-05-13T09:49:20Z
1263,1004,cancelled,1780,14.99,17,,,,,3297,80.27,2026-03-21T01:03:27Z,2026-05-13T09:49:20Z
1264,487,pending,61440,7.99,,,,,,3977,31.87,2026-04-02T06:32:06Z,2026-05-13T09:49:20Z
1265,1726,confirmed,20976,7.99,7,,,,,,41.08,2026-04-23T23:51:45Z,2026-05-13T09:49:20Z
1266,34,processing,8400,0,16,,,,,4151,48.74,2026-03-24T03:01:29Z,2026-05-13T09:49:20Z
1267,1904,shipped,67960,7.99,8,,,,,,17.88,2026-04-02T02:24:10Z,2026-05-13T09:49:20Z
1268,701,delivered,7200,14.99,11,,,,,3981,24.36,2026-03-29T02:33:46Z,2026-05-13T09:49:20Z
1269,1356,delivered,99880,7.99,20,,,,,,28.45,2026-04-18T13:08:51Z,2026-05-13T09:49:20Z
1270,329,delivered,6940,7.99,25,,,,,,27.33,2026-04-29T21:22:21Z,2026-05-13T09:49:20Z
1271,80,cancelled,10840,14.99,9,,,,,3610,73.94,2026-04-02T08:11:20Z,2026-05-13T09:49:20Z
1272,308,pending,25640,14.99,,,,,,1669,21.21,2026-04-18T16:21:49Z,2026-05-13T09:49:20Z
1273,195,confirmed,26000,7.99,21,,,,,2483,21.88,2026-05-01T01:27:42Z,2026-05-13T09:49:20Z
1274,22,processing,1985,0,30,,,,,,67.92,2026-04-06T12:54:25Z,2026-05-13T09:49:20Z
1275,1794,shipped,10010,14.99,5,,,,,,10.79,2026-04-18T23:20:36Z,2026-05-13T09:49:20Z
1276,191,delivered,1560,7.99,22,,,,,,68.31,2026-05-04T06:56:12Z,2026-05-13T09:49:20Z
1277,1626,delivered,15360,0,4,,,,,864,31.38,2026-05-11T06:30:55Z,2026-05-13T09:49:20Z
1278,624,delivered,27260,14.99,15,,,,,,31.6,2026-03-14T11:38:25Z,2026-05-13T09:49:20Z
1279,679,cancelled,3288,7.99,8,,,,,,86.8,2026-03-14T09:54:43Z,2026-05-13T09:49:20Z
1280,1371,pending,157020,14.99,,,,,,,77.88,2026-03-16T02:50:11Z,2026-05-13T09:49:20Z
1281,1061,confirmed,42965,7.99,1,,,,,,15.95,2026-04-24T07:40:46Z,2026-05-13T09:49:20Z
1282,204,processing,53600,7.99,15,,,,,,33.92,2026-04-14T04:36:34Z,2026-05-13T09:49:20Z
1283,1453,shipped,9030,0,7,,,,,2681,93.98,2026-04-14T10:28:34Z,2026-05-13T09:49:20Z
1284,269,delivered,35780,7.99,17,,,,,,81.66,2026-04-29T06:17:48Z,2026-05-13T09:49:20Z
1285,1315,delivered,30352,7.99,27,,,,,,86.48,2026-03-29T09:34:28Z,2026-05-13T09:49:20Z
1286,1007,delivered,3780,7.99,14,,,,,,45.74,2026-04-09T01:47:12Z,2026-05-13T09:49:20Z
1287,734,cancelled,30720,14.99,7,,,,,2679,36.79,2026-04-18T22:19:48Z,2026-05-13T09:49:20Z
1288,990,pending,45760,7.99,,,,,,2386,85.34,2026-05-01T16:38:48Z,2026-05-13T09:49:20Z
1289,1493,confirmed,67120,7.99,10,,,,,,55.06,2026-04-27T17:36:53Z,2026-05-13T09:49:20Z
1290,459,processing,6440,14.99,26,,,,,,58.21,2026-04-26T17:22:45Z,2026-05-13T09:49:20Z
1291,161,shipped,16660,0,27,,,,,,54.71,2026-04-19T23:29:53Z,2026-05-13T09:49:20Z
1292,135,delivered,112580,7.99,1,,,,,,63.23,2026-03-25T07:55:03Z,2026-05-13T09:49:20Z
1293,318,delivered,8360,7.99,11,,,,,2297,31.83,2026-03-28T11:34:12Z,2026-05-13T09:49:20Z
1294,1686,delivered,9940,0,7,,,,,,30.25,2026-03-18T14:38:58Z,2026-05-13T09:49:20Z
1295,830,cancelled,22260,14.99,3,,,,,,11.21,2026-04-24T22:59:25Z,2026-05-13T09:49:20Z
1296,5,pending,14340,7.99,,,,,,,70.27,2026-05-09T14:25:54Z,2026-05-13T09:49:20Z
1297,819,confirmed,4214,7.99,22,,,,,4697,94.44,2026-03-29T14:33:54Z,2026-05-13T09:49:20Z
1298,1393,processing,42776,0,8,,,,,,93.38,2026-03-25T11:30:13Z,2026-05-13T09:49:20Z
1299,363,shipped,112070,14.99,8,,,,,2395,12.34,2026-04-26T20:36:14Z,2026-05-13T09:49:20Z
1300,849,delivered,41660,14.99,23,,,,,,36.64,2026-05-10T05:05:10Z,2026-05-13T09:49:20Z
1301,1929,delivered,29420,0,20,,,,,4087,20.21,2026-04-30T16:44:31Z,2026-05-13T09:49:20Z
1302,1239,delivered,22100,14.99,18,,,,,,46.57,2026-03-22T07:17:26Z,2026-05-13T09:49:20Z
1303,1936,cancelled,14660,0,25,,,,,,14.21,2026-05-05T23:53:55Z,2026-05-13T09:49:20Z
1304,1787,pending,2580,14.99,,,,,,,71.61,2026-04-22T03:03:53Z,2026-05-13T09:49:20Z
1305,363,confirmed,30760,7.99,20,,,,,748,80.34,2026-03-14T11:12:12Z,2026-05-13T09:49:20Z
1306,1615,processing,82050,7.99,24,,,,,,86.9,2026-05-04T02:11:45Z,2026-05-13T09:49:20Z
1307,299,shipped,18840,7.99,27,,,,,4870,24.71,2026-05-05T08:07:04Z,2026-05-13T09:49:20Z
1308,1027,delivered,2360,0,28,,,,,,70.05,2026-03-22T22:46:08Z,2026-05-13T09:49:20Z
1309,1954,delivered,35260,0,13,,,,,,36.06,2026-04-22T08:19:51Z,2026-05-13T09:49:20Z
1310,1595,delivered,14600,7.99,3,,,,,,82.72,2026-04-08T21:16:44Z,2026-05-13T09:49:20Z
1311,1792,cancelled,63440,14.99,2,,,,,3966,12.72,2026-04-21T21:40:13Z,2026-05-13T09:49:20Z
1312,585,pending,23600,0,,,,,,3888,38.96,2026-05-06T22:41:22Z,2026-05-13T09:49:20Z
1313,69,confirmed,2960,7.99,16,,,,,4109,71.01,2026-04-17T16:41:14Z,2026-05-13T09:49:20Z
1314,75,processing,11200,7.99,25,,,,,2740,43.48,2026-03-15T12:09:34Z,2026-05-13T09:49:20Z
1315,296,shipped,2710,0,6,,,,,1030,85.16,2026-05-09T14:56:28Z,2026-05-13T09:49:20Z
1316,1190,delivered,26250,7.99,1,,,,,,54.39,2026-04-06T14:28:10Z,2026-05-13T09:49:20Z
1317,1460,delivered,16880,7.99,18,,,,,,25.4,2026-04-08T13:06:31Z,2026-05-13T09:49:20Z
1318,1626,delivered,12970,7.99,6,,,,,,33.45,2026-04-17T17:24:37Z,2026-05-13T09:49:20Z
1319,1671,cancelled,47260,0,21,,,,,,58.42,2026-05-04T19:06:16Z,2026-05-13T09:49:20Z
1320,415,pending,4350,0,,,,,,,42.55,2026-03-27T05:24:40Z,2026-05-13T09:49:20Z
1321,474,confirmed,63060,7.99,29,,,,,,82.89,2026-04-15T05:49:48Z,2026-05-13T09:49:20Z
1322,662,processing,167150,7.99,19,,,,,,27.42,2026-04-14T13:19:49Z,2026-05-13T09:49:20Z
1323,1755,shipped,3054,7.99,3,,,,,,80.73,2026-04-17T18:33:46Z,2026-05-13T09:49:20Z
1324,1106,delivered,159000,0,10,,,,,,16.5,2026-04-23T06:36:49Z,2026-05-13T09:49:20Z
1325,781,delivered,10375,7.99,30,,,,,4314,51.26,2026-05-01T22:34:01Z,2026-05-13T09:49:20Z
1326,1700,delivered,3600,7.99,3,,,,,,23.76,2026-03-30T08:03:58Z,2026-05-13T09:49:20Z
1327,782,cancelled,1020,14.99,5,,,,,,52.24,2026-05-10T03:59:07Z,2026-05-13T09:49:20Z
1328,1019,pending,80060,14.99,,,,,,,90.51,2026-03-16T02:46:36Z,2026-05-13T09:49:20Z
1329,892,confirmed,12600,0,1,,,,,,81.26,2026-04-15T18:02:22Z,2026-05-13T09:49:20Z
1330,1015,processing,1736,14.99,25,,,,,1287,15.22,2026-04-30T10:35:55Z,2026-05-13T09:49:20Z
1331,1482,shipped,36590,14.99,4,,,,,,56.91,2026-04-02T20:16:52Z,2026-05-13T09:49:20Z
1332,9,delivered,41400,7.99,30,,,,,,52.27,2026-03-16T07:17:37Z,2026-05-13T09:49:20Z
1333,775,delivered,12100,0,16,,,,,,53.87,2026-03-31T13:35:45Z,2026-05-13T09:49:20Z
1334,477,delivered,13150,0,19,,,,,,25.34,2026-04-11T22:00:16Z,2026-05-13T09:49:20Z
1335,553,cancelled,8580,7.99,25,,,,,,28.82,2026-05-11T08:49:48Z,2026-05-13T09:49:20Z
1336,1198,pending,3840,14.99,,,,,,,63.25,2026-05-10T13:31:06Z,2026-05-13T09:49:20Z
1337,989,confirmed,156000,0,13,,,,,,72.27,2026-03-18T06:23:52Z,2026-05-13T09:49:20Z
1338,638,processing,2060,14.99,14,,,,,,14.39,2026-04-15T20:04:29Z,2026-05-13T09:49:20Z
1339,1477,shipped,7200,0,22,,,,,,75.27,2026-03-27T16:35:17Z,2026-05-13T09:49:20Z
1340,1958,delivered,4160,0,9,,,,,,73.22,2026-03-18T13:00:12Z,2026-05-13T09:49:20Z
1341,1301,delivered,57460,14.99,29,,,,,4791,29.61,2026-04-18T13:54:12Z,2026-05-13T09:49:20Z
1342,1066,delivered,18500,7.99,3,,,,,3421,94.96,2026-05-04T13:56:34Z,2026-05-13T09:49:20Z
1343,1842,cancelled,52358,0,22,,,,,3662,92.79,2026-04-15T04:19:44Z,2026-05-13T09:49:20Z
1344,836,pending,61340,7.99,,,,,,,83.56,2026-04-15T09:29:36Z,2026-05-13T09:49:20Z
1345,158,confirmed,3540,7.99,16,,,,,,87.91,2026-03-28T21:26:24Z,2026-05-13T09:49:20Z
1346,1555,processing,3440,0,9,,,,,,16.13,2026-04-09T12:17:55Z,2026-05-13T09:49:20Z
1347,1279,shipped,4060,7.99,23,,,,,4885,93.17,2026-03-26T02:11:00Z,2026-05-13T09:49:20Z
1348,398,delivered,4200,7.99,7,,,,,,10.56,2026-04-25T07:42:39Z,2026-05-13T09:49:20Z
1349,1413,delivered,26470,0,5,,,,,,82.69,2026-04-28T08:58:17Z,2026-05-13T09:49:20Z
1350,1467,delivered,17390,7.99,7,,,,,,39.96,2026-04-07T10:20:35Z,2026-05-13T09:49:20Z
1351,1057,cancelled,7240,7.99,2,,,,,2885,49.7,2026-03-31T09:16:51Z,2026-05-13T09:49:20Z
1352,1637,pending,38340,7.99,,,,,,,14.99,2026-04-28T19:25:49Z,2026-05-13T09:49:20Z
1353,149,confirmed,3700,7.99,25,,,,,,51.14,2026-04-25T10:18:57Z,2026-05-13T09:49:20Z
1354,99,processing,10996,0,19,,,,,4036,73.34,2026-03-28T18:32:33Z,2026-05-13T09:49:20Z
1355,1659,shipped,10480,0,19,,,,,,77.26,2026-04-08T22:31:25Z,2026-05-13T09:49:20Z
1356,1659,delivered,10700,7.99,4,,,,,,43.56,2026-03-20T01:22:55Z,2026-05-13T09:49:20Z
1357,1499,delivered,105224,14.99,26,,,,,4131,84.23,2026-04-06T19:53:55Z,2026-05-13T09:49:20Z
1358,424,delivered,8860,7.99,25,,,,,,67.13,2026-04-11T13:46:17Z,2026-05-13T09:49:20Z
1359,1552,cancelled,4872,0,16,,,,,,49.55,2026-05-10T11:52:25Z,2026-05-13T09:49:20Z
1360,140,pending,6940,0,,,,,,,93.67,2026-03-28T14:56:28Z,2026-05-13T09:49:20Z
1361,1813,confirmed,82140,7.99,21,,,,,,25.15,2026-03-22T00:01:03Z,2026-05-13T09:49:20Z
1362,1567,processing,2576,7.99,25,,,,,,70.23,2026-04-11T08:45:37Z,2026-05-13T09:49:20Z
1363,1634,shipped,11530,7.99,22,,,,,,87.11,2026-04-30T06:52:15Z,2026-05-13T09:49:20Z
1364,324,delivered,19260,0,13,,,,,277,63.42,2026-03-14T18:11:45Z,2026-05-13T09:49:20Z
1365,231,delivered,34606,7.99,18,,,,,,27.27,2026-05-09T10:30:19Z,2026-05-13T09:49:20Z
1366,12,delivered,30615,7.99,12,,,,,,92.64,2026-03-30T16:16:05Z,2026-05-13T09:49:20Z
1367,1539,cancelled,50358,7.99,22,,,,,,65.14,2026-03-15T20:22:22Z,2026-05-13T09:49:20Z
1368,1648,pending,38520,7.99,,,,,,,46.95,2026-04-23T14:09:12Z,2026-05-13T09:49:20Z
1369,1148,confirmed,36520,7.99,1,,,,,1225,73.48,2026-03-18T02:27:22Z,2026-05-13T09:49:20Z
1370,1350,processing,640,0,28,,,,,2029,32,2026-04-27T08:14:13Z,2026-05-13T09:49:20Z
1371,1870,shipped,1760,7.99,11,,,,,3096,13.26,2026-04-12T16:44:42Z,2026-05-13T09:49:20Z
1372,775,delivered,44476,14.99,3,,,,,,90.5,2026-04-05T23:48:00Z,2026-05-13T09:49:20Z
1373,1768,delivered,24810,14.99,28,,,,,,91.06,2026-04-22T13:08:42Z,2026-05-13T09:49:20Z
1374,1802,delivered,620,7.99,28,,,,,,26.15,2026-03-16T22:36:48Z,2026-05-13T09:49:20Z
1375,822,cancelled,2349,14.99,10,,,,,,35.75,2026-05-11T20:00:18Z,2026-05-13T09:49:20Z
1376,1827,pending,32760,0,,,,,,,45.77,2026-04-19T03:42:54Z,2026-05-13T09:49:20Z
1377,1025,confirmed,15200,14.99,1,,,,,947,16.23,2026-05-11T20:56:08Z,2026-05-13T09:49:20Z
1378,1660,processing,2910,0,17,,,,,,30.95,2026-03-22T03:42:09Z,2026-05-13T09:49:20Z
1379,1957,shipped,18900,7.99,21,,,,,,15.83,2026-03-25T12:06:10Z,2026-05-13T09:49:20Z
1380,1781,delivered,46410,7.99,24,,,,,1227,55.2,2026-03-31T16:00:50Z,2026-05-13T09:49:20Z
1381,1928,delivered,33720,14.99,26,,,,,,22.62,2026-04-25T11:44:18Z,2026-05-13T09:49:20Z
1382,1145,delivered,131320,7.99,14,,,,,1528,52.86,2026-04-01T03:42:39Z,2026-05-13T09:49:20Z
1383,970,cancelled,960,0,22,,,,,4081,34.54,2026-04-11T01:59:28Z,2026-05-13T09:49:20Z
1384,1652,pending,30900,0,,,,,,4340,14.44,2026-03-16T19:47:40Z,2026-05-13T09:49:20Z
1385,1713,confirmed,60480,14.99,27,,,,,,65.35,2026-03-26T17:44:55Z,2026-05-13T09:49:20Z
1386,1976,processing,62120,14.99,9,,,,,,21.05,2026-04-26T13:39:18Z,2026-05-13T09:49:20Z
1387,593,shipped,680,7.99,21,,,,,,20.43,2026-03-19T23:17:13Z,2026-05-13T09:49:20Z
1388,201,delivered,100200,7.99,24,,,,,,38.96,2026-03-15T05:27:34Z,2026-05-13T09:49:20Z
1389,673,delivered,7770,7.99,5,,,,,,22.88,2026-05-09T11:18:38Z,2026-05-13T09:49:20Z
1390,1967,delivered,26800,7.99,29,,,,,514,12.19,2026-04-03T21:02:49Z,2026-05-13T09:49:20Z
1391,249,cancelled,120638,0,15,,,,,,93.7,2026-04-29T14:45:20Z,2026-05-13T09:49:20Z
1392,649,pending,1180,14.99,,,,,,,77.51,2026-05-09T16:04:35Z,2026-05-13T09:49:20Z
1393,318,confirmed,62116,0,8,,,,,2541,22.1,2026-05-10T07:31:03Z,2026-05-13T09:49:20Z
1394,21,processing,37580,7.99,27,,,,,,28.85,2026-04-26T17:04:58Z,2026-05-13T09:49:20Z
1395,647,shipped,1538,14.99,15,,,,,,66.94,2026-04-01T05:35:23Z,2026-05-13T09:49:20Z
1396,1878,delivered,5580,14.99,25,,,,,,10.12,2026-03-19T18:09:24Z,2026-05-13T09:49:20Z
1397,1405,delivered,520,7.99,11,,,,,,45.51,2026-05-02T18:54:11Z,2026-05-13T09:49:20Z
1398,1982,delivered,1440,0,16,,,,,3113,47.79,2026-04-21T15:03:23Z,2026-05-13T09:49:20Z
1399,170,cancelled,30100,14.99,19,,,,,,83.92,2026-04-08T06:20:40Z,2026-05-13T09:49:20Z
1400,239,pending,55620,7.99,,,,,,4868,89.17,2026-04-10T17:30:16Z,2026-05-13T09:49:20Z
1401,1140,confirmed,47600,14.99,16,,,,,,70.64,2026-05-10T17:42:36Z,2026-05-13T09:49:20Z
1402,188,processing,2536,7.99,24,,,,,,77.66,2026-04-25T17:50:27Z,2026-05-13T09:49:20Z
1403,1169,shipped,7230,0,30,,,,,1154,46.84,2026-03-22T17:13:03Z,2026-05-13T09:49:20Z
1404,577,delivered,2180,7.99,14,,,,,,80.39,2026-03-20T12:46:09Z,2026-05-13T09:49:20Z
1405,1948,delivered,1240,7.99,22,,,,,,68.69,2026-04-28T22:51:57Z,2026-05-13T09:49:20Z
1406,446,delivered,12640,0,30,,,,,,92.62,2026-04-06T00:08:06Z,2026-05-13T09:49:20Z
1407,269,cancelled,11740,0,30,,,,,,58.91,2026-04-17T03:34:41Z,2026-05-13T09:49:20Z
1408,1653,pending,11260,7.99,,,,,,,32.64,2026-04-23T09:34:23Z,2026-05-13T09:49:20Z
1409,113,confirmed,3840,14.99,26,,,,,,67.29,2026-04-18T17:29:47Z,2026-05-13T09:49:20Z
1410,253,processing,780,7.99,20,,,,,,78.74,2026-03-23T09:13:31Z,2026-05-13T09:49:20Z
1411,1343,shipped,54020,7.99,13,,,,,,82.46,2026-04-02T15:16:42Z,2026-05-13T09:49:20Z
1412,1014,delivered,22800,14.99,27,,,,,,15.77,2026-04-29T20:07:03Z,2026-05-13T09:49:20Z
1413,295,delivered,3580,14.99,20,,,,,637,38.62,2026-03-24T06:57:52Z,2026-05-13T09:49:20Z
1414,453,delivered,15046,7.99,4,,,,,,88.64,2026-04-22T00:23:52Z,2026-05-13T09:49:20Z
1415,410,cancelled,104000,7.99,15,,,,,1024,47.21,2026-04-04T09:19:13Z,2026-05-13T09:49:20Z
1416,755,pending,28812,14.99,,,,,,,35.48,2026-04-22T02:07:08Z,2026-05-13T09:49:20Z
1417,1181,confirmed,4590,14.99,15,,,,,2153,81.63,2026-03-27T04:13:52Z,2026-05-13T09:49:20Z
1418,553,processing,16360,7.99,26,,,,,,45.27,2026-03-16T08:37:35Z,2026-05-13T09:49:20Z
1419,480,shipped,14584,7.99,22,,,,,,91.27,2026-04-15T22:59:23Z,2026-05-13T09:49:20Z
1420,218,delivered,82378,7.99,23,,,,,,21.98,2026-04-12T22:13:21Z,2026-05-13T09:49:20Z
1421,1484,delivered,6754,14.99,7,,,,,741,49.57,2026-04-21T09:18:09Z,2026-05-13T09:49:20Z
1422,762,delivered,1280,0,28,,,,,,57.59,2026-05-02T21:13:27Z,2026-05-13T09:49:20Z
1423,498,cancelled,119150,14.99,11,,,,,3599,54.23,2026-03-23T23:24:11Z,2026-05-13T09:49:20Z
1424,397,pending,2060,7.99,,,,,,,26.68,2026-03-19T08:47:07Z,2026-05-13T09:49:20Z
1425,742,confirmed,51085,0,11,,,,,1716,20.17,2026-04-02T17:27:44Z,2026-05-13T09:49:20Z
1426,1897,processing,30000,14.99,17,,,,,,87.26,2026-04-19T11:04:27Z,2026-05-13T09:49:20Z
1427,1195,shipped,5250,7.99,4,,,,,,69.88,2026-03-18T00:53:16Z,2026-05-13T09:49:20Z
1428,1002,delivered,132400,7.99,15,,,,,3192,92.89,2026-04-08T18:30:53Z,2026-05-13T09:49:20Z
1429,1483,delivered,6000,7.99,25,,,,,,31.35,2026-04-15T05:04:34Z,2026-05-13T09:49:20Z
1430,584,delivered,28000,7.99,12,,,,,,30.38,2026-04-19T03:45:55Z,2026-05-13T09:49:20Z
1431,1497,cancelled,21180,0,2,,,,,2947,13.58,2026-05-13T05:19:10Z,2026-05-13T09:49:20Z
1432,970,pending,19180,0,,,,,,,73.92,2026-04-30T17:19:56Z,2026-05-13T09:49:20Z
1433,493,confirmed,75860,7.99,24,,,,,,69.2,2026-03-24T13:18:26Z,2026-05-13T09:49:20Z
1434,1710,processing,640,7.99,27,,,,,,65.04,2026-05-05T19:54:31Z,2026-05-13T09:49:20Z
1435,1775,shipped,17565,7.99,7,,,,,713,34.5,2026-04-09T13:23:35Z,2026-05-13T09:49:20Z
1436,581,delivered,42548,7.99,7,,,,,,62.84,2026-03-23T07:51:37Z,2026-05-13T09:49:20Z
1437,1229,delivered,1020,7.99,17,,,,,,18.79,2026-04-14T12:22:28Z,2026-05-13T09:49:20Z
1438,1016,delivered,10390,14.99,29,,,,,1125,44.56,2026-05-11T01:57:15Z,2026-05-13T09:49:20Z
1439,1502,cancelled,12160,7.99,13,,,,,,59.64,2026-05-10T11:44:33Z,2026-05-13T09:49:20Z
1440,952,pending,30400,7.99,,,,,,,72.77,2026-05-10T03:14:36Z,2026-05-13T09:49:20Z
1441,1687,confirmed,4080,7.99,22,,,,,,48.4,2026-03-30T21:33:52Z,2026-05-13T09:49:20Z
1442,570,processing,4498,7.99,24,,,,,,50.58,2026-04-12T03:58:47Z,2026-05-13T09:49:20Z
1443,294,shipped,156640,7.99,5,,,,,,19.91,2026-04-16T19:02:14Z,2026-05-13T09:49:20Z
1444,1746,delivered,3540,7.99,18,,,,,,34.49,2026-05-04T09:59:05Z,2026-05-13T09:49:20Z
1445,924,delivered,13950,0,21,,,,,707,37.96,2026-03-21T04:29:25Z,2026-05-13T09:49:20Z
1446,1896,delivered,1620,0,26,,,,,,12.25,2026-04-28T07:58:04Z,2026-05-13T09:49:20Z
1447,1248,cancelled,3430,7.99,4,,,,,1290,17.49,2026-05-10T09:54:38Z,2026-05-13T09:49:20Z
1448,473,pending,17600,7.99,,,,,,,80.67,2026-04-03T04:43:48Z,2026-05-13T09:49:20Z
1449,1250,confirmed,10190,0,15,,,,,4686,83.38,2026-05-06T10:13:36Z,2026-05-13T09:49:20Z
1450,777,processing,32605,7.99,5,,,,,2481,32.71,2026-03-23T09:38:41Z,2026-05-13T09:49:20Z
1451,136,shipped,25450,7.99,2,,,,,,62.56,2026-03-31T06:23:07Z,2026-05-13T09:49:20Z
1452,1793,delivered,340,7.99,16,,,,,,35.69,2026-04-24T10:59:49Z,2026-05-13T09:49:20Z
1453,1589,delivered,5050,14.99,1,,,,,,64.42,2026-04-13T04:43:25Z,2026-05-13T09:49:20Z
1454,1795,delivered,9550,7.99,2,,,,,,18.58,2026-04-09T22:23:07Z,2026-05-13T09:49:20Z
1455,116,cancelled,8700,7.99,24,,,,,3691,86.79,2026-04-28T06:43:29Z,2026-05-13T09:49:20Z
1456,234,pending,7760,14.99,,,,,,1938,42.17,2026-05-10T15:51:13Z,2026-05-13T09:49:20Z
1457,1421,confirmed,10140,7.99,20,,,,,,77.1,2026-03-21T02:55:50Z,2026-05-13T09:49:20Z
1458,1529,processing,62690,0,10,,,,,3987,90.36,2026-04-27T04:52:30Z,2026-05-13T09:49:20Z
1459,119,shipped,7290,7.99,21,,,,,1534,20.25,2026-03-18T08:00:06Z,2026-05-13T09:49:20Z
1460,1972,delivered,29860,7.99,21,,,,,1364,28.13,2026-03-30T04:16:42Z,2026-05-13T09:49:20Z
1461,88,delivered,14712,0,19,,,,,,11.5,2026-03-26T16:51:52Z,2026-05-13T09:49:20Z
1462,1914,delivered,78960,7.99,21,,,,,3535,63.38,2026-03-19T21:10:31Z,2026-05-13T09:49:20Z
1463,1309,cancelled,25180,7.99,19,,,,,,24.51,2026-04-18T08:19:20Z,2026-05-13T09:49:20Z
1464,551,pending,7250,7.99,,,,,,,75.29,2026-03-28T11:19:32Z,2026-05-13T09:49:20Z
1465,1444,confirmed,3200,7.99,4,,,,,,77.45,2026-04-21T15:23:41Z,2026-05-13T09:49:20Z
1466,753,processing,12240,14.99,23,,,,,4232,85.71,2026-04-12T12:00:52Z,2026-05-13T09:49:20Z
1467,1998,shipped,23395,0,7,,,,,,45.46,2026-05-11T23:03:27Z,2026-05-13T09:49:20Z
1468,1136,delivered,75200,0,29,,,,,,26.99,2026-05-09T00:08:40Z,2026-05-13T09:49:20Z
1469,229,delivered,2280,0,28,,,,,,48.11,2026-03-20T14:05:15Z,2026-05-13T09:49:20Z
1470,1659,delivered,2900,0,2,,,,,158,26.9,2026-05-12T02:59:24Z,2026-05-13T09:49:20Z
1471,283,cancelled,252,7.99,13,,,,,2585,29.91,2026-04-15T23:19:53Z,2026-05-13T09:49:20Z
1472,774,pending,4660,7.99,,,,,,,71.07,2026-04-12T08:47:14Z,2026-05-13T09:49:20Z
1473,16,confirmed,7220,7.99,5,,,,,,13.46,2026-04-27T09:08:25Z,2026-05-13T09:49:20Z
1474,260,processing,42600,7.99,30,,,,,2741,87.51,2026-03-31T10:33:36Z,2026-05-13T09:49:20Z
1475,426,shipped,49040,7.99,13,,,,,2507,31.62,2026-03-29T08:47:14Z,2026-05-13T09:49:20Z
1476,1708,delivered,8190,14.99,19,,,,,3620,52.16,2026-05-09T23:53:52Z,2026-05-13T09:49:20Z
1477,1428,delivered,10240,7.99,27,,,,,4083,39.83,2026-04-22T04:33:06Z,2026-05-13T09:49:20Z
1478,1951,delivered,28080,14.99,15,,,,,,24.21,2026-03-20T12:18:34Z,2026-05-13T09:49:20Z
1479,416,cancelled,8220,7.99,24,,,,,,18,2026-05-10T06:28:48Z,2026-05-13T09:49:20Z
1480,862,pending,10520,7.99,,,,,,4026,77.95,2026-05-07T11:37:22Z,2026-05-13T09:49:20Z
1481,1324,confirmed,95,7.99,23,,,,,3781,27.58,2026-04-21T13:20:59Z,2026-05-13T09:49:20Z
1482,247,processing,10410,7.99,28,,,,,269,43.54,2026-04-05T21:23:14Z,2026-05-13T09:49:20Z
1483,1633,shipped,10080,0,29,,,,,,49.77,2026-04-05T07:45:34Z,2026-05-13T09:49:20Z
1484,781,delivered,13385,7.99,1,,,,,,12.29,2026-03-16T23:22:19Z,2026-05-13T09:49:20Z
1485,484,delivered,5970,7.99,17,,,,,3264,62.17,2026-04-02T15:24:37Z,2026-05-13T09:49:20Z
1486,1721,delivered,24860,7.99,24,,,,,,66.98,2026-04-08T03:54:12Z,2026-05-13T09:49:20Z
1487,1203,cancelled,1040,7.99,22,,,,,3607,39.74,2026-03-16T00:57:56Z,2026-05-13T09:49:20Z
1488,92,pending,4990,7.99,,,,,,,32.96,2026-05-03T12:37:46Z,2026-05-13T09:49:20Z
1489,303,confirmed,10588,0,28,,,,,,90.55,2026-04-08T12:28:21Z,2026-05-13T09:49:20Z
1490,438,processing,18615,14.99,7,,,,,,52.9,2026-04-25T21:48:45Z,2026-05-13T09:49:20Z
1491,803,shipped,85260,7.99,17,,,,,,22.19,2026-04-26T22:50:20Z,2026-05-13T09:49:20Z
1492,155,delivered,17970,0,16,,,,,,79.62,2026-04-06T14:24:50Z,2026-05-13T09:49:20Z
1493,1884,delivered,34140,0,13,,,,,,80.36,2026-03-21T12:33:28Z,2026-05-13T09:49:20Z
1494,1248,delivered,29520,0,13,,,,,,76.71,2026-04-23T01:21:00Z,2026-05-13T09:49:20Z
1495,1284,cancelled,22200,14.99,19,,,,,,46.54,2026-03-25T02:18:28Z,2026-05-13T09:49:20Z
1496,285,pending,7960,14.99,,,,,,,52.29,2026-03-25T06:50:31Z,2026-05-13T09:49:20Z
1497,1650,confirmed,24060,7.99,9,,,,,,63.02,2026-03-14T10:00:55Z,2026-05-13T09:49:20Z
1498,1597,processing,680,0,6,,,,,,53.74,2026-04-18T06:45:07Z,2026-05-13T09:49:20Z
1499,1468,shipped,15900,0,26,,,,,1255,84.81,2026-04-07T05:54:24Z,2026-05-13T09:49:20Z
1500,1650,delivered,135140,0,18,,,,,4551,36.45,2026-04-20T10:41:57Z,2026-05-13T09:49:20Z
1501,1164,delivered,1840,7.99,21,,,,,,21.39,2026-04-28T07:02:56Z,2026-05-13T09:49:20Z
1502,1787,delivered,1560,0,7,,,,,2259,52.26,2026-04-03T00:53:09Z,2026-05-13T09:49:20Z
1503,1622,cancelled,6972,14.99,10,,,,,623,41.49,2026-05-06T04:22:13Z,2026-05-13T09:49:20Z
1504,803,pending,61550,14.99,,,,,,,48.9,2026-04-16T18:51:05Z,2026-05-13T09:49:20Z
1505,994,confirmed,7460,14.99,1,,,,,2254,54.21,2026-03-20T05:45:40Z,2026-05-13T09:49:20Z
1506,747,processing,370,0,30,,,,,,32.57,2026-05-07T03:27:46Z,2026-05-13T09:49:20Z
1507,1562,shipped,9300,7.99,10,,,,,3086,18.83,2026-04-06T00:38:24Z,2026-05-13T09:49:20Z
1508,654,delivered,17760,7.99,2,,,,,,56.7,2026-04-24T03:22:47Z,2026-05-13T09:49:20Z
1509,1962,delivered,3030,0,25,,,,,,29.66,2026-04-17T12:08:52Z,2026-05-13T09:49:20Z
1510,1636,delivered,26200,7.99,24,,,,,1950,14.32,2026-04-20T15:49:20Z,2026-05-13T09:49:20Z
1511,258,cancelled,24220,0,17,,,,,,49.13,2026-05-07T08:02:30Z,2026-05-13T09:49:20Z
1512,750,pending,2760,7.99,,,,,,,83.69,2026-04-12T10:22:08Z,2026-05-13T09:49:20Z
1513,925,confirmed,25200,7.99,10,,,,,3480,38.3,2026-04-21T02:22:48Z,2026-05-13T09:49:20Z
1514,1606,processing,6360,0,4,,,,,,43.16,2026-05-08T20:56:57Z,2026-05-13T09:49:20Z
1515,1712,shipped,8400,7.99,28,,,,,,78.44,2026-03-18T08:49:57Z,2026-05-13T09:49:20Z
1516,1717,delivered,14974,0,28,,,,,,87.07,2026-03-31T17:49:37Z,2026-05-13T09:49:20Z
1517,489,delivered,2820,7.99,27,,,,,,75.3,2026-03-26T17:21:25Z,2026-05-13T09:49:20Z
1518,1941,delivered,750,0,30,,,,,,39.91,2026-04-10T04:05:52Z,2026-05-13T09:49:20Z
1519,1455,cancelled,42200,0,14,,,,,,89.41,2026-05-13T06:29:39Z,2026-05-13T09:49:20Z
1520,820,pending,9880,7.99,,,,,,,24.86,2026-04-17T12:44:18Z,2026-05-13T09:49:20Z
1521,1817,confirmed,10228,7.99,16,,,,,,42.65,2026-04-21T23:38:29Z,2026-05-13T09:49:20Z
1522,1813,processing,3835,0,7,,,,,,14.04,2026-03-20T19:20:49Z,2026-05-13T09:49:20Z
1523,1106,shipped,5068,0,24,,,,,,75.16,2026-03-31T14:20:12Z,2026-05-13T09:49:20Z
1524,1932,delivered,4860,7.99,15,,,,,4008,92.26,2026-04-11T13:56:44Z,2026-05-13T09:49:20Z
1525,1899,delivered,113600,0,20,,,,,,78.34,2026-03-19T17:13:25Z,2026-05-13T09:49:20Z
1526,1721,delivered,76320,0,13,,,,,,53,2026-04-22T01:50:57Z,2026-05-13T09:49:20Z
1527,1875,cancelled,17680,7.99,26,,,,,129,75.31,2026-04-05T15:19:51Z,2026-05-13T09:49:20Z
1528,1096,pending,167326,0,,,,,,,12.53,2026-03-28T06:26:48Z,2026-05-13T09:49:20Z
1529,1830,confirmed,2360,7.99,15,,,,,4763,75.05,2026-03-27T09:41:05Z,2026-05-13T09:49:20Z
1530,1408,processing,8160,7.99,20,,,,,,28.47,2026-04-16T21:53:27Z,2026-05-13T09:49:20Z
1531,82,shipped,34810,0,2,,,,,,69.39,2026-03-16T08:00:20Z,2026-05-13T09:49:20Z
1532,1852,delivered,104420,0,2,,,,,3457,82.09,2026-03-22T10:05:40Z,2026-05-13T09:49:20Z
1533,789,delivered,29760,14.99,13,,,,,,78.5,2026-04-11T05:06:05Z,2026-05-13T09:49:20Z
1534,450,delivered,45800,0,5,,,,,1429,78.28,2026-03-15T02:00:38Z,2026-05-13T09:49:20Z
1535,1622,cancelled,23500,7.99,2,,,,,,50.3,2026-05-07T09:08:48Z,2026-05-13T09:49:20Z
1536,1992,pending,20455,0,,,,,,2602,42.57,2026-03-18T18:09:07Z,2026-05-13T09:49:20Z
1537,90,confirmed,46790,14.99,1,,,,,,32.67,2026-04-25T19:26:44Z,2026-05-13T09:49:20Z
1538,1771,processing,3540,7.99,16,,,,,,53.3,2026-03-15T12:25:50Z,2026-05-13T09:49:20Z
1539,1157,shipped,30060,14.99,5,,,,,,38.43,2026-04-18T23:48:43Z,2026-05-13T09:49:20Z
1540,996,delivered,10382,7.99,1,,,,,3713,39.18,2026-05-05T20:38:28Z,2026-05-13T09:49:20Z
1541,1948,delivered,4000,0,6,,,,,,28.48,2026-05-05T17:49:15Z,2026-05-13T09:49:20Z
1542,597,delivered,31920,7.99,21,,,,,1627,37.01,2026-03-29T04:41:05Z,2026-05-13T09:49:20Z
1543,542,cancelled,1900,0,2,,,,,,43.38,2026-04-26T02:33:03Z,2026-05-13T09:49:20Z
1544,564,pending,13600,7.99,,,,,,,15.15,2026-04-11T08:10:41Z,2026-05-13T09:49:20Z
1545,908,confirmed,6850,14.99,16,,,,,,92.04,2026-04-16T15:01:18Z,2026-05-13T09:49:20Z
1546,194,processing,7360,7.99,24,,,,,,60.94,2026-03-26T03:45:16Z,2026-05-13T09:49:20Z
1547,134,shipped,8790,0,24,,,,,4584,92.58,2026-03-22T06:21:02Z,2026-05-13T09:49:20Z
1548,1145,delivered,2780,7.99,5,,,,,,89.35,2026-03-23T21:35:39Z,2026-05-13T09:49:20Z
1549,1442,delivered,9920,0,22,,,,,3301,71.55,2026-04-20T04:08:20Z,2026-05-13T09:49:20Z
1550,1325,delivered,28760,14.99,15,,,,,,22.49,2026-03-26T10:27:34Z,2026-05-13T09:49:20Z
1551,1513,cancelled,60764,14.99,5,,,,,4505,91.23,2026-05-02T07:41:59Z,2026-05-13T09:49:20Z
1552,133,pending,3400,7.99,,,,,,,33.03,2026-03-31T14:07:47Z,2026-05-13T09:49:20Z
1553,1767,confirmed,28835,14.99,2,,,,,4979,53.73,2026-04-04T02:09:04Z,2026-05-13T09:49:20Z
1554,840,processing,1720,0,15,,,,,,27.18,2026-03-24T12:43:40Z,2026-05-13T09:49:20Z
1555,678,shipped,1720,7.99,21,,,,,,91.46,2026-04-03T05:14:51Z,2026-05-13T09:49:20Z
1556,189,delivered,260,14.99,10,,,,,,33.65,2026-05-02T13:00:39Z,2026-05-13T09:49:20Z
1557,1525,delivered,9310,14.99,11,,,,,,28.9,2026-04-12T23:20:02Z,2026-05-13T09:49:20Z
1558,1872,delivered,19280,0,24,,,,,,75.39,2026-04-28T06:26:39Z,2026-05-13T09:49:20Z
1559,578,cancelled,13110,14.99,25,,,,,,28.54,2026-04-27T03:05:15Z,2026-05-13T09:49:20Z
1560,757,pending,4558,0,,,,,,,52.47,2026-04-27T06:17:45Z,2026-05-13T09:49:20Z
1561,290,confirmed,8560,0,21,,,,,4983,12.93,2026-04-14T08:36:52Z,2026-05-13T09:49:20Z
1562,1510,processing,52140,7.99,19,,,,,3148,88.08,2026-05-07T17:02:47Z,2026-05-13T09:49:20Z
1563,917,shipped,56350,7.99,20,,,,,,86.06,2026-04-27T01:56:41Z,2026-05-13T09:49:20Z
1564,900,delivered,26960,7.99,24,,,,,,25.43,2026-04-06T09:42:41Z,2026-05-13T09:49:20Z
1565,1534,delivered,2518,7.99,9,,,,,,51.93,2026-04-12T21:40:00Z,2026-05-13T09:49:20Z
1566,767,delivered,26160,0,27,,,,,,74.57,2026-04-14T03:40:41Z,2026-05-13T09:49:20Z
1567,363,cancelled,8615,7.99,12,,,,,4466,16.24,2026-04-20T04:29:21Z,2026-05-13T09:49:20Z
1568,949,pending,38200,7.99,,,,,,4934,61.54,2026-05-03T00:17:25Z,2026-05-13T09:49:20Z
1569,460,confirmed,7240,0,7,,,,,2055,31.3,2026-04-23T06:17:33Z,2026-05-13T09:49:20Z
1570,615,processing,2360,0,26,,,,,,73.23,2026-05-01T18:05:03Z,2026-05-13T09:49:20Z
1571,529,shipped,37350,0,21,,,,,1773,88.35,2026-04-05T11:53:45Z,2026-05-13T09:49:20Z
1572,838,delivered,58,7.99,27,,,,,,73.7,2026-04-27T07:23:04Z,2026-05-13T09:49:20Z
1573,1835,delivered,1700,7.99,16,,,,,2678,46.35,2026-05-07T16:18:56Z,2026-05-13T09:49:20Z
1574,535,delivered,83640,7.99,14,,,,,,29.27,2026-04-26T07:50:14Z,2026-05-13T09:49:20Z
1575,289,cancelled,10920,7.99,18,,,,,,51.72,2026-04-25T08:20:35Z,2026-05-13T09:49:20Z
1576,1229,pending,1260,0,,,,,,,44.75,2026-03-16T12:22:23Z,2026-05-13T09:49:20Z
1577,907,confirmed,185,7.99,28,,,,,,11.57,2026-03-27T00:59:57Z,2026-05-13T09:49:20Z
1578,1423,processing,3980,7.99,29,,,,,,65,2026-03-20T04:00:24Z,2026-05-13T09:49:20Z
1579,942,shipped,8520,7.99,26,,,,,,63.03,2026-03-29T17:05:49Z,2026-05-13T09:49:20Z
1580,656,delivered,330,0,11,,,,,939,55.62,2026-04-27T17:22:17Z,2026-05-13T09:49:20Z
1581,604,delivered,12200,0,16,,,,,,72.75,2026-04-27T08:35:36Z,2026-05-13T09:49:20Z
1582,1950,delivered,3540,14.99,6,,,,,,46.36,2026-04-23T02:29:26Z,2026-05-13T09:49:20Z
1583,1968,cancelled,2568,0,3,,,,,,15.58,2026-04-23T07:32:02Z,2026-05-13T09:49:20Z
1584,1324,pending,11070,7.99,,,,,,3400,93.76,2026-03-23T10:51:41Z,2026-05-13T09:49:20Z
1585,731,confirmed,1180,0,4,,,,,990,85.37,2026-04-21T14:11:12Z,2026-05-13T09:49:20Z
1586,798,processing,555,0,3,,,,,1048,50.86,2026-05-03T05:29:53Z,2026-05-13T09:49:20Z
1587,1857,shipped,1180,7.99,16,,,,,,28.89,2026-04-01T23:25:21Z,2026-05-13T09:49:20Z
1588,783,delivered,4820,14.99,8,,,,,2744,21.94,2026-04-14T16:15:17Z,2026-05-13T09:49:20Z
1589,1416,delivered,16145,0,26,,,,,2766,57.82,2026-05-01T16:13:17Z,2026-05-13T09:49:20Z
1590,839,delivered,46760,7.99,20,,,,,3092,15.94,2026-04-06T16:40:52Z,2026-05-13T09:49:20Z
1591,323,cancelled,126,0,23,,,,,,58.45,2026-04-04T18:44:25Z,2026-05-13T09:49:20Z
1592,1861,pending,44400,14.99,,,,,,,11.01,2026-04-17T16:53:39Z,2026-05-13T09:49:20Z
1593,652,confirmed,29800,14.99,28,,,,,3548,86.1,2026-04-04T14:59:12Z,2026-05-13T09:49:20Z
1594,1388,processing,15300,7.99,10,,,,,,47.05,2026-04-28T23:44:42Z,2026-05-13T09:49:20Z
1595,337,shipped,33120,0,29,,,,,,59.82,2026-04-15T05:22:05Z,2026-05-13T09:49:20Z
1596,1173,delivered,4200,7.99,4,,,,,,45.18,2026-05-04T16:32:08Z,2026-05-13T09:49:20Z
1597,1446,delivered,47280,7.99,27,,,,,,71.68,2026-03-19T03:32:12Z,2026-05-13T09:49:20Z
1598,1094,delivered,33280,7.99,25,,,,,,57.55,2026-04-21T15:35:06Z,2026-05-13T09:49:20Z
1599,1055,cancelled,28820,7.99,4,,,,,,25.18,2026-05-09T20:01:29Z,2026-05-13T09:49:20Z
1600,1175,pending,26900,0,,,,,,,47.17,2026-03-26T22:30:59Z,2026-05-13T09:49:20Z
1601,589,confirmed,3330,0,26,,,,,,78.08,2026-03-21T06:22:06Z,2026-05-13T09:49:20Z
1602,1979,processing,8575,7.99,3,,,,,,48.77,2026-04-26T11:44:15Z,2026-05-13T09:49:20Z
1603,525,shipped,16600,14.99,29,,,,,,86.12,2026-04-28T09:12:56Z,2026-05-13T09:49:20Z
1604,731,delivered,37000,7.99,22,,,,,,47.33,2026-04-04T10:13:10Z,2026-05-13T09:49:20Z
1605,526,delivered,5620,7.99,19,,,,,,14.56,2026-05-04T00:32:50Z,2026-05-13T09:49:20Z
1606,1419,delivered,69376,0,14,,,,,,93.75,2026-05-11T08:51:10Z,2026-05-13T09:49:20Z
1607,197,cancelled,68980,7.99,3,,,,,,80.64,2026-05-06T03:45:32Z,2026-05-13T09:49:20Z
1608,192,pending,750,7.99,,,,,,,83.37,2026-04-12T00:08:38Z,2026-05-13T09:49:20Z
1609,1371,confirmed,16860,7.99,3,,,,,,35.95,2026-04-28T16:39:45Z,2026-05-13T09:49:20Z
1610,1833,processing,3246,0,28,,,,,,24.8,2026-04-21T17:13:14Z,2026-05-13T09:49:20Z
1611,1532,shipped,6100,7.99,25,,,,,4641,49.16,2026-05-05T03:54:14Z,2026-05-13T09:49:20Z
1612,1635,delivered,76815,0,25,,,,,,93.56,2026-04-29T14:56:00Z,2026-05-13T09:49:20Z
1613,1458,delivered,260,7.99,30,,,,,,47.78,2026-03-31T18:52:27Z,2026-05-13T09:49:20Z
1614,358,delivered,18520,14.99,13,,,,,4589,79.07,2026-04-29T18:35:23Z,2026-05-13T09:49:20Z
1615,1047,cancelled,868,0,11,,,,,4045,32.25,2026-04-14T00:51:14Z,2026-05-13T09:49:20Z
1616,437,pending,21580,0,,,,,,2133,43,2026-04-01T20:19:11Z,2026-05-13T09:49:20Z
1617,1910,confirmed,40880,7.99,14,,,,,399,89.87,2026-04-29T09:24:11Z,2026-05-13T09:49:20Z
1618,51,processing,173800,7.99,8,,,,,,13.24,2026-04-15T09:37:39Z,2026-05-13T09:49:20Z
1619,916,shipped,4044,0,17,,,,,3678,71.47,2026-04-06T06:18:05Z,2026-05-13T09:49:20Z
1620,513,delivered,6800,0,10,,,,,,83.24,2026-04-07T11:44:35Z,2026-05-13T09:49:20Z
1621,1495,delivered,22940,0,12,,,,,,49.66,2026-03-21T03:38:36Z,2026-05-13T09:49:20Z
1622,1152,delivered,6400,14.99,4,,,,,,17.15,2026-04-12T23:27:22Z,2026-05-13T09:49:20Z
1623,26,cancelled,11200,7.99,7,,,,,,36.19,2026-05-12T14:24:25Z,2026-05-13T09:49:20Z
1624,615,pending,19614,7.99,,,,,,,19.28,2026-04-09T00:34:16Z,2026-05-13T09:49:20Z
1625,111,confirmed,780,7.99,20,,,,,,76.25,2026-04-29T09:51:17Z,2026-05-13T09:49:20Z
1626,54,processing,43800,0,22,,,,,,73.34,2026-03-24T20:51:04Z,2026-05-13T09:49:20Z
1627,1384,shipped,22340,7.99,19,,,,,,85.87,2026-05-05T13:43:09Z,2026-05-13T09:49:20Z
1628,1870,delivered,2720,0,16,,,,,,63.29,2026-04-17T02:41:40Z,2026-05-13T09:49:20Z
1629,1689,delivered,11530,7.99,27,,,,,4663,54.2,2026-05-09T12:13:50Z,2026-05-13T09:49:20Z
1630,1623,delivered,51010,14.99,3,,,,,,52.04,2026-05-13T00:28:15Z,2026-05-13T09:49:20Z
1631,2000,cancelled,43600,7.99,27,,,,,1368,91.01,2026-05-06T09:37:14Z,2026-05-13T09:49:20Z
1632,332,pending,25925,7.99,,,,,,,64.4,2026-03-31T14:28:18Z,2026-05-13T09:49:20Z
1633,1549,confirmed,11700,7.99,3,,,,,425,68.54,2026-04-20T00:43:14Z,2026-05-13T09:49:20Z
1634,1864,processing,37330,0,6,,,,,1869,91.45,2026-05-07T09:52:43Z,2026-05-13T09:49:20Z
1635,1008,shipped,55500,7.99,11,,,,,,28.58,2026-04-10T23:02:17Z,2026-05-13T09:49:20Z
1636,477,delivered,26490,7.99,11,,,,,1827,20.27,2026-04-30T12:02:41Z,2026-05-13T09:49:20Z
1637,1656,delivered,8400,14.99,9,,,,,,68.33,2026-03-26T15:11:09Z,2026-05-13T09:49:20Z
1638,1644,delivered,9660,14.99,5,,,,,,57.82,2026-03-25T05:36:02Z,2026-05-13T09:49:20Z
1639,1869,cancelled,12820,0,10,,,,,3905,58.01,2026-04-01T07:50:08Z,2026-05-13T09:49:20Z
1640,1724,pending,9240,7.99,,,,,,,55.25,2026-03-16T05:34:11Z,2026-05-13T09:49:20Z
1641,1242,confirmed,4460,0,5,,,,,1827,32.66,2026-05-11T16:48:08Z,2026-05-13T09:49:20Z
1642,1364,processing,35960,7.99,20,,,,,4297,51.79,2026-03-28T16:17:42Z,2026-05-13T09:49:20Z
1643,409,shipped,2100,0,16,,,,,,89.06,2026-03-22T13:26:48Z,2026-05-13T09:49:20Z
1644,1030,delivered,12240,0,12,,,,,,63.11,2026-04-15T17:32:18Z,2026-05-13T09:49:20Z
1645,693,delivered,41360,0,9,,,,,,18.78,2026-04-27T17:31:53Z,2026-05-13T09:49:20Z
1646,837,delivered,31476,0,5,,,,,,79.94,2026-04-10T13:39:50Z,2026-05-13T09:49:20Z
1647,140,cancelled,3440,7.99,28,,,,,,75.22,2026-03-15T11:45:13Z,2026-05-13T09:49:20Z
1648,789,pending,5080,14.99,,,,,,2248,77.04,2026-04-02T12:31:58Z,2026-05-13T09:49:20Z
1649,38,confirmed,49620,0,5,,,,,,80.56,2026-03-16T22:43:11Z,2026-05-13T09:49:20Z
1650,147,processing,520,7.99,2,,,,,2353,41.16,2026-03-21T08:19:59Z,2026-05-13T09:49:20Z
1651,873,shipped,12230,7.99,23,,,,,,75.67,2026-03-25T20:25:35Z,2026-05-13T09:49:20Z
1652,359,delivered,86260,14.99,22,,,,,,40.36,2026-03-23T11:58:54Z,2026-05-13T09:49:20Z
1653,499,delivered,24520,7.99,10,,,,,,67.71,2026-03-17T18:35:50Z,2026-05-13T09:49:20Z
1654,1247,delivered,2400,7.99,17,,,,,864,76.96,2026-05-05T02:52:06Z,2026-05-13T09:49:20Z
1655,1626,cancelled,19680,14.99,8,,,,,1849,93.83,2026-04-20T02:29:21Z,2026-05-13T09:49:20Z
1656,1001,pending,47370,14.99,,,,,,,43.78,2026-03-25T12:26:36Z,2026-05-13T09:49:20Z
1657,1938,confirmed,5725,14.99,2,,,,,,22.21,2026-03-24T18:51:58Z,2026-05-13T09:49:20Z
1658,1908,processing,126560,7.99,9,,,,,3135,89.77,2026-03-21T13:12:17Z,2026-05-13T09:49:20Z
1659,1503,shipped,3368,0,23,,,,,,60.14,2026-04-04T21:09:42Z,2026-05-13T09:49:20Z
1660,1202,delivered,2816,7.99,17,,,,,,60.17,2026-03-21T17:52:46Z,2026-05-13T09:49:20Z
1661,1105,delivered,16800,7.99,19,,,,,,57.79,2026-05-07T23:33:48Z,2026-05-13T09:49:20Z
1662,1087,delivered,28140,7.99,19,,,,,2108,62.01,2026-05-05T06:15:00Z,2026-05-13T09:49:20Z
1663,1713,cancelled,47500,14.99,16,,,,,,24.2,2026-04-01T22:15:30Z,2026-05-13T09:49:20Z
1664,740,pending,1280,0,,,,,,781,21.98,2026-04-02T15:26:59Z,2026-05-13T09:49:20Z
1665,839,confirmed,3540,14.99,1,,,,,286,36.92,2026-03-22T17:57:18Z,2026-05-13T09:49:20Z
1666,1142,processing,20000,7.99,25,,,,,1743,73.71,2026-03-29T16:14:59Z,2026-05-13T09:49:20Z
1667,651,shipped,71020,0,1,,,,,,76.92,2026-03-22T14:33:14Z,2026-05-13T09:49:20Z
1668,1689,delivered,48800,14.99,16,,,,,929,77.76,2026-04-05T05:27:40Z,2026-05-13T09:49:20Z
1669,776,delivered,15800,7.99,16,,,,,,63.21,2026-03-25T17:41:11Z,2026-05-13T09:49:20Z
1670,1495,delivered,905,7.99,8,,,,,,41.64,2026-04-10T21:35:17Z,2026-05-13T09:49:20Z
1671,256,cancelled,680,7.99,4,,,,,,47.14,2026-04-15T04:50:32Z,2026-05-13T09:49:20Z
1672,516,pending,104252,7.99,,,,,,,66.5,2026-03-16T14:06:34Z,2026-05-13T09:49:20Z
1673,904,confirmed,3840,7.99,1,,,,,,67.16,2026-04-27T23:43:55Z,2026-05-13T09:49:20Z
1674,1508,processing,20980,7.99,7,,,,,,19.47,2026-05-09T19:48:09Z,2026-05-13T09:49:20Z
1675,1514,shipped,3840,0,25,,,,,984,22.77,2026-04-04T15:56:32Z,2026-05-13T09:49:20Z
1676,486,delivered,8300,0,14,,,,,560,82.71,2026-04-01T22:26:16Z,2026-05-13T09:49:20Z
1677,665,delivered,4920,7.99,14,,,,,,81.39,2026-04-16T04:37:01Z,2026-05-13T09:49:20Z
1678,1074,delivered,4760,7.99,2,,,,,2769,80.39,2026-03-23T01:16:15Z,2026-05-13T09:49:20Z
1679,1058,cancelled,1560,0,18,,,,,,77.47,2026-04-04T20:41:32Z,2026-05-13T09:49:20Z
1680,473,pending,35400,7.99,,,,,,,26.93,2026-04-19T20:52:25Z,2026-05-13T09:49:20Z
1681,1182,confirmed,30265,7.99,30,,,,,4298,33.5,2026-03-26T18:44:18Z,2026-05-13T09:49:20Z
1682,1294,processing,15028,0,13,,,,,2952,41.77,2026-04-17T06:05:01Z,2026-05-13T09:49:20Z
1683,694,shipped,520,14.99,12,,,,,1504,64.78,2026-05-02T08:48:22Z,2026-05-13T09:49:20Z
1684,339,delivered,21880,7.99,14,,,,,4653,78.72,2026-04-25T10:19:49Z,2026-05-13T09:49:20Z
1685,1138,delivered,40660,14.99,6,,,,,3167,12.58,2026-04-26T23:38:13Z,2026-05-13T09:49:20Z
1686,947,delivered,7040,14.99,17,,,,,2673,30.57,2026-04-13T17:13:22Z,2026-05-13T09:49:20Z
1687,670,cancelled,3540,0,6,,,,,852,15.8,2026-04-02T12:34:56Z,2026-05-13T09:49:20Z
1688,1834,pending,36085,7.99,,,,,,,74.93,2026-05-12T09:58:37Z,2026-05-13T09:49:20Z
1689,1297,confirmed,23170,14.99,6,,,,,,73.56,2026-04-14T02:05:21Z,2026-05-13T09:49:20Z
1690,1338,processing,90180,0,14,,,,,1080,79.92,2026-04-04T00:27:33Z,2026-05-13T09:49:20Z
1691,1576,shipped,83840,14.99,18,,,,,,29.24,2026-03-23T16:59:51Z,2026-05-13T09:49:20Z
1692,766,delivered,27130,0,7,,,,,,86.44,2026-04-23T21:18:04Z,2026-05-13T09:49:20Z
1693,1252,delivered,28149,7.99,13,,,,,3471,17.73,2026-04-06T06:26:21Z,2026-05-13T09:49:20Z
1694,146,delivered,33780,7.99,20,,,,,,14.12,2026-04-05T06:12:22Z,2026-05-13T09:49:20Z
1695,131,cancelled,51300,7.99,8,,,,,,94.04,2026-04-12T00:31:32Z,2026-05-13T09:49:20Z
1696,303,pending,1180,7.99,,,,,,,10.89,2026-04-14T23:35:07Z,2026-05-13T09:49:20Z
1697,730,confirmed,34336,7.99,16,,,,,,36.74,2026-05-06T19:40:57Z,2026-05-13T09:49:20Z
1698,1960,processing,44360,14.99,29,,,,,,28.83,2026-04-03T15:48:55Z,2026-05-13T09:49:20Z
1699,1359,shipped,41606,0,22,,,,,,58.2,2026-05-11T09:06:43Z,2026-05-13T09:49:20Z
1700,859,delivered,1040,0,13,,,,,,12.23,2026-04-08T05:21:08Z,2026-05-13T09:49:20Z
1701,1887,delivered,2028,14.99,14,,,,,,47.09,2026-04-10T06:05:21Z,2026-05-13T09:49:20Z
1702,184,delivered,4200,7.99,7,,,,,3557,24.76,2026-04-27T21:58:42Z,2026-05-13T09:49:20Z
1703,84,cancelled,4920,0,15,,,,,,57.79,2026-05-09T19:10:12Z,2026-05-13T09:49:20Z
1704,299,pending,3696,7.99,,,,,,,61.05,2026-04-08T05:25:40Z,2026-05-13T09:49:20Z
1705,1180,confirmed,19860,7.99,2,,,,,,80.23,2026-03-24T09:25:50Z,2026-05-13T09:49:20Z
1706,789,processing,19360,7.99,7,,,,,258,92.02,2026-05-01T11:37:53Z,2026-05-13T09:49:20Z
1707,1871,shipped,19876,14.99,19,,,,,,24.47,2026-05-06T13:09:48Z,2026-05-13T09:49:20Z
1708,1595,delivered,68060,7.99,20,,,,,,93.62,2026-05-03T02:41:26Z,2026-05-13T09:49:20Z
1709,906,delivered,89360,14.99,23,,,,,3021,62.26,2026-03-26T00:29:56Z,2026-05-13T09:49:20Z
1710,1624,delivered,39400,7.99,15,,,,,1385,66.15,2026-04-18T09:44:07Z,2026-05-13T09:49:20Z
1711,1072,cancelled,60500,7.99,3,,,,,,47.44,2026-04-05T21:27:45Z,2026-05-13T09:49:20Z
1712,351,pending,3290,0,,,,,,247,33.01,2026-04-22T08:37:13Z,2026-05-13T09:49:20Z
1713,785,confirmed,41462,7.99,27,,,,,,45.14,2026-04-12T21:38:50Z,2026-05-13T09:49:20Z
1714,100,processing,10960,14.99,20,,,,,,85.37,2026-04-03T11:16:29Z,2026-05-13T09:49:20Z
1715,1187,shipped,7350,0,19,,,,,,29.91,2026-04-24T03:45:34Z,2026-05-13T09:49:20Z
1716,175,delivered,2340,7.99,20,,,,,2416,68.63,2026-03-30T13:52:14Z,2026-05-13T09:49:20Z
1717,559,delivered,60340,7.99,8,,,,,,10.58,2026-04-11T20:20:47Z,2026-05-13T09:49:20Z
1718,1070,delivered,40940,7.99,16,,,,,,43.68,2026-03-26T03:14:52Z,2026-05-13T09:49:20Z
1719,646,cancelled,26220,0,11,,,,,1329,56.09,2026-04-28T17:44:29Z,2026-05-13T09:49:20Z
1720,108,pending,55020,0,,,,,,,36.15,2026-04-11T01:27:34Z,2026-05-13T09:49:20Z
1721,571,confirmed,82700,0,29,,,,,,39.44,2026-03-26T09:11:09Z,2026-05-13T09:49:20Z
1722,986,processing,76710,14.99,5,,,,,,82.98,2026-05-06T01:44:52Z,2026-05-13T09:49:20Z
1723,861,shipped,79200,7.99,24,,,,,,37.43,2026-05-01T01:39:03Z,2026-05-13T09:49:20Z
1724,1914,delivered,33340,0,17,,,,,,55.96,2026-03-27T20:47:47Z,2026-05-13T09:49:20Z
1725,1944,delivered,43200,7.99,30,,,,,3884,60.86,2026-03-23T21:10:11Z,2026-05-13T09:49:20Z
1726,1327,delivered,26100,14.99,4,,,,,,91.4,2026-03-28T11:41:39Z,2026-05-13T09:49:20Z
1727,938,cancelled,46049,14.99,23,,,,,4199,57.93,2026-03-28T04:12:38Z,2026-05-13T09:49:20Z
1728,301,pending,33210,7.99,,,,,,,18.81,2026-04-10T21:15:43Z,2026-05-13T09:49:20Z
1729,1181,confirmed,42450,0,19,,,,,,63.68,2026-05-12T03:53:41Z,2026-05-13T09:49:20Z
1730,979,processing,24515,7.99,18,,,,,1505,62.25,2026-04-11T11:48:11Z,2026-05-13T09:49:20Z
1731,1652,shipped,27215,7.99,3,,,,,3036,25.65,2026-03-26T10:38:00Z,2026-05-13T09:49:20Z
1732,410,delivered,56960,14.99,10,,,,,451,56.64,2026-03-19T23:54:07Z,2026-05-13T09:49:20Z
1733,885,delivered,5300,0,25,,,,,3550,84.69,2026-03-17T20:09:42Z,2026-05-13T09:49:20Z
1734,507,delivered,7528,0,20,,,,,,18.66,2026-04-08T10:24:50Z,2026-05-13T09:49:20Z
1735,168,cancelled,4380,7.99,17,,,,,,83,2026-04-25T18:35:47Z,2026-05-13T09:49:20Z
1736,1751,pending,13280,14.99,,,,,,,31.77,2026-03-15T10:53:38Z,2026-05-13T09:49:20Z
1737,1430,confirmed,36530,14.99,6,,,,,,93.29,2026-03-29T11:07:55Z,2026-05-13T09:49:20Z
1738,1796,processing,160030,0,9,,,,,,73.17,2026-04-22T00:35:58Z,2026-05-13T09:49:20Z
1739,654,shipped,37850,0,6,,,,,331,10.64,2026-04-06T22:22:40Z,2026-05-13T09:49:20Z
1740,471,delivered,26886,0,30,,,,,,10.78,2026-04-05T11:59:11Z,2026-05-13T09:49:20Z
1741,1918,delivered,59060,14.99,2,,,,,,67.2,2026-05-01T11:35:35Z,2026-05-13T09:49:20Z
1742,1599,delivered,47780,14.99,1,,,,,4458,79.26,2026-03-23T02:14:34Z,2026-05-13T09:49:20Z
1743,1324,cancelled,31800,7.99,30,,,,,1781,36.33,2026-05-12T06:04:56Z,2026-05-13T09:49:20Z
1744,1455,pending,5805,14.99,,,,,,,30.3,2026-03-29T13:10:57Z,2026-05-13T09:49:20Z
1745,1933,confirmed,13750,7.99,8,,,,,3378,71.67,2026-05-01T07:49:27Z,2026-05-13T09:49:20Z
1746,1172,processing,1080,7.99,20,,,,,,22.75,2026-04-13T23:57:31Z,2026-05-13T09:49:20Z
1747,342,shipped,12590,7.99,7,,,,,1742,47.77,2026-04-07T13:07:59Z,2026-05-13T09:49:20Z
1748,1957,delivered,40390,7.99,12,,,,,,35.15,2026-04-14T22:08:53Z,2026-05-13T09:49:20Z
1749,1589,delivered,33504,7.99,10,,,,,,36.03,2026-04-20T00:49:36Z,2026-05-13T09:49:20Z
1750,252,delivered,19870,7.99,19,,,,,,11,2026-05-05T21:59:17Z,2026-05-13T09:49:20Z
1751,1535,cancelled,33961,7.99,4,,,,,,80.77,2026-04-27T15:33:07Z,2026-05-13T09:49:20Z
1752,670,pending,680,0,,,,,,1787,29.72,2026-03-23T18:08:51Z,2026-05-13T09:49:20Z
1753,1762,confirmed,10370,14.99,7,,,,,,65.67,2026-03-29T09:12:56Z,2026-05-13T09:49:20Z
1754,1111,processing,12598,7.99,1,,,,,,48.53,2026-04-04T10:30:23Z,2026-05-13T09:49:20Z
1755,1773,shipped,68266,0,4,,,,,4267,63.44,2026-03-25T00:48:23Z,2026-05-13T09:49:20Z
1756,988,delivered,36630,7.99,7,,,,,,18.82,2026-05-01T07:06:59Z,2026-05-13T09:49:20Z
1757,368,delivered,13792,0,21,,,,,,37.36,2026-05-10T14:39:29Z,2026-05-13T09:49:20Z
1758,1187,delivered,5720,0,7,,,,,276,40.97,2026-04-04T04:22:56Z,2026-05-13T09:49:20Z
1759,184,cancelled,25938,7.99,29,,,,,,60.27,2026-03-15T09:52:21Z,2026-05-13T09:49:20Z
1760,848,pending,9090,7.99,,,,,,,28.72,2026-04-10T12:26:39Z,2026-05-13T09:49:20Z
1761,844,confirmed,19640,7.99,5,,,,,,36.74,2026-05-10T20:31:25Z,2026-05-13T09:49:20Z
1762,474,processing,19950,7.99,29,,,,,,16.6,2026-04-19T10:50:57Z,2026-05-13T09:49:20Z
1763,1130,shipped,6140,7.99,22,,,,,4156,10.07,2026-04-22T10:32:07Z,2026-05-13T09:49:20Z
1764,399,delivered,9600,7.99,26,,,,,,69.78,2026-04-12T20:55:14Z,2026-05-13T09:49:20Z
1765,1489,delivered,41625,7.99,27,,,,,,55.13,2026-04-13T02:11:49Z,2026-05-13T09:49:20Z
1766,722,delivered,51670,7.99,30,,,,,1557,36.12,2026-04-03T14:25:01Z,2026-05-13T09:49:20Z
1767,627,cancelled,10400,14.99,25,,,,,3928,12.34,2026-03-25T00:25:09Z,2026-05-13T09:49:20Z
1768,399,pending,59930,0,,,,,,,39.09,2026-03-31T19:27:07Z,2026-05-13T09:49:20Z
1769,1540,confirmed,18084,14.99,1,,,,,1360,22.38,2026-05-07T10:19:00Z,2026-05-13T09:49:20Z
1770,1846,processing,10560,0,21,,,,,309,41.75,2026-05-03T14:20:05Z,2026-05-13T09:49:20Z
1771,167,shipped,55100,7.99,19,,,,,,66.6,2026-04-11T04:02:06Z,2026-05-13T09:49:20Z
1772,1133,delivered,137998,0,24,,,,,,41.75,2026-05-09T08:20:16Z,2026-05-13T09:49:20Z
1773,1187,delivered,44350,7.99,22,,,,,,76.8,2026-05-06T12:54:10Z,2026-05-13T09:49:20Z
1774,33,delivered,13070,7.99,13,,,,,,55.18,2026-03-28T10:40:24Z,2026-05-13T09:49:20Z
1775,1825,cancelled,41650,14.99,14,,,,,1584,86,2026-03-16T15:25:29Z,2026-05-13T09:49:20Z
1776,1989,pending,69090,0,,,,,,,54.85,2026-04-21T11:04:24Z,2026-05-13T09:49:20Z
1777,1747,confirmed,139080,0,28,,,,,,85.05,2026-04-10T21:43:16Z,2026-05-13T09:49:20Z
1778,88,processing,2340,7.99,7,,,,,,73.3,2026-05-03T21:53:33Z,2026-05-13T09:49:20Z
1779,1855,shipped,48730,0,15,,,,,855,83.96,2026-03-20T07:18:13Z,2026-05-13T09:49:20Z
1780,96,delivered,2470,7.99,5,,,,,,14.54,2026-03-23T01:14:48Z,2026-05-13T09:49:20Z
1781,772,delivered,1620,14.99,14,,,,,,34.71,2026-05-07T00:10:38Z,2026-05-13T09:49:20Z
1782,562,delivered,88500,7.99,24,,,,,,90.28,2026-04-21T06:11:42Z,2026-05-13T09:49:20Z
1783,1284,cancelled,32280,14.99,29,,,,,,45.65,2026-04-22T13:30:37Z,2026-05-13T09:49:20Z
1784,748,pending,12960,7.99,,,,,,,35.75,2026-05-02T22:06:33Z,2026-05-13T09:49:20Z
1785,1866,confirmed,5634,14.99,28,,,,,,68.48,2026-04-05T17:26:19Z,2026-05-13T09:49:20Z
1786,1110,processing,27540,7.99,19,,,,,692,83.74,2026-03-24T08:33:40Z,2026-05-13T09:49:20Z
1787,561,shipped,24720,14.99,27,,,,,,20.02,2026-04-22T09:07:06Z,2026-05-13T09:49:20Z
1788,1455,delivered,15200,14.99,13,,,,,,28.5,2026-04-03T06:34:26Z,2026-05-13T09:49:20Z
1789,985,delivered,5772,0,4,,,,,,24.21,2026-05-04T10:46:43Z,2026-05-13T09:49:20Z
1790,1437,delivered,3950,7.99,12,,,,,,40.36,2026-04-03T12:50:53Z,2026-05-13T09:49:20Z
1791,1816,cancelled,302920,14.99,16,,,,,,87.74,2026-05-04T09:36:24Z,2026-05-13T09:49:20Z
1792,812,pending,13314,0,,,,,,843,49.69,2026-03-30T03:31:52Z,2026-05-13T09:49:20Z
1793,662,confirmed,28458,0,25,,,,,,51.6,2026-04-12T13:38:18Z,2026-05-13T09:49:20Z
1794,638,processing,9120,7.99,15,,,,,,71.86,2026-04-03T13:06:28Z,2026-05-13T09:49:20Z
1795,1531,shipped,100060,7.99,24,,,,,,28.28,2026-05-12T23:29:27Z,2026-05-13T09:49:20Z
1796,1330,delivered,1850,14.99,14,,,,,,59.14,2026-04-13T21:47:19Z,2026-05-13T09:49:20Z
1797,1145,delivered,39998,0,9,,,,,,49.41,2026-04-29T13:14:03Z,2026-05-13T09:49:20Z
1798,1885,delivered,20810,7.99,4,,,,,,39.16,2026-05-05T14:47:15Z,2026-05-13T09:49:20Z
1799,1852,cancelled,24480,14.99,17,,,,,,72.88,2026-03-23T10:42:19Z,2026-05-13T09:49:20Z
1800,70,pending,9400,0,,,,,,,87.79,2026-03-26T16:35:23Z,2026-05-13T09:49:20Z
1801,1002,confirmed,2400,0,21,,,,,707,74.63,2026-04-02T16:53:48Z,2026-05-13T09:49:20Z
1802,1682,processing,27960,0,27,,,,,,57.91,2026-03-30T02:34:51Z,2026-05-13T09:49:20Z
1803,989,shipped,20360,0,26,,,,,,83.26,2026-05-12T11:19:35Z,2026-05-13T09:49:20Z
1804,1629,delivered,40980,0,23,,,,,2710,50.05,2026-03-21T20:57:19Z,2026-05-13T09:49:20Z
1805,198,delivered,8255,14.99,19,,,,,,66.35,2026-03-15T14:10:05Z,2026-05-13T09:49:20Z
1806,1340,delivered,2165,7.99,30,,,,,,51.63,2026-04-03T08:06:04Z,2026-05-13T09:49:20Z
1807,645,cancelled,2040,14.99,24,,,,,1018,43.54,2026-04-20T01:32:22Z,2026-05-13T09:49:20Z
1808,313,pending,19290,0,,,,,,,68.96,2026-04-01T09:15:32Z,2026-05-13T09:49:20Z
1809,815,confirmed,115820,7.99,15,,,,,473,82.47,2026-04-26T12:58:39Z,2026-05-13T09:49:20Z
1810,1317,processing,131240,7.99,21,,,,,,24.78,2026-03-25T09:21:45Z,2026-05-13T09:49:20Z
1811,910,shipped,18675,0,18,,,,,1500,49.75,2026-03-31T01:24:48Z,2026-05-13T09:49:20Z
1812,708,delivered,5940,0,4,,,,,,40.17,2026-03-15T08:34:41Z,2026-05-13T09:49:20Z
1813,1754,delivered,1465,7.99,10,,,,,,38.93,2026-04-19T21:27:29Z,2026-05-13T09:49:20Z
1814,1848,delivered,13674,7.99,7,,,,,,54.48,2026-04-28T18:39:22Z,2026-05-13T09:49:20Z
1815,408,cancelled,7370,7.99,25,,,,,2374,42.84,2026-04-04T08:39:38Z,2026-05-13T09:49:20Z
1816,1164,pending,13420,0,,,,,,,25.67,2026-04-30T01:06:40Z,2026-05-13T09:49:20Z
1817,1966,confirmed,4020,14.99,16,,,,,,88.6,2026-04-25T16:08:21Z,2026-05-13T09:49:20Z
1818,1475,processing,23530,7.99,27,,,,,,74.37,2026-04-01T06:09:09Z,2026-05-13T09:49:20Z
1819,492,shipped,2360,7.99,23,,,,,,70.46,2026-03-21T23:51:45Z,2026-05-13T09:49:20Z
1820,173,delivered,180110,7.99,25,,,,,4609,93,2026-04-18T02:20:59Z,2026-05-13T09:49:20Z
1821,102,delivered,56520,7.99,26,,,,,,29.91,2026-05-06T16:24:55Z,2026-05-13T09:49:20Z
1822,444,delivered,18700,14.99,7,,,,,,77.85,2026-04-13T11:31:44Z,2026-05-13T09:49:20Z
1823,1208,cancelled,5700,14.99,14,,,,,,16.05,2026-04-30T08:35:05Z,2026-05-13T09:49:20Z
1824,1320,pending,62010,14.99,,,,,,,24.7,2026-04-07T04:58:18Z,2026-05-13T09:49:20Z
1825,618,confirmed,13460,7.99,7,,,,,3659,68.2,2026-03-31T20:07:35Z,2026-05-13T09:49:20Z
1826,1313,processing,13980,0,13,,,,,1411,62.88,2026-04-10T01:57:55Z,2026-05-13T09:49:20Z
1827,892,shipped,14072,7.99,11,,,,,,87.28,2026-04-25T19:29:39Z,2026-05-13T09:49:20Z
1828,1670,delivered,3040,7.99,19,,,,,,48,2026-05-10T22:29:48Z,2026-05-13T09:49:20Z
1829,1516,delivered,6180,7.99,14,,,,,,70.15,2026-04-23T05:47:08Z,2026-05-13T09:49:20Z
1830,1011,delivered,20015,14.99,30,,,,,3444,25.36,2026-03-26T08:43:38Z,2026-05-13T09:49:20Z
1831,1223,cancelled,11200,7.99,29,,,,,3104,29.45,2026-04-15T04:03:18Z,2026-05-13T09:49:20Z
1832,758,pending,11700,0,,,,,,,18.43,2026-03-22T23:05:52Z,2026-05-13T09:49:20Z
1833,608,confirmed,3510,7.99,18,,,,,,22.57,2026-04-30T15:31:12Z,2026-05-13T09:49:20Z
1834,705,processing,1720,14.99,29,,,,,,49.4,2026-04-07T19:37:44Z,2026-05-13T09:49:20Z
1835,1786,shipped,4000,14.99,4,,,,,574,48.41,2026-04-08T21:57:02Z,2026-05-13T09:49:20Z
1836,653,delivered,57212,0,26,,,,,3876,34.01,2026-05-10T19:52:45Z,2026-05-13T09:49:20Z
1837,33,delivered,70620,7.99,7,,,,,,68.18,2026-04-06T14:52:27Z,2026-05-13T09:49:20Z
1838,497,delivered,5205,7.99,6,,,,,,53.68,2026-05-01T03:32:35Z,2026-05-13T09:49:20Z
1839,364,cancelled,9250,14.99,3,,,,,,22.29,2026-05-12T22:53:34Z,2026-05-13T09:49:20Z
1840,292,pending,1720,14.99,,,,,,1060,72.97,2026-03-17T09:46:19Z,2026-05-13T09:49:20Z
1841,1353,confirmed,8604,7.99,21,,,,,1816,17.61,2026-04-22T10:23:27Z,2026-05-13T09:49:20Z
1842,837,processing,872,0,9,,,,,,41.59,2026-03-14T20:50:02Z,2026-05-13T09:49:20Z
1843,226,shipped,5280,0,26,,,,,,92.03,2026-04-15T19:40:01Z,2026-05-13T09:49:20Z
1844,1677,delivered,36710,14.99,4,,,,,,83.34,2026-05-02T11:11:33Z,2026-05-13T09:49:20Z
1845,1896,delivered,38340,14.99,4,,,,,,24.14,2026-03-27T15:12:45Z,2026-05-13T09:49:20Z
1846,1447,delivered,3440,7.99,9,,,,,,29.47,2026-05-08T21:06:20Z,2026-05-13T09:49:20Z
1847,408,cancelled,54460,0,7,,,,,,33.17,2026-04-07T12:30:05Z,2026-05-13T09:49:20Z
1848,1362,pending,23240,7.99,,,,,,,55.96,2026-05-12T22:27:01Z,2026-05-13T09:49:20Z
1849,1221,confirmed,260,7.99,18,,,,,,80.09,2026-04-08T01:28:19Z,2026-05-13T09:49:20Z
1850,576,processing,8838,14.99,16,,,,,,23.77,2026-04-22T21:01:35Z,2026-05-13T09:49:20Z
1851,734,shipped,2880,0,23,,,,,4069,79.6,2026-05-10T16:25:54Z,2026-05-13T09:49:20Z
1852,404,delivered,6280,7.99,22,,,,,514,27.33,2026-04-30T23:00:10Z,2026-05-13T09:49:20Z
1853,962,delivered,780,7.99,15,,,,,,50.32,2026-03-25T08:15:41Z,2026-05-13T09:49:20Z
1854,1416,delivered,3840,0,25,,,,,2691,58.83,2026-04-22T13:35:30Z,2026-05-13T09:49:20Z
1855,452,cancelled,75870,0,7,,,,,,21.6,2026-04-16T15:56:53Z,2026-05-13T09:49:20Z
1856,1373,pending,16600,7.99,,,,,,2253,44.69,2026-03-29T02:36:08Z,2026-05-13T09:49:20Z
1857,308,confirmed,12900,7.99,17,,,,,2098,48.43,2026-05-09T08:24:11Z,2026-05-13T09:49:20Z
1858,1377,processing,11310,7.99,8,,,,,4846,46.74,2026-03-19T07:28:41Z,2026-05-13T09:49:20Z
1859,1534,shipped,21800,7.99,13,,,,,,84.34,2026-04-11T09:59:18Z,2026-05-13T09:49:20Z
1860,533,delivered,33980,7.99,9,,,,,,71.42,2026-04-08T20:34:35Z,2026-05-13T09:49:20Z
1861,1649,delivered,13744,7.99,14,,,,,,43.33,2026-03-14T10:12:58Z,2026-05-13T09:49:20Z
1862,101,delivered,3740,0,12,,,,,,27.11,2026-04-17T18:48:55Z,2026-05-13T09:49:20Z
1863,403,cancelled,46480,14.99,22,,,,,,68.1,2026-03-17T19:50:18Z,2026-05-13T09:49:20Z
1864,1208,pending,3590,0,,,,,,,30.29,2026-03-29T12:11:44Z,2026-05-13T09:49:20Z
1865,1913,confirmed,7200,0,2,,,,,,27.09,2026-04-18T20:38:15Z,2026-05-13T09:49:20Z
1866,364,processing,39680,0,9,,,,,4077,12.62,2026-04-23T21:15:46Z,2026-05-13T09:49:20Z
1867,1748,shipped,3630,7.99,26,,,,,,55.97,2026-03-20T11:12:39Z,2026-05-13T09:49:20Z
1868,716,delivered,1372,7.99,10,,,,,83,24.45,2026-04-17T16:57:24Z,2026-05-13T09:49:20Z
1869,1232,delivered,26400,14.99,3,,,,,,78.4,2026-04-06T18:16:50Z,2026-05-13T09:49:20Z
1870,7,delivered,9800,7.99,16,,,,,403,40.77,2026-04-06T14:47:21Z,2026-05-13T09:49:20Z
1871,108,cancelled,28800,0,3,,,,,182,81.15,2026-03-16T09:47:58Z,2026-05-13T09:49:20Z
1872,202,pending,4080,7.99,,,,,,,94.93,2026-04-09T16:28:15Z,2026-05-13T09:49:20Z
1873,172,confirmed,13050,7.99,4,,,,,,42.1,2026-03-16T20:58:34Z,2026-05-13T09:49:20Z
1874,696,processing,13600,7.99,20,,,,,,87.53,2026-04-30T02:12:31Z,2026-05-13T09:49:20Z
1875,1772,shipped,6480,0,16,,,,,,63.87,2026-03-26T01:23:56Z,2026-05-13T09:49:20Z
1876,845,delivered,8820,7.99,18,,,,,,27.06,2026-04-29T20:10:33Z,2026-05-13T09:49:20Z
1877,1713,delivered,18970,0,16,,,,,,90.27,2026-04-15T00:01:30Z,2026-05-13T09:49:20Z
1878,846,delivered,28520,7.99,27,,,,,838,16.79,2026-03-17T20:18:09Z,2026-05-13T09:49:20Z
1879,474,cancelled,6880,0,9,,,,,,60.82,2026-03-26T21:21:00Z,2026-05-13T09:49:20Z
1880,48,pending,6200,0,,,,,,2650,46.1,2026-04-05T12:28:42Z,2026-05-13T09:49:20Z
1881,1665,confirmed,16256,0,30,,,,,,68,2026-03-16T21:28:31Z,2026-05-13T09:49:20Z
1882,1334,processing,74000,0,30,,,,,,44.98,2026-04-27T20:12:14Z,2026-05-13T09:49:20Z
1883,1491,shipped,16900,14.99,19,,,,,,23.17,2026-04-26T01:04:24Z,2026-05-13T09:49:20Z
1884,611,delivered,5155,7.99,8,,,,,,24.73,2026-03-31T01:25:07Z,2026-05-13T09:49:20Z
1885,1377,delivered,25578,7.99,10,,,,,,50.09,2026-04-15T15:15:24Z,2026-05-13T09:49:20Z
1886,1662,delivered,1560,7.99,3,,,,,,91.78,2026-04-29T17:57:28Z,2026-05-13T09:49:20Z
1887,1240,cancelled,13852,0,7,,,,,3526,24.47,2026-04-26T07:13:47Z,2026-05-13T09:49:20Z
1888,8,pending,15590,7.99,,,,,,,82.34,2026-04-14T02:51:49Z,2026-05-13T09:49:20Z
1889,236,confirmed,520,14.99,6,,,,,1020,60.96,2026-04-11T16:04:45Z,2026-05-13T09:49:20Z
1890,1420,processing,2612,0,16,,,,,,50.74,2026-04-01T19:12:22Z,2026-05-13T09:49:20Z
1891,269,shipped,5780,7.99,4,,,,,,24.79,2026-03-25T00:50:49Z,2026-05-13T09:49:20Z
1892,1427,delivered,4400,7.99,22,,,,,1082,35.39,2026-05-05T01:19:57Z,2026-05-13T09:49:20Z
1893,1636,delivered,18620,0,25,,,,,,23.4,2026-04-18T01:30:44Z,2026-05-13T09:49:20Z
1894,1184,delivered,7800,14.99,10,,,,,,63.15,2026-05-12T19:36:15Z,2026-05-13T09:49:20Z
1895,520,cancelled,8060,14.99,22,,,,,,22.08,2026-04-08T04:37:33Z,2026-05-13T09:49:20Z
1896,1408,pending,29520,7.99,,,,,,,58.31,2026-03-27T00:59:15Z,2026-05-13T09:49:20Z
1897,1964,confirmed,7440,7.99,5,,,,,3885,16.99,2026-04-05T13:44:58Z,2026-05-13T09:49:20Z
1898,358,processing,6100,0,14,,,,,,68.02,2026-03-15T21:26:28Z,2026-05-13T09:49:20Z
1899,508,shipped,21400,14.99,10,,,,,,39.19,2026-03-25T19:16:51Z,2026-05-13T09:49:20Z
1900,1565,delivered,1800,7.99,5,,,,,1669,10.82,2026-05-08T13:40:48Z,2026-05-13T09:49:20Z
1901,1723,delivered,131250,0,10,,,,,,42.99,2026-05-05T08:39:19Z,2026-05-13T09:49:20Z
1902,618,delivered,540,7.99,21,,,,,,71.44,2026-04-09T15:39:22Z,2026-05-13T09:49:20Z
1903,374,cancelled,11198,7.99,4,,,,,,33.44,2026-03-20T21:03:59Z,2026-05-13T09:49:20Z
1904,1204,pending,3040,0,,,,,,4714,18.71,2026-03-26T18:04:50Z,2026-05-13T09:49:20Z
1905,630,confirmed,7250,0,14,,,,,2630,22.41,2026-04-28T11:32:39Z,2026-05-13T09:49:20Z
1906,523,processing,46010,14.99,2,,,,,,31.03,2026-04-02T19:28:23Z,2026-05-13T09:49:20Z
1907,1019,shipped,3656,7.99,7,,,,,,74.73,2026-03-28T09:00:16Z,2026-05-13T09:49:20Z
1908,579,delivered,62050,0,30,,,,,,28.01,2026-04-29T12:54:45Z,2026-05-13T09:49:20Z
1909,146,delivered,29300,7.99,1,,,,,,31.5,2026-03-21T22:54:34Z,2026-05-13T09:49:20Z
1910,1258,delivered,22315,7.99,27,,,,,,72.93,2026-05-06T11:24:06Z,2026-05-13T09:49:20Z
1911,139,cancelled,9870,7.99,3,,,,,3816,42.22,2026-04-05T13:25:14Z,2026-05-13T09:49:20Z
1912,537,pending,66516,7.99,,,,,,,53.6,2026-04-02T06:49:54Z,2026-05-13T09:49:20Z
1913,784,confirmed,12600,0,7,,,,,,24.94,2026-05-03T21:05:13Z,2026-05-13T09:49:20Z
1914,1923,processing,16916,14.99,11,,,,,,74.3,2026-04-18T02:03:32Z,2026-05-13T09:49:20Z
1915,1164,shipped,8000,7.99,20,,,,,554,75.8,2026-03-17T08:59:23Z,2026-05-13T09:49:20Z
1916,1962,delivered,18600,7.99,25,,,,,4511,53.05,2026-04-16T21:29:58Z,2026-05-13T09:49:20Z
1917,1954,delivered,31040,0,23,,,,,2513,34.3,2026-05-12T22:31:11Z,2026-05-13T09:49:20Z
1918,472,delivered,414,0,3,,,,,,53.14,2026-05-12T03:44:12Z,2026-05-13T09:49:20Z
1919,1081,cancelled,2560,14.99,12,,,,,231,64.39,2026-04-26T04:47:54Z,2026-05-13T09:49:20Z
1920,962,pending,3200,0,,,,,,1876,51.96,2026-04-21T15:45:15Z,2026-05-13T09:49:20Z
1921,772,confirmed,14260,14.99,23,,,,,,73.26,2026-05-08T00:38:15Z,2026-05-13T09:49:20Z
1922,545,processing,7624,7.99,29,,,,,,64.97,2026-04-16T10:13:24Z,2026-05-13T09:49:20Z
1923,1582,shipped,105676,7.99,28,,,,,,78.42,2026-04-22T00:38:31Z,2026-05-13T09:49:20Z
1924,80,delivered,54415,7.99,5,,,,,,31.33,2026-04-19T23:46:32Z,2026-05-13T09:49:20Z
1925,1422,delivered,420,14.99,5,,,,,3378,36.8,2026-03-29T22:21:10Z,2026-05-13T09:49:20Z
1926,1485,delivered,40900,0,14,,,,,403,73.94,2026-03-19T13:50:14Z,2026-05-13T09:49:20Z
1927,1153,cancelled,3040,0,22,,,,,,23.26,2026-05-10T16:05:39Z,2026-05-13T09:49:20Z
1928,524,pending,37070,7.99,,,,,,,79.27,2026-04-15T00:21:16Z,2026-05-13T09:49:20Z
1929,718,confirmed,26170,0,27,,,,,,17.18,2026-04-21T13:37:29Z,2026-05-13T09:49:20Z
1930,239,processing,51200,7.99,14,,,,,,90.31,2026-04-25T02:47:12Z,2026-05-13T09:49:20Z
1931,1908,shipped,6340,7.99,23,,,,,,47.49,2026-04-17T17:28:23Z,2026-05-13T09:49:20Z
1932,401,delivered,4170,14.99,4,,,,,,20.61,2026-04-18T17:10:11Z,2026-05-13T09:49:20Z
1933,77,delivered,15470,14.99,15,,,,,,32.81,2026-03-25T14:55:22Z,2026-05-13T09:49:20Z
1934,1382,delivered,4200,14.99,29,,,,,,91.15,2026-04-10T11:21:52Z,2026-05-13T09:49:20Z
1935,253,cancelled,20540,0,9,,,,,3919,11.12,2026-05-06T11:48:42Z,2026-05-13T09:49:20Z
1936,1768,pending,33025,7.99,,,,,,,93.04,2026-03-23T22:10:30Z,2026-05-13T09:49:20Z
1937,1084,confirmed,42380,0,5,,,,,1915,75.08,2026-04-05T11:53:35Z,2026-05-13T09:49:20Z
1938,649,processing,18010,14.99,17,,,,,36,17.14,2026-03-29T00:06:02Z,2026-05-13T09:49:20Z
1939,1842,shipped,20744,0,23,,,,,,53.84,2026-03-31T19:40:35Z,2026-05-13T09:49:20Z
1940,1853,delivered,24180,0,14,,,,,,35.38,2026-03-19T19:44:27Z,2026-05-13T09:49:20Z
1941,1490,delivered,6430,7.99,7,,,,,,68.02,2026-04-30T12:46:25Z,2026-05-13T09:49:20Z
1942,1793,delivered,3700,0,29,,,,,2277,32.13,2026-05-03T12:04:52Z,2026-05-13T09:49:20Z
1943,315,cancelled,6570,7.99,8,,,,,,77.01,2026-04-06T02:34:00Z,2026-05-13T09:49:20Z
1944,910,pending,1840,14.99,,,,,,,30.74,2026-03-30T08:44:58Z,2026-05-13T09:49:20Z
1945,1821,confirmed,79200,0,16,,,,,,32.88,2026-03-26T12:34:24Z,2026-05-13T09:49:20Z
1946,1446,processing,85900,7.99,8,,,,,,73.95,2026-04-18T02:14:05Z,2026-05-13T09:49:20Z
1947,1059,shipped,36140,7.99,7,,,,,,71.42,2026-05-03T17:24:09Z,2026-05-13T09:49:20Z
1948,326,delivered,44105,0,8,,,,,4499,58.33,2026-03-30T07:25:57Z,2026-05-13T09:49:20Z
1949,147,delivered,16500,7.99,11,,,,,,74.62,2026-03-15T15:38:43Z,2026-05-13T09:49:20Z
1950,1254,delivered,10128,14.99,28,,,,,,31,2026-04-06T19:09:21Z,2026-05-13T09:49:20Z
1951,1953,cancelled,7680,7.99,8,,,,,,51.52,2026-04-28T09:36:50Z,2026-05-13T09:49:20Z
1952,1310,pending,109680,0,,,,,,,70.13,2026-05-11T23:29:57Z,2026-05-13T09:49:20Z
1953,174,confirmed,80200,14.99,9,,,,,,70.25,2026-03-30T05:27:13Z,2026-05-13T09:49:20Z
1954,207,processing,14760,7.99,14,,,,,,24.61,2026-03-22T00:28:31Z,2026-05-13T09:49:20Z
1955,453,shipped,9885,7.99,3,,,,,,93.85,2026-04-13T05:41:15Z,2026-05-13T09:49:20Z
1956,1748,delivered,50970,0,14,,,,,1010,71.03,2026-03-22T10:25:42Z,2026-05-13T09:49:20Z
1957,298,delivered,2200,7.99,21,,,,,,51.7,2026-05-07T11:48:31Z,2026-05-13T09:49:20Z
1958,1126,delivered,9370,7.99,10,,,,,1498,78.15,2026-05-09T03:16:59Z,2026-05-13T09:49:20Z
1959,1582,cancelled,9300,0,4,,,,,,14.55,2026-05-07T15:13:38Z,2026-05-13T09:49:20Z
1960,1420,pending,7570,14.99,,,,,,,53.91,2026-03-30T23:53:14Z,2026-05-13T09:49:20Z
1961,1003,confirmed,40600,14.99,7,,,,,,68.4,2026-03-26T15:08:11Z,2026-05-13T09:49:20Z
1962,1481,processing,19760,7.99,18,,,,,,87.09,2026-04-06T03:37:13Z,2026-05-13T09:49:20Z
1963,1437,shipped,60820,7.99,2,,,,,,31.61,2026-04-04T12:11:01Z,2026-05-13T09:49:20Z
1964,626,delivered,2480,7.99,11,,,,,549,81.51,2026-03-20T00:03:22Z,2026-05-13T09:49:20Z
1965,1691,delivered,38560,7.99,3,,,,,,21.11,2026-04-12T11:22:49Z,2026-05-13T09:49:20Z
1966,414,delivered,15140,7.99,3,,,,,,41.25,2026-04-13T22:34:28Z,2026-05-13T09:49:20Z
1967,1144,cancelled,45980,7.99,18,,,,,,14.18,2026-03-16T20:16:42Z,2026-05-13T09:49:20Z
1968,1076,pending,31060,7.99,,,,,,909,47.59,2026-04-16T14:44:36Z,2026-05-13T09:49:20Z
1969,1857,confirmed,23400,0,29,,,,,,75.57,2026-05-10T04:17:37Z,2026-05-13T09:49:20Z
1970,130,processing,24765,7.99,13,,,,,,63.86,2026-04-27T13:59:18Z,2026-05-13T09:49:20Z
1971,795,shipped,56090,14.99,14,,,,,,86.42,2026-03-25T20:26:34Z,2026-05-13T09:49:20Z
1972,283,delivered,56740,0,7,,,,,,14.92,2026-04-19T04:08:53Z,2026-05-13T09:49:20Z
1973,1753,delivered,16550,7.99,28,,,,,3118,74.02,2026-05-12T21:55:11Z,2026-05-13T09:49:20Z
1974,618,delivered,10710,7.99,3,,,,,,46.69,2026-05-08T12:01:22Z,2026-05-13T09:49:20Z
1975,557,cancelled,13484,7.99,1,,,,,4260,79.87,2026-05-03T18:14:16Z,2026-05-13T09:49:20Z
1976,674,pending,10745,0,,,,,,,57.77,2026-03-24T16:15:59Z,2026-05-13T09:49:20Z
1977,495,confirmed,5250,0,25,,,,,2122,78.14,2026-05-05T13:38:56Z,2026-05-13T09:49:20Z
1978,1648,processing,25760,7.99,18,,,,,,82.76,2026-04-09T08:08:26Z,2026-05-13T09:49:20Z
1979,1401,shipped,4460,7.99,20,,,,,,34.83,2026-04-01T05:23:14Z,2026-05-13T09:49:20Z
1980,97,delivered,20400,0,10,,,,,,22.17,2026-04-14T01:29:19Z,2026-05-13T09:49:20Z
1981,1514,delivered,1740,7.99,20,,,,,218,49.1,2026-04-10T03:30:28Z,2026-05-13T09:49:20Z
1982,25,delivered,30650,0,16,,,,,,12.41,2026-05-01T15:04:40Z,2026-05-13T09:49:20Z
1983,81,cancelled,34960,14.99,21,,,,,,15.79,2026-03-20T16:22:52Z,2026-05-13T09:49:20Z
1984,1717,pending,240,7.99,,,,,,,53.38,2026-04-27T01:26:14Z,2026-05-13T09:49:20Z
1985,407,confirmed,22230,7.99,22,,,,,,47.94,2026-04-06T10:12:53Z,2026-05-13T09:49:20Z
1986,1063,processing,9200,0,29,,,,,,23.94,2026-04-19T05:08:54Z,2026-05-13T09:49:20Z
1987,1525,shipped,7520,14.99,7,,,,,,27.06,2026-04-15T00:09:18Z,2026-05-13T09:49:20Z
1988,298,delivered,1458,7.99,11,,,,,,10.58,2026-04-29T02:14:12Z,2026-05-13T09:49:20Z
1989,1843,delivered,4690,7.99,12,,,,,,85.27,2026-03-28T19:53:25Z,2026-05-13T09:49:20Z
1990,1509,delivered,3226,7.99,24,,,,,,58.81,2026-04-12T02:03:08Z,2026-05-13T09:49:20Z
1991,1429,cancelled,4060,0,4,,,,,,18.17,2026-04-01T07:59:21Z,2026-05-13T09:49:20Z
1992,477,pending,5080,0,,,,,,,30.7,2026-04-21T19:42:26Z,2026-05-13T09:49:20Z
1993,1864,confirmed,1365,7.99,27,,,,,1802,26.46,2026-04-10T09:25:18Z,2026-05-13T09:49:20Z
1994,1318,processing,2820,0,3,,,,,,55.48,2026-05-01T02:16:57Z,2026-05-13T09:49:20Z
1995,1012,shipped,26200,0,30,,,,,2623,12.26,2026-04-13T10:20:49Z,2026-05-13T09:49:20Z
1996,253,delivered,51130,14.99,15,,,,,,58.03,2026-03-25T08:53:11Z,2026-05-13T09:49:20Z
1997,307,delivered,11800,7.99,11,,,,,,36.69,2026-04-15T21:10:56Z,2026-05-13T09:49:20Z
1998,413,delivered,21690,7.99,5,,,,,4746,30.23,2026-04-24T13:38:23Z,2026-05-13T09:49:20Z
1999,1927,cancelled,16090,0,21,,,,,,16.48,2026-04-09T01:06:19Z,2026-05-13T09:49:20Z
2000,1099,pending,3540,0,,,,,,512,60.01,2026-04-07T00:13:13Z,2026-05-13T09:49:20Z
2001,1221,confirmed,16890,0,12,,,,,,91.14,2026-05-03T14:24:24Z,2026-05-13T09:49:20Z
2002,1290,processing,2335,0,4,,,,,,76.91,2026-04-18T03:30:32Z,2026-05-13T09:49:20Z
2003,1944,shipped,8680,14.99,21,,,,,,65.53,2026-04-26T08:40:35Z,2026-05-13T09:49:20Z
2004,657,delivered,420,14.99,22,,,,,,79.88,2026-04-12T18:41:57Z,2026-05-13T09:49:20Z
2005,720,delivered,23150,7.99,1,,,,,4332,17.19,2026-04-03T06:25:37Z,2026-05-13T09:49:20Z
2006,300,delivered,31700,7.99,17,,,,,,90.19,2026-03-17T16:17:46Z,2026-05-13T09:49:20Z
2007,1041,cancelled,3380,7.99,28,,,,,3261,90.3,2026-05-01T04:48:27Z,2026-05-13T09:49:20Z
2008,585,pending,6430,7.99,,,,,,,36.69,2026-04-26T07:27:20Z,2026-05-13T09:49:20Z
2009,1338,confirmed,6980,7.99,24,,,,,,37.99,2026-04-05T15:25:30Z,2026-05-13T09:49:20Z
2010,369,processing,50410,14.99,29,,,,,,32.44,2026-04-16T10:17:15Z,2026-05-13T09:49:20Z
2011,1993,shipped,15740,0,7,,,,,,62.26,2026-03-31T15:48:32Z,2026-05-13T09:49:20Z
2012,1212,delivered,10720,7.99,27,,,,,,30.64,2026-03-28T14:20:25Z,2026-05-13T09:49:20Z
2013,1576,delivered,21090,7.99,15,,,,,,90.57,2026-04-17T18:20:43Z,2026-05-13T09:49:20Z
2014,988,delivered,89880,7.99,14,,,,,,45.99,2026-04-15T04:04:56Z,2026-05-13T09:49:20Z
2015,529,cancelled,15948,0,26,,,,,,17.55,2026-04-30T12:35:09Z,2026-05-13T09:49:20Z
2016,1552,pending,34140,0,,,,,,,39.13,2026-04-17T01:59:21Z,2026-05-13T09:49:20Z
2017,1996,confirmed,1565,7.99,2,,,,,,52.27,2026-05-10T23:33:09Z,2026-05-13T09:49:20Z
2018,1928,processing,32560,7.99,22,,,,,,87.23,2026-03-18T18:45:36Z,2026-05-13T09:49:20Z
2019,550,shipped,3595,7.99,13,,,,,,84.95,2026-04-15T20:07:50Z,2026-05-13T09:49:20Z
2020,486,delivered,21580,7.99,7,,,,,,40.93,2026-03-16T19:48:17Z,2026-05-13T09:49:20Z
2021,1692,delivered,30068,7.99,18,,,,,,69.2,2026-04-29T09:23:57Z,2026-05-13T09:49:20Z
2022,212,delivered,28930,7.99,29,,,,,,39.32,2026-03-27T13:38:33Z,2026-05-13T09:49:20Z
2023,798,cancelled,38800,0,16,,,,,4012,71.93,2026-05-03T12:53:27Z,2026-05-13T09:49:20Z
2024,459,pending,172262,7.99,,,,,,,63.23,2026-04-03T12:46:37Z,2026-05-13T09:49:20Z
2025,1207,confirmed,55080,7.99,5,,,,,,41.22,2026-03-30T01:52:26Z,2026-05-13T09:49:20Z
2026,1919,processing,24190,0,27,,,,,,16.43,2026-03-26T17:15:23Z,2026-05-13T09:49:20Z
2027,1398,shipped,3505,14.99,7,,,,,,36.09,2026-03-27T05:02:07Z,2026-05-13T09:49:20Z
2028,1881,delivered,1860,14.99,12,,,,,4088,42.86,2026-04-29T09:13:02Z,2026-05-13T09:49:20Z
2029,804,delivered,5210,0,29,,,,,2101,92.43,2026-03-27T23:50:19Z,2026-05-13T09:49:20Z
2030,333,delivered,17410,14.99,3,,,,,,62.32,2026-04-14T21:49:26Z,2026-05-13T09:49:20Z
2031,1111,cancelled,2010,14.99,8,,,,,,57.55,2026-05-11T09:35:14Z,2026-05-13T09:49:20Z
2032,1612,pending,14880,0,,,,,,2066,38.31,2026-04-25T16:50:23Z,2026-05-13T09:49:20Z
2033,248,confirmed,62500,0,3,,,,,,44.77,2026-03-30T10:43:56Z,2026-05-13T09:49:20Z
2034,440,processing,68796,0,14,,,,,,20.08,2026-04-27T23:54:40Z,2026-05-13T09:49:20Z
2035,979,shipped,2880,0,3,,,,,940,70.85,2026-05-05T23:55:40Z,2026-05-13T09:49:20Z
2036,599,delivered,24890,7.99,10,,,,,,94.39,2026-03-27T05:03:50Z,2026-05-13T09:49:20Z
2037,128,delivered,14650,0,11,,,,,2749,19.71,2026-03-21T11:19:55Z,2026-05-13T09:49:20Z
2038,1960,delivered,30780,14.99,25,,,,,2827,14.27,2026-04-28T04:28:32Z,2026-05-13T09:49:20Z
2039,1972,cancelled,14200,7.99,28,,,,,2069,79.39,2026-04-30T03:15:30Z,2026-05-13T09:49:20Z
2040,629,pending,61630,14.99,,,,,,,63.71,2026-04-14T00:25:07Z,2026-05-13T09:49:20Z
2041,1059,confirmed,5666,14.99,13,,,,,,81.73,2026-03-21T08:15:47Z,2026-05-13T09:49:20Z
2042,729,processing,780,7.99,11,,,,,,45.26,2026-04-01T06:13:10Z,2026-05-13T09:49:20Z
2043,657,shipped,1280,7.99,22,,,,,,31.62,2026-04-17T09:12:17Z,2026-05-13T09:49:20Z
2044,1840,delivered,378,0,4,,,,,2045,79.42,2026-05-10T07:31:43Z,2026-05-13T09:49:20Z
2045,1426,delivered,32360,14.99,20,,,,,782,56.11,2026-04-15T13:53:43Z,2026-05-13T09:49:20Z
2046,1127,delivered,8560,0,11,,,,,,50.33,2026-05-12T11:23:25Z,2026-05-13T09:49:20Z
2047,1906,cancelled,3480,7.99,18,,,,,,84.14,2026-05-06T15:22:19Z,2026-05-13T09:49:20Z
2048,1616,pending,9700,14.99,,,,,,,89.13,2026-04-23T15:23:49Z,2026-05-13T09:49:20Z
2049,1899,confirmed,49545,0,25,,,,,1726,14.9,2026-04-04T00:14:48Z,2026-05-13T09:49:20Z
2050,667,processing,520,7.99,23,,,,,4329,27.54,2026-04-06T02:41:57Z,2026-05-13T09:49:20Z
2051,110,shipped,18360,7.99,28,,,,,,44.31,2026-04-16T18:43:22Z,2026-05-13T09:49:20Z
2052,1341,delivered,210,14.99,29,,,,,,32.44,2026-04-23T08:59:47Z,2026-05-13T09:49:20Z
2053,361,delivered,71240,7.99,3,,,,,1687,93.09,2026-05-10T08:40:04Z,2026-05-13T09:49:20Z
2054,938,delivered,11510,14.99,15,,,,,320,57.53,2026-03-16T07:28:58Z,2026-05-13T09:49:20Z
2055,1598,cancelled,101572,7.99,11,,,,,2904,50.82,2026-03-31T03:36:46Z,2026-05-13T09:49:20Z
2056,127,pending,14200,0,,,,,,423,25.45,2026-04-16T11:54:07Z,2026-05-13T09:49:20Z
2057,1160,confirmed,159600,0,16,,,,,,79.74,2026-03-31T11:14:05Z,2026-05-13T09:49:20Z
2058,226,processing,680,0,11,,,,,,74.4,2026-03-18T00:51:26Z,2026-05-13T09:49:20Z
2059,1205,shipped,80680,7.99,14,,,,,1129,23.61,2026-03-23T15:31:17Z,2026-05-13T09:49:20Z
2060,1383,delivered,620,7.99,20,,,,,,81.58,2026-05-01T05:31:20Z,2026-05-13T09:49:20Z
2061,1539,delivered,178400,7.99,18,,,,,,72.52,2026-03-15T10:31:48Z,2026-05-13T09:49:20Z
2062,508,delivered,59280,7.99,3,,,,,,41.11,2026-03-27T19:23:07Z,2026-05-13T09:49:20Z
2063,1352,cancelled,1840,7.99,2,,,,,,39.21,2026-03-18T11:08:36Z,2026-05-13T09:49:20Z
2064,884,pending,80416,7.99,,,,,,3422,16.89,2026-03-24T04:37:25Z,2026-05-13T09:49:20Z
2065,1206,confirmed,19780,7.99,29,,,,,,64.62,2026-05-06T12:09:19Z,2026-05-13T09:49:20Z
2066,955,processing,30920,7.99,22,,,,,3236,34.15,2026-04-14T06:20:33Z,2026-05-13T09:49:20Z
2067,793,shipped,13394,7.99,24,,,,,3761,86.84,2026-05-08T08:26:53Z,2026-05-13T09:49:20Z
2068,1828,delivered,520,0,15,,,,,,24.44,2026-04-04T05:37:15Z,2026-05-13T09:49:20Z
2069,405,delivered,6130,0,3,,,,,,80.1,2026-04-07T18:37:06Z,2026-05-13T09:49:20Z
2070,997,delivered,74220,7.99,8,,,,,,86,2026-05-06T12:46:19Z,2026-05-13T09:49:20Z
2071,1881,cancelled,16000,0,20,,,,,,50.87,2026-04-10T16:47:53Z,2026-05-13T09:49:20Z
2072,283,pending,780,14.99,,,,,,4046,59.25,2026-04-15T19:50:52Z,2026-05-13T09:49:20Z
2073,517,confirmed,20705,7.99,5,,,,,,12.08,2026-03-24T06:59:18Z,2026-05-13T09:49:20Z
2074,1578,processing,3418,7.99,12,,,,,,94.33,2026-04-24T09:08:31Z,2026-05-13T09:49:20Z
2075,913,shipped,20220,14.99,11,,,,,4740,22.37,2026-05-13T05:46:58Z,2026-05-13T09:49:20Z
2076,1643,delivered,1920,7.99,15,,,,,856,82.39,2026-04-28T09:36:12Z,2026-05-13T09:49:20Z
2077,243,delivered,90396,0,17,,,,,,81.92,2026-05-12T01:31:57Z,2026-05-13T09:49:20Z
2078,938,delivered,2630,7.99,20,,,,,,40.16,2026-05-05T06:15:55Z,2026-05-13T09:49:20Z
2079,1414,cancelled,15780,7.99,19,,,,,4889,15.76,2026-04-22T23:48:43Z,2026-05-13T09:49:20Z
2080,1796,pending,860,7.99,,,,,,,30.49,2026-04-02T09:18:16Z,2026-05-13T09:49:20Z
2081,382,confirmed,3960,7.99,4,,,,,,65.44,2026-03-22T17:01:51Z,2026-05-13T09:49:20Z
2082,1417,processing,69960,7.99,3,,,,,,52.92,2026-05-07T10:24:11Z,2026-05-13T09:49:20Z
2083,1951,shipped,13700,7.99,27,,,,,1354,94.36,2026-04-23T02:05:38Z,2026-05-13T09:49:20Z
2084,1688,delivered,42800,7.99,12,,,,,,86.29,2026-04-05T11:49:55Z,2026-05-13T09:49:20Z
2085,871,delivered,72730,0,9,,,,,3317,60.96,2026-04-20T15:32:36Z,2026-05-13T09:49:20Z
2086,290,delivered,14960,14.99,14,,,,,,61.62,2026-04-03T22:53:32Z,2026-05-13T09:49:20Z
2087,1472,cancelled,29214,7.99,24,,,,,,81.09,2026-05-08T08:51:42Z,2026-05-13T09:49:20Z
2088,738,pending,59054,0,,,,,,2745,24.03,2026-04-29T07:26:14Z,2026-05-13T09:49:20Z
2089,1416,confirmed,19760,7.99,9,,,,,4304,29.46,2026-04-26T10:14:17Z,2026-05-13T09:49:20Z
2090,543,processing,112420,14.99,5,,,,,,34.36,2026-04-28T12:18:34Z,2026-05-13T09:49:20Z
2091,125,shipped,4550,7.99,17,,,,,3124,75.56,2026-03-15T15:35:52Z,2026-05-13T09:49:20Z
2092,888,delivered,32800,0,7,,,,,2470,24.27,2026-04-12T04:44:10Z,2026-05-13T09:49:20Z
2093,1885,delivered,1280,7.99,25,,,,,,21.22,2026-04-10T16:01:30Z,2026-05-13T09:49:20Z
2094,668,delivered,4613,7.99,18,,,,,4832,78.13,2026-04-08T10:56:50Z,2026-05-13T09:49:20Z
2095,96,cancelled,1040,7.99,22,,,,,4947,93.41,2026-04-19T08:28:50Z,2026-05-13T09:49:20Z
2096,510,pending,27350,14.99,,,,,,274,25.41,2026-04-28T19:48:42Z,2026-05-13T09:49:20Z
2097,432,confirmed,1750,14.99,12,,,,,,90.29,2026-04-09T08:48:19Z,2026-05-13T09:49:20Z
2098,409,processing,11200,14.99,13,,,,,2986,82.37,2026-04-06T11:25:20Z,2026-05-13T09:49:20Z
2099,1998,shipped,520,14.99,4,,,,,1050,17.67,2026-03-26T10:12:11Z,2026-05-13T09:49:20Z
2100,1104,delivered,1850,0,11,,,,,,19.73,2026-05-06T10:24:22Z,2026-05-13T09:49:20Z
2101,1096,delivered,720,14.99,23,,,,,,60.15,2026-03-22T15:40:06Z,2026-05-13T09:49:20Z
2102,369,delivered,28880,0,13,,,,,,16.15,2026-03-29T01:06:01Z,2026-05-13T09:49:20Z
2103,1538,cancelled,26590,0,8,,,,,,85.28,2026-04-30T09:42:52Z,2026-05-13T09:49:20Z
2104,1544,pending,152600,0,,,,,,943,45.7,2026-03-25T07:26:24Z,2026-05-13T09:49:20Z
2105,860,confirmed,5550,14.99,14,,,,,,81,2026-03-28T02:58:51Z,2026-05-13T09:49:20Z
2106,1653,processing,169830,7.99,24,,,,,,85.15,2026-05-04T07:33:27Z,2026-05-13T09:49:20Z
2107,812,shipped,54564,0,4,,,,,469,72.18,2026-03-17T01:48:20Z,2026-05-13T09:49:20Z
2108,1191,delivered,35446,0,3,,,,,,94.19,2026-04-01T03:14:54Z,2026-05-13T09:49:20Z
2109,360,delivered,19150,7.99,24,,,,,,90.12,2026-04-23T19:25:10Z,2026-05-13T09:49:20Z
2110,737,delivered,187000,7.99,15,,,,,3590,44.63,2026-04-17T01:23:47Z,2026-05-13T09:49:20Z
2111,781,cancelled,19380,7.99,28,,,,,3927,30.62,2026-05-03T15:40:08Z,2026-05-13T09:49:20Z
2112,1131,pending,36360,7.99,,,,,,,42.22,2026-03-17T20:48:42Z,2026-05-13T09:49:20Z
2113,28,confirmed,56375,7.99,10,,,,,144,11.56,2026-05-11T20:31:46Z,2026-05-13T09:49:20Z
2114,1615,processing,23920,7.99,30,,,,,2060,73.99,2026-03-27T22:15:02Z,2026-05-13T09:49:20Z
2115,304,shipped,5560,0,5,,,,,,60.74,2026-05-07T03:43:02Z,2026-05-13T09:49:20Z
2116,314,delivered,4880,14.99,6,,,,,4739,54.95,2026-04-19T11:09:51Z,2026-05-13T09:49:20Z
2117,424,delivered,55500,0,28,,,,,1448,59.43,2026-04-19T03:41:34Z,2026-05-13T09:49:20Z
2118,583,delivered,107120,7.99,19,,,,,,11.85,2026-04-13T05:16:04Z,2026-05-13T09:49:20Z
2119,1183,cancelled,166140,7.99,25,,,,,2362,30.73,2026-05-04T04:06:28Z,2026-05-13T09:49:20Z
2120,43,pending,10630,7.99,,,,,,3142,74.78,2026-04-30T06:34:27Z,2026-05-13T09:49:20Z
2121,274,confirmed,720,7.99,24,,,,,,65.8,2026-05-07T21:11:49Z,2026-05-13T09:49:20Z
2122,385,processing,20050,0,29,,,,,,83.28,2026-04-22T07:58:25Z,2026-05-13T09:49:20Z
2123,1858,shipped,5540,0,11,,,,,,83.21,2026-05-09T02:08:37Z,2026-05-13T09:49:20Z
2124,1105,delivered,33460,7.99,7,,,,,,59.78,2026-03-30T14:39:52Z,2026-05-13T09:49:20Z
2125,1224,delivered,16190,0,29,,,,,,43.13,2026-03-25T13:46:26Z,2026-05-13T09:49:20Z
2126,1491,delivered,38450,7.99,1,,,,,,54.65,2026-04-23T19:27:30Z,2026-05-13T09:49:20Z
2127,88,cancelled,5700,7.99,15,,,,,,94.64,2026-03-23T03:06:13Z,2026-05-13T09:49:20Z
2128,560,pending,11550,7.99,,,,,,882,36.2,2026-03-29T05:14:53Z,2026-05-13T09:49:20Z
2129,205,confirmed,18198,14.99,20,,,,,,31.51,2026-04-02T14:40:55Z,2026-05-13T09:49:20Z
2130,1238,processing,2580,14.99,26,,,,,,72.01,2026-05-06T00:29:05Z,2026-05-13T09:49:20Z
2131,959,shipped,21600,14.99,26,,,,,,49.04,2026-05-07T12:39:09Z,2026-05-13T09:49:20Z
2132,296,delivered,89805,7.99,1,,,,,4917,77.39,2026-04-29T08:37:49Z,2026-05-13T09:49:20Z
2133,1743,delivered,29740,7.99,29,,,,,,62.09,2026-04-02T23:25:21Z,2026-05-13T09:49:20Z
2134,1178,delivered,4160,0,1,,,,,,56.18,2026-05-01T19:44:18Z,2026-05-13T09:49:20Z
2135,1852,cancelled,70810,7.99,12,,,,,,22.77,2026-04-09T20:23:21Z,2026-05-13T09:49:20Z
2136,74,pending,5556,7.99,,,,,,,86.97,2026-04-15T23:13:49Z,2026-05-13T09:49:20Z
2137,1110,confirmed,2200,7.99,5,,,,,1752,26.03,2026-04-11T11:53:37Z,2026-05-13T09:49:20Z
2138,1121,processing,62010,14.99,6,,,,,,54.61,2026-04-22T00:42:18Z,2026-05-13T09:49:20Z
2139,1530,shipped,1620,0,25,,,,,,39.44,2026-04-09T05:55:27Z,2026-05-13T09:49:20Z
2140,1320,delivered,37900,7.99,25,,,,,,31.81,2026-04-21T16:15:23Z,2026-05-13T09:49:20Z
2141,1173,delivered,21330,7.99,8,,,,,,50.21,2026-05-05T15:20:38Z,2026-05-13T09:49:20Z
2142,290,delivered,6010,7.99,26,,,,,,10.34,2026-04-23T15:52:41Z,2026-05-13T09:49:20Z
2143,1716,cancelled,11700,7.99,23,,,,,,41.83,2026-03-28T11:17:05Z,2026-05-13T09:49:20Z
2144,1203,pending,30410,7.99,,,,,,,46.18,2026-04-27T20:09:43Z,2026-05-13T09:49:20Z
2145,1591,confirmed,4600,14.99,11,,,,,,56.56,2026-04-19T06:29:28Z,2026-05-13T09:49:20Z
2146,1804,processing,2560,7.99,22,,,,,,20.87,2026-04-08T12:48:53Z,2026-05-13T09:49:20Z
2147,385,shipped,85400,7.99,21,,,,,,78.56,2026-03-17T23:08:58Z,2026-05-13T09:49:20Z
2148,296,delivered,6930,14.99,3,,,,,,15.98,2026-04-02T22:55:22Z,2026-05-13T09:49:20Z
2149,1650,delivered,3380,7.99,11,,,,,,35.53,2026-05-02T05:47:03Z,2026-05-13T09:49:20Z
2150,295,delivered,5220,7.99,14,,,,,,84.08,2026-04-04T23:51:13Z,2026-05-13T09:49:20Z
2151,1413,cancelled,42300,7.99,21,,,,,,18.93,2026-04-04T03:07:20Z,2026-05-13T09:49:20Z
2152,108,pending,1920,7.99,,,,,,4750,10.53,2026-05-03T22:00:18Z,2026-05-13T09:49:20Z
2153,825,confirmed,5250,0,9,,,,,2982,65.54,2026-05-13T00:35:24Z,2026-05-13T09:49:20Z
2154,149,processing,960,7.99,22,,,,,4172,80.54,2026-04-07T06:57:06Z,2026-05-13T09:49:20Z
2155,450,shipped,47990,0,10,,,,,,35.04,2026-04-28T12:20:25Z,2026-05-13T09:49:20Z
2156,1883,delivered,6780,14.99,7,,,,,,45.57,2026-04-23T02:37:52Z,2026-05-13T09:49:20Z
2157,715,delivered,50030,14.99,4,,,,,,38.77,2026-04-28T06:00:56Z,2026-05-13T09:49:20Z
2158,816,delivered,860,7.99,15,,,,,,82.2,2026-03-29T02:19:55Z,2026-05-13T09:49:20Z
2159,1572,cancelled,6610,0,30,,,,,,14.74,2026-04-28T23:23:41Z,2026-05-13T09:49:20Z
2160,845,pending,11450,14.99,,,,,,,54.11,2026-04-04T18:57:09Z,2026-05-13T09:49:20Z
2161,1949,confirmed,6400,14.99,21,,,,,2236,25,2026-03-19T20:07:30Z,2026-05-13T09:49:20Z
2162,1179,processing,14000,7.99,6,,,,,912,31.58,2026-04-09T10:18:10Z,2026-05-13T09:49:20Z
2163,525,shipped,4890,7.99,23,,,,,,45.22,2026-03-25T21:17:16Z,2026-05-13T09:49:20Z
2164,872,delivered,31940,7.99,18,,,,,,24.13,2026-03-28T00:53:25Z,2026-05-13T09:49:20Z
2165,689,delivered,1080,14.99,21,,,,,,52.68,2026-03-23T07:57:32Z,2026-05-13T09:49:20Z
2166,1943,delivered,40000,7.99,27,,,,,3449,82.95,2026-04-08T02:37:55Z,2026-05-13T09:49:20Z
2167,1405,cancelled,2972,7.99,16,,,,,387,25.38,2026-05-07T01:03:13Z,2026-05-13T09:49:20Z
2168,162,pending,5710,7.99,,,,,,4023,49.92,2026-04-05T04:33:46Z,2026-05-13T09:49:20Z
2169,699,confirmed,2700,7.99,5,,,,,1468,79.69,2026-04-27T09:56:44Z,2026-05-13T09:49:20Z
2170,889,processing,46700,7.99,12,,,,,2548,12.49,2026-03-21T20:46:41Z,2026-05-13T09:49:20Z
2171,1626,shipped,1560,0,30,,,,,,41.41,2026-03-18T20:20:45Z,2026-05-13T09:49:20Z
2172,1319,delivered,34580,7.99,16,,,,,,61.85,2026-03-16T06:45:13Z,2026-05-13T09:49:20Z
2173,1029,delivered,13600,0,3,,,,,,35.65,2026-04-12T11:48:04Z,2026-05-13T09:49:20Z
2174,1796,delivered,68940,7.99,9,,,,,,49.44,2026-05-12T08:50:37Z,2026-05-13T09:49:20Z
2175,765,cancelled,77590,7.99,16,,,,,4865,20.6,2026-04-10T16:55:45Z,2026-05-13T09:49:20Z
2176,491,pending,1180,7.99,,,,,,,40.01,2026-03-20T17:57:38Z,2026-05-13T09:49:20Z
2177,650,confirmed,68924,0,26,,,,,,15.32,2026-04-04T01:07:46Z,2026-05-13T09:49:20Z
2178,651,processing,13440,14.99,9,,,,,2890,31.74,2026-05-09T16:06:41Z,2026-05-13T09:49:20Z
2179,1988,shipped,69800,14.99,15,,,,,,60.15,2026-03-23T11:15:08Z,2026-05-13T09:49:20Z
2180,1712,delivered,29040,7.99,28,,,,,2482,30.56,2026-04-08T09:59:24Z,2026-05-13T09:49:20Z
2181,1751,delivered,43500,7.99,21,,,,,4365,12.34,2026-03-22T17:50:34Z,2026-05-13T09:49:20Z
2182,1477,delivered,21360,7.99,20,,,,,,60.08,2026-05-01T09:49:25Z,2026-05-13T09:49:20Z
2183,125,cancelled,32710,7.99,14,,,,,,85.67,2026-04-20T08:29:10Z,2026-05-13T09:49:20Z
2184,1924,pending,31500,0,,,,,,1055,90.59,2026-03-19T21:04:21Z,2026-05-13T09:49:20Z
2185,1727,confirmed,20400,7.99,1,,,,,,78.45,2026-03-21T09:12:32Z,2026-05-13T09:49:20Z
2186,341,processing,36240,7.99,2,,,,,,40.81,2026-04-27T22:00:05Z,2026-05-13T09:49:20Z
2187,1138,shipped,780,0,16,,,,,,29.43,2026-04-03T16:50:48Z,2026-05-13T09:49:20Z
2188,702,delivered,21400,7.99,5,,,,,,24.97,2026-03-20T02:44:25Z,2026-05-13T09:49:20Z
2189,1424,delivered,7784,14.99,18,,,,,,10.41,2026-04-30T12:08:58Z,2026-05-13T09:49:20Z
2190,1864,delivered,5584,14.99,8,,,,,,83.73,2026-03-28T11:49:55Z,2026-05-13T09:49:20Z
2191,1995,cancelled,10085,7.99,12,,,,,4746,75.33,2026-03-25T03:04:59Z,2026-05-13T09:49:20Z
2192,304,pending,3740,0,,,,,,,90.56,2026-04-30T18:45:55Z,2026-05-13T09:49:20Z
2193,1317,confirmed,30490,14.99,15,,,,,,49.13,2026-04-16T11:12:36Z,2026-05-13T09:49:20Z
2194,1507,processing,2760,14.99,21,,,,,,83.21,2026-05-09T21:39:57Z,2026-05-13T09:49:20Z
2195,616,shipped,7200,7.99,19,,,,,,73.41,2026-04-12T13:53:14Z,2026-05-13T09:49:20Z
2196,1114,delivered,46250,7.99,15,,,,,,54.88,2026-04-22T09:48:30Z,2026-05-13T09:49:20Z
2197,1941,delivered,24700,7.99,12,,,,,2599,63.1,2026-04-07T00:17:42Z,2026-05-13T09:49:20Z
2198,1131,delivered,920,14.99,4,,,,,,57.58,2026-04-05T22:22:23Z,2026-05-13T09:49:20Z
2199,292,cancelled,7890,0,26,,,,,,76.62,2026-03-21T11:31:26Z,2026-05-13T09:49:20Z
2200,386,pending,1620,7.99,,,,,,3900,76.08,2026-04-22T18:14:27Z,2026-05-13T09:49:20Z
2201,721,confirmed,55540,0,16,,,,,,41.01,2026-03-24T23:25:46Z,2026-05-13T09:49:20Z
2202,1223,processing,2760,7.99,13,,,,,,50.37,2026-03-21T04:03:45Z,2026-05-13T09:49:20Z
2203,675,shipped,57420,0,2,,,,,,91.62,2026-03-30T13:02:10Z,2026-05-13T09:49:20Z
2204,1159,delivered,5650,0,11,,,,,,25.92,2026-05-07T06:16:15Z,2026-05-13T09:49:20Z
2205,1713,delivered,3048,7.99,17,,,,,,33.18,2026-05-03T14:07:42Z,2026-05-13T09:49:20Z
2206,259,delivered,10560,7.99,8,,,,,4922,10.94,2026-04-10T20:28:46Z,2026-05-13T09:49:20Z
2207,3,cancelled,19430,7.99,13,,,,,,73.95,2026-04-01T00:45:25Z,2026-05-13T09:49:20Z
2208,1659,pending,12560,14.99,,,,,,,90.87,2026-04-17T22:54:58Z,2026-05-13T09:49:20Z
2209,468,confirmed,26670,7.99,7,,,,,,38.91,2026-03-17T02:27:13Z,2026-05-13T09:49:20Z
2210,1174,processing,25671,0,12,,,,,,75.72,2026-04-17T21:08:21Z,2026-05-13T09:49:20Z
2211,1521,shipped,31785,0,29,,,,,3111,49.85,2026-03-27T08:36:52Z,2026-05-13T09:49:20Z
2212,1892,delivered,22200,0,26,,,,,,24.06,2026-05-10T04:44:23Z,2026-05-13T09:49:20Z
2213,1772,delivered,8628,7.99,20,,,,,,41.52,2026-03-23T17:35:40Z,2026-05-13T09:49:20Z
2214,345,delivered,780,0,28,,,,,1042,39.3,2026-05-08T15:24:22Z,2026-05-13T09:49:20Z
2215,1282,cancelled,66000,7.99,7,,,,,2094,44.58,2026-04-03T22:05:05Z,2026-05-13T09:49:20Z
2216,832,pending,8520,7.99,,,,,,,12.45,2026-03-20T04:33:03Z,2026-05-13T09:49:20Z
2217,995,confirmed,1170,0,21,,,,,4352,77.02,2026-04-01T21:19:03Z,2026-05-13T09:49:20Z
2218,1323,processing,9750,0,28,,,,,,87.31,2026-04-05T16:44:40Z,2026-05-13T09:49:20Z
2219,923,shipped,8180,14.99,23,,,,,,32.7,2026-05-09T08:05:18Z,2026-05-13T09:49:20Z
2220,1017,delivered,20520,7.99,14,,,,,3160,25.41,2026-04-05T03:17:54Z,2026-05-13T09:49:20Z
2221,1905,delivered,2740,7.99,11,,,,,,40.74,2026-03-14T16:08:34Z,2026-05-13T09:49:20Z
2222,741,delivered,34910,0,24,,,,,4050,54.29,2026-04-03T11:26:00Z,2026-05-13T09:49:20Z
2223,1166,cancelled,10720,0,11,,,,,,59.7,2026-04-18T12:35:17Z,2026-05-13T09:49:20Z
2224,187,pending,9420,14.99,,,,,,,36.51,2026-04-10T18:02:49Z,2026-05-13T09:49:20Z
2225,1611,confirmed,61820,7.99,27,,,,,,66.6,2026-04-23T18:50:28Z,2026-05-13T09:49:20Z
2226,849,processing,28260,7.99,15,,,,,,39.45,2026-03-14T20:45:45Z,2026-05-13T09:49:20Z
2227,616,shipped,15560,14.99,13,,,,,3274,76.71,2026-04-10T06:34:09Z,2026-05-13T09:49:20Z
2228,1726,delivered,860,7.99,18,,,,,,22.9,2026-03-15T06:47:53Z,2026-05-13T09:49:20Z
2229,784,delivered,2035,0,22,,,,,,37.85,2026-03-28T03:00:31Z,2026-05-13T09:49:20Z
2230,849,delivered,49924,0,26,,,,,,33.6,2026-04-26T06:02:47Z,2026-05-13T09:49:20Z
2231,980,cancelled,5280,7.99,13,,,,,,48.78,2026-03-29T23:51:26Z,2026-05-13T09:49:20Z
2232,1682,pending,120846,7.99,,,,,,2748,59.9,2026-04-06T21:45:06Z,2026-05-13T09:49:20Z
2233,1076,confirmed,11780,0,10,,,,,,84.85,2026-04-17T15:40:41Z,2026-05-13T09:49:20Z
2234,278,processing,3500,7.99,2,,,,,,44.43,2026-04-15T16:44:42Z,2026-05-13T09:49:20Z
2235,75,shipped,26160,7.99,30,,,,,,42.05,2026-05-10T18:11:58Z,2026-05-13T09:49:20Z
2236,751,delivered,960,7.99,22,,,,,4300,78.35,2026-04-21T06:30:09Z,2026-05-13T09:49:20Z
2237,1893,delivered,11980,14.99,25,,,,,,17.86,2026-03-25T02:59:17Z,2026-05-13T09:49:20Z
2238,1589,delivered,28810,7.99,3,,,,,,20.28,2026-03-16T08:10:52Z,2026-05-13T09:49:20Z
2239,1212,cancelled,9990,7.99,28,,,,,,94.43,2026-05-03T22:34:19Z,2026-05-13T09:49:20Z
2240,1514,pending,7380,7.99,,,,,,,60.47,2026-04-28T00:09:04Z,2026-05-13T09:49:20Z
2241,32,confirmed,6600,7.99,8,,,,,,48.92,2026-05-11T13:54:07Z,2026-05-13T09:49:20Z
2242,549,processing,13364,7.99,18,,,,,4344,79.28,2026-04-17T05:54:13Z,2026-05-13T09:49:20Z
2243,1304,shipped,176,7.99,15,,,,,,21.03,2026-04-04T12:53:08Z,2026-05-13T09:49:20Z
2244,1251,delivered,9950,7.99,24,,,,,3128,19.3,2026-05-11T14:51:18Z,2026-05-13T09:49:20Z
2245,979,delivered,9000,0,27,,,,,2940,71.81,2026-04-14T08:20:38Z,2026-05-13T09:49:20Z
2246,1069,delivered,24720,7.99,10,,,,,,10.31,2026-03-29T01:21:06Z,2026-05-13T09:49:20Z
2247,1823,cancelled,52800,14.99,15,,,,,,19.33,2026-03-30T15:24:20Z,2026-05-13T09:49:20Z
2248,1100,pending,22200,14.99,,,,,,,75.35,2026-04-27T20:55:36Z,2026-05-13T09:49:20Z
2249,1414,confirmed,64106,0,10,,,,,,33.73,2026-03-15T03:03:53Z,2026-05-13T09:49:20Z
2250,1484,processing,24015,0,14,,,,,,80.34,2026-04-09T12:49:03Z,2026-05-13T09:49:20Z
2251,1753,shipped,41019,0,29,,,,,,39.76,2026-05-01T23:26:26Z,2026-05-13T09:49:20Z
2252,1639,delivered,22295,7.99,9,,,,,1766,90.45,2026-03-26T00:07:05Z,2026-05-13T09:49:20Z
2253,1891,delivered,68306,7.99,13,,,,,3410,40.04,2026-04-30T12:16:25Z,2026-05-13T09:49:20Z
2254,1059,delivered,16870,14.99,19,,,,,,38.51,2026-04-30T02:29:07Z,2026-05-13T09:49:20Z
2255,763,cancelled,7340,0,3,,,,,,80.96,2026-03-16T03:10:39Z,2026-05-13T09:49:20Z
2256,1116,pending,8320,14.99,,,,,,2409,78.66,2026-04-10T12:26:00Z,2026-05-13T09:49:20Z
2257,138,confirmed,4020,7.99,11,,,,,,30.22,2026-04-08T21:57:00Z,2026-05-13T09:49:20Z
2258,584,processing,59500,0,22,,,,,,67.87,2026-03-21T03:42:18Z,2026-05-13T09:49:20Z
2259,1991,shipped,32960,14.99,14,,,,,243,31.94,2026-04-05T12:26:48Z,2026-05-13T09:49:20Z
2260,1700,delivered,38934,14.99,25,,,,,1524,11.23,2026-05-06T03:30:12Z,2026-05-13T09:49:20Z
2261,1663,delivered,269,7.99,28,,,,,,72.86,2026-03-21T01:21:36Z,2026-05-13T09:49:20Z
2262,983,delivered,2685,14.99,18,,,,,4216,37.09,2026-03-28T18:26:46Z,2026-05-13T09:49:20Z
2263,655,cancelled,15630,7.99,15,,,,,3695,39.84,2026-03-16T16:29:43Z,2026-05-13T09:49:20Z
2264,301,pending,7040,7.99,,,,,,,87.64,2026-04-30T21:06:50Z,2026-05-13T09:49:20Z
2265,970,confirmed,1510,14.99,14,,,,,,88.78,2026-04-30T06:20:11Z,2026-05-13T09:49:20Z
2266,414,processing,41550,0,29,,,,,,92.33,2026-04-03T01:50:07Z,2026-05-13T09:49:20Z
2267,1809,shipped,5325,0,8,,,,,,32.68,2026-03-24T06:36:12Z,2026-05-13T09:49:20Z
2268,568,delivered,7400,7.99,7,,,,,,49.48,2026-03-14T22:51:42Z,2026-05-13T09:49:20Z
2269,1419,delivered,156000,14.99,11,,,,,,24.85,2026-04-23T07:47:43Z,2026-05-13T09:49:20Z
2270,1058,delivered,31295,14.99,8,,,,,,40.67,2026-05-09T15:27:26Z,2026-05-13T09:49:20Z
2271,1981,cancelled,15980,7.99,28,,,,,,88.63,2026-04-11T23:53:31Z,2026-05-13T09:49:20Z
2272,1637,pending,1180,7.99,,,,,,,43.83,2026-05-10T07:05:06Z,2026-05-13T09:49:20Z
2273,1771,confirmed,31880,7.99,20,,,,,798,78.51,2026-05-12T00:19:36Z,2026-05-13T09:49:20Z
2274,81,processing,45648,7.99,26,,,,,,58.62,2026-04-22T10:57:19Z,2026-05-13T09:49:20Z
2275,115,shipped,52010,7.99,25,,,,,,38.24,2026-03-16T04:17:57Z,2026-05-13T09:49:20Z
2276,487,delivered,7760,7.99,13,,,,,,23.15,2026-04-12T13:16:59Z,2026-05-13T09:49:20Z
2277,1059,delivered,29160,0,30,,,,,2789,61.03,2026-04-29T16:44:19Z,2026-05-13T09:49:20Z
2278,739,delivered,98485,0,7,,,,,,56.45,2026-04-28T15:20:58Z,2026-05-13T09:49:20Z
2279,87,cancelled,71740,14.99,27,,,,,711,37.38,2026-03-19T09:09:29Z,2026-05-13T09:49:20Z
2280,712,pending,8900,0,,,,,,,12.67,2026-03-14T19:40:25Z,2026-05-13T09:49:20Z
2281,1599,confirmed,14280,0,9,,,,,,46.44,2026-04-17T23:22:33Z,2026-05-13T09:49:20Z
2282,1854,processing,2102,14.99,16,,,,,,88.99,2026-03-26T14:40:46Z,2026-05-13T09:49:20Z
2283,466,shipped,11700,14.99,17,,,,,,20.33,2026-04-21T06:06:57Z,2026-05-13T09:49:20Z
2284,652,delivered,104400,14.99,26,,,,,,15.65,2026-04-14T13:01:15Z,2026-05-13T09:49:20Z
2285,506,delivered,107960,14.99,21,,,,,4180,78.34,2026-03-25T00:19:06Z,2026-05-13T09:49:20Z
2286,505,delivered,11560,0,12,,,,,,65.12,2026-03-14T15:56:02Z,2026-05-13T09:49:20Z
2287,1470,cancelled,17460,0,2,,,,,,68.53,2026-04-08T00:11:39Z,2026-05-13T09:49:20Z
2288,823,pending,34632,7.99,,,,,,,56.34,2026-05-06T15:20:35Z,2026-05-13T09:49:20Z
2289,844,confirmed,33134,7.99,4,,,,,3841,71.21,2026-05-06T18:18:33Z,2026-05-13T09:49:20Z
2290,851,processing,24600,7.99,24,,,,,,40.29,2026-04-15T19:04:31Z,2026-05-13T09:49:20Z
2291,316,shipped,920,7.99,13,,,,,4268,72.2,2026-04-15T23:54:46Z,2026-05-13T09:49:20Z
2292,395,delivered,25320,0,26,,,,,,48.23,2026-04-26T09:17:00Z,2026-05-13T09:49:20Z
2293,553,delivered,4230,7.99,27,,,,,,44.53,2026-05-09T03:10:27Z,2026-05-13T09:49:20Z
2294,332,delivered,6390,14.99,1,,,,,,76.61,2026-05-12T13:15:24Z,2026-05-13T09:49:20Z
2295,705,cancelled,16880,7.99,12,,,,,,22.41,2026-03-22T03:24:05Z,2026-05-13T09:49:20Z
2296,950,pending,23440,0,,,,,,,70.06,2026-04-27T23:54:49Z,2026-05-13T09:49:20Z
2297,296,confirmed,81040,14.99,27,,,,,,81.07,2026-03-23T22:15:59Z,2026-05-13T09:49:20Z
2298,560,processing,10850,7.99,15,,,,,,70.55,2026-04-12T03:26:50Z,2026-05-13T09:49:20Z
2299,725,shipped,64240,7.99,22,,,,,4323,34.97,2026-05-06T22:16:02Z,2026-05-13T09:49:20Z
2300,1973,delivered,6568,0,24,,,,,,52.27,2026-05-12T01:19:16Z,2026-05-13T09:49:20Z
2301,196,delivered,36100,14.99,5,,,,,676,33.56,2026-04-16T13:59:17Z,2026-05-13T09:49:20Z
2302,1719,delivered,22260,0,11,,,,,3953,71.42,2026-03-26T04:37:04Z,2026-05-13T09:49:20Z
2303,867,cancelled,720,0,24,,,,,,11,2026-04-13T21:26:05Z,2026-05-13T09:49:20Z
2304,1264,pending,6160,7.99,,,,,,,19.07,2026-04-10T13:33:28Z,2026-05-13T09:49:20Z
2305,304,confirmed,8400,7.99,7,,,,,961,65.78,2026-03-28T11:08:00Z,2026-05-13T09:49:20Z
2306,1882,processing,16800,14.99,24,,,,,,25.02,2026-03-26T10:19:11Z,2026-05-13T09:49:20Z
2307,629,shipped,47184,7.99,8,,,,,2956,47.68,2026-05-09T19:38:42Z,2026-05-13T09:49:20Z
2308,503,delivered,97350,7.99,30,,,,,,69.83,2026-04-29T00:04:09Z,2026-05-13T09:49:20Z
2309,253,delivered,17420,7.99,4,,,,,,90.56,2026-03-17T21:12:19Z,2026-05-13T09:49:20Z
2310,826,delivered,56540,7.99,23,,,,,550,67.73,2026-04-10T08:46:38Z,2026-05-13T09:49:20Z
2311,884,cancelled,2940,7.99,6,,,,,,35.38,2026-04-15T04:04:10Z,2026-05-13T09:49:20Z
2312,1434,pending,10220,7.99,,,,,,,53.96,2026-05-05T23:11:51Z,2026-05-13T09:49:20Z
2313,30,confirmed,4915,7.99,29,,,,,2513,21.21,2026-04-30T21:35:22Z,2026-05-13T09:49:20Z
2314,1728,processing,21680,14.99,3,,,,,2170,44.75,2026-05-01T04:59:23Z,2026-05-13T09:49:20Z
2315,1725,shipped,9726,7.99,19,,,,,603,67.73,2026-03-22T19:46:33Z,2026-05-13T09:49:20Z
2316,599,delivered,48200,14.99,6,,,,,,77.43,2026-05-12T20:56:23Z,2026-05-13T09:49:20Z
2317,94,delivered,1240,7.99,4,,,,,,23.82,2026-05-06T19:42:28Z,2026-05-13T09:49:20Z
2318,1558,delivered,26595,7.99,1,,,,,2514,84.96,2026-04-25T21:28:59Z,2026-05-13T09:49:20Z
2319,990,cancelled,113975,0,5,,,,,,89.39,2026-04-13T18:03:38Z,2026-05-13T09:49:20Z
2320,1330,pending,29680,14.99,,,,,,,39.02,2026-03-17T22:05:42Z,2026-05-13T09:49:20Z
2321,1074,confirmed,31800,7.99,13,,,,,,68.43,2026-05-08T04:55:29Z,2026-05-13T09:49:20Z
2322,520,processing,1050,0,9,,,,,,13.27,2026-03-30T03:56:50Z,2026-05-13T09:49:20Z
2323,1314,shipped,2616,7.99,22,,,,,,58.04,2026-03-16T10:29:46Z,2026-05-13T09:49:20Z
2324,1854,delivered,71560,7.99,11,,,,,,14.25,2026-04-29T18:11:00Z,2026-05-13T09:49:20Z
2325,1981,delivered,54400,0,15,,,,,3268,58.98,2026-05-02T01:24:20Z,2026-05-13T09:49:20Z
2326,250,delivered,80950,14.99,13,,,,,3295,55.33,2026-04-20T17:16:53Z,2026-05-13T09:49:20Z
2327,889,cancelled,1840,0,4,,,,,,15.91,2026-04-03T11:19:19Z,2026-05-13T09:49:20Z
2328,187,pending,418,0,,,,,,2926,50.8,2026-04-08T22:23:07Z,2026-05-13T09:49:20Z
2329,1745,confirmed,2035,0,23,,,,,,86.68,2026-04-18T22:03:40Z,2026-05-13T09:49:20Z
2330,1131,processing,720,0,22,,,,,,22.24,2026-04-16T11:26:46Z,2026-05-13T09:49:20Z
2331,1243,shipped,1110,0,25,,,,,,86.94,2026-03-26T18:22:36Z,2026-05-13T09:49:20Z
2332,1089,delivered,4200,7.99,3,,,,,,94.19,2026-03-24T10:42:03Z,2026-05-13T09:49:20Z
2333,355,delivered,8788,7.99,24,,,,,1219,32.42,2026-04-21T13:40:06Z,2026-05-13T09:49:20Z
2334,828,delivered,1280,0,28,,,,,,93.02,2026-04-22T22:54:00Z,2026-05-13T09:49:20Z
2335,903,cancelled,5060,7.99,10,,,,,2966,59.69,2026-03-14T16:08:35Z,2026-05-13T09:49:20Z
2336,286,pending,45272,7.99,,,,,,,23.53,2026-05-09T01:40:24Z,2026-05-13T09:49:20Z
2337,1665,confirmed,62090,14.99,25,,,,,,21.84,2026-04-19T19:37:42Z,2026-05-13T09:49:20Z
2338,1064,processing,1540,14.99,27,,,,,,79.54,2026-05-10T06:50:06Z,2026-05-13T09:49:20Z
2339,800,shipped,50540,7.99,28,,,,,,55.54,2026-03-21T15:03:46Z,2026-05-13T09:49:20Z
2340,1817,delivered,52916,7.99,20,,,,,,51.05,2026-05-06T10:45:44Z,2026-05-13T09:49:20Z
2341,1253,delivered,42600,7.99,16,,,,,,31.03,2026-04-06T19:24:38Z,2026-05-13T09:49:20Z
2342,507,delivered,21800,7.99,9,,,,,,13.49,2026-04-01T03:21:07Z,2026-05-13T09:49:20Z
2343,827,cancelled,31900,7.99,13,,,,,,50.33,2026-05-02T04:35:05Z,2026-05-13T09:49:20Z
2344,565,pending,74940,14.99,,,,,,,75.64,2026-05-05T19:52:52Z,2026-05-13T09:49:20Z
2345,1899,confirmed,990,0,17,,,,,,73.76,2026-04-27T15:42:19Z,2026-05-13T09:49:20Z
2346,43,processing,13885,14.99,3,,,,,,25.34,2026-04-14T13:50:50Z,2026-05-13T09:49:20Z
2347,135,shipped,540,7.99,10,,,,,,46.4,2026-03-25T03:59:08Z,2026-05-13T09:49:20Z
2348,1109,delivered,72390,0,28,,,,,3982,69.49,2026-04-19T04:24:24Z,2026-05-13T09:49:20Z
2349,827,delivered,6081,7.99,8,,,,,,94.4,2026-03-24T11:50:28Z,2026-05-13T09:49:20Z
2350,260,delivered,41844,7.99,12,,,,,,19.81,2026-05-03T19:02:22Z,2026-05-13T09:49:20Z
2351,1824,cancelled,35460,7.99,17,,,,,,54.33,2026-03-28T17:22:42Z,2026-05-13T09:49:20Z
2352,395,pending,17580,0,,,,,,1913,48.13,2026-04-28T08:27:42Z,2026-05-13T09:49:20Z
2353,241,confirmed,28500,7.99,26,,,,,,68.67,2026-05-02T17:03:49Z,2026-05-13T09:49:20Z
2354,504,processing,8490,14.99,2,,,,,33,29.64,2026-05-03T15:47:08Z,2026-05-13T09:49:20Z
2355,1522,shipped,4490,14.99,22,,,,,4508,35.24,2026-04-05T07:37:27Z,2026-05-13T09:49:20Z
2356,1106,delivered,82730,7.99,7,,,,,4485,47.34,2026-05-07T15:25:33Z,2026-05-13T09:49:20Z
2357,826,delivered,19066,7.99,5,,,,,,89.16,2026-05-01T22:11:37Z,2026-05-13T09:49:20Z
2358,1017,delivered,19873,7.99,4,,,,,,93.85,2026-03-17T19:55:18Z,2026-05-13T09:49:20Z
2359,292,cancelled,7200,7.99,14,,,,,,21.87,2026-03-25T08:24:05Z,2026-05-13T09:49:20Z
2360,1633,pending,340,7.99,,,,,,,71.39,2026-04-11T07:32:51Z,2026-05-13T09:49:20Z
2361,165,confirmed,36000,0,24,,,,,,63.81,2026-05-05T17:10:16Z,2026-05-13T09:49:20Z
2362,1617,processing,4620,14.99,28,,,,,,55.24,2026-04-30T17:16:00Z,2026-05-13T09:49:20Z
2363,1595,shipped,33014,7.99,24,,,,,456,76.21,2026-04-28T18:36:48Z,2026-05-13T09:49:20Z
2364,1554,delivered,32718,7.99,4,,,,,,44.92,2026-05-06T12:14:02Z,2026-05-13T09:49:20Z
2365,865,delivered,12400,7.99,2,,,,,4333,25.27,2026-05-11T14:21:37Z,2026-05-13T09:49:20Z
2366,1670,delivered,17290,14.99,4,,,,,4563,70.49,2026-03-18T18:12:44Z,2026-05-13T09:49:20Z
2367,15,cancelled,18450,7.99,20,,,,,,13.19,2026-03-16T00:58:31Z,2026-05-13T09:49:20Z
2368,687,pending,65260,7.99,,,,,,,40.43,2026-04-13T17:05:33Z,2026-05-13T09:49:20Z
2369,359,confirmed,72520,7.99,6,,,,,,14.63,2026-04-09T14:22:36Z,2026-05-13T09:49:20Z
2370,1105,processing,53580,7.99,24,,,,,,70.5,2026-04-10T16:31:26Z,2026-05-13T09:49:20Z
2371,357,shipped,21860,7.99,20,,,,,,57.09,2026-04-30T16:12:58Z,2026-05-13T09:49:20Z
2372,445,delivered,12560,7.99,10,,,,,,58.84,2026-04-19T16:15:21Z,2026-05-13T09:49:20Z
2373,1838,delivered,3540,14.99,20,,,,,,81.48,2026-04-23T00:27:50Z,2026-05-13T09:49:20Z
2374,1851,delivered,720,7.99,3,,,,,4660,58.01,2026-03-16T04:12:11Z,2026-05-13T09:49:20Z
2375,890,cancelled,13040,7.99,9,,,,,,70.04,2026-04-06T23:52:36Z,2026-05-13T09:49:20Z
2376,1556,pending,10216,7.99,,,,,,,36.5,2026-05-02T06:21:51Z,2026-05-13T09:49:20Z
2377,566,confirmed,3610,0,10,,,,,3798,80.6,2026-05-11T12:02:01Z,2026-05-13T09:49:20Z
2378,1586,processing,20840,14.99,30,,,,,,23.29,2026-04-04T04:11:16Z,2026-05-13T09:49:20Z
2379,302,shipped,41360,7.99,22,,,,,,78.82,2026-04-14T14:49:39Z,2026-05-13T09:49:20Z
2380,1348,delivered,21560,14.99,16,,,,,,14.23,2026-04-22T11:13:17Z,2026-05-13T09:49:20Z
2381,873,delivered,57120,0,13,,,,,,74.21,2026-03-31T03:33:28Z,2026-05-13T09:49:20Z
2382,1234,delivered,1396,7.99,26,,,,,315,28.36,2026-04-27T04:02:20Z,2026-05-13T09:49:20Z
2383,1334,cancelled,2360,7.99,15,,,,,3294,24.15,2026-04-19T20:58:04Z,2026-05-13T09:49:20Z
2384,531,pending,53720,7.99,,,,,,,79.51,2026-03-24T09:49:29Z,2026-05-13T09:49:20Z
2385,645,confirmed,2360,7.99,1,,,,,977,21.51,2026-05-01T07:22:48Z,2026-05-13T09:49:20Z
2386,201,processing,1480,7.99,24,,,,,1484,70.39,2026-03-24T04:58:54Z,2026-05-13T09:49:20Z
2387,1892,shipped,18600,14.99,5,,,,,3478,26.08,2026-04-28T05:15:35Z,2026-05-13T09:49:20Z
2388,848,delivered,3292,7.99,3,,,,,,21.09,2026-04-16T21:27:41Z,2026-05-13T09:49:20Z
2389,1923,delivered,91580,7.99,24,,,,,2662,84.59,2026-04-13T16:38:18Z,2026-05-13T09:49:20Z
2390,1176,delivered,42690,7.99,5,,,,,,27.26,2026-04-09T01:21:45Z,2026-05-13T09:49:20Z
2391,1936,cancelled,55300,7.99,23,,,,,,92.1,2026-05-02T03:30:27Z,2026-05-13T09:49:20Z
2392,330,pending,5600,7.99,,,,,,,20.37,2026-04-08T13:14:47Z,2026-05-13T09:49:20Z
2393,1605,confirmed,9045,0,3,,,,,,80.15,2026-04-10T02:24:23Z,2026-05-13T09:49:20Z
2394,1250,processing,9950,14.99,24,,,,,,89.7,2026-03-23T18:57:38Z,2026-05-13T09:49:20Z
2395,1623,shipped,156000,0,30,,,,,3152,50,2026-04-30T12:59:41Z,2026-05-13T09:49:20Z
2396,1486,delivered,1560,0,17,,,,,,46.4,2026-04-24T11:24:55Z,2026-05-13T09:49:20Z
2397,1612,delivered,4580,14.99,23,,,,,,20.96,2026-04-21T05:31:14Z,2026-05-13T09:49:20Z
2398,71,delivered,6080,0,14,,,,,,37.67,2026-03-17T03:40:37Z,2026-05-13T09:49:20Z
2399,1200,cancelled,16220,0,1,,,,,,62.2,2026-04-18T07:05:53Z,2026-05-13T09:49:20Z
2400,108,pending,16705,7.99,,,,,,766,70.24,2026-04-13T16:27:57Z,2026-05-13T09:49:20Z
2401,304,confirmed,15760,14.99,2,,,,,2682,18.05,2026-03-16T15:29:34Z,2026-05-13T09:49:20Z
2402,401,processing,12620,14.99,6,,,,,,58.52,2026-04-02T10:32:40Z,2026-05-13T09:49:20Z
2403,555,shipped,540,7.99,23,,,,,,11.86,2026-04-11T00:50:39Z,2026-05-13T09:49:20Z
2404,119,delivered,6860,0,25,,,,,3531,85.02,2026-03-18T09:27:50Z,2026-05-13T09:49:20Z
2405,1760,delivered,11540,7.99,22,,,,,,45.99,2026-04-02T13:11:28Z,2026-05-13T09:49:20Z
2406,836,delivered,7110,0,6,,,,,,78.69,2026-05-09T17:33:49Z,2026-05-13T09:49:20Z
2407,1863,cancelled,16680,7.99,14,,,,,4555,72.91,2026-04-23T11:08:52Z,2026-05-13T09:49:20Z
2408,604,pending,2800,7.99,,,,,,3891,28.45,2026-04-16T16:08:40Z,2026-05-13T09:49:20Z
2409,1436,confirmed,7200,7.99,4,,,,,,45.86,2026-04-02T02:55:01Z,2026-05-13T09:49:20Z
2410,340,processing,80320,7.99,21,,,,,,48.03,2026-03-30T12:08:55Z,2026-05-13T09:49:20Z
2411,1664,shipped,108420,0,3,,,,,,63.42,2026-04-15T06:17:14Z,2026-05-13T09:49:20Z
2412,485,delivered,7400,7.99,7,,,,,4301,57.23,2026-04-20T22:59:59Z,2026-05-13T09:49:20Z
2413,890,delivered,49160,14.99,14,,,,,2938,80.34,2026-03-27T04:01:26Z,2026-05-13T09:49:20Z
2414,1242,delivered,6400,14.99,29,,,,,,88.05,2026-04-19T23:46:54Z,2026-05-13T09:49:20Z
2415,850,cancelled,149000,0,25,,,,,2441,53.13,2026-04-19T14:50:48Z,2026-05-13T09:49:20Z
2416,750,pending,37555,14.99,,,,,,,91.07,2026-04-14T14:41:11Z,2026-05-13T09:49:20Z
2417,789,confirmed,1020,7.99,17,,,,,,91.53,2026-04-02T01:43:50Z,2026-05-13T09:49:20Z
2418,737,processing,38400,0,11,,,,,4779,85.86,2026-04-14T01:16:09Z,2026-05-13T09:49:20Z
2419,831,shipped,21880,0,5,,,,,,52.75,2026-04-05T10:39:07Z,2026-05-13T09:49:20Z
2420,319,delivered,2360,7.99,29,,,,,4524,47.03,2026-04-30T04:06:01Z,2026-05-13T09:49:20Z
2421,1006,delivered,3944,7.99,5,,,,,,94.62,2026-03-31T07:03:28Z,2026-05-13T09:49:20Z
2422,231,delivered,21020,14.99,24,,,,,,90.54,2026-04-27T06:56:55Z,2026-05-13T09:49:20Z
2423,1592,cancelled,42840,14.99,30,,,,,,61.2,2026-03-29T07:52:53Z,2026-05-13T09:49:20Z
2424,1372,pending,4770,0,,,,,,,12.58,2026-03-28T03:13:37Z,2026-05-13T09:49:20Z
2425,441,confirmed,43170,7.99,13,,,,,,16.78,2026-04-28T04:38:55Z,2026-05-13T09:49:20Z
2426,698,processing,50180,14.99,25,,,,,,19.39,2026-05-06T10:54:40Z,2026-05-13T09:49:20Z
2427,609,shipped,31140,0,28,,,,,,30.27,2026-05-05T01:18:30Z,2026-05-13T09:49:20Z
2428,839,delivered,108870,14.99,25,,,,,740,19.33,2026-03-25T18:45:05Z,2026-05-13T09:49:20Z
2429,12,delivered,3230,7.99,16,,,,,,70.52,2026-04-29T04:32:15Z,2026-05-13T09:49:20Z
2430,806,delivered,56850,7.99,19,,,,,,10.96,2026-05-06T09:53:16Z,2026-05-13T09:49:20Z
2431,1656,cancelled,61780,7.99,24,,,,,4526,80.79,2026-04-29T14:46:24Z,2026-05-13T09:49:20Z
2432,245,pending,27735,14.99,,,,,,,24.9,2026-05-04T02:19:05Z,2026-05-13T09:49:20Z
2433,246,confirmed,12450,7.99,10,,,,,2915,72.32,2026-04-09T23:38:07Z,2026-05-13T09:49:20Z
2434,1438,processing,4200,0,22,,,,,,34.35,2026-04-14T03:02:15Z,2026-05-13T09:49:20Z
2435,1204,shipped,34744,7.99,7,,,,,,64.44,2026-04-02T03:04:12Z,2026-05-13T09:49:20Z
2436,1460,delivered,16040,0,20,,,,,,81.78,2026-03-15T00:52:26Z,2026-05-13T09:49:20Z
2437,1915,delivered,5520,0,22,,,,,,93.44,2026-05-11T22:58:25Z,2026-05-13T09:49:20Z
2438,1608,delivered,2910,0,21,,,,,82,53.97,2026-03-27T22:18:27Z,2026-05-13T09:49:20Z
2439,1620,cancelled,12400,14.99,28,,,,,,12.09,2026-04-05T04:27:30Z,2026-05-13T09:49:20Z
2440,1010,pending,79845,7.99,,,,,,3531,18.27,2026-04-17T20:50:37Z,2026-05-13T09:49:20Z
2441,411,confirmed,612,14.99,8,,,,,,76.53,2026-04-29T11:56:51Z,2026-05-13T09:49:20Z
2442,1369,processing,16210,7.99,14,,,,,446,54.28,2026-05-09T12:48:19Z,2026-05-13T09:49:20Z
2443,912,shipped,30318,14.99,13,,,,,,59.86,2026-03-14T18:13:28Z,2026-05-13T09:49:20Z
2444,194,delivered,6980,7.99,7,,,,,2178,36.75,2026-04-02T16:03:59Z,2026-05-13T09:49:20Z
2445,794,delivered,31320,0,14,,,,,,24.25,2026-05-03T13:15:57Z,2026-05-13T09:49:20Z
2446,1204,delivered,928,0,30,,,,,,67.06,2026-04-12T12:12:39Z,2026-05-13T09:49:20Z
2447,1207,cancelled,1205,7.99,20,,,,,,23.46,2026-03-27T10:20:15Z,2026-05-13T09:49:20Z
2448,1659,pending,8800,7.99,,,,,,4688,87.05,2026-03-19T16:35:43Z,2026-05-13T09:49:20Z
2449,1988,confirmed,109160,0,17,,,,,,66.28,2026-04-04T08:31:41Z,2026-05-13T09:49:20Z
2450,391,processing,15941,0,14,,,,,,83.01,2026-03-23T13:58:34Z,2026-05-13T09:49:20Z
2451,23,shipped,24400,7.99,11,,,,,,89.33,2026-05-09T00:15:32Z,2026-05-13T09:49:20Z
2452,1952,delivered,77000,0,19,,,,,,86.15,2026-04-19T08:42:10Z,2026-05-13T09:49:20Z
2453,1411,delivered,27560,7.99,1,,,,,,44.94,2026-04-11T02:12:11Z,2026-05-13T09:49:20Z
2454,401,delivered,8275,7.99,8,,,,,,89.68,2026-04-09T10:23:48Z,2026-05-13T09:49:20Z
2455,1179,cancelled,5700,7.99,29,,,,,723,76.03,2026-04-12T01:59:58Z,2026-05-13T09:49:20Z
2456,825,pending,6742,14.99,,,,,,,91.84,2026-03-21T18:19:24Z,2026-05-13T09:49:20Z
2457,1069,confirmed,10594,7.99,10,,,,,,36.88,2026-05-06T22:04:09Z,2026-05-13T09:49:20Z
2458,1533,processing,44400,7.99,13,,,,,1332,54.9,2026-04-28T20:49:26Z,2026-05-13T09:49:20Z
2459,215,shipped,40080,14.99,3,,,,,,20.7,2026-04-26T00:32:08Z,2026-05-13T09:49:20Z
2460,576,delivered,17720,14.99,28,,,,,4879,90.86,2026-03-14T20:50:04Z,2026-05-13T09:49:20Z
2461,1707,delivered,28100,14.99,7,,,,,,31.23,2026-04-14T14:02:00Z,2026-05-13T09:49:20Z
2462,1564,delivered,20300,14.99,8,,,,,,75.76,2026-04-14T17:20:14Z,2026-05-13T09:49:20Z
2463,1523,cancelled,660,7.99,23,,,,,,62.71,2026-04-28T22:40:28Z,2026-05-13T09:49:20Z
2464,1357,pending,16360,7.99,,,,,,,76.61,2026-04-13T04:13:35Z,2026-05-13T09:49:20Z
2465,771,confirmed,59470,7.99,26,,,,,6,10.53,2026-04-02T22:53:20Z,2026-05-13T09:49:20Z
2466,294,processing,51990,14.99,11,,,,,789,64.35,2026-03-17T15:14:58Z,2026-05-13T09:49:20Z
2467,240,shipped,58390,7.99,10,,,,,,18.59,2026-05-11T23:54:42Z,2026-05-13T09:49:20Z
2468,1935,delivered,9600,14.99,1,,,,,,80.7,2026-03-28T12:47:35Z,2026-05-13T09:49:20Z
2469,1354,delivered,6740,7.99,11,,,,,,78.18,2026-03-15T20:42:14Z,2026-05-13T09:49:20Z
2470,913,delivered,61150,14.99,16,,,,,,69.76,2026-05-03T09:51:52Z,2026-05-13T09:49:20Z
2471,1991,cancelled,540,14.99,15,,,,,,28.01,2026-04-24T12:30:03Z,2026-05-13T09:49:20Z
2472,577,pending,6420,7.99,,,,,,1322,48.27,2026-04-19T03:26:49Z,2026-05-13T09:49:20Z
2473,698,confirmed,40710,0,14,,,,,4198,48.43,2026-05-02T20:20:16Z,2026-05-13T09:49:20Z
2474,532,processing,1344,14.99,21,,,,,,43.75,2026-04-28T06:48:14Z,2026-05-13T09:49:20Z
2475,34,shipped,7400,7.99,1,,,,,,60.99,2026-04-21T19:41:47Z,2026-05-13T09:49:20Z
2476,1980,delivered,48864,7.99,26,,,,,2205,56.03,2026-03-16T19:31:23Z,2026-05-13T09:49:20Z
2477,485,delivered,1960,7.99,26,,,,,,94.72,2026-04-16T03:38:37Z,2026-05-13T09:49:20Z
2478,1399,delivered,71970,7.99,24,,,,,,88.11,2026-04-19T16:25:15Z,2026-05-13T09:49:20Z
2479,391,cancelled,41440,7.99,5,,,,,,80.04,2026-04-16T20:22:42Z,2026-05-13T09:49:20Z
2480,640,pending,28700,14.99,,,,,,,40.32,2026-03-15T13:26:39Z,2026-05-13T09:49:20Z
2481,210,confirmed,1160,0,5,,,,,,41.98,2026-05-08T14:16:23Z,2026-05-13T09:49:20Z
2482,489,processing,31720,7.99,18,,,,,,40.61,2026-03-31T12:19:38Z,2026-05-13T09:49:20Z
2483,233,shipped,2760,0,6,,,,,,15.11,2026-04-14T16:19:28Z,2026-05-13T09:49:20Z
2484,401,delivered,9490,7.99,9,,,,,,57.94,2026-03-16T18:08:06Z,2026-05-13T09:49:20Z
2485,1347,delivered,28450,14.99,14,,,,,,40.44,2026-04-18T09:32:51Z,2026-05-13T09:49:20Z
2486,1841,delivered,780,0,26,,,,,3479,36.78,2026-04-06T19:07:50Z,2026-05-13T09:49:20Z
2487,1691,cancelled,391,0,10,,,,,3571,20.31,2026-03-16T09:57:21Z,2026-05-13T09:49:20Z
2488,1072,pending,3995,7.99,,,,,,,63.6,2026-05-12T07:51:30Z,2026-05-13T09:49:20Z
2489,900,confirmed,3200,0,3,,,,,3708,82.11,2026-03-29T07:02:51Z,2026-05-13T09:49:20Z
2490,1014,processing,3900,0,12,,,,,,61.39,2026-05-09T15:16:59Z,2026-05-13T09:49:20Z
2491,1168,shipped,100680,14.99,12,,,,,13,63.4,2026-04-27T19:45:52Z,2026-05-13T09:49:20Z
2492,614,delivered,3840,0,24,,,,,,60.39,2026-03-29T12:42:06Z,2026-05-13T09:49:20Z
2493,1191,delivered,31930,7.99,2,,,,,,58.4,2026-04-27T12:08:17Z,2026-05-13T09:49:20Z
2494,1925,delivered,32610,7.99,2,,,,,3258,62.53,2026-03-19T13:52:36Z,2026-05-13T09:49:20Z
2495,1586,cancelled,28950,0,29,,,,,,26.87,2026-04-21T17:12:31Z,2026-05-13T09:49:20Z
2496,1712,pending,15340,7.99,,,,,,1566,90.93,2026-04-25T22:12:10Z,2026-05-13T09:49:20Z
2497,70,confirmed,7480,7.99,26,,,,,3832,14.87,2026-04-26T03:35:10Z,2026-05-13T09:49:20Z
2498,1751,processing,1940,14.99,22,,,,,,87.53,2026-04-29T18:59:44Z,2026-05-13T09:49:20Z
2499,1667,shipped,71980,7.99,12,,,,,,39.13,2026-05-01T13:37:28Z,2026-05-13T09:49:20Z
2500,1513,delivered,1080,0,6,,,,,,85.44,2026-04-02T18:56:36Z,2026-05-13T09:49:20Z
2501,667,delivered,13560,7.99,5,,,,,,29.23,2026-05-03T09:19:45Z,2026-05-13T09:49:20Z
2502,605,delivered,340,0,13,,,,,,56.31,2026-04-13T21:05:28Z,2026-05-13T09:49:20Z
2503,21,cancelled,29180,7.99,11,,,,,,33.48,2026-05-12T07:21:59Z,2026-05-13T09:49:20Z
2504,1148,pending,3651,0,,,,,,,47.98,2026-03-26T02:14:31Z,2026-05-13T09:49:20Z
2505,941,confirmed,190945,0,9,,,,,887,79.86,2026-04-11T02:04:30Z,2026-05-13T09:49:20Z
2506,845,processing,4120,14.99,15,,,,,,84.23,2026-03-27T17:44:37Z,2026-05-13T09:49:20Z
2507,850,shipped,2165,7.99,22,,,,,1560,94.36,2026-05-12T22:13:04Z,2026-05-13T09:49:20Z
2508,1333,delivered,1692,7.99,7,,,,,725,38.06,2026-04-22T19:20:28Z,2026-05-13T09:49:20Z
2509,1687,delivered,103495,7.99,5,,,,,,85.29,2026-03-22T07:03:08Z,2026-05-13T09:49:20Z
2510,1676,delivered,48800,0,7,,,,,4691,45.44,2026-05-11T19:42:59Z,2026-05-13T09:49:20Z
2511,1498,cancelled,10600,7.99,23,,,,,,81.48,2026-05-09T14:47:48Z,2026-05-13T09:49:20Z
2512,673,pending,41460,7.99,,,,,,4350,18.26,2026-04-26T21:02:10Z,2026-05-13T09:49:20Z
2513,1983,confirmed,23600,0,23,,,,,,51.1,2026-05-02T15:22:43Z,2026-05-13T09:49:20Z
2514,933,processing,31000,0,16,,,,,,85.64,2026-04-01T10:49:22Z,2026-05-13T09:49:20Z
2515,1743,shipped,2760,0,9,,,,,2943,58.13,2026-05-05T10:43:07Z,2026-05-13T09:49:20Z
2516,522,delivered,38920,7.99,11,,,,,,69.48,2026-03-17T09:14:21Z,2026-05-13T09:49:20Z
2517,1416,delivered,11464,7.99,8,,,,,3896,13.01,2026-03-30T20:50:14Z,2026-05-13T09:49:20Z
2518,12,delivered,19620,7.99,20,,,,,,13.53,2026-04-06T01:33:50Z,2026-05-13T09:49:20Z
2519,1580,cancelled,4720,0,11,,,,,,18.93,2026-03-16T20:28:55Z,2026-05-13T09:49:20Z
2520,1794,pending,55775,7.99,,,,,,4632,15.57,2026-03-24T21:27:56Z,2026-05-13T09:49:20Z
2521,44,confirmed,14216,14.99,8,,,,,,92.95,2026-04-14T16:43:01Z,2026-05-13T09:49:20Z
2522,692,processing,990,7.99,14,,,,,2154,77.87,2026-03-25T17:02:54Z,2026-05-13T09:49:20Z
2523,1475,shipped,32667,7.99,10,,,,,600,47.41,2026-03-18T13:44:13Z,2026-05-13T09:49:20Z
2524,1680,delivered,8740,0,24,,,,,,46.98,2026-05-05T16:58:21Z,2026-05-13T09:49:20Z
2525,1594,delivered,10020,7.99,13,,,,,,38.66,2026-04-19T19:14:02Z,2026-05-13T09:49:20Z
2526,690,delivered,7700,7.99,8,,,,,,14.56,2026-03-30T17:04:01Z,2026-05-13T09:49:20Z
2527,1915,cancelled,14380,7.99,10,,,,,3591,72.8,2026-05-08T13:35:23Z,2026-05-13T09:49:20Z
2528,551,pending,7390,14.99,,,,,,,42.88,2026-04-13T15:22:10Z,2026-05-13T09:49:20Z
2529,352,confirmed,4780,0,11,,,,,,28.93,2026-04-16T01:26:21Z,2026-05-13T09:49:20Z
2530,106,processing,1424,0,24,,,,,,37.97,2026-04-12T22:16:42Z,2026-05-13T09:49:20Z
2531,1852,shipped,79740,14.99,10,,,,,,36.45,2026-05-02T12:15:25Z,2026-05-13T09:49:20Z
2532,1930,delivered,17872,7.99,7,,,,,,43.22,2026-03-21T17:28:49Z,2026-05-13T09:49:20Z
2533,1590,delivered,26480,7.99,14,,,,,1479,53.79,2026-04-05T11:21:56Z,2026-05-13T09:49:20Z
2534,1955,delivered,58730,7.99,16,,,,,,89.04,2026-04-29T12:09:39Z,2026-05-13T09:49:20Z
2535,909,cancelled,21040,7.99,26,,,,,4198,47.1,2026-04-29T05:29:01Z,2026-05-13T09:49:20Z
2536,142,pending,18385,7.99,,,,,,2794,51.8,2026-03-30T22:31:20Z,2026-05-13T09:49:20Z
2537,1000,confirmed,27810,0,28,,,,,,36.57,2026-03-16T10:41:56Z,2026-05-13T09:49:20Z
2538,78,processing,10030,14.99,10,,,,,,48.88,2026-05-05T04:34:16Z,2026-05-13T09:49:20Z
2539,1259,shipped,198120,7.99,29,,,,,,28.66,2026-05-02T00:18:27Z,2026-05-13T09:49:20Z
2540,1377,delivered,10600,0,22,,,,,,80.77,2026-04-03T09:04:58Z,2026-05-13T09:49:20Z
2541,1874,delivered,35010,14.99,2,,,,,,85.96,2026-03-20T13:51:23Z,2026-05-13T09:49:20Z
2542,1743,delivered,21240,0,14,,,,,,55.12,2026-04-09T11:23:53Z,2026-05-13T09:49:20Z
2543,1598,cancelled,5760,7.99,2,,,,,,53.81,2026-03-24T04:32:22Z,2026-05-13T09:49:20Z
2544,375,pending,119095,7.99,,,,,,,51.64,2026-04-15T08:20:34Z,2026-05-13T09:49:20Z
2545,1702,confirmed,7760,7.99,27,,,,,,64.89,2026-03-15T07:54:31Z,2026-05-13T09:49:20Z
2546,409,processing,9756,7.99,29,,,,,,70.57,2026-05-02T08:34:48Z,2026-05-13T09:49:20Z
2547,1572,shipped,54110,7.99,25,,,,,4971,29.85,2026-03-27T21:08:30Z,2026-05-13T09:49:20Z
2548,329,delivered,5715,0,27,,,,,,11.3,2026-04-18T23:10:33Z,2026-05-13T09:49:20Z
2549,1960,delivered,5380,7.99,5,,,,,,26.79,2026-03-21T16:53:09Z,2026-05-13T09:49:20Z
2550,74,delivered,58,7.99,18,,,,,,39.9,2026-04-16T13:37:48Z,2026-05-13T09:49:20Z
2551,109,cancelled,24100,7.99,1,,,,,,25.28,2026-04-21T17:00:49Z,2026-05-13T09:49:20Z
2552,417,pending,11690,7.99,,,,,,,76.99,2026-05-08T16:11:49Z,2026-05-13T09:49:20Z
2553,504,confirmed,3420,7.99,16,,,,,589,10.17,2026-03-25T20:29:34Z,2026-05-13T09:49:20Z
2554,357,processing,7895,7.99,16,,,,,780,62.23,2026-05-05T17:44:08Z,2026-05-13T09:49:20Z
2555,780,shipped,9180,0,4,,,,,3174,27.52,2026-04-30T22:00:13Z,2026-05-13T09:49:20Z
2556,144,delivered,51600,7.99,19,,,,,,38.73,2026-04-29T18:09:20Z,2026-05-13T09:49:20Z
2557,1581,delivered,24600,7.99,10,,,,,,20.23,2026-04-05T20:18:01Z,2026-05-13T09:49:20Z
2558,83,delivered,1620,7.99,1,,,,,,10.39,2026-03-30T17:37:27Z,2026-05-13T09:49:20Z
2559,6,cancelled,3200,0,16,,,,,850,59.49,2026-05-02T07:18:48Z,2026-05-13T09:49:20Z
2560,1186,pending,22800,0,,,,,,,48.64,2026-04-05T04:55:46Z,2026-05-13T09:49:20Z
2561,759,confirmed,22620,14.99,25,,,,,,78.11,2026-04-06T22:11:17Z,2026-05-13T09:49:20Z
2562,319,processing,6180,7.99,14,,,,,,85.83,2026-04-28T10:22:02Z,2026-05-13T09:49:20Z
2563,671,shipped,17690,0,4,,,,,,26.53,2026-04-28T16:56:43Z,2026-05-13T09:49:20Z
2564,486,delivered,18860,7.99,18,,,,,3410,51.99,2026-03-20T08:33:49Z,2026-05-13T09:49:20Z
2565,1312,delivered,7430,7.99,4,,,,,2645,59.9,2026-04-27T02:02:02Z,2026-05-13T09:49:20Z
2566,869,delivered,960,7.99,20,,,,,,21.56,2026-04-15T09:43:44Z,2026-05-13T09:49:20Z
2567,124,cancelled,340,7.99,22,,,,,,40.2,2026-04-07T05:27:24Z,2026-05-13T09:49:20Z
2568,1724,pending,2280,14.99,,,,,,,91.25,2026-04-30T19:14:48Z,2026-05-13T09:49:20Z
2569,552,confirmed,52580,14.99,6,,,,,,15.69,2026-04-11T23:25:05Z,2026-05-13T09:49:20Z
2570,414,processing,1950,7.99,23,,,,,4629,33.9,2026-03-28T03:56:33Z,2026-05-13T09:49:20Z
2571,1762,shipped,4486,14.99,18,,,,,,63.74,2026-03-27T21:55:02Z,2026-05-13T09:49:20Z
2572,694,delivered,2560,0,5,,,,,1033,56.91,2026-04-05T11:03:45Z,2026-05-13T09:49:20Z
2573,400,delivered,34340,7.99,19,,,,,1848,75.75,2026-04-26T15:56:36Z,2026-05-13T09:49:20Z
2574,946,delivered,53960,0,1,,,,,,78.51,2026-03-15T09:34:17Z,2026-05-13T09:49:20Z
2575,759,cancelled,67464,7.99,13,,,,,,42.65,2026-04-27T09:40:39Z,2026-05-13T09:49:20Z
2576,694,pending,30338,7.99,,,,,,1214,45.2,2026-04-27T20:13:24Z,2026-05-13T09:49:20Z
2577,850,confirmed,24900,0,14,,,,,4410,18.51,2026-03-22T23:41:07Z,2026-05-13T09:49:20Z
2578,28,processing,187050,0,24,,,,,,81.86,2026-03-21T12:21:45Z,2026-05-13T09:49:20Z
2579,1619,shipped,19400,0,18,,,,,,92.2,2026-05-06T01:36:58Z,2026-05-13T09:49:20Z
2580,1463,delivered,24153,7.99,21,,,,,,90.72,2026-04-15T19:30:54Z,2026-05-13T09:49:20Z
2581,1680,delivered,5880,0,17,,,,,,15.58,2026-03-18T11:15:11Z,2026-05-13T09:49:20Z
2582,1318,delivered,12330,0,9,,,,,,92.86,2026-04-02T22:59:55Z,2026-05-13T09:49:20Z
2583,358,cancelled,1032,0,28,,,,,,15.47,2026-04-11T20:17:02Z,2026-05-13T09:49:20Z
2584,453,pending,10230,14.99,,,,,,,19.3,2026-03-28T10:10:51Z,2026-05-13T09:49:20Z
2585,97,confirmed,29650,7.99,22,,,,,,12.18,2026-05-03T18:14:33Z,2026-05-13T09:49:20Z
2586,961,processing,7560,14.99,11,,,,,,83.89,2026-04-05T16:30:59Z,2026-05-13T09:49:20Z
2587,1405,shipped,7025,7.99,2,,,,,3676,52.12,2026-04-28T02:54:34Z,2026-05-13T09:49:20Z
2588,1579,delivered,520,7.99,6,,,,,,46.57,2026-03-27T13:45:31Z,2026-05-13T09:49:20Z
2589,1519,delivered,12725,7.99,22,,,,,,94.91,2026-04-05T22:01:35Z,2026-05-13T09:49:20Z
2590,1869,delivered,260,14.99,5,,,,,,51.04,2026-05-02T02:46:49Z,2026-05-13T09:49:20Z
2591,492,cancelled,340,14.99,8,,,,,,27.11,2026-04-03T02:28:34Z,2026-05-13T09:49:20Z
2592,1443,pending,5328,7.99,,,,,,,56.33,2026-05-01T02:48:22Z,2026-05-13T09:49:20Z
2593,56,confirmed,4476,14.99,25,,,,,,86.69,2026-04-20T19:42:30Z,2026-05-13T09:49:20Z
2594,1976,processing,1450,7.99,1,,,,,,69.12,2026-04-09T11:40:04Z,2026-05-13T09:49:20Z
2595,125,shipped,80370,14.99,11,,,,,,49.69,2026-03-15T21:31:51Z,2026-05-13T09:49:20Z
2596,1094,delivered,33280,7.99,8,,,,,1629,41.62,2026-04-04T06:10:47Z,2026-05-13T09:49:20Z
2597,238,delivered,10720,7.99,6,,,,,,86.01,2026-04-24T03:29:20Z,2026-05-13T09:49:20Z
2598,1960,delivered,13190,14.99,21,,,,,3272,92.19,2026-03-21T09:53:12Z,2026-05-13T09:49:20Z
2599,263,cancelled,2575,0,19,,,,,,44.31,2026-03-22T02:07:40Z,2026-05-13T09:49:20Z
2600,10,pending,530,7.99,,,,,,,47.53,2026-04-22T05:19:06Z,2026-05-13T09:49:20Z
2601,1330,confirmed,13850,7.99,11,,,,,,67.74,2026-05-01T12:25:53Z,2026-05-13T09:49:20Z
2602,1267,processing,61380,7.99,7,,,,,,50.87,2026-03-29T01:11:33Z,2026-05-13T09:49:20Z
2603,1159,shipped,4490,14.99,24,,,,,,61.16,2026-05-10T13:52:47Z,2026-05-13T09:49:20Z
2604,1617,delivered,3000,7.99,2,,,,,,16.07,2026-04-02T17:00:13Z,2026-05-13T09:49:20Z
2605,1510,delivered,47532,7.99,21,,,,,,77.14,2026-03-19T04:00:51Z,2026-05-13T09:49:20Z
2606,1779,delivered,20100,0,21,,,,,4961,57.54,2026-05-07T00:49:29Z,2026-05-13T09:49:20Z
2607,412,cancelled,2800,7.99,26,,,,,,37.9,2026-03-21T00:07:19Z,2026-05-13T09:49:20Z
2608,1194,pending,8400,14.99,,,,,,3339,62.83,2026-04-03T06:34:24Z,2026-05-13T09:49:20Z
2609,85,confirmed,79200,7.99,12,,,,,,21.13,2026-04-22T04:16:03Z,2026-05-13T09:49:20Z
2610,582,processing,25880,14.99,29,,,,,,76.24,2026-04-07T05:06:29Z,2026-05-13T09:49:20Z
2611,1348,shipped,23750,7.99,29,,,,,,56.64,2026-04-28T07:03:08Z,2026-05-13T09:49:20Z
2612,1111,delivered,29080,0,11,,,,,,22.25,2026-04-11T20:36:14Z,2026-05-13T09:49:20Z
2613,539,delivered,40632,7.99,22,,,,,,39.14,2026-04-27T10:26:37Z,2026-05-13T09:49:20Z
2614,1527,delivered,2690,14.99,17,,,,,,90.3,2026-03-18T17:46:26Z,2026-05-13T09:49:20Z
2615,1512,cancelled,2950,14.99,5,,,,,,37.69,2026-05-07T19:44:44Z,2026-05-13T09:49:20Z
2616,833,pending,66400,7.99,,,,,,,49.94,2026-04-03T18:20:35Z,2026-05-13T09:49:20Z
2617,1148,confirmed,27480,0,24,,,,,4877,11.82,2026-05-08T21:07:31Z,2026-05-13T09:49:20Z
2618,607,processing,4820,7.99,21,,,,,,39.24,2026-04-30T12:59:42Z,2026-05-13T09:49:20Z
2619,308,shipped,38280,7.99,10,,,,,4295,26.36,2026-03-17T14:53:56Z,2026-05-13T09:49:20Z
2620,1339,delivered,14800,7.99,20,,,,,,27.22,2026-04-17T21:46:42Z,2026-05-13T09:49:20Z
2621,1621,delivered,166402,7.99,23,,,,,2972,41.8,2026-04-07T13:56:12Z,2026-05-13T09:49:20Z
2622,947,delivered,8360,0,16,,,,,,51.15,2026-04-14T07:41:07Z,2026-05-13T09:49:20Z
2623,1256,cancelled,59050,0,9,,,,,2793,87.99,2026-04-13T11:08:53Z,2026-05-13T09:49:20Z
2624,990,pending,26740,7.99,,,,,,1156,21.11,2026-04-13T09:25:47Z,2026-05-13T09:49:20Z
2625,1994,confirmed,2944,0,13,,,,,,18.78,2026-04-16T09:34:26Z,2026-05-13T09:49:20Z
2626,1011,processing,34520,0,24,,,,,,52.84,2026-04-19T13:13:16Z,2026-05-13T09:49:20Z
2627,799,shipped,25225,7.99,28,,,,,,23.66,2026-04-01T00:44:20Z,2026-05-13T09:49:20Z
2628,1137,delivered,33170,0,22,,,,,,85.2,2026-05-07T12:25:07Z,2026-05-13T09:49:20Z
2629,638,delivered,340,7.99,18,,,,,,91.39,2026-03-22T14:07:39Z,2026-05-13T09:49:20Z
2630,1808,delivered,44900,14.99,2,,,,,,64.92,2026-04-28T15:22:53Z,2026-05-13T09:49:20Z
2631,1800,cancelled,40680,7.99,21,,,,,,32.51,2026-04-28T08:29:13Z,2026-05-13T09:49:20Z
2632,1774,pending,6400,0,,,,,,3171,75.68,2026-03-21T22:43:38Z,2026-05-13T09:49:20Z
2633,32,confirmed,2360,7.99,9,,,,,,34.02,2026-04-23T18:20:41Z,2026-05-13T09:49:20Z
2634,549,processing,12090,0,15,,,,,,31.5,2026-04-20T11:56:52Z,2026-05-13T09:49:20Z
2635,1629,shipped,5650,7.99,24,,,,,,26.92,2026-04-11T11:58:25Z,2026-05-13T09:49:20Z
2636,1299,delivered,5280,7.99,2,,,,,,17.24,2026-05-05T00:48:14Z,2026-05-13T09:49:20Z
2637,1334,delivered,83460,7.99,30,,,,,2221,78.03,2026-03-15T01:53:16Z,2026-05-13T09:49:20Z
2638,903,delivered,2994,0,30,,,,,,14.11,2026-05-07T06:25:42Z,2026-05-13T09:49:20Z
2639,1382,cancelled,23070,7.99,14,,,,,,78.33,2026-03-20T18:05:37Z,2026-05-13T09:49:20Z
2640,1048,pending,2900,14.99,,,,,,,39.6,2026-04-13T20:39:45Z,2026-05-13T09:49:20Z
2641,1992,confirmed,1450,14.99,20,,,,,,34.8,2026-03-22T00:06:57Z,2026-05-13T09:49:20Z
2642,1680,processing,20220,0,30,,,,,,79.14,2026-03-20T05:04:22Z,2026-05-13T09:49:20Z
2643,1733,shipped,1750,0,29,,,,,2931,94.31,2026-04-06T19:28:45Z,2026-05-13T09:49:20Z
2644,1629,delivered,64200,0,1,,,,,715,94.26,2026-04-02T07:20:38Z,2026-05-13T09:49:20Z
2645,1237,delivered,14895,7.99,22,,,,,,22.37,2026-04-17T01:21:11Z,2026-05-13T09:49:20Z
2646,1096,delivered,27540,14.99,29,,,,,4277,93.24,2026-04-25T12:57:53Z,2026-05-13T09:49:20Z
2647,1512,cancelled,5850,0,19,,,,,,86.69,2026-03-29T16:55:10Z,2026-05-13T09:49:20Z
2648,1105,pending,780,0,,,,,,2702,34.62,2026-03-17T12:23:56Z,2026-05-13T09:49:20Z
2649,846,confirmed,19870,7.99,6,,,,,,49.99,2026-05-02T07:33:33Z,2026-05-13T09:49:20Z
2650,1516,processing,12715,7.99,19,,,,,,85.35,2026-05-05T16:34:05Z,2026-05-13T09:49:20Z
2651,1712,shipped,3190,14.99,12,,,,,1131,74.55,2026-04-04T19:47:25Z,2026-05-13T09:49:20Z
2652,596,delivered,5624,0,7,,,,,2907,36.29,2026-03-16T07:04:35Z,2026-05-13T09:49:20Z
2653,1418,delivered,8630,7.99,13,,,,,,33.72,2026-04-22T18:45:40Z,2026-05-13T09:49:20Z
2654,547,delivered,24000,7.99,24,,,,,2558,76.16,2026-03-30T13:35:33Z,2026-05-13T09:49:20Z
2655,46,cancelled,14800,7.99,23,,,,,,35.05,2026-04-21T07:33:18Z,2026-05-13T09:49:20Z
2656,1406,pending,35600,0,,,,,,,16.94,2026-03-17T01:34:02Z,2026-05-13T09:49:20Z
2657,238,confirmed,19100,0,1,,,,,4325,20.62,2026-04-30T03:34:57Z,2026-05-13T09:49:20Z
2658,1692,processing,692,0,21,,,,,,82.83,2026-04-07T04:07:31Z,2026-05-13T09:49:20Z
2659,1889,shipped,22550,0,2,,,,,,73.04,2026-04-04T09:51:40Z,2026-05-13T09:49:20Z
2660,866,delivered,518,7.99,28,,,,,965,33.08,2026-03-28T20:26:13Z,2026-05-13T09:49:20Z
2661,657,delivered,69994,14.99,25,,,,,,84.75,2026-04-25T15:53:36Z,2026-05-13T09:49:20Z
2662,689,delivered,114380,7.99,7,,,,,,45.52,2026-03-15T04:25:36Z,2026-05-13T09:49:20Z
2663,579,cancelled,58980,7.99,23,,,,,,78.12,2026-04-20T02:53:51Z,2026-05-13T09:49:20Z
2664,455,pending,3540,7.99,,,,,,2543,16.28,2026-04-19T22:26:03Z,2026-05-13T09:49:20Z
2665,910,confirmed,1310,0,4,,,,,1060,22.58,2026-05-09T22:00:20Z,2026-05-13T09:49:20Z
2666,1020,processing,17400,7.99,9,,,,,,13.06,2026-04-25T13:29:00Z,2026-05-13T09:49:20Z
2667,661,shipped,54270,7.99,13,,,,,,80.44,2026-04-19T18:06:07Z,2026-05-13T09:49:20Z
2668,511,delivered,39036,14.99,13,,,,,,44.82,2026-04-07T09:29:27Z,2026-05-13T09:49:20Z
2669,1633,delivered,2200,0,18,,,,,,78.17,2026-03-30T10:46:37Z,2026-05-13T09:49:20Z
2670,1230,delivered,26650,14.99,28,,,,,3561,33.3,2026-04-02T09:51:12Z,2026-05-13T09:49:20Z
2671,901,cancelled,2900,14.99,16,,,,,3331,77.58,2026-04-08T17:59:41Z,2026-05-13T09:49:20Z
2672,431,pending,86090,0,,,,,,,39.4,2026-04-07T16:20:13Z,2026-05-13T09:49:20Z
2673,1576,confirmed,9200,0,27,,,,,,13.21,2026-04-25T15:46:06Z,2026-05-13T09:49:20Z
2674,441,processing,37880,7.99,16,,,,,,51.58,2026-04-29T15:38:11Z,2026-05-13T09:49:20Z
2675,1654,shipped,5216,7.99,4,,,,,,76.85,2026-03-30T22:29:19Z,2026-05-13T09:49:20Z
2676,468,delivered,38480,0,16,,,,,,52.96,2026-04-01T00:35:38Z,2026-05-13T09:49:20Z
2677,425,delivered,7160,7.99,26,,,,,,25.71,2026-04-03T16:29:44Z,2026-05-13T09:49:20Z
2678,89,delivered,2810,7.99,2,,,,,,12.31,2026-04-16T19:04:58Z,2026-05-13T09:49:20Z
2679,1843,cancelled,540,7.99,13,,,,,,44.52,2026-04-12T16:59:54Z,2026-05-13T09:49:20Z
2680,271,pending,41550,14.99,,,,,,3929,74.88,2026-05-06T12:17:10Z,2026-05-13T09:49:20Z
2681,1785,confirmed,26500,7.99,4,,,,,,13.76,2026-04-29T21:19:37Z,2026-05-13T09:49:20Z
2682,577,processing,35400,14.99,7,,,,,,76.88,2026-04-10T13:04:42Z,2026-05-13T09:49:20Z
2683,440,shipped,744,14.99,9,,,,,,94.75,2026-05-01T13:00:55Z,2026-05-13T09:49:20Z
2684,753,delivered,75900,14.99,25,,,,,,86.99,2026-04-09T09:18:50Z,2026-05-13T09:49:20Z
2685,1880,delivered,17050,7.99,18,,,,,2531,19.14,2026-04-11T14:14:57Z,2026-05-13T09:49:20Z
2686,198,delivered,1720,0,21,,,,,3461,19.39,2026-04-08T20:35:39Z,2026-05-13T09:49:20Z
2687,1645,cancelled,3900,14.99,16,,,,,621,33.35,2026-04-25T03:29:48Z,2026-05-13T09:49:20Z
2688,1948,pending,91000,7.99,,,,,,,13.8,2026-04-17T23:27:37Z,2026-05-13T09:49:20Z
2689,909,confirmed,32005,7.99,24,,,,,2179,94.81,2026-04-26T12:30:55Z,2026-05-13T09:49:20Z
2690,50,processing,70350,7.99,17,,,,,,42.61,2026-05-12T02:35:17Z,2026-05-13T09:49:20Z
2691,1078,shipped,4980,7.99,5,,,,,,35.14,2026-03-25T02:20:50Z,2026-05-13T09:49:20Z
2692,1010,delivered,23850,7.99,4,,,,,,21.72,2026-04-29T16:35:56Z,2026-05-13T09:49:20Z
2693,12,delivered,14800,7.99,30,,,,,,69.53,2026-04-26T11:48:11Z,2026-05-13T09:49:20Z
2694,659,delivered,94650,0,11,,,,,,49.78,2026-04-24T12:39:33Z,2026-05-13T09:49:20Z
2695,248,cancelled,1240,14.99,29,,,,,,65.79,2026-03-31T19:26:34Z,2026-05-13T09:49:20Z
2696,1875,pending,30920,14.99,,,,,,3436,32.97,2026-05-05T04:51:35Z,2026-05-13T09:49:20Z
2697,12,confirmed,21520,7.99,26,,,,,,47.77,2026-05-05T06:21:07Z,2026-05-13T09:49:20Z
2698,538,processing,3520,0,10,,,,,,33.54,2026-04-21T12:53:14Z,2026-05-13T09:49:20Z
2699,275,shipped,2340,7.99,13,,,,,4338,86.21,2026-05-07T08:49:06Z,2026-05-13T09:49:20Z
2700,1629,delivered,21580,14.99,5,,,,,,74.86,2026-04-23T15:12:14Z,2026-05-13T09:49:20Z
2701,1484,delivered,65220,0,3,,,,,,69.39,2026-04-09T02:38:31Z,2026-05-13T09:49:20Z
2702,853,delivered,42370,7.99,13,,,,,,27.57,2026-03-23T03:25:08Z,2026-05-13T09:49:20Z
2703,630,cancelled,193260,7.99,2,,,,,,18.4,2026-03-22T10:03:31Z,2026-05-13T09:49:20Z
2704,1166,pending,22540,7.99,,,,,,,55.12,2026-04-27T08:01:38Z,2026-05-13T09:49:20Z
2705,521,confirmed,18390,0,19,,,,,,16.5,2026-04-06T18:40:16Z,2026-05-13T09:49:20Z
2706,1752,processing,35480,7.99,18,,,,,,19.5,2026-04-16T08:07:38Z,2026-05-13T09:49:20Z
2707,573,shipped,17480,14.99,26,,,,,1510,75.89,2026-04-20T03:37:26Z,2026-05-13T09:49:20Z
2708,33,delivered,4936,0,22,,,,,,72.42,2026-04-26T16:05:34Z,2026-05-13T09:49:20Z
2709,514,delivered,70120,0,30,,,,,,10.07,2026-03-20T22:44:06Z,2026-05-13T09:49:20Z
2710,1781,delivered,49490,0,3,,,,,,11.87,2026-03-24T02:38:17Z,2026-05-13T09:49:20Z
2711,1168,cancelled,35770,14.99,16,,,,,,15.17,2026-03-30T08:50:37Z,2026-05-13T09:49:20Z
2712,776,pending,46500,7.99,,,,,,,38.31,2026-04-16T03:33:16Z,2026-05-13T09:49:20Z
2713,1360,confirmed,103740,14.99,16,,,,,,67.29,2026-03-19T07:06:13Z,2026-05-13T09:49:20Z
2714,1539,processing,12090,7.99,1,,,,,,61.82,2026-05-03T13:24:48Z,2026-05-13T09:49:20Z
2715,686,shipped,27605,14.99,6,,,,,,81.36,2026-05-02T07:37:33Z,2026-05-13T09:49:20Z
2716,1654,delivered,23608,7.99,1,,,,,,55.38,2026-03-17T20:22:05Z,2026-05-13T09:49:20Z
2717,1278,delivered,60800,7.99,4,,,,,,35.23,2026-03-22T13:32:32Z,2026-05-13T09:49:20Z
2718,1949,delivered,106480,7.99,23,,,,,4385,13.98,2026-04-02T21:32:18Z,2026-05-13T09:49:20Z
2719,902,cancelled,59660,7.99,21,,,,,,70.83,2026-04-25T06:18:34Z,2026-05-13T09:49:20Z
2720,1569,pending,144,0,,,,,,,46.23,2026-04-24T18:16:16Z,2026-05-13T09:49:20Z
2721,1117,confirmed,5580,0,21,,,,,4128,62.83,2026-04-12T12:30:25Z,2026-05-13T09:49:20Z
2722,422,processing,1560,7.99,11,,,,,,19.46,2026-05-07T00:01:01Z,2026-05-13T09:49:20Z
2723,575,shipped,15500,0,10,,,,,4639,46.47,2026-04-27T00:17:23Z,2026-05-13T09:49:20Z
2724,1697,delivered,9120,7.99,29,,,,,,37.15,2026-05-06T19:30:50Z,2026-05-13T09:49:20Z
2725,1692,delivered,88620,0,30,,,,,3767,14.29,2026-03-27T02:58:28Z,2026-05-13T09:49:20Z
2726,434,delivered,2440,7.99,24,,,,,3368,71.34,2026-05-06T03:39:47Z,2026-05-13T09:49:20Z
2727,1731,cancelled,32754,7.99,15,,,,,,24.35,2026-04-11T15:48:44Z,2026-05-13T09:49:20Z
2728,1038,pending,5090,0,,,,,,,71.08,2026-05-01T14:14:01Z,2026-05-13T09:49:20Z
2729,1391,confirmed,44130,7.99,1,,,,,,51.44,2026-04-20T06:32:13Z,2026-05-13T09:49:20Z
2730,713,processing,15831,7.99,20,,,,,,81.83,2026-05-05T23:32:05Z,2026-05-13T09:49:20Z
2731,923,shipped,30701,0,22,,,,,2978,93.14,2026-04-16T01:34:10Z,2026-05-13T09:49:20Z
2732,1733,delivered,3560,7.99,8,,,,,,81.47,2026-05-13T03:14:50Z,2026-05-13T09:49:20Z
2733,119,delivered,3900,0,12,,,,,4446,23.53,2026-04-12T15:07:49Z,2026-05-13T09:49:20Z
2734,789,delivered,9800,0,14,,,,,,82.7,2026-04-07T09:39:28Z,2026-05-13T09:49:20Z
2735,902,cancelled,37040,0,2,,,,,,34.48,2026-03-29T02:30:42Z,2026-05-13T09:49:20Z
2736,707,pending,40470,0,,,,,,4592,54.55,2026-04-25T18:39:44Z,2026-05-13T09:49:20Z
2737,292,confirmed,12610,0,13,,,,,747,50.19,2026-04-17T14:42:53Z,2026-05-13T09:49:20Z
2738,314,processing,42920,7.99,16,,,,,,29.34,2026-03-22T07:57:29Z,2026-05-13T09:49:20Z
2739,1400,shipped,6626,7.99,26,,,,,,58.41,2026-04-23T17:34:58Z,2026-05-13T09:49:20Z
2740,1848,delivered,18240,7.99,15,,,,,,12.62,2026-03-22T05:24:49Z,2026-05-13T09:49:20Z
2741,1453,delivered,780,7.99,6,,,,,,77.43,2026-04-27T20:46:48Z,2026-05-13T09:49:20Z
2742,782,delivered,4060,7.99,28,,,,,1411,94.34,2026-05-10T07:43:05Z,2026-05-13T09:49:20Z
2743,1350,cancelled,35940,0,30,,,,,2407,77.78,2026-05-06T18:12:49Z,2026-05-13T09:49:20Z
2744,1774,pending,4001,7.99,,,,,,,70.42,2026-05-07T22:27:09Z,2026-05-13T09:49:20Z
2745,81,confirmed,11315,14.99,9,,,,,,49.4,2026-04-23T13:00:41Z,2026-05-13T09:49:20Z
2746,1012,processing,31065,0,18,,,,,,27.5,2026-03-23T11:54:01Z,2026-05-13T09:49:20Z
2747,303,shipped,67806,0,26,,,,,3715,16.13,2026-04-16T00:52:06Z,2026-05-13T09:49:20Z
2748,1615,delivered,10088,7.99,4,,,,,,38.61,2026-04-20T05:38:17Z,2026-05-13T09:49:20Z
2749,630,delivered,35760,7.99,6,,,,,,67.51,2026-04-09T08:13:50Z,2026-05-13T09:49:20Z
2750,3,delivered,4800,14.99,22,,,,,,25.54,2026-04-11T04:05:05Z,2026-05-13T09:49:20Z
2751,997,cancelled,40000,0,18,,,,,,78.82,2026-04-20T23:15:27Z,2026-05-13T09:49:20Z
2752,846,pending,52340,0,,,,,,,30.15,2026-03-24T05:46:35Z,2026-05-13T09:49:20Z
2753,430,confirmed,23400,0,2,,,,,,45.14,2026-04-23T12:48:57Z,2026-05-13T09:49:20Z
2754,1257,processing,3160,7.99,29,,,,,,61.47,2026-05-02T14:43:43Z,2026-05-13T09:49:20Z
2755,1895,shipped,53110,7.99,17,,,,,,60.86,2026-05-10T12:44:11Z,2026-05-13T09:49:20Z
2756,1517,delivered,5750,0,12,,,,,,45.99,2026-04-06T07:28:54Z,2026-05-13T09:49:20Z
2757,1317,delivered,17940,7.99,29,,,,,,43.11,2026-04-07T01:49:47Z,2026-05-13T09:49:20Z
2758,1264,delivered,2925,7.99,14,,,,,,49.55,2026-04-12T12:35:02Z,2026-05-13T09:49:20Z
2759,201,cancelled,2080,7.99,19,,,,,,19.02,2026-05-03T19:10:00Z,2026-05-13T09:49:20Z
2760,1057,pending,15360,7.99,,,,,,,83.85,2026-03-19T12:39:39Z,2026-05-13T09:49:20Z
2761,1076,confirmed,1360,0,13,,,,,,81.64,2026-03-27T20:41:26Z,2026-05-13T09:49:20Z
2762,1725,processing,24200,7.99,14,,,,,1790,14.99,2026-03-15T14:43:57Z,2026-05-13T09:49:20Z
2763,1818,shipped,99560,7.99,26,,,,,,20,2026-03-19T21:12:26Z,2026-05-13T09:49:20Z
2764,1700,delivered,10498,7.99,13,,,,,3073,54.65,2026-03-14T13:56:15Z,2026-05-13T09:49:20Z
2765,1542,delivered,40160,7.99,6,,,,,,91.46,2026-03-27T21:44:51Z,2026-05-13T09:49:20Z
2766,1211,delivered,10110,7.99,14,,,,,,40.08,2026-04-18T18:34:59Z,2026-05-13T09:49:20Z
2767,616,cancelled,8720,14.99,11,,,,,,29.61,2026-03-15T16:38:17Z,2026-05-13T09:49:20Z
2768,1742,pending,12412,0,,,,,,,51.34,2026-04-05T10:56:16Z,2026-05-13T09:49:20Z
2769,525,confirmed,52974,7.99,10,,,,,3208,56.62,2026-04-08T08:58:24Z,2026-05-13T09:49:20Z
2770,606,processing,9820,14.99,11,,,,,1507,60.3,2026-04-08T18:23:25Z,2026-05-13T09:49:20Z
2771,48,shipped,55800,14.99,1,,,,,1530,22.06,2026-03-22T14:24:55Z,2026-05-13T09:49:20Z
2772,1778,delivered,25510,7.99,30,,,,,,74.18,2026-05-09T19:50:18Z,2026-05-13T09:49:20Z
2773,1729,delivered,28440,7.99,13,,,,,,45.8,2026-05-02T12:47:56Z,2026-05-13T09:49:20Z
2774,1844,delivered,7800,7.99,3,,,,,2415,15.36,2026-03-21T07:27:58Z,2026-05-13T09:49:20Z
2775,1623,cancelled,6850,0,15,,,,,350,68.41,2026-04-27T01:06:07Z,2026-05-13T09:49:20Z
2776,346,pending,28120,7.99,,,,,,,72.4,2026-03-15T10:02:27Z,2026-05-13T09:49:20Z
2777,1852,confirmed,1560,7.99,3,,,,,,79.21,2026-03-26T06:00:32Z,2026-05-13T09:49:20Z
2778,1214,processing,16948,14.99,19,,,,,,50.24,2026-04-11T10:58:26Z,2026-05-13T09:49:20Z
2779,1269,shipped,21400,7.99,30,,,,,,76.23,2026-05-10T20:17:36Z,2026-05-13T09:49:20Z
2780,305,delivered,9560,7.99,25,,,,,,36.05,2026-04-20T22:20:30Z,2026-05-13T09:49:20Z
2781,809,delivered,12330,14.99,24,,,,,,42.79,2026-05-11T18:45:19Z,2026-05-13T09:49:20Z
2782,1787,delivered,57000,14.99,28,,,,,,11.78,2026-05-04T03:46:06Z,2026-05-13T09:49:20Z
2783,178,cancelled,720,7.99,23,,,,,,24.2,2026-05-13T09:15:10Z,2026-05-13T09:49:20Z
2784,202,pending,100316,14.99,,,,,,,88.13,2026-04-07T20:36:25Z,2026-05-13T09:49:20Z
2785,1557,confirmed,18774,14.99,28,,,,,3172,57.32,2026-03-22T12:53:51Z,2026-05-13T09:49:20Z
2786,775,processing,24620,0,26,,,,,,58.22,2026-04-07T19:53:52Z,2026-05-13T09:49:20Z
2787,1446,shipped,3210,7.99,6,,,,,2286,70.75,2026-04-22T15:08:01Z,2026-05-13T09:49:20Z
2788,1929,delivered,6180,0,18,,,,,,50.72,2026-05-13T01:22:40Z,2026-05-13T09:49:20Z
2789,681,delivered,20400,7.99,27,,,,,,52.88,2026-03-25T02:34:21Z,2026-05-13T09:49:20Z
2790,1154,delivered,3080,7.99,27,,,,,3082,15.4,2026-03-21T06:21:50Z,2026-05-13T09:49:20Z
2791,938,cancelled,8560,7.99,20,,,,,,47.03,2026-04-11T03:26:14Z,2026-05-13T09:49:20Z
2792,1778,pending,2488,0,,,,,,,91.29,2026-03-24T19:26:07Z,2026-05-13T09:49:20Z
2793,461,confirmed,37020,7.99,29,,,,,,92.35,2026-03-24T21:33:23Z,2026-05-13T09:49:20Z
2794,1256,processing,30460,7.99,17,,,,,,88.07,2026-04-19T20:46:45Z,2026-05-13T09:49:20Z
2795,1186,shipped,19320,7.99,25,,,,,,50.72,2026-04-24T04:43:05Z,2026-05-13T09:49:20Z
2796,338,delivered,111520,0,30,,,,,433,45.88,2026-04-23T07:20:15Z,2026-05-13T09:49:20Z
2797,853,delivered,167620,0,30,,,,,,79.78,2026-04-29T20:25:11Z,2026-05-13T09:49:20Z
2798,1073,delivered,9945,14.99,30,,,,,,65.77,2026-05-04T02:09:37Z,2026-05-13T09:49:20Z
2799,1721,cancelled,31600,7.99,21,,,,,,29.97,2026-03-29T16:01:36Z,2026-05-13T09:49:20Z
2800,1733,pending,46780,0,,,,,,3960,90.73,2026-05-09T00:57:01Z,2026-05-13T09:49:20Z
2801,118,confirmed,17140,0,18,,,,,,80.96,2026-03-24T01:03:00Z,2026-05-13T09:49:20Z
2802,288,processing,860,7.99,7,,,,,,50.47,2026-03-14T10:15:12Z,2026-05-13T09:49:20Z
2803,1140,shipped,7800,0,4,,,,,,20.56,2026-03-26T03:28:50Z,2026-05-13T09:49:20Z
2804,1430,delivered,20040,7.99,10,,,,,3795,80.32,2026-04-22T16:06:16Z,2026-05-13T09:49:20Z
2805,19,delivered,8140,0,9,,,,,4261,89.64,2026-03-16T14:11:40Z,2026-05-13T09:49:20Z
2806,1420,delivered,67020,7.99,18,,,,,,82.45,2026-05-12T21:24:55Z,2026-05-13T09:49:20Z
2807,365,cancelled,19170,0,14,,,,,,27.82,2026-03-30T07:29:53Z,2026-05-13T09:49:20Z
2808,1614,pending,4940,14.99,,,,,,97,76.11,2026-05-09T12:16:25Z,2026-05-13T09:49:20Z
2809,875,confirmed,15760,7.99,20,,,,,904,22.24,2026-05-04T06:14:15Z,2026-05-13T09:49:20Z
2810,677,processing,4155,7.99,14,,,,,3044,92.27,2026-05-11T07:46:56Z,2026-05-13T09:49:20Z
2811,1996,shipped,7450,7.99,23,,,,,,42.83,2026-04-27T02:48:39Z,2026-05-13T09:49:20Z
2812,710,delivered,26100,0,3,,,,,1026,92.93,2026-03-28T09:26:06Z,2026-05-13T09:49:20Z
2813,463,delivered,35100,14.99,20,,,,,4871,50.8,2026-05-02T06:53:13Z,2026-05-13T09:49:20Z
2814,475,delivered,2612,7.99,27,,,,,,84.44,2026-03-25T04:37:10Z,2026-05-13T09:49:20Z
2815,125,cancelled,78930,7.99,20,,,,,,91.15,2026-03-22T12:30:57Z,2026-05-13T09:49:20Z
2816,1862,pending,67500,0,,,,,,3729,77.53,2026-05-11T01:40:59Z,2026-05-13T09:49:20Z
2817,1261,confirmed,7670,7.99,17,,,,,,80.27,2026-03-26T05:14:48Z,2026-05-13T09:49:20Z
2818,706,processing,71400,0,5,,,,,,94.77,2026-05-07T08:19:59Z,2026-05-13T09:49:20Z
2819,1632,shipped,9980,7.99,11,,,,,,48.94,2026-04-09T23:00:07Z,2026-05-13T09:49:20Z
2820,1726,delivered,1280,14.99,23,,,,,,31.22,2026-03-29T08:09:45Z,2026-05-13T09:49:20Z
2821,620,delivered,13140,7.99,23,,,,,,68.53,2026-05-02T19:25:43Z,2026-05-13T09:49:20Z
2822,438,delivered,94000,14.99,12,,,,,,72.65,2026-04-13T08:04:32Z,2026-05-13T09:49:20Z
2823,117,cancelled,4476,7.99,5,,,,,952,57.43,2026-04-20T21:12:50Z,2026-05-13T09:49:20Z
2824,1204,pending,2560,0,,,,,,1768,77.66,2026-04-30T07:30:44Z,2026-05-13T09:49:20Z
2825,1673,confirmed,13500,7.99,5,,,,,,60.05,2026-05-06T17:47:29Z,2026-05-13T09:49:20Z
2826,75,processing,8890,14.99,1,,,,,,20.07,2026-05-11T08:22:05Z,2026-05-13T09:49:20Z
2827,1218,shipped,2560,14.99,20,,,,,4822,52.68,2026-04-23T22:14:24Z,2026-05-13T09:49:20Z
2828,245,delivered,76896,14.99,8,,,,,,29.47,2026-04-03T01:48:07Z,2026-05-13T09:49:20Z
2829,1771,delivered,52800,14.99,29,,,,,,34.79,2026-05-06T03:56:41Z,2026-05-13T09:49:20Z
2830,1335,delivered,38380,7.99,3,,,,,1989,61.9,2026-03-27T02:47:01Z,2026-05-13T09:49:20Z
2831,780,cancelled,6360,7.99,12,,,,,444,55.31,2026-05-13T09:28:40Z,2026-05-13T09:49:20Z
2832,1220,pending,46900,0,,,,,,,15.14,2026-03-17T22:48:28Z,2026-05-13T09:49:20Z
2833,278,confirmed,158250,7.99,14,,,,,,59.84,2026-04-28T16:13:48Z,2026-05-13T09:49:20Z
2834,795,processing,8440,7.99,1,,,,,,12.25,2026-04-30T23:15:33Z,2026-05-13T09:49:20Z
2835,1993,shipped,520,0,12,,,,,,41.74,2026-05-13T02:12:40Z,2026-05-13T09:49:20Z
2836,1923,delivered,7201,0,3,,,,,,21.55,2026-04-02T03:40:41Z,2026-05-13T09:49:20Z
2837,388,delivered,25200,7.99,17,,,,,,18.56,2026-05-11T17:54:00Z,2026-05-13T09:49:20Z
2838,1898,delivered,6200,7.99,20,,,,,,14.65,2026-04-15T04:47:32Z,2026-05-13T09:49:20Z
2839,1892,cancelled,72430,7.99,23,,,,,,59.16,2026-04-22T11:25:04Z,2026-05-13T09:49:20Z
2840,1356,pending,54832,14.99,,,,,,,32.62,2026-04-17T10:48:47Z,2026-05-13T09:49:20Z
2841,775,confirmed,3540,7.99,3,,,,,,56.53,2026-03-20T23:04:18Z,2026-05-13T09:49:20Z
2842,18,processing,27212,14.99,10,,,,,2323,61.19,2026-04-23T02:17:33Z,2026-05-13T09:49:20Z
2843,916,shipped,22600,14.99,12,,,,,,49.1,2026-04-23T03:15:38Z,2026-05-13T09:49:20Z
2844,1113,delivered,102180,0,27,,,,,,52.68,2026-03-30T22:54:00Z,2026-05-13T09:49:20Z
2845,1872,delivered,11060,7.99,28,,,,,2933,41.6,2026-04-22T14:38:17Z,2026-05-13T09:49:20Z
2846,1357,delivered,176,7.99,10,,,,,,89.56,2026-03-17T02:37:09Z,2026-05-13T09:49:20Z
2847,792,cancelled,8240,7.99,22,,,,,,24.87,2026-05-06T19:46:44Z,2026-05-13T09:49:20Z
2848,351,pending,44320,14.99,,,,,,,31.84,2026-03-22T02:51:53Z,2026-05-13T09:49:20Z
2849,1535,confirmed,8790,7.99,2,,,,,,79.14,2026-03-29T04:37:46Z,2026-05-13T09:49:20Z
2850,526,processing,11834,7.99,9,,,,,,21.08,2026-05-08T12:24:07Z,2026-05-13T09:49:20Z
2851,786,shipped,7286,7.99,26,,,,,452,91.09,2026-05-06T02:33:29Z,2026-05-13T09:49:20Z
2852,316,delivered,4440,0,19,,,,,,61.33,2026-03-30T09:52:00Z,2026-05-13T09:49:20Z
2853,383,delivered,56820,14.99,13,,,,,,79.26,2026-03-28T12:35:33Z,2026-05-13T09:49:20Z
2854,10,delivered,35120,7.99,12,,,,,,87.48,2026-03-30T09:37:09Z,2026-05-13T09:49:20Z
2855,1810,cancelled,5161,14.99,20,,,,,,11.92,2026-04-03T18:25:01Z,2026-05-13T09:49:20Z
2856,502,pending,8920,0,,,,,,1860,58.22,2026-04-17T05:22:52Z,2026-05-13T09:49:20Z
2857,1257,confirmed,10345,14.99,20,,,,,,45.05,2026-05-04T13:48:46Z,2026-05-13T09:49:20Z
2858,1964,processing,3380,7.99,24,,,,,2981,61.43,2026-04-03T21:49:06Z,2026-05-13T09:49:20Z
2859,1880,shipped,51910,0,4,,,,,,55.52,2026-05-06T13:16:25Z,2026-05-13T09:49:20Z
2860,203,delivered,46600,0,26,,,,,,26.85,2026-04-22T23:44:00Z,2026-05-13T09:49:20Z
2861,1158,delivered,3540,14.99,14,,,,,2686,60.09,2026-04-07T08:04:25Z,2026-05-13T09:49:20Z
2862,1726,delivered,1836,7.99,15,,,,,,65.42,2026-04-20T23:20:14Z,2026-05-13T09:49:20Z
2863,1652,cancelled,6360,14.99,9,,,,,,94.99,2026-03-23T01:23:01Z,2026-05-13T09:49:20Z
2864,224,pending,7860,14.99,,,,,,,26.48,2026-04-06T23:03:31Z,2026-05-13T09:49:20Z
2865,58,confirmed,1348,7.99,18,,,,,,12.19,2026-04-18T02:51:14Z,2026-05-13T09:49:20Z
2866,1880,processing,23300,7.99,22,,,,,,39.98,2026-04-10T02:27:28Z,2026-05-13T09:49:20Z
2867,1716,shipped,38150,7.99,19,,,,,,13.73,2026-04-11T14:00:47Z,2026-05-13T09:49:20Z
2868,1804,delivered,4596,7.99,27,,,,,,20.03,2026-04-10T14:39:35Z,2026-05-13T09:49:20Z
2869,232,delivered,18390,7.99,3,,,,,,87.22,2026-03-21T08:01:08Z,2026-05-13T09:49:20Z
2870,183,delivered,109460,7.99,27,,,,,,42.29,2026-05-12T04:45:02Z,2026-05-13T09:49:20Z
2871,933,cancelled,14800,0,27,,,,,,78.78,2026-04-07T04:38:43Z,2026-05-13T09:49:20Z
2872,1603,pending,48100,7.99,,,,,,2344,93.14,2026-04-17T13:03:53Z,2026-05-13T09:49:20Z
2873,1198,confirmed,2640,0,2,,,,,,81.49,2026-05-12T01:59:56Z,2026-05-13T09:49:20Z
2874,1440,processing,8320,7.99,2,,,,,,70.42,2026-04-14T04:48:19Z,2026-05-13T09:49:20Z
2875,1424,shipped,10000,7.99,28,,,,,2631,27.27,2026-04-16T03:41:09Z,2026-05-13T09:49:20Z
2876,1155,delivered,3745,0,27,,,,,,81.57,2026-04-30T14:31:28Z,2026-05-13T09:49:20Z
2877,242,delivered,75000,0,9,,,,,4463,92.44,2026-04-04T08:11:21Z,2026-05-13T09:49:20Z
2878,620,delivered,2360,7.99,16,,,,,,26.44,2026-05-02T18:48:04Z,2026-05-13T09:49:20Z
2879,694,cancelled,15100,0,15,,,,,,66.86,2026-05-06T11:21:55Z,2026-05-13T09:49:20Z
2880,146,pending,44170,7.99,,,,,,,62.46,2026-03-19T05:43:31Z,2026-05-13T09:49:20Z
2881,1307,confirmed,420,0,13,,,,,1842,38.66,2026-03-16T11:29:06Z,2026-05-13T09:49:20Z
2882,275,processing,7760,7.99,16,,,,,,87.62,2026-04-14T03:16:32Z,2026-05-13T09:49:20Z
2883,1710,shipped,45000,7.99,24,,,,,,69.13,2026-04-28T20:53:26Z,2026-05-13T09:49:20Z
2884,134,delivered,159054,7.99,8,,,,,2586,39.93,2026-05-11T06:14:19Z,2026-05-13T09:49:20Z
2885,1701,delivered,34990,14.99,12,,,,,160,43.35,2026-04-18T07:05:50Z,2026-05-13T09:49:20Z
2886,1539,delivered,26100,14.99,16,,,,,3235,74.86,2026-03-24T09:12:12Z,2026-05-13T09:49:20Z
2887,194,cancelled,2760,7.99,25,,,,,,89.32,2026-04-06T11:34:33Z,2026-05-13T09:49:20Z
2888,1511,pending,10890,14.99,,,,,,2628,59.37,2026-04-13T04:33:59Z,2026-05-13T09:49:20Z
2889,1790,confirmed,6270,7.99,19,,,,,,64.11,2026-04-09T01:04:47Z,2026-05-13T09:49:20Z
2890,1162,processing,3865,0,7,,,,,2538,45.83,2026-04-11T22:02:54Z,2026-05-13T09:49:20Z
2891,534,shipped,11540,14.99,2,,,,,1219,47.34,2026-04-05T18:57:10Z,2026-05-13T09:49:20Z
2892,228,delivered,920,0,1,,,,,223,46.05,2026-05-11T08:22:30Z,2026-05-13T09:49:20Z
2893,575,delivered,112870,7.99,21,,,,,,45.53,2026-05-10T22:54:06Z,2026-05-13T09:49:20Z
2894,1625,delivered,63976,7.99,9,,,,,549,58.53,2026-04-01T10:30:44Z,2026-05-13T09:49:20Z
2895,1592,cancelled,109864,14.99,11,,,,,,30.88,2026-04-15T13:16:07Z,2026-05-13T09:49:20Z
2896,645,pending,34045,14.99,,,,,,279,41.64,2026-05-11T23:47:35Z,2026-05-13T09:49:20Z
2897,636,confirmed,11800,7.99,6,,,,,,74.09,2026-03-27T05:25:14Z,2026-05-13T09:49:20Z
2898,1907,processing,6260,14.99,23,,,,,,81,2026-04-14T16:20:52Z,2026-05-13T09:49:20Z
2899,486,shipped,81120,7.99,17,,,,,,90.04,2026-03-23T21:55:14Z,2026-05-13T09:49:20Z
2900,217,delivered,29080,7.99,24,,,,,1233,56.41,2026-04-26T02:09:40Z,2026-05-13T09:49:20Z
2901,1722,delivered,9760,7.99,24,,,,,,43.11,2026-05-10T19:52:17Z,2026-05-13T09:49:20Z
2902,1930,delivered,60320,14.99,15,,,,,2059,86.6,2026-05-05T02:17:52Z,2026-05-13T09:49:20Z
2903,778,cancelled,20360,14.99,26,,,,,3422,65.74,2026-05-09T10:37:28Z,2026-05-13T09:49:20Z
2904,1310,pending,8380,14.99,,,,,,,90.44,2026-03-22T06:14:35Z,2026-05-13T09:49:20Z
2905,678,confirmed,8380,7.99,7,,,,,,60.49,2026-03-15T01:22:27Z,2026-05-13T09:49:20Z
2906,1720,processing,133180,7.99,7,,,,,,53.59,2026-03-16T09:32:14Z,2026-05-13T09:49:20Z
2907,1863,shipped,1996,7.99,6,,,,,,84.55,2026-03-27T19:08:22Z,2026-05-13T09:49:20Z
2908,742,delivered,7210,0,4,,,,,3071,88.61,2026-03-22T13:14:44Z,2026-05-13T09:49:20Z
2909,1284,delivered,60440,7.99,6,,,,,,26.79,2026-03-31T11:06:16Z,2026-05-13T09:49:20Z
2910,1003,delivered,16850,7.99,6,,,,,,41.37,2026-05-07T09:45:41Z,2026-05-13T09:49:20Z
2911,272,cancelled,480,7.99,27,,,,,,39.44,2026-04-05T20:45:24Z,2026-05-13T09:49:20Z
2912,1306,pending,1950,14.99,,,,,,4647,16.08,2026-04-04T20:32:24Z,2026-05-13T09:49:20Z
2913,735,confirmed,1260,7.99,13,,,,,3917,35.7,2026-05-02T03:40:17Z,2026-05-13T09:49:20Z
2914,1795,processing,5710,7.99,20,,,,,1958,39.94,2026-03-18T11:19:50Z,2026-05-13T09:49:20Z
2915,1757,shipped,15420,0,27,,,,,,51.97,2026-03-15T23:34:50Z,2026-05-13T09:49:20Z
2916,386,delivered,14480,0,23,,,,,,67.4,2026-03-15T19:57:06Z,2026-05-13T09:49:20Z
2917,995,delivered,17580,0,8,,,,,,69.15,2026-03-19T10:28:23Z,2026-05-13T09:49:20Z
2918,1232,delivered,12060,7.99,11,,,,,2944,79.49,2026-04-01T23:11:19Z,2026-05-13T09:49:20Z
2919,1172,cancelled,1320,7.99,4,,,,,,29.49,2026-04-12T01:45:41Z,2026-05-13T09:49:20Z
2920,386,pending,26385,14.99,,,,,,,72.57,2026-04-14T06:51:48Z,2026-05-13T09:49:20Z
2921,945,confirmed,15160,7.99,26,,,,,4864,46.17,2026-04-28T01:37:43Z,2026-05-13T09:49:20Z
2922,733,processing,48240,7.99,7,,,,,339,40.73,2026-04-03T04:23:01Z,2026-05-13T09:49:20Z
2923,1234,shipped,61080,7.99,23,,,,,4430,19.75,2026-04-16T06:34:52Z,2026-05-13T09:49:20Z
2924,585,delivered,1900,14.99,28,,,,,,54.05,2026-05-04T08:26:09Z,2026-05-13T09:49:20Z
2925,1711,delivered,50340,0,16,,,,,,54.19,2026-04-23T03:59:05Z,2026-05-13T09:49:20Z
2926,362,delivered,75605,0,13,,,,,,36.42,2026-04-17T20:28:07Z,2026-05-13T09:49:20Z
2927,987,cancelled,27266,7.99,27,,,,,,31.69,2026-03-28T14:12:00Z,2026-05-13T09:49:20Z
2928,1996,pending,1840,7.99,,,,,,,34.42,2026-03-30T04:07:06Z,2026-05-13T09:49:20Z
2929,1493,confirmed,7840,14.99,21,,,,,,92.96,2026-04-17T22:44:57Z,2026-05-13T09:49:20Z
2930,90,processing,6940,0,9,,,,,2336,77.77,2026-03-16T10:11:39Z,2026-05-13T09:49:20Z
2931,938,shipped,43900,7.99,3,,,,,,23.56,2026-04-29T21:29:13Z,2026-05-13T09:49:20Z
2932,226,delivered,15936,7.99,29,,,,,,25.51,2026-05-02T14:00:14Z,2026-05-13T09:49:20Z
2933,871,delivered,30900,0,16,,,,,,54.27,2026-03-26T17:24:26Z,2026-05-13T09:49:20Z
2934,188,delivered,818,7.99,21,,,,,,71.54,2026-04-14T07:40:33Z,2026-05-13T09:49:20Z
2935,829,cancelled,25620,7.99,6,,,,,,66.25,2026-04-25T22:52:47Z,2026-05-13T09:49:20Z
2936,1319,pending,588,7.99,,,,,,,11.25,2026-04-04T13:49:37Z,2026-05-13T09:49:20Z
2937,1670,confirmed,16400,0,23,,,,,,71.69,2026-03-31T03:23:08Z,2026-05-13T09:49:20Z
2938,1517,processing,1040,0,30,,,,,,43.02,2026-04-09T23:25:43Z,2026-05-13T09:49:20Z
2939,932,shipped,7872,7.99,15,,,,,,61.64,2026-04-14T22:31:54Z,2026-05-13T09:49:20Z
2940,1698,delivered,10330,7.99,2,,,,,,40.86,2026-04-24T14:34:45Z,2026-05-13T09:49:20Z
2941,887,delivered,63950,7.99,20,,,,,,82.63,2026-05-13T03:55:41Z,2026-05-13T09:49:20Z
2942,628,delivered,9740,0,6,,,,,3097,54.68,2026-04-16T14:35:53Z,2026-05-13T09:49:20Z
2943,1022,cancelled,20200,0,14,,,,,4599,44,2026-03-26T20:29:15Z,2026-05-13T09:49:20Z
2944,306,pending,69644,7.99,,,,,,4835,24.48,2026-03-21T01:34:46Z,2026-05-13T09:49:20Z
2945,1766,confirmed,16120,7.99,5,,,,,,30.89,2026-05-02T05:23:57Z,2026-05-13T09:49:20Z
2946,749,processing,9592,7.99,4,,,,,,77.41,2026-05-02T10:23:24Z,2026-05-13T09:49:20Z
2947,1386,shipped,22400,0,4,,,,,2519,61.03,2026-03-21T18:34:48Z,2026-05-13T09:49:20Z
2948,306,delivered,17320,7.99,18,,,,,558,32.65,2026-04-19T02:07:22Z,2026-05-13T09:49:20Z
2949,1997,delivered,8290,14.99,30,,,,,,68.05,2026-05-01T17:56:40Z,2026-05-13T09:49:20Z
2950,489,delivered,25100,14.99,4,,,,,4231,12.51,2026-04-10T15:18:49Z,2026-05-13T09:49:20Z
2951,1672,cancelled,6190,0,22,,,,,,91.65,2026-04-20T20:01:00Z,2026-05-13T09:49:20Z
2952,485,pending,2760,14.99,,,,,,,71,2026-04-11T18:11:11Z,2026-05-13T09:49:20Z
2953,1920,confirmed,7186,7.99,9,,,,,,40.4,2026-04-14T23:16:46Z,2026-05-13T09:49:20Z
2954,384,processing,2812,7.99,7,,,,,,69.6,2026-05-04T21:24:12Z,2026-05-13T09:49:20Z
2955,1996,shipped,9600,0,11,,,,,,61,2026-04-08T11:08:44Z,2026-05-13T09:49:20Z
2956,772,delivered,28200,7.99,29,,,,,,10.43,2026-05-09T12:19:12Z,2026-05-13T09:49:20Z
2957,526,delivered,1065,7.99,27,,,,,10,90.15,2026-04-22T03:26:02Z,2026-05-13T09:49:20Z
2958,69,delivered,920,14.99,26,,,,,,89.16,2026-04-02T01:45:13Z,2026-05-13T09:49:20Z
2959,1424,cancelled,16050,14.99,3,,,,,,76.71,2026-03-20T19:12:58Z,2026-05-13T09:49:20Z
2960,1703,pending,6280,7.99,,,,,,889,76.75,2026-04-15T09:04:43Z,2026-05-13T09:49:20Z
2961,202,confirmed,21165,14.99,15,,,,,,61.17,2026-03-28T02:25:45Z,2026-05-13T09:49:20Z
2962,1279,processing,22500,0,20,,,,,,23.1,2026-04-17T01:10:26Z,2026-05-13T09:49:20Z
2963,378,shipped,12532,0,11,,,,,1645,41.44,2026-04-04T19:12:14Z,2026-05-13T09:49:20Z
2964,618,delivered,165060,14.99,17,,,,,,91.64,2026-04-12T07:23:40Z,2026-05-13T09:49:20Z
2965,572,delivered,5870,7.99,1,,,,,1636,33.02,2026-04-14T06:32:59Z,2026-05-13T09:49:20Z
2966,609,delivered,3700,14.99,21,,,,,3840,24.34,2026-03-17T06:05:52Z,2026-05-13T09:49:20Z
2967,541,cancelled,4290,7.99,13,,,,,,55.14,2026-04-21T15:51:05Z,2026-05-13T09:49:20Z
2968,1970,pending,25200,0,,,,,,1386,40.8,2026-05-10T09:03:58Z,2026-05-13T09:49:20Z
2969,293,confirmed,23100,0,26,,,,,,28.1,2026-03-21T18:33:48Z,2026-05-13T09:49:20Z
2970,1942,processing,34104,14.99,10,,,,,4462,23.15,2026-05-11T11:35:09Z,2026-05-13T09:49:20Z
2971,1668,shipped,5530,7.99,16,,,,,,26.92,2026-03-20T03:26:09Z,2026-05-13T09:49:20Z
2972,274,delivered,480,0,20,,,,,,53.95,2026-05-08T10:49:47Z,2026-05-13T09:49:20Z
2973,906,delivered,51930,14.99,11,,,,,3556,65.01,2026-05-03T09:17:01Z,2026-05-13T09:49:20Z
2974,190,delivered,1400,0,16,,,,,3471,67.78,2026-03-31T23:06:52Z,2026-05-13T09:49:20Z
2975,1555,cancelled,33480,7.99,1,,,,,,70.4,2026-05-11T14:37:38Z,2026-05-13T09:49:20Z
2976,100,pending,16890,7.99,,,,,,,23.45,2026-04-09T00:30:10Z,2026-05-13T09:49:20Z
2977,1734,confirmed,20940,7.99,15,,,,,,43.13,2026-04-01T10:24:06Z,2026-05-13T09:49:20Z
2978,1520,processing,20115,14.99,23,,,,,3138,50.14,2026-03-29T18:28:00Z,2026-05-13T09:49:20Z
2979,1752,shipped,22150,14.99,7,,,,,,30.66,2026-03-21T04:02:29Z,2026-05-13T09:49:20Z
2980,1104,delivered,41480,14.99,8,,,,,1003,52.9,2026-03-20T23:22:48Z,2026-05-13T09:49:20Z
2981,1805,delivered,21010,0,20,,,,,808,10.41,2026-03-24T07:25:37Z,2026-05-13T09:49:20Z
2982,1071,delivered,195450,7.99,9,,,,,,57.12,2026-04-15T15:31:30Z,2026-05-13T09:49:20Z
2983,1058,cancelled,3100,14.99,20,,,,,,40.32,2026-03-14T15:51:34Z,2026-05-13T09:49:20Z
2984,967,pending,13290,0,,,,,,,72.41,2026-04-22T11:59:42Z,2026-05-13T09:49:20Z
2985,447,confirmed,9180,7.99,6,,,,,144,81.65,2026-03-19T04:44:21Z,2026-05-13T09:49:20Z
2986,136,processing,26725,7.99,18,,,,,,46.44,2026-05-11T04:11:49Z,2026-05-13T09:49:20Z
2987,1504,shipped,14720,7.99,25,,,,,3408,81.3,2026-03-31T10:00:50Z,2026-05-13T09:49:20Z
2988,330,delivered,3540,0,16,,,,,,81.38,2026-05-12T20:55:20Z,2026-05-13T09:49:20Z
2989,173,delivered,31290,0,16,,,,,,45.57,2026-03-27T08:08:50Z,2026-05-13T09:49:20Z
2990,850,delivered,20060,14.99,2,,,,,4885,52.4,2026-05-02T18:59:20Z,2026-05-13T09:49:20Z
2991,847,cancelled,2180,7.99,1,,,,,,67.29,2026-03-27T19:33:28Z,2026-05-13T09:49:20Z
2992,466,pending,118560,0,,,,,,,57.57,2026-05-06T01:51:51Z,2026-05-13T09:49:20Z
2993,1444,confirmed,7620,7.99,14,,,,,,59.86,2026-05-07T11:16:24Z,2026-05-13T09:49:20Z
2994,1818,processing,67744,7.99,13,,,,,,38.37,2026-03-30T18:39:37Z,2026-05-13T09:49:20Z
2995,1464,shipped,4340,7.99,12,,,,,,57.44,2026-05-02T15:39:08Z,2026-05-13T09:49:20Z
2996,1319,delivered,2610,7.99,25,,,,,,55.16,2026-04-15T13:03:36Z,2026-05-13T09:49:20Z
2997,814,delivered,195506,7.99,10,,,,,2474,71.03,2026-04-04T00:11:06Z,2026-05-13T09:49:20Z
2998,720,delivered,3824,14.99,29,,,,,2837,27.63,2026-04-16T00:37:22Z,2026-05-13T09:49:20Z
2999,1803,cancelled,95,7.99,5,,,,,,91.78,2026-03-27T19:31:26Z,2026-05-13T09:49:20Z
3000,1608,pending,7150,7.99,,,,,,,63.76,2026-04-17T15:05:15Z,2026-05-13T09:49:20Z
