item_id,order_id,product_id,quantity,unit_price,fulfilled_from
1,1,46,2,185,22
2,1,76,1,9200,22
3,1,54,3,260,22
4,1,44,1,1400,22
5,1,65,1,640,22
6,2,18,3,21400,24
7,2,55,1,780,24
8,3,29,1,340,25
9,3,79,2,6800,25
10,3,65,2,640,25
11,3,40,1,520,25
12,3,54,3,260,25
13,4,77,3,12600,20
14,4,38,3,2850,20
15,4,20,3,1850,20
16,4,53,2,8200,20
17,4,14,3,1450,20
18,5,17,2,14800,9
19,5,52,1,920,9
20,5,65,2,640,9
21,5,7,1,95,9
22,5,40,2,520,9
23,6,60,1,1750,7
24,6,35,3,860,7
25,7,55,1,780,4
26,7,62,2,520,4
27,8,2,2,14200,
28,9,72,3,540,21
29,9,59,3,9400,21
30,9,54,2,260,21
31,9,62,2,520,21
32,10,25,2,920,22
33,11,26,3,2400,11
34,12,69,3,1450,27
35,13,47,2,72,21
36,13,37,3,7400,21
37,14,40,2,520,21
38,14,12,2,3250,21
39,14,2,2,14200,21
40,14,44,1,1400,21
41,15,68,3,780,25
42,15,39,3,1950,25
43,15,68,2,780,25
44,15,42,2,480,25
45,15,47,2,72,25
46,16,30,1,1320,
47,16,49,1,88,
48,17,39,2,1950,20
49,17,43,3,620,20
50,17,8,3,210,20
51,17,13,3,760,20
52,18,50,2,240,17
53,18,18,2,21400,17
54,18,34,3,2450,17
55,19,74,3,330,16
56,19,78,1,215,16
57,19,44,3,1400,16
58,19,42,2,480,16
59,20,34,3,2450,1
60,21,59,3,9400,2
61,21,73,2,680,2
62,21,24,1,8800,2
63,22,5,1,3900,5
64,22,29,2,340,5
65,22,51,3,340,5
66,23,17,1,14800,8
67,23,36,2,6200,8
68,23,48,1,126,8
69,24,4,2,11800,
70,24,53,1,8200,
71,24,58,3,1180,
72,24,73,2,680,
73,25,79,2,6800,22
74,25,7,1,95,22
75,25,78,3,215,22
76,25,39,1,1950,22
77,26,34,1,2450,19
78,26,8,2,210,19
79,27,75,2,1180,9
80,27,34,1,2450,9
81,28,57,1,7600,25
82,29,19,3,4200,24
83,29,20,1,1850,24
84,29,41,1,2200,24
85,29,48,3,126,24
86,29,65,1,640,24
87,30,24,1,8800,25
88,30,30,1,1320,25
89,30,74,3,330,25
90,30,65,3,640,25
91,31,76,2,9200,1
92,32,49,3,88,
93,32,16,3,52000,
94,32,59,1,9400,
95,32,48,1,126,
96,33,72,3,540,3
97,33,73,1,680,3
98,33,45,3,58,3
99,33,75,1,1180,3
100,34,55,3,780,16
101,34,51,2,340,16
102,34,39,2,1950,16
103,34,49,1,88,16
104,35,57,1,7600,16
105,35,42,3,480,16
106,35,59,1,9400,16
107,35,21,2,33400,16
108,36,23,1,1280,3
109,36,66,1,3200,3
110,37,5,2,3900,30
111,38,55,2,780,26
112,38,63,2,1480,26
113,38,64,2,260,26
114,39,11,2,1180,16
115,39,57,1,7600,16
116,40,43,2,620,
117,40,44,1,1400,
118,41,70,3,1180,6
119,41,79,2,6800,6
120,41,32,2,1180,6
121,42,73,2,680,18
122,42,27,2,8700,18
123,42,45,1,58,18
124,42,63,3,1480,18
125,43,22,1,640,17
126,43,7,3,95,17
127,43,44,3,1400,17
128,44,12,3,3250,22
129,44,37,2,7400,22
130,45,54,2,260,18
131,45,22,2,640,18
132,45,65,3,640,18
133,45,44,3,1400,18
134,46,8,1,210,8
135,46,24,3,8800,8
136,46,4,3,11800,8
137,46,25,2,920,8
138,47,23,3,1280,12
139,47,47,2,72,12
140,47,59,3,9400,12
141,48,30,1,1320,
142,48,46,2,185,
143,48,63,3,1480,
144,48,45,3,58,
145,48,60,2,1750,
146,49,45,1,58,24
147,49,18,3,21400,24
148,49,7,3,95,24
149,49,11,1,1180,24
150,49,41,2,2200,24
151,50,53,1,8200,10
152,50,77,1,12600,10
153,51,9,2,1280,18
154,51,57,3,7600,18
155,51,65,3,640,18
156,51,73,2,680,18
157,52,30,2,1320,30
158,52,76,3,9200,30
159,52,10,3,860,30
160,52,15,1,540,30
161,53,15,2,540,15
162,53,66,2,3200,15
163,53,46,3,185,15
164,53,78,1,215,15
165,53,40,2,520,15
166,54,36,1,6200,21
167,54,23,3,1280,21
168,55,40,1,520,5
169,55,40,1,520,5
170,55,21,2,33400,5
171,55,48,3,126,5
172,55,18,1,21400,5
173,56,57,3,7600,
174,56,30,3,1320,
175,57,51,1,340,26
176,58,1,3,18500,13
177,59,75,1,1180,9
178,59,27,2,8700,9
179,59,8,1,210,9
180,60,66,2,3200,27
181,60,41,1,2200,27
182,60,27,1,8700,27
183,60,62,3,520,27
184,60,18,3,21400,27
185,61,1,2,18500,3
186,61,9,3,1280,3
187,61,57,1,7600,3
188,61,1,1,18500,3
189,62,20,2,1850,12
190,63,18,2,21400,21
191,63,57,1,7600,21
192,64,75,2,1180,
193,65,35,1,860,16
194,65,53,1,8200,16
195,65,67,1,540,16
196,65,45,2,58,16
197,66,49,3,88,1
198,66,74,3,330,1
199,66,35,2,860,1
200,66,15,1,540,1
201,66,38,3,2850,1
202,67,31,1,3100,10
203,67,51,1,340,10
204,67,47,2,72,10
205,67,4,3,11800,10
206,68,61,2,390,3
207,68,9,3,1280,3
208,68,74,3,330,3
209,69,68,1,780,13
210,69,53,3,8200,13
211,69,73,2,680,13
212,70,79,3,6800,21
213,70,36,2,6200,21
214,70,40,1,520,21
215,70,40,1,520,21
216,71,57,3,7600,23
217,71,24,1,8800,23
218,71,55,2,780,23
219,71,47,3,72,23
220,71,63,1,1480,23
221,72,31,3,3100,
222,72,27,1,8700,
223,72,31,3,3100,
224,73,33,1,420,16
225,73,12,1,3250,16
226,73,54,1,260,16
227,73,4,1,11800,16
228,73,24,2,8800,16
229,74,23,1,1280,10
230,74,69,2,1450,10
231,74,50,1,240,10
232,75,79,2,6800,8
233,75,7,1,95,8
234,76,48,3,126,27
235,76,45,3,58,27
236,76,47,3,72,27
237,76,29,3,340,27
238,76,48,1,126,27
239,77,18,3,21400,9
240,78,6,3,720,7
241,79,45,2,58,11
242,79,71,2,2100,11
243,79,51,3,340,11
244,80,36,2,6200,
245,80,51,2,340,
246,80,32,1,1180,
247,80,76,3,9200,
248,80,30,3,1320,
249,81,56,3,5600,11
250,82,2,1,14200,15
251,82,67,3,540,15
252,82,8,2,210,15
253,83,62,2,520,17
254,83,65,3,640,17
255,83,69,1,1450,17
256,83,58,2,1180,17
257,84,31,2,3100,14
258,85,48,2,126,25
259,85,38,2,2850,25
260,85,13,3,760,25
261,85,46,1,185,25
262,85,19,1,4200,25
263,86,61,2,390,10
264,86,50,3,240,10
265,87,16,3,52000,10
266,87,77,2,12600,10
267,87,31,3,3100,10
268,87,42,2,480,10
269,87,66,1,3200,10
270,88,4,2,11800,
271,89,29,1,340,19
272,89,65,2,640,19
273,89,21,1,33400,19
274,90,78,2,215,4
275,90,56,1,5600,4
276,90,71,2,2100,4
277,90,28,1,680,4
278,90,27,2,8700,4
279,91,60,1,1750,12
280,91,57,3,7600,12
281,92,66,1,3200,14
282,93,54,1,260,4
283,94,7,2,95,27
284,94,58,3,1180,27
285,95,28,2,680,3
286,95,16,3,52000,3
287,95,76,1,9200,3
288,96,10,1,860,
289,97,29,1,340,14
290,97,1,2,18500,14
291,98,23,3,1280,21
292,98,42,3,480,21
293,99,72,3,540,26
294,99,35,1,860,26
295,99,76,2,9200,26
296,100,57,3,7600,11
297,100,61,1,390,11
298,100,59,2,9400,11
299,101,62,3,520,29
300,101,27,2,8700,29
301,101,59,1,9400,29
302,101,14,1,1450,29
303,102,50,3,240,6
304,102,60,2,1750,6
305,102,24,1,8800,6
306,103,79,2,6800,10
307,103,61,1,390,10
308,103,31,3,3100,10
309,103,7,3,95,10
310,104,46,3,185,
311,104,15,2,540,
312,104,14,3,1450,
313,104,67,1,540,
314,104,54,1,260,
315,105,39,1,1950,19
316,105,74,1,330,19
317,105,12,3,3250,19
318,106,39,1,1950,18
319,106,54,1,260,18
320,106,45,1,58,18
321,106,16,3,52000,18
322,107,48,3,126,1
323,107,39,1,1950,1
324,107,62,2,520,1
325,107,26,1,2400,1
326,108,8,1,210,17
327,108,46,3,185,17
328,108,17,2,14800,17
329,108,56,2,5600,17
330,109,74,3,330,4
331,109,54,2,260,4
332,110,41,3,2200,15
333,110,17,3,14800,15
334,110,72,2,540,15
335,110,67,1,540,15
336,111,28,2,680,13
337,111,26,1,2400,13
338,112,56,2,5600,
339,112,34,1,2450,
340,112,31,1,3100,
341,112,20,3,1850,
342,112,38,1,2850,
343,113,51,1,340,22
344,113,39,2,1950,22
345,113,4,3,11800,22
346,113,60,1,1750,22
347,114,26,3,2400,19
348,114,28,2,680,19
349,115,46,2,185,12
350,115,74,3,330,12
351,115,35,3,860,12
352,115,73,3,680,12
353,115,13,2,760,12
354,116,40,3,520,18
355,116,25,3,920,18
356,117,42,1,480,13
357,117,69,2,1450,13
358,117,38,1,2850,13
359,117,64,1,260,13
360,117,54,1,260,13
361,118,58,2,1180,14
362,118,24,2,8800,14
363,118,47,1,72,14
364,118,35,2,860,14
365,118,11,3,1180,14
366,119,9,2,1280,17
367,120,8,1,210,
368,121,5,1,3900,6
369,121,23,2,1280,6
370,121,18,1,21400,6
371,121,60,2,1750,6
372,121,54,1,260,6
373,122,53,3,8200,29
374,122,49,1,88,29
375,122,13,3,760,29
376,122,40,2,520,29
377,122,12,1,3250,29
378,123,33,2,420,10
379,123,66,1,3200,10
380,123,66,1,3200,10
381,123,31,3,3100,10
382,123,3,2,26400,10
383,124,56,2,5600,19
384,124,22,2,640,19
385,124,55,1,780,19
386,124,77,3,12600,19
387,124,41,3,2200,19
388,125,16,1,52000,2
389,125,23,3,1280,2
390,126,63,3,1480,4
391,127,22,2,640,29
392,127,47,1,72,29
393,127,74,3,330,29
394,127,34,3,2450,29
395,128,52,1,920,
396,128,73,1,680,
397,128,13,1,760,
398,129,42,2,480,8
399,129,17,1,14800,8
400,129,76,2,9200,8
401,129,25,3,920,8
402,130,28,3,680,28
403,130,38,3,2850,28
404,130,44,3,1400,28
405,131,28,3,680,7
406,132,46,3,185,22
407,132,33,3,420,22
408,132,5,2,3900,22
409,132,35,1,860,22
410,132,57,3,7600,22
411,133,48,3,126,23
412,133,10,3,860,23
413,133,2,1,14200,23
414,133,2,1,14200,23
415,133,29,1,340,23
416,134,19,1,4200,7
417,134,5,2,3900,7
418,135,59,1,9400,24
419,135,72,2,540,24
420,136,15,1,540,
421,136,9,1,1280,
422,136,7,3,95,
423,136,55,3,780,
424,137,37,2,7400,18
425,137,67,2,540,18
426,137,30,1,1320,18
427,138,72,2,540,1
428,138,43,2,620,1
429,138,34,2,2450,1
430,138,22,1,640,1
431,138,73,3,680,1
432,139,6,1,720,5
433,139,53,2,8200,5
434,139,27,1,8700,5
435,139,36,1,6200,5
436,140,69,3,1450,15
437,140,38,3,2850,15
438,141,20,2,1850,24
439,142,16,1,52000,24
440,142,2,2,14200,24
441,142,43,2,620,24
442,142,7,1,95,24
443,142,28,3,680,24
444,143,56,2,5600,29
445,143,28,1,680,29
446,143,18,3,21400,29
447,144,52,3,920,
448,144,65,2,640,
449,144,51,3,340,
450,145,26,2,2400,5
451,145,9,1,1280,5
452,145,26,2,2400,5
453,146,69,1,1450,13
454,147,10,2,860,3
455,147,28,1,680,3
456,147,58,1,1180,3
457,147,73,3,680,3
458,147,10,2,860,3
459,148,45,2,58,6
460,148,76,3,9200,6
461,148,40,2,520,6
462,149,79,3,6800,20
463,149,22,3,640,20
464,150,74,3,330,19
465,150,50,3,240,19
466,151,36,1,6200,23
467,151,36,2,6200,23
468,152,9,1,1280,
469,152,20,2,1850,
470,152,46,2,185,
471,152,24,1,8800,
472,152,41,1,2200,
473,153,74,2,330,8
474,154,70,1,1180,24
475,154,14,1,1450,24
476,154,58,3,1180,24
477,155,8,1,210,17
478,155,56,2,5600,17
479,155,39,1,1950,17
480,155,17,3,14800,17
481,156,54,2,260,12
482,156,75,2,1180,12
483,156,70,2,1180,12
484,156,27,3,8700,12
485,156,65,3,640,12
486,157,37,2,7400,2
487,157,51,2,340,2
488,157,12,1,3250,2
489,158,74,2,330,17
490,159,19,3,4200,8
491,159,70,2,1180,8
492,159,66,2,3200,8
493,159,6,1,720,8
494,159,73,2,680,8
495,160,38,2,2850,
496,160,4,2,11800,
497,160,3,3,26400,
498,160,41,1,2200,
499,160,40,3,520,
500,161,48,2,126,30
501,161,6,3,720,30
502,162,52,1,920,11
503,162,44,1,1400,11
504,162,66,1,3200,11
505,162,61,2,390,11
506,162,44,1,1400,11
507,163,9,3,1280,4
508,164,13,2,760,12
509,165,24,3,8800,17
510,165,28,2,680,17
511,165,78,1,215,17
512,165,55,3,780,17
513,165,13,1,760,17
514,166,1,3,18500,6
515,166,60,2,1750,6
516,166,43,3,620,6
517,166,41,1,2200,6
518,167,3,1,26400,3
519,167,72,2,540,3
520,167,78,3,215,3
521,168,37,3,7400,
522,168,71,1,2100,
523,168,15,3,540,
524,168,15,3,540,
525,169,15,1,540,26
526,169,5,2,3900,26
527,169,48,1,126,26
528,170,24,2,8800,7
529,170,50,1,240,7
530,170,57,2,7600,7
531,170,21,2,33400,7
532,171,79,3,6800,20
533,171,16,3,52000,20
534,171,54,2,260,20
535,171,28,1,680,20
536,172,11,1,1180,23
537,173,16,3,52000,29
538,173,75,2,1180,29
539,173,71,3,2100,29
540,173,73,3,680,29
541,174,75,3,1180,28
542,174,37,3,7400,28
543,174,33,2,420,28
544,174,31,1,3100,28
545,174,65,3,640,28
546,175,58,1,1180,30
547,176,34,2,2450,
548,177,22,3,640,2
549,177,50,2,240,2
550,177,33,3,420,2
551,177,53,3,8200,2
552,177,56,3,5600,2
553,178,54,1,260,12
554,178,62,1,520,12
555,179,20,1,1850,19
556,180,45,2,58,12
557,180,60,2,1750,12
558,180,8,3,210,12
559,180,52,2,920,12
560,180,25,2,920,12
561,181,39,1,1950,27
562,181,31,1,3100,27
563,181,33,3,420,27
564,182,77,3,12600,17
565,182,64,1,260,17
566,183,71,2,2100,25
567,183,60,3,1750,25
568,183,42,1,480,25
569,183,28,3,680,25
570,184,8,1,210,
571,184,30,1,1320,
572,184,55,3,780,
573,184,58,1,1180,
574,185,24,3,8800,16
575,185,8,3,210,16
576,185,37,1,7400,16
577,185,45,1,58,16
578,186,20,2,1850,30
579,186,2,3,14200,30
580,186,28,2,680,30
581,186,46,1,185,30
582,187,51,2,340,14
583,187,41,2,2200,14
584,187,34,1,2450,14
585,187,64,1,260,14
586,188,66,2,3200,6
587,188,5,3,3900,6
588,189,20,1,1850,15
589,189,32,3,1180,15
590,189,13,1,760,15
591,189,24,1,8800,15
592,189,41,1,2200,15
593,190,19,3,4200,16
594,191,54,2,260,25
595,191,27,1,8700,25
596,191,4,1,11800,25
597,191,60,1,1750,25
598,191,54,2,260,25
599,192,27,3,8700,
600,192,2,2,14200,
601,192,6,3,720,
602,192,21,1,33400,
603,192,51,3,340,
604,193,30,1,1320,20
605,193,56,2,5600,20
606,194,21,2,33400,19
607,195,29,3,340,13
608,195,33,1,420,13
609,196,9,2,1280,21
610,196,13,3,760,21
611,197,16,2,52000,12
612,197,58,3,1180,12
613,197,10,3,860,12
614,197,23,2,1280,12
615,197,67,2,540,12
616,198,56,2,5600,23
617,199,6,3,720,4
618,200,38,1,2850,
619,200,3,2,26400,
620,201,10,2,860,29
621,202,35,1,860,27
622,202,57,1,7600,27
623,202,58,3,1180,27
624,203,38,2,2850,12
625,203,9,1,1280,12
626,203,20,3,1850,12
627,203,25,3,920,12
628,204,77,1,12600,24
629,204,12,1,3250,24
630,204,34,3,2450,24
631,205,43,3,620,26
632,205,13,2,760,26
633,206,34,1,2450,11
634,206,2,3,14200,11
635,206,34,2,2450,11
636,206,53,1,8200,11
637,206,12,1,3250,11
638,207,11,3,1180,19
639,207,71,2,2100,19
640,208,21,1,33400,
641,209,24,3,8800,30
642,209,63,3,1480,30
643,210,71,2,2100,30
644,210,65,2,640,30
645,210,74,2,330,30
646,211,58,1,1180,2
647,211,29,1,340,2
648,212,41,1,2200,18
649,212,62,3,520,18
650,212,4,3,11800,18
651,212,7,3,95,18
652,212,63,2,1480,18
653,213,27,3,8700,16
654,214,66,2,3200,15
655,214,39,1,1950,15
656,214,75,2,1180,15
657,214,5,1,3900,15
658,215,62,3,520,12
659,215,58,3,1180,12
660,215,34,2,2450,12
661,215,1,2,18500,12
662,216,63,1,1480,
663,216,60,3,1750,
664,216,45,2,58,
665,216,41,2,2200,
666,216,24,2,8800,
667,217,67,1,540,10
668,217,47,2,72,10
669,217,28,3,680,10
670,217,5,3,3900,10
671,218,76,2,9200,2
672,218,14,2,1450,2
673,218,56,1,5600,2
674,218,61,2,390,2
675,218,46,3,185,2
676,219,77,2,12600,14
677,219,68,3,780,14
678,220,46,1,185,9
679,220,38,2,2850,9
680,220,5,2,3900,9
681,220,24,1,8800,9
682,221,48,2,126,22
683,221,73,3,680,22
684,221,64,3,260,22
685,221,20,3,1850,22
686,222,79,1,6800,7
687,222,56,2,5600,7
688,222,54,1,260,7
689,222,30,3,1320,7
690,222,9,3,1280,7
691,223,3,3,26400,2
692,223,24,1,8800,2
693,224,58,3,1180,
694,224,76,1,9200,
695,224,65,3,640,
696,225,15,1,540,21
697,225,3,1,26400,21
698,225,9,2,1280,21
699,226,77,3,12600,2
700,226,34,2,2450,2
701,226,31,3,3100,2
702,227,55,2,780,2
703,227,7,1,95,2
704,227,18,1,21400,2
705,227,27,1,8700,2
706,227,49,3,88,2
707,228,26,2,2400,11
708,228,78,3,215,11
709,229,3,3,26400,23
710,229,27,2,8700,23
711,229,32,1,1180,23
712,230,22,3,640,1
713,230,37,1,7400,1
714,230,78,1,215,1
715,230,1,2,18500,1
716,230,17,3,14800,1
717,231,62,1,520,22
718,231,13,2,760,22
719,231,15,1,540,22
720,232,72,3,540,
721,232,40,2,520,
722,232,70,1,1180,
723,233,54,2,260,19
724,233,62,2,520,19
725,233,75,1,1180,19
726,233,43,3,620,19
727,234,78,1,215,13
728,234,11,1,1180,13
729,234,74,1,330,13
730,235,16,2,52000,26
731,235,71,3,2100,26
732,235,31,2,3100,26
733,235,67,2,540,26
734,235,56,3,5600,26
735,236,40,2,520,25
736,236,15,3,540,25
737,236,37,3,7400,25
738,236,21,2,33400,25
739,236,30,3,1320,25
740,237,60,3,1750,25
741,237,38,2,2850,25
742,237,59,3,9400,25
743,238,42,1,480,2
744,238,17,2,14800,2
745,239,20,3,1850,30
746,239,22,3,640,30
747,239,54,2,260,30
748,240,4,2,11800,
749,240,78,1,215,
750,240,3,1,26400,
751,240,24,1,8800,
752,240,71,3,2100,
753,241,22,3,640,22
754,241,27,3,8700,22
755,241,1,1,18500,22
756,241,51,3,340,22
757,242,48,1,126,19
758,242,30,1,1320,19
759,242,43,2,620,19
760,243,19,3,4200,20
761,243,60,1,1750,20
762,243,53,3,8200,20
763,243,25,1,920,20
764,243,62,1,520,20
765,244,4,1,11800,20
766,244,55,3,780,20
767,244,51,1,340,20
768,244,59,3,9400,20
769,244,63,1,1480,20
770,245,56,3,5600,29
771,245,22,1,640,29
772,245,19,1,4200,29
773,245,70,1,1180,29
774,245,74,2,330,29
775,246,37,2,7400,9
776,246,25,1,920,9
777,246,4,3,11800,9
778,246,59,3,9400,9
779,246,16,3,52000,9
780,247,65,3,640,21
781,247,8,3,210,21
782,247,63,3,1480,21
783,247,10,1,860,21
784,247,74,2,330,21
785,248,78,1,215,
786,248,7,3,95,
787,248,66,3,3200,
788,248,76,1,9200,
789,249,45,3,58,7
790,249,21,2,33400,7
791,249,34,2,2450,7
792,249,77,1,12600,7
793,250,3,3,26400,27
794,250,47,3,72,27
795,250,12,2,3250,27
796,250,8,2,210,27
797,251,2,3,14200,3
798,251,35,2,860,3
799,252,56,2,5600,25
800,252,12,1,3250,25
801,252,6,2,720,25
802,252,29,2,340,25
803,252,24,1,8800,25
804,253,54,2,260,22
805,253,63,3,1480,22
806,253,27,2,8700,22
807,253,52,1,920,22
808,254,23,1,1280,22
809,254,76,2,9200,22
810,254,5,1,3900,22
811,255,65,2,640,16
812,256,19,3,4200,
813,256,4,2,11800,
814,256,63,1,1480,
815,256,46,1,185,
816,256,64,3,260,
817,257,75,3,1180,6
818,257,73,3,680,6
819,257,79,1,6800,6
820,258,15,2,540,22
821,258,9,3,1280,22
822,258,39,2,1950,22
823,258,34,2,2450,22
824,258,69,2,1450,22
825,259,47,2,72,4
826,259,40,2,520,4
827,259,58,2,1180,4
828,259,70,1,1180,4
829,260,48,1,126,7
830,260,46,2,185,7
831,261,53,1,8200,22
832,262,38,3,2850,11
833,262,6,2,720,11
834,262,11,1,1180,11
835,262,1,1,18500,11
836,262,54,2,260,11
837,263,56,1,5600,19
838,264,77,3,12600,
839,264,38,3,2850,
840,264,34,1,2450,
841,264,49,3,88,
842,264,78,2,215,
843,265,4,1,11800,27
844,265,32,3,1180,27
845,266,78,1,215,4
846,266,13,2,760,4
847,267,47,3,72,6
848,267,8,2,210,6
849,267,56,2,5600,6
850,267,58,1,1180,6
851,267,35,2,860,6
852,268,56,1,5600,19
853,268,55,2,780,19
854,269,49,1,88,13
855,269,6,3,720,13
856,269,45,1,58,13
857,269,46,3,185,13
858,269,5,1,3900,13
859,270,48,1,126,27
860,271,38,2,2850,12
861,272,54,2,260,
862,273,20,1,1850,21
863,273,14,2,1450,21
864,273,14,1,1450,21
865,273,16,3,52000,21
866,273,75,1,1180,21
867,274,64,1,260,21
868,274,32,3,1180,21
869,275,12,2,3250,18
870,275,11,2,1180,18
871,275,16,1,52000,18
872,276,32,2,1180,4
873,277,62,1,520,30
874,277,68,3,780,30
875,277,27,1,8700,30
876,277,43,3,620,30
877,277,4,1,11800,30
878,278,3,2,26400,16
879,278,24,2,8800,16
880,278,66,2,3200,16
881,278,77,3,12600,16
882,279,77,2,12600,28
883,279,47,3,72,28
884,279,34,2,2450,28
885,280,15,2,540,
886,280,25,1,920,
887,280,41,3,2200,
888,281,67,2,540,10
889,282,36,3,6200,18
890,282,48,1,126,18
891,283,75,2,1180,1
892,283,4,2,11800,1
893,283,56,3,5600,1
894,283,48,1,126,1
895,284,20,3,1850,23
896,284,12,1,3250,23
897,284,28,2,680,23
898,285,10,3,860,20
899,285,13,1,760,20
900,285,69,1,1450,20
901,285,9,1,1280,20
902,286,4,1,11800,13
903,287,26,2,2400,8
904,287,35,3,860,8
905,288,37,2,7400,
906,288,57,2,7600,
907,288,36,1,6200,
908,288,42,1,480,
909,288,47,3,72,
910,289,35,3,860,18
911,290,13,2,760,7
912,290,49,3,88,7
913,290,30,2,1320,7
914,290,41,3,2200,7
915,291,6,2,720,4
916,291,35,1,860,4
917,291,23,2,1280,4
918,291,54,2,260,4
919,291,43,3,620,4
920,292,32,2,1180,18
921,292,16,2,52000,18
922,292,21,2,33400,18
923,293,61,2,390,15
924,293,5,2,3900,15
925,293,75,3,1180,15
926,294,51,2,340,12
927,295,53,3,8200,20
928,295,14,1,1450,20
929,295,51,2,340,20
930,295,51,2,340,20
931,295,19,2,4200,20
932,296,69,2,1450,
933,296,72,3,540,
934,296,48,1,126,
935,296,47,3,72,
936,297,36,3,6200,9
937,297,7,3,95,9
938,298,75,2,1180,24
939,298,20,3,1850,24
940,298,2,1,14200,24
941,298,62,2,520,24
942,299,56,1,5600,15
943,300,32,1,1180,25
944,300,8,3,210,25
945,300,9,1,1280,25
946,301,65,2,640,6
947,302,33,2,420,1
948,302,69,1,1450,1
949,302,30,2,1320,1
950,302,43,1,620,1
951,303,65,1,640,1
952,303,1,2,18500,1
953,303,43,1,620,1
954,303,8,2,210,1
955,303,8,3,210,1
956,304,21,2,33400,
957,304,18,1,21400,
958,305,43,3,620,28
959,305,45,3,58,28
960,305,12,2,3250,28
961,306,41,3,2200,30
962,306,11,1,1180,30
963,306,7,2,95,30
964,306,21,3,33400,30
965,306,19,3,4200,30
966,307,53,1,8200,7
967,307,20,2,1850,7
968,308,2,1,14200,13
969,308,1,2,18500,13
970,308,8,1,210,13
971,308,67,3,540,13
972,308,23,2,1280,13
973,309,30,3,1320,30
974,309,22,1,640,30
975,310,38,1,2850,4
976,310,57,2,7600,4
977,310,33,2,420,4
978,310,47,3,72,4
979,311,8,2,210,15
980,311,43,2,620,15
981,311,9,1,1280,15
982,312,45,1,58,
983,312,62,1,520,
984,313,67,1,540,22
985,314,40,2,520,2
986,314,70,2,1180,2
987,315,35,3,860,2
988,315,42,2,480,2
989,315,2,3,14200,2
990,315,54,3,260,2
991,315,10,2,860,2
992,316,18,2,21400,27
993,316,38,3,2850,27
994,316,24,2,8800,27
995,317,61,3,390,12
996,317,64,2,260,12
997,318,5,3,3900,30
998,318,58,2,1180,30
999,319,73,1,680,18
1000,319,68,2,780,18
1001,319,36,2,6200,18
1002,319,68,1,780,18
1003,319,55,3,780,18
1004,320,16,1,52000,
1005,320,61,3,390,
1006,321,10,2,860,26
1007,322,61,2,390,6
1008,322,12,3,3250,6
1009,322,23,3,1280,6
1010,322,5,2,3900,6
1011,322,28,3,680,6
1012,323,21,2,33400,18
1013,324,61,2,390,2
1014,325,3,1,26400,15
1015,326,6,2,720,18
1016,327,22,2,640,23
1017,328,46,2,185,
1018,328,37,1,7400,
1019,329,42,3,480,24
1020,329,21,2,33400,24
1021,330,12,3,3250,2
1022,331,55,1,780,6
1023,331,29,2,340,6
1024,331,31,3,3100,6
1025,331,19,2,4200,6
1026,331,64,3,260,6
1027,332,27,1,8700,13
1028,332,49,1,88,13
1029,332,1,1,18500,13
1030,333,14,1,1450,16
1031,333,62,2,520,16
1032,333,2,3,14200,16
1033,334,9,3,1280,19
1034,334,72,1,540,19
1035,335,19,3,4200,6
1036,336,23,2,1280,
1037,336,24,1,8800,
1038,336,15,1,540,
1039,337,50,2,240,20
1040,338,47,1,72,19
1041,338,48,2,126,19
1042,338,78,1,215,19
1043,338,5,2,3900,19
1044,338,36,1,6200,19
1045,339,37,2,7400,22
1046,339,78,2,215,22
1047,340,69,3,1450,19
1048,340,71,3,2100,19
1049,340,14,2,1450,19
1050,341,75,2,1180,11
1051,341,22,3,640,11
1052,341,77,3,12600,11
1053,341,7,3,95,11
1054,342,4,2,11800,3
1055,342,14,1,1450,3
1056,342,7,2,95,3
1057,343,75,3,1180,7
1058,343,9,3,1280,7
1059,343,14,3,1450,7
1060,343,60,3,1750,7
1061,344,38,1,2850,
1062,344,59,2,9400,
1063,344,62,1,520,
1064,344,54,2,260,
1065,344,44,1,1400,
1066,345,17,3,14800,29
1067,345,43,1,620,29
1068,345,64,1,260,29
1069,346,75,3,1180,1
1070,346,33,3,420,1
1071,346,8,2,210,1
1072,346,34,3,2450,1
1073,346,15,2,540,1
1074,347,78,3,215,10
1075,347,16,2,52000,10
1076,347,46,1,185,10
1077,348,76,2,9200,10
1078,348,65,1,640,10
1079,348,30,2,1320,10
1080,348,60,1,1750,10
1081,349,7,2,95,30
1082,349,75,2,1180,30
1083,349,58,2,1180,30
1084,349,59,1,9400,30
1085,349,25,3,920,30
1086,350,64,2,260,28
1087,350,22,2,640,28
1088,350,42,3,480,28
1089,351,32,3,1180,21
1090,351,61,2,390,21
1091,351,44,3,1400,21
1092,352,77,2,12600,
1093,352,66,2,3200,
1094,353,15,3,540,16
1095,353,50,3,240,16
1096,353,74,3,330,16
1097,353,49,2,88,16
1098,353,6,3,720,16
1099,354,10,3,860,10
1100,354,60,3,1750,10
1101,355,43,2,620,22
1102,355,75,1,1180,22
1103,355,15,3,540,22
1104,355,30,3,1320,22
1105,356,56,1,5600,22
1106,356,51,1,340,22
1107,357,13,1,760,21
1108,357,13,3,760,21
1109,357,55,2,780,21
1110,357,58,3,1180,21
1111,357,10,3,860,21
1112,358,41,2,2200,26
1113,358,40,3,520,26
1114,358,41,3,2200,26
1115,359,6,2,720,7
1116,359,34,1,2450,7
1117,360,62,1,520,
1118,360,77,3,12600,
1119,360,51,2,340,
1120,360,4,3,11800,
1121,361,52,3,920,29
1122,361,73,1,680,29
1123,361,27,3,8700,29
1124,362,25,1,920,3
1125,362,23,3,1280,3
1126,362,62,2,520,3
1127,362,70,2,1180,3
1128,363,30,3,1320,22
1129,363,11,3,1180,22
1130,363,33,2,420,22
1131,364,76,3,9200,22
1132,364,23,1,1280,22
1133,365,51,2,340,19
1134,365,56,3,5600,19
1135,365,37,2,7400,19
1136,365,56,2,5600,19
1137,365,42,2,480,19
1138,366,50,1,240,16
1139,366,47,2,72,16
1140,366,43,3,620,16
1141,367,30,3,1320,2
1142,367,47,3,72,2
1143,367,7,2,95,2
1144,367,75,3,1180,2
1145,368,16,1,52000,
1146,368,60,3,1750,
1147,368,8,2,210,
1148,368,60,2,1750,
1149,368,74,3,330,
1150,369,64,2,260,29
1151,369,8,2,210,29
1152,370,43,1,620,17
1153,371,74,2,330,29
1154,372,54,2,260,30
1155,372,58,2,1180,30
1156,373,18,2,21400,13
1157,373,17,3,14800,13
1158,373,78,1,215,13
1159,374,47,1,72,11
1160,375,41,1,2200,18
1161,375,46,3,185,18
1162,375,78,3,215,18
1163,375,31,1,3100,18
1164,376,27,1,8700,
1165,376,14,2,1450,
1166,376,25,2,920,
1167,377,9,3,1280,16
1168,377,42,2,480,16
1169,377,63,1,1480,16
1170,377,43,3,620,16
1171,378,49,1,88,6
1172,378,79,1,6800,6
1173,378,39,3,1950,6
1174,378,1,1,18500,6
1175,379,40,1,520,25
1176,379,79,3,6800,25
1177,379,29,1,340,25
1178,380,57,1,7600,22
1179,381,6,3,720,22
1180,382,17,1,14800,20
1181,382,37,3,7400,20
1182,382,54,3,260,20
1183,383,58,3,1180,28
1184,384,73,1,680,
1185,384,19,1,4200,
1186,384,62,3,520,
1187,384,8,1,210,
1188,384,30,1,1320,
1189,385,53,2,8200,29
1190,385,34,2,2450,29
1191,385,28,1,680,29
1192,385,17,2,14800,29
1193,385,12,1,3250,29
1194,386,9,1,1280,27
1195,386,46,1,185,27
1196,386,36,2,6200,27
1197,387,22,2,640,11
1198,388,22,3,640,11
1199,388,10,2,860,11
1200,388,79,1,6800,11
1201,389,76,3,9200,16
1202,389,5,2,3900,16
1203,390,67,3,540,11
1204,390,45,1,58,11
1205,391,43,3,620,29
1206,392,32,2,1180,
1207,392,26,2,2400,
1208,392,19,1,4200,
1209,392,63,2,1480,
1210,392,67,3,540,
1211,393,30,3,1320,27
1212,393,31,1,3100,27
1213,394,66,1,3200,14
1214,394,44,2,1400,14
1215,394,24,1,8800,14
1216,394,31,2,3100,14
1217,395,62,2,520,16
1218,395,22,1,640,16
1219,396,8,1,210,26
1220,396,9,3,1280,26
1221,397,75,2,1180,13
1222,397,44,1,1400,13
1223,398,45,1,58,12
1224,399,36,3,6200,23
1225,400,62,1,520,
1226,400,21,3,33400,
1227,400,26,3,2400,
1228,401,25,1,920,10
1229,401,56,2,5600,10
1230,401,59,2,9400,10
1231,401,68,2,780,10
1232,402,36,2,6200,29
1233,403,7,2,95,13
1234,404,20,3,1850,28
1235,404,54,1,260,28
1236,404,22,1,640,28
1237,404,66,3,3200,28
1238,405,64,3,260,28
1239,405,40,1,520,28
1240,406,4,2,11800,13
1241,406,69,1,1450,13
1242,406,55,3,780,13
1243,406,17,1,14800,13
1244,407,73,2,680,24
1245,407,44,2,1400,24
1246,407,14,3,1450,24
1247,408,12,2,3250,
1248,408,38,2,2850,
1249,408,70,3,1180,
1250,408,26,3,2400,
1251,409,53,1,8200,3
1252,409,5,2,3900,3
1253,409,79,2,6800,3
1254,409,64,1,260,3
1255,409,39,2,1950,3
1256,410,14,1,1450,1
1257,410,62,3,520,1
1258,411,45,3,58,30
1259,411,47,3,72,30
1260,411,24,2,8800,30
1261,412,79,3,6800,30
1262,413,22,1,640,29
1263,413,23,3,1280,29
1264,413,79,2,6800,29
1265,413,73,2,680,29
1266,413,62,1,520,29
1267,414,38,2,2850,16
1268,414,44,1,1400,16
1269,414,19,1,4200,16
1270,414,41,3,2200,16
1271,415,62,1,520,13
1272,415,51,1,340,13
1273,415,47,1,72,13
1274,416,36,3,6200,
1275,416,2,2,14200,
1276,416,41,1,2200,
1277,416,63,3,1480,
1278,416,54,3,260,
1279,417,54,2,260,26
1280,417,51,2,340,26
1281,417,52,2,920,26
1282,418,31,1,3100,29
1283,418,60,3,1750,29
1284,418,69,2,1450,29
1285,418,7,1,95,29
1286,419,77,1,12600,4
1287,420,75,3,1180,23
1288,420,5,3,3900,23
1289,420,61,1,390,23
1290,420,16,2,52000,23
1291,420,25,2,920,23
1292,421,30,2,1320,29
1293,421,26,1,2400,29
1294,421,39,1,1950,29
1295,422,14,1,1450,19
1296,422,59,3,9400,19
1297,422,24,1,8800,19
1298,423,35,1,860,13
1299,423,41,1,2200,13
1300,423,69,3,1450,13
1301,423,77,2,12600,13
1302,423,68,1,780,13
1303,424,38,1,2850,
1304,424,27,3,8700,
1305,424,15,3,540,
1306,424,36,1,6200,
1307,424,7,1,95,
1308,425,7,2,95,15
1309,425,41,3,2200,15
1310,425,65,2,640,15
1311,425,18,1,21400,15
1312,426,12,1,3250,1
1313,427,26,1,2400,13
1314,427,53,2,8200,13
1315,427,10,1,860,13
1316,427,16,3,52000,13
1317,427,16,3,52000,13
1318,428,69,2,1450,28
1319,428,28,3,680,28
1320,428,59,2,9400,28
1321,428,42,2,480,28
1322,428,77,1,12600,28
1323,429,16,2,52000,20
1324,429,1,1,18500,20
1325,429,57,3,7600,20
1326,430,21,2,33400,2
1327,430,79,1,6800,2
1328,431,15,1,540,1
1329,432,63,1,1480,
1330,433,52,2,920,25
1331,433,36,2,6200,25
1332,434,21,1,33400,23
1333,434,33,2,420,23
1334,434,26,2,2400,23
1335,434,5,2,3900,23
1336,434,55,2,780,23
1337,435,73,1,680,7
1338,435,39,3,1950,7
1339,435,13,1,760,7
1340,435,16,1,52000,7
1341,435,4,3,11800,7
1342,436,59,2,9400,7
1343,436,37,3,7400,7
1344,436,63,3,1480,7
1345,436,61,2,390,7
1346,437,30,2,1320,16
1347,437,27,2,8700,16
1348,438,56,1,5600,12
1349,438,21,2,33400,12
1350,438,1,1,18500,12
1351,438,7,2,95,12
1352,438,25,1,920,12
1353,439,8,1,210,27
1354,439,55,2,780,27
1355,439,65,1,640,27
1356,440,32,2,1180,
1357,440,48,2,126,
1358,440,77,3,12600,
1359,440,46,3,185,
1360,441,2,3,14200,3
1361,442,6,2,720,12
1362,442,70,3,1180,12
1363,442,10,3,860,12
1364,442,55,2,780,12
1365,442,66,1,3200,12
1366,443,15,2,540,14
1367,443,34,3,2450,14
1368,443,67,1,540,14
1369,444,8,2,210,27
1370,444,22,2,640,27
1371,444,39,2,1950,27
1372,444,18,2,21400,27
1373,444,56,1,5600,27
1374,445,53,1,8200,25
1375,446,64,1,260,24
1376,446,2,3,14200,24
1377,446,59,1,9400,24
1378,447,11,1,1180,4
1379,448,12,1,3250,
1380,448,54,3,260,
1381,448,29,3,340,
1382,448,43,1,620,
1383,448,63,3,1480,
1384,449,30,2,1320,2
1385,449,74,1,330,2
1386,449,21,1,33400,2
1387,450,68,3,780,18
1388,450,45,3,58,18
1389,450,43,1,620,18
1390,450,33,2,420,18
1391,450,9,1,1280,18
1392,451,33,3,420,28
1393,451,66,3,3200,28
1394,451,41,3,2200,28
1395,451,76,2,9200,28
1396,452,12,1,3250,22
1397,452,4,1,11800,22
1398,452,55,1,780,22
1399,452,31,1,3100,22
1400,453,16,1,52000,7
1401,453,43,1,620,7
1402,453,67,2,540,7
1403,454,59,3,9400,4
1404,454,9,3,1280,4
1405,454,76,2,9200,4
1406,454,75,2,1180,4
1407,455,79,3,6800,15
1408,455,3,1,26400,15
1409,455,75,1,1180,15
1410,456,78,2,215,
1411,456,17,2,14800,
1412,456,24,3,8800,
1413,456,20,3,1850,
1414,456,76,2,9200,
1415,457,43,3,620,14
1416,457,4,1,11800,14
1417,458,76,2,9200,30
1418,458,50,2,240,30
1419,458,17,2,14800,30
1420,458,59,3,9400,30
1421,458,58,3,1180,30
1422,459,3,1,26400,9
1423,459,32,1,1180,9
1424,460,72,2,540,14
1425,461,29,2,340,12
1426,461,8,1,210,12
1427,462,63,2,1480,23
1428,462,50,1,240,23
1429,462,28,1,680,23
1430,463,66,2,3200,9
1431,463,13,1,760,9
1432,464,53,3,8200,
1433,464,9,2,1280,
1434,464,48,3,126,
1435,464,61,3,390,
1436,464,57,3,7600,
1437,465,46,1,185,8
1438,465,26,2,2400,8
1439,466,23,1,1280,19
1440,466,37,2,7400,19
1441,466,48,1,126,19
1442,466,41,2,2200,19
1443,467,5,1,3900,16
1444,467,7,2,95,16
1445,467,1,2,18500,16
1446,468,72,1,540,1
1447,468,74,3,330,1
1448,469,9,1,1280,23
1449,469,37,3,7400,23
1450,470,48,1,126,6
1451,470,52,2,920,6
1452,470,30,2,1320,6
1453,470,25,3,920,6
1454,471,66,3,3200,23
1455,471,49,1,88,23
1456,472,11,3,1180,
1457,472,28,2,680,
1458,472,79,2,6800,
1459,473,30,1,1320,3
1460,473,79,2,6800,3
1461,473,17,2,14800,3
1462,474,35,3,860,25
1463,475,30,1,1320,20
1464,476,49,1,88,28
1465,476,42,3,480,28
1466,476,63,1,1480,28
1467,476,3,2,26400,28
1468,476,44,1,1400,28
1469,477,68,2,780,7
1470,477,70,1,1180,7
1471,477,32,3,1180,7
1472,477,58,2,1180,7
1473,477,29,1,340,7
1474,478,13,1,760,14
1475,478,52,1,920,14
1476,478,37,2,7400,14
1477,478,1,1,18500,14
1478,478,22,3,640,14
1479,479,22,1,640,12
1480,479,25,1,920,12
1481,479,24,2,8800,12
1482,479,29,1,340,12
1483,480,71,3,2100,
1484,480,26,3,2400,
1485,480,57,2,7600,
1486,480,32,3,1180,
1487,480,35,2,860,
1488,481,11,2,1180,7
1489,481,49,1,88,7
1490,481,45,2,58,7
1491,482,2,1,14200,21
1492,482,30,1,1320,21
1493,482,66,3,3200,21
1494,482,20,3,1850,21
1495,482,56,3,5600,21
1496,483,77,3,12600,12
1497,483,2,1,14200,12
1498,483,38,3,2850,12
1499,483,2,3,14200,12
1500,483,69,2,1450,12
1501,484,4,2,11800,16
1502,485,32,3,1180,21
1503,486,17,1,14800,23
1504,486,44,2,1400,23
1505,486,9,2,1280,23
1506,486,35,2,860,23
1507,487,5,3,3900,5
1508,488,31,1,3100,
1509,488,17,1,14800,
1510,488,56,2,5600,
1511,488,8,2,210,
1512,489,79,1,6800,25
1513,489,74,1,330,25
1514,489,21,1,33400,25
1515,490,79,1,6800,29
1516,490,51,3,340,29
1517,491,41,2,2200,16
1518,492,50,1,240,11
1519,493,37,1,7400,7
1520,493,47,3,72,7
1521,493,47,2,72,7
1522,493,42,2,480,7
1523,494,64,3,260,26
1524,494,34,1,2450,26
1525,494,32,1,1180,26
1526,495,18,3,21400,25
1527,495,6,3,720,25
1528,495,7,3,95,25
1529,495,21,3,33400,25
1530,496,40,1,520,
1531,496,17,2,14800,
1532,496,60,1,1750,
1533,496,43,3,620,
1534,496,51,1,340,
1535,497,74,3,330,8
1536,497,44,2,1400,8
1537,497,2,2,14200,8
1538,498,7,3,95,2
1539,498,69,2,1450,2
1540,498,2,1,14200,2
1541,499,41,2,2200,27
1542,499,57,3,7600,27
1543,500,41,2,2200,2
1544,500,2,3,14200,2
1545,501,44,3,1400,16
1546,501,66,2,3200,16
1547,502,25,3,920,22
1548,502,43,2,620,22
1549,503,25,3,920,20
1550,503,9,3,1280,20
1551,503,68,2,780,20
1552,504,29,1,340,
1553,504,67,1,540,
1554,504,73,2,680,
1555,504,71,1,2100,
1556,505,43,3,620,25
1557,505,56,2,5600,25
1558,505,68,2,780,25
1559,505,15,2,540,25
1560,505,10,3,860,25
1561,506,77,2,12600,23
1562,506,73,2,680,23
1563,506,49,2,88,23
1564,507,28,2,680,20
1565,507,11,1,1180,20
1566,507,63,1,1480,20
1567,507,4,2,11800,20
1568,507,24,1,8800,20
1569,508,61,1,390,13
1570,509,77,2,12600,15
1571,510,24,3,8800,2
1572,510,55,2,780,2
1573,511,33,3,420,23
1574,511,60,1,1750,23
1575,511,63,2,1480,23
1576,512,50,1,240,
1577,512,4,3,11800,
1578,512,58,2,1180,
1579,512,30,2,1320,
1580,513,42,3,480,11
1581,513,15,2,540,11
1582,513,71,3,2100,11
1583,513,28,2,680,11
1584,514,57,1,7600,29
1585,514,8,3,210,29
1586,515,60,1,1750,25
1587,516,51,2,340,14
1588,517,39,3,1950,18
1589,518,20,3,1850,21
1590,518,19,2,4200,21
1591,518,67,3,540,21
1592,518,58,2,1180,21
1593,518,23,1,1280,21
1594,519,38,2,2850,16
1595,519,73,3,680,16
1596,519,44,2,1400,16
1597,519,28,3,680,16
1598,519,41,2,2200,16
1599,520,51,1,340,
1600,520,52,1,920,
1601,520,41,2,2200,
1602,520,76,1,9200,
1603,521,5,3,3900,14
1604,521,64,3,260,14
1605,522,20,2,1850,6
1606,522,18,1,21400,6
1607,522,64,2,260,6
1608,523,23,1,1280,29
1609,524,52,1,920,4
1610,524,67,2,540,4
1611,524,68,3,780,4
1612,524,60,3,1750,4
1613,524,14,2,1450,4
1614,525,10,3,860,17
1615,526,13,2,760,24
1616,526,39,2,1950,24
1617,527,20,2,1850,11
1618,527,7,2,95,11
1619,528,51,1,340,
1620,528,60,3,1750,
1621,528,54,3,260,
1622,529,4,2,11800,7
1623,529,72,2,540,7
1624,529,58,3,1180,7
1625,530,69,3,1450,3
1626,530,25,2,920,3
1627,530,11,3,1180,3
1628,531,79,2,6800,15
1629,532,59,2,9400,12
1630,532,22,3,640,12
1631,532,25,3,920,12
1632,532,49,2,88,12
1633,533,71,3,2100,19
1634,533,43,2,620,19
1635,533,31,1,3100,19
1636,533,63,2,1480,19
1637,534,16,2,52000,26
1638,534,37,1,7400,26
1639,534,17,3,14800,26
1640,535,74,1,330,8
1641,536,15,2,540,
1642,536,28,1,680,
1643,536,32,3,1180,
1644,536,28,1,680,
1645,537,38,3,2850,28
1646,537,59,1,9400,28
1647,537,36,1,6200,28
1648,538,39,2,1950,14
1649,539,54,1,260,11
1650,539,68,3,780,11
1651,539,59,1,9400,11
1652,540,60,3,1750,22
1653,540,2,2,14200,22
1654,540,4,3,11800,22
1655,541,36,3,6200,20
1656,541,53,3,8200,20
1657,541,54,3,260,20
1658,542,32,1,1180,12
1659,542,50,3,240,12
1660,542,51,1,340,12
1661,543,52,3,920,13
1662,543,77,3,12600,13
1663,543,51,2,340,13
1664,543,26,2,2400,13
1665,544,21,3,33400,
1666,544,53,3,8200,
1667,545,48,3,126,16
1668,545,71,1,2100,16
1669,545,15,2,540,16
1670,546,72,3,540,28
1671,546,9,2,1280,28
1672,546,5,1,3900,28
1673,546,33,3,420,28
1674,546,19,3,4200,28
1675,547,32,1,1180,6
1676,547,54,1,260,6
1677,548,51,3,340,19
1678,548,8,3,210,19
1679,548,53,3,8200,19
1680,548,75,2,1180,19
1681,549,48,2,126,24
1682,549,71,2,2100,24
1683,550,7,1,95,4
1684,550,11,3,1180,4
1685,551,32,1,1180,21
1686,551,62,1,520,21
1687,551,8,2,210,21
1688,551,9,2,1280,21
1689,552,29,3,340,
1690,553,49,3,88,8
1691,553,47,2,72,8
1692,553,39,2,1950,8
1693,553,79,2,6800,8
1694,553,14,2,1450,8
1695,554,25,1,920,12
1696,555,54,1,260,15
1697,555,2,3,14200,15
1698,556,53,2,8200,18
1699,557,10,3,860,10
1700,557,79,1,6800,10
1701,557,55,1,780,10
1702,557,23,3,1280,10
1703,558,5,1,3900,18
1704,558,52,3,920,18
1705,558,12,2,3250,18
1706,558,27,3,8700,18
1707,558,23,1,1280,18
1708,559,12,1,3250,10
1709,559,2,3,14200,10
1710,559,33,1,420,10
1711,559,9,1,1280,10
1712,560,50,1,240,
1713,560,58,2,1180,
1714,560,77,1,12600,
1715,560,16,2,52000,
1716,561,49,3,88,28
1717,561,58,1,1180,28
1718,561,50,3,240,28
1719,562,2,1,14200,1
1720,562,29,1,340,1
1721,563,76,2,9200,9
1722,563,2,3,14200,9
1723,563,3,3,26400,9
1724,563,13,2,760,9
1725,564,18,2,21400,10
1726,564,69,1,1450,10
1727,564,72,2,540,10
1728,564,18,2,21400,10
1729,565,68,2,780,19
1730,565,42,2,480,19
1731,565,58,2,1180,19
1732,565,56,3,5600,19
1733,566,14,3,1450,15
1734,567,58,2,1180,3
1735,567,10,3,860,3
1736,567,67,1,540,3
1737,567,45,2,58,3
1738,568,67,3,540,
1739,568,67,2,540,
1740,568,44,1,1400,
1741,568,60,1,1750,
1742,569,69,1,1450,20
1743,569,48,2,126,20
1744,569,9,3,1280,20
1745,570,7,3,95,22
1746,571,66,1,3200,19
1747,571,73,3,680,19
1748,571,75,3,1180,19
1749,572,45,2,58,10
1750,572,46,1,185,10
1751,572,3,1,26400,10
1752,572,58,3,1180,10
1753,573,59,1,9400,22
1754,573,39,1,1950,22
1755,573,37,3,7400,22
1756,573,32,3,1180,22
1757,574,79,2,6800,19
1758,575,30,2,1320,9
1759,575,3,2,26400,9
1760,576,16,3,52000,
1761,576,61,3,390,
1762,576,23,1,1280,
1763,576,32,3,1180,
1764,577,59,2,9400,24
1765,577,9,3,1280,24
1766,577,12,2,3250,24
1767,577,7,2,95,24
1768,578,44,3,1400,15
1769,578,4,3,11800,15
1770,578,8,2,210,15
1771,579,33,3,420,20
1772,579,71,1,2100,20
1773,579,45,3,58,20
1774,579,35,1,860,20
1775,580,40,2,520,1
1776,581,64,1,260,19
1777,581,39,1,1950,19
1778,581,37,2,7400,19
1779,582,70,3,1180,28
1780,582,21,1,33400,28
1781,582,78,3,215,28
1782,582,55,2,780,28
1783,583,4,3,11800,23
1784,583,13,2,760,23
1785,583,73,3,680,23
1786,584,68,3,780,
1787,584,2,2,14200,
1788,584,27,2,8700,
1789,585,73,1,680,12
1790,585,55,1,780,12
1791,585,67,1,540,12
1792,586,29,3,340,25
1793,587,44,1,1400,11
1794,587,53,2,8200,11
1795,587,1,1,18500,11
1796,587,4,1,11800,11
1797,588,42,3,480,7
1798,588,67,3,540,7
1799,589,28,3,680,2
1800,589,68,1,780,2
1801,589,33,1,420,2
1802,589,62,2,520,2
1803,589,42,3,480,2
1804,590,55,3,780,12
1805,590,77,2,12600,12
1806,590,50,3,240,12
1807,590,5,3,3900,12
1808,590,27,2,8700,12
1809,591,67,3,540,19
1810,591,48,1,126,19
1811,591,58,3,1180,19
1812,591,58,3,1180,19
1813,592,78,3,215,
1814,592,72,3,540,
1815,592,59,2,9400,
1816,592,18,2,21400,
1817,593,67,3,540,20
1818,594,64,1,260,18
1819,594,39,3,1950,18
1820,595,30,2,1320,1
1821,595,41,2,2200,1
1822,595,40,1,520,1
1823,595,56,3,5600,1
1824,595,30,2,1320,1
1825,596,12,1,3250,6
1826,597,28,2,680,1
1827,598,12,1,3250,14
1828,599,40,3,520,27
1829,599,34,1,2450,27
1830,599,40,3,520,27
1831,600,2,2,14200,
1832,600,44,1,1400,
1833,600,39,3,1950,
1834,600,3,3,26400,
1835,600,79,3,6800,
1836,601,43,2,620,18
1837,601,21,3,33400,18
1838,601,30,2,1320,18
1839,601,67,3,540,18
1840,602,23,1,1280,10
1841,602,7,3,95,10
1842,603,9,3,1280,7
1843,603,66,3,3200,7
1844,603,43,3,620,7
1845,604,57,2,7600,11
1846,604,68,1,780,11
1847,605,39,2,1950,9
1848,605,54,2,260,9
1849,605,21,3,33400,9
1850,606,11,2,1180,2
1851,606,38,3,2850,2
1852,607,2,2,14200,8
1853,608,4,1,11800,
1854,608,25,2,920,
1855,608,29,1,340,
1856,608,33,3,420,
1857,608,57,1,7600,
1858,609,42,2,480,5
1859,609,7,3,95,5
1860,609,65,1,640,5
1861,609,60,3,1750,5
1862,609,74,3,330,5
1863,610,29,2,340,18
1864,610,53,1,8200,18
1865,610,33,3,420,18
1866,611,54,1,260,17
1867,611,26,3,2400,17
1868,611,20,2,1850,17
1869,611,62,2,520,17
1870,612,69,1,1450,15
1871,613,34,3,2450,26
1872,614,13,1,760,23
1873,615,36,1,6200,9
1874,615,47,3,72,9
1875,615,64,2,260,9
1876,616,50,1,240,
1877,616,1,1,18500,
1878,616,5,1,3900,
1879,616,32,1,1180,
1880,617,42,1,480,30
1881,617,17,2,14800,30
1882,617,34,2,2450,30
1883,617,55,3,780,30
1884,617,61,3,390,30
1885,618,74,3,330,2
1886,619,43,3,620,3
1887,619,4,1,11800,3
1888,619,74,1,330,3
1889,619,13,3,760,3
1890,619,57,2,7600,3
1891,620,8,3,210,11
1892,620,69,1,1450,11
1893,620,2,2,14200,11
1894,620,48,2,126,11
1895,620,77,3,12600,11
1896,621,4,1,11800,29
1897,621,44,1,1400,29
1898,621,19,2,4200,29
1899,621,65,3,640,29
1900,622,61,1,390,20
1901,622,10,2,860,20
1902,622,9,3,1280,20
1903,622,61,1,390,20
1904,622,20,3,1850,20
1905,623,51,1,340,21
1906,623,63,1,1480,21
1907,623,31,3,3100,21
1908,623,14,1,1450,21
1909,624,1,3,18500,
1910,624,38,1,2850,
1911,624,36,1,6200,
1912,624,31,1,3100,
1913,625,56,1,5600,16
1914,625,44,1,1400,16
1915,625,40,2,520,16
1916,625,22,1,640,16
1917,625,55,3,780,16
1918,626,11,3,1180,13
1919,626,76,1,9200,13
1920,626,69,2,1450,13
1921,627,22,1,640,19
1922,627,9,3,1280,19
1923,628,32,2,1180,15
1924,628,43,2,620,15
1925,628,39,1,1950,15
1926,628,12,1,3250,15
1927,629,43,1,620,24
1928,630,71,3,2100,27
1929,630,75,1,1180,27
1930,631,70,1,1180,7
1931,631,2,3,14200,7
1932,631,44,1,1400,7
1933,632,76,3,9200,
1934,632,37,1,7400,
1935,632,38,3,2850,
1936,633,61,2,390,15
1937,633,31,1,3100,15
1938,633,53,3,8200,15
1939,633,31,2,3100,15
1940,633,59,3,9400,15
1941,634,59,1,9400,20
1942,634,15,3,540,20
1943,634,72,3,540,20
1944,634,25,1,920,20
1945,634,4,3,11800,20
1946,635,36,1,6200,24
1947,635,67,1,540,24
1948,635,58,3,1180,24
1949,636,20,3,1850,20
1950,636,71,2,2100,20
1951,636,18,2,21400,20
1952,636,7,1,95,20
1953,637,55,3,780,6
1954,637,32,2,1180,6
1955,637,43,1,620,6
1956,638,2,3,14200,14
1957,639,13,2,760,13
1958,639,61,1,390,13
1959,639,20,2,1850,13
1960,640,49,1,88,
1961,640,10,3,860,
1962,640,1,2,18500,
1963,641,31,3,3100,10
1964,641,6,1,720,10
1965,641,10,3,860,10
1966,641,10,2,860,10
1967,642,54,1,260,26
1968,642,18,1,21400,26
1969,643,78,2,215,23
1970,643,29,1,340,23
1971,644,77,2,12600,30
1972,644,18,3,21400,30
1973,644,9,2,1280,30
1974,645,31,2,3100,4
1975,645,61,2,390,4
1976,645,50,2,240,4
1977,645,33,3,420,4
1978,645,13,1,760,4
1979,646,28,3,680,16
1980,646,25,2,920,16
1981,647,48,1,126,19
1982,647,70,3,1180,19
1983,647,51,2,340,19
1984,647,14,3,1450,19
1985,647,20,3,1850,19
1986,648,54,3,260,
1987,648,34,3,2450,
1988,648,51,1,340,
1989,648,22,1,640,
1990,649,46,1,185,14
1991,650,13,1,760,19
1992,650,64,2,260,19
1993,650,77,1,12600,19
1994,650,56,1,5600,19
1995,650,45,3,58,19
1996,651,18,3,21400,20
1997,652,31,1,3100,6
1998,653,61,1,390,8
1999,653,10,2,860,8
2000,654,76,1,9200,17
2001,654,6,2,720,17
2002,654,2,3,14200,17
2003,654,65,2,640,17
2004,654,47,2,72,17
2005,655,35,3,860,16
2006,656,45,2,58,
2007,656,24,2,8800,
2008,656,18,1,21400,
2009,656,26,1,2400,
2010,656,62,3,520,
2011,657,12,2,3250,19
2012,657,19,3,4200,19
2013,658,77,1,12600,8
2014,658,30,2,1320,8
2015,658,15,3,540,8
2016,658,72,3,540,8
2017,658,47,3,72,8
2018,659,33,2,420,9
2019,659,75,3,1180,9
2020,659,27,2,8700,9
2021,659,33,1,420,9
2022,659,16,3,52000,9
2023,660,72,1,540,21
2024,661,16,3,52000,1
2025,661,56,2,5600,1
2026,661,31,2,3100,1
2027,662,77,1,12600,4
2028,662,62,1,520,4
2029,663,79,2,6800,3
2030,663,30,1,1320,3
2031,663,46,3,185,3
2032,663,21,2,33400,3
2033,664,23,3,1280,
2034,665,51,1,340,19
2035,665,51,2,340,19
2036,666,75,2,1180,28
2037,666,16,1,52000,28
2038,666,7,3,95,28
2039,666,6,2,720,28
2040,666,12,1,3250,28
2041,667,33,3,420,24
2042,668,40,3,520,14
2043,668,76,2,9200,14
2044,668,30,3,1320,14
2045,668,53,1,8200,14
2046,669,27,1,8700,10
2047,670,7,1,95,14
2048,670,14,2,1450,14
2049,670,62,2,520,14
2050,670,75,1,1180,14
2051,670,58,3,1180,14
2052,671,54,1,260,28
2053,671,67,1,540,28
2054,671,68,3,780,28
2055,671,60,2,1750,28
2056,671,12,2,3250,28
2057,672,51,2,340,
2058,672,71,1,2100,
2059,672,76,1,9200,
2060,673,17,3,14800,24
2061,673,32,1,1180,24
2062,674,39,2,1950,3
2063,674,51,1,340,3
2064,674,58,1,1180,3
2065,675,4,3,11800,22
2066,675,62,1,520,22
2067,676,19,1,4200,6
2068,676,41,2,2200,6
2069,677,54,2,260,4
2070,677,36,3,6200,4
2071,677,69,2,1450,4
2072,678,78,3,215,3
2073,678,20,1,1850,3
2074,678,42,2,480,3
2075,678,71,3,2100,3
2076,678,14,1,1450,3
2077,679,60,1,1750,11
2078,680,61,2,390,
2079,680,24,3,8800,
2080,680,60,1,1750,
2081,680,20,3,1850,
2082,680,45,2,58,
2083,681,23,1,1280,16
2084,682,7,1,95,2
2085,683,57,1,7600,16
2086,683,63,2,1480,16
2087,683,49,2,88,16
2088,683,38,2,2850,16
2089,684,21,3,33400,9
2090,685,14,1,1450,2
2091,686,68,2,780,22
2092,687,68,3,780,7
2093,687,40,1,520,7
2094,687,51,3,340,7
2095,687,19,1,4200,7
2096,687,21,3,33400,7
2097,688,41,3,2200,
2098,689,38,1,2850,22
2099,689,50,3,240,22
2100,689,72,2,540,22
2101,690,15,2,540,12
2102,690,40,1,520,12
2103,690,52,3,920,12
2104,690,29,2,340,12
2105,691,14,2,1450,13
2106,691,52,2,920,13
2107,691,46,3,185,13
2108,691,48,1,126,13
2109,692,8,2,210,12
2110,692,42,2,480,12
2111,692,11,1,1180,12
2112,692,63,1,1480,12
2113,692,43,3,620,12
2114,693,73,1,680,25
2115,693,60,3,1750,25
2116,693,61,1,390,25
2117,693,20,2,1850,25
2118,694,4,3,11800,12
2119,694,4,2,11800,12
2120,694,34,3,2450,12
2121,695,30,3,1320,17
2122,695,1,2,18500,17
2123,695,50,1,240,17
2124,695,7,3,95,17
2125,696,66,1,3200,
2126,696,33,3,420,
2127,697,62,2,520,20
2128,697,37,3,7400,20
2129,697,5,2,3900,20
2130,697,7,2,95,20
2131,697,18,3,21400,20
2132,698,21,1,33400,6
2133,698,51,3,340,6
2134,698,37,3,7400,6
2135,698,8,2,210,6
2136,699,7,3,95,26
2137,700,57,3,7600,29
2138,700,74,1,330,29
2139,700,78,1,215,29
2140,700,8,3,210,29
2141,701,10,3,860,28
2142,701,42,3,480,28
2143,701,79,2,6800,28
2144,702,25,3,920,6
2145,702,46,1,185,6
2146,703,58,2,1180,14
2147,703,65,2,640,14
2148,704,71,1,2100,
2149,704,33,1,420,
2150,704,34,3,2450,
2151,705,23,3,1280,8
2152,705,62,1,520,8
2153,705,28,2,680,8
2154,706,62,3,520,26
2155,706,37,2,7400,26
2156,706,66,1,3200,26
2157,706,17,2,14800,26
2158,707,25,2,920,29
2159,707,65,3,640,29
2160,707,35,1,860,29
2161,708,45,1,58,22
2162,709,58,2,1180,9
2163,710,66,1,3200,9
2164,710,11,3,1180,9
2165,711,75,2,1180,9
2166,711,53,1,8200,9
2167,711,1,2,18500,9
2168,712,32,1,1180,
2169,712,41,3,2200,
2170,712,12,2,3250,
2171,712,6,2,720,
2172,713,49,2,88,28
2173,713,39,1,1950,28
2174,713,22,2,640,28
2175,713,71,3,2100,28
2176,714,52,2,920,12
2177,714,35,1,860,12
2178,714,53,2,8200,12
2179,714,29,3,340,12
2180,715,2,2,14200,26
2181,715,22,3,640,26
2182,715,66,2,3200,26
2183,715,46,3,185,26
2184,716,3,2,26400,14
2185,716,28,2,680,14
2186,717,71,1,2100,5
2187,717,36,1,6200,5
2188,718,33,3,420,15
2189,718,31,2,3100,15
2190,718,53,2,8200,15
2191,718,55,1,780,15
2192,719,34,1,2450,29
2193,719,66,3,3200,29
2194,719,45,3,58,29
2195,719,58,2,1180,29
2196,719,46,2,185,29
2197,720,59,2,9400,
2198,720,6,2,720,
2199,721,73,1,680,10
2200,721,70,1,1180,10
2201,721,60,1,1750,10
2202,721,48,3,126,10
2203,722,26,2,2400,3
2204,723,13,1,760,1
2205,723,36,2,6200,1
2206,723,73,2,680,1
2207,724,72,3,540,25
2208,725,39,2,1950,21
2209,726,57,2,7600,11
2210,726,8,1,210,11
2211,726,38,2,2850,11
2212,727,28,3,680,10
2213,727,32,3,1180,10
2214,727,7,1,95,10
2215,727,24,2,8800,10
2216,727,70,1,1180,10
2217,728,6,2,720,
2218,728,32,2,1180,
2219,728,14,3,1450,
2220,729,44,2,1400,25
2221,729,73,1,680,25
2222,730,77,3,12600,17
2223,730,16,1,52000,17
2224,730,32,3,1180,17
2225,730,24,3,8800,17
2226,731,50,2,240,19
2227,731,64,3,260,19
2228,731,25,1,920,19
2229,731,70,1,1180,19
2230,731,14,3,1450,19
2231,732,74,2,330,27
2232,733,36,2,6200,4
2233,734,22,2,640,23
2234,735,79,3,6800,4
2235,735,29,3,340,4
2236,735,50,1,240,4
2237,735,29,3,340,4
2238,735,19,3,4200,4
2239,736,57,1,7600,
2240,736,70,3,1180,
2241,737,77,2,12600,19
2242,737,34,3,2450,19
2243,737,27,2,8700,19
2244,737,52,2,920,19
2245,738,65,2,640,29
2246,738,29,1,340,29
2247,738,78,3,215,29
2248,738,65,2,640,29
2249,739,57,2,7600,13
2250,739,7,1,95,13
2251,739,10,3,860,13
2252,740,13,3,760,4
2253,741,55,3,780,23
2254,742,24,1,8800,17
2255,743,39,2,1950,26
2256,743,27,3,8700,26
2257,743,65,2,640,26
2258,743,45,1,58,26
2259,744,63,1,1480,
2260,745,10,2,860,30
2261,745,72,3,540,30
2262,746,39,1,1950,8
2263,747,42,2,480,7
2264,747,45,1,58,7
2265,748,69,2,1450,27
2266,749,13,2,760,24
2267,749,47,3,72,24
2268,749,34,1,2450,24
2269,750,24,3,8800,16
2270,750,38,1,2850,16
2271,751,16,3,52000,1
2272,751,65,3,640,1
2273,751,71,3,2100,1
2274,752,5,3,3900,
2275,752,78,2,215,
2276,753,77,3,12600,18
2277,753,23,2,1280,18
2278,754,32,1,1180,29
2279,754,22,2,640,29
2280,754,39,3,1950,29
2281,754,26,1,2400,29
2282,755,66,2,3200,23
2283,755,29,3,340,23
2284,755,51,1,340,23
2285,755,44,2,1400,23
2286,755,56,3,5600,23
2287,756,8,2,210,2
2288,756,55,3,780,2
2289,757,6,3,720,22
2290,757,62,3,520,22
2291,757,76,3,9200,22
2292,757,62,1,520,22
2293,758,23,1,1280,1
2294,758,36,1,6200,1
2295,758,14,1,1450,1
2296,759,30,3,1320,1
2297,760,76,2,9200,
2298,761,29,1,340,22
2299,761,67,3,540,22
2300,761,61,1,390,22
2301,761,58,1,1180,22
2302,762,72,2,540,29
2303,762,35,2,860,29
2304,762,7,2,95,29
2305,762,53,1,8200,29
2306,762,6,1,720,29
2307,763,19,3,4200,2
2308,763,36,2,6200,2
2309,763,56,2,5600,2
2310,763,44,2,1400,2
2311,763,77,1,12600,2
2312,764,34,2,2450,8
2313,764,49,2,88,8
2314,764,25,1,920,8
2315,764,7,2,95,8
2316,764,1,3,18500,8
2317,765,3,3,26400,14
2318,765,16,1,52000,14
2319,766,23,2,1280,29
2320,766,52,1,920,29
2321,766,51,2,340,29
2322,766,71,3,2100,29
2323,767,52,3,920,22
2324,767,76,2,9200,22
2325,768,33,1,420,
2326,768,4,3,11800,
2327,768,22,2,640,
2328,768,31,3,3100,
2329,768,3,1,26400,
2330,769,67,3,540,14
2331,769,28,2,680,14
2332,769,43,3,620,14
2333,770,62,2,520,21
2334,770,67,2,540,21
2335,771,8,2,210,27
2336,771,23,2,1280,27
2337,772,75,1,1180,17
2338,772,67,3,540,17
2339,772,1,3,18500,17
2340,772,71,2,2100,17
2341,773,4,3,11800,14
2342,773,41,3,2200,14
2343,774,71,2,2100,3
2344,774,62,1,520,3
2345,774,4,1,11800,3
2346,775,36,3,6200,12
2347,776,58,1,1180,
2348,776,8,2,210,
2349,776,44,2,1400,
2350,776,78,2,215,
2351,777,27,1,8700,14
2352,777,45,2,58,14
2353,777,49,3,88,14
2354,777,13,1,760,14
2355,777,40,1,520,14
2356,778,75,1,1180,23
2357,778,20,2,1850,23
2358,779,47,3,72,22
2359,779,62,2,520,22
2360,780,43,3,620,26
2361,780,14,3,1450,26
2362,781,13,1,760,16
2363,781,72,1,540,16
2364,781,62,1,520,16
2365,782,10,3,860,5
2366,783,62,1,520,16
2367,784,35,2,860,
2368,784,64,3,260,
2369,784,21,1,33400,
2370,784,57,2,7600,
2371,785,70,3,1180,13
2372,785,59,1,9400,13
2373,786,23,3,1280,1
2374,786,22,1,640,1
2375,786,2,3,14200,1
2376,786,19,3,4200,1
2377,786,2,1,14200,1
2378,787,8,3,210,4
2379,787,35,1,860,4
2380,788,49,2,88,14
2381,788,67,3,540,14
2382,788,18,2,21400,14
2383,788,51,3,340,14
2384,788,66,3,3200,14
2385,789,43,2,620,20
2386,790,44,3,1400,30
2387,790,45,3,58,30
2388,790,68,2,780,30
2389,791,58,1,1180,25
2390,791,8,3,210,25
2391,791,45,1,58,25
2392,792,51,3,340,
2393,792,72,1,540,
2394,792,2,1,14200,
2395,793,25,2,920,6
2396,794,35,1,860,28
2397,794,69,1,1450,28
2398,795,36,2,6200,3
2399,795,54,3,260,3
2400,795,29,2,340,3
2401,795,19,2,4200,3
2402,795,25,3,920,3
2403,796,50,1,240,21
2404,796,31,3,3100,21
2405,796,26,2,2400,21
2406,796,15,2,540,21
2407,797,68,2,780,24
2408,797,13,3,760,24
2409,797,69,3,1450,24
2410,798,7,3,95,9
2411,798,72,3,540,9
2412,798,1,1,18500,9
2413,798,30,2,1320,9
2414,799,40,3,520,12
2415,799,19,2,4200,12
2416,799,73,3,680,12
2417,799,75,1,1180,12
2418,800,56,2,5600,
2419,800,22,2,640,
2420,800,26,2,2400,
2421,801,40,1,520,5
2422,801,17,1,14800,5
2423,801,74,3,330,5
2424,801,53,3,8200,5
2425,802,52,1,920,14
2426,803,41,3,2200,26
2427,803,13,2,760,26
2428,803,14,1,1450,26
2429,804,7,2,95,10
2430,804,21,2,33400,10
2431,804,19,3,4200,10
2432,805,18,3,21400,16
2433,805,10,2,860,16
2434,805,28,3,680,16
2435,805,26,2,2400,16
2436,806,66,1,3200,26
2437,806,27,1,8700,26
2438,806,4,3,11800,26
2439,806,64,2,260,26
2440,806,47,1,72,26
2441,807,43,2,620,5
2442,807,45,1,58,5
2443,808,62,1,520,
2444,808,5,2,3900,
2445,809,13,2,760,22
2446,810,69,2,1450,28
2447,810,13,1,760,28
2448,810,53,3,8200,28
2449,811,9,3,1280,26
2450,811,62,1,520,26
2451,811,69,2,1450,26
2452,811,63,1,1480,26
2453,812,33,3,420,12
2454,813,68,3,780,3
2455,813,25,3,920,3
2456,813,28,2,680,3
2457,813,56,1,5600,3
2458,813,20,3,1850,3
2459,814,23,2,1280,27
2460,815,32,3,1180,10
2461,815,43,2,620,10
2462,816,29,1,340,
2463,817,35,2,860,13
2464,817,10,2,860,13
2465,818,49,1,88,5
2466,819,9,2,1280,4
2467,819,74,3,330,4
2468,819,54,2,260,4
2469,820,14,1,1450,10
2470,820,29,3,340,10
2471,820,79,2,6800,10
2472,821,29,1,340,22
2473,821,63,3,1480,22
2474,821,35,3,860,22
2475,821,46,3,185,22
2476,822,8,3,210,13
2477,823,18,3,21400,12
2478,823,8,1,210,12
2479,823,50,3,240,12
2480,823,32,2,1180,12
2481,824,27,1,8700,
2482,824,72,3,540,
2483,825,76,2,9200,20
2484,825,19,3,4200,20
2485,826,34,3,2450,8
2486,827,31,3,3100,18
2487,827,35,1,860,18
2488,827,18,3,21400,18
2489,827,73,3,680,18
2490,828,46,2,185,10
2491,828,61,1,390,10
2492,828,42,2,480,10
2493,828,75,3,1180,10
2494,829,9,3,1280,20
2495,830,28,1,680,9
2496,830,7,3,95,9
2497,830,67,2,540,9
2498,830,63,2,1480,9
2499,831,22,1,640,24
2500,831,33,3,420,24
2501,831,40,3,520,24
2502,831,65,2,640,24
2503,831,39,1,1950,24
2504,832,36,1,6200,
2505,832,15,1,540,
2506,832,5,2,3900,
2507,832,63,1,1480,
2508,833,45,3,58,1
2509,833,67,3,540,1
2510,833,72,2,540,1
2511,833,27,2,8700,1
2512,834,77,3,12600,9
2513,834,26,2,2400,9
2514,835,68,1,780,1
2515,835,48,3,126,1
2516,835,48,3,126,1
2517,836,57,2,7600,14
2518,837,39,2,1950,11
2519,838,33,1,420,1
2520,838,52,1,920,1
2521,838,61,1,390,1
2522,838,76,2,9200,1
2523,838,34,3,2450,1
2524,839,74,1,330,29
2525,840,25,1,920,
2526,840,11,3,1180,
2527,840,68,3,780,
2528,841,32,1,1180,10
2529,841,76,1,9200,10
2530,841,15,2,540,10
2531,841,77,1,12600,10
2532,841,59,1,9400,10
2533,842,7,2,95,6
2534,842,7,2,95,6
2535,842,23,3,1280,6
2536,842,31,2,3100,6
2537,842,29,3,340,6
2538,843,72,2,540,6
2539,843,44,3,1400,6
2540,843,45,3,58,6
2541,844,29,1,340,8
2542,844,62,2,520,8
2543,844,25,1,920,8
2544,844,45,1,58,8
2545,845,25,2,920,20
2546,845,32,2,1180,20
2547,845,29,3,340,20
2548,845,50,2,240,20
2549,846,47,1,72,23
2550,847,17,3,14800,4
2551,847,62,1,520,4
2552,847,58,3,1180,4
2553,847,33,3,420,4
2554,847,72,2,540,4
2555,848,58,1,1180,
2556,848,53,3,8200,
2557,848,39,1,1950,
2558,848,59,2,9400,
2559,848,30,2,1320,
2560,849,79,3,6800,17
2561,849,55,2,780,17
2562,850,39,2,1950,27
2563,850,18,3,21400,27
2564,850,68,1,780,27
2565,851,40,1,520,22
2566,851,59,1,9400,22
2567,851,30,1,1320,22
2568,851,78,2,215,22
2569,851,15,2,540,22
2570,852,25,1,920,9
2571,853,53,1,8200,5
2572,853,14,2,1450,5
2573,854,21,3,33400,29
2574,855,55,2,780,1
2575,856,52,2,920,
2576,856,16,3,52000,
2577,857,18,3,21400,3
2578,857,20,1,1850,3
2579,858,55,2,780,9
2580,858,70,2,1180,9
2581,858,46,3,185,9
2582,858,33,1,420,9
2583,858,42,2,480,9
2584,859,19,1,4200,6
2585,859,13,3,760,6
2586,860,60,1,1750,24
2587,861,70,1,1180,22
2588,862,5,2,3900,28
2589,863,47,1,72,7
2590,864,58,3,1180,
2591,864,16,3,52000,
2592,864,21,1,33400,
2593,864,79,1,6800,
2594,864,17,1,14800,
2595,865,55,3,780,26
2596,865,11,3,1180,26
2597,865,51,3,340,26
2598,865,65,3,640,26
2599,866,55,2,780,16
2600,866,43,2,620,16
2601,866,26,1,2400,16
2602,867,41,2,2200,25
2603,867,49,3,88,25
2604,867,63,2,1480,25
2605,868,56,1,5600,28
2606,868,3,2,26400,28
2607,868,36,3,6200,28
2608,869,5,1,3900,22
2609,869,5,2,3900,22
2610,869,6,3,720,22
2611,869,5,1,3900,22
2612,869,67,1,540,22
2613,870,39,3,1950,14
2614,870,48,2,126,14
2615,870,44,2,1400,14
2616,870,40,3,520,14
2617,871,27,2,8700,18
2618,871,34,2,2450,18
2619,871,45,3,58,18
2620,872,57,3,7600,
2621,872,3,3,26400,
2622,872,56,2,5600,
2623,872,76,3,9200,
2624,873,23,1,1280,16
2625,873,65,1,640,16
2626,874,54,1,260,13
2627,874,5,2,3900,13
2628,874,15,1,540,13
2629,874,46,2,185,13
2630,875,23,1,1280,20
2631,875,50,3,240,20
2632,876,78,2,215,11
2633,876,61,1,390,11
2634,876,27,2,8700,11
2635,877,55,1,780,3
2636,878,55,2,780,18
2637,878,58,3,1180,18
2638,878,26,3,2400,18
2639,878,15,2,540,18
2640,878,10,3,860,18
2641,879,20,2,1850,20
2642,879,75,2,1180,20
2643,879,67,3,540,20
2644,879,28,1,680,20
2645,879,72,1,540,20
2646,880,8,2,210,
2647,881,69,2,1450,26
2648,881,65,1,640,26
2649,881,22,1,640,26
2650,881,46,2,185,26
2651,882,29,3,340,21
2652,882,4,2,11800,21
2653,882,32,3,1180,21
2654,883,41,2,2200,9
2655,883,47,2,72,9
2656,883,25,1,920,9
2657,883,57,2,7600,9
2658,884,32,2,1180,13
2659,884,71,2,2100,13
2660,884,49,2,88,13
2661,884,44,2,1400,13
2662,884,4,1,11800,13
2663,885,17,3,14800,4
2664,885,49,2,88,4
2665,885,54,2,260,4
2666,885,6,2,720,4
2667,885,7,3,95,4
2668,886,78,1,215,20
2669,887,74,3,330,15
2670,887,78,1,215,15
2671,888,21,1,33400,
2672,888,65,2,640,
2673,888,24,3,8800,
2674,889,66,2,3200,22
2675,889,13,3,760,22
2676,889,42,3,480,22
2677,889,1,2,18500,22
2678,890,57,2,7600,7
2679,891,28,1,680,18
2680,891,7,3,95,18
2681,892,65,3,640,9
2682,892,77,3,12600,9
2683,893,1,3,18500,23
2684,893,66,3,3200,23
2685,893,29,3,340,23
2686,893,34,3,2450,23
2687,894,53,3,8200,7
2688,894,65,3,640,7
2689,894,79,3,6800,7
2690,894,59,1,9400,7
2691,894,63,2,1480,7
2692,895,10,2,860,6
2693,896,35,2,860,
2694,896,21,3,33400,
2695,896,79,3,6800,
2696,896,46,3,185,
2697,897,6,1,720,20
2698,897,52,2,920,20
2699,897,57,3,7600,20
2700,898,4,1,11800,11
2701,898,45,1,58,11
2702,898,63,3,1480,11
2703,898,74,3,330,11
2704,899,49,2,88,19
2705,899,78,2,215,19
2706,899,54,1,260,19
2707,899,56,2,5600,19
2708,899,10,1,860,19
2709,900,46,3,185,28
2710,900,78,2,215,28
2711,900,73,3,680,28
2712,900,38,3,2850,28
2713,901,50,2,240,19
2714,901,52,1,920,19
2715,901,45,3,58,19
2716,901,38,1,2850,19
2717,902,64,2,260,29
2718,902,39,2,1950,29
2719,902,58,1,1180,29
2720,902,78,2,215,29
2721,903,43,1,620,24
2722,903,2,3,14200,24
2723,903,15,2,540,24
2724,903,48,2,126,24
2725,903,65,3,640,24
2726,904,29,2,340,
2727,904,49,3,88,
2728,904,52,1,920,
2729,905,79,1,6800,18
2730,905,62,3,520,18
2731,905,66,2,3200,18
2732,905,25,2,920,18
2733,906,79,1,6800,27
2734,906,32,1,1180,27
2735,907,75,2,1180,16
2736,907,73,2,680,16
2737,907,72,2,540,16
2738,907,60,1,1750,16
2739,908,74,2,330,9
2740,909,18,3,21400,15
2741,910,13,2,760,9
2742,910,36,2,6200,9
2743,910,10,3,860,9
2744,910,37,1,7400,9
2745,910,59,2,9400,9
2746,911,17,1,14800,4
2747,911,27,1,8700,4
2748,912,21,2,33400,
2749,913,8,2,210,28
2750,913,75,2,1180,28
2751,913,57,1,7600,28
2752,913,9,3,1280,28
2753,914,40,2,520,15
2754,915,77,1,12600,30
2755,915,23,2,1280,30
2756,915,10,3,860,30
2757,915,48,1,126,30
2758,916,14,2,1450,17
2759,916,77,1,12600,17
2760,917,79,3,6800,22
2761,917,18,3,21400,22
2762,917,8,1,210,22
2763,918,34,3,2450,4
2764,918,53,1,8200,4
2765,918,67,3,540,4
2766,918,18,3,21400,4
2767,919,10,3,860,4
2768,919,15,3,540,4
2769,919,2,3,14200,4
2770,919,37,2,7400,4
2771,919,28,2,680,4
2772,920,60,3,1750,
2773,920,71,1,2100,
2774,920,41,3,2200,
2775,920,75,1,1180,
2776,920,26,2,2400,
2777,921,5,2,3900,8
2778,921,76,1,9200,8
2779,921,75,1,1180,8
2780,921,41,2,2200,8
2781,922,41,3,2200,22
2782,922,36,3,6200,22
2783,922,12,1,3250,22
2784,922,65,3,640,22
2785,923,36,2,6200,28
2786,923,3,1,26400,28
2787,923,27,1,8700,28
2788,923,41,2,2200,28
2789,924,6,2,720,1
2790,924,22,3,640,1
2791,924,66,1,3200,1
2792,924,48,3,126,1
2793,925,46,3,185,28
2794,926,23,3,1280,10
2795,927,74,1,330,25
2796,927,33,3,420,25
2797,928,37,1,7400,
2798,928,11,2,1180,
2799,929,4,3,11800,4
2800,929,56,2,5600,4
2801,929,37,3,7400,4
2802,929,21,3,33400,4
2803,930,27,3,8700,14
2804,930,15,1,540,14
2805,931,42,1,480,30
2806,932,65,2,640,3
2807,933,46,1,185,25
2808,934,12,2,3250,14
2809,935,66,1,3200,10
2810,936,17,2,14800,
2811,936,48,1,126,
2812,936,75,1,1180,
2813,937,51,2,340,9
2814,937,55,1,780,9
2815,937,12,3,3250,9
2816,938,24,2,8800,3
2817,938,28,3,680,3
2818,938,57,3,7600,3
2819,938,13,3,760,3
2820,939,56,2,5600,1
2821,939,24,3,8800,1
2822,940,48,2,126,19
2823,940,44,3,1400,19
2824,940,12,3,3250,19
2825,941,24,1,8800,2
2826,941,75,3,1180,2
2827,941,31,1,3100,2
2828,941,47,3,72,2
2829,941,12,3,3250,2
2830,942,78,2,215,28
2831,942,42,2,480,28
2832,942,42,3,480,28
2833,943,29,2,340,17
2834,943,40,2,520,17
2835,943,23,2,1280,17
2836,943,66,2,3200,17
2837,944,62,2,520,
2838,944,71,2,2100,
2839,945,75,3,1180,26
2840,945,13,1,760,26
2841,945,72,1,540,26
2842,945,33,1,420,26
2843,946,74,3,330,10
2844,946,55,2,780,10
2845,947,32,1,1180,6
2846,947,25,1,920,6
2847,947,56,1,5600,6
2848,947,20,2,1850,6
2849,948,52,2,920,18
2850,948,42,2,480,18
2851,949,44,1,1400,9
2852,950,69,3,1450,2
2853,950,4,3,11800,2
2854,950,50,1,240,2
2855,950,39,1,1950,2
2856,951,45,3,58,20
2857,951,26,1,2400,20
2858,951,13,1,760,20
2859,951,10,2,860,20
2860,951,72,3,540,20
2861,952,60,3,1750,
2862,952,62,3,520,
2863,952,58,1,1180,
2864,952,20,3,1850,
2865,953,51,2,340,18
2866,953,35,2,860,18
2867,953,79,2,6800,18
2868,953,75,3,1180,18
2869,953,23,3,1280,18
2870,954,42,3,480,14
2871,955,72,1,540,27
2872,955,44,3,1400,27
2873,955,49,1,88,27
2874,956,3,3,26400,20
2875,956,40,3,520,20
2876,956,15,2,540,20
2877,957,2,1,14200,25
2878,957,62,2,520,25
2879,958,45,2,58,7
2880,958,62,1,520,7
2881,958,58,2,1180,7
2882,959,48,3,126,15
2883,959,15,2,540,15
2884,960,22,2,640,
2885,960,63,3,1480,
2886,960,51,1,340,
2887,960,21,3,33400,
2888,960,24,1,8800,
2889,961,64,1,260,1
2890,961,15,2,540,1
2891,961,48,1,126,1
2892,962,17,3,14800,22
2893,962,68,2,780,22
2894,962,3,1,26400,22
2895,963,17,2,14800,13
2896,963,38,1,2850,13
2897,964,29,2,340,20
2898,964,3,1,26400,20
2899,964,9,3,1280,20
2900,965,51,2,340,2
2901,965,30,1,1320,2
2902,965,65,3,640,2
2903,966,20,3,1850,19
2904,966,4,2,11800,19
2905,967,29,2,340,30
2906,967,22,2,640,30
2907,967,43,3,620,30
2908,967,73,3,680,30
2909,967,39,3,1950,30
2910,968,61,3,390,
2911,968,77,1,12600,
2912,968,35,2,860,
2913,968,11,1,1180,
2914,968,25,1,920,
2915,969,46,1,185,29
2916,969,22,1,640,29
2917,969,22,1,640,29
2918,970,49,2,88,12
2919,971,48,1,126,1
2920,971,79,3,6800,1
2921,971,69,1,1450,1
2922,972,68,2,780,6
2923,973,62,3,520,25
2924,973,78,3,215,25
2925,973,11,1,1180,25
2926,973,12,2,3250,25
2927,973,58,2,1180,25
2928,974,9,3,1280,16
2929,974,39,1,1950,16
2930,975,9,1,1280,12
2931,976,60,1,1750,
2932,977,16,2,52000,13
2933,977,4,1,11800,13
2934,978,62,1,520,22
2935,979,30,3,1320,20
2936,979,46,1,185,20
2937,979,45,2,58,20
2938,980,8,1,210,28
2939,980,78,1,215,28
2940,980,32,1,1180,28
2941,981,61,2,390,13
2942,982,43,1,620,12
2943,982,36,2,6200,12
2944,983,77,2,12600,24
2945,983,23,2,1280,24
2946,984,61,2,390,
2947,984,72,1,540,
2948,984,62,3,520,
2949,985,52,2,920,10
2950,985,74,2,330,10
2951,986,35,1,860,12
2952,986,47,1,72,12
2953,986,55,3,780,12
2954,986,6,2,720,12
2955,987,47,1,72,18
2956,987,73,2,680,18
2957,987,11,1,1180,18
2958,987,66,3,3200,18
2959,987,25,1,920,18
2960,988,11,3,1180,15
2961,988,50,1,240,15
2962,988,68,2,780,15
2963,988,25,2,920,15
2964,989,50,1,240,4
2965,989,74,2,330,4
2966,989,53,1,8200,4
2967,989,58,3,1180,4
2968,990,55,1,780,20
2969,991,42,3,480,20
2970,991,19,3,4200,20
2971,991,21,2,33400,20
2972,992,13,3,760,
2973,992,66,1,3200,
2974,993,11,1,1180,8
2975,993,32,3,1180,8
2976,993,74,3,330,8
2977,993,72,2,540,8
2978,993,53,2,8200,8
2979,994,40,1,520,10
2980,995,66,1,3200,17
2981,995,48,2,126,17
2982,996,79,2,6800,14
2983,996,42,1,480,14
2984,997,60,3,1750,7
2985,997,40,3,520,7
2986,997,62,1,520,7
2987,997,61,2,390,7
2988,997,2,2,14200,7
2989,998,66,3,3200,26
2990,998,69,2,1450,26
2991,998,66,1,3200,26
2992,998,16,2,52000,26
2993,999,9,1,1280,10
2994,999,73,3,680,10
2995,1000,23,2,1280,
2996,1000,61,3,390,
2997,1000,50,2,240,
2998,1001,11,2,1180,21
2999,1001,74,1,330,21
3000,1002,15,2,540,4
3001,1003,39,2,1950,19
3002,1003,53,2,8200,19
3003,1004,33,1,420,13
3004,1005,58,1,1180,10
3005,1005,60,2,1750,10
3006,1005,41,1,2200,10
3007,1006,47,3,72,16
3008,1006,62,2,520,16
3009,1006,39,2,1950,16
3010,1006,17,1,14800,16
3011,1006,14,1,1450,16
3012,1007,57,3,7600,24
3013,1008,25,2,920,
3014,1008,12,1,3250,
3015,1008,31,2,3100,
3016,1009,26,3,2400,28
3017,1009,18,3,21400,28
3018,1009,50,3,240,28
3019,1009,58,1,1180,28
3020,1009,13,1,760,28
3021,1010,64,1,260,10
3022,1011,28,2,680,30
3023,1011,10,2,860,30
3024,1011,58,3,1180,30
3025,1011,5,2,3900,30
3026,1012,19,1,4200,1
3027,1012,37,1,7400,1
3028,1013,64,1,260,10
3029,1013,78,3,215,10
3030,1014,15,3,540,26
3031,1014,58,2,1180,26
3032,1014,21,3,33400,26
3033,1015,28,2,680,9
3034,1015,25,1,920,9
3035,1015,28,1,680,9
3036,1016,43,2,620,
3037,1017,21,3,33400,18
3038,1017,25,1,920,18
3039,1018,31,3,3100,10
3040,1018,18,1,21400,10
3041,1018,69,3,1450,10
3042,1018,55,2,780,10
3043,1018,54,3,260,10
3044,1019,75,2,1180,13
3045,1019,48,2,126,13
3046,1019,73,2,680,13
3047,1019,2,1,14200,13
3048,1019,59,1,9400,13
3049,1020,74,3,330,23
3050,1020,51,1,340,23
3051,1020,73,3,680,23
3052,1020,41,3,2200,23
3053,1021,5,1,3900,26
3054,1021,4,3,11800,26
3055,1022,68,2,780,17
3056,1022,10,2,860,17
3057,1022,39,1,1950,17
3058,1023,1,2,18500,19
3059,1024,6,1,720,
3060,1024,6,2,720,
3061,1025,33,3,420,25
3062,1026,4,2,11800,26
3063,1026,73,3,680,26
3064,1026,3,3,26400,26
3065,1026,49,3,88,26
3066,1026,29,1,340,26
3067,1027,22,2,640,6
3068,1027,75,3,1180,6
3069,1027,68,2,780,6
3070,1028,8,1,210,28
3071,1028,11,1,1180,28
3072,1029,49,3,88,18
3073,1029,36,3,6200,18
3074,1029,54,3,260,18
3075,1029,44,1,1400,18
3076,1029,47,1,72,18
3077,1030,33,3,420,6
3078,1030,57,1,7600,6
3079,1030,15,3,540,6
3080,1030,43,1,620,6
3081,1030,50,1,240,6
3082,1031,20,2,1850,8
3083,1032,65,3,640,
3084,1032,50,2,240,
3085,1032,25,3,920,
3086,1033,67,2,540,22
3087,1033,36,2,6200,22
3088,1034,13,3,760,11
3089,1035,57,1,7600,22
3090,1035,4,3,11800,22
3091,1035,61,2,390,22
3092,1035,70,2,1180,22
3093,1035,50,3,240,22
3094,1036,66,3,3200,24
3095,1037,70,1,1180,12
3096,1038,79,2,6800,19
3097,1038,41,2,2200,19
3098,1038,42,3,480,19
3099,1039,12,1,3250,4
3100,1039,69,3,1450,4
3101,1039,14,1,1450,4
3102,1040,60,3,1750,
3103,1040,55,3,780,
3104,1041,50,3,240,9
3105,1041,61,2,390,9
3106,1041,77,1,12600,9
3107,1042,63,2,1480,10
3108,1042,57,2,7600,10
3109,1042,62,1,520,10
3110,1042,20,1,1850,10
3111,1042,31,3,3100,10
3112,1043,72,3,540,30
3113,1044,71,1,2100,4
3114,1044,4,2,11800,4
3115,1044,14,1,1450,4
3116,1044,65,3,640,4
3117,1044,31,1,3100,4
3118,1045,57,1,7600,11
3119,1046,20,1,1850,17
3120,1047,77,1,12600,3
3121,1047,69,2,1450,3
3122,1047,54,3,260,3
3123,1047,67,1,540,3
3124,1047,34,1,2450,3
3125,1048,50,2,240,
3126,1048,62,2,520,
3127,1049,49,1,88,3
3128,1050,52,3,920,27
3129,1050,49,2,88,27
3130,1050,79,1,6800,27
3131,1050,10,2,860,27
3132,1051,73,1,680,5
3133,1051,23,3,1280,5
3134,1051,10,2,860,5
3135,1051,36,1,6200,5
3136,1051,41,3,2200,5
3137,1052,64,3,260,30
3138,1053,31,3,3100,20
3139,1054,10,3,860,20
3140,1054,42,1,480,20
3141,1054,21,3,33400,20
3142,1054,4,2,11800,20
3143,1054,74,1,330,20
3144,1055,31,2,3100,27
3145,1055,18,2,21400,27
3146,1055,72,1,540,27
3147,1055,27,3,8700,27
3148,1056,53,3,8200,
3149,1057,30,1,1320,4
3150,1058,35,2,860,5
3151,1059,6,2,720,25
3152,1059,42,3,480,25
3153,1059,23,2,1280,25
3154,1059,68,2,780,25
3155,1059,4,3,11800,25
3156,1060,60,1,1750,10
3157,1060,48,3,126,10
3158,1060,30,1,1320,10
3159,1061,77,2,12600,22
3160,1061,17,3,14800,22
3161,1062,5,1,3900,3
3162,1062,79,2,6800,3
3163,1063,45,2,58,6
3164,1063,41,2,2200,6
3165,1063,64,2,260,6
3166,1063,14,2,1450,6
3167,1063,44,1,1400,6
3168,1064,31,2,3100,
3169,1064,68,3,780,
3170,1064,9,3,1280,
3171,1064,57,1,7600,
3172,1065,13,2,760,8
3173,1065,11,3,1180,8
3174,1065,40,3,520,8
3175,1066,41,2,2200,5
3176,1066,16,1,52000,5
3177,1066,34,1,2450,5
3178,1067,72,3,540,16
3179,1067,28,2,680,16
3180,1067,28,3,680,16
3181,1067,31,2,3100,16
3182,1068,69,1,1450,6
3183,1069,57,3,7600,3
3184,1069,70,1,1180,3
3185,1069,78,3,215,3
3186,1070,52,3,920,7
3187,1070,31,3,3100,7
3188,1070,32,3,1180,7
3189,1070,34,1,2450,7
3190,1070,53,2,8200,7
3191,1071,68,3,780,27
3192,1071,59,3,9400,27
3193,1071,20,3,1850,27
3194,1071,26,3,2400,27
3195,1071,17,2,14800,27
3196,1072,63,2,1480,
3197,1073,53,1,8200,11
3198,1074,14,3,1450,23
3199,1074,74,3,330,23
3200,1075,21,2,33400,20
3201,1075,61,3,390,20
3202,1075,63,1,1480,20
3203,1075,34,1,2450,20
3204,1075,69,3,1450,20
3205,1076,61,2,390,7
3206,1076,35,2,860,7
3207,1076,34,3,2450,7
3208,1076,79,1,6800,7
3209,1076,77,3,12600,7
3210,1077,32,1,1180,2
3211,1077,58,1,1180,2
3212,1077,1,1,18500,2
3213,1078,64,1,260,20
3214,1078,14,3,1450,20
3215,1078,35,1,860,20
3216,1079,77,3,12600,6
3217,1080,23,2,1280,
3218,1080,22,2,640,
3219,1080,69,3,1450,
3220,1080,31,2,3100,
3221,1080,18,3,21400,
3222,1081,16,3,52000,4
3223,1081,24,2,8800,4
3224,1082,20,2,1850,4
3225,1082,46,1,185,4
3226,1083,2,2,14200,4
3227,1084,11,3,1180,2
3228,1084,21,2,33400,2
3229,1084,55,3,780,2
3230,1084,36,2,6200,2
3231,1084,50,1,240,2
3232,1085,74,2,330,22
3233,1085,30,2,1320,22
3234,1085,58,1,1180,22
3235,1086,59,1,9400,3
3236,1086,72,3,540,3
3237,1086,39,3,1950,3
3238,1087,46,1,185,9
3239,1087,21,3,33400,9
3240,1087,1,2,18500,9
3241,1087,68,3,780,9
3242,1088,75,1,1180,
3243,1088,50,1,240,
3244,1088,70,2,1180,
3245,1088,37,1,7400,
3246,1088,24,1,8800,
3247,1089,77,2,12600,20
3248,1089,46,2,185,20
3249,1089,22,3,640,20
3250,1090,13,1,760,12
3251,1090,50,1,240,12
3252,1090,74,1,330,12
3253,1090,34,1,2450,12
3254,1090,60,3,1750,12
3255,1091,19,1,4200,20
3256,1091,51,2,340,20
3257,1092,21,3,33400,13
3258,1092,60,3,1750,13
3259,1092,65,1,640,13
3260,1093,4,2,11800,2
3261,1093,14,2,1450,2
3262,1093,55,3,780,2
3263,1093,26,2,2400,2
3264,1094,59,1,9400,1
3265,1094,77,3,12600,1
3266,1094,30,3,1320,1
3267,1094,25,3,920,1
3268,1094,37,2,7400,1
3269,1095,50,2,240,7
3270,1095,74,1,330,7
3271,1095,75,2,1180,7
3272,1096,78,3,215,
3273,1096,70,1,1180,
3274,1096,77,1,12600,
3275,1096,3,1,26400,
3276,1096,5,3,3900,
3277,1097,70,3,1180,3
3278,1097,53,2,8200,3
3279,1097,72,2,540,3
3280,1097,45,3,58,3
3281,1097,59,3,9400,3
3282,1098,21,3,33400,12
3283,1098,74,3,330,12
3284,1098,63,2,1480,12
3285,1099,20,2,1850,25
3286,1099,53,3,8200,25
3287,1099,14,2,1450,25
3288,1099,55,2,780,25
3289,1099,74,3,330,25
3290,1100,28,3,680,29
3291,1100,65,3,640,29
3292,1100,33,1,420,29
3293,1101,24,1,8800,30
3294,1101,38,2,2850,30
3295,1101,72,1,540,30
3296,1101,23,3,1280,30
3297,1102,39,1,1950,1
3298,1102,57,2,7600,1
3299,1102,68,1,780,1
3300,1102,21,2,33400,1
3301,1102,37,1,7400,1
3302,1103,48,2,126,1
3303,1103,3,1,26400,1
3304,1104,67,1,540,
3305,1105,40,2,520,10
3306,1106,56,2,5600,19
3307,1106,18,2,21400,19
3308,1106,24,3,8800,19
3309,1106,78,2,215,19
3310,1106,70,1,1180,19
3311,1107,2,1,14200,7
3312,1107,8,3,210,7
3313,1108,4,3,11800,28
3314,1108,7,1,95,28
3315,1108,70,1,1180,28
3316,1108,54,2,260,28
3317,1109,73,1,680,17
3318,1109,75,3,1180,17
3319,1109,31,1,3100,17
3320,1109,70,2,1180,17
3321,1110,12,1,3250,5
3322,1110,42,3,480,5
3323,1110,20,3,1850,5
3324,1110,64,2,260,5
3325,1110,62,1,520,5
3326,1111,14,3,1450,9
3327,1112,56,3,5600,
3328,1112,78,3,215,
3329,1113,6,1,720,12
3330,1113,71,1,2100,12
3331,1113,5,1,3900,12
3332,1113,69,2,1450,12
3333,1113,60,3,1750,12
3334,1114,34,1,2450,16
3335,1114,55,1,780,16
3336,1114,44,1,1400,16
3337,1114,48,3,126,16
3338,1115,51,2,340,7
3339,1115,72,2,540,7
3340,1115,17,3,14800,7
3341,1115,42,1,480,7
3342,1116,27,2,8700,17
3343,1116,39,2,1950,17
3344,1116,53,3,8200,17
3345,1117,62,1,520,15
3346,1117,63,1,1480,15
3347,1117,62,2,520,15
3348,1117,10,3,860,15
3349,1117,7,3,95,15
3350,1118,27,2,8700,14
3351,1118,77,1,12600,14
3352,1118,5,3,3900,14
3353,1118,54,1,260,14
3354,1118,2,1,14200,14
3355,1119,77,1,12600,14
3356,1120,2,1,14200,
3357,1120,70,3,1180,
3358,1120,1,2,18500,
3359,1121,6,3,720,10
3360,1121,41,2,2200,10
3361,1121,22,2,640,10
3362,1121,25,2,920,10
3363,1121,17,1,14800,10
3364,1122,28,1,680,11
3365,1123,35,1,860,18
3366,1123,59,1,9400,18
3367,1123,7,2,95,18
3368,1123,73,2,680,18
3369,1124,34,2,2450,24
3370,1124,57,3,7600,24
3371,1124,79,2,6800,24
3372,1124,74,2,330,24
3373,1125,66,3,3200,22
3374,1125,36,2,6200,22
3375,1126,54,2,260,14
3376,1126,10,3,860,14
3377,1126,7,3,95,14
3378,1126,74,3,330,14
3379,1126,34,3,2450,14
3380,1127,71,1,2100,9
3381,1127,37,3,7400,9
3382,1127,37,3,7400,9
3383,1128,63,2,1480,
3384,1128,78,2,215,
3385,1128,56,2,5600,
3386,1128,10,2,860,
3387,1128,78,2,215,
3388,1129,50,3,240,2
3389,1129,29,3,340,2
3390,1129,73,2,680,2
3391,1129,73,3,680,2
3392,1130,67,2,540,6
3393,1130,73,2,680,6
3394,1130,11,3,1180,6
3395,1131,26,3,2400,15
3396,1131,54,1,260,15
3397,1131,76,3,9200,15
3398,1131,26,3,2400,15
3399,1131,57,1,7600,15
3400,1132,76,3,9200,14
3401,1132,14,1,1450,14
3402,1132,50,3,240,14
3403,1132,47,1,72,14
3404,1132,29,2,340,14
3405,1133,7,3,95,6
3406,1133,51,3,340,6
3407,1133,48,2,126,6
3408,1133,61,1,390,6
3409,1134,29,1,340,26
3410,1134,59,2,9400,26
3411,1134,66,1,3200,26
3412,1134,35,1,860,26
3413,1135,64,2,260,28
3414,1135,66,3,3200,28
3415,1135,25,1,920,28
3416,1136,64,2,260,
3417,1136,15,1,540,
3418,1136,16,1,52000,
3419,1136,66,1,3200,
3420,1137,39,2,1950,18
3421,1137,79,3,6800,18
3422,1137,28,1,680,18
3423,1137,21,2,33400,18
3424,1138,12,1,3250,9
3425,1138,19,1,4200,9
3426,1138,48,3,126,9
3427,1139,68,3,780,12
3428,1139,46,1,185,12
3429,1139,42,1,480,12
3430,1139,74,2,330,12
3431,1140,56,3,5600,22
3432,1141,9,2,1280,24
3433,1141,8,2,210,24
3434,1141,3,2,26400,24
3435,1141,46,3,185,24
3436,1141,55,3,780,24
3437,1142,37,3,7400,29
3438,1143,63,1,1480,19
3439,1143,33,1,420,19
3440,1143,27,2,8700,19
3441,1143,6,2,720,19
3442,1144,52,2,920,
3443,1144,1,3,18500,
3444,1145,73,1,680,21
3445,1145,36,2,6200,21
3446,1145,26,2,2400,21
3447,1146,10,2,860,21
3448,1146,19,2,4200,21
3449,1146,61,1,390,21
3450,1146,34,1,2450,21
3451,1147,55,1,780,7
3452,1147,57,2,7600,7
3453,1147,3,2,26400,7
3454,1148,10,2,860,24
3455,1148,70,3,1180,24
3456,1149,34,1,2450,12
3457,1149,73,1,680,12
3458,1149,17,3,14800,12
3459,1149,70,3,1180,12
3460,1149,67,3,540,12
3461,1150,57,3,7600,5
3462,1150,46,3,185,5
3463,1150,61,3,390,5
3464,1150,7,3,95,5
3465,1150,53,3,8200,5
3466,1151,27,3,8700,2
3467,1151,4,1,11800,2
3468,1151,61,1,390,2
3469,1151,64,3,260,2
3470,1151,38,3,2850,2
3471,1152,27,3,8700,
3472,1152,37,3,7400,
3473,1152,79,1,6800,
3474,1152,64,2,260,
3475,1152,70,3,1180,
3476,1153,39,1,1950,7
3477,1154,12,2,3250,28
3478,1154,74,3,330,28
3479,1154,6,3,720,28
3480,1155,14,1,1450,27
3481,1155,78,3,215,27
3482,1155,39,2,1950,27
3483,1155,33,2,420,27
3484,1155,18,3,21400,27
3485,1156,59,3,9400,12
3486,1156,56,1,5600,12
3487,1156,3,1,26400,12
3488,1157,60,3,1750,17
3489,1157,20,1,1850,17
3490,1158,55,3,780,10
3491,1159,76,3,9200,3
3492,1159,45,2,58,3
3493,1159,33,1,420,3
3494,1159,58,2,1180,3
3495,1160,33,2,420,
3496,1160,2,2,14200,
3497,1160,24,2,8800,
3498,1160,59,2,9400,
3499,1161,61,3,390,23
3500,1162,23,2,1280,13
3501,1163,78,1,215,15
3502,1163,35,3,860,15
3503,1163,42,3,480,15
3504,1164,28,1,680,3
3505,1164,77,2,12600,3
3506,1164,2,1,14200,3
3507,1164,7,1,95,3
3508,1164,74,2,330,3
3509,1165,39,1,1950,1
3510,1165,22,3,640,1
3511,1165,33,2,420,1
3512,1165,29,3,340,1
3513,1166,5,3,3900,2
3514,1166,77,1,12600,2
3515,1166,60,3,1750,2
3516,1166,11,2,1180,2
3517,1167,61,3,390,24
3518,1168,4,2,11800,
3519,1168,76,2,9200,
3520,1168,70,2,1180,
3521,1168,60,2,1750,
3522,1168,44,2,1400,
3523,1169,63,2,1480,20
3524,1170,1,3,18500,30
3525,1170,61,3,390,30
3526,1171,25,3,920,5
3527,1172,48,2,126,4
3528,1172,39,1,1950,4
3529,1173,26,1,2400,21
3530,1173,7,1,95,21
3531,1173,10,3,860,21
3532,1174,43,3,620,17
3533,1174,38,2,2850,17
3534,1174,40,2,520,17
3535,1175,46,3,185,6
3536,1175,27,2,8700,6
3537,1175,36,1,6200,6
3538,1176,36,2,6200,
3539,1176,40,1,520,
3540,1177,1,1,18500,19
3541,1178,76,2,9200,23
3542,1179,47,1,72,27
3543,1179,3,1,26400,27
3544,1179,3,3,26400,27
3545,1179,71,3,2100,27
3546,1180,62,1,520,17
3547,1180,65,2,640,17
3548,1180,61,1,390,17
3549,1180,53,2,8200,17
3550,1181,1,1,18500,7
3551,1181,3,3,26400,7
3552,1181,18,2,21400,7
3553,1181,56,2,5600,7
3554,1182,33,2,420,29
3555,1183,64,3,260,30
3556,1183,59,1,9400,30
3557,1183,27,3,8700,30
3558,1184,48,2,126,
3559,1184,44,1,1400,
3560,1184,1,3,18500,
3561,1184,9,3,1280,
3562,1185,45,1,58,27
3563,1185,1,3,18500,27
3564,1185,27,3,8700,27
3565,1185,37,3,7400,27
3566,1185,39,3,1950,27
3567,1186,49,2,88,8
3568,1187,44,1,1400,1
3569,1188,17,3,14800,6
3570,1188,15,3,540,6
3571,1188,5,3,3900,6
3572,1188,12,1,3250,6
3573,1189,71,1,2100,11
3574,1189,32,1,1180,11
3575,1189,73,2,680,11
3576,1189,4,2,11800,11
3577,1189,41,1,2200,11
3578,1190,32,1,1180,12
3579,1190,16,2,52000,12
3580,1190,27,2,8700,12
3581,1190,60,3,1750,12
3582,1190,35,1,860,12
3583,1191,41,2,2200,26
3584,1192,53,3,8200,
3585,1193,7,2,95,29
3586,1193,31,3,3100,29
3587,1194,43,3,620,3
3588,1194,49,2,88,3
3589,1195,40,2,520,11
3590,1195,36,2,6200,11
3591,1195,51,2,340,11
3592,1196,79,3,6800,27
3593,1196,52,2,920,27
3594,1196,3,1,26400,27
3595,1196,19,3,4200,27
3596,1197,35,3,860,24
3597,1197,24,3,8800,24
3598,1197,72,3,540,24
3599,1197,34,1,2450,24
3600,1197,18,3,21400,24
3601,1198,67,2,540,18
3602,1198,53,2,8200,18
3603,1198,60,2,1750,18
3604,1198,29,1,340,18
3605,1198,70,3,1180,18
3606,1199,10,1,860,8
3607,1199,33,2,420,8
3608,1199,64,3,260,8
3609,1199,52,1,920,8
3610,1200,30,1,1320,
3611,1200,77,1,12600,
3612,1201,36,1,6200,3
3613,1201,14,3,1450,3
3614,1201,33,2,420,3
3615,1201,69,1,1450,3
3616,1201,76,2,9200,3
3617,1202,57,1,7600,10
3618,1202,12,2,3250,10
3619,1202,29,3,340,10
3620,1203,69,3,1450,19
3621,1203,77,3,12600,19
3622,1204,45,1,58,17
3623,1204,58,1,1180,17
3624,1204,73,1,680,17
3625,1205,34,1,2450,19
3626,1206,56,3,5600,29
3627,1206,7,3,95,29
3628,1206,78,2,215,29
3629,1206,70,1,1180,29
3630,1206,52,3,920,29
3631,1207,78,1,215,23
3632,1208,3,1,26400,
3633,1209,36,2,6200,19
3634,1210,48,2,126,30
3635,1211,11,3,1180,11
3636,1212,42,1,480,13
3637,1212,35,1,860,13
3638,1212,7,1,95,13
3639,1213,19,2,4200,23
3640,1214,31,3,3100,11
3641,1214,66,1,3200,11
3642,1214,3,3,26400,11
3643,1214,40,1,520,11
3644,1214,60,3,1750,11
3645,1215,38,3,2850,12
3646,1215,59,2,9400,12
3647,1215,24,3,8800,12
3648,1216,30,2,1320,
3649,1216,62,3,520,
3650,1216,6,3,720,
3651,1217,70,1,1180,17
3652,1217,1,2,18500,17
3653,1218,44,2,1400,22
3654,1218,75,3,1180,22
3655,1218,57,1,7600,22
3656,1218,60,1,1750,22
3657,1218,13,3,760,22
3658,1219,42,1,480,30
3659,1219,35,3,860,30
3660,1219,57,1,7600,30
3661,1220,2,3,14200,13
3662,1221,27,1,8700,10
3663,1222,13,3,760,1
3664,1223,65,3,640,14
3665,1224,25,3,920,
3666,1225,7,2,95,4
3667,1225,57,2,7600,4
3668,1226,52,3,920,10
3669,1226,53,2,8200,10
3670,1226,60,3,1750,10
3671,1226,54,3,260,10
3672,1227,72,3,540,27
3673,1227,75,2,1180,27
3674,1228,63,1,1480,8
3675,1228,57,3,7600,8
3676,1229,57,1,7600,11
3677,1229,50,1,240,11
3678,1229,30,1,1320,11
3679,1229,39,2,1950,11
3680,1229,57,2,7600,11
3681,1230,74,3,330,16
3682,1230,16,2,52000,16
3683,1230,33,1,420,16
3684,1230,49,2,88,16
3685,1231,13,3,760,19
3686,1231,48,1,126,19
3687,1231,58,3,1180,19
3688,1231,69,2,1450,19
3689,1231,55,2,780,19
3690,1232,72,3,540,
3691,1233,28,2,680,11
3692,1233,64,3,260,11
3693,1233,54,1,260,11
3694,1233,5,3,3900,11
3695,1234,43,2,620,7
3696,1234,2,1,14200,7
3697,1234,67,2,540,7
3698,1234,47,1,72,7
3699,1235,36,3,6200,8
3700,1235,13,2,760,8
3701,1235,45,2,58,8
3702,1235,75,2,1180,8
3703,1235,55,2,780,8
3704,1236,72,1,540,21
3705,1236,7,1,95,21
3706,1236,47,1,72,21
3707,1237,48,1,126,25
3708,1237,10,2,860,25
3709,1237,40,2,520,25
3710,1237,4,3,11800,25
3711,1237,42,2,480,25
3712,1238,26,3,2400,4
3713,1239,63,3,1480,24
3714,1239,1,2,18500,24
3715,1239,75,3,1180,24
3716,1240,58,1,1180,
3717,1240,20,1,1850,
3718,1240,10,3,860,
3719,1241,16,1,52000,7
3720,1241,50,3,240,7
3721,1241,14,3,1450,7
3722,1242,35,1,860,15
3723,1243,49,1,88,6
3724,1244,42,3,480,3
3725,1244,19,2,4200,3
3726,1245,5,2,3900,12
3727,1246,46,1,185,2
3728,1246,11,2,1180,2
3729,1246,2,1,14200,2
3730,1246,54,2,260,2
3731,1247,30,2,1320,25
3732,1247,37,1,7400,25
3733,1247,67,1,540,25
3734,1247,25,1,920,25
3735,1248,40,2,520,
3736,1248,18,1,21400,
3737,1248,4,3,11800,
3738,1249,58,1,1180,24
3739,1249,68,3,780,24
3740,1249,37,1,7400,24
3741,1249,5,3,3900,24
3742,1249,29,1,340,24
3743,1250,35,3,860,4
3744,1250,23,2,1280,4
3745,1250,49,1,88,4
3746,1251,74,2,330,30
3747,1251,78,1,215,30
3748,1251,40,3,520,30
3749,1252,58,1,1180,23
3750,1253,12,2,3250,14
3751,1253,42,1,480,14
3752,1253,51,2,340,14
3753,1253,11,2,1180,14
3754,1254,69,2,1450,28
3755,1255,10,1,860,26
3756,1255,55,1,780,26
3757,1256,68,2,780,
3758,1256,1,3,18500,
3759,1257,20,2,1850,28
3760,1258,12,1,3250,28
3761,1258,31,1,3100,28
3762,1258,25,2,920,28
3763,1258,74,3,330,28
3764,1258,56,3,5600,28
3765,1259,78,3,215,25
3766,1259,49,3,88,25
3767,1259,18,3,21400,25
3768,1259,51,1,340,25
3769,1259,56,1,5600,25
3770,1260,54,3,260,10
3771,1260,10,1,860,10
3772,1260,29,3,340,10
3773,1260,6,2,720,10
3774,1261,72,2,540,11
3775,1261,18,2,21400,11
3776,1261,30,2,1320,11
3777,1261,79,2,6800,11
3778,1261,16,2,52000,11
3779,1262,37,1,7400,11
3780,1262,9,2,1280,11
3781,1262,36,1,6200,11
3782,1262,22,2,640,11
3783,1262,46,3,185,11
3784,1263,8,2,210,17
3785,1263,28,2,680,17
3786,1264,42,3,480,
3787,1264,35,3,860,
3788,1264,1,3,18500,
3789,1264,65,3,640,
3790,1265,8,2,210,7
3791,1265,45,2,58,7
3792,1265,56,3,5600,7
3793,1265,75,2,1180,7
3794,1265,22,2,640,7
3795,1266,19,2,4200,16
3796,1267,57,3,7600,8
3797,1267,75,2,1180,8
3798,1267,18,2,21400,8
3799,1268,26,1,2400,11
3800,1268,26,2,2400,11
3801,1269,42,3,480,20
3802,1269,55,2,780,20
3803,1269,18,2,21400,20
3804,1269,65,2,640,20
3805,1269,3,2,26400,20
3806,1270,54,1,260,25
3807,1270,31,2,3100,25
3808,1270,42,1,480,25
3809,1271,63,3,1480,9
3810,1271,74,1,330,9
3811,1271,74,3,330,9
3812,1271,11,1,1180,9
3813,1271,39,2,1950,9
3814,1272,56,3,5600,
3815,1272,43,3,620,
3816,1272,69,2,1450,
3817,1272,11,1,1180,
3818,1272,14,2,1450,
3819,1273,65,2,640,21
3820,1273,70,1,1180,21
3821,1273,54,3,260,21
3822,1273,32,2,1180,21
3823,1273,79,3,6800,21
3824,1274,7,3,95,30
3825,1274,11,1,1180,30
3826,1274,40,1,520,30
3827,1275,12,3,3250,5
3828,1275,54,1,260,5
3829,1276,40,3,520,22
3830,1277,5,2,3900,4
3831,1277,71,3,2100,4
3832,1277,64,3,260,4
3833,1277,42,1,480,4
3834,1278,65,2,640,15
3835,1278,55,1,780,15
3836,1278,77,2,12600,15
3837,1279,66,1,3200,8
3838,1279,49,1,88,8
3839,1280,51,3,340,
3840,1280,16,3,52000,
3841,1281,12,1,3250,1
3842,1281,20,2,1850,1
3843,1281,17,2,14800,1
3844,1281,78,1,215,1
3845,1281,31,2,3100,1
3846,1282,12,2,3250,15
3847,1282,38,1,2850,15
3848,1282,14,1,1450,15
3849,1282,18,2,21400,15
3850,1283,7,2,95,7
3851,1283,12,1,3250,7
3852,1283,10,3,860,7
3853,1283,33,3,420,7
3854,1283,60,1,1750,7
3855,1284,29,2,340,17
3856,1284,62,3,520,17
3857,1284,30,2,1320,17
3858,1284,1,1,18500,17
3859,1284,36,2,6200,17
3860,1285,66,1,3200,27
3861,1285,24,3,8800,27
3862,1285,47,1,72,27
3863,1285,28,1,680,27
3864,1286,9,2,1280,14
3865,1286,8,3,210,14
3866,1286,64,1,260,14
3867,1286,74,1,330,14
3868,1287,36,3,6200,7
3869,1287,63,3,1480,7
3870,1287,12,2,3250,7
3871,1287,52,1,920,7
3872,1287,64,1,260,7
3873,1288,25,2,920,
3874,1288,27,2,8700,
3875,1288,57,3,7600,
3876,1288,13,1,760,
3877,1288,63,2,1480,
3878,1289,76,3,9200,10
3879,1289,6,2,720,10
3880,1289,15,2,540,10
3881,1289,1,2,18500,10
3882,1290,50,1,240,26
3883,1290,31,2,3100,26
3884,1291,58,1,1180,27
3885,1291,2,1,14200,27
3886,1291,9,1,1280,27
3887,1292,37,1,7400,1
3888,1292,29,3,340,1
3889,1292,30,3,1320,1
3890,1292,21,3,33400,1
3891,1293,36,1,6200,11
3892,1293,6,3,720,11
3893,1294,11,1,1180,7
3894,1294,6,3,720,7
3895,1294,25,3,920,7
3896,1294,9,3,1280,7
3897,1295,56,3,5600,3
3898,1295,31,1,3100,3
3899,1295,75,2,1180,3
3900,1296,34,1,2450,
3901,1296,5,3,3900,
3902,1296,7,2,95,
3903,1297,29,3,340,22
3904,1297,75,2,1180,22
3905,1297,74,2,330,22
3906,1297,45,3,58,22
3907,1298,2,3,14200,8
3908,1298,49,2,88,8
3909,1299,16,2,52000,8
3910,1299,6,1,720,8
3911,1299,34,3,2450,8
3912,1300,5,2,3900,23
3913,1300,35,2,860,23
3914,1300,57,2,7600,23
3915,1300,72,1,540,23
3916,1300,53,2,8200,23
3917,1301,25,2,920,20
3918,1301,57,3,7600,20
3919,1301,32,3,1180,20
3920,1301,43,2,620,20
3921,1302,67,1,540,18
3922,1302,44,1,1400,18
3923,1302,72,2,540,18
3924,1302,42,1,480,18
3925,1302,36,3,6200,18
3926,1303,28,1,680,25
3927,1303,63,1,1480,25
3928,1303,31,3,3100,25
3929,1303,66,1,3200,25
3930,1304,10,3,860,
3931,1305,39,2,1950,20
3932,1305,10,3,860,20
3933,1305,57,3,7600,20
3934,1305,6,1,720,20
3935,1305,13,1,760,20
3936,1306,38,1,2850,24
3937,1306,3,3,26400,24
3938,1307,23,3,1280,27
3939,1307,41,2,2200,27
3940,1307,44,1,1400,27
3941,1307,76,1,9200,27
3942,1308,32,2,1180,28
3943,1309,76,1,9200,13
3944,1309,41,3,2200,13
3945,1309,59,2,9400,13
3946,1309,74,2,330,13
3947,1310,39,2,1950,3
3948,1310,62,3,520,3
3949,1310,79,1,6800,3
3950,1310,68,3,780,3
3951,1311,53,3,8200,2
3952,1311,31,2,3100,2
3953,1311,5,1,3900,2
3954,1311,77,2,12600,2
3955,1311,32,3,1180,2
3956,1312,4,2,11800,
3957,1313,43,2,620,16
3958,1313,35,2,860,16
3959,1314,12,3,3250,25
3960,1314,14,1,1450,25
3961,1315,68,3,780,6
3962,1315,46,2,185,6
3963,1316,67,2,540,1
3964,1316,57,3,7600,1
3965,1316,8,1,210,1
3966,1316,25,1,920,1
3967,1316,43,2,620,1
3968,1317,28,1,680,18
3969,1317,12,2,3250,18
3970,1317,12,2,3250,18
3971,1317,66,1,3200,18
3972,1318,33,3,420,6
3973,1318,39,3,1950,6
3974,1318,22,3,640,6
3975,1318,32,1,1180,6
3976,1318,25,3,920,6
3977,1319,68,3,780,21
3978,1319,17,2,14800,21
3979,1319,17,1,14800,21
3980,1319,64,2,260,21
3981,1320,69,3,1450,
3982,1321,40,1,520,29
3983,1321,40,2,520,29
3984,1321,3,2,26400,29
3985,1321,27,1,8700,29
3986,1322,76,1,9200,19
3987,1322,16,3,52000,19
3988,1322,39,1,1950,19
3989,1323,49,2,88,3
3990,1323,13,3,760,3
3991,1323,67,1,540,3
3992,1323,45,1,58,3
3993,1324,16,3,52000,10
3994,1324,42,2,480,10
3995,1324,28,3,680,10
3996,1325,50,3,240,30
3997,1325,41,2,2200,30
3998,1325,78,1,215,30
3999,1325,41,2,2200,30
4000,1325,65,1,640,30
4001,1326,33,2,420,3
4002,1326,52,3,920,3
4003,1327,29,3,340,5
4004,1328,35,1,860,
4005,1328,3,3,26400,
4006,1329,77,1,12600,1
4007,1330,45,2,58,25
4008,1330,72,3,540,25
4009,1331,56,2,5600,4
4010,1331,53,3,8200,4
4011,1331,33,1,420,4
4012,1331,46,2,185,4
4013,1332,11,2,1180,30
4014,1332,43,2,620,30
4015,1332,77,3,12600,30
4016,1333,22,3,640,16
4017,1333,8,3,210,16
4018,1333,34,3,2450,16
4019,1333,58,1,1180,16
4020,1333,51,3,340,16
4021,1334,36,1,6200,19
4022,1334,39,3,1950,19
4023,1334,13,1,760,19
4024,1334,51,1,340,19
4025,1335,61,2,390,25
4026,1335,5,2,3900,25
4027,1336,9,3,1280,
4028,1337,16,3,52000,13
4029,1338,61,2,390,14
4030,1338,9,1,1280,14
4031,1339,26,3,2400,22
4032,1340,13,2,760,9
4033,1340,30,2,1320,9
4034,1341,16,1,52000,29
4035,1341,31,1,3100,29
4036,1341,32,2,1180,29
4037,1342,1,1,18500,3
4038,1343,37,1,7400,22
4039,1343,48,3,126,22
4040,1343,53,3,8200,22
4041,1343,59,2,9400,22
4042,1343,70,1,1180,22
4043,1344,23,3,1280,
4044,1344,1,2,18500,
4045,1344,4,1,11800,
4046,1344,27,1,8700,
4047,1345,11,3,1180,16
4048,1346,58,2,1180,9
4049,1346,15,2,540,9
4050,1347,40,1,520,23
4051,1347,58,3,1180,23
4052,1348,55,3,780,7
4053,1348,43,3,620,7
4054,1349,53,2,8200,5
4055,1349,22,2,640,5
4056,1349,70,3,1180,5
4057,1349,60,3,1750,5
4058,1350,74,3,330,7
4059,1350,53,2,8200,7
4060,1351,41,1,2200,2
4061,1351,10,2,860,2
4062,1351,44,1,1400,2
4063,1351,22,3,640,2
4064,1352,52,1,920,
4065,1352,58,1,1180,
4066,1352,33,2,420,
4067,1352,4,3,11800,
4068,1353,20,2,1850,25
4069,1354,47,3,72,19
4070,1354,38,3,2850,19
4071,1354,69,1,1450,19
4072,1354,64,3,260,19
4073,1355,40,3,520,19
4074,1355,19,2,4200,19
4075,1355,64,2,260,19
4076,1356,25,3,920,4
4077,1356,70,2,1180,4
4078,1356,73,3,680,4
4079,1356,70,3,1180,4
4080,1357,16,1,52000,26
4081,1357,72,2,540,26
4082,1357,16,1,52000,26
4083,1357,47,2,72,26
4084,1358,60,1,1750,25
4085,1358,30,2,1320,25
4086,1358,44,2,1400,25
4087,1358,61,1,390,25
4088,1358,65,2,640,25
4089,1359,26,2,2400,16
4090,1359,47,1,72,16
4091,1360,29,2,340,
4092,1360,19,1,4200,
4093,1360,23,1,1280,
4094,1360,68,1,780,
4095,1361,17,3,14800,21
4096,1361,4,3,11800,21
4097,1361,68,3,780,21
4098,1362,34,1,2450,25
4099,1362,48,1,126,25
4100,1363,73,3,680,22
4101,1363,42,2,480,22
4102,1363,34,3,2450,22
4103,1363,70,1,1180,22
4104,1364,55,1,780,13
4105,1364,11,2,1180,13
4106,1364,37,2,7400,13
4107,1364,30,1,1320,13
4108,1365,47,3,72,18
4109,1365,29,1,340,18
4110,1365,69,1,1450,18
4111,1365,36,1,6200,18
4112,1365,3,1,26400,18
4113,1366,37,2,7400,12
4114,1366,73,3,680,12
4115,1366,7,1,95,12
4116,1366,15,2,540,12
4117,1366,77,1,12600,12
4118,1367,6,3,720,22
4119,1367,17,3,14800,22
4120,1367,63,2,1480,22
4121,1367,55,1,780,22
4122,1367,45,1,58,22
4123,1368,32,1,1180,
4124,1368,44,3,1400,
4125,1368,32,3,1180,
4126,1368,17,2,14800,
4127,1369,28,1,680,1
4128,1369,33,2,420,1
4129,1369,27,2,8700,1
4130,1369,24,2,8800,1
4131,1370,22,1,640,28
4132,1371,33,2,420,11
4133,1371,25,1,920,11
4134,1372,69,3,1450,3
4135,1372,48,1,126,3
4136,1372,65,3,640,3
4137,1372,1,2,18500,3
4138,1372,15,2,540,3
4139,1373,42,3,480,28
4140,1373,37,3,7400,28
4141,1373,61,3,390,28
4142,1374,43,1,620,28
4143,1375,78,1,215,10
4144,1375,49,1,88,10
4145,1375,65,2,640,10
4146,1375,48,1,126,10
4147,1375,65,1,640,10
4148,1376,23,3,1280,
4149,1376,2,2,14200,
4150,1376,62,1,520,
4151,1377,56,1,5600,1
4152,1377,66,3,3200,1
4153,1378,74,1,330,17
4154,1378,10,3,860,17
4155,1379,31,1,3100,21
4156,1379,36,2,6200,21
4157,1379,68,2,780,21
4158,1379,52,2,920,21
4159,1380,76,3,9200,24
4160,1380,72,3,540,24
4161,1380,39,1,1950,24
4162,1380,5,3,3900,24
4163,1380,70,3,1180,24
4164,1381,27,1,8700,26
4165,1381,62,1,520,26
4166,1381,31,3,3100,26
4167,1381,57,2,7600,26
4168,1382,36,2,6200,14
4169,1382,4,3,11800,14
4170,1382,64,2,260,14
4171,1382,59,2,9400,14
4172,1382,18,3,21400,14
4173,1383,42,2,480,22
4174,1384,44,3,1400,
4175,1384,41,1,2200,
4176,1384,2,1,14200,
4177,1384,39,2,1950,
4178,1384,66,2,3200,
4179,1385,61,2,390,27
4180,1385,59,3,9400,27
4181,1385,68,3,780,27
4182,1385,42,2,480,27
4183,1385,59,3,9400,27
4184,1386,10,1,860,9
4185,1386,1,3,18500,9
4186,1386,55,3,780,9
4187,1386,55,3,780,9
4188,1386,15,2,540,9
4189,1387,73,1,680,21
4190,1388,21,3,33400,24
4191,1389,12,1,3250,5
4192,1389,29,2,340,5
4193,1389,9,3,1280,5
4194,1390,76,2,9200,29
4195,1390,19,2,4200,29
4196,1391,21,2,33400,15
4197,1391,49,1,88,15
4198,1391,60,1,1750,15
4199,1391,16,1,52000,15
4200,1392,29,1,340,
4201,1392,33,2,420,
4202,1393,47,3,72,8
4203,1393,17,2,14800,8
4204,1393,2,2,14200,8
4205,1393,68,2,780,8
4206,1393,68,3,780,8
4207,1394,8,3,210,27
4208,1394,17,2,14800,27
4209,1394,34,3,2450,27
4210,1395,45,1,58,15
4211,1395,63,1,1480,15
4212,1396,75,2,1180,25
4213,1396,10,1,860,25
4214,1396,25,2,920,25
4215,1396,54,2,260,25
4216,1397,64,2,260,11
4217,1398,6,2,720,16
4218,1399,20,2,1850,19
4219,1399,3,1,26400,19
4220,1400,17,3,14800,
4221,1400,66,2,3200,
4222,1400,11,3,1180,
4223,1400,65,2,640,
4224,1401,9,3,1280,16
4225,1401,18,2,21400,16
4226,1401,42,2,480,16
4227,1402,49,2,88,24
4228,1402,32,2,1180,24
4229,1403,8,3,210,30
4230,1403,41,3,2200,30
4231,1404,54,1,260,14
4232,1404,65,3,640,14
4233,1405,43,2,620,22
4234,1406,50,1,240,30
4235,1406,36,2,6200,30
4236,1407,65,3,640,30
4237,1407,54,2,260,30
4238,1407,31,3,3100,30
4239,1408,70,3,1180,
4240,1408,23,2,1280,
4241,1408,44,2,1400,
4242,1408,70,2,1180,
4243,1409,9,3,1280,26
4244,1410,68,1,780,20
4245,1411,1,2,18500,13
4246,1411,43,1,620,13
4247,1411,53,2,8200,13
4248,1412,57,3,7600,27
4249,1413,43,2,620,20
4250,1413,30,1,1320,20
4251,1413,51,3,340,20
4252,1414,31,2,3100,4
4253,1414,30,1,1320,4
4254,1414,49,2,88,4
4255,1414,34,3,2450,4
4256,1415,16,2,52000,15
4257,1416,6,3,720,
4258,1416,48,2,126,
4259,1416,3,1,26400,
4260,1417,52,1,920,15
4261,1417,63,1,1480,15
4262,1417,8,3,210,15
4263,1417,62,3,520,15
4264,1418,37,2,7400,26
4265,1418,40,3,520,26
4266,1419,4,1,11800,22
4267,1419,35,3,860,22
4268,1419,49,1,88,22
4269,1419,45,2,58,22
4270,1420,45,1,58,23
4271,1420,50,3,240,23
4272,1420,18,3,21400,23
4273,1420,27,2,8700,23
4274,1421,36,1,6200,7
4275,1421,49,2,88,7
4276,1421,48,3,126,7
4277,1422,22,2,640,28
4278,1423,9,3,1280,11
4279,1423,34,3,2450,11
4280,1423,3,1,26400,11
4281,1423,3,3,26400,11
4282,1423,70,2,1180,11
4283,1424,67,2,540,
4284,1424,6,1,720,
4285,1424,54,1,260,
4286,1425,17,3,14800,11
4287,1425,46,1,185,11
4288,1425,12,2,3250,11
4289,1426,27,2,8700,17
4290,1426,65,3,640,17
4291,1426,19,2,4200,17
4292,1426,73,2,680,17
4293,1426,52,1,920,17
4294,1427,60,3,1750,4
4295,1428,2,2,14200,15
4296,1428,16,2,52000,15
4297,1429,63,2,1480,25
4298,1429,65,1,640,25
4299,1429,40,3,520,25
4300,1429,33,2,420,25
4301,1430,4,2,11800,12
4302,1430,41,2,2200,12
4303,1431,66,3,3200,2
4304,1431,10,3,860,2
4305,1431,31,2,3100,2
4306,1431,44,2,1400,2
4307,1432,2,1,14200,
4308,1432,68,2,780,
4309,1432,68,2,780,
4310,1432,43,3,620,
4311,1433,43,3,620,24
4312,1433,21,2,33400,24
4313,1433,26,3,2400,24
4314,1434,22,1,640,27
4315,1435,56,3,5600,7
4316,1435,42,1,480,7
4317,1435,7,1,95,7
4318,1435,7,2,95,7
4319,1436,40,3,520,7
4320,1436,65,3,640,7
4321,1436,11,1,1180,7
4322,1436,77,3,12600,7
4323,1436,49,1,88,7
4324,1437,51,3,340,17
4325,1438,34,3,2450,29
4326,1438,54,3,260,29
4327,1438,11,1,1180,29
4328,1438,72,1,540,29
4329,1438,15,1,540,29
4330,1439,39,1,1950,13
4331,1439,72,1,540,13
4332,1439,31,3,3100,13
4333,1439,46,2,185,13
4334,1440,66,3,3200,
4335,1440,30,1,1320,
4336,1440,54,2,260,
4337,1440,73,2,680,
4338,1440,24,2,8800,
4339,1441,75,2,1180,22
4340,1441,10,2,860,22
4341,1442,7,2,95,24
4342,1442,40,1,520,24
4343,1442,49,1,88,24
4344,1442,20,2,1850,24
4345,1443,22,1,640,5
4346,1443,16,3,52000,5
4347,1444,75,3,1180,18
4348,1445,20,3,1850,21
4349,1445,19,1,4200,21
4350,1445,44,3,1400,21
4351,1446,72,1,540,26
4352,1446,15,2,540,26
4353,1447,70,1,1180,4
4354,1447,72,2,540,4
4355,1447,42,2,480,4
4356,1447,8,1,210,4
4357,1448,30,3,1320,
4358,1448,25,2,920,
4359,1448,4,1,11800,
4360,1449,5,2,3900,15
4361,1449,72,1,540,15
4362,1449,20,1,1850,15
4363,1450,78,3,215,5
4364,1450,79,2,6800,5
4365,1450,43,3,620,5
4366,1450,14,2,1450,5
4367,1450,79,2,6800,5
4368,1451,12,2,3250,2
4369,1451,60,2,1750,2
4370,1451,20,1,1850,2
4371,1451,76,1,9200,2
4372,1451,41,2,2200,2
4373,1452,29,1,340,16
4374,1453,38,1,2850,1
4375,1453,41,1,2200,1
4376,1454,23,3,1280,2
4377,1454,30,3,1320,2
4378,1454,60,1,1750,2
4379,1455,27,1,8700,24
4380,1456,54,3,260,
4381,1456,20,1,1850,
4382,1456,61,3,390,
4383,1456,30,3,1320,
4384,1457,58,3,1180,20
4385,1457,41,3,2200,20
4386,1458,72,3,540,10
4387,1458,68,2,780,10
4388,1458,3,2,26400,10
4389,1458,69,3,1450,10
4390,1458,58,2,1180,10
4391,1459,68,2,780,21
4392,1459,42,1,480,21
4393,1459,60,3,1750,21
4394,1460,72,2,540,21
4395,1460,46,1,185,21
4396,1460,78,3,215,21
4397,1460,27,3,8700,21
4398,1460,20,1,1850,21
4399,1461,19,3,4200,19
4400,1461,33,3,420,19
4401,1461,68,1,780,19
4402,1461,47,1,72,19
4403,1462,57,2,7600,21
4404,1462,17,3,14800,21
4405,1462,42,2,480,21
4406,1462,76,2,9200,21
4407,1463,59,1,9400,19
4408,1463,42,3,480,19
4409,1463,73,2,680,19
4410,1463,75,1,1180,19
4411,1463,4,1,11800,19
4412,1464,15,2,540,
4413,1464,30,1,1320,
4414,1464,34,1,2450,
4415,1464,64,3,260,
4416,1464,72,3,540,
4417,1465,66,1,3200,4
4418,1466,19,2,4200,23
4419,1466,9,3,1280,23
4420,1467,27,2,8700,7
4421,1467,7,3,95,7
4422,1467,6,2,720,7
4423,1467,12,1,3250,7
4424,1467,51,3,340,7
4425,1468,75,1,1180,29
4426,1468,18,3,21400,29
4427,1468,72,3,540,29
4428,1468,53,1,8200,29
4429,1469,13,3,760,28
4430,1470,69,2,1450,2
4431,1471,48,2,126,13
4432,1472,72,1,540,
4433,1472,25,1,920,
4434,1472,66,1,3200,
4435,1473,75,1,1180,5
4436,1473,43,3,620,5
4437,1473,23,2,1280,5
4438,1473,15,3,540,5
4439,1474,74,3,330,30
4440,1474,65,3,640,30
4441,1474,3,1,26400,30
4442,1474,12,3,3250,30
4443,1474,11,3,1180,30
4444,1475,30,3,1320,13
4445,1475,17,3,14800,13
4446,1475,28,1,680,13
4447,1476,5,2,3900,19
4448,1476,61,1,390,19
4449,1477,50,3,240,27
4450,1477,6,1,720,27
4451,1477,37,1,7400,27
4452,1477,44,1,1400,27
4453,1478,22,2,640,15
4454,1478,36,1,6200,15
4455,1478,36,2,6200,15
4456,1478,53,1,8200,15
4457,1479,26,1,2400,24
4458,1479,23,1,1280,24
4459,1479,15,3,540,24
4460,1479,63,1,1480,24
4461,1479,6,2,720,24
4462,1480,34,1,2450,
4463,1480,50,1,240,
4464,1480,60,3,1750,
4465,1480,10,3,860,
4466,1481,7,1,95,23
4467,1482,7,1,95,28
4468,1482,76,1,9200,28
4469,1482,7,1,95,28
4470,1482,51,3,340,28
4471,1483,44,3,1400,29
4472,1483,42,3,480,29
4473,1483,63,3,1480,29
4474,1484,66,3,3200,1
4475,1484,7,3,95,1
4476,1484,60,2,1750,1
4477,1485,69,3,1450,17
4478,1485,15,3,540,17
4479,1486,42,3,480,24
4480,1486,56,3,5600,24
4481,1486,31,1,3100,24
4482,1486,11,1,1180,24
4483,1486,68,3,780,24
4484,1487,40,2,520,22
4485,1488,61,1,390,
4486,1488,68,1,780,
4487,1488,75,1,1180,
4488,1488,64,3,260,
4489,1488,43,3,620,
4490,1489,54,3,260,28
4491,1489,12,3,3250,28
4492,1489,45,1,58,28
4493,1490,78,1,215,7
4494,1490,66,3,3200,7
4495,1490,24,1,8800,7
4496,1491,79,2,6800,17
4497,1491,17,3,14800,17
4498,1491,77,2,12600,17
4499,1491,29,1,340,17
4500,1491,35,2,860,17
4501,1492,54,3,260,16
4502,1492,66,3,3200,16
4503,1492,26,3,2400,16
4504,1492,61,1,390,16
4505,1493,59,3,9400,13
4506,1493,75,3,1180,13
4507,1493,26,1,2400,13
4508,1494,2,2,14200,13
4509,1494,68,1,780,13
4510,1494,29,1,340,13
4511,1495,37,3,7400,19
4512,1496,41,1,2200,
4513,1496,30,1,1320,
4514,1496,66,1,3200,
4515,1496,43,2,620,
4516,1497,39,3,1950,9
4517,1497,5,3,3900,9
4518,1497,71,3,2100,9
4519,1497,8,1,210,9
4520,1498,29,2,340,6
4521,1499,15,1,540,26
4522,1499,63,2,1480,26
4523,1499,36,2,6200,26
4524,1500,16,2,52000,18
4525,1500,11,3,1180,18
4526,1500,76,3,9200,18
4527,1501,52,2,920,21
4528,1502,62,3,520,7
4529,1503,28,2,680,10
4530,1503,19,1,4200,10
4531,1503,8,2,210,10
4532,1503,25,1,920,10
4533,1503,47,1,72,10
4534,1504,1,2,18500,
4535,1504,17,1,14800,
4536,1504,12,3,3250,
4537,1505,69,1,1450,1
4538,1505,8,2,210,1
4539,1505,9,2,1280,1
4540,1505,20,1,1850,1
4541,1505,70,1,1180,1
4542,1506,46,2,185,30
4543,1507,31,3,3100,10
4544,1508,15,3,540,2
4545,1508,19,3,4200,2
4546,1508,11,3,1180,2
4547,1509,64,1,260,25
4548,1509,78,2,215,25
4549,1509,28,1,680,25
4550,1509,44,1,1400,25
4551,1509,54,1,260,25
4552,1510,33,2,420,24
4553,1510,53,3,8200,24
4554,1510,13,1,760,24
4555,1511,42,3,480,17
4556,1511,1,1,18500,17
4557,1511,30,1,1320,17
4558,1511,63,2,1480,17
4559,1512,52,3,920,
4560,1513,77,2,12600,10
4561,1514,73,2,680,4
4562,1514,67,3,540,4
4563,1514,63,2,1480,4
4564,1514,33,1,420,4
4565,1515,19,2,4200,28
4566,1516,37,2,7400,28
4567,1516,45,3,58,28
4568,1517,40,1,520,27
4569,1517,73,1,680,27
4570,1517,72,3,540,27
4571,1518,15,1,540,30
4572,1518,8,1,210,30
4573,1519,24,2,8800,14
4574,1519,53,3,8200,14
4575,1520,72,3,540,
4576,1520,65,2,640,
4577,1520,39,1,1950,
4578,1520,35,3,860,
4579,1520,34,1,2450,
4580,1521,67,3,540,16
4581,1521,49,1,88,16
4582,1521,11,3,1180,16
4583,1521,63,1,1480,16
4584,1521,60,2,1750,16
4585,1522,39,1,1950,7
4586,1522,13,1,760,7
4587,1522,33,2,420,7
4588,1522,7,3,95,7
4589,1523,49,1,88,24
4590,1523,58,1,1180,24
4591,1523,15,3,540,24
4592,1523,13,2,760,24
4593,1523,74,2,330,24
4594,1524,75,2,1180,15
4595,1524,61,2,390,15
4596,1524,35,2,860,15
4597,1525,16,2,52000,20
4598,1525,66,3,3200,20
4599,1526,25,1,920,13
4600,1526,17,2,14800,13
4601,1526,1,2,18500,13
4602,1526,24,1,8800,13
4603,1527,29,2,340,26
4604,1527,71,1,2100,26
4605,1527,31,2,3100,26
4606,1527,27,1,8700,26
4607,1528,34,2,2450,
4608,1528,16,3,52000,
4609,1528,20,3,1850,
4610,1528,13,1,760,
4611,1528,45,2,58,
4612,1529,32,2,1180,15
4613,1530,11,1,1180,20
4614,1530,43,1,620,20
4615,1530,63,3,1480,20
4616,1530,22,3,640,20
4617,1531,79,3,6800,2
4618,1531,11,3,1180,2
4619,1531,75,1,1180,2
4620,1531,27,1,8700,2
4621,1531,74,3,330,2
4622,1532,18,3,21400,2
4623,1532,27,3,8700,2
4624,1532,79,2,6800,2
4625,1532,64,2,260,2
4626,1533,30,3,1320,13
4627,1533,27,2,8700,13
4628,1533,19,2,4200,13
4629,1534,27,3,8700,5
4630,1534,35,3,860,5
4631,1534,65,3,640,5
4632,1534,57,2,7600,5
4633,1535,54,1,260,2
4634,1535,25,2,920,2
4635,1535,18,1,21400,2
4636,1536,66,3,3200,
4637,1536,46,3,185,
4638,1536,41,1,2200,
4639,1536,71,2,2100,
4640,1536,5,1,3900,
4641,1537,77,1,12600,1
4642,1537,28,2,680,1
4643,1537,17,2,14800,1
4644,1537,74,1,330,1
4645,1537,14,2,1450,1
4646,1538,75,3,1180,16
4647,1539,77,2,12600,5
4648,1539,23,3,1280,5
4649,1539,29,3,340,5
4650,1540,48,2,126,1
4651,1540,44,3,1400,1
4652,1540,60,3,1750,1
4653,1540,28,1,680,1
4654,1541,42,1,480,6
4655,1541,40,3,520,6
4656,1541,75,1,1180,6
4657,1541,54,3,260,6
4658,1542,23,2,1280,21
4659,1542,58,2,1180,21
4660,1542,26,2,2400,21
4661,1542,37,3,7400,21
4662,1543,43,1,620,2
4663,1543,23,1,1280,2
4664,1544,79,2,6800,
4665,1545,42,1,480,16
4666,1545,75,1,1180,16
4667,1545,61,1,390,16
4668,1545,26,2,2400,16
4669,1546,62,3,520,24
4670,1546,69,2,1450,24
4671,1546,69,2,1450,24
4672,1547,38,3,2850,24
4673,1547,50,1,240,24
4674,1548,11,2,1180,5
4675,1548,33,1,420,5
4676,1549,59,1,9400,22
4677,1549,64,2,260,22
4678,1550,24,3,8800,15
4679,1550,11,2,1180,15
4680,1551,49,3,88,5
4681,1551,13,1,760,5
4682,1551,70,3,1180,5
4683,1551,71,2,2100,5
4684,1551,16,1,52000,5
4685,1552,33,2,420,
4686,1552,9,2,1280,
4687,1553,67,1,540,2
4688,1553,7,1,95,2
4689,1553,59,3,9400,2
4690,1554,35,2,860,15
4691,1555,35,2,860,21
4692,1556,64,1,260,10
4693,1557,64,2,260,11
4694,1557,37,1,7400,11
4695,1557,70,1,1180,11
4696,1557,8,1,210,11
4697,1558,1,1,18500,24
4698,1558,68,1,780,24
4699,1559,20,1,1850,25
4700,1559,6,2,720,25
4701,1559,33,1,420,25
4702,1559,59,1,9400,25
4703,1560,42,1,480,
4704,1560,50,2,240,
4705,1560,32,3,1180,
4706,1560,45,1,58,
4707,1561,12,1,3250,21
4708,1561,39,1,1950,21
4709,1561,63,1,1480,21
4710,1561,62,1,520,21
4711,1561,73,2,680,21
4712,1562,17,3,14800,19
4713,1562,37,1,7400,19
4714,1562,29,1,340,19
4715,1563,69,3,1450,20
4716,1563,16,1,52000,20
4717,1564,42,3,480,24
4718,1564,24,1,8800,24
4719,1564,37,2,7400,24
4720,1564,22,3,640,24
4721,1565,49,1,88,9
4722,1565,73,3,680,9
4723,1565,61,1,390,9
4724,1566,18,1,21400,27
4725,1566,58,2,1180,27
4726,1566,22,3,640,27
4727,1566,50,2,240,27
4728,1567,46,1,185,12
4729,1567,14,3,1450,12
4730,1567,67,1,540,12
4731,1567,11,3,1180,12
4732,1568,4,1,11800,
4733,1568,3,1,26400,
4734,1569,72,3,540,7
4735,1569,20,2,1850,7
4736,1569,22,3,640,7
4737,1570,70,2,1180,26
4738,1571,76,3,9200,21
4739,1571,12,3,3250,21
4740,1572,45,1,58,27
4741,1573,40,1,520,16
4742,1573,70,1,1180,16
4743,1574,39,2,1950,14
4744,1574,36,2,6200,14
4745,1574,21,2,33400,14
4746,1574,67,1,540,14
4747,1575,35,2,860,18
4748,1575,60,2,1750,18
4749,1575,38,2,2850,18
4750,1576,33,3,420,
4751,1577,46,1,185,28
4752,1578,35,1,860,29
4753,1578,51,3,340,29
4754,1578,71,1,2100,29
4755,1579,44,3,1400,26
4756,1579,26,1,2400,26
4757,1579,22,3,640,26
4758,1580,74,1,330,11
4759,1581,31,2,3100,16
4760,1581,43,1,620,16
4761,1581,75,1,1180,16
4762,1581,44,3,1400,16
4763,1582,32,3,1180,6
4764,1583,52,2,920,3
4765,1583,49,1,88,3
4766,1583,22,1,640,3
4767,1584,36,1,6200,
4768,1584,42,3,480,
4769,1584,10,1,860,
4770,1584,20,1,1850,
4771,1584,50,3,240,
4772,1585,32,1,1180,4
4773,1586,46,2,185,3
4774,1586,46,1,185,3
4775,1587,11,1,1180,16
4776,1588,19,1,4200,8
4777,1588,43,1,620,8
4778,1589,41,2,2200,26
4779,1589,63,1,1480,26
4780,1589,31,3,3100,26
4781,1589,7,3,95,26
4782,1589,51,2,340,26
4783,1590,17,3,14800,20
4784,1590,11,2,1180,20
4785,1591,48,1,126,23
4786,1592,17,3,14800,
4787,1593,65,1,640,28
4788,1593,2,2,14200,28
4789,1593,13,1,760,28
4790,1594,14,2,1450,10
4791,1594,36,2,6200,10
4792,1595,76,3,9200,29
4793,1595,63,3,1480,29
4794,1595,72,2,540,29
4795,1596,71,2,2100,4
4796,1597,19,1,4200,27
4797,1597,79,3,6800,27
4798,1597,22,1,640,27
4799,1597,1,1,18500,27
4800,1597,75,3,1180,27
4801,1598,22,3,640,25
4802,1598,60,2,1750,25
4803,1598,10,3,860,25
4804,1598,28,1,680,25
4805,1598,53,3,8200,25
4806,1599,2,2,14200,4
4807,1599,33,1,420,4
4808,1600,62,2,520,
4809,1600,53,3,8200,
4810,1600,33,3,420,
4811,1601,35,2,860,26
4812,1601,78,2,215,26
4813,1601,58,1,1180,26
4814,1602,79,1,6800,3
4815,1602,22,1,640,3
4816,1602,7,1,95,3
4817,1602,40,2,520,3
4818,1603,6,2,720,29
4819,1603,42,2,480,29
4820,1603,6,1,720,29
4821,1603,56,2,5600,29
4822,1603,13,3,760,29
4823,1604,1,2,18500,22
4824,1605,7,2,95,19
4825,1605,67,2,540,19
4826,1605,14,3,1450,19
4827,1606,21,2,33400,14
4828,1606,48,1,126,14
4829,1606,34,1,2450,14
4830,1607,33,3,420,3
4831,1607,18,3,21400,3
4832,1607,68,3,780,3
4833,1607,70,1,1180,3
4834,1608,8,1,210,
4835,1608,72,1,540,
4836,1609,31,2,3100,3
4837,1609,71,3,2100,3
4838,1609,10,2,860,3
4839,1609,42,1,480,3
4840,1609,6,3,720,3
4841,1610,60,1,1750,28
4842,1610,9,1,1280,28
4843,1610,47,3,72,28
4844,1611,25,3,920,25
4845,1611,63,1,1480,25
4846,1611,43,3,620,25
4847,1612,4,3,11800,25
4848,1612,17,1,14800,25
4849,1612,78,1,215,25
4850,1612,3,1,26400,25
4851,1613,54,1,260,30
4852,1614,35,1,860,13
4853,1614,64,1,260,13
4854,1614,27,2,8700,13
4855,1615,49,1,88,11
4856,1615,68,1,780,11
4857,1616,79,3,6800,
4858,1616,11,1,1180,
4859,1617,1,2,18500,14
4860,1617,44,2,1400,14
4861,1617,15,2,540,14
4862,1618,69,1,1450,8
4863,1618,16,3,52000,8
4864,1618,27,1,8700,8
4865,1618,14,1,1450,8
4866,1618,36,1,6200,8
4867,1619,47,2,72,17
4868,1619,39,2,1950,17
4869,1620,79,1,6800,10
4870,1621,65,1,640,12
4871,1621,59,2,9400,12
4872,1621,60,2,1750,12
4873,1622,13,3,760,4
4874,1622,9,2,1280,4
4875,1622,62,2,520,4
4876,1622,62,1,520,4
4877,1623,56,2,5600,7
4878,1624,45,3,58,
4879,1624,73,3,680,
4880,1624,27,2,8700,
4881,1625,61,2,390,20
4882,1626,1,1,18500,22
4883,1626,43,1,620,22
4884,1626,58,1,1180,22
4885,1626,17,1,14800,22
4886,1626,27,1,8700,22
4887,1627,4,1,11800,19
4888,1627,73,2,680,19
4889,1627,62,1,520,19
4890,1627,54,1,260,19
4891,1627,19,2,4200,19
4892,1628,64,1,260,16
4893,1628,33,1,420,16
4894,1628,28,3,680,16
4895,1629,55,2,780,27
4896,1629,61,3,390,27
4897,1629,24,1,8800,27
4898,1630,39,3,1950,3
4899,1630,17,1,14800,3
4900,1630,34,2,2450,3
4901,1630,53,3,8200,3
4902,1630,10,1,860,3
4903,1631,37,3,7400,27
4904,1631,18,1,21400,27
4905,1632,8,3,210,
4906,1632,78,1,215,
4907,1632,58,2,1180,
4908,1632,37,3,7400,
4909,1632,64,2,260,
4910,1633,5,3,3900,3
4911,1634,38,3,2850,6
4912,1634,18,1,21400,6
4913,1634,9,3,1280,6
4914,1634,58,3,1180,6
4915,1635,1,3,18500,11
4916,1636,8,3,210,11
4917,1636,1,1,18500,11
4918,1636,10,3,860,11
4919,1636,43,2,620,11
4920,1636,70,3,1180,11
4921,1637,19,2,4200,9
4922,1638,64,1,260,5
4923,1638,41,3,2200,5
4924,1638,72,3,540,5
4925,1638,11,1,1180,5
4926,1639,43,1,620,10
4927,1639,28,1,680,10
4928,1639,66,3,3200,10
4929,1639,65,3,640,10
4930,1640,58,3,1180,
4931,1640,38,2,2850,
4932,1641,62,3,520,5
4933,1641,14,2,1450,5
4934,1642,20,2,1850,20
4935,1642,69,2,1450,20
4936,1642,63,2,1480,20
4937,1642,24,3,8800,20
4938,1643,54,2,260,16
4939,1643,30,1,1320,16
4940,1643,54,1,260,16
4941,1644,39,1,1950,12
4942,1644,72,1,540,12
4943,1644,12,3,3250,12
4944,1645,29,1,340,9
4945,1645,44,3,1400,9
4946,1645,27,3,8700,9
4947,1645,24,1,8800,9
4948,1645,22,3,640,9
4949,1646,40,3,520,5
4950,1646,47,3,72,5
4951,1646,2,2,14200,5
4952,1646,64,2,260,5
4953,1646,55,1,780,5
4954,1647,50,2,240,28
4955,1647,63,2,1480,28
4956,1648,55,1,780,
4957,1648,30,3,1320,
4958,1648,29,1,340,
4959,1649,76,2,9200,5
4960,1649,28,2,680,5
4961,1649,44,1,1400,5
4962,1649,58,2,1180,5
4963,1649,27,3,8700,5
4964,1650,54,2,260,2
4965,1651,65,2,640,23
4966,1651,38,2,2850,23
4967,1651,60,3,1750,23
4968,1652,59,1,9400,22
4969,1652,34,2,2450,22
4970,1652,70,2,1180,22
4971,1652,44,2,1400,22
4972,1652,21,2,33400,22
4973,1653,4,2,11800,10
4974,1653,52,1,920,10
4975,1654,26,1,2400,17
4976,1655,56,3,5600,8
4977,1655,67,2,540,8
4978,1655,62,1,520,8
4979,1655,22,2,640,8
4980,1656,21,1,33400,
4981,1656,46,2,185,
4982,1656,79,2,6800,
4983,1657,7,1,95,2
4984,1657,65,2,640,2
4985,1657,69,3,1450,2
4986,1658,36,3,6200,9
4987,1658,6,3,720,9
4988,1658,56,1,5600,9
4989,1658,21,3,33400,9
4990,1659,49,1,88,23
4991,1659,41,1,2200,23
4992,1659,72,2,540,23
4993,1660,65,3,640,17
4994,1660,45,2,58,17
4995,1660,61,2,390,17
4996,1661,56,3,5600,19
4997,1662,54,3,260,19
4998,1662,3,1,26400,19
4999,1662,42,2,480,19
5000,1663,24,2,8800,16
5001,1663,59,3,9400,16
5002,1663,28,1,680,16
5003,1663,29,3,340,16
5004,1664,22,2,640,
5005,1665,58,3,1180,1
5006,1666,40,2,520,25
5007,1666,6,1,720,25
5008,1666,42,3,480,25
5009,1666,56,3,5600,25
5010,1667,75,3,1180,1
5011,1667,51,2,340,1
5012,1667,21,2,33400,1
5013,1668,18,2,21400,16
5014,1668,63,3,1480,16
5015,1668,62,3,520,16
5016,1669,77,1,12600,16
5017,1669,66,1,3200,16
5018,1670,64,1,260,8
5019,1670,78,3,215,8
5020,1671,28,1,680,4
5021,1672,48,2,126,
5022,1672,16,2,52000,
5023,1673,23,3,1280,1
5024,1674,30,3,1320,7
5025,1674,41,1,2200,7
5026,1674,77,1,12600,7
5027,1674,70,1,1180,7
5028,1674,40,2,520,7
5029,1675,23,3,1280,25
5030,1676,36,1,6200,14
5031,1676,71,1,2100,14
5032,1677,9,3,1280,14
5033,1677,72,2,540,14
5034,1678,26,1,2400,2
5035,1678,32,2,1180,2
5036,1679,55,2,780,18
5037,1680,4,3,11800,
5038,1681,76,3,9200,30
5039,1681,68,2,780,30
5040,1681,78,1,215,30
5041,1681,46,2,185,30
5042,1681,40,1,520,30
5043,1682,36,1,6200,13
5044,1682,72,1,540,13
5045,1682,53,1,8200,13
5046,1682,49,1,88,13
5047,1683,54,2,260,12
5048,1684,42,1,480,14
5049,1684,18,1,21400,14
5050,1685,53,3,8200,6
5051,1685,32,3,1180,6
5052,1685,33,1,420,6
5053,1685,31,3,3100,6
5054,1685,44,2,1400,6
5055,1686,9,3,1280,17
5056,1686,67,3,540,17
5057,1686,67,1,540,17
5058,1686,62,2,520,17
5059,1687,70,3,1180,6
5060,1688,7,3,95,
5061,1688,37,1,7400,
5062,1688,2,2,14200,
5063,1689,57,3,7600,6
5064,1689,46,2,185,6
5065,1690,19,3,4200,14
5066,1690,21,2,33400,14
5067,1690,66,3,3200,14
5068,1690,58,1,1180,14
5069,1691,3,3,26400,18
5070,1691,44,2,1400,18
5071,1691,52,2,920,18
5072,1692,55,3,780,7
5073,1692,22,1,640,7
5074,1692,39,1,1950,7
5075,1692,37,2,7400,7
5076,1692,37,1,7400,7
5077,1693,9,3,1280,13
5078,1693,49,3,88,13
5079,1693,78,3,215,13
5080,1693,5,3,3900,13
5081,1693,5,3,3900,13
5082,1694,55,1,780,20
5083,1694,17,2,14800,20
5084,1694,62,3,520,20
5085,1694,52,2,920,20
5086,1695,27,1,8700,8
5087,1695,2,3,14200,8
5088,1696,32,1,1180,
5089,1697,72,3,540,16
5090,1697,10,1,860,16
5091,1697,32,3,1180,16
5092,1697,45,2,58,16
5093,1697,59,3,9400,16
5094,1698,2,3,14200,29
5095,1698,23,1,1280,29
5096,1698,50,2,240,29
5097,1699,36,3,6200,22
5098,1699,51,2,340,22
5099,1699,48,1,126,22
5100,1699,37,3,7400,22
5101,1700,40,2,520,13
5102,1701,47,1,72,14
5103,1701,45,2,58,14
5104,1701,42,1,480,14
5105,1701,28,2,680,14
5106,1702,71,2,2100,7
5107,1703,67,2,540,15
5108,1703,23,3,1280,15
5109,1704,55,2,780,
5110,1704,33,2,420,
5111,1704,48,1,126,
5112,1704,61,3,390,
5113,1705,1,1,18500,2
5114,1705,73,2,680,2
5115,1706,68,3,780,7
5116,1706,76,1,9200,7
5117,1706,66,1,3200,7
5118,1706,9,3,1280,7
5119,1706,64,3,260,7
5120,1707,77,1,12600,19
5121,1707,49,2,88,19
5122,1707,11,2,1180,19
5123,1707,71,2,2100,19
5124,1707,72,1,540,19
5125,1708,18,3,21400,20
5126,1708,64,3,260,20
5127,1708,67,1,540,20
5128,1708,43,3,620,20
5129,1708,28,1,680,20
5130,1709,57,3,7600,23
5131,1709,56,1,5600,23
5132,1709,51,3,340,23
5133,1709,1,3,18500,23
5134,1709,63,3,1480,23
5135,1710,59,3,9400,15
5136,1710,56,2,5600,15
5137,1711,67,1,540,3
5138,1711,27,2,8700,3
5139,1711,17,1,14800,3
5140,1711,24,3,8800,3
5141,1711,73,2,680,3
5142,1712,54,2,260,
5143,1712,25,1,920,
5144,1712,20,1,1850,
5145,1713,53,2,8200,27
5146,1713,39,3,1950,27
5147,1713,55,2,780,27
5148,1713,48,2,126,27
5149,1713,27,2,8700,27
5150,1714,9,2,1280,20
5151,1714,19,2,4200,20
5152,1715,34,3,2450,19
5153,1716,55,3,780,20
5154,1717,40,1,520,8
5155,1717,55,1,780,8
5156,1717,1,3,18500,8
5157,1717,32,3,1180,8
5158,1718,11,1,1180,16
5159,1718,57,2,7600,16
5160,1718,24,2,8800,16
5161,1718,26,2,2400,16
5162,1718,6,3,720,16
5163,1719,10,3,860,11
5164,1719,19,3,4200,11
5165,1719,23,3,1280,11
5166,1719,26,3,2400,11
5167,1720,65,3,640,
5168,1720,27,1,8700,
5169,1720,17,3,14800,
5170,1721,22,2,640,29
5171,1721,6,2,720,29
5172,1721,55,1,780,29
5173,1721,3,3,26400,29
5174,1722,18,3,21400,5
5175,1722,12,3,3250,5
5176,1722,52,3,920,5
5177,1723,3,3,26400,24
5178,1724,32,3,1180,17
5179,1724,44,1,1400,17
5180,1724,2,2,14200,17
5181,1725,2,2,14200,30
5182,1725,5,3,3900,30
5183,1725,11,1,1180,30
5184,1725,65,3,640,30
5185,1726,27,3,8700,4
5186,1727,49,3,88,23
5187,1727,54,1,260,23
5188,1727,17,3,14800,23
5189,1727,33,2,420,23
5190,1727,7,3,95,23
5191,1728,27,3,8700,
5192,1728,61,1,390,
5193,1728,54,2,260,
5194,1728,36,1,6200,
5195,1729,1,2,18500,19
5196,1729,6,2,720,19
5197,1729,64,3,260,19
5198,1729,34,1,2450,19
5199,1729,61,2,390,19
5200,1730,42,2,480,18
5201,1730,4,1,11800,18
5202,1730,56,2,5600,18
5203,1730,46,3,185,18
5204,1731,37,3,7400,3
5205,1731,11,1,1180,3
5206,1731,66,1,3200,3
5207,1731,33,1,420,3
5208,1731,78,1,215,3
5209,1732,70,2,1180,10
5210,1732,59,3,9400,10
5211,1732,3,1,26400,10
5212,1733,50,2,240,25
5213,1733,9,1,1280,25
5214,1733,11,3,1180,25
5215,1734,43,2,620,20
5216,1734,74,1,330,20
5217,1734,32,2,1180,20
5218,1734,75,3,1180,20
5219,1734,45,1,58,20
5220,1735,72,3,540,17
5221,1735,25,3,920,17
5222,1736,73,1,680,
5223,1736,77,1,12600,
5224,1737,66,2,3200,6
5225,1737,74,2,330,6
5226,1737,53,3,8200,6
5227,1737,15,3,540,6
5228,1737,12,1,3250,6
5229,1738,16,3,52000,9
5230,1738,38,1,2850,9
5231,1738,58,1,1180,9
5232,1739,10,1,860,6
5233,1739,68,3,780,6
5234,1739,53,3,8200,6
5235,1739,44,3,1400,6
5236,1739,39,3,1950,6
5237,1740,53,3,8200,30
5238,1740,48,1,126,30
5239,1740,6,3,720,30
5240,1741,9,3,1280,2
5241,1741,55,1,780,2
5242,1741,17,2,14800,2
5243,1741,28,3,680,2
5244,1741,57,3,7600,2
5245,1742,33,2,420,1
5246,1742,57,2,7600,1
5247,1742,58,3,1180,1
5248,1742,59,3,9400,1
5249,1743,38,2,2850,30
5250,1743,27,3,8700,30
5251,1744,7,3,95,
5252,1744,66,1,3200,
5253,1744,33,1,420,
5254,1744,75,1,1180,
5255,1744,6,1,720,
5256,1745,4,1,11800,8
5257,1745,39,1,1950,8
5258,1746,72,2,540,20
5259,1747,54,1,260,7
5260,1747,12,3,3250,7
5261,1747,10,3,860,7
5262,1748,2,1,14200,12
5263,1748,24,2,8800,12
5264,1748,7,2,95,12
5265,1748,19,2,4200,12
5266,1749,22,2,640,10
5267,1749,47,2,72,10
5268,1749,50,2,240,10
5269,1749,2,2,14200,10
5270,1749,66,1,3200,10
5271,1750,63,1,1480,19
5272,1750,56,3,5600,19
5273,1750,33,3,420,19
5274,1750,74,1,330,19
5275,1751,17,2,14800,4
5276,1751,70,3,1180,4
5277,1751,46,1,185,4
5278,1751,45,2,58,4
5279,1751,40,1,520,4
5280,1752,29,2,340,
5281,1753,75,1,1180,7
5282,1753,38,3,2850,7
5283,1753,65,1,640,7
5284,1754,9,3,1280,1
5285,1754,26,1,2400,1
5286,1754,69,3,1450,1
5287,1754,49,1,88,1
5288,1754,22,3,640,1
5289,1755,61,3,390,4
5290,1755,40,1,520,4
5291,1755,47,3,72,4
5292,1755,18,3,21400,4
5293,1755,6,3,720,4
5294,1756,8,3,210,7
5295,1756,59,3,9400,7
5296,1756,5,2,3900,7
5297,1757,36,2,6200,21
5298,1757,51,2,340,21
5299,1757,22,1,640,21
5300,1757,47,1,72,21
5301,1758,65,1,640,7
5302,1758,22,1,640,7
5303,1758,63,3,1480,7
5304,1759,57,3,7600,29
5305,1759,25,3,920,29
5306,1759,48,3,126,29
5307,1760,29,1,340,
5308,1760,69,2,1450,
5309,1760,39,3,1950,
5310,1761,36,3,6200,5
5311,1761,62,2,520,5
5312,1762,67,1,540,29
5313,1762,28,1,680,29
5314,1762,42,1,480,29
5315,1762,36,2,6200,29
5316,1762,39,3,1950,29
5317,1763,15,1,540,22
5318,1763,56,1,5600,22
5319,1764,66,3,3200,26
5320,1765,74,2,330,27
5321,1765,66,3,3200,27
5322,1765,12,3,3250,27
5323,1765,78,1,215,27
5324,1765,18,1,21400,27
5325,1766,7,2,95,30
5326,1766,17,3,14800,30
5327,1766,70,3,1180,30
5328,1766,58,3,1180,30
5329,1767,25,3,920,25
5330,1767,25,1,920,25
5331,1767,30,1,1320,25
5332,1767,68,2,780,25
5333,1767,23,3,1280,25
5334,1768,37,3,7400,
5335,1768,61,1,390,
5336,1768,1,2,18500,
5337,1768,51,1,340,
5338,1769,49,3,88,1
5339,1769,36,2,6200,1
5340,1769,5,1,3900,1
5341,1769,13,2,760,1
5342,1770,44,1,1400,21
5343,1770,42,2,480,21
5344,1770,53,1,8200,21
5345,1771,31,1,3100,19
5346,1771,16,1,52000,19
5347,1772,17,2,14800,24
5348,1772,48,3,126,24
5349,1772,16,1,52000,24
5350,1772,64,2,260,24
5351,1772,1,3,18500,24
5352,1773,41,3,2200,22
5353,1773,20,1,1850,22
5354,1773,71,1,2100,22
5355,1773,76,3,9200,22
5356,1773,31,2,3100,22
5357,1774,65,2,640,13
5358,1774,63,3,1480,13
5359,1774,34,3,2450,13
5360,1775,46,2,185,14
5361,1775,9,1,1280,14
5362,1775,41,1,2200,14
5363,1775,77,3,12600,14
5364,1776,18,3,21400,
5365,1776,34,1,2450,
5366,1776,13,2,760,
5367,1776,25,1,920,
5368,1777,72,2,540,28
5369,1777,21,3,33400,28
5370,1777,77,3,12600,28
5371,1778,68,3,780,7
5372,1779,61,2,390,15
5373,1779,3,1,26400,15
5374,1779,17,1,14800,15
5375,1779,5,1,3900,15
5376,1779,38,1,2850,15
5377,1780,25,2,920,5
5378,1780,8,3,210,5
5379,1781,15,3,540,14
5380,1782,39,1,1950,24
5381,1782,3,3,26400,24
5382,1782,34,3,2450,24
5383,1783,71,3,2100,29
5384,1783,79,2,6800,29
5385,1783,56,2,5600,29
5386,1783,58,1,1180,29
5387,1784,65,2,640,
5388,1784,14,2,1450,
5389,1784,57,1,7600,
5390,1784,11,1,1180,
5391,1785,38,1,2850,28
5392,1785,62,3,520,28
5393,1785,8,2,210,28
5394,1785,8,3,210,28
5395,1785,45,3,58,28
5396,1786,55,3,780,19
5397,1786,77,2,12600,19
5398,1787,57,2,7600,27
5399,1787,34,2,2450,27
5400,1787,72,2,540,27
5401,1787,32,3,1180,27
5402,1788,26,2,2400,13
5403,1788,30,3,1320,13
5404,1788,11,3,1180,13
5405,1788,14,2,1450,13
5406,1789,34,2,2450,4
5407,1789,43,1,620,4
5408,1789,48,2,126,4
5409,1790,20,1,1850,12
5410,1790,71,1,2100,12
5411,1791,76,1,9200,16
5412,1791,16,3,52000,16
5413,1791,21,3,33400,16
5414,1791,1,2,18500,16
5415,1791,54,2,260,16
5416,1792,56,2,5600,
5417,1792,20,1,1850,
5418,1792,49,3,88,
5419,1793,45,1,58,25
5420,1793,2,2,14200,25
5421,1794,34,2,2450,15
5422,1794,22,2,640,15
5423,1794,15,2,540,15
5424,1794,43,3,620,15
5425,1795,68,3,780,24
5426,1795,35,2,860,24
5427,1795,56,3,5600,24
5428,1795,3,3,26400,24
5429,1796,20,1,1850,14
5430,1797,45,1,58,9
5431,1797,31,1,3100,9
5432,1797,6,2,720,9
5433,1797,4,3,11800,9
5434,1798,60,3,1750,4
5435,1798,37,1,7400,4
5436,1798,68,2,780,4
5437,1798,41,3,2200,4
5438,1799,19,3,4200,17
5439,1799,31,3,3100,17
5440,1799,35,3,860,17
5441,1800,59,1,9400,
5442,1801,64,3,260,21
5443,1801,29,1,340,21
5444,1801,13,1,760,21
5445,1801,54,2,260,21
5446,1802,68,2,780,27
5447,1802,3,1,26400,27
5448,1803,59,2,9400,26
5449,1803,55,2,780,26
5450,1804,34,2,2450,23
5451,1804,4,3,11800,23
5452,1804,29,2,340,23
5453,1805,9,3,1280,19
5454,1805,68,2,780,19
5455,1805,7,1,95,19
5456,1805,52,3,920,19
5457,1806,78,3,215,30
5458,1806,13,2,760,30
5459,1807,15,2,540,24
5460,1807,42,2,480,24
5461,1808,2,1,14200,
5462,1808,12,1,3250,
5463,1808,52,2,920,
5464,1809,18,2,21400,15
5465,1809,51,2,340,15
5466,1809,66,1,3200,15
5467,1809,68,3,780,15
5468,1809,21,2,33400,15
5469,1810,21,2,33400,21
5470,1810,18,3,21400,21
5471,1810,50,1,240,21
5472,1811,78,1,215,18
5473,1811,58,1,1180,18
5474,1811,5,3,3900,18
5475,1811,32,3,1180,18
5476,1811,28,3,680,18
5477,1812,50,1,240,4
5478,1812,38,2,2850,4
5479,1813,65,2,640,10
5480,1813,46,1,185,10
5481,1814,14,3,1450,7
5482,1814,54,3,260,7
5483,1814,72,2,540,7
5484,1814,26,3,2400,7
5485,1814,49,3,88,7
5486,1815,62,1,520,25
5487,1815,74,1,330,25
5488,1815,25,1,920,25
5489,1815,56,1,5600,25
5490,1816,66,2,3200,
5491,1816,13,1,760,
5492,1816,40,3,520,
5493,1816,63,3,1480,
5494,1816,54,1,260,
5495,1817,42,1,480,16
5496,1817,11,3,1180,16
5497,1818,35,2,860,27
5498,1818,61,3,390,27
5499,1818,23,3,1280,27
5500,1818,56,3,5600,27
5501,1819,75,2,1180,23
5502,1820,21,2,33400,25
5503,1820,18,2,21400,25
5504,1820,35,1,860,25
5505,1820,21,2,33400,25
5506,1820,38,1,2850,25
5507,1821,1,3,18500,26
5508,1821,29,3,340,26
5509,1822,76,1,9200,7
5510,1822,5,1,3900,7
5511,1822,75,3,1180,7
5512,1822,74,2,330,7
5513,1822,44,1,1400,7
5514,1823,38,2,2850,14
5515,1824,39,3,1950,
5516,1824,6,1,720,
5517,1824,77,3,12600,
5518,1824,43,2,620,
5519,1824,53,2,8200,
5520,1825,39,1,1950,7
5521,1825,42,2,480,7
5522,1825,36,1,6200,7
5523,1825,69,3,1450,7
5524,1826,67,2,540,13
5525,1826,37,1,7400,13
5526,1826,58,1,1180,13
5527,1826,61,2,390,13
5528,1826,75,3,1180,13
5529,1827,47,1,72,11
5530,1827,51,2,340,11
5531,1827,5,3,3900,11
5532,1827,72,3,540,11
5533,1828,70,2,1180,19
5534,1828,29,2,340,19
5535,1829,6,3,720,14
5536,1829,54,2,260,14
5537,1829,60,2,1750,14
5538,1830,78,3,215,30
5539,1830,2,1,14200,30
5540,1830,65,3,640,30
5541,1830,12,1,3250,30
5542,1831,56,2,5600,29
5543,1832,5,3,3900,
5544,1833,71,1,2100,18
5545,1833,74,3,330,18
5546,1833,8,2,210,18
5547,1834,35,2,860,29
5548,1835,67,1,540,4
5549,1835,51,1,340,4
5550,1835,25,1,920,4
5551,1835,41,1,2200,4
5552,1836,45,2,58,26
5553,1836,39,2,1950,26
5554,1836,16,1,52000,26
5555,1836,29,3,340,26
5556,1836,49,2,88,26
5557,1837,18,3,21400,7
5558,1837,20,2,1850,7
5559,1837,52,1,920,7
5560,1837,33,3,420,7
5561,1837,72,1,540,7
5562,1838,78,3,215,6
5563,1838,13,1,760,6
5564,1838,62,2,520,6
5565,1838,52,3,920,6
5566,1839,34,2,2450,3
5567,1839,14,3,1450,3
5568,1840,51,2,340,
5569,1840,62,2,520,
5570,1841,49,2,88,21
5571,1841,5,1,3900,21
5572,1841,63,3,1480,21
5573,1841,49,1,88,21
5574,1842,43,1,620,9
5575,1842,48,2,126,9
5576,1843,30,3,1320,26
5577,1843,30,1,1320,26
5578,1844,79,1,6800,4
5579,1844,74,3,330,4
5580,1844,12,2,3250,4
5581,1844,18,1,21400,4
5582,1844,51,3,340,4
5583,1845,31,1,3100,4
5584,1845,21,1,33400,4
5585,1845,52,2,920,4
5586,1846,14,2,1450,9
5587,1846,15,1,540,9
5588,1847,17,3,14800,7
5589,1847,35,1,860,7
5590,1847,76,1,9200,7
5591,1848,52,2,920,
5592,1848,18,1,21400,
5593,1849,54,1,260,18
5594,1850,68,2,780,16
5595,1850,44,3,1400,16
5596,1850,44,1,1400,16
5597,1850,45,1,58,16
5598,1850,15,3,540,16
5599,1851,64,2,260,23
5600,1851,64,2,260,23
5601,1851,52,2,920,23
5602,1852,61,1,390,22
5603,1852,14,1,1450,22
5604,1852,39,2,1950,22
5605,1852,15,1,540,22
5606,1853,54,3,260,15
5607,1854,9,3,1280,25
5608,1855,61,2,390,7
5609,1855,12,3,3250,7
5610,1855,50,3,240,7
5611,1855,33,1,420,7
5612,1855,18,3,21400,7
5613,1856,36,1,6200,
5614,1856,31,2,3100,
5615,1856,19,1,4200,
5616,1857,71,2,2100,17
5617,1857,27,1,8700,17
5618,1858,5,2,3900,8
5619,1858,78,2,215,8
5620,1858,25,2,920,8
5621,1858,43,2,620,8
5622,1859,43,1,620,13
5623,1859,68,1,780,13
5624,1859,65,1,640,13
5625,1859,11,2,1180,13
5626,1859,27,2,8700,13
5627,1860,1,1,18500,9
5628,1860,26,3,2400,9
5629,1860,30,3,1320,9
5630,1860,25,3,920,9
5631,1860,40,3,520,9
5632,1861,79,2,6800,14
5633,1861,47,2,72,14
5634,1862,72,1,540,12
5635,1862,13,3,760,12
5636,1862,25,1,920,12
5637,1863,11,2,1180,22
5638,1863,13,2,760,22
5639,1863,2,3,14200,22
5640,1864,10,2,860,
5641,1864,6,2,720,
5642,1864,78,2,215,
5643,1865,44,1,1400,2
5644,1865,63,3,1480,2
5645,1865,28,2,680,2
5646,1866,51,2,340,9
5647,1866,17,1,14800,9
5648,1866,18,1,21400,9
5649,1866,58,1,1180,9
5650,1866,15,3,540,9
5651,1867,38,1,2850,26
5652,1867,61,2,390,26
5653,1868,47,1,72,10
5654,1868,64,3,260,10
5655,1868,62,1,520,10
5656,1869,3,1,26400,3
5657,1870,30,3,1320,16
5658,1870,9,1,1280,16
5659,1870,50,3,240,16
5660,1870,42,3,480,16
5661,1870,26,1,2400,16
5662,1871,26,1,2400,3
5663,1871,24,3,8800,3
5664,1872,25,3,920,
5665,1872,30,1,1320,
5666,1873,27,1,8700,4
5667,1873,14,3,1450,4
5668,1874,79,2,6800,20
5669,1875,55,2,780,16
5670,1875,41,2,2200,16
5671,1875,62,1,520,16
5672,1876,56,1,5600,18
5673,1876,28,1,680,18
5674,1876,72,3,540,18
5675,1876,25,1,920,18
5676,1877,58,1,1180,16
5677,1877,36,2,6200,16
5678,1877,62,2,520,16
5679,1877,14,3,1450,16
5680,1878,76,3,9200,27
5681,1878,25,1,920,27
5682,1879,67,3,540,9
5683,1879,62,3,520,9
5684,1879,20,2,1850,9
5685,1880,36,1,6200,
5686,1881,45,2,58,30
5687,1881,70,1,1180,30
5688,1881,73,2,680,30
5689,1881,79,2,6800,30
5690,1882,62,2,520,30
5691,1882,23,2,1280,30
5692,1882,21,2,33400,30
5693,1882,75,2,1180,30
5694,1882,43,2,620,30
5695,1883,58,1,1180,19
5696,1883,55,1,780,19
5697,1883,19,3,4200,19
5698,1883,55,3,780,19
5699,1884,30,1,1320,8
5700,1884,28,2,680,8
5701,1884,73,1,680,8
5702,1884,46,3,185,8
5703,1884,43,2,620,8
5704,1885,71,3,2100,10
5705,1885,45,1,58,10
5706,1885,67,3,540,10
5707,1885,24,2,8800,10
5708,1886,55,1,780,3
5709,1886,61,2,390,3
5710,1887,47,1,72,7
5711,1887,19,3,4200,7
5712,1887,32,1,1180,7
5713,1888,79,2,6800,
5714,1888,72,1,540,
5715,1888,69,1,1450,
5716,1889,40,1,520,6
5717,1890,25,2,920,16
5718,1890,48,2,126,16
5719,1890,54,2,260,16
5720,1891,30,1,1320,4
5721,1891,30,2,1320,4
5722,1891,23,1,1280,4
5723,1891,67,1,540,4
5724,1892,41,2,2200,22
5725,1893,72,2,540,25
5726,1893,37,1,7400,25
5727,1893,58,3,1180,25
5728,1893,30,2,1320,25
5729,1893,30,3,1320,25
5730,1894,70,3,1180,10
5731,1894,6,1,720,10
5732,1894,11,3,1180,10
5733,1895,26,3,2400,22
5734,1895,10,1,860,22
5735,1896,76,3,9200,
5736,1896,65,3,640,
5737,1897,65,3,640,5
5738,1897,52,3,920,5
5739,1897,25,3,920,5
5740,1898,78,3,215,14
5741,1898,34,2,2450,14
5742,1898,78,1,215,14
5743,1898,51,1,340,14
5744,1899,18,1,21400,10
5745,1900,51,3,340,5
5746,1900,64,3,260,5
5747,1901,21,2,33400,10
5748,1901,21,1,33400,10
5749,1901,17,2,14800,10
5750,1901,69,1,1450,10
5751,1902,72,1,540,21
5752,1903,25,2,920,4
5753,1903,12,2,3250,4
5754,1903,44,2,1400,4
5755,1903,45,1,58,4
5756,1904,11,2,1180,
5757,1904,29,2,340,
5758,1905,54,1,260,14
5759,1905,12,1,3250,14
5760,1905,43,1,620,14
5761,1905,68,3,780,14
5762,1905,55,1,780,14
5763,1906,55,2,780,2
5764,1906,61,1,390,2
5765,1906,27,2,8700,2
5766,1906,24,3,8800,2
5767,1906,64,1,260,2
5768,1907,48,1,126,7
5769,1907,7,2,95,7
5770,1907,23,2,1280,7
5771,1907,54,3,260,7
5772,1908,39,3,1950,30
5773,1908,77,3,12600,30
5774,1908,76,2,9200,30
5775,1909,38,2,2850,1
5776,1909,4,2,11800,1
5777,1910,7,1,95,27
5778,1910,36,2,6200,27
5779,1910,23,3,1280,27
5780,1910,20,2,1850,27
5781,1910,13,3,760,27
5782,1911,34,1,2450,3
5783,1911,55,3,780,3
5784,1911,61,3,390,3
5785,1911,6,3,720,3
5786,1911,60,1,1750,3
5787,1912,3,2,26400,
5788,1912,45,2,58,
5789,1912,56,2,5600,
5790,1912,26,1,2400,
5791,1913,19,3,4200,7
5792,1914,45,2,58,11
5793,1914,56,3,5600,11
5794,1915,51,2,340,20
5795,1915,62,1,520,20
5796,1915,79,1,6800,20
5797,1916,36,3,6200,25
5798,1917,10,3,860,23
5799,1917,59,2,9400,23
5800,1917,5,1,3900,23
5801,1917,39,2,1950,23
5802,1917,43,3,620,23
5803,1918,50,1,240,3
5804,1918,45,3,58,3
5805,1919,9,1,1280,12
5806,1919,22,2,640,12
5807,1920,6,3,720,
5808,1920,62,2,520,
5809,1921,36,2,6200,23
5810,1921,43,3,620,23
5811,1922,45,1,58,29
5812,1922,49,2,88,29
5813,1922,66,2,3200,29
5814,1922,74,3,330,29
5815,1923,35,2,860,28
5816,1923,58,3,1180,28
5817,1923,47,3,72,28
5818,1923,21,3,33400,28
5819,1924,73,1,680,5
5820,1924,77,3,12600,5
5821,1924,46,3,185,5
5822,1924,32,1,1180,5
5823,1924,2,1,14200,5
5824,1925,8,2,210,5
5825,1926,31,1,3100,14
5826,1926,66,3,3200,14
5827,1926,59,3,9400,14
5828,1927,11,2,1180,22
5829,1927,28,1,680,22
5830,1928,58,1,1180,
5831,1928,78,2,215,
5832,1928,57,2,7600,
5833,1928,43,3,620,
5834,1928,76,2,9200,
5835,1929,36,3,6200,27
5836,1929,61,3,390,27
5837,1929,66,2,3200,27
5838,1930,37,3,7400,14
5839,1930,76,3,9200,14
5840,1930,72,1,540,14
5841,1930,10,1,860,14
5842,1931,32,3,1180,23
5843,1931,44,2,1400,23
5844,1932,67,2,540,4
5845,1932,69,2,1450,4
5846,1932,7,2,95,4
5847,1933,42,2,480,15
5848,1933,40,3,520,15
5849,1933,66,1,3200,15
5850,1933,12,3,3250,15
5851,1934,19,1,4200,29
5852,1935,69,2,1450,9
5853,1935,28,3,680,9
5854,1935,31,2,3100,9
5855,1935,59,1,9400,9
5856,1936,68,3,780,
5857,1936,37,3,7400,
5858,1936,34,3,2450,
5859,1936,78,1,215,
5860,1936,52,1,920,
5861,1937,58,2,1180,5
5862,1937,33,1,420,5
5863,1937,57,3,7600,5
5864,1937,56,3,5600,5
5865,1938,17,1,14800,17
5866,1938,9,1,1280,17
5867,1938,61,3,390,17
5868,1938,13,1,760,17
5869,1939,22,3,640,23
5870,1939,6,3,720,23
5871,1939,53,2,8200,23
5872,1939,49,3,88,23
5873,1940,26,2,2400,14
5874,1940,36,3,6200,14
5875,1940,54,3,260,14
5876,1941,55,1,780,7
5877,1941,71,2,2100,7
5878,1941,69,1,1450,7
5879,1942,43,3,620,29
5880,1942,25,2,920,29
5881,1943,61,2,390,8
5882,1943,69,3,1450,8
5883,1943,42,3,480,8
5884,1944,52,2,920,
5885,1945,3,3,26400,16
5886,1946,31,1,3100,8
5887,1946,3,3,26400,8
5888,1946,52,3,920,8
5889,1946,33,2,420,8
5890,1947,3,1,26400,7
5891,1947,31,2,3100,7
5892,1947,75,3,1180,7
5893,1948,7,3,95,8
5894,1948,18,2,21400,8
5895,1948,29,3,340,8
5896,1949,5,3,3900,11
5897,1949,26,2,2400,11
5898,1950,12,3,3250,28
5899,1950,48,3,126,28
5900,1951,12,2,3250,8
5901,1951,11,1,1180,8
5902,1952,9,1,1280,
5903,1952,21,3,33400,
5904,1952,53,1,8200,
5905,1953,29,3,340,9
5906,1953,12,2,3250,9
5907,1953,76,3,9200,9
5908,1953,13,3,760,9
5909,1953,18,2,21400,9
5910,1954,72,3,540,14
5911,1954,19,3,4200,14
5912,1954,67,1,540,14
5913,1955,32,1,1180,3
5914,1955,68,2,780,3
5915,1955,12,2,3250,3
5916,1955,78,3,215,3
5917,1956,21,1,33400,14
5918,1956,56,2,5600,14
5919,1956,64,2,260,14
5920,1956,39,3,1950,14
5921,1957,41,1,2200,21
5922,1958,14,3,1450,10
5923,1958,63,1,1480,10
5924,1958,70,3,1180,10
5925,1959,31,3,3100,4
5926,1960,67,1,540,
5927,1960,42,1,480,
5928,1960,39,3,1950,
5929,1960,46,2,185,
5930,1960,74,1,330,
5931,1961,59,1,9400,7
5932,1961,66,2,3200,7
5933,1961,71,3,2100,7
5934,1961,1,1,18500,7
5935,1962,75,2,1180,18
5936,1962,27,2,8700,18
5937,1963,22,2,640,2
5938,1963,40,2,520,2
5939,1963,3,2,26400,2
5940,1963,38,2,2850,2
5941,1964,35,1,860,11
5942,1964,67,3,540,11
5943,1965,64,3,260,3
5944,1965,55,1,780,3
5945,1965,1,2,18500,3
5946,1966,72,2,540,3
5947,1966,5,3,3900,3
5948,1966,70,2,1180,3
5949,1967,17,2,14800,18
5950,1967,65,3,640,18
5951,1967,5,3,3900,18
5952,1967,52,3,920,18
5953,1968,12,1,3250,
5954,1968,5,3,3900,
5955,1968,69,3,1450,
5956,1968,59,1,9400,
5957,1968,70,2,1180,
5958,1969,71,2,2100,29
5959,1969,50,1,240,29
5960,1969,12,2,3250,29
5961,1969,5,3,3900,29
5962,1969,13,1,760,29
5963,1970,19,1,4200,13
5964,1970,63,1,1480,13
5965,1970,7,3,95,13
5966,1970,59,2,9400,13
5967,1971,54,2,260,14
5968,1971,3,2,26400,14
5969,1971,7,2,95,14
5970,1971,10,3,860,14
5971,1972,58,2,1180,7
5972,1972,68,3,780,7
5973,1972,50,1,240,7
5974,1972,2,3,14200,7
5975,1972,76,1,9200,7
5976,1973,63,2,1480,28
5977,1973,74,1,330,28
5978,1973,77,1,12600,28
5979,1973,74,2,330,28
5980,1974,13,3,760,3
5981,1974,35,3,860,3
5982,1974,39,3,1950,3
5983,1975,45,3,58,1
5984,1975,66,2,3200,1
5985,1975,13,2,760,1
5986,1975,20,1,1850,1
5987,1975,11,3,1180,1
5988,1976,60,2,1750,
5989,1976,41,3,2200,
5990,1976,78,3,215,
5991,1977,60,3,1750,25
5992,1978,56,3,5600,18
5993,1978,25,3,920,18
5994,1978,11,2,1180,18
5995,1978,9,3,1280,18
5996,1979,14,2,1450,20
5997,1979,40,3,520,20
5998,1980,34,2,2450,10
5999,1980,36,1,6200,10
6000,1980,66,2,3200,10
6001,1980,10,1,860,10
6002,1980,28,3,680,10
6003,1981,74,2,330,20
6004,1981,72,2,540,20
6005,1982,34,3,2450,16
6006,1982,71,2,2100,16
6007,1982,12,2,3250,16
6008,1982,77,1,12600,16
6009,1983,26,3,2400,21
6010,1983,42,2,480,21
6011,1983,27,2,8700,21
6012,1983,59,1,9400,21
6013,1984,50,1,240,
6014,1985,38,3,2850,22
6015,1985,71,1,2100,22
6016,1985,7,2,95,22
6017,1985,7,2,95,22
6018,1985,56,2,5600,22
6019,1986,76,1,9200,29
6020,1987,51,3,340,7
6021,1987,28,3,680,7
6022,1987,31,1,3100,7
6023,1987,28,2,680,7
6024,1988,72,2,540,11
6025,1988,48,3,126,11
6026,1989,69,1,1450,12
6027,1989,65,3,640,12
6028,1989,67,1,540,12
6029,1989,64,3,260,12
6030,1990,65,3,640,24
6031,1990,75,1,1180,24
6032,1990,48,1,126,24
6033,1991,15,2,540,4
6034,1991,72,3,540,4
6035,1991,28,2,680,4
6036,1992,11,1,1180,
6037,1992,5,1,3900,
6038,1993,46,1,185,27
6039,1993,70,1,1180,27
6040,1994,54,3,260,3
6041,1994,70,1,1180,3
6042,1994,10,1,860,3
6043,1995,68,3,780,30
6044,1995,52,3,920,30
6045,1995,71,3,2100,30
6046,1995,17,1,14800,30
6047,1996,5,3,3900,15
6048,1996,32,1,1180,15
6049,1996,40,2,520,15
6050,1996,8,1,210,15
6051,1996,1,2,18500,15
6052,1997,15,3,540,11
6053,1997,64,2,260,11
6054,1997,15,3,540,11
6055,1997,41,3,2200,11
6056,1997,6,2,720,11
6057,1998,24,2,8800,5
6058,1998,43,2,620,5
6059,1998,38,1,2850,5
6060,1999,38,2,2850,21
6061,1999,52,2,920,21
6062,1999,38,3,2850,21
6063,2000,58,3,1180,
6064,2001,37,2,7400,12
6065,2001,74,2,330,12
6066,2001,15,1,540,12
6067,2001,46,2,185,12
6068,2001,62,1,520,12
6069,2002,33,2,420,4
6070,2002,44,1,1400,4
6071,2002,7,1,95,4
6072,2003,43,3,620,21
6073,2003,33,1,420,21
6074,2003,66,2,3200,21
6075,2004,33,1,420,22
6076,2005,69,1,1450,1
6077,2005,57,2,7600,1
6078,2005,58,2,1180,1
6079,2005,5,1,3900,1
6080,2005,50,1,240,1
6081,2006,28,1,680,17
6082,2006,51,2,340,17
6083,2006,33,3,420,17
6084,2006,2,2,14200,17
6085,2006,73,1,680,17
6086,2007,35,2,860,28
6087,2007,33,1,420,28
6088,2007,43,2,620,28
6089,2008,33,3,420,
6090,2008,34,1,2450,
6091,2008,28,1,680,
6092,2008,9,1,1280,
6093,2008,13,1,760,
6094,2009,31,2,3100,24
6095,2009,61,2,390,24
6096,2010,17,3,14800,29
6097,2010,58,3,1180,29
6098,2010,46,2,185,29
6099,2010,67,1,540,29
6100,2010,40,3,520,29
6101,2011,68,3,780,7
6102,2011,29,3,340,7
6103,2011,31,3,3100,7
6104,2011,40,1,520,7
6105,2011,9,2,1280,7
6106,2012,51,3,340,27
6107,2012,68,3,780,27
6108,2012,26,2,2400,27
6109,2012,9,2,1280,27
6110,2013,74,2,330,15
6111,2013,76,2,9200,15
6112,2013,7,2,95,15
6113,2013,25,2,920,15
6114,2014,40,2,520,14
6115,2014,2,2,14200,14
6116,2014,1,3,18500,14
6117,2014,75,2,1180,14
6118,2014,35,3,860,14
6119,2015,51,1,340,26
6120,2015,49,2,88,26
6121,2015,35,3,860,26
6122,2015,48,2,126,26
6123,2015,77,1,12600,26
6124,2016,53,1,8200,
6125,2016,37,1,7400,
6126,2016,66,1,3200,
6127,2016,4,1,11800,
6128,2016,75,3,1180,
6129,2017,7,3,95,2
6130,2017,22,2,640,2
6131,2018,14,2,1450,22
6132,2018,46,2,185,22
6133,2018,77,2,12600,22
6134,2018,14,1,1450,22
6135,2018,30,2,1320,22
6136,2019,7,3,95,13
6137,2019,74,3,330,13
6138,2019,63,1,1480,13
6139,2019,33,2,420,13
6140,2020,1,1,18500,7
6141,2020,15,1,540,7
6142,2020,72,3,540,7
6143,2020,52,1,920,7
6144,2021,47,3,72,18
6145,2021,48,2,126,18
6146,2021,17,2,14800,18
6147,2022,19,3,4200,29
6148,2022,69,1,1450,29
6149,2022,19,3,4200,29
6150,2022,13,3,760,29
6151,2023,32,1,1180,16
6152,2023,43,1,620,16
6153,2023,1,2,18500,16
6154,2024,48,2,126,
6155,2024,56,2,5600,
6156,2024,32,2,1180,
6157,2024,34,1,2450,
6158,2024,16,3,52000,
6159,2025,28,3,680,5
6160,2025,56,2,5600,5
6161,2025,63,2,1480,5
6162,2025,77,3,12600,5
6163,2025,15,2,540,5
6164,2026,66,2,3200,27
6165,2026,19,3,4200,27
6166,2026,26,2,2400,27
6167,2026,61,1,390,27
6168,2027,10,2,860,7
6169,2027,33,1,420,7
6170,2027,46,1,185,7
6171,2027,70,1,1180,7
6172,2028,43,3,620,12
6173,2029,50,1,240,29
6174,2029,65,2,640,29
6175,2029,25,3,920,29
6176,2029,67,1,540,29
6177,2029,61,1,390,29
6178,2030,70,2,1180,3
6179,2030,42,2,480,3
6180,2030,34,3,2450,3
6181,2030,41,2,2200,3
6182,2030,68,3,780,3
6183,2031,8,1,210,8
6184,2031,54,2,260,8
6185,2031,22,2,640,8
6186,2032,22,2,640,
6187,2032,43,3,620,
6188,2032,58,3,1180,
6189,2032,53,1,8200,
6190,2033,36,2,6200,3
6191,2033,68,3,780,3
6192,2033,59,1,9400,3
6193,2033,28,2,680,3
6194,2033,1,2,18500,3
6195,2034,77,1,12600,14
6196,2034,42,1,480,14
6197,2034,47,3,72,14
6198,2034,1,3,18500,14
6199,2035,52,2,920,3
6200,2035,62,2,520,3
6201,2036,34,1,2450,10
6202,2036,19,3,4200,10
6203,2036,30,2,1320,10
6204,2036,26,3,2400,10
6205,2037,43,2,620,11
6206,2037,65,1,640,11
6207,2037,34,3,2450,11
6208,2037,64,2,260,11
6209,2037,34,2,2450,11
6210,2038,71,3,2100,25
6211,2038,56,3,5600,25
6212,2038,74,1,330,25
6213,2038,34,3,2450,25
6214,2039,2,1,14200,28
6215,2040,32,2,1180,
6216,2040,1,2,18500,
6217,2040,20,1,1850,
6218,2040,59,2,9400,
6219,2040,67,3,540,
6220,2041,45,2,58,13
6221,2041,31,1,3100,13
6222,2041,34,1,2450,13
6223,2042,64,3,260,11
6224,2043,23,1,1280,22
6225,2044,48,3,126,4
6226,2045,13,1,760,20
6227,2045,76,1,9200,20
6228,2045,26,3,2400,20
6229,2045,57,2,7600,20
6230,2046,37,1,7400,11
6231,2046,22,1,640,11
6232,2046,64,2,260,11
6233,2047,41,1,2200,18
6234,2047,65,2,640,18
6235,2048,79,1,6800,
6236,2048,14,2,1450,
6237,2049,5,2,3900,25
6238,2049,54,1,260,25
6239,2049,3,1,26400,25
6240,2049,17,1,14800,25
6241,2049,7,3,95,25
6242,2050,64,2,260,23
6243,2051,24,2,8800,28
6244,2051,13,1,760,28
6245,2052,8,1,210,29
6246,2053,68,3,780,3
6247,2053,38,2,2850,3
6248,2053,59,2,9400,3
6249,2053,17,3,14800,3
6250,2054,61,3,390,15
6251,2054,9,1,1280,15
6252,2054,26,3,2400,15
6253,2054,43,3,620,15
6254,2055,1,1,18500,11
6255,2055,40,2,520,11
6256,2055,47,1,72,11
6257,2055,52,3,920,11
6258,2055,3,3,26400,11
6259,2056,2,1,14200,
6260,2057,65,1,640,16
6261,2057,63,2,1480,16
6262,2057,16,3,52000,16
6263,2058,29,2,340,11
6264,2059,73,3,680,14
6265,2059,79,3,6800,14
6266,2059,1,3,18500,14
6267,2059,75,1,1180,14
6268,2059,55,2,780,14
6269,2060,43,1,620,20
6270,2061,63,2,1480,18
6271,2061,16,3,52000,18
6272,2061,5,2,3900,18
6273,2061,23,3,1280,18
6274,2061,5,2,3900,18
6275,2062,3,2,26400,3
6276,2062,54,3,260,3
6277,2062,38,2,2850,3
6278,2063,25,2,920,2
6279,2064,37,1,7400,
6280,2064,74,3,330,
6281,2064,48,1,126,
6282,2064,53,2,8200,
6283,2064,1,3,18500,
6284,2065,56,3,5600,29
6285,2065,15,3,540,29
6286,2065,73,2,680,29
6287,2066,41,2,2200,22
6288,2066,8,2,210,22
6289,2066,27,3,8700,22
6290,2067,75,3,1180,24
6291,2067,50,1,240,24
6292,2067,37,1,7400,24
6293,2067,28,3,680,24
6294,2067,45,3,58,24
6295,2068,62,1,520,15
6296,2069,34,1,2450,3
6297,2069,54,3,260,3
6298,2069,14,2,1450,3
6299,2070,21,2,33400,8
6300,2070,44,1,1400,8
6301,2070,75,3,1180,8
6302,2070,44,1,1400,8
6303,2070,15,2,540,8
6304,2071,4,1,11800,20
6305,2071,44,3,1400,20
6306,2072,68,1,780,
6307,2073,53,2,8200,5
6308,2073,64,2,260,5
6309,2073,72,1,540,5
6310,2073,7,3,95,5
6311,2073,63,2,1480,5
6312,2074,38,1,2850,12
6313,2074,49,1,88,12
6314,2074,50,2,240,12
6315,2075,67,3,540,11
6316,2075,36,3,6200,11
6317,2076,23,1,1280,15
6318,2076,22,1,640,15
6319,2077,3,3,26400,17
6320,2077,32,2,1180,17
6321,2077,71,3,2100,17
6322,2077,49,2,88,17
6323,2077,32,2,1180,17
6324,2078,70,1,1180,20
6325,2078,14,1,1450,20
6326,2079,38,3,2850,19
6327,2079,20,2,1850,19
6328,2079,61,3,390,19
6329,2079,70,2,1180,19
6330,2080,10,1,860,
6331,2081,31,1,3100,4
6332,2081,10,1,860,4
6333,2082,19,3,4200,3
6334,2082,61,2,390,3
6335,2082,3,1,26400,3
6336,2082,10,3,860,3
6337,2082,76,3,9200,3
6338,2083,10,1,860,27
6339,2083,58,3,1180,27
6340,2083,31,3,3100,27
6341,2084,18,2,21400,12
6342,2085,75,1,1180,9
6343,2085,17,3,14800,9
6344,2085,77,2,12600,9
6345,2085,39,1,1950,9
6346,2086,56,1,5600,14
6347,2086,79,1,6800,14
6348,2086,9,2,1280,14
6349,2087,63,3,1480,24
6350,2087,45,3,58,24
6351,2087,53,3,8200,24
6352,2088,76,2,9200,
6353,2088,27,3,8700,
6354,2088,61,2,390,
6355,2088,45,3,58,
6356,2088,79,2,6800,
6357,2089,28,1,680,9
6358,2089,24,2,8800,9
6359,2089,43,1,620,9
6360,2089,50,1,240,9
6361,2089,43,1,620,9
6362,2090,28,3,680,5
6363,2090,16,2,52000,5
6364,2090,63,3,1480,5
6365,2090,8,2,210,5
6366,2090,13,2,760,5
6367,2091,78,2,215,17
6368,2091,43,1,620,17
6369,2091,60,2,1750,17
6370,2092,2,1,14200,7
6371,2092,36,2,6200,7
6372,2092,36,1,6200,7
6373,2093,22,2,640,25
6374,2094,49,1,88,18
6375,2094,7,3,95,18
6376,2094,72,2,540,18
6377,2094,30,2,1320,18
6378,2094,64,2,260,18
6379,2095,40,2,520,22
6380,2096,4,1,11800,
6381,2096,7,2,95,
6382,2096,33,3,420,
6383,2096,14,3,1450,
6384,2096,12,3,3250,
6385,2097,8,2,210,12
6386,2097,51,1,340,12
6387,2097,74,3,330,12
6388,2098,56,2,5600,13
6389,2099,62,1,520,4
6390,2100,20,1,1850,11
6391,2101,50,3,240,23
6392,2102,22,3,640,13
6393,2102,75,2,1180,13
6394,2102,53,3,8200,13
6395,2103,43,3,620,8
6396,2103,53,2,8200,8
6397,2103,73,1,680,8
6398,2103,60,3,1750,8
6399,2103,26,1,2400,8
6400,2104,16,2,52000,
6401,2104,17,3,14800,
6402,2104,71,2,2100,
6403,2105,74,3,330,14
6404,2105,6,3,720,14
6405,2105,26,1,2400,14
6406,2106,8,1,210,24
6407,2106,51,3,340,24
6408,2106,16,3,52000,24
6409,2106,19,3,4200,24
6410,2107,42,3,480,4
6411,2107,16,1,52000,4
6412,2107,49,3,88,4
6413,2107,35,1,860,4
6414,2108,6,2,720,3
6415,2108,48,1,126,3
6416,2108,10,3,860,3
6417,2108,20,2,1850,3
6418,2108,76,3,9200,3
6419,2109,14,3,1450,24
6420,2109,17,1,14800,24
6421,2110,16,3,52000,15
6422,2110,66,1,3200,15
6423,2110,27,3,8700,15
6424,2110,73,2,680,15
6425,2110,29,1,340,15
6426,2111,39,2,1950,28
6427,2111,28,1,680,28
6428,2111,37,2,7400,28
6429,2112,21,1,33400,
6430,2112,68,3,780,
6431,2112,43,1,620,
6432,2113,67,3,540,10
6433,2113,43,3,620,10
6434,2113,3,2,26400,10
6435,2113,7,1,95,10
6436,2114,23,1,1280,30
6437,2114,30,3,1320,30
6438,2114,66,3,3200,30
6439,2114,5,2,3900,30
6440,2114,22,2,640,30
6441,2115,34,2,2450,5
6442,2115,74,2,330,5
6443,2116,23,3,1280,6
6444,2116,40,2,520,6
6445,2117,1,3,18500,28
6446,2118,55,2,780,19
6447,2118,68,2,780,19
6448,2118,16,2,52000,19
6449,2119,13,1,760,25
6450,2119,17,3,14800,25
6451,2119,18,3,21400,25
6452,2119,22,2,640,25
6453,2119,1,3,18500,25
6454,2120,55,1,780,
6455,2120,19,2,4200,
6456,2120,14,1,1450,
6457,2121,50,3,240,24
6458,2122,17,1,14800,29
6459,2122,60,3,1750,29
6460,2123,9,2,1280,11
6461,2123,29,1,340,11
6462,2123,15,3,540,11
6463,2123,51,3,340,11
6464,2124,1,1,18500,7
6465,2124,34,3,2450,7
6466,2124,64,1,260,7
6467,2124,34,3,2450,7
6468,2125,55,3,780,29
6469,2125,10,3,860,29
6470,2125,70,2,1180,29
6471,2125,40,3,520,29
6472,2125,34,3,2450,29
6473,2126,12,3,3250,1
6474,2126,41,2,2200,1
6475,2126,38,2,2850,1
6476,2126,36,3,6200,1
6477,2127,62,1,520,15
6478,2127,55,1,780,15
6479,2127,52,2,920,15
6480,2127,22,2,640,15
6481,2127,23,1,1280,15
6482,2128,34,3,2450,
6483,2128,44,3,1400,
6484,2129,51,3,340,20
6485,2129,56,3,5600,20
6486,2129,48,3,126,20
6487,2130,10,3,860,26
6488,2131,26,2,2400,26
6489,2131,56,3,5600,26
6490,2132,16,1,52000,1
6491,2132,69,2,1450,1
6492,2132,12,3,3250,1
6493,2132,53,3,8200,1
6494,2132,46,3,185,1
6495,2133,71,3,2100,29
6496,2133,77,1,12600,29
6497,2133,66,2,3200,29
6498,2133,63,3,1480,29
6499,2134,54,1,260,1
6500,2134,5,1,3900,1
6501,2135,16,1,52000,12
6502,2135,75,2,1180,12
6503,2135,37,1,7400,12
6504,2135,69,1,1450,12
6505,2135,57,1,7600,12
6506,2136,9,2,1280,
6507,2136,50,2,240,
6508,2136,49,2,88,
6509,2136,55,3,780,
6510,2137,51,3,340,5
6511,2137,11,1,1180,5
6512,2138,42,2,480,6
6513,2138,77,3,12600,6
6514,2138,1,1,18500,6
6515,2138,14,2,1450,6
6516,2138,20,1,1850,6
6517,2139,72,3,540,25
6518,2140,10,3,860,25
6519,2140,3,1,26400,25
6520,2140,64,2,260,25
6521,2140,19,2,4200,25
6522,2141,64,2,260,8
6523,2141,69,1,1450,8
6524,2141,32,1,1180,8
6525,2141,27,2,8700,8
6526,2141,55,1,780,8
6527,2142,7,1,95,26
6528,2142,13,3,760,26
6529,2142,32,3,1180,26
6530,2142,7,1,95,26
6531,2143,5,3,3900,23
6532,2144,8,1,210,
6533,2144,71,2,2100,
6534,2144,44,1,1400,
6535,2144,53,3,8200,
6536,2145,66,1,3200,11
6537,2145,51,2,340,11
6538,2145,6,1,720,11
6539,2146,9,2,1280,22
6540,2147,1,1,18500,21
6541,2147,53,3,8200,21
6542,2147,27,1,8700,21
6543,2147,37,2,7400,21
6544,2147,59,2,9400,21
6545,2148,69,3,1450,3
6546,2148,35,3,860,3
6547,2149,32,2,1180,11
6548,2149,29,3,340,11
6549,2150,30,1,1320,14
6550,2150,5,1,3900,14
6551,2151,24,3,8800,21
6552,2151,44,3,1400,21
6553,2151,5,3,3900,21
6554,2152,22,3,640,
6555,2153,60,3,1750,9
6556,2154,42,2,480,22
6557,2155,7,2,95,10
6558,2155,77,1,12600,10
6559,2155,51,3,340,10
6560,2155,21,1,33400,10
6561,2155,54,3,260,10
6562,2156,62,2,520,7
6563,2156,61,2,390,7
6564,2156,31,1,3100,7
6565,2156,43,3,620,7
6566,2157,67,2,540,4
6567,2157,31,2,3100,4
6568,2157,5,2,3900,4
6569,2157,38,3,2850,4
6570,2157,3,1,26400,4
6571,2158,35,1,860,15
6572,2159,14,3,1450,30
6573,2159,32,1,1180,30
6574,2159,67,2,540,30
6575,2160,39,3,1950,
6576,2160,56,1,5600,
6577,2161,66,2,3200,21
6578,2162,5,3,3900,6
6579,2162,20,1,1850,6
6580,2162,54,1,260,6
6581,2162,7,2,95,6
6582,2163,38,1,2850,23
6583,2163,28,3,680,23
6584,2164,17,2,14800,18
6585,2164,55,3,780,18
6586,2165,67,2,540,21
6587,2166,67,1,540,27
6588,2166,24,1,8800,27
6589,2166,75,1,1180,27
6590,2166,72,2,540,27
6591,2166,2,2,14200,27
6592,2167,47,1,72,16
6593,2167,14,2,1450,16
6594,2168,14,3,1450,
6595,2168,73,2,680,
6596,2169,72,2,540,5
6597,2169,42,2,480,5
6598,2169,74,2,330,5
6599,2170,72,2,540,12
6600,2170,1,2,18500,12
6601,2170,53,1,8200,12
6602,2170,8,2,210,12
6603,2171,68,1,780,30
6604,2171,54,3,260,30
6605,2172,75,1,1180,16
6606,2172,21,1,33400,16
6607,2173,36,1,6200,3
6608,2173,37,1,7400,3
6609,2174,19,2,4200,9
6610,2174,3,2,26400,9
6611,2174,71,3,2100,9
6612,2174,42,3,480,9
6613,2175,42,1,480,16
6614,2175,38,3,2850,16
6615,2175,23,3,1280,16
6616,2175,18,3,21400,16
6617,2175,54,2,260,16
6618,2176,58,1,1180,
6619,2177,79,3,6800,26
6620,2177,17,3,14800,26
6621,2177,66,1,3200,26
6622,2177,49,3,88,26
6623,2177,74,2,330,26
6624,2178,23,3,1280,9
6625,2178,66,3,3200,9
6626,2179,38,3,2850,15
6627,2179,39,2,1950,15
6628,2179,4,3,11800,15
6629,2179,24,2,8800,15
6630,2179,14,3,1450,15
6631,2180,5,1,3900,28
6632,2180,52,3,920,28
6633,2180,64,3,260,28
6634,2180,66,2,3200,28
6635,2180,57,2,7600,28
6636,2181,12,2,3250,21
6637,2181,1,2,18500,21
6638,2182,30,2,1320,20
6639,2182,56,3,5600,20
6640,2182,65,3,640,20
6641,2183,20,1,1850,14
6642,2183,42,2,480,14
6643,2183,19,3,4200,14
6644,2183,36,2,6200,14
6645,2183,34,2,2450,14
6646,2184,50,2,240,
6647,2184,65,1,640,
6648,2184,54,3,260,
6649,2184,17,2,14800,
6650,2185,13,1,760,1
6651,2185,42,2,480,1
6652,2185,52,3,920,1
6653,2185,6,1,720,1
6654,2185,57,2,7600,1
6655,2186,56,1,5600,2
6656,2186,68,2,780,2
6657,2186,57,3,7600,2
6658,2186,35,3,860,2
6659,2186,20,2,1850,2
6660,2187,68,1,780,16
6661,2188,18,1,21400,5
6662,2189,75,2,1180,18
6663,2189,45,3,58,18
6664,2189,60,3,1750,18
6665,2190,50,1,240,8
6666,2190,49,3,88,8
6667,2190,43,2,620,8
6668,2190,23,3,1280,8
6669,2191,72,2,540,12
6670,2191,7,1,95,12
6671,2191,55,2,780,12
6672,2191,34,3,2450,12
6673,2192,72,1,540,
6674,2192,28,2,680,
6675,2192,52,2,920,
6676,2193,68,1,780,15
6677,2193,6,3,720,15
6678,2193,27,3,8700,15
6679,2193,69,1,1450,15
6680,2194,25,3,920,21
6681,2195,26,3,2400,19
6682,2196,37,3,7400,15
6683,2196,20,3,1850,15
6684,2196,1,1,18500,15
6685,2197,53,2,8200,12
6686,2197,41,2,2200,12
6687,2197,39,2,1950,12
6688,2198,25,1,920,4
6689,2199,15,1,540,26
6690,2199,34,3,2450,26
6691,2200,15,3,540,
6692,2201,18,2,21400,16
6693,2201,61,3,390,16
6694,2201,69,1,1450,16
6695,2201,19,2,4200,16
6696,2201,35,2,860,16
6697,2202,52,3,920,13
6698,2203,54,2,260,2
6699,2203,74,2,330,2
6700,2203,29,2,340,2
6701,2203,52,3,920,2
6702,2203,3,2,26400,2
6703,2204,39,1,1950,11
6704,2204,20,2,1850,11
6705,2205,71,1,2100,17
6706,2205,64,1,260,17
6707,2205,45,1,58,17
6708,2205,48,2,126,17
6709,2205,48,3,126,17
6710,2206,41,3,2200,8
6711,2206,43,3,620,8
6712,2206,71,1,2100,8
6713,2207,56,2,5600,13
6714,2207,7,2,95,13
6715,2207,41,2,2200,13
6716,2207,31,1,3100,13
6717,2207,67,1,540,13
6718,2208,60,3,1750,
6719,2208,14,3,1450,
6720,2208,28,2,680,
6721,2208,42,2,480,
6722,2208,22,1,640,
6723,2209,77,2,12600,7
6724,2209,74,3,330,7
6725,2209,50,2,240,7
6726,2210,48,1,126,12
6727,2210,46,3,185,12
6728,2210,60,1,1750,12
6729,2210,18,1,21400,12
6730,2210,52,2,920,12
6731,2211,76,3,9200,29
6732,2211,73,2,680,29
6733,2211,46,1,185,29
6734,2211,28,2,680,29
6735,2211,65,2,640,29
6736,2212,37,3,7400,26
6737,2213,47,1,72,20
6738,2213,45,2,58,20
6739,2213,41,3,2200,20
6740,2213,52,2,920,20
6741,2214,68,1,780,28
6742,2215,1,2,18500,7
6743,2215,37,3,7400,7
6744,2215,79,1,6800,7
6745,2216,50,3,240,
6746,2216,5,2,3900,
6747,2217,61,3,390,21
6748,2218,12,3,3250,28
6749,2219,10,3,860,23
6750,2219,56,1,5600,23
6751,2220,6,1,720,14
6752,2220,27,2,8700,14
6753,2220,26,1,2400,14
6754,2221,40,3,520,11
6755,2221,72,1,540,11
6756,2221,22,1,640,11
6757,2222,78,1,215,24
6758,2222,77,1,12600,24
6759,2222,24,2,8800,24
6760,2222,7,1,95,24
6761,2222,41,2,2200,24
6762,2223,71,1,2100,11
6763,2223,40,3,520,11
6764,2223,34,2,2450,11
6765,2223,6,3,720,11
6766,2224,51,3,340,
6767,2224,6,3,720,
6768,2224,35,2,860,
6769,2224,28,1,680,
6770,2224,9,3,1280,
6771,2225,2,2,14200,27
6772,2225,32,2,1180,27
6773,2225,3,1,26400,27
6774,2225,31,1,3100,27
6775,2225,55,2,780,27
6776,2226,57,2,7600,15
6777,2226,55,2,780,15
6778,2226,57,1,7600,15
6779,2226,39,2,1950,15
6780,2227,28,2,680,13
6781,2227,2,1,14200,13
6782,2228,35,1,860,18
6783,2229,64,1,260,22
6784,2229,55,2,780,22
6785,2229,78,1,215,22
6786,2230,17,1,14800,26
6787,2230,38,3,2850,26
6788,2230,45,3,58,26
6789,2230,3,1,26400,26
6790,2231,67,1,540,13
6791,2231,15,1,540,13
6792,2231,44,3,1400,13
6793,2232,79,2,6800,
6794,2232,21,3,33400,
6795,2232,29,3,340,
6796,2232,49,2,88,
6797,2232,39,3,1950,
6798,2233,55,1,780,10
6799,2233,39,2,1950,10
6800,2233,66,1,3200,10
6801,2233,5,1,3900,10
6802,2234,60,2,1750,2
6803,2235,68,2,780,30
6804,2235,53,3,8200,30
6805,2236,42,2,480,22
6806,2237,5,1,3900,25
6807,2237,12,2,3250,25
6808,2237,62,2,520,25
6809,2237,72,1,540,25
6810,2238,37,3,7400,3
6811,2238,39,1,1950,3
6812,2238,71,1,2100,3
6813,2238,28,3,680,3
6814,2238,62,1,520,3
6815,2239,26,2,2400,28
6816,2239,26,2,2400,28
6817,2239,61,1,390,28
6818,2240,10,3,860,
6819,2240,26,2,2400,
6820,2241,41,3,2200,8
6821,2242,49,3,88,18
6822,2242,8,1,210,18
6823,2242,24,1,8800,18
6824,2242,30,2,1320,18
6825,2242,69,1,1450,18
6826,2243,49,2,88,15
6827,2244,69,3,1450,24
6828,2244,64,2,260,24
6829,2244,58,1,1180,24
6830,2244,39,2,1950,24
6831,2245,74,2,330,27
6832,2245,26,2,2400,27
6833,2245,11,3,1180,27
6834,2246,57,3,7600,10
6835,2246,22,3,640,10
6836,2247,3,2,26400,15
6837,2248,37,3,7400,
6838,2249,69,2,1450,10
6839,2249,4,3,11800,10
6840,2249,47,3,72,10
6841,2249,53,3,8200,10
6842,2249,74,3,330,10
6843,2250,78,1,215,14
6844,2250,66,3,3200,14
6845,2250,2,1,14200,14
6846,2251,1,2,18500,29
6847,2251,6,3,720,29
6848,2251,49,3,88,29
6849,2251,46,3,185,29
6850,2251,40,2,520,29
6851,2252,7,1,95,9
6852,2252,37,3,7400,9
6853,2253,16,1,52000,13
6854,2253,48,1,126,13
6855,2253,50,2,240,13
6856,2253,71,1,2100,13
6857,2253,79,2,6800,13
6858,2254,62,2,520,19
6859,2254,51,2,340,19
6860,2254,31,3,3100,19
6861,2254,39,3,1950,19
6862,2255,7,2,95,3
6863,2255,74,1,330,3
6864,2255,42,3,480,3
6865,2255,58,1,1180,3
6866,2255,44,3,1400,3
6867,2256,43,3,620,
6868,2256,31,1,3100,
6869,2256,73,3,680,
6870,2256,30,1,1320,
6871,2257,6,3,720,11
6872,2257,72,2,540,11
6873,2257,68,1,780,11
6874,2258,27,3,8700,22
6875,2258,39,2,1950,22
6876,2258,37,1,7400,22
6877,2258,60,2,1750,22
6878,2258,36,3,6200,22
6879,2259,50,1,240,14
6880,2259,79,3,6800,14
6881,2259,4,1,11800,14
6882,2259,40,1,520,14
6883,2260,31,3,3100,25
6884,2260,15,2,540,25
6885,2260,55,1,780,25
6886,2260,76,3,9200,25
6887,2260,45,3,58,25
6888,2261,7,1,95,28
6889,2261,45,3,58,28
6890,2262,7,3,95,18
6891,2262,26,1,2400,18
6892,2263,10,3,860,15
6893,2263,7,2,95,15
6894,2263,76,1,9200,15
6895,2263,15,2,540,15
6896,2263,10,3,860,15
6897,2264,61,3,390,
6898,2264,7,2,95,
6899,2264,26,1,2400,
6900,2264,75,2,1180,
6901,2264,25,1,920,
6902,2265,74,3,330,14
6903,2265,40,1,520,14
6904,2266,20,1,1850,29
6905,2266,4,3,11800,29
6906,2266,44,1,1400,29
6907,2266,69,2,1450,29
6908,2267,50,3,240,8
6909,2267,78,3,215,8
6910,2267,30,3,1320,8
6911,2268,37,1,7400,7
6912,2269,16,3,52000,11
6913,2270,23,2,1280,8
6914,2270,53,3,8200,8
6915,2270,69,1,1450,8
6916,2270,73,3,680,8
6917,2270,78,3,215,8
6918,2271,26,1,2400,28
6919,2271,42,1,480,28
6920,2271,60,2,1750,28
6921,2271,66,3,3200,28
6922,2272,32,1,1180,
6923,2273,36,2,6200,20
6924,2273,72,1,540,20
6925,2273,70,1,1180,20
6926,2273,53,2,8200,20
6927,2273,28,2,680,20
6928,2274,18,2,21400,26
6929,2274,49,1,88,26
6930,2274,52,3,920,26
6931,2275,49,2,88,25
6932,2275,45,3,58,25
6933,2275,18,2,21400,25
6934,2275,53,1,8200,25
6935,2275,74,2,330,25
6936,2276,31,2,3100,13
6937,2276,55,2,780,13
6938,2277,3,1,26400,30
6939,2277,52,3,920,30
6940,2278,69,2,1450,7
6941,2278,2,2,14200,7
6942,2278,3,2,26400,7
6943,2278,2,1,14200,7
6944,2278,46,1,185,7
6945,2279,21,2,33400,27
6946,2279,42,2,480,27
6947,2279,72,3,540,27
6948,2279,62,1,520,27
6949,2279,52,2,920,27
6950,2280,23,1,1280,
6951,2280,38,2,2850,
6952,2280,65,3,640,
6953,2281,44,3,1400,9
6954,2281,64,3,260,9
6955,2281,31,3,3100,9
6956,2282,48,2,126,16
6957,2282,20,1,1850,16
6958,2283,5,3,3900,17
6959,2284,21,3,33400,26
6960,2284,44,3,1400,26
6961,2285,16,2,52000,21
6962,2285,30,3,1320,21
6963,2286,22,3,640,12
6964,2286,28,3,680,12
6965,2286,57,1,7600,12
6966,2287,50,2,240,2
6967,2287,71,1,2100,2
6968,2287,58,3,1180,2
6969,2287,5,2,3900,2
6970,2287,58,3,1180,2
6971,2288,55,3,780,
6972,2288,44,3,1400,
6973,2288,24,3,8800,
6974,2288,48,2,126,
6975,2288,6,2,720,
6976,2289,7,3,95,4
6977,2289,46,1,185,4
6978,2289,49,3,88,4
6979,2289,59,2,9400,4
6980,2289,79,2,6800,4
6981,2290,15,1,540,24
6982,2290,47,2,72,24
6983,2290,45,2,58,24
6984,2290,19,3,4200,24
6985,2290,56,2,5600,24
6986,2291,52,1,920,13
6987,2292,57,3,7600,26
6988,2292,25,2,920,26
6989,2292,73,1,680,26
6990,2293,78,2,215,27
6991,2293,70,2,1180,27
6992,2293,42,3,480,27
6993,2294,68,1,780,1
6994,2294,33,3,420,1
6995,2294,14,3,1450,1
6996,2295,25,2,920,12
6997,2295,36,2,6200,12
6998,2295,30,2,1320,12
6999,2296,26,1,2400,
7000,2296,30,3,1320,
7001,2296,25,2,920,
7002,2296,40,2,520,
7003,2296,2,1,14200,
7004,2297,3,3,26400,27
7005,2297,25,2,920,27
7006,2298,34,1,2450,15
7007,2298,19,2,4200,15
7008,2299,17,2,14800,22
7009,2299,65,1,640,22
7010,2299,17,2,14800,22
7011,2299,41,2,2200,22
7012,2300,10,3,860,24
7013,2300,49,1,88,24
7014,2300,39,2,1950,24
7015,2301,41,3,2200,5
7016,2301,1,1,18500,5
7017,2301,41,2,2200,5
7018,2301,41,3,2200,5
7019,2302,1,1,18500,11
7020,2302,25,3,920,11
7021,2302,62,1,520,11
7022,2302,50,2,240,11
7023,2303,50,3,240,24
7024,2304,35,2,860,
7025,2304,63,3,1480,
7026,2305,19,2,4200,7
7027,2306,56,3,5600,24
7028,2307,45,3,58,8
7029,2307,52,3,920,8
7030,2307,18,2,21400,8
7031,2307,69,1,1450,8
7032,2308,61,3,390,30
7033,2308,21,2,33400,30
7034,2308,77,2,12600,30
7035,2308,9,3,1280,30
7036,2308,29,1,340,30
7037,2309,19,3,4200,4
7038,2309,10,1,860,4
7039,2309,30,3,1320,4
7040,2310,1,3,18500,23
7041,2310,62,2,520,23
7042,2311,29,3,340,6
7043,2311,22,3,640,6
7044,2312,25,1,920,
7045,2312,31,3,3100,
7046,2313,40,3,520,29
7047,2313,44,2,1400,29
7048,2313,46,3,185,29
7049,2314,51,2,340,3
7050,2314,2,1,14200,3
7051,2314,34,1,2450,3
7052,2314,14,3,1450,3
7053,2315,66,3,3200,19
7054,2315,48,1,126,19
7055,2316,53,3,8200,6
7056,2316,4,2,11800,6
7057,2317,43,2,620,4
7058,2318,71,1,2100,1
7059,2318,46,3,185,1
7060,2318,36,3,6200,1
7061,2318,39,2,1950,1
7062,2318,6,2,720,1
7063,2319,17,3,14800,5
7064,2319,46,3,185,5
7065,2319,74,2,330,5
7066,2319,55,2,780,5
7067,2319,21,2,33400,5
7068,2320,13,2,760,
7069,2320,19,2,4200,
7070,2320,24,2,8800,
7071,2320,6,3,720,
7072,2321,37,3,7400,13
7073,2321,66,3,3200,13
7074,2322,8,2,210,9
7075,2322,8,3,210,9
7076,2323,33,3,420,22
7077,2323,49,2,88,22
7078,2323,75,1,1180,22
7079,2324,26,3,2400,11
7080,2324,77,3,12600,11
7081,2324,73,2,680,11
7082,2324,77,2,12600,11
7083,2325,51,2,340,15
7084,2325,27,1,8700,15
7085,2325,17,3,14800,15
7086,2325,43,1,620,15
7087,2326,35,3,860,13
7088,2326,24,2,8800,13
7089,2326,57,1,7600,13
7090,2326,61,3,390,13
7091,2326,16,1,52000,13
7092,2327,52,2,920,4
7093,2328,49,1,88,
7094,2328,74,1,330,
7095,2329,78,1,215,23
7096,2329,9,1,1280,23
7097,2329,15,1,540,23
7098,2330,50,3,240,22
7099,2331,61,1,390,25
7100,2331,6,1,720,25
7101,2332,71,2,2100,3
7102,2333,51,2,340,24
7103,2333,71,3,2100,24
7104,2333,49,1,88,24
7105,2333,35,2,860,24
7106,2334,23,1,1280,28
7107,2335,60,2,1750,10
7108,2335,55,2,780,10
7109,2336,51,1,340,
7110,2336,18,1,21400,
7111,2336,48,2,126,
7112,2336,42,1,480,
7113,2336,57,3,7600,
7114,2337,2,2,14200,25
7115,2337,14,1,1450,25
7116,2337,76,3,9200,25
7117,2337,25,2,920,25
7118,2337,44,2,1400,25
7119,2338,54,3,260,27
7120,2338,50,1,240,27
7121,2338,40,1,520,27
7122,2339,8,2,210,28
7123,2339,57,1,7600,28
7124,2339,75,3,1180,28
7125,2339,77,3,12600,28
7126,2339,58,1,1180,28
7127,2340,3,2,26400,20
7128,2340,45,2,58,20
7129,2341,24,3,8800,16
7130,2341,37,2,7400,16
7131,2341,44,1,1400,16
7132,2342,19,1,4200,9
7133,2342,24,2,8800,9
7134,2343,58,3,1180,13
7135,2343,35,1,860,13
7136,2343,5,1,3900,13
7137,2343,4,2,11800,13
7138,2344,27,3,8700,
7139,2344,75,3,1180,
7140,2344,12,2,3250,
7141,2344,4,2,11800,
7142,2344,57,2,7600,
7143,2345,74,3,330,17
7144,2346,79,2,6800,3
7145,2346,7,3,95,3
7146,2347,72,1,540,10
7147,2348,1,3,18500,28
7148,2348,68,3,780,28
7149,2348,26,3,2400,28
7150,2348,34,3,2450,28
7151,2349,52,2,920,8
7152,2349,45,1,58,8
7153,2349,46,3,185,8
7154,2349,70,3,1180,8
7155,2349,49,1,88,8
7156,2350,53,2,8200,12
7157,2350,19,3,4200,12
7158,2350,54,3,260,12
7159,2350,4,1,11800,12
7160,2350,49,3,88,12
7161,2351,25,3,920,17
7162,2351,59,2,9400,17
7163,2351,58,3,1180,17
7164,2351,66,2,3200,17
7165,2351,30,3,1320,17
7166,2352,53,2,8200,
7167,2352,70,1,1180,
7168,2353,72,3,540,26
7169,2353,37,3,7400,26
7170,2353,71,1,2100,26
7171,2353,11,1,1180,26
7172,2353,44,1,1400,26
7173,2354,52,2,920,2
7174,2354,34,1,2450,2
7175,2354,44,2,1400,2
7176,2354,44,1,1400,2
7177,2355,22,2,640,22
7178,2355,8,3,210,22
7179,2355,35,3,860,22
7180,2356,61,3,390,7
7181,2356,33,1,420,7
7182,2356,51,3,340,7
7183,2356,25,1,920,7
7184,2356,3,3,26400,7
7185,2357,48,1,126,5
7186,2357,29,1,340,5
7187,2357,36,3,6200,5
7188,2358,37,2,7400,4
7189,2358,66,1,3200,4
7190,2358,45,1,58,4
7191,2358,35,2,860,4
7192,2358,7,1,95,4
7193,2359,26,3,2400,14
7194,2360,29,1,340,
7195,2361,11,2,1180,24
7196,2361,14,2,1450,24
7197,2361,70,2,1180,24
7198,2361,64,3,260,24
7199,2361,76,3,9200,24
7200,2362,55,1,780,28
7201,2362,23,3,1280,28
7202,2363,49,3,88,24
7203,2363,14,3,1450,24
7204,2363,2,2,14200,24
7205,2364,45,1,58,4
7206,2364,54,3,260,4
7207,2364,5,3,3900,4
7208,2364,35,3,860,4
7209,2364,24,2,8800,4
7210,2365,36,2,6200,2
7211,2366,24,1,8800,4
7212,2366,74,3,330,4
7213,2366,36,1,6200,4
7214,2366,13,1,760,4
7215,2366,72,1,540,4
7216,2367,39,3,1950,20
7217,2367,77,1,12600,20
7218,2368,51,3,340,
7219,2368,16,1,52000,
7220,2368,12,3,3250,
7221,2368,39,1,1950,
7222,2368,15,1,540,
7223,2369,13,2,760,6
7224,2369,21,2,33400,6
7225,2369,71,2,2100,6
7226,2370,11,1,1180,24
7227,2370,76,1,9200,24
7228,2370,57,3,7600,24
7229,2370,79,3,6800,24
7230,2371,72,3,540,20
7231,2371,15,2,540,20
7232,2371,11,1,1180,20
7233,2371,75,1,1180,20
7234,2371,56,3,5600,20
7235,2372,5,3,3900,10
7236,2372,35,1,860,10
7237,2373,70,3,1180,20
7238,2374,6,1,720,3
7239,2375,52,2,920,9
7240,2375,56,2,5600,9
7241,2376,47,1,72,
7242,2376,11,2,1180,
7243,2376,49,3,88,
7244,2376,29,3,340,
7245,2376,12,2,3250,
7246,2377,39,1,1950,10
7247,2377,32,1,1180,10
7248,2377,50,2,240,10
7249,2378,31,3,3100,30
7250,2378,51,2,340,30
7251,2378,20,2,1850,30
7252,2378,26,2,2400,30
7253,2378,11,2,1180,30
7254,2379,10,3,860,22
7255,2379,32,3,1180,22
7256,2379,52,2,920,22
7257,2379,21,1,33400,22
7258,2380,34,2,2450,16
7259,2380,43,3,620,16
7260,2380,37,2,7400,16
7261,2381,65,3,640,13
7262,2381,3,2,26400,13
7263,2381,72,1,540,13
7264,2381,43,3,620,13
7265,2382,9,1,1280,26
7266,2382,45,2,58,26
7267,2383,75,2,1180,15
7268,2384,4,2,11800,
7269,2384,27,3,8700,
7270,2384,75,3,1180,
7271,2384,42,1,480,
7272,2385,32,2,1180,1
7273,2386,63,1,1480,24
7274,2387,36,3,6200,5
7275,2388,48,2,126,3
7276,2388,10,2,860,3
7277,2388,30,1,1320,3
7278,2389,21,2,33400,24
7279,2389,75,1,1180,24
7280,2389,4,2,11800,24
7281,2390,40,1,520,5
7282,2390,59,3,9400,5
7283,2390,5,3,3900,5
7284,2390,52,2,920,5
7285,2390,78,2,215,5
7286,2391,79,2,6800,23
7287,2391,17,2,14800,23
7288,2391,53,1,8200,23
7289,2391,5,1,3900,23
7290,2392,56,1,5600,
7291,2393,7,1,95,3
7292,2393,26,3,2400,3
7293,2393,60,1,1750,3
7294,2394,14,3,1450,24
7295,2394,56,1,5600,24
7296,2395,16,3,52000,30
7297,2396,55,2,780,17
7298,2397,40,1,520,23
7299,2397,58,3,1180,23
7300,2397,54,2,260,23
7301,2398,32,1,1180,14
7302,2398,42,3,480,14
7303,2398,67,2,540,14
7304,2398,78,2,215,14
7305,2398,39,1,1950,14
7306,2399,51,3,340,1
7307,2399,5,2,3900,1
7308,2399,37,1,7400,1
7309,2400,34,2,2450,
7310,2400,30,1,1320,
7311,2400,78,3,215,
7312,2400,24,1,8800,
7313,2400,40,2,520,
7314,2401,31,2,3100,2
7315,2401,69,2,1450,2
7316,2401,47,2,72,2
7317,2401,71,3,2100,2
7318,2401,47,3,72,2
7319,2402,24,1,8800,6
7320,2402,10,1,860,6
7321,2402,63,2,1480,6
7322,2403,15,1,540,23
7323,2404,55,3,780,25
7324,2404,69,2,1450,25
7325,2404,72,3,540,25
7326,2405,73,1,680,22
7327,2405,62,3,520,22
7328,2405,31,3,3100,22
7329,2406,52,3,920,6
7330,2406,14,3,1450,6
7331,2407,22,2,640,14
7332,2407,56,2,5600,14
7333,2407,44,3,1400,14
7334,2408,73,2,680,
7335,2408,42,3,480,
7336,2409,26,3,2400,4
7337,2410,69,1,1450,21
7338,2410,37,3,7400,21
7339,2410,61,3,390,21
7340,2410,1,3,18500,21
7341,2411,3,2,26400,3
7342,2411,28,3,680,3
7343,2411,55,1,780,3
7344,2411,3,2,26400,3
7345,2412,37,1,7400,7
7346,2413,77,3,12600,14
7347,2413,30,1,1320,14
7348,2413,9,3,1280,14
7349,2413,36,1,6200,14
7350,2414,66,2,3200,29
7351,2415,1,2,18500,25
7352,2415,21,3,33400,25
7353,2415,4,1,11800,25
7354,2416,70,3,1180,
7355,2416,56,3,5600,
7356,2416,78,1,215,
7357,2416,53,1,8200,
7358,2416,24,1,8800,
7359,2417,29,3,340,17
7360,2418,24,3,8800,11
7361,2418,66,1,3200,11
7362,2418,24,1,8800,11
7363,2419,63,1,1480,5
7364,2419,79,3,6800,5
7365,2420,11,2,1180,29
7366,2421,75,2,1180,5
7367,2421,47,2,72,5
7368,2421,42,3,480,5
7369,2422,39,2,1950,24
7370,2422,50,3,240,24
7371,2422,53,2,8200,24
7372,2423,43,3,620,30
7373,2423,70,1,1180,30
7374,2423,1,2,18500,30
7375,2423,44,2,1400,30
7376,2424,74,1,330,
7377,2424,63,3,1480,
7378,2425,77,3,12600,13
7379,2425,29,3,340,13
7380,2425,69,3,1450,13
7381,2426,2,3,14200,25
7382,2426,60,2,1750,25
7383,2426,35,2,860,25
7384,2426,11,2,1180,25
7385,2427,50,1,240,28
7386,2427,68,3,780,28
7387,2427,30,1,1320,28
7388,2427,33,2,420,28
7389,2427,3,1,26400,28
7390,2428,63,3,1480,25
7391,2428,78,2,215,25
7392,2428,16,2,52000,25
7393,2429,54,1,260,16
7394,2429,8,1,210,16
7395,2429,52,3,920,16
7396,2430,1,1,18500,19
7397,2430,27,2,8700,19
7398,2430,79,2,6800,19
7399,2430,34,1,2450,19
7400,2430,34,2,2450,19
7401,2431,5,2,3900,24
7402,2431,16,1,52000,24
7403,2431,10,2,860,24
7404,2431,54,1,260,24
7405,2432,53,3,8200,
7406,2432,46,3,185,
7407,2432,10,3,860,
7408,2433,23,1,1280,10
7409,2433,40,1,520,10
7410,2433,29,2,340,10
7411,2433,66,3,3200,10
7412,2433,46,2,185,10
7413,2434,44,3,1400,22
7414,2435,62,2,520,7
7415,2435,68,3,780,7
7416,2435,77,1,12600,7
7417,2435,49,3,88,7
7418,2435,1,1,18500,7
7419,2436,33,2,420,20
7420,2436,57,2,7600,20
7421,2437,25,3,920,22
7422,2437,52,3,920,22
7423,2438,58,2,1180,21
7424,2438,51,1,340,21
7425,2438,8,1,210,21
7426,2439,36,2,6200,28
7427,2440,3,3,26400,
7428,2440,78,3,215,
7429,2441,47,1,72,8
7430,2441,72,1,540,8
7431,2442,11,1,1180,14
7432,2442,60,1,1750,14
7433,2442,35,1,860,14
7434,2442,5,3,3900,14
7435,2442,6,1,720,14
7436,2443,48,3,126,13
7437,2443,28,3,680,13
7438,2443,15,2,540,13
7439,2443,24,3,8800,13
7440,2443,33,1,420,13
7441,2444,70,1,1180,7
7442,2444,55,2,780,7
7443,2444,42,1,480,7
7444,2444,58,2,1180,7
7445,2444,44,1,1400,7
7446,2445,12,1,3250,14
7447,2445,12,3,3250,14
7448,2445,22,3,640,14
7449,2445,53,2,8200,14
7450,2446,47,3,72,30
7451,2446,45,2,58,30
7452,2446,49,2,88,30
7453,2446,8,2,210,30
7454,2447,29,3,340,20
7455,2447,46,1,185,20
7456,2448,24,1,8800,
7457,2449,16,2,52000,17
7458,2449,26,1,2400,17
7459,2449,25,3,920,17
7460,2450,57,2,7600,14
7461,2450,48,1,126,14
7462,2450,40,1,520,14
7463,2450,7,1,95,14
7464,2451,26,1,2400,11
7465,2451,57,2,7600,11
7466,2451,9,2,1280,11
7467,2451,15,1,540,11
7468,2451,20,2,1850,11
7469,2452,39,3,1950,19
7470,2452,69,3,1450,19
7471,2452,21,2,33400,19
7472,2453,35,1,860,1
7473,2453,10,3,860,1
7474,2453,63,2,1480,1
7475,2453,59,2,9400,1
7476,2453,58,2,1180,1
7477,2454,22,3,640,8
7478,2454,64,2,260,8
7479,2454,46,1,185,8
7480,2454,44,3,1400,8
7481,2454,14,1,1450,8
7482,2455,38,2,2850,29
7483,2456,48,1,126,
7484,2456,28,3,680,
7485,2456,49,2,88,
7486,2456,41,2,2200,
7487,2457,28,3,680,10
7488,2457,66,2,3200,10
7489,2457,45,3,58,10
7490,2457,33,1,420,10
7491,2457,55,2,780,10
7492,2458,17,3,14800,13
7493,2459,67,2,540,3
7494,2459,79,1,6800,3
7495,2459,37,2,7400,3
7496,2459,27,2,8700,3
7497,2460,36,1,6200,28
7498,2460,41,3,2200,28
7499,2460,50,3,240,28
7500,2460,71,2,2100,28
7501,2461,68,2,780,7
7502,2461,42,3,480,7
7503,2461,20,2,1850,7
7504,2461,18,1,21400,7
7505,2462,33,3,420,8
7506,2462,1,1,18500,8
7507,2462,15,1,540,8
7508,2463,8,2,210,23
7509,2463,50,1,240,23
7510,2464,61,2,390,
7511,2464,37,2,7400,
7512,2464,64,3,260,
7513,2465,69,3,1450,26
7514,2465,43,1,620,26
7515,2465,2,2,14200,26
7516,2465,27,3,8700,26
7517,2466,57,3,7600,11
7518,2466,74,3,330,11
7519,2466,59,3,9400,11
7520,2467,40,1,520,10
7521,2467,17,3,14800,10
7522,2467,56,2,5600,10
7523,2467,78,2,215,10
7524,2467,52,2,920,10
7525,2468,69,3,1450,1
7526,2468,60,3,1750,1
7527,2469,68,3,780,11
7528,2469,41,2,2200,11
7529,2470,7,2,95,16
7530,2470,1,3,18500,16
7531,2470,65,1,640,16
7532,2470,35,1,860,16
7533,2470,30,3,1320,16
7534,2471,72,1,540,15
7535,2472,73,1,680,
7536,2472,22,2,640,
7537,2472,14,2,1450,
7538,2472,62,3,520,
7539,2473,75,3,1180,14
7540,2473,14,3,1450,14
7541,2473,8,2,210,14
7542,2473,79,2,6800,14
7543,2473,59,2,9400,14
7544,2474,67,2,540,21
7545,2474,49,3,88,21
7546,2475,37,1,7400,1
7547,2476,41,1,2200,26
7548,2476,49,3,88,26
7549,2476,59,1,9400,26
7550,2476,1,2,18500,26
7551,2477,55,1,780,26
7552,2477,70,1,1180,26
7553,2478,69,3,1450,24
7554,2478,33,1,420,24
7555,2478,2,3,14200,24
7556,2478,53,3,8200,24
7557,2479,63,3,1480,5
7558,2479,1,2,18500,5
7559,2480,37,1,7400,
7560,2480,5,3,3900,
7561,2480,66,3,3200,
7562,2481,50,1,240,5
7563,2481,52,1,920,5
7564,2482,28,2,680,18
7565,2482,24,3,8800,18
7566,2482,30,3,1320,18
7567,2483,52,3,920,6
7568,2484,8,2,210,9
7569,2484,46,2,185,9
7570,2484,27,1,8700,9
7571,2485,12,1,3250,14
7572,2485,77,2,12600,14
7573,2486,61,2,390,26
7574,2487,78,1,215,10
7575,2487,49,2,88,10
7576,2488,39,2,1950,
7577,2488,7,1,95,
7578,2489,66,1,3200,3
7579,2490,5,1,3900,12
7580,2491,4,3,11800,12
7581,2491,18,3,21400,12
7582,2491,67,2,540,12
7583,2492,9,3,1280,24
7584,2493,75,3,1180,2
7585,2493,1,1,18500,2
7586,2493,67,1,540,2
7587,2493,39,3,1950,2
7588,2493,60,2,1750,2
7589,2494,2,2,14200,2
7590,2494,69,1,1450,2
7591,2494,25,3,920,2
7592,2495,38,3,2850,29
7593,2495,79,3,6800,29
7594,2496,42,2,480,
7595,2496,79,2,6800,
7596,2496,54,3,260,
7597,2497,71,3,2100,26
7598,2497,58,1,1180,26
7599,2498,74,2,330,22
7600,2498,65,2,640,22
7601,2499,4,3,11800,12
7602,2499,4,3,11800,12
7603,2499,75,1,1180,12
7604,2500,67,2,540,6
7605,2501,6,2,720,5
7606,2501,39,3,1950,5
7607,2501,65,3,640,5
7608,2501,14,3,1450,5
7609,2502,29,1,340,13
7610,2503,2,2,14200,11
7611,2503,61,2,390,11
7612,2504,78,1,215,
7613,2504,47,3,72,
7614,2504,51,2,340,
7615,2504,70,1,1180,
7616,2504,73,2,680,
7617,2505,34,1,2450,9
7618,2505,16,3,52000,9
7619,2505,57,3,7600,9
7620,2505,66,3,3200,9
7621,2505,7,1,95,9
7622,2506,40,3,520,15
7623,2506,28,3,680,15
7624,2506,62,1,520,15
7625,2507,78,3,215,22
7626,2507,13,2,760,22
7627,2508,48,2,126,7
7628,2508,6,2,720,7
7629,2509,7,1,95,5
7630,2509,21,3,33400,5
7631,2509,66,1,3200,5
7632,2510,1,1,18500,7
7633,2510,76,3,9200,7
7634,2510,15,3,540,7
7635,2510,67,2,540,7
7636,2511,71,3,2100,23
7637,2511,70,2,1180,23
7638,2511,35,1,860,23
7639,2511,15,2,540,23
7640,2512,36,2,6200,
7641,2512,56,2,5600,
7642,2512,54,1,260,
7643,2512,24,2,8800,
7644,2513,66,1,3200,23
7645,2513,79,3,6800,23
7646,2514,56,3,5600,16
7647,2514,2,1,14200,16
7648,2515,52,3,920,9
7649,2516,27,3,8700,11
7650,2516,8,2,210,11
7651,2516,36,2,6200,11
7652,2517,49,3,88,8
7653,2517,56,2,5600,8
7654,2518,10,3,860,20
7655,2518,26,2,2400,20
7656,2518,41,3,2200,20
7657,2518,58,3,1180,20
7658,2518,71,1,2100,20
7659,2519,70,1,1180,11
7660,2519,32,3,1180,11
7661,2520,3,2,26400,
7662,2520,25,3,920,
7663,2520,78,1,215,
7664,2521,31,2,3100,8
7665,2521,79,1,6800,8
7666,2521,49,2,88,8
7667,2521,62,2,520,8
7668,2522,74,3,330,14
7669,2523,59,3,9400,10
7670,2523,49,3,88,10
7671,2523,7,3,95,10
7672,2523,48,3,126,10
7673,2523,32,3,1180,10
7674,2524,66,2,3200,24
7675,2524,55,3,780,24
7676,2525,19,2,4200,13
7677,2525,72,3,540,13
7678,2526,20,1,1850,8
7679,2526,39,3,1950,8
7680,2527,11,3,1180,10
7681,2527,59,1,9400,10
7682,2527,6,2,720,10
7683,2528,61,3,390,
7684,2528,28,3,680,
7685,2528,65,2,640,
7686,2528,69,2,1450,
7687,2529,20,2,1850,11
7688,2529,15,2,540,11
7689,2530,47,2,72,24
7690,2530,22,2,640,24
7691,2531,15,1,540,10
7692,2531,3,3,26400,10
7693,2532,17,1,14800,7
7694,2532,50,1,240,7
7695,2532,25,3,920,7
7696,2532,47,1,72,7
7697,2533,6,3,720,14
7698,2533,4,2,11800,14
7699,2533,6,1,720,14
7700,2534,75,1,1180,16
7701,2534,20,3,1850,16
7702,2534,16,1,52000,16
7703,2535,22,1,640,26
7704,2535,79,3,6800,26
7705,2536,66,1,3200,
7706,2536,26,3,2400,
7707,2536,30,3,1320,
7708,2536,46,1,185,
7709,2536,9,3,1280,
7710,2537,33,3,420,28
7711,2537,60,3,1750,28
7712,2537,44,2,1400,28
7713,2537,1,1,18500,28
7714,2538,8,1,210,10
7715,2538,59,1,9400,10
7716,2538,33,1,420,10
7717,2539,3,1,26400,29
7718,2539,68,1,780,29
7719,2539,16,3,52000,29
7720,2539,68,3,780,29
7721,2539,77,1,12600,29
7722,2540,38,2,2850,22
7723,2540,28,2,680,22
7724,2540,75,3,1180,22
7725,2541,17,2,14800,2
7726,2541,41,2,2200,2
7727,2541,22,1,640,2
7728,2541,46,2,185,2
7729,2542,11,3,1180,14
7730,2542,53,2,8200,14
7731,2542,55,1,780,14
7732,2542,54,2,260,14
7733,2543,20,3,1850,2
7734,2543,8,1,210,2
7735,2544,27,3,8700,
7736,2544,78,1,215,
7737,2544,36,2,6200,
7738,2544,3,3,26400,
7739,2544,75,1,1180,
7740,2545,31,2,3100,27
7741,2545,68,2,780,27
7742,2546,48,1,126,29
7743,2546,8,3,210,29
7744,2546,44,2,1400,29
7745,2546,31,2,3100,29
7746,2547,61,1,390,25
7747,2547,16,1,52000,25
7748,2547,64,2,260,25
7749,2547,55,1,780,25
7750,2547,8,2,210,25
7751,2548,62,1,520,27
7752,2548,19,1,4200,27
7753,2548,54,3,260,27
7754,2548,78,1,215,27
7755,2549,58,1,1180,5
7756,2549,58,2,1180,5
7757,2549,25,2,920,5
7758,2550,45,1,58,18
7759,2551,52,2,920,1
7760,2551,79,3,6800,1
7761,2551,29,3,340,1
7762,2551,33,2,420,1
7763,2552,28,3,680,
7764,2552,34,3,2450,
7765,2552,6,2,720,
7766,2552,35,1,860,
7767,2553,28,3,680,16
7768,2553,64,2,260,16
7769,2553,10,1,860,16
7770,2554,78,1,215,16
7771,2554,42,1,480,16
7772,2554,26,3,2400,16
7773,2555,33,1,420,4
7774,2555,44,2,1400,4
7775,2555,41,2,2200,4
7776,2555,40,3,520,4
7777,2556,52,3,920,19
7778,2556,17,3,14800,19
7779,2556,63,3,1480,19
7780,2557,53,3,8200,10
7781,2558,67,3,540,1
7782,2559,66,1,3200,16
7783,2560,57,3,7600,
7784,2561,37,3,7400,25
7785,2561,33,1,420,25
7786,2562,13,3,760,14
7787,2562,15,2,540,14
7788,2562,6,3,720,14
7789,2562,74,2,330,14
7790,2563,19,3,4200,4
7791,2563,64,3,260,4
7792,2563,39,1,1950,4
7793,2563,75,2,1180,4
7794,2564,32,2,1180,18
7795,2564,2,1,14200,18
7796,2564,23,1,1280,18
7797,2564,51,3,340,18
7798,2565,79,1,6800,4
7799,2565,8,3,210,4
7800,2566,42,2,480,20
7801,2567,51,1,340,22
7802,2568,29,3,340,
7803,2568,29,1,340,
7804,2568,25,1,920,
7805,2569,1,2,18500,6
7806,2569,15,3,540,6
7807,2569,68,2,780,6
7808,2569,36,2,6200,6
7809,2570,39,1,1950,23
7810,2571,44,2,1400,18
7811,2571,40,3,520,18
7812,2571,48,1,126,18
7813,2572,9,2,1280,5
7814,2573,76,2,9200,19
7815,2573,36,1,6200,19
7816,2573,27,1,8700,19
7817,2573,40,2,520,19
7818,2574,4,2,11800,1
7819,2574,75,3,1180,1
7820,2574,77,2,12600,1
7821,2574,67,3,540,1
7822,2575,53,3,8200,13
7823,2575,49,3,88,13
7824,2575,2,3,14200,13
7825,2576,48,3,126,
7826,2576,59,2,9400,
7827,2576,63,2,1480,
7828,2576,53,1,8200,
7829,2577,71,1,2100,14
7830,2577,57,2,7600,14
7831,2577,57,1,7600,14
7832,2578,27,2,8700,24
7833,2578,61,1,390,24
7834,2578,10,1,860,24
7835,2578,16,3,52000,24
7836,2578,36,2,6200,24
7837,2579,66,1,3200,18
7838,2579,71,3,2100,18
7839,2579,71,1,2100,18
7840,2579,5,2,3900,18
7841,2580,45,1,58,21
7842,2580,7,1,95,21
7843,2580,41,2,2200,21
7844,2580,53,2,8200,21
7845,2580,66,1,3200,21
7846,2581,60,3,1750,17
7847,2581,8,3,210,17
7848,2582,32,2,1180,9
7849,2582,46,2,185,9
7850,2582,66,3,3200,9
7851,2583,48,2,126,28
7852,2583,68,1,780,28
7853,2584,74,3,330,
7854,2584,64,3,260,
7855,2584,10,1,860,
7856,2584,57,1,7600,
7857,2585,3,1,26400,22
7858,2585,12,1,3250,22
7859,2586,31,2,3100,11
7860,2586,28,2,680,11
7861,2587,74,3,330,2
7862,2587,39,3,1950,2
7863,2587,46,1,185,2
7864,2588,54,2,260,6
7865,2589,52,1,920,22
7866,2589,78,3,215,22
7867,2589,53,1,8200,22
7868,2589,63,2,1480,22
7869,2590,54,1,260,5
7870,2591,29,1,340,8
7871,2592,39,2,1950,
7872,2592,54,1,260,
7873,2592,72,2,540,
7874,2592,49,1,88,
7875,2593,48,1,126,25
7876,2593,14,3,1450,25
7877,2594,14,1,1450,1
7878,2595,38,1,2850,11
7879,2595,1,3,18500,11
7880,2595,27,2,8700,11
7881,2595,15,2,540,11
7882,2595,58,3,1180,11
7883,2596,6,2,720,8
7884,2596,54,1,260,8
7885,2596,65,3,640,8
7886,2596,2,2,14200,8
7887,2596,33,3,420,8
7888,2597,44,1,1400,6
7889,2597,43,1,620,6
7890,2597,27,1,8700,6
7891,2598,6,1,720,21
7892,2598,76,1,9200,21
7893,2598,38,1,2850,21
7894,2598,33,1,420,21
7895,2599,78,1,215,19
7896,2599,70,2,1180,19
7897,2600,7,2,95,
7898,2600,51,1,340,
7899,2601,14,2,1450,11
7900,2601,8,3,210,11
7901,2601,27,1,8700,11
7902,2601,15,3,540,11
7903,2602,2,3,14200,7
7904,2602,66,1,3200,7
7905,2602,64,3,260,7
7906,2602,37,2,7400,7
7907,2603,33,1,420,24
7908,2603,61,3,390,24
7909,2603,14,2,1450,24
7910,2604,33,1,420,2
7911,2604,35,3,860,2
7912,2605,4,3,11800,21
7913,2605,47,1,72,21
7914,2605,12,3,3250,21
7915,2605,61,1,390,21
7916,2605,65,3,640,21
7917,2606,1,1,18500,21
7918,2606,64,2,260,21
7919,2606,67,2,540,21
7920,2607,6,2,720,26
7921,2607,28,2,680,26
7922,2608,19,2,4200,
7923,2609,3,3,26400,12
7924,2610,57,2,7600,29
7925,2610,22,2,640,29
7926,2610,59,1,9400,29
7927,2611,34,3,2450,29
7928,2611,53,2,8200,29
7929,2612,76,3,9200,11
7930,2612,63,1,1480,11
7931,2613,55,3,780,22
7932,2613,48,2,126,22
7933,2613,72,3,540,22
7934,2613,4,3,11800,22
7935,2613,51,3,340,22
7936,2614,51,3,340,17
7937,2614,62,2,520,17
7938,2614,8,3,210,17
7939,2615,65,1,640,5
7940,2615,69,1,1450,5
7941,2615,35,1,860,5
7942,2616,26,3,2400,
7943,2616,16,1,52000,
7944,2616,26,3,2400,
7945,2617,72,2,540,24
7946,2617,24,3,8800,24
7947,2618,43,2,620,21
7948,2618,22,2,640,21
7949,2618,50,1,240,21
7950,2618,9,1,1280,21
7951,2618,64,3,260,21
7952,2619,73,3,680,10
7953,2619,42,1,480,10
7954,2619,70,2,1180,10
7955,2619,21,1,33400,10
7956,2620,17,1,14800,20
7957,2621,16,3,52000,23
7958,2621,49,1,88,23
7959,2621,15,3,540,23
7960,2621,47,2,72,23
7961,2621,38,3,2850,23
7962,2622,14,2,1450,16
7963,2622,60,3,1750,16
7964,2622,8,1,210,16
7965,2623,14,3,1450,9
7966,2623,54,1,260,9
7967,2623,35,1,860,9
7968,2623,3,2,26400,9
7969,2623,54,3,260,9
7970,2624,24,3,8800,
7971,2624,51,1,340,
7972,2625,68,3,780,13
7973,2625,51,1,340,13
7974,2625,49,3,88,13
7975,2626,34,1,2450,24
7976,2626,20,3,1850,24
7977,2626,27,3,8700,24
7978,2626,33,1,420,24
7979,2627,28,3,680,28
7980,2627,78,3,215,28
7981,2627,19,3,4200,28
7982,2627,29,1,340,28
7983,2627,66,3,3200,28
7984,2628,27,1,8700,22
7985,2628,72,3,540,22
7986,2628,34,1,2450,22
7987,2628,79,3,6800,22
7988,2629,51,1,340,18
7989,2630,18,2,21400,2
7990,2630,71,1,2100,2
7991,2631,25,2,920,21
7992,2631,40,2,520,21
7993,2631,77,3,12600,21
7994,2632,66,2,3200,
7995,2633,32,2,1180,9
7996,2634,34,3,2450,15
7997,2634,68,1,780,15
7998,2634,30,3,1320,15
7999,2635,61,1,390,24
8000,2635,35,2,860,24
8001,2635,11,3,1180,24
8002,2636,44,2,1400,2
8003,2636,42,1,480,2
8004,2636,62,1,520,2
8005,2636,42,2,480,2
8006,2636,40,1,520,2
8007,2637,59,3,9400,30
8008,2637,21,1,33400,30
8009,2637,74,2,330,30
8010,2637,37,2,7400,30
8011,2637,66,2,3200,30
8012,2638,47,2,72,30
8013,2638,38,1,2850,30
8014,2639,37,2,7400,14
8015,2639,20,3,1850,14
8016,2639,28,3,680,14
8017,2639,51,2,340,14
8018,2640,8,2,210,
8019,2640,22,1,640,
8020,2640,25,2,920,
8021,2641,14,1,1450,20
8022,2642,35,2,860,30
8023,2642,1,1,18500,30
8024,2643,60,1,1750,29
8025,2644,18,3,21400,1
8026,2645,37,2,7400,22
8027,2645,7,1,95,22
8028,2646,64,2,260,29
8029,2646,53,2,8200,29
8030,2646,10,1,860,29
8031,2646,26,3,2400,29
8032,2646,23,2,1280,29
8033,2647,39,3,1950,19
8034,2648,54,3,260,
8035,2649,59,1,9400,6
8036,2649,60,3,1750,6
8037,2649,19,1,4200,6
8038,2649,67,1,540,6
8039,2649,42,1,480,6
8040,2650,66,3,3200,19
8041,2650,6,3,720,19
8042,2650,7,1,95,19
8043,2650,10,1,860,19
8044,2651,78,2,215,12
8045,2651,52,3,920,12
8046,2652,33,3,420,7
8047,2652,54,2,260,7
8048,2652,44,2,1400,7
8049,2652,68,1,780,7
8050,2652,49,3,88,7
8051,2653,9,1,1280,13
8052,2653,34,3,2450,13
8053,2654,25,3,920,24
8054,2654,30,2,1320,24
8055,2654,36,3,6200,24
8056,2655,32,1,1180,23
8057,2655,71,1,2100,23
8058,2655,22,3,640,23
8059,2655,66,3,3200,23
8060,2656,2,1,14200,
8061,2656,18,1,21400,
8062,2657,57,2,7600,1
8063,2657,39,2,1950,1
8064,2658,45,1,58,21
8065,2658,49,3,88,21
8066,2658,46,2,185,21
8067,2659,9,1,1280,2
8068,2659,34,1,2450,2
8069,2659,36,2,6200,2
8070,2659,26,2,2400,2
8071,2659,67,3,540,2
8072,2660,78,2,215,28
8073,2660,49,1,88,28
8074,2661,1,3,18500,25
8075,2661,22,1,640,25
8076,2661,49,3,88,25
8077,2661,19,3,4200,25
8078,2661,74,3,330,25
8079,2662,66,2,3200,7
8080,2662,62,2,520,7
8081,2662,16,2,52000,7
8082,2662,29,3,340,7
8083,2662,22,3,640,7
8084,2663,1,3,18500,23
8085,2663,26,1,2400,23
8086,2663,72,2,540,23
8087,2664,11,3,1180,
8088,2665,73,1,680,4
8089,2665,8,3,210,4
8090,2666,27,2,8700,9
8091,2667,4,3,11800,13
8092,2667,65,3,640,13
8093,2667,77,1,12600,13
8094,2667,69,3,1450,13
8095,2668,65,3,640,13
8096,2668,45,2,58,13
8097,2668,1,2,18500,13
8098,2669,22,1,640,18
8099,2669,68,2,780,18
8100,2670,14,1,1450,28
8101,2670,37,3,7400,28
8102,2670,68,2,780,28
8103,2670,6,2,720,28
8104,2671,14,2,1450,16
8105,2672,17,2,14800,
8106,2672,1,3,18500,
8107,2672,74,3,330,
8108,2673,71,3,2100,27
8109,2673,10,2,860,27
8110,2673,70,1,1180,27
8111,2674,76,2,9200,16
8112,2674,64,2,260,16
8113,2674,6,1,720,16
8114,2674,6,2,720,16
8115,2674,56,3,5600,16
8116,2675,50,3,240,4
8117,2675,49,2,88,4
8118,2675,28,3,680,4
8119,2675,50,3,240,4
8120,2675,68,2,780,4
8121,2676,75,2,1180,16
8122,2676,59,1,9400,16
8123,2676,57,3,7600,16
8124,2676,70,2,1180,16
8125,2676,62,3,520,16
8126,2677,63,2,1480,26
8127,2677,19,1,4200,26
8128,2678,28,2,680,2
8129,2678,14,1,1450,2
8130,2679,15,1,540,13
8131,2680,28,2,680,
8132,2680,23,3,1280,
8133,2680,3,1,26400,
8134,2680,38,3,2850,
8135,2680,44,1,1400,
8136,2681,43,2,620,4
8137,2681,43,2,620,4
8138,2681,4,2,11800,4
8139,2681,33,1,420,4
8140,2682,4,3,11800,7
8141,2683,49,3,88,9
8142,2683,42,1,480,9
8143,2684,5,3,3900,25
8144,2684,18,3,21400,25
8145,2685,63,1,1480,18
8146,2685,46,2,185,18
8147,2685,57,2,7600,18
8148,2686,35,2,860,21
8149,2687,14,2,1450,16
8150,2687,74,2,330,16
8151,2687,29,1,340,16
8152,2688,3,3,26400,
8153,2688,4,1,11800,
8154,2689,7,3,95,24
8155,2689,37,3,7400,24
8156,2689,30,3,1320,24
8157,2689,66,1,3200,24
8158,2689,32,2,1180,24
8159,2690,53,3,8200,17
8160,2690,69,3,1450,17
8161,2690,53,3,8200,17
8162,2690,56,3,5600,17
8163,2691,15,2,540,5
8164,2691,5,1,3900,5
8165,2692,18,1,21400,4
8166,2692,61,3,390,4
8167,2692,65,2,640,4
8168,2693,17,1,14800,30
8169,2694,64,1,260,11
8170,2694,74,3,330,11
8171,2694,24,1,8800,11
8172,2694,18,3,21400,11
8173,2694,79,3,6800,11
8174,2695,43,2,620,29
8175,2696,37,2,7400,
8176,2696,57,2,7600,
8177,2696,25,1,920,
8178,2697,37,2,7400,26
8179,2697,23,3,1280,26
8180,2697,54,1,260,26
8181,2697,6,2,720,26
8182,2697,70,1,1180,26
8183,2698,23,2,1280,10
8184,2698,42,2,480,10
8185,2699,67,3,540,13
8186,2699,6,1,720,13
8187,2700,69,2,1450,5
8188,2700,27,2,8700,5
8189,2700,9,1,1280,5
8190,2701,18,3,21400,3
8191,2701,51,3,340,3
8192,2702,31,2,3100,13
8193,2702,51,2,340,13
8194,2702,77,2,12600,13
8195,2702,15,1,540,13
8196,2702,12,3,3250,13
8197,2703,12,3,3250,2
8198,2703,60,3,1750,2
8199,2703,16,3,52000,2
8200,2703,10,1,860,2
8201,2703,18,1,21400,2
8202,2704,73,3,680,
8203,2704,6,1,720,
8204,2704,77,1,12600,
8205,2704,63,1,1480,
8206,2704,38,2,2850,
8207,2705,7,3,95,19
8208,2705,32,2,1180,19
8209,2705,7,3,95,19
8210,2705,33,3,420,19
8211,2705,2,1,14200,19
8212,2706,11,1,1180,18
8213,2706,53,2,8200,18
8214,2706,27,1,8700,18
8215,2706,76,1,9200,18
8216,2707,31,1,3100,26
8217,2707,54,3,260,26
8218,2707,59,1,9400,26
8219,2707,71,2,2100,26
8220,2708,45,2,58,22
8221,2708,66,1,3200,22
8222,2708,72,3,540,22
8223,2709,21,2,33400,30
8224,2709,65,2,640,30
8225,2709,28,3,680,30
8226,2710,57,3,7600,3
8227,2710,55,2,780,3
8228,2710,37,3,7400,3
8229,2710,60,1,1750,3
8230,2710,75,1,1180,3
8231,2711,60,1,1750,16
8232,2711,77,1,12600,16
8233,2711,51,3,340,16
8234,2711,79,3,6800,16
8235,2712,2,3,14200,
8236,2712,5,1,3900,
8237,2713,21,3,33400,16
8238,2713,58,3,1180,16
8239,2714,12,3,3250,1
8240,2714,68,3,780,1
8241,2715,51,3,340,6
8242,2715,46,1,185,6
8243,2715,37,3,7400,6
8244,2715,71,2,2100,6
8245,2716,49,1,88,1
8246,2716,57,3,7600,1
8247,2716,6,1,720,1
8248,2717,18,1,21400,4
8249,2717,56,2,5600,4
8250,2717,59,3,9400,4
8251,2718,73,1,680,23
8252,2718,56,1,5600,23
8253,2718,21,3,33400,23
8254,2719,79,2,6800,21
8255,2719,30,1,1320,21
8256,2719,2,3,14200,21
8257,2719,40,1,520,21
8258,2719,72,3,540,21
8259,2720,47,2,72,
8260,2721,11,2,1180,21
8261,2721,73,3,680,21
8262,2721,70,1,1180,21
8263,2722,40,3,520,11
8264,2723,19,3,4200,10
8265,2723,69,2,1450,10
8266,2724,72,2,540,29
8267,2724,31,2,3100,29
8268,2724,25,2,920,29
8269,2725,29,1,340,30
8270,2725,63,1,1480,30
8271,2725,18,3,21400,30
8272,2725,5,2,3900,30
8273,2725,17,1,14800,30
8274,2726,68,1,780,24
8275,2726,11,1,1180,24
8276,2726,50,2,240,24
8277,2727,49,3,88,15
8278,2727,42,3,480,15
8279,2727,77,2,12600,15
8280,2727,39,3,1950,15
8281,2728,72,3,540,
8282,2728,39,1,1950,
8283,2728,33,2,420,
8284,2728,51,2,340,
8285,2729,74,3,330,1
8286,2729,29,1,340,1
8287,2729,18,2,21400,1
8288,2730,49,2,88,20
8289,2730,43,2,620,20
8290,2730,2,1,14200,20
8291,2730,78,1,215,20
8292,2731,2,2,14200,22
8293,2731,47,3,72,22
8294,2731,78,3,215,22
8295,2731,52,1,920,22
8296,2731,64,2,260,22
8297,2732,13,2,760,8
8298,2732,28,3,680,8
8299,2733,63,2,1480,12
8300,2733,40,1,520,12
8301,2733,33,1,420,12
8302,2734,68,2,780,14
8303,2734,26,2,2400,14
8304,2734,22,2,640,14
8305,2734,6,3,720,14
8306,2735,66,2,3200,2
8307,2735,3,1,26400,2
8308,2735,40,3,520,2
8309,2735,44,1,1400,2
8310,2735,65,2,640,2
8311,2736,52,2,920,
8312,2736,19,2,4200,
8313,2736,15,2,540,
8314,2736,4,2,11800,
8315,2736,20,3,1850,
8316,2737,28,2,680,13
8317,2737,33,3,420,13
8318,2737,12,3,3250,13
8319,2737,50,1,240,13
8320,2738,40,1,520,16
8321,2738,56,3,5600,16
8322,2738,38,3,2850,16
8323,2738,57,2,7600,16
8324,2738,20,1,1850,16
8325,2739,71,3,2100,26
8326,2739,8,1,210,26
8327,2739,45,2,58,26
8328,2740,75,3,1180,15
8329,2740,4,1,11800,15
8330,2740,72,2,540,15
8331,2740,44,1,1400,15
8332,2740,33,1,420,15
8333,2741,64,3,260,6
8334,2742,55,3,780,28
8335,2742,10,2,860,28
8336,2743,22,3,640,30
8337,2743,37,3,7400,30
8338,2743,39,2,1950,30
8339,2743,10,2,860,30
8340,2743,36,1,6200,30
8341,2744,7,3,95,
8342,2744,49,2,88,
8343,2744,75,3,1180,
8344,2745,53,1,8200,9
8345,2745,46,1,185,9
8346,2745,34,1,2450,9
8347,2745,50,2,240,9
8348,2746,37,3,7400,18
8349,2746,78,3,215,18
8350,2746,8,2,210,18
8351,2746,5,2,3900,18
8352,2747,8,2,210,26
8353,2747,48,1,126,26
8354,2747,71,1,2100,26
8355,2747,42,2,480,26
8356,2747,18,3,21400,26
8357,2748,41,3,2200,4
8358,2748,74,2,330,4
8359,2748,49,1,88,4
8360,2748,26,1,2400,4
8361,2748,51,1,340,4
8362,2749,57,2,7600,6
8363,2749,72,2,540,6
8364,2749,67,2,540,6
8365,2749,76,2,9200,6
8366,2750,26,2,2400,22
8367,2751,31,3,3100,18
8368,2751,24,3,8800,18
8369,2751,50,2,240,18
8370,2751,35,1,860,18
8371,2751,63,2,1480,18
8372,2752,20,3,1850,
8373,2752,2,2,14200,
8374,2752,27,2,8700,
8375,2752,74,3,330,
8376,2753,1,1,18500,2
8377,2753,34,2,2450,2
8378,2754,52,2,920,29
8379,2754,22,1,640,29
8380,2754,29,2,340,29
8381,2755,16,1,52000,17
8382,2755,50,3,240,17
8383,2755,61,1,390,17
8384,2756,44,1,1400,12
8385,2756,14,3,1450,12
8386,2757,24,2,8800,29
8387,2757,29,1,340,29
8388,2758,78,3,215,14
8389,2758,13,3,760,14
8390,2759,68,2,780,19
8391,2759,40,1,520,19
8392,2760,52,3,920,
8393,2760,77,1,12600,
8394,2761,73,2,680,13
8395,2762,59,2,9400,14
8396,2762,78,3,215,14
8397,2762,44,3,1400,14
8398,2762,46,3,185,14
8399,2763,58,3,1180,26
8400,2763,67,3,540,26
8401,2763,3,2,26400,26
8402,2763,57,3,7600,26
8403,2763,59,2,9400,26
8404,2764,9,3,1280,13
8405,2764,45,1,58,13
8406,2764,41,3,2200,13
8407,2765,75,2,1180,6
8408,2765,77,3,12600,6
8409,2766,78,2,215,14
8410,2766,76,1,9200,14
8411,2766,42,1,480,14
8412,2767,8,2,210,11
8413,2767,46,2,185,11
8414,2767,74,1,330,11
8415,2767,57,1,7600,11
8416,2768,47,1,72,
8417,2768,24,1,8800,
8418,2768,58,2,1180,
8419,2768,70,1,1180,
8420,2769,45,3,58,10
8421,2769,3,2,26400,10
8422,2770,70,3,1180,11
8423,2770,58,2,1180,11
8424,2770,75,2,1180,11
8425,2770,68,2,780,11
8426,2771,24,3,8800,1
8427,2771,44,3,1400,1
8428,2771,77,2,12600,1
8429,2772,79,3,6800,30
8430,2772,13,1,760,30
8431,2772,14,3,1450,30
8432,2773,71,1,2100,13
8433,2773,57,3,7600,13
8434,2773,58,2,1180,13
8435,2773,58,1,1180,13
8436,2774,30,3,1320,3
8437,2774,9,3,1280,3
8438,2775,64,2,260,15
8439,2775,63,1,1480,15
8440,2775,31,1,3100,15
8441,2775,60,1,1750,15
8442,2776,24,3,8800,
8443,2776,35,2,860,
8444,2777,62,3,520,3
8445,2778,64,1,260,19
8446,2778,5,3,3900,19
8447,2778,34,1,2450,19
8448,2778,6,3,720,19
8449,2778,48,3,126,19
8450,2779,18,1,21400,30
8451,2780,68,2,780,25
8452,2780,11,2,1180,25
8453,2780,42,3,480,25
8454,2780,44,3,1400,25
8455,2781,75,3,1180,24
8456,2781,38,3,2850,24
8457,2781,50,1,240,24
8458,2782,79,1,6800,28
8459,2782,79,3,6800,28
8460,2782,56,2,5600,28
8461,2782,36,3,6200,28
8462,2783,6,1,720,23
8463,2784,21,3,33400,
8464,2784,45,2,58,
8465,2785,25,3,920,28
8466,2785,22,1,640,28
8467,2785,57,2,7600,28
8468,2785,45,3,58,28
8469,2786,15,3,540,26
8470,2786,22,3,640,26
8471,2786,26,1,2400,26
8472,2786,24,2,8800,26
8473,2786,15,2,540,26
8474,2787,29,3,340,6
8475,2787,54,3,260,6
8476,2787,40,1,520,6
8477,2787,73,1,680,6
8478,2787,8,1,210,6
8479,2788,6,1,720,18
8480,2788,65,2,640,18
8481,2788,22,2,640,18
8482,2788,14,2,1450,18
8483,2789,35,1,860,27
8484,2789,27,1,8700,27
8485,2789,34,2,2450,27
8486,2789,70,3,1180,27
8487,2789,26,1,2400,27
8488,2790,34,1,2450,27
8489,2790,8,3,210,27
8490,2791,73,2,680,20
8491,2791,60,2,1750,20
8492,2791,20,2,1850,20
8493,2792,51,1,340,
8494,2792,48,3,126,
8495,2792,74,1,330,
8496,2792,42,3,480,
8497,2793,26,3,2400,29
8498,2793,62,2,520,29
8499,2793,76,3,9200,29
8500,2793,11,1,1180,29
8501,2794,10,1,860,17
8502,2794,17,2,14800,17
8503,2795,22,3,640,25
8504,2795,27,2,8700,25
8505,2796,44,2,1400,30
8506,2796,23,2,1280,30
8507,2796,16,2,52000,30
8508,2796,6,3,720,30
8509,2797,50,2,240,30
8510,2797,57,1,7600,30
8511,2797,70,3,1180,30
8512,2797,16,3,52000,30
8513,2798,38,3,2850,30
8514,2798,65,1,640,30
8515,2798,15,1,540,30
8516,2798,78,1,215,30
8517,2799,35,2,860,21
8518,2799,27,3,8700,21
8519,2799,70,3,1180,21
8520,2799,50,1,240,21
8521,2800,11,2,1180,
8522,2800,62,2,520,
8523,2800,2,3,14200,
8524,2800,64,3,260,
8525,2801,40,2,520,18
8526,2801,37,1,7400,18
8527,2801,41,1,2200,18
8528,2801,12,2,3250,18
8529,2802,10,1,860,7
8530,2803,5,2,3900,4
8531,2804,43,1,620,10
8532,2804,25,1,920,10
8533,2804,1,1,18500,10
8534,2805,25,2,920,9
8535,2805,71,3,2100,9
8536,2806,18,2,21400,18
8537,2806,41,2,2200,18
8538,2806,17,1,14800,18
8539,2806,23,3,1280,18
8540,2806,11,1,1180,18
8541,2807,7,2,95,14
8542,2807,79,1,6800,14
8543,2807,10,3,860,14
8544,2807,66,3,3200,14
8545,2808,41,2,2200,
8546,2808,67,1,540,
8547,2809,56,1,5600,20
8548,2809,73,1,680,20
8549,2809,68,1,780,20
8550,2809,27,1,8700,20
8551,2810,28,3,680,14
8552,2810,55,2,780,14
8553,2810,46,3,185,14
8554,2811,41,1,2200,23
8555,2811,60,3,1750,23
8556,2812,53,2,8200,3
8557,2812,62,2,520,3
8558,2812,70,2,1180,3
8559,2812,71,3,2100,3
8560,2813,79,3,6800,20
8561,2813,71,1,2100,20
8562,2813,19,1,4200,20
8563,2813,19,2,4200,20
8564,2814,32,2,1180,27
8565,2814,48,2,126,27
8566,2815,4,3,11800,20
8567,2815,44,1,1400,20
8568,2815,76,3,9200,20
8569,2815,2,1,14200,20
8570,2815,74,1,330,20
8571,2816,3,2,26400,
8572,2816,68,2,780,
8573,2816,11,1,1180,
8574,2816,76,1,9200,
8575,2816,52,3,920,
8576,2817,68,2,780,17
8577,2817,10,1,860,17
8578,2817,60,3,1750,17
8579,2818,79,3,6800,5
8580,2818,41,3,2200,5
8581,2818,17,3,14800,5
8582,2819,37,1,7400,11
8583,2819,10,3,860,11
8584,2820,23,1,1280,23
8585,2821,37,1,7400,23
8586,2821,75,3,1180,23
8587,2821,40,3,520,23
8588,2821,65,1,640,23
8589,2822,3,3,26400,12
8590,2822,41,3,2200,12
8591,2822,53,1,8200,12
8592,2823,44,2,1400,5
8593,2823,28,1,680,5
8594,2823,61,2,390,5
8595,2823,47,3,72,5
8596,2824,9,2,1280,
8597,2825,22,2,640,5
8598,2825,28,2,680,5
8599,2825,62,3,520,5
8600,2825,31,3,3100,5
8601,2826,58,2,1180,1
8602,2826,34,1,2450,1
8603,2826,10,1,860,1
8604,2826,32,1,1180,1
8605,2826,73,3,680,1
8606,2827,23,2,1280,20
8607,2828,45,2,58,8
8608,2828,75,1,1180,8
8609,2828,56,3,5600,8
8610,2828,79,1,6800,8
8611,2828,16,1,52000,8
8612,2829,3,2,26400,29
8613,2830,66,3,3200,3
8614,2830,76,3,9200,3
8615,2830,75,1,1180,3
8616,2831,63,3,1480,12
8617,2831,22,3,640,12
8618,2832,37,3,7400,
8619,2832,59,2,9400,
8620,2832,58,3,1180,
8621,2832,75,2,1180,
8622,2833,8,1,210,14
8623,2833,16,3,52000,14
8624,2833,8,1,210,14
8625,2833,72,3,540,14
8626,2833,8,1,210,14
8627,2834,40,3,520,1
8628,2834,19,1,4200,1
8629,2834,44,1,1400,1
8630,2834,22,2,640,1
8631,2835,64,2,260,12
8632,2836,68,3,780,3
8633,2836,73,1,680,3
8634,2836,7,1,95,3
8635,2836,30,3,1320,3
8636,2836,48,1,126,3
8637,2837,77,2,12600,17
8638,2838,31,2,3100,20
8639,2839,69,3,1450,23
8640,2839,21,2,33400,23
8641,2839,9,1,1280,23
8642,2840,77,3,12600,
8643,2840,65,2,640,
8644,2840,48,3,126,
8645,2840,57,2,7600,
8646,2840,45,3,58,
8647,2841,11,3,1180,3
8648,2842,53,3,8200,10
8649,2842,65,1,640,10
8650,2842,48,2,126,10
8651,2842,10,2,860,10
8652,2843,36,1,6200,12
8653,2843,53,2,8200,12
8654,2844,21,3,33400,27
8655,2844,42,2,480,27
8656,2844,29,3,340,27
8657,2845,5,2,3900,28
8658,2845,10,3,860,28
8659,2845,51,2,340,28
8660,2846,49,2,88,10
8661,2847,72,2,540,22
8662,2847,64,1,260,22
8663,2847,13,1,760,22
8664,2847,30,2,1320,22
8665,2847,60,2,1750,22
8666,2848,40,2,520,
8667,2848,2,3,14200,
8668,2848,28,1,680,
8669,2849,5,2,3900,2
8670,2849,74,3,330,2
8671,2850,11,2,1180,9
8672,2850,47,2,72,9
8673,2850,22,2,640,9
8674,2850,14,3,1450,9
8675,2850,20,2,1850,9
8676,2851,38,1,2850,26
8677,2851,47,3,72,26
8678,2851,58,2,1180,26
8679,2851,33,1,420,26
8680,2851,6,2,720,26
8681,2852,63,3,1480,19
8682,2853,72,1,540,13
8683,2853,1,3,18500,13
8684,2853,64,3,260,13
8685,2854,66,2,3200,12
8686,2854,53,3,8200,12
8687,2854,13,3,760,12
8688,2854,54,2,260,12
8689,2854,30,1,1320,12
8690,2855,7,3,95,20
8691,2855,49,2,88,20
8692,2855,55,2,780,20
8693,2855,9,1,1280,20
8694,2855,43,3,620,20
8695,2856,34,2,2450,
8696,2856,25,1,920,
8697,2856,31,1,3100,
8698,2857,7,3,95,20
8699,2857,28,2,680,20
8700,2857,27,1,8700,20
8701,2858,63,2,1480,24
8702,2858,33,1,420,24
8703,2859,20,1,1850,4
8704,2859,43,3,620,4
8705,2859,21,1,33400,4
8706,2859,17,1,14800,4
8707,2860,56,2,5600,26
8708,2860,4,3,11800,26
8709,2861,70,3,1180,14
8710,2862,49,2,88,15
8711,2862,51,1,340,15
8712,2862,30,1,1320,15
8713,2863,26,2,2400,9
8714,2863,68,2,780,9
8715,2864,12,2,3250,
8716,2864,28,2,680,
8717,2865,33,3,420,18
8718,2865,49,1,88,18
8719,2866,18,1,21400,22
8720,2866,22,1,640,22
8721,2866,33,3,420,22
8722,2867,24,3,8800,19
8723,2867,31,3,3100,19
8724,2867,34,1,2450,19
8725,2868,13,2,760,27
8726,2868,45,2,58,27
8727,2868,63,2,1480,27
8728,2869,27,2,8700,3
8729,2869,74,3,330,3
8730,2870,70,1,1180,27
8731,2870,18,3,21400,27
8732,2870,9,1,1280,27
8733,2870,57,2,7600,27
8734,2870,76,3,9200,27
8735,2871,37,2,7400,27
8736,2872,17,3,14800,
8737,2872,20,2,1850,
8738,2873,30,2,1320,2
8739,2874,23,1,1280,2
8740,2874,15,1,540,2
8741,2874,12,2,3250,2
8742,2875,56,1,5600,28
8743,2875,41,2,2200,28
8744,2876,31,1,3100,27
8745,2876,78,3,215,27
8746,2877,4,1,11800,9
8747,2877,66,1,3200,9
8748,2877,1,3,18500,9
8749,2877,6,3,720,9
8750,2877,68,3,780,9
8751,2878,11,2,1180,16
8752,2879,32,2,1180,15
8753,2879,26,3,2400,15
8754,2879,22,2,640,15
8755,2879,6,1,720,15
8756,2879,11,3,1180,15
8757,2880,7,2,95,
8758,2880,18,2,21400,
8759,2880,11,1,1180,
8760,2881,8,2,210,13
8761,2882,22,2,640,16
8762,2882,62,2,520,16
8763,2882,11,2,1180,16
8764,2882,28,2,680,16
8765,2882,35,2,860,16
8766,2883,36,3,6200,24
8767,2883,3,1,26400,24
8768,2884,79,3,6800,8
8769,2884,21,3,33400,8
8770,2884,1,2,18500,8
8771,2884,45,3,58,8
8772,2884,22,2,640,8
8773,2885,27,2,8700,12
8774,2885,75,3,1180,12
8775,2885,31,1,3100,12
8776,2885,60,3,1750,12
8777,2885,38,2,2850,12
8778,2886,27,3,8700,16
8779,2887,52,3,920,25
8780,2888,68,3,780,
8781,2888,38,3,2850,
8782,2889,39,3,1950,19
8783,2889,33,1,420,19
8784,2890,46,1,185,7
8785,2890,14,2,1450,7
8786,2890,61,2,390,7
8787,2891,51,1,340,2
8788,2891,26,1,2400,2
8789,2891,34,2,2450,2
8790,2891,5,1,3900,2
8791,2892,52,1,920,1
8792,2893,60,2,1750,21
8793,2893,63,1,1480,21
8794,2893,74,3,330,21
8795,2893,16,2,52000,21
8796,2893,69,2,1450,21
8797,2894,4,3,11800,9
8798,2894,49,2,88,9
8799,2894,2,2,14200,9
8800,2895,71,3,2100,11
8801,2895,21,3,33400,11
8802,2895,47,2,72,11
8803,2895,28,3,680,11
8804,2895,32,1,1180,11
8805,2896,64,3,260,
8806,2896,57,3,7600,
8807,2896,24,1,8800,
8808,2896,63,1,1480,
8809,2896,46,1,185,
8810,2897,4,1,11800,6
8811,2898,5,1,3900,23
8812,2898,75,2,1180,23
8813,2899,3,3,26400,17
8814,2899,43,2,620,17
8815,2899,8,2,210,17
8816,2899,64,1,260,17
8817,2900,29,2,340,24
8818,2900,59,2,9400,24
8819,2900,66,3,3200,24
8820,2901,54,3,260,24
8821,2901,66,2,3200,24
8822,2901,64,3,260,24
8823,2901,72,1,540,24
8824,2901,33,3,420,24
8825,2902,4,3,11800,15
8826,2902,22,1,640,15
8827,2902,68,2,780,15
8828,2902,54,2,260,15
8829,2902,37,3,7400,15
8830,2903,76,2,9200,26
8831,2903,68,1,780,26
8832,2903,32,1,1180,26
8833,2904,55,3,780,
8834,2904,38,2,2850,
8835,2904,29,1,340,
8836,2905,70,1,1180,7
8837,2905,26,3,2400,7
8838,2906,31,3,3100,7
8839,2906,37,3,7400,7
8840,2906,63,1,1480,7
8841,2906,21,3,33400,7
8842,2907,9,1,1280,6
8843,2907,67,1,540,6
8844,2907,49,2,88,6
8845,2908,30,3,1320,4
8846,2908,12,1,3250,4
8847,2909,77,3,12600,6
8848,2909,59,2,9400,6
8849,2909,22,2,640,6
8850,2909,9,2,1280,6
8851,2910,25,2,920,6
8852,2910,75,3,1180,6
8853,2910,34,3,2450,6
8854,2910,52,1,920,6
8855,2910,66,1,3200,6
8856,2911,50,2,240,27
8857,2912,39,1,1950,
8858,2913,33,3,420,13
8859,2914,69,3,1450,20
8860,2914,28,2,680,20
8861,2915,32,3,1180,27
8862,2915,36,1,6200,27
8863,2915,44,3,1400,27
8864,2915,63,1,1480,27
8865,2916,37,1,7400,23
8866,2916,70,3,1180,23
8867,2916,32,3,1180,23
8868,2917,68,1,780,8
8869,2917,36,1,6200,8
8870,2917,5,2,3900,8
8871,2917,44,2,1400,8
8872,2918,26,3,2400,11
8873,2918,51,2,340,11
8874,2918,75,3,1180,11
8875,2918,22,1,640,11
8876,2919,15,1,540,4
8877,2919,61,2,390,4
8878,2920,32,2,1180,
8879,2920,72,2,540,
8880,2920,46,3,185,
8881,2920,74,3,330,
8882,2920,18,1,21400,
8883,2921,9,2,1280,26
8884,2921,77,1,12600,26
8885,2922,51,3,340,7
8886,2922,18,2,21400,7
8887,2922,31,1,3100,7
8888,2922,55,1,780,7
8889,2922,67,1,540,7
8890,2923,9,3,1280,23
8891,2923,59,3,9400,23
8892,2923,23,3,1280,23
8893,2923,77,2,12600,23
8894,2924,43,1,620,28
8895,2924,22,2,640,28
8896,2925,28,2,680,16
8897,2925,17,3,14800,16
8898,2925,32,3,1180,16
8899,2925,62,2,520,16
8900,2926,7,1,95,13
8901,2926,12,3,3250,13
8902,2926,18,3,21400,13
8903,2926,55,2,780,13
8904,2927,38,1,2850,27
8905,2927,31,2,3100,27
8906,2927,49,2,88,27
8907,2927,2,1,14200,27
8908,2927,23,3,1280,27
8909,2928,11,1,1180,
8910,2928,74,2,330,
8911,2929,35,2,860,21
8912,2929,22,3,640,21
8913,2929,44,3,1400,21
8914,2930,29,3,340,9
8915,2930,35,2,860,9
8916,2930,19,1,4200,9
8917,2931,12,2,3250,3
8918,2931,4,3,11800,3
8919,2931,43,2,620,3
8920,2931,78,2,215,3
8921,2931,74,1,330,3
8922,2932,64,2,260,29
8923,2932,57,2,7600,29
8924,2932,47,3,72,29
8925,2933,6,1,720,16
8926,2933,52,3,920,16
8927,2933,24,3,8800,16
8928,2933,50,2,240,16
8929,2933,72,1,540,16
8930,2934,45,1,58,21
8931,2934,13,1,760,21
8932,2935,7,3,95,6
8933,2935,58,3,1180,6
8934,2935,56,3,5600,6
8935,2935,69,3,1450,6
8936,2935,78,3,215,6
8937,2936,48,3,126,
8938,2936,8,1,210,
8939,2937,53,2,8200,23
8940,2938,40,2,520,30
8941,2939,5,2,3900,15
8942,2939,47,1,72,15
8943,2940,50,3,240,2
8944,2940,70,3,1180,2
8945,2940,70,3,1180,2
8946,2940,69,1,1450,2
8947,2940,67,2,540,2
8948,2941,57,1,7600,20
8949,2941,38,3,2850,20
8950,2941,4,3,11800,20
8951,2941,36,2,6200,20
8952,2942,76,1,9200,6
8953,2942,72,1,540,6
8954,2943,31,3,3100,14
8955,2943,67,1,540,14
8956,2943,42,2,480,14
8957,2943,59,1,9400,14
8958,2944,49,3,88,
8959,2944,18,3,21400,
8960,2944,58,2,1180,
8961,2944,68,3,780,
8962,2944,42,1,480,
8963,2945,30,1,1320,5
8964,2945,50,3,240,5
8965,2945,56,2,5600,5
8966,2945,62,1,520,5
8967,2945,70,2,1180,5
8968,2946,39,1,1950,4
8969,2946,62,3,520,4
8970,2946,10,3,860,4
8971,2946,12,1,3250,4
8972,2946,48,2,126,4
8973,2947,39,2,1950,4
8974,2947,1,1,18500,4
8975,2948,36,2,6200,18
8976,2948,30,3,1320,18
8977,2948,42,2,480,18
8978,2949,42,2,480,30
8979,2949,38,1,2850,30
8980,2949,23,2,1280,30
8981,2949,65,3,640,30
8982,2950,37,3,7400,4
8983,2950,22,2,640,4
8984,2950,15,3,540,4
8985,2951,72,1,540,22
8986,2951,28,2,680,22
8987,2951,5,1,3900,22
8988,2951,61,1,390,22
8989,2952,25,3,920,
8990,2953,45,2,58,9
8991,2953,58,3,1180,9
8992,2953,29,2,340,9
8993,2953,38,1,2850,9
8994,2954,63,1,1480,7
8995,2954,72,2,540,7
8996,2954,48,2,126,7
8997,2955,58,2,1180,11
8998,2955,63,3,1480,11
8999,2955,13,3,760,11
9000,2955,54,2,260,11
9001,2956,59,3,9400,29
9002,2957,68,1,780,27
9003,2957,7,3,95,27
9004,2958,52,1,920,26
9005,2959,11,2,1180,3
9006,2959,59,1,9400,3
9007,2959,39,2,1950,3
9008,2959,61,1,390,3
9009,2960,51,3,340,
9010,2960,72,2,540,
9011,2960,65,2,640,
9012,2960,69,2,1450,
9013,2961,41,3,2200,15
9014,2961,29,2,340,15
9015,2961,79,2,6800,15
9016,2961,7,3,95,15
9017,2962,28,2,680,20
9018,2962,60,2,1750,20
9019,2962,37,1,7400,20
9020,2962,52,2,920,20
9021,2962,19,2,4200,20
9022,2963,38,3,2850,11
9023,2963,47,1,72,11
9024,2963,69,1,1450,11
9025,2963,22,2,640,11
9026,2963,58,1,1180,11
9027,2964,75,1,1180,17
9028,2964,73,1,680,17
9029,2964,16,3,52000,17
9030,2964,26,3,2400,17
9031,2965,46,2,185,1
9032,2965,54,3,260,1
9033,2965,11,3,1180,1
9034,2965,75,1,1180,1
9035,2966,20,2,1850,21
9036,2967,51,2,340,13
9037,2967,6,3,720,13
9038,2967,69,1,1450,13
9039,2968,77,2,12600,
9040,2969,71,3,2100,26
9041,2969,19,3,4200,26
9042,2969,44,3,1400,26
9043,2970,53,3,8200,10
9044,2970,6,2,720,10
9045,2970,5,2,3900,10
9046,2970,49,3,88,10
9047,2971,34,1,2450,16
9048,2971,70,2,1180,16
9049,2971,50,3,240,16
9050,2972,50,2,240,20
9051,2973,12,3,3250,11
9052,2973,8,1,210,11
9053,2973,61,3,390,11
9054,2973,79,3,6800,11
9055,2973,79,3,6800,11
9056,2974,44,1,1400,16
9057,2975,26,3,2400,1
9058,2975,15,2,540,1
9059,2975,77,2,12600,1
9060,2976,40,2,520,
9061,2976,77,1,12600,
9062,2976,12,1,3250,
9063,2977,62,3,520,15
9064,2977,56,3,5600,15
9065,2977,10,3,860,15
9066,2978,56,3,5600,23
9067,2978,73,3,680,23
9068,2978,46,3,185,23
9069,2978,50,3,240,23
9070,2979,34,3,2450,7
9071,2979,17,1,14800,7
9072,2980,1,2,18500,8
9073,2980,40,2,520,8
9074,2980,6,3,720,8
9075,2980,23,1,1280,8
9076,2981,63,2,1480,20
9077,2981,12,1,3250,20
9078,2981,41,3,2200,20
9079,2981,79,1,6800,20
9080,2981,44,1,1400,20
9081,2982,46,2,185,9
9082,2982,9,3,1280,9
9083,2982,52,2,920,9
9084,2982,16,3,52000,9
9085,2982,21,1,33400,9
9086,2983,63,1,1480,20
9087,2983,9,1,1280,20
9088,2983,29,1,340,20
9089,2984,75,3,1180,
9090,2984,12,3,3250,
9091,2985,71,1,2100,6
9092,2985,41,3,2200,6
9093,2985,50,2,240,6
9094,2986,23,1,1280,18
9095,2986,53,2,8200,18
9096,2986,78,3,215,18
9097,2986,19,2,4200,18
9098,2987,11,1,1180,25
9099,2987,43,1,620,25
9100,2987,64,1,260,25
9101,2987,36,2,6200,25
9102,2987,54,1,260,25
9103,2988,75,3,1180,16
9104,2989,73,3,680,16
9105,2989,10,3,860,16
9106,2989,8,2,210,16
9107,2989,39,3,1950,16
9108,2989,79,3,6800,16
9109,2990,35,2,860,2
9110,2990,17,1,14800,2
9111,2990,70,3,1180,2
9112,2991,42,1,480,1
9113,2991,40,1,520,1
9114,2991,70,1,1180,1
9115,2992,1,1,18500,
9116,2992,68,1,780,
9117,2992,11,1,1180,
9118,2992,1,3,18500,
9119,2992,2,3,14200,
9120,2993,26,3,2400,14
9121,2993,8,2,210,14
9122,2994,79,3,6800,13
9123,2994,18,2,21400,13
9124,2994,41,2,2200,13
9125,2994,47,2,72,13
9126,2995,60,2,1750,12
9127,2995,33,2,420,12
9128,2996,61,3,390,25
9129,2996,40,1,520,25
9130,2996,25,1,920,25
9131,2997,10,1,860,10
9132,2997,77,3,12600,10
9133,2997,8,3,210,10
9134,2997,16,3,52000,10
9135,2997,47,3,72,10
9136,2998,47,2,72,29
9137,2998,54,3,260,29
9138,2998,69,2,1450,29
9139,2999,7,1,95,5
9140,3000,12,1,3250,
9141,3000,5,1,3900,
