mention_id,post_id,product_id,confidence_score,mention_type,created_at
1,1,76,0.955,semantic,2026-05-13T09:49:19Z
2,5,39,0.829,direct,2026-05-13T09:49:19Z
3,7,15,0.939,hashtag,2026-05-13T09:49:19Z
4,9,50,0.79,inferred,2026-05-13T09:49:19Z
5,10,57,0.893,direct,2026-05-13T09:49:19Z
6,11,7,0.846,semantic,2026-05-13T09:49:19Z
7,13,27,0.749,visual,2026-05-13T09:49:19Z
8,14,38,0.798,inferred,2026-05-13T09:49:19Z
9,15,7,0.796,direct,2026-05-13T09:49:19Z
10,16,7,0.855,semantic,2026-05-13T09:49:19Z
11,17,42,0.999,hashtag,2026-05-13T09:49:19Z
12,18,75,0.875,visual,2026-05-13T09:49:19Z
13,19,52,0.745,inferred,2026-05-13T09:49:19Z
14,21,40,0.943,semantic,2026-05-13T09:49:19Z
15,22,48,0.768,hashtag,2026-05-13T09:49:19Z
16,23,51,0.818,visual,2026-05-13T09:49:19Z
17,25,43,0.731,direct,2026-05-13T09:49:19Z
18,26,71,0.906,semantic,2026-05-13T09:49:19Z
19,28,51,0.955,visual,2026-05-13T09:49:19Z
20,30,12,0.909,direct,2026-05-13T09:49:19Z
21,31,52,0.9,semantic,2026-05-13T09:49:19Z
22,32,72,0.983,hashtag,2026-05-13T09:49:19Z
23,35,67,0.875,direct,2026-05-13T09:49:19Z
24,36,67,0.716,semantic,2026-05-13T09:49:19Z
25,37,20,0.747,hashtag,2026-05-13T09:49:19Z
26,39,48,0.714,inferred,2026-05-13T09:49:19Z
27,40,4,0.969,direct,2026-05-13T09:49:19Z
28,41,69,0.748,semantic,2026-05-13T09:49:19Z
29,45,46,0.733,direct,2026-05-13T09:49:19Z
30,47,79,0.821,hashtag,2026-05-13T09:49:19Z
31,48,52,0.98,visual,2026-05-13T09:49:19Z
32,50,14,0.749,direct,2026-05-13T09:49:19Z
33,52,55,0.753,hashtag,2026-05-13T09:49:19Z
34,53,40,0.99,visual,2026-05-13T09:49:19Z
35,55,64,0.897,direct,2026-05-13T09:49:19Z
36,58,71,0.994,visual,2026-05-13T09:49:19Z
37,59,31,0.718,inferred,2026-05-13T09:49:19Z
38,60,66,0.88,direct,2026-05-13T09:49:19Z
39,61,12,0.878,semantic,2026-05-13T09:49:19Z
40,63,58,0.994,visual,2026-05-13T09:49:19Z
41,64,22,0.824,inferred,2026-05-13T09:49:19Z
42,65,76,0.748,direct,2026-05-13T09:49:19Z
43,66,60,0.779,semantic,2026-05-13T09:49:19Z
44,68,54,0.821,visual,2026-05-13T09:49:19Z
45,69,50,0.947,inferred,2026-05-13T09:49:19Z
46,70,13,0.871,direct,2026-05-13T09:49:19Z
47,71,18,0.929,semantic,2026-05-13T09:49:19Z
48,72,43,0.915,hashtag,2026-05-13T09:49:19Z
49,73,73,0.889,visual,2026-05-13T09:49:19Z
50,74,40,0.774,inferred,2026-05-13T09:49:19Z
51,75,13,0.886,direct,2026-05-13T09:49:19Z
52,76,45,0.946,semantic,2026-05-13T09:49:19Z
53,78,45,0.956,visual,2026-05-13T09:49:19Z
54,79,59,0.709,inferred,2026-05-13T09:49:19Z
55,81,9,0.917,semantic,2026-05-13T09:49:19Z
56,85,39,0.774,direct,2026-05-13T09:49:19Z
57,88,52,0.814,visual,2026-05-13T09:49:19Z
58,89,68,0.797,inferred,2026-05-13T09:49:19Z
59,90,40,0.78,direct,2026-05-13T09:49:19Z
60,91,49,0.963,semantic,2026-05-13T09:49:19Z
61,92,41,0.973,hashtag,2026-05-13T09:49:19Z
62,93,3,0.849,visual,2026-05-13T09:49:19Z
63,94,25,0.961,inferred,2026-05-13T09:49:19Z
64,95,44,0.917,direct,2026-05-13T09:49:19Z
65,96,30,0.717,semantic,2026-05-13T09:49:19Z
66,97,46,0.819,hashtag,2026-05-13T09:49:19Z
67,98,1,0.742,visual,2026-05-13T09:49:19Z
68,99,40,0.927,inferred,2026-05-13T09:49:19Z
69,100,68,0.853,direct,2026-05-13T09:49:19Z
70,101,1,0.841,semantic,2026-05-13T09:49:19Z
71,102,72,0.807,hashtag,2026-05-13T09:49:19Z
72,103,13,0.9,visual,2026-05-13T09:49:19Z
73,104,59,0.959,inferred,2026-05-13T09:49:19Z
74,105,26,0.914,direct,2026-05-13T09:49:19Z
75,106,73,0.954,semantic,2026-05-13T09:49:19Z
76,107,12,0.815,hashtag,2026-05-13T09:49:19Z
77,108,5,0.968,visual,2026-05-13T09:49:19Z
78,109,53,0.711,inferred,2026-05-13T09:49:19Z
79,111,8,0.821,semantic,2026-05-13T09:49:19Z
80,112,37,0.796,hashtag,2026-05-13T09:49:19Z
81,113,49,0.856,visual,2026-05-13T09:49:19Z
82,117,1,0.71,hashtag,2026-05-13T09:49:19Z
83,118,77,0.73,visual,2026-05-13T09:49:19Z
84,120,30,0.83,direct,2026-05-13T09:49:19Z
85,121,8,0.774,semantic,2026-05-13T09:49:19Z
86,122,6,0.896,hashtag,2026-05-13T09:49:19Z
87,125,16,0.861,direct,2026-05-13T09:49:19Z
88,127,8,0.713,hashtag,2026-05-13T09:49:19Z
89,129,11,0.898,inferred,2026-05-13T09:49:19Z
90,130,22,0.995,direct,2026-05-13T09:49:19Z
91,132,41,0.837,hashtag,2026-05-13T09:49:19Z
92,133,36,0.795,visual,2026-05-13T09:49:19Z
93,134,42,0.803,inferred,2026-05-13T09:49:19Z
94,135,26,0.838,direct,2026-05-13T09:49:19Z
95,136,22,0.713,semantic,2026-05-13T09:49:19Z
96,137,26,0.983,hashtag,2026-05-13T09:49:19Z
97,138,4,0.853,visual,2026-05-13T09:49:19Z
98,139,56,0.75,inferred,2026-05-13T09:49:19Z
99,140,77,0.938,direct,2026-05-13T09:49:19Z
100,141,78,0.865,semantic,2026-05-13T09:49:19Z
101,142,68,0.962,hashtag,2026-05-13T09:49:19Z
102,143,28,0.986,visual,2026-05-13T09:49:19Z
103,144,79,0.998,inferred,2026-05-13T09:49:19Z
104,146,5,0.999,semantic,2026-05-13T09:49:19Z
105,147,70,0.893,hashtag,2026-05-13T09:49:19Z
106,148,49,0.829,visual,2026-05-13T09:49:19Z
107,149,29,0.833,inferred,2026-05-13T09:49:19Z
108,150,20,0.721,direct,2026-05-13T09:49:19Z
109,151,62,0.709,semantic,2026-05-13T09:49:19Z
110,153,26,0.735,visual,2026-05-13T09:49:19Z
111,155,36,0.92,direct,2026-05-13T09:49:19Z
112,156,34,0.865,semantic,2026-05-13T09:49:19Z
113,157,62,0.938,hashtag,2026-05-13T09:49:19Z
114,158,49,0.837,visual,2026-05-13T09:49:19Z
115,160,33,0.869,direct,2026-05-13T09:49:19Z
116,162,28,0.767,hashtag,2026-05-13T09:49:19Z
117,164,69,0.857,inferred,2026-05-13T09:49:19Z
118,165,29,0.758,direct,2026-05-13T09:49:19Z
119,167,71,0.741,hashtag,2026-05-13T09:49:19Z
120,168,23,0.733,visual,2026-05-13T09:49:19Z
121,170,34,0.707,direct,2026-05-13T09:49:19Z
122,171,19,0.744,semantic,2026-05-13T09:49:19Z
123,172,9,0.913,hashtag,2026-05-13T09:49:19Z
124,173,66,0.847,visual,2026-05-13T09:49:19Z
125,174,36,0.833,inferred,2026-05-13T09:49:19Z
126,175,36,0.794,direct,2026-05-13T09:49:19Z
127,176,43,0.945,semantic,2026-05-13T09:49:19Z
128,177,29,0.856,hashtag,2026-05-13T09:49:19Z
129,178,24,0.751,visual,2026-05-13T09:49:19Z
130,179,54,0.714,inferred,2026-05-13T09:49:19Z
131,180,21,0.887,direct,2026-05-13T09:49:19Z
132,181,40,0.865,semantic,2026-05-13T09:49:19Z
133,182,77,0.959,hashtag,2026-05-13T09:49:19Z
134,183,62,0.852,visual,2026-05-13T09:49:19Z
135,186,25,0.758,semantic,2026-05-13T09:49:19Z
136,189,16,0.838,inferred,2026-05-13T09:49:19Z
137,191,76,0.914,semantic,2026-05-13T09:49:19Z
138,194,23,0.789,inferred,2026-05-13T09:49:19Z
139,198,69,0.806,visual,2026-05-13T09:49:19Z
140,199,28,0.747,inferred,2026-05-13T09:49:19Z
141,200,14,0.844,direct,2026-05-13T09:49:19Z
142,201,7,0.718,semantic,2026-05-13T09:49:19Z
143,202,15,0.974,hashtag,2026-05-13T09:49:19Z
144,203,32,0.825,visual,2026-05-13T09:49:19Z
145,209,66,0.985,inferred,2026-05-13T09:49:19Z
146,210,33,0.885,direct,2026-05-13T09:49:19Z
147,211,1,0.956,semantic,2026-05-13T09:49:19Z
148,212,33,0.856,hashtag,2026-05-13T09:49:19Z
149,213,10,0.883,visual,2026-05-13T09:49:19Z
150,214,48,0.797,inferred,2026-05-13T09:49:19Z
151,215,73,0.844,direct,2026-05-13T09:49:19Z
152,216,53,0.941,semantic,2026-05-13T09:49:19Z
153,219,19,0.829,inferred,2026-05-13T09:49:19Z
154,220,8,0.996,direct,2026-05-13T09:49:19Z
155,221,21,0.944,semantic,2026-05-13T09:49:19Z
156,222,40,0.896,hashtag,2026-05-13T09:49:19Z
157,223,45,0.92,visual,2026-05-13T09:49:19Z
158,224,59,0.79,inferred,2026-05-13T09:49:19Z
159,225,14,0.783,direct,2026-05-13T09:49:19Z
160,226,46,0.865,semantic,2026-05-13T09:49:19Z
161,227,75,0.83,hashtag,2026-05-13T09:49:19Z
162,228,27,0.753,visual,2026-05-13T09:49:19Z
163,229,50,0.824,inferred,2026-05-13T09:49:19Z
164,230,66,0.792,direct,2026-05-13T09:49:19Z
165,231,41,0.828,semantic,2026-05-13T09:49:19Z
166,232,38,0.89,hashtag,2026-05-13T09:49:19Z
167,233,47,0.93,visual,2026-05-13T09:49:19Z
168,237,78,0.71,hashtag,2026-05-13T09:49:19Z
169,238,69,0.797,visual,2026-05-13T09:49:19Z
170,239,67,0.798,inferred,2026-05-13T09:49:19Z
171,241,45,0.776,semantic,2026-05-13T09:49:19Z
172,242,17,0.721,hashtag,2026-05-13T09:49:19Z
173,243,34,0.827,visual,2026-05-13T09:49:19Z
174,245,79,0.774,direct,2026-05-13T09:49:19Z
175,246,69,0.945,semantic,2026-05-13T09:49:19Z
176,247,20,0.798,hashtag,2026-05-13T09:49:19Z
177,248,64,0.844,visual,2026-05-13T09:49:19Z
178,249,67,0.901,inferred,2026-05-13T09:49:19Z
179,251,38,0.916,semantic,2026-05-13T09:49:19Z
180,252,15,0.938,hashtag,2026-05-13T09:49:19Z
181,255,33,0.843,direct,2026-05-13T09:49:19Z
182,258,2,0.954,visual,2026-05-13T09:49:19Z
183,259,49,0.742,inferred,2026-05-13T09:49:19Z
184,260,8,0.839,direct,2026-05-13T09:49:19Z
185,261,48,0.759,semantic,2026-05-13T09:49:19Z
186,262,29,0.939,hashtag,2026-05-13T09:49:19Z
187,263,77,0.832,visual,2026-05-13T09:49:19Z
188,265,50,0.876,direct,2026-05-13T09:49:19Z
189,266,26,0.879,semantic,2026-05-13T09:49:19Z
190,267,30,0.737,hashtag,2026-05-13T09:49:19Z
191,268,70,0.988,visual,2026-05-13T09:49:19Z
192,271,65,0.893,semantic,2026-05-13T09:49:19Z
193,272,12,0.892,hashtag,2026-05-13T09:49:19Z
194,273,79,0.747,visual,2026-05-13T09:49:19Z
195,275,47,0.879,direct,2026-05-13T09:49:19Z
196,276,51,0.707,semantic,2026-05-13T09:49:19Z
197,278,27,0.774,visual,2026-05-13T09:49:19Z
198,281,1,0.738,semantic,2026-05-13T09:49:19Z
199,284,1,0.957,inferred,2026-05-13T09:49:19Z
200,285,18,0.908,direct,2026-05-13T09:49:19Z
201,286,12,0.882,semantic,2026-05-13T09:49:19Z
202,289,39,0.907,inferred,2026-05-13T09:49:19Z
203,290,5,0.944,direct,2026-05-13T09:49:19Z
204,291,4,0.895,semantic,2026-05-13T09:49:19Z
205,293,65,0.788,visual,2026-05-13T09:49:19Z
206,295,17,0.945,direct,2026-05-13T09:49:19Z
207,296,6,0.727,semantic,2026-05-13T09:49:19Z
208,297,76,0.963,hashtag,2026-05-13T09:49:19Z
209,298,20,0.961,visual,2026-05-13T09:49:19Z
210,299,64,0.966,inferred,2026-05-13T09:49:19Z
211,300,65,0.712,direct,2026-05-13T09:49:19Z
212,301,8,0.752,semantic,2026-05-13T09:49:19Z
213,302,25,0.886,hashtag,2026-05-13T09:49:19Z
214,303,42,0.998,visual,2026-05-13T09:49:19Z
215,304,42,0.997,inferred,2026-05-13T09:49:19Z
216,305,6,0.934,direct,2026-05-13T09:49:19Z
217,306,11,0.983,semantic,2026-05-13T09:49:19Z
218,308,29,0.997,visual,2026-05-13T09:49:19Z
219,311,49,0.718,semantic,2026-05-13T09:49:19Z
220,312,30,0.894,hashtag,2026-05-13T09:49:19Z
221,313,1,0.889,visual,2026-05-13T09:49:19Z
222,315,56,0.741,direct,2026-05-13T09:49:19Z
223,317,41,0.964,hashtag,2026-05-13T09:49:19Z
224,319,31,0.761,inferred,2026-05-13T09:49:19Z
225,322,46,0.954,hashtag,2026-05-13T09:49:19Z
226,323,19,0.875,visual,2026-05-13T09:49:19Z
227,325,9,0.758,direct,2026-05-13T09:49:19Z
228,326,30,0.76,semantic,2026-05-13T09:49:19Z
229,327,34,0.903,hashtag,2026-05-13T09:49:19Z
230,329,67,0.722,inferred,2026-05-13T09:49:19Z
231,331,33,0.872,semantic,2026-05-13T09:49:19Z
232,332,17,0.824,hashtag,2026-05-13T09:49:19Z
233,333,46,0.999,visual,2026-05-13T09:49:19Z
234,335,63,0.741,direct,2026-05-13T09:49:19Z
235,336,42,0.82,semantic,2026-05-13T09:49:19Z
236,338,39,0.81,visual,2026-05-13T09:49:19Z
237,339,6,0.997,inferred,2026-05-13T09:49:19Z
238,340,44,0.812,direct,2026-05-13T09:49:19Z
239,341,42,0.991,semantic,2026-05-13T09:49:19Z
240,343,42,0.868,visual,2026-05-13T09:49:19Z
241,344,1,0.892,inferred,2026-05-13T09:49:19Z
242,345,63,0.759,direct,2026-05-13T09:49:19Z
243,346,33,0.908,semantic,2026-05-13T09:49:19Z
244,348,74,0.999,visual,2026-05-13T09:49:19Z
245,349,48,0.951,inferred,2026-05-13T09:49:19Z
246,351,21,0.816,semantic,2026-05-13T09:49:19Z
247,352,41,0.845,hashtag,2026-05-13T09:49:19Z
248,353,78,0.823,visual,2026-05-13T09:49:19Z
249,354,1,0.78,inferred,2026-05-13T09:49:19Z
250,356,67,0.951,semantic,2026-05-13T09:49:19Z
251,358,78,0.985,visual,2026-05-13T09:49:19Z
252,359,16,0.736,inferred,2026-05-13T09:49:19Z
253,360,72,0.817,direct,2026-05-13T09:49:19Z
254,364,57,0.932,inferred,2026-05-13T09:49:19Z
255,365,7,0.992,direct,2026-05-13T09:49:19Z
256,366,24,0.896,semantic,2026-05-13T09:49:19Z
257,369,29,0.997,inferred,2026-05-13T09:49:19Z
258,370,36,0.765,direct,2026-05-13T09:49:19Z
259,371,64,0.757,semantic,2026-05-13T09:49:19Z
260,372,44,0.997,hashtag,2026-05-13T09:49:19Z
261,373,32,0.967,visual,2026-05-13T09:49:19Z
262,374,20,0.744,inferred,2026-05-13T09:49:19Z
263,375,7,0.901,direct,2026-05-13T09:49:19Z
264,376,13,0.928,semantic,2026-05-13T09:49:19Z
265,377,20,0.79,hashtag,2026-05-13T09:49:19Z
266,379,31,0.824,inferred,2026-05-13T09:49:19Z
267,380,52,0.98,direct,2026-05-13T09:49:19Z
268,381,48,0.791,semantic,2026-05-13T09:49:19Z
269,382,65,0.724,hashtag,2026-05-13T09:49:19Z
270,383,3,0.93,visual,2026-05-13T09:49:19Z
271,384,63,0.831,inferred,2026-05-13T09:49:19Z
272,386,74,0.857,semantic,2026-05-13T09:49:19Z
273,387,67,0.91,hashtag,2026-05-13T09:49:19Z
274,388,31,0.802,visual,2026-05-13T09:49:19Z
275,392,4,0.823,hashtag,2026-05-13T09:49:19Z
276,395,62,0.82,direct,2026-05-13T09:49:19Z
277,396,78,0.966,semantic,2026-05-13T09:49:19Z
278,397,65,0.844,hashtag,2026-05-13T09:49:19Z
279,398,65,0.895,visual,2026-05-13T09:49:19Z
280,399,48,0.71,inferred,2026-05-13T09:49:19Z
281,400,38,0.937,direct,2026-05-13T09:49:19Z
282,401,77,0.757,semantic,2026-05-13T09:49:19Z
283,404,70,0.737,inferred,2026-05-13T09:49:19Z
284,406,56,0.96,semantic,2026-05-13T09:49:19Z
285,407,14,0.866,hashtag,2026-05-13T09:49:19Z
286,408,50,0.718,visual,2026-05-13T09:49:19Z
287,409,24,0.9,inferred,2026-05-13T09:49:19Z
288,410,12,0.811,direct,2026-05-13T09:49:19Z
289,413,53,0.859,visual,2026-05-13T09:49:19Z
290,414,68,0.886,inferred,2026-05-13T09:49:19Z
291,415,48,0.979,direct,2026-05-13T09:49:19Z
292,418,36,0.912,visual,2026-05-13T09:49:19Z
293,419,5,0.79,inferred,2026-05-13T09:49:19Z
294,420,43,0.804,direct,2026-05-13T09:49:19Z
295,421,25,0.877,semantic,2026-05-13T09:49:19Z
296,422,6,0.937,hashtag,2026-05-13T09:49:19Z
297,423,58,0.911,visual,2026-05-13T09:49:19Z
298,424,3,0.935,inferred,2026-05-13T09:49:19Z
299,426,22,0.982,semantic,2026-05-13T09:49:19Z
300,427,32,0.811,hashtag,2026-05-13T09:49:19Z
301,429,18,0.917,inferred,2026-05-13T09:49:19Z
302,430,45,0.711,direct,2026-05-13T09:49:19Z
303,431,71,0.882,semantic,2026-05-13T09:49:19Z
304,432,48,0.989,hashtag,2026-05-13T09:49:19Z
305,433,54,0.939,visual,2026-05-13T09:49:19Z
306,434,28,0.939,inferred,2026-05-13T09:49:19Z
307,435,26,0.921,direct,2026-05-13T09:49:19Z
308,436,79,0.846,semantic,2026-05-13T09:49:19Z
309,438,40,0.851,visual,2026-05-13T09:49:19Z
310,439,67,0.94,inferred,2026-05-13T09:49:19Z
311,440,41,0.7,direct,2026-05-13T09:49:19Z
312,441,13,0.815,semantic,2026-05-13T09:49:19Z
313,443,7,0.976,visual,2026-05-13T09:49:19Z
314,444,35,0.916,inferred,2026-05-13T09:49:19Z
315,445,54,0.987,direct,2026-05-13T09:49:19Z
316,446,18,0.862,semantic,2026-05-13T09:49:19Z
317,448,2,0.762,visual,2026-05-13T09:49:19Z
318,449,17,0.866,inferred,2026-05-13T09:49:19Z
319,450,59,0.776,direct,2026-05-13T09:49:19Z
320,451,42,0.951,semantic,2026-05-13T09:49:19Z
321,452,29,0.796,hashtag,2026-05-13T09:49:19Z
322,453,3,0.924,visual,2026-05-13T09:49:19Z
323,454,66,0.825,inferred,2026-05-13T09:49:19Z
324,455,67,0.723,direct,2026-05-13T09:49:19Z
325,457,73,0.728,hashtag,2026-05-13T09:49:19Z
326,458,21,0.953,visual,2026-05-13T09:49:19Z
327,459,15,0.71,inferred,2026-05-13T09:49:19Z
328,460,57,0.974,direct,2026-05-13T09:49:19Z
329,462,15,0.823,hashtag,2026-05-13T09:49:19Z
330,463,29,0.917,visual,2026-05-13T09:49:19Z
331,464,32,0.815,inferred,2026-05-13T09:49:19Z
332,465,60,0.94,direct,2026-05-13T09:49:19Z
333,466,72,0.964,semantic,2026-05-13T09:49:19Z
334,468,45,0.919,visual,2026-05-13T09:49:19Z
335,469,1,0.856,inferred,2026-05-13T09:49:19Z
336,470,74,0.947,direct,2026-05-13T09:49:19Z
337,471,38,0.802,semantic,2026-05-13T09:49:19Z
338,472,43,0.802,hashtag,2026-05-13T09:49:19Z
339,475,16,0.723,direct,2026-05-13T09:49:19Z
340,476,5,0.798,semantic,2026-05-13T09:49:19Z
341,477,1,0.972,hashtag,2026-05-13T09:49:19Z
342,478,19,0.919,visual,2026-05-13T09:49:19Z
343,479,20,0.766,inferred,2026-05-13T09:49:19Z
344,480,68,0.713,direct,2026-05-13T09:49:19Z
345,481,70,0.977,semantic,2026-05-13T09:49:19Z
346,482,28,0.738,hashtag,2026-05-13T09:49:19Z
347,483,50,0.801,visual,2026-05-13T09:49:19Z
348,484,24,0.95,inferred,2026-05-13T09:49:19Z
349,485,78,0.771,direct,2026-05-13T09:49:19Z
350,486,42,0.777,semantic,2026-05-13T09:49:19Z
351,487,66,0.984,hashtag,2026-05-13T09:49:19Z
352,488,14,0.823,visual,2026-05-13T09:49:19Z
353,490,1,0.962,direct,2026-05-13T09:49:19Z
354,491,34,0.725,semantic,2026-05-13T09:49:19Z
355,492,4,0.984,hashtag,2026-05-13T09:49:19Z
356,493,33,0.837,visual,2026-05-13T09:49:19Z
357,495,12,0.886,direct,2026-05-13T09:49:19Z
358,496,53,0.807,semantic,2026-05-13T09:49:19Z
359,497,47,0.704,hashtag,2026-05-13T09:49:19Z
360,499,35,0.783,inferred,2026-05-13T09:49:19Z
361,501,1,0.844,semantic,2026-05-13T09:49:19Z
362,503,74,0.849,visual,2026-05-13T09:49:19Z
363,504,41,0.988,inferred,2026-05-13T09:49:19Z
364,506,60,0.881,semantic,2026-05-13T09:49:19Z
365,508,23,0.938,visual,2026-05-13T09:49:19Z
366,510,57,0.976,direct,2026-05-13T09:49:19Z
367,513,13,0.804,visual,2026-05-13T09:49:19Z
368,515,39,0.881,direct,2026-05-13T09:49:19Z
369,516,61,0.741,semantic,2026-05-13T09:49:19Z
370,517,61,0.706,hashtag,2026-05-13T09:49:19Z
371,518,38,0.806,visual,2026-05-13T09:49:19Z
372,519,7,0.78,inferred,2026-05-13T09:49:19Z
373,520,77,1,direct,2026-05-13T09:49:19Z
374,521,51,0.922,semantic,2026-05-13T09:49:19Z
375,522,76,0.943,hashtag,2026-05-13T09:49:19Z
376,523,52,0.821,visual,2026-05-13T09:49:19Z
377,524,25,0.859,inferred,2026-05-13T09:49:19Z
378,526,10,0.716,semantic,2026-05-13T09:49:19Z
379,527,79,0.764,hashtag,2026-05-13T09:49:19Z
380,528,55,0.733,visual,2026-05-13T09:49:19Z
381,529,75,0.739,inferred,2026-05-13T09:49:19Z
382,530,64,0.737,direct,2026-05-13T09:49:19Z
383,532,59,0.906,hashtag,2026-05-13T09:49:19Z
384,533,20,0.786,visual,2026-05-13T09:49:19Z
385,534,55,0.735,inferred,2026-05-13T09:49:19Z
386,535,39,0.702,direct,2026-05-13T09:49:19Z
387,538,66,0.851,visual,2026-05-13T09:49:19Z
388,539,22,0.955,inferred,2026-05-13T09:49:19Z
389,540,50,0.985,direct,2026-05-13T09:49:19Z
390,543,12,0.881,visual,2026-05-13T09:49:19Z
391,544,79,0.72,inferred,2026-05-13T09:49:19Z
392,546,58,0.94,semantic,2026-05-13T09:49:19Z
393,548,79,0.766,visual,2026-05-13T09:49:19Z
394,549,69,0.861,inferred,2026-05-13T09:49:19Z
395,552,51,0.961,hashtag,2026-05-13T09:49:19Z
396,554,71,0.855,inferred,2026-05-13T09:49:19Z
397,555,19,0.886,direct,2026-05-13T09:49:19Z
398,556,79,0.962,semantic,2026-05-13T09:49:19Z
399,558,22,0.81,visual,2026-05-13T09:49:19Z
400,559,79,0.841,inferred,2026-05-13T09:49:19Z
401,560,35,0.91,direct,2026-05-13T09:49:19Z
402,562,56,0.926,hashtag,2026-05-13T09:49:19Z
403,563,36,0.885,visual,2026-05-13T09:49:19Z
404,564,6,0.885,inferred,2026-05-13T09:49:19Z
405,565,77,0.807,direct,2026-05-13T09:49:19Z
406,566,7,0.97,semantic,2026-05-13T09:49:19Z
407,567,68,0.751,hashtag,2026-05-13T09:49:19Z
408,568,35,0.711,visual,2026-05-13T09:49:19Z
409,570,70,0.881,direct,2026-05-13T09:49:19Z
410,571,4,0.777,semantic,2026-05-13T09:49:19Z
411,572,23,0.903,hashtag,2026-05-13T09:49:19Z
412,573,76,0.974,visual,2026-05-13T09:49:19Z
413,576,26,0.981,semantic,2026-05-13T09:49:19Z
414,577,60,0.963,hashtag,2026-05-13T09:49:19Z
415,579,24,0.929,inferred,2026-05-13T09:49:19Z
416,581,55,0.926,semantic,2026-05-13T09:49:19Z
417,582,29,0.807,hashtag,2026-05-13T09:49:19Z
418,583,6,0.942,visual,2026-05-13T09:49:19Z
419,585,12,0.955,direct,2026-05-13T09:49:19Z
420,587,11,0.948,hashtag,2026-05-13T09:49:19Z
421,588,53,0.761,visual,2026-05-13T09:49:19Z
422,589,65,0.838,inferred,2026-05-13T09:49:19Z
423,590,16,0.796,direct,2026-05-13T09:49:19Z
424,591,32,0.988,semantic,2026-05-13T09:49:19Z
425,592,28,0.855,hashtag,2026-05-13T09:49:19Z
426,594,68,0.739,inferred,2026-05-13T09:49:19Z
427,595,10,0.874,direct,2026-05-13T09:49:19Z
428,597,16,0.763,hashtag,2026-05-13T09:49:19Z
429,598,19,0.863,visual,2026-05-13T09:49:19Z
430,599,29,0.839,inferred,2026-05-13T09:49:19Z
431,600,20,0.983,direct,2026-05-13T09:49:19Z
432,601,51,0.707,semantic,2026-05-13T09:49:19Z
433,603,52,0.874,visual,2026-05-13T09:49:19Z
434,604,51,0.811,inferred,2026-05-13T09:49:19Z
435,605,14,0.735,direct,2026-05-13T09:49:19Z
436,606,37,0.868,semantic,2026-05-13T09:49:19Z
437,607,43,0.878,hashtag,2026-05-13T09:49:19Z
438,608,27,0.887,visual,2026-05-13T09:49:19Z
439,609,21,0.875,inferred,2026-05-13T09:49:19Z
440,610,64,0.847,direct,2026-05-13T09:49:19Z
441,611,10,0.884,semantic,2026-05-13T09:49:19Z
442,612,27,0.994,hashtag,2026-05-13T09:49:19Z
443,613,18,0.858,visual,2026-05-13T09:49:19Z
444,614,63,0.721,inferred,2026-05-13T09:49:19Z
445,615,78,0.912,direct,2026-05-13T09:49:19Z
446,616,24,0.873,semantic,2026-05-13T09:49:19Z
447,617,58,0.807,hashtag,2026-05-13T09:49:19Z
448,618,66,0.942,visual,2026-05-13T09:49:19Z
449,619,31,0.76,inferred,2026-05-13T09:49:19Z
450,620,59,0.941,direct,2026-05-13T09:49:19Z
451,621,71,0.91,semantic,2026-05-13T09:49:19Z
452,623,39,0.869,visual,2026-05-13T09:49:19Z
453,624,6,0.755,inferred,2026-05-13T09:49:19Z
454,625,20,0.945,direct,2026-05-13T09:49:19Z
455,627,61,0.789,hashtag,2026-05-13T09:49:19Z
456,628,35,0.764,visual,2026-05-13T09:49:19Z
457,629,14,0.947,inferred,2026-05-13T09:49:19Z
458,630,58,0.979,direct,2026-05-13T09:49:19Z
459,631,39,0.876,semantic,2026-05-13T09:49:19Z
460,633,20,0.883,visual,2026-05-13T09:49:19Z
461,634,12,0.885,inferred,2026-05-13T09:49:19Z
462,635,45,0.988,direct,2026-05-13T09:49:19Z
463,636,58,0.981,semantic,2026-05-13T09:49:19Z
464,637,17,0.715,hashtag,2026-05-13T09:49:19Z
465,638,17,0.918,visual,2026-05-13T09:49:19Z
466,639,52,0.814,inferred,2026-05-13T09:49:19Z
467,640,27,0.772,direct,2026-05-13T09:49:19Z
468,641,33,0.79,semantic,2026-05-13T09:49:19Z
469,642,63,0.829,hashtag,2026-05-13T09:49:19Z
470,644,34,0.97,inferred,2026-05-13T09:49:19Z
471,645,5,0.902,direct,2026-05-13T09:49:19Z
472,646,71,0.915,semantic,2026-05-13T09:49:19Z
473,647,46,0.951,hashtag,2026-05-13T09:49:19Z
474,649,18,0.925,inferred,2026-05-13T09:49:19Z
475,653,55,0.795,visual,2026-05-13T09:49:19Z
476,654,38,0.935,inferred,2026-05-13T09:49:19Z
477,655,46,0.866,direct,2026-05-13T09:49:19Z
478,657,11,0.783,hashtag,2026-05-13T09:49:19Z
479,658,30,0.911,visual,2026-05-13T09:49:19Z
480,659,10,0.762,inferred,2026-05-13T09:49:19Z
481,660,79,0.816,direct,2026-05-13T09:49:19Z
482,661,48,0.907,semantic,2026-05-13T09:49:19Z
483,662,22,0.786,hashtag,2026-05-13T09:49:19Z
484,664,26,0.987,inferred,2026-05-13T09:49:19Z
485,665,4,0.978,direct,2026-05-13T09:49:19Z
486,666,63,0.821,semantic,2026-05-13T09:49:19Z
487,667,58,0.791,hashtag,2026-05-13T09:49:19Z
488,668,28,0.851,visual,2026-05-13T09:49:19Z
489,669,69,0.916,inferred,2026-05-13T09:49:19Z
490,670,55,0.84,direct,2026-05-13T09:49:19Z
491,672,70,0.978,hashtag,2026-05-13T09:49:19Z
492,674,32,0.714,inferred,2026-05-13T09:49:19Z
493,675,52,0.822,direct,2026-05-13T09:49:19Z
494,676,49,0.896,semantic,2026-05-13T09:49:19Z
495,677,39,0.778,hashtag,2026-05-13T09:49:19Z
496,678,65,0.898,visual,2026-05-13T09:49:19Z
497,681,72,0.891,semantic,2026-05-13T09:49:19Z
498,682,38,0.743,hashtag,2026-05-13T09:49:19Z
499,684,68,0.78,inferred,2026-05-13T09:49:19Z
500,687,67,0.825,hashtag,2026-05-13T09:49:19Z
501,688,54,0.972,visual,2026-05-13T09:49:19Z
502,690,13,0.814,direct,2026-05-13T09:49:19Z
503,691,54,0.791,semantic,2026-05-13T09:49:19Z
504,694,48,0.793,inferred,2026-05-13T09:49:19Z
505,696,47,0.98,semantic,2026-05-13T09:49:19Z
506,697,46,0.809,hashtag,2026-05-13T09:49:19Z
507,698,15,0.789,visual,2026-05-13T09:49:19Z
508,701,70,0.783,semantic,2026-05-13T09:49:19Z
509,702,35,0.769,hashtag,2026-05-13T09:49:19Z
510,703,38,0.758,visual,2026-05-13T09:49:19Z
511,704,23,0.781,inferred,2026-05-13T09:49:19Z
512,705,43,0.764,direct,2026-05-13T09:49:19Z
513,710,71,0.733,direct,2026-05-13T09:49:19Z
514,712,57,0.924,hashtag,2026-05-13T09:49:19Z
515,713,2,0.971,visual,2026-05-13T09:49:19Z
516,714,19,0.753,inferred,2026-05-13T09:49:19Z
517,716,14,0.825,semantic,2026-05-13T09:49:19Z
518,717,8,0.869,hashtag,2026-05-13T09:49:19Z
519,718,9,0.968,visual,2026-05-13T09:49:19Z
520,720,17,0.785,direct,2026-05-13T09:49:19Z
521,721,73,0.886,semantic,2026-05-13T09:49:19Z
522,722,49,0.825,hashtag,2026-05-13T09:49:19Z
523,723,37,0.751,visual,2026-05-13T09:49:19Z
524,724,1,0.703,inferred,2026-05-13T09:49:19Z
525,727,19,0.891,hashtag,2026-05-13T09:49:19Z
526,728,25,0.735,visual,2026-05-13T09:49:19Z
527,729,46,0.761,inferred,2026-05-13T09:49:19Z
528,731,63,0.866,semantic,2026-05-13T09:49:19Z
529,733,38,0.991,visual,2026-05-13T09:49:19Z
530,734,73,0.992,inferred,2026-05-13T09:49:19Z
531,735,25,0.74,direct,2026-05-13T09:49:19Z
532,737,33,0.756,hashtag,2026-05-13T09:49:19Z
533,738,69,0.71,visual,2026-05-13T09:49:19Z
534,740,12,0.833,direct,2026-05-13T09:49:19Z
535,741,29,0.824,semantic,2026-05-13T09:49:19Z
536,742,78,0.866,hashtag,2026-05-13T09:49:19Z
537,743,6,0.909,visual,2026-05-13T09:49:19Z
538,746,56,0.874,semantic,2026-05-13T09:49:19Z
539,748,33,0.877,visual,2026-05-13T09:49:19Z
540,749,75,0.897,inferred,2026-05-13T09:49:19Z
541,750,46,0.956,direct,2026-05-13T09:49:19Z
542,751,65,0.842,semantic,2026-05-13T09:49:19Z
543,752,32,0.834,hashtag,2026-05-13T09:49:19Z
544,753,35,0.922,visual,2026-05-13T09:49:19Z
545,754,3,0.854,inferred,2026-05-13T09:49:19Z
546,757,49,0.946,hashtag,2026-05-13T09:49:19Z
547,758,13,0.956,visual,2026-05-13T09:49:19Z
548,760,50,0.988,direct,2026-05-13T09:49:19Z
549,763,10,0.818,visual,2026-05-13T09:49:19Z
550,764,21,0.751,inferred,2026-05-13T09:49:19Z
551,765,57,0.976,direct,2026-05-13T09:49:19Z
552,767,30,0.955,hashtag,2026-05-13T09:49:19Z
553,769,64,0.902,inferred,2026-05-13T09:49:19Z
554,770,33,0.773,direct,2026-05-13T09:49:19Z
555,771,18,0.803,semantic,2026-05-13T09:49:19Z
556,773,51,0.811,visual,2026-05-13T09:49:19Z
557,774,53,0.788,inferred,2026-05-13T09:49:19Z
558,777,28,0.833,hashtag,2026-05-13T09:49:19Z
559,778,6,0.964,visual,2026-05-13T09:49:19Z
560,779,48,0.95,inferred,2026-05-13T09:49:19Z
561,780,20,0.713,direct,2026-05-13T09:49:19Z
562,783,65,0.938,visual,2026-05-13T09:49:19Z
563,786,2,0.919,semantic,2026-05-13T09:49:19Z
564,788,30,0.906,visual,2026-05-13T09:49:19Z
565,792,60,0.798,hashtag,2026-05-13T09:49:19Z
566,793,48,0.888,visual,2026-05-13T09:49:19Z
567,794,69,0.805,inferred,2026-05-13T09:49:19Z
568,795,36,0.782,direct,2026-05-13T09:49:19Z
569,799,15,0.886,inferred,2026-05-13T09:49:19Z
570,800,19,0.861,direct,2026-05-13T09:49:19Z
571,801,35,0.879,semantic,2026-05-13T09:49:19Z
572,802,70,0.789,hashtag,2026-05-13T09:49:19Z
573,803,15,0.809,visual,2026-05-13T09:49:19Z
574,804,69,0.835,inferred,2026-05-13T09:49:19Z
575,805,54,0.867,direct,2026-05-13T09:49:19Z
576,806,53,0.923,semantic,2026-05-13T09:49:19Z
577,808,79,0.872,visual,2026-05-13T09:49:19Z
578,809,61,0.865,inferred,2026-05-13T09:49:19Z
579,810,53,0.985,direct,2026-05-13T09:49:19Z
580,811,58,0.731,semantic,2026-05-13T09:49:19Z
581,812,6,0.994,hashtag,2026-05-13T09:49:19Z
582,813,53,0.937,visual,2026-05-13T09:49:19Z
583,816,5,0.847,semantic,2026-05-13T09:49:19Z
584,817,16,0.845,hashtag,2026-05-13T09:49:19Z
585,819,77,0.765,inferred,2026-05-13T09:49:19Z
586,822,19,0.871,hashtag,2026-05-13T09:49:19Z
587,825,25,0.836,direct,2026-05-13T09:49:19Z
588,826,31,0.898,semantic,2026-05-13T09:49:19Z
589,829,72,0.978,inferred,2026-05-13T09:49:19Z
590,831,78,0.927,semantic,2026-05-13T09:49:19Z
591,832,47,0.981,hashtag,2026-05-13T09:49:19Z
592,833,72,0.918,visual,2026-05-13T09:49:19Z
593,834,24,0.726,inferred,2026-05-13T09:49:19Z
594,835,16,0.816,direct,2026-05-13T09:49:19Z
595,837,61,0.737,hashtag,2026-05-13T09:49:19Z
596,838,34,0.803,visual,2026-05-13T09:49:19Z
597,843,19,0.821,visual,2026-05-13T09:49:19Z
598,845,16,0.837,direct,2026-05-13T09:49:19Z
599,846,49,0.991,semantic,2026-05-13T09:49:19Z
600,847,27,0.992,hashtag,2026-05-13T09:49:19Z
601,848,53,0.903,visual,2026-05-13T09:49:19Z
602,849,3,0.952,inferred,2026-05-13T09:49:19Z
603,850,2,0.957,direct,2026-05-13T09:49:19Z
604,851,15,0.788,semantic,2026-05-13T09:49:19Z
605,854,24,0.821,inferred,2026-05-13T09:49:19Z
606,857,50,0.823,hashtag,2026-05-13T09:49:19Z
607,858,20,0.861,visual,2026-05-13T09:49:19Z
608,859,43,0.881,inferred,2026-05-13T09:49:19Z
609,861,72,0.924,semantic,2026-05-13T09:49:19Z
610,862,69,0.76,hashtag,2026-05-13T09:49:19Z
611,864,24,0.83,inferred,2026-05-13T09:49:19Z
612,865,6,0.888,direct,2026-05-13T09:49:19Z
613,866,67,0.804,semantic,2026-05-13T09:49:19Z
614,867,2,0.928,hashtag,2026-05-13T09:49:19Z
615,868,40,0.768,visual,2026-05-13T09:49:19Z
616,869,11,0.956,inferred,2026-05-13T09:49:19Z
617,870,63,0.926,direct,2026-05-13T09:49:19Z
618,871,71,0.818,semantic,2026-05-13T09:49:19Z
619,872,56,0.805,hashtag,2026-05-13T09:49:19Z
620,873,26,0.744,visual,2026-05-13T09:49:19Z
621,877,58,0.832,hashtag,2026-05-13T09:49:19Z
622,878,9,0.762,visual,2026-05-13T09:49:19Z
623,879,7,0.865,inferred,2026-05-13T09:49:19Z
624,881,25,0.736,semantic,2026-05-13T09:49:19Z
625,882,11,0.987,hashtag,2026-05-13T09:49:19Z
626,884,42,0.895,inferred,2026-05-13T09:49:19Z
627,887,39,0.964,hashtag,2026-05-13T09:49:19Z
628,888,32,0.936,visual,2026-05-13T09:49:19Z
629,889,51,0.728,inferred,2026-05-13T09:49:19Z
630,891,12,0.854,semantic,2026-05-13T09:49:19Z
631,892,70,0.913,hashtag,2026-05-13T09:49:19Z
632,895,42,0.707,direct,2026-05-13T09:49:19Z
633,898,24,0.839,visual,2026-05-13T09:49:19Z
634,899,78,0.853,inferred,2026-05-13T09:49:19Z
635,900,53,0.855,direct,2026-05-13T09:49:19Z
636,901,63,0.734,semantic,2026-05-13T09:49:19Z
637,902,63,0.704,hashtag,2026-05-13T09:49:19Z
638,903,65,0.961,visual,2026-05-13T09:49:19Z
639,904,75,0.783,inferred,2026-05-13T09:49:19Z
640,905,79,0.751,direct,2026-05-13T09:49:19Z
641,906,30,0.868,semantic,2026-05-13T09:49:19Z
642,908,36,0.922,visual,2026-05-13T09:49:19Z
643,909,37,0.733,inferred,2026-05-13T09:49:19Z
644,910,76,0.702,direct,2026-05-13T09:49:19Z
645,914,40,0.91,inferred,2026-05-13T09:49:19Z
646,915,46,0.82,direct,2026-05-13T09:49:19Z
647,917,79,0.922,hashtag,2026-05-13T09:49:19Z
648,920,16,0.826,direct,2026-05-13T09:49:19Z
649,924,19,0.73,inferred,2026-05-13T09:49:19Z
650,926,69,0.852,semantic,2026-05-13T09:49:19Z
651,927,54,0.907,hashtag,2026-05-13T09:49:19Z
652,928,15,0.953,visual,2026-05-13T09:49:19Z
653,929,69,0.853,inferred,2026-05-13T09:49:19Z
654,930,16,0.816,direct,2026-05-13T09:49:19Z
655,931,16,0.781,semantic,2026-05-13T09:49:19Z
656,932,56,0.75,hashtag,2026-05-13T09:49:19Z
657,933,72,0.724,visual,2026-05-13T09:49:19Z
658,934,51,0.965,inferred,2026-05-13T09:49:19Z
659,935,3,0.876,direct,2026-05-13T09:49:19Z
660,936,27,0.997,semantic,2026-05-13T09:49:19Z
661,937,32,0.82,hashtag,2026-05-13T09:49:19Z
662,938,31,0.882,visual,2026-05-13T09:49:19Z
663,941,41,0.756,semantic,2026-05-13T09:49:19Z
664,943,15,0.913,visual,2026-05-13T09:49:19Z
665,945,45,0.825,direct,2026-05-13T09:49:19Z
666,948,16,0.803,visual,2026-05-13T09:49:19Z
667,949,68,0.973,inferred,2026-05-13T09:49:19Z
668,951,2,0.779,semantic,2026-05-13T09:49:19Z
669,953,62,0.767,visual,2026-05-13T09:49:19Z
670,954,2,0.884,inferred,2026-05-13T09:49:19Z
671,955,48,0.953,direct,2026-05-13T09:49:19Z
672,957,48,0.788,hashtag,2026-05-13T09:49:19Z
673,958,68,0.849,visual,2026-05-13T09:49:19Z
674,960,34,0.731,direct,2026-05-13T09:49:19Z
675,961,34,0.897,semantic,2026-05-13T09:49:19Z
676,962,30,0.763,hashtag,2026-05-13T09:49:19Z
677,963,62,0.777,visual,2026-05-13T09:49:19Z
678,964,19,0.861,inferred,2026-05-13T09:49:19Z
679,965,31,0.793,direct,2026-05-13T09:49:19Z
680,966,65,0.929,semantic,2026-05-13T09:49:19Z
681,970,65,0.714,direct,2026-05-13T09:49:19Z
682,971,64,0.743,semantic,2026-05-13T09:49:19Z
683,972,55,0.912,hashtag,2026-05-13T09:49:19Z
684,973,8,0.751,visual,2026-05-13T09:49:19Z
685,974,53,0.787,inferred,2026-05-13T09:49:19Z
686,975,24,0.813,direct,2026-05-13T09:49:19Z
687,976,53,0.843,semantic,2026-05-13T09:49:19Z
688,977,9,0.981,hashtag,2026-05-13T09:49:19Z
689,979,12,0.946,inferred,2026-05-13T09:49:19Z
690,980,45,0.791,direct,2026-05-13T09:49:19Z
691,981,46,0.711,semantic,2026-05-13T09:49:19Z
692,982,16,0.92,hashtag,2026-05-13T09:49:19Z
693,983,50,0.721,visual,2026-05-13T09:49:19Z
694,984,60,0.967,inferred,2026-05-13T09:49:19Z
695,985,59,0.824,direct,2026-05-13T09:49:19Z
696,986,6,0.92,semantic,2026-05-13T09:49:19Z
697,987,60,0.776,hashtag,2026-05-13T09:49:19Z
698,988,24,0.961,visual,2026-05-13T09:49:19Z
699,989,32,0.82,inferred,2026-05-13T09:49:19Z
700,991,76,0.78,semantic,2026-05-13T09:49:19Z
701,992,3,0.824,hashtag,2026-05-13T09:49:19Z
702,994,8,0.711,inferred,2026-05-13T09:49:19Z
703,995,76,0.919,direct,2026-05-13T09:49:19Z
704,996,27,0.904,semantic,2026-05-13T09:49:19Z
705,999,52,0.711,inferred,2026-05-13T09:49:19Z
706,1000,5,0.919,direct,2026-05-13T09:49:19Z
707,1001,54,0.77,semantic,2026-05-13T09:49:19Z
708,1002,49,0.759,hashtag,2026-05-13T09:49:19Z
709,1003,16,0.909,visual,2026-05-13T09:49:19Z
710,1004,68,0.857,inferred,2026-05-13T09:49:19Z
711,1005,3,0.917,direct,2026-05-13T09:49:19Z
712,1008,17,0.983,visual,2026-05-13T09:49:19Z
713,1009,63,0.789,inferred,2026-05-13T09:49:19Z
714,1011,57,0.809,semantic,2026-05-13T09:49:19Z
715,1012,19,0.89,hashtag,2026-05-13T09:49:19Z
716,1013,34,0.783,visual,2026-05-13T09:49:19Z
717,1014,52,0.994,inferred,2026-05-13T09:49:19Z
718,1015,37,0.858,direct,2026-05-13T09:49:19Z
719,1017,26,0.996,hashtag,2026-05-13T09:49:19Z
720,1018,35,0.934,visual,2026-05-13T09:49:19Z
721,1020,69,0.774,direct,2026-05-13T09:49:19Z
722,1022,77,0.942,hashtag,2026-05-13T09:49:19Z
723,1023,31,0.764,visual,2026-05-13T09:49:19Z
724,1028,70,0.81,visual,2026-05-13T09:49:19Z
725,1029,63,0.825,inferred,2026-05-13T09:49:19Z
726,1030,48,0.811,direct,2026-05-13T09:49:19Z
727,1033,18,0.836,visual,2026-05-13T09:49:19Z
728,1034,11,0.761,inferred,2026-05-13T09:49:19Z
729,1037,50,0.706,hashtag,2026-05-13T09:49:19Z
730,1038,73,0.875,visual,2026-05-13T09:49:19Z
731,1039,43,0.793,inferred,2026-05-13T09:49:19Z
732,1040,36,0.755,direct,2026-05-13T09:49:19Z
733,1041,61,0.752,semantic,2026-05-13T09:49:19Z
734,1042,8,0.903,hashtag,2026-05-13T09:49:19Z
735,1043,27,0.857,visual,2026-05-13T09:49:19Z
736,1044,48,0.95,inferred,2026-05-13T09:49:19Z
737,1045,55,0.874,direct,2026-05-13T09:49:19Z
738,1046,73,0.832,semantic,2026-05-13T09:49:19Z
739,1048,62,0.869,visual,2026-05-13T09:49:19Z
740,1049,8,0.921,inferred,2026-05-13T09:49:19Z
741,1050,54,0.958,direct,2026-05-13T09:49:19Z
742,1051,64,0.915,semantic,2026-05-13T09:49:19Z
743,1052,9,0.732,hashtag,2026-05-13T09:49:19Z
744,1053,74,0.728,visual,2026-05-13T09:49:19Z
745,1055,11,0.74,direct,2026-05-13T09:49:19Z
746,1056,39,0.792,semantic,2026-05-13T09:49:19Z
747,1058,69,0.867,visual,2026-05-13T09:49:19Z
748,1059,23,0.778,inferred,2026-05-13T09:49:19Z
749,1061,41,0.718,semantic,2026-05-13T09:49:19Z
750,1062,2,0.869,hashtag,2026-05-13T09:49:19Z
751,1063,13,0.83,visual,2026-05-13T09:49:19Z
752,1064,73,0.774,inferred,2026-05-13T09:49:19Z
753,1065,10,0.923,direct,2026-05-13T09:49:19Z
754,1066,28,0.965,semantic,2026-05-13T09:49:19Z
755,1067,9,0.804,hashtag,2026-05-13T09:49:19Z
756,1068,45,0.819,visual,2026-05-13T09:49:19Z
757,1071,33,0.911,semantic,2026-05-13T09:49:19Z
758,1072,78,0.876,hashtag,2026-05-13T09:49:19Z
759,1073,19,0.99,visual,2026-05-13T09:49:19Z
760,1074,60,0.918,inferred,2026-05-13T09:49:19Z
761,1076,71,0.789,semantic,2026-05-13T09:49:19Z
762,1078,3,0.723,visual,2026-05-13T09:49:19Z
763,1079,7,0.709,inferred,2026-05-13T09:49:19Z
764,1081,71,0.844,semantic,2026-05-13T09:49:19Z
765,1082,19,0.88,hashtag,2026-05-13T09:49:19Z
766,1083,33,0.828,visual,2026-05-13T09:49:19Z
767,1084,14,0.743,inferred,2026-05-13T09:49:19Z
768,1085,71,0.743,direct,2026-05-13T09:49:19Z
769,1086,13,0.797,semantic,2026-05-13T09:49:19Z
770,1087,63,0.96,hashtag,2026-05-13T09:49:19Z
771,1088,5,0.76,visual,2026-05-13T09:49:19Z
772,1091,29,0.783,semantic,2026-05-13T09:49:19Z
773,1094,42,0.989,inferred,2026-05-13T09:49:19Z
774,1095,46,0.893,direct,2026-05-13T09:49:19Z
775,1096,23,0.863,semantic,2026-05-13T09:49:19Z
776,1097,62,0.799,hashtag,2026-05-13T09:49:19Z
777,1098,59,0.92,visual,2026-05-13T09:49:19Z
778,1099,8,0.974,inferred,2026-05-13T09:49:19Z
779,1101,12,0.713,semantic,2026-05-13T09:49:19Z
780,1104,5,0.845,inferred,2026-05-13T09:49:19Z
781,1105,24,0.896,direct,2026-05-13T09:49:19Z
782,1106,60,0.841,semantic,2026-05-13T09:49:19Z
783,1107,18,0.966,hashtag,2026-05-13T09:49:19Z
784,1108,18,0.717,visual,2026-05-13T09:49:19Z
785,1109,75,0.92,inferred,2026-05-13T09:49:19Z
786,1110,46,0.742,direct,2026-05-13T09:49:19Z
787,1112,60,0.914,hashtag,2026-05-13T09:49:19Z
788,1113,7,0.884,visual,2026-05-13T09:49:19Z
789,1114,50,0.87,inferred,2026-05-13T09:49:19Z
790,1117,30,0.93,hashtag,2026-05-13T09:49:19Z
791,1119,9,0.835,inferred,2026-05-13T09:49:19Z
792,1120,79,0.781,direct,2026-05-13T09:49:19Z
793,1121,11,0.823,semantic,2026-05-13T09:49:19Z
794,1122,48,0.97,hashtag,2026-05-13T09:49:19Z
795,1123,48,0.979,visual,2026-05-13T09:49:19Z
796,1124,13,0.736,inferred,2026-05-13T09:49:19Z
797,1125,71,0.857,direct,2026-05-13T09:49:19Z
798,1127,44,0.861,hashtag,2026-05-13T09:49:19Z
799,1128,5,0.956,visual,2026-05-13T09:49:19Z
800,1130,44,0.712,direct,2026-05-13T09:49:19Z
801,1132,13,0.931,hashtag,2026-05-13T09:49:19Z
802,1133,55,0.87,visual,2026-05-13T09:49:19Z
803,1134,37,0.872,inferred,2026-05-13T09:49:19Z
804,1135,7,0.828,direct,2026-05-13T09:49:19Z
805,1136,50,0.795,semantic,2026-05-13T09:49:19Z
806,1137,79,0.792,hashtag,2026-05-13T09:49:19Z
807,1138,6,0.908,visual,2026-05-13T09:49:19Z
808,1139,2,0.902,inferred,2026-05-13T09:49:19Z
809,1140,54,0.812,direct,2026-05-13T09:49:19Z
810,1141,48,0.854,semantic,2026-05-13T09:49:19Z
811,1142,59,0.85,hashtag,2026-05-13T09:49:19Z
812,1143,5,0.91,visual,2026-05-13T09:49:19Z
813,1144,76,0.9,inferred,2026-05-13T09:49:19Z
814,1145,70,0.979,direct,2026-05-13T09:49:19Z
815,1146,59,0.803,semantic,2026-05-13T09:49:19Z
816,1147,45,0.754,hashtag,2026-05-13T09:49:19Z
817,1148,8,0.943,visual,2026-05-13T09:49:19Z
818,1150,49,0.701,direct,2026-05-13T09:49:19Z
819,1151,2,1,semantic,2026-05-13T09:49:19Z
820,1152,15,0.815,hashtag,2026-05-13T09:49:19Z
821,1155,17,0.893,direct,2026-05-13T09:49:19Z
822,1156,23,0.753,semantic,2026-05-13T09:49:19Z
823,1157,4,0.893,hashtag,2026-05-13T09:49:19Z
824,1158,65,0.866,visual,2026-05-13T09:49:19Z
825,1159,40,0.744,inferred,2026-05-13T09:49:19Z
826,1161,5,0.804,semantic,2026-05-13T09:49:19Z
827,1162,28,0.83,hashtag,2026-05-13T09:49:19Z
828,1163,21,0.898,visual,2026-05-13T09:49:19Z
829,1164,23,0.758,inferred,2026-05-13T09:49:19Z
830,1166,1,0.912,semantic,2026-05-13T09:49:19Z
831,1168,34,0.766,visual,2026-05-13T09:49:19Z
832,1170,73,0.909,direct,2026-05-13T09:49:19Z
833,1171,9,0.797,semantic,2026-05-13T09:49:19Z
834,1172,42,0.832,hashtag,2026-05-13T09:49:19Z
835,1173,24,0.849,visual,2026-05-13T09:49:19Z
836,1174,54,0.81,inferred,2026-05-13T09:49:19Z
837,1179,60,0.801,inferred,2026-05-13T09:49:19Z
838,1180,67,0.796,direct,2026-05-13T09:49:19Z
839,1181,68,0.944,semantic,2026-05-13T09:49:19Z
840,1182,61,0.782,hashtag,2026-05-13T09:49:19Z
841,1183,6,0.924,visual,2026-05-13T09:49:19Z
842,1184,26,0.863,inferred,2026-05-13T09:49:19Z
843,1185,2,0.839,direct,2026-05-13T09:49:19Z
844,1187,74,0.732,hashtag,2026-05-13T09:49:19Z
845,1188,7,0.846,visual,2026-05-13T09:49:19Z
846,1189,41,0.906,inferred,2026-05-13T09:49:19Z
847,1190,67,0.803,direct,2026-05-13T09:49:19Z
848,1191,76,0.927,semantic,2026-05-13T09:49:19Z
849,1192,78,0.914,hashtag,2026-05-13T09:49:19Z
850,1193,25,0.933,visual,2026-05-13T09:49:19Z
851,1194,52,0.893,inferred,2026-05-13T09:49:19Z
852,1196,31,0.703,semantic,2026-05-13T09:49:19Z
853,1199,61,0.864,inferred,2026-05-13T09:49:19Z
854,1201,27,0.905,semantic,2026-05-13T09:49:19Z
855,1202,54,0.754,hashtag,2026-05-13T09:49:19Z
856,1204,46,0.988,inferred,2026-05-13T09:49:19Z
857,1205,63,0.996,direct,2026-05-13T09:49:19Z
858,1206,49,0.988,semantic,2026-05-13T09:49:19Z
859,1207,55,0.791,hashtag,2026-05-13T09:49:19Z
860,1208,13,0.792,visual,2026-05-13T09:49:19Z
861,1209,7,0.977,inferred,2026-05-13T09:49:19Z
862,1211,18,0.977,semantic,2026-05-13T09:49:19Z
863,1212,28,0.979,hashtag,2026-05-13T09:49:19Z
864,1213,19,0.937,visual,2026-05-13T09:49:19Z
865,1214,77,0.835,inferred,2026-05-13T09:49:19Z
866,1215,57,0.805,direct,2026-05-13T09:49:19Z
867,1216,48,0.901,semantic,2026-05-13T09:49:19Z
868,1217,74,0.943,hashtag,2026-05-13T09:49:19Z
869,1219,40,0.986,inferred,2026-05-13T09:49:19Z
870,1220,30,0.939,direct,2026-05-13T09:49:19Z
871,1221,73,0.791,semantic,2026-05-13T09:49:19Z
872,1222,49,0.731,hashtag,2026-05-13T09:49:19Z
873,1226,25,0.722,semantic,2026-05-13T09:49:19Z
874,1227,16,0.774,hashtag,2026-05-13T09:49:19Z
875,1229,25,0.793,inferred,2026-05-13T09:49:19Z
876,1230,77,0.702,direct,2026-05-13T09:49:19Z
877,1231,42,0.753,semantic,2026-05-13T09:49:19Z
878,1233,57,0.814,visual,2026-05-13T09:49:19Z
879,1235,47,0.999,direct,2026-05-13T09:49:19Z
880,1236,20,0.866,semantic,2026-05-13T09:49:19Z
881,1238,63,0.921,visual,2026-05-13T09:49:19Z
882,1239,72,0.875,inferred,2026-05-13T09:49:19Z
883,1240,24,0.89,direct,2026-05-13T09:49:19Z
884,1241,76,0.778,semantic,2026-05-13T09:49:19Z
885,1242,71,0.794,hashtag,2026-05-13T09:49:19Z
886,1243,13,0.855,visual,2026-05-13T09:49:19Z
887,1245,15,0.807,direct,2026-05-13T09:49:19Z
888,1247,44,0.877,hashtag,2026-05-13T09:49:19Z
889,1248,17,0.796,visual,2026-05-13T09:49:19Z
890,1249,38,0.813,inferred,2026-05-13T09:49:19Z
891,1250,63,0.901,direct,2026-05-13T09:49:19Z
892,1252,7,0.927,hashtag,2026-05-13T09:49:19Z
893,1255,2,0.951,direct,2026-05-13T09:49:19Z
894,1256,31,0.845,semantic,2026-05-13T09:49:19Z
895,1257,28,0.852,hashtag,2026-05-13T09:49:19Z
896,1260,60,0.721,direct,2026-05-13T09:49:19Z
897,1261,3,0.759,semantic,2026-05-13T09:49:19Z
898,1262,56,0.836,hashtag,2026-05-13T09:49:19Z
899,1263,46,0.748,visual,2026-05-13T09:49:19Z
900,1264,17,0.881,inferred,2026-05-13T09:49:19Z
901,1265,29,0.804,direct,2026-05-13T09:49:19Z
902,1266,8,0.915,semantic,2026-05-13T09:49:19Z
903,1267,68,0.788,hashtag,2026-05-13T09:49:19Z
904,1268,7,0.912,visual,2026-05-13T09:49:19Z
905,1269,77,0.771,inferred,2026-05-13T09:49:19Z
906,1270,2,0.992,direct,2026-05-13T09:49:19Z
907,1271,48,0.714,semantic,2026-05-13T09:49:19Z
908,1272,47,0.991,hashtag,2026-05-13T09:49:19Z
909,1273,59,0.796,visual,2026-05-13T09:49:19Z
910,1274,24,0.941,inferred,2026-05-13T09:49:19Z
911,1275,41,0.909,direct,2026-05-13T09:49:19Z
912,1276,6,0.831,semantic,2026-05-13T09:49:19Z
913,1277,66,0.733,hashtag,2026-05-13T09:49:19Z
914,1278,78,0.771,visual,2026-05-13T09:49:19Z
915,1280,49,0.973,direct,2026-05-13T09:49:19Z
916,1283,6,0.768,visual,2026-05-13T09:49:19Z
917,1286,55,0.906,semantic,2026-05-13T09:49:19Z
918,1287,30,0.962,hashtag,2026-05-13T09:49:19Z
919,1288,37,0.983,visual,2026-05-13T09:49:19Z
920,1289,61,0.948,inferred,2026-05-13T09:49:19Z
921,1290,65,0.977,direct,2026-05-13T09:49:19Z
922,1291,51,0.775,semantic,2026-05-13T09:49:19Z
923,1292,69,0.834,hashtag,2026-05-13T09:49:19Z
924,1293,26,0.77,visual,2026-05-13T09:49:19Z
925,1294,56,0.762,inferred,2026-05-13T09:49:19Z
926,1295,23,0.749,direct,2026-05-13T09:49:19Z
927,1298,71,0.888,visual,2026-05-13T09:49:19Z
928,1299,42,0.844,inferred,2026-05-13T09:49:19Z
929,1300,78,0.861,direct,2026-05-13T09:49:19Z
930,1301,79,0.761,semantic,2026-05-13T09:49:19Z
931,1304,22,0.964,inferred,2026-05-13T09:49:19Z
932,1307,50,0.729,hashtag,2026-05-13T09:49:19Z
933,1308,79,0.808,visual,2026-05-13T09:49:19Z
934,1309,18,0.855,inferred,2026-05-13T09:49:19Z
935,1311,42,0.826,semantic,2026-05-13T09:49:19Z
936,1312,41,0.718,hashtag,2026-05-13T09:49:19Z
937,1313,62,0.959,visual,2026-05-13T09:49:19Z
938,1314,31,0.936,inferred,2026-05-13T09:49:19Z
939,1315,36,0.893,direct,2026-05-13T09:49:19Z
940,1316,56,0.874,semantic,2026-05-13T09:49:19Z
941,1318,67,0.82,visual,2026-05-13T09:49:19Z
942,1322,55,0.772,hashtag,2026-05-13T09:49:19Z
943,1323,35,0.934,visual,2026-05-13T09:49:19Z
944,1326,6,0.771,semantic,2026-05-13T09:49:19Z
945,1328,41,0.835,visual,2026-05-13T09:49:19Z
946,1329,43,0.947,inferred,2026-05-13T09:49:19Z
947,1330,32,0.955,direct,2026-05-13T09:49:19Z
948,1334,32,0.733,inferred,2026-05-13T09:49:19Z
949,1335,34,0.868,direct,2026-05-13T09:49:19Z
950,1336,52,0.839,semantic,2026-05-13T09:49:19Z
951,1337,72,0.826,hashtag,2026-05-13T09:49:19Z
952,1338,47,0.96,visual,2026-05-13T09:49:19Z
953,1340,23,0.93,direct,2026-05-13T09:49:19Z
954,1341,42,0.853,semantic,2026-05-13T09:49:19Z
955,1342,52,0.758,hashtag,2026-05-13T09:49:19Z
956,1343,4,0.908,visual,2026-05-13T09:49:19Z
957,1344,59,0.805,inferred,2026-05-13T09:49:19Z
958,1345,27,0.853,direct,2026-05-13T09:49:19Z
959,1347,2,0.96,hashtag,2026-05-13T09:49:19Z
960,1350,1,0.988,direct,2026-05-13T09:49:19Z
961,1351,24,0.768,semantic,2026-05-13T09:49:19Z
962,1352,1,0.817,hashtag,2026-05-13T09:49:19Z
963,1354,7,0.885,inferred,2026-05-13T09:49:19Z
964,1355,47,0.95,direct,2026-05-13T09:49:19Z
965,1356,21,0.859,semantic,2026-05-13T09:49:19Z
966,1357,72,0.997,hashtag,2026-05-13T09:49:19Z
967,1358,43,0.967,visual,2026-05-13T09:49:19Z
968,1360,5,0.778,direct,2026-05-13T09:49:19Z
969,1361,21,0.843,semantic,2026-05-13T09:49:19Z
970,1362,18,0.888,hashtag,2026-05-13T09:49:19Z
971,1363,17,0.814,visual,2026-05-13T09:49:19Z
972,1365,66,0.938,direct,2026-05-13T09:49:19Z
973,1366,46,0.855,semantic,2026-05-13T09:49:19Z
974,1367,68,0.87,hashtag,2026-05-13T09:49:19Z
975,1368,71,0.759,visual,2026-05-13T09:49:19Z
976,1369,62,0.818,inferred,2026-05-13T09:49:19Z
977,1370,47,0.705,direct,2026-05-13T09:49:19Z
978,1371,42,0.842,semantic,2026-05-13T09:49:19Z
979,1373,65,0.844,visual,2026-05-13T09:49:19Z
980,1374,7,0.896,inferred,2026-05-13T09:49:19Z
981,1375,44,0.938,direct,2026-05-13T09:49:19Z
982,1376,55,0.835,semantic,2026-05-13T09:49:19Z
983,1377,71,0.76,hashtag,2026-05-13T09:49:19Z
984,1378,40,0.932,visual,2026-05-13T09:49:19Z
985,1379,19,0.925,inferred,2026-05-13T09:49:19Z
986,1380,12,0.831,direct,2026-05-13T09:49:19Z
987,1381,68,0.887,semantic,2026-05-13T09:49:19Z
988,1382,76,0.918,hashtag,2026-05-13T09:49:19Z
989,1383,47,0.885,visual,2026-05-13T09:49:19Z
990,1384,31,0.892,inferred,2026-05-13T09:49:19Z
991,1385,47,0.883,direct,2026-05-13T09:49:19Z
992,1387,40,0.923,hashtag,2026-05-13T09:49:19Z
993,1388,38,0.764,visual,2026-05-13T09:49:19Z
994,1393,38,0.81,visual,2026-05-13T09:49:19Z
995,1394,1,0.896,inferred,2026-05-13T09:49:19Z
996,1395,17,0.701,direct,2026-05-13T09:49:19Z
997,1396,23,0.936,semantic,2026-05-13T09:49:19Z
998,1398,50,0.716,visual,2026-05-13T09:49:19Z
999,1399,28,0.818,inferred,2026-05-13T09:49:19Z
1000,1400,36,0.735,direct,2026-05-13T09:49:19Z
1001,1401,51,0.778,semantic,2026-05-13T09:49:19Z
1002,1402,37,0.93,hashtag,2026-05-13T09:49:19Z
1003,1403,1,0.975,visual,2026-05-13T09:49:19Z
1004,1404,66,0.895,inferred,2026-05-13T09:49:19Z
1005,1405,18,0.882,direct,2026-05-13T09:49:19Z
1006,1406,29,0.762,semantic,2026-05-13T09:49:19Z
1007,1407,65,0.878,hashtag,2026-05-13T09:49:19Z
1008,1408,79,0.77,visual,2026-05-13T09:49:19Z
1009,1409,45,0.822,inferred,2026-05-13T09:49:19Z
1010,1410,21,0.919,direct,2026-05-13T09:49:19Z
1011,1413,19,0.808,visual,2026-05-13T09:49:19Z
1012,1414,53,0.738,inferred,2026-05-13T09:49:19Z
1013,1416,34,0.759,semantic,2026-05-13T09:49:19Z
1014,1417,19,0.958,hashtag,2026-05-13T09:49:19Z
1015,1418,18,0.73,visual,2026-05-13T09:49:19Z
1016,1419,23,0.79,inferred,2026-05-13T09:49:19Z
1017,1420,51,0.947,direct,2026-05-13T09:49:19Z
1018,1421,24,0.855,semantic,2026-05-13T09:49:19Z
1019,1422,46,0.743,hashtag,2026-05-13T09:49:19Z
1020,1423,69,0.742,visual,2026-05-13T09:49:19Z
1021,1425,79,0.824,direct,2026-05-13T09:49:19Z
1022,1426,43,0.847,semantic,2026-05-13T09:49:19Z
1023,1427,34,0.991,hashtag,2026-05-13T09:49:19Z
1024,1428,60,0.782,visual,2026-05-13T09:49:19Z
1025,1429,67,0.803,inferred,2026-05-13T09:49:19Z
1026,1430,62,0.941,direct,2026-05-13T09:49:19Z
1027,1432,71,0.784,hashtag,2026-05-13T09:49:19Z
1028,1433,52,0.999,visual,2026-05-13T09:49:19Z
1029,1434,41,0.802,inferred,2026-05-13T09:49:19Z
1030,1435,19,0.928,direct,2026-05-13T09:49:19Z
1031,1436,4,0.807,semantic,2026-05-13T09:49:19Z
1032,1437,43,0.898,hashtag,2026-05-13T09:49:19Z
1033,1438,41,0.997,visual,2026-05-13T09:49:19Z
1034,1440,54,0.91,direct,2026-05-13T09:49:19Z
1035,1442,16,0.986,hashtag,2026-05-13T09:49:19Z
1036,1443,54,0.958,visual,2026-05-13T09:49:19Z
1037,1445,30,0.94,direct,2026-05-13T09:49:19Z
1038,1447,32,0.783,hashtag,2026-05-13T09:49:19Z
1039,1449,26,0.927,inferred,2026-05-13T09:49:19Z
1040,1455,24,0.838,direct,2026-05-13T09:49:19Z
1041,1456,39,0.804,semantic,2026-05-13T09:49:19Z
1042,1457,25,0.851,hashtag,2026-05-13T09:49:19Z
1043,1458,63,0.842,visual,2026-05-13T09:49:19Z
1044,1459,77,0.865,inferred,2026-05-13T09:49:19Z
1045,1460,77,0.965,direct,2026-05-13T09:49:19Z
1046,1461,21,0.866,semantic,2026-05-13T09:49:19Z
1047,1462,78,0.898,hashtag,2026-05-13T09:49:19Z
1048,1463,27,0.8,visual,2026-05-13T09:49:19Z
1049,1467,53,0.892,hashtag,2026-05-13T09:49:19Z
1050,1468,7,0.882,visual,2026-05-13T09:49:19Z
1051,1469,1,0.86,inferred,2026-05-13T09:49:19Z
1052,1470,10,0.969,direct,2026-05-13T09:49:19Z
1053,1471,24,0.875,semantic,2026-05-13T09:49:19Z
1054,1472,68,0.886,hashtag,2026-05-13T09:49:19Z
1055,1473,18,0.717,visual,2026-05-13T09:49:19Z
1056,1475,8,0.905,direct,2026-05-13T09:49:19Z
1057,1477,58,0.978,hashtag,2026-05-13T09:49:19Z
1058,1481,71,0.855,semantic,2026-05-13T09:49:19Z
1059,1482,64,0.837,hashtag,2026-05-13T09:49:19Z
1060,1484,60,0.998,inferred,2026-05-13T09:49:19Z
1061,1485,2,0.844,direct,2026-05-13T09:49:19Z
1062,1486,32,0.978,semantic,2026-05-13T09:49:19Z
1063,1488,76,0.868,visual,2026-05-13T09:49:19Z
1064,1489,3,0.911,inferred,2026-05-13T09:49:19Z
1065,1491,22,0.708,semantic,2026-05-13T09:49:19Z
1066,1492,30,0.811,hashtag,2026-05-13T09:49:19Z
1067,1493,17,0.906,visual,2026-05-13T09:49:19Z
1068,1494,65,0.989,inferred,2026-05-13T09:49:19Z
1069,1495,3,0.779,direct,2026-05-13T09:49:19Z
1070,1496,39,0.777,semantic,2026-05-13T09:49:19Z
1071,1497,19,0.759,hashtag,2026-05-13T09:49:19Z
1072,1498,59,0.766,visual,2026-05-13T09:49:19Z
1073,1499,37,0.851,inferred,2026-05-13T09:49:19Z
1074,1501,53,0.759,semantic,2026-05-13T09:49:19Z
1075,1503,41,0.917,visual,2026-05-13T09:49:19Z
1076,1504,38,0.969,inferred,2026-05-13T09:49:19Z
1077,1507,17,0.839,hashtag,2026-05-13T09:49:19Z
1078,1508,65,0.88,visual,2026-05-13T09:49:19Z
1079,1510,45,0.85,direct,2026-05-13T09:49:19Z
1080,1511,62,0.715,semantic,2026-05-13T09:49:19Z
1081,1512,62,0.885,hashtag,2026-05-13T09:49:19Z
1082,1513,47,0.927,visual,2026-05-13T09:49:19Z
1083,1515,1,0.85,direct,2026-05-13T09:49:19Z
1084,1516,4,0.809,semantic,2026-05-13T09:49:19Z
1085,1518,68,0.755,visual,2026-05-13T09:49:19Z
1086,1519,69,0.927,inferred,2026-05-13T09:49:19Z
1087,1520,70,0.796,direct,2026-05-13T09:49:19Z
1088,1521,67,0.702,semantic,2026-05-13T09:49:19Z
1089,1522,37,0.824,hashtag,2026-05-13T09:49:19Z
1090,1524,45,0.733,inferred,2026-05-13T09:49:19Z
1091,1525,21,0.975,direct,2026-05-13T09:49:19Z
1092,1526,52,0.76,semantic,2026-05-13T09:49:19Z
1093,1528,12,0.745,visual,2026-05-13T09:49:19Z
1094,1529,16,0.87,inferred,2026-05-13T09:49:19Z
1095,1530,3,0.738,direct,2026-05-13T09:49:19Z
1096,1531,53,0.807,semantic,2026-05-13T09:49:19Z
1097,1532,6,0.803,hashtag,2026-05-13T09:49:19Z
1098,1533,63,0.942,visual,2026-05-13T09:49:19Z
1099,1536,62,0.762,semantic,2026-05-13T09:49:19Z
1100,1537,39,0.774,hashtag,2026-05-13T09:49:19Z
1101,1538,33,0.951,visual,2026-05-13T09:49:19Z
1102,1540,67,0.928,direct,2026-05-13T09:49:19Z
1103,1541,64,0.882,semantic,2026-05-13T09:49:19Z
1104,1542,78,0.768,hashtag,2026-05-13T09:49:19Z
1105,1543,41,0.808,visual,2026-05-13T09:49:19Z
1106,1544,25,0.81,inferred,2026-05-13T09:49:19Z
1107,1545,30,0.996,direct,2026-05-13T09:49:19Z
1108,1546,33,0.798,semantic,2026-05-13T09:49:19Z
1109,1547,71,0.779,hashtag,2026-05-13T09:49:19Z
1110,1548,76,0.919,visual,2026-05-13T09:49:19Z
1111,1549,3,0.736,inferred,2026-05-13T09:49:19Z
1112,1552,37,0.95,hashtag,2026-05-13T09:49:19Z
1113,1553,7,0.882,visual,2026-05-13T09:49:19Z
1114,1555,19,0.768,direct,2026-05-13T09:49:19Z
1115,1556,18,0.987,semantic,2026-05-13T09:49:19Z
1116,1557,67,0.843,hashtag,2026-05-13T09:49:19Z
1117,1559,16,0.838,inferred,2026-05-13T09:49:19Z
1118,1560,13,0.853,direct,2026-05-13T09:49:19Z
1119,1561,4,0.814,semantic,2026-05-13T09:49:19Z
1120,1562,14,0.806,hashtag,2026-05-13T09:49:19Z
1121,1564,71,0.747,inferred,2026-05-13T09:49:19Z
1122,1565,61,0.978,direct,2026-05-13T09:49:19Z
1123,1566,54,0.951,semantic,2026-05-13T09:49:19Z
1124,1568,79,0.914,visual,2026-05-13T09:49:19Z
1125,1569,47,0.729,inferred,2026-05-13T09:49:19Z
1126,1570,73,0.857,direct,2026-05-13T09:49:19Z
1127,1571,48,0.962,semantic,2026-05-13T09:49:19Z
1128,1572,13,0.76,hashtag,2026-05-13T09:49:19Z
1129,1574,27,0.888,inferred,2026-05-13T09:49:19Z
1130,1575,19,0.915,direct,2026-05-13T09:49:19Z
1131,1576,43,0.812,semantic,2026-05-13T09:49:19Z
1132,1577,66,0.823,hashtag,2026-05-13T09:49:19Z
1133,1578,27,0.753,visual,2026-05-13T09:49:19Z
1134,1580,72,0.748,direct,2026-05-13T09:49:19Z
1135,1582,47,0.973,hashtag,2026-05-13T09:49:19Z
1136,1583,36,0.771,visual,2026-05-13T09:49:19Z
1137,1584,9,0.855,inferred,2026-05-13T09:49:19Z
1138,1585,4,0.721,direct,2026-05-13T09:49:19Z
1139,1589,7,0.791,inferred,2026-05-13T09:49:19Z
1140,1592,24,0.89,hashtag,2026-05-13T09:49:19Z
1141,1594,22,0.835,inferred,2026-05-13T09:49:19Z
1142,1596,46,0.935,semantic,2026-05-13T09:49:19Z
1143,1597,68,0.747,hashtag,2026-05-13T09:49:19Z
1144,1598,58,0.781,visual,2026-05-13T09:49:19Z
1145,1600,17,0.783,direct,2026-05-13T09:49:19Z
1146,1601,22,0.821,semantic,2026-05-13T09:49:19Z
1147,1603,67,0.736,visual,2026-05-13T09:49:19Z
1148,1604,31,0.724,inferred,2026-05-13T09:49:19Z
1149,1606,3,0.734,semantic,2026-05-13T09:49:19Z
1150,1607,65,0.994,hashtag,2026-05-13T09:49:19Z
1151,1608,18,0.896,visual,2026-05-13T09:49:19Z
1152,1609,39,0.891,inferred,2026-05-13T09:49:19Z
1153,1610,36,0.879,direct,2026-05-13T09:49:19Z
1154,1613,78,0.716,visual,2026-05-13T09:49:19Z
1155,1614,64,0.793,inferred,2026-05-13T09:49:19Z
1156,1615,73,0.883,direct,2026-05-13T09:49:19Z
1157,1616,21,0.711,semantic,2026-05-13T09:49:19Z
1158,1618,3,0.97,visual,2026-05-13T09:49:19Z
1159,1619,52,0.979,inferred,2026-05-13T09:49:19Z
1160,1621,79,0.87,semantic,2026-05-13T09:49:19Z
1161,1622,43,0.793,hashtag,2026-05-13T09:49:19Z
1162,1623,2,0.81,visual,2026-05-13T09:49:19Z
1163,1624,25,0.84,inferred,2026-05-13T09:49:19Z
1164,1625,13,0.719,direct,2026-05-13T09:49:19Z
1165,1627,56,0.912,hashtag,2026-05-13T09:49:19Z
1166,1628,73,0.749,visual,2026-05-13T09:49:19Z
1167,1630,3,0.741,direct,2026-05-13T09:49:19Z
1168,1631,30,0.926,semantic,2026-05-13T09:49:19Z
1169,1632,17,0.79,hashtag,2026-05-13T09:49:19Z
1170,1633,71,0.823,visual,2026-05-13T09:49:19Z
1171,1634,41,0.909,inferred,2026-05-13T09:49:19Z
1172,1635,48,0.785,direct,2026-05-13T09:49:19Z
1173,1636,24,0.904,semantic,2026-05-13T09:49:19Z
1174,1637,21,0.8,hashtag,2026-05-13T09:49:19Z
1175,1638,76,0.803,visual,2026-05-13T09:49:19Z
1176,1641,67,0.83,semantic,2026-05-13T09:49:19Z
1177,1643,54,0.742,visual,2026-05-13T09:49:19Z
1178,1644,31,0.797,inferred,2026-05-13T09:49:19Z
1179,1645,4,0.931,direct,2026-05-13T09:49:19Z
1180,1646,75,0.801,semantic,2026-05-13T09:49:19Z
1181,1647,13,0.811,hashtag,2026-05-13T09:49:19Z
1182,1648,29,0.953,visual,2026-05-13T09:49:19Z
1183,1653,7,0.933,visual,2026-05-13T09:49:19Z
1184,1654,50,0.836,inferred,2026-05-13T09:49:19Z
1185,1655,55,0.794,direct,2026-05-13T09:49:19Z
1186,1656,66,0.817,semantic,2026-05-13T09:49:19Z
1187,1657,28,0.92,hashtag,2026-05-13T09:49:19Z
1188,1658,58,0.752,visual,2026-05-13T09:49:19Z
1189,1659,75,0.793,inferred,2026-05-13T09:49:19Z
1190,1660,12,0.844,direct,2026-05-13T09:49:19Z
1191,1661,7,0.771,semantic,2026-05-13T09:49:19Z
1192,1662,8,0.849,hashtag,2026-05-13T09:49:19Z
1193,1663,43,0.807,visual,2026-05-13T09:49:19Z
1194,1664,6,0.965,inferred,2026-05-13T09:49:19Z
1195,1666,50,0.948,semantic,2026-05-13T09:49:19Z
1196,1667,40,0.834,hashtag,2026-05-13T09:49:19Z
1197,1668,3,0.872,visual,2026-05-13T09:49:19Z
1198,1669,16,0.948,inferred,2026-05-13T09:49:19Z
1199,1670,68,0.825,direct,2026-05-13T09:49:19Z
1200,1671,44,0.83,semantic,2026-05-13T09:49:19Z
1201,1672,32,0.878,hashtag,2026-05-13T09:49:19Z
1202,1673,45,0.946,visual,2026-05-13T09:49:19Z
1203,1676,64,0.718,semantic,2026-05-13T09:49:19Z
1204,1677,37,0.765,hashtag,2026-05-13T09:49:19Z
1205,1678,63,0.81,visual,2026-05-13T09:49:19Z
1206,1679,43,0.984,inferred,2026-05-13T09:49:19Z
1207,1680,68,0.815,direct,2026-05-13T09:49:19Z
1208,1681,32,0.929,semantic,2026-05-13T09:49:19Z
1209,1682,78,0.937,hashtag,2026-05-13T09:49:19Z
1210,1683,44,0.87,visual,2026-05-13T09:49:19Z
1211,1686,70,0.873,semantic,2026-05-13T09:49:19Z
1212,1687,34,0.848,hashtag,2026-05-13T09:49:19Z
1213,1688,37,0.768,visual,2026-05-13T09:49:19Z
1214,1690,6,0.779,direct,2026-05-13T09:49:19Z
1215,1693,17,0.868,visual,2026-05-13T09:49:19Z
1216,1694,75,0.963,inferred,2026-05-13T09:49:19Z
1217,1696,17,0.792,semantic,2026-05-13T09:49:19Z
1218,1697,6,0.81,hashtag,2026-05-13T09:49:19Z
1219,1698,29,0.803,visual,2026-05-13T09:49:19Z
1220,1699,44,0.707,inferred,2026-05-13T09:49:19Z
1221,1700,10,0.743,direct,2026-05-13T09:49:19Z
1222,1701,18,0.781,semantic,2026-05-13T09:49:19Z
1223,1702,55,0.95,hashtag,2026-05-13T09:49:19Z
1224,1703,55,0.861,visual,2026-05-13T09:49:19Z
1225,1704,15,0.926,inferred,2026-05-13T09:49:19Z
1226,1706,13,0.836,semantic,2026-05-13T09:49:19Z
1227,1708,11,0.745,visual,2026-05-13T09:49:19Z
1228,1710,15,0.701,direct,2026-05-13T09:49:19Z
1229,1711,61,0.976,semantic,2026-05-13T09:49:19Z
1230,1712,62,0.872,hashtag,2026-05-13T09:49:19Z
1231,1713,72,0.909,visual,2026-05-13T09:49:19Z
1232,1714,64,0.884,inferred,2026-05-13T09:49:19Z
1233,1716,16,0.925,semantic,2026-05-13T09:49:19Z
1234,1717,11,0.918,hashtag,2026-05-13T09:49:19Z
1235,1720,60,0.887,direct,2026-05-13T09:49:19Z
1236,1721,53,0.783,semantic,2026-05-13T09:49:19Z
1237,1723,54,0.909,visual,2026-05-13T09:49:19Z
1238,1724,29,0.767,inferred,2026-05-13T09:49:19Z
1239,1725,42,0.807,direct,2026-05-13T09:49:19Z
1240,1726,9,0.926,semantic,2026-05-13T09:49:19Z
1241,1729,55,0.927,inferred,2026-05-13T09:49:19Z
1242,1730,56,0.729,direct,2026-05-13T09:49:19Z
1243,1731,50,0.776,semantic,2026-05-13T09:49:19Z
1244,1733,31,0.927,visual,2026-05-13T09:49:19Z
1245,1734,50,0.983,inferred,2026-05-13T09:49:19Z
1246,1735,33,0.865,direct,2026-05-13T09:49:19Z
1247,1736,22,0.829,semantic,2026-05-13T09:49:19Z
1248,1739,52,0.888,inferred,2026-05-13T09:49:19Z
1249,1741,3,0.785,semantic,2026-05-13T09:49:19Z
1250,1742,79,0.811,hashtag,2026-05-13T09:49:19Z
1251,1743,50,0.738,visual,2026-05-13T09:49:19Z
1252,1744,30,0.958,inferred,2026-05-13T09:49:19Z
1253,1745,51,0.877,direct,2026-05-13T09:49:19Z
1254,1746,6,0.817,semantic,2026-05-13T09:49:19Z
1255,1747,18,0.891,hashtag,2026-05-13T09:49:19Z
1256,1748,62,0.923,visual,2026-05-13T09:49:19Z
1257,1750,55,0.946,direct,2026-05-13T09:49:19Z
1258,1751,27,0.736,semantic,2026-05-13T09:49:19Z
1259,1752,64,0.728,hashtag,2026-05-13T09:49:19Z
1260,1753,65,0.771,visual,2026-05-13T09:49:19Z
1261,1759,30,0.828,inferred,2026-05-13T09:49:19Z
1262,1760,4,0.739,direct,2026-05-13T09:49:19Z
1263,1762,60,0.713,hashtag,2026-05-13T09:49:19Z
1264,1764,60,0.906,inferred,2026-05-13T09:49:19Z
1265,1765,29,0.887,direct,2026-05-13T09:49:19Z
1266,1766,66,0.76,semantic,2026-05-13T09:49:19Z
1267,1767,37,0.914,hashtag,2026-05-13T09:49:19Z
1268,1768,73,0.79,visual,2026-05-13T09:49:19Z
1269,1770,10,0.705,direct,2026-05-13T09:49:19Z
1270,1772,1,0.718,hashtag,2026-05-13T09:49:19Z
1271,1773,69,0.735,visual,2026-05-13T09:49:19Z
1272,1774,39,0.876,inferred,2026-05-13T09:49:19Z
1273,1775,25,0.98,direct,2026-05-13T09:49:19Z
1274,1777,14,0.817,hashtag,2026-05-13T09:49:19Z
1275,1778,36,0.738,visual,2026-05-13T09:49:19Z
1276,1779,42,0.792,inferred,2026-05-13T09:49:19Z
1277,1780,39,0.838,direct,2026-05-13T09:49:19Z
1278,1781,75,0.995,semantic,2026-05-13T09:49:19Z
1279,1782,63,0.792,hashtag,2026-05-13T09:49:19Z
1280,1783,63,0.968,visual,2026-05-13T09:49:19Z
1281,1785,34,0.834,direct,2026-05-13T09:49:19Z
1282,1787,69,0.738,hashtag,2026-05-13T09:49:19Z
1283,1788,10,0.955,visual,2026-05-13T09:49:19Z
1284,1789,65,0.818,inferred,2026-05-13T09:49:19Z
1285,1791,19,0.736,semantic,2026-05-13T09:49:19Z
1286,1792,29,0.764,hashtag,2026-05-13T09:49:19Z
1287,1793,67,0.954,visual,2026-05-13T09:49:19Z
1288,1794,46,0.732,inferred,2026-05-13T09:49:19Z
1289,1795,66,0.848,direct,2026-05-13T09:49:19Z
1290,1796,15,0.718,semantic,2026-05-13T09:49:19Z
1291,1797,16,0.851,hashtag,2026-05-13T09:49:19Z
1292,1799,47,0.75,inferred,2026-05-13T09:49:19Z
1293,1800,50,0.802,direct,2026-05-13T09:49:19Z
1294,1801,74,0.723,semantic,2026-05-13T09:49:19Z
1295,1803,44,0.73,visual,2026-05-13T09:49:19Z
1296,1804,26,0.726,inferred,2026-05-13T09:49:19Z
1297,1805,10,0.941,direct,2026-05-13T09:49:19Z
1298,1806,16,0.901,semantic,2026-05-13T09:49:19Z
1299,1807,60,0.914,hashtag,2026-05-13T09:49:19Z
1300,1808,63,0.925,visual,2026-05-13T09:49:19Z
1301,1810,25,0.906,direct,2026-05-13T09:49:19Z
1302,1811,67,0.751,semantic,2026-05-13T09:49:19Z
1303,1812,11,0.839,hashtag,2026-05-13T09:49:19Z
1304,1814,9,0.819,inferred,2026-05-13T09:49:19Z
1305,1815,21,0.974,direct,2026-05-13T09:49:19Z
1306,1819,71,0.786,inferred,2026-05-13T09:49:19Z
1307,1820,69,0.764,direct,2026-05-13T09:49:19Z
1308,1821,50,0.863,semantic,2026-05-13T09:49:19Z
1309,1822,54,0.896,hashtag,2026-05-13T09:49:19Z
1310,1824,56,0.924,inferred,2026-05-13T09:49:19Z
1311,1826,33,0.874,semantic,2026-05-13T09:49:19Z
1312,1828,3,0.714,visual,2026-05-13T09:49:19Z
1313,1829,37,0.973,inferred,2026-05-13T09:49:19Z
1314,1831,25,0.766,semantic,2026-05-13T09:49:19Z
1315,1832,55,0.873,hashtag,2026-05-13T09:49:19Z
1316,1833,71,0.773,visual,2026-05-13T09:49:19Z
1317,1834,67,0.935,inferred,2026-05-13T09:49:19Z
1318,1835,19,0.88,direct,2026-05-13T09:49:19Z
1319,1836,57,0.79,semantic,2026-05-13T09:49:19Z
1320,1839,50,0.804,inferred,2026-05-13T09:49:19Z
1321,1840,5,0.732,direct,2026-05-13T09:49:19Z
1322,1842,6,0.958,hashtag,2026-05-13T09:49:19Z
1323,1843,41,0.76,visual,2026-05-13T09:49:19Z
1324,1844,59,0.887,inferred,2026-05-13T09:49:19Z
1325,1846,79,0.986,semantic,2026-05-13T09:49:19Z
1326,1847,45,0.727,hashtag,2026-05-13T09:49:19Z
1327,1848,1,0.848,visual,2026-05-13T09:49:19Z
1328,1849,8,0.818,inferred,2026-05-13T09:49:19Z
1329,1850,51,0.704,direct,2026-05-13T09:49:19Z
1330,1851,5,0.868,semantic,2026-05-13T09:49:19Z
1331,1852,36,0.823,hashtag,2026-05-13T09:49:19Z
1332,1853,10,0.905,visual,2026-05-13T09:49:19Z
1333,1854,13,0.793,inferred,2026-05-13T09:49:19Z
1334,1855,14,0.959,direct,2026-05-13T09:49:19Z
1335,1856,1,0.736,semantic,2026-05-13T09:49:19Z
1336,1857,47,0.948,hashtag,2026-05-13T09:49:19Z
1337,1859,64,0.724,inferred,2026-05-13T09:49:19Z
1338,1860,63,0.946,direct,2026-05-13T09:49:19Z
1339,1861,8,0.803,semantic,2026-05-13T09:49:19Z
1340,1863,66,0.933,visual,2026-05-13T09:49:19Z
1341,1864,67,0.975,inferred,2026-05-13T09:49:19Z
1342,1865,61,0.904,direct,2026-05-13T09:49:19Z
1343,1866,58,0.954,semantic,2026-05-13T09:49:19Z
1344,1867,40,0.823,hashtag,2026-05-13T09:49:19Z
1345,1869,67,0.885,inferred,2026-05-13T09:49:19Z
1346,1871,58,0.733,semantic,2026-05-13T09:49:19Z
1347,1872,36,0.891,hashtag,2026-05-13T09:49:19Z
1348,1873,58,0.881,visual,2026-05-13T09:49:19Z
1349,1874,47,0.847,inferred,2026-05-13T09:49:19Z
1350,1877,60,0.909,hashtag,2026-05-13T09:49:19Z
1351,1878,70,0.707,visual,2026-05-13T09:49:19Z
1352,1879,29,0.967,inferred,2026-05-13T09:49:19Z
1353,1880,73,0.848,direct,2026-05-13T09:49:19Z
1354,1881,76,0.919,semantic,2026-05-13T09:49:19Z
1355,1882,14,0.915,hashtag,2026-05-13T09:49:19Z
1356,1883,74,0.926,visual,2026-05-13T09:49:19Z
1357,1884,53,0.773,inferred,2026-05-13T09:49:19Z
1358,1885,45,0.757,direct,2026-05-13T09:49:19Z
1359,1886,58,0.934,semantic,2026-05-13T09:49:19Z
1360,1889,3,0.775,inferred,2026-05-13T09:49:19Z
1361,1890,18,0.969,direct,2026-05-13T09:49:19Z
1362,1893,56,0.889,visual,2026-05-13T09:49:19Z
1363,1894,62,0.868,inferred,2026-05-13T09:49:19Z
1364,1896,69,0.71,semantic,2026-05-13T09:49:19Z
1365,1897,61,0.84,hashtag,2026-05-13T09:49:19Z
1366,1898,45,0.926,visual,2026-05-13T09:49:19Z
1367,1899,37,0.923,inferred,2026-05-13T09:49:19Z
1368,1901,4,0.735,semantic,2026-05-13T09:49:19Z
1369,1902,77,0.915,hashtag,2026-05-13T09:49:19Z
1370,1904,65,0.812,inferred,2026-05-13T09:49:19Z
1371,1906,77,0.734,semantic,2026-05-13T09:49:19Z
1372,1908,45,0.991,visual,2026-05-13T09:49:19Z
1373,1909,79,0.856,inferred,2026-05-13T09:49:19Z
1374,1910,71,0.839,direct,2026-05-13T09:49:19Z
1375,1913,43,0.784,visual,2026-05-13T09:49:19Z
1376,1914,14,0.954,inferred,2026-05-13T09:49:19Z
1377,1916,20,0.799,semantic,2026-05-13T09:49:19Z
1378,1917,48,0.883,hashtag,2026-05-13T09:49:19Z
1379,1918,43,0.716,visual,2026-05-13T09:49:19Z
1380,1920,26,0.968,direct,2026-05-13T09:49:19Z
1381,1921,77,0.844,semantic,2026-05-13T09:49:19Z
1382,1922,54,0.984,hashtag,2026-05-13T09:49:19Z
1383,1923,56,0.964,visual,2026-05-13T09:49:19Z
1384,1924,65,0.753,inferred,2026-05-13T09:49:19Z
1385,1925,57,0.807,direct,2026-05-13T09:49:19Z
1386,1926,6,0.709,semantic,2026-05-13T09:49:19Z
1387,1927,43,0.856,hashtag,2026-05-13T09:49:19Z
1388,1929,36,0.738,inferred,2026-05-13T09:49:19Z
1389,1930,23,0.816,direct,2026-05-13T09:49:19Z
1390,1933,38,0.7,visual,2026-05-13T09:49:19Z
1391,1934,49,0.898,inferred,2026-05-13T09:49:19Z
1392,1935,59,0.813,direct,2026-05-13T09:49:19Z
1393,1937,35,0.777,hashtag,2026-05-13T09:49:19Z
1394,1939,78,0.783,inferred,2026-05-13T09:49:19Z
1395,1941,44,0.743,semantic,2026-05-13T09:49:19Z
1396,1944,7,0.926,inferred,2026-05-13T09:49:19Z
1397,1945,26,0.701,direct,2026-05-13T09:49:19Z
1398,1946,35,0.852,semantic,2026-05-13T09:49:19Z
1399,1947,14,0.815,hashtag,2026-05-13T09:49:19Z
1400,1948,8,0.986,visual,2026-05-13T09:49:19Z
1401,1950,11,0.732,direct,2026-05-13T09:49:19Z
1402,1953,46,0.983,visual,2026-05-13T09:49:19Z
1403,1954,73,0.953,inferred,2026-05-13T09:49:19Z
1404,1955,19,0.762,direct,2026-05-13T09:49:19Z
1405,1956,67,0.796,semantic,2026-05-13T09:49:19Z
1406,1957,58,0.75,hashtag,2026-05-13T09:49:19Z
1407,1958,44,0.756,visual,2026-05-13T09:49:19Z
1408,1960,58,0.788,direct,2026-05-13T09:49:19Z
1409,1961,42,0.972,semantic,2026-05-13T09:49:19Z
1410,1964,29,0.991,inferred,2026-05-13T09:49:19Z
1411,1967,66,0.903,hashtag,2026-05-13T09:49:19Z
1412,1968,1,0.839,visual,2026-05-13T09:49:19Z
1413,1969,9,0.729,inferred,2026-05-13T09:49:19Z
1414,1970,15,0.992,direct,2026-05-13T09:49:19Z
1415,1971,1,0.957,semantic,2026-05-13T09:49:19Z
1416,1972,31,0.855,hashtag,2026-05-13T09:49:19Z
1417,1973,18,0.797,visual,2026-05-13T09:49:19Z
1418,1974,61,0.821,inferred,2026-05-13T09:49:19Z
1419,1976,40,0.819,semantic,2026-05-13T09:49:19Z
1420,1977,29,0.987,hashtag,2026-05-13T09:49:19Z
1421,1978,56,0.725,visual,2026-05-13T09:49:19Z
1422,1979,9,0.948,inferred,2026-05-13T09:49:19Z
1423,1980,23,0.836,direct,2026-05-13T09:49:19Z
1424,1981,30,0.885,semantic,2026-05-13T09:49:19Z
1425,1982,22,0.732,hashtag,2026-05-13T09:49:19Z
1426,1985,60,0.863,direct,2026-05-13T09:49:19Z
1427,1986,74,0.816,semantic,2026-05-13T09:49:19Z
1428,1988,63,0.983,visual,2026-05-13T09:49:19Z
1429,1989,50,0.956,inferred,2026-05-13T09:49:19Z
1430,1990,4,0.748,direct,2026-05-13T09:49:19Z
1431,1991,52,0.815,semantic,2026-05-13T09:49:19Z
1432,1992,37,0.847,hashtag,2026-05-13T09:49:19Z
1433,1999,18,0.727,inferred,2026-05-13T09:49:19Z
1434,2000,70,0.703,direct,2026-05-13T09:49:19Z
1435,2001,42,0.955,semantic,2026-05-13T09:49:19Z
1436,2003,36,0.781,visual,2026-05-13T09:49:19Z
1437,2004,25,0.806,inferred,2026-05-13T09:49:19Z
1438,2007,32,0.704,hashtag,2026-05-13T09:49:19Z
1439,2008,36,0.764,visual,2026-05-13T09:49:19Z
1440,2009,9,0.925,inferred,2026-05-13T09:49:19Z
1441,2010,14,0.795,direct,2026-05-13T09:49:19Z
1442,2011,79,0.767,semantic,2026-05-13T09:49:19Z
1443,2012,46,0.943,hashtag,2026-05-13T09:49:19Z
1444,2013,6,0.761,visual,2026-05-13T09:49:19Z
1445,2015,65,0.758,direct,2026-05-13T09:49:19Z
1446,2016,21,0.956,semantic,2026-05-13T09:49:19Z
1447,2019,17,0.741,inferred,2026-05-13T09:49:19Z
1448,2020,7,0.774,direct,2026-05-13T09:49:19Z
1449,2022,34,0.941,hashtag,2026-05-13T09:49:19Z
1450,2023,6,0.802,visual,2026-05-13T09:49:19Z
1451,2025,38,0.915,direct,2026-05-13T09:49:19Z
1452,2028,76,0.802,visual,2026-05-13T09:49:19Z
1453,2029,34,0.94,inferred,2026-05-13T09:49:19Z
1454,2030,71,0.864,direct,2026-05-13T09:49:19Z
1455,2032,21,0.772,hashtag,2026-05-13T09:49:19Z
1456,2034,45,0.806,inferred,2026-05-13T09:49:19Z
1457,2035,66,0.988,direct,2026-05-13T09:49:19Z
1458,2036,31,0.88,semantic,2026-05-13T09:49:19Z
1459,2037,30,0.951,hashtag,2026-05-13T09:49:19Z
1460,2038,2,0.725,visual,2026-05-13T09:49:19Z
1461,2040,15,0.793,direct,2026-05-13T09:49:19Z
1462,2042,36,0.805,hashtag,2026-05-13T09:49:19Z
1463,2043,58,0.859,visual,2026-05-13T09:49:19Z
1464,2044,67,0.787,inferred,2026-05-13T09:49:19Z
1465,2045,67,0.994,direct,2026-05-13T09:49:19Z
1466,2046,50,0.951,semantic,2026-05-13T09:49:19Z
1467,2047,12,0.862,hashtag,2026-05-13T09:49:19Z
1468,2048,6,0.999,visual,2026-05-13T09:49:19Z
1469,2050,19,0.972,direct,2026-05-13T09:49:19Z
1470,2051,44,0.792,semantic,2026-05-13T09:49:19Z
1471,2054,16,0.879,inferred,2026-05-13T09:49:19Z
1472,2055,49,0.788,direct,2026-05-13T09:49:19Z
1473,2057,23,0.82,hashtag,2026-05-13T09:49:19Z
1474,2058,35,0.894,visual,2026-05-13T09:49:19Z
1475,2059,7,0.837,inferred,2026-05-13T09:49:19Z
1476,2060,49,0.753,direct,2026-05-13T09:49:19Z
1477,2061,5,0.998,semantic,2026-05-13T09:49:19Z
1478,2063,30,0.841,visual,2026-05-13T09:49:19Z
1479,2066,51,0.79,semantic,2026-05-13T09:49:19Z
1480,2067,10,0.952,hashtag,2026-05-13T09:49:19Z
1481,2068,68,0.99,visual,2026-05-13T09:49:19Z
1482,2069,57,0.968,inferred,2026-05-13T09:49:19Z
1483,2071,41,0.987,semantic,2026-05-13T09:49:19Z
1484,2072,25,0.998,hashtag,2026-05-13T09:49:19Z
1485,2074,9,0.951,inferred,2026-05-13T09:49:19Z
1486,2076,41,0.789,semantic,2026-05-13T09:49:19Z
1487,2077,9,0.944,hashtag,2026-05-13T09:49:19Z
1488,2079,52,0.736,inferred,2026-05-13T09:49:19Z
1489,2081,22,0.929,semantic,2026-05-13T09:49:19Z
1490,2082,8,0.747,hashtag,2026-05-13T09:49:19Z
1491,2083,21,0.862,visual,2026-05-13T09:49:19Z
1492,2084,7,0.844,inferred,2026-05-13T09:49:19Z
1493,2085,2,0.952,direct,2026-05-13T09:49:19Z
1494,2087,33,0.985,hashtag,2026-05-13T09:49:19Z
1495,2088,2,0.924,visual,2026-05-13T09:49:19Z
1496,2089,50,0.943,inferred,2026-05-13T09:49:19Z
1497,2090,34,0.94,direct,2026-05-13T09:49:19Z
1498,2091,45,0.929,semantic,2026-05-13T09:49:19Z
1499,2092,22,0.806,hashtag,2026-05-13T09:49:19Z
1500,2093,54,0.88,visual,2026-05-13T09:49:19Z
1501,2095,13,0.864,direct,2026-05-13T09:49:19Z
1502,2096,16,0.859,semantic,2026-05-13T09:49:19Z
1503,2097,4,0.997,hashtag,2026-05-13T09:49:19Z
1504,2098,24,0.72,visual,2026-05-13T09:49:19Z
1505,2100,64,0.972,direct,2026-05-13T09:49:19Z
1506,2103,36,0.793,visual,2026-05-13T09:49:19Z
1507,2106,36,0.722,semantic,2026-05-13T09:49:19Z
1508,2107,54,0.941,hashtag,2026-05-13T09:49:19Z
1509,2108,32,0.985,visual,2026-05-13T09:49:19Z
1510,2110,62,0.76,direct,2026-05-13T09:49:19Z
1511,2111,62,0.813,semantic,2026-05-13T09:49:19Z
1512,2112,51,0.829,hashtag,2026-05-13T09:49:19Z
1513,2113,68,0.768,visual,2026-05-13T09:49:19Z
1514,2115,13,0.864,direct,2026-05-13T09:49:19Z
1515,2116,9,0.822,semantic,2026-05-13T09:49:19Z
1516,2117,65,0.903,hashtag,2026-05-13T09:49:19Z
1517,2118,3,0.877,visual,2026-05-13T09:49:19Z
1518,2119,70,0.877,inferred,2026-05-13T09:49:19Z
1519,2120,62,0.812,direct,2026-05-13T09:49:19Z
1520,2121,76,0.789,semantic,2026-05-13T09:49:19Z
1521,2122,60,0.982,hashtag,2026-05-13T09:49:19Z
1522,2123,33,0.816,visual,2026-05-13T09:49:19Z
1523,2124,78,0.823,inferred,2026-05-13T09:49:19Z
1524,2125,52,0.952,direct,2026-05-13T09:49:19Z
1525,2126,21,0.994,semantic,2026-05-13T09:49:19Z
1526,2127,75,0.933,hashtag,2026-05-13T09:49:19Z
1527,2128,70,0.741,visual,2026-05-13T09:49:19Z
1528,2129,19,0.815,inferred,2026-05-13T09:49:19Z
1529,2130,47,0.887,direct,2026-05-13T09:49:19Z
1530,2132,48,0.89,hashtag,2026-05-13T09:49:19Z
1531,2133,42,0.92,visual,2026-05-13T09:49:19Z
1532,2135,38,0.759,direct,2026-05-13T09:49:19Z
1533,2137,61,0.899,hashtag,2026-05-13T09:49:19Z
1534,2138,53,0.968,visual,2026-05-13T09:49:19Z
1535,2139,48,0.82,inferred,2026-05-13T09:49:19Z
1536,2143,40,0.922,visual,2026-05-13T09:49:19Z
1537,2144,63,0.941,inferred,2026-05-13T09:49:19Z
1538,2145,74,0.986,direct,2026-05-13T09:49:19Z
1539,2146,33,0.957,semantic,2026-05-13T09:49:19Z
1540,2148,41,0.864,visual,2026-05-13T09:49:19Z
1541,2150,41,0.896,direct,2026-05-13T09:49:19Z
1542,2151,64,0.959,semantic,2026-05-13T09:49:19Z
1543,2153,6,0.711,visual,2026-05-13T09:49:19Z
1544,2155,18,0.931,direct,2026-05-13T09:49:19Z
1545,2157,43,0.983,hashtag,2026-05-13T09:49:19Z
1546,2158,5,0.962,visual,2026-05-13T09:49:19Z
1547,2159,31,0.99,inferred,2026-05-13T09:49:19Z
1548,2160,55,0.767,direct,2026-05-13T09:49:19Z
1549,2163,15,0.771,visual,2026-05-13T09:49:19Z
1550,2164,12,0.873,inferred,2026-05-13T09:49:19Z
1551,2166,73,0.942,semantic,2026-05-13T09:49:19Z
1552,2169,52,0.855,inferred,2026-05-13T09:49:19Z
1553,2170,26,0.883,direct,2026-05-13T09:49:19Z
1554,2171,23,0.824,semantic,2026-05-13T09:49:19Z
1555,2172,52,0.933,hashtag,2026-05-13T09:49:19Z
1556,2174,27,0.76,inferred,2026-05-13T09:49:19Z
1557,2175,30,0.936,direct,2026-05-13T09:49:19Z
1558,2177,67,0.715,hashtag,2026-05-13T09:49:19Z
1559,2179,35,0.971,inferred,2026-05-13T09:49:19Z
1560,2180,50,0.772,direct,2026-05-13T09:49:19Z
1561,2188,57,0.819,visual,2026-05-13T09:49:19Z
1562,2189,51,0.77,inferred,2026-05-13T09:49:19Z
1563,2190,45,0.838,direct,2026-05-13T09:49:19Z
1564,2191,35,0.869,semantic,2026-05-13T09:49:19Z
1565,2192,29,0.774,hashtag,2026-05-13T09:49:19Z
1566,2193,47,0.798,visual,2026-05-13T09:49:19Z
1567,2196,46,0.96,semantic,2026-05-13T09:49:19Z
1568,2199,10,0.991,inferred,2026-05-13T09:49:19Z
1569,2200,12,0.889,direct,2026-05-13T09:49:19Z
1570,2201,57,0.741,semantic,2026-05-13T09:49:19Z
1571,2204,40,0.896,inferred,2026-05-13T09:49:19Z
1572,2205,59,0.972,direct,2026-05-13T09:49:19Z
1573,2208,28,0.801,visual,2026-05-13T09:49:19Z
1574,2209,1,0.764,inferred,2026-05-13T09:49:19Z
1575,2211,79,0.834,semantic,2026-05-13T09:49:19Z
1576,2212,4,0.703,hashtag,2026-05-13T09:49:19Z
1577,2213,27,0.901,visual,2026-05-13T09:49:19Z
1578,2214,65,0.996,inferred,2026-05-13T09:49:19Z
1579,2215,67,0.815,direct,2026-05-13T09:49:19Z
1580,2216,62,0.911,semantic,2026-05-13T09:49:19Z
1581,2217,10,0.921,hashtag,2026-05-13T09:49:19Z
1582,2219,75,0.898,inferred,2026-05-13T09:49:19Z
1583,2220,39,0.873,direct,2026-05-13T09:49:19Z
1584,2221,18,0.89,semantic,2026-05-13T09:49:19Z
1585,2222,40,0.789,hashtag,2026-05-13T09:49:19Z
1586,2223,22,0.896,visual,2026-05-13T09:49:19Z
1587,2226,12,0.767,semantic,2026-05-13T09:49:19Z
1588,2227,14,0.725,hashtag,2026-05-13T09:49:19Z
1589,2231,7,0.834,semantic,2026-05-13T09:49:19Z
1590,2232,33,0.951,hashtag,2026-05-13T09:49:19Z
1591,2233,67,0.827,visual,2026-05-13T09:49:19Z
1592,2234,46,0.89,inferred,2026-05-13T09:49:19Z
1593,2237,70,0.828,hashtag,2026-05-13T09:49:19Z
1594,2239,61,0.994,inferred,2026-05-13T09:49:19Z
1595,2240,32,0.719,direct,2026-05-13T09:49:19Z
1596,2241,72,0.975,semantic,2026-05-13T09:49:19Z
1597,2242,58,0.949,hashtag,2026-05-13T09:49:19Z
1598,2243,22,0.778,visual,2026-05-13T09:49:19Z
1599,2244,71,0.758,inferred,2026-05-13T09:49:19Z
1600,2245,76,0.91,direct,2026-05-13T09:49:19Z
1601,2246,19,0.702,semantic,2026-05-13T09:49:19Z
1602,2247,21,0.731,hashtag,2026-05-13T09:49:19Z
1603,2248,26,0.78,visual,2026-05-13T09:49:19Z
1604,2251,15,0.933,semantic,2026-05-13T09:49:19Z
1605,2252,25,0.855,hashtag,2026-05-13T09:49:19Z
1606,2253,15,0.868,visual,2026-05-13T09:49:19Z
1607,2254,69,0.768,inferred,2026-05-13T09:49:19Z
1608,2256,25,0.76,semantic,2026-05-13T09:49:19Z
1609,2257,7,0.721,hashtag,2026-05-13T09:49:19Z
1610,2259,52,0.993,inferred,2026-05-13T09:49:19Z
1611,2260,70,0.992,direct,2026-05-13T09:49:19Z
1612,2261,72,0.775,semantic,2026-05-13T09:49:19Z
1613,2262,52,0.907,hashtag,2026-05-13T09:49:19Z
1614,2263,28,0.725,visual,2026-05-13T09:49:19Z
1615,2264,64,0.703,inferred,2026-05-13T09:49:19Z
1616,2265,76,0.784,direct,2026-05-13T09:49:19Z
1617,2267,45,0.777,hashtag,2026-05-13T09:49:19Z
1618,2268,23,0.715,visual,2026-05-13T09:49:19Z
1619,2269,15,0.918,inferred,2026-05-13T09:49:19Z
1620,2270,65,0.979,direct,2026-05-13T09:49:19Z
1621,2272,61,0.839,hashtag,2026-05-13T09:49:19Z
1622,2273,50,0.789,visual,2026-05-13T09:49:19Z
1623,2274,8,0.896,inferred,2026-05-13T09:49:19Z
1624,2275,59,0.884,direct,2026-05-13T09:49:19Z
1625,2276,78,0.926,semantic,2026-05-13T09:49:19Z
1626,2277,25,0.915,hashtag,2026-05-13T09:49:19Z
1627,2280,41,0.903,direct,2026-05-13T09:49:19Z
1628,2281,51,0.798,semantic,2026-05-13T09:49:19Z
1629,2283,27,0.937,visual,2026-05-13T09:49:19Z
1630,2284,64,0.958,inferred,2026-05-13T09:49:19Z
1631,2285,16,0.742,direct,2026-05-13T09:49:19Z
1632,2287,77,0.989,hashtag,2026-05-13T09:49:19Z
1633,2288,54,0.877,visual,2026-05-13T09:49:19Z
1634,2289,29,0.758,inferred,2026-05-13T09:49:19Z
1635,2291,44,0.782,semantic,2026-05-13T09:49:19Z
1636,2292,12,0.955,hashtag,2026-05-13T09:49:19Z
1637,2293,12,0.995,visual,2026-05-13T09:49:19Z
1638,2294,26,0.799,inferred,2026-05-13T09:49:19Z
1639,2295,51,0.749,direct,2026-05-13T09:49:19Z
1640,2296,41,0.914,semantic,2026-05-13T09:49:19Z
1641,2297,28,0.891,hashtag,2026-05-13T09:49:19Z
1642,2298,47,0.84,visual,2026-05-13T09:49:19Z
1643,2299,18,0.714,inferred,2026-05-13T09:49:19Z
1644,2300,46,0.744,direct,2026-05-13T09:49:19Z
1645,2301,4,0.915,semantic,2026-05-13T09:49:19Z
1646,2303,76,0.878,visual,2026-05-13T09:49:19Z
1647,2304,70,0.846,inferred,2026-05-13T09:49:19Z
1648,2306,3,0.951,semantic,2026-05-13T09:49:19Z
1649,2309,61,0.717,inferred,2026-05-13T09:49:19Z
1650,2310,59,0.756,direct,2026-05-13T09:49:19Z
1651,2311,30,0.89,semantic,2026-05-13T09:49:19Z
1652,2312,31,0.956,hashtag,2026-05-13T09:49:19Z
1653,2313,14,0.903,visual,2026-05-13T09:49:19Z
1654,2314,39,0.995,inferred,2026-05-13T09:49:19Z
1655,2315,28,0.796,direct,2026-05-13T09:49:19Z
1656,2316,78,0.93,semantic,2026-05-13T09:49:19Z
1657,2317,11,0.869,hashtag,2026-05-13T09:49:19Z
1658,2318,25,0.829,visual,2026-05-13T09:49:19Z
1659,2319,19,0.87,inferred,2026-05-13T09:49:19Z
1660,2320,18,0.788,direct,2026-05-13T09:49:19Z
1661,2321,13,0.833,semantic,2026-05-13T09:49:19Z
1662,2322,65,0.796,hashtag,2026-05-13T09:49:19Z
1663,2323,56,0.862,visual,2026-05-13T09:49:19Z
1664,2324,43,0.781,inferred,2026-05-13T09:49:19Z
1665,2325,69,0.788,direct,2026-05-13T09:49:19Z
1666,2328,24,0.903,visual,2026-05-13T09:49:19Z
1667,2331,33,0.996,semantic,2026-05-13T09:49:19Z
1668,2333,17,0.958,visual,2026-05-13T09:49:19Z
1669,2334,16,0.986,inferred,2026-05-13T09:49:19Z
1670,2336,45,0.938,semantic,2026-05-13T09:49:19Z
1671,2337,4,0.987,hashtag,2026-05-13T09:49:19Z
1672,2340,50,0.913,direct,2026-05-13T09:49:19Z
1673,2341,8,0.915,semantic,2026-05-13T09:49:19Z
1674,2344,74,0.859,inferred,2026-05-13T09:49:19Z
1675,2345,66,0.975,direct,2026-05-13T09:49:19Z
1676,2346,70,0.947,semantic,2026-05-13T09:49:19Z
1677,2347,10,0.799,hashtag,2026-05-13T09:49:19Z
1678,2349,16,0.848,inferred,2026-05-13T09:49:19Z
1679,2350,57,0.995,direct,2026-05-13T09:49:19Z
1680,2351,7,0.755,semantic,2026-05-13T09:49:19Z
1681,2353,36,0.877,visual,2026-05-13T09:49:19Z
1682,2354,37,0.818,inferred,2026-05-13T09:49:19Z
1683,2355,31,0.885,direct,2026-05-13T09:49:19Z
1684,2356,49,0.753,semantic,2026-05-13T09:49:19Z
1685,2357,79,0.899,hashtag,2026-05-13T09:49:19Z
1686,2358,28,0.791,visual,2026-05-13T09:49:19Z
1687,2359,24,0.92,inferred,2026-05-13T09:49:19Z
1688,2360,37,0.775,direct,2026-05-13T09:49:19Z
1689,2363,51,0.812,visual,2026-05-13T09:49:19Z
1690,2365,68,0.828,direct,2026-05-13T09:49:19Z
1691,2366,26,0.827,semantic,2026-05-13T09:49:19Z
1692,2368,27,0.941,visual,2026-05-13T09:49:19Z
1693,2371,57,0.89,semantic,2026-05-13T09:49:19Z
1694,2373,35,0.73,visual,2026-05-13T09:49:19Z
1695,2375,59,0.834,direct,2026-05-13T09:49:19Z
1696,2378,58,0.938,visual,2026-05-13T09:49:19Z
1697,2379,20,0.957,inferred,2026-05-13T09:49:19Z
1698,2381,55,0.74,semantic,2026-05-13T09:49:19Z
1699,2382,19,0.838,hashtag,2026-05-13T09:49:19Z
1700,2385,67,0.869,direct,2026-05-13T09:49:19Z
1701,2386,6,0.976,semantic,2026-05-13T09:49:19Z
1702,2387,25,0.711,hashtag,2026-05-13T09:49:19Z
1703,2388,70,0.779,visual,2026-05-13T09:49:19Z
1704,2389,75,0.824,inferred,2026-05-13T09:49:19Z
1705,2390,73,0.894,direct,2026-05-13T09:49:19Z
1706,2391,41,0.743,semantic,2026-05-13T09:49:19Z
1707,2393,29,0.721,visual,2026-05-13T09:49:19Z
1708,2394,43,0.712,inferred,2026-05-13T09:49:19Z
1709,2395,37,0.947,direct,2026-05-13T09:49:19Z
1710,2396,4,0.982,semantic,2026-05-13T09:49:19Z
1711,2397,48,0.841,hashtag,2026-05-13T09:49:19Z
1712,2399,43,0.959,inferred,2026-05-13T09:49:19Z
1713,2400,11,0.813,direct,2026-05-13T09:49:19Z
1714,2401,50,0.773,semantic,2026-05-13T09:49:19Z
1715,2402,31,0.712,hashtag,2026-05-13T09:49:19Z
1716,2403,71,0.88,visual,2026-05-13T09:49:19Z
1717,2404,71,0.844,inferred,2026-05-13T09:49:19Z
1718,2407,32,0.932,hashtag,2026-05-13T09:49:19Z
1719,2408,12,0.825,visual,2026-05-13T09:49:19Z
1720,2411,54,0.907,semantic,2026-05-13T09:49:19Z
1721,2412,11,0.715,hashtag,2026-05-13T09:49:19Z
1722,2414,38,0.815,inferred,2026-05-13T09:49:19Z
1723,2415,24,0.715,direct,2026-05-13T09:49:19Z
1724,2416,77,0.848,semantic,2026-05-13T09:49:19Z
1725,2419,56,0.75,inferred,2026-05-13T09:49:19Z
1726,2421,48,0.922,semantic,2026-05-13T09:49:19Z
1727,2423,62,0.816,visual,2026-05-13T09:49:19Z
1728,2425,4,0.836,direct,2026-05-13T09:49:19Z
1729,2426,34,0.767,semantic,2026-05-13T09:49:19Z
1730,2427,27,0.859,hashtag,2026-05-13T09:49:19Z
1731,2428,49,0.903,visual,2026-05-13T09:49:19Z
1732,2430,59,0.734,direct,2026-05-13T09:49:19Z
1733,2431,3,0.742,semantic,2026-05-13T09:49:19Z
1734,2432,23,0.941,hashtag,2026-05-13T09:49:19Z
1735,2433,65,0.925,visual,2026-05-13T09:49:19Z
1736,2434,10,0.878,inferred,2026-05-13T09:49:19Z
1737,2435,78,0.941,direct,2026-05-13T09:49:19Z
1738,2436,60,0.733,semantic,2026-05-13T09:49:19Z
1739,2437,70,0.982,hashtag,2026-05-13T09:49:19Z
1740,2439,50,0.968,inferred,2026-05-13T09:49:19Z
1741,2440,60,0.963,direct,2026-05-13T09:49:19Z
1742,2441,26,0.857,semantic,2026-05-13T09:49:19Z
1743,2444,47,0.831,inferred,2026-05-13T09:49:19Z
1744,2445,7,0.989,direct,2026-05-13T09:49:19Z
1745,2446,77,0.926,semantic,2026-05-13T09:49:19Z
1746,2448,64,0.736,visual,2026-05-13T09:49:19Z
1747,2449,77,0.922,inferred,2026-05-13T09:49:19Z
1748,2450,30,0.887,direct,2026-05-13T09:49:19Z
1749,2451,36,0.794,semantic,2026-05-13T09:49:19Z
1750,2452,16,0.734,hashtag,2026-05-13T09:49:19Z
1751,2454,57,0.743,inferred,2026-05-13T09:49:19Z
1752,2455,1,0.908,direct,2026-05-13T09:49:19Z
1753,2457,55,0.701,hashtag,2026-05-13T09:49:19Z
1754,2458,24,0.984,visual,2026-05-13T09:49:19Z
1755,2459,9,0.92,inferred,2026-05-13T09:49:19Z
1756,2460,68,0.871,direct,2026-05-13T09:49:19Z
1757,2461,4,0.823,semantic,2026-05-13T09:49:19Z
1758,2462,30,0.852,hashtag,2026-05-13T09:49:19Z
1759,2463,71,0.817,visual,2026-05-13T09:49:19Z
1760,2464,18,0.706,inferred,2026-05-13T09:49:19Z
1761,2465,54,0.979,direct,2026-05-13T09:49:19Z
1762,2466,40,0.769,semantic,2026-05-13T09:49:19Z
1763,2468,8,0.953,visual,2026-05-13T09:49:19Z
1764,2469,79,0.967,inferred,2026-05-13T09:49:19Z
1765,2470,5,0.836,direct,2026-05-13T09:49:19Z
1766,2471,47,0.783,semantic,2026-05-13T09:49:19Z
1767,2472,38,0.858,hashtag,2026-05-13T09:49:19Z
1768,2473,71,0.803,visual,2026-05-13T09:49:19Z
1769,2475,43,0.739,direct,2026-05-13T09:49:19Z
1770,2476,53,0.837,semantic,2026-05-13T09:49:19Z
1771,2478,51,0.857,visual,2026-05-13T09:49:19Z
1772,2481,36,0.896,semantic,2026-05-13T09:49:19Z
1773,2482,13,0.752,hashtag,2026-05-13T09:49:19Z
1774,2483,56,0.957,visual,2026-05-13T09:49:19Z
1775,2484,73,0.837,inferred,2026-05-13T09:49:19Z
1776,2487,38,0.994,hashtag,2026-05-13T09:49:19Z
1777,2488,1,0.881,visual,2026-05-13T09:49:19Z
1778,2490,7,0.812,direct,2026-05-13T09:49:19Z
1779,2492,7,0.809,hashtag,2026-05-13T09:49:19Z
1780,2493,11,0.797,visual,2026-05-13T09:49:19Z
1781,2495,75,0.957,direct,2026-05-13T09:49:19Z
1782,2496,25,0.948,semantic,2026-05-13T09:49:19Z
1783,2497,5,0.762,hashtag,2026-05-13T09:49:19Z
1784,2498,24,0.843,visual,2026-05-13T09:49:19Z
1785,2499,36,0.85,inferred,2026-05-13T09:49:19Z
1786,2502,17,0.775,hashtag,2026-05-13T09:49:19Z
1787,2503,48,0.972,visual,2026-05-13T09:49:19Z
1788,2504,3,0.879,inferred,2026-05-13T09:49:19Z
1789,2507,58,0.827,hashtag,2026-05-13T09:49:19Z
1790,2509,37,0.808,inferred,2026-05-13T09:49:19Z
1791,2510,61,0.739,direct,2026-05-13T09:49:19Z
1792,2511,62,0.894,semantic,2026-05-13T09:49:19Z
1793,2512,27,0.906,hashtag,2026-05-13T09:49:19Z
1794,2515,12,0.779,direct,2026-05-13T09:49:19Z
1795,2516,14,0.933,semantic,2026-05-13T09:49:19Z
1796,2517,47,0.749,hashtag,2026-05-13T09:49:19Z
1797,2519,27,0.764,inferred,2026-05-13T09:49:19Z
1798,2520,40,0.953,direct,2026-05-13T09:49:19Z
1799,2521,69,0.816,semantic,2026-05-13T09:49:19Z
1800,2522,23,0.969,hashtag,2026-05-13T09:49:19Z
1801,2526,12,0.769,semantic,2026-05-13T09:49:19Z
1802,2527,42,0.928,hashtag,2026-05-13T09:49:19Z
1803,2528,42,0.931,visual,2026-05-13T09:49:19Z
1804,2529,48,0.989,inferred,2026-05-13T09:49:19Z
1805,2530,64,0.742,direct,2026-05-13T09:49:19Z
1806,2531,39,0.894,semantic,2026-05-13T09:49:19Z
1807,2533,46,0.763,visual,2026-05-13T09:49:19Z
1808,2534,30,0.752,inferred,2026-05-13T09:49:19Z
1809,2535,51,0.762,direct,2026-05-13T09:49:19Z
1810,2536,71,0.741,semantic,2026-05-13T09:49:19Z
1811,2537,21,0.858,hashtag,2026-05-13T09:49:19Z
1812,2539,69,0.992,inferred,2026-05-13T09:49:19Z
1813,2540,25,0.922,direct,2026-05-13T09:49:19Z
1814,2541,75,0.729,semantic,2026-05-13T09:49:19Z
1815,2543,62,0.812,visual,2026-05-13T09:49:19Z
1816,2544,11,0.969,inferred,2026-05-13T09:49:19Z
1817,2545,20,0.885,direct,2026-05-13T09:49:19Z
1818,2546,3,0.706,semantic,2026-05-13T09:49:19Z
1819,2547,65,0.763,hashtag,2026-05-13T09:49:19Z
1820,2548,58,0.961,visual,2026-05-13T09:49:19Z
1821,2549,32,0.795,inferred,2026-05-13T09:49:19Z
1822,2550,16,0.706,direct,2026-05-13T09:49:19Z
1823,2552,23,0.705,hashtag,2026-05-13T09:49:19Z
1824,2553,68,0.719,visual,2026-05-13T09:49:19Z
1825,2555,75,0.702,direct,2026-05-13T09:49:19Z
1826,2556,3,0.738,semantic,2026-05-13T09:49:19Z
1827,2557,35,0.753,hashtag,2026-05-13T09:49:19Z
1828,2558,24,0.935,visual,2026-05-13T09:49:19Z
1829,2559,8,0.899,inferred,2026-05-13T09:49:19Z
1830,2560,2,0.845,direct,2026-05-13T09:49:19Z
1831,2561,44,0.765,semantic,2026-05-13T09:49:19Z
1832,2562,4,0.813,hashtag,2026-05-13T09:49:19Z
1833,2564,1,0.966,inferred,2026-05-13T09:49:19Z
1834,2565,41,0.958,direct,2026-05-13T09:49:19Z
1835,2567,27,0.953,hashtag,2026-05-13T09:49:19Z
1836,2568,52,0.793,visual,2026-05-13T09:49:19Z
1837,2569,27,0.846,inferred,2026-05-13T09:49:19Z
1838,2571,46,0.709,semantic,2026-05-13T09:49:19Z
1839,2572,9,0.93,hashtag,2026-05-13T09:49:19Z
1840,2573,9,0.81,visual,2026-05-13T09:49:19Z
1841,2574,38,0.876,inferred,2026-05-13T09:49:19Z
1842,2575,8,0.892,direct,2026-05-13T09:49:19Z
1843,2576,7,0.908,semantic,2026-05-13T09:49:19Z
1844,2577,1,0.835,hashtag,2026-05-13T09:49:19Z
1845,2579,49,0.921,inferred,2026-05-13T09:49:19Z
1846,2580,29,0.95,direct,2026-05-13T09:49:19Z
1847,2581,74,0.703,semantic,2026-05-13T09:49:19Z
1848,2582,14,0.99,hashtag,2026-05-13T09:49:19Z
1849,2583,78,0.812,visual,2026-05-13T09:49:19Z
1850,2587,8,0.792,hashtag,2026-05-13T09:49:19Z
1851,2588,31,0.934,visual,2026-05-13T09:49:19Z
1852,2589,23,0.847,inferred,2026-05-13T09:49:19Z
1853,2590,33,0.814,direct,2026-05-13T09:49:19Z
1854,2591,6,0.741,semantic,2026-05-13T09:49:19Z
1855,2592,29,0.751,hashtag,2026-05-13T09:49:19Z
1856,2596,36,0.792,semantic,2026-05-13T09:49:19Z
1857,2597,32,0.709,hashtag,2026-05-13T09:49:19Z
1858,2598,54,0.796,visual,2026-05-13T09:49:19Z
1859,2599,27,0.816,inferred,2026-05-13T09:49:19Z
1860,2600,31,0.751,direct,2026-05-13T09:49:19Z
1861,2601,9,0.737,semantic,2026-05-13T09:49:19Z
1862,2602,75,0.922,hashtag,2026-05-13T09:49:19Z
1863,2603,18,0.922,visual,2026-05-13T09:49:19Z
1864,2604,30,0.817,inferred,2026-05-13T09:49:19Z
1865,2606,64,0.736,semantic,2026-05-13T09:49:19Z
1866,2607,37,0.968,hashtag,2026-05-13T09:49:19Z
1867,2609,31,0.723,inferred,2026-05-13T09:49:19Z
1868,2610,51,0.783,direct,2026-05-13T09:49:19Z
1869,2611,46,0.729,semantic,2026-05-13T09:49:19Z
1870,2612,22,0.94,hashtag,2026-05-13T09:49:19Z
1871,2613,41,0.776,visual,2026-05-13T09:49:19Z
1872,2615,21,0.93,direct,2026-05-13T09:49:19Z
1873,2618,2,0.958,visual,2026-05-13T09:49:19Z
1874,2619,16,0.803,inferred,2026-05-13T09:49:19Z
1875,2620,46,0.934,direct,2026-05-13T09:49:19Z
1876,2621,9,0.711,semantic,2026-05-13T09:49:19Z
1877,2622,51,0.794,hashtag,2026-05-13T09:49:19Z
1878,2623,43,0.782,visual,2026-05-13T09:49:19Z
1879,2624,42,0.754,inferred,2026-05-13T09:49:19Z
1880,2625,9,0.849,direct,2026-05-13T09:49:19Z
1881,2627,60,0.788,hashtag,2026-05-13T09:49:19Z
1882,2629,38,0.797,inferred,2026-05-13T09:49:19Z
1883,2630,53,0.792,direct,2026-05-13T09:49:19Z
1884,2631,9,0.946,semantic,2026-05-13T09:49:19Z
1885,2632,49,0.949,hashtag,2026-05-13T09:49:19Z
1886,2633,18,0.727,visual,2026-05-13T09:49:19Z
1887,2634,13,0.898,inferred,2026-05-13T09:49:19Z
1888,2636,6,0.753,semantic,2026-05-13T09:49:19Z
1889,2637,1,0.938,hashtag,2026-05-13T09:49:19Z
1890,2639,52,0.944,inferred,2026-05-13T09:49:19Z
1891,2642,47,0.718,hashtag,2026-05-13T09:49:19Z
1892,2644,18,0.864,inferred,2026-05-13T09:49:19Z
1893,2645,23,0.932,direct,2026-05-13T09:49:19Z
1894,2648,44,0.752,visual,2026-05-13T09:49:19Z
1895,2649,23,0.703,inferred,2026-05-13T09:49:19Z
1896,2650,58,0.864,direct,2026-05-13T09:49:19Z
1897,2651,55,0.751,semantic,2026-05-13T09:49:19Z
1898,2652,60,0.992,hashtag,2026-05-13T09:49:19Z
1899,2655,3,0.749,direct,2026-05-13T09:49:19Z
1900,2656,72,0.9,semantic,2026-05-13T09:49:19Z
1901,2657,71,0.744,hashtag,2026-05-13T09:49:19Z
1902,2658,5,0.935,visual,2026-05-13T09:49:19Z
1903,2659,45,0.928,inferred,2026-05-13T09:49:19Z
1904,2660,76,0.757,direct,2026-05-13T09:49:19Z
1905,2662,5,0.958,hashtag,2026-05-13T09:49:19Z
1906,2663,10,0.711,visual,2026-05-13T09:49:19Z
1907,2664,28,0.708,inferred,2026-05-13T09:49:19Z
1908,2665,28,0.896,direct,2026-05-13T09:49:19Z
1909,2666,68,0.909,semantic,2026-05-13T09:49:19Z
1910,2667,59,0.89,hashtag,2026-05-13T09:49:19Z
1911,2668,7,0.857,visual,2026-05-13T09:49:19Z
1912,2669,57,0.78,inferred,2026-05-13T09:49:19Z
1913,2670,32,0.741,direct,2026-05-13T09:49:19Z
1914,2673,46,0.964,visual,2026-05-13T09:49:19Z
1915,2674,51,0.928,inferred,2026-05-13T09:49:19Z
1916,2676,7,0.723,semantic,2026-05-13T09:49:19Z
1917,2677,2,0.845,hashtag,2026-05-13T09:49:19Z
1918,2678,16,0.861,visual,2026-05-13T09:49:19Z
1919,2679,10,0.883,inferred,2026-05-13T09:49:19Z
1920,2680,14,0.958,direct,2026-05-13T09:49:19Z
1921,2682,73,0.926,hashtag,2026-05-13T09:49:19Z
1922,2683,1,0.865,visual,2026-05-13T09:49:19Z
1923,2684,77,0.97,inferred,2026-05-13T09:49:19Z
1924,2685,32,0.938,direct,2026-05-13T09:49:19Z
1925,2687,53,0.999,hashtag,2026-05-13T09:49:19Z
1926,2688,1,0.74,visual,2026-05-13T09:49:19Z
1927,2689,79,0.985,inferred,2026-05-13T09:49:19Z
1928,2692,75,0.735,hashtag,2026-05-13T09:49:19Z
1929,2693,60,0.845,visual,2026-05-13T09:49:19Z
1930,2694,72,0.943,inferred,2026-05-13T09:49:19Z
1931,2695,49,0.952,direct,2026-05-13T09:49:19Z
1932,2696,10,0.837,semantic,2026-05-13T09:49:19Z
1933,2700,55,0.757,direct,2026-05-13T09:49:19Z
1934,2701,74,0.774,semantic,2026-05-13T09:49:19Z
1935,2703,12,0.944,visual,2026-05-13T09:49:19Z
1936,2704,16,0.845,inferred,2026-05-13T09:49:19Z
1937,2705,29,0.99,direct,2026-05-13T09:49:19Z
1938,2710,23,0.869,direct,2026-05-13T09:49:19Z
1939,2711,16,0.939,semantic,2026-05-13T09:49:19Z
1940,2712,48,0.764,hashtag,2026-05-13T09:49:19Z
1941,2713,56,0.848,visual,2026-05-13T09:49:19Z
1942,2714,16,0.875,inferred,2026-05-13T09:49:19Z
1943,2715,44,0.798,direct,2026-05-13T09:49:19Z
1944,2717,27,0.732,hashtag,2026-05-13T09:49:19Z
1945,2719,70,0.739,inferred,2026-05-13T09:49:19Z
1946,2720,44,0.995,direct,2026-05-13T09:49:19Z
1947,2721,23,0.709,semantic,2026-05-13T09:49:19Z
1948,2722,77,0.961,hashtag,2026-05-13T09:49:19Z
1949,2723,23,0.974,visual,2026-05-13T09:49:19Z
1950,2724,62,0.915,inferred,2026-05-13T09:49:19Z
1951,2725,7,0.776,direct,2026-05-13T09:49:19Z
1952,2726,21,0.859,semantic,2026-05-13T09:49:19Z
1953,2727,41,0.921,hashtag,2026-05-13T09:49:19Z
1954,2729,64,0.887,inferred,2026-05-13T09:49:19Z
1955,2730,29,0.828,direct,2026-05-13T09:49:19Z
1956,2733,78,0.763,visual,2026-05-13T09:49:19Z
1957,2735,28,0.907,direct,2026-05-13T09:49:19Z
1958,2736,20,0.897,semantic,2026-05-13T09:49:19Z
1959,2737,66,0.722,hashtag,2026-05-13T09:49:19Z
1960,2738,79,0.983,visual,2026-05-13T09:49:19Z
1961,2739,13,0.733,inferred,2026-05-13T09:49:19Z
1962,2740,39,0.708,direct,2026-05-13T09:49:19Z
1963,2743,69,0.935,visual,2026-05-13T09:49:19Z
1964,2744,15,0.895,inferred,2026-05-13T09:49:19Z
1965,2746,59,0.891,semantic,2026-05-13T09:49:19Z
1966,2747,65,0.998,hashtag,2026-05-13T09:49:19Z
1967,2748,32,0.92,visual,2026-05-13T09:49:19Z
1968,2749,53,0.909,inferred,2026-05-13T09:49:19Z
1969,2750,38,0.853,direct,2026-05-13T09:49:19Z
1970,2751,3,0.978,semantic,2026-05-13T09:49:19Z
1971,2752,5,0.899,hashtag,2026-05-13T09:49:19Z
1972,2753,24,0.723,visual,2026-05-13T09:49:19Z
1973,2754,6,0.829,inferred,2026-05-13T09:49:19Z
1974,2755,57,0.996,direct,2026-05-13T09:49:19Z
1975,2757,69,0.944,hashtag,2026-05-13T09:49:19Z
1976,2758,60,0.74,visual,2026-05-13T09:49:19Z
1977,2759,65,0.964,inferred,2026-05-13T09:49:19Z
1978,2760,12,0.949,direct,2026-05-13T09:49:19Z
1979,2761,56,0.798,semantic,2026-05-13T09:49:19Z
1980,2762,30,0.901,hashtag,2026-05-13T09:49:19Z
1981,2764,38,0.948,inferred,2026-05-13T09:49:19Z
1982,2766,10,0.946,semantic,2026-05-13T09:49:19Z
1983,2767,21,0.922,hashtag,2026-05-13T09:49:19Z
1984,2768,20,0.81,visual,2026-05-13T09:49:19Z
1985,2769,75,0.98,inferred,2026-05-13T09:49:19Z
1986,2770,63,0.776,direct,2026-05-13T09:49:19Z
1987,2771,77,0.88,semantic,2026-05-13T09:49:19Z
1988,2772,51,0.785,hashtag,2026-05-13T09:49:19Z
1989,2773,44,0.991,visual,2026-05-13T09:49:19Z
1990,2774,67,0.974,inferred,2026-05-13T09:49:19Z
1991,2776,76,0.908,semantic,2026-05-13T09:49:19Z
1992,2777,26,0.946,hashtag,2026-05-13T09:49:19Z
1993,2778,69,0.949,visual,2026-05-13T09:49:19Z
1994,2779,2,0.954,inferred,2026-05-13T09:49:19Z
1995,2780,51,0.724,direct,2026-05-13T09:49:19Z
1996,2781,59,0.917,semantic,2026-05-13T09:49:19Z
1997,2782,57,0.806,hashtag,2026-05-13T09:49:19Z
1998,2783,7,0.741,visual,2026-05-13T09:49:19Z
1999,2784,67,0.891,inferred,2026-05-13T09:49:19Z
2000,2785,70,0.849,direct,2026-05-13T09:49:19Z
2001,2786,31,0.909,semantic,2026-05-13T09:49:19Z
2002,2787,62,0.818,hashtag,2026-05-13T09:49:19Z
2003,2789,60,0.974,inferred,2026-05-13T09:49:19Z
2004,2790,48,0.849,direct,2026-05-13T09:49:19Z
2005,2792,71,0.774,hashtag,2026-05-13T09:49:19Z
2006,2793,18,0.928,visual,2026-05-13T09:49:19Z
2007,2794,14,0.742,inferred,2026-05-13T09:49:19Z
2008,2795,21,0.901,direct,2026-05-13T09:49:19Z
2009,2796,69,0.743,semantic,2026-05-13T09:49:19Z
2010,2797,79,0.905,hashtag,2026-05-13T09:49:19Z
2011,2798,23,0.932,visual,2026-05-13T09:49:19Z
2012,2799,2,0.777,inferred,2026-05-13T09:49:19Z
2013,2800,71,0.801,direct,2026-05-13T09:49:19Z
2014,2801,18,0.97,semantic,2026-05-13T09:49:19Z
2015,2802,22,0.862,hashtag,2026-05-13T09:49:19Z
2016,2803,47,0.894,visual,2026-05-13T09:49:19Z
2017,2804,55,0.743,inferred,2026-05-13T09:49:19Z
2018,2806,67,0.916,semantic,2026-05-13T09:49:19Z
2019,2807,5,0.74,hashtag,2026-05-13T09:49:19Z
2020,2809,50,0.99,inferred,2026-05-13T09:49:19Z
2021,2810,61,0.836,direct,2026-05-13T09:49:19Z
2022,2812,32,0.756,hashtag,2026-05-13T09:49:19Z
2023,2813,79,0.717,visual,2026-05-13T09:49:19Z
2024,2815,2,0.901,direct,2026-05-13T09:49:19Z
2025,2817,52,0.885,hashtag,2026-05-13T09:49:19Z
2026,2818,46,0.982,visual,2026-05-13T09:49:19Z
2027,2819,64,0.801,inferred,2026-05-13T09:49:19Z
2028,2820,36,0.742,direct,2026-05-13T09:49:19Z
2029,2821,73,0.878,semantic,2026-05-13T09:49:19Z
2030,2822,49,0.714,hashtag,2026-05-13T09:49:19Z
2031,2824,40,0.727,inferred,2026-05-13T09:49:19Z
2032,2825,51,0.972,direct,2026-05-13T09:49:19Z
2033,2827,3,0.806,hashtag,2026-05-13T09:49:19Z
2034,2829,17,0.727,inferred,2026-05-13T09:49:19Z
2035,2830,19,0.961,direct,2026-05-13T09:49:19Z
2036,2831,43,0.788,semantic,2026-05-13T09:49:19Z
2037,2832,31,0.713,hashtag,2026-05-13T09:49:19Z
2038,2833,26,0.716,visual,2026-05-13T09:49:19Z
2039,2834,3,0.871,inferred,2026-05-13T09:49:19Z
2040,2835,79,0.942,direct,2026-05-13T09:49:19Z
2041,2836,28,0.958,semantic,2026-05-13T09:49:19Z
2042,2839,62,0.939,inferred,2026-05-13T09:49:19Z
2043,2840,33,0.962,direct,2026-05-13T09:49:19Z
2044,2841,20,0.768,semantic,2026-05-13T09:49:19Z
2045,2842,53,0.812,hashtag,2026-05-13T09:49:19Z
2046,2844,58,0.806,inferred,2026-05-13T09:49:19Z
2047,2845,42,0.932,direct,2026-05-13T09:49:19Z
2048,2847,73,0.796,hashtag,2026-05-13T09:49:19Z
2049,2848,47,0.794,visual,2026-05-13T09:49:19Z
2050,2849,1,0.924,inferred,2026-05-13T09:49:19Z
2051,2850,31,0.888,direct,2026-05-13T09:49:19Z
2052,2853,37,0.881,visual,2026-05-13T09:49:19Z
2053,2855,40,0.913,direct,2026-05-13T09:49:19Z
2054,2856,73,0.95,semantic,2026-05-13T09:49:19Z
2055,2858,44,0.856,visual,2026-05-13T09:49:19Z
2056,2860,34,0.907,direct,2026-05-13T09:49:19Z
2057,2861,25,0.849,semantic,2026-05-13T09:49:19Z
2058,2862,7,0.773,hashtag,2026-05-13T09:49:19Z
2059,2863,59,0.825,visual,2026-05-13T09:49:19Z
2060,2864,28,0.937,inferred,2026-05-13T09:49:19Z
2061,2865,35,0.726,direct,2026-05-13T09:49:19Z
2062,2866,64,0.959,semantic,2026-05-13T09:49:19Z
2063,2870,78,0.803,direct,2026-05-13T09:49:19Z
2064,2871,73,0.75,semantic,2026-05-13T09:49:19Z
2065,2872,55,0.956,hashtag,2026-05-13T09:49:19Z
2066,2873,61,0.846,visual,2026-05-13T09:49:19Z
2067,2874,65,0.919,inferred,2026-05-13T09:49:19Z
2068,2877,41,0.891,hashtag,2026-05-13T09:49:19Z
2069,2878,77,0.851,visual,2026-05-13T09:49:19Z
2070,2879,39,0.945,inferred,2026-05-13T09:49:19Z
2071,2882,33,0.778,hashtag,2026-05-13T09:49:19Z
2072,2884,72,0.946,inferred,2026-05-13T09:49:19Z
2073,2885,48,0.976,direct,2026-05-13T09:49:19Z
2074,2887,21,0.701,hashtag,2026-05-13T09:49:19Z
2075,2888,23,0.837,visual,2026-05-13T09:49:19Z
2076,2889,58,0.958,inferred,2026-05-13T09:49:19Z
2077,2890,27,0.883,direct,2026-05-13T09:49:19Z
2078,2892,12,0.885,hashtag,2026-05-13T09:49:19Z
2079,2893,25,0.984,visual,2026-05-13T09:49:19Z
2080,2894,47,0.787,inferred,2026-05-13T09:49:19Z
2081,2896,53,0.92,semantic,2026-05-13T09:49:19Z
2082,2897,60,0.763,hashtag,2026-05-13T09:49:19Z
2083,2898,24,0.818,visual,2026-05-13T09:49:19Z
2084,2899,49,0.74,inferred,2026-05-13T09:49:19Z
2085,2900,72,0.742,direct,2026-05-13T09:49:19Z
2086,2901,36,0.931,semantic,2026-05-13T09:49:19Z
2087,2902,33,0.78,hashtag,2026-05-13T09:49:19Z
2088,2905,22,0.991,direct,2026-05-13T09:49:19Z
2089,2906,22,0.984,semantic,2026-05-13T09:49:19Z
2090,2907,11,0.884,hashtag,2026-05-13T09:49:19Z
2091,2908,4,0.884,visual,2026-05-13T09:49:19Z
2092,2909,16,0.761,inferred,2026-05-13T09:49:19Z
2093,2911,16,0.886,semantic,2026-05-13T09:49:19Z
2094,2912,18,0.81,hashtag,2026-05-13T09:49:19Z
2095,2914,72,0.794,inferred,2026-05-13T09:49:19Z
2096,2915,21,0.716,direct,2026-05-13T09:49:19Z
2097,2916,11,0.839,semantic,2026-05-13T09:49:19Z
2098,2917,17,0.897,hashtag,2026-05-13T09:49:19Z
2099,2919,52,0.904,inferred,2026-05-13T09:49:19Z
2100,2920,74,0.844,direct,2026-05-13T09:49:19Z
2101,2921,9,0.849,semantic,2026-05-13T09:49:19Z
2102,2922,63,0.728,hashtag,2026-05-13T09:49:19Z
2103,2923,27,0.8,visual,2026-05-13T09:49:19Z
2104,2925,6,0.764,direct,2026-05-13T09:49:19Z
2105,2927,56,0.705,hashtag,2026-05-13T09:49:19Z
2106,2928,40,0.818,visual,2026-05-13T09:49:19Z
2107,2929,17,0.765,inferred,2026-05-13T09:49:19Z
2108,2930,55,0.79,direct,2026-05-13T09:49:19Z
2109,2931,4,0.703,semantic,2026-05-13T09:49:19Z
2110,2932,40,0.844,hashtag,2026-05-13T09:49:19Z
2111,2935,18,0.94,direct,2026-05-13T09:49:19Z
2112,2936,15,0.749,semantic,2026-05-13T09:49:19Z
2113,2937,35,0.709,hashtag,2026-05-13T09:49:19Z
2114,2938,53,0.916,visual,2026-05-13T09:49:19Z
2115,2939,62,0.782,inferred,2026-05-13T09:49:19Z
2116,2940,29,0.826,direct,2026-05-13T09:49:19Z
2117,2941,64,0.973,semantic,2026-05-13T09:49:19Z
2118,2942,75,0.766,hashtag,2026-05-13T09:49:19Z
2119,2944,57,0.926,inferred,2026-05-13T09:49:19Z
2120,2947,55,0.779,hashtag,2026-05-13T09:49:19Z
2121,2949,10,0.795,inferred,2026-05-13T09:49:19Z
2122,2953,13,0.818,visual,2026-05-13T09:49:19Z
2123,2955,46,0.808,direct,2026-05-13T09:49:19Z
2124,2957,27,0.887,hashtag,2026-05-13T09:49:19Z
2125,2958,16,0.737,visual,2026-05-13T09:49:19Z
2126,2959,52,0.831,inferred,2026-05-13T09:49:19Z
2127,2962,53,0.738,hashtag,2026-05-13T09:49:19Z
2128,2963,14,0.765,visual,2026-05-13T09:49:19Z
2129,2964,20,0.975,inferred,2026-05-13T09:49:19Z
2130,2966,22,0.738,semantic,2026-05-13T09:49:19Z
2131,2968,7,0.746,visual,2026-05-13T09:49:19Z
2132,2971,36,0.805,semantic,2026-05-13T09:49:19Z
2133,2972,67,0.886,hashtag,2026-05-13T09:49:19Z
2134,2974,32,0.851,inferred,2026-05-13T09:49:19Z
2135,2976,35,0.842,semantic,2026-05-13T09:49:19Z
2136,2978,64,0.996,visual,2026-05-13T09:49:19Z
2137,2979,28,0.936,inferred,2026-05-13T09:49:19Z
2138,2980,77,0.74,direct,2026-05-13T09:49:19Z
2139,2981,55,0.931,semantic,2026-05-13T09:49:19Z
2140,2982,18,0.719,hashtag,2026-05-13T09:49:19Z
2141,2983,21,0.719,visual,2026-05-13T09:49:19Z
2142,2984,77,0.71,inferred,2026-05-13T09:49:19Z
2143,2986,13,0.904,semantic,2026-05-13T09:49:19Z
2144,2987,78,0.759,hashtag,2026-05-13T09:49:19Z
2145,2988,70,0.74,visual,2026-05-13T09:49:19Z
2146,2990,6,0.946,direct,2026-05-13T09:49:19Z
2147,2991,19,0.968,semantic,2026-05-13T09:49:19Z
2148,2993,44,0.95,visual,2026-05-13T09:49:19Z
2149,2995,32,0.841,direct,2026-05-13T09:49:19Z
2150,2996,63,0.993,semantic,2026-05-13T09:49:19Z
2151,2997,42,0.914,hashtag,2026-05-13T09:49:19Z
2152,2998,14,0.959,visual,2026-05-13T09:49:19Z
2153,2999,73,0.917,inferred,2026-05-13T09:49:19Z
2154,3001,31,0.849,semantic,2026-05-13T09:49:19Z
2155,3003,21,0.722,visual,2026-05-13T09:49:19Z
2156,3006,19,0.817,semantic,2026-05-13T09:49:19Z
2157,3007,7,0.996,hashtag,2026-05-13T09:49:19Z
2158,3008,46,0.797,visual,2026-05-13T09:49:19Z
2159,3010,58,0.935,direct,2026-05-13T09:49:19Z
2160,3011,69,0.949,semantic,2026-05-13T09:49:19Z
2161,3013,76,0.992,visual,2026-05-13T09:49:19Z
2162,3014,13,0.928,inferred,2026-05-13T09:49:19Z
2163,3015,19,0.936,direct,2026-05-13T09:49:19Z
2164,3016,52,0.903,semantic,2026-05-13T09:49:19Z
2165,3018,64,0.715,visual,2026-05-13T09:49:19Z
2166,3019,75,0.797,inferred,2026-05-13T09:49:19Z
2167,3020,34,0.737,direct,2026-05-13T09:49:19Z
2168,3021,57,0.781,semantic,2026-05-13T09:49:19Z
2169,3024,63,0.937,inferred,2026-05-13T09:49:19Z
2170,3026,26,0.978,semantic,2026-05-13T09:49:19Z
2171,3027,47,0.808,hashtag,2026-05-13T09:49:19Z
2172,3028,19,0.935,visual,2026-05-13T09:49:19Z
2173,3029,62,0.791,inferred,2026-05-13T09:49:19Z
2174,3032,2,0.977,hashtag,2026-05-13T09:49:19Z
2175,3033,5,0.913,visual,2026-05-13T09:49:19Z
2176,3034,30,0.732,inferred,2026-05-13T09:49:19Z
2177,3035,67,0.745,direct,2026-05-13T09:49:19Z
2178,3036,58,0.708,semantic,2026-05-13T09:49:19Z
2179,3038,46,0.879,visual,2026-05-13T09:49:19Z
2180,3039,28,0.934,inferred,2026-05-13T09:49:19Z
2181,3040,34,0.735,direct,2026-05-13T09:49:19Z
2182,3041,27,0.951,semantic,2026-05-13T09:49:19Z
2183,3042,68,0.825,hashtag,2026-05-13T09:49:19Z
2184,3043,60,0.893,visual,2026-05-13T09:49:19Z
2185,3047,35,0.901,hashtag,2026-05-13T09:49:19Z
2186,3048,55,0.978,visual,2026-05-13T09:49:19Z
2187,3049,76,0.925,inferred,2026-05-13T09:49:19Z
2188,3051,74,0.755,semantic,2026-05-13T09:49:19Z
2189,3052,5,0.778,hashtag,2026-05-13T09:49:19Z
2190,3053,37,0.955,visual,2026-05-13T09:49:19Z
2191,3054,65,0.894,inferred,2026-05-13T09:49:19Z
2192,3055,40,0.91,direct,2026-05-13T09:49:19Z
2193,3056,4,0.921,semantic,2026-05-13T09:49:19Z
2194,3057,21,0.768,hashtag,2026-05-13T09:49:19Z
2195,3058,24,0.959,visual,2026-05-13T09:49:19Z
2196,3060,9,0.785,direct,2026-05-13T09:49:19Z
2197,3062,9,0.856,hashtag,2026-05-13T09:49:19Z
2198,3063,17,0.815,visual,2026-05-13T09:49:19Z
2199,3064,28,0.875,inferred,2026-05-13T09:49:19Z
2200,3065,47,0.905,direct,2026-05-13T09:49:19Z
2201,3066,61,0.886,semantic,2026-05-13T09:49:19Z
2202,3068,16,0.819,visual,2026-05-13T09:49:19Z
2203,3071,20,0.772,semantic,2026-05-13T09:49:19Z
2204,3072,5,0.746,hashtag,2026-05-13T09:49:19Z
2205,3073,24,0.826,visual,2026-05-13T09:49:19Z
2206,3074,32,0.933,inferred,2026-05-13T09:49:19Z
2207,3075,44,0.803,direct,2026-05-13T09:49:19Z
2208,3076,64,0.782,semantic,2026-05-13T09:49:19Z
2209,3078,55,0.915,visual,2026-05-13T09:49:19Z
2210,3079,14,0.9,inferred,2026-05-13T09:49:19Z
2211,3080,17,0.759,direct,2026-05-13T09:49:19Z
2212,3081,22,0.937,semantic,2026-05-13T09:49:19Z
2213,3082,33,0.945,hashtag,2026-05-13T09:49:19Z
2214,3083,56,0.74,visual,2026-05-13T09:49:19Z
2215,3085,64,0.973,direct,2026-05-13T09:49:19Z
2216,3087,30,0.982,hashtag,2026-05-13T09:49:19Z
2217,3089,31,0.844,inferred,2026-05-13T09:49:19Z
2218,3090,32,0.971,direct,2026-05-13T09:49:19Z
2219,3091,31,0.75,semantic,2026-05-13T09:49:19Z
2220,3093,56,0.864,visual,2026-05-13T09:49:19Z
2221,3095,59,0.986,direct,2026-05-13T09:49:19Z
2222,3097,54,0.903,hashtag,2026-05-13T09:49:19Z
2223,3099,37,0.808,inferred,2026-05-13T09:49:19Z
2224,3101,39,0.844,semantic,2026-05-13T09:49:19Z
2225,3102,43,0.938,hashtag,2026-05-13T09:49:19Z
2226,3104,72,0.793,inferred,2026-05-13T09:49:19Z
2227,3105,1,0.827,direct,2026-05-13T09:49:19Z
2228,3106,8,0.963,semantic,2026-05-13T09:49:19Z
2229,3107,59,0.982,hashtag,2026-05-13T09:49:19Z
2230,3108,18,0.787,visual,2026-05-13T09:49:19Z
2231,3110,21,0.946,direct,2026-05-13T09:49:19Z
2232,3111,45,0.964,semantic,2026-05-13T09:49:19Z
2233,3112,26,0.775,hashtag,2026-05-13T09:49:19Z
2234,3113,70,0.711,visual,2026-05-13T09:49:19Z
2235,3114,1,0.923,inferred,2026-05-13T09:49:19Z
2236,3115,74,0.952,direct,2026-05-13T09:49:19Z
2237,3116,30,0.836,semantic,2026-05-13T09:49:19Z
2238,3117,42,0.839,hashtag,2026-05-13T09:49:19Z
2239,3118,71,0.995,visual,2026-05-13T09:49:19Z
2240,3119,27,0.738,inferred,2026-05-13T09:49:19Z
2241,3120,29,0.942,direct,2026-05-13T09:49:19Z
2242,3121,18,0.749,semantic,2026-05-13T09:49:19Z
2243,3122,49,0.802,hashtag,2026-05-13T09:49:19Z
2244,3124,40,0.734,inferred,2026-05-13T09:49:19Z
2245,3125,51,0.922,direct,2026-05-13T09:49:19Z
2246,3126,55,0.936,semantic,2026-05-13T09:49:19Z
2247,3129,70,0.885,inferred,2026-05-13T09:49:19Z
2248,3130,19,0.953,direct,2026-05-13T09:49:19Z
2249,3131,48,0.805,semantic,2026-05-13T09:49:19Z
2250,3132,12,0.781,hashtag,2026-05-13T09:49:19Z
2251,3133,30,0.816,visual,2026-05-13T09:49:19Z
2252,3137,62,0.945,hashtag,2026-05-13T09:49:19Z
2253,3138,51,0.774,visual,2026-05-13T09:49:19Z
2254,3139,74,0.841,inferred,2026-05-13T09:49:19Z
2255,3141,17,0.892,semantic,2026-05-13T09:49:19Z
2256,3142,2,0.812,hashtag,2026-05-13T09:49:19Z
2257,3143,57,0.772,visual,2026-05-13T09:49:19Z
2258,3144,32,0.977,inferred,2026-05-13T09:49:19Z
2259,3148,27,0.801,visual,2026-05-13T09:49:19Z
2260,3149,19,0.973,inferred,2026-05-13T09:49:19Z
2261,3150,50,0.95,direct,2026-05-13T09:49:19Z
2262,3151,32,0.878,semantic,2026-05-13T09:49:19Z
2263,3152,8,0.819,hashtag,2026-05-13T09:49:19Z
2264,3153,74,0.882,visual,2026-05-13T09:49:19Z
2265,3154,55,0.795,inferred,2026-05-13T09:49:19Z
2266,3156,1,0.849,semantic,2026-05-13T09:49:19Z
2267,3157,70,0.736,hashtag,2026-05-13T09:49:19Z
2268,3158,44,0.951,visual,2026-05-13T09:49:19Z
2269,3160,23,0.818,direct,2026-05-13T09:49:19Z
2270,3162,5,0.902,hashtag,2026-05-13T09:49:19Z
2271,3163,74,0.96,visual,2026-05-13T09:49:19Z
2272,3164,10,0.718,inferred,2026-05-13T09:49:19Z
2273,3165,41,0.971,direct,2026-05-13T09:49:19Z
2274,3166,14,0.964,semantic,2026-05-13T09:49:19Z
2275,3167,67,0.789,hashtag,2026-05-13T09:49:19Z
2276,3168,8,0.819,visual,2026-05-13T09:49:19Z
2277,3169,79,0.727,inferred,2026-05-13T09:49:19Z
2278,3170,45,0.828,direct,2026-05-13T09:49:19Z
2279,3172,76,0.709,hashtag,2026-05-13T09:49:19Z
2280,3173,57,0.741,visual,2026-05-13T09:49:19Z
2281,3174,11,0.921,inferred,2026-05-13T09:49:19Z
2282,3176,62,0.734,semantic,2026-05-13T09:49:19Z
2283,3179,77,0.807,inferred,2026-05-13T09:49:19Z
2284,3181,25,0.78,semantic,2026-05-13T09:49:19Z
2285,3182,8,0.745,hashtag,2026-05-13T09:49:19Z
2286,3185,50,0.73,direct,2026-05-13T09:49:19Z
2287,3187,53,0.956,hashtag,2026-05-13T09:49:19Z
2288,3189,60,0.755,inferred,2026-05-13T09:49:19Z
2289,3190,21,0.871,direct,2026-05-13T09:49:19Z
2290,3191,53,0.916,semantic,2026-05-13T09:49:19Z
2291,3192,55,0.976,hashtag,2026-05-13T09:49:19Z
2292,3193,69,0.753,visual,2026-05-13T09:49:19Z
2293,3194,7,0.993,inferred,2026-05-13T09:49:19Z
2294,3195,32,0.782,direct,2026-05-13T09:49:19Z
2295,3196,53,0.704,semantic,2026-05-13T09:49:19Z
2296,3197,22,0.919,hashtag,2026-05-13T09:49:19Z
2297,3199,32,0.839,inferred,2026-05-13T09:49:19Z
2298,3201,7,0.931,semantic,2026-05-13T09:49:19Z
2299,3204,42,0.964,inferred,2026-05-13T09:49:19Z
2300,3205,10,0.926,direct,2026-05-13T09:49:19Z
2301,3206,38,0.793,semantic,2026-05-13T09:49:19Z
2302,3207,40,0.909,hashtag,2026-05-13T09:49:19Z
2303,3210,73,0.836,direct,2026-05-13T09:49:19Z
2304,3211,37,0.731,semantic,2026-05-13T09:49:19Z
2305,3213,17,0.958,visual,2026-05-13T09:49:19Z
2306,3214,5,0.931,inferred,2026-05-13T09:49:19Z
2307,3218,47,0.959,visual,2026-05-13T09:49:19Z
2308,3219,48,0.859,inferred,2026-05-13T09:49:19Z
2309,3220,7,0.862,direct,2026-05-13T09:49:19Z
2310,3221,55,0.761,semantic,2026-05-13T09:49:19Z
2311,3224,47,0.968,inferred,2026-05-13T09:49:19Z
2312,3226,68,0.725,semantic,2026-05-13T09:49:19Z
2313,3227,20,0.887,hashtag,2026-05-13T09:49:19Z
2314,3228,68,0.728,visual,2026-05-13T09:49:19Z
2315,3229,29,0.724,inferred,2026-05-13T09:49:19Z
2316,3230,26,0.78,direct,2026-05-13T09:49:19Z
2317,3231,4,0.89,semantic,2026-05-13T09:49:19Z
2318,3232,38,0.977,hashtag,2026-05-13T09:49:19Z
2319,3233,7,0.818,visual,2026-05-13T09:49:19Z
2320,3235,28,0.85,direct,2026-05-13T09:49:19Z
2321,3236,32,0.8,semantic,2026-05-13T09:49:19Z
2322,3237,14,0.955,hashtag,2026-05-13T09:49:19Z
2323,3238,71,0.764,visual,2026-05-13T09:49:19Z
2324,3240,67,0.827,direct,2026-05-13T09:49:19Z
2325,3241,14,0.848,semantic,2026-05-13T09:49:19Z
2326,3242,4,0.945,hashtag,2026-05-13T09:49:19Z
2327,3245,73,0.782,direct,2026-05-13T09:49:19Z
2328,3249,3,0.759,inferred,2026-05-13T09:49:19Z
2329,3250,2,0.789,direct,2026-05-13T09:49:19Z
2330,3251,79,0.787,semantic,2026-05-13T09:49:19Z
2331,3252,2,0.705,hashtag,2026-05-13T09:49:19Z
2332,3253,43,0.879,visual,2026-05-13T09:49:19Z
2333,3254,24,0.723,inferred,2026-05-13T09:49:19Z
2334,3255,47,0.97,direct,2026-05-13T09:49:19Z
2335,3256,7,0.862,semantic,2026-05-13T09:49:19Z
2336,3257,72,0.884,hashtag,2026-05-13T09:49:19Z
2337,3259,51,0.924,inferred,2026-05-13T09:49:19Z
2338,3260,66,0.715,direct,2026-05-13T09:49:19Z
2339,3262,27,0.758,hashtag,2026-05-13T09:49:19Z
2340,3264,13,0.942,inferred,2026-05-13T09:49:19Z
2341,3265,53,0.735,direct,2026-05-13T09:49:19Z
2342,3268,59,0.857,visual,2026-05-13T09:49:19Z
2343,3269,65,0.728,inferred,2026-05-13T09:49:19Z
2344,3270,37,0.712,direct,2026-05-13T09:49:19Z
2345,3271,69,0.856,semantic,2026-05-13T09:49:19Z
2346,3275,46,0.954,direct,2026-05-13T09:49:19Z
2347,3276,28,0.912,semantic,2026-05-13T09:49:19Z
2348,3277,9,0.907,hashtag,2026-05-13T09:49:19Z
2349,3278,64,0.804,visual,2026-05-13T09:49:19Z
2350,3280,8,0.825,direct,2026-05-13T09:49:19Z
2351,3281,36,0.96,semantic,2026-05-13T09:49:19Z
2352,3282,36,0.797,hashtag,2026-05-13T09:49:19Z
2353,3283,7,0.737,visual,2026-05-13T09:49:19Z
2354,3284,21,0.833,inferred,2026-05-13T09:49:19Z
2355,3285,79,0.907,direct,2026-05-13T09:49:19Z
2356,3286,64,0.89,semantic,2026-05-13T09:49:19Z
2357,3287,33,0.909,hashtag,2026-05-13T09:49:19Z
2358,3288,4,0.723,visual,2026-05-13T09:49:19Z
2359,3289,47,0.86,inferred,2026-05-13T09:49:19Z
2360,3290,16,0.941,direct,2026-05-13T09:49:19Z
2361,3291,18,0.734,semantic,2026-05-13T09:49:19Z
2362,3292,19,0.999,hashtag,2026-05-13T09:49:19Z
2363,3293,17,0.916,visual,2026-05-13T09:49:19Z
2364,3294,51,0.767,inferred,2026-05-13T09:49:19Z
2365,3295,72,0.829,direct,2026-05-13T09:49:19Z
2366,3296,41,0.875,semantic,2026-05-13T09:49:19Z
2367,3297,21,0.986,hashtag,2026-05-13T09:49:19Z
2368,3298,28,0.732,visual,2026-05-13T09:49:19Z
2369,3299,44,0.973,inferred,2026-05-13T09:49:19Z
2370,3300,60,0.78,direct,2026-05-13T09:49:19Z
2371,3301,52,0.736,semantic,2026-05-13T09:49:19Z
2372,3303,33,0.813,visual,2026-05-13T09:49:19Z
2373,3304,70,0.734,inferred,2026-05-13T09:49:19Z
2374,3305,78,0.735,direct,2026-05-13T09:49:19Z
2375,3307,70,0.867,hashtag,2026-05-13T09:49:19Z
2376,3309,74,0.71,inferred,2026-05-13T09:49:19Z
2377,3310,3,0.705,direct,2026-05-13T09:49:19Z
2378,3312,79,0.785,hashtag,2026-05-13T09:49:19Z
2379,3313,23,0.88,visual,2026-05-13T09:49:19Z
2380,3314,29,0.778,inferred,2026-05-13T09:49:19Z
2381,3315,67,0.865,direct,2026-05-13T09:49:19Z
2382,3316,43,0.87,semantic,2026-05-13T09:49:19Z
2383,3317,6,0.959,hashtag,2026-05-13T09:49:19Z
2384,3318,29,0.98,visual,2026-05-13T09:49:19Z
2385,3319,68,0.928,inferred,2026-05-13T09:49:19Z
2386,3320,32,0.83,direct,2026-05-13T09:49:19Z
2387,3321,65,0.997,semantic,2026-05-13T09:49:19Z
2388,3322,22,0.876,hashtag,2026-05-13T09:49:19Z
2389,3323,54,0.735,visual,2026-05-13T09:49:19Z
2390,3324,68,0.881,inferred,2026-05-13T09:49:19Z
2391,3325,79,0.846,direct,2026-05-13T09:49:19Z
2392,3326,55,0.811,semantic,2026-05-13T09:49:19Z
2393,3327,23,0.847,hashtag,2026-05-13T09:49:19Z
2394,3328,13,0.742,visual,2026-05-13T09:49:19Z
2395,3329,40,0.954,inferred,2026-05-13T09:49:19Z
2396,3330,37,0.798,direct,2026-05-13T09:49:19Z
2397,3331,34,0.854,semantic,2026-05-13T09:49:19Z
2398,3334,18,0.886,inferred,2026-05-13T09:49:19Z
2399,3335,66,0.745,direct,2026-05-13T09:49:19Z
2400,3336,69,0.968,semantic,2026-05-13T09:49:19Z
2401,3338,51,0.703,visual,2026-05-13T09:49:19Z
2402,3339,39,0.728,inferred,2026-05-13T09:49:19Z
2403,3340,18,0.802,direct,2026-05-13T09:49:19Z
2404,3343,19,0.723,visual,2026-05-13T09:49:19Z
2405,3344,23,0.847,inferred,2026-05-13T09:49:19Z
2406,3345,17,0.795,direct,2026-05-13T09:49:19Z
2407,3346,55,0.924,semantic,2026-05-13T09:49:19Z
2408,3347,13,0.828,hashtag,2026-05-13T09:49:19Z
2409,3348,34,0.74,visual,2026-05-13T09:49:19Z
2410,3350,5,0.901,direct,2026-05-13T09:49:19Z
2411,3351,50,0.901,semantic,2026-05-13T09:49:19Z
2412,3352,21,0.705,hashtag,2026-05-13T09:49:19Z
2413,3354,74,0.786,inferred,2026-05-13T09:49:19Z
2414,3355,27,0.709,direct,2026-05-13T09:49:19Z
2415,3356,32,0.868,semantic,2026-05-13T09:49:19Z
2416,3357,78,0.704,hashtag,2026-05-13T09:49:19Z
2417,3358,1,0.725,visual,2026-05-13T09:49:19Z
2418,3360,55,0.805,direct,2026-05-13T09:49:19Z
2419,3361,28,0.778,semantic,2026-05-13T09:49:19Z
2420,3362,20,0.863,hashtag,2026-05-13T09:49:19Z
2421,3363,70,0.771,visual,2026-05-13T09:49:19Z
2422,3364,9,0.881,inferred,2026-05-13T09:49:19Z
2423,3365,24,0.992,direct,2026-05-13T09:49:19Z
2424,3366,18,0.869,semantic,2026-05-13T09:49:19Z
2425,3367,65,0.705,hashtag,2026-05-13T09:49:19Z
2426,3368,7,0.899,visual,2026-05-13T09:49:19Z
2427,3370,62,0.825,direct,2026-05-13T09:49:19Z
2428,3374,45,0.888,inferred,2026-05-13T09:49:19Z
2429,3377,21,0.946,hashtag,2026-05-13T09:49:19Z
2430,3378,14,0.821,visual,2026-05-13T09:49:19Z
2431,3381,34,0.775,semantic,2026-05-13T09:49:19Z
2432,3382,8,0.733,hashtag,2026-05-13T09:49:19Z
2433,3383,2,0.991,visual,2026-05-13T09:49:19Z
2434,3384,21,0.942,inferred,2026-05-13T09:49:19Z
2435,3387,25,0.71,hashtag,2026-05-13T09:49:19Z
2436,3388,35,0.969,visual,2026-05-13T09:49:19Z
2437,3389,4,0.95,inferred,2026-05-13T09:49:19Z
2438,3390,7,0.769,direct,2026-05-13T09:49:19Z
2439,3391,25,0.877,semantic,2026-05-13T09:49:19Z
2440,3393,73,0.767,visual,2026-05-13T09:49:19Z
2441,3394,7,0.735,inferred,2026-05-13T09:49:19Z
2442,3396,14,0.863,semantic,2026-05-13T09:49:19Z
2443,3397,32,0.975,hashtag,2026-05-13T09:49:19Z
2444,3398,38,0.845,visual,2026-05-13T09:49:19Z
2445,3399,66,0.864,inferred,2026-05-13T09:49:19Z
2446,3401,41,0.787,semantic,2026-05-13T09:49:19Z
2447,3405,39,0.98,direct,2026-05-13T09:49:19Z
2448,3406,51,0.763,semantic,2026-05-13T09:49:19Z
2449,3407,62,0.835,hashtag,2026-05-13T09:49:19Z
2450,3408,1,0.834,visual,2026-05-13T09:49:19Z
2451,3409,15,0.787,inferred,2026-05-13T09:49:19Z
2452,3410,17,0.901,direct,2026-05-13T09:49:19Z
2453,3411,31,0.715,semantic,2026-05-13T09:49:19Z
2454,3412,48,0.949,hashtag,2026-05-13T09:49:19Z
2455,3415,24,0.78,direct,2026-05-13T09:49:19Z
2456,3418,34,0.975,visual,2026-05-13T09:49:19Z
2457,3419,59,0.745,inferred,2026-05-13T09:49:19Z
2458,3421,23,0.864,semantic,2026-05-13T09:49:19Z
2459,3422,78,0.76,hashtag,2026-05-13T09:49:19Z
2460,3423,55,0.848,visual,2026-05-13T09:49:19Z
2461,3424,56,0.849,inferred,2026-05-13T09:49:19Z
2462,3425,13,0.964,direct,2026-05-13T09:49:19Z
2463,3426,30,0.95,semantic,2026-05-13T09:49:19Z
2464,3427,63,0.943,hashtag,2026-05-13T09:49:19Z
2465,3428,71,0.824,visual,2026-05-13T09:49:19Z
2466,3429,78,1,inferred,2026-05-13T09:49:19Z
2467,3431,63,0.932,semantic,2026-05-13T09:49:19Z
2468,3432,28,0.895,hashtag,2026-05-13T09:49:19Z
2469,3433,23,0.745,visual,2026-05-13T09:49:19Z
2470,3434,35,0.953,inferred,2026-05-13T09:49:19Z
2471,3435,69,0.934,direct,2026-05-13T09:49:19Z
2472,3436,40,0.879,semantic,2026-05-13T09:49:19Z
2473,3440,30,0.809,direct,2026-05-13T09:49:19Z
2474,3441,20,0.897,semantic,2026-05-13T09:49:19Z
2475,3442,43,0.723,hashtag,2026-05-13T09:49:19Z
2476,3443,63,0.88,visual,2026-05-13T09:49:19Z
2477,3447,4,0.844,hashtag,2026-05-13T09:49:19Z
2478,3448,29,0.757,visual,2026-05-13T09:49:19Z
2479,3449,59,0.975,inferred,2026-05-13T09:49:19Z
2480,3450,21,0.786,direct,2026-05-13T09:49:19Z
2481,3451,60,0.719,semantic,2026-05-13T09:49:19Z
2482,3452,69,0.977,hashtag,2026-05-13T09:49:19Z
2483,3454,37,0.776,inferred,2026-05-13T09:49:19Z
2484,3455,44,0.809,direct,2026-05-13T09:49:19Z
2485,3456,53,0.905,semantic,2026-05-13T09:49:19Z
2486,3458,33,0.943,visual,2026-05-13T09:49:19Z
2487,3460,18,0.808,direct,2026-05-13T09:49:19Z
2488,3461,36,0.983,semantic,2026-05-13T09:49:19Z
2489,3462,66,0.958,hashtag,2026-05-13T09:49:19Z
2490,3464,20,0.853,inferred,2026-05-13T09:49:19Z
2491,3468,51,0.87,visual,2026-05-13T09:49:19Z
2492,3469,19,0.963,inferred,2026-05-13T09:49:19Z
2493,3470,59,0.961,direct,2026-05-13T09:49:19Z
2494,3471,57,0.888,semantic,2026-05-13T09:49:19Z
2495,3473,6,0.771,visual,2026-05-13T09:49:19Z
2496,3474,49,0.8,inferred,2026-05-13T09:49:19Z
2497,3476,79,0.825,semantic,2026-05-13T09:49:19Z
2498,3479,48,0.972,inferred,2026-05-13T09:49:19Z
2499,3480,78,0.83,direct,2026-05-13T09:49:19Z
2500,3481,67,0.848,semantic,2026-05-13T09:49:19Z
2501,3482,30,0.968,hashtag,2026-05-13T09:49:19Z
2502,3483,15,0.743,visual,2026-05-13T09:49:19Z
2503,3484,42,0.946,inferred,2026-05-13T09:49:19Z
2504,3485,62,0.905,direct,2026-05-13T09:49:19Z
2505,3486,50,0.816,semantic,2026-05-13T09:49:19Z
2506,3489,40,0.893,inferred,2026-05-13T09:49:19Z
2507,3491,51,0.764,semantic,2026-05-13T09:49:19Z
2508,3492,64,0.785,hashtag,2026-05-13T09:49:19Z
2509,3493,17,0.907,visual,2026-05-13T09:49:19Z
2510,3494,78,0.928,inferred,2026-05-13T09:49:19Z
2511,3495,19,0.727,direct,2026-05-13T09:49:19Z
2512,3496,72,0.975,semantic,2026-05-13T09:49:19Z
2513,3498,68,0.733,visual,2026-05-13T09:49:19Z
2514,3502,3,0.885,hashtag,2026-05-13T09:49:19Z
2515,3503,44,0.88,visual,2026-05-13T09:49:19Z
2516,3504,22,0.99,inferred,2026-05-13T09:49:19Z
2517,3505,70,0.731,direct,2026-05-13T09:49:19Z
2518,3506,31,0.988,semantic,2026-05-13T09:49:19Z
2519,3509,73,0.724,inferred,2026-05-13T09:49:19Z
2520,3510,45,0.882,direct,2026-05-13T09:49:19Z
2521,3511,76,0.879,semantic,2026-05-13T09:49:19Z
2522,3512,77,0.998,hashtag,2026-05-13T09:49:19Z
2523,3513,33,0.888,visual,2026-05-13T09:49:19Z
2524,3514,54,0.903,inferred,2026-05-13T09:49:19Z
2525,3517,76,0.991,hashtag,2026-05-13T09:49:19Z
2526,3518,35,0.725,visual,2026-05-13T09:49:19Z
2527,3520,30,0.81,direct,2026-05-13T09:49:19Z
2528,3521,61,0.791,semantic,2026-05-13T09:49:19Z
2529,3523,73,0.897,visual,2026-05-13T09:49:19Z
2530,3524,55,0.905,inferred,2026-05-13T09:49:19Z
2531,3527,74,0.766,hashtag,2026-05-13T09:49:19Z
2532,3528,67,0.778,visual,2026-05-13T09:49:19Z
2533,3530,12,0.929,direct,2026-05-13T09:49:19Z
2534,3532,71,0.856,hashtag,2026-05-13T09:49:19Z
2535,3534,71,0.95,inferred,2026-05-13T09:49:19Z
2536,3535,40,0.776,direct,2026-05-13T09:49:19Z
2537,3536,7,0.984,semantic,2026-05-13T09:49:19Z
2538,3538,34,0.765,visual,2026-05-13T09:49:19Z
2539,3539,66,0.892,inferred,2026-05-13T09:49:19Z
2540,3540,28,0.93,direct,2026-05-13T09:49:19Z
2541,3541,15,0.836,semantic,2026-05-13T09:49:19Z
2542,3542,44,0.879,hashtag,2026-05-13T09:49:19Z
2543,3543,25,0.811,visual,2026-05-13T09:49:19Z
2544,3544,79,0.77,inferred,2026-05-13T09:49:19Z
2545,3545,1,0.965,direct,2026-05-13T09:49:19Z
2546,3547,6,0.886,hashtag,2026-05-13T09:49:19Z
2547,3548,20,0.832,visual,2026-05-13T09:49:19Z
2548,3550,11,0.719,direct,2026-05-13T09:49:19Z
2549,3551,34,0.73,semantic,2026-05-13T09:49:19Z
2550,3552,27,0.736,hashtag,2026-05-13T09:49:19Z
2551,3553,51,0.746,visual,2026-05-13T09:49:19Z
2552,3555,64,0.954,direct,2026-05-13T09:49:19Z
2553,3556,73,0.748,semantic,2026-05-13T09:49:19Z
2554,3557,31,0.874,hashtag,2026-05-13T09:49:19Z
2555,3558,11,0.883,visual,2026-05-13T09:49:19Z
2556,3559,66,0.707,inferred,2026-05-13T09:49:19Z
2557,3560,17,0.878,direct,2026-05-13T09:49:19Z
2558,3561,75,0.801,semantic,2026-05-13T09:49:19Z
2559,3563,2,0.73,visual,2026-05-13T09:49:19Z
2560,3564,29,0.745,inferred,2026-05-13T09:49:19Z
2561,3565,55,0.84,direct,2026-05-13T09:49:19Z
2562,3566,6,0.993,semantic,2026-05-13T09:49:19Z
2563,3567,30,0.976,hashtag,2026-05-13T09:49:19Z
2564,3569,40,0.79,inferred,2026-05-13T09:49:19Z
2565,3570,48,0.889,direct,2026-05-13T09:49:19Z
2566,3572,18,0.785,hashtag,2026-05-13T09:49:19Z
2567,3573,60,0.761,visual,2026-05-13T09:49:19Z
2568,3574,60,0.755,inferred,2026-05-13T09:49:19Z
2569,3575,55,0.704,direct,2026-05-13T09:49:19Z
2570,3576,30,0.746,semantic,2026-05-13T09:49:19Z
2571,3577,2,0.915,hashtag,2026-05-13T09:49:19Z
2572,3578,6,0.864,visual,2026-05-13T09:49:19Z
2573,3580,67,0.722,direct,2026-05-13T09:49:19Z
2574,3581,67,0.759,semantic,2026-05-13T09:49:19Z
2575,3582,68,0.826,hashtag,2026-05-13T09:49:19Z
2576,3583,45,0.725,visual,2026-05-13T09:49:19Z
2577,3584,5,0.83,inferred,2026-05-13T09:49:19Z
2578,3587,21,0.917,hashtag,2026-05-13T09:49:19Z
2579,3588,13,0.982,visual,2026-05-13T09:49:19Z
2580,3593,60,0.824,visual,2026-05-13T09:49:19Z
2581,3594,12,0.787,inferred,2026-05-13T09:49:19Z
2582,3595,19,0.841,direct,2026-05-13T09:49:19Z
2583,3596,31,0.826,semantic,2026-05-13T09:49:19Z
2584,3597,26,0.842,hashtag,2026-05-13T09:49:19Z
2585,3598,78,0.911,visual,2026-05-13T09:49:19Z
2586,3599,71,0.74,inferred,2026-05-13T09:49:19Z
2587,3602,42,0.866,hashtag,2026-05-13T09:49:19Z
2588,3605,32,0.838,direct,2026-05-13T09:49:19Z
2589,3606,15,0.854,semantic,2026-05-13T09:49:19Z
2590,3607,20,0.713,hashtag,2026-05-13T09:49:19Z
2591,3608,70,0.7,visual,2026-05-13T09:49:19Z
2592,3609,44,0.933,inferred,2026-05-13T09:49:19Z
2593,3611,66,0.709,semantic,2026-05-13T09:49:19Z
2594,3612,50,0.88,hashtag,2026-05-13T09:49:19Z
2595,3614,27,0.755,inferred,2026-05-13T09:49:19Z
2596,3615,56,0.991,direct,2026-05-13T09:49:19Z
2597,3616,48,0.76,semantic,2026-05-13T09:49:19Z
2598,3619,70,0.742,inferred,2026-05-13T09:49:19Z
2599,3621,15,0.714,semantic,2026-05-13T09:49:19Z
2600,3624,18,0.755,inferred,2026-05-13T09:49:19Z
2601,3627,48,0.824,hashtag,2026-05-13T09:49:19Z
2602,3629,29,0.847,inferred,2026-05-13T09:49:19Z
2603,3630,34,0.724,direct,2026-05-13T09:49:19Z
2604,3632,37,0.95,hashtag,2026-05-13T09:49:19Z
2605,3633,2,0.976,visual,2026-05-13T09:49:19Z
2606,3634,8,0.729,inferred,2026-05-13T09:49:19Z
2607,3635,54,0.837,direct,2026-05-13T09:49:19Z
2608,3636,61,0.926,semantic,2026-05-13T09:49:19Z
2609,3637,76,0.915,hashtag,2026-05-13T09:49:19Z
2610,3638,76,0.71,visual,2026-05-13T09:49:19Z
2611,3640,26,0.804,direct,2026-05-13T09:49:19Z
2612,3641,43,0.741,semantic,2026-05-13T09:49:19Z
2613,3642,53,0.919,hashtag,2026-05-13T09:49:19Z
2614,3643,51,0.862,visual,2026-05-13T09:49:19Z
2615,3645,12,0.9,direct,2026-05-13T09:49:19Z
2616,3646,61,0.947,semantic,2026-05-13T09:49:19Z
2617,3647,64,0.918,hashtag,2026-05-13T09:49:19Z
2618,3648,30,0.766,visual,2026-05-13T09:49:19Z
2619,3650,71,0.823,direct,2026-05-13T09:49:19Z
2620,3651,41,0.836,semantic,2026-05-13T09:49:19Z
2621,3652,57,0.933,hashtag,2026-05-13T09:49:19Z
2622,3653,58,0.899,visual,2026-05-13T09:49:19Z
2623,3655,14,0.71,direct,2026-05-13T09:49:19Z
2624,3656,26,0.87,semantic,2026-05-13T09:49:19Z
2625,3657,58,0.804,hashtag,2026-05-13T09:49:19Z
2626,3659,72,0.751,inferred,2026-05-13T09:49:19Z
2627,3660,1,0.933,direct,2026-05-13T09:49:19Z
2628,3661,33,0.974,semantic,2026-05-13T09:49:19Z
2629,3665,76,0.781,direct,2026-05-13T09:49:19Z
2630,3666,77,0.832,semantic,2026-05-13T09:49:19Z
2631,3667,42,0.925,hashtag,2026-05-13T09:49:19Z
2632,3668,40,0.988,visual,2026-05-13T09:49:19Z
2633,3669,47,0.781,inferred,2026-05-13T09:49:19Z
2634,3670,59,0.998,direct,2026-05-13T09:49:19Z
2635,3671,56,0.705,semantic,2026-05-13T09:49:19Z
2636,3672,27,0.73,hashtag,2026-05-13T09:49:19Z
2637,3674,36,0.823,inferred,2026-05-13T09:49:19Z
2638,3675,47,0.82,direct,2026-05-13T09:49:19Z
2639,3676,3,0.791,semantic,2026-05-13T09:49:19Z
2640,3677,25,0.752,hashtag,2026-05-13T09:49:19Z
2641,3678,52,0.821,visual,2026-05-13T09:49:19Z
2642,3680,68,0.993,direct,2026-05-13T09:49:19Z
2643,3681,43,0.727,semantic,2026-05-13T09:49:19Z
2644,3682,14,0.756,hashtag,2026-05-13T09:49:19Z
2645,3683,33,0.736,visual,2026-05-13T09:49:19Z
2646,3684,13,0.862,inferred,2026-05-13T09:49:19Z
2647,3685,45,0.902,direct,2026-05-13T09:49:19Z
2648,3689,38,0.966,inferred,2026-05-13T09:49:19Z
2649,3690,72,0.835,direct,2026-05-13T09:49:19Z
2650,3691,79,0.8,semantic,2026-05-13T09:49:19Z
2651,3693,29,0.742,visual,2026-05-13T09:49:19Z
2652,3694,18,0.943,inferred,2026-05-13T09:49:19Z
2653,3695,56,0.928,direct,2026-05-13T09:49:19Z
2654,3698,8,0.883,visual,2026-05-13T09:49:19Z
2655,3699,7,0.781,inferred,2026-05-13T09:49:19Z
2656,3700,15,0.99,direct,2026-05-13T09:49:19Z
2657,3701,22,0.813,semantic,2026-05-13T09:49:19Z
2658,3703,75,0.769,visual,2026-05-13T09:49:19Z
2659,3704,7,0.809,inferred,2026-05-13T09:49:19Z
2660,3705,5,0.857,direct,2026-05-13T09:49:19Z
2661,3707,18,0.749,hashtag,2026-05-13T09:49:19Z
2662,3708,13,0.791,visual,2026-05-13T09:49:19Z
2663,3709,27,0.821,inferred,2026-05-13T09:49:19Z
2664,3710,19,0.709,direct,2026-05-13T09:49:19Z
2665,3714,25,0.775,inferred,2026-05-13T09:49:19Z
2666,3715,28,0.849,direct,2026-05-13T09:49:19Z
2667,3716,24,0.923,semantic,2026-05-13T09:49:19Z
2668,3717,47,0.708,hashtag,2026-05-13T09:49:19Z
2669,3719,7,0.955,inferred,2026-05-13T09:49:19Z
2670,3720,23,0.706,direct,2026-05-13T09:49:19Z
2671,3721,27,0.933,semantic,2026-05-13T09:49:19Z
2672,3723,51,0.787,visual,2026-05-13T09:49:19Z
2673,3727,56,0.988,hashtag,2026-05-13T09:49:19Z
2674,3728,27,0.871,visual,2026-05-13T09:49:19Z
2675,3729,31,0.982,inferred,2026-05-13T09:49:19Z
2676,3730,35,0.843,direct,2026-05-13T09:49:19Z
2677,3731,59,0.976,semantic,2026-05-13T09:49:19Z
2678,3732,55,0.912,hashtag,2026-05-13T09:49:19Z
2679,3734,31,0.911,inferred,2026-05-13T09:49:19Z
2680,3736,21,0.835,semantic,2026-05-13T09:49:19Z
2681,3738,55,0.814,visual,2026-05-13T09:49:19Z
2682,3739,36,0.954,inferred,2026-05-13T09:49:19Z
2683,3740,14,0.731,direct,2026-05-13T09:49:19Z
2684,3742,14,0.95,hashtag,2026-05-13T09:49:19Z
2685,3743,71,0.818,visual,2026-05-13T09:49:19Z
2686,3744,74,0.738,inferred,2026-05-13T09:49:19Z
2687,3745,64,0.94,direct,2026-05-13T09:49:19Z
2688,3746,46,0.993,semantic,2026-05-13T09:49:19Z
2689,3748,1,0.92,visual,2026-05-13T09:49:19Z
2690,3749,21,0.708,inferred,2026-05-13T09:49:19Z
2691,3751,13,0.899,semantic,2026-05-13T09:49:19Z
2692,3752,58,0.707,hashtag,2026-05-13T09:49:19Z
2693,3754,77,0.921,inferred,2026-05-13T09:49:19Z
2694,3755,22,0.843,direct,2026-05-13T09:49:19Z
2695,3757,54,0.781,hashtag,2026-05-13T09:49:19Z
2696,3760,13,0.859,direct,2026-05-13T09:49:19Z
2697,3761,72,0.908,semantic,2026-05-13T09:49:19Z
2698,3762,38,0.98,hashtag,2026-05-13T09:49:19Z
2699,3763,70,0.811,visual,2026-05-13T09:49:19Z
2700,3765,46,1,direct,2026-05-13T09:49:19Z
2701,3766,61,0.934,semantic,2026-05-13T09:49:19Z
2702,3767,5,0.865,hashtag,2026-05-13T09:49:19Z
2703,3768,78,0.984,visual,2026-05-13T09:49:19Z
2704,3769,73,0.969,inferred,2026-05-13T09:49:19Z
2705,3772,18,0.747,hashtag,2026-05-13T09:49:19Z
2706,3775,58,0.744,direct,2026-05-13T09:49:19Z
2707,3776,67,0.767,semantic,2026-05-13T09:49:19Z
2708,3777,56,0.748,hashtag,2026-05-13T09:49:19Z
2709,3780,40,0.84,direct,2026-05-13T09:49:19Z
2710,3787,13,0.855,hashtag,2026-05-13T09:49:19Z
2711,3788,8,0.935,visual,2026-05-13T09:49:19Z
2712,3789,52,0.741,inferred,2026-05-13T09:49:19Z
2713,3791,40,0.982,semantic,2026-05-13T09:49:19Z
2714,3793,54,0.787,visual,2026-05-13T09:49:19Z
2715,3794,32,0.953,inferred,2026-05-13T09:49:19Z
2716,3796,44,0.821,semantic,2026-05-13T09:49:19Z
2717,3797,3,0.844,hashtag,2026-05-13T09:49:19Z
2718,3798,27,0.793,visual,2026-05-13T09:49:19Z
2719,3799,41,0.741,inferred,2026-05-13T09:49:19Z
2720,3800,47,0.977,direct,2026-05-13T09:49:19Z
2721,3802,51,0.826,hashtag,2026-05-13T09:49:19Z
2722,3803,29,0.932,visual,2026-05-13T09:49:19Z
2723,3804,1,0.794,inferred,2026-05-13T09:49:19Z
2724,3806,17,0.943,semantic,2026-05-13T09:49:19Z
2725,3807,16,0.966,hashtag,2026-05-13T09:49:19Z
2726,3809,51,0.858,inferred,2026-05-13T09:49:19Z
2727,3810,59,0.798,direct,2026-05-13T09:49:19Z
2728,3811,50,0.78,semantic,2026-05-13T09:49:19Z
2729,3812,45,0.819,hashtag,2026-05-13T09:49:19Z
2730,3815,58,0.81,direct,2026-05-13T09:49:19Z
2731,3816,44,0.793,semantic,2026-05-13T09:49:19Z
2732,3817,2,0.752,hashtag,2026-05-13T09:49:19Z
2733,3820,70,0.716,direct,2026-05-13T09:49:19Z
2734,3821,32,0.981,semantic,2026-05-13T09:49:19Z
2735,3822,21,0.789,hashtag,2026-05-13T09:49:19Z
2736,3823,67,0.882,visual,2026-05-13T09:49:19Z
2737,3826,79,0.754,semantic,2026-05-13T09:49:19Z
2738,3827,22,0.817,hashtag,2026-05-13T09:49:19Z
2739,3830,16,0.76,direct,2026-05-13T09:49:19Z
2740,3831,12,0.942,semantic,2026-05-13T09:49:19Z
2741,3832,23,0.818,hashtag,2026-05-13T09:49:19Z
2742,3833,8,0.725,visual,2026-05-13T09:49:19Z
2743,3834,6,0.966,inferred,2026-05-13T09:49:19Z
2744,3836,28,0.738,semantic,2026-05-13T09:49:19Z
2745,3837,48,0.822,hashtag,2026-05-13T09:49:19Z
2746,3839,71,0.908,inferred,2026-05-13T09:49:19Z
2747,3840,15,0.93,direct,2026-05-13T09:49:19Z
2748,3841,7,0.872,semantic,2026-05-13T09:49:19Z
2749,3842,61,0.798,hashtag,2026-05-13T09:49:19Z
2750,3843,41,0.923,visual,2026-05-13T09:49:19Z
2751,3844,26,0.844,inferred,2026-05-13T09:49:19Z
2752,3845,20,0.928,direct,2026-05-13T09:49:19Z
2753,3846,42,0.738,semantic,2026-05-13T09:49:19Z
2754,3847,37,0.986,hashtag,2026-05-13T09:49:19Z
2755,3848,26,0.877,visual,2026-05-13T09:49:19Z
2756,3850,10,0.922,direct,2026-05-13T09:49:19Z
2757,3851,69,0.818,semantic,2026-05-13T09:49:19Z
2758,3852,51,0.764,hashtag,2026-05-13T09:49:19Z
2759,3853,39,0.987,visual,2026-05-13T09:49:19Z
2760,3854,11,0.843,inferred,2026-05-13T09:49:19Z
2761,3855,46,0.774,direct,2026-05-13T09:49:19Z
2762,3857,40,0.816,hashtag,2026-05-13T09:49:19Z
2763,3858,49,0.915,visual,2026-05-13T09:49:19Z
2764,3859,54,0.751,inferred,2026-05-13T09:49:19Z
2765,3860,52,0.723,direct,2026-05-13T09:49:19Z
2766,3861,24,0.989,semantic,2026-05-13T09:49:19Z
2767,3862,37,0.889,hashtag,2026-05-13T09:49:19Z
2768,3863,5,0.981,visual,2026-05-13T09:49:19Z
2769,3865,28,0.806,direct,2026-05-13T09:49:19Z
2770,3866,72,0.78,semantic,2026-05-13T09:49:19Z
2771,3868,32,0.897,visual,2026-05-13T09:49:19Z
2772,3869,28,0.773,inferred,2026-05-13T09:49:19Z
2773,3870,15,0.754,direct,2026-05-13T09:49:19Z
2774,3871,29,0.761,semantic,2026-05-13T09:49:19Z
2775,3872,40,0.757,hashtag,2026-05-13T09:49:19Z
2776,3873,45,0.912,visual,2026-05-13T09:49:19Z
2777,3874,65,0.896,inferred,2026-05-13T09:49:19Z
2778,3875,1,0.78,direct,2026-05-13T09:49:19Z
2779,3876,38,0.898,semantic,2026-05-13T09:49:19Z
2780,3877,13,0.765,hashtag,2026-05-13T09:49:19Z
2781,3878,51,0.94,visual,2026-05-13T09:49:19Z
2782,3880,35,0.766,direct,2026-05-13T09:49:19Z
2783,3881,42,0.937,semantic,2026-05-13T09:49:19Z
2784,3882,75,0.773,hashtag,2026-05-13T09:49:19Z
2785,3884,9,0.891,inferred,2026-05-13T09:49:19Z
2786,3887,77,0.903,hashtag,2026-05-13T09:49:19Z
2787,3888,4,0.78,visual,2026-05-13T09:49:19Z
2788,3889,54,0.898,inferred,2026-05-13T09:49:19Z
2789,3894,11,0.799,inferred,2026-05-13T09:49:19Z
2790,3895,26,0.996,direct,2026-05-13T09:49:19Z
2791,3898,13,0.733,visual,2026-05-13T09:49:19Z
2792,3899,31,0.755,inferred,2026-05-13T09:49:19Z
2793,3901,2,0.924,semantic,2026-05-13T09:49:19Z
2794,3902,34,0.934,hashtag,2026-05-13T09:49:19Z
2795,3903,17,0.951,visual,2026-05-13T09:49:19Z
2796,3904,36,0.888,inferred,2026-05-13T09:49:19Z
2797,3905,59,0.851,direct,2026-05-13T09:49:19Z
2798,3906,46,0.925,semantic,2026-05-13T09:49:19Z
2799,3907,38,0.86,hashtag,2026-05-13T09:49:19Z
2800,3908,65,0.714,visual,2026-05-13T09:49:19Z
2801,3909,22,0.827,inferred,2026-05-13T09:49:19Z
2802,3911,14,0.822,semantic,2026-05-13T09:49:19Z
2803,3912,16,0.734,hashtag,2026-05-13T09:49:19Z
2804,3914,77,0.843,inferred,2026-05-13T09:49:19Z
2805,3915,56,0.877,direct,2026-05-13T09:49:19Z
2806,3916,50,0.809,semantic,2026-05-13T09:49:19Z
2807,3917,37,0.849,hashtag,2026-05-13T09:49:19Z
2808,3918,34,0.795,visual,2026-05-13T09:49:19Z
2809,3919,20,0.771,inferred,2026-05-13T09:49:19Z
2810,3920,56,0.966,direct,2026-05-13T09:49:19Z
2811,3921,45,0.915,semantic,2026-05-13T09:49:19Z
2812,3922,19,0.836,hashtag,2026-05-13T09:49:19Z
2813,3924,20,0.982,inferred,2026-05-13T09:49:19Z
2814,3925,42,0.854,direct,2026-05-13T09:49:19Z
2815,3926,2,0.877,semantic,2026-05-13T09:49:19Z
2816,3927,62,0.931,hashtag,2026-05-13T09:49:19Z
2817,3929,57,0.933,inferred,2026-05-13T09:49:19Z
2818,3931,56,0.832,semantic,2026-05-13T09:49:19Z
2819,3932,7,0.88,hashtag,2026-05-13T09:49:19Z
2820,3933,74,0.909,visual,2026-05-13T09:49:19Z
2821,3934,72,0.958,inferred,2026-05-13T09:49:19Z
2822,3935,25,0.823,direct,2026-05-13T09:49:19Z
2823,3936,37,0.822,semantic,2026-05-13T09:49:19Z
2824,3937,58,0.894,hashtag,2026-05-13T09:49:19Z
2825,3938,30,0.731,visual,2026-05-13T09:49:19Z
2826,3939,41,0.837,inferred,2026-05-13T09:49:19Z
2827,3940,21,0.713,direct,2026-05-13T09:49:19Z
2828,3941,30,0.942,semantic,2026-05-13T09:49:19Z
2829,3942,41,0.866,hashtag,2026-05-13T09:49:19Z
2830,3943,47,0.797,visual,2026-05-13T09:49:19Z
2831,3948,7,0.793,visual,2026-05-13T09:49:19Z
2832,3949,32,0.772,inferred,2026-05-13T09:49:19Z
2833,3950,27,0.861,direct,2026-05-13T09:49:19Z
2834,3952,19,0.992,hashtag,2026-05-13T09:49:19Z
2835,3955,22,0.728,direct,2026-05-13T09:49:19Z
2836,3956,24,0.72,semantic,2026-05-13T09:49:19Z
2837,3957,24,0.821,hashtag,2026-05-13T09:49:19Z
2838,3958,70,0.89,visual,2026-05-13T09:49:19Z
2839,3959,14,0.759,inferred,2026-05-13T09:49:19Z
2840,3960,5,0.873,direct,2026-05-13T09:49:19Z
2841,3964,66,0.9,inferred,2026-05-13T09:49:19Z
2842,3967,60,0.889,hashtag,2026-05-13T09:49:19Z
2843,3968,1,0.88,visual,2026-05-13T09:49:19Z
2844,3969,5,0.914,inferred,2026-05-13T09:49:19Z
2845,3970,41,0.984,direct,2026-05-13T09:49:19Z
2846,3971,43,0.803,semantic,2026-05-13T09:49:19Z
2847,3972,5,0.914,hashtag,2026-05-13T09:49:19Z
2848,3973,48,0.822,visual,2026-05-13T09:49:19Z
2849,3974,32,0.802,inferred,2026-05-13T09:49:19Z
2850,3975,60,0.837,direct,2026-05-13T09:49:19Z
2851,3977,61,0.887,hashtag,2026-05-13T09:49:19Z
2852,3978,61,0.926,visual,2026-05-13T09:49:19Z
2853,3979,18,0.747,inferred,2026-05-13T09:49:19Z
2854,3980,65,0.919,direct,2026-05-13T09:49:19Z
2855,3981,50,0.803,semantic,2026-05-13T09:49:19Z
2856,3982,44,0.723,hashtag,2026-05-13T09:49:19Z
2857,3983,37,0.941,visual,2026-05-13T09:49:19Z
2858,3984,49,0.749,inferred,2026-05-13T09:49:19Z
2859,3985,32,0.887,direct,2026-05-13T09:49:19Z
2860,3986,49,0.774,semantic,2026-05-13T09:49:19Z
2861,3988,46,0.793,visual,2026-05-13T09:49:19Z
2862,3989,33,0.845,inferred,2026-05-13T09:49:19Z
2863,3990,47,0.973,direct,2026-05-13T09:49:19Z
2864,3993,12,0.87,visual,2026-05-13T09:49:19Z
2865,3994,70,0.945,inferred,2026-05-13T09:49:19Z
2866,3995,7,0.959,direct,2026-05-13T09:49:19Z
2867,3996,46,0.868,semantic,2026-05-13T09:49:19Z
2868,3997,23,0.925,hashtag,2026-05-13T09:49:19Z
2869,3998,34,0.747,visual,2026-05-13T09:49:19Z
2870,3999,36,0.943,inferred,2026-05-13T09:49:19Z
2871,4002,20,0.912,hashtag,2026-05-13T09:49:19Z
2872,4003,28,0.774,visual,2026-05-13T09:49:19Z
2873,4004,68,0.902,inferred,2026-05-13T09:49:19Z
2874,4006,68,0.844,semantic,2026-05-13T09:49:19Z
2875,4007,35,0.747,hashtag,2026-05-13T09:49:19Z
2876,4009,3,0.715,inferred,2026-05-13T09:49:19Z
2877,4010,54,0.968,direct,2026-05-13T09:49:19Z
2878,4012,14,0.889,hashtag,2026-05-13T09:49:19Z
2879,4014,31,0.954,inferred,2026-05-13T09:49:19Z
2880,4015,4,0.776,direct,2026-05-13T09:49:19Z
2881,4016,45,0.771,semantic,2026-05-13T09:49:19Z
2882,4017,7,0.899,hashtag,2026-05-13T09:49:19Z
2883,4018,2,0.82,visual,2026-05-13T09:49:19Z
2884,4020,54,0.856,direct,2026-05-13T09:49:19Z
2885,4021,28,0.878,semantic,2026-05-13T09:49:19Z
2886,4023,73,0.745,visual,2026-05-13T09:49:19Z
2887,4024,29,0.903,inferred,2026-05-13T09:49:19Z
2888,4025,15,0.853,direct,2026-05-13T09:49:19Z
2889,4026,40,0.785,semantic,2026-05-13T09:49:19Z
2890,4027,19,0.795,hashtag,2026-05-13T09:49:19Z
2891,4029,70,0.814,inferred,2026-05-13T09:49:19Z
2892,4030,64,0.897,direct,2026-05-13T09:49:19Z
2893,4033,78,0.948,visual,2026-05-13T09:49:19Z
2894,4034,63,0.761,inferred,2026-05-13T09:49:19Z
2895,4035,24,0.921,direct,2026-05-13T09:49:19Z
2896,4036,27,0.93,semantic,2026-05-13T09:49:19Z
2897,4037,49,0.852,hashtag,2026-05-13T09:49:19Z
2898,4038,9,0.948,visual,2026-05-13T09:49:19Z
2899,4039,73,0.707,inferred,2026-05-13T09:49:19Z
2900,4040,77,0.758,direct,2026-05-13T09:49:19Z
2901,4042,48,0.772,hashtag,2026-05-13T09:49:19Z
2902,4044,17,0.961,inferred,2026-05-13T09:49:19Z
2903,4045,60,0.821,direct,2026-05-13T09:49:19Z
2904,4046,53,0.78,semantic,2026-05-13T09:49:19Z
2905,4047,31,0.987,hashtag,2026-05-13T09:49:19Z
2906,4048,32,0.832,visual,2026-05-13T09:49:19Z
2907,4049,72,0.725,inferred,2026-05-13T09:49:19Z
2908,4050,13,0.848,direct,2026-05-13T09:49:19Z
2909,4052,60,0.824,hashtag,2026-05-13T09:49:19Z
2910,4054,62,0.937,inferred,2026-05-13T09:49:19Z
2911,4055,12,0.87,direct,2026-05-13T09:49:19Z
2912,4056,37,0.971,semantic,2026-05-13T09:49:19Z
2913,4058,77,0.76,visual,2026-05-13T09:49:19Z
2914,4059,68,0.938,inferred,2026-05-13T09:49:19Z
2915,4062,69,0.863,hashtag,2026-05-13T09:49:19Z
2916,4063,12,0.889,visual,2026-05-13T09:49:19Z
2917,4067,19,0.863,hashtag,2026-05-13T09:49:19Z
2918,4068,49,0.916,visual,2026-05-13T09:49:19Z
2919,4069,56,0.737,inferred,2026-05-13T09:49:19Z
2920,4071,20,0.86,semantic,2026-05-13T09:49:19Z
2921,4072,52,0.875,hashtag,2026-05-13T09:49:19Z
2922,4073,9,0.879,visual,2026-05-13T09:49:19Z
2923,4076,64,0.781,semantic,2026-05-13T09:49:19Z
2924,4079,58,0.947,inferred,2026-05-13T09:49:19Z
2925,4080,6,0.98,direct,2026-05-13T09:49:19Z
2926,4082,59,0.791,hashtag,2026-05-13T09:49:19Z
2927,4083,49,0.866,visual,2026-05-13T09:49:19Z
2928,4084,65,0.909,inferred,2026-05-13T09:49:19Z
2929,4086,21,0.909,semantic,2026-05-13T09:49:19Z
2930,4088,2,0.764,visual,2026-05-13T09:49:19Z
2931,4089,74,0.952,inferred,2026-05-13T09:49:19Z
2932,4091,23,0.969,semantic,2026-05-13T09:49:19Z
2933,4092,77,0.947,hashtag,2026-05-13T09:49:19Z
2934,4093,53,0.746,visual,2026-05-13T09:49:19Z
2935,4095,54,0.958,direct,2026-05-13T09:49:19Z
2936,4097,65,0.789,hashtag,2026-05-13T09:49:19Z
2937,4098,10,0.856,visual,2026-05-13T09:49:19Z
2938,4099,1,0.799,inferred,2026-05-13T09:49:19Z
2939,4101,11,0.832,semantic,2026-05-13T09:49:19Z
2940,4105,15,0.847,direct,2026-05-13T09:49:19Z
2941,4106,62,0.803,semantic,2026-05-13T09:49:19Z
2942,4107,13,0.792,hashtag,2026-05-13T09:49:19Z
2943,4109,6,0.933,inferred,2026-05-13T09:49:19Z
2944,4110,4,0.74,direct,2026-05-13T09:49:19Z
2945,4112,19,0.977,hashtag,2026-05-13T09:49:19Z
2946,4113,21,0.757,visual,2026-05-13T09:49:19Z
2947,4114,9,0.932,inferred,2026-05-13T09:49:19Z
2948,4115,31,0.982,direct,2026-05-13T09:49:19Z
2949,4117,50,0.71,hashtag,2026-05-13T09:49:19Z
2950,4119,60,0.76,inferred,2026-05-13T09:49:19Z
2951,4121,18,0.978,semantic,2026-05-13T09:49:19Z
2952,4123,34,0.982,visual,2026-05-13T09:49:19Z
2953,4124,39,0.876,inferred,2026-05-13T09:49:19Z
2954,4125,49,0.803,direct,2026-05-13T09:49:19Z
2955,4127,18,0.752,hashtag,2026-05-13T09:49:19Z
2956,4128,53,0.868,visual,2026-05-13T09:49:19Z
2957,4129,49,0.789,inferred,2026-05-13T09:49:19Z
2958,4130,66,0.895,direct,2026-05-13T09:49:19Z
2959,4131,32,0.743,semantic,2026-05-13T09:49:19Z
2960,4132,41,0.916,hashtag,2026-05-13T09:49:19Z
2961,4134,63,0.856,inferred,2026-05-13T09:49:19Z
2962,4135,70,0.864,direct,2026-05-13T09:49:19Z
2963,4136,6,0.818,semantic,2026-05-13T09:49:19Z
2964,4138,15,0.892,visual,2026-05-13T09:49:19Z
2965,4139,50,0.905,inferred,2026-05-13T09:49:19Z
2966,4140,67,0.756,direct,2026-05-13T09:49:19Z
2967,4142,30,0.915,hashtag,2026-05-13T09:49:19Z
2968,4143,8,0.822,visual,2026-05-13T09:49:19Z
2969,4144,63,0.783,inferred,2026-05-13T09:49:19Z
2970,4145,56,0.994,direct,2026-05-13T09:49:19Z
2971,4146,39,0.876,semantic,2026-05-13T09:49:19Z
2972,4147,53,0.777,hashtag,2026-05-13T09:49:19Z
2973,4148,51,0.922,visual,2026-05-13T09:49:19Z
2974,4150,33,0.929,direct,2026-05-13T09:49:19Z
2975,4151,60,0.762,semantic,2026-05-13T09:49:19Z
2976,4154,33,0.8,inferred,2026-05-13T09:49:19Z
2977,4155,36,0.803,direct,2026-05-13T09:49:19Z
2978,4156,20,0.718,semantic,2026-05-13T09:49:19Z
2979,4159,44,0.937,inferred,2026-05-13T09:49:19Z
2980,4161,62,0.836,semantic,2026-05-13T09:49:19Z
2981,4162,51,0.866,hashtag,2026-05-13T09:49:19Z
2982,4164,41,0.868,inferred,2026-05-13T09:49:19Z
2983,4166,10,0.88,semantic,2026-05-13T09:49:19Z
2984,4168,51,0.827,visual,2026-05-13T09:49:19Z
2985,4170,43,0.781,direct,2026-05-13T09:49:19Z
2986,4172,56,0.774,hashtag,2026-05-13T09:49:19Z
2987,4173,54,0.905,visual,2026-05-13T09:49:19Z
2988,4174,30,0.717,inferred,2026-05-13T09:49:19Z
2989,4175,56,0.72,direct,2026-05-13T09:49:19Z
2990,4176,59,0.959,semantic,2026-05-13T09:49:19Z
2991,4178,30,0.708,visual,2026-05-13T09:49:19Z
2992,4179,35,0.795,inferred,2026-05-13T09:49:19Z
2993,4180,17,0.815,direct,2026-05-13T09:49:19Z
2994,4181,27,0.743,semantic,2026-05-13T09:49:19Z
2995,4183,41,0.829,visual,2026-05-13T09:49:19Z
2996,4184,20,0.902,inferred,2026-05-13T09:49:19Z
2997,4185,46,0.961,direct,2026-05-13T09:49:19Z
2998,4186,46,0.842,semantic,2026-05-13T09:49:19Z
2999,4187,10,0.744,hashtag,2026-05-13T09:49:19Z
3000,4189,63,0.953,inferred,2026-05-13T09:49:19Z
3001,4190,4,0.754,direct,2026-05-13T09:49:19Z
3002,4192,69,0.901,hashtag,2026-05-13T09:49:19Z
3003,4193,55,0.83,visual,2026-05-13T09:49:19Z
3004,4194,29,0.913,inferred,2026-05-13T09:49:19Z
3005,4195,40,0.846,direct,2026-05-13T09:49:19Z
3006,4196,9,0.725,semantic,2026-05-13T09:49:19Z
3007,4198,67,0.706,visual,2026-05-13T09:49:19Z
3008,4199,43,0.858,inferred,2026-05-13T09:49:19Z
3009,4200,22,0.758,direct,2026-05-13T09:49:19Z
3010,4202,34,0.755,hashtag,2026-05-13T09:49:19Z
3011,4204,29,0.702,inferred,2026-05-13T09:49:19Z
3012,4205,49,0.724,direct,2026-05-13T09:49:19Z
3013,4207,50,0.735,hashtag,2026-05-13T09:49:19Z
3014,4208,62,0.918,visual,2026-05-13T09:49:19Z
3015,4209,55,0.798,inferred,2026-05-13T09:49:19Z
3016,4211,13,0.931,semantic,2026-05-13T09:49:19Z
3017,4213,42,0.776,visual,2026-05-13T09:49:19Z
3018,4214,25,0.963,inferred,2026-05-13T09:49:19Z
3019,4215,61,0.969,direct,2026-05-13T09:49:19Z
3020,4216,52,0.874,semantic,2026-05-13T09:49:19Z
3021,4217,19,0.947,hashtag,2026-05-13T09:49:19Z
3022,4219,26,0.9,inferred,2026-05-13T09:49:19Z
3023,4220,42,0.732,direct,2026-05-13T09:49:19Z
3024,4224,73,0.712,inferred,2026-05-13T09:49:19Z
3025,4225,78,0.784,direct,2026-05-13T09:49:19Z
3026,4227,46,0.959,hashtag,2026-05-13T09:49:19Z
3027,4228,41,0.763,visual,2026-05-13T09:49:19Z
3028,4229,56,0.791,inferred,2026-05-13T09:49:19Z
3029,4231,11,0.971,semantic,2026-05-13T09:49:19Z
3030,4233,77,0.849,visual,2026-05-13T09:49:19Z
3031,4234,11,0.727,inferred,2026-05-13T09:49:19Z
3032,4235,35,0.824,direct,2026-05-13T09:49:19Z
3033,4236,47,0.815,semantic,2026-05-13T09:49:19Z
3034,4237,73,0.985,hashtag,2026-05-13T09:49:19Z
3035,4238,62,0.948,visual,2026-05-13T09:49:19Z
3036,4239,72,0.929,inferred,2026-05-13T09:49:19Z
3037,4240,71,0.744,direct,2026-05-13T09:49:19Z
3038,4241,23,0.897,semantic,2026-05-13T09:49:19Z
3039,4244,69,0.732,inferred,2026-05-13T09:49:19Z
3040,4245,51,0.701,direct,2026-05-13T09:49:19Z
3041,4247,6,0.869,hashtag,2026-05-13T09:49:19Z
3042,4249,65,0.904,inferred,2026-05-13T09:49:19Z
3043,4251,4,0.985,semantic,2026-05-13T09:49:19Z
3044,4252,28,0.724,hashtag,2026-05-13T09:49:19Z
3045,4253,72,0.829,visual,2026-05-13T09:49:19Z
3046,4254,6,0.734,inferred,2026-05-13T09:49:19Z
3047,4255,32,0.92,direct,2026-05-13T09:49:19Z
3048,4256,19,0.825,semantic,2026-05-13T09:49:19Z
3049,4259,71,0.813,inferred,2026-05-13T09:49:19Z
3050,4260,49,0.816,direct,2026-05-13T09:49:19Z
3051,4261,58,0.799,semantic,2026-05-13T09:49:19Z
3052,4263,42,0.883,visual,2026-05-13T09:49:19Z
3053,4265,38,0.747,direct,2026-05-13T09:49:19Z
3054,4266,41,0.954,semantic,2026-05-13T09:49:19Z
3055,4269,55,0.826,inferred,2026-05-13T09:49:19Z
3056,4270,36,0.726,direct,2026-05-13T09:49:19Z
3057,4272,67,0.959,hashtag,2026-05-13T09:49:19Z
3058,4273,28,0.715,visual,2026-05-13T09:49:19Z
3059,4274,43,0.897,inferred,2026-05-13T09:49:19Z
3060,4276,55,0.896,semantic,2026-05-13T09:49:19Z
3061,4277,24,0.93,hashtag,2026-05-13T09:49:19Z
3062,4278,56,0.838,visual,2026-05-13T09:49:19Z
3063,4280,35,0.792,direct,2026-05-13T09:49:19Z
3064,4282,68,0.826,hashtag,2026-05-13T09:49:19Z
3065,4283,5,0.966,visual,2026-05-13T09:49:19Z
3066,4284,68,0.836,inferred,2026-05-13T09:49:19Z
3067,4285,12,0.771,direct,2026-05-13T09:49:19Z
3068,4286,20,0.828,semantic,2026-05-13T09:49:19Z
3069,4289,73,0.834,inferred,2026-05-13T09:49:19Z
3070,4290,1,0.876,direct,2026-05-13T09:49:19Z
3071,4291,72,0.721,semantic,2026-05-13T09:49:19Z
3072,4292,77,0.925,hashtag,2026-05-13T09:49:19Z
3073,4295,55,0.806,direct,2026-05-13T09:49:19Z
3074,4296,47,0.984,semantic,2026-05-13T09:49:19Z
3075,4297,31,0.931,hashtag,2026-05-13T09:49:19Z
3076,4298,79,0.77,visual,2026-05-13T09:49:19Z
3077,4300,31,0.788,direct,2026-05-13T09:49:19Z
3078,4301,38,0.825,semantic,2026-05-13T09:49:19Z
3079,4302,77,0.858,hashtag,2026-05-13T09:49:19Z
3080,4304,9,0.902,inferred,2026-05-13T09:49:19Z
3081,4306,49,0.746,semantic,2026-05-13T09:49:19Z
3082,4307,26,0.846,hashtag,2026-05-13T09:49:19Z
3083,4308,59,0.969,visual,2026-05-13T09:49:19Z
3084,4309,36,0.884,inferred,2026-05-13T09:49:19Z
3085,4310,42,0.938,direct,2026-05-13T09:49:19Z
3086,4311,63,0.982,semantic,2026-05-13T09:49:19Z
3087,4312,31,0.894,hashtag,2026-05-13T09:49:19Z
3088,4314,31,0.791,inferred,2026-05-13T09:49:19Z
3089,4315,77,0.84,direct,2026-05-13T09:49:19Z
3090,4316,17,0.814,semantic,2026-05-13T09:49:19Z
3091,4317,2,0.721,hashtag,2026-05-13T09:49:19Z
3092,4320,27,0.806,direct,2026-05-13T09:49:19Z
3093,4321,30,0.761,semantic,2026-05-13T09:49:19Z
3094,4322,35,0.703,hashtag,2026-05-13T09:49:19Z
3095,4323,55,0.911,visual,2026-05-13T09:49:19Z
3096,4324,9,0.787,inferred,2026-05-13T09:49:19Z
3097,4326,6,0.955,semantic,2026-05-13T09:49:19Z
3098,4327,45,0.702,hashtag,2026-05-13T09:49:19Z
3099,4328,39,0.785,visual,2026-05-13T09:49:19Z
3100,4329,17,0.809,inferred,2026-05-13T09:49:19Z
3101,4330,51,0.88,direct,2026-05-13T09:49:19Z
3102,4331,35,0.887,semantic,2026-05-13T09:49:19Z
3103,4332,18,0.833,hashtag,2026-05-13T09:49:19Z
3104,4333,30,0.728,visual,2026-05-13T09:49:19Z
3105,4335,59,0.743,direct,2026-05-13T09:49:19Z
3106,4336,76,0.797,semantic,2026-05-13T09:49:19Z
3107,4337,47,0.736,hashtag,2026-05-13T09:49:19Z
3108,4339,67,0.886,inferred,2026-05-13T09:49:19Z
3109,4340,62,0.811,direct,2026-05-13T09:49:19Z
3110,4341,11,0.829,semantic,2026-05-13T09:49:19Z
3111,4342,29,0.995,hashtag,2026-05-13T09:49:19Z
3112,4344,77,0.926,inferred,2026-05-13T09:49:19Z
3113,4345,73,0.834,direct,2026-05-13T09:49:19Z
3114,4346,25,0.949,semantic,2026-05-13T09:49:19Z
3115,4347,14,0.772,hashtag,2026-05-13T09:49:19Z
3116,4350,62,0.986,direct,2026-05-13T09:49:19Z
3117,4351,53,0.944,semantic,2026-05-13T09:49:19Z
3118,4353,63,0.746,visual,2026-05-13T09:49:19Z
3119,4356,15,0.867,semantic,2026-05-13T09:49:19Z
3120,4357,46,0.996,hashtag,2026-05-13T09:49:19Z
3121,4358,33,0.846,visual,2026-05-13T09:49:19Z
3122,4359,7,0.887,inferred,2026-05-13T09:49:19Z
3123,4361,25,0.83,semantic,2026-05-13T09:49:19Z
3124,4362,2,0.928,hashtag,2026-05-13T09:49:19Z
3125,4364,39,0.967,inferred,2026-05-13T09:49:19Z
3126,4365,28,0.713,direct,2026-05-13T09:49:19Z
3127,4366,65,0.927,semantic,2026-05-13T09:49:19Z
3128,4367,2,0.965,hashtag,2026-05-13T09:49:19Z
3129,4368,68,0.831,visual,2026-05-13T09:49:19Z
3130,4369,66,0.948,inferred,2026-05-13T09:49:19Z
3131,4370,28,0.756,direct,2026-05-13T09:49:19Z
3132,4371,26,0.883,semantic,2026-05-13T09:49:19Z
3133,4374,19,0.789,inferred,2026-05-13T09:49:19Z
3134,4375,18,0.708,direct,2026-05-13T09:49:19Z
3135,4376,68,0.7,semantic,2026-05-13T09:49:19Z
3136,4377,70,0.749,hashtag,2026-05-13T09:49:19Z
3137,4379,4,0.827,inferred,2026-05-13T09:49:19Z
3138,4380,6,0.917,direct,2026-05-13T09:49:19Z
3139,4381,41,0.923,semantic,2026-05-13T09:49:19Z
3140,4385,72,0.709,direct,2026-05-13T09:49:19Z
3141,4386,63,0.795,semantic,2026-05-13T09:49:19Z
3142,4388,30,0.939,visual,2026-05-13T09:49:19Z
3143,4391,46,0.796,semantic,2026-05-13T09:49:19Z
3144,4393,52,0.758,visual,2026-05-13T09:49:19Z
3145,4394,57,0.766,inferred,2026-05-13T09:49:19Z
3146,4396,68,0.774,semantic,2026-05-13T09:49:19Z
3147,4397,76,0.714,hashtag,2026-05-13T09:49:19Z
3148,4398,11,0.87,visual,2026-05-13T09:49:19Z
3149,4400,5,0.935,direct,2026-05-13T09:49:19Z
3150,4401,2,0.93,semantic,2026-05-13T09:49:19Z
3151,4403,15,0.902,visual,2026-05-13T09:49:19Z
3152,4405,15,0.795,direct,2026-05-13T09:49:19Z
3153,4406,54,0.715,semantic,2026-05-13T09:49:19Z
3154,4407,13,0.909,hashtag,2026-05-13T09:49:19Z
3155,4408,12,0.999,visual,2026-05-13T09:49:19Z
3156,4409,33,0.87,inferred,2026-05-13T09:49:19Z
3157,4410,61,0.727,direct,2026-05-13T09:49:19Z
3158,4412,27,0.801,hashtag,2026-05-13T09:49:19Z
3159,4413,14,0.74,visual,2026-05-13T09:49:19Z
3160,4416,54,0.85,semantic,2026-05-13T09:49:19Z
3161,4417,64,0.771,hashtag,2026-05-13T09:49:19Z
3162,4419,11,0.909,inferred,2026-05-13T09:49:19Z
3163,4420,12,0.738,direct,2026-05-13T09:49:19Z
3164,4421,11,0.752,semantic,2026-05-13T09:49:19Z
3165,4424,55,0.886,inferred,2026-05-13T09:49:19Z
3166,4425,13,0.828,direct,2026-05-13T09:49:19Z
3167,4427,13,0.737,hashtag,2026-05-13T09:49:19Z
3168,4428,66,0.772,visual,2026-05-13T09:49:19Z
3169,4429,67,0.971,inferred,2026-05-13T09:49:19Z
3170,4430,41,0.946,direct,2026-05-13T09:49:19Z
3171,4431,60,0.718,semantic,2026-05-13T09:49:19Z
3172,4432,63,0.781,hashtag,2026-05-13T09:49:19Z
3173,4434,60,0.967,inferred,2026-05-13T09:49:19Z
3174,4435,23,0.711,direct,2026-05-13T09:49:19Z
3175,4436,32,0.904,semantic,2026-05-13T09:49:19Z
3176,4437,75,0.853,hashtag,2026-05-13T09:49:19Z
3177,4438,50,0.865,visual,2026-05-13T09:49:19Z
3178,4439,2,0.801,inferred,2026-05-13T09:49:19Z
3179,4440,33,0.713,direct,2026-05-13T09:49:19Z
3180,4441,76,0.95,semantic,2026-05-13T09:49:19Z
3181,4442,24,0.876,hashtag,2026-05-13T09:49:19Z
3182,4444,72,0.74,inferred,2026-05-13T09:49:19Z
3183,4445,14,0.796,direct,2026-05-13T09:49:19Z
3184,4446,20,0.744,semantic,2026-05-13T09:49:19Z
3185,4447,71,0.819,hashtag,2026-05-13T09:49:19Z
3186,4448,72,0.789,visual,2026-05-13T09:49:19Z
3187,4449,71,0.995,inferred,2026-05-13T09:49:19Z
3188,4450,76,0.76,direct,2026-05-13T09:49:19Z
3189,4451,34,0.927,semantic,2026-05-13T09:49:19Z
3190,4452,70,0.862,hashtag,2026-05-13T09:49:19Z
3191,4453,76,0.997,visual,2026-05-13T09:49:19Z
3192,4454,52,0.748,inferred,2026-05-13T09:49:19Z
3193,4459,48,0.985,inferred,2026-05-13T09:49:19Z
3194,4460,6,0.864,direct,2026-05-13T09:49:19Z
3195,4461,12,0.836,semantic,2026-05-13T09:49:19Z
3196,4463,38,0.739,visual,2026-05-13T09:49:19Z
3197,4464,70,0.83,inferred,2026-05-13T09:49:19Z
3198,4465,53,0.813,direct,2026-05-13T09:49:19Z
3199,4467,4,0.726,hashtag,2026-05-13T09:49:19Z
3200,4468,71,0.954,visual,2026-05-13T09:49:19Z
3201,4469,65,0.955,inferred,2026-05-13T09:49:19Z
3202,4470,77,0.84,direct,2026-05-13T09:49:19Z
3203,4471,48,0.851,semantic,2026-05-13T09:49:19Z
3204,4472,75,0.979,hashtag,2026-05-13T09:49:19Z
3205,4473,68,0.729,visual,2026-05-13T09:49:19Z
3206,4475,34,0.736,direct,2026-05-13T09:49:19Z
3207,4476,21,0.947,semantic,2026-05-13T09:49:19Z
3208,4477,74,0.862,hashtag,2026-05-13T09:49:19Z
3209,4479,34,0.801,inferred,2026-05-13T09:49:19Z
3210,4480,69,0.869,direct,2026-05-13T09:49:19Z
3211,4481,36,0.802,semantic,2026-05-13T09:49:19Z
3212,4482,9,0.84,hashtag,2026-05-13T09:49:19Z
3213,4483,40,0.913,visual,2026-05-13T09:49:19Z
3214,4484,6,0.768,inferred,2026-05-13T09:49:19Z
3215,4485,41,0.84,direct,2026-05-13T09:49:19Z
3216,4487,5,0.726,hashtag,2026-05-13T09:49:19Z
3217,4489,36,0.966,inferred,2026-05-13T09:49:19Z
3218,4492,4,0.76,hashtag,2026-05-13T09:49:19Z
3219,4493,11,0.886,visual,2026-05-13T09:49:19Z
3220,4496,57,0.97,semantic,2026-05-13T09:49:19Z
3221,4497,12,0.745,hashtag,2026-05-13T09:49:19Z
3222,4499,6,0.873,inferred,2026-05-13T09:49:19Z
3223,4500,72,0.981,direct,2026-05-13T09:49:19Z
3224,4501,11,0.886,semantic,2026-05-13T09:49:19Z
3225,4502,26,0.749,hashtag,2026-05-13T09:49:19Z
3226,4505,6,0.915,direct,2026-05-13T09:49:19Z
3227,4506,39,0.786,semantic,2026-05-13T09:49:19Z
3228,4507,56,0.828,hashtag,2026-05-13T09:49:19Z
3229,4508,52,0.741,visual,2026-05-13T09:49:19Z
3230,4510,19,0.977,direct,2026-05-13T09:49:19Z
3231,4511,48,0.855,semantic,2026-05-13T09:49:19Z
3232,4512,44,0.852,hashtag,2026-05-13T09:49:19Z
3233,4513,63,0.727,visual,2026-05-13T09:49:19Z
3234,4514,77,0.817,inferred,2026-05-13T09:49:19Z
3235,4515,67,0.821,direct,2026-05-13T09:49:19Z
3236,4516,49,0.814,semantic,2026-05-13T09:49:19Z
3237,4517,79,0.954,hashtag,2026-05-13T09:49:19Z
3238,4519,16,0.768,inferred,2026-05-13T09:49:19Z
3239,4521,21,0.728,semantic,2026-05-13T09:49:19Z
3240,4522,71,0.993,hashtag,2026-05-13T09:49:19Z
3241,4523,70,0.988,visual,2026-05-13T09:49:19Z
3242,4524,29,0.927,inferred,2026-05-13T09:49:19Z
3243,4525,38,0.767,direct,2026-05-13T09:49:19Z
3244,4526,17,0.814,semantic,2026-05-13T09:49:19Z
3245,4527,76,0.715,hashtag,2026-05-13T09:49:19Z
3246,4528,17,0.905,visual,2026-05-13T09:49:19Z
3247,4531,39,0.8,semantic,2026-05-13T09:49:19Z
3248,4532,20,0.834,hashtag,2026-05-13T09:49:19Z
3249,4533,61,0.91,visual,2026-05-13T09:49:19Z
3250,4534,16,0.981,inferred,2026-05-13T09:49:19Z
3251,4535,38,0.768,direct,2026-05-13T09:49:19Z
3252,4536,52,0.803,semantic,2026-05-13T09:49:19Z
3253,4538,76,0.743,visual,2026-05-13T09:49:19Z
3254,4539,79,0.748,inferred,2026-05-13T09:49:19Z
3255,4540,60,0.787,direct,2026-05-13T09:49:19Z
3256,4541,14,0.877,semantic,2026-05-13T09:49:19Z
3257,4542,67,0.918,hashtag,2026-05-13T09:49:19Z
3258,4544,14,0.871,inferred,2026-05-13T09:49:19Z
3259,4545,43,0.945,direct,2026-05-13T09:49:19Z
3260,4547,45,0.87,hashtag,2026-05-13T09:49:19Z
3261,4548,35,0.963,visual,2026-05-13T09:49:19Z
3262,4549,41,0.991,inferred,2026-05-13T09:49:19Z
3263,4550,50,0.957,direct,2026-05-13T09:49:19Z
3264,4552,39,0.921,hashtag,2026-05-13T09:49:19Z
3265,4553,28,0.828,visual,2026-05-13T09:49:19Z
3266,4555,75,0.871,direct,2026-05-13T09:49:19Z
3267,4556,31,0.957,semantic,2026-05-13T09:49:19Z
3268,4557,21,0.828,hashtag,2026-05-13T09:49:19Z
3269,4558,47,0.93,visual,2026-05-13T09:49:19Z
3270,4560,28,0.881,direct,2026-05-13T09:49:19Z
3271,4563,15,0.909,visual,2026-05-13T09:49:19Z
3272,4564,5,0.762,inferred,2026-05-13T09:49:19Z
3273,4565,53,0.971,direct,2026-05-13T09:49:19Z
3274,4566,70,0.729,semantic,2026-05-13T09:49:19Z
3275,4568,18,0.908,visual,2026-05-13T09:49:19Z
3276,4569,21,0.873,inferred,2026-05-13T09:49:19Z
3277,4570,77,0.86,direct,2026-05-13T09:49:19Z
3278,4572,47,0.966,hashtag,2026-05-13T09:49:19Z
3279,4573,19,0.868,visual,2026-05-13T09:49:19Z
3280,4574,37,0.864,inferred,2026-05-13T09:49:19Z
3281,4575,39,0.877,direct,2026-05-13T09:49:19Z
3282,4576,72,0.963,semantic,2026-05-13T09:49:19Z
3283,4577,14,0.817,hashtag,2026-05-13T09:49:19Z
3284,4578,1,0.715,visual,2026-05-13T09:49:19Z
3285,4579,50,0.955,inferred,2026-05-13T09:49:19Z
3286,4580,28,0.852,direct,2026-05-13T09:49:19Z
3287,4582,3,0.878,hashtag,2026-05-13T09:49:19Z
3288,4583,64,0.871,visual,2026-05-13T09:49:19Z
3289,4585,37,0.809,direct,2026-05-13T09:49:19Z
3290,4586,62,0.908,semantic,2026-05-13T09:49:19Z
3291,4587,22,0.929,hashtag,2026-05-13T09:49:19Z
3292,4588,39,0.822,visual,2026-05-13T09:49:19Z
3293,4589,76,0.872,inferred,2026-05-13T09:49:19Z
3294,4590,8,0.914,direct,2026-05-13T09:49:19Z
3295,4591,73,0.933,semantic,2026-05-13T09:49:19Z
3296,4592,53,0.743,hashtag,2026-05-13T09:49:19Z
3297,4593,3,0.738,visual,2026-05-13T09:49:19Z
3298,4594,29,0.988,inferred,2026-05-13T09:49:19Z
3299,4595,14,0.7,direct,2026-05-13T09:49:19Z
3300,4596,70,0.918,semantic,2026-05-13T09:49:19Z
3301,4597,14,0.773,hashtag,2026-05-13T09:49:19Z
3302,4598,72,0.754,visual,2026-05-13T09:49:19Z
3303,4599,9,0.778,inferred,2026-05-13T09:49:19Z
3304,4600,39,0.926,direct,2026-05-13T09:49:19Z
3305,4601,73,0.834,semantic,2026-05-13T09:49:19Z
3306,4602,71,0.905,hashtag,2026-05-13T09:49:19Z
3307,4603,42,0.817,visual,2026-05-13T09:49:19Z
3308,4604,56,0.845,inferred,2026-05-13T09:49:19Z
3309,4606,52,0.799,semantic,2026-05-13T09:49:19Z
3310,4607,41,0.765,hashtag,2026-05-13T09:49:19Z
3311,4608,50,0.778,visual,2026-05-13T09:49:19Z
3312,4609,10,0.753,inferred,2026-05-13T09:49:19Z
3313,4610,53,0.957,direct,2026-05-13T09:49:19Z
3314,4611,67,0.995,semantic,2026-05-13T09:49:19Z
3315,4613,15,0.995,visual,2026-05-13T09:49:19Z
3316,4614,10,0.823,inferred,2026-05-13T09:49:19Z
3317,4615,75,0.929,direct,2026-05-13T09:49:19Z
3318,4617,64,0.789,hashtag,2026-05-13T09:49:19Z
3319,4618,27,0.893,visual,2026-05-13T09:49:19Z
3320,4619,64,0.925,inferred,2026-05-13T09:49:19Z
3321,4620,48,0.871,direct,2026-05-13T09:49:19Z
3322,4621,42,0.755,semantic,2026-05-13T09:49:19Z
3323,4622,5,0.88,hashtag,2026-05-13T09:49:19Z
3324,4623,42,0.901,visual,2026-05-13T09:49:19Z
3325,4624,68,0.918,inferred,2026-05-13T09:49:19Z
3326,4625,23,0.78,direct,2026-05-13T09:49:19Z
3327,4626,67,0.874,semantic,2026-05-13T09:49:19Z
3328,4627,36,0.943,hashtag,2026-05-13T09:49:19Z
3329,4628,79,0.981,visual,2026-05-13T09:49:19Z
3330,4629,17,0.793,inferred,2026-05-13T09:49:19Z
3331,4630,79,0.806,direct,2026-05-13T09:49:19Z
3332,4631,53,0.79,semantic,2026-05-13T09:49:19Z
3333,4633,62,0.888,visual,2026-05-13T09:49:19Z
3334,4637,1,0.734,hashtag,2026-05-13T09:49:19Z
3335,4638,20,0.884,visual,2026-05-13T09:49:19Z
3336,4640,51,0.755,direct,2026-05-13T09:49:19Z
3337,4641,43,0.73,semantic,2026-05-13T09:49:19Z
3338,4642,63,0.795,hashtag,2026-05-13T09:49:19Z
3339,4643,59,0.768,visual,2026-05-13T09:49:19Z
3340,4646,21,0.728,semantic,2026-05-13T09:49:19Z
3341,4648,35,0.897,visual,2026-05-13T09:49:19Z
3342,4650,6,0.709,direct,2026-05-13T09:49:19Z
3343,4652,55,0.988,hashtag,2026-05-13T09:49:19Z
3344,4653,43,0.938,visual,2026-05-13T09:49:19Z
3345,4655,35,0.795,direct,2026-05-13T09:49:19Z
3346,4656,60,0.865,semantic,2026-05-13T09:49:19Z
3347,4657,22,0.955,hashtag,2026-05-13T09:49:19Z
3348,4661,67,0.805,semantic,2026-05-13T09:49:19Z
3349,4664,32,0.808,inferred,2026-05-13T09:49:19Z
3350,4665,71,0.772,direct,2026-05-13T09:49:19Z
3351,4667,73,0.856,hashtag,2026-05-13T09:49:19Z
3352,4669,39,0.796,inferred,2026-05-13T09:49:19Z
3353,4670,38,0.715,direct,2026-05-13T09:49:19Z
3354,4671,29,0.723,semantic,2026-05-13T09:49:19Z
3355,4672,40,0.735,hashtag,2026-05-13T09:49:19Z
3356,4673,39,0.882,visual,2026-05-13T09:49:19Z
3357,4674,70,0.787,inferred,2026-05-13T09:49:19Z
3358,4675,30,0.845,direct,2026-05-13T09:49:19Z
3359,4676,29,0.89,semantic,2026-05-13T09:49:19Z
3360,4677,29,0.739,hashtag,2026-05-13T09:49:19Z
3361,4678,16,0.744,visual,2026-05-13T09:49:19Z
3362,4681,14,0.928,semantic,2026-05-13T09:49:19Z
3363,4683,7,0.832,visual,2026-05-13T09:49:19Z
3364,4684,57,0.744,inferred,2026-05-13T09:49:19Z
3365,4685,17,0.701,direct,2026-05-13T09:49:19Z
3366,4688,64,0.847,visual,2026-05-13T09:49:19Z
3367,4689,55,0.884,inferred,2026-05-13T09:49:19Z
3368,4690,39,0.855,direct,2026-05-13T09:49:19Z
3369,4693,21,0.89,visual,2026-05-13T09:49:19Z
3370,4697,50,0.828,hashtag,2026-05-13T09:49:19Z
3371,4698,18,0.713,visual,2026-05-13T09:49:19Z
3372,4699,37,0.952,inferred,2026-05-13T09:49:19Z
3373,4701,67,0.914,semantic,2026-05-13T09:49:19Z
3374,4703,57,0.947,visual,2026-05-13T09:49:19Z
3375,4706,45,0.725,semantic,2026-05-13T09:49:19Z
3376,4707,44,0.859,hashtag,2026-05-13T09:49:19Z
3377,4708,9,0.929,visual,2026-05-13T09:49:19Z
3378,4711,63,0.832,semantic,2026-05-13T09:49:19Z
3379,4712,34,0.934,hashtag,2026-05-13T09:49:19Z
3380,4713,40,0.858,visual,2026-05-13T09:49:19Z
3381,4714,3,0.848,inferred,2026-05-13T09:49:19Z
3382,4715,7,0.857,direct,2026-05-13T09:49:19Z
3383,4716,16,0.868,semantic,2026-05-13T09:49:19Z
3384,4718,52,0.926,visual,2026-05-13T09:49:19Z
3385,4719,57,0.851,inferred,2026-05-13T09:49:19Z
3386,4720,22,0.88,direct,2026-05-13T09:49:19Z
3387,4721,33,0.807,semantic,2026-05-13T09:49:19Z
3388,4723,11,0.901,visual,2026-05-13T09:49:19Z
3389,4726,22,0.981,semantic,2026-05-13T09:49:19Z
3390,4728,30,0.775,visual,2026-05-13T09:49:19Z
3391,4729,74,0.857,inferred,2026-05-13T09:49:19Z
3392,4730,2,0.731,direct,2026-05-13T09:49:19Z
3393,4731,65,0.966,semantic,2026-05-13T09:49:19Z
3394,4732,66,0.822,hashtag,2026-05-13T09:49:19Z
3395,4734,7,0.791,inferred,2026-05-13T09:49:19Z
3396,4735,62,0.869,direct,2026-05-13T09:49:19Z
3397,4736,29,0.807,semantic,2026-05-13T09:49:19Z
3398,4737,39,0.994,hashtag,2026-05-13T09:49:19Z
3399,4739,54,0.816,inferred,2026-05-13T09:49:19Z
3400,4740,57,0.926,direct,2026-05-13T09:49:19Z
3401,4741,61,0.867,semantic,2026-05-13T09:49:19Z
3402,4742,8,0.709,hashtag,2026-05-13T09:49:19Z
3403,4743,26,0.886,visual,2026-05-13T09:49:19Z
3404,4744,27,0.943,inferred,2026-05-13T09:49:19Z
3405,4745,20,0.994,direct,2026-05-13T09:49:19Z
3406,4746,3,0.788,semantic,2026-05-13T09:49:19Z
3407,4747,48,0.76,hashtag,2026-05-13T09:49:19Z
3408,4749,73,0.736,inferred,2026-05-13T09:49:19Z
3409,4750,17,0.943,direct,2026-05-13T09:49:19Z
3410,4751,36,0.907,semantic,2026-05-13T09:49:19Z
3411,4752,34,0.857,hashtag,2026-05-13T09:49:19Z
3412,4753,30,0.851,visual,2026-05-13T09:49:19Z
3413,4754,15,0.772,inferred,2026-05-13T09:49:19Z
3414,4755,73,0.906,direct,2026-05-13T09:49:19Z
3415,4756,66,0.755,semantic,2026-05-13T09:49:19Z
3416,4758,69,0.928,visual,2026-05-13T09:49:19Z
3417,4759,9,0.973,inferred,2026-05-13T09:49:19Z
3418,4760,72,0.746,direct,2026-05-13T09:49:19Z
3419,4761,69,0.704,semantic,2026-05-13T09:49:19Z
3420,4762,15,0.843,hashtag,2026-05-13T09:49:19Z
3421,4764,22,0.857,inferred,2026-05-13T09:49:19Z
3422,4765,76,0.824,direct,2026-05-13T09:49:19Z
3423,4766,71,0.704,semantic,2026-05-13T09:49:19Z
3424,4767,25,0.774,hashtag,2026-05-13T09:49:19Z
3425,4768,57,0.788,visual,2026-05-13T09:49:19Z
3426,4770,52,0.708,direct,2026-05-13T09:49:19Z
3427,4771,16,0.703,semantic,2026-05-13T09:49:19Z
3428,4773,58,0.798,visual,2026-05-13T09:49:19Z
3429,4776,34,0.75,semantic,2026-05-13T09:49:19Z
3430,4777,76,0.801,hashtag,2026-05-13T09:49:19Z
3431,4778,72,0.936,visual,2026-05-13T09:49:19Z
3432,4779,14,0.79,inferred,2026-05-13T09:49:19Z
3433,4780,20,0.891,direct,2026-05-13T09:49:19Z
3434,4781,25,0.856,semantic,2026-05-13T09:49:19Z
3435,4782,4,0.981,hashtag,2026-05-13T09:49:19Z
3436,4783,29,0.776,visual,2026-05-13T09:49:19Z
3437,4785,21,0.93,direct,2026-05-13T09:49:19Z
3438,4786,10,0.757,semantic,2026-05-13T09:49:19Z
3439,4787,20,0.9,hashtag,2026-05-13T09:49:19Z
3440,4788,64,0.987,visual,2026-05-13T09:49:19Z
3441,4789,28,0.709,inferred,2026-05-13T09:49:19Z
3442,4793,73,0.871,visual,2026-05-13T09:49:19Z
3443,4796,75,0.924,semantic,2026-05-13T09:49:19Z
3444,4797,40,0.937,hashtag,2026-05-13T09:49:19Z
3445,4798,21,0.813,visual,2026-05-13T09:49:19Z
3446,4802,62,0.949,hashtag,2026-05-13T09:49:19Z
3447,4803,43,0.917,visual,2026-05-13T09:49:19Z
3448,4805,2,0.986,direct,2026-05-13T09:49:19Z
3449,4806,56,0.907,semantic,2026-05-13T09:49:19Z
3450,4808,26,0.797,visual,2026-05-13T09:49:19Z
3451,4809,66,0.943,inferred,2026-05-13T09:49:19Z
3452,4811,35,0.971,semantic,2026-05-13T09:49:19Z
3453,4813,32,0.877,visual,2026-05-13T09:49:19Z
3454,4814,12,0.741,inferred,2026-05-13T09:49:19Z
3455,4816,74,0.862,semantic,2026-05-13T09:49:19Z
3456,4819,43,0.859,inferred,2026-05-13T09:49:19Z
3457,4820,11,0.978,direct,2026-05-13T09:49:19Z
3458,4821,66,0.923,semantic,2026-05-13T09:49:19Z
3459,4824,25,0.745,inferred,2026-05-13T09:49:19Z
3460,4825,17,0.877,direct,2026-05-13T09:49:19Z
3461,4826,52,0.803,semantic,2026-05-13T09:49:19Z
3462,4827,45,0.98,hashtag,2026-05-13T09:49:19Z
3463,4828,32,0.831,visual,2026-05-13T09:49:19Z
3464,4829,60,0.788,inferred,2026-05-13T09:49:19Z
3465,4830,44,0.751,direct,2026-05-13T09:49:19Z
3466,4831,19,0.949,semantic,2026-05-13T09:49:19Z
3467,4832,75,0.748,hashtag,2026-05-13T09:49:19Z
3468,4833,53,0.927,visual,2026-05-13T09:49:19Z
3469,4834,53,0.996,inferred,2026-05-13T09:49:19Z
3470,4835,7,0.992,direct,2026-05-13T09:49:19Z
3471,4836,42,0.957,semantic,2026-05-13T09:49:19Z
3472,4837,75,0.887,hashtag,2026-05-13T09:49:19Z
3473,4838,41,0.977,visual,2026-05-13T09:49:19Z
3474,4839,18,0.758,inferred,2026-05-13T09:49:19Z
3475,4840,40,0.93,direct,2026-05-13T09:49:19Z
3476,4841,69,0.849,semantic,2026-05-13T09:49:19Z
3477,4844,78,0.827,inferred,2026-05-13T09:49:19Z
3478,4845,24,0.92,direct,2026-05-13T09:49:19Z
3479,4846,42,0.998,semantic,2026-05-13T09:49:19Z
3480,4847,26,0.838,hashtag,2026-05-13T09:49:19Z
3481,4848,14,0.843,visual,2026-05-13T09:49:19Z
3482,4849,11,0.98,inferred,2026-05-13T09:49:19Z
3483,4851,7,0.999,semantic,2026-05-13T09:49:19Z
3484,4854,27,0.878,inferred,2026-05-13T09:49:19Z
3485,4856,65,0.89,semantic,2026-05-13T09:49:19Z
3486,4857,68,0.908,hashtag,2026-05-13T09:49:19Z
3487,4859,12,0.845,inferred,2026-05-13T09:49:19Z
3488,4863,70,0.756,visual,2026-05-13T09:49:19Z
3489,4864,48,0.76,inferred,2026-05-13T09:49:19Z
3490,4866,32,0.994,semantic,2026-05-13T09:49:19Z
3491,4867,51,0.811,hashtag,2026-05-13T09:49:19Z
3492,4868,55,0.826,visual,2026-05-13T09:49:19Z
3493,4869,61,0.859,inferred,2026-05-13T09:49:19Z
3494,4870,61,0.961,direct,2026-05-13T09:49:19Z
3495,4871,16,0.725,semantic,2026-05-13T09:49:19Z
3496,4873,40,0.904,visual,2026-05-13T09:49:19Z
3497,4874,47,0.848,inferred,2026-05-13T09:49:19Z
3498,4876,3,0.727,semantic,2026-05-13T09:49:19Z
3499,4877,72,0.87,hashtag,2026-05-13T09:49:19Z
3500,4878,44,0.832,visual,2026-05-13T09:49:19Z
3501,4879,36,0.943,inferred,2026-05-13T09:49:19Z
3502,4880,57,0.788,direct,2026-05-13T09:49:19Z
3503,4882,7,0.957,hashtag,2026-05-13T09:49:19Z
3504,4883,70,0.802,visual,2026-05-13T09:49:19Z
3505,4885,76,0.7,direct,2026-05-13T09:49:19Z
3506,4886,26,0.846,semantic,2026-05-13T09:49:19Z
3507,4887,10,0.918,hashtag,2026-05-13T09:49:19Z
3508,4888,69,0.786,visual,2026-05-13T09:49:19Z
3509,4889,79,0.885,inferred,2026-05-13T09:49:19Z
3510,4890,72,0.834,direct,2026-05-13T09:49:19Z
3511,4892,53,0.884,hashtag,2026-05-13T09:49:19Z
3512,4895,35,0.947,direct,2026-05-13T09:49:19Z
3513,4896,75,0.886,semantic,2026-05-13T09:49:19Z
3514,4898,66,0.788,visual,2026-05-13T09:49:19Z
3515,4901,16,0.998,semantic,2026-05-13T09:49:19Z
3516,4904,50,0.82,inferred,2026-05-13T09:49:19Z
3517,4905,2,0.734,direct,2026-05-13T09:49:19Z
3518,4907,11,0.887,hashtag,2026-05-13T09:49:19Z
3519,4908,54,0.8,visual,2026-05-13T09:49:19Z
3520,4909,51,0.807,inferred,2026-05-13T09:49:19Z
3521,4910,19,0.805,direct,2026-05-13T09:49:19Z
3522,4911,6,0.99,semantic,2026-05-13T09:49:19Z
3523,4913,66,0.898,visual,2026-05-13T09:49:19Z
3524,4914,54,0.981,inferred,2026-05-13T09:49:19Z
3525,4916,11,0.773,semantic,2026-05-13T09:49:19Z
3526,4917,69,0.764,hashtag,2026-05-13T09:49:19Z
3527,4918,39,0.724,visual,2026-05-13T09:49:19Z
3528,4920,44,0.974,direct,2026-05-13T09:49:19Z
3529,4922,75,0.884,hashtag,2026-05-13T09:49:19Z
3530,4923,40,0.827,visual,2026-05-13T09:49:19Z
3531,4924,47,0.963,inferred,2026-05-13T09:49:19Z
3532,4925,15,0.728,direct,2026-05-13T09:49:19Z
3533,4926,36,0.863,semantic,2026-05-13T09:49:19Z
3534,4927,21,0.748,hashtag,2026-05-13T09:49:19Z
3535,4929,57,0.736,inferred,2026-05-13T09:49:19Z
3536,4930,42,0.923,direct,2026-05-13T09:49:19Z
3537,4931,53,0.995,semantic,2026-05-13T09:49:19Z
3538,4932,46,0.967,hashtag,2026-05-13T09:49:19Z
3539,4935,1,0.797,direct,2026-05-13T09:49:19Z
3540,4937,73,0.943,hashtag,2026-05-13T09:49:19Z
3541,4938,25,0.857,visual,2026-05-13T09:49:19Z
3542,4939,28,0.82,inferred,2026-05-13T09:49:19Z
3543,4940,76,0.89,direct,2026-05-13T09:49:19Z
3544,4941,63,0.754,semantic,2026-05-13T09:49:19Z
3545,4944,79,0.81,inferred,2026-05-13T09:49:19Z
3546,4950,53,0.855,direct,2026-05-13T09:49:19Z
3547,4951,62,0.77,semantic,2026-05-13T09:49:19Z
3548,4952,51,0.784,hashtag,2026-05-13T09:49:19Z
3549,4953,75,0.801,visual,2026-05-13T09:49:19Z
3550,4954,72,0.815,inferred,2026-05-13T09:49:19Z
3551,4955,33,0.786,direct,2026-05-13T09:49:19Z
3552,4956,61,0.817,semantic,2026-05-13T09:49:19Z
3553,4957,47,0.826,hashtag,2026-05-13T09:49:19Z
3554,4961,63,0.952,semantic,2026-05-13T09:49:19Z
3555,4962,40,0.972,hashtag,2026-05-13T09:49:19Z
3556,4964,23,0.812,inferred,2026-05-13T09:49:19Z
3557,4965,18,0.774,direct,2026-05-13T09:49:19Z
3558,4966,20,0.726,semantic,2026-05-13T09:49:19Z
3559,4968,17,0.874,visual,2026-05-13T09:49:19Z
3560,4969,6,0.883,inferred,2026-05-13T09:49:19Z
3561,4970,14,0.83,direct,2026-05-13T09:49:19Z
3562,4972,5,0.985,hashtag,2026-05-13T09:49:19Z
3563,4973,75,0.886,visual,2026-05-13T09:49:19Z
3564,4974,51,0.887,inferred,2026-05-13T09:49:19Z
3565,4975,19,0.766,direct,2026-05-13T09:49:19Z
3566,4976,3,0.779,semantic,2026-05-13T09:49:19Z
3567,4977,76,0.887,hashtag,2026-05-13T09:49:19Z
3568,4979,6,0.976,inferred,2026-05-13T09:49:19Z
3569,4980,76,0.719,direct,2026-05-13T09:49:19Z
3570,4983,46,0.872,visual,2026-05-13T09:49:19Z
3571,4984,1,0.818,inferred,2026-05-13T09:49:19Z
3572,4986,41,0.924,semantic,2026-05-13T09:49:19Z
3573,4987,22,0.877,hashtag,2026-05-13T09:49:19Z
3574,4989,21,0.859,inferred,2026-05-13T09:49:19Z
3575,4991,27,0.733,semantic,2026-05-13T09:49:19Z
3576,4992,67,0.981,hashtag,2026-05-13T09:49:19Z
3577,4993,6,0.828,visual,2026-05-13T09:49:19Z
3578,4994,24,0.74,inferred,2026-05-13T09:49:19Z
3579,4995,72,0.74,direct,2026-05-13T09:49:19Z
3580,4996,36,0.942,semantic,2026-05-13T09:49:19Z
3581,4997,13,0.708,hashtag,2026-05-13T09:49:19Z
3582,4998,19,0.943,visual,2026-05-13T09:49:19Z
3583,4999,26,0.964,inferred,2026-05-13T09:49:19Z
