customer_id,email,first_name,last_name,city,state_province,postal_code,country,latitude,longitude,customer_tier,lifetime_value,created_at
1,enterprise.buyer.0001@example.com,Ava,Chen,San Jose,California,70000,USA,37.13,-121.7686,standard,807506,2026-04-15T16:30:00Z
2,enterprise.buyer.0002@example.com,Noah,Singh,Phoenix,Arizona,70001,USA,33.0692,-111.5949,preferred,522709,2026-04-14T16:30:00Z
3,enterprise.buyer.0003@example.com,Mia,Price,Dallas,Texas,70002,USA,32.241,-96.5106,vip,1678339,2026-04-13T16:30:00Z
4,enterprise.buyer.0004@example.com,Ethan,Patel,Chicago,Illinois,70003,USA,41.9592,-88.1466,new,1950636,2026-04-12T16:30:00Z
5,enterprise.buyer.0005@example.com,Sophia,Nelson,Boston,Massachusetts,70004,USA,42.5941,-71.6909,standard,510073,2026-04-11T16:30:00Z
6,enterprise.buyer.0006@example.com,Liam,Carter,Atlanta,Georgia,70005,USA,34.4305,-84.0171,preferred,1417657,2026-04-10T16:30:00Z
7,enterprise.buyer.0007@example.com,Olivia,Rivera,Seattle,Washington,70006,USA,47.1956,-121.9942,vip,368124,2026-04-09T16:30:00Z
8,enterprise.buyer.0008@example.com,Lucas,Garcia,Denver,Colorado,70007,USA,40.1317,-105.3824,new,1108703,2026-04-08T16:30:00Z
9,enterprise.buyer.0009@example.com,Emma,Nguyen,Raleigh,North Carolina,70008,USA,36.0662,-78.1224,standard,1555148,2026-04-07T16:30:00Z
10,enterprise.buyer.0010@example.com,Mason,Kim,Miami,Florida,70009,USA,26.1255,-80.1257,preferred,1496708,2026-04-06T16:30:00Z
11,enterprise.buyer.0011@example.com,Isabella,Park,New York,New York,70010,USA,40.6506,-73.3917,vip,1166496,2026-04-05T16:30:00Z
12,enterprise.buyer.0012@example.com,Logan,Scott,Los Angeles,California,70011,USA,34.1943,-118.8099,new,1438216,2026-04-04T16:30:00Z
13,enterprise.buyer.0013@example.com,Amelia,Morgan,San Jose,California,70012,USA,37.1,-122.0985,standard,1878137,2026-04-03T16:30:00Z
14,enterprise.buyer.0014@example.com,Elijah,Brooks,Phoenix,Arizona,70013,USA,33.5431,-111.4652,preferred,1005757,2026-04-02T16:30:00Z
15,enterprise.buyer.0015@example.com,Harper,Gray,Dallas,Texas,70014,USA,32.962,-96.1894,vip,322129,2026-04-01T16:30:00Z
16,enterprise.buyer.0016@example.com,James,Ramos,Chicago,Illinois,70015,USA,41.2282,-88.1478,new,256656,2026-03-31T16:30:00Z
17,enterprise.buyer.0017@example.com,Evelyn,Foster,Boston,Massachusetts,70016,USA,42.4761,-71.1824,standard,362762,2026-03-30T16:30:00Z
18,enterprise.buyer.0018@example.com,Benjamin,Morris,Atlanta,Georgia,70017,USA,34.2604,-84.9463,preferred,370801,2026-03-29T16:30:00Z
19,enterprise.buyer.0019@example.com,Luna,Wright,Seattle,Washington,70018,USA,48.2442,-121.9951,vip,325218,2026-04-15T16:30:00Z
20,enterprise.buyer.0020@example.com,Henry,Reed,Denver,Colorado,70019,USA,39.5224,-104.5264,new,949249,2026-04-14T16:30:00Z
21,enterprise.buyer.0021@example.com,Ava,Chen,Raleigh,North Carolina,70020,USA,36.3016,-78.5329,standard,890503,2026-04-13T16:30:00Z
22,enterprise.buyer.0022@example.com,Noah,Singh,Miami,Florida,70021,USA,26.0848,-80.0324,preferred,622054,2026-04-12T16:30:00Z
23,enterprise.buyer.0023@example.com,Mia,Price,New York,New York,70022,USA,40.3396,-73.6423,vip,790187,2026-04-11T16:30:00Z
24,enterprise.buyer.0024@example.com,Ethan,Patel,Los Angeles,California,70023,USA,34.0447,-117.7289,new,1665450,2026-04-10T16:30:00Z
25,enterprise.buyer.0025@example.com,Sophia,Nelson,San Jose,California,70024,USA,37.2699,-121.6073,standard,831955,2026-04-09T16:30:00Z
26,enterprise.buyer.0026@example.com,Liam,Carter,Phoenix,Arizona,70025,USA,33.3329,-112.7671,preferred,1098910,2026-04-08T16:30:00Z
27,enterprise.buyer.0027@example.com,Olivia,Rivera,Dallas,Texas,70026,USA,32.3412,-96.4628,vip,1868019,2026-04-07T16:30:00Z
28,enterprise.buyer.0028@example.com,Lucas,Garcia,Chicago,Illinois,70027,USA,41.6905,-87.8342,new,1558315,2026-04-06T16:30:00Z
29,enterprise.buyer.0029@example.com,Emma,Nguyen,Boston,Massachusetts,70028,USA,43.0478,-71.0038,standard,1582617,2026-04-05T16:30:00Z
30,enterprise.buyer.0030@example.com,Mason,Kim,Atlanta,Georgia,70029,USA,33.8333,-84.6099,preferred,1932311,2026-04-04T16:30:00Z
31,enterprise.buyer.0031@example.com,Isabella,Park,Seattle,Washington,70030,USA,48.0088,-121.6905,vip,1436813,2026-04-03T16:30:00Z
32,enterprise.buyer.0032@example.com,Logan,Scott,Denver,Colorado,70031,USA,39.0799,-104.5414,new,1461106,2026-04-02T16:30:00Z
33,enterprise.buyer.0033@example.com,Amelia,Morgan,Raleigh,North Carolina,70032,USA,36.4247,-78.5749,standard,216512,2026-04-01T16:30:00Z
34,enterprise.buyer.0034@example.com,Elijah,Brooks,Miami,Florida,70033,USA,25.6074,-80.4177,preferred,1507551,2026-03-31T16:30:00Z
35,enterprise.buyer.0035@example.com,Harper,Gray,New York,New York,70034,USA,40.9834,-73.8689,vip,207735,2026-03-30T16:30:00Z
36,enterprise.buyer.0036@example.com,James,Ramos,Los Angeles,California,70035,USA,34.1528,-118.9065,new,1582359,2026-03-29T16:30:00Z
37,enterprise.buyer.0037@example.com,Evelyn,Foster,San Jose,California,70036,USA,37.6211,-121.266,standard,1100047,2026-04-15T16:30:00Z
38,enterprise.buyer.0038@example.com,Benjamin,Morris,Phoenix,Arizona,70037,USA,33.9442,-112.2785,preferred,632230,2026-04-14T16:30:00Z
39,enterprise.buyer.0039@example.com,Luna,Wright,Dallas,Texas,70038,USA,32.2051,-96.5264,vip,1563848,2026-04-13T16:30:00Z
40,enterprise.buyer.0040@example.com,Henry,Reed,Chicago,Illinois,70039,USA,42.1706,-87.3723,new,1551107,2026-04-12T16:30:00Z
41,enterprise.buyer.0041@example.com,Ava,Chen,Boston,Massachusetts,70040,USA,42.4639,-71.2334,standard,436999,2026-04-11T16:30:00Z
42,enterprise.buyer.0042@example.com,Noah,Singh,Atlanta,Georgia,70041,USA,33.3696,-84.7934,preferred,534778,2026-04-10T16:30:00Z
43,enterprise.buyer.0043@example.com,Mia,Price,Seattle,Washington,70042,USA,46.9866,-121.6488,vip,726720,2026-04-09T16:30:00Z
44,enterprise.buyer.0044@example.com,Ethan,Patel,Denver,Colorado,70043,USA,39.5676,-104.4748,new,1419725,2026-04-08T16:30:00Z
45,enterprise.buyer.0045@example.com,Sophia,Nelson,Raleigh,North Carolina,70044,USA,35.685,-78.7129,standard,1791727,2026-04-07T16:30:00Z
46,enterprise.buyer.0046@example.com,Liam,Carter,Miami,Florida,70045,USA,25.2185,-80.7699,preferred,1038720,2026-04-06T16:30:00Z
47,enterprise.buyer.0047@example.com,Olivia,Rivera,New York,New York,70046,USA,40.0925,-74.4009,vip,633391,2026-04-05T16:30:00Z
48,enterprise.buyer.0048@example.com,Lucas,Garcia,Los Angeles,California,70047,USA,33.6847,-117.872,new,360628,2026-04-04T16:30:00Z
49,enterprise.buyer.0049@example.com,Emma,Nguyen,San Jose,California,70048,USA,36.6496,-122.1012,standard,496106,2026-04-03T16:30:00Z
50,enterprise.buyer.0050@example.com,Mason,Kim,Phoenix,Arizona,70049,USA,33.2679,-112.1647,preferred,641631,2026-04-02T16:30:00Z
51,enterprise.buyer.0051@example.com,Isabella,Park,Dallas,Texas,70050,USA,32.7623,-96.7341,vip,281363,2026-04-01T16:30:00Z
52,enterprise.buyer.0052@example.com,Logan,Scott,Chicago,Illinois,70051,USA,41.9278,-87.7386,new,1509538,2026-03-31T16:30:00Z
53,enterprise.buyer.0053@example.com,Amelia,Morgan,Boston,Massachusetts,70052,USA,42.8428,-70.8971,standard,723360,2026-03-30T16:30:00Z
54,enterprise.buyer.0054@example.com,Elijah,Brooks,Atlanta,Georgia,70053,USA,34.3503,-85.0042,preferred,1051324,2026-03-29T16:30:00Z
55,enterprise.buyer.0055@example.com,Harper,Gray,Seattle,Washington,70054,USA,48.2711,-122.1521,vip,502289,2026-04-15T16:30:00Z
56,enterprise.buyer.0056@example.com,James,Ramos,Denver,Colorado,70055,USA,40.25,-105.4536,new,1225862,2026-04-14T16:30:00Z
57,enterprise.buyer.0057@example.com,Evelyn,Foster,Raleigh,North Carolina,70056,USA,35.3218,-78.9282,standard,1745046,2026-04-13T16:30:00Z
58,enterprise.buyer.0058@example.com,Benjamin,Morris,Miami,Florida,70057,USA,26.0586,-79.5607,preferred,1249513,2026-04-12T16:30:00Z
59,enterprise.buyer.0059@example.com,Luna,Wright,New York,New York,70058,USA,40.6196,-74.1764,vip,1357909,2026-04-11T16:30:00Z
60,enterprise.buyer.0060@example.com,Henry,Reed,Los Angeles,California,70059,USA,34.7269,-118.6755,new,702256,2026-04-10T16:30:00Z
61,enterprise.buyer.0061@example.com,Ava,Chen,San Jose,California,70060,USA,37.5028,-121.6579,standard,1801308,2026-04-09T16:30:00Z
62,enterprise.buyer.0062@example.com,Noah,Singh,Phoenix,Arizona,70061,USA,33.434,-112.3414,preferred,1009065,2026-04-08T16:30:00Z
63,enterprise.buyer.0063@example.com,Mia,Price,Dallas,Texas,70062,USA,33.0452,-96.2435,vip,1654761,2026-04-07T16:30:00Z
64,enterprise.buyer.0064@example.com,Ethan,Patel,Chicago,Illinois,70063,USA,42.2654,-88.2286,new,1134976,2026-04-06T16:30:00Z
65,enterprise.buyer.0065@example.com,Sophia,Nelson,Boston,Massachusetts,70064,USA,42.9419,-70.6761,standard,1350778,2026-04-05T16:30:00Z
66,enterprise.buyer.0066@example.com,Liam,Carter,Atlanta,Georgia,70065,USA,33.0492,-84.6138,preferred,1628724,2026-04-04T16:30:00Z
67,enterprise.buyer.0067@example.com,Olivia,Rivera,Seattle,Washington,70066,USA,47.3091,-121.6631,vip,1384036,2026-04-03T16:30:00Z
68,enterprise.buyer.0068@example.com,Lucas,Garcia,Denver,Colorado,70067,USA,39.8233,-104.6549,new,1093624,2026-04-02T16:30:00Z
69,enterprise.buyer.0069@example.com,Emma,Nguyen,Raleigh,North Carolina,70068,USA,35.5938,-78.1898,standard,319391,2026-04-01T16:30:00Z
70,enterprise.buyer.0070@example.com,Mason,Kim,Miami,Florida,70069,USA,25.4305,-80.3201,preferred,367699,2026-03-31T16:30:00Z
71,enterprise.buyer.0071@example.com,Isabella,Park,New York,New York,70070,USA,40.0671,-73.8695,vip,1008370,2026-03-30T16:30:00Z
72,enterprise.buyer.0072@example.com,Logan,Scott,Los Angeles,California,70071,USA,33.4696,-118.1206,new,1714325,2026-03-29T16:30:00Z
73,enterprise.buyer.0073@example.com,Amelia,Morgan,San Jose,California,70072,USA,37.6488,-121.9039,standard,947739,2026-04-15T16:30:00Z
74,enterprise.buyer.0074@example.com,Elijah,Brooks,Phoenix,Arizona,70073,USA,33.494,-111.8608,preferred,1345458,2026-04-14T16:30:00Z
75,enterprise.buyer.0075@example.com,Harper,Gray,Dallas,Texas,70074,USA,32.2752,-97.1624,vip,1406378,2026-04-13T16:30:00Z
76,enterprise.buyer.0076@example.com,James,Ramos,Chicago,Illinois,70075,USA,41.9992,-87.2469,new,1899009,2026-04-12T16:30:00Z
77,enterprise.buyer.0077@example.com,Evelyn,Foster,Boston,Massachusetts,70076,USA,42.7388,-71.6215,standard,1330384,2026-04-11T16:30:00Z
78,enterprise.buyer.0078@example.com,Benjamin,Morris,Atlanta,Georgia,70077,USA,34.1964,-83.9177,preferred,915762,2026-04-10T16:30:00Z
79,enterprise.buyer.0079@example.com,Luna,Wright,Seattle,Washington,70078,USA,48.0315,-122.7031,vip,201728,2026-04-09T16:30:00Z
80,enterprise.buyer.0080@example.com,Henry,Reed,Denver,Colorado,70079,USA,39.4101,-105.5054,new,399300,2026-04-08T16:30:00Z
81,enterprise.buyer.0081@example.com,Ava,Chen,Raleigh,North Carolina,70080,USA,36.0628,-78.7021,standard,1399912,2026-04-07T16:30:00Z
82,enterprise.buyer.0082@example.com,Noah,Singh,Miami,Florida,70081,USA,26.0943,-80.0069,preferred,814226,2026-04-06T16:30:00Z
83,enterprise.buyer.0083@example.com,Mia,Price,New York,New York,70082,USA,40.1096,-74.6323,vip,324291,2026-04-05T16:30:00Z
84,enterprise.buyer.0084@example.com,Ethan,Patel,Los Angeles,California,70083,USA,34.3683,-118.0484,new,1779569,2026-04-04T16:30:00Z
85,enterprise.buyer.0085@example.com,Sophia,Nelson,San Jose,California,70084,USA,37.0326,-121.4959,standard,475290,2026-04-03T16:30:00Z
86,enterprise.buyer.0086@example.com,Liam,Carter,Phoenix,Arizona,70085,USA,33.3472,-112.589,preferred,822721,2026-04-02T16:30:00Z
87,enterprise.buyer.0087@example.com,Olivia,Rivera,Dallas,Texas,70086,USA,32.1783,-96.1716,vip,937605,2026-04-01T16:30:00Z
88,enterprise.buyer.0088@example.com,Lucas,Garcia,Chicago,Illinois,70087,USA,42.3531,-87.1026,new,254603,2026-03-31T16:30:00Z
89,enterprise.buyer.0089@example.com,Emma,Nguyen,Boston,Massachusetts,70088,USA,42.0486,-71.5484,standard,1705211,2026-03-30T16:30:00Z
90,enterprise.buyer.0090@example.com,Mason,Kim,Atlanta,Georgia,70089,USA,33.3856,-84.4061,preferred,849257,2026-03-29T16:30:00Z
91,enterprise.buyer.0091@example.com,Isabella,Park,Seattle,Washington,70090,USA,48.0726,-122.5442,vip,630743,2026-04-15T16:30:00Z
92,enterprise.buyer.0092@example.com,Logan,Scott,Denver,Colorado,70091,USA,39.8585,-105.6565,new,907448,2026-04-14T16:30:00Z
93,enterprise.buyer.0093@example.com,Amelia,Morgan,Raleigh,North Carolina,70092,USA,35.5201,-78.1952,standard,261327,2026-04-13T16:30:00Z
94,enterprise.buyer.0094@example.com,Elijah,Brooks,Miami,Florida,70093,USA,25.2423,-79.8306,preferred,631273,2026-04-12T16:30:00Z
95,enterprise.buyer.0095@example.com,Harper,Gray,New York,New York,70094,USA,40.241,-73.9658,vip,1916198,2026-04-11T16:30:00Z
96,enterprise.buyer.0096@example.com,James,Ramos,Los Angeles,California,70095,USA,33.5114,-117.6368,new,1472802,2026-04-10T16:30:00Z
97,enterprise.buyer.0097@example.com,Evelyn,Foster,San Jose,California,70096,USA,37.688,-122.0686,standard,313734,2026-04-09T16:30:00Z
98,enterprise.buyer.0098@example.com,Benjamin,Morris,Phoenix,Arizona,70097,USA,32.945,-111.5723,preferred,1208949,2026-04-08T16:30:00Z
99,enterprise.buyer.0099@example.com,Luna,Wright,Dallas,Texas,70098,USA,32.4826,-96.4618,vip,1731064,2026-04-07T16:30:00Z
100,enterprise.buyer.0100@example.com,Henry,Reed,Chicago,Illinois,70099,USA,42.4592,-87.9122,new,277892,2026-04-06T16:30:00Z
101,enterprise.buyer.0101@example.com,Ava,Chen,Boston,Massachusetts,70100,USA,43.0201,-71.4186,standard,739676,2026-04-05T16:30:00Z
102,enterprise.buyer.0102@example.com,Noah,Singh,Atlanta,Georgia,70101,USA,34.1733,-84.5079,preferred,712248,2026-04-04T16:30:00Z
103,enterprise.buyer.0103@example.com,Mia,Price,Seattle,Washington,70102,USA,47.5667,-122.8154,vip,1201970,2026-04-03T16:30:00Z
104,enterprise.buyer.0104@example.com,Ethan,Patel,Denver,Colorado,70103,USA,40.0471,-104.5754,new,531619,2026-04-02T16:30:00Z
105,enterprise.buyer.0105@example.com,Sophia,Nelson,Raleigh,North Carolina,70104,USA,35.9118,-78.526,standard,1194030,2026-04-01T16:30:00Z
106,enterprise.buyer.0106@example.com,Liam,Carter,Miami,Florida,70105,USA,25.3226,-80.2048,preferred,611185,2026-03-31T16:30:00Z
107,enterprise.buyer.0107@example.com,Olivia,Rivera,New York,New York,70106,USA,40.93,-74.5151,vip,1373762,2026-03-30T16:30:00Z
108,enterprise.buyer.0108@example.com,Lucas,Garcia,Los Angeles,California,70107,USA,33.5491,-118.628,new,510527,2026-03-29T16:30:00Z
109,enterprise.buyer.0109@example.com,Emma,Nguyen,San Jose,California,70108,USA,36.8288,-121.853,standard,1847148,2026-04-15T16:30:00Z
110,enterprise.buyer.0110@example.com,Mason,Kim,Phoenix,Arizona,70109,USA,33.3621,-111.7295,preferred,429210,2026-04-14T16:30:00Z
111,enterprise.buyer.0111@example.com,Isabella,Park,Dallas,Texas,70110,USA,32.4764,-96.7824,vip,1372377,2026-04-13T16:30:00Z
112,enterprise.buyer.0112@example.com,Logan,Scott,Chicago,Illinois,70111,USA,41.6417,-87.2938,new,193007,2026-04-12T16:30:00Z
113,enterprise.buyer.0113@example.com,Amelia,Morgan,Boston,Massachusetts,70112,USA,42.3013,-71.1729,standard,1852049,2026-04-11T16:30:00Z
114,enterprise.buyer.0114@example.com,Elijah,Brooks,Atlanta,Georgia,70113,USA,34.0802,-83.905,preferred,1420941,2026-04-10T16:30:00Z
115,enterprise.buyer.0115@example.com,Harper,Gray,Seattle,Washington,70114,USA,47.3736,-122.5011,vip,792600,2026-04-09T16:30:00Z
116,enterprise.buyer.0116@example.com,James,Ramos,Denver,Colorado,70115,USA,39.9077,-105.0077,new,1234483,2026-04-08T16:30:00Z
117,enterprise.buyer.0117@example.com,Evelyn,Foster,Raleigh,North Carolina,70116,USA,35.4456,-79.059,standard,1915985,2026-04-07T16:30:00Z
118,enterprise.buyer.0118@example.com,Benjamin,Morris,Miami,Florida,70117,USA,26.1062,-79.8061,preferred,1088341,2026-04-06T16:30:00Z
119,enterprise.buyer.0119@example.com,Luna,Wright,New York,New York,70118,USA,40.8273,-74.4913,vip,170587,2026-04-05T16:30:00Z
120,enterprise.buyer.0120@example.com,Henry,Reed,Los Angeles,California,70119,USA,33.5588,-117.8979,new,1143889,2026-04-04T16:30:00Z
121,enterprise.buyer.0121@example.com,Ava,Chen,San Jose,California,70120,USA,37.4946,-121.7359,standard,1083585,2026-04-03T16:30:00Z
122,enterprise.buyer.0122@example.com,Noah,Singh,Phoenix,Arizona,70121,USA,33.8965,-112.3281,preferred,1521695,2026-04-02T16:30:00Z
123,enterprise.buyer.0123@example.com,Mia,Price,Dallas,Texas,70122,USA,32.7927,-97.0946,vip,1239683,2026-04-01T16:30:00Z
124,enterprise.buyer.0124@example.com,Ethan,Patel,Chicago,Illinois,70123,USA,41.6375,-88.0243,new,614867,2026-03-31T16:30:00Z
125,enterprise.buyer.0125@example.com,Sophia,Nelson,Boston,Massachusetts,70124,USA,42.2553,-71.6184,standard,1520910,2026-03-30T16:30:00Z
126,enterprise.buyer.0126@example.com,Liam,Carter,Atlanta,Georgia,70125,USA,33.9645,-85.0647,preferred,1171120,2026-03-29T16:30:00Z
127,enterprise.buyer.0127@example.com,Olivia,Rivera,Seattle,Washington,70126,USA,47.841,-122.3737,vip,1830281,2026-04-15T16:30:00Z
128,enterprise.buyer.0128@example.com,Lucas,Garcia,Denver,Colorado,70127,USA,39.9847,-104.6663,new,1409382,2026-04-14T16:30:00Z
129,enterprise.buyer.0129@example.com,Emma,Nguyen,Raleigh,North Carolina,70128,USA,35.2565,-78.719,standard,440070,2026-04-13T16:30:00Z
130,enterprise.buyer.0130@example.com,Mason,Kim,Miami,Florida,70129,USA,25.5462,-80.4934,preferred,915861,2026-04-12T16:30:00Z
131,enterprise.buyer.0131@example.com,Isabella,Park,New York,New York,70130,USA,40.1452,-74.1112,vip,176169,2026-04-11T16:30:00Z
132,enterprise.buyer.0132@example.com,Logan,Scott,Los Angeles,California,70131,USA,34.1307,-118.0881,new,999270,2026-04-10T16:30:00Z
133,enterprise.buyer.0133@example.com,Amelia,Morgan,San Jose,California,70132,USA,36.6427,-121.6031,standard,1112331,2026-04-09T16:30:00Z
134,enterprise.buyer.0134@example.com,Elijah,Brooks,Phoenix,Arizona,70133,USA,33.9548,-111.8975,preferred,499048,2026-04-08T16:30:00Z
135,enterprise.buyer.0135@example.com,Harper,Gray,Dallas,Texas,70134,USA,32.3566,-96.2015,vip,1683191,2026-04-07T16:30:00Z
136,enterprise.buyer.0136@example.com,James,Ramos,Chicago,Illinois,70135,USA,42.4379,-87.7685,new,976718,2026-04-06T16:30:00Z
137,enterprise.buyer.0137@example.com,Evelyn,Foster,Boston,Massachusetts,70136,USA,42.7733,-71.7524,standard,670538,2026-04-05T16:30:00Z
138,enterprise.buyer.0138@example.com,Benjamin,Morris,Atlanta,Georgia,70137,USA,33.9482,-84.4723,preferred,352298,2026-04-04T16:30:00Z
139,enterprise.buyer.0139@example.com,Luna,Wright,Seattle,Washington,70138,USA,47.6656,-122.4141,vip,1925270,2026-04-03T16:30:00Z
140,enterprise.buyer.0140@example.com,Henry,Reed,Denver,Colorado,70139,USA,39.3762,-105.1433,new,971998,2026-04-02T16:30:00Z
141,enterprise.buyer.0141@example.com,Ava,Chen,Raleigh,North Carolina,70140,USA,35.4169,-79.2795,standard,1566573,2026-04-01T16:30:00Z
142,enterprise.buyer.0142@example.com,Noah,Singh,Miami,Florida,70141,USA,26.1217,-80.3138,preferred,1003007,2026-03-31T16:30:00Z
143,enterprise.buyer.0143@example.com,Mia,Price,New York,New York,70142,USA,41.0753,-74.0464,vip,258010,2026-03-30T16:30:00Z
144,enterprise.buyer.0144@example.com,Ethan,Patel,Los Angeles,California,70143,USA,33.6252,-118.6876,new,1157580,2026-03-29T16:30:00Z
145,enterprise.buyer.0145@example.com,Sophia,Nelson,San Jose,California,70144,USA,36.8604,-121.4248,standard,1863480,2026-04-15T16:30:00Z
146,enterprise.buyer.0146@example.com,Liam,Carter,Phoenix,Arizona,70145,USA,33.5834,-112.0495,preferred,397143,2026-04-14T16:30:00Z
147,enterprise.buyer.0147@example.com,Olivia,Rivera,Dallas,Texas,70146,USA,32.9838,-97.2243,vip,936011,2026-04-13T16:30:00Z
148,enterprise.buyer.0148@example.com,Lucas,Garcia,Chicago,Illinois,70147,USA,42.1776,-87.0549,new,788649,2026-04-12T16:30:00Z
149,enterprise.buyer.0149@example.com,Emma,Nguyen,Boston,Massachusetts,70148,USA,41.8027,-71.7524,standard,1830456,2026-04-11T16:30:00Z
150,enterprise.buyer.0150@example.com,Mason,Kim,Atlanta,Georgia,70149,USA,33.2623,-84.9511,preferred,257653,2026-04-10T16:30:00Z
151,enterprise.buyer.0151@example.com,Isabella,Park,Seattle,Washington,70150,USA,48.0315,-121.7113,vip,1677536,2026-04-09T16:30:00Z
152,enterprise.buyer.0152@example.com,Logan,Scott,Denver,Colorado,70151,USA,39.5486,-104.9949,new,1561775,2026-04-08T16:30:00Z
153,enterprise.buyer.0153@example.com,Amelia,Morgan,Raleigh,North Carolina,70152,USA,36.0122,-79.0811,standard,1701409,2026-04-07T16:30:00Z
154,enterprise.buyer.0154@example.com,Elijah,Brooks,Miami,Florida,70153,USA,25.9748,-79.9119,preferred,1958622,2026-04-06T16:30:00Z
155,enterprise.buyer.0155@example.com,Harper,Gray,New York,New York,70154,USA,41.226,-73.6969,vip,1465080,2026-04-05T16:30:00Z
156,enterprise.buyer.0156@example.com,James,Ramos,Los Angeles,California,70155,USA,34.5998,-118.7949,new,1165210,2026-04-04T16:30:00Z
157,enterprise.buyer.0157@example.com,Evelyn,Foster,San Jose,California,70156,USA,37.6202,-121.2676,standard,808233,2026-04-03T16:30:00Z
158,enterprise.buyer.0158@example.com,Benjamin,Morris,Phoenix,Arizona,70157,USA,33.3709,-111.3923,preferred,1263024,2026-04-02T16:30:00Z
159,enterprise.buyer.0159@example.com,Luna,Wright,Dallas,Texas,70158,USA,33.1475,-96.3243,vip,1247321,2026-04-01T16:30:00Z
160,enterprise.buyer.0160@example.com,Henry,Reed,Chicago,Illinois,70159,USA,41.7637,-87.2781,new,1141940,2026-03-31T16:30:00Z
161,enterprise.buyer.0161@example.com,Ava,Chen,Boston,Massachusetts,70160,USA,42.729,-71.0567,standard,698091,2026-03-30T16:30:00Z
162,enterprise.buyer.0162@example.com,Noah,Singh,Atlanta,Georgia,70161,USA,33.9109,-84.7818,preferred,1348474,2026-03-29T16:30:00Z
163,enterprise.buyer.0163@example.com,Mia,Price,Seattle,Washington,70162,USA,48.1595,-121.9278,vip,1749070,2026-04-15T16:30:00Z
164,enterprise.buyer.0164@example.com,Ethan,Patel,Denver,Colorado,70163,USA,40.0096,-104.5874,new,429409,2026-04-14T16:30:00Z
165,enterprise.buyer.0165@example.com,Sophia,Nelson,Raleigh,North Carolina,70164,USA,36.2575,-78.1991,standard,326837,2026-04-13T16:30:00Z
166,enterprise.buyer.0166@example.com,Liam,Carter,Miami,Florida,70165,USA,26.4133,-80.2761,preferred,1720064,2026-04-12T16:30:00Z
167,enterprise.buyer.0167@example.com,Olivia,Rivera,New York,New York,70166,USA,40.459,-74.2236,vip,1392696,2026-04-11T16:30:00Z
168,enterprise.buyer.0168@example.com,Lucas,Garcia,Los Angeles,California,70167,USA,33.5124,-118.35,new,955108,2026-04-10T16:30:00Z
169,enterprise.buyer.0169@example.com,Emma,Nguyen,San Jose,California,70168,USA,37.0325,-122.3054,standard,484539,2026-04-09T16:30:00Z
170,enterprise.buyer.0170@example.com,Mason,Kim,Phoenix,Arizona,70169,USA,33.4233,-111.4212,preferred,457591,2026-04-08T16:30:00Z
171,enterprise.buyer.0171@example.com,Isabella,Park,Dallas,Texas,70170,USA,33.1251,-96.1911,vip,765478,2026-04-07T16:30:00Z
172,enterprise.buyer.0172@example.com,Logan,Scott,Chicago,Illinois,70171,USA,42.1462,-87.8902,new,1854292,2026-04-06T16:30:00Z
173,enterprise.buyer.0173@example.com,Amelia,Morgan,Boston,Massachusetts,70172,USA,42.7358,-71.5902,standard,902721,2026-04-05T16:30:00Z
174,enterprise.buyer.0174@example.com,Elijah,Brooks,Atlanta,Georgia,70173,USA,33.2466,-84.6202,preferred,636362,2026-04-04T16:30:00Z
175,enterprise.buyer.0175@example.com,Harper,Gray,Seattle,Washington,70174,USA,48.0866,-122.0905,vip,1619497,2026-04-03T16:30:00Z
176,enterprise.buyer.0176@example.com,James,Ramos,Denver,Colorado,70175,USA,39.1375,-104.7106,new,713457,2026-04-02T16:30:00Z
177,enterprise.buyer.0177@example.com,Evelyn,Foster,Raleigh,North Carolina,70176,USA,35.3139,-78.2446,standard,1602150,2026-04-01T16:30:00Z
178,enterprise.buyer.0178@example.com,Benjamin,Morris,Miami,Florida,70177,USA,26.0029,-79.9201,preferred,1960823,2026-03-31T16:30:00Z
179,enterprise.buyer.0179@example.com,Luna,Wright,New York,New York,70178,USA,41.3315,-73.3164,vip,227206,2026-03-30T16:30:00Z
180,enterprise.buyer.0180@example.com,Henry,Reed,Los Angeles,California,70179,USA,34.5433,-118.2148,new,823654,2026-03-29T16:30:00Z
181,enterprise.buyer.0181@example.com,Ava,Chen,San Jose,California,70180,USA,37.1823,-121.3762,standard,1622681,2026-04-15T16:30:00Z
182,enterprise.buyer.0182@example.com,Noah,Singh,Phoenix,Arizona,70181,USA,33.7208,-112.6464,preferred,1795539,2026-04-14T16:30:00Z
183,enterprise.buyer.0183@example.com,Mia,Price,Dallas,Texas,70182,USA,32.7892,-97.355,vip,289593,2026-04-13T16:30:00Z
184,enterprise.buyer.0184@example.com,Ethan,Patel,Chicago,Illinois,70183,USA,41.8317,-87.2381,new,325040,2026-04-12T16:30:00Z
185,enterprise.buyer.0185@example.com,Sophia,Nelson,Boston,Massachusetts,70184,USA,42.8132,-70.9947,standard,1400861,2026-04-11T16:30:00Z
186,enterprise.buyer.0186@example.com,Liam,Carter,Atlanta,Georgia,70185,USA,33.3543,-84.1196,preferred,182335,2026-04-10T16:30:00Z
187,enterprise.buyer.0187@example.com,Olivia,Rivera,Seattle,Washington,70186,USA,48.2739,-122.8492,vip,1195922,2026-04-09T16:30:00Z
188,enterprise.buyer.0188@example.com,Lucas,Garcia,Denver,Colorado,70187,USA,40.2454,-104.9077,new,1691222,2026-04-08T16:30:00Z
189,enterprise.buyer.0189@example.com,Emma,Nguyen,Raleigh,North Carolina,70188,USA,36.0876,-78.3885,standard,1362358,2026-04-07T16:30:00Z
190,enterprise.buyer.0190@example.com,Mason,Kim,Miami,Florida,70189,USA,26.009,-80.6059,preferred,1139128,2026-04-06T16:30:00Z
191,enterprise.buyer.0191@example.com,Isabella,Park,New York,New York,70190,USA,40.6437,-74.3877,vip,1284190,2026-04-05T16:30:00Z
192,enterprise.buyer.0192@example.com,Logan,Scott,Los Angeles,California,70191,USA,33.7852,-117.7816,new,1932974,2026-04-04T16:30:00Z
193,enterprise.buyer.0193@example.com,Amelia,Morgan,San Jose,California,70192,USA,36.783,-122.2566,standard,1433001,2026-04-03T16:30:00Z
194,enterprise.buyer.0194@example.com,Elijah,Brooks,Phoenix,Arizona,70193,USA,34.0033,-112.1661,preferred,327326,2026-04-02T16:30:00Z
195,enterprise.buyer.0195@example.com,Harper,Gray,Dallas,Texas,70194,USA,32.4498,-97.1806,vip,386713,2026-04-01T16:30:00Z
196,enterprise.buyer.0196@example.com,James,Ramos,Chicago,Illinois,70195,USA,42.1175,-87.529,new,793610,2026-03-31T16:30:00Z
197,enterprise.buyer.0197@example.com,Evelyn,Foster,Boston,Massachusetts,70196,USA,41.9524,-70.7954,standard,545660,2026-03-30T16:30:00Z
198,enterprise.buyer.0198@example.com,Benjamin,Morris,Atlanta,Georgia,70197,USA,34.2903,-83.6999,preferred,1381620,2026-03-29T16:30:00Z
199,enterprise.buyer.0199@example.com,Luna,Wright,Seattle,Washington,70198,USA,47.1184,-122.7874,vip,1704271,2026-04-15T16:30:00Z
200,enterprise.buyer.0200@example.com,Henry,Reed,Denver,Colorado,70199,USA,40.3082,-105.1516,new,1413119,2026-04-14T16:30:00Z
201,enterprise.buyer.0201@example.com,Ava,Chen,Raleigh,North Carolina,70200,USA,35.5273,-78.854,standard,1765976,2026-04-13T16:30:00Z
202,enterprise.buyer.0202@example.com,Noah,Singh,Miami,Florida,70201,USA,25.6761,-79.7198,preferred,1551466,2026-04-12T16:30:00Z
203,enterprise.buyer.0203@example.com,Mia,Price,New York,New York,70202,USA,40.2397,-73.7146,vip,1115401,2026-04-11T16:30:00Z
204,enterprise.buyer.0204@example.com,Ethan,Patel,Los Angeles,California,70203,USA,33.4801,-118.4098,new,1448282,2026-04-10T16:30:00Z
205,enterprise.buyer.0205@example.com,Sophia,Nelson,San Jose,California,70204,USA,37.8325,-121.9156,standard,624920,2026-04-09T16:30:00Z
206,enterprise.buyer.0206@example.com,Liam,Carter,Phoenix,Arizona,70205,USA,33.3376,-111.4673,preferred,892625,2026-04-08T16:30:00Z
207,enterprise.buyer.0207@example.com,Olivia,Rivera,Dallas,Texas,70206,USA,32.5637,-96.9664,vip,836389,2026-04-07T16:30:00Z
208,enterprise.buyer.0208@example.com,Lucas,Garcia,Chicago,Illinois,70207,USA,42.3065,-87.8264,new,1122581,2026-04-06T16:30:00Z
209,enterprise.buyer.0209@example.com,Emma,Nguyen,Boston,Massachusetts,70208,USA,42.9586,-71.6155,standard,1443721,2026-04-05T16:30:00Z
210,enterprise.buyer.0210@example.com,Mason,Kim,Atlanta,Georgia,70209,USA,33.6444,-83.7781,preferred,1358643,2026-04-04T16:30:00Z
211,enterprise.buyer.0211@example.com,Isabella,Park,Seattle,Washington,70210,USA,47.2155,-121.9177,vip,1733113,2026-04-03T16:30:00Z
212,enterprise.buyer.0212@example.com,Logan,Scott,Denver,Colorado,70211,USA,40.0477,-104.9185,new,1616905,2026-04-02T16:30:00Z
213,enterprise.buyer.0213@example.com,Amelia,Morgan,Raleigh,North Carolina,70212,USA,35.8008,-78.3295,standard,1034286,2026-04-01T16:30:00Z
214,enterprise.buyer.0214@example.com,Elijah,Brooks,Miami,Florida,70213,USA,25.9086,-80.5241,preferred,1277659,2026-03-31T16:30:00Z
215,enterprise.buyer.0215@example.com,Harper,Gray,New York,New York,70214,USA,40.271,-74.1019,vip,1892653,2026-03-30T16:30:00Z
216,enterprise.buyer.0216@example.com,James,Ramos,Los Angeles,California,70215,USA,33.4672,-118.6023,new,1405770,2026-03-29T16:30:00Z
217,enterprise.buyer.0217@example.com,Evelyn,Foster,San Jose,California,70216,USA,37.2354,-121.7932,standard,1789509,2026-04-15T16:30:00Z
218,enterprise.buyer.0218@example.com,Benjamin,Morris,Phoenix,Arizona,70217,USA,33.0504,-112.3448,preferred,1723214,2026-04-14T16:30:00Z
219,enterprise.buyer.0219@example.com,Luna,Wright,Dallas,Texas,70218,USA,33.0921,-96.3785,vip,1731008,2026-04-13T16:30:00Z
220,enterprise.buyer.0220@example.com,Henry,Reed,Chicago,Illinois,70219,USA,42.2686,-87.9376,new,543856,2026-04-12T16:30:00Z
221,enterprise.buyer.0221@example.com,Ava,Chen,Boston,Massachusetts,70220,USA,42.1419,-71.5911,standard,693509,2026-04-11T16:30:00Z
222,enterprise.buyer.0222@example.com,Noah,Singh,Atlanta,Georgia,70221,USA,33.9912,-84.8729,preferred,1715893,2026-04-10T16:30:00Z
223,enterprise.buyer.0223@example.com,Mia,Price,Seattle,Washington,70222,USA,48.0251,-122.3889,vip,1599288,2026-04-09T16:30:00Z
224,enterprise.buyer.0224@example.com,Ethan,Patel,Denver,Colorado,70223,USA,39.8506,-104.8246,new,336222,2026-04-08T16:30:00Z
225,enterprise.buyer.0225@example.com,Sophia,Nelson,Raleigh,North Carolina,70224,USA,35.829,-78.2669,standard,762357,2026-04-07T16:30:00Z
226,enterprise.buyer.0226@example.com,Liam,Carter,Miami,Florida,70225,USA,25.9609,-79.6147,preferred,979962,2026-04-06T16:30:00Z
227,enterprise.buyer.0227@example.com,Olivia,Rivera,New York,New York,70226,USA,40.4721,-74.1407,vip,1778809,2026-04-05T16:30:00Z
228,enterprise.buyer.0228@example.com,Lucas,Garcia,Los Angeles,California,70227,USA,33.4074,-118.1915,new,418591,2026-04-04T16:30:00Z
229,enterprise.buyer.0229@example.com,Emma,Nguyen,San Jose,California,70228,USA,36.6937,-121.391,standard,1268700,2026-04-03T16:30:00Z
230,enterprise.buyer.0230@example.com,Mason,Kim,Phoenix,Arizona,70229,USA,33.482,-111.419,preferred,1260659,2026-04-02T16:30:00Z
231,enterprise.buyer.0231@example.com,Isabella,Park,Dallas,Texas,70230,USA,33.3834,-96.5311,vip,1889702,2026-04-01T16:30:00Z
232,enterprise.buyer.0232@example.com,Logan,Scott,Chicago,Illinois,70231,USA,41.5419,-87.5484,new,399696,2026-03-31T16:30:00Z
233,enterprise.buyer.0233@example.com,Amelia,Morgan,Boston,Massachusetts,70232,USA,41.9026,-70.7149,standard,575442,2026-03-30T16:30:00Z
234,enterprise.buyer.0234@example.com,Elijah,Brooks,Atlanta,Georgia,70233,USA,33.9097,-85.0765,preferred,791721,2026-03-29T16:30:00Z
235,enterprise.buyer.0235@example.com,Harper,Gray,Seattle,Washington,70234,USA,47.2017,-122.7164,vip,1482671,2026-04-15T16:30:00Z
236,enterprise.buyer.0236@example.com,James,Ramos,Denver,Colorado,70235,USA,39.4043,-104.8841,new,723093,2026-04-14T16:30:00Z
237,enterprise.buyer.0237@example.com,Evelyn,Foster,Raleigh,North Carolina,70236,USA,36.2317,-79.0547,standard,1027150,2026-04-13T16:30:00Z
238,enterprise.buyer.0238@example.com,Benjamin,Morris,Miami,Florida,70237,USA,26.4095,-79.5462,preferred,866214,2026-04-12T16:30:00Z
239,enterprise.buyer.0239@example.com,Luna,Wright,New York,New York,70238,USA,40.3937,-74.6473,vip,1768033,2026-04-11T16:30:00Z
240,enterprise.buyer.0240@example.com,Henry,Reed,Los Angeles,California,70239,USA,34.2961,-117.6108,new,958117,2026-04-10T16:30:00Z
241,enterprise.buyer.0241@example.com,Ava,Chen,San Jose,California,70240,USA,36.669,-121.477,standard,1743103,2026-04-09T16:30:00Z
242,enterprise.buyer.0242@example.com,Noah,Singh,Phoenix,Arizona,70241,USA,33.5612,-111.8492,preferred,808051,2026-04-08T16:30:00Z
243,enterprise.buyer.0243@example.com,Mia,Price,Dallas,Texas,70242,USA,33.1706,-97.0219,vip,581302,2026-04-07T16:30:00Z
244,enterprise.buyer.0244@example.com,Ethan,Patel,Chicago,Illinois,70243,USA,41.3562,-87.6299,new,1232047,2026-04-06T16:30:00Z
245,enterprise.buyer.0245@example.com,Sophia,Nelson,Boston,Massachusetts,70244,USA,42.1875,-71.3069,standard,1964484,2026-04-05T16:30:00Z
246,enterprise.buyer.0246@example.com,Liam,Carter,Atlanta,Georgia,70245,USA,34.0051,-84.5545,preferred,1344040,2026-04-04T16:30:00Z
247,enterprise.buyer.0247@example.com,Olivia,Rivera,Seattle,Washington,70246,USA,47.4598,-122.2636,vip,1460842,2026-04-03T16:30:00Z
248,enterprise.buyer.0248@example.com,Lucas,Garcia,Denver,Colorado,70247,USA,39.3612,-105.6737,new,1584183,2026-04-02T16:30:00Z
249,enterprise.buyer.0249@example.com,Emma,Nguyen,Raleigh,North Carolina,70248,USA,35.5419,-78.7328,standard,1572713,2026-04-01T16:30:00Z
250,enterprise.buyer.0250@example.com,Mason,Kim,Miami,Florida,70249,USA,25.1899,-79.5987,preferred,1228470,2026-03-31T16:30:00Z
251,enterprise.buyer.0251@example.com,Isabella,Park,New York,New York,70250,USA,40.316,-74.4769,vip,440712,2026-03-30T16:30:00Z
252,enterprise.buyer.0252@example.com,Logan,Scott,Los Angeles,California,70251,USA,33.6383,-117.8625,new,887973,2026-03-29T16:30:00Z
253,enterprise.buyer.0253@example.com,Amelia,Morgan,San Jose,California,70252,USA,37.8662,-121.388,standard,1209312,2026-04-15T16:30:00Z
254,enterprise.buyer.0254@example.com,Elijah,Brooks,Phoenix,Arizona,70253,USA,33.5297,-111.9484,preferred,921605,2026-04-14T16:30:00Z
255,enterprise.buyer.0255@example.com,Harper,Gray,Dallas,Texas,70254,USA,32.4261,-97.3056,vip,529990,2026-04-13T16:30:00Z
256,enterprise.buyer.0256@example.com,James,Ramos,Chicago,Illinois,70255,USA,41.2896,-88.154,new,1854828,2026-04-12T16:30:00Z
257,enterprise.buyer.0257@example.com,Evelyn,Foster,Boston,Massachusetts,70256,USA,42.7024,-70.5763,standard,1507136,2026-04-11T16:30:00Z
258,enterprise.buyer.0258@example.com,Benjamin,Morris,Atlanta,Georgia,70257,USA,33.4316,-83.866,preferred,1192383,2026-04-10T16:30:00Z
259,enterprise.buyer.0259@example.com,Luna,Wright,Seattle,Washington,70258,USA,47.1202,-122.5383,vip,1006724,2026-04-09T16:30:00Z
260,enterprise.buyer.0260@example.com,Henry,Reed,Denver,Colorado,70259,USA,40.4324,-104.7693,new,1073163,2026-04-08T16:30:00Z
261,enterprise.buyer.0261@example.com,Ava,Chen,Raleigh,North Carolina,70260,USA,36.4189,-78.4855,standard,201897,2026-04-07T16:30:00Z
262,enterprise.buyer.0262@example.com,Noah,Singh,Miami,Florida,70261,USA,25.125,-79.5577,preferred,1435126,2026-04-06T16:30:00Z
263,enterprise.buyer.0263@example.com,Mia,Price,New York,New York,70262,USA,41.0602,-74.5326,vip,200264,2026-04-05T16:30:00Z
264,enterprise.buyer.0264@example.com,Ethan,Patel,Los Angeles,California,70263,USA,34.4923,-118.1857,new,1710705,2026-04-04T16:30:00Z
265,enterprise.buyer.0265@example.com,Sophia,Nelson,San Jose,California,70264,USA,37.2521,-121.3016,standard,1197628,2026-04-03T16:30:00Z
266,enterprise.buyer.0266@example.com,Liam,Carter,Phoenix,Arizona,70265,USA,33.8647,-112.5433,preferred,1896970,2026-04-02T16:30:00Z
267,enterprise.buyer.0267@example.com,Olivia,Rivera,Dallas,Texas,70266,USA,32.4044,-96.3846,vip,1636171,2026-04-01T16:30:00Z
268,enterprise.buyer.0268@example.com,Lucas,Garcia,Chicago,Illinois,70267,USA,42.3066,-87.2672,new,533967,2026-03-31T16:30:00Z
269,enterprise.buyer.0269@example.com,Emma,Nguyen,Boston,Massachusetts,70268,USA,42.6516,-70.5452,standard,268683,2026-03-30T16:30:00Z
270,enterprise.buyer.0270@example.com,Mason,Kim,Atlanta,Georgia,70269,USA,33.1178,-84.9084,preferred,1341526,2026-03-29T16:30:00Z
271,enterprise.buyer.0271@example.com,Isabella,Park,Seattle,Washington,70270,USA,47.9111,-123.0268,vip,840175,2026-04-15T16:30:00Z
272,enterprise.buyer.0272@example.com,Logan,Scott,Denver,Colorado,70271,USA,39.9924,-105.007,new,1106110,2026-04-14T16:30:00Z
273,enterprise.buyer.0273@example.com,Amelia,Morgan,Raleigh,North Carolina,70272,USA,35.7169,-78.7954,standard,1052945,2026-04-13T16:30:00Z
274,enterprise.buyer.0274@example.com,Elijah,Brooks,Miami,Florida,70273,USA,26.3962,-80.3996,preferred,1610877,2026-04-12T16:30:00Z
275,enterprise.buyer.0275@example.com,Harper,Gray,New York,New York,70274,USA,40.7867,-73.9281,vip,1150240,2026-04-11T16:30:00Z
276,enterprise.buyer.0276@example.com,James,Ramos,Los Angeles,California,70275,USA,34.1175,-118.8168,new,1427808,2026-04-10T16:30:00Z
277,enterprise.buyer.0277@example.com,Evelyn,Foster,San Jose,California,70276,USA,37.1764,-122.1588,standard,278391,2026-04-09T16:30:00Z
278,enterprise.buyer.0278@example.com,Benjamin,Morris,Phoenix,Arizona,70277,USA,33.4858,-112.552,preferred,1134897,2026-04-08T16:30:00Z
279,enterprise.buyer.0279@example.com,Luna,Wright,Dallas,Texas,70278,USA,32.5159,-97.2107,vip,593898,2026-04-07T16:30:00Z
280,enterprise.buyer.0280@example.com,Henry,Reed,Chicago,Illinois,70279,USA,41.3187,-87.9142,new,807900,2026-04-06T16:30:00Z
281,enterprise.buyer.0281@example.com,Ava,Chen,Boston,Massachusetts,70280,USA,43.0016,-71.3675,standard,1473526,2026-04-05T16:30:00Z
282,enterprise.buyer.0282@example.com,Noah,Singh,Atlanta,Georgia,70281,USA,33.9508,-84.7698,preferred,1078400,2026-04-04T16:30:00Z
283,enterprise.buyer.0283@example.com,Mia,Price,Seattle,Washington,70282,USA,47.6349,-122.1951,vip,1630119,2026-04-03T16:30:00Z
284,enterprise.buyer.0284@example.com,Ethan,Patel,Denver,Colorado,70283,USA,39.0444,-104.3137,new,1633435,2026-04-02T16:30:00Z
285,enterprise.buyer.0285@example.com,Sophia,Nelson,Raleigh,North Carolina,70284,USA,35.5153,-79.2425,standard,883565,2026-04-01T16:30:00Z
286,enterprise.buyer.0286@example.com,Liam,Carter,Miami,Florida,70285,USA,26.2239,-80.2107,preferred,831785,2026-03-31T16:30:00Z
287,enterprise.buyer.0287@example.com,Olivia,Rivera,New York,New York,70286,USA,40.7213,-73.443,vip,802747,2026-03-30T16:30:00Z
288,enterprise.buyer.0288@example.com,Lucas,Garcia,Los Angeles,California,70287,USA,34.5493,-118.3395,new,1585078,2026-03-29T16:30:00Z
289,enterprise.buyer.0289@example.com,Emma,Nguyen,San Jose,California,70288,USA,38.003,-121.238,standard,1065621,2026-04-15T16:30:00Z
290,enterprise.buyer.0290@example.com,Mason,Kim,Phoenix,Arizona,70289,USA,34.1364,-112.0422,preferred,1686864,2026-04-14T16:30:00Z
291,enterprise.buyer.0291@example.com,Isabella,Park,Dallas,Texas,70290,USA,32.6035,-97.1224,vip,347780,2026-04-13T16:30:00Z
292,enterprise.buyer.0292@example.com,Logan,Scott,Chicago,Illinois,70291,USA,42.1982,-88.0441,new,619708,2026-04-12T16:30:00Z
293,enterprise.buyer.0293@example.com,Amelia,Morgan,Boston,Massachusetts,70292,USA,41.9739,-71.5978,standard,563599,2026-04-11T16:30:00Z
294,enterprise.buyer.0294@example.com,Elijah,Brooks,Atlanta,Georgia,70293,USA,33.2582,-83.8751,preferred,1960298,2026-04-10T16:30:00Z
295,enterprise.buyer.0295@example.com,Harper,Gray,Seattle,Washington,70294,USA,48.0432,-122.307,vip,585313,2026-04-09T16:30:00Z
296,enterprise.buyer.0296@example.com,James,Ramos,Denver,Colorado,70295,USA,39.2473,-104.6489,new,985116,2026-04-08T16:30:00Z
297,enterprise.buyer.0297@example.com,Evelyn,Foster,Raleigh,North Carolina,70296,USA,35.6223,-79.188,standard,1573925,2026-04-07T16:30:00Z
298,enterprise.buyer.0298@example.com,Benjamin,Morris,Miami,Florida,70297,USA,25.3888,-80.8597,preferred,560186,2026-04-06T16:30:00Z
299,enterprise.buyer.0299@example.com,Luna,Wright,New York,New York,70298,USA,40.2047,-73.9224,vip,743429,2026-04-05T16:30:00Z
300,enterprise.buyer.0300@example.com,Henry,Reed,Los Angeles,California,70299,USA,34.3989,-118.1162,new,1087326,2026-04-04T16:30:00Z
301,enterprise.buyer.0301@example.com,Ava,Chen,San Jose,California,70300,USA,37.6982,-121.2136,standard,349483,2026-04-03T16:30:00Z
302,enterprise.buyer.0302@example.com,Noah,Singh,Phoenix,Arizona,70301,USA,33.7054,-112.4162,preferred,1083276,2026-04-02T16:30:00Z
303,enterprise.buyer.0303@example.com,Mia,Price,Dallas,Texas,70302,USA,32.1483,-96.1293,vip,762419,2026-04-01T16:30:00Z
304,enterprise.buyer.0304@example.com,Ethan,Patel,Chicago,Illinois,70303,USA,42.0204,-88.0836,new,921101,2026-03-31T16:30:00Z
305,enterprise.buyer.0305@example.com,Sophia,Nelson,Boston,Massachusetts,70304,USA,42.5813,-70.7529,standard,261372,2026-03-30T16:30:00Z
306,enterprise.buyer.0306@example.com,Liam,Carter,Atlanta,Georgia,70305,USA,33.08,-84.5674,preferred,426958,2026-03-29T16:30:00Z
307,enterprise.buyer.0307@example.com,Olivia,Rivera,Seattle,Washington,70306,USA,47.2159,-121.8362,vip,1622201,2026-04-15T16:30:00Z
308,enterprise.buyer.0308@example.com,Lucas,Garcia,Denver,Colorado,70307,USA,39.6961,-104.7704,new,1632385,2026-04-14T16:30:00Z
309,enterprise.buyer.0309@example.com,Emma,Nguyen,Raleigh,North Carolina,70308,USA,35.4991,-79.0518,standard,724970,2026-04-13T16:30:00Z
310,enterprise.buyer.0310@example.com,Mason,Kim,Miami,Florida,70309,USA,25.5813,-80.8666,preferred,962982,2026-04-12T16:30:00Z
311,enterprise.buyer.0311@example.com,Isabella,Park,New York,New York,70310,USA,40.4032,-73.8154,vip,1086663,2026-04-11T16:30:00Z
312,enterprise.buyer.0312@example.com,Logan,Scott,Los Angeles,California,70311,USA,33.8539,-118.2868,new,231847,2026-04-10T16:30:00Z
313,enterprise.buyer.0313@example.com,Amelia,Morgan,San Jose,California,70312,USA,36.8638,-121.6299,standard,1826700,2026-04-09T16:30:00Z
314,enterprise.buyer.0314@example.com,Elijah,Brooks,Phoenix,Arizona,70313,USA,33.6561,-112.474,preferred,1971119,2026-04-08T16:30:00Z
315,enterprise.buyer.0315@example.com,Harper,Gray,Dallas,Texas,70314,USA,32.6746,-96.8584,vip,525835,2026-04-07T16:30:00Z
316,enterprise.buyer.0316@example.com,James,Ramos,Chicago,Illinois,70315,USA,42.3279,-87.2464,new,650868,2026-04-06T16:30:00Z
317,enterprise.buyer.0317@example.com,Evelyn,Foster,Boston,Massachusetts,70316,USA,42.3028,-70.923,standard,1201863,2026-04-05T16:30:00Z
318,enterprise.buyer.0318@example.com,Benjamin,Morris,Atlanta,Georgia,70317,USA,33.2381,-84.8334,preferred,1943242,2026-04-04T16:30:00Z
319,enterprise.buyer.0319@example.com,Luna,Wright,Seattle,Washington,70318,USA,47.8128,-121.738,vip,785553,2026-04-03T16:30:00Z
320,enterprise.buyer.0320@example.com,Henry,Reed,Denver,Colorado,70319,USA,39.8217,-105.0337,new,568415,2026-04-02T16:30:00Z
321,enterprise.buyer.0321@example.com,Ava,Chen,Raleigh,North Carolina,70320,USA,35.1118,-78.6882,standard,1583534,2026-04-01T16:30:00Z
322,enterprise.buyer.0322@example.com,Noah,Singh,Miami,Florida,70321,USA,26.1273,-80.0581,preferred,1736159,2026-03-31T16:30:00Z
323,enterprise.buyer.0323@example.com,Mia,Price,New York,New York,70322,USA,41.2018,-73.8928,vip,1246995,2026-03-30T16:30:00Z
324,enterprise.buyer.0324@example.com,Ethan,Patel,Los Angeles,California,70323,USA,34.0901,-118.3328,new,816699,2026-03-29T16:30:00Z
325,enterprise.buyer.0325@example.com,Sophia,Nelson,San Jose,California,70324,USA,36.726,-122.0801,standard,1312266,2026-04-15T16:30:00Z
326,enterprise.buyer.0326@example.com,Liam,Carter,Phoenix,Arizona,70325,USA,32.8321,-111.7402,preferred,1464492,2026-04-14T16:30:00Z
327,enterprise.buyer.0327@example.com,Olivia,Rivera,Dallas,Texas,70326,USA,32.2146,-96.9029,vip,525742,2026-04-13T16:30:00Z
328,enterprise.buyer.0328@example.com,Lucas,Garcia,Chicago,Illinois,70327,USA,42.1712,-87.0857,new,519180,2026-04-12T16:30:00Z
329,enterprise.buyer.0329@example.com,Emma,Nguyen,Boston,Massachusetts,70328,USA,42.727,-70.7116,standard,672205,2026-04-11T16:30:00Z
330,enterprise.buyer.0330@example.com,Mason,Kim,Atlanta,Georgia,70329,USA,33.0509,-84.1013,preferred,988352,2026-04-10T16:30:00Z
331,enterprise.buyer.0331@example.com,Isabella,Park,Seattle,Washington,70330,USA,47.9426,-121.9816,vip,874038,2026-04-09T16:30:00Z
332,enterprise.buyer.0332@example.com,Logan,Scott,Denver,Colorado,70331,USA,39.2886,-104.804,new,1980947,2026-04-08T16:30:00Z
333,enterprise.buyer.0333@example.com,Amelia,Morgan,Raleigh,North Carolina,70332,USA,35.3086,-78.4776,standard,1652759,2026-04-07T16:30:00Z
334,enterprise.buyer.0334@example.com,Elijah,Brooks,Miami,Florida,70333,USA,25.8096,-80.5427,preferred,1260143,2026-04-06T16:30:00Z
335,enterprise.buyer.0335@example.com,Harper,Gray,New York,New York,70334,USA,41.1506,-74.2461,vip,1043278,2026-04-05T16:30:00Z
336,enterprise.buyer.0336@example.com,James,Ramos,Los Angeles,California,70335,USA,34.4268,-117.9725,new,414750,2026-04-04T16:30:00Z
337,enterprise.buyer.0337@example.com,Evelyn,Foster,San Jose,California,70336,USA,36.6612,-121.9222,standard,1343485,2026-04-03T16:30:00Z
338,enterprise.buyer.0338@example.com,Benjamin,Morris,Phoenix,Arizona,70337,USA,32.9812,-111.375,preferred,831775,2026-04-02T16:30:00Z
339,enterprise.buyer.0339@example.com,Luna,Wright,Dallas,Texas,70338,USA,32.93,-97.248,vip,1904387,2026-04-01T16:30:00Z
340,enterprise.buyer.0340@example.com,Henry,Reed,Chicago,Illinois,70339,USA,41.402,-86.9773,new,1399969,2026-03-31T16:30:00Z
341,enterprise.buyer.0341@example.com,Ava,Chen,Boston,Massachusetts,70340,USA,42.1411,-71.6149,standard,1540231,2026-03-30T16:30:00Z
342,enterprise.buyer.0342@example.com,Noah,Singh,Atlanta,Georgia,70341,USA,34.005,-84.1265,preferred,702230,2026-03-29T16:30:00Z
343,enterprise.buyer.0343@example.com,Mia,Price,Seattle,Washington,70342,USA,47.0862,-122.8454,vip,1748338,2026-04-15T16:30:00Z
344,enterprise.buyer.0344@example.com,Ethan,Patel,Denver,Colorado,70343,USA,39.1756,-104.9548,new,202658,2026-04-14T16:30:00Z
345,enterprise.buyer.0345@example.com,Sophia,Nelson,Raleigh,North Carolina,70344,USA,35.673,-77.9959,standard,1003490,2026-04-13T16:30:00Z
346,enterprise.buyer.0346@example.com,Liam,Carter,Miami,Florida,70345,USA,25.7261,-80.5676,preferred,1408146,2026-04-12T16:30:00Z
347,enterprise.buyer.0347@example.com,Olivia,Rivera,New York,New York,70346,USA,40.7357,-73.391,vip,783443,2026-04-11T16:30:00Z
348,enterprise.buyer.0348@example.com,Lucas,Garcia,Los Angeles,California,70347,USA,34.1243,-118.6098,new,459082,2026-04-10T16:30:00Z
349,enterprise.buyer.0349@example.com,Emma,Nguyen,San Jose,California,70348,USA,37.8458,-121.4759,standard,1615952,2026-04-09T16:30:00Z
350,enterprise.buyer.0350@example.com,Mason,Kim,Phoenix,Arizona,70349,USA,33.5745,-112.0507,preferred,1290016,2026-04-08T16:30:00Z
351,enterprise.buyer.0351@example.com,Isabella,Park,Dallas,Texas,70350,USA,33.064,-96.098,vip,1150895,2026-04-07T16:30:00Z
352,enterprise.buyer.0352@example.com,Logan,Scott,Chicago,Illinois,70351,USA,42.0708,-88.1038,new,358966,2026-04-06T16:30:00Z
353,enterprise.buyer.0353@example.com,Amelia,Morgan,Boston,Massachusetts,70352,USA,42.1126,-71.7109,standard,595496,2026-04-05T16:30:00Z
354,enterprise.buyer.0354@example.com,Elijah,Brooks,Atlanta,Georgia,70353,USA,33.8696,-83.7028,preferred,938530,2026-04-04T16:30:00Z
355,enterprise.buyer.0355@example.com,Harper,Gray,Seattle,Washington,70354,USA,48.0767,-122.3247,vip,1607532,2026-04-03T16:30:00Z
356,enterprise.buyer.0356@example.com,James,Ramos,Denver,Colorado,70355,USA,39.3417,-105.3185,new,1128840,2026-04-02T16:30:00Z
357,enterprise.buyer.0357@example.com,Evelyn,Foster,Raleigh,North Carolina,70356,USA,35.1826,-78.8927,standard,199170,2026-04-01T16:30:00Z
358,enterprise.buyer.0358@example.com,Benjamin,Morris,Miami,Florida,70357,USA,25.1401,-79.6019,preferred,1737197,2026-03-31T16:30:00Z
359,enterprise.buyer.0359@example.com,Luna,Wright,New York,New York,70358,USA,40.4582,-73.3335,vip,544323,2026-03-30T16:30:00Z
360,enterprise.buyer.0360@example.com,Henry,Reed,Los Angeles,California,70359,USA,34.3135,-118.6949,new,1746814,2026-03-29T16:30:00Z
361,enterprise.buyer.0361@example.com,Ava,Chen,San Jose,California,70360,USA,37.1596,-122.5154,standard,1338959,2026-04-15T16:30:00Z
362,enterprise.buyer.0362@example.com,Noah,Singh,Phoenix,Arizona,70361,USA,33.4456,-112.7321,preferred,593013,2026-04-14T16:30:00Z
363,enterprise.buyer.0363@example.com,Mia,Price,Dallas,Texas,70362,USA,32.7687,-96.4619,vip,1168991,2026-04-13T16:30:00Z
364,enterprise.buyer.0364@example.com,Ethan,Patel,Chicago,Illinois,70363,USA,41.3881,-87.7634,new,560099,2026-04-12T16:30:00Z
365,enterprise.buyer.0365@example.com,Sophia,Nelson,Boston,Massachusetts,70364,USA,42.5965,-71.0733,standard,1903578,2026-04-11T16:30:00Z
366,enterprise.buyer.0366@example.com,Liam,Carter,Atlanta,Georgia,70365,USA,34.2195,-84.8983,preferred,499138,2026-04-10T16:30:00Z
367,enterprise.buyer.0367@example.com,Olivia,Rivera,Seattle,Washington,70366,USA,46.9558,-121.809,vip,1210106,2026-04-09T16:30:00Z
368,enterprise.buyer.0368@example.com,Lucas,Garcia,Denver,Colorado,70367,USA,39.355,-104.5974,new,756092,2026-04-08T16:30:00Z
369,enterprise.buyer.0369@example.com,Emma,Nguyen,Raleigh,North Carolina,70368,USA,35.1384,-78.8327,standard,1246746,2026-04-07T16:30:00Z
370,enterprise.buyer.0370@example.com,Mason,Kim,Miami,Florida,70369,USA,26.327,-80.6666,preferred,1540889,2026-04-06T16:30:00Z
371,enterprise.buyer.0371@example.com,Isabella,Park,New York,New York,70370,USA,40.4251,-73.3307,vip,1767539,2026-04-05T16:30:00Z
372,enterprise.buyer.0372@example.com,Logan,Scott,Los Angeles,California,70371,USA,34.282,-118.2593,new,419996,2026-04-04T16:30:00Z
373,enterprise.buyer.0373@example.com,Amelia,Morgan,San Jose,California,70372,USA,36.9396,-121.6333,standard,1617187,2026-04-03T16:30:00Z
374,enterprise.buyer.0374@example.com,Elijah,Brooks,Phoenix,Arizona,70373,USA,34.0065,-112.6718,preferred,468545,2026-04-02T16:30:00Z
375,enterprise.buyer.0375@example.com,Harper,Gray,Dallas,Texas,70374,USA,32.5455,-97.4881,vip,1622304,2026-04-01T16:30:00Z
376,enterprise.buyer.0376@example.com,James,Ramos,Chicago,Illinois,70375,USA,42.0804,-87.4529,new,1984314,2026-03-31T16:30:00Z
377,enterprise.buyer.0377@example.com,Evelyn,Foster,Boston,Massachusetts,70376,USA,41.7876,-71.2553,standard,1703502,2026-03-30T16:30:00Z
378,enterprise.buyer.0378@example.com,Benjamin,Morris,Atlanta,Georgia,70377,USA,33.0518,-84.7998,preferred,1180443,2026-03-29T16:30:00Z
379,enterprise.buyer.0379@example.com,Luna,Wright,Seattle,Washington,70378,USA,48.2124,-122.491,vip,584815,2026-04-15T16:30:00Z
380,enterprise.buyer.0380@example.com,Henry,Reed,Denver,Colorado,70379,USA,39.835,-104.3494,new,201713,2026-04-14T16:30:00Z
381,enterprise.buyer.0381@example.com,Ava,Chen,Raleigh,North Carolina,70380,USA,36.3908,-78.079,standard,942388,2026-04-13T16:30:00Z
382,enterprise.buyer.0382@example.com,Noah,Singh,Miami,Florida,70381,USA,25.9851,-80.1917,preferred,207514,2026-04-12T16:30:00Z
383,enterprise.buyer.0383@example.com,Mia,Price,New York,New York,70382,USA,40.5927,-74.0617,vip,239724,2026-04-11T16:30:00Z
384,enterprise.buyer.0384@example.com,Ethan,Patel,Los Angeles,California,70383,USA,33.7474,-117.6396,new,273789,2026-04-10T16:30:00Z
385,enterprise.buyer.0385@example.com,Sophia,Nelson,San Jose,California,70384,USA,36.8374,-121.5583,standard,1938795,2026-04-09T16:30:00Z
386,enterprise.buyer.0386@example.com,Liam,Carter,Phoenix,Arizona,70385,USA,33.9002,-112.4949,preferred,905256,2026-04-08T16:30:00Z
387,enterprise.buyer.0387@example.com,Olivia,Rivera,Dallas,Texas,70386,USA,32.963,-97.0221,vip,1796281,2026-04-07T16:30:00Z
388,enterprise.buyer.0388@example.com,Lucas,Garcia,Chicago,Illinois,70387,USA,41.8475,-88.0641,new,539519,2026-04-06T16:30:00Z
389,enterprise.buyer.0389@example.com,Emma,Nguyen,Boston,Massachusetts,70388,USA,42.0432,-70.6467,standard,702812,2026-04-05T16:30:00Z
390,enterprise.buyer.0390@example.com,Mason,Kim,Atlanta,Georgia,70389,USA,33.7362,-83.9663,preferred,370259,2026-04-04T16:30:00Z
391,enterprise.buyer.0391@example.com,Isabella,Park,Seattle,Washington,70390,USA,47.0738,-121.8959,vip,1256451,2026-04-03T16:30:00Z
392,enterprise.buyer.0392@example.com,Logan,Scott,Denver,Colorado,70391,USA,39.2785,-104.5966,new,250967,2026-04-02T16:30:00Z
393,enterprise.buyer.0393@example.com,Amelia,Morgan,Raleigh,North Carolina,70392,USA,36.3285,-79.1335,standard,442432,2026-04-01T16:30:00Z
394,enterprise.buyer.0394@example.com,Elijah,Brooks,Miami,Florida,70393,USA,26.2771,-80.4206,preferred,1274329,2026-03-31T16:30:00Z
395,enterprise.buyer.0395@example.com,Harper,Gray,New York,New York,70394,USA,41.2221,-74.6531,vip,1791153,2026-03-30T16:30:00Z
396,enterprise.buyer.0396@example.com,James,Ramos,Los Angeles,California,70395,USA,33.9386,-118.2958,new,1927026,2026-03-29T16:30:00Z
397,enterprise.buyer.0397@example.com,Evelyn,Foster,San Jose,California,70396,USA,37.7925,-122.2236,standard,368197,2026-04-15T16:30:00Z
398,enterprise.buyer.0398@example.com,Benjamin,Morris,Phoenix,Arizona,70397,USA,33.7016,-111.5334,preferred,877422,2026-04-14T16:30:00Z
399,enterprise.buyer.0399@example.com,Luna,Wright,Dallas,Texas,70398,USA,32.5135,-96.2676,vip,598066,2026-04-13T16:30:00Z
400,enterprise.buyer.0400@example.com,Henry,Reed,Chicago,Illinois,70399,USA,42.4203,-87.7543,new,801680,2026-04-12T16:30:00Z
401,enterprise.buyer.0401@example.com,Ava,Chen,Boston,Massachusetts,70400,USA,42.7084,-70.5025,standard,373784,2026-04-11T16:30:00Z
402,enterprise.buyer.0402@example.com,Noah,Singh,Atlanta,Georgia,70401,USA,33.354,-84.4297,preferred,1475572,2026-04-10T16:30:00Z
403,enterprise.buyer.0403@example.com,Mia,Price,Seattle,Washington,70402,USA,47.18,-121.6846,vip,1556992,2026-04-09T16:30:00Z
404,enterprise.buyer.0404@example.com,Ethan,Patel,Denver,Colorado,70403,USA,39.8615,-104.6935,new,1850969,2026-04-08T16:30:00Z
405,enterprise.buyer.0405@example.com,Sophia,Nelson,Raleigh,North Carolina,70404,USA,36.1515,-78.402,standard,1141714,2026-04-07T16:30:00Z
406,enterprise.buyer.0406@example.com,Liam,Carter,Miami,Florida,70405,USA,25.3718,-80.7061,preferred,1062116,2026-04-06T16:30:00Z
407,enterprise.buyer.0407@example.com,Olivia,Rivera,New York,New York,70406,USA,40.5481,-73.9442,vip,715597,2026-04-05T16:30:00Z
408,enterprise.buyer.0408@example.com,Lucas,Garcia,Los Angeles,California,70407,USA,33.7561,-118.1702,new,1072278,2026-04-04T16:30:00Z
409,enterprise.buyer.0409@example.com,Emma,Nguyen,San Jose,California,70408,USA,37.429,-121.6977,standard,1340836,2026-04-03T16:30:00Z
410,enterprise.buyer.0410@example.com,Mason,Kim,Phoenix,Arizona,70409,USA,32.7936,-111.6243,preferred,782332,2026-04-02T16:30:00Z
411,enterprise.buyer.0411@example.com,Isabella,Park,Dallas,Texas,70410,USA,32.5604,-97.1166,vip,1822036,2026-04-01T16:30:00Z
412,enterprise.buyer.0412@example.com,Logan,Scott,Chicago,Illinois,70411,USA,42.5622,-87.2347,new,1360681,2026-03-31T16:30:00Z
413,enterprise.buyer.0413@example.com,Amelia,Morgan,Boston,Massachusetts,70412,USA,42.854,-70.4241,standard,1284398,2026-03-30T16:30:00Z
414,enterprise.buyer.0414@example.com,Elijah,Brooks,Atlanta,Georgia,70413,USA,33.895,-84.2193,preferred,1963477,2026-03-29T16:30:00Z
415,enterprise.buyer.0415@example.com,Harper,Gray,Seattle,Washington,70414,USA,47.245,-121.885,vip,789464,2026-04-15T16:30:00Z
416,enterprise.buyer.0416@example.com,James,Ramos,Denver,Colorado,70415,USA,39.8276,-104.7818,new,500044,2026-04-14T16:30:00Z
417,enterprise.buyer.0417@example.com,Evelyn,Foster,Raleigh,North Carolina,70416,USA,36.4161,-78.3685,standard,482666,2026-04-13T16:30:00Z
418,enterprise.buyer.0418@example.com,Benjamin,Morris,Miami,Florida,70417,USA,25.4383,-79.9707,preferred,1507406,2026-04-12T16:30:00Z
419,enterprise.buyer.0419@example.com,Luna,Wright,New York,New York,70418,USA,40.1214,-74.0248,vip,1560146,2026-04-11T16:30:00Z
420,enterprise.buyer.0420@example.com,Henry,Reed,Los Angeles,California,70419,USA,34.3632,-118.9121,new,532627,2026-04-10T16:30:00Z
421,enterprise.buyer.0421@example.com,Ava,Chen,San Jose,California,70420,USA,36.6954,-122.5524,standard,1469893,2026-04-09T16:30:00Z
422,enterprise.buyer.0422@example.com,Noah,Singh,Phoenix,Arizona,70421,USA,33.0171,-112.2564,preferred,1989287,2026-04-08T16:30:00Z
423,enterprise.buyer.0423@example.com,Mia,Price,Dallas,Texas,70422,USA,32.3852,-97.1601,vip,637202,2026-04-07T16:30:00Z
424,enterprise.buyer.0424@example.com,Ethan,Patel,Chicago,Illinois,70423,USA,42.5217,-87.0569,new,1298242,2026-04-06T16:30:00Z
425,enterprise.buyer.0425@example.com,Sophia,Nelson,Boston,Massachusetts,70424,USA,42.8467,-71.3182,standard,1194476,2026-04-05T16:30:00Z
426,enterprise.buyer.0426@example.com,Liam,Carter,Atlanta,Georgia,70425,USA,33.6801,-84.8114,preferred,234176,2026-04-04T16:30:00Z
427,enterprise.buyer.0427@example.com,Olivia,Rivera,Seattle,Washington,70426,USA,47.1345,-121.699,vip,205898,2026-04-03T16:30:00Z
428,enterprise.buyer.0428@example.com,Lucas,Garcia,Denver,Colorado,70427,USA,39.8928,-105.6062,new,544156,2026-04-02T16:30:00Z
429,enterprise.buyer.0429@example.com,Emma,Nguyen,Raleigh,North Carolina,70428,USA,35.7408,-78.0188,standard,636620,2026-04-01T16:30:00Z
430,enterprise.buyer.0430@example.com,Mason,Kim,Miami,Florida,70429,USA,25.7523,-79.5024,preferred,773641,2026-03-31T16:30:00Z
431,enterprise.buyer.0431@example.com,Isabella,Park,New York,New York,70430,USA,40.8394,-74.6833,vip,1777617,2026-03-30T16:30:00Z
432,enterprise.buyer.0432@example.com,Logan,Scott,Los Angeles,California,70431,USA,33.4689,-118.5215,new,1399075,2026-03-29T16:30:00Z
433,enterprise.buyer.0433@example.com,Amelia,Morgan,San Jose,California,70432,USA,36.9004,-121.872,standard,1032009,2026-04-15T16:30:00Z
434,enterprise.buyer.0434@example.com,Elijah,Brooks,Phoenix,Arizona,70433,USA,32.929,-111.6752,preferred,220255,2026-04-14T16:30:00Z
435,enterprise.buyer.0435@example.com,Harper,Gray,Dallas,Texas,70434,USA,33.3286,-96.5871,vip,1642708,2026-04-13T16:30:00Z
436,enterprise.buyer.0436@example.com,James,Ramos,Chicago,Illinois,70435,USA,42.2902,-87.4208,new,1280817,2026-04-12T16:30:00Z
437,enterprise.buyer.0437@example.com,Evelyn,Foster,Boston,Massachusetts,70436,USA,42.66,-70.9741,standard,1928561,2026-04-11T16:30:00Z
438,enterprise.buyer.0438@example.com,Benjamin,Morris,Atlanta,Georgia,70437,USA,34.2254,-84.5206,preferred,555012,2026-04-10T16:30:00Z
439,enterprise.buyer.0439@example.com,Luna,Wright,Seattle,Washington,70438,USA,47.53,-121.789,vip,1551628,2026-04-09T16:30:00Z
440,enterprise.buyer.0440@example.com,Henry,Reed,Denver,Colorado,70439,USA,40.4091,-105.102,new,616112,2026-04-08T16:30:00Z
441,enterprise.buyer.0441@example.com,Ava,Chen,Raleigh,North Carolina,70440,USA,36.3842,-79.1088,standard,1641896,2026-04-07T16:30:00Z
442,enterprise.buyer.0442@example.com,Noah,Singh,Miami,Florida,70441,USA,25.213,-80.8093,preferred,1786652,2026-04-06T16:30:00Z
443,enterprise.buyer.0443@example.com,Mia,Price,New York,New York,70442,USA,40.3038,-73.9996,vip,1632138,2026-04-05T16:30:00Z
444,enterprise.buyer.0444@example.com,Ethan,Patel,Los Angeles,California,70443,USA,34.0433,-118.8431,new,1472041,2026-04-04T16:30:00Z
445,enterprise.buyer.0445@example.com,Sophia,Nelson,San Jose,California,70444,USA,37.6653,-121.6052,standard,1264569,2026-04-03T16:30:00Z
446,enterprise.buyer.0446@example.com,Liam,Carter,Phoenix,Arizona,70445,USA,33.338,-112.6293,preferred,1590617,2026-04-02T16:30:00Z
447,enterprise.buyer.0447@example.com,Olivia,Rivera,Dallas,Texas,70446,USA,32.185,-96.9086,vip,1570063,2026-04-01T16:30:00Z
448,enterprise.buyer.0448@example.com,Lucas,Garcia,Chicago,Illinois,70447,USA,41.4867,-87.8112,new,423747,2026-03-31T16:30:00Z
449,enterprise.buyer.0449@example.com,Emma,Nguyen,Boston,Massachusetts,70448,USA,41.9737,-70.8726,standard,1025656,2026-03-30T16:30:00Z
450,enterprise.buyer.0450@example.com,Mason,Kim,Atlanta,Georgia,70449,USA,33.8978,-84.3057,preferred,907782,2026-03-29T16:30:00Z
451,enterprise.buyer.0451@example.com,Isabella,Park,Seattle,Washington,70450,USA,47.179,-122.0582,vip,1099467,2026-04-15T16:30:00Z
452,enterprise.buyer.0452@example.com,Logan,Scott,Denver,Colorado,70451,USA,39.8788,-104.3534,new,1240404,2026-04-14T16:30:00Z
453,enterprise.buyer.0453@example.com,Amelia,Morgan,Raleigh,North Carolina,70452,USA,36.0504,-78.6427,standard,422128,2026-04-13T16:30:00Z
454,enterprise.buyer.0454@example.com,Elijah,Brooks,Miami,Florida,70453,USA,25.3373,-80.8464,preferred,232199,2026-04-12T16:30:00Z
455,enterprise.buyer.0455@example.com,Harper,Gray,New York,New York,70454,USA,40.0799,-73.7107,vip,1253812,2026-04-11T16:30:00Z
456,enterprise.buyer.0456@example.com,James,Ramos,Los Angeles,California,70455,USA,34.2218,-118.3421,new,1898322,2026-04-10T16:30:00Z
457,enterprise.buyer.0457@example.com,Evelyn,Foster,San Jose,California,70456,USA,37.7145,-122.4198,standard,478189,2026-04-09T16:30:00Z
458,enterprise.buyer.0458@example.com,Benjamin,Morris,Phoenix,Arizona,70457,USA,33.5301,-111.6938,preferred,1695708,2026-04-08T16:30:00Z
459,enterprise.buyer.0459@example.com,Luna,Wright,Dallas,Texas,70458,USA,32.1497,-97.3975,vip,1000800,2026-04-07T16:30:00Z
460,enterprise.buyer.0460@example.com,Henry,Reed,Chicago,Illinois,70459,USA,42.2678,-87.1067,new,874918,2026-04-06T16:30:00Z
461,enterprise.buyer.0461@example.com,Ava,Chen,Boston,Massachusetts,70460,USA,41.8151,-70.4177,standard,1445084,2026-04-05T16:30:00Z
462,enterprise.buyer.0462@example.com,Noah,Singh,Atlanta,Georgia,70461,USA,33.8143,-84.1199,preferred,1451247,2026-04-04T16:30:00Z
463,enterprise.buyer.0463@example.com,Mia,Price,Seattle,Washington,70462,USA,47.3386,-122.7207,vip,1381831,2026-04-03T16:30:00Z
464,enterprise.buyer.0464@example.com,Ethan,Patel,Denver,Colorado,70463,USA,39.1161,-105.004,new,625513,2026-04-02T16:30:00Z
465,enterprise.buyer.0465@example.com,Sophia,Nelson,Raleigh,North Carolina,70464,USA,35.6553,-78.2554,standard,331262,2026-04-01T16:30:00Z
466,enterprise.buyer.0466@example.com,Liam,Carter,Miami,Florida,70465,USA,25.0812,-80.2306,preferred,1164059,2026-03-31T16:30:00Z
467,enterprise.buyer.0467@example.com,Olivia,Rivera,New York,New York,70466,USA,41.2386,-74.4521,vip,1624260,2026-03-30T16:30:00Z
468,enterprise.buyer.0468@example.com,Lucas,Garcia,Los Angeles,California,70467,USA,34.0662,-118.7018,new,266237,2026-03-29T16:30:00Z
469,enterprise.buyer.0469@example.com,Emma,Nguyen,San Jose,California,70468,USA,37.0019,-122.4967,standard,474488,2026-04-15T16:30:00Z
470,enterprise.buyer.0470@example.com,Mason,Kim,Phoenix,Arizona,70469,USA,33.6871,-111.6684,preferred,725360,2026-04-14T16:30:00Z
471,enterprise.buyer.0471@example.com,Isabella,Park,Dallas,Texas,70470,USA,33.0402,-96.9384,vip,1701312,2026-04-13T16:30:00Z
472,enterprise.buyer.0472@example.com,Logan,Scott,Chicago,Illinois,70471,USA,42.3642,-87.5647,new,1719044,2026-04-12T16:30:00Z
473,enterprise.buyer.0473@example.com,Amelia,Morgan,Boston,Massachusetts,70472,USA,41.926,-70.4187,standard,670428,2026-04-11T16:30:00Z
474,enterprise.buyer.0474@example.com,Elijah,Brooks,Atlanta,Georgia,70473,USA,34.1412,-85.0521,preferred,1325922,2026-04-10T16:30:00Z
475,enterprise.buyer.0475@example.com,Harper,Gray,Seattle,Washington,70474,USA,47.9492,-122.0808,vip,992798,2026-04-09T16:30:00Z
476,enterprise.buyer.0476@example.com,James,Ramos,Denver,Colorado,70475,USA,39.6928,-104.6573,new,1336069,2026-04-08T16:30:00Z
477,enterprise.buyer.0477@example.com,Evelyn,Foster,Raleigh,North Carolina,70476,USA,35.9482,-78.3742,standard,217439,2026-04-07T16:30:00Z
478,enterprise.buyer.0478@example.com,Benjamin,Morris,Miami,Florida,70477,USA,25.7193,-80.075,preferred,1561809,2026-04-06T16:30:00Z
479,enterprise.buyer.0479@example.com,Luna,Wright,New York,New York,70478,USA,40.8318,-73.8008,vip,831182,2026-04-05T16:30:00Z
480,enterprise.buyer.0480@example.com,Henry,Reed,Los Angeles,California,70479,USA,34.1418,-118.2158,new,1866317,2026-04-04T16:30:00Z
481,enterprise.buyer.0481@example.com,Ava,Chen,San Jose,California,70480,USA,36.8327,-121.3387,standard,1340482,2026-04-03T16:30:00Z
482,enterprise.buyer.0482@example.com,Noah,Singh,Phoenix,Arizona,70481,USA,33.5447,-111.705,preferred,1211873,2026-04-02T16:30:00Z
483,enterprise.buyer.0483@example.com,Mia,Price,Dallas,Texas,70482,USA,33.0484,-97.3714,vip,204179,2026-04-01T16:30:00Z
484,enterprise.buyer.0484@example.com,Ethan,Patel,Chicago,Illinois,70483,USA,41.7601,-88.259,new,1317987,2026-03-31T16:30:00Z
485,enterprise.buyer.0485@example.com,Sophia,Nelson,Boston,Massachusetts,70484,USA,42.775,-71.6122,standard,1363619,2026-03-30T16:30:00Z
486,enterprise.buyer.0486@example.com,Liam,Carter,Atlanta,Georgia,70485,USA,34.0731,-84.4866,preferred,1223788,2026-03-29T16:30:00Z
487,enterprise.buyer.0487@example.com,Olivia,Rivera,Seattle,Washington,70486,USA,48.2754,-122.6647,vip,1396870,2026-04-15T16:30:00Z
488,enterprise.buyer.0488@example.com,Lucas,Garcia,Denver,Colorado,70487,USA,39.6259,-105.4334,new,1099031,2026-04-14T16:30:00Z
489,enterprise.buyer.0489@example.com,Emma,Nguyen,Raleigh,North Carolina,70488,USA,36.344,-78.1133,standard,902607,2026-04-13T16:30:00Z
490,enterprise.buyer.0490@example.com,Mason,Kim,Miami,Florida,70489,USA,25.9594,-79.6357,preferred,1526205,2026-04-12T16:30:00Z
491,enterprise.buyer.0491@example.com,Isabella,Park,New York,New York,70490,USA,41.3529,-74.6659,vip,1559994,2026-04-11T16:30:00Z
492,enterprise.buyer.0492@example.com,Logan,Scott,Los Angeles,California,70491,USA,33.8021,-118.143,new,1448708,2026-04-10T16:30:00Z
493,enterprise.buyer.0493@example.com,Amelia,Morgan,San Jose,California,70492,USA,37.7889,-121.631,standard,218096,2026-04-09T16:30:00Z
494,enterprise.buyer.0494@example.com,Elijah,Brooks,Phoenix,Arizona,70493,USA,33.6122,-112.6346,preferred,1899467,2026-04-08T16:30:00Z
495,enterprise.buyer.0495@example.com,Harper,Gray,Dallas,Texas,70494,USA,33.0129,-96.3017,vip,421402,2026-04-07T16:30:00Z
496,enterprise.buyer.0496@example.com,James,Ramos,Chicago,Illinois,70495,USA,41.6696,-87.6212,new,1125059,2026-04-06T16:30:00Z
497,enterprise.buyer.0497@example.com,Evelyn,Foster,Boston,Massachusetts,70496,USA,42.2358,-71.6684,standard,507924,2026-04-05T16:30:00Z
498,enterprise.buyer.0498@example.com,Benjamin,Morris,Atlanta,Georgia,70497,USA,33.6283,-84.9022,preferred,752554,2026-04-04T16:30:00Z
499,enterprise.buyer.0499@example.com,Luna,Wright,Seattle,Washington,70498,USA,47.8127,-122.7998,vip,1855559,2026-04-03T16:30:00Z
500,enterprise.buyer.0500@example.com,Henry,Reed,Denver,Colorado,70499,USA,39.6424,-105.6259,new,1470644,2026-04-02T16:30:00Z
501,enterprise.buyer.0501@example.com,Ava,Chen,Raleigh,North Carolina,70500,USA,35.289,-79.1006,standard,1833129,2026-04-01T16:30:00Z
502,enterprise.buyer.0502@example.com,Noah,Singh,Miami,Florida,70501,USA,25.1628,-80.2568,preferred,1649490,2026-03-31T16:30:00Z
503,enterprise.buyer.0503@example.com,Mia,Price,New York,New York,70502,USA,41.0008,-74.1496,vip,1405518,2026-03-30T16:30:00Z
504,enterprise.buyer.0504@example.com,Ethan,Patel,Los Angeles,California,70503,USA,34.1608,-118.1074,new,1246128,2026-03-29T16:30:00Z
505,enterprise.buyer.0505@example.com,Sophia,Nelson,San Jose,California,70504,USA,37.6221,-122.3722,standard,488966,2026-04-15T16:30:00Z
506,enterprise.buyer.0506@example.com,Liam,Carter,Phoenix,Arizona,70505,USA,33.3984,-111.8302,preferred,598537,2026-04-14T16:30:00Z
507,enterprise.buyer.0507@example.com,Olivia,Rivera,Dallas,Texas,70506,USA,33.1507,-97.4946,vip,1924211,2026-04-13T16:30:00Z
508,enterprise.buyer.0508@example.com,Lucas,Garcia,Chicago,Illinois,70507,USA,41.7776,-87.0985,new,1404411,2026-04-12T16:30:00Z
509,enterprise.buyer.0509@example.com,Emma,Nguyen,Boston,Massachusetts,70508,USA,42.593,-70.6847,standard,1587447,2026-04-11T16:30:00Z
510,enterprise.buyer.0510@example.com,Mason,Kim,Atlanta,Georgia,70509,USA,34.3668,-83.9368,preferred,1245629,2026-04-10T16:30:00Z
511,enterprise.buyer.0511@example.com,Isabella,Park,Seattle,Washington,70510,USA,47.6103,-122.3713,vip,179517,2026-04-09T16:30:00Z
512,enterprise.buyer.0512@example.com,Logan,Scott,Denver,Colorado,70511,USA,40.0318,-105.6625,new,623339,2026-04-08T16:30:00Z
513,enterprise.buyer.0513@example.com,Amelia,Morgan,Raleigh,North Carolina,70512,USA,35.8325,-79.0759,standard,1573050,2026-04-07T16:30:00Z
514,enterprise.buyer.0514@example.com,Elijah,Brooks,Miami,Florida,70513,USA,26.067,-80.154,preferred,1929319,2026-04-06T16:30:00Z
515,enterprise.buyer.0515@example.com,Harper,Gray,New York,New York,70514,USA,41.2554,-74.1751,vip,1322348,2026-04-05T16:30:00Z
516,enterprise.buyer.0516@example.com,James,Ramos,Los Angeles,California,70515,USA,34.3154,-118.2101,new,633178,2026-04-04T16:30:00Z
517,enterprise.buyer.0517@example.com,Evelyn,Foster,San Jose,California,70516,USA,37.3156,-122.2093,standard,846248,2026-04-03T16:30:00Z
518,enterprise.buyer.0518@example.com,Benjamin,Morris,Phoenix,Arizona,70517,USA,33.405,-112.1978,preferred,584136,2026-04-02T16:30:00Z
519,enterprise.buyer.0519@example.com,Luna,Wright,Dallas,Texas,70518,USA,32.8971,-96.7391,vip,380953,2026-04-01T16:30:00Z
520,enterprise.buyer.0520@example.com,Henry,Reed,Chicago,Illinois,70519,USA,41.4868,-87.2775,new,451367,2026-03-31T16:30:00Z
521,enterprise.buyer.0521@example.com,Ava,Chen,Boston,Massachusetts,70520,USA,42.3834,-71.3729,standard,1526329,2026-03-30T16:30:00Z
522,enterprise.buyer.0522@example.com,Noah,Singh,Atlanta,Georgia,70521,USA,33.4867,-84.1468,preferred,1533362,2026-03-29T16:30:00Z
523,enterprise.buyer.0523@example.com,Mia,Price,Seattle,Washington,70522,USA,47.0155,-122.3154,vip,946527,2026-04-15T16:30:00Z
524,enterprise.buyer.0524@example.com,Ethan,Patel,Denver,Colorado,70523,USA,40.1299,-104.4643,new,1812600,2026-04-14T16:30:00Z
525,enterprise.buyer.0525@example.com,Sophia,Nelson,Raleigh,North Carolina,70524,USA,35.8162,-78.8941,standard,974255,2026-04-13T16:30:00Z
526,enterprise.buyer.0526@example.com,Liam,Carter,Miami,Florida,70525,USA,25.1261,-79.9899,preferred,1192494,2026-04-12T16:30:00Z
527,enterprise.buyer.0527@example.com,Olivia,Rivera,New York,New York,70526,USA,40.9972,-74.0011,vip,762517,2026-04-11T16:30:00Z
528,enterprise.buyer.0528@example.com,Lucas,Garcia,Los Angeles,California,70527,USA,34.4337,-118.7062,new,1228925,2026-04-10T16:30:00Z
529,enterprise.buyer.0529@example.com,Emma,Nguyen,San Jose,California,70528,USA,37.7979,-121.3639,standard,1818257,2026-04-09T16:30:00Z
530,enterprise.buyer.0530@example.com,Mason,Kim,Phoenix,Arizona,70529,USA,33.2225,-112.6078,preferred,767969,2026-04-08T16:30:00Z
531,enterprise.buyer.0531@example.com,Isabella,Park,Dallas,Texas,70530,USA,33.0922,-97.4694,vip,912344,2026-04-07T16:30:00Z
532,enterprise.buyer.0532@example.com,Logan,Scott,Chicago,Illinois,70531,USA,42.2603,-88.1558,new,579204,2026-04-06T16:30:00Z
533,enterprise.buyer.0533@example.com,Amelia,Morgan,Boston,Massachusetts,70532,USA,42.1475,-70.9614,standard,334782,2026-04-05T16:30:00Z
534,enterprise.buyer.0534@example.com,Elijah,Brooks,Atlanta,Georgia,70533,USA,34.2609,-84.2795,preferred,1631724,2026-04-04T16:30:00Z
535,enterprise.buyer.0535@example.com,Harper,Gray,Seattle,Washington,70534,USA,47.3782,-121.6558,vip,1242639,2026-04-03T16:30:00Z
536,enterprise.buyer.0536@example.com,James,Ramos,Denver,Colorado,70535,USA,39.5992,-104.8194,new,1203221,2026-04-02T16:30:00Z
537,enterprise.buyer.0537@example.com,Evelyn,Foster,Raleigh,North Carolina,70536,USA,36.3889,-78.3937,standard,1920317,2026-04-01T16:30:00Z
538,enterprise.buyer.0538@example.com,Benjamin,Morris,Miami,Florida,70537,USA,25.7848,-80.2544,preferred,1621848,2026-03-31T16:30:00Z
539,enterprise.buyer.0539@example.com,Luna,Wright,New York,New York,70538,USA,41.3889,-74.4614,vip,1698982,2026-03-30T16:30:00Z
540,enterprise.buyer.0540@example.com,Henry,Reed,Los Angeles,California,70539,USA,34.2807,-117.8367,new,1374208,2026-03-29T16:30:00Z
541,enterprise.buyer.0541@example.com,Ava,Chen,San Jose,California,70540,USA,36.8389,-121.8483,standard,231791,2026-04-15T16:30:00Z
542,enterprise.buyer.0542@example.com,Noah,Singh,Phoenix,Arizona,70541,USA,33.8516,-111.8621,preferred,229475,2026-04-14T16:30:00Z
543,enterprise.buyer.0543@example.com,Mia,Price,Dallas,Texas,70542,USA,33.258,-96.4833,vip,679869,2026-04-13T16:30:00Z
544,enterprise.buyer.0544@example.com,Ethan,Patel,Chicago,Illinois,70543,USA,41.6409,-87.2071,new,1776741,2026-04-12T16:30:00Z
545,enterprise.buyer.0545@example.com,Sophia,Nelson,Boston,Massachusetts,70544,USA,42.1785,-70.5359,standard,543232,2026-04-11T16:30:00Z
546,enterprise.buyer.0546@example.com,Liam,Carter,Atlanta,Georgia,70545,USA,34.3317,-84.1197,preferred,872010,2026-04-10T16:30:00Z
547,enterprise.buyer.0547@example.com,Olivia,Rivera,Seattle,Washington,70546,USA,47.3466,-122.7008,vip,711982,2026-04-09T16:30:00Z
548,enterprise.buyer.0548@example.com,Lucas,Garcia,Denver,Colorado,70547,USA,39.3517,-105.2423,new,1764178,2026-04-08T16:30:00Z
549,enterprise.buyer.0549@example.com,Emma,Nguyen,Raleigh,North Carolina,70548,USA,35.3668,-78.4729,standard,1354320,2026-04-07T16:30:00Z
550,enterprise.buyer.0550@example.com,Mason,Kim,Miami,Florida,70549,USA,25.6268,-80.3992,preferred,411482,2026-04-06T16:30:00Z
551,enterprise.buyer.0551@example.com,Isabella,Park,New York,New York,70550,USA,41.1967,-73.9783,vip,1783467,2026-04-05T16:30:00Z
552,enterprise.buyer.0552@example.com,Logan,Scott,Los Angeles,California,70551,USA,34.6815,-118.4308,new,942469,2026-04-04T16:30:00Z
553,enterprise.buyer.0553@example.com,Amelia,Morgan,San Jose,California,70552,USA,37.8406,-122.3428,standard,533211,2026-04-03T16:30:00Z
554,enterprise.buyer.0554@example.com,Elijah,Brooks,Phoenix,Arizona,70553,USA,33.7961,-111.8262,preferred,1751566,2026-04-02T16:30:00Z
555,enterprise.buyer.0555@example.com,Harper,Gray,Dallas,Texas,70554,USA,33.2913,-96.2106,vip,717999,2026-04-01T16:30:00Z
556,enterprise.buyer.0556@example.com,James,Ramos,Chicago,Illinois,70555,USA,42.3862,-87.0536,new,701744,2026-03-31T16:30:00Z
557,enterprise.buyer.0557@example.com,Evelyn,Foster,Boston,Massachusetts,70556,USA,42.511,-70.8647,standard,556785,2026-03-30T16:30:00Z
558,enterprise.buyer.0558@example.com,Benjamin,Morris,Atlanta,Georgia,70557,USA,33.7419,-84.6996,preferred,1135964,2026-03-29T16:30:00Z
559,enterprise.buyer.0559@example.com,Luna,Wright,Seattle,Washington,70558,USA,47.4891,-121.9314,vip,1113948,2026-04-15T16:30:00Z
560,enterprise.buyer.0560@example.com,Henry,Reed,Denver,Colorado,70559,USA,40.2344,-104.6466,new,1980316,2026-04-14T16:30:00Z
561,enterprise.buyer.0561@example.com,Ava,Chen,Raleigh,North Carolina,70560,USA,35.8991,-78.2666,standard,1756899,2026-04-13T16:30:00Z
562,enterprise.buyer.0562@example.com,Noah,Singh,Miami,Florida,70561,USA,25.9391,-80.215,preferred,1921145,2026-04-12T16:30:00Z
563,enterprise.buyer.0563@example.com,Mia,Price,New York,New York,70562,USA,41.2624,-73.7228,vip,1184013,2026-04-11T16:30:00Z
564,enterprise.buyer.0564@example.com,Ethan,Patel,Los Angeles,California,70563,USA,34.7131,-118.7711,new,1501696,2026-04-10T16:30:00Z
565,enterprise.buyer.0565@example.com,Sophia,Nelson,San Jose,California,70564,USA,37.2506,-122.4156,standard,757328,2026-04-09T16:30:00Z
566,enterprise.buyer.0566@example.com,Liam,Carter,Phoenix,Arizona,70565,USA,33.7055,-111.8283,preferred,1522383,2026-04-08T16:30:00Z
567,enterprise.buyer.0567@example.com,Olivia,Rivera,Dallas,Texas,70566,USA,33.0147,-96.6877,vip,1949810,2026-04-07T16:30:00Z
568,enterprise.buyer.0568@example.com,Lucas,Garcia,Chicago,Illinois,70567,USA,41.4956,-87.1428,new,1088831,2026-04-06T16:30:00Z
569,enterprise.buyer.0569@example.com,Emma,Nguyen,Boston,Massachusetts,70568,USA,42.3095,-70.8356,standard,1234825,2026-04-05T16:30:00Z
570,enterprise.buyer.0570@example.com,Mason,Kim,Atlanta,Georgia,70569,USA,33.6587,-84.0645,preferred,1889634,2026-04-04T16:30:00Z
571,enterprise.buyer.0571@example.com,Isabella,Park,Seattle,Washington,70570,USA,46.9383,-122.9666,vip,1927694,2026-04-03T16:30:00Z
572,enterprise.buyer.0572@example.com,Logan,Scott,Denver,Colorado,70571,USA,39.8831,-104.3374,new,1683395,2026-04-02T16:30:00Z
573,enterprise.buyer.0573@example.com,Amelia,Morgan,Raleigh,North Carolina,70572,USA,36.2367,-78.1445,standard,1231024,2026-04-01T16:30:00Z
574,enterprise.buyer.0574@example.com,Elijah,Brooks,Miami,Florida,70573,USA,25.659,-79.7442,preferred,953317,2026-03-31T16:30:00Z
575,enterprise.buyer.0575@example.com,Harper,Gray,New York,New York,70574,USA,40.4569,-74.4131,vip,1330597,2026-03-30T16:30:00Z
576,enterprise.buyer.0576@example.com,James,Ramos,Los Angeles,California,70575,USA,33.672,-118.2316,new,405751,2026-03-29T16:30:00Z
577,enterprise.buyer.0577@example.com,Evelyn,Foster,San Jose,California,70576,USA,37.9779,-122.5647,standard,1235895,2026-04-15T16:30:00Z
578,enterprise.buyer.0578@example.com,Benjamin,Morris,Phoenix,Arizona,70577,USA,33.9783,-111.7665,preferred,299713,2026-04-14T16:30:00Z
579,enterprise.buyer.0579@example.com,Luna,Wright,Dallas,Texas,70578,USA,32.6772,-96.2362,vip,916861,2026-04-13T16:30:00Z
580,enterprise.buyer.0580@example.com,Henry,Reed,Chicago,Illinois,70579,USA,42.357,-87.503,new,1913902,2026-04-12T16:30:00Z
581,enterprise.buyer.0581@example.com,Ava,Chen,Boston,Massachusetts,70580,USA,41.8948,-71.73,standard,710687,2026-04-11T16:30:00Z
582,enterprise.buyer.0582@example.com,Noah,Singh,Atlanta,Georgia,70581,USA,33.4236,-84.9611,preferred,819719,2026-04-10T16:30:00Z
583,enterprise.buyer.0583@example.com,Mia,Price,Seattle,Washington,70582,USA,48.1416,-122.2884,vip,1370803,2026-04-09T16:30:00Z
584,enterprise.buyer.0584@example.com,Ethan,Patel,Denver,Colorado,70583,USA,39.6625,-104.7371,new,644062,2026-04-08T16:30:00Z
585,enterprise.buyer.0585@example.com,Sophia,Nelson,Raleigh,North Carolina,70584,USA,35.6722,-78.7635,standard,1268400,2026-04-07T16:30:00Z
586,enterprise.buyer.0586@example.com,Liam,Carter,Miami,Florida,70585,USA,26.0466,-80.3419,preferred,864770,2026-04-06T16:30:00Z
587,enterprise.buyer.0587@example.com,Olivia,Rivera,New York,New York,70586,USA,40.6665,-74.2949,vip,1930491,2026-04-05T16:30:00Z
588,enterprise.buyer.0588@example.com,Lucas,Garcia,Los Angeles,California,70587,USA,34.496,-118.5027,new,1196393,2026-04-04T16:30:00Z
589,enterprise.buyer.0589@example.com,Emma,Nguyen,San Jose,California,70588,USA,36.9861,-121.7824,standard,1396868,2026-04-03T16:30:00Z
590,enterprise.buyer.0590@example.com,Mason,Kim,Phoenix,Arizona,70589,USA,32.9658,-112.3511,preferred,1674144,2026-04-02T16:30:00Z
591,enterprise.buyer.0591@example.com,Isabella,Park,Dallas,Texas,70590,USA,32.1492,-97.3203,vip,734054,2026-04-01T16:30:00Z
592,enterprise.buyer.0592@example.com,Logan,Scott,Chicago,Illinois,70591,USA,41.207,-88.1498,new,908087,2026-03-31T16:30:00Z
593,enterprise.buyer.0593@example.com,Amelia,Morgan,Boston,Massachusetts,70592,USA,41.7146,-71.3716,standard,633402,2026-03-30T16:30:00Z
594,enterprise.buyer.0594@example.com,Elijah,Brooks,Atlanta,Georgia,70593,USA,33.493,-84.8826,preferred,1912494,2026-03-29T16:30:00Z
595,enterprise.buyer.0595@example.com,Harper,Gray,Seattle,Washington,70594,USA,47.8263,-122.3865,vip,1863765,2026-04-15T16:30:00Z
596,enterprise.buyer.0596@example.com,James,Ramos,Denver,Colorado,70595,USA,40.3788,-105.4925,new,414417,2026-04-14T16:30:00Z
597,enterprise.buyer.0597@example.com,Evelyn,Foster,Raleigh,North Carolina,70596,USA,35.5897,-78.2611,standard,1569287,2026-04-13T16:30:00Z
598,enterprise.buyer.0598@example.com,Benjamin,Morris,Miami,Florida,70597,USA,25.1984,-80.0692,preferred,198671,2026-04-12T16:30:00Z
599,enterprise.buyer.0599@example.com,Luna,Wright,New York,New York,70598,USA,40.2782,-73.9645,vip,473612,2026-04-11T16:30:00Z
600,enterprise.buyer.0600@example.com,Henry,Reed,Los Angeles,California,70599,USA,33.9558,-118.9144,new,1926061,2026-04-10T16:30:00Z
601,enterprise.buyer.0601@example.com,Ava,Chen,San Jose,California,70600,USA,37.2316,-122.4937,standard,1937788,2026-04-09T16:30:00Z
602,enterprise.buyer.0602@example.com,Noah,Singh,Phoenix,Arizona,70601,USA,33.4333,-111.4681,preferred,271041,2026-04-08T16:30:00Z
603,enterprise.buyer.0603@example.com,Mia,Price,Dallas,Texas,70602,USA,33.1084,-96.7337,vip,1749365,2026-04-07T16:30:00Z
604,enterprise.buyer.0604@example.com,Ethan,Patel,Chicago,Illinois,70603,USA,41.7929,-87.4128,new,1691636,2026-04-06T16:30:00Z
605,enterprise.buyer.0605@example.com,Sophia,Nelson,Boston,Massachusetts,70604,USA,42.6365,-71.622,standard,1670436,2026-04-05T16:30:00Z
606,enterprise.buyer.0606@example.com,Liam,Carter,Atlanta,Georgia,70605,USA,33.0544,-84.0773,preferred,1821800,2026-04-04T16:30:00Z
607,enterprise.buyer.0607@example.com,Olivia,Rivera,Seattle,Washington,70606,USA,48.2723,-123.0186,vip,792716,2026-04-03T16:30:00Z
608,enterprise.buyer.0608@example.com,Lucas,Garcia,Denver,Colorado,70607,USA,40.3616,-104.558,new,1452748,2026-04-02T16:30:00Z
609,enterprise.buyer.0609@example.com,Emma,Nguyen,Raleigh,North Carolina,70608,USA,35.9114,-79.0388,standard,603508,2026-04-01T16:30:00Z
610,enterprise.buyer.0610@example.com,Mason,Kim,Miami,Florida,70609,USA,25.9512,-80.364,preferred,875863,2026-03-31T16:30:00Z
611,enterprise.buyer.0611@example.com,Isabella,Park,New York,New York,70610,USA,40.7486,-73.5235,vip,1748961,2026-03-30T16:30:00Z
612,enterprise.buyer.0612@example.com,Logan,Scott,Los Angeles,California,70611,USA,34.4583,-117.9411,new,1595821,2026-03-29T16:30:00Z
613,enterprise.buyer.0613@example.com,Amelia,Morgan,San Jose,California,70612,USA,37.9153,-122.0201,standard,1036898,2026-04-15T16:30:00Z
614,enterprise.buyer.0614@example.com,Elijah,Brooks,Phoenix,Arizona,70613,USA,32.7571,-112.0949,preferred,775459,2026-04-14T16:30:00Z
615,enterprise.buyer.0615@example.com,Harper,Gray,Dallas,Texas,70614,USA,32.4783,-96.4611,vip,882931,2026-04-13T16:30:00Z
616,enterprise.buyer.0616@example.com,James,Ramos,Chicago,Illinois,70615,USA,41.7153,-86.9372,new,1903072,2026-04-12T16:30:00Z
617,enterprise.buyer.0617@example.com,Evelyn,Foster,Boston,Massachusetts,70616,USA,42.7744,-70.986,standard,181639,2026-04-11T16:30:00Z
618,enterprise.buyer.0618@example.com,Benjamin,Morris,Atlanta,Georgia,70617,USA,33.2754,-84.2385,preferred,275832,2026-04-10T16:30:00Z
619,enterprise.buyer.0619@example.com,Luna,Wright,Seattle,Washington,70618,USA,47.617,-122.1726,vip,641025,2026-04-09T16:30:00Z
620,enterprise.buyer.0620@example.com,Henry,Reed,Denver,Colorado,70619,USA,40.1916,-105.5357,new,1477582,2026-04-08T16:30:00Z
621,enterprise.buyer.0621@example.com,Ava,Chen,Raleigh,North Carolina,70620,USA,35.771,-78.2483,standard,1219192,2026-04-07T16:30:00Z
622,enterprise.buyer.0622@example.com,Noah,Singh,Miami,Florida,70621,USA,26.3036,-79.9138,preferred,1364618,2026-04-06T16:30:00Z
623,enterprise.buyer.0623@example.com,Mia,Price,New York,New York,70622,USA,40.8709,-74.6631,vip,858933,2026-04-05T16:30:00Z
624,enterprise.buyer.0624@example.com,Ethan,Patel,Los Angeles,California,70623,USA,34.7495,-117.6728,new,1762560,2026-04-04T16:30:00Z
625,enterprise.buyer.0625@example.com,Sophia,Nelson,San Jose,California,70624,USA,37.1053,-121.5608,standard,1079377,2026-04-03T16:30:00Z
626,enterprise.buyer.0626@example.com,Liam,Carter,Phoenix,Arizona,70625,USA,34.0895,-112.7583,preferred,694824,2026-04-02T16:30:00Z
627,enterprise.buyer.0627@example.com,Olivia,Rivera,Dallas,Texas,70626,USA,32.8116,-96.3065,vip,1371646,2026-04-01T16:30:00Z
628,enterprise.buyer.0628@example.com,Lucas,Garcia,Chicago,Illinois,70627,USA,41.496,-87.7025,new,200123,2026-03-31T16:30:00Z
629,enterprise.buyer.0629@example.com,Emma,Nguyen,Boston,Massachusetts,70628,USA,42.666,-71.582,standard,1509302,2026-03-30T16:30:00Z
630,enterprise.buyer.0630@example.com,Mason,Kim,Atlanta,Georgia,70629,USA,33.8407,-84.8019,preferred,1275956,2026-03-29T16:30:00Z
631,enterprise.buyer.0631@example.com,Isabella,Park,Seattle,Washington,70630,USA,47.8754,-121.7766,vip,863980,2026-04-15T16:30:00Z
632,enterprise.buyer.0632@example.com,Logan,Scott,Denver,Colorado,70631,USA,39.8729,-104.6815,new,1399928,2026-04-14T16:30:00Z
633,enterprise.buyer.0633@example.com,Amelia,Morgan,Raleigh,North Carolina,70632,USA,35.6539,-78.9531,standard,1106861,2026-04-13T16:30:00Z
634,enterprise.buyer.0634@example.com,Elijah,Brooks,Miami,Florida,70633,USA,25.7795,-80.0176,preferred,541098,2026-04-12T16:30:00Z
635,enterprise.buyer.0635@example.com,Harper,Gray,New York,New York,70634,USA,41.1921,-73.9782,vip,1163374,2026-04-11T16:30:00Z
636,enterprise.buyer.0636@example.com,James,Ramos,Los Angeles,California,70635,USA,33.9527,-117.825,new,1967503,2026-04-10T16:30:00Z
637,enterprise.buyer.0637@example.com,Evelyn,Foster,San Jose,California,70636,USA,36.936,-122.533,standard,885666,2026-04-09T16:30:00Z
638,enterprise.buyer.0638@example.com,Benjamin,Morris,Phoenix,Arizona,70637,USA,33.765,-112.1268,preferred,1328043,2026-04-08T16:30:00Z
639,enterprise.buyer.0639@example.com,Luna,Wright,Dallas,Texas,70638,USA,33.0369,-96.7498,vip,1607768,2026-04-07T16:30:00Z
640,enterprise.buyer.0640@example.com,Henry,Reed,Chicago,Illinois,70639,USA,41.6287,-87.0824,new,787959,2026-04-06T16:30:00Z
641,enterprise.buyer.0641@example.com,Ava,Chen,Boston,Massachusetts,70640,USA,43.0356,-70.6621,standard,570118,2026-04-05T16:30:00Z
642,enterprise.buyer.0642@example.com,Noah,Singh,Atlanta,Georgia,70641,USA,33.0929,-84.4852,preferred,767416,2026-04-04T16:30:00Z
643,enterprise.buyer.0643@example.com,Mia,Price,Seattle,Washington,70642,USA,47.2328,-122.2978,vip,1846554,2026-04-03T16:30:00Z
644,enterprise.buyer.0644@example.com,Ethan,Patel,Denver,Colorado,70643,USA,39.9032,-104.4869,new,477867,2026-04-02T16:30:00Z
645,enterprise.buyer.0645@example.com,Sophia,Nelson,Raleigh,North Carolina,70644,USA,36.1604,-78.3462,standard,507557,2026-04-01T16:30:00Z
646,enterprise.buyer.0646@example.com,Liam,Carter,Miami,Florida,70645,USA,25.8066,-80.3255,preferred,733867,2026-03-31T16:30:00Z
647,enterprise.buyer.0647@example.com,Olivia,Rivera,New York,New York,70646,USA,41.1357,-74.2705,vip,1407756,2026-03-30T16:30:00Z
648,enterprise.buyer.0648@example.com,Lucas,Garcia,Los Angeles,California,70647,USA,34.1769,-118.0382,new,1718877,2026-03-29T16:30:00Z
649,enterprise.buyer.0649@example.com,Emma,Nguyen,San Jose,California,70648,USA,37.9675,-122.0219,standard,1057181,2026-04-15T16:30:00Z
650,enterprise.buyer.0650@example.com,Mason,Kim,Phoenix,Arizona,70649,USA,33.2146,-111.709,preferred,1704524,2026-04-14T16:30:00Z
651,enterprise.buyer.0651@example.com,Isabella,Park,Dallas,Texas,70650,USA,32.1791,-96.4121,vip,1267729,2026-04-13T16:30:00Z
652,enterprise.buyer.0652@example.com,Logan,Scott,Chicago,Illinois,70651,USA,41.2913,-88.2363,new,1540686,2026-04-12T16:30:00Z
653,enterprise.buyer.0653@example.com,Amelia,Morgan,Boston,Massachusetts,70652,USA,42.0511,-71.278,standard,1284344,2026-04-11T16:30:00Z
654,enterprise.buyer.0654@example.com,Elijah,Brooks,Atlanta,Georgia,70653,USA,34.2541,-84.4037,preferred,482284,2026-04-10T16:30:00Z
655,enterprise.buyer.0655@example.com,Harper,Gray,Seattle,Washington,70654,USA,47.6264,-121.7498,vip,544391,2026-04-09T16:30:00Z
656,enterprise.buyer.0656@example.com,James,Ramos,Denver,Colorado,70655,USA,39.9592,-105.4494,new,692530,2026-04-08T16:30:00Z
657,enterprise.buyer.0657@example.com,Evelyn,Foster,Raleigh,North Carolina,70656,USA,35.3023,-78.7852,standard,676355,2026-04-07T16:30:00Z
658,enterprise.buyer.0658@example.com,Benjamin,Morris,Miami,Florida,70657,USA,26.0321,-80.6816,preferred,216017,2026-04-06T16:30:00Z
659,enterprise.buyer.0659@example.com,Luna,Wright,New York,New York,70658,USA,40.5359,-73.3431,vip,278191,2026-04-05T16:30:00Z
660,enterprise.buyer.0660@example.com,Henry,Reed,Los Angeles,California,70659,USA,33.3526,-118.2747,new,878237,2026-04-04T16:30:00Z
661,enterprise.buyer.0661@example.com,Ava,Chen,San Jose,California,70660,USA,37.6104,-122.0058,standard,471701,2026-04-03T16:30:00Z
662,enterprise.buyer.0662@example.com,Noah,Singh,Phoenix,Arizona,70661,USA,33.1982,-112.3053,preferred,969482,2026-04-02T16:30:00Z
663,enterprise.buyer.0663@example.com,Mia,Price,Dallas,Texas,70662,USA,32.3479,-96.616,vip,1324666,2026-04-01T16:30:00Z
664,enterprise.buyer.0664@example.com,Ethan,Patel,Chicago,Illinois,70663,USA,41.4895,-87.4832,new,1081266,2026-03-31T16:30:00Z
665,enterprise.buyer.0665@example.com,Sophia,Nelson,Boston,Massachusetts,70664,USA,42.5503,-70.8383,standard,1562902,2026-03-30T16:30:00Z
666,enterprise.buyer.0666@example.com,Liam,Carter,Atlanta,Georgia,70665,USA,33.1039,-83.8651,preferred,357420,2026-03-29T16:30:00Z
667,enterprise.buyer.0667@example.com,Olivia,Rivera,Seattle,Washington,70666,USA,48.112,-122.2156,vip,316343,2026-04-15T16:30:00Z
668,enterprise.buyer.0668@example.com,Lucas,Garcia,Denver,Colorado,70667,USA,39.3352,-104.4197,new,707822,2026-04-14T16:30:00Z
669,enterprise.buyer.0669@example.com,Emma,Nguyen,Raleigh,North Carolina,70668,USA,35.192,-78.4441,standard,268703,2026-04-13T16:30:00Z
670,enterprise.buyer.0670@example.com,Mason,Kim,Miami,Florida,70669,USA,25.0637,-79.6595,preferred,1205559,2026-04-12T16:30:00Z
671,enterprise.buyer.0671@example.com,Isabella,Park,New York,New York,70670,USA,40.4666,-73.849,vip,1327691,2026-04-11T16:30:00Z
672,enterprise.buyer.0672@example.com,Logan,Scott,Los Angeles,California,70671,USA,34.2524,-117.9797,new,223168,2026-04-10T16:30:00Z
673,enterprise.buyer.0673@example.com,Amelia,Morgan,San Jose,California,70672,USA,36.9019,-121.187,standard,1951847,2026-04-09T16:30:00Z
674,enterprise.buyer.0674@example.com,Elijah,Brooks,Phoenix,Arizona,70673,USA,33.3271,-111.3962,preferred,1390944,2026-04-08T16:30:00Z
675,enterprise.buyer.0675@example.com,Harper,Gray,Dallas,Texas,70674,USA,32.1108,-97.083,vip,767230,2026-04-07T16:30:00Z
676,enterprise.buyer.0676@example.com,James,Ramos,Chicago,Illinois,70675,USA,41.3453,-87.4716,new,1927102,2026-04-06T16:30:00Z
677,enterprise.buyer.0677@example.com,Evelyn,Foster,Boston,Massachusetts,70676,USA,41.7966,-71.6186,standard,1486333,2026-04-05T16:30:00Z
678,enterprise.buyer.0678@example.com,Benjamin,Morris,Atlanta,Georgia,70677,USA,34.4186,-84.4722,preferred,417376,2026-04-04T16:30:00Z
679,enterprise.buyer.0679@example.com,Luna,Wright,Seattle,Washington,70678,USA,48.0238,-122.9756,vip,359723,2026-04-03T16:30:00Z
680,enterprise.buyer.0680@example.com,Henry,Reed,Denver,Colorado,70679,USA,39.8147,-104.3667,new,1298840,2026-04-02T16:30:00Z
681,enterprise.buyer.0681@example.com,Ava,Chen,Raleigh,North Carolina,70680,USA,35.7587,-78.599,standard,1058439,2026-04-01T16:30:00Z
682,enterprise.buyer.0682@example.com,Noah,Singh,Miami,Florida,70681,USA,25.6558,-80.3625,preferred,331526,2026-03-31T16:30:00Z
683,enterprise.buyer.0683@example.com,Mia,Price,New York,New York,70682,USA,40.6789,-73.6594,vip,1235408,2026-03-30T16:30:00Z
684,enterprise.buyer.0684@example.com,Ethan,Patel,Los Angeles,California,70683,USA,34.3542,-117.6542,new,1626495,2026-03-29T16:30:00Z
685,enterprise.buyer.0685@example.com,Sophia,Nelson,San Jose,California,70684,USA,37.8022,-121.7664,standard,592025,2026-04-15T16:30:00Z
686,enterprise.buyer.0686@example.com,Liam,Carter,Phoenix,Arizona,70685,USA,33.6528,-112.1653,preferred,1761631,2026-04-14T16:30:00Z
687,enterprise.buyer.0687@example.com,Olivia,Rivera,Dallas,Texas,70686,USA,33.3577,-97.3143,vip,473097,2026-04-13T16:30:00Z
688,enterprise.buyer.0688@example.com,Lucas,Garcia,Chicago,Illinois,70687,USA,42.2171,-87.0357,new,468931,2026-04-12T16:30:00Z
689,enterprise.buyer.0689@example.com,Emma,Nguyen,Boston,Massachusetts,70688,USA,42.7179,-71.2815,standard,1734250,2026-04-11T16:30:00Z
690,enterprise.buyer.0690@example.com,Mason,Kim,Atlanta,Georgia,70689,USA,33.1996,-83.7062,preferred,846651,2026-04-10T16:30:00Z
691,enterprise.buyer.0691@example.com,Isabella,Park,Seattle,Washington,70690,USA,47.0959,-122.0198,vip,925074,2026-04-09T16:30:00Z
692,enterprise.buyer.0692@example.com,Logan,Scott,Denver,Colorado,70691,USA,39.1784,-104.9022,new,1855598,2026-04-08T16:30:00Z
693,enterprise.buyer.0693@example.com,Amelia,Morgan,Raleigh,North Carolina,70692,USA,35.7578,-78.0341,standard,1435702,2026-04-07T16:30:00Z
694,enterprise.buyer.0694@example.com,Elijah,Brooks,Miami,Florida,70693,USA,26.207,-80.2819,preferred,1978152,2026-04-06T16:30:00Z
695,enterprise.buyer.0695@example.com,Harper,Gray,New York,New York,70694,USA,40.6144,-74.2111,vip,1521382,2026-04-05T16:30:00Z
696,enterprise.buyer.0696@example.com,James,Ramos,Los Angeles,California,70695,USA,34.0326,-118.5068,new,871662,2026-04-04T16:30:00Z
697,enterprise.buyer.0697@example.com,Evelyn,Foster,San Jose,California,70696,USA,37.1196,-122.4803,standard,1092974,2026-04-03T16:30:00Z
698,enterprise.buyer.0698@example.com,Benjamin,Morris,Phoenix,Arizona,70697,USA,33.787,-112.6942,preferred,776419,2026-04-02T16:30:00Z
699,enterprise.buyer.0699@example.com,Luna,Wright,Dallas,Texas,70698,USA,32.4644,-97.3756,vip,1834612,2026-04-01T16:30:00Z
700,enterprise.buyer.0700@example.com,Henry,Reed,Chicago,Illinois,70699,USA,41.4404,-87.159,new,700733,2026-03-31T16:30:00Z
701,enterprise.buyer.0701@example.com,Ava,Chen,Boston,Massachusetts,70700,USA,42.8351,-71.5377,standard,221264,2026-03-30T16:30:00Z
702,enterprise.buyer.0702@example.com,Noah,Singh,Atlanta,Georgia,70701,USA,33.1999,-84.4262,preferred,1031372,2026-03-29T16:30:00Z
703,enterprise.buyer.0703@example.com,Mia,Price,Seattle,Washington,70702,USA,47.1751,-122.0915,vip,904359,2026-04-15T16:30:00Z
704,enterprise.buyer.0704@example.com,Ethan,Patel,Denver,Colorado,70703,USA,39.9461,-104.4608,new,1516349,2026-04-14T16:30:00Z
705,enterprise.buyer.0705@example.com,Sophia,Nelson,Raleigh,North Carolina,70704,USA,35.3243,-78.7555,standard,334854,2026-04-13T16:30:00Z
706,enterprise.buyer.0706@example.com,Liam,Carter,Miami,Florida,70705,USA,26.3608,-80.5888,preferred,557247,2026-04-12T16:30:00Z
707,enterprise.buyer.0707@example.com,Olivia,Rivera,New York,New York,70706,USA,40.3156,-74.208,vip,423072,2026-04-11T16:30:00Z
708,enterprise.buyer.0708@example.com,Lucas,Garcia,Los Angeles,California,70707,USA,34.2127,-117.593,new,1473913,2026-04-10T16:30:00Z
709,enterprise.buyer.0709@example.com,Emma,Nguyen,San Jose,California,70708,USA,37.0527,-121.6424,standard,1993129,2026-04-09T16:30:00Z
710,enterprise.buyer.0710@example.com,Mason,Kim,Phoenix,Arizona,70709,USA,33.0936,-111.5317,preferred,1870737,2026-04-08T16:30:00Z
711,enterprise.buyer.0711@example.com,Isabella,Park,Dallas,Texas,70710,USA,32.4188,-96.221,vip,1893454,2026-04-07T16:30:00Z
712,enterprise.buyer.0712@example.com,Logan,Scott,Chicago,Illinois,70711,USA,41.995,-87.3637,new,1720074,2026-04-06T16:30:00Z
713,enterprise.buyer.0713@example.com,Amelia,Morgan,Boston,Massachusetts,70712,USA,42.6172,-70.7522,standard,222204,2026-04-05T16:30:00Z
714,enterprise.buyer.0714@example.com,Elijah,Brooks,Atlanta,Georgia,70713,USA,33.328,-84.4714,preferred,226050,2026-04-04T16:30:00Z
715,enterprise.buyer.0715@example.com,Harper,Gray,Seattle,Washington,70714,USA,47.869,-122.5288,vip,1032832,2026-04-03T16:30:00Z
716,enterprise.buyer.0716@example.com,James,Ramos,Denver,Colorado,70715,USA,39.8797,-104.5488,new,1601402,2026-04-02T16:30:00Z
717,enterprise.buyer.0717@example.com,Evelyn,Foster,Raleigh,North Carolina,70716,USA,35.5184,-78.5964,standard,973128,2026-04-01T16:30:00Z
718,enterprise.buyer.0718@example.com,Benjamin,Morris,Miami,Florida,70717,USA,25.6381,-80.6194,preferred,1156868,2026-03-31T16:30:00Z
719,enterprise.buyer.0719@example.com,Luna,Wright,New York,New York,70718,USA,40.6204,-73.7001,vip,1105076,2026-03-30T16:30:00Z
720,enterprise.buyer.0720@example.com,Henry,Reed,Los Angeles,California,70719,USA,33.3954,-117.5919,new,360629,2026-03-29T16:30:00Z
721,enterprise.buyer.0721@example.com,Ava,Chen,San Jose,California,70720,USA,36.7073,-121.7287,standard,1927117,2026-04-15T16:30:00Z
722,enterprise.buyer.0722@example.com,Noah,Singh,Phoenix,Arizona,70721,USA,33.0061,-112.6509,preferred,1299487,2026-04-14T16:30:00Z
723,enterprise.buyer.0723@example.com,Mia,Price,Dallas,Texas,70722,USA,33.1556,-96.5825,vip,961883,2026-04-13T16:30:00Z
724,enterprise.buyer.0724@example.com,Ethan,Patel,Chicago,Illinois,70723,USA,41.6676,-87.224,new,1328949,2026-04-12T16:30:00Z
725,enterprise.buyer.0725@example.com,Sophia,Nelson,Boston,Massachusetts,70724,USA,42.2852,-71.0991,standard,299463,2026-04-11T16:30:00Z
726,enterprise.buyer.0726@example.com,Liam,Carter,Atlanta,Georgia,70725,USA,34.4436,-84.7277,preferred,1573996,2026-04-10T16:30:00Z
727,enterprise.buyer.0727@example.com,Olivia,Rivera,Seattle,Washington,70726,USA,47.0795,-122.1193,vip,1877037,2026-04-09T16:30:00Z
728,enterprise.buyer.0728@example.com,Lucas,Garcia,Denver,Colorado,70727,USA,39.9915,-105.5965,new,1846402,2026-04-08T16:30:00Z
729,enterprise.buyer.0729@example.com,Emma,Nguyen,Raleigh,North Carolina,70728,USA,36.2708,-78.8728,standard,1680886,2026-04-07T16:30:00Z
730,enterprise.buyer.0730@example.com,Mason,Kim,Miami,Florida,70729,USA,25.7619,-79.7883,preferred,1239366,2026-04-06T16:30:00Z
731,enterprise.buyer.0731@example.com,Isabella,Park,New York,New York,70730,USA,40.0186,-73.65,vip,927487,2026-04-05T16:30:00Z
732,enterprise.buyer.0732@example.com,Logan,Scott,Los Angeles,California,70731,USA,33.7029,-118.7242,new,1622010,2026-04-04T16:30:00Z
733,enterprise.buyer.0733@example.com,Amelia,Morgan,San Jose,California,70732,USA,37.2602,-122.3455,standard,1664729,2026-04-03T16:30:00Z
734,enterprise.buyer.0734@example.com,Elijah,Brooks,Phoenix,Arizona,70733,USA,33.387,-111.9515,preferred,1073999,2026-04-02T16:30:00Z
735,enterprise.buyer.0735@example.com,Harper,Gray,Dallas,Texas,70734,USA,32.2148,-96.7267,vip,1880420,2026-04-01T16:30:00Z
736,enterprise.buyer.0736@example.com,James,Ramos,Chicago,Illinois,70735,USA,42.2065,-87.4922,new,511881,2026-03-31T16:30:00Z
737,enterprise.buyer.0737@example.com,Evelyn,Foster,Boston,Massachusetts,70736,USA,41.9457,-70.6809,standard,543791,2026-03-30T16:30:00Z
738,enterprise.buyer.0738@example.com,Benjamin,Morris,Atlanta,Georgia,70737,USA,33.425,-84.7542,preferred,1731341,2026-03-29T16:30:00Z
739,enterprise.buyer.0739@example.com,Luna,Wright,Seattle,Washington,70738,USA,47.166,-122.5222,vip,1667322,2026-04-15T16:30:00Z
740,enterprise.buyer.0740@example.com,Henry,Reed,Denver,Colorado,70739,USA,39.8587,-104.8701,new,1933775,2026-04-14T16:30:00Z
741,enterprise.buyer.0741@example.com,Ava,Chen,Raleigh,North Carolina,70740,USA,36.3615,-78.9089,standard,902824,2026-04-13T16:30:00Z
742,enterprise.buyer.0742@example.com,Noah,Singh,Miami,Florida,70741,USA,25.0627,-80.5857,preferred,1563179,2026-04-12T16:30:00Z
743,enterprise.buyer.0743@example.com,Mia,Price,New York,New York,70742,USA,40.5227,-74.3128,vip,1441946,2026-04-11T16:30:00Z
744,enterprise.buyer.0744@example.com,Ethan,Patel,Los Angeles,California,70743,USA,33.7965,-118.7273,new,1186235,2026-04-10T16:30:00Z
745,enterprise.buyer.0745@example.com,Sophia,Nelson,San Jose,California,70744,USA,37.6116,-122.5606,standard,356002,2026-04-09T16:30:00Z
746,enterprise.buyer.0746@example.com,Liam,Carter,Phoenix,Arizona,70745,USA,34.023,-111.4676,preferred,1026716,2026-04-08T16:30:00Z
747,enterprise.buyer.0747@example.com,Olivia,Rivera,Dallas,Texas,70746,USA,32.8054,-97.2492,vip,578748,2026-04-07T16:30:00Z
748,enterprise.buyer.0748@example.com,Lucas,Garcia,Chicago,Illinois,70747,USA,41.6094,-86.969,new,1699228,2026-04-06T16:30:00Z
749,enterprise.buyer.0749@example.com,Emma,Nguyen,Boston,Massachusetts,70748,USA,41.741,-70.7185,standard,650679,2026-04-05T16:30:00Z
750,enterprise.buyer.0750@example.com,Mason,Kim,Atlanta,Georgia,70749,USA,33.1933,-84.8963,preferred,1051621,2026-04-04T16:30:00Z
751,enterprise.buyer.0751@example.com,Isabella,Park,Seattle,Washington,70750,USA,47.2557,-122.8635,vip,487861,2026-04-03T16:30:00Z
752,enterprise.buyer.0752@example.com,Logan,Scott,Denver,Colorado,70751,USA,39.4761,-105.4223,new,1507262,2026-04-02T16:30:00Z
753,enterprise.buyer.0753@example.com,Amelia,Morgan,Raleigh,North Carolina,70752,USA,35.943,-78.3643,standard,434499,2026-04-01T16:30:00Z
754,enterprise.buyer.0754@example.com,Elijah,Brooks,Miami,Florida,70753,USA,25.1094,-79.9983,preferred,1239742,2026-03-31T16:30:00Z
755,enterprise.buyer.0755@example.com,Harper,Gray,New York,New York,70754,USA,40.5408,-73.3525,vip,854688,2026-03-30T16:30:00Z
756,enterprise.buyer.0756@example.com,James,Ramos,Los Angeles,California,70755,USA,33.8908,-117.731,new,741846,2026-03-29T16:30:00Z
757,enterprise.buyer.0757@example.com,Evelyn,Foster,San Jose,California,70756,USA,36.975,-121.8261,standard,373584,2026-04-15T16:30:00Z
758,enterprise.buyer.0758@example.com,Benjamin,Morris,Phoenix,Arizona,70757,USA,33.6364,-112.1877,preferred,1481133,2026-04-14T16:30:00Z
759,enterprise.buyer.0759@example.com,Luna,Wright,Dallas,Texas,70758,USA,32.6307,-97.2975,vip,1808335,2026-04-13T16:30:00Z
760,enterprise.buyer.0760@example.com,Henry,Reed,Chicago,Illinois,70759,USA,41.3903,-86.9534,new,322075,2026-04-12T16:30:00Z
761,enterprise.buyer.0761@example.com,Ava,Chen,Boston,Massachusetts,70760,USA,41.9519,-71.3827,standard,830014,2026-04-11T16:30:00Z
762,enterprise.buyer.0762@example.com,Noah,Singh,Atlanta,Georgia,70761,USA,33.792,-84.1827,preferred,541613,2026-04-10T16:30:00Z
763,enterprise.buyer.0763@example.com,Mia,Price,Seattle,Washington,70762,USA,47.1992,-121.8279,vip,507972,2026-04-09T16:30:00Z
764,enterprise.buyer.0764@example.com,Ethan,Patel,Denver,Colorado,70763,USA,39.9507,-105.1643,new,373069,2026-04-08T16:30:00Z
765,enterprise.buyer.0765@example.com,Sophia,Nelson,Raleigh,North Carolina,70764,USA,35.2646,-79.3241,standard,378491,2026-04-07T16:30:00Z
766,enterprise.buyer.0766@example.com,Liam,Carter,Miami,Florida,70765,USA,26.2987,-79.7551,preferred,295304,2026-04-06T16:30:00Z
767,enterprise.buyer.0767@example.com,Olivia,Rivera,New York,New York,70766,USA,41.2494,-73.3076,vip,1543933,2026-04-05T16:30:00Z
768,enterprise.buyer.0768@example.com,Lucas,Garcia,Los Angeles,California,70767,USA,33.6795,-118.3052,new,1458495,2026-04-04T16:30:00Z
769,enterprise.buyer.0769@example.com,Emma,Nguyen,San Jose,California,70768,USA,37.6608,-122.1197,standard,598564,2026-04-03T16:30:00Z
770,enterprise.buyer.0770@example.com,Mason,Kim,Phoenix,Arizona,70769,USA,33.0158,-112.0384,preferred,1580742,2026-04-02T16:30:00Z
771,enterprise.buyer.0771@example.com,Isabella,Park,Dallas,Texas,70770,USA,33.0277,-96.7309,vip,1197623,2026-04-01T16:30:00Z
772,enterprise.buyer.0772@example.com,Logan,Scott,Chicago,Illinois,70771,USA,41.3582,-88.2479,new,1086909,2026-03-31T16:30:00Z
773,enterprise.buyer.0773@example.com,Amelia,Morgan,Boston,Massachusetts,70772,USA,42.9903,-71.3902,standard,1629153,2026-03-30T16:30:00Z
774,enterprise.buyer.0774@example.com,Elijah,Brooks,Atlanta,Georgia,70773,USA,33.9416,-83.8846,preferred,1171837,2026-03-29T16:30:00Z
775,enterprise.buyer.0775@example.com,Harper,Gray,Seattle,Washington,70774,USA,47.0736,-121.9995,vip,1008742,2026-04-15T16:30:00Z
776,enterprise.buyer.0776@example.com,James,Ramos,Denver,Colorado,70775,USA,39.6133,-104.412,new,340764,2026-04-14T16:30:00Z
777,enterprise.buyer.0777@example.com,Evelyn,Foster,Raleigh,North Carolina,70776,USA,36.0033,-79.1399,standard,1863131,2026-04-13T16:30:00Z
778,enterprise.buyer.0778@example.com,Benjamin,Morris,Miami,Florida,70777,USA,26.1594,-79.7397,preferred,1119739,2026-04-12T16:30:00Z
779,enterprise.buyer.0779@example.com,Luna,Wright,New York,New York,70778,USA,41.2453,-74.36,vip,1094837,2026-04-11T16:30:00Z
780,enterprise.buyer.0780@example.com,Henry,Reed,Los Angeles,California,70779,USA,33.9744,-118.8806,new,663647,2026-04-10T16:30:00Z
781,enterprise.buyer.0781@example.com,Ava,Chen,San Jose,California,70780,USA,37.5671,-121.4307,standard,1451827,2026-04-09T16:30:00Z
782,enterprise.buyer.0782@example.com,Noah,Singh,Phoenix,Arizona,70781,USA,33.0828,-111.6305,preferred,323736,2026-04-08T16:30:00Z
783,enterprise.buyer.0783@example.com,Mia,Price,Dallas,Texas,70782,USA,32.9579,-96.867,vip,1549820,2026-04-07T16:30:00Z
784,enterprise.buyer.0784@example.com,Ethan,Patel,Chicago,Illinois,70783,USA,41.4311,-87.2617,new,1843584,2026-04-06T16:30:00Z
785,enterprise.buyer.0785@example.com,Sophia,Nelson,Boston,Massachusetts,70784,USA,42.5287,-70.941,standard,1491187,2026-04-05T16:30:00Z
786,enterprise.buyer.0786@example.com,Liam,Carter,Atlanta,Georgia,70785,USA,34.2031,-84.0218,preferred,1707330,2026-04-04T16:30:00Z
787,enterprise.buyer.0787@example.com,Olivia,Rivera,Seattle,Washington,70786,USA,47.0899,-121.7451,vip,1389645,2026-04-03T16:30:00Z
788,enterprise.buyer.0788@example.com,Lucas,Garcia,Denver,Colorado,70787,USA,40.3095,-105.6203,new,1192771,2026-04-02T16:30:00Z
789,enterprise.buyer.0789@example.com,Emma,Nguyen,Raleigh,North Carolina,70788,USA,35.4687,-78.7015,standard,630455,2026-04-01T16:30:00Z
790,enterprise.buyer.0790@example.com,Mason,Kim,Miami,Florida,70789,USA,25.192,-79.764,preferred,1814703,2026-03-31T16:30:00Z
791,enterprise.buyer.0791@example.com,Isabella,Park,New York,New York,70790,USA,40.2155,-74.3333,vip,1728738,2026-03-30T16:30:00Z
792,enterprise.buyer.0792@example.com,Logan,Scott,Los Angeles,California,70791,USA,33.5864,-117.5909,new,1292597,2026-03-29T16:30:00Z
793,enterprise.buyer.0793@example.com,Amelia,Morgan,San Jose,California,70792,USA,37.01,-122.45,standard,1516475,2026-04-15T16:30:00Z
794,enterprise.buyer.0794@example.com,Elijah,Brooks,Phoenix,Arizona,70793,USA,33.2513,-112.3258,preferred,1333978,2026-04-14T16:30:00Z
795,enterprise.buyer.0795@example.com,Harper,Gray,Dallas,Texas,70794,USA,33.4662,-96.3938,vip,319570,2026-04-13T16:30:00Z
796,enterprise.buyer.0796@example.com,James,Ramos,Chicago,Illinois,70795,USA,41.997,-87.2427,new,1907147,2026-04-12T16:30:00Z
797,enterprise.buyer.0797@example.com,Evelyn,Foster,Boston,Massachusetts,70796,USA,41.7458,-71.2356,standard,329259,2026-04-11T16:30:00Z
798,enterprise.buyer.0798@example.com,Benjamin,Morris,Atlanta,Georgia,70797,USA,34.0559,-84.7711,preferred,250953,2026-04-10T16:30:00Z
799,enterprise.buyer.0799@example.com,Luna,Wright,Seattle,Washington,70798,USA,47.0658,-122.3154,vip,1840553,2026-04-09T16:30:00Z
800,enterprise.buyer.0800@example.com,Henry,Reed,Denver,Colorado,70799,USA,40.3476,-104.8341,new,721362,2026-04-08T16:30:00Z
801,enterprise.buyer.0801@example.com,Ava,Chen,Raleigh,North Carolina,70800,USA,35.9858,-78.3864,standard,416536,2026-04-07T16:30:00Z
802,enterprise.buyer.0802@example.com,Noah,Singh,Miami,Florida,70801,USA,25.3656,-79.7052,preferred,1706063,2026-04-06T16:30:00Z
803,enterprise.buyer.0803@example.com,Mia,Price,New York,New York,70802,USA,40.3878,-74.1924,vip,187218,2026-04-05T16:30:00Z
804,enterprise.buyer.0804@example.com,Ethan,Patel,Los Angeles,California,70803,USA,33.388,-118.7877,new,1971224,2026-04-04T16:30:00Z
805,enterprise.buyer.0805@example.com,Sophia,Nelson,San Jose,California,70804,USA,37.264,-121.884,standard,318179,2026-04-03T16:30:00Z
806,enterprise.buyer.0806@example.com,Liam,Carter,Phoenix,Arizona,70805,USA,33.5345,-112.6488,preferred,307286,2026-04-02T16:30:00Z
807,enterprise.buyer.0807@example.com,Olivia,Rivera,Dallas,Texas,70806,USA,32.6202,-97.25,vip,716013,2026-04-01T16:30:00Z
808,enterprise.buyer.0808@example.com,Lucas,Garcia,Chicago,Illinois,70807,USA,41.9906,-87.7593,new,1354474,2026-03-31T16:30:00Z
809,enterprise.buyer.0809@example.com,Emma,Nguyen,Boston,Massachusetts,70808,USA,41.7594,-71.5626,standard,1241767,2026-03-30T16:30:00Z
810,enterprise.buyer.0810@example.com,Mason,Kim,Atlanta,Georgia,70809,USA,33.3312,-84.6079,preferred,561527,2026-03-29T16:30:00Z
811,enterprise.buyer.0811@example.com,Isabella,Park,Seattle,Washington,70810,USA,47.3484,-122.88,vip,1406256,2026-04-15T16:30:00Z
812,enterprise.buyer.0812@example.com,Logan,Scott,Denver,Colorado,70811,USA,39.6848,-105.2811,new,1682452,2026-04-14T16:30:00Z
813,enterprise.buyer.0813@example.com,Amelia,Morgan,Raleigh,North Carolina,70812,USA,35.9547,-77.9979,standard,1680168,2026-04-13T16:30:00Z
814,enterprise.buyer.0814@example.com,Elijah,Brooks,Miami,Florida,70813,USA,25.7467,-79.784,preferred,751385,2026-04-12T16:30:00Z
815,enterprise.buyer.0815@example.com,Harper,Gray,New York,New York,70814,USA,40.2248,-74.4583,vip,808245,2026-04-11T16:30:00Z
816,enterprise.buyer.0816@example.com,James,Ramos,Los Angeles,California,70815,USA,34.1725,-118.6529,new,1869693,2026-04-10T16:30:00Z
817,enterprise.buyer.0817@example.com,Evelyn,Foster,San Jose,California,70816,USA,36.644,-122.1588,standard,921303,2026-04-09T16:30:00Z
818,enterprise.buyer.0818@example.com,Benjamin,Morris,Phoenix,Arizona,70817,USA,33.762,-112.4638,preferred,814138,2026-04-08T16:30:00Z
819,enterprise.buyer.0819@example.com,Luna,Wright,Dallas,Texas,70818,USA,32.1236,-96.6927,vip,198474,2026-04-07T16:30:00Z
820,enterprise.buyer.0820@example.com,Henry,Reed,Chicago,Illinois,70819,USA,42.4296,-88.1595,new,1907080,2026-04-06T16:30:00Z
821,enterprise.buyer.0821@example.com,Ava,Chen,Boston,Massachusetts,70820,USA,42.0184,-71.0264,standard,1807429,2026-04-05T16:30:00Z
822,enterprise.buyer.0822@example.com,Noah,Singh,Atlanta,Georgia,70821,USA,33.6665,-84.0696,preferred,568121,2026-04-04T16:30:00Z
823,enterprise.buyer.0823@example.com,Mia,Price,Seattle,Washington,70822,USA,47.8942,-122.7522,vip,1257268,2026-04-03T16:30:00Z
824,enterprise.buyer.0824@example.com,Ethan,Patel,Denver,Colorado,70823,USA,39.6408,-105.677,new,1941529,2026-04-02T16:30:00Z
825,enterprise.buyer.0825@example.com,Sophia,Nelson,Raleigh,North Carolina,70824,USA,35.9724,-78.4313,standard,1792081,2026-04-01T16:30:00Z
826,enterprise.buyer.0826@example.com,Liam,Carter,Miami,Florida,70825,USA,25.5397,-80.5258,preferred,857565,2026-03-31T16:30:00Z
827,enterprise.buyer.0827@example.com,Olivia,Rivera,New York,New York,70826,USA,40.2113,-73.6887,vip,200301,2026-03-30T16:30:00Z
828,enterprise.buyer.0828@example.com,Lucas,Garcia,Los Angeles,California,70827,USA,34.1912,-117.6673,new,1801266,2026-03-29T16:30:00Z
829,enterprise.buyer.0829@example.com,Emma,Nguyen,San Jose,California,70828,USA,37.0524,-122.3402,standard,519375,2026-04-15T16:30:00Z
830,enterprise.buyer.0830@example.com,Mason,Kim,Phoenix,Arizona,70829,USA,33.9899,-111.432,preferred,1765386,2026-04-14T16:30:00Z
831,enterprise.buyer.0831@example.com,Isabella,Park,Dallas,Texas,70830,USA,32.4954,-96.836,vip,519292,2026-04-13T16:30:00Z
832,enterprise.buyer.0832@example.com,Logan,Scott,Chicago,Illinois,70831,USA,41.75,-87.8438,new,1225209,2026-04-12T16:30:00Z
833,enterprise.buyer.0833@example.com,Amelia,Morgan,Boston,Massachusetts,70832,USA,42.321,-71.3932,standard,1842869,2026-04-11T16:30:00Z
834,enterprise.buyer.0834@example.com,Elijah,Brooks,Atlanta,Georgia,70833,USA,33.2822,-84.2821,preferred,420777,2026-04-10T16:30:00Z
835,enterprise.buyer.0835@example.com,Harper,Gray,Seattle,Washington,70834,USA,47.4157,-121.7097,vip,1457263,2026-04-09T16:30:00Z
836,enterprise.buyer.0836@example.com,James,Ramos,Denver,Colorado,70835,USA,39.8838,-104.3644,new,764260,2026-04-08T16:30:00Z
837,enterprise.buyer.0837@example.com,Evelyn,Foster,Raleigh,North Carolina,70836,USA,35.7967,-78.3278,standard,481915,2026-04-07T16:30:00Z
838,enterprise.buyer.0838@example.com,Benjamin,Morris,Miami,Florida,70837,USA,25.225,-80.7766,preferred,1138531,2026-04-06T16:30:00Z
839,enterprise.buyer.0839@example.com,Luna,Wright,New York,New York,70838,USA,40.7897,-73.8704,vip,1025754,2026-04-05T16:30:00Z
840,enterprise.buyer.0840@example.com,Henry,Reed,Los Angeles,California,70839,USA,33.5496,-117.9204,new,1151964,2026-04-04T16:30:00Z
841,enterprise.buyer.0841@example.com,Ava,Chen,San Jose,California,70840,USA,36.963,-121.2421,standard,683133,2026-04-03T16:30:00Z
842,enterprise.buyer.0842@example.com,Noah,Singh,Phoenix,Arizona,70841,USA,33.2156,-112.0144,preferred,1647466,2026-04-02T16:30:00Z
843,enterprise.buyer.0843@example.com,Mia,Price,Dallas,Texas,70842,USA,32.3272,-96.9836,vip,383738,2026-04-01T16:30:00Z
844,enterprise.buyer.0844@example.com,Ethan,Patel,Chicago,Illinois,70843,USA,42.4141,-88.1078,new,1243581,2026-03-31T16:30:00Z
845,enterprise.buyer.0845@example.com,Sophia,Nelson,Boston,Massachusetts,70844,USA,41.6711,-70.8255,standard,1766730,2026-03-30T16:30:00Z
846,enterprise.buyer.0846@example.com,Liam,Carter,Atlanta,Georgia,70845,USA,33.2499,-83.695,preferred,604554,2026-03-29T16:30:00Z
847,enterprise.buyer.0847@example.com,Olivia,Rivera,Seattle,Washington,70846,USA,47.4017,-122.8516,vip,288706,2026-04-15T16:30:00Z
848,enterprise.buyer.0848@example.com,Lucas,Garcia,Denver,Colorado,70847,USA,39.29,-105.4268,new,953396,2026-04-14T16:30:00Z
849,enterprise.buyer.0849@example.com,Emma,Nguyen,Raleigh,North Carolina,70848,USA,35.6706,-78.164,standard,1181704,2026-04-13T16:30:00Z
850,enterprise.buyer.0850@example.com,Mason,Kim,Miami,Florida,70849,USA,26.0722,-79.8608,preferred,185757,2026-04-12T16:30:00Z
851,enterprise.buyer.0851@example.com,Isabella,Park,New York,New York,70850,USA,40.3694,-73.8452,vip,1032863,2026-04-11T16:30:00Z
852,enterprise.buyer.0852@example.com,Logan,Scott,Los Angeles,California,70851,USA,34.2708,-117.8891,new,1494267,2026-04-10T16:30:00Z
853,enterprise.buyer.0853@example.com,Amelia,Morgan,San Jose,California,70852,USA,36.7371,-121.3227,standard,1448447,2026-04-09T16:30:00Z
854,enterprise.buyer.0854@example.com,Elijah,Brooks,Phoenix,Arizona,70853,USA,33.8495,-112.6097,preferred,1421354,2026-04-08T16:30:00Z
855,enterprise.buyer.0855@example.com,Harper,Gray,Dallas,Texas,70854,USA,32.2628,-96.9838,vip,1765266,2026-04-07T16:30:00Z
856,enterprise.buyer.0856@example.com,James,Ramos,Chicago,Illinois,70855,USA,42.3866,-88.2663,new,217285,2026-04-06T16:30:00Z
857,enterprise.buyer.0857@example.com,Evelyn,Foster,Boston,Massachusetts,70856,USA,42.4097,-71.5173,standard,994876,2026-04-05T16:30:00Z
858,enterprise.buyer.0858@example.com,Benjamin,Morris,Atlanta,Georgia,70857,USA,33.7038,-84.7393,preferred,1434361,2026-04-04T16:30:00Z
859,enterprise.buyer.0859@example.com,Luna,Wright,Seattle,Washington,70858,USA,47.3851,-122.8899,vip,598724,2026-04-03T16:30:00Z
860,enterprise.buyer.0860@example.com,Henry,Reed,Denver,Colorado,70859,USA,40.3082,-104.9557,new,261008,2026-04-02T16:30:00Z
861,enterprise.buyer.0861@example.com,Ava,Chen,Raleigh,North Carolina,70860,USA,35.2829,-79.1737,standard,928248,2026-04-01T16:30:00Z
862,enterprise.buyer.0862@example.com,Noah,Singh,Miami,Florida,70861,USA,25.8592,-79.6863,preferred,1028601,2026-03-31T16:30:00Z
863,enterprise.buyer.0863@example.com,Mia,Price,New York,New York,70862,USA,41.3922,-73.3525,vip,708855,2026-03-30T16:30:00Z
864,enterprise.buyer.0864@example.com,Ethan,Patel,Los Angeles,California,70863,USA,34.716,-118.7261,new,973566,2026-03-29T16:30:00Z
865,enterprise.buyer.0865@example.com,Sophia,Nelson,San Jose,California,70864,USA,37.9375,-121.7798,standard,362955,2026-04-15T16:30:00Z
866,enterprise.buyer.0866@example.com,Liam,Carter,Phoenix,Arizona,70865,USA,33.823,-112.4895,preferred,1842053,2026-04-14T16:30:00Z
867,enterprise.buyer.0867@example.com,Olivia,Rivera,Dallas,Texas,70866,USA,32.7302,-96.8737,vip,1237659,2026-04-13T16:30:00Z
868,enterprise.buyer.0868@example.com,Lucas,Garcia,Chicago,Illinois,70867,USA,42.3363,-87.8907,new,699049,2026-04-12T16:30:00Z
869,enterprise.buyer.0869@example.com,Emma,Nguyen,Boston,Massachusetts,70868,USA,42.2816,-71.6719,standard,525660,2026-04-11T16:30:00Z
870,enterprise.buyer.0870@example.com,Mason,Kim,Atlanta,Georgia,70869,USA,34.0351,-84.3822,preferred,1758985,2026-04-10T16:30:00Z
871,enterprise.buyer.0871@example.com,Isabella,Park,Seattle,Washington,70870,USA,47.7666,-121.6645,vip,1445756,2026-04-09T16:30:00Z
872,enterprise.buyer.0872@example.com,Logan,Scott,Denver,Colorado,70871,USA,39.9131,-104.7118,new,1569155,2026-04-08T16:30:00Z
873,enterprise.buyer.0873@example.com,Amelia,Morgan,Raleigh,North Carolina,70872,USA,36.084,-77.9497,standard,1371068,2026-04-07T16:30:00Z
874,enterprise.buyer.0874@example.com,Elijah,Brooks,Miami,Florida,70873,USA,25.2036,-79.6252,preferred,1043647,2026-04-06T16:30:00Z
875,enterprise.buyer.0875@example.com,Harper,Gray,New York,New York,70874,USA,41.1189,-73.8327,vip,360115,2026-04-05T16:30:00Z
876,enterprise.buyer.0876@example.com,James,Ramos,Los Angeles,California,70875,USA,34.3414,-118.5656,new,1563431,2026-04-04T16:30:00Z
877,enterprise.buyer.0877@example.com,Evelyn,Foster,San Jose,California,70876,USA,37.7385,-121.6438,standard,1808030,2026-04-03T16:30:00Z
878,enterprise.buyer.0878@example.com,Benjamin,Morris,Phoenix,Arizona,70877,USA,33.4902,-111.8933,preferred,1850653,2026-04-02T16:30:00Z
879,enterprise.buyer.0879@example.com,Luna,Wright,Dallas,Texas,70878,USA,32.7992,-96.8038,vip,264445,2026-04-01T16:30:00Z
880,enterprise.buyer.0880@example.com,Henry,Reed,Chicago,Illinois,70879,USA,42.4683,-88.1481,new,1105051,2026-03-31T16:30:00Z
881,enterprise.buyer.0881@example.com,Ava,Chen,Boston,Massachusetts,70880,USA,41.8265,-70.3951,standard,939004,2026-03-30T16:30:00Z
882,enterprise.buyer.0882@example.com,Noah,Singh,Atlanta,Georgia,70881,USA,33.5006,-84.0043,preferred,1241691,2026-03-29T16:30:00Z
883,enterprise.buyer.0883@example.com,Mia,Price,Seattle,Washington,70882,USA,47.7254,-122.2435,vip,1068569,2026-04-15T16:30:00Z
884,enterprise.buyer.0884@example.com,Ethan,Patel,Denver,Colorado,70883,USA,39.7264,-104.5741,new,1210987,2026-04-14T16:30:00Z
885,enterprise.buyer.0885@example.com,Sophia,Nelson,Raleigh,North Carolina,70884,USA,35.7017,-78.0138,standard,572947,2026-04-13T16:30:00Z
886,enterprise.buyer.0886@example.com,Liam,Carter,Miami,Florida,70885,USA,25.2361,-80.7927,preferred,1132011,2026-04-12T16:30:00Z
887,enterprise.buyer.0887@example.com,Olivia,Rivera,New York,New York,70886,USA,40.5309,-74.4071,vip,1002600,2026-04-11T16:30:00Z
888,enterprise.buyer.0888@example.com,Lucas,Garcia,Los Angeles,California,70887,USA,33.7369,-118.6512,new,1681187,2026-04-10T16:30:00Z
889,enterprise.buyer.0889@example.com,Emma,Nguyen,San Jose,California,70888,USA,37.6333,-122.2819,standard,619549,2026-04-09T16:30:00Z
890,enterprise.buyer.0890@example.com,Mason,Kim,Phoenix,Arizona,70889,USA,33.9686,-111.663,preferred,1349402,2026-04-08T16:30:00Z
891,enterprise.buyer.0891@example.com,Isabella,Park,Dallas,Texas,70890,USA,33.263,-96.8247,vip,1386157,2026-04-07T16:30:00Z
892,enterprise.buyer.0892@example.com,Logan,Scott,Chicago,Illinois,70891,USA,42.0619,-87.639,new,1581739,2026-04-06T16:30:00Z
893,enterprise.buyer.0893@example.com,Amelia,Morgan,Boston,Massachusetts,70892,USA,42.8544,-70.6162,standard,1657041,2026-04-05T16:30:00Z
894,enterprise.buyer.0894@example.com,Elijah,Brooks,Atlanta,Georgia,70893,USA,33.3043,-84.5,preferred,1310389,2026-04-04T16:30:00Z
895,enterprise.buyer.0895@example.com,Harper,Gray,Seattle,Washington,70894,USA,48.1926,-121.9539,vip,291994,2026-04-03T16:30:00Z
896,enterprise.buyer.0896@example.com,James,Ramos,Denver,Colorado,70895,USA,40.1302,-105.4621,new,646764,2026-04-02T16:30:00Z
897,enterprise.buyer.0897@example.com,Evelyn,Foster,Raleigh,North Carolina,70896,USA,35.4583,-78.5127,standard,1566873,2026-04-01T16:30:00Z
898,enterprise.buyer.0898@example.com,Benjamin,Morris,Miami,Florida,70897,USA,25.6362,-80.1779,preferred,455546,2026-03-31T16:30:00Z
899,enterprise.buyer.0899@example.com,Luna,Wright,New York,New York,70898,USA,40.1971,-73.7319,vip,1441729,2026-03-30T16:30:00Z
900,enterprise.buyer.0900@example.com,Henry,Reed,Los Angeles,California,70899,USA,33.5684,-118.5022,new,1206945,2026-03-29T16:30:00Z
901,enterprise.buyer.0901@example.com,Ava,Chen,San Jose,California,70900,USA,37.4265,-121.7702,standard,1104239,2026-04-15T16:30:00Z
902,enterprise.buyer.0902@example.com,Noah,Singh,Phoenix,Arizona,70901,USA,33.9859,-111.8981,preferred,1804525,2026-04-14T16:30:00Z
903,enterprise.buyer.0903@example.com,Mia,Price,Dallas,Texas,70902,USA,32.5133,-97.1575,vip,1874257,2026-04-13T16:30:00Z
904,enterprise.buyer.0904@example.com,Ethan,Patel,Chicago,Illinois,70903,USA,42.4197,-87.6973,new,1925709,2026-04-12T16:30:00Z
905,enterprise.buyer.0905@example.com,Sophia,Nelson,Boston,Massachusetts,70904,USA,41.7594,-71.0577,standard,371257,2026-04-11T16:30:00Z
906,enterprise.buyer.0906@example.com,Liam,Carter,Atlanta,Georgia,70905,USA,34.0109,-84.6165,preferred,1423221,2026-04-10T16:30:00Z
907,enterprise.buyer.0907@example.com,Olivia,Rivera,Seattle,Washington,70906,USA,47.6726,-122.546,vip,929360,2026-04-09T16:30:00Z
908,enterprise.buyer.0908@example.com,Lucas,Garcia,Denver,Colorado,70907,USA,39.8018,-104.4036,new,1532907,2026-04-08T16:30:00Z
909,enterprise.buyer.0909@example.com,Emma,Nguyen,Raleigh,North Carolina,70908,USA,36.4701,-79.1869,standard,1737642,2026-04-07T16:30:00Z
910,enterprise.buyer.0910@example.com,Mason,Kim,Miami,Florida,70909,USA,26.3256,-80.127,preferred,731440,2026-04-06T16:30:00Z
911,enterprise.buyer.0911@example.com,Isabella,Park,New York,New York,70910,USA,40.5484,-73.7353,vip,794081,2026-04-05T16:30:00Z
912,enterprise.buyer.0912@example.com,Logan,Scott,Los Angeles,California,70911,USA,34.5005,-118.6832,new,1850368,2026-04-04T16:30:00Z
913,enterprise.buyer.0913@example.com,Amelia,Morgan,San Jose,California,70912,USA,37.3987,-122.0616,standard,177725,2026-04-03T16:30:00Z
914,enterprise.buyer.0914@example.com,Elijah,Brooks,Phoenix,Arizona,70913,USA,33.0867,-112.4757,preferred,541688,2026-04-02T16:30:00Z
915,enterprise.buyer.0915@example.com,Harper,Gray,Dallas,Texas,70914,USA,32.3773,-96.1933,vip,1416178,2026-04-01T16:30:00Z
916,enterprise.buyer.0916@example.com,James,Ramos,Chicago,Illinois,70915,USA,41.8549,-87.2257,new,1582752,2026-03-31T16:30:00Z
917,enterprise.buyer.0917@example.com,Evelyn,Foster,Boston,Massachusetts,70916,USA,42.8049,-71.3904,standard,1502704,2026-03-30T16:30:00Z
918,enterprise.buyer.0918@example.com,Benjamin,Morris,Atlanta,Georgia,70917,USA,34.3168,-83.7207,preferred,338037,2026-03-29T16:30:00Z
919,enterprise.buyer.0919@example.com,Luna,Wright,Seattle,Washington,70918,USA,47.3521,-122.8335,vip,1452946,2026-04-15T16:30:00Z
920,enterprise.buyer.0920@example.com,Henry,Reed,Denver,Colorado,70919,USA,39.9103,-105.6326,new,376298,2026-04-14T16:30:00Z
921,enterprise.buyer.0921@example.com,Ava,Chen,Raleigh,North Carolina,70920,USA,36.2384,-79.0014,standard,862201,2026-04-13T16:30:00Z
922,enterprise.buyer.0922@example.com,Noah,Singh,Miami,Florida,70921,USA,25.8649,-80.5087,preferred,1452167,2026-04-12T16:30:00Z
923,enterprise.buyer.0923@example.com,Mia,Price,New York,New York,70922,USA,41.069,-74.2616,vip,803825,2026-04-11T16:30:00Z
924,enterprise.buyer.0924@example.com,Ethan,Patel,Los Angeles,California,70923,USA,34.3006,-118.5447,new,214252,2026-04-10T16:30:00Z
925,enterprise.buyer.0925@example.com,Sophia,Nelson,San Jose,California,70924,USA,36.8008,-121.9397,standard,271431,2026-04-09T16:30:00Z
926,enterprise.buyer.0926@example.com,Liam,Carter,Phoenix,Arizona,70925,USA,32.9999,-112.1749,preferred,593262,2026-04-08T16:30:00Z
927,enterprise.buyer.0927@example.com,Olivia,Rivera,Dallas,Texas,70926,USA,33.0609,-97.3883,vip,1917238,2026-04-07T16:30:00Z
928,enterprise.buyer.0928@example.com,Lucas,Garcia,Chicago,Illinois,70927,USA,41.5997,-87.2641,new,1898957,2026-04-06T16:30:00Z
929,enterprise.buyer.0929@example.com,Emma,Nguyen,Boston,Massachusetts,70928,USA,42.3186,-70.7834,standard,1697195,2026-04-05T16:30:00Z
930,enterprise.buyer.0930@example.com,Mason,Kim,Atlanta,Georgia,70929,USA,33.168,-84.6181,preferred,1358622,2026-04-04T16:30:00Z
931,enterprise.buyer.0931@example.com,Isabella,Park,Seattle,Washington,70930,USA,48.078,-122.5319,vip,1837772,2026-04-03T16:30:00Z
932,enterprise.buyer.0932@example.com,Logan,Scott,Denver,Colorado,70931,USA,40.358,-104.8214,new,1605365,2026-04-02T16:30:00Z
933,enterprise.buyer.0933@example.com,Amelia,Morgan,Raleigh,North Carolina,70932,USA,36.3922,-79.2073,standard,923234,2026-04-01T16:30:00Z
934,enterprise.buyer.0934@example.com,Elijah,Brooks,Miami,Florida,70933,USA,26.0545,-80.425,preferred,910105,2026-03-31T16:30:00Z
935,enterprise.buyer.0935@example.com,Harper,Gray,New York,New York,70934,USA,40.238,-73.7172,vip,724516,2026-03-30T16:30:00Z
936,enterprise.buyer.0936@example.com,James,Ramos,Los Angeles,California,70935,USA,34.696,-118.7456,new,1367747,2026-03-29T16:30:00Z
937,enterprise.buyer.0937@example.com,Evelyn,Foster,San Jose,California,70936,USA,38.0293,-122.3476,standard,837875,2026-04-15T16:30:00Z
938,enterprise.buyer.0938@example.com,Benjamin,Morris,Phoenix,Arizona,70937,USA,34.0912,-111.7831,preferred,1487940,2026-04-14T16:30:00Z
939,enterprise.buyer.0939@example.com,Luna,Wright,Dallas,Texas,70938,USA,32.9063,-96.2922,vip,1085106,2026-04-13T16:30:00Z
940,enterprise.buyer.0940@example.com,Henry,Reed,Chicago,Illinois,70939,USA,41.3659,-88.2626,new,1376461,2026-04-12T16:30:00Z
941,enterprise.buyer.0941@example.com,Ava,Chen,Boston,Massachusetts,70940,USA,43.0553,-70.6062,standard,1218110,2026-04-11T16:30:00Z
942,enterprise.buyer.0942@example.com,Noah,Singh,Atlanta,Georgia,70941,USA,33.0873,-84.3918,preferred,1276202,2026-04-10T16:30:00Z
943,enterprise.buyer.0943@example.com,Mia,Price,Seattle,Washington,70942,USA,47.7447,-121.8117,vip,255400,2026-04-09T16:30:00Z
944,enterprise.buyer.0944@example.com,Ethan,Patel,Denver,Colorado,70943,USA,39.5884,-104.3291,new,1203598,2026-04-08T16:30:00Z
945,enterprise.buyer.0945@example.com,Sophia,Nelson,Raleigh,North Carolina,70944,USA,35.79,-79.1437,standard,1787792,2026-04-07T16:30:00Z
946,enterprise.buyer.0946@example.com,Liam,Carter,Miami,Florida,70945,USA,25.431,-80.7638,preferred,443122,2026-04-06T16:30:00Z
947,enterprise.buyer.0947@example.com,Olivia,Rivera,New York,New York,70946,USA,41.3928,-73.7679,vip,571233,2026-04-05T16:30:00Z
948,enterprise.buyer.0948@example.com,Lucas,Garcia,Los Angeles,California,70947,USA,33.6608,-118.6059,new,1284935,2026-04-04T16:30:00Z
949,enterprise.buyer.0949@example.com,Emma,Nguyen,San Jose,California,70948,USA,37.6222,-122.3509,standard,1470618,2026-04-03T16:30:00Z
950,enterprise.buyer.0950@example.com,Mason,Kim,Phoenix,Arizona,70949,USA,33.8206,-111.9062,preferred,1465785,2026-04-02T16:30:00Z
951,enterprise.buyer.0951@example.com,Isabella,Park,Dallas,Texas,70950,USA,32.9683,-97.4688,vip,854730,2026-04-01T16:30:00Z
952,enterprise.buyer.0952@example.com,Logan,Scott,Chicago,Illinois,70951,USA,42.1526,-87.1736,new,1005174,2026-03-31T16:30:00Z
953,enterprise.buyer.0953@example.com,Amelia,Morgan,Boston,Massachusetts,70952,USA,41.7114,-71.589,standard,1920804,2026-03-30T16:30:00Z
954,enterprise.buyer.0954@example.com,Elijah,Brooks,Atlanta,Georgia,70953,USA,33.8547,-84.0219,preferred,1578232,2026-03-29T16:30:00Z
955,enterprise.buyer.0955@example.com,Harper,Gray,Seattle,Washington,70954,USA,47.8543,-122.4067,vip,1645382,2026-04-15T16:30:00Z
956,enterprise.buyer.0956@example.com,James,Ramos,Denver,Colorado,70955,USA,39.3874,-104.5279,new,970675,2026-04-14T16:30:00Z
957,enterprise.buyer.0957@example.com,Evelyn,Foster,Raleigh,North Carolina,70956,USA,36.0665,-77.9957,standard,1830008,2026-04-13T16:30:00Z
958,enterprise.buyer.0958@example.com,Benjamin,Morris,Miami,Florida,70957,USA,25.6778,-79.9024,preferred,1270764,2026-04-12T16:30:00Z
959,enterprise.buyer.0959@example.com,Luna,Wright,New York,New York,70958,USA,40.2215,-74.5677,vip,1804298,2026-04-11T16:30:00Z
960,enterprise.buyer.0960@example.com,Henry,Reed,Los Angeles,California,70959,USA,33.7955,-118.4966,new,210422,2026-04-10T16:30:00Z
961,enterprise.buyer.0961@example.com,Ava,Chen,San Jose,California,70960,USA,37.736,-122.3966,standard,963695,2026-04-09T16:30:00Z
962,enterprise.buyer.0962@example.com,Noah,Singh,Phoenix,Arizona,70961,USA,33.6796,-111.3851,preferred,1710670,2026-04-08T16:30:00Z
963,enterprise.buyer.0963@example.com,Mia,Price,Dallas,Texas,70962,USA,32.8171,-96.1338,vip,328128,2026-04-07T16:30:00Z
964,enterprise.buyer.0964@example.com,Ethan,Patel,Chicago,Illinois,70963,USA,42.5181,-87.0923,new,340457,2026-04-06T16:30:00Z
965,enterprise.buyer.0965@example.com,Sophia,Nelson,Boston,Massachusetts,70964,USA,42.9447,-70.4821,standard,1210692,2026-04-05T16:30:00Z
966,enterprise.buyer.0966@example.com,Liam,Carter,Atlanta,Georgia,70965,USA,33.1159,-84.3638,preferred,470286,2026-04-04T16:30:00Z
967,enterprise.buyer.0967@example.com,Olivia,Rivera,Seattle,Washington,70966,USA,47.9121,-122.1685,vip,1669404,2026-04-03T16:30:00Z
968,enterprise.buyer.0968@example.com,Lucas,Garcia,Denver,Colorado,70967,USA,40.1124,-105.2674,new,828012,2026-04-02T16:30:00Z
969,enterprise.buyer.0969@example.com,Emma,Nguyen,Raleigh,North Carolina,70968,USA,35.6504,-78.6705,standard,1244924,2026-04-01T16:30:00Z
970,enterprise.buyer.0970@example.com,Mason,Kim,Miami,Florida,70969,USA,25.5005,-80.0753,preferred,672033,2026-03-31T16:30:00Z
971,enterprise.buyer.0971@example.com,Isabella,Park,New York,New York,70970,USA,40.5671,-73.6624,vip,1642847,2026-03-30T16:30:00Z
972,enterprise.buyer.0972@example.com,Logan,Scott,Los Angeles,California,70971,USA,34.5543,-118.8784,new,1385374,2026-03-29T16:30:00Z
973,enterprise.buyer.0973@example.com,Amelia,Morgan,San Jose,California,70972,USA,37.962,-121.3679,standard,1383500,2026-04-15T16:30:00Z
974,enterprise.buyer.0974@example.com,Elijah,Brooks,Phoenix,Arizona,70973,USA,33.8198,-111.9132,preferred,1002030,2026-04-14T16:30:00Z
975,enterprise.buyer.0975@example.com,Harper,Gray,Dallas,Texas,70974,USA,32.2291,-97.2134,vip,488659,2026-04-13T16:30:00Z
976,enterprise.buyer.0976@example.com,James,Ramos,Chicago,Illinois,70975,USA,41.6309,-87.9272,new,1652611,2026-04-12T16:30:00Z
977,enterprise.buyer.0977@example.com,Evelyn,Foster,Boston,Massachusetts,70976,USA,42.2911,-70.96,standard,779168,2026-04-11T16:30:00Z
978,enterprise.buyer.0978@example.com,Benjamin,Morris,Atlanta,Georgia,70977,USA,34.2215,-84.1773,preferred,248779,2026-04-10T16:30:00Z
979,enterprise.buyer.0979@example.com,Luna,Wright,Seattle,Washington,70978,USA,48.2714,-121.6531,vip,1518434,2026-04-09T16:30:00Z
980,enterprise.buyer.0980@example.com,Henry,Reed,Denver,Colorado,70979,USA,39.0575,-105.4809,new,1460845,2026-04-08T16:30:00Z
981,enterprise.buyer.0981@example.com,Ava,Chen,Raleigh,North Carolina,70980,USA,36.2339,-78.0425,standard,564939,2026-04-07T16:30:00Z
982,enterprise.buyer.0982@example.com,Noah,Singh,Miami,Florida,70981,USA,26.2884,-80.0389,preferred,733749,2026-04-06T16:30:00Z
983,enterprise.buyer.0983@example.com,Mia,Price,New York,New York,70982,USA,40.4119,-73.8161,vip,952697,2026-04-05T16:30:00Z
984,enterprise.buyer.0984@example.com,Ethan,Patel,Los Angeles,California,70983,USA,33.9346,-117.805,new,482906,2026-04-04T16:30:00Z
985,enterprise.buyer.0985@example.com,Sophia,Nelson,San Jose,California,70984,USA,37.5309,-121.7615,standard,1085593,2026-04-03T16:30:00Z
986,enterprise.buyer.0986@example.com,Liam,Carter,Phoenix,Arizona,70985,USA,33.7858,-111.7184,preferred,1850408,2026-04-02T16:30:00Z
987,enterprise.buyer.0987@example.com,Olivia,Rivera,Dallas,Texas,70986,USA,33.3567,-96.3779,vip,1890602,2026-04-01T16:30:00Z
988,enterprise.buyer.0988@example.com,Lucas,Garcia,Chicago,Illinois,70987,USA,42.5424,-88.1924,new,536370,2026-03-31T16:30:00Z
989,enterprise.buyer.0989@example.com,Emma,Nguyen,Boston,Massachusetts,70988,USA,42.402,-70.4391,standard,1978012,2026-03-30T16:30:00Z
990,enterprise.buyer.0990@example.com,Mason,Kim,Atlanta,Georgia,70989,USA,33.1803,-84.8853,preferred,1354081,2026-03-29T16:30:00Z
991,enterprise.buyer.0991@example.com,Isabella,Park,Seattle,Washington,70990,USA,48.1102,-122.4831,vip,359418,2026-04-15T16:30:00Z
992,enterprise.buyer.0992@example.com,Logan,Scott,Denver,Colorado,70991,USA,39.0746,-105.3371,new,1236788,2026-04-14T16:30:00Z
993,enterprise.buyer.0993@example.com,Amelia,Morgan,Raleigh,North Carolina,70992,USA,36.2755,-78.5743,standard,650855,2026-04-13T16:30:00Z
994,enterprise.buyer.0994@example.com,Elijah,Brooks,Miami,Florida,70993,USA,25.964,-80.4077,preferred,1468290,2026-04-12T16:30:00Z
995,enterprise.buyer.0995@example.com,Harper,Gray,New York,New York,70994,USA,41.0726,-73.5834,vip,941623,2026-04-11T16:30:00Z
996,enterprise.buyer.0996@example.com,James,Ramos,Los Angeles,California,70995,USA,33.8926,-118.6253,new,1642101,2026-04-10T16:30:00Z
997,enterprise.buyer.0997@example.com,Evelyn,Foster,San Jose,California,70996,USA,36.6905,-122.4613,standard,634861,2026-04-09T16:30:00Z
998,enterprise.buyer.0998@example.com,Benjamin,Morris,Phoenix,Arizona,70997,USA,33.2927,-111.8307,preferred,853344,2026-04-08T16:30:00Z
999,enterprise.buyer.0999@example.com,Luna,Wright,Dallas,Texas,70998,USA,32.2736,-96.4884,vip,1450587,2026-04-07T16:30:00Z
1000,enterprise.buyer.1000@example.com,Henry,Reed,Chicago,Illinois,70999,USA,41.5164,-87.0036,new,1443200,2026-04-06T16:30:00Z
1001,enterprise.buyer.1001@example.com,Ava,Chen,Boston,Massachusetts,71000,USA,42.3317,-70.7129,standard,624762,2026-04-05T16:30:00Z
1002,enterprise.buyer.1002@example.com,Noah,Singh,Atlanta,Georgia,71001,USA,33.2911,-84.1203,preferred,1846206,2026-04-04T16:30:00Z
1003,enterprise.buyer.1003@example.com,Mia,Price,Seattle,Washington,71002,USA,47.4319,-122.3632,vip,828544,2026-04-03T16:30:00Z
1004,enterprise.buyer.1004@example.com,Ethan,Patel,Denver,Colorado,71003,USA,39.8357,-104.4343,new,1777859,2026-04-02T16:30:00Z
1005,enterprise.buyer.1005@example.com,Sophia,Nelson,Raleigh,North Carolina,71004,USA,35.5742,-79.0237,standard,1466823,2026-04-01T16:30:00Z
1006,enterprise.buyer.1006@example.com,Liam,Carter,Miami,Florida,71005,USA,25.3463,-80.1827,preferred,1448942,2026-03-31T16:30:00Z
1007,enterprise.buyer.1007@example.com,Olivia,Rivera,New York,New York,71006,USA,40.086,-73.8896,vip,1992980,2026-03-30T16:30:00Z
1008,enterprise.buyer.1008@example.com,Lucas,Garcia,Los Angeles,California,71007,USA,33.9274,-118.8374,new,510572,2026-03-29T16:30:00Z
1009,enterprise.buyer.1009@example.com,Emma,Nguyen,San Jose,California,71008,USA,37.4242,-121.567,standard,1411113,2026-04-15T16:30:00Z
1010,enterprise.buyer.1010@example.com,Mason,Kim,Phoenix,Arizona,71009,USA,33.1786,-111.9554,preferred,503902,2026-04-14T16:30:00Z
1011,enterprise.buyer.1011@example.com,Isabella,Park,Dallas,Texas,71010,USA,33.0069,-96.1214,vip,775043,2026-04-13T16:30:00Z
1012,enterprise.buyer.1012@example.com,Logan,Scott,Chicago,Illinois,71011,USA,41.7733,-88.2909,new,1572416,2026-04-12T16:30:00Z
1013,enterprise.buyer.1013@example.com,Amelia,Morgan,Boston,Massachusetts,71012,USA,42.6846,-71.44,standard,939054,2026-04-11T16:30:00Z
1014,enterprise.buyer.1014@example.com,Elijah,Brooks,Atlanta,Georgia,71013,USA,34.0263,-83.9289,preferred,1193122,2026-04-10T16:30:00Z
1015,enterprise.buyer.1015@example.com,Harper,Gray,Seattle,Washington,71014,USA,47.3134,-121.9903,vip,1448132,2026-04-09T16:30:00Z
1016,enterprise.buyer.1016@example.com,James,Ramos,Denver,Colorado,71015,USA,39.9549,-104.8347,new,1022068,2026-04-08T16:30:00Z
1017,enterprise.buyer.1017@example.com,Evelyn,Foster,Raleigh,North Carolina,71016,USA,35.9729,-78.477,standard,559746,2026-04-07T16:30:00Z
1018,enterprise.buyer.1018@example.com,Benjamin,Morris,Miami,Florida,71017,USA,25.4863,-79.4959,preferred,192639,2026-04-06T16:30:00Z
1019,enterprise.buyer.1019@example.com,Luna,Wright,New York,New York,71018,USA,41.217,-74.3334,vip,265113,2026-04-05T16:30:00Z
1020,enterprise.buyer.1020@example.com,Henry,Reed,Los Angeles,California,71019,USA,33.7872,-117.7914,new,393643,2026-04-04T16:30:00Z
1021,enterprise.buyer.1021@example.com,Ava,Chen,San Jose,California,71020,USA,37.6944,-121.2158,standard,977738,2026-04-03T16:30:00Z
1022,enterprise.buyer.1022@example.com,Noah,Singh,Phoenix,Arizona,71021,USA,33.7315,-111.913,preferred,1784748,2026-04-02T16:30:00Z
1023,enterprise.buyer.1023@example.com,Mia,Price,Dallas,Texas,71022,USA,32.9284,-96.3535,vip,425779,2026-04-01T16:30:00Z
1024,enterprise.buyer.1024@example.com,Ethan,Patel,Chicago,Illinois,71023,USA,42.5585,-88.2082,new,609940,2026-03-31T16:30:00Z
1025,enterprise.buyer.1025@example.com,Sophia,Nelson,Boston,Massachusetts,71024,USA,42.9363,-71.6864,standard,1338547,2026-03-30T16:30:00Z
1026,enterprise.buyer.1026@example.com,Liam,Carter,Atlanta,Georgia,71025,USA,33.0828,-83.8284,preferred,1551141,2026-03-29T16:30:00Z
1027,enterprise.buyer.1027@example.com,Olivia,Rivera,Seattle,Washington,71026,USA,48.2845,-122.2415,vip,753595,2026-04-15T16:30:00Z
1028,enterprise.buyer.1028@example.com,Lucas,Garcia,Denver,Colorado,71027,USA,40.1444,-105.1038,new,1376088,2026-04-14T16:30:00Z
1029,enterprise.buyer.1029@example.com,Emma,Nguyen,Raleigh,North Carolina,71028,USA,35.5832,-79.2014,standard,418233,2026-04-13T16:30:00Z
1030,enterprise.buyer.1030@example.com,Mason,Kim,Miami,Florida,71029,USA,25.9685,-80.3739,preferred,1699625,2026-04-12T16:30:00Z
1031,enterprise.buyer.1031@example.com,Isabella,Park,New York,New York,71030,USA,40.9921,-73.833,vip,996652,2026-04-11T16:30:00Z
1032,enterprise.buyer.1032@example.com,Logan,Scott,Los Angeles,California,71031,USA,34.0418,-117.5566,new,1141427,2026-04-10T16:30:00Z
1033,enterprise.buyer.1033@example.com,Amelia,Morgan,San Jose,California,71032,USA,37.8588,-122.1964,standard,954335,2026-04-09T16:30:00Z
1034,enterprise.buyer.1034@example.com,Elijah,Brooks,Phoenix,Arizona,71033,USA,33.5866,-112.3162,preferred,978098,2026-04-08T16:30:00Z
1035,enterprise.buyer.1035@example.com,Harper,Gray,Dallas,Texas,71034,USA,32.7954,-96.9598,vip,418271,2026-04-07T16:30:00Z
1036,enterprise.buyer.1036@example.com,James,Ramos,Chicago,Illinois,71035,USA,42.3177,-87.2597,new,1846540,2026-04-06T16:30:00Z
1037,enterprise.buyer.1037@example.com,Evelyn,Foster,Boston,Massachusetts,71036,USA,42.7058,-70.678,standard,1969466,2026-04-05T16:30:00Z
1038,enterprise.buyer.1038@example.com,Benjamin,Morris,Atlanta,Georgia,71037,USA,34.0062,-83.9228,preferred,996145,2026-04-04T16:30:00Z
1039,enterprise.buyer.1039@example.com,Luna,Wright,Seattle,Washington,71038,USA,47.8906,-122.0586,vip,777547,2026-04-03T16:30:00Z
1040,enterprise.buyer.1040@example.com,Henry,Reed,Denver,Colorado,71039,USA,39.6755,-104.3863,new,776194,2026-04-02T16:30:00Z
1041,enterprise.buyer.1041@example.com,Ava,Chen,Raleigh,North Carolina,71040,USA,36.1655,-78.4491,standard,1519034,2026-04-01T16:30:00Z
1042,enterprise.buyer.1042@example.com,Noah,Singh,Miami,Florida,71041,USA,26.2934,-80.5123,preferred,1963615,2026-03-31T16:30:00Z
1043,enterprise.buyer.1043@example.com,Mia,Price,New York,New York,71042,USA,40.2481,-73.3386,vip,1349495,2026-03-30T16:30:00Z
1044,enterprise.buyer.1044@example.com,Ethan,Patel,Los Angeles,California,71043,USA,33.6884,-118.1362,new,904656,2026-03-29T16:30:00Z
1045,enterprise.buyer.1045@example.com,Sophia,Nelson,San Jose,California,71044,USA,37.9442,-121.2864,standard,242007,2026-04-15T16:30:00Z
1046,enterprise.buyer.1046@example.com,Liam,Carter,Phoenix,Arizona,71045,USA,32.9241,-111.5006,preferred,473836,2026-04-14T16:30:00Z
1047,enterprise.buyer.1047@example.com,Olivia,Rivera,Dallas,Texas,71046,USA,32.4927,-97.4158,vip,1208691,2026-04-13T16:30:00Z
1048,enterprise.buyer.1048@example.com,Lucas,Garcia,Chicago,Illinois,71047,USA,42.2089,-87.1061,new,1230676,2026-04-12T16:30:00Z
1049,enterprise.buyer.1049@example.com,Emma,Nguyen,Boston,Massachusetts,71048,USA,42.1799,-70.5859,standard,434654,2026-04-11T16:30:00Z
1050,enterprise.buyer.1050@example.com,Mason,Kim,Atlanta,Georgia,71049,USA,33.7744,-84.3115,preferred,1057040,2026-04-10T16:30:00Z
1051,enterprise.buyer.1051@example.com,Isabella,Park,Seattle,Washington,71050,USA,48.1479,-122.4708,vip,1842681,2026-04-09T16:30:00Z
1052,enterprise.buyer.1052@example.com,Logan,Scott,Denver,Colorado,71051,USA,40.073,-105.6797,new,1877818,2026-04-08T16:30:00Z
1053,enterprise.buyer.1053@example.com,Amelia,Morgan,Raleigh,North Carolina,71052,USA,35.2443,-78.0567,standard,539289,2026-04-07T16:30:00Z
1054,enterprise.buyer.1054@example.com,Elijah,Brooks,Miami,Florida,71053,USA,25.3631,-79.6767,preferred,717127,2026-04-06T16:30:00Z
1055,enterprise.buyer.1055@example.com,Harper,Gray,New York,New York,71054,USA,40.2748,-74.1133,vip,1937959,2026-04-05T16:30:00Z
1056,enterprise.buyer.1056@example.com,James,Ramos,Los Angeles,California,71055,USA,33.5076,-118.6079,new,1632971,2026-04-04T16:30:00Z
1057,enterprise.buyer.1057@example.com,Evelyn,Foster,San Jose,California,71056,USA,37.8488,-122.2634,standard,1652563,2026-04-03T16:30:00Z
1058,enterprise.buyer.1058@example.com,Benjamin,Morris,Phoenix,Arizona,71057,USA,32.9423,-111.7146,preferred,891989,2026-04-02T16:30:00Z
1059,enterprise.buyer.1059@example.com,Luna,Wright,Dallas,Texas,71058,USA,33.2301,-97.2636,vip,390417,2026-04-01T16:30:00Z
1060,enterprise.buyer.1060@example.com,Henry,Reed,Chicago,Illinois,71059,USA,41.3951,-87.996,new,723379,2026-03-31T16:30:00Z
1061,enterprise.buyer.1061@example.com,Ava,Chen,Boston,Massachusetts,71060,USA,43.0551,-70.8794,standard,212770,2026-03-30T16:30:00Z
1062,enterprise.buyer.1062@example.com,Noah,Singh,Atlanta,Georgia,71061,USA,33.8964,-83.9513,preferred,551988,2026-03-29T16:30:00Z
1063,enterprise.buyer.1063@example.com,Mia,Price,Seattle,Washington,71062,USA,47.794,-123.0196,vip,1124516,2026-04-15T16:30:00Z
1064,enterprise.buyer.1064@example.com,Ethan,Patel,Denver,Colorado,71063,USA,39.8835,-105.4298,new,528996,2026-04-14T16:30:00Z
1065,enterprise.buyer.1065@example.com,Sophia,Nelson,Raleigh,North Carolina,71064,USA,35.76,-79.3264,standard,1344555,2026-04-13T16:30:00Z
1066,enterprise.buyer.1066@example.com,Liam,Carter,Miami,Florida,71065,USA,25.4919,-79.8861,preferred,1380051,2026-04-12T16:30:00Z
1067,enterprise.buyer.1067@example.com,Olivia,Rivera,New York,New York,71066,USA,41.049,-73.5034,vip,1041451,2026-04-11T16:30:00Z
1068,enterprise.buyer.1068@example.com,Lucas,Garcia,Los Angeles,California,71067,USA,33.4531,-118.3551,new,1763802,2026-04-10T16:30:00Z
1069,enterprise.buyer.1069@example.com,Emma,Nguyen,San Jose,California,71068,USA,37.82,-122.2456,standard,1273659,2026-04-09T16:30:00Z
1070,enterprise.buyer.1070@example.com,Mason,Kim,Phoenix,Arizona,71069,USA,33.404,-112.4132,preferred,1818206,2026-04-08T16:30:00Z
1071,enterprise.buyer.1071@example.com,Isabella,Park,Dallas,Texas,71070,USA,33.2725,-97.0315,vip,535720,2026-04-07T16:30:00Z
1072,enterprise.buyer.1072@example.com,Logan,Scott,Chicago,Illinois,71071,USA,41.311,-87.1115,new,1183894,2026-04-06T16:30:00Z
1073,enterprise.buyer.1073@example.com,Amelia,Morgan,Boston,Massachusetts,71072,USA,42.1986,-71.3962,standard,1567726,2026-04-05T16:30:00Z
1074,enterprise.buyer.1074@example.com,Elijah,Brooks,Atlanta,Georgia,71073,USA,34.0006,-83.7848,preferred,948250,2026-04-04T16:30:00Z
1075,enterprise.buyer.1075@example.com,Harper,Gray,Seattle,Washington,71074,USA,47.2966,-122.1673,vip,876636,2026-04-03T16:30:00Z
1076,enterprise.buyer.1076@example.com,James,Ramos,Denver,Colorado,71075,USA,40.2756,-105.6252,new,1329697,2026-04-02T16:30:00Z
1077,enterprise.buyer.1077@example.com,Evelyn,Foster,Raleigh,North Carolina,71076,USA,35.7553,-78.1403,standard,1137980,2026-04-01T16:30:00Z
1078,enterprise.buyer.1078@example.com,Benjamin,Morris,Miami,Florida,71077,USA,25.3467,-80.0475,preferred,1222446,2026-03-31T16:30:00Z
1079,enterprise.buyer.1079@example.com,Luna,Wright,New York,New York,71078,USA,41.2928,-73.6604,vip,375638,2026-03-30T16:30:00Z
1080,enterprise.buyer.1080@example.com,Henry,Reed,Los Angeles,California,71079,USA,34.0573,-118.5011,new,1182211,2026-03-29T16:30:00Z
1081,enterprise.buyer.1081@example.com,Ava,Chen,San Jose,California,71080,USA,37.8808,-122.4468,standard,627242,2026-04-15T16:30:00Z
1082,enterprise.buyer.1082@example.com,Noah,Singh,Phoenix,Arizona,71081,USA,34.1201,-111.7547,preferred,949093,2026-04-14T16:30:00Z
1083,enterprise.buyer.1083@example.com,Mia,Price,Dallas,Texas,71082,USA,33.0523,-97.4618,vip,1534274,2026-04-13T16:30:00Z
1084,enterprise.buyer.1084@example.com,Ethan,Patel,Chicago,Illinois,71083,USA,41.8507,-87.173,new,537882,2026-04-12T16:30:00Z
1085,enterprise.buyer.1085@example.com,Sophia,Nelson,Boston,Massachusetts,71084,USA,41.7894,-71.6099,standard,909862,2026-04-11T16:30:00Z
1086,enterprise.buyer.1086@example.com,Liam,Carter,Atlanta,Georgia,71085,USA,34.2203,-84.0889,preferred,1397166,2026-04-10T16:30:00Z
1087,enterprise.buyer.1087@example.com,Olivia,Rivera,Seattle,Washington,71086,USA,47.5373,-122.5189,vip,1790390,2026-04-09T16:30:00Z
1088,enterprise.buyer.1088@example.com,Lucas,Garcia,Denver,Colorado,71087,USA,39.219,-105.2459,new,1644767,2026-04-08T16:30:00Z
1089,enterprise.buyer.1089@example.com,Emma,Nguyen,Raleigh,North Carolina,71088,USA,35.2651,-78.1586,standard,769956,2026-04-07T16:30:00Z
1090,enterprise.buyer.1090@example.com,Mason,Kim,Miami,Florida,71089,USA,25.1047,-80.261,preferred,1930920,2026-04-06T16:30:00Z
1091,enterprise.buyer.1091@example.com,Isabella,Park,New York,New York,71090,USA,40.5517,-74.6874,vip,949989,2026-04-05T16:30:00Z
1092,enterprise.buyer.1092@example.com,Logan,Scott,Los Angeles,California,71091,USA,33.611,-118.4787,new,1028886,2026-04-04T16:30:00Z
1093,enterprise.buyer.1093@example.com,Amelia,Morgan,San Jose,California,71092,USA,37.7633,-122.4671,standard,253208,2026-04-03T16:30:00Z
1094,enterprise.buyer.1094@example.com,Elijah,Brooks,Phoenix,Arizona,71093,USA,32.9442,-111.7559,preferred,337738,2026-04-02T16:30:00Z
1095,enterprise.buyer.1095@example.com,Harper,Gray,Dallas,Texas,71094,USA,33.349,-96.2858,vip,1908871,2026-04-01T16:30:00Z
1096,enterprise.buyer.1096@example.com,James,Ramos,Chicago,Illinois,71095,USA,42.3799,-88.1547,new,1688622,2026-03-31T16:30:00Z
1097,enterprise.buyer.1097@example.com,Evelyn,Foster,Boston,Massachusetts,71096,USA,41.9278,-71.1346,standard,1684116,2026-03-30T16:30:00Z
1098,enterprise.buyer.1098@example.com,Benjamin,Morris,Atlanta,Georgia,71097,USA,33.0801,-83.9934,preferred,948831,2026-03-29T16:30:00Z
1099,enterprise.buyer.1099@example.com,Luna,Wright,Seattle,Washington,71098,USA,47.402,-122.4643,vip,1806065,2026-04-15T16:30:00Z
1100,enterprise.buyer.1100@example.com,Henry,Reed,Denver,Colorado,71099,USA,40.0689,-104.9802,new,1981791,2026-04-14T16:30:00Z
1101,enterprise.buyer.1101@example.com,Ava,Chen,Raleigh,North Carolina,71100,USA,36.1599,-78.3058,standard,1391249,2026-04-13T16:30:00Z
1102,enterprise.buyer.1102@example.com,Noah,Singh,Miami,Florida,71101,USA,26.3559,-80.2231,preferred,1676392,2026-04-12T16:30:00Z
1103,enterprise.buyer.1103@example.com,Mia,Price,New York,New York,71102,USA,41.0864,-73.9855,vip,648941,2026-04-11T16:30:00Z
1104,enterprise.buyer.1104@example.com,Ethan,Patel,Los Angeles,California,71103,USA,34.7319,-117.5541,new,652810,2026-04-10T16:30:00Z
1105,enterprise.buyer.1105@example.com,Sophia,Nelson,San Jose,California,71104,USA,37.4726,-122.2074,standard,993763,2026-04-09T16:30:00Z
1106,enterprise.buyer.1106@example.com,Liam,Carter,Phoenix,Arizona,71105,USA,32.9828,-111.5406,preferred,1961067,2026-04-08T16:30:00Z
1107,enterprise.buyer.1107@example.com,Olivia,Rivera,Dallas,Texas,71106,USA,33.1458,-97.0372,vip,954206,2026-04-07T16:30:00Z
1108,enterprise.buyer.1108@example.com,Lucas,Garcia,Chicago,Illinois,71107,USA,42.4959,-87.9589,new,537476,2026-04-06T16:30:00Z
1109,enterprise.buyer.1109@example.com,Emma,Nguyen,Boston,Massachusetts,71108,USA,43.0588,-71.4633,standard,1841942,2026-04-05T16:30:00Z
1110,enterprise.buyer.1110@example.com,Mason,Kim,Atlanta,Georgia,71109,USA,33.1628,-84.6938,preferred,654018,2026-04-04T16:30:00Z
1111,enterprise.buyer.1111@example.com,Isabella,Park,Seattle,Washington,71110,USA,47.7975,-121.802,vip,536502,2026-04-03T16:30:00Z
1112,enterprise.buyer.1112@example.com,Logan,Scott,Denver,Colorado,71111,USA,39.6341,-105.1849,new,718903,2026-04-02T16:30:00Z
1113,enterprise.buyer.1113@example.com,Amelia,Morgan,Raleigh,North Carolina,71112,USA,35.4432,-79.0391,standard,300116,2026-04-01T16:30:00Z
1114,enterprise.buyer.1114@example.com,Elijah,Brooks,Miami,Florida,71113,USA,25.7955,-80.7589,preferred,1645292,2026-03-31T16:30:00Z
1115,enterprise.buyer.1115@example.com,Harper,Gray,New York,New York,71114,USA,40.8543,-73.8389,vip,1339040,2026-03-30T16:30:00Z
1116,enterprise.buyer.1116@example.com,James,Ramos,Los Angeles,California,71115,USA,34.2068,-118.1663,new,1566311,2026-03-29T16:30:00Z
1117,enterprise.buyer.1117@example.com,Evelyn,Foster,San Jose,California,71116,USA,37.622,-122.2692,standard,1646875,2026-04-15T16:30:00Z
1118,enterprise.buyer.1118@example.com,Benjamin,Morris,Phoenix,Arizona,71117,USA,34.0881,-112.1875,preferred,655765,2026-04-14T16:30:00Z
1119,enterprise.buyer.1119@example.com,Luna,Wright,Dallas,Texas,71118,USA,33.4437,-96.4592,vip,1593310,2026-04-13T16:30:00Z
1120,enterprise.buyer.1120@example.com,Henry,Reed,Chicago,Illinois,71119,USA,42.4407,-87.6082,new,1279892,2026-04-12T16:30:00Z
1121,enterprise.buyer.1121@example.com,Ava,Chen,Boston,Massachusetts,71120,USA,42.677,-71.7516,standard,1937848,2026-04-11T16:30:00Z
1122,enterprise.buyer.1122@example.com,Noah,Singh,Atlanta,Georgia,71121,USA,33.7231,-84.2082,preferred,1211591,2026-04-10T16:30:00Z
1123,enterprise.buyer.1123@example.com,Mia,Price,Seattle,Washington,71122,USA,48.0174,-122.8576,vip,1702847,2026-04-09T16:30:00Z
1124,enterprise.buyer.1124@example.com,Ethan,Patel,Denver,Colorado,71123,USA,39.9201,-105.1366,new,1412962,2026-04-08T16:30:00Z
1125,enterprise.buyer.1125@example.com,Sophia,Nelson,Raleigh,North Carolina,71124,USA,35.8889,-79.2108,standard,1906182,2026-04-07T16:30:00Z
1126,enterprise.buyer.1126@example.com,Liam,Carter,Miami,Florida,71125,USA,26.152,-79.8544,preferred,1076842,2026-04-06T16:30:00Z
1127,enterprise.buyer.1127@example.com,Olivia,Rivera,New York,New York,71126,USA,40.9538,-74.6605,vip,313455,2026-04-05T16:30:00Z
1128,enterprise.buyer.1128@example.com,Lucas,Garcia,Los Angeles,California,71127,USA,33.6084,-118.4488,new,377894,2026-04-04T16:30:00Z
1129,enterprise.buyer.1129@example.com,Emma,Nguyen,San Jose,California,71128,USA,37.2191,-121.3857,standard,1299076,2026-04-03T16:30:00Z
1130,enterprise.buyer.1130@example.com,Mason,Kim,Phoenix,Arizona,71129,USA,33.3687,-112.4517,preferred,1799082,2026-04-02T16:30:00Z
1131,enterprise.buyer.1131@example.com,Isabella,Park,Dallas,Texas,71130,USA,32.3721,-96.7273,vip,1622056,2026-04-01T16:30:00Z
1132,enterprise.buyer.1132@example.com,Logan,Scott,Chicago,Illinois,71131,USA,41.6066,-87.7699,new,932633,2026-03-31T16:30:00Z
1133,enterprise.buyer.1133@example.com,Amelia,Morgan,Boston,Massachusetts,71132,USA,42.3807,-71.0445,standard,1223713,2026-03-30T16:30:00Z
1134,enterprise.buyer.1134@example.com,Elijah,Brooks,Atlanta,Georgia,71133,USA,33.62,-84.9044,preferred,1787207,2026-03-29T16:30:00Z
1135,enterprise.buyer.1135@example.com,Harper,Gray,Seattle,Washington,71134,USA,47.5203,-122.7377,vip,406087,2026-04-15T16:30:00Z
1136,enterprise.buyer.1136@example.com,James,Ramos,Denver,Colorado,71135,USA,39.9149,-105.208,new,1828217,2026-04-14T16:30:00Z
1137,enterprise.buyer.1137@example.com,Evelyn,Foster,Raleigh,North Carolina,71136,USA,35.5246,-79.3238,standard,988610,2026-04-13T16:30:00Z
1138,enterprise.buyer.1138@example.com,Benjamin,Morris,Miami,Florida,71137,USA,25.8412,-80.7809,preferred,224865,2026-04-12T16:30:00Z
1139,enterprise.buyer.1139@example.com,Luna,Wright,New York,New York,71138,USA,40.9918,-74.1778,vip,1219010,2026-04-11T16:30:00Z
1140,enterprise.buyer.1140@example.com,Henry,Reed,Los Angeles,California,71139,USA,33.4488,-118.6099,new,1437804,2026-04-10T16:30:00Z
1141,enterprise.buyer.1141@example.com,Ava,Chen,San Jose,California,71140,USA,37.7264,-122.3918,standard,714023,2026-04-09T16:30:00Z
1142,enterprise.buyer.1142@example.com,Noah,Singh,Phoenix,Arizona,71141,USA,32.9697,-112.7329,preferred,705363,2026-04-08T16:30:00Z
1143,enterprise.buyer.1143@example.com,Mia,Price,Dallas,Texas,71142,USA,32.1487,-97.4533,vip,829927,2026-04-07T16:30:00Z
1144,enterprise.buyer.1144@example.com,Ethan,Patel,Chicago,Illinois,71143,USA,42.2778,-88.2208,new,226403,2026-04-06T16:30:00Z
1145,enterprise.buyer.1145@example.com,Sophia,Nelson,Boston,Massachusetts,71144,USA,42.1298,-71.2265,standard,664909,2026-04-05T16:30:00Z
1146,enterprise.buyer.1146@example.com,Liam,Carter,Atlanta,Georgia,71145,USA,33.5154,-85.04,preferred,1669304,2026-04-04T16:30:00Z
1147,enterprise.buyer.1147@example.com,Olivia,Rivera,Seattle,Washington,71146,USA,47.9406,-122.2692,vip,411059,2026-04-03T16:30:00Z
1148,enterprise.buyer.1148@example.com,Lucas,Garcia,Denver,Colorado,71147,USA,39.8362,-104.563,new,335791,2026-04-02T16:30:00Z
1149,enterprise.buyer.1149@example.com,Emma,Nguyen,Raleigh,North Carolina,71148,USA,35.9432,-78.9034,standard,487181,2026-04-01T16:30:00Z
1150,enterprise.buyer.1150@example.com,Mason,Kim,Miami,Florida,71149,USA,25.0973,-79.8702,preferred,998716,2026-03-31T16:30:00Z
1151,enterprise.buyer.1151@example.com,Isabella,Park,New York,New York,71150,USA,40.436,-73.8759,vip,1702802,2026-03-30T16:30:00Z
1152,enterprise.buyer.1152@example.com,Logan,Scott,Los Angeles,California,71151,USA,34.6402,-118.2813,new,531137,2026-03-29T16:30:00Z
1153,enterprise.buyer.1153@example.com,Amelia,Morgan,San Jose,California,71152,USA,38.0221,-122.5799,standard,620618,2026-04-15T16:30:00Z
1154,enterprise.buyer.1154@example.com,Elijah,Brooks,Phoenix,Arizona,71153,USA,32.7868,-111.8943,preferred,375961,2026-04-14T16:30:00Z
1155,enterprise.buyer.1155@example.com,Harper,Gray,Dallas,Texas,71154,USA,33.2396,-96.8929,vip,1060267,2026-04-13T16:30:00Z
1156,enterprise.buyer.1156@example.com,James,Ramos,Chicago,Illinois,71155,USA,41.4572,-87.2082,new,1000223,2026-04-12T16:30:00Z
1157,enterprise.buyer.1157@example.com,Evelyn,Foster,Boston,Massachusetts,71156,USA,42.2019,-71.2296,standard,1964778,2026-04-11T16:30:00Z
1158,enterprise.buyer.1158@example.com,Benjamin,Morris,Atlanta,Georgia,71157,USA,33.0606,-84.8514,preferred,1242217,2026-04-10T16:30:00Z
1159,enterprise.buyer.1159@example.com,Luna,Wright,Seattle,Washington,71158,USA,47.8448,-122.5691,vip,1231976,2026-04-09T16:30:00Z
1160,enterprise.buyer.1160@example.com,Henry,Reed,Denver,Colorado,71159,USA,39.299,-104.5265,new,1479956,2026-04-08T16:30:00Z
1161,enterprise.buyer.1161@example.com,Ava,Chen,Raleigh,North Carolina,71160,USA,35.385,-78.5099,standard,649769,2026-04-07T16:30:00Z
1162,enterprise.buyer.1162@example.com,Noah,Singh,Miami,Florida,71161,USA,25.7105,-79.6982,preferred,1835109,2026-04-06T16:30:00Z
1163,enterprise.buyer.1163@example.com,Mia,Price,New York,New York,71162,USA,40.6339,-73.7595,vip,1458001,2026-04-05T16:30:00Z
1164,enterprise.buyer.1164@example.com,Ethan,Patel,Los Angeles,California,71163,USA,33.4902,-117.8391,new,1243486,2026-04-04T16:30:00Z
1165,enterprise.buyer.1165@example.com,Sophia,Nelson,San Jose,California,71164,USA,37.9674,-121.3433,standard,1458192,2026-04-03T16:30:00Z
1166,enterprise.buyer.1166@example.com,Liam,Carter,Phoenix,Arizona,71165,USA,33.8314,-112.0251,preferred,1434459,2026-04-02T16:30:00Z
1167,enterprise.buyer.1167@example.com,Olivia,Rivera,Dallas,Texas,71166,USA,32.9489,-96.4842,vip,827120,2026-04-01T16:30:00Z
1168,enterprise.buyer.1168@example.com,Lucas,Garcia,Chicago,Illinois,71167,USA,41.4153,-87.729,new,799089,2026-03-31T16:30:00Z
1169,enterprise.buyer.1169@example.com,Emma,Nguyen,Boston,Massachusetts,71168,USA,41.7877,-71.3747,standard,1729974,2026-03-30T16:30:00Z
1170,enterprise.buyer.1170@example.com,Mason,Kim,Atlanta,Georgia,71169,USA,33.2754,-84.5801,preferred,657051,2026-03-29T16:30:00Z
1171,enterprise.buyer.1171@example.com,Isabella,Park,Seattle,Washington,71170,USA,47.0316,-122.1502,vip,1523159,2026-04-15T16:30:00Z
1172,enterprise.buyer.1172@example.com,Logan,Scott,Denver,Colorado,71171,USA,39.3295,-105.008,new,1275700,2026-04-14T16:30:00Z
1173,enterprise.buyer.1173@example.com,Amelia,Morgan,Raleigh,North Carolina,71172,USA,36.0277,-78.3065,standard,621810,2026-04-13T16:30:00Z
1174,enterprise.buyer.1174@example.com,Elijah,Brooks,Miami,Florida,71173,USA,25.556,-80.2165,preferred,1758529,2026-04-12T16:30:00Z
1175,enterprise.buyer.1175@example.com,Harper,Gray,New York,New York,71174,USA,40.853,-74.62,vip,547463,2026-04-11T16:30:00Z
1176,enterprise.buyer.1176@example.com,James,Ramos,Los Angeles,California,71175,USA,34.4276,-118.0832,new,1773116,2026-04-10T16:30:00Z
1177,enterprise.buyer.1177@example.com,Evelyn,Foster,San Jose,California,71176,USA,36.8713,-121.5733,standard,179275,2026-04-09T16:30:00Z
1178,enterprise.buyer.1178@example.com,Benjamin,Morris,Phoenix,Arizona,71177,USA,33.2974,-112.5174,preferred,708542,2026-04-08T16:30:00Z
1179,enterprise.buyer.1179@example.com,Luna,Wright,Dallas,Texas,71178,USA,32.8955,-96.6374,vip,1612161,2026-04-07T16:30:00Z
1180,enterprise.buyer.1180@example.com,Henry,Reed,Chicago,Illinois,71179,USA,41.776,-88.2713,new,1166074,2026-04-06T16:30:00Z
1181,enterprise.buyer.1181@example.com,Ava,Chen,Boston,Massachusetts,71180,USA,42.0859,-71.3239,standard,1621270,2026-04-05T16:30:00Z
1182,enterprise.buyer.1182@example.com,Noah,Singh,Atlanta,Georgia,71181,USA,33.7434,-84.5342,preferred,966629,2026-04-04T16:30:00Z
1183,enterprise.buyer.1183@example.com,Mia,Price,Seattle,Washington,71182,USA,47.3863,-122.1199,vip,1206956,2026-04-03T16:30:00Z
1184,enterprise.buyer.1184@example.com,Ethan,Patel,Denver,Colorado,71183,USA,39.8658,-105.0425,new,1173635,2026-04-02T16:30:00Z
1185,enterprise.buyer.1185@example.com,Sophia,Nelson,Raleigh,North Carolina,71184,USA,36.1907,-78.6246,standard,1966264,2026-04-01T16:30:00Z
1186,enterprise.buyer.1186@example.com,Liam,Carter,Miami,Florida,71185,USA,25.9814,-80.3575,preferred,433628,2026-03-31T16:30:00Z
1187,enterprise.buyer.1187@example.com,Olivia,Rivera,New York,New York,71186,USA,41.2597,-73.8146,vip,761031,2026-03-30T16:30:00Z
1188,enterprise.buyer.1188@example.com,Lucas,Garcia,Los Angeles,California,71187,USA,33.4692,-117.6197,new,546538,2026-03-29T16:30:00Z
1189,enterprise.buyer.1189@example.com,Emma,Nguyen,San Jose,California,71188,USA,36.999,-121.4582,standard,770885,2026-04-15T16:30:00Z
1190,enterprise.buyer.1190@example.com,Mason,Kim,Phoenix,Arizona,71189,USA,33.6926,-112.3819,preferred,434249,2026-04-14T16:30:00Z
1191,enterprise.buyer.1191@example.com,Isabella,Park,Dallas,Texas,71190,USA,32.0796,-97.164,vip,1361893,2026-04-13T16:30:00Z
1192,enterprise.buyer.1192@example.com,Logan,Scott,Chicago,Illinois,71191,USA,42.407,-87.9094,new,1572734,2026-04-12T16:30:00Z
1193,enterprise.buyer.1193@example.com,Amelia,Morgan,Boston,Massachusetts,71192,USA,42.5186,-71.6424,standard,732255,2026-04-11T16:30:00Z
1194,enterprise.buyer.1194@example.com,Elijah,Brooks,Atlanta,Georgia,71193,USA,33.4259,-84.6702,preferred,1128799,2026-04-10T16:30:00Z
1195,enterprise.buyer.1195@example.com,Harper,Gray,Seattle,Washington,71194,USA,47.4583,-122.9487,vip,1909024,2026-04-09T16:30:00Z
1196,enterprise.buyer.1196@example.com,James,Ramos,Denver,Colorado,71195,USA,39.3565,-104.8711,new,1929552,2026-04-08T16:30:00Z
1197,enterprise.buyer.1197@example.com,Evelyn,Foster,Raleigh,North Carolina,71196,USA,35.3313,-78.6953,standard,1022946,2026-04-07T16:30:00Z
1198,enterprise.buyer.1198@example.com,Benjamin,Morris,Miami,Florida,71197,USA,25.4822,-79.9449,preferred,1929536,2026-04-06T16:30:00Z
1199,enterprise.buyer.1199@example.com,Luna,Wright,New York,New York,71198,USA,41.0744,-74.4032,vip,1947215,2026-04-05T16:30:00Z
1200,enterprise.buyer.1200@example.com,Henry,Reed,Los Angeles,California,71199,USA,34.5851,-118.6847,new,1182410,2026-04-04T16:30:00Z
1201,enterprise.buyer.1201@example.com,Ava,Chen,San Jose,California,71200,USA,37.2661,-122.516,standard,913840,2026-04-03T16:30:00Z
1202,enterprise.buyer.1202@example.com,Noah,Singh,Phoenix,Arizona,71201,USA,33.1696,-112.4956,preferred,1389491,2026-04-02T16:30:00Z
1203,enterprise.buyer.1203@example.com,Mia,Price,Dallas,Texas,71202,USA,32.1743,-96.5372,vip,271333,2026-04-01T16:30:00Z
1204,enterprise.buyer.1204@example.com,Ethan,Patel,Chicago,Illinois,71203,USA,41.2907,-88.2422,new,207353,2026-03-31T16:30:00Z
1205,enterprise.buyer.1205@example.com,Sophia,Nelson,Boston,Massachusetts,71204,USA,42.241,-70.7936,standard,241459,2026-03-30T16:30:00Z
1206,enterprise.buyer.1206@example.com,Liam,Carter,Atlanta,Georgia,71205,USA,33.3023,-84.9692,preferred,431202,2026-03-29T16:30:00Z
1207,enterprise.buyer.1207@example.com,Olivia,Rivera,Seattle,Washington,71206,USA,48.0842,-122.1231,vip,1909622,2026-04-15T16:30:00Z
1208,enterprise.buyer.1208@example.com,Lucas,Garcia,Denver,Colorado,71207,USA,39.1156,-105.6624,new,490722,2026-04-14T16:30:00Z
1209,enterprise.buyer.1209@example.com,Emma,Nguyen,Raleigh,North Carolina,71208,USA,35.2067,-78.9451,standard,1432179,2026-04-13T16:30:00Z
1210,enterprise.buyer.1210@example.com,Mason,Kim,Miami,Florida,71209,USA,26.1735,-79.9243,preferred,1556239,2026-04-12T16:30:00Z
1211,enterprise.buyer.1211@example.com,Isabella,Park,New York,New York,71210,USA,40.6904,-73.3596,vip,627180,2026-04-11T16:30:00Z
1212,enterprise.buyer.1212@example.com,Logan,Scott,Los Angeles,California,71211,USA,33.9997,-118.5118,new,1131416,2026-04-10T16:30:00Z
1213,enterprise.buyer.1213@example.com,Amelia,Morgan,San Jose,California,71212,USA,37.6883,-121.834,standard,437538,2026-04-09T16:30:00Z
1214,enterprise.buyer.1214@example.com,Elijah,Brooks,Phoenix,Arizona,71213,USA,33.4049,-112.5543,preferred,1404202,2026-04-08T16:30:00Z
1215,enterprise.buyer.1215@example.com,Harper,Gray,Dallas,Texas,71214,USA,33.1426,-96.6924,vip,1834309,2026-04-07T16:30:00Z
1216,enterprise.buyer.1216@example.com,James,Ramos,Chicago,Illinois,71215,USA,42.2055,-86.9387,new,1078024,2026-04-06T16:30:00Z
1217,enterprise.buyer.1217@example.com,Evelyn,Foster,Boston,Massachusetts,71216,USA,42.6515,-71.7376,standard,321862,2026-04-05T16:30:00Z
1218,enterprise.buyer.1218@example.com,Benjamin,Morris,Atlanta,Georgia,71217,USA,34.3462,-84.233,preferred,997054,2026-04-04T16:30:00Z
1219,enterprise.buyer.1219@example.com,Luna,Wright,Seattle,Washington,71218,USA,47.5827,-121.9697,vip,1459889,2026-04-03T16:30:00Z
1220,enterprise.buyer.1220@example.com,Henry,Reed,Denver,Colorado,71219,USA,40.1845,-104.4499,new,1337634,2026-04-02T16:30:00Z
1221,enterprise.buyer.1221@example.com,Ava,Chen,Raleigh,North Carolina,71220,USA,36.2809,-78.0836,standard,452168,2026-04-01T16:30:00Z
1222,enterprise.buyer.1222@example.com,Noah,Singh,Miami,Florida,71221,USA,25.8987,-79.7391,preferred,1679079,2026-03-31T16:30:00Z
1223,enterprise.buyer.1223@example.com,Mia,Price,New York,New York,71222,USA,40.1084,-74.3754,vip,1618050,2026-03-30T16:30:00Z
1224,enterprise.buyer.1224@example.com,Ethan,Patel,Los Angeles,California,71223,USA,33.5707,-118.6228,new,1375566,2026-03-29T16:30:00Z
1225,enterprise.buyer.1225@example.com,Sophia,Nelson,San Jose,California,71224,USA,36.7974,-121.5483,standard,1897391,2026-04-15T16:30:00Z
1226,enterprise.buyer.1226@example.com,Liam,Carter,Phoenix,Arizona,71225,USA,33.8527,-111.8673,preferred,766853,2026-04-14T16:30:00Z
1227,enterprise.buyer.1227@example.com,Olivia,Rivera,Dallas,Texas,71226,USA,32.1133,-96.8641,vip,1948874,2026-04-13T16:30:00Z
1228,enterprise.buyer.1228@example.com,Lucas,Garcia,Chicago,Illinois,71227,USA,42.5068,-87.1719,new,1832259,2026-04-12T16:30:00Z
1229,enterprise.buyer.1229@example.com,Emma,Nguyen,Boston,Massachusetts,71228,USA,42.7529,-70.9888,standard,605478,2026-04-11T16:30:00Z
1230,enterprise.buyer.1230@example.com,Mason,Kim,Atlanta,Georgia,71229,USA,33.5845,-84.3399,preferred,297814,2026-04-10T16:30:00Z
1231,enterprise.buyer.1231@example.com,Isabella,Park,Seattle,Washington,71230,USA,46.9758,-122.6795,vip,1660510,2026-04-09T16:30:00Z
1232,enterprise.buyer.1232@example.com,Logan,Scott,Denver,Colorado,71231,USA,39.2731,-105.3927,new,399063,2026-04-08T16:30:00Z
1233,enterprise.buyer.1233@example.com,Amelia,Morgan,Raleigh,North Carolina,71232,USA,35.7645,-78.4099,standard,659702,2026-04-07T16:30:00Z
1234,enterprise.buyer.1234@example.com,Elijah,Brooks,Miami,Florida,71233,USA,26.1252,-80.5803,preferred,437799,2026-04-06T16:30:00Z
1235,enterprise.buyer.1235@example.com,Harper,Gray,New York,New York,71234,USA,40.1478,-73.8696,vip,770238,2026-04-05T16:30:00Z
1236,enterprise.buyer.1236@example.com,James,Ramos,Los Angeles,California,71235,USA,34.2924,-118.2237,new,1837147,2026-04-04T16:30:00Z
1237,enterprise.buyer.1237@example.com,Evelyn,Foster,San Jose,California,71236,USA,37.8653,-121.4868,standard,1532510,2026-04-03T16:30:00Z
1238,enterprise.buyer.1238@example.com,Benjamin,Morris,Phoenix,Arizona,71237,USA,32.7918,-111.6903,preferred,577283,2026-04-02T16:30:00Z
1239,enterprise.buyer.1239@example.com,Luna,Wright,Dallas,Texas,71238,USA,32.1819,-97.243,vip,1789844,2026-04-01T16:30:00Z
1240,enterprise.buyer.1240@example.com,Henry,Reed,Chicago,Illinois,71239,USA,41.254,-87.4253,new,1912817,2026-03-31T16:30:00Z
1241,enterprise.buyer.1241@example.com,Ava,Chen,Boston,Massachusetts,71240,USA,42.3947,-71.4372,standard,770959,2026-03-30T16:30:00Z
1242,enterprise.buyer.1242@example.com,Noah,Singh,Atlanta,Georgia,71241,USA,34.3354,-84.5958,preferred,1333686,2026-03-29T16:30:00Z
1243,enterprise.buyer.1243@example.com,Mia,Price,Seattle,Washington,71242,USA,47.4227,-122.8018,vip,1407428,2026-04-15T16:30:00Z
1244,enterprise.buyer.1244@example.com,Ethan,Patel,Denver,Colorado,71243,USA,39.9238,-105.5755,new,416722,2026-04-14T16:30:00Z
1245,enterprise.buyer.1245@example.com,Sophia,Nelson,Raleigh,North Carolina,71244,USA,35.1764,-78.3273,standard,281765,2026-04-13T16:30:00Z
1246,enterprise.buyer.1246@example.com,Liam,Carter,Miami,Florida,71245,USA,25.0998,-80.0491,preferred,553063,2026-04-12T16:30:00Z
1247,enterprise.buyer.1247@example.com,Olivia,Rivera,New York,New York,71246,USA,40.4829,-73.3811,vip,1524063,2026-04-11T16:30:00Z
1248,enterprise.buyer.1248@example.com,Lucas,Garcia,Los Angeles,California,71247,USA,34.197,-118.2694,new,546628,2026-04-10T16:30:00Z
1249,enterprise.buyer.1249@example.com,Emma,Nguyen,San Jose,California,71248,USA,37.4394,-121.4842,standard,1262063,2026-04-09T16:30:00Z
1250,enterprise.buyer.1250@example.com,Mason,Kim,Phoenix,Arizona,71249,USA,33.3332,-112.4523,preferred,232376,2026-04-08T16:30:00Z
1251,enterprise.buyer.1251@example.com,Isabella,Park,Dallas,Texas,71250,USA,33.2088,-96.1187,vip,674930,2026-04-07T16:30:00Z
1252,enterprise.buyer.1252@example.com,Logan,Scott,Chicago,Illinois,71251,USA,41.4393,-87.1077,new,1972876,2026-04-06T16:30:00Z
1253,enterprise.buyer.1253@example.com,Amelia,Morgan,Boston,Massachusetts,71252,USA,42.1221,-71.4729,standard,998242,2026-04-05T16:30:00Z
1254,enterprise.buyer.1254@example.com,Elijah,Brooks,Atlanta,Georgia,71253,USA,33.1651,-83.7498,preferred,1263305,2026-04-04T16:30:00Z
1255,enterprise.buyer.1255@example.com,Harper,Gray,Seattle,Washington,71254,USA,47.0702,-122.1003,vip,1406792,2026-04-03T16:30:00Z
1256,enterprise.buyer.1256@example.com,James,Ramos,Denver,Colorado,71255,USA,39.9063,-105.0923,new,263693,2026-04-02T16:30:00Z
1257,enterprise.buyer.1257@example.com,Evelyn,Foster,Raleigh,North Carolina,71256,USA,35.6891,-78.1727,standard,952674,2026-04-01T16:30:00Z
1258,enterprise.buyer.1258@example.com,Benjamin,Morris,Miami,Florida,71257,USA,25.9967,-80.5886,preferred,1168526,2026-03-31T16:30:00Z
1259,enterprise.buyer.1259@example.com,Luna,Wright,New York,New York,71258,USA,40.7911,-73.8298,vip,1540981,2026-03-30T16:30:00Z
1260,enterprise.buyer.1260@example.com,Henry,Reed,Los Angeles,California,71259,USA,34.5447,-118.4163,new,845911,2026-03-29T16:30:00Z
1261,enterprise.buyer.1261@example.com,Ava,Chen,San Jose,California,71260,USA,37.1053,-121.2058,standard,1540248,2026-04-15T16:30:00Z
1262,enterprise.buyer.1262@example.com,Noah,Singh,Phoenix,Arizona,71261,USA,33.2938,-111.7839,preferred,1020918,2026-04-14T16:30:00Z
1263,enterprise.buyer.1263@example.com,Mia,Price,Dallas,Texas,71262,USA,32.382,-97.2608,vip,1398739,2026-04-13T16:30:00Z
1264,enterprise.buyer.1264@example.com,Ethan,Patel,Chicago,Illinois,71263,USA,42.3365,-88.1856,new,1072067,2026-04-12T16:30:00Z
1265,enterprise.buyer.1265@example.com,Sophia,Nelson,Boston,Massachusetts,71264,USA,41.8398,-71.2029,standard,1462251,2026-04-11T16:30:00Z
1266,enterprise.buyer.1266@example.com,Liam,Carter,Atlanta,Georgia,71265,USA,33.5995,-84.8813,preferred,1709808,2026-04-10T16:30:00Z
1267,enterprise.buyer.1267@example.com,Olivia,Rivera,Seattle,Washington,71266,USA,47.7704,-122.91,vip,985865,2026-04-09T16:30:00Z
1268,enterprise.buyer.1268@example.com,Lucas,Garcia,Denver,Colorado,71267,USA,39.5802,-105.5485,new,810258,2026-04-08T16:30:00Z
1269,enterprise.buyer.1269@example.com,Emma,Nguyen,Raleigh,North Carolina,71268,USA,35.5896,-78.88,standard,1198459,2026-04-07T16:30:00Z
1270,enterprise.buyer.1270@example.com,Mason,Kim,Miami,Florida,71269,USA,26.3603,-80.4996,preferred,1430580,2026-04-06T16:30:00Z
1271,enterprise.buyer.1271@example.com,Isabella,Park,New York,New York,71270,USA,40.9686,-74.5917,vip,1459301,2026-04-05T16:30:00Z
1272,enterprise.buyer.1272@example.com,Logan,Scott,Los Angeles,California,71271,USA,34.5796,-118.3807,new,1346752,2026-04-04T16:30:00Z
1273,enterprise.buyer.1273@example.com,Amelia,Morgan,San Jose,California,71272,USA,37.0411,-121.4926,standard,588443,2026-04-03T16:30:00Z
1274,enterprise.buyer.1274@example.com,Elijah,Brooks,Phoenix,Arizona,71273,USA,32.8192,-112.2716,preferred,1090451,2026-04-02T16:30:00Z
1275,enterprise.buyer.1275@example.com,Harper,Gray,Dallas,Texas,71274,USA,32.8278,-96.3873,vip,1229041,2026-04-01T16:30:00Z
1276,enterprise.buyer.1276@example.com,James,Ramos,Chicago,Illinois,71275,USA,41.7164,-87.9263,new,202969,2026-03-31T16:30:00Z
1277,enterprise.buyer.1277@example.com,Evelyn,Foster,Boston,Massachusetts,71276,USA,42.9966,-70.7362,standard,1067150,2026-03-30T16:30:00Z
1278,enterprise.buyer.1278@example.com,Benjamin,Morris,Atlanta,Georgia,71277,USA,33.5382,-84.3688,preferred,960174,2026-03-29T16:30:00Z
1279,enterprise.buyer.1279@example.com,Luna,Wright,Seattle,Washington,71278,USA,47.3294,-122.5911,vip,1723116,2026-04-15T16:30:00Z
1280,enterprise.buyer.1280@example.com,Henry,Reed,Denver,Colorado,71279,USA,39.4381,-105.5381,new,583430,2026-04-14T16:30:00Z
1281,enterprise.buyer.1281@example.com,Ava,Chen,Raleigh,North Carolina,71280,USA,36.1487,-78.0459,standard,1224076,2026-04-13T16:30:00Z
1282,enterprise.buyer.1282@example.com,Noah,Singh,Miami,Florida,71281,USA,25.4656,-80.5908,preferred,1166347,2026-04-12T16:30:00Z
1283,enterprise.buyer.1283@example.com,Mia,Price,New York,New York,71282,USA,40.0875,-73.5042,vip,960901,2026-04-11T16:30:00Z
1284,enterprise.buyer.1284@example.com,Ethan,Patel,Los Angeles,California,71283,USA,34.4558,-118.7043,new,883735,2026-04-10T16:30:00Z
1285,enterprise.buyer.1285@example.com,Sophia,Nelson,San Jose,California,71284,USA,36.6792,-121.7329,standard,235490,2026-04-09T16:30:00Z
1286,enterprise.buyer.1286@example.com,Liam,Carter,Phoenix,Arizona,71285,USA,33.2182,-112.6557,preferred,1443298,2026-04-08T16:30:00Z
1287,enterprise.buyer.1287@example.com,Olivia,Rivera,Dallas,Texas,71286,USA,33.0521,-96.1456,vip,1957573,2026-04-07T16:30:00Z
1288,enterprise.buyer.1288@example.com,Lucas,Garcia,Chicago,Illinois,71287,USA,41.4021,-87.4926,new,1829059,2026-04-06T16:30:00Z
1289,enterprise.buyer.1289@example.com,Emma,Nguyen,Boston,Massachusetts,71288,USA,43.0287,-71.5268,standard,1582537,2026-04-05T16:30:00Z
1290,enterprise.buyer.1290@example.com,Mason,Kim,Atlanta,Georgia,71289,USA,34.1256,-85.0729,preferred,1501183,2026-04-04T16:30:00Z
1291,enterprise.buyer.1291@example.com,Isabella,Park,Seattle,Washington,71290,USA,47.0582,-122.1994,vip,1396229,2026-04-03T16:30:00Z
1292,enterprise.buyer.1292@example.com,Logan,Scott,Denver,Colorado,71291,USA,40.0561,-105.3122,new,659108,2026-04-02T16:30:00Z
1293,enterprise.buyer.1293@example.com,Amelia,Morgan,Raleigh,North Carolina,71292,USA,35.7314,-78.2632,standard,567156,2026-04-01T16:30:00Z
1294,enterprise.buyer.1294@example.com,Elijah,Brooks,Miami,Florida,71293,USA,25.2595,-80.429,preferred,1871262,2026-03-31T16:30:00Z
1295,enterprise.buyer.1295@example.com,Harper,Gray,New York,New York,71294,USA,40.271,-74.196,vip,1587741,2026-03-30T16:30:00Z
1296,enterprise.buyer.1296@example.com,James,Ramos,Los Angeles,California,71295,USA,33.5885,-117.6992,new,1948266,2026-03-29T16:30:00Z
1297,enterprise.buyer.1297@example.com,Evelyn,Foster,San Jose,California,71296,USA,36.7765,-122.016,standard,1628978,2026-04-15T16:30:00Z
1298,enterprise.buyer.1298@example.com,Benjamin,Morris,Phoenix,Arizona,71297,USA,33.5997,-111.6588,preferred,1882234,2026-04-14T16:30:00Z
1299,enterprise.buyer.1299@example.com,Luna,Wright,Dallas,Texas,71298,USA,32.2748,-97.1677,vip,1338775,2026-04-13T16:30:00Z
1300,enterprise.buyer.1300@example.com,Henry,Reed,Chicago,Illinois,71299,USA,41.4794,-87.8717,new,1056464,2026-04-12T16:30:00Z
1301,enterprise.buyer.1301@example.com,Ava,Chen,Boston,Massachusetts,71300,USA,42.142,-70.8437,standard,1799660,2026-04-11T16:30:00Z
1302,enterprise.buyer.1302@example.com,Noah,Singh,Atlanta,Georgia,71301,USA,33.2427,-84.3735,preferred,1615829,2026-04-10T16:30:00Z
1303,enterprise.buyer.1303@example.com,Mia,Price,Seattle,Washington,71302,USA,47.4622,-122.0519,vip,334321,2026-04-09T16:30:00Z
1304,enterprise.buyer.1304@example.com,Ethan,Patel,Denver,Colorado,71303,USA,39.2223,-104.4961,new,1931398,2026-04-08T16:30:00Z
1305,enterprise.buyer.1305@example.com,Sophia,Nelson,Raleigh,North Carolina,71304,USA,35.8781,-79.1803,standard,1531741,2026-04-07T16:30:00Z
1306,enterprise.buyer.1306@example.com,Liam,Carter,Miami,Florida,71305,USA,25.9715,-79.9524,preferred,300349,2026-04-06T16:30:00Z
1307,enterprise.buyer.1307@example.com,Olivia,Rivera,New York,New York,71306,USA,41.1959,-74.4332,vip,1462864,2026-04-05T16:30:00Z
1308,enterprise.buyer.1308@example.com,Lucas,Garcia,Los Angeles,California,71307,USA,33.9912,-118.1407,new,1471354,2026-04-04T16:30:00Z
1309,enterprise.buyer.1309@example.com,Emma,Nguyen,San Jose,California,71308,USA,37.795,-122.2409,standard,1702835,2026-04-03T16:30:00Z
1310,enterprise.buyer.1310@example.com,Mason,Kim,Phoenix,Arizona,71309,USA,33.1132,-112.1752,preferred,1738391,2026-04-02T16:30:00Z
1311,enterprise.buyer.1311@example.com,Isabella,Park,Dallas,Texas,71310,USA,33.3109,-96.1716,vip,939699,2026-04-01T16:30:00Z
1312,enterprise.buyer.1312@example.com,Logan,Scott,Chicago,Illinois,71311,USA,42.2325,-87.0961,new,1091654,2026-03-31T16:30:00Z
1313,enterprise.buyer.1313@example.com,Amelia,Morgan,Boston,Massachusetts,71312,USA,42.0684,-70.4269,standard,1171599,2026-03-30T16:30:00Z
1314,enterprise.buyer.1314@example.com,Elijah,Brooks,Atlanta,Georgia,71313,USA,33.6243,-84.0139,preferred,1697891,2026-03-29T16:30:00Z
1315,enterprise.buyer.1315@example.com,Harper,Gray,Seattle,Washington,71314,USA,47.855,-122.0315,vip,746669,2026-04-15T16:30:00Z
1316,enterprise.buyer.1316@example.com,James,Ramos,Denver,Colorado,71315,USA,39.2939,-105.453,new,1460979,2026-04-14T16:30:00Z
1317,enterprise.buyer.1317@example.com,Evelyn,Foster,Raleigh,North Carolina,71316,USA,36.1476,-79.1055,standard,1653000,2026-04-13T16:30:00Z
1318,enterprise.buyer.1318@example.com,Benjamin,Morris,Miami,Florida,71317,USA,26.0187,-79.7809,preferred,766606,2026-04-12T16:30:00Z
1319,enterprise.buyer.1319@example.com,Luna,Wright,New York,New York,71318,USA,41.4052,-74.4882,vip,1065305,2026-04-11T16:30:00Z
1320,enterprise.buyer.1320@example.com,Henry,Reed,Los Angeles,California,71319,USA,33.5479,-117.5462,new,1408852,2026-04-10T16:30:00Z
1321,enterprise.buyer.1321@example.com,Ava,Chen,San Jose,California,71320,USA,37.1603,-121.5901,standard,234183,2026-04-09T16:30:00Z
1322,enterprise.buyer.1322@example.com,Noah,Singh,Phoenix,Arizona,71321,USA,33.4291,-111.4239,preferred,1223406,2026-04-08T16:30:00Z
1323,enterprise.buyer.1323@example.com,Mia,Price,Dallas,Texas,71322,USA,32.5605,-96.2312,vip,1017580,2026-04-07T16:30:00Z
1324,enterprise.buyer.1324@example.com,Ethan,Patel,Chicago,Illinois,71323,USA,42.4284,-87.7899,new,497717,2026-04-06T16:30:00Z
1325,enterprise.buyer.1325@example.com,Sophia,Nelson,Boston,Massachusetts,71324,USA,42.5126,-71.1114,standard,683065,2026-04-05T16:30:00Z
1326,enterprise.buyer.1326@example.com,Liam,Carter,Atlanta,Georgia,71325,USA,34.3732,-84.5543,preferred,1282965,2026-04-04T16:30:00Z
1327,enterprise.buyer.1327@example.com,Olivia,Rivera,Seattle,Washington,71326,USA,47.0908,-122.298,vip,1176557,2026-04-03T16:30:00Z
1328,enterprise.buyer.1328@example.com,Lucas,Garcia,Denver,Colorado,71327,USA,39.9221,-105.0093,new,1323848,2026-04-02T16:30:00Z
1329,enterprise.buyer.1329@example.com,Emma,Nguyen,Raleigh,North Carolina,71328,USA,35.487,-78.6979,standard,221128,2026-04-01T16:30:00Z
1330,enterprise.buyer.1330@example.com,Mason,Kim,Miami,Florida,71329,USA,26.1327,-80.3391,preferred,951470,2026-03-31T16:30:00Z
1331,enterprise.buyer.1331@example.com,Isabella,Park,New York,New York,71330,USA,40.6,-74.4793,vip,404379,2026-03-30T16:30:00Z
1332,enterprise.buyer.1332@example.com,Logan,Scott,Los Angeles,California,71331,USA,34.6894,-118.915,new,390573,2026-03-29T16:30:00Z
1333,enterprise.buyer.1333@example.com,Amelia,Morgan,San Jose,California,71332,USA,37.1719,-122.204,standard,1583689,2026-04-15T16:30:00Z
1334,enterprise.buyer.1334@example.com,Elijah,Brooks,Phoenix,Arizona,71333,USA,33.3115,-111.4954,preferred,201531,2026-04-14T16:30:00Z
1335,enterprise.buyer.1335@example.com,Harper,Gray,Dallas,Texas,71334,USA,32.8484,-96.1311,vip,888174,2026-04-13T16:30:00Z
1336,enterprise.buyer.1336@example.com,James,Ramos,Chicago,Illinois,71335,USA,41.9081,-88.3271,new,1873794,2026-04-12T16:30:00Z
1337,enterprise.buyer.1337@example.com,Evelyn,Foster,Boston,Massachusetts,71336,USA,42.5912,-71.6387,standard,1149663,2026-04-11T16:30:00Z
1338,enterprise.buyer.1338@example.com,Benjamin,Morris,Atlanta,Georgia,71337,USA,34.1106,-83.7256,preferred,1075245,2026-04-10T16:30:00Z
1339,enterprise.buyer.1339@example.com,Luna,Wright,Seattle,Washington,71338,USA,47.4402,-122.4594,vip,1033630,2026-04-09T16:30:00Z
1340,enterprise.buyer.1340@example.com,Henry,Reed,Denver,Colorado,71339,USA,40.1021,-105.1188,new,479287,2026-04-08T16:30:00Z
1341,enterprise.buyer.1341@example.com,Ava,Chen,Raleigh,North Carolina,71340,USA,35.5508,-78.8926,standard,385342,2026-04-07T16:30:00Z
1342,enterprise.buyer.1342@example.com,Noah,Singh,Miami,Florida,71341,USA,25.5025,-80.0027,preferred,928654,2026-04-06T16:30:00Z
1343,enterprise.buyer.1343@example.com,Mia,Price,New York,New York,71342,USA,40.9826,-73.5049,vip,950191,2026-04-05T16:30:00Z
1344,enterprise.buyer.1344@example.com,Ethan,Patel,Los Angeles,California,71343,USA,34.5894,-118.7598,new,1851917,2026-04-04T16:30:00Z
1345,enterprise.buyer.1345@example.com,Sophia,Nelson,San Jose,California,71344,USA,37.8486,-122.5418,standard,218869,2026-04-03T16:30:00Z
1346,enterprise.buyer.1346@example.com,Liam,Carter,Phoenix,Arizona,71345,USA,33.789,-112.2196,preferred,440184,2026-04-02T16:30:00Z
1347,enterprise.buyer.1347@example.com,Olivia,Rivera,Dallas,Texas,71346,USA,32.2497,-96.5578,vip,1210563,2026-04-01T16:30:00Z
1348,enterprise.buyer.1348@example.com,Lucas,Garcia,Chicago,Illinois,71347,USA,42.543,-87.6061,new,1044555,2026-03-31T16:30:00Z
1349,enterprise.buyer.1349@example.com,Emma,Nguyen,Boston,Massachusetts,71348,USA,42.4776,-71.6973,standard,365174,2026-03-30T16:30:00Z
1350,enterprise.buyer.1350@example.com,Mason,Kim,Atlanta,Georgia,71349,USA,34.3516,-85.0171,preferred,1260708,2026-03-29T16:30:00Z
1351,enterprise.buyer.1351@example.com,Isabella,Park,Seattle,Washington,71350,USA,47.8229,-122.8283,vip,1327331,2026-04-15T16:30:00Z
1352,enterprise.buyer.1352@example.com,Logan,Scott,Denver,Colorado,71351,USA,40.354,-104.5587,new,757610,2026-04-14T16:30:00Z
1353,enterprise.buyer.1353@example.com,Amelia,Morgan,Raleigh,North Carolina,71352,USA,36.0942,-79.1863,standard,1653260,2026-04-13T16:30:00Z
1354,enterprise.buyer.1354@example.com,Elijah,Brooks,Miami,Florida,71353,USA,25.8973,-79.8604,preferred,1274031,2026-04-12T16:30:00Z
1355,enterprise.buyer.1355@example.com,Harper,Gray,New York,New York,71354,USA,40.8049,-73.3252,vip,1431597,2026-04-11T16:30:00Z
1356,enterprise.buyer.1356@example.com,James,Ramos,Los Angeles,California,71355,USA,33.8552,-117.6112,new,1348514,2026-04-10T16:30:00Z
1357,enterprise.buyer.1357@example.com,Evelyn,Foster,San Jose,California,71356,USA,36.6756,-122.0111,standard,444228,2026-04-09T16:30:00Z
1358,enterprise.buyer.1358@example.com,Benjamin,Morris,Phoenix,Arizona,71357,USA,33.7578,-112.4271,preferred,1341447,2026-04-08T16:30:00Z
1359,enterprise.buyer.1359@example.com,Luna,Wright,Dallas,Texas,71358,USA,32.6971,-96.1397,vip,1258895,2026-04-07T16:30:00Z
1360,enterprise.buyer.1360@example.com,Henry,Reed,Chicago,Illinois,71359,USA,42.1649,-88.0177,new,606269,2026-04-06T16:30:00Z
1361,enterprise.buyer.1361@example.com,Ava,Chen,Boston,Massachusetts,71360,USA,42.2541,-71.6525,standard,181042,2026-04-05T16:30:00Z
1362,enterprise.buyer.1362@example.com,Noah,Singh,Atlanta,Georgia,71361,USA,33.4322,-84.2749,preferred,882887,2026-04-04T16:30:00Z
1363,enterprise.buyer.1363@example.com,Mia,Price,Seattle,Washington,71362,USA,47.8538,-122.5747,vip,1260561,2026-04-03T16:30:00Z
1364,enterprise.buyer.1364@example.com,Ethan,Patel,Denver,Colorado,71363,USA,39.8608,-105.6836,new,427091,2026-04-02T16:30:00Z
1365,enterprise.buyer.1365@example.com,Sophia,Nelson,Raleigh,North Carolina,71364,USA,36.2291,-78.9476,standard,1879092,2026-04-01T16:30:00Z
1366,enterprise.buyer.1366@example.com,Liam,Carter,Miami,Florida,71365,USA,25.2238,-80.0194,preferred,603281,2026-03-31T16:30:00Z
1367,enterprise.buyer.1367@example.com,Olivia,Rivera,New York,New York,71366,USA,41.1173,-73.9706,vip,320310,2026-03-30T16:30:00Z
1368,enterprise.buyer.1368@example.com,Lucas,Garcia,Los Angeles,California,71367,USA,34.1194,-118.9384,new,1250486,2026-03-29T16:30:00Z
1369,enterprise.buyer.1369@example.com,Emma,Nguyen,San Jose,California,71368,USA,37.1744,-122.3985,standard,1145925,2026-04-15T16:30:00Z
1370,enterprise.buyer.1370@example.com,Mason,Kim,Phoenix,Arizona,71369,USA,34.0311,-112.2572,preferred,606230,2026-04-14T16:30:00Z
1371,enterprise.buyer.1371@example.com,Isabella,Park,Dallas,Texas,71370,USA,32.1251,-96.8075,vip,1794842,2026-04-13T16:30:00Z
1372,enterprise.buyer.1372@example.com,Logan,Scott,Chicago,Illinois,71371,USA,42.4525,-87.4192,new,195864,2026-04-12T16:30:00Z
1373,enterprise.buyer.1373@example.com,Amelia,Morgan,Boston,Massachusetts,71372,USA,42.3892,-70.9165,standard,949865,2026-04-11T16:30:00Z
1374,enterprise.buyer.1374@example.com,Elijah,Brooks,Atlanta,Georgia,71373,USA,33.6205,-83.7855,preferred,1753684,2026-04-10T16:30:00Z
1375,enterprise.buyer.1375@example.com,Harper,Gray,Seattle,Washington,71374,USA,47.9305,-122.0854,vip,1334009,2026-04-09T16:30:00Z
1376,enterprise.buyer.1376@example.com,James,Ramos,Denver,Colorado,71375,USA,39.0836,-105.5496,new,518997,2026-04-08T16:30:00Z
1377,enterprise.buyer.1377@example.com,Evelyn,Foster,Raleigh,North Carolina,71376,USA,35.4978,-78.2499,standard,1611293,2026-04-07T16:30:00Z
1378,enterprise.buyer.1378@example.com,Benjamin,Morris,Miami,Florida,71377,USA,25.9499,-80.3555,preferred,1515584,2026-04-06T16:30:00Z
1379,enterprise.buyer.1379@example.com,Luna,Wright,New York,New York,71378,USA,40.9125,-73.762,vip,184773,2026-04-05T16:30:00Z
1380,enterprise.buyer.1380@example.com,Henry,Reed,Los Angeles,California,71379,USA,34.3225,-118.5986,new,1566255,2026-04-04T16:30:00Z
1381,enterprise.buyer.1381@example.com,Ava,Chen,San Jose,California,71380,USA,37.2049,-121.573,standard,1773182,2026-04-03T16:30:00Z
1382,enterprise.buyer.1382@example.com,Noah,Singh,Phoenix,Arizona,71381,USA,33.8088,-112.0181,preferred,727118,2026-04-02T16:30:00Z
1383,enterprise.buyer.1383@example.com,Mia,Price,Dallas,Texas,71382,USA,32.822,-96.133,vip,1338498,2026-04-01T16:30:00Z
1384,enterprise.buyer.1384@example.com,Ethan,Patel,Chicago,Illinois,71383,USA,42.2277,-88.0242,new,447934,2026-03-31T16:30:00Z
1385,enterprise.buyer.1385@example.com,Sophia,Nelson,Boston,Massachusetts,71384,USA,41.8589,-71.4844,standard,919515,2026-03-30T16:30:00Z
1386,enterprise.buyer.1386@example.com,Liam,Carter,Atlanta,Georgia,71385,USA,34.0106,-84.3206,preferred,843518,2026-03-29T16:30:00Z
1387,enterprise.buyer.1387@example.com,Olivia,Rivera,Seattle,Washington,71386,USA,47.0004,-121.8789,vip,347253,2026-04-15T16:30:00Z
1388,enterprise.buyer.1388@example.com,Lucas,Garcia,Denver,Colorado,71387,USA,40.369,-105.1192,new,581915,2026-04-14T16:30:00Z
1389,enterprise.buyer.1389@example.com,Emma,Nguyen,Raleigh,North Carolina,71388,USA,35.8511,-78.4886,standard,1425566,2026-04-13T16:30:00Z
1390,enterprise.buyer.1390@example.com,Mason,Kim,Miami,Florida,71389,USA,25.3928,-80.6198,preferred,1112612,2026-04-12T16:30:00Z
1391,enterprise.buyer.1391@example.com,Isabella,Park,New York,New York,71390,USA,40.8985,-73.8201,vip,1213831,2026-04-11T16:30:00Z
1392,enterprise.buyer.1392@example.com,Logan,Scott,Los Angeles,California,71391,USA,34.6259,-117.8522,new,1193071,2026-04-10T16:30:00Z
1393,enterprise.buyer.1393@example.com,Amelia,Morgan,San Jose,California,71392,USA,37.9619,-122.178,standard,1538973,2026-04-09T16:30:00Z
1394,enterprise.buyer.1394@example.com,Elijah,Brooks,Phoenix,Arizona,71393,USA,32.7585,-112.0105,preferred,1650256,2026-04-08T16:30:00Z
1395,enterprise.buyer.1395@example.com,Harper,Gray,Dallas,Texas,71394,USA,32.3045,-96.8452,vip,516660,2026-04-07T16:30:00Z
1396,enterprise.buyer.1396@example.com,James,Ramos,Chicago,Illinois,71395,USA,42.4279,-87.9427,new,1648662,2026-04-06T16:30:00Z
1397,enterprise.buyer.1397@example.com,Evelyn,Foster,Boston,Massachusetts,71396,USA,42.5557,-71.1792,standard,1907257,2026-04-05T16:30:00Z
1398,enterprise.buyer.1398@example.com,Benjamin,Morris,Atlanta,Georgia,71397,USA,33.529,-84.3033,preferred,1082848,2026-04-04T16:30:00Z
1399,enterprise.buyer.1399@example.com,Luna,Wright,Seattle,Washington,71398,USA,47.0414,-121.8368,vip,435923,2026-04-03T16:30:00Z
1400,enterprise.buyer.1400@example.com,Henry,Reed,Denver,Colorado,71399,USA,39.213,-105.054,new,941116,2026-04-02T16:30:00Z
1401,enterprise.buyer.1401@example.com,Ava,Chen,Raleigh,North Carolina,71400,USA,35.2409,-79.1287,standard,1777402,2026-04-01T16:30:00Z
1402,enterprise.buyer.1402@example.com,Noah,Singh,Miami,Florida,71401,USA,25.1149,-80.8205,preferred,917869,2026-03-31T16:30:00Z
1403,enterprise.buyer.1403@example.com,Mia,Price,New York,New York,71402,USA,40.3816,-74.0398,vip,1768025,2026-03-30T16:30:00Z
1404,enterprise.buyer.1404@example.com,Ethan,Patel,Los Angeles,California,71403,USA,33.7132,-118.41,new,1318397,2026-03-29T16:30:00Z
1405,enterprise.buyer.1405@example.com,Sophia,Nelson,San Jose,California,71404,USA,37.7033,-122.4166,standard,1555318,2026-04-15T16:30:00Z
1406,enterprise.buyer.1406@example.com,Liam,Carter,Phoenix,Arizona,71405,USA,33.84,-111.634,preferred,1796398,2026-04-14T16:30:00Z
1407,enterprise.buyer.1407@example.com,Olivia,Rivera,Dallas,Texas,71406,USA,32.1947,-96.6037,vip,820981,2026-04-13T16:30:00Z
1408,enterprise.buyer.1408@example.com,Lucas,Garcia,Chicago,Illinois,71407,USA,42.2599,-87.4447,new,1477024,2026-04-12T16:30:00Z
1409,enterprise.buyer.1409@example.com,Emma,Nguyen,Boston,Massachusetts,71408,USA,42.0178,-70.8298,standard,377292,2026-04-11T16:30:00Z
1410,enterprise.buyer.1410@example.com,Mason,Kim,Atlanta,Georgia,71409,USA,34.0496,-84.4401,preferred,930453,2026-04-10T16:30:00Z
1411,enterprise.buyer.1411@example.com,Isabella,Park,Seattle,Washington,71410,USA,47.8751,-122.0652,vip,813981,2026-04-09T16:30:00Z
1412,enterprise.buyer.1412@example.com,Logan,Scott,Denver,Colorado,71411,USA,39.3405,-104.9981,new,1231066,2026-04-08T16:30:00Z
1413,enterprise.buyer.1413@example.com,Amelia,Morgan,Raleigh,North Carolina,71412,USA,35.9127,-79.2197,standard,1744846,2026-04-07T16:30:00Z
1414,enterprise.buyer.1414@example.com,Elijah,Brooks,Miami,Florida,71413,USA,25.3791,-80.1937,preferred,1518841,2026-04-06T16:30:00Z
1415,enterprise.buyer.1415@example.com,Harper,Gray,New York,New York,71414,USA,40.8614,-74.0664,vip,956638,2026-04-05T16:30:00Z
1416,enterprise.buyer.1416@example.com,James,Ramos,Los Angeles,California,71415,USA,34.1744,-118.1864,new,1807050,2026-04-04T16:30:00Z
1417,enterprise.buyer.1417@example.com,Evelyn,Foster,San Jose,California,71416,USA,37.8035,-121.4347,standard,497020,2026-04-03T16:30:00Z
1418,enterprise.buyer.1418@example.com,Benjamin,Morris,Phoenix,Arizona,71417,USA,33.7051,-112.047,preferred,647787,2026-04-02T16:30:00Z
1419,enterprise.buyer.1419@example.com,Luna,Wright,Dallas,Texas,71418,USA,32.1359,-96.6311,vip,1664661,2026-04-01T16:30:00Z
1420,enterprise.buyer.1420@example.com,Henry,Reed,Chicago,Illinois,71419,USA,41.2459,-87.6777,new,728854,2026-03-31T16:30:00Z
1421,enterprise.buyer.1421@example.com,Ava,Chen,Boston,Massachusetts,71420,USA,41.8712,-70.5432,standard,1842465,2026-03-30T16:30:00Z
1422,enterprise.buyer.1422@example.com,Noah,Singh,Atlanta,Georgia,71421,USA,34.1561,-84.0103,preferred,1524495,2026-03-29T16:30:00Z
1423,enterprise.buyer.1423@example.com,Mia,Price,Seattle,Washington,71422,USA,48.0297,-122.2614,vip,1370064,2026-04-15T16:30:00Z
1424,enterprise.buyer.1424@example.com,Ethan,Patel,Denver,Colorado,71423,USA,39.1192,-104.3746,new,231710,2026-04-14T16:30:00Z
1425,enterprise.buyer.1425@example.com,Sophia,Nelson,Raleigh,North Carolina,71424,USA,35.7401,-78.6712,standard,687660,2026-04-13T16:30:00Z
1426,enterprise.buyer.1426@example.com,Liam,Carter,Miami,Florida,71425,USA,26.173,-79.8981,preferred,1128212,2026-04-12T16:30:00Z
1427,enterprise.buyer.1427@example.com,Olivia,Rivera,New York,New York,71426,USA,40.9959,-74.2552,vip,1796280,2026-04-11T16:30:00Z
1428,enterprise.buyer.1428@example.com,Lucas,Garcia,Los Angeles,California,71427,USA,33.379,-117.9414,new,612042,2026-04-10T16:30:00Z
1429,enterprise.buyer.1429@example.com,Emma,Nguyen,San Jose,California,71428,USA,37.6289,-121.6606,standard,1082595,2026-04-09T16:30:00Z
1430,enterprise.buyer.1430@example.com,Mason,Kim,Phoenix,Arizona,71429,USA,33.8175,-111.896,preferred,817110,2026-04-08T16:30:00Z
1431,enterprise.buyer.1431@example.com,Isabella,Park,Dallas,Texas,71430,USA,33.1665,-96.1851,vip,1086363,2026-04-07T16:30:00Z
1432,enterprise.buyer.1432@example.com,Logan,Scott,Chicago,Illinois,71431,USA,41.2439,-87.6576,new,1581962,2026-04-06T16:30:00Z
1433,enterprise.buyer.1433@example.com,Amelia,Morgan,Boston,Massachusetts,71432,USA,43.0552,-71.5808,standard,1528335,2026-04-05T16:30:00Z
1434,enterprise.buyer.1434@example.com,Elijah,Brooks,Atlanta,Georgia,71433,USA,33.223,-84.5564,preferred,1447139,2026-04-04T16:30:00Z
1435,enterprise.buyer.1435@example.com,Harper,Gray,Seattle,Washington,71434,USA,47.4148,-122.9271,vip,1577757,2026-04-03T16:30:00Z
1436,enterprise.buyer.1436@example.com,James,Ramos,Denver,Colorado,71435,USA,40.2732,-105.2884,new,1516444,2026-04-02T16:30:00Z
1437,enterprise.buyer.1437@example.com,Evelyn,Foster,Raleigh,North Carolina,71436,USA,35.5013,-78.5074,standard,1496430,2026-04-01T16:30:00Z
1438,enterprise.buyer.1438@example.com,Benjamin,Morris,Miami,Florida,71437,USA,26.1775,-79.5266,preferred,1527428,2026-03-31T16:30:00Z
1439,enterprise.buyer.1439@example.com,Luna,Wright,New York,New York,71438,USA,41.277,-74.3411,vip,1470643,2026-03-30T16:30:00Z
1440,enterprise.buyer.1440@example.com,Henry,Reed,Los Angeles,California,71439,USA,34.6871,-118.7307,new,924878,2026-03-29T16:30:00Z
1441,enterprise.buyer.1441@example.com,Ava,Chen,San Jose,California,71440,USA,37.8099,-121.5874,standard,1702501,2026-04-15T16:30:00Z
1442,enterprise.buyer.1442@example.com,Noah,Singh,Phoenix,Arizona,71441,USA,33.5939,-111.7984,preferred,548708,2026-04-14T16:30:00Z
1443,enterprise.buyer.1443@example.com,Mia,Price,Dallas,Texas,71442,USA,32.7967,-96.7255,vip,335724,2026-04-13T16:30:00Z
1444,enterprise.buyer.1444@example.com,Ethan,Patel,Chicago,Illinois,71443,USA,41.4272,-87.6248,new,1790525,2026-04-12T16:30:00Z
1445,enterprise.buyer.1445@example.com,Sophia,Nelson,Boston,Massachusetts,71444,USA,41.7939,-71.3998,standard,1052421,2026-04-11T16:30:00Z
1446,enterprise.buyer.1446@example.com,Liam,Carter,Atlanta,Georgia,71445,USA,33.8552,-84.1437,preferred,1347442,2026-04-10T16:30:00Z
1447,enterprise.buyer.1447@example.com,Olivia,Rivera,Seattle,Washington,71446,USA,47.2302,-122.4028,vip,875830,2026-04-09T16:30:00Z
1448,enterprise.buyer.1448@example.com,Lucas,Garcia,Denver,Colorado,71447,USA,39.8371,-105.6081,new,1907066,2026-04-08T16:30:00Z
1449,enterprise.buyer.1449@example.com,Emma,Nguyen,Raleigh,North Carolina,71448,USA,36.1125,-78.5379,standard,627684,2026-04-07T16:30:00Z
1450,enterprise.buyer.1450@example.com,Mason,Kim,Miami,Florida,71449,USA,26.2663,-79.9163,preferred,1472363,2026-04-06T16:30:00Z
1451,enterprise.buyer.1451@example.com,Isabella,Park,New York,New York,71450,USA,40.252,-74.5788,vip,547389,2026-04-05T16:30:00Z
1452,enterprise.buyer.1452@example.com,Logan,Scott,Los Angeles,California,71451,USA,34.1754,-117.9661,new,1126692,2026-04-04T16:30:00Z
1453,enterprise.buyer.1453@example.com,Amelia,Morgan,San Jose,California,71452,USA,36.8492,-121.6066,standard,1122843,2026-04-03T16:30:00Z
1454,enterprise.buyer.1454@example.com,Elijah,Brooks,Phoenix,Arizona,71453,USA,33.8253,-112.2213,preferred,1673577,2026-04-02T16:30:00Z
1455,enterprise.buyer.1455@example.com,Harper,Gray,Dallas,Texas,71454,USA,32.8137,-96.1029,vip,1661543,2026-04-01T16:30:00Z
1456,enterprise.buyer.1456@example.com,James,Ramos,Chicago,Illinois,71455,USA,41.3764,-87.7045,new,1407831,2026-03-31T16:30:00Z
1457,enterprise.buyer.1457@example.com,Evelyn,Foster,Boston,Massachusetts,71456,USA,42.2185,-71.6153,standard,729206,2026-03-30T16:30:00Z
1458,enterprise.buyer.1458@example.com,Benjamin,Morris,Atlanta,Georgia,71457,USA,34.2955,-84.8293,preferred,1621464,2026-03-29T16:30:00Z
1459,enterprise.buyer.1459@example.com,Luna,Wright,Seattle,Washington,71458,USA,47.1104,-122.2947,vip,416179,2026-04-15T16:30:00Z
1460,enterprise.buyer.1460@example.com,Henry,Reed,Denver,Colorado,71459,USA,39.5895,-104.2932,new,705092,2026-04-14T16:30:00Z
1461,enterprise.buyer.1461@example.com,Ava,Chen,Raleigh,North Carolina,71460,USA,35.9691,-78.8687,standard,699233,2026-04-13T16:30:00Z
1462,enterprise.buyer.1462@example.com,Noah,Singh,Miami,Florida,71461,USA,25.5021,-79.8347,preferred,1363365,2026-04-12T16:30:00Z
1463,enterprise.buyer.1463@example.com,Mia,Price,New York,New York,71462,USA,41.304,-74.4576,vip,1866738,2026-04-11T16:30:00Z
1464,enterprise.buyer.1464@example.com,Ethan,Patel,Los Angeles,California,71463,USA,33.6442,-118.8325,new,373657,2026-04-10T16:30:00Z
1465,enterprise.buyer.1465@example.com,Sophia,Nelson,San Jose,California,71464,USA,37.8126,-121.5135,standard,497490,2026-04-09T16:30:00Z
1466,enterprise.buyer.1466@example.com,Liam,Carter,Phoenix,Arizona,71465,USA,32.8446,-112.4151,preferred,1735456,2026-04-08T16:30:00Z
1467,enterprise.buyer.1467@example.com,Olivia,Rivera,Dallas,Texas,71466,USA,33.1962,-97.1673,vip,1902201,2026-04-07T16:30:00Z
1468,enterprise.buyer.1468@example.com,Lucas,Garcia,Chicago,Illinois,71467,USA,41.3982,-87.4495,new,1857689,2026-04-06T16:30:00Z
1469,enterprise.buyer.1469@example.com,Emma,Nguyen,Boston,Massachusetts,71468,USA,42.4832,-71.4203,standard,857709,2026-04-05T16:30:00Z
1470,enterprise.buyer.1470@example.com,Mason,Kim,Atlanta,Georgia,71469,USA,33.5661,-84.616,preferred,1528105,2026-04-04T16:30:00Z
1471,enterprise.buyer.1471@example.com,Isabella,Park,Seattle,Washington,71470,USA,47.191,-122.3958,vip,1394336,2026-04-03T16:30:00Z
1472,enterprise.buyer.1472@example.com,Logan,Scott,Denver,Colorado,71471,USA,39.9167,-104.3517,new,1688893,2026-04-02T16:30:00Z
1473,enterprise.buyer.1473@example.com,Amelia,Morgan,Raleigh,North Carolina,71472,USA,35.3879,-78.3416,standard,1515701,2026-04-01T16:30:00Z
1474,enterprise.buyer.1474@example.com,Elijah,Brooks,Miami,Florida,71473,USA,25.1265,-80.6291,preferred,1138384,2026-03-31T16:30:00Z
1475,enterprise.buyer.1475@example.com,Harper,Gray,New York,New York,71474,USA,40.2128,-73.9319,vip,940756,2026-03-30T16:30:00Z
1476,enterprise.buyer.1476@example.com,James,Ramos,Los Angeles,California,71475,USA,33.8098,-117.5751,new,1415620,2026-03-29T16:30:00Z
1477,enterprise.buyer.1477@example.com,Evelyn,Foster,San Jose,California,71476,USA,37.5675,-121.9978,standard,1504142,2026-04-15T16:30:00Z
1478,enterprise.buyer.1478@example.com,Benjamin,Morris,Phoenix,Arizona,71477,USA,33.319,-111.4777,preferred,314286,2026-04-14T16:30:00Z
1479,enterprise.buyer.1479@example.com,Luna,Wright,Dallas,Texas,71478,USA,32.4333,-97.0621,vip,552547,2026-04-13T16:30:00Z
1480,enterprise.buyer.1480@example.com,Henry,Reed,Chicago,Illinois,71479,USA,41.6484,-87.4977,new,827493,2026-04-12T16:30:00Z
1481,enterprise.buyer.1481@example.com,Ava,Chen,Boston,Massachusetts,71480,USA,42.5429,-71.2315,standard,1621355,2026-04-11T16:30:00Z
1482,enterprise.buyer.1482@example.com,Noah,Singh,Atlanta,Georgia,71481,USA,33.3823,-83.9158,preferred,1338038,2026-04-10T16:30:00Z
1483,enterprise.buyer.1483@example.com,Mia,Price,Seattle,Washington,71482,USA,47.6605,-122.3377,vip,1137258,2026-04-09T16:30:00Z
1484,enterprise.buyer.1484@example.com,Ethan,Patel,Denver,Colorado,71483,USA,40.1114,-104.8157,new,1630651,2026-04-08T16:30:00Z
1485,enterprise.buyer.1485@example.com,Sophia,Nelson,Raleigh,North Carolina,71484,USA,36.1695,-78.3835,standard,1605679,2026-04-07T16:30:00Z
1486,enterprise.buyer.1486@example.com,Liam,Carter,Miami,Florida,71485,USA,26.3264,-80.5296,preferred,535528,2026-04-06T16:30:00Z
1487,enterprise.buyer.1487@example.com,Olivia,Rivera,New York,New York,71486,USA,40.0439,-73.984,vip,1771438,2026-04-05T16:30:00Z
1488,enterprise.buyer.1488@example.com,Lucas,Garcia,Los Angeles,California,71487,USA,33.4474,-118.7137,new,450773,2026-04-04T16:30:00Z
1489,enterprise.buyer.1489@example.com,Emma,Nguyen,San Jose,California,71488,USA,37.0339,-121.4772,standard,1233560,2026-04-03T16:30:00Z
1490,enterprise.buyer.1490@example.com,Mason,Kim,Phoenix,Arizona,71489,USA,33.8252,-112.3056,preferred,1091121,2026-04-02T16:30:00Z
1491,enterprise.buyer.1491@example.com,Isabella,Park,Dallas,Texas,71490,USA,32.9077,-96.8455,vip,1029664,2026-04-01T16:30:00Z
1492,enterprise.buyer.1492@example.com,Logan,Scott,Chicago,Illinois,71491,USA,41.7931,-88.2811,new,509479,2026-03-31T16:30:00Z
1493,enterprise.buyer.1493@example.com,Amelia,Morgan,Boston,Massachusetts,71492,USA,41.8048,-70.9963,standard,1689847,2026-03-30T16:30:00Z
1494,enterprise.buyer.1494@example.com,Elijah,Brooks,Atlanta,Georgia,71493,USA,33.9677,-84.7496,preferred,1564480,2026-03-29T16:30:00Z
1495,enterprise.buyer.1495@example.com,Harper,Gray,Seattle,Washington,71494,USA,48.0567,-121.827,vip,374243,2026-04-15T16:30:00Z
1496,enterprise.buyer.1496@example.com,James,Ramos,Denver,Colorado,71495,USA,39.7883,-105.2265,new,1911145,2026-04-14T16:30:00Z
1497,enterprise.buyer.1497@example.com,Evelyn,Foster,Raleigh,North Carolina,71496,USA,36.0211,-79.3287,standard,467848,2026-04-13T16:30:00Z
1498,enterprise.buyer.1498@example.com,Benjamin,Morris,Miami,Florida,71497,USA,25.0937,-80.3334,preferred,1698650,2026-04-12T16:30:00Z
1499,enterprise.buyer.1499@example.com,Luna,Wright,New York,New York,71498,USA,41.283,-73.7408,vip,574972,2026-04-11T16:30:00Z
1500,enterprise.buyer.1500@example.com,Henry,Reed,Los Angeles,California,71499,USA,33.6231,-118.7834,new,1098057,2026-04-10T16:30:00Z
1501,enterprise.buyer.1501@example.com,Ava,Chen,San Jose,California,71500,USA,37.8326,-122.1456,standard,1484022,2026-04-09T16:30:00Z
1502,enterprise.buyer.1502@example.com,Noah,Singh,Phoenix,Arizona,71501,USA,33.3674,-112.0871,preferred,1176882,2026-04-08T16:30:00Z
1503,enterprise.buyer.1503@example.com,Mia,Price,Dallas,Texas,71502,USA,33.4266,-96.9724,vip,1066243,2026-04-07T16:30:00Z
1504,enterprise.buyer.1504@example.com,Ethan,Patel,Chicago,Illinois,71503,USA,41.3097,-87.0708,new,1727712,2026-04-06T16:30:00Z
1505,enterprise.buyer.1505@example.com,Sophia,Nelson,Boston,Massachusetts,71504,USA,42.6943,-71.6892,standard,846109,2026-04-05T16:30:00Z
1506,enterprise.buyer.1506@example.com,Liam,Carter,Atlanta,Georgia,71505,USA,33.4401,-84.5607,preferred,1493478,2026-04-04T16:30:00Z
1507,enterprise.buyer.1507@example.com,Olivia,Rivera,Seattle,Washington,71506,USA,47.8251,-122.9817,vip,1369556,2026-04-03T16:30:00Z
1508,enterprise.buyer.1508@example.com,Lucas,Garcia,Denver,Colorado,71507,USA,40.2466,-105.3966,new,751295,2026-04-02T16:30:00Z
1509,enterprise.buyer.1509@example.com,Emma,Nguyen,Raleigh,North Carolina,71508,USA,36.4174,-79.2872,standard,1216553,2026-04-01T16:30:00Z
1510,enterprise.buyer.1510@example.com,Mason,Kim,Miami,Florida,71509,USA,25.2072,-80.6624,preferred,1116891,2026-03-31T16:30:00Z
1511,enterprise.buyer.1511@example.com,Isabella,Park,New York,New York,71510,USA,40.4656,-73.5942,vip,1444465,2026-03-30T16:30:00Z
1512,enterprise.buyer.1512@example.com,Logan,Scott,Los Angeles,California,71511,USA,33.5994,-118.4962,new,1414188,2026-03-29T16:30:00Z
1513,enterprise.buyer.1513@example.com,Amelia,Morgan,San Jose,California,71512,USA,37.7885,-122.237,standard,615009,2026-04-15T16:30:00Z
1514,enterprise.buyer.1514@example.com,Elijah,Brooks,Phoenix,Arizona,71513,USA,33.559,-111.4446,preferred,1578707,2026-04-14T16:30:00Z
1515,enterprise.buyer.1515@example.com,Harper,Gray,Dallas,Texas,71514,USA,32.0893,-96.3996,vip,1761733,2026-04-13T16:30:00Z
1516,enterprise.buyer.1516@example.com,James,Ramos,Chicago,Illinois,71515,USA,42.3576,-88.1674,new,1930898,2026-04-12T16:30:00Z
1517,enterprise.buyer.1517@example.com,Evelyn,Foster,Boston,Massachusetts,71516,USA,42.5398,-70.6979,standard,976540,2026-04-11T16:30:00Z
1518,enterprise.buyer.1518@example.com,Benjamin,Morris,Atlanta,Georgia,71517,USA,34.3148,-83.7302,preferred,1088158,2026-04-10T16:30:00Z
1519,enterprise.buyer.1519@example.com,Luna,Wright,Seattle,Washington,71518,USA,47.1007,-121.8339,vip,844882,2026-04-09T16:30:00Z
1520,enterprise.buyer.1520@example.com,Henry,Reed,Denver,Colorado,71519,USA,40.3892,-104.4094,new,1525273,2026-04-08T16:30:00Z
1521,enterprise.buyer.1521@example.com,Ava,Chen,Raleigh,North Carolina,71520,USA,35.7207,-79.217,standard,1771407,2026-04-07T16:30:00Z
1522,enterprise.buyer.1522@example.com,Noah,Singh,Miami,Florida,71521,USA,25.3256,-80.0565,preferred,988241,2026-04-06T16:30:00Z
1523,enterprise.buyer.1523@example.com,Mia,Price,New York,New York,71522,USA,41.3087,-73.912,vip,1515849,2026-04-05T16:30:00Z
1524,enterprise.buyer.1524@example.com,Ethan,Patel,Los Angeles,California,71523,USA,33.8413,-118.726,new,310647,2026-04-04T16:30:00Z
1525,enterprise.buyer.1525@example.com,Sophia,Nelson,San Jose,California,71524,USA,37.1208,-121.9621,standard,1618714,2026-04-03T16:30:00Z
1526,enterprise.buyer.1526@example.com,Liam,Carter,Phoenix,Arizona,71525,USA,32.915,-111.7901,preferred,515057,2026-04-02T16:30:00Z
1527,enterprise.buyer.1527@example.com,Olivia,Rivera,Dallas,Texas,71526,USA,33.1789,-96.4998,vip,1564893,2026-04-01T16:30:00Z
1528,enterprise.buyer.1528@example.com,Lucas,Garcia,Chicago,Illinois,71527,USA,41.859,-87.3651,new,1450175,2026-03-31T16:30:00Z
1529,enterprise.buyer.1529@example.com,Emma,Nguyen,Boston,Massachusetts,71528,USA,42.5394,-70.7129,standard,1570545,2026-03-30T16:30:00Z
1530,enterprise.buyer.1530@example.com,Mason,Kim,Atlanta,Georgia,71529,USA,33.2336,-84.6527,preferred,1289213,2026-03-29T16:30:00Z
1531,enterprise.buyer.1531@example.com,Isabella,Park,Seattle,Washington,71530,USA,47.0649,-122.1562,vip,975651,2026-04-15T16:30:00Z
1532,enterprise.buyer.1532@example.com,Logan,Scott,Denver,Colorado,71531,USA,39.8633,-105.5124,new,477735,2026-04-14T16:30:00Z
1533,enterprise.buyer.1533@example.com,Amelia,Morgan,Raleigh,North Carolina,71532,USA,36.3216,-77.9901,standard,479194,2026-04-13T16:30:00Z
1534,enterprise.buyer.1534@example.com,Elijah,Brooks,Miami,Florida,71533,USA,26.0393,-79.7718,preferred,194119,2026-04-12T16:30:00Z
1535,enterprise.buyer.1535@example.com,Harper,Gray,New York,New York,71534,USA,41.1422,-74.4769,vip,233631,2026-04-11T16:30:00Z
1536,enterprise.buyer.1536@example.com,James,Ramos,Los Angeles,California,71535,USA,34.7511,-117.6451,new,386635,2026-04-10T16:30:00Z
1537,enterprise.buyer.1537@example.com,Evelyn,Foster,San Jose,California,71536,USA,37.1485,-121.3878,standard,952508,2026-04-09T16:30:00Z
1538,enterprise.buyer.1538@example.com,Benjamin,Morris,Phoenix,Arizona,71537,USA,33.1467,-111.4414,preferred,1621591,2026-04-08T16:30:00Z
1539,enterprise.buyer.1539@example.com,Luna,Wright,Dallas,Texas,71538,USA,32.1405,-97.0351,vip,1964033,2026-04-07T16:30:00Z
1540,enterprise.buyer.1540@example.com,Henry,Reed,Chicago,Illinois,71539,USA,41.3353,-87.9502,new,477616,2026-04-06T16:30:00Z
1541,enterprise.buyer.1541@example.com,Ava,Chen,Boston,Massachusetts,71540,USA,41.8045,-70.3829,standard,270395,2026-04-05T16:30:00Z
1542,enterprise.buyer.1542@example.com,Noah,Singh,Atlanta,Georgia,71541,USA,34.0842,-84.6707,preferred,1372798,2026-04-04T16:30:00Z
1543,enterprise.buyer.1543@example.com,Mia,Price,Seattle,Washington,71542,USA,47.2065,-121.6695,vip,775521,2026-04-03T16:30:00Z
1544,enterprise.buyer.1544@example.com,Ethan,Patel,Denver,Colorado,71543,USA,39.3712,-105.309,new,384235,2026-04-02T16:30:00Z
1545,enterprise.buyer.1545@example.com,Sophia,Nelson,Raleigh,North Carolina,71544,USA,36.2131,-79.2638,standard,827207,2026-04-01T16:30:00Z
1546,enterprise.buyer.1546@example.com,Liam,Carter,Miami,Florida,71545,USA,25.8895,-80.7386,preferred,984433,2026-03-31T16:30:00Z
1547,enterprise.buyer.1547@example.com,Olivia,Rivera,New York,New York,71546,USA,40.7192,-74.1376,vip,797433,2026-03-30T16:30:00Z
1548,enterprise.buyer.1548@example.com,Lucas,Garcia,Los Angeles,California,71547,USA,34.0257,-118.1817,new,972174,2026-03-29T16:30:00Z
1549,enterprise.buyer.1549@example.com,Emma,Nguyen,San Jose,California,71548,USA,37.7729,-121.6141,standard,597824,2026-04-15T16:30:00Z
1550,enterprise.buyer.1550@example.com,Mason,Kim,Phoenix,Arizona,71549,USA,32.7845,-111.8566,preferred,1246394,2026-04-14T16:30:00Z
1551,enterprise.buyer.1551@example.com,Isabella,Park,Dallas,Texas,71550,USA,32.5159,-97.2228,vip,1925683,2026-04-13T16:30:00Z
1552,enterprise.buyer.1552@example.com,Logan,Scott,Chicago,Illinois,71551,USA,41.9963,-87.0412,new,914744,2026-04-12T16:30:00Z
1553,enterprise.buyer.1553@example.com,Amelia,Morgan,Boston,Massachusetts,71552,USA,42.0004,-71.1441,standard,1324963,2026-04-11T16:30:00Z
1554,enterprise.buyer.1554@example.com,Elijah,Brooks,Atlanta,Georgia,71553,USA,33.1865,-84.0646,preferred,1286879,2026-04-10T16:30:00Z
1555,enterprise.buyer.1555@example.com,Harper,Gray,Seattle,Washington,71554,USA,48.0576,-122.0851,vip,1985119,2026-04-09T16:30:00Z
1556,enterprise.buyer.1556@example.com,James,Ramos,Denver,Colorado,71555,USA,39.9949,-105.0429,new,1067080,2026-04-08T16:30:00Z
1557,enterprise.buyer.1557@example.com,Evelyn,Foster,Raleigh,North Carolina,71556,USA,35.684,-78.2795,standard,539122,2026-04-07T16:30:00Z
1558,enterprise.buyer.1558@example.com,Benjamin,Morris,Miami,Florida,71557,USA,25.2742,-79.5588,preferred,389710,2026-04-06T16:30:00Z
1559,enterprise.buyer.1559@example.com,Luna,Wright,New York,New York,71558,USA,40.0773,-73.474,vip,1097252,2026-04-05T16:30:00Z
1560,enterprise.buyer.1560@example.com,Henry,Reed,Los Angeles,California,71559,USA,33.7759,-118.135,new,1042754,2026-04-04T16:30:00Z
1561,enterprise.buyer.1561@example.com,Ava,Chen,San Jose,California,71560,USA,37.9732,-121.7132,standard,1552713,2026-04-03T16:30:00Z
1562,enterprise.buyer.1562@example.com,Noah,Singh,Phoenix,Arizona,71561,USA,34.1306,-111.9731,preferred,1292202,2026-04-02T16:30:00Z
1563,enterprise.buyer.1563@example.com,Mia,Price,Dallas,Texas,71562,USA,33.4272,-96.1609,vip,826633,2026-04-01T16:30:00Z
1564,enterprise.buyer.1564@example.com,Ethan,Patel,Chicago,Illinois,71563,USA,42.0766,-87.0286,new,526294,2026-03-31T16:30:00Z
1565,enterprise.buyer.1565@example.com,Sophia,Nelson,Boston,Massachusetts,71564,USA,41.8261,-71.379,standard,1230083,2026-03-30T16:30:00Z
1566,enterprise.buyer.1566@example.com,Liam,Carter,Atlanta,Georgia,71565,USA,34.3994,-84.6577,preferred,1948644,2026-03-29T16:30:00Z
1567,enterprise.buyer.1567@example.com,Olivia,Rivera,Seattle,Washington,71566,USA,48.1027,-122.4667,vip,1753613,2026-04-15T16:30:00Z
1568,enterprise.buyer.1568@example.com,Lucas,Garcia,Denver,Colorado,71567,USA,40.1074,-105.0535,new,744020,2026-04-14T16:30:00Z
1569,enterprise.buyer.1569@example.com,Emma,Nguyen,Raleigh,North Carolina,71568,USA,36.4183,-78.3118,standard,679643,2026-04-13T16:30:00Z
1570,enterprise.buyer.1570@example.com,Mason,Kim,Miami,Florida,71569,USA,26.4246,-79.7136,preferred,829048,2026-04-12T16:30:00Z
1571,enterprise.buyer.1571@example.com,Isabella,Park,New York,New York,71570,USA,41.1942,-74.1085,vip,1626568,2026-04-11T16:30:00Z
1572,enterprise.buyer.1572@example.com,Logan,Scott,Los Angeles,California,71571,USA,34.1973,-118.2604,new,1860737,2026-04-10T16:30:00Z
1573,enterprise.buyer.1573@example.com,Amelia,Morgan,San Jose,California,71572,USA,37.5632,-122.4774,standard,1620344,2026-04-09T16:30:00Z
1574,enterprise.buyer.1574@example.com,Elijah,Brooks,Phoenix,Arizona,71573,USA,33.4163,-112.7637,preferred,330138,2026-04-08T16:30:00Z
1575,enterprise.buyer.1575@example.com,Harper,Gray,Dallas,Texas,71574,USA,32.8828,-97.222,vip,428576,2026-04-07T16:30:00Z
1576,enterprise.buyer.1576@example.com,James,Ramos,Chicago,Illinois,71575,USA,41.9876,-88.0425,new,834540,2026-04-06T16:30:00Z
1577,enterprise.buyer.1577@example.com,Evelyn,Foster,Boston,Massachusetts,71576,USA,41.9722,-70.833,standard,1402525,2026-04-05T16:30:00Z
1578,enterprise.buyer.1578@example.com,Benjamin,Morris,Atlanta,Georgia,71577,USA,33.6551,-84.7247,preferred,1204090,2026-04-04T16:30:00Z
1579,enterprise.buyer.1579@example.com,Luna,Wright,Seattle,Washington,71578,USA,47.4659,-122.4546,vip,1564597,2026-04-03T16:30:00Z
1580,enterprise.buyer.1580@example.com,Henry,Reed,Denver,Colorado,71579,USA,39.7471,-105.2588,new,1679666,2026-04-02T16:30:00Z
1581,enterprise.buyer.1581@example.com,Ava,Chen,Raleigh,North Carolina,71580,USA,35.6966,-78.4224,standard,408767,2026-04-01T16:30:00Z
1582,enterprise.buyer.1582@example.com,Noah,Singh,Miami,Florida,71581,USA,26.1252,-79.9407,preferred,1290275,2026-03-31T16:30:00Z
1583,enterprise.buyer.1583@example.com,Mia,Price,New York,New York,71582,USA,40.7958,-74.4843,vip,1569958,2026-03-30T16:30:00Z
1584,enterprise.buyer.1584@example.com,Ethan,Patel,Los Angeles,California,71583,USA,34.7164,-117.655,new,893921,2026-03-29T16:30:00Z
1585,enterprise.buyer.1585@example.com,Sophia,Nelson,San Jose,California,71584,USA,37.3656,-122.359,standard,740446,2026-04-15T16:30:00Z
1586,enterprise.buyer.1586@example.com,Liam,Carter,Phoenix,Arizona,71585,USA,33.952,-112.2605,preferred,1495427,2026-04-14T16:30:00Z
1587,enterprise.buyer.1587@example.com,Olivia,Rivera,Dallas,Texas,71586,USA,33.4546,-96.362,vip,1641000,2026-04-13T16:30:00Z
1588,enterprise.buyer.1588@example.com,Lucas,Garcia,Chicago,Illinois,71587,USA,41.9648,-87.7237,new,1598121,2026-04-12T16:30:00Z
1589,enterprise.buyer.1589@example.com,Emma,Nguyen,Boston,Massachusetts,71588,USA,41.6709,-71.0847,standard,1591352,2026-04-11T16:30:00Z
1590,enterprise.buyer.1590@example.com,Mason,Kim,Atlanta,Georgia,71589,USA,33.0567,-83.7252,preferred,1027458,2026-04-10T16:30:00Z
1591,enterprise.buyer.1591@example.com,Isabella,Park,Seattle,Washington,71590,USA,47.4422,-122.3382,vip,252131,2026-04-09T16:30:00Z
1592,enterprise.buyer.1592@example.com,Logan,Scott,Denver,Colorado,71591,USA,40.3603,-104.7054,new,1924368,2026-04-08T16:30:00Z
1593,enterprise.buyer.1593@example.com,Amelia,Morgan,Raleigh,North Carolina,71592,USA,35.3861,-78.9598,standard,1131147,2026-04-07T16:30:00Z
1594,enterprise.buyer.1594@example.com,Elijah,Brooks,Miami,Florida,71593,USA,25.5797,-80.0266,preferred,1247417,2026-04-06T16:30:00Z
1595,enterprise.buyer.1595@example.com,Harper,Gray,New York,New York,71594,USA,41.2386,-73.8079,vip,1267890,2026-04-05T16:30:00Z
1596,enterprise.buyer.1596@example.com,James,Ramos,Los Angeles,California,71595,USA,34.3256,-117.9312,new,748461,2026-04-04T16:30:00Z
1597,enterprise.buyer.1597@example.com,Evelyn,Foster,San Jose,California,71596,USA,37.9726,-122.0632,standard,460883,2026-04-03T16:30:00Z
1598,enterprise.buyer.1598@example.com,Benjamin,Morris,Phoenix,Arizona,71597,USA,33.0873,-112.401,preferred,702616,2026-04-02T16:30:00Z
1599,enterprise.buyer.1599@example.com,Luna,Wright,Dallas,Texas,71598,USA,32.2477,-96.7089,vip,801395,2026-04-01T16:30:00Z
1600,enterprise.buyer.1600@example.com,Henry,Reed,Chicago,Illinois,71599,USA,42.2172,-87.0613,new,1938871,2026-03-31T16:30:00Z
1601,enterprise.buyer.1601@example.com,Ava,Chen,Boston,Massachusetts,71600,USA,41.6607,-70.5202,standard,832235,2026-03-30T16:30:00Z
1602,enterprise.buyer.1602@example.com,Noah,Singh,Atlanta,Georgia,71601,USA,33.7094,-83.9244,preferred,564588,2026-03-29T16:30:00Z
1603,enterprise.buyer.1603@example.com,Mia,Price,Seattle,Washington,71602,USA,47.9087,-122.6305,vip,1791922,2026-04-15T16:30:00Z
1604,enterprise.buyer.1604@example.com,Ethan,Patel,Denver,Colorado,71603,USA,39.6324,-104.5045,new,1542107,2026-04-14T16:30:00Z
1605,enterprise.buyer.1605@example.com,Sophia,Nelson,Raleigh,North Carolina,71604,USA,35.4462,-78.4827,standard,539057,2026-04-13T16:30:00Z
1606,enterprise.buyer.1606@example.com,Liam,Carter,Miami,Florida,71605,USA,25.5487,-79.9329,preferred,1111515,2026-04-12T16:30:00Z
1607,enterprise.buyer.1607@example.com,Olivia,Rivera,New York,New York,71606,USA,40.9804,-73.9644,vip,1356686,2026-04-11T16:30:00Z
1608,enterprise.buyer.1608@example.com,Lucas,Garcia,Los Angeles,California,71607,USA,34.0355,-118.3449,new,1569063,2026-04-10T16:30:00Z
1609,enterprise.buyer.1609@example.com,Emma,Nguyen,San Jose,California,71608,USA,37.8082,-121.3791,standard,1301116,2026-04-09T16:30:00Z
1610,enterprise.buyer.1610@example.com,Mason,Kim,Phoenix,Arizona,71609,USA,32.8708,-111.6316,preferred,618653,2026-04-08T16:30:00Z
1611,enterprise.buyer.1611@example.com,Isabella,Park,Dallas,Texas,71610,USA,33.4078,-96.4622,vip,371773,2026-04-07T16:30:00Z
1612,enterprise.buyer.1612@example.com,Logan,Scott,Chicago,Illinois,71611,USA,42.1932,-88.2365,new,854632,2026-04-06T16:30:00Z
1613,enterprise.buyer.1613@example.com,Amelia,Morgan,Boston,Massachusetts,71612,USA,41.7537,-70.5178,standard,1474169,2026-04-05T16:30:00Z
1614,enterprise.buyer.1614@example.com,Elijah,Brooks,Atlanta,Georgia,71613,USA,34.3976,-84.1375,preferred,678480,2026-04-04T16:30:00Z
1615,enterprise.buyer.1615@example.com,Harper,Gray,Seattle,Washington,71614,USA,47.9523,-122.1433,vip,1756848,2026-04-03T16:30:00Z
1616,enterprise.buyer.1616@example.com,James,Ramos,Denver,Colorado,71615,USA,39.3549,-104.6195,new,910989,2026-04-02T16:30:00Z
1617,enterprise.buyer.1617@example.com,Evelyn,Foster,Raleigh,North Carolina,71616,USA,35.6358,-78.7537,standard,875280,2026-04-01T16:30:00Z
1618,enterprise.buyer.1618@example.com,Benjamin,Morris,Miami,Florida,71617,USA,26.1303,-79.6516,preferred,254155,2026-03-31T16:30:00Z
1619,enterprise.buyer.1619@example.com,Luna,Wright,New York,New York,71618,USA,40.2805,-73.8902,vip,1724677,2026-03-30T16:30:00Z
1620,enterprise.buyer.1620@example.com,Henry,Reed,Los Angeles,California,71619,USA,33.7537,-117.6981,new,1683293,2026-03-29T16:30:00Z
1621,enterprise.buyer.1621@example.com,Ava,Chen,San Jose,California,71620,USA,36.7342,-122.2686,standard,1481088,2026-04-15T16:30:00Z
1622,enterprise.buyer.1622@example.com,Noah,Singh,Phoenix,Arizona,71621,USA,33.7367,-112.7428,preferred,292085,2026-04-14T16:30:00Z
1623,enterprise.buyer.1623@example.com,Mia,Price,Dallas,Texas,71622,USA,32.4997,-96.6608,vip,299362,2026-04-13T16:30:00Z
1624,enterprise.buyer.1624@example.com,Ethan,Patel,Chicago,Illinois,71623,USA,41.2443,-87.9369,new,516119,2026-04-12T16:30:00Z
1625,enterprise.buyer.1625@example.com,Sophia,Nelson,Boston,Massachusetts,71624,USA,42.6596,-71.3962,standard,1675990,2026-04-11T16:30:00Z
1626,enterprise.buyer.1626@example.com,Liam,Carter,Atlanta,Georgia,71625,USA,34.242,-84.9361,preferred,348734,2026-04-10T16:30:00Z
1627,enterprise.buyer.1627@example.com,Olivia,Rivera,Seattle,Washington,71626,USA,47.2467,-121.7318,vip,1757192,2026-04-09T16:30:00Z
1628,enterprise.buyer.1628@example.com,Lucas,Garcia,Denver,Colorado,71627,USA,39.6251,-105.1363,new,1049118,2026-04-08T16:30:00Z
1629,enterprise.buyer.1629@example.com,Emma,Nguyen,Raleigh,North Carolina,71628,USA,36.2033,-78.1486,standard,951195,2026-04-07T16:30:00Z
1630,enterprise.buyer.1630@example.com,Mason,Kim,Miami,Florida,71629,USA,25.2577,-80.6506,preferred,520727,2026-04-06T16:30:00Z
1631,enterprise.buyer.1631@example.com,Isabella,Park,New York,New York,71630,USA,40.866,-73.9652,vip,314968,2026-04-05T16:30:00Z
1632,enterprise.buyer.1632@example.com,Logan,Scott,Los Angeles,California,71631,USA,34.2093,-118.8726,new,411187,2026-04-04T16:30:00Z
1633,enterprise.buyer.1633@example.com,Amelia,Morgan,San Jose,California,71632,USA,37.9499,-121.5912,standard,492816,2026-04-03T16:30:00Z
1634,enterprise.buyer.1634@example.com,Elijah,Brooks,Phoenix,Arizona,71633,USA,33.5801,-112.6858,preferred,237257,2026-04-02T16:30:00Z
1635,enterprise.buyer.1635@example.com,Harper,Gray,Dallas,Texas,71634,USA,33.4102,-97.1947,vip,1446499,2026-04-01T16:30:00Z
1636,enterprise.buyer.1636@example.com,James,Ramos,Chicago,Illinois,71635,USA,42.0825,-87.0544,new,523633,2026-03-31T16:30:00Z
1637,enterprise.buyer.1637@example.com,Evelyn,Foster,Boston,Massachusetts,71636,USA,41.9374,-71.2089,standard,337945,2026-03-30T16:30:00Z
1638,enterprise.buyer.1638@example.com,Benjamin,Morris,Atlanta,Georgia,71637,USA,33.9155,-83.9145,preferred,637059,2026-03-29T16:30:00Z
1639,enterprise.buyer.1639@example.com,Luna,Wright,Seattle,Washington,71638,USA,48.0557,-122.1024,vip,1960007,2026-04-15T16:30:00Z
1640,enterprise.buyer.1640@example.com,Henry,Reed,Denver,Colorado,71639,USA,39.2893,-104.5569,new,1615574,2026-04-14T16:30:00Z
1641,enterprise.buyer.1641@example.com,Ava,Chen,Raleigh,North Carolina,71640,USA,35.1983,-78.0633,standard,445478,2026-04-13T16:30:00Z
1642,enterprise.buyer.1642@example.com,Noah,Singh,Miami,Florida,71641,USA,25.9025,-80.2757,preferred,1874405,2026-04-12T16:30:00Z
1643,enterprise.buyer.1643@example.com,Mia,Price,New York,New York,71642,USA,41.2502,-73.7888,vip,1639760,2026-04-11T16:30:00Z
1644,enterprise.buyer.1644@example.com,Ethan,Patel,Los Angeles,California,71643,USA,34.0346,-118.6749,new,1687189,2026-04-10T16:30:00Z
1645,enterprise.buyer.1645@example.com,Sophia,Nelson,San Jose,California,71644,USA,37.5334,-121.7819,standard,1244025,2026-04-09T16:30:00Z
1646,enterprise.buyer.1646@example.com,Liam,Carter,Phoenix,Arizona,71645,USA,33.2723,-111.9556,preferred,1746026,2026-04-08T16:30:00Z
1647,enterprise.buyer.1647@example.com,Olivia,Rivera,Dallas,Texas,71646,USA,33.4122,-97.4665,vip,1731689,2026-04-07T16:30:00Z
1648,enterprise.buyer.1648@example.com,Lucas,Garcia,Chicago,Illinois,71647,USA,42.3599,-87.2147,new,361003,2026-04-06T16:30:00Z
1649,enterprise.buyer.1649@example.com,Emma,Nguyen,Boston,Massachusetts,71648,USA,42.4257,-71.7583,standard,1639590,2026-04-05T16:30:00Z
1650,enterprise.buyer.1650@example.com,Mason,Kim,Atlanta,Georgia,71649,USA,33.865,-83.7446,preferred,1402614,2026-04-04T16:30:00Z
1651,enterprise.buyer.1651@example.com,Isabella,Park,Seattle,Washington,71650,USA,47.2691,-122.9117,vip,484733,2026-04-03T16:30:00Z
1652,enterprise.buyer.1652@example.com,Logan,Scott,Denver,Colorado,71651,USA,40.3647,-105.5435,new,219561,2026-04-02T16:30:00Z
1653,enterprise.buyer.1653@example.com,Amelia,Morgan,Raleigh,North Carolina,71652,USA,35.5331,-78.1043,standard,1771983,2026-04-01T16:30:00Z
1654,enterprise.buyer.1654@example.com,Elijah,Brooks,Miami,Florida,71653,USA,26.3826,-80.666,preferred,987743,2026-03-31T16:30:00Z
1655,enterprise.buyer.1655@example.com,Harper,Gray,New York,New York,71654,USA,40.0916,-73.3899,vip,1200920,2026-03-30T16:30:00Z
1656,enterprise.buyer.1656@example.com,James,Ramos,Los Angeles,California,71655,USA,33.4843,-118.5704,new,1153758,2026-03-29T16:30:00Z
1657,enterprise.buyer.1657@example.com,Evelyn,Foster,San Jose,California,71656,USA,37.2449,-122.5471,standard,1204119,2026-04-15T16:30:00Z
1658,enterprise.buyer.1658@example.com,Benjamin,Morris,Phoenix,Arizona,71657,USA,33.5654,-112.1452,preferred,1019743,2026-04-14T16:30:00Z
1659,enterprise.buyer.1659@example.com,Luna,Wright,Dallas,Texas,71658,USA,32.1,-97.1174,vip,1395829,2026-04-13T16:30:00Z
1660,enterprise.buyer.1660@example.com,Henry,Reed,Chicago,Illinois,71659,USA,41.2078,-87.015,new,506418,2026-04-12T16:30:00Z
1661,enterprise.buyer.1661@example.com,Ava,Chen,Boston,Massachusetts,71660,USA,42.1868,-70.9328,standard,601296,2026-04-11T16:30:00Z
1662,enterprise.buyer.1662@example.com,Noah,Singh,Atlanta,Georgia,71661,USA,33.7791,-84.3154,preferred,1246917,2026-04-10T16:30:00Z
1663,enterprise.buyer.1663@example.com,Mia,Price,Seattle,Washington,71662,USA,47.688,-122.5793,vip,330313,2026-04-09T16:30:00Z
1664,enterprise.buyer.1664@example.com,Ethan,Patel,Denver,Colorado,71663,USA,39.7137,-105.4256,new,353307,2026-04-08T16:30:00Z
1665,enterprise.buyer.1665@example.com,Sophia,Nelson,Raleigh,North Carolina,71664,USA,35.4474,-78.2423,standard,762186,2026-04-07T16:30:00Z
1666,enterprise.buyer.1666@example.com,Liam,Carter,Miami,Florida,71665,USA,25.7809,-80.2317,preferred,1418172,2026-04-06T16:30:00Z
1667,enterprise.buyer.1667@example.com,Olivia,Rivera,New York,New York,71666,USA,40.1326,-73.4128,vip,481420,2026-04-05T16:30:00Z
1668,enterprise.buyer.1668@example.com,Lucas,Garcia,Los Angeles,California,71667,USA,33.4937,-117.6362,new,1889295,2026-04-04T16:30:00Z
1669,enterprise.buyer.1669@example.com,Emma,Nguyen,San Jose,California,71668,USA,36.7915,-121.377,standard,1370695,2026-04-03T16:30:00Z
1670,enterprise.buyer.1670@example.com,Mason,Kim,Phoenix,Arizona,71669,USA,32.9768,-112.3903,preferred,1925116,2026-04-02T16:30:00Z
1671,enterprise.buyer.1671@example.com,Isabella,Park,Dallas,Texas,71670,USA,33.1073,-96.8186,vip,733965,2026-04-01T16:30:00Z
1672,enterprise.buyer.1672@example.com,Logan,Scott,Chicago,Illinois,71671,USA,42.3582,-88.3281,new,220854,2026-03-31T16:30:00Z
1673,enterprise.buyer.1673@example.com,Amelia,Morgan,Boston,Massachusetts,71672,USA,42.8777,-70.8644,standard,572607,2026-03-30T16:30:00Z
1674,enterprise.buyer.1674@example.com,Elijah,Brooks,Atlanta,Georgia,71673,USA,33.6295,-83.8682,preferred,1734579,2026-03-29T16:30:00Z
1675,enterprise.buyer.1675@example.com,Harper,Gray,Seattle,Washington,71674,USA,47.8619,-122.1139,vip,1083339,2026-04-15T16:30:00Z
1676,enterprise.buyer.1676@example.com,James,Ramos,Denver,Colorado,71675,USA,39.5976,-104.58,new,1192763,2026-04-14T16:30:00Z
1677,enterprise.buyer.1677@example.com,Evelyn,Foster,Raleigh,North Carolina,71676,USA,36.1683,-78.157,standard,386182,2026-04-13T16:30:00Z
1678,enterprise.buyer.1678@example.com,Benjamin,Morris,Miami,Florida,71677,USA,25.9685,-79.5982,preferred,1490831,2026-04-12T16:30:00Z
1679,enterprise.buyer.1679@example.com,Luna,Wright,New York,New York,71678,USA,40.3487,-74.5371,vip,350755,2026-04-11T16:30:00Z
1680,enterprise.buyer.1680@example.com,Henry,Reed,Los Angeles,California,71679,USA,33.7339,-117.6388,new,1260738,2026-04-10T16:30:00Z
1681,enterprise.buyer.1681@example.com,Ava,Chen,San Jose,California,71680,USA,36.9343,-121.5847,standard,490344,2026-04-09T16:30:00Z
1682,enterprise.buyer.1682@example.com,Noah,Singh,Phoenix,Arizona,71681,USA,32.8152,-112.5343,preferred,806547,2026-04-08T16:30:00Z
1683,enterprise.buyer.1683@example.com,Mia,Price,Dallas,Texas,71682,USA,33.3663,-96.7231,vip,1111521,2026-04-07T16:30:00Z
1684,enterprise.buyer.1684@example.com,Ethan,Patel,Chicago,Illinois,71683,USA,42.158,-87.8916,new,841850,2026-04-06T16:30:00Z
1685,enterprise.buyer.1685@example.com,Sophia,Nelson,Boston,Massachusetts,71684,USA,43.0003,-70.8178,standard,1471069,2026-04-05T16:30:00Z
1686,enterprise.buyer.1686@example.com,Liam,Carter,Atlanta,Georgia,71685,USA,33.3449,-84.1282,preferred,1421298,2026-04-04T16:30:00Z
1687,enterprise.buyer.1687@example.com,Olivia,Rivera,Seattle,Washington,71686,USA,48.0662,-122.8363,vip,285277,2026-04-03T16:30:00Z
1688,enterprise.buyer.1688@example.com,Lucas,Garcia,Denver,Colorado,71687,USA,39.0738,-104.4574,new,1778808,2026-04-02T16:30:00Z
1689,enterprise.buyer.1689@example.com,Emma,Nguyen,Raleigh,North Carolina,71688,USA,36.412,-78.1641,standard,602690,2026-04-01T16:30:00Z
1690,enterprise.buyer.1690@example.com,Mason,Kim,Miami,Florida,71689,USA,25.9042,-79.8041,preferred,374032,2026-03-31T16:30:00Z
1691,enterprise.buyer.1691@example.com,Isabella,Park,New York,New York,71690,USA,40.1612,-73.578,vip,516951,2026-03-30T16:30:00Z
1692,enterprise.buyer.1692@example.com,Logan,Scott,Los Angeles,California,71691,USA,34.202,-118.054,new,391542,2026-03-29T16:30:00Z
1693,enterprise.buyer.1693@example.com,Amelia,Morgan,San Jose,California,71692,USA,37.9483,-121.736,standard,281671,2026-04-15T16:30:00Z
1694,enterprise.buyer.1694@example.com,Elijah,Brooks,Phoenix,Arizona,71693,USA,33.9807,-112.1919,preferred,316416,2026-04-14T16:30:00Z
1695,enterprise.buyer.1695@example.com,Harper,Gray,Dallas,Texas,71694,USA,32.3024,-97.2397,vip,1444372,2026-04-13T16:30:00Z
1696,enterprise.buyer.1696@example.com,James,Ramos,Chicago,Illinois,71695,USA,41.7471,-87.7284,new,635751,2026-04-12T16:30:00Z
1697,enterprise.buyer.1697@example.com,Evelyn,Foster,Boston,Massachusetts,71696,USA,42.9037,-71.1273,standard,368315,2026-04-11T16:30:00Z
1698,enterprise.buyer.1698@example.com,Benjamin,Morris,Atlanta,Georgia,71697,USA,33.9323,-84.532,preferred,343652,2026-04-10T16:30:00Z
1699,enterprise.buyer.1699@example.com,Luna,Wright,Seattle,Washington,71698,USA,47.3029,-122.0739,vip,514329,2026-04-09T16:30:00Z
1700,enterprise.buyer.1700@example.com,Henry,Reed,Denver,Colorado,71699,USA,39.6699,-105.4416,new,697921,2026-04-08T16:30:00Z
1701,enterprise.buyer.1701@example.com,Ava,Chen,Raleigh,North Carolina,71700,USA,35.1964,-78.7508,standard,861879,2026-04-07T16:30:00Z
1702,enterprise.buyer.1702@example.com,Noah,Singh,Miami,Florida,71701,USA,26.1978,-80.3869,preferred,232609,2026-04-06T16:30:00Z
1703,enterprise.buyer.1703@example.com,Mia,Price,New York,New York,71702,USA,41.2956,-74.2782,vip,1789353,2026-04-05T16:30:00Z
1704,enterprise.buyer.1704@example.com,Ethan,Patel,Los Angeles,California,71703,USA,34.6564,-118.4365,new,1772689,2026-04-04T16:30:00Z
1705,enterprise.buyer.1705@example.com,Sophia,Nelson,San Jose,California,71704,USA,37.8818,-122.0402,standard,1417423,2026-04-03T16:30:00Z
1706,enterprise.buyer.1706@example.com,Liam,Carter,Phoenix,Arizona,71705,USA,33.6973,-112.3056,preferred,562731,2026-04-02T16:30:00Z
1707,enterprise.buyer.1707@example.com,Olivia,Rivera,Dallas,Texas,71706,USA,33.4235,-96.9934,vip,1834497,2026-04-01T16:30:00Z
1708,enterprise.buyer.1708@example.com,Lucas,Garcia,Chicago,Illinois,71707,USA,41.6549,-88.1283,new,1929141,2026-03-31T16:30:00Z
1709,enterprise.buyer.1709@example.com,Emma,Nguyen,Boston,Massachusetts,71708,USA,42.9577,-70.5443,standard,339259,2026-03-30T16:30:00Z
1710,enterprise.buyer.1710@example.com,Mason,Kim,Atlanta,Georgia,71709,USA,33.6008,-84.2423,preferred,356980,2026-03-29T16:30:00Z
1711,enterprise.buyer.1711@example.com,Isabella,Park,Seattle,Washington,71710,USA,47.2576,-122.0437,vip,1970392,2026-04-15T16:30:00Z
1712,enterprise.buyer.1712@example.com,Logan,Scott,Denver,Colorado,71711,USA,39.8276,-104.75,new,835848,2026-04-14T16:30:00Z
1713,enterprise.buyer.1713@example.com,Amelia,Morgan,Raleigh,North Carolina,71712,USA,35.3345,-79.1647,standard,494423,2026-04-13T16:30:00Z
1714,enterprise.buyer.1714@example.com,Elijah,Brooks,Miami,Florida,71713,USA,25.116,-80.8131,preferred,622121,2026-04-12T16:30:00Z
1715,enterprise.buyer.1715@example.com,Harper,Gray,New York,New York,71714,USA,40.2754,-74.4989,vip,1963535,2026-04-11T16:30:00Z
1716,enterprise.buyer.1716@example.com,James,Ramos,Los Angeles,California,71715,USA,34.4796,-117.9542,new,1745085,2026-04-10T16:30:00Z
1717,enterprise.buyer.1717@example.com,Evelyn,Foster,San Jose,California,71716,USA,37.4861,-122.2954,standard,1319187,2026-04-09T16:30:00Z
1718,enterprise.buyer.1718@example.com,Benjamin,Morris,Phoenix,Arizona,71717,USA,32.9098,-111.5925,preferred,1275302,2026-04-08T16:30:00Z
1719,enterprise.buyer.1719@example.com,Luna,Wright,Dallas,Texas,71718,USA,32.9749,-97.4067,vip,1890367,2026-04-07T16:30:00Z
1720,enterprise.buyer.1720@example.com,Henry,Reed,Chicago,Illinois,71719,USA,42.1149,-87.1872,new,487527,2026-04-06T16:30:00Z
1721,enterprise.buyer.1721@example.com,Ava,Chen,Boston,Massachusetts,71720,USA,42.3646,-70.6478,standard,1955641,2026-04-05T16:30:00Z
1722,enterprise.buyer.1722@example.com,Noah,Singh,Atlanta,Georgia,71721,USA,33.1039,-84.4534,preferred,505642,2026-04-04T16:30:00Z
1723,enterprise.buyer.1723@example.com,Mia,Price,Seattle,Washington,71722,USA,47.7938,-122.9356,vip,1528987,2026-04-03T16:30:00Z
1724,enterprise.buyer.1724@example.com,Ethan,Patel,Denver,Colorado,71723,USA,39.3888,-105.4239,new,351975,2026-04-02T16:30:00Z
1725,enterprise.buyer.1725@example.com,Sophia,Nelson,Raleigh,North Carolina,71724,USA,35.5271,-78.5813,standard,184334,2026-04-01T16:30:00Z
1726,enterprise.buyer.1726@example.com,Liam,Carter,Miami,Florida,71725,USA,25.0731,-80.3314,preferred,623962,2026-03-31T16:30:00Z
1727,enterprise.buyer.1727@example.com,Olivia,Rivera,New York,New York,71726,USA,40.8504,-73.7522,vip,1771705,2026-03-30T16:30:00Z
1728,enterprise.buyer.1728@example.com,Lucas,Garcia,Los Angeles,California,71727,USA,34.0329,-118.7033,new,1442593,2026-03-29T16:30:00Z
1729,enterprise.buyer.1729@example.com,Emma,Nguyen,San Jose,California,71728,USA,37.9263,-121.2496,standard,1358709,2026-04-15T16:30:00Z
1730,enterprise.buyer.1730@example.com,Mason,Kim,Phoenix,Arizona,71729,USA,33.2477,-112.5841,preferred,514091,2026-04-14T16:30:00Z
1731,enterprise.buyer.1731@example.com,Isabella,Park,Dallas,Texas,71730,USA,32.9674,-97.0833,vip,727510,2026-04-13T16:30:00Z
1732,enterprise.buyer.1732@example.com,Logan,Scott,Chicago,Illinois,71731,USA,41.9871,-87.5006,new,1218551,2026-04-12T16:30:00Z
1733,enterprise.buyer.1733@example.com,Amelia,Morgan,Boston,Massachusetts,71732,USA,41.8604,-70.6499,standard,1591649,2026-04-11T16:30:00Z
1734,enterprise.buyer.1734@example.com,Elijah,Brooks,Atlanta,Georgia,71733,USA,33.5385,-84.9472,preferred,598152,2026-04-10T16:30:00Z
1735,enterprise.buyer.1735@example.com,Harper,Gray,Seattle,Washington,71734,USA,48.2937,-122.3169,vip,617497,2026-04-09T16:30:00Z
1736,enterprise.buyer.1736@example.com,James,Ramos,Denver,Colorado,71735,USA,39.833,-104.8593,new,1114438,2026-04-08T16:30:00Z
1737,enterprise.buyer.1737@example.com,Evelyn,Foster,Raleigh,North Carolina,71736,USA,36.0559,-79.1695,standard,766680,2026-04-07T16:30:00Z
1738,enterprise.buyer.1738@example.com,Benjamin,Morris,Miami,Florida,71737,USA,25.585,-80.604,preferred,1203385,2026-04-06T16:30:00Z
1739,enterprise.buyer.1739@example.com,Luna,Wright,New York,New York,71738,USA,40.124,-74.56,vip,1039096,2026-04-05T16:30:00Z
1740,enterprise.buyer.1740@example.com,Henry,Reed,Los Angeles,California,71739,USA,33.7989,-117.6696,new,1089023,2026-04-04T16:30:00Z
1741,enterprise.buyer.1741@example.com,Ava,Chen,San Jose,California,71740,USA,37.6298,-122.4447,standard,1117966,2026-04-03T16:30:00Z
1742,enterprise.buyer.1742@example.com,Noah,Singh,Phoenix,Arizona,71741,USA,32.8521,-112.5605,preferred,553235,2026-04-02T16:30:00Z
1743,enterprise.buyer.1743@example.com,Mia,Price,Dallas,Texas,71742,USA,32.1134,-96.3792,vip,623080,2026-04-01T16:30:00Z
1744,enterprise.buyer.1744@example.com,Ethan,Patel,Chicago,Illinois,71743,USA,41.2789,-87.6282,new,1575165,2026-03-31T16:30:00Z
1745,enterprise.buyer.1745@example.com,Sophia,Nelson,Boston,Massachusetts,71744,USA,42.4624,-71.1717,standard,1230968,2026-03-30T16:30:00Z
1746,enterprise.buyer.1746@example.com,Liam,Carter,Atlanta,Georgia,71745,USA,33.1188,-84.1939,preferred,1502240,2026-03-29T16:30:00Z
1747,enterprise.buyer.1747@example.com,Olivia,Rivera,Seattle,Washington,71746,USA,47.3762,-121.6369,vip,1217200,2026-04-15T16:30:00Z
1748,enterprise.buyer.1748@example.com,Lucas,Garcia,Denver,Colorado,71747,USA,39.1341,-104.4298,new,1432131,2026-04-14T16:30:00Z
1749,enterprise.buyer.1749@example.com,Emma,Nguyen,Raleigh,North Carolina,71748,USA,35.1418,-79.0597,standard,1913397,2026-04-13T16:30:00Z
1750,enterprise.buyer.1750@example.com,Mason,Kim,Miami,Florida,71749,USA,25.6202,-79.8201,preferred,775213,2026-04-12T16:30:00Z
1751,enterprise.buyer.1751@example.com,Isabella,Park,New York,New York,71750,USA,40.8832,-74.5303,vip,239912,2026-04-11T16:30:00Z
1752,enterprise.buyer.1752@example.com,Logan,Scott,Los Angeles,California,71751,USA,33.6057,-118.583,new,1429005,2026-04-10T16:30:00Z
1753,enterprise.buyer.1753@example.com,Amelia,Morgan,San Jose,California,71752,USA,37.3159,-122.1734,standard,494010,2026-04-09T16:30:00Z
1754,enterprise.buyer.1754@example.com,Elijah,Brooks,Phoenix,Arizona,71753,USA,33.0389,-112.1397,preferred,1015758,2026-04-08T16:30:00Z
1755,enterprise.buyer.1755@example.com,Harper,Gray,Dallas,Texas,71754,USA,32.2099,-97.1976,vip,738092,2026-04-07T16:30:00Z
1756,enterprise.buyer.1756@example.com,James,Ramos,Chicago,Illinois,71755,USA,42.4892,-86.9755,new,624858,2026-04-06T16:30:00Z
1757,enterprise.buyer.1757@example.com,Evelyn,Foster,Boston,Massachusetts,71756,USA,42.3453,-70.771,standard,1937309,2026-04-05T16:30:00Z
1758,enterprise.buyer.1758@example.com,Benjamin,Morris,Atlanta,Georgia,71757,USA,33.1506,-84.1762,preferred,1754274,2026-04-04T16:30:00Z
1759,enterprise.buyer.1759@example.com,Luna,Wright,Seattle,Washington,71758,USA,47.7093,-122.7004,vip,531623,2026-04-03T16:30:00Z
1760,enterprise.buyer.1760@example.com,Henry,Reed,Denver,Colorado,71759,USA,39.5325,-104.8283,new,1040120,2026-04-02T16:30:00Z
1761,enterprise.buyer.1761@example.com,Ava,Chen,Raleigh,North Carolina,71760,USA,35.9533,-78.1312,standard,947614,2026-04-01T16:30:00Z
1762,enterprise.buyer.1762@example.com,Noah,Singh,Miami,Florida,71761,USA,25.4874,-80.7948,preferred,870842,2026-03-31T16:30:00Z
1763,enterprise.buyer.1763@example.com,Mia,Price,New York,New York,71762,USA,40.7944,-73.4663,vip,1692138,2026-03-30T16:30:00Z
1764,enterprise.buyer.1764@example.com,Ethan,Patel,Los Angeles,California,71763,USA,34.3933,-117.655,new,1666626,2026-03-29T16:30:00Z
1765,enterprise.buyer.1765@example.com,Sophia,Nelson,San Jose,California,71764,USA,37.2791,-122.207,standard,1145113,2026-04-15T16:30:00Z
1766,enterprise.buyer.1766@example.com,Liam,Carter,Phoenix,Arizona,71765,USA,33.9093,-112.6105,preferred,1724053,2026-04-14T16:30:00Z
1767,enterprise.buyer.1767@example.com,Olivia,Rivera,Dallas,Texas,71766,USA,32.0824,-97.2646,vip,1765208,2026-04-13T16:30:00Z
1768,enterprise.buyer.1768@example.com,Lucas,Garcia,Chicago,Illinois,71767,USA,41.9316,-87.7552,new,506466,2026-04-12T16:30:00Z
1769,enterprise.buyer.1769@example.com,Emma,Nguyen,Boston,Massachusetts,71768,USA,42.4417,-71.588,standard,1117137,2026-04-11T16:30:00Z
1770,enterprise.buyer.1770@example.com,Mason,Kim,Atlanta,Georgia,71769,USA,33.8054,-84.6801,preferred,1413084,2026-04-10T16:30:00Z
1771,enterprise.buyer.1771@example.com,Isabella,Park,Seattle,Washington,71770,USA,47.6805,-121.9662,vip,292896,2026-04-09T16:30:00Z
1772,enterprise.buyer.1772@example.com,Logan,Scott,Denver,Colorado,71771,USA,39.7187,-105.0571,new,268031,2026-04-08T16:30:00Z
1773,enterprise.buyer.1773@example.com,Amelia,Morgan,Raleigh,North Carolina,71772,USA,35.0848,-79.1069,standard,1433171,2026-04-07T16:30:00Z
1774,enterprise.buyer.1774@example.com,Elijah,Brooks,Miami,Florida,71773,USA,26.3688,-80.3168,preferred,296158,2026-04-06T16:30:00Z
1775,enterprise.buyer.1775@example.com,Harper,Gray,New York,New York,71774,USA,40.2665,-74.5247,vip,1945308,2026-04-05T16:30:00Z
1776,enterprise.buyer.1776@example.com,James,Ramos,Los Angeles,California,71775,USA,34.6613,-118.6357,new,1294700,2026-04-04T16:30:00Z
1777,enterprise.buyer.1777@example.com,Evelyn,Foster,San Jose,California,71776,USA,37.5923,-122.0827,standard,1112693,2026-04-03T16:30:00Z
1778,enterprise.buyer.1778@example.com,Benjamin,Morris,Phoenix,Arizona,71777,USA,33.8908,-111.4356,preferred,429529,2026-04-02T16:30:00Z
1779,enterprise.buyer.1779@example.com,Luna,Wright,Dallas,Texas,71778,USA,33.4395,-96.3347,vip,1620068,2026-04-01T16:30:00Z
1780,enterprise.buyer.1780@example.com,Henry,Reed,Chicago,Illinois,71779,USA,42.1155,-87.7026,new,1608010,2026-03-31T16:30:00Z
1781,enterprise.buyer.1781@example.com,Ava,Chen,Boston,Massachusetts,71780,USA,42.913,-70.5621,standard,1398702,2026-03-30T16:30:00Z
1782,enterprise.buyer.1782@example.com,Noah,Singh,Atlanta,Georgia,71781,USA,34.1186,-84.0578,preferred,1198541,2026-03-29T16:30:00Z
1783,enterprise.buyer.1783@example.com,Mia,Price,Seattle,Washington,71782,USA,47.1621,-122.1108,vip,1623008,2026-04-15T16:30:00Z
1784,enterprise.buyer.1784@example.com,Ethan,Patel,Denver,Colorado,71783,USA,39.6831,-105.1549,new,797421,2026-04-14T16:30:00Z
1785,enterprise.buyer.1785@example.com,Sophia,Nelson,Raleigh,North Carolina,71784,USA,35.9394,-79.0095,standard,1273072,2026-04-13T16:30:00Z
1786,enterprise.buyer.1786@example.com,Liam,Carter,Miami,Florida,71785,USA,25.4163,-80.4813,preferred,1117653,2026-04-12T16:30:00Z
1787,enterprise.buyer.1787@example.com,Olivia,Rivera,New York,New York,71786,USA,40.7488,-74.1347,vip,480660,2026-04-11T16:30:00Z
1788,enterprise.buyer.1788@example.com,Lucas,Garcia,Los Angeles,California,71787,USA,33.878,-118.8476,new,1112518,2026-04-10T16:30:00Z
1789,enterprise.buyer.1789@example.com,Emma,Nguyen,San Jose,California,71788,USA,37.3915,-121.6492,standard,1439859,2026-04-09T16:30:00Z
1790,enterprise.buyer.1790@example.com,Mason,Kim,Phoenix,Arizona,71789,USA,33.7069,-112.4121,preferred,1148475,2026-04-08T16:30:00Z
1791,enterprise.buyer.1791@example.com,Isabella,Park,Dallas,Texas,71790,USA,33.1652,-96.4699,vip,577213,2026-04-07T16:30:00Z
1792,enterprise.buyer.1792@example.com,Logan,Scott,Chicago,Illinois,71791,USA,41.3716,-87.8946,new,375865,2026-04-06T16:30:00Z
1793,enterprise.buyer.1793@example.com,Amelia,Morgan,Boston,Massachusetts,71792,USA,42.3003,-70.7442,standard,1755394,2026-04-05T16:30:00Z
1794,enterprise.buyer.1794@example.com,Elijah,Brooks,Atlanta,Georgia,71793,USA,33.579,-83.7388,preferred,1047043,2026-04-04T16:30:00Z
1795,enterprise.buyer.1795@example.com,Harper,Gray,Seattle,Washington,71794,USA,47.2495,-122.23,vip,1665938,2026-04-03T16:30:00Z
1796,enterprise.buyer.1796@example.com,James,Ramos,Denver,Colorado,71795,USA,39.4411,-105.5911,new,1839655,2026-04-02T16:30:00Z
1797,enterprise.buyer.1797@example.com,Evelyn,Foster,Raleigh,North Carolina,71796,USA,35.5081,-78.3007,standard,1291757,2026-04-01T16:30:00Z
1798,enterprise.buyer.1798@example.com,Benjamin,Morris,Miami,Florida,71797,USA,26.2428,-80.4112,preferred,321722,2026-03-31T16:30:00Z
1799,enterprise.buyer.1799@example.com,Luna,Wright,New York,New York,71798,USA,41.0599,-74.4616,vip,703952,2026-03-30T16:30:00Z
1800,enterprise.buyer.1800@example.com,Henry,Reed,Los Angeles,California,71799,USA,33.9948,-118.1632,new,1876945,2026-03-29T16:30:00Z
1801,enterprise.buyer.1801@example.com,Ava,Chen,San Jose,California,71800,USA,36.8202,-121.4212,standard,382329,2026-04-15T16:30:00Z
1802,enterprise.buyer.1802@example.com,Noah,Singh,Phoenix,Arizona,71801,USA,33.6202,-112.6593,preferred,351195,2026-04-14T16:30:00Z
1803,enterprise.buyer.1803@example.com,Mia,Price,Dallas,Texas,71802,USA,32.4266,-97.3055,vip,1926937,2026-04-13T16:30:00Z
1804,enterprise.buyer.1804@example.com,Ethan,Patel,Chicago,Illinois,71803,USA,41.6266,-87.044,new,1784519,2026-04-12T16:30:00Z
1805,enterprise.buyer.1805@example.com,Sophia,Nelson,Boston,Massachusetts,71804,USA,42.3035,-70.6186,standard,987577,2026-04-11T16:30:00Z
1806,enterprise.buyer.1806@example.com,Liam,Carter,Atlanta,Georgia,71805,USA,33.3612,-83.9921,preferred,221223,2026-04-10T16:30:00Z
1807,enterprise.buyer.1807@example.com,Olivia,Rivera,Seattle,Washington,71806,USA,47.0759,-122.4732,vip,1338241,2026-04-09T16:30:00Z
1808,enterprise.buyer.1808@example.com,Lucas,Garcia,Denver,Colorado,71807,USA,40.1746,-105.6442,new,1796682,2026-04-08T16:30:00Z
1809,enterprise.buyer.1809@example.com,Emma,Nguyen,Raleigh,North Carolina,71808,USA,35.4927,-79.1306,standard,1406077,2026-04-07T16:30:00Z
1810,enterprise.buyer.1810@example.com,Mason,Kim,Miami,Florida,71809,USA,25.9719,-80.2155,preferred,811940,2026-04-06T16:30:00Z
1811,enterprise.buyer.1811@example.com,Isabella,Park,New York,New York,71810,USA,40.3497,-74.3351,vip,840230,2026-04-05T16:30:00Z
1812,enterprise.buyer.1812@example.com,Logan,Scott,Los Angeles,California,71811,USA,33.4201,-118.8645,new,1063001,2026-04-04T16:30:00Z
1813,enterprise.buyer.1813@example.com,Amelia,Morgan,San Jose,California,71812,USA,36.9335,-121.595,standard,1935167,2026-04-03T16:30:00Z
1814,enterprise.buyer.1814@example.com,Elijah,Brooks,Phoenix,Arizona,71813,USA,33.2048,-112.4399,preferred,707710,2026-04-02T16:30:00Z
1815,enterprise.buyer.1815@example.com,Harper,Gray,Dallas,Texas,71814,USA,33.1943,-96.4745,vip,1709494,2026-04-01T16:30:00Z
1816,enterprise.buyer.1816@example.com,James,Ramos,Chicago,Illinois,71815,USA,41.4229,-87.7483,new,1148115,2026-03-31T16:30:00Z
1817,enterprise.buyer.1817@example.com,Evelyn,Foster,Boston,Massachusetts,71816,USA,42.7755,-70.6619,standard,1468492,2026-03-30T16:30:00Z
1818,enterprise.buyer.1818@example.com,Benjamin,Morris,Atlanta,Georgia,71817,USA,33.6867,-84.8002,preferred,596824,2026-03-29T16:30:00Z
1819,enterprise.buyer.1819@example.com,Luna,Wright,Seattle,Washington,71818,USA,47.0033,-122.1619,vip,1081544,2026-04-15T16:30:00Z
1820,enterprise.buyer.1820@example.com,Henry,Reed,Denver,Colorado,71819,USA,39.8607,-104.8187,new,1090743,2026-04-14T16:30:00Z
1821,enterprise.buyer.1821@example.com,Ava,Chen,Raleigh,North Carolina,71820,USA,35.9534,-78.0701,standard,463584,2026-04-13T16:30:00Z
1822,enterprise.buyer.1822@example.com,Noah,Singh,Miami,Florida,71821,USA,26.1097,-79.637,preferred,603150,2026-04-12T16:30:00Z
1823,enterprise.buyer.1823@example.com,Mia,Price,New York,New York,71822,USA,40.1445,-74.0154,vip,760028,2026-04-11T16:30:00Z
1824,enterprise.buyer.1824@example.com,Ethan,Patel,Los Angeles,California,71823,USA,33.5832,-117.6785,new,1263920,2026-04-10T16:30:00Z
1825,enterprise.buyer.1825@example.com,Sophia,Nelson,San Jose,California,71824,USA,37.5986,-122.2599,standard,1472179,2026-04-09T16:30:00Z
1826,enterprise.buyer.1826@example.com,Liam,Carter,Phoenix,Arizona,71825,USA,33.4308,-112.1969,preferred,1053608,2026-04-08T16:30:00Z
1827,enterprise.buyer.1827@example.com,Olivia,Rivera,Dallas,Texas,71826,USA,32.5315,-97.064,vip,1113537,2026-04-07T16:30:00Z
1828,enterprise.buyer.1828@example.com,Lucas,Garcia,Chicago,Illinois,71827,USA,41.8843,-87.7859,new,1450727,2026-04-06T16:30:00Z
1829,enterprise.buyer.1829@example.com,Emma,Nguyen,Boston,Massachusetts,71828,USA,42.6965,-71.2996,standard,1806395,2026-04-05T16:30:00Z
1830,enterprise.buyer.1830@example.com,Mason,Kim,Atlanta,Georgia,71829,USA,34.4465,-84.1503,preferred,1566195,2026-04-04T16:30:00Z
1831,enterprise.buyer.1831@example.com,Isabella,Park,Seattle,Washington,71830,USA,48.2732,-123.0099,vip,1722418,2026-04-03T16:30:00Z
1832,enterprise.buyer.1832@example.com,Logan,Scott,Denver,Colorado,71831,USA,40.0453,-105.0664,new,1007191,2026-04-02T16:30:00Z
1833,enterprise.buyer.1833@example.com,Amelia,Morgan,Raleigh,North Carolina,71832,USA,35.9727,-78.7333,standard,191295,2026-04-01T16:30:00Z
1834,enterprise.buyer.1834@example.com,Elijah,Brooks,Miami,Florida,71833,USA,26.111,-80.8762,preferred,249759,2026-03-31T16:30:00Z
1835,enterprise.buyer.1835@example.com,Harper,Gray,New York,New York,71834,USA,40.3391,-74.296,vip,707424,2026-03-30T16:30:00Z
1836,enterprise.buyer.1836@example.com,James,Ramos,Los Angeles,California,71835,USA,33.5217,-118.745,new,880107,2026-03-29T16:30:00Z
1837,enterprise.buyer.1837@example.com,Evelyn,Foster,San Jose,California,71836,USA,37.2887,-121.4831,standard,1867633,2026-04-15T16:30:00Z
1838,enterprise.buyer.1838@example.com,Benjamin,Morris,Phoenix,Arizona,71837,USA,33.894,-112.0051,preferred,695663,2026-04-14T16:30:00Z
1839,enterprise.buyer.1839@example.com,Luna,Wright,Dallas,Texas,71838,USA,33.2679,-97.0124,vip,662111,2026-04-13T16:30:00Z
1840,enterprise.buyer.1840@example.com,Henry,Reed,Chicago,Illinois,71839,USA,41.7841,-86.9409,new,1001474,2026-04-12T16:30:00Z
1841,enterprise.buyer.1841@example.com,Ava,Chen,Boston,Massachusetts,71840,USA,42.2454,-71.3955,standard,1746029,2026-04-11T16:30:00Z
1842,enterprise.buyer.1842@example.com,Noah,Singh,Atlanta,Georgia,71841,USA,33.5075,-84.4132,preferred,339394,2026-04-10T16:30:00Z
1843,enterprise.buyer.1843@example.com,Mia,Price,Seattle,Washington,71842,USA,47.2719,-122.7234,vip,191395,2026-04-09T16:30:00Z
1844,enterprise.buyer.1844@example.com,Ethan,Patel,Denver,Colorado,71843,USA,39.1474,-104.7782,new,1836150,2026-04-08T16:30:00Z
1845,enterprise.buyer.1845@example.com,Sophia,Nelson,Raleigh,North Carolina,71844,USA,35.6124,-79.3213,standard,1122801,2026-04-07T16:30:00Z
1846,enterprise.buyer.1846@example.com,Liam,Carter,Miami,Florida,71845,USA,25.479,-80.1826,preferred,627207,2026-04-06T16:30:00Z
1847,enterprise.buyer.1847@example.com,Olivia,Rivera,New York,New York,71846,USA,40.9249,-73.8372,vip,358928,2026-04-05T16:30:00Z
1848,enterprise.buyer.1848@example.com,Lucas,Garcia,Los Angeles,California,71847,USA,34.5791,-118.4948,new,1186210,2026-04-04T16:30:00Z
1849,enterprise.buyer.1849@example.com,Emma,Nguyen,San Jose,California,71848,USA,37.5477,-121.306,standard,673753,2026-04-03T16:30:00Z
1850,enterprise.buyer.1850@example.com,Mason,Kim,Phoenix,Arizona,71849,USA,33.6733,-112.5015,preferred,1467584,2026-04-02T16:30:00Z
1851,enterprise.buyer.1851@example.com,Isabella,Park,Dallas,Texas,71850,USA,33.0641,-96.7855,vip,342940,2026-04-01T16:30:00Z
1852,enterprise.buyer.1852@example.com,Logan,Scott,Chicago,Illinois,71851,USA,41.2904,-88.3222,new,647779,2026-03-31T16:30:00Z
1853,enterprise.buyer.1853@example.com,Amelia,Morgan,Boston,Massachusetts,71852,USA,41.9284,-71.6689,standard,845323,2026-03-30T16:30:00Z
1854,enterprise.buyer.1854@example.com,Elijah,Brooks,Atlanta,Georgia,71853,USA,33.8492,-83.9774,preferred,1393481,2026-03-29T16:30:00Z
1855,enterprise.buyer.1855@example.com,Harper,Gray,Seattle,Washington,71854,USA,47.1543,-122.7765,vip,209058,2026-04-15T16:30:00Z
1856,enterprise.buyer.1856@example.com,James,Ramos,Denver,Colorado,71855,USA,40.2091,-104.7751,new,1473552,2026-04-14T16:30:00Z
1857,enterprise.buyer.1857@example.com,Evelyn,Foster,Raleigh,North Carolina,71856,USA,35.1409,-78.3182,standard,1354485,2026-04-13T16:30:00Z
1858,enterprise.buyer.1858@example.com,Benjamin,Morris,Miami,Florida,71857,USA,25.4993,-80.5842,preferred,1652550,2026-04-12T16:30:00Z
1859,enterprise.buyer.1859@example.com,Luna,Wright,New York,New York,71858,USA,40.196,-74.2979,vip,362037,2026-04-11T16:30:00Z
1860,enterprise.buyer.1860@example.com,Henry,Reed,Los Angeles,California,71859,USA,34.1489,-117.7801,new,1240674,2026-04-10T16:30:00Z
1861,enterprise.buyer.1861@example.com,Ava,Chen,San Jose,California,71860,USA,37.2519,-122.1279,standard,1229674,2026-04-09T16:30:00Z
1862,enterprise.buyer.1862@example.com,Noah,Singh,Phoenix,Arizona,71861,USA,32.9341,-111.6851,preferred,1774741,2026-04-08T16:30:00Z
1863,enterprise.buyer.1863@example.com,Mia,Price,Dallas,Texas,71862,USA,32.5842,-97.0081,vip,1356790,2026-04-07T16:30:00Z
1864,enterprise.buyer.1864@example.com,Ethan,Patel,Chicago,Illinois,71863,USA,41.3396,-88.0501,new,1721215,2026-04-06T16:30:00Z
1865,enterprise.buyer.1865@example.com,Sophia,Nelson,Boston,Massachusetts,71864,USA,42.5052,-71.2556,standard,1464924,2026-04-05T16:30:00Z
1866,enterprise.buyer.1866@example.com,Liam,Carter,Atlanta,Georgia,71865,USA,34.3569,-83.8508,preferred,1957518,2026-04-04T16:30:00Z
1867,enterprise.buyer.1867@example.com,Olivia,Rivera,Seattle,Washington,71866,USA,48.2749,-122.0154,vip,304029,2026-04-03T16:30:00Z
1868,enterprise.buyer.1868@example.com,Lucas,Garcia,Denver,Colorado,71867,USA,39.6005,-104.9051,new,1018285,2026-04-02T16:30:00Z
1869,enterprise.buyer.1869@example.com,Emma,Nguyen,Raleigh,North Carolina,71868,USA,36.0248,-78.8207,standard,534823,2026-04-01T16:30:00Z
1870,enterprise.buyer.1870@example.com,Mason,Kim,Miami,Florida,71869,USA,25.6228,-79.6801,preferred,270497,2026-03-31T16:30:00Z
1871,enterprise.buyer.1871@example.com,Isabella,Park,New York,New York,71870,USA,41.3392,-73.8713,vip,1091325,2026-03-30T16:30:00Z
1872,enterprise.buyer.1872@example.com,Logan,Scott,Los Angeles,California,71871,USA,34.4209,-118.1615,new,1450277,2026-03-29T16:30:00Z
1873,enterprise.buyer.1873@example.com,Amelia,Morgan,San Jose,California,71872,USA,37.4449,-122.1259,standard,1131716,2026-04-15T16:30:00Z
1874,enterprise.buyer.1874@example.com,Elijah,Brooks,Phoenix,Arizona,71873,USA,33.3675,-112.065,preferred,1799064,2026-04-14T16:30:00Z
1875,enterprise.buyer.1875@example.com,Harper,Gray,Dallas,Texas,71874,USA,32.1982,-97.3768,vip,1484724,2026-04-13T16:30:00Z
1876,enterprise.buyer.1876@example.com,James,Ramos,Chicago,Illinois,71875,USA,41.9289,-88.2853,new,202715,2026-04-12T16:30:00Z
1877,enterprise.buyer.1877@example.com,Evelyn,Foster,Boston,Massachusetts,71876,USA,42.2314,-71.5368,standard,1119468,2026-04-11T16:30:00Z
1878,enterprise.buyer.1878@example.com,Benjamin,Morris,Atlanta,Georgia,71877,USA,34.4255,-84.5856,preferred,1003573,2026-04-10T16:30:00Z
1879,enterprise.buyer.1879@example.com,Luna,Wright,Seattle,Washington,71878,USA,47.7435,-122.2229,vip,1435612,2026-04-09T16:30:00Z
1880,enterprise.buyer.1880@example.com,Henry,Reed,Denver,Colorado,71879,USA,39.241,-104.4787,new,1451363,2026-04-08T16:30:00Z
1881,enterprise.buyer.1881@example.com,Ava,Chen,Raleigh,North Carolina,71880,USA,35.876,-78.2498,standard,1053260,2026-04-07T16:30:00Z
1882,enterprise.buyer.1882@example.com,Noah,Singh,Miami,Florida,71881,USA,25.9239,-80.6988,preferred,1777955,2026-04-06T16:30:00Z
1883,enterprise.buyer.1883@example.com,Mia,Price,New York,New York,71882,USA,41.3837,-73.5481,vip,474389,2026-04-05T16:30:00Z
1884,enterprise.buyer.1884@example.com,Ethan,Patel,Los Angeles,California,71883,USA,33.7079,-118.3163,new,688570,2026-04-04T16:30:00Z
1885,enterprise.buyer.1885@example.com,Sophia,Nelson,San Jose,California,71884,USA,36.7311,-122.0892,standard,1930302,2026-04-03T16:30:00Z
1886,enterprise.buyer.1886@example.com,Liam,Carter,Phoenix,Arizona,71885,USA,33.1399,-112.5377,preferred,1454219,2026-04-02T16:30:00Z
1887,enterprise.buyer.1887@example.com,Olivia,Rivera,Dallas,Texas,71886,USA,33.4695,-96.1737,vip,1208674,2026-04-01T16:30:00Z
1888,enterprise.buyer.1888@example.com,Lucas,Garcia,Chicago,Illinois,71887,USA,42.1647,-87.7008,new,664495,2026-03-31T16:30:00Z
1889,enterprise.buyer.1889@example.com,Emma,Nguyen,Boston,Massachusetts,71888,USA,42.3739,-71.1547,standard,1623762,2026-03-30T16:30:00Z
1890,enterprise.buyer.1890@example.com,Mason,Kim,Atlanta,Georgia,71889,USA,34.0138,-83.9566,preferred,718449,2026-03-29T16:30:00Z
1891,enterprise.buyer.1891@example.com,Isabella,Park,Seattle,Washington,71890,USA,47.9522,-121.7847,vip,869521,2026-04-15T16:30:00Z
1892,enterprise.buyer.1892@example.com,Logan,Scott,Denver,Colorado,71891,USA,39.986,-105.5573,new,1604980,2026-04-14T16:30:00Z
1893,enterprise.buyer.1893@example.com,Amelia,Morgan,Raleigh,North Carolina,71892,USA,35.8714,-78.7287,standard,350553,2026-04-13T16:30:00Z
1894,enterprise.buyer.1894@example.com,Elijah,Brooks,Miami,Florida,71893,USA,25.4881,-80.6149,preferred,1845125,2026-04-12T16:30:00Z
1895,enterprise.buyer.1895@example.com,Harper,Gray,New York,New York,71894,USA,41.2372,-73.9639,vip,1269125,2026-04-11T16:30:00Z
1896,enterprise.buyer.1896@example.com,James,Ramos,Los Angeles,California,71895,USA,33.9294,-118.0368,new,1747620,2026-04-10T16:30:00Z
1897,enterprise.buyer.1897@example.com,Evelyn,Foster,San Jose,California,71896,USA,36.9846,-121.7077,standard,1174301,2026-04-09T16:30:00Z
1898,enterprise.buyer.1898@example.com,Benjamin,Morris,Phoenix,Arizona,71897,USA,33.7779,-112.0896,preferred,1055930,2026-04-08T16:30:00Z
1899,enterprise.buyer.1899@example.com,Luna,Wright,Dallas,Texas,71898,USA,32.6478,-96.4764,vip,994569,2026-04-07T16:30:00Z
1900,enterprise.buyer.1900@example.com,Henry,Reed,Chicago,Illinois,71899,USA,42.3439,-87.3747,new,992740,2026-04-06T16:30:00Z
1901,enterprise.buyer.1901@example.com,Ava,Chen,Boston,Massachusetts,71900,USA,42.8839,-70.6607,standard,1096015,2026-04-05T16:30:00Z
1902,enterprise.buyer.1902@example.com,Noah,Singh,Atlanta,Georgia,71901,USA,33.6702,-83.7143,preferred,1811623,2026-04-04T16:30:00Z
1903,enterprise.buyer.1903@example.com,Mia,Price,Seattle,Washington,71902,USA,47.6485,-121.7899,vip,844291,2026-04-03T16:30:00Z
1904,enterprise.buyer.1904@example.com,Ethan,Patel,Denver,Colorado,71903,USA,40.3532,-104.4851,new,1509530,2026-04-02T16:30:00Z
1905,enterprise.buyer.1905@example.com,Sophia,Nelson,Raleigh,North Carolina,71904,USA,36.0245,-78.1027,standard,996574,2026-04-01T16:30:00Z
1906,enterprise.buyer.1906@example.com,Liam,Carter,Miami,Florida,71905,USA,25.8053,-79.5165,preferred,1559735,2026-03-31T16:30:00Z
1907,enterprise.buyer.1907@example.com,Olivia,Rivera,New York,New York,71906,USA,40.4544,-74.639,vip,908065,2026-03-30T16:30:00Z
1908,enterprise.buyer.1908@example.com,Lucas,Garcia,Los Angeles,California,71907,USA,33.9493,-118.7654,new,720475,2026-03-29T16:30:00Z
1909,enterprise.buyer.1909@example.com,Emma,Nguyen,San Jose,California,71908,USA,37.733,-122.4924,standard,1747626,2026-04-15T16:30:00Z
1910,enterprise.buyer.1910@example.com,Mason,Kim,Phoenix,Arizona,71909,USA,33.0655,-112.5485,preferred,1474764,2026-04-14T16:30:00Z
1911,enterprise.buyer.1911@example.com,Isabella,Park,Dallas,Texas,71910,USA,32.3286,-96.1507,vip,1095711,2026-04-13T16:30:00Z
1912,enterprise.buyer.1912@example.com,Logan,Scott,Chicago,Illinois,71911,USA,42.3947,-88.1704,new,1475037,2026-04-12T16:30:00Z
1913,enterprise.buyer.1913@example.com,Amelia,Morgan,Boston,Massachusetts,71912,USA,42.3015,-71.5233,standard,1936788,2026-04-11T16:30:00Z
1914,enterprise.buyer.1914@example.com,Elijah,Brooks,Atlanta,Georgia,71913,USA,34.4308,-83.9203,preferred,1309960,2026-04-10T16:30:00Z
1915,enterprise.buyer.1915@example.com,Harper,Gray,Seattle,Washington,71914,USA,48.0035,-122.1413,vip,1921415,2026-04-09T16:30:00Z
1916,enterprise.buyer.1916@example.com,James,Ramos,Denver,Colorado,71915,USA,40.2209,-104.2994,new,1895983,2026-04-08T16:30:00Z
1917,enterprise.buyer.1917@example.com,Evelyn,Foster,Raleigh,North Carolina,71916,USA,36.0418,-78.3006,standard,1733461,2026-04-07T16:30:00Z
1918,enterprise.buyer.1918@example.com,Benjamin,Morris,Miami,Florida,71917,USA,26.3555,-79.6777,preferred,558285,2026-04-06T16:30:00Z
1919,enterprise.buyer.1919@example.com,Luna,Wright,New York,New York,71918,USA,40.4318,-74.4438,vip,1265335,2026-04-05T16:30:00Z
1920,enterprise.buyer.1920@example.com,Henry,Reed,Los Angeles,California,71919,USA,34.4009,-118.5217,new,1227458,2026-04-04T16:30:00Z
1921,enterprise.buyer.1921@example.com,Ava,Chen,San Jose,California,71920,USA,37.8359,-121.2603,standard,1186859,2026-04-03T16:30:00Z
1922,enterprise.buyer.1922@example.com,Noah,Singh,Phoenix,Arizona,71921,USA,33.036,-112.6962,preferred,953962,2026-04-02T16:30:00Z
1923,enterprise.buyer.1923@example.com,Mia,Price,Dallas,Texas,71922,USA,33.2839,-96.6505,vip,1856479,2026-04-01T16:30:00Z
1924,enterprise.buyer.1924@example.com,Ethan,Patel,Chicago,Illinois,71923,USA,41.5527,-88.3222,new,916885,2026-03-31T16:30:00Z
1925,enterprise.buyer.1925@example.com,Sophia,Nelson,Boston,Massachusetts,71924,USA,42.455,-71.7391,standard,579496,2026-03-30T16:30:00Z
1926,enterprise.buyer.1926@example.com,Liam,Carter,Atlanta,Georgia,71925,USA,33.6462,-83.9062,preferred,1148905,2026-03-29T16:30:00Z
1927,enterprise.buyer.1927@example.com,Olivia,Rivera,Seattle,Washington,71926,USA,47.1027,-121.9689,vip,1672767,2026-04-15T16:30:00Z
1928,enterprise.buyer.1928@example.com,Lucas,Garcia,Denver,Colorado,71927,USA,39.5891,-105.2635,new,505202,2026-04-14T16:30:00Z
1929,enterprise.buyer.1929@example.com,Emma,Nguyen,Raleigh,North Carolina,71928,USA,35.2234,-78.0818,standard,1167382,2026-04-13T16:30:00Z
1930,enterprise.buyer.1930@example.com,Mason,Kim,Miami,Florida,71929,USA,26.3112,-80.6292,preferred,715557,2026-04-12T16:30:00Z
1931,enterprise.buyer.1931@example.com,Isabella,Park,New York,New York,71930,USA,40.7761,-74.3952,vip,1234523,2026-04-11T16:30:00Z
1932,enterprise.buyer.1932@example.com,Logan,Scott,Los Angeles,California,71931,USA,34.5137,-118.6804,new,1068736,2026-04-10T16:30:00Z
1933,enterprise.buyer.1933@example.com,Amelia,Morgan,San Jose,California,71932,USA,37.7941,-121.5683,standard,400603,2026-04-09T16:30:00Z
1934,enterprise.buyer.1934@example.com,Elijah,Brooks,Phoenix,Arizona,71933,USA,33.9528,-112.6369,preferred,597892,2026-04-08T16:30:00Z
1935,enterprise.buyer.1935@example.com,Harper,Gray,Dallas,Texas,71934,USA,33.4616,-96.1566,vip,901897,2026-04-07T16:30:00Z
1936,enterprise.buyer.1936@example.com,James,Ramos,Chicago,Illinois,71935,USA,42.4258,-87.6155,new,553752,2026-04-06T16:30:00Z
1937,enterprise.buyer.1937@example.com,Evelyn,Foster,Boston,Massachusetts,71936,USA,41.8036,-71.7257,standard,305562,2026-04-05T16:30:00Z
1938,enterprise.buyer.1938@example.com,Benjamin,Morris,Atlanta,Georgia,71937,USA,33.7013,-83.9526,preferred,351148,2026-04-04T16:30:00Z
1939,enterprise.buyer.1939@example.com,Luna,Wright,Seattle,Washington,71938,USA,48.0165,-122.2401,vip,1783318,2026-04-03T16:30:00Z
1940,enterprise.buyer.1940@example.com,Henry,Reed,Denver,Colorado,71939,USA,39.0562,-105.534,new,197726,2026-04-02T16:30:00Z
1941,enterprise.buyer.1941@example.com,Ava,Chen,Raleigh,North Carolina,71940,USA,35.5132,-79.0019,standard,1796617,2026-04-01T16:30:00Z
1942,enterprise.buyer.1942@example.com,Noah,Singh,Miami,Florida,71941,USA,25.2528,-80.4758,preferred,1968090,2026-03-31T16:30:00Z
1943,enterprise.buyer.1943@example.com,Mia,Price,New York,New York,71942,USA,40.6399,-74.1997,vip,1140656,2026-03-30T16:30:00Z
1944,enterprise.buyer.1944@example.com,Ethan,Patel,Los Angeles,California,71943,USA,33.7249,-118.6356,new,1635471,2026-03-29T16:30:00Z
1945,enterprise.buyer.1945@example.com,Sophia,Nelson,San Jose,California,71944,USA,36.9985,-121.7543,standard,854467,2026-04-15T16:30:00Z
1946,enterprise.buyer.1946@example.com,Liam,Carter,Phoenix,Arizona,71945,USA,33.715,-111.5416,preferred,681980,2026-04-14T16:30:00Z
1947,enterprise.buyer.1947@example.com,Olivia,Rivera,Dallas,Texas,71946,USA,33.0764,-96.1414,vip,706547,2026-04-13T16:30:00Z
1948,enterprise.buyer.1948@example.com,Lucas,Garcia,Chicago,Illinois,71947,USA,41.8467,-87.5371,new,1326715,2026-04-12T16:30:00Z
1949,enterprise.buyer.1949@example.com,Emma,Nguyen,Boston,Massachusetts,71948,USA,43.0396,-71.4388,standard,1851635,2026-04-11T16:30:00Z
1950,enterprise.buyer.1950@example.com,Mason,Kim,Atlanta,Georgia,71949,USA,34.0824,-84.2381,preferred,223722,2026-04-10T16:30:00Z
1951,enterprise.buyer.1951@example.com,Isabella,Park,Seattle,Washington,71950,USA,46.9952,-122.8133,vip,1657246,2026-04-09T16:30:00Z
1952,enterprise.buyer.1952@example.com,Logan,Scott,Denver,Colorado,71951,USA,39.1527,-105.5265,new,1142348,2026-04-08T16:30:00Z
1953,enterprise.buyer.1953@example.com,Amelia,Morgan,Raleigh,North Carolina,71952,USA,35.369,-78.7628,standard,169474,2026-04-07T16:30:00Z
1954,enterprise.buyer.1954@example.com,Elijah,Brooks,Miami,Florida,71953,USA,25.5601,-80.084,preferred,1815855,2026-04-06T16:30:00Z
1955,enterprise.buyer.1955@example.com,Harper,Gray,New York,New York,71954,USA,40.6093,-74.4182,vip,1035798,2026-04-05T16:30:00Z
1956,enterprise.buyer.1956@example.com,James,Ramos,Los Angeles,California,71955,USA,33.6213,-118.8179,new,731712,2026-04-04T16:30:00Z
1957,enterprise.buyer.1957@example.com,Evelyn,Foster,San Jose,California,71956,USA,36.9476,-121.9958,standard,1275444,2026-04-03T16:30:00Z
1958,enterprise.buyer.1958@example.com,Benjamin,Morris,Phoenix,Arizona,71957,USA,33.837,-112.7224,preferred,821453,2026-04-02T16:30:00Z
1959,enterprise.buyer.1959@example.com,Luna,Wright,Dallas,Texas,71958,USA,32.4604,-97.4274,vip,890923,2026-04-01T16:30:00Z
1960,enterprise.buyer.1960@example.com,Henry,Reed,Chicago,Illinois,71959,USA,41.5622,-87.5042,new,1455006,2026-03-31T16:30:00Z
1961,enterprise.buyer.1961@example.com,Ava,Chen,Boston,Massachusetts,71960,USA,41.9102,-70.5214,standard,481175,2026-03-30T16:30:00Z
1962,enterprise.buyer.1962@example.com,Noah,Singh,Atlanta,Georgia,71961,USA,34.1452,-84.0594,preferred,1034093,2026-03-29T16:30:00Z
1963,enterprise.buyer.1963@example.com,Mia,Price,Seattle,Washington,71962,USA,48.0282,-122.1721,vip,607805,2026-04-15T16:30:00Z
1964,enterprise.buyer.1964@example.com,Ethan,Patel,Denver,Colorado,71963,USA,39.4697,-105.0263,new,240160,2026-04-14T16:30:00Z
1965,enterprise.buyer.1965@example.com,Sophia,Nelson,Raleigh,North Carolina,71964,USA,36.3471,-78.9294,standard,675323,2026-04-13T16:30:00Z
1966,enterprise.buyer.1966@example.com,Liam,Carter,Miami,Florida,71965,USA,26.4127,-79.7891,preferred,993423,2026-04-12T16:30:00Z
1967,enterprise.buyer.1967@example.com,Olivia,Rivera,New York,New York,71966,USA,40.7046,-73.7828,vip,972886,2026-04-11T16:30:00Z
1968,enterprise.buyer.1968@example.com,Lucas,Garcia,Los Angeles,California,71967,USA,33.473,-117.5873,new,1566847,2026-04-10T16:30:00Z
1969,enterprise.buyer.1969@example.com,Emma,Nguyen,San Jose,California,71968,USA,37.2015,-121.5513,standard,549218,2026-04-09T16:30:00Z
1970,enterprise.buyer.1970@example.com,Mason,Kim,Phoenix,Arizona,71969,USA,32.8281,-112.6006,preferred,1459606,2026-04-08T16:30:00Z
1971,enterprise.buyer.1971@example.com,Isabella,Park,Dallas,Texas,71970,USA,32.5961,-96.1722,vip,1231479,2026-04-07T16:30:00Z
1972,enterprise.buyer.1972@example.com,Logan,Scott,Chicago,Illinois,71971,USA,41.68,-86.9572,new,379978,2026-04-06T16:30:00Z
1973,enterprise.buyer.1973@example.com,Amelia,Morgan,Boston,Massachusetts,71972,USA,42.3459,-70.6293,standard,338153,2026-04-05T16:30:00Z
1974,enterprise.buyer.1974@example.com,Elijah,Brooks,Atlanta,Georgia,71973,USA,34.4265,-84.1231,preferred,691218,2026-04-04T16:30:00Z
1975,enterprise.buyer.1975@example.com,Harper,Gray,Seattle,Washington,71974,USA,47.1364,-121.9159,vip,604690,2026-04-03T16:30:00Z
1976,enterprise.buyer.1976@example.com,James,Ramos,Denver,Colorado,71975,USA,40.0958,-105.3563,new,1935644,2026-04-02T16:30:00Z
1977,enterprise.buyer.1977@example.com,Evelyn,Foster,Raleigh,North Carolina,71976,USA,35.3108,-78.8495,standard,1129820,2026-04-01T16:30:00Z
1978,enterprise.buyer.1978@example.com,Benjamin,Morris,Miami,Florida,71977,USA,26.2976,-80.8829,preferred,277485,2026-03-31T16:30:00Z
1979,enterprise.buyer.1979@example.com,Luna,Wright,New York,New York,71978,USA,40.4513,-73.5275,vip,318076,2026-03-30T16:30:00Z
1980,enterprise.buyer.1980@example.com,Henry,Reed,Los Angeles,California,71979,USA,33.4216,-117.7794,new,1060448,2026-03-29T16:30:00Z
1981,enterprise.buyer.1981@example.com,Ava,Chen,San Jose,California,71980,USA,37.9645,-122.3196,standard,1602733,2026-04-15T16:30:00Z
1982,enterprise.buyer.1982@example.com,Noah,Singh,Phoenix,Arizona,71981,USA,33.271,-112.5628,preferred,838379,2026-04-14T16:30:00Z
1983,enterprise.buyer.1983@example.com,Mia,Price,Dallas,Texas,71982,USA,32.2625,-96.3318,vip,1856928,2026-04-13T16:30:00Z
1984,enterprise.buyer.1984@example.com,Ethan,Patel,Chicago,Illinois,71983,USA,41.1899,-88.0344,new,1759873,2026-04-12T16:30:00Z
1985,enterprise.buyer.1985@example.com,Sophia,Nelson,Boston,Massachusetts,71984,USA,42.04,-70.5903,standard,655605,2026-04-11T16:30:00Z
1986,enterprise.buyer.1986@example.com,Liam,Carter,Atlanta,Georgia,71985,USA,33.3369,-85.0638,preferred,846769,2026-04-10T16:30:00Z
1987,enterprise.buyer.1987@example.com,Olivia,Rivera,Seattle,Washington,71986,USA,47.2377,-122.4352,vip,1020133,2026-04-09T16:30:00Z
1988,enterprise.buyer.1988@example.com,Lucas,Garcia,Denver,Colorado,71987,USA,39.3404,-104.5177,new,922112,2026-04-08T16:30:00Z
1989,enterprise.buyer.1989@example.com,Emma,Nguyen,Raleigh,North Carolina,71988,USA,36.2658,-77.9627,standard,733398,2026-04-07T16:30:00Z
1990,enterprise.buyer.1990@example.com,Mason,Kim,Miami,Florida,71989,USA,25.3823,-79.5829,preferred,1108533,2026-04-06T16:30:00Z
1991,enterprise.buyer.1991@example.com,Isabella,Park,New York,New York,71990,USA,40.9684,-74.3831,vip,1173096,2026-04-05T16:30:00Z
1992,enterprise.buyer.1992@example.com,Logan,Scott,Los Angeles,California,71991,USA,33.8503,-117.5901,new,378511,2026-04-04T16:30:00Z
1993,enterprise.buyer.1993@example.com,Amelia,Morgan,San Jose,California,71992,USA,37.5785,-121.7899,standard,1662903,2026-04-03T16:30:00Z
1994,enterprise.buyer.1994@example.com,Elijah,Brooks,Phoenix,Arizona,71993,USA,33.5929,-112.3067,preferred,1495475,2026-04-02T16:30:00Z
1995,enterprise.buyer.1995@example.com,Harper,Gray,Dallas,Texas,71994,USA,32.776,-96.3303,vip,463711,2026-04-01T16:30:00Z
1996,enterprise.buyer.1996@example.com,James,Ramos,Chicago,Illinois,71995,USA,42.3517,-87.5131,new,1009518,2026-03-31T16:30:00Z
1997,enterprise.buyer.1997@example.com,Evelyn,Foster,Boston,Massachusetts,71996,USA,42.5892,-71.4597,standard,1121464,2026-03-30T16:30:00Z
1998,enterprise.buyer.1998@example.com,Benjamin,Morris,Atlanta,Georgia,71997,USA,33.1882,-84.2931,preferred,1196935,2026-03-29T16:30:00Z
1999,enterprise.buyer.1999@example.com,Luna,Wright,Seattle,Washington,71998,USA,46.9708,-121.8316,vip,232619,2026-04-15T16:30:00Z
2000,enterprise.buyer.2000@example.com,Henry,Reed,Denver,Colorado,71999,USA,39.9,-105.1343,new,1703513,2026-04-14T16:30:00Z
