order_id,customer_id,order_status,order_total,shipping_cost,fulfillment_center_id,shipping_lat,shipping_lon,estimated_delivery,actual_delivery,social_source_id,demand_score,created_at,updated_at
1,1,confirmed,18895,0,1,37.13,-121.7686,2026-05-06,,1,38.85,2026-05-05T16:30:00Z,2026-05-05T16:30:00Z
2,20,processing,27220,7.99,6,39.5224,-104.5264,2026-05-07,,12,64.05,2026-05-05T16:25:00Z,2026-05-05T16:30:00Z
3,39,shipped,93450,14.99,11,32.2051,-96.5264,2026-05-08,,23,93.31,2026-05-05T16:20:00Z,2026-05-05T16:30:00Z
4,58,delivered,39940,24.99,4,26.0586,-79.5607,2026-05-09,2026-05-05,34,57.38,2026-05-05T16:15:00Z,2026-05-05T16:30:00Z
5,77,pending,19548,0,9,42.7388,-71.6215,2026-05-10,,45,65.95,2026-05-05T16:10:00Z,2026-05-05T16:30:00Z
6,96,confirmed,68250,7.99,2,33.5114,-117.6368,2026-05-11,,56,57.37,2026-05-05T16:05:00Z,2026-05-05T16:30:00Z
7,115,processing,35140,14.99,7,47.3736,-122.5011,2026-05-12,,67,42.37,2026-05-05T16:00:00Z,2026-05-05T16:30:00Z
8,134,cancelled,29220,24.99,12,33.9548,-111.8975,2026-05-06,,78,43.79,2026-05-05T15:55:00Z,2026-05-05T16:30:00Z
9,153,confirmed,6760,0,5,36.0122,-79.0811,2026-05-07,,89,36.32,2026-05-05T15:50:00Z,2026-05-05T16:30:00Z
10,172,processing,39540,7.99,10,42.1462,-87.8902,2026-05-08,,100,96.34,2026-05-05T15:45:00Z,2026-05-05T16:30:00Z
11,191,shipped,30170,14.99,3,40.6437,-74.3877,2026-05-09,,111,49.5,2026-05-05T15:40:00Z,2026-05-05T16:30:00Z
12,210,delivered,36100,24.99,8,33.6444,-83.7781,2026-05-10,2026-05-05,122,55.58,2026-05-05T15:35:00Z,2026-05-05T16:30:00Z
13,229,pending,33250,0,,36.6937,-121.391,2026-05-11,,133,39.46,2026-05-05T15:30:00Z,2026-05-05T16:30:00Z
14,248,confirmed,25580,7.99,6,39.3612,-105.6737,2026-05-12,,144,41.02,2026-05-05T15:25:00Z,2026-05-05T16:30:00Z
15,267,processing,33500,14.99,11,32.4044,-96.3846,2026-05-06,,155,72.27,2026-05-05T15:20:00Z,2026-05-05T16:30:00Z
16,286,cancelled,25220,24.99,4,26.2239,-80.2107,2026-05-07,,166,74.96,2026-05-05T15:15:00Z,2026-05-05T16:30:00Z
17,305,confirmed,78500,0,9,42.5813,-70.7529,2026-05-08,,177,68.59,2026-05-05T15:10:00Z,2026-05-05T16:30:00Z
18,324,processing,12842,7.99,2,34.0901,-118.3328,2026-05-09,,188,88.12,2026-05-05T15:05:00Z,2026-05-05T16:30:00Z
19,343,shipped,62460,14.99,7,47.0862,-122.8454,2026-05-10,,199,82.8,2026-05-05T15:00:00Z,2026-05-05T16:30:00Z
20,362,delivered,37760,24.99,12,33.4456,-112.7321,2026-05-11,2026-05-05,210,65.15,2026-05-05T14:55:00Z,2026-05-05T16:30:00Z
21,381,pending,34790,0,5,36.3908,-78.079,2026-05-12,,221,83,2026-05-05T14:50:00Z,2026-05-05T16:30:00Z
22,400,confirmed,67000,7.99,10,42.4203,-87.7543,2026-05-06,,232,94.92,2026-05-05T14:45:00Z,2026-05-05T16:30:00Z
23,419,processing,24900,14.99,3,40.1214,-74.0248,2026-05-07,,243,96.86,2026-05-05T14:40:00Z,2026-05-05T16:30:00Z
24,438,cancelled,24600,24.99,8,34.2254,-84.5206,2026-05-08,,254,78.1,2026-05-05T14:35:00Z,2026-05-05T16:30:00Z
25,457,confirmed,31400,0,1,37.7145,-122.4198,2026-05-09,,265,68.82,2026-05-05T14:30:00Z,2026-05-05T16:30:00Z
26,476,processing,21210,7.99,6,39.6928,-104.6573,2026-05-10,,276,74.35,2026-05-05T14:25:00Z,2026-05-05T16:30:00Z
27,495,shipped,34010,14.99,11,33.0129,-96.3017,2026-05-11,,287,62.24,2026-05-05T14:20:00Z,2026-05-05T16:30:00Z
28,514,delivered,10360,24.99,4,26.067,-80.154,2026-05-12,2026-05-05,298,73.28,2026-05-05T14:15:00Z,2026-05-05T16:30:00Z
29,533,pending,7620,0,9,42.1475,-70.9614,2026-05-06,,309,79.41,2026-05-05T14:10:00Z,2026-05-05T16:30:00Z
30,552,confirmed,46000,7.99,2,34.6815,-118.4308,2026-05-07,,320,49.92,2026-05-05T14:05:00Z,2026-05-05T16:30:00Z
31,571,processing,28900,14.99,7,46.9383,-122.9666,2026-05-08,,331,56.81,2026-05-05T14:00:00Z,2026-05-05T16:30:00Z
32,590,cancelled,50520,24.99,12,32.9658,-112.3511,2026-05-09,,342,72.38,2026-05-05T13:55:00Z,2026-05-05T16:30:00Z
33,609,confirmed,27400,0,5,35.9114,-79.0388,2026-05-10,,353,46.19,2026-05-05T13:50:00Z,2026-05-05T16:30:00Z
34,628,processing,49460,7.99,10,41.496,-87.7025,2026-05-11,,364,92.14,2026-05-05T13:45:00Z,2026-05-05T16:30:00Z
35,647,shipped,61700,14.99,3,41.1357,-74.2705,2026-05-12,,375,70.78,2026-05-05T13:40:00Z,2026-05-05T16:30:00Z
36,666,delivered,98300,24.99,8,33.1039,-83.8651,2026-05-06,2026-05-05,386,38.99,2026-05-05T13:35:00Z,2026-05-05T16:30:00Z
37,685,pending,15970,0,,37.8022,-121.7664,2026-05-07,,397,61.19,2026-05-05T13:30:00Z,2026-05-05T16:30:00Z
38,704,confirmed,36730,7.99,6,39.9461,-104.4608,2026-05-08,,408,53.14,2026-05-05T13:25:00Z,2026-05-05T16:30:00Z
39,723,processing,55080,14.99,11,33.1556,-96.5825,2026-05-09,,419,83.7,2026-05-05T13:20:00Z,2026-05-05T16:30:00Z
40,742,cancelled,49640,24.99,4,25.0627,-80.5857,2026-05-10,,430,79.85,2026-05-05T13:15:00Z,2026-05-05T16:30:00Z
41,761,confirmed,25020,0,9,41.9519,-71.3827,2026-05-11,,441,62.37,2026-05-05T13:10:00Z,2026-05-05T16:30:00Z
42,780,processing,12605,7.99,2,33.9744,-118.8806,2026-05-12,,452,75.71,2026-05-05T13:05:00Z,2026-05-05T16:30:00Z
43,799,shipped,43100,14.99,7,47.0658,-122.3154,2026-05-06,,463,64.46,2026-05-05T13:00:00Z,2026-05-05T16:30:00Z
44,818,delivered,49200,24.99,12,33.762,-112.4638,2026-05-07,2026-05-05,474,40.12,2026-05-05T12:55:00Z,2026-05-05T16:30:00Z
45,837,pending,27770,0,5,35.7967,-78.3278,2026-05-08,,485,37.95,2026-05-05T12:50:00Z,2026-05-05T16:30:00Z
46,856,confirmed,32044,7.99,10,42.3866,-88.2663,2026-05-09,,496,42.47,2026-05-05T12:45:00Z,2026-05-05T16:30:00Z
47,875,processing,33550,14.99,3,41.1189,-73.8327,2026-05-10,,507,44.16,2026-05-05T12:40:00Z,2026-05-05T16:30:00Z
48,894,cancelled,29480,24.99,8,33.3043,-84.5,2026-05-11,,518,80.74,2026-05-05T12:35:00Z,2026-05-05T16:30:00Z
49,913,confirmed,80400,0,1,37.3987,-122.0616,2026-05-12,,529,38.06,2026-05-05T12:30:00Z,2026-05-05T16:30:00Z
50,932,processing,31700,7.99,6,40.358,-104.8214,2026-05-06,,540,50.68,2026-05-05T12:25:00Z,2026-05-05T16:30:00Z
51,951,shipped,19850,14.99,11,32.9683,-97.4688,2026-05-07,,551,77.83,2026-05-05T12:20:00Z,2026-05-05T16:30:00Z
52,970,delivered,48400,24.99,4,25.5005,-80.0753,2026-05-08,2026-05-05,562,62.69,2026-05-05T12:15:00Z,2026-05-05T16:30:00Z
53,989,pending,46700,0,9,42.402,-70.4391,2026-05-09,,573,89.85,2026-05-05T12:10:00Z,2026-05-05T16:30:00Z
54,1008,confirmed,36750,7.99,2,33.9274,-118.8374,2026-05-10,,584,66.61,2026-05-05T12:05:00Z,2026-05-05T16:30:00Z
55,1027,processing,29400,14.99,7,48.2845,-122.2415,2026-05-11,,595,97.27,2026-05-05T12:00:00Z,2026-05-05T16:30:00Z
56,1046,cancelled,10540,24.99,12,32.9241,-111.5006,2026-05-12,,606,63.64,2026-05-05T11:55:00Z,2026-05-05T16:30:00Z
57,1065,confirmed,39010,0,5,35.76,-79.3264,2026-05-06,,617,79.6,2026-05-05T11:50:00Z,2026-05-05T16:30:00Z
58,1084,processing,26720,7.99,10,41.8507,-87.173,2026-05-07,,628,94.29,2026-05-05T11:45:00Z,2026-05-05T16:30:00Z
59,1103,shipped,49750,14.99,3,41.0864,-73.9855,2026-05-08,,639,69.74,2026-05-05T11:40:00Z,2026-05-05T16:30:00Z
60,1122,delivered,60000,24.99,8,33.7231,-84.2082,2026-05-09,2026-05-05,650,88.24,2026-05-05T11:35:00Z,2026-05-05T16:30:00Z
61,1141,pending,18895,0,,37.7264,-122.3918,2026-05-10,,661,43.8,2026-05-05T11:30:00Z,2026-05-05T16:30:00Z
62,1160,confirmed,27220,7.99,6,39.299,-104.5265,2026-05-11,,672,65,2026-05-05T11:25:00Z,2026-05-05T16:30:00Z
63,1179,processing,93450,14.99,11,32.8955,-96.6374,2026-05-12,,683,45.89,2026-05-05T11:20:00Z,2026-05-05T16:30:00Z
64,1198,cancelled,39940,24.99,4,25.4822,-79.9449,2026-05-06,,694,69.89,2026-05-05T11:15:00Z,2026-05-05T16:30:00Z
65,1217,confirmed,19548,0,9,42.6515,-71.7376,2026-05-07,,705,37.7,2026-05-05T11:10:00Z,2026-05-05T16:30:00Z
66,1236,processing,68250,7.99,2,34.2924,-118.2237,2026-05-08,,716,79.67,2026-05-05T11:05:00Z,2026-05-05T16:30:00Z
67,1255,shipped,35140,14.99,7,47.0702,-122.1003,2026-05-09,,727,71.69,2026-05-05T11:00:00Z,2026-05-05T16:30:00Z
68,1274,delivered,29220,24.99,12,32.8192,-112.2716,2026-05-10,2026-05-05,738,96.18,2026-05-05T10:55:00Z,2026-05-05T16:30:00Z
69,1293,pending,6760,0,5,35.7314,-78.2632,2026-05-11,,749,85.26,2026-05-05T10:50:00Z,2026-05-05T16:30:00Z
70,1312,confirmed,39540,7.99,10,42.2325,-87.0961,2026-05-12,,760,77.64,2026-05-05T10:45:00Z,2026-05-05T16:30:00Z
71,1331,processing,30170,14.99,3,40.6,-74.4793,2026-05-06,,771,94.77,2026-05-05T10:40:00Z,2026-05-05T16:30:00Z
72,1350,cancelled,36100,24.99,8,34.3516,-85.0171,2026-05-07,,782,66.37,2026-05-05T10:35:00Z,2026-05-05T16:30:00Z
73,1369,confirmed,33250,0,1,37.1744,-122.3985,2026-05-08,,793,55.78,2026-05-05T10:30:00Z,2026-05-05T16:30:00Z
74,1388,processing,25580,7.99,6,40.369,-105.1192,2026-05-09,,804,78.31,2026-05-05T10:25:00Z,2026-05-05T16:30:00Z
75,1407,shipped,33500,14.99,11,32.1947,-96.6037,2026-05-10,,815,67.29,2026-05-05T10:20:00Z,2026-05-05T16:30:00Z
76,1426,delivered,25220,24.99,4,26.173,-79.8981,2026-05-11,2026-05-05,826,48.85,2026-05-05T10:15:00Z,2026-05-05T16:30:00Z
77,1445,pending,78500,0,9,41.7939,-71.3998,2026-05-12,,837,78.65,2026-05-05T10:10:00Z,2026-05-05T16:30:00Z
78,1464,confirmed,12842,7.99,2,33.6442,-118.8325,2026-05-06,,848,95.93,2026-05-05T10:05:00Z,2026-05-05T16:30:00Z
79,1483,processing,62460,14.99,7,47.6605,-122.3377,2026-05-07,,859,57.21,2026-05-05T10:00:00Z,2026-05-05T16:30:00Z
80,1502,cancelled,37760,24.99,12,33.3674,-112.0871,2026-05-08,,870,56.64,2026-05-05T09:55:00Z,2026-05-05T16:30:00Z
81,1521,confirmed,34790,0,5,35.7207,-79.217,2026-05-09,,881,61.07,2026-05-05T09:50:00Z,2026-05-05T16:30:00Z
82,1540,processing,67000,7.99,10,41.3353,-87.9502,2026-05-10,,892,40.25,2026-05-05T09:45:00Z,2026-05-05T16:30:00Z
83,1559,shipped,24900,14.99,3,40.0773,-73.474,2026-05-11,,903,92.2,2026-05-05T09:40:00Z,2026-05-05T16:30:00Z
84,1578,delivered,24600,24.99,8,33.6551,-84.7247,2026-05-12,2026-05-05,914,97.94,2026-05-05T09:35:00Z,2026-05-05T16:30:00Z
85,1597,pending,31400,0,,37.9726,-122.0632,2026-05-06,,925,75.91,2026-05-05T09:30:00Z,2026-05-05T16:30:00Z
86,1616,confirmed,21210,7.99,6,39.3549,-104.6195,2026-05-07,,936,54.49,2026-05-05T09:25:00Z,2026-05-05T16:30:00Z
87,1635,processing,34010,14.99,11,33.4102,-97.1947,2026-05-08,,947,82.52,2026-05-05T09:20:00Z,2026-05-05T16:30:00Z
88,1654,cancelled,10360,24.99,4,26.3826,-80.666,2026-05-09,,958,62.34,2026-05-05T09:15:00Z,2026-05-05T16:30:00Z
89,1673,confirmed,7620,0,9,42.8777,-70.8644,2026-05-10,,969,97.89,2026-05-05T09:10:00Z,2026-05-05T16:30:00Z
90,1692,processing,46000,7.99,2,34.202,-118.054,2026-05-11,,980,88.12,2026-05-05T09:05:00Z,2026-05-05T16:30:00Z
91,1711,shipped,28900,14.99,7,47.2576,-122.0437,2026-05-12,,991,48.14,2026-05-05T09:00:00Z,2026-05-05T16:30:00Z
92,1730,delivered,50520,24.99,12,33.2477,-112.5841,2026-05-06,2026-05-05,1002,83.22,2026-05-05T08:55:00Z,2026-05-05T16:30:00Z
93,1749,pending,27400,0,5,35.1418,-79.0597,2026-05-07,,1013,76.94,2026-05-05T08:50:00Z,2026-05-05T16:30:00Z
94,1768,confirmed,49460,7.99,10,41.9316,-87.7552,2026-05-08,,1024,88.96,2026-05-05T08:45:00Z,2026-05-05T16:30:00Z
95,1787,processing,61700,14.99,3,40.7488,-74.1347,2026-05-09,,1035,91.48,2026-05-05T08:40:00Z,2026-05-05T16:30:00Z
96,1806,cancelled,98300,24.99,8,33.3612,-83.9921,2026-05-10,,1046,56.45,2026-05-05T08:35:00Z,2026-05-05T16:30:00Z
97,1825,confirmed,15970,0,1,37.5986,-122.2599,2026-05-11,,1057,54.8,2026-05-05T08:30:00Z,2026-05-05T16:30:00Z
98,1844,processing,36730,7.99,6,39.1474,-104.7782,2026-05-12,,1068,75.47,2026-05-05T08:25:00Z,2026-05-05T16:30:00Z
99,1863,shipped,55080,14.99,11,32.5842,-97.0081,2026-05-06,,1079,86.65,2026-05-05T08:20:00Z,2026-05-05T16:30:00Z
100,1882,delivered,49640,24.99,4,25.9239,-80.6988,2026-05-07,2026-05-05,1090,38.17,2026-05-05T08:15:00Z,2026-05-05T16:30:00Z
101,1901,pending,25020,0,9,42.8839,-70.6607,2026-05-08,,1101,77.88,2026-05-05T08:10:00Z,2026-05-05T16:30:00Z
102,1920,confirmed,12605,7.99,2,34.4009,-118.5217,2026-05-09,,1112,37.65,2026-05-05T08:05:00Z,2026-05-05T16:30:00Z
103,1939,processing,43100,14.99,7,48.0165,-122.2401,2026-05-10,,1123,82.8,2026-05-05T08:00:00Z,2026-05-05T16:30:00Z
104,1958,cancelled,49200,24.99,12,33.837,-112.7224,2026-05-11,,1134,38.74,2026-05-05T07:55:00Z,2026-05-05T16:30:00Z
105,1977,confirmed,27770,0,5,35.3108,-78.8495,2026-05-12,,1145,72.74,2026-05-05T07:50:00Z,2026-05-05T16:30:00Z
106,1996,processing,32044,7.99,10,42.3517,-87.5131,2026-05-06,,1156,94.83,2026-05-05T07:45:00Z,2026-05-05T16:30:00Z
107,15,shipped,33550,14.99,3,32.962,-96.1894,2026-05-07,,1167,40.59,2026-05-05T07:40:00Z,2026-05-05T16:30:00Z
108,34,delivered,29480,24.99,8,25.6074,-80.4177,2026-05-08,2026-05-05,1178,37.6,2026-05-05T07:35:00Z,2026-05-05T16:30:00Z
109,53,pending,80400,0,,42.8428,-70.8971,2026-05-09,,1189,65.28,2026-05-05T07:30:00Z,2026-05-05T16:30:00Z
110,72,confirmed,31700,7.99,6,33.4696,-118.1206,2026-05-10,,1200,69.46,2026-05-05T07:25:00Z,2026-05-05T16:30:00Z
111,91,processing,19850,14.99,11,48.0726,-122.5442,2026-05-11,,1211,82.13,2026-05-05T07:20:00Z,2026-05-05T16:30:00Z
112,110,cancelled,48400,24.99,4,33.3621,-111.7295,2026-05-12,,1222,61.16,2026-05-05T07:15:00Z,2026-05-05T16:30:00Z
113,129,confirmed,46700,0,9,35.2565,-78.719,2026-05-06,,1233,40.85,2026-05-05T07:10:00Z,2026-05-05T16:30:00Z
114,148,processing,36750,7.99,2,42.1776,-87.0549,2026-05-07,,1244,44.15,2026-05-05T07:05:00Z,2026-05-05T16:30:00Z
115,167,shipped,29400,14.99,7,40.459,-74.2236,2026-05-08,,1255,59.01,2026-05-05T07:00:00Z,2026-05-05T16:30:00Z
116,186,delivered,10540,24.99,12,33.3543,-84.1196,2026-05-09,2026-05-05,1266,83.03,2026-05-05T06:55:00Z,2026-05-05T16:30:00Z
117,205,pending,39010,0,5,37.8325,-121.9156,2026-05-10,,1277,89.3,2026-05-05T06:50:00Z,2026-05-05T16:30:00Z
118,224,confirmed,26720,7.99,10,39.8506,-104.8246,2026-05-11,,1288,49.01,2026-05-05T06:45:00Z,2026-05-05T16:30:00Z
119,243,processing,49750,14.99,3,33.1706,-97.0219,2026-05-12,,1299,77.69,2026-05-05T06:40:00Z,2026-05-05T16:30:00Z
120,262,cancelled,60000,24.99,8,25.125,-79.5577,2026-05-06,,1310,37.73,2026-05-05T06:35:00Z,2026-05-05T16:30:00Z
121,281,confirmed,18895,0,1,43.0016,-71.3675,2026-05-07,,1321,41.96,2026-05-05T06:30:00Z,2026-05-05T16:30:00Z
122,300,processing,27220,7.99,6,34.3989,-118.1162,2026-05-08,,1332,81.48,2026-05-05T06:25:00Z,2026-05-05T16:30:00Z
123,319,shipped,93450,14.99,11,47.8128,-121.738,2026-05-09,,1343,39.07,2026-05-05T06:20:00Z,2026-05-05T16:30:00Z
124,338,delivered,39940,24.99,4,32.9812,-111.375,2026-05-10,2026-05-05,1354,67,2026-05-05T06:15:00Z,2026-05-05T16:30:00Z
125,357,pending,19548,0,9,35.1826,-78.8927,2026-05-11,,1365,64.89,2026-05-05T06:10:00Z,2026-05-05T16:30:00Z
126,376,confirmed,68250,7.99,2,42.0804,-87.4529,2026-05-12,,1376,70.15,2026-05-05T06:05:00Z,2026-05-05T16:30:00Z
127,395,processing,35140,14.99,7,41.2221,-74.6531,2026-05-06,,1387,78.49,2026-05-05T06:00:00Z,2026-05-05T16:30:00Z
128,414,cancelled,29220,24.99,12,33.895,-84.2193,2026-05-07,,1398,52.26,2026-05-05T05:55:00Z,2026-05-05T16:30:00Z
129,433,confirmed,6760,0,5,36.9004,-121.872,2026-05-08,,1409,82.17,2026-05-05T05:50:00Z,2026-05-05T16:30:00Z
130,452,processing,39540,7.99,10,39.8788,-104.3534,2026-05-09,,1420,90.29,2026-05-05T05:45:00Z,2026-05-05T16:30:00Z
131,471,shipped,30170,14.99,3,33.0402,-96.9384,2026-05-10,,1431,52.25,2026-05-05T05:40:00Z,2026-05-05T16:30:00Z
132,490,delivered,36100,24.99,8,25.9594,-79.6357,2026-05-11,2026-05-05,1442,75.39,2026-05-05T05:35:00Z,2026-05-05T16:30:00Z
133,509,pending,33250,0,,42.593,-70.6847,2026-05-12,,1453,88.53,2026-05-05T05:30:00Z,2026-05-05T16:30:00Z
134,528,confirmed,25580,7.99,6,34.4337,-118.7062,2026-05-06,,1464,90.87,2026-05-05T05:25:00Z,2026-05-05T16:30:00Z
135,547,processing,33500,14.99,11,47.3466,-122.7008,2026-05-07,,1475,35.54,2026-05-05T05:20:00Z,2026-05-05T16:30:00Z
136,566,cancelled,25220,24.99,4,33.7055,-111.8283,2026-05-08,,1486,96.66,2026-05-05T05:15:00Z,2026-05-05T16:30:00Z
137,585,confirmed,78500,0,9,35.6722,-78.7635,2026-05-09,,1497,55.33,2026-05-05T05:10:00Z,2026-05-05T16:30:00Z
138,604,processing,12842,7.99,2,41.7929,-87.4128,2026-05-10,,1508,76.86,2026-05-05T05:05:00Z,2026-05-05T16:30:00Z
139,623,shipped,62460,14.99,7,40.8709,-74.6631,2026-05-11,,1519,45.85,2026-05-05T05:00:00Z,2026-05-05T16:30:00Z
140,642,delivered,37760,24.99,12,33.0929,-84.4852,2026-05-12,2026-05-05,1530,94.28,2026-05-05T04:55:00Z,2026-05-05T16:30:00Z
141,661,pending,34790,0,5,37.6104,-122.0058,2026-05-06,,1541,72.94,2026-05-05T04:50:00Z,2026-05-05T16:30:00Z
142,680,confirmed,67000,7.99,10,39.8147,-104.3667,2026-05-07,,1552,86.96,2026-05-05T04:45:00Z,2026-05-05T16:30:00Z
143,699,processing,24900,14.99,3,32.4644,-97.3756,2026-05-08,,1563,50.87,2026-05-05T04:40:00Z,2026-05-05T16:30:00Z
144,718,cancelled,24600,24.99,8,25.6381,-80.6194,2026-05-09,,1574,87.77,2026-05-05T04:35:00Z,2026-05-05T16:30:00Z
145,737,confirmed,31400,0,1,41.9457,-70.6809,2026-05-10,,1585,81.86,2026-05-05T04:30:00Z,2026-05-05T16:30:00Z
146,756,processing,21210,7.99,6,33.8908,-117.731,2026-05-11,,1596,50.5,2026-05-05T04:25:00Z,2026-05-05T16:30:00Z
147,775,shipped,34010,14.99,11,47.0736,-121.9995,2026-05-12,,1607,60.69,2026-05-05T04:20:00Z,2026-05-05T16:30:00Z
148,794,delivered,10360,24.99,4,33.2513,-112.3258,2026-05-06,2026-05-05,1618,42.72,2026-05-05T04:15:00Z,2026-05-05T16:30:00Z
149,813,pending,7620,0,9,35.9547,-77.9979,2026-05-07,,1629,51.4,2026-05-05T04:10:00Z,2026-05-05T16:30:00Z
150,832,confirmed,46000,7.99,2,41.75,-87.8438,2026-05-08,,1640,90.28,2026-05-05T04:05:00Z,2026-05-05T16:30:00Z
151,851,processing,28900,14.99,7,40.3694,-73.8452,2026-05-09,,1651,45.28,2026-05-05T04:00:00Z,2026-05-05T16:30:00Z
152,870,cancelled,50520,24.99,12,34.0351,-84.3822,2026-05-10,,1662,60.34,2026-05-05T03:55:00Z,2026-05-05T16:30:00Z
153,889,confirmed,27400,0,5,37.6333,-122.2819,2026-05-11,,1673,38.87,2026-05-05T03:50:00Z,2026-05-05T16:30:00Z
154,908,processing,49460,7.99,10,39.8018,-104.4036,2026-05-12,,1684,50.57,2026-05-05T03:45:00Z,2026-05-05T16:30:00Z
155,927,shipped,61700,14.99,3,33.0609,-97.3883,2026-05-06,,1695,67.79,2026-05-05T03:40:00Z,2026-05-05T16:30:00Z
156,946,delivered,98300,24.99,8,25.431,-80.7638,2026-05-07,2026-05-05,1706,60.27,2026-05-05T03:35:00Z,2026-05-05T16:30:00Z
157,965,pending,15970,0,,42.9447,-70.4821,2026-05-08,,1717,40.24,2026-05-05T03:30:00Z,2026-05-05T16:30:00Z
158,984,confirmed,36730,7.99,6,33.9346,-117.805,2026-05-09,,1728,97.9,2026-05-05T03:25:00Z,2026-05-05T16:30:00Z
159,1003,processing,55080,14.99,11,47.4319,-122.3632,2026-05-10,,1739,89.41,2026-05-05T03:20:00Z,2026-05-05T16:30:00Z
160,1022,cancelled,49640,24.99,4,33.7315,-111.913,2026-05-11,,1750,75,2026-05-05T03:15:00Z,2026-05-05T16:30:00Z
161,1041,confirmed,25020,0,9,36.1655,-78.4491,2026-05-12,,1761,57.66,2026-05-05T03:10:00Z,2026-05-05T16:30:00Z
162,1060,processing,12605,7.99,2,41.3951,-87.996,2026-05-06,,1772,57.01,2026-05-05T03:05:00Z,2026-05-05T16:30:00Z
163,1079,shipped,43100,14.99,7,41.2928,-73.6604,2026-05-07,,1783,61.57,2026-05-05T03:00:00Z,2026-05-05T16:30:00Z
164,1098,delivered,49200,24.99,12,33.0801,-83.9934,2026-05-08,2026-05-05,1794,62.52,2026-05-05T02:55:00Z,2026-05-05T16:30:00Z
165,1117,pending,27770,0,5,37.622,-122.2692,2026-05-09,,1805,80.61,2026-05-05T02:50:00Z,2026-05-05T16:30:00Z
166,1136,confirmed,32044,7.99,10,39.9149,-105.208,2026-05-10,,1816,39.46,2026-05-05T02:45:00Z,2026-05-05T16:30:00Z
167,1155,processing,33550,14.99,3,33.2396,-96.8929,2026-05-11,,1827,72.81,2026-05-05T02:40:00Z,2026-05-05T16:30:00Z
168,1174,cancelled,29480,24.99,8,25.556,-80.2165,2026-05-12,,1838,79.94,2026-05-05T02:35:00Z,2026-05-05T16:30:00Z
169,1193,confirmed,80400,0,1,42.5186,-71.6424,2026-05-06,,1849,88.09,2026-05-05T02:30:00Z,2026-05-05T16:30:00Z
170,1212,processing,31700,7.99,6,33.9997,-118.5118,2026-05-07,,1860,49.1,2026-05-05T02:25:00Z,2026-05-05T16:30:00Z
171,1231,shipped,19850,14.99,11,46.9758,-122.6795,2026-05-08,,1871,88.75,2026-05-05T02:20:00Z,2026-05-05T16:30:00Z
172,1250,delivered,48400,24.99,4,33.3332,-112.4523,2026-05-09,2026-05-05,1882,48.08,2026-05-05T02:15:00Z,2026-05-05T16:30:00Z
173,1269,pending,46700,0,9,35.5896,-78.88,2026-05-10,,1893,59.78,2026-05-05T02:10:00Z,2026-05-05T16:30:00Z
174,1288,confirmed,36750,7.99,2,41.4021,-87.4926,2026-05-11,,1904,90.85,2026-05-05T02:05:00Z,2026-05-05T16:30:00Z
175,1307,processing,29400,14.99,7,41.1959,-74.4332,2026-05-12,,1915,94.58,2026-05-05T02:00:00Z,2026-05-05T16:30:00Z
176,1326,cancelled,10540,24.99,12,34.3732,-84.5543,2026-05-06,,1926,90.76,2026-05-05T01:55:00Z,2026-05-05T16:30:00Z
177,1345,confirmed,39010,0,5,37.8486,-122.5418,2026-05-07,,1937,59.63,2026-05-05T01:50:00Z,2026-05-05T16:30:00Z
178,1364,processing,26720,7.99,10,39.8608,-105.6836,2026-05-08,,1948,97.53,2026-05-05T01:45:00Z,2026-05-05T16:30:00Z
179,1383,shipped,49750,14.99,3,32.822,-96.133,2026-05-09,,1959,74.92,2026-05-05T01:40:00Z,2026-05-05T16:30:00Z
180,1402,delivered,60000,24.99,8,25.1149,-80.8205,2026-05-10,2026-05-05,1970,69.82,2026-05-05T01:35:00Z,2026-05-05T16:30:00Z
181,1421,pending,18895,0,,41.8712,-70.5432,2026-05-11,,1981,48.19,2026-05-05T01:30:00Z,2026-05-05T16:30:00Z
182,1440,confirmed,27220,7.99,6,34.6871,-118.7307,2026-05-12,,1992,79.84,2026-05-05T01:25:00Z,2026-05-05T16:30:00Z
183,1459,processing,93450,14.99,11,47.1104,-122.2947,2026-05-06,,2003,95.09,2026-05-05T01:20:00Z,2026-05-05T16:30:00Z
184,1478,cancelled,39940,24.99,4,33.319,-111.4777,2026-05-07,,2014,45.35,2026-05-05T01:15:00Z,2026-05-05T16:30:00Z
185,1497,confirmed,19548,0,9,36.0211,-79.3287,2026-05-08,,2025,47.48,2026-05-05T01:10:00Z,2026-05-05T16:30:00Z
186,1516,processing,68250,7.99,2,42.3576,-88.1674,2026-05-09,,2036,96.21,2026-05-05T01:05:00Z,2026-05-05T16:30:00Z
187,1535,shipped,35140,14.99,7,41.1422,-74.4769,2026-05-10,,2047,52.47,2026-05-05T01:00:00Z,2026-05-05T16:30:00Z
188,1554,delivered,29220,24.99,12,33.1865,-84.0646,2026-05-11,2026-05-05,2058,40.78,2026-05-05T00:55:00Z,2026-05-05T16:30:00Z
189,1573,pending,6760,0,5,37.5632,-122.4774,2026-05-12,,2069,70.93,2026-05-05T00:50:00Z,2026-05-05T16:30:00Z
190,1592,confirmed,39540,7.99,10,40.3603,-104.7054,2026-05-06,,2080,47.01,2026-05-05T00:45:00Z,2026-05-05T16:30:00Z
191,1611,processing,30170,14.99,3,33.4078,-96.4622,2026-05-07,,2091,90.05,2026-05-05T00:40:00Z,2026-05-05T16:30:00Z
192,1630,cancelled,36100,24.99,8,25.2577,-80.6506,2026-05-08,,2102,58.39,2026-05-05T00:35:00Z,2026-05-05T16:30:00Z
193,1649,confirmed,33250,0,1,42.4257,-71.7583,2026-05-09,,2113,55.73,2026-05-05T00:30:00Z,2026-05-05T16:30:00Z
194,1668,processing,25580,7.99,6,33.4937,-117.6362,2026-05-10,,2124,93.33,2026-05-05T00:25:00Z,2026-05-05T16:30:00Z
195,1687,shipped,33500,14.99,11,48.0662,-122.8363,2026-05-11,,2135,61.99,2026-05-05T00:20:00Z,2026-05-05T16:30:00Z
196,1706,delivered,25220,24.99,4,33.6973,-112.3056,2026-05-12,2026-05-05,2146,59.17,2026-05-05T00:15:00Z,2026-05-05T16:30:00Z
197,1725,pending,78500,0,9,35.5271,-78.5813,2026-05-06,,2157,92.4,2026-05-05T00:10:00Z,2026-05-05T16:30:00Z
198,1744,confirmed,12842,7.99,2,41.2789,-87.6282,2026-05-07,,2168,87.59,2026-05-05T00:05:00Z,2026-05-05T16:30:00Z
199,1763,processing,62460,14.99,7,40.7944,-73.4663,2026-05-08,,2179,70.21,2026-05-05T00:00:00Z,2026-05-05T16:30:00Z
200,1782,cancelled,37760,24.99,12,34.1186,-84.0578,2026-05-09,,2190,57.88,2026-05-04T23:55:00Z,2026-05-05T16:30:00Z
201,1801,confirmed,34790,0,5,36.8202,-121.4212,2026-05-10,,2201,78.91,2026-05-04T23:50:00Z,2026-05-05T16:30:00Z
202,1820,processing,67000,7.99,10,39.8607,-104.8187,2026-05-11,,2212,62.83,2026-05-04T23:45:00Z,2026-05-05T16:30:00Z
203,1839,shipped,24900,14.99,3,33.2679,-97.0124,2026-05-12,,2223,43.24,2026-05-04T23:40:00Z,2026-05-05T16:30:00Z
204,1858,delivered,24600,24.99,8,25.4993,-80.5842,2026-05-06,2026-05-05,2234,78.08,2026-05-04T23:35:00Z,2026-05-05T16:30:00Z
205,1877,pending,31400,0,,42.2314,-71.5368,2026-05-07,,2245,83.93,2026-05-04T23:30:00Z,2026-05-05T16:30:00Z
206,1896,confirmed,21210,7.99,6,33.9294,-118.0368,2026-05-08,,2256,45.54,2026-05-04T23:25:00Z,2026-05-05T16:30:00Z
207,1915,processing,34010,14.99,11,48.0035,-122.1413,2026-05-09,,2267,41.79,2026-05-04T23:20:00Z,2026-05-05T16:30:00Z
208,1934,cancelled,10360,24.99,4,33.9528,-112.6369,2026-05-10,,2278,64.86,2026-05-04T23:15:00Z,2026-05-05T16:30:00Z
209,1953,confirmed,7620,0,9,35.369,-78.7628,2026-05-11,,2289,96.93,2026-05-04T23:10:00Z,2026-05-05T16:30:00Z
210,1972,processing,46000,7.99,2,41.68,-86.9572,2026-05-12,,2300,53.59,2026-05-04T23:05:00Z,2026-05-05T16:30:00Z
211,1991,shipped,28900,14.99,7,40.9684,-74.3831,2026-05-06,,2311,48.37,2026-05-04T23:00:00Z,2026-05-05T16:30:00Z
212,10,delivered,50520,24.99,12,26.1255,-80.1257,2026-05-07,2026-05-05,2322,78.64,2026-05-04T22:55:00Z,2026-05-05T16:30:00Z
213,29,pending,27400,0,5,43.0478,-71.0038,2026-05-08,,2333,80.65,2026-05-04T22:50:00Z,2026-05-05T16:30:00Z
214,48,confirmed,49460,7.99,10,33.6847,-117.872,2026-05-09,,2344,43.73,2026-05-04T22:45:00Z,2026-05-05T16:30:00Z
215,67,processing,61700,14.99,3,47.3091,-121.6631,2026-05-10,,2355,96.99,2026-05-04T22:40:00Z,2026-05-05T16:30:00Z
216,86,cancelled,98300,24.99,8,33.3472,-112.589,2026-05-11,,2366,87.82,2026-05-04T22:35:00Z,2026-05-05T16:30:00Z
217,105,confirmed,15970,0,1,35.9118,-78.526,2026-05-12,,2377,78.39,2026-05-04T22:30:00Z,2026-05-05T16:30:00Z
218,124,processing,36730,7.99,6,41.6375,-88.0243,2026-05-06,,2388,72.29,2026-05-04T22:25:00Z,2026-05-05T16:30:00Z
219,143,shipped,55080,14.99,11,41.0753,-74.0464,2026-05-07,,2399,49.71,2026-05-04T22:20:00Z,2026-05-05T16:30:00Z
220,162,delivered,49640,24.99,4,33.9109,-84.7818,2026-05-08,2026-05-05,2410,94.93,2026-05-04T22:15:00Z,2026-05-05T16:30:00Z
221,181,pending,25020,0,9,37.1823,-121.3762,2026-05-09,,2421,59.4,2026-05-04T22:10:00Z,2026-05-05T16:30:00Z
222,200,confirmed,12605,7.99,2,40.3082,-105.1516,2026-05-10,,2432,65.57,2026-05-04T22:05:00Z,2026-05-05T16:30:00Z
223,219,processing,43100,14.99,7,33.0921,-96.3785,2026-05-11,,2443,91.78,2026-05-04T22:00:00Z,2026-05-05T16:30:00Z
224,238,cancelled,49200,24.99,12,26.4095,-79.5462,2026-05-12,,2454,52.51,2026-05-04T21:55:00Z,2026-05-05T16:30:00Z
225,257,confirmed,27770,0,5,42.7024,-70.5763,2026-05-06,,2465,97.62,2026-05-04T21:50:00Z,2026-05-05T16:30:00Z
226,276,processing,32044,7.99,10,34.1175,-118.8168,2026-05-07,,2476,78.43,2026-05-04T21:45:00Z,2026-05-05T16:30:00Z
227,295,shipped,33550,14.99,3,48.0432,-122.307,2026-05-08,,2487,47.9,2026-05-04T21:40:00Z,2026-05-05T16:30:00Z
228,314,delivered,29480,24.99,8,33.6561,-112.474,2026-05-09,2026-05-05,2498,70.11,2026-05-04T21:35:00Z,2026-05-05T16:30:00Z
229,333,pending,80400,0,,35.3086,-78.4776,2026-05-10,,2509,58.8,2026-05-04T21:30:00Z,2026-05-05T16:30:00Z
230,352,confirmed,31700,7.99,6,42.0708,-88.1038,2026-05-11,,2520,51.96,2026-05-04T21:25:00Z,2026-05-05T16:30:00Z
231,371,processing,19850,14.99,11,40.4251,-73.3307,2026-05-12,,2531,78.09,2026-05-04T21:20:00Z,2026-05-05T16:30:00Z
232,390,cancelled,48400,24.99,4,33.7362,-83.9663,2026-05-06,,2542,73.77,2026-05-04T21:15:00Z,2026-05-05T16:30:00Z
233,409,confirmed,46700,0,9,37.429,-121.6977,2026-05-07,,2553,70.86,2026-05-04T21:10:00Z,2026-05-05T16:30:00Z
234,428,processing,36750,7.99,2,39.8928,-105.6062,2026-05-08,,2564,55.25,2026-05-04T21:05:00Z,2026-05-05T16:30:00Z
235,447,shipped,29400,14.99,7,32.185,-96.9086,2026-05-09,,2575,45.6,2026-05-04T21:00:00Z,2026-05-05T16:30:00Z
236,466,delivered,10540,24.99,12,25.0812,-80.2306,2026-05-10,2026-05-05,2586,83.38,2026-05-04T20:55:00Z,2026-05-05T16:30:00Z
237,485,pending,39010,0,5,42.775,-71.6122,2026-05-11,,2597,89.16,2026-05-04T20:50:00Z,2026-05-05T16:30:00Z
238,504,confirmed,26720,7.99,10,34.1608,-118.1074,2026-05-12,,2608,52.67,2026-05-04T20:45:00Z,2026-05-05T16:30:00Z
239,523,processing,49750,14.99,3,47.0155,-122.3154,2026-05-06,,2619,69.46,2026-05-04T20:40:00Z,2026-05-05T16:30:00Z
240,542,cancelled,60000,24.99,8,33.8516,-111.8621,2026-05-07,,2630,75.78,2026-05-04T20:35:00Z,2026-05-05T16:30:00Z
241,561,confirmed,18895,0,1,35.8991,-78.2666,2026-05-08,,2641,51.11,2026-05-04T20:30:00Z,2026-05-05T16:30:00Z
242,580,processing,27220,7.99,6,42.357,-87.503,2026-05-09,,2652,71.19,2026-05-04T20:25:00Z,2026-05-05T16:30:00Z
243,599,shipped,93450,14.99,11,40.2782,-73.9645,2026-05-10,,2663,70.52,2026-05-04T20:20:00Z,2026-05-05T16:30:00Z
244,618,delivered,39940,24.99,4,33.2754,-84.2385,2026-05-11,2026-05-05,2674,46.72,2026-05-04T20:15:00Z,2026-05-05T16:30:00Z
245,637,pending,19548,0,9,36.936,-122.533,2026-05-12,,2685,47.37,2026-05-04T20:10:00Z,2026-05-05T16:30:00Z
246,656,confirmed,68250,7.99,2,39.9592,-105.4494,2026-05-06,,2696,60.06,2026-05-04T20:05:00Z,2026-05-05T16:30:00Z
247,675,processing,35140,14.99,7,32.1108,-97.083,2026-05-07,,2707,79.46,2026-05-04T20:00:00Z,2026-05-05T16:30:00Z
248,694,cancelled,29220,24.99,12,26.207,-80.2819,2026-05-08,,2718,79.78,2026-05-04T19:55:00Z,2026-05-05T16:30:00Z
249,713,confirmed,6760,0,5,42.6172,-70.7522,2026-05-09,,2729,70.26,2026-05-04T19:50:00Z,2026-05-05T16:30:00Z
250,732,processing,39540,7.99,10,33.7029,-118.7242,2026-05-10,,2740,61.27,2026-05-04T19:45:00Z,2026-05-05T16:30:00Z
251,751,shipped,30170,14.99,3,47.2557,-122.8635,2026-05-11,,2751,68.19,2026-05-04T19:40:00Z,2026-05-05T16:30:00Z
252,770,delivered,36100,24.99,8,33.0158,-112.0384,2026-05-12,2026-05-05,2762,58.82,2026-05-04T19:35:00Z,2026-05-05T16:30:00Z
253,789,pending,33250,0,,35.4687,-78.7015,2026-05-06,,2773,85.83,2026-05-04T19:30:00Z,2026-05-05T16:30:00Z
254,808,confirmed,25580,7.99,6,41.9906,-87.7593,2026-05-07,,2784,57.45,2026-05-04T19:25:00Z,2026-05-05T16:30:00Z
255,827,processing,33500,14.99,11,40.2113,-73.6887,2026-05-08,,2795,39.92,2026-05-04T19:20:00Z,2026-05-05T16:30:00Z
256,846,cancelled,25220,24.99,4,33.2499,-83.695,2026-05-09,,2806,88.15,2026-05-04T19:15:00Z,2026-05-05T16:30:00Z
257,865,confirmed,78500,0,9,37.9375,-121.7798,2026-05-10,,2817,88.33,2026-05-04T19:10:00Z,2026-05-05T16:30:00Z
258,884,processing,12842,7.99,2,39.7264,-104.5741,2026-05-11,,2828,88.27,2026-05-04T19:05:00Z,2026-05-05T16:30:00Z
259,903,shipped,62460,14.99,7,32.5133,-97.1575,2026-05-12,,2839,56.95,2026-05-04T19:00:00Z,2026-05-05T16:30:00Z
260,922,delivered,37760,24.99,12,25.8649,-80.5087,2026-05-06,2026-05-05,2850,64.59,2026-05-04T18:55:00Z,2026-05-05T16:30:00Z
261,941,pending,34790,0,5,43.0553,-70.6062,2026-05-07,,2861,74.61,2026-05-04T18:50:00Z,2026-05-05T16:30:00Z
262,960,confirmed,67000,7.99,10,33.7955,-118.4966,2026-05-08,,2872,94.7,2026-05-04T18:45:00Z,2026-05-05T16:30:00Z
263,979,processing,24900,14.99,3,48.2714,-121.6531,2026-05-09,,2883,72.53,2026-05-04T18:40:00Z,2026-05-05T16:30:00Z
264,998,cancelled,24600,24.99,8,33.2927,-111.8307,2026-05-10,,2894,42.05,2026-05-04T18:35:00Z,2026-05-05T16:30:00Z
265,1017,confirmed,31400,0,1,35.9729,-78.477,2026-05-11,,2905,90.67,2026-05-04T18:30:00Z,2026-05-05T16:30:00Z
266,1036,processing,21210,7.99,6,42.3177,-87.2597,2026-05-12,,2916,91.67,2026-05-04T18:25:00Z,2026-05-05T16:30:00Z
267,1055,shipped,34010,14.99,11,40.2748,-74.1133,2026-05-06,,2927,75.53,2026-05-04T18:20:00Z,2026-05-05T16:30:00Z
268,1074,delivered,10360,24.99,4,34.0006,-83.7848,2026-05-07,2026-05-05,2938,78.59,2026-05-04T18:15:00Z,2026-05-05T16:30:00Z
269,1093,pending,7620,0,9,37.7633,-122.4671,2026-05-08,,2949,64.05,2026-05-04T18:10:00Z,2026-05-05T16:30:00Z
270,1112,confirmed,46000,7.99,2,39.6341,-105.1849,2026-05-09,,2960,36.41,2026-05-04T18:05:00Z,2026-05-05T16:30:00Z
271,1131,processing,28900,14.99,7,32.3721,-96.7273,2026-05-10,,2971,88.84,2026-05-04T18:00:00Z,2026-05-05T16:30:00Z
272,1150,cancelled,50520,24.99,12,25.0973,-79.8702,2026-05-11,,2982,35.45,2026-05-04T17:55:00Z,2026-05-05T16:30:00Z
273,1169,confirmed,27400,0,5,41.7877,-71.3747,2026-05-12,,2993,69.54,2026-05-04T17:50:00Z,2026-05-05T16:30:00Z
274,1188,processing,49460,7.99,10,33.4692,-117.6197,2026-05-06,,3004,77.95,2026-05-04T17:45:00Z,2026-05-05T16:30:00Z
275,1207,shipped,61700,14.99,3,48.0842,-122.1231,2026-05-07,,3015,50.53,2026-05-04T17:40:00Z,2026-05-05T16:30:00Z
276,1226,delivered,98300,24.99,8,33.8527,-111.8673,2026-05-08,2026-05-05,3026,96.43,2026-05-04T17:35:00Z,2026-05-05T16:30:00Z
277,1245,pending,15970,0,,35.1764,-78.3273,2026-05-09,,3037,55.87,2026-05-04T17:30:00Z,2026-05-05T16:30:00Z
278,1264,confirmed,36730,7.99,6,42.3365,-88.1856,2026-05-10,,3048,79.54,2026-05-04T17:25:00Z,2026-05-05T16:30:00Z
279,1283,processing,55080,14.99,11,40.0875,-73.5042,2026-05-11,,3059,82.02,2026-05-04T17:20:00Z,2026-05-05T16:30:00Z
280,1302,cancelled,49640,24.99,4,33.2427,-84.3735,2026-05-12,,3070,56.35,2026-05-04T17:15:00Z,2026-05-05T16:30:00Z
281,1321,confirmed,25020,0,9,37.1603,-121.5901,2026-05-06,,3081,36.25,2026-05-04T17:10:00Z,2026-05-05T16:30:00Z
282,1340,processing,12605,7.99,2,40.1021,-105.1188,2026-05-07,,3092,94.27,2026-05-04T17:05:00Z,2026-05-05T16:30:00Z
283,1359,shipped,43100,14.99,7,32.6971,-96.1397,2026-05-08,,3103,39.61,2026-05-04T17:00:00Z,2026-05-05T16:30:00Z
284,1378,delivered,49200,24.99,12,25.9499,-80.3555,2026-05-09,2026-05-05,3114,69,2026-05-04T16:55:00Z,2026-05-05T16:30:00Z
285,1397,pending,27770,0,5,42.5557,-71.1792,2026-05-10,,3125,94.84,2026-05-04T16:50:00Z,2026-05-05T16:30:00Z
286,1416,confirmed,32044,7.99,10,34.1744,-118.1864,2026-05-11,,3136,71.5,2026-05-04T16:45:00Z,2026-05-05T16:30:00Z
287,1435,processing,33550,14.99,3,47.4148,-122.9271,2026-05-12,,3147,45.08,2026-05-04T16:40:00Z,2026-05-05T16:30:00Z
288,1454,cancelled,29480,24.99,8,33.8253,-112.2213,2026-05-06,,3158,84.42,2026-05-04T16:35:00Z,2026-05-05T16:30:00Z
289,1473,confirmed,80400,0,1,35.3879,-78.3416,2026-05-07,,3169,55.42,2026-05-04T16:30:00Z,2026-05-05T16:30:00Z
290,1492,processing,31700,7.99,6,41.7931,-88.2811,2026-05-08,,3180,40.98,2026-05-04T16:25:00Z,2026-05-05T16:30:00Z
291,1511,shipped,19850,14.99,11,40.4656,-73.5942,2026-05-09,,3191,48.92,2026-05-04T16:20:00Z,2026-05-05T16:30:00Z
292,1530,delivered,48400,24.99,4,33.2336,-84.6527,2026-05-10,2026-05-05,3202,81.38,2026-05-04T16:15:00Z,2026-05-05T16:30:00Z
293,1549,pending,46700,0,9,37.7729,-121.6141,2026-05-11,,3213,91.69,2026-05-04T16:10:00Z,2026-05-05T16:30:00Z
294,1568,confirmed,36750,7.99,2,40.1074,-105.0535,2026-05-12,,3224,59.13,2026-05-04T16:05:00Z,2026-05-05T16:30:00Z
295,1587,processing,29400,14.99,7,33.4546,-96.362,2026-05-06,,3235,41.07,2026-05-04T16:00:00Z,2026-05-05T16:30:00Z
296,1606,cancelled,10540,24.99,12,25.5487,-79.9329,2026-05-07,,3246,46.77,2026-05-04T15:55:00Z,2026-05-05T16:30:00Z
297,1625,confirmed,39010,0,5,42.6596,-71.3962,2026-05-08,,3257,55.71,2026-05-04T15:50:00Z,2026-05-05T16:30:00Z
298,1644,processing,26720,7.99,10,34.0346,-118.6749,2026-05-09,,3268,54.73,2026-05-04T15:45:00Z,2026-05-05T16:30:00Z
299,1663,shipped,49750,14.99,3,47.688,-122.5793,2026-05-10,,3279,39.75,2026-05-04T15:40:00Z,2026-05-05T16:30:00Z
300,1682,delivered,60000,24.99,8,32.8152,-112.5343,2026-05-11,2026-05-04,3290,58.96,2026-05-04T15:35:00Z,2026-05-05T16:30:00Z
301,1701,pending,18895,0,,35.1964,-78.7508,2026-05-12,,3301,82.02,2026-05-04T15:30:00Z,2026-05-05T16:30:00Z
302,1720,confirmed,27220,7.99,6,42.1149,-87.1872,2026-05-06,,3312,59.13,2026-05-04T15:25:00Z,2026-05-05T16:30:00Z
303,1739,processing,93450,14.99,11,40.124,-74.56,2026-05-07,,3323,95.74,2026-05-04T15:20:00Z,2026-05-05T16:30:00Z
304,1758,cancelled,39940,24.99,4,33.1506,-84.1762,2026-05-08,,3334,73.56,2026-05-04T15:15:00Z,2026-05-05T16:30:00Z
305,1777,confirmed,19548,0,9,37.5923,-122.0827,2026-05-09,,3345,41.02,2026-05-04T15:10:00Z,2026-05-05T16:30:00Z
306,1796,processing,68250,7.99,2,39.4411,-105.5911,2026-05-10,,3356,81.16,2026-05-04T15:05:00Z,2026-05-05T16:30:00Z
307,1815,shipped,35140,14.99,7,33.1943,-96.4745,2026-05-11,,3367,61.44,2026-05-04T15:00:00Z,2026-05-05T16:30:00Z
308,1834,delivered,29220,24.99,12,26.111,-80.8762,2026-05-12,2026-05-04,3378,69.56,2026-05-04T14:55:00Z,2026-05-05T16:30:00Z
309,1853,pending,6760,0,5,41.9284,-71.6689,2026-05-06,,3389,39.42,2026-05-04T14:50:00Z,2026-05-05T16:30:00Z
310,1872,confirmed,39540,7.99,10,34.4209,-118.1615,2026-05-07,,3400,85.87,2026-05-04T14:45:00Z,2026-05-05T16:30:00Z
311,1891,processing,30170,14.99,3,47.9522,-121.7847,2026-05-08,,3411,59.35,2026-05-04T14:40:00Z,2026-05-05T16:30:00Z
312,1910,cancelled,36100,24.99,8,33.0655,-112.5485,2026-05-09,,3422,62.56,2026-05-04T14:35:00Z,2026-05-05T16:30:00Z
313,1929,confirmed,33250,0,1,35.2234,-78.0818,2026-05-10,,3433,67.98,2026-05-04T14:30:00Z,2026-05-05T16:30:00Z
314,1948,processing,25580,7.99,6,41.8467,-87.5371,2026-05-11,,3444,82.39,2026-05-04T14:25:00Z,2026-05-05T16:30:00Z
315,1967,shipped,33500,14.99,11,40.7046,-73.7828,2026-05-12,,3455,81.62,2026-05-04T14:20:00Z,2026-05-05T16:30:00Z
316,1986,delivered,25220,24.99,4,33.3369,-85.0638,2026-05-06,2026-05-04,3466,65.31,2026-05-04T14:15:00Z,2026-05-05T16:30:00Z
317,5,pending,78500,0,9,42.5941,-71.6909,2026-05-07,,3477,55.28,2026-05-04T14:10:00Z,2026-05-05T16:30:00Z
318,24,confirmed,12842,7.99,2,34.0447,-117.7289,2026-05-08,,3488,42.13,2026-05-04T14:05:00Z,2026-05-05T16:30:00Z
319,43,processing,62460,14.99,7,46.9866,-121.6488,2026-05-09,,3499,95.92,2026-05-04T14:00:00Z,2026-05-05T16:30:00Z
320,62,cancelled,37760,24.99,12,33.434,-112.3414,2026-05-10,,3510,91.73,2026-05-04T13:55:00Z,2026-05-05T16:30:00Z
321,81,confirmed,34790,0,5,36.0628,-78.7021,2026-05-11,,3521,86.22,2026-05-04T13:50:00Z,2026-05-05T16:30:00Z
322,100,processing,67000,7.99,10,42.4592,-87.9122,2026-05-12,,3532,97.13,2026-05-04T13:45:00Z,2026-05-05T16:30:00Z
323,119,shipped,24900,14.99,3,40.8273,-74.4913,2026-05-06,,3543,62,2026-05-04T13:40:00Z,2026-05-05T16:30:00Z
324,138,delivered,24600,24.99,8,33.9482,-84.4723,2026-05-07,2026-05-04,3554,44.66,2026-05-04T13:35:00Z,2026-05-05T16:30:00Z
325,157,pending,31400,0,,37.6202,-121.2676,2026-05-08,,3565,64.8,2026-05-04T13:30:00Z,2026-05-05T16:30:00Z
326,176,confirmed,21210,7.99,6,39.1375,-104.7106,2026-05-09,,3576,79.35,2026-05-04T13:25:00Z,2026-05-05T16:30:00Z
327,195,processing,34010,14.99,11,32.4498,-97.1806,2026-05-10,,3587,38.32,2026-05-04T13:20:00Z,2026-05-05T16:30:00Z
328,214,cancelled,10360,24.99,4,25.9086,-80.5241,2026-05-11,,3598,76.34,2026-05-04T13:15:00Z,2026-05-05T16:30:00Z
329,233,confirmed,7620,0,9,41.9026,-70.7149,2026-05-12,,3609,53.45,2026-05-04T13:10:00Z,2026-05-05T16:30:00Z
330,252,processing,46000,7.99,2,33.6383,-117.8625,2026-05-06,,3620,96.21,2026-05-04T13:05:00Z,2026-05-05T16:30:00Z
331,271,shipped,28900,14.99,7,47.9111,-123.0268,2026-05-07,,3631,93.76,2026-05-04T13:00:00Z,2026-05-05T16:30:00Z
332,290,delivered,50520,24.99,12,34.1364,-112.0422,2026-05-08,2026-05-04,3642,55.98,2026-05-04T12:55:00Z,2026-05-05T16:30:00Z
333,309,pending,27400,0,5,35.4991,-79.0518,2026-05-09,,3653,40.32,2026-05-04T12:50:00Z,2026-05-05T16:30:00Z
334,328,confirmed,49460,7.99,10,42.1712,-87.0857,2026-05-10,,3664,87.48,2026-05-04T12:45:00Z,2026-05-05T16:30:00Z
335,347,processing,61700,14.99,3,40.7357,-73.391,2026-05-11,,3675,50.73,2026-05-04T12:40:00Z,2026-05-05T16:30:00Z
336,366,cancelled,98300,24.99,8,34.2195,-84.8983,2026-05-12,,3686,59.04,2026-05-04T12:35:00Z,2026-05-05T16:30:00Z
337,385,confirmed,15970,0,1,36.8374,-121.5583,2026-05-06,,3697,89.2,2026-05-04T12:30:00Z,2026-05-05T16:30:00Z
338,404,processing,36730,7.99,6,39.8615,-104.6935,2026-05-07,,3708,95.81,2026-05-04T12:25:00Z,2026-05-05T16:30:00Z
339,423,shipped,55080,14.99,11,32.3852,-97.1601,2026-05-08,,3719,50.53,2026-05-04T12:20:00Z,2026-05-05T16:30:00Z
340,442,delivered,49640,24.99,4,25.213,-80.8093,2026-05-09,2026-05-04,3730,74.6,2026-05-04T12:15:00Z,2026-05-05T16:30:00Z
341,461,pending,25020,0,9,41.8151,-70.4177,2026-05-10,,3741,96.46,2026-05-04T12:10:00Z,2026-05-05T16:30:00Z
342,480,confirmed,12605,7.99,2,34.1418,-118.2158,2026-05-11,,3752,62.93,2026-05-04T12:05:00Z,2026-05-05T16:30:00Z
343,499,processing,43100,14.99,7,47.8127,-122.7998,2026-05-12,,3763,64.55,2026-05-04T12:00:00Z,2026-05-05T16:30:00Z
344,518,cancelled,49200,24.99,12,33.405,-112.1978,2026-05-06,,3774,89.37,2026-05-04T11:55:00Z,2026-05-05T16:30:00Z
345,537,confirmed,27770,0,5,36.3889,-78.3937,2026-05-07,,3785,53.39,2026-05-04T11:50:00Z,2026-05-05T16:30:00Z
346,556,processing,32044,7.99,10,42.3862,-87.0536,2026-05-08,,3796,60.71,2026-05-04T11:45:00Z,2026-05-05T16:30:00Z
347,575,shipped,33550,14.99,3,40.4569,-74.4131,2026-05-09,,3807,89.82,2026-05-04T11:40:00Z,2026-05-05T16:30:00Z
348,594,delivered,29480,24.99,8,33.493,-84.8826,2026-05-10,2026-05-04,3818,56.11,2026-05-04T11:35:00Z,2026-05-05T16:30:00Z
349,613,pending,80400,0,,37.9153,-122.0201,2026-05-11,,3829,92.35,2026-05-04T11:30:00Z,2026-05-05T16:30:00Z
350,632,confirmed,31700,7.99,6,39.8729,-104.6815,2026-05-12,,3840,78.42,2026-05-04T11:25:00Z,2026-05-05T16:30:00Z
351,651,processing,19850,14.99,11,32.1791,-96.4121,2026-05-06,,3851,38.87,2026-05-04T11:20:00Z,2026-05-05T16:30:00Z
352,670,cancelled,48400,24.99,4,25.0637,-79.6595,2026-05-07,,3862,65.44,2026-05-04T11:15:00Z,2026-05-05T16:30:00Z
353,689,confirmed,46700,0,9,42.7179,-71.2815,2026-05-08,,3873,80.31,2026-05-04T11:10:00Z,2026-05-05T16:30:00Z
354,708,processing,36750,7.99,2,34.2127,-117.593,2026-05-09,,3884,72.85,2026-05-04T11:05:00Z,2026-05-05T16:30:00Z
355,727,shipped,29400,14.99,7,47.0795,-122.1193,2026-05-10,,3895,91.26,2026-05-04T11:00:00Z,2026-05-05T16:30:00Z
356,746,delivered,10540,24.99,12,34.023,-111.4676,2026-05-11,2026-05-04,3906,70.99,2026-05-04T10:55:00Z,2026-05-05T16:30:00Z
357,765,pending,39010,0,5,35.2646,-79.3241,2026-05-12,,3917,65.8,2026-05-04T10:50:00Z,2026-05-05T16:30:00Z
358,784,confirmed,26720,7.99,10,41.4311,-87.2617,2026-05-06,,3928,82.25,2026-05-04T10:45:00Z,2026-05-05T16:30:00Z
359,803,processing,49750,14.99,3,40.3878,-74.1924,2026-05-07,,3939,68.99,2026-05-04T10:40:00Z,2026-05-05T16:30:00Z
360,822,cancelled,60000,24.99,8,33.6665,-84.0696,2026-05-08,,3950,67.62,2026-05-04T10:35:00Z,2026-05-05T16:30:00Z
361,841,confirmed,18895,0,1,36.963,-121.2421,2026-05-09,,3961,66.17,2026-05-04T10:30:00Z,2026-05-05T16:30:00Z
362,860,processing,27220,7.99,6,40.3082,-104.9557,2026-05-10,,3972,48.11,2026-05-04T10:25:00Z,2026-05-05T16:30:00Z
363,879,shipped,93450,14.99,11,32.7992,-96.8038,2026-05-11,,3983,37.6,2026-05-04T10:20:00Z,2026-05-05T16:30:00Z
364,898,delivered,39940,24.99,4,25.6362,-80.1779,2026-05-12,2026-05-04,3994,60.89,2026-05-04T10:15:00Z,2026-05-05T16:30:00Z
365,917,pending,19548,0,9,42.8049,-71.3904,2026-05-06,,4005,36.43,2026-05-04T10:10:00Z,2026-05-05T16:30:00Z
366,936,confirmed,68250,7.99,2,34.696,-118.7456,2026-05-07,,4016,46.87,2026-05-04T10:05:00Z,2026-05-05T16:30:00Z
367,955,processing,35140,14.99,7,47.8543,-122.4067,2026-05-08,,4027,93.9,2026-05-04T10:00:00Z,2026-05-05T16:30:00Z
368,974,cancelled,29220,24.99,12,33.8198,-111.9132,2026-05-09,,4038,58.59,2026-05-04T09:55:00Z,2026-05-05T16:30:00Z
369,993,confirmed,6760,0,5,36.2755,-78.5743,2026-05-10,,4049,87.33,2026-05-04T09:50:00Z,2026-05-05T16:30:00Z
370,1012,processing,39540,7.99,10,41.7733,-88.2909,2026-05-11,,4060,93.55,2026-05-04T09:45:00Z,2026-05-05T16:30:00Z
371,1031,shipped,30170,14.99,3,40.9921,-73.833,2026-05-12,,4071,43.37,2026-05-04T09:40:00Z,2026-05-05T16:30:00Z
372,1050,delivered,36100,24.99,8,33.7744,-84.3115,2026-05-06,2026-05-04,4082,54.61,2026-05-04T09:35:00Z,2026-05-05T16:30:00Z
373,1069,pending,33250,0,,37.82,-122.2456,2026-05-07,,4093,40.83,2026-05-04T09:30:00Z,2026-05-05T16:30:00Z
374,1088,confirmed,25580,7.99,6,39.219,-105.2459,2026-05-08,,4104,91.89,2026-05-04T09:25:00Z,2026-05-05T16:30:00Z
375,1107,processing,33500,14.99,11,33.1458,-97.0372,2026-05-09,,4115,64.18,2026-05-04T09:20:00Z,2026-05-05T16:30:00Z
376,1126,cancelled,25220,24.99,4,26.152,-79.8544,2026-05-10,,4126,88.46,2026-05-04T09:15:00Z,2026-05-05T16:30:00Z
377,1145,confirmed,78500,0,9,42.1298,-71.2265,2026-05-11,,4137,40.96,2026-05-04T09:10:00Z,2026-05-05T16:30:00Z
378,1164,processing,12842,7.99,2,33.4902,-117.8391,2026-05-12,,4148,41.95,2026-05-04T09:05:00Z,2026-05-05T16:30:00Z
379,1183,shipped,62460,14.99,7,47.3863,-122.1199,2026-05-06,,4159,53.41,2026-05-04T09:00:00Z,2026-05-05T16:30:00Z
380,1202,delivered,37760,24.99,12,33.1696,-112.4956,2026-05-07,2026-05-04,4170,67.84,2026-05-04T08:55:00Z,2026-05-05T16:30:00Z
381,1221,pending,34790,0,5,36.2809,-78.0836,2026-05-08,,4181,77.09,2026-05-04T08:50:00Z,2026-05-05T16:30:00Z
382,1240,confirmed,67000,7.99,10,41.254,-87.4253,2026-05-09,,4192,51.54,2026-05-04T08:45:00Z,2026-05-05T16:30:00Z
383,1259,processing,24900,14.99,3,40.7911,-73.8298,2026-05-10,,4203,41.77,2026-05-04T08:40:00Z,2026-05-05T16:30:00Z
384,1278,cancelled,24600,24.99,8,33.5382,-84.3688,2026-05-11,,4214,48.49,2026-05-04T08:35:00Z,2026-05-05T16:30:00Z
385,1297,confirmed,31400,0,1,36.7765,-122.016,2026-05-12,,4225,84.58,2026-05-04T08:30:00Z,2026-05-05T16:30:00Z
386,1316,processing,21210,7.99,6,39.2939,-105.453,2026-05-06,,4236,53.46,2026-05-04T08:25:00Z,2026-05-05T16:30:00Z
387,1335,shipped,34010,14.99,11,32.8484,-96.1311,2026-05-07,,4247,94.73,2026-05-04T08:20:00Z,2026-05-05T16:30:00Z
388,1354,delivered,10360,24.99,4,25.8973,-79.8604,2026-05-08,2026-05-04,4258,79.86,2026-05-04T08:15:00Z,2026-05-05T16:30:00Z
389,1373,pending,7620,0,9,42.3892,-70.9165,2026-05-09,,4269,79.42,2026-05-04T08:10:00Z,2026-05-05T16:30:00Z
390,1392,confirmed,46000,7.99,2,34.6259,-117.8522,2026-05-10,,4280,38.71,2026-05-04T08:05:00Z,2026-05-05T16:30:00Z
391,1411,processing,28900,14.99,7,47.8751,-122.0652,2026-05-11,,4291,58.29,2026-05-04T08:00:00Z,2026-05-05T16:30:00Z
392,1430,cancelled,50520,24.99,12,33.8175,-111.896,2026-05-12,,4302,39.07,2026-05-04T07:55:00Z,2026-05-05T16:30:00Z
393,1449,confirmed,27400,0,5,36.1125,-78.5379,2026-05-06,,4313,62.16,2026-05-04T07:50:00Z,2026-05-05T16:30:00Z
394,1468,processing,49460,7.99,10,41.3982,-87.4495,2026-05-07,,4324,91.74,2026-05-04T07:45:00Z,2026-05-05T16:30:00Z
395,1487,shipped,61700,14.99,3,40.0439,-73.984,2026-05-08,,4335,80.17,2026-05-04T07:40:00Z,2026-05-05T16:30:00Z
396,1506,delivered,98300,24.99,8,33.4401,-84.5607,2026-05-09,2026-05-04,4346,46.03,2026-05-04T07:35:00Z,2026-05-05T16:30:00Z
397,1525,pending,15970,0,,37.1208,-121.9621,2026-05-10,,4357,74.35,2026-05-04T07:30:00Z,2026-05-05T16:30:00Z
398,1544,confirmed,36730,7.99,6,39.3712,-105.309,2026-05-11,,4368,43.28,2026-05-04T07:25:00Z,2026-05-05T16:30:00Z
399,1563,processing,55080,14.99,11,33.4272,-96.1609,2026-05-12,,4379,52.47,2026-05-04T07:20:00Z,2026-05-05T16:30:00Z
400,1582,cancelled,49640,24.99,4,26.1252,-79.9407,2026-05-06,,4390,41.98,2026-05-04T07:15:00Z,2026-05-05T16:30:00Z
401,1601,confirmed,25020,0,9,41.6607,-70.5202,2026-05-07,,4401,69.73,2026-05-04T07:10:00Z,2026-05-05T16:30:00Z
402,1620,processing,12605,7.99,2,33.7537,-117.6981,2026-05-08,,4412,58.33,2026-05-04T07:05:00Z,2026-05-05T16:30:00Z
403,1639,shipped,43100,14.99,7,48.0557,-122.1024,2026-05-09,,4423,61.01,2026-05-04T07:00:00Z,2026-05-05T16:30:00Z
404,1658,delivered,49200,24.99,12,33.5654,-112.1452,2026-05-10,2026-05-04,4434,83.97,2026-05-04T06:55:00Z,2026-05-05T16:30:00Z
405,1677,pending,27770,0,5,36.1683,-78.157,2026-05-11,,4445,83.27,2026-05-04T06:50:00Z,2026-05-05T16:30:00Z
406,1696,confirmed,32044,7.99,10,41.7471,-87.7284,2026-05-12,,4456,50.36,2026-05-04T06:45:00Z,2026-05-05T16:30:00Z
407,1715,processing,33550,14.99,3,40.2754,-74.4989,2026-05-06,,4467,58.47,2026-05-04T06:40:00Z,2026-05-05T16:30:00Z
408,1734,cancelled,29480,24.99,8,33.5385,-84.9472,2026-05-07,,4478,82.64,2026-05-04T06:35:00Z,2026-05-05T16:30:00Z
409,1753,confirmed,80400,0,1,37.3159,-122.1734,2026-05-08,,4489,91.57,2026-05-04T06:30:00Z,2026-05-05T16:30:00Z
410,1772,processing,31700,7.99,6,39.7187,-105.0571,2026-05-09,,4500,64.1,2026-05-04T06:25:00Z,2026-05-05T16:30:00Z
411,1791,shipped,19850,14.99,11,33.1652,-96.4699,2026-05-10,,4511,86.53,2026-05-04T06:20:00Z,2026-05-05T16:30:00Z
412,1810,delivered,48400,24.99,4,25.9719,-80.2155,2026-05-11,2026-05-04,4522,84.43,2026-05-04T06:15:00Z,2026-05-05T16:30:00Z
413,1829,pending,46700,0,9,42.6965,-71.2996,2026-05-12,,4533,41.89,2026-05-04T06:10:00Z,2026-05-05T16:30:00Z
414,1848,confirmed,36750,7.99,2,34.5791,-118.4948,2026-05-06,,4544,84.49,2026-05-04T06:05:00Z,2026-05-05T16:30:00Z
415,1867,processing,29400,14.99,7,48.2749,-122.0154,2026-05-07,,4555,53.73,2026-05-04T06:00:00Z,2026-05-05T16:30:00Z
416,1886,cancelled,10540,24.99,12,33.1399,-112.5377,2026-05-08,,4566,83.6,2026-05-04T05:55:00Z,2026-05-05T16:30:00Z
417,1905,confirmed,39010,0,5,36.0245,-78.1027,2026-05-09,,4577,92.95,2026-05-04T05:50:00Z,2026-05-05T16:30:00Z
418,1924,processing,26720,7.99,10,41.5527,-88.3222,2026-05-10,,4588,48.78,2026-05-04T05:45:00Z,2026-05-05T16:30:00Z
419,1943,shipped,49750,14.99,3,40.6399,-74.1997,2026-05-11,,4599,43.43,2026-05-04T05:40:00Z,2026-05-05T16:30:00Z
420,1962,delivered,60000,24.99,8,34.1452,-84.0594,2026-05-12,2026-05-04,4610,61.89,2026-05-04T05:35:00Z,2026-05-05T16:30:00Z
421,1981,pending,18895,0,,37.9645,-122.3196,2026-05-06,,4621,87.27,2026-05-04T05:30:00Z,2026-05-05T16:30:00Z
422,2000,confirmed,27220,7.99,6,39.9,-105.1343,2026-05-07,,4632,37.77,2026-05-04T05:25:00Z,2026-05-05T16:30:00Z
423,19,processing,93450,14.99,11,48.2442,-121.9951,2026-05-08,,4643,63.55,2026-05-04T05:20:00Z,2026-05-05T16:30:00Z
424,38,cancelled,39940,24.99,4,33.9442,-112.2785,2026-05-09,,4654,71.54,2026-05-04T05:15:00Z,2026-05-05T16:30:00Z
425,57,confirmed,19548,0,9,35.3218,-78.9282,2026-05-10,,4665,71.32,2026-05-04T05:10:00Z,2026-05-05T16:30:00Z
426,76,processing,68250,7.99,2,41.9992,-87.2469,2026-05-11,,4676,60.08,2026-05-04T05:05:00Z,2026-05-05T16:30:00Z
427,95,shipped,35140,14.99,7,40.241,-73.9658,2026-05-12,,4687,83.3,2026-05-04T05:00:00Z,2026-05-05T16:30:00Z
428,114,delivered,29220,24.99,12,34.0802,-83.905,2026-05-06,2026-05-04,4698,46.75,2026-05-04T04:55:00Z,2026-05-05T16:30:00Z
429,133,pending,6760,0,5,36.6427,-121.6031,2026-05-07,,4709,54.35,2026-05-04T04:50:00Z,2026-05-05T16:30:00Z
430,152,confirmed,39540,7.99,10,39.5486,-104.9949,2026-05-08,,4720,89.44,2026-05-04T04:45:00Z,2026-05-05T16:30:00Z
431,171,processing,30170,14.99,3,33.1251,-96.1911,2026-05-09,,4731,68.37,2026-05-04T04:40:00Z,2026-05-05T16:30:00Z
432,190,cancelled,36100,24.99,8,26.009,-80.6059,2026-05-10,,4742,44.13,2026-05-04T04:35:00Z,2026-05-05T16:30:00Z
433,209,confirmed,33250,0,1,42.9586,-71.6155,2026-05-11,,4753,94.91,2026-05-04T04:30:00Z,2026-05-05T16:30:00Z
434,228,processing,25580,7.99,6,33.4074,-118.1915,2026-05-12,,4764,97.34,2026-05-04T04:25:00Z,2026-05-05T16:30:00Z
435,247,shipped,33500,14.99,11,47.4598,-122.2636,2026-05-06,,4775,69.6,2026-05-04T04:20:00Z,2026-05-05T16:30:00Z
436,266,delivered,25220,24.99,4,33.8647,-112.5433,2026-05-07,2026-05-04,4786,78.59,2026-05-04T04:15:00Z,2026-05-05T16:30:00Z
437,285,pending,78500,0,9,35.5153,-79.2425,2026-05-08,,4797,58.43,2026-05-04T04:10:00Z,2026-05-05T16:30:00Z
438,304,confirmed,12842,7.99,2,42.0204,-88.0836,2026-05-09,,4808,52.14,2026-05-04T04:05:00Z,2026-05-05T16:30:00Z
439,323,processing,62460,14.99,7,41.2018,-73.8928,2026-05-10,,4819,42.32,2026-05-04T04:00:00Z,2026-05-05T16:30:00Z
440,342,cancelled,37760,24.99,12,34.005,-84.1265,2026-05-11,,4830,96.68,2026-05-04T03:55:00Z,2026-05-05T16:30:00Z
441,361,confirmed,34790,0,5,37.1596,-122.5154,2026-05-12,,4841,90.69,2026-05-04T03:50:00Z,2026-05-05T16:30:00Z
442,380,processing,67000,7.99,10,39.835,-104.3494,2026-05-06,,4852,63.94,2026-05-04T03:45:00Z,2026-05-05T16:30:00Z
443,399,shipped,24900,14.99,3,32.5135,-96.2676,2026-05-07,,4863,68.83,2026-05-04T03:40:00Z,2026-05-05T16:30:00Z
444,418,delivered,24600,24.99,8,25.4383,-79.9707,2026-05-08,2026-05-04,4874,79.19,2026-05-04T03:35:00Z,2026-05-05T16:30:00Z
445,437,pending,31400,0,,42.66,-70.9741,2026-05-09,,4885,72.61,2026-05-04T03:30:00Z,2026-05-05T16:30:00Z
446,456,confirmed,21210,7.99,6,34.2218,-118.3421,2026-05-10,,4896,95.21,2026-05-04T03:25:00Z,2026-05-05T16:30:00Z
447,475,processing,34010,14.99,11,47.9492,-122.0808,2026-05-11,,4907,56.79,2026-05-04T03:20:00Z,2026-05-05T16:30:00Z
448,494,cancelled,10360,24.99,4,33.6122,-112.6346,2026-05-12,,4918,62.99,2026-05-04T03:15:00Z,2026-05-05T16:30:00Z
449,513,confirmed,7620,0,9,35.8325,-79.0759,2026-05-06,,4929,72.25,2026-05-04T03:10:00Z,2026-05-05T16:30:00Z
450,532,processing,46000,7.99,2,42.2603,-88.1558,2026-05-07,,4940,83.11,2026-05-04T03:05:00Z,2026-05-05T16:30:00Z
451,551,shipped,28900,14.99,7,41.1967,-73.9783,2026-05-08,,4951,86.17,2026-05-04T03:00:00Z,2026-05-05T16:30:00Z
452,570,delivered,50520,24.99,12,33.6587,-84.0645,2026-05-09,2026-05-04,4962,72.76,2026-05-04T02:55:00Z,2026-05-05T16:30:00Z
453,589,pending,27400,0,5,36.9861,-121.7824,2026-05-10,,4973,50.87,2026-05-04T02:50:00Z,2026-05-05T16:30:00Z
454,608,confirmed,49460,7.99,10,40.3616,-104.558,2026-05-11,,4984,89.52,2026-05-04T02:45:00Z,2026-05-05T16:30:00Z
455,627,processing,61700,14.99,3,32.8116,-96.3065,2026-05-12,,4995,58.45,2026-05-04T02:40:00Z,2026-05-05T16:30:00Z
456,646,cancelled,98300,24.99,8,25.8066,-80.3255,2026-05-06,,6,49.88,2026-05-04T02:35:00Z,2026-05-05T16:30:00Z
457,665,confirmed,15970,0,1,42.5503,-70.8383,2026-05-07,,17,64.81,2026-05-04T02:30:00Z,2026-05-05T16:30:00Z
458,684,processing,36730,7.99,6,34.3542,-117.6542,2026-05-08,,28,58.12,2026-05-04T02:25:00Z,2026-05-05T16:30:00Z
459,703,shipped,55080,14.99,11,47.1751,-122.0915,2026-05-09,,39,68.86,2026-05-04T02:20:00Z,2026-05-05T16:30:00Z
460,722,delivered,49640,24.99,4,33.0061,-112.6509,2026-05-10,2026-05-04,50,45.07,2026-05-04T02:15:00Z,2026-05-05T16:30:00Z
461,741,pending,25020,0,9,36.3615,-78.9089,2026-05-11,,61,67.78,2026-05-04T02:10:00Z,2026-05-05T16:30:00Z
462,760,confirmed,12605,7.99,2,41.3903,-86.9534,2026-05-12,,72,74.87,2026-05-04T02:05:00Z,2026-05-05T16:30:00Z
463,779,processing,43100,14.99,7,41.2453,-74.36,2026-05-06,,83,91.57,2026-05-04T02:00:00Z,2026-05-05T16:30:00Z
464,798,cancelled,49200,24.99,12,34.0559,-84.7711,2026-05-07,,94,75.8,2026-05-04T01:55:00Z,2026-05-05T16:30:00Z
465,817,confirmed,27770,0,5,36.644,-122.1588,2026-05-08,,105,93.73,2026-05-04T01:50:00Z,2026-05-05T16:30:00Z
466,836,processing,32044,7.99,10,39.8838,-104.3644,2026-05-09,,116,63.41,2026-05-04T01:45:00Z,2026-05-05T16:30:00Z
467,855,shipped,33550,14.99,3,32.2628,-96.9838,2026-05-10,,127,66.89,2026-05-04T01:40:00Z,2026-05-05T16:30:00Z
468,874,delivered,29480,24.99,8,25.2036,-79.6252,2026-05-11,2026-05-04,138,86.39,2026-05-04T01:35:00Z,2026-05-05T16:30:00Z
469,893,pending,80400,0,,42.8544,-70.6162,2026-05-12,,149,88.51,2026-05-04T01:30:00Z,2026-05-05T16:30:00Z
470,912,confirmed,31700,7.99,6,34.5005,-118.6832,2026-05-06,,160,42.44,2026-05-04T01:25:00Z,2026-05-05T16:30:00Z
471,931,processing,19850,14.99,11,48.078,-122.5319,2026-05-07,,171,86.32,2026-05-04T01:20:00Z,2026-05-05T16:30:00Z
472,950,cancelled,48400,24.99,4,33.8206,-111.9062,2026-05-08,,182,73.86,2026-05-04T01:15:00Z,2026-05-05T16:30:00Z
473,969,confirmed,46700,0,9,35.6504,-78.6705,2026-05-09,,193,80.13,2026-05-04T01:10:00Z,2026-05-05T16:30:00Z
474,988,processing,36750,7.99,2,42.5424,-88.1924,2026-05-10,,204,87.44,2026-05-04T01:05:00Z,2026-05-05T16:30:00Z
475,1007,shipped,29400,14.99,7,40.086,-73.8896,2026-05-11,,215,48.46,2026-05-04T01:00:00Z,2026-05-05T16:30:00Z
476,1026,delivered,10540,24.99,12,33.0828,-83.8284,2026-05-12,2026-05-04,226,43.27,2026-05-04T00:55:00Z,2026-05-05T16:30:00Z
477,1045,pending,39010,0,5,37.9442,-121.2864,2026-05-06,,237,47.78,2026-05-04T00:50:00Z,2026-05-05T16:30:00Z
478,1064,confirmed,26720,7.99,10,39.8835,-105.4298,2026-05-07,,248,52.15,2026-05-04T00:45:00Z,2026-05-05T16:30:00Z
479,1083,processing,49750,14.99,3,33.0523,-97.4618,2026-05-08,,259,81.64,2026-05-04T00:40:00Z,2026-05-05T16:30:00Z
480,1102,cancelled,60000,24.99,8,26.3559,-80.2231,2026-05-09,,270,81.62,2026-05-04T00:35:00Z,2026-05-05T16:30:00Z
481,1121,confirmed,18895,0,1,42.677,-71.7516,2026-05-10,,281,78.36,2026-05-04T00:30:00Z,2026-05-05T16:30:00Z
482,1140,processing,27220,7.99,6,33.4488,-118.6099,2026-05-11,,292,44.71,2026-05-04T00:25:00Z,2026-05-05T16:30:00Z
483,1159,shipped,93450,14.99,11,47.8448,-122.5691,2026-05-12,,303,51.94,2026-05-04T00:20:00Z,2026-05-05T16:30:00Z
484,1178,delivered,39940,24.99,4,33.2974,-112.5174,2026-05-06,2026-05-04,314,87.11,2026-05-04T00:15:00Z,2026-05-05T16:30:00Z
485,1197,pending,19548,0,9,35.3313,-78.6953,2026-05-07,,325,97.3,2026-05-04T00:10:00Z,2026-05-05T16:30:00Z
486,1216,confirmed,68250,7.99,2,42.2055,-86.9387,2026-05-08,,336,60.82,2026-05-04T00:05:00Z,2026-05-05T16:30:00Z
487,1235,processing,35140,14.99,7,40.1478,-73.8696,2026-05-09,,347,38.67,2026-05-04T00:00:00Z,2026-05-05T16:30:00Z
488,1254,cancelled,29220,24.99,12,33.1651,-83.7498,2026-05-10,,358,49.31,2026-05-03T23:55:00Z,2026-05-05T16:30:00Z
489,1273,confirmed,6760,0,5,37.0411,-121.4926,2026-05-11,,369,93.39,2026-05-03T23:50:00Z,2026-05-05T16:30:00Z
490,1292,processing,39540,7.99,10,40.0561,-105.3122,2026-05-12,,380,49.38,2026-05-03T23:45:00Z,2026-05-05T16:30:00Z
491,1311,shipped,30170,14.99,3,33.3109,-96.1716,2026-05-06,,391,49.08,2026-05-03T23:40:00Z,2026-05-05T16:30:00Z
492,1330,delivered,36100,24.99,8,26.1327,-80.3391,2026-05-07,2026-05-04,402,55.15,2026-05-03T23:35:00Z,2026-05-05T16:30:00Z
493,1349,pending,33250,0,,42.4776,-71.6973,2026-05-08,,413,78.91,2026-05-03T23:30:00Z,2026-05-05T16:30:00Z
494,1368,confirmed,25580,7.99,6,34.1194,-118.9384,2026-05-09,,424,52.32,2026-05-03T23:25:00Z,2026-05-05T16:30:00Z
495,1387,processing,33500,14.99,11,47.0004,-121.8789,2026-05-10,,435,90.53,2026-05-03T23:20:00Z,2026-05-05T16:30:00Z
496,1406,cancelled,25220,24.99,4,33.84,-111.634,2026-05-11,,446,70.16,2026-05-03T23:15:00Z,2026-05-05T16:30:00Z
497,1425,confirmed,78500,0,9,35.7401,-78.6712,2026-05-12,,457,95.09,2026-05-03T23:10:00Z,2026-05-05T16:30:00Z
498,1444,processing,12842,7.99,2,41.4272,-87.6248,2026-05-06,,468,63.72,2026-05-03T23:05:00Z,2026-05-05T16:30:00Z
499,1463,shipped,62460,14.99,7,41.304,-74.4576,2026-05-07,,479,56,2026-05-03T23:00:00Z,2026-05-05T16:30:00Z
500,1482,delivered,37760,24.99,12,33.3823,-83.9158,2026-05-08,2026-05-04,490,92.18,2026-05-03T22:55:00Z,2026-05-05T16:30:00Z
501,1501,pending,34790,0,5,37.8326,-122.1456,2026-05-09,,501,51.28,2026-05-03T22:50:00Z,2026-05-05T16:30:00Z
502,1520,confirmed,67000,7.99,10,40.3892,-104.4094,2026-05-10,,512,42.07,2026-05-03T22:45:00Z,2026-05-05T16:30:00Z
503,1539,processing,24900,14.99,3,32.1405,-97.0351,2026-05-11,,523,93.81,2026-05-03T22:40:00Z,2026-05-05T16:30:00Z
504,1558,cancelled,24600,24.99,8,25.2742,-79.5588,2026-05-12,,534,91.52,2026-05-03T22:35:00Z,2026-05-05T16:30:00Z
505,1577,confirmed,31400,0,1,41.9722,-70.833,2026-05-06,,545,41.91,2026-05-03T22:30:00Z,2026-05-05T16:30:00Z
506,1596,processing,21210,7.99,6,34.3256,-117.9312,2026-05-07,,556,68.55,2026-05-03T22:25:00Z,2026-05-05T16:30:00Z
507,1615,shipped,34010,14.99,11,47.9523,-122.1433,2026-05-08,,567,40.75,2026-05-03T22:20:00Z,2026-05-05T16:30:00Z
508,1634,delivered,10360,24.99,4,33.5801,-112.6858,2026-05-09,2026-05-04,578,36.07,2026-05-03T22:15:00Z,2026-05-05T16:30:00Z
509,1653,pending,7620,0,9,35.5331,-78.1043,2026-05-10,,589,35.99,2026-05-03T22:10:00Z,2026-05-05T16:30:00Z
510,1672,confirmed,46000,7.99,2,42.3582,-88.3281,2026-05-11,,600,94.22,2026-05-03T22:05:00Z,2026-05-05T16:30:00Z
511,1691,processing,28900,14.99,7,40.1612,-73.578,2026-05-12,,611,75.31,2026-05-03T22:00:00Z,2026-05-05T16:30:00Z
512,1710,cancelled,50520,24.99,12,33.6008,-84.2423,2026-05-06,,622,40.61,2026-05-03T21:55:00Z,2026-05-05T16:30:00Z
513,1729,confirmed,27400,0,5,37.9263,-121.2496,2026-05-07,,633,97.96,2026-05-03T21:50:00Z,2026-05-05T16:30:00Z
514,1748,processing,49460,7.99,10,39.1341,-104.4298,2026-05-08,,644,79.28,2026-05-03T21:45:00Z,2026-05-05T16:30:00Z
515,1767,shipped,61700,14.99,3,32.0824,-97.2646,2026-05-09,,655,38.84,2026-05-03T21:40:00Z,2026-05-05T16:30:00Z
516,1786,delivered,98300,24.99,8,25.4163,-80.4813,2026-05-10,2026-05-04,666,68.46,2026-05-03T21:35:00Z,2026-05-05T16:30:00Z
517,1805,pending,15970,0,,42.3035,-70.6186,2026-05-11,,677,73.95,2026-05-03T21:30:00Z,2026-05-05T16:30:00Z
518,1824,confirmed,36730,7.99,6,33.5832,-117.6785,2026-05-12,,688,80.96,2026-05-03T21:25:00Z,2026-05-05T16:30:00Z
519,1843,processing,55080,14.99,11,47.2719,-122.7234,2026-05-06,,699,48.59,2026-05-03T21:20:00Z,2026-05-05T16:30:00Z
520,1862,cancelled,49640,24.99,4,32.9341,-111.6851,2026-05-07,,710,38.44,2026-05-03T21:15:00Z,2026-05-05T16:30:00Z
521,1881,confirmed,25020,0,9,35.876,-78.2498,2026-05-08,,721,76.46,2026-05-03T21:10:00Z,2026-05-05T16:30:00Z
522,1900,processing,12605,7.99,2,42.3439,-87.3747,2026-05-09,,732,92.2,2026-05-03T21:05:00Z,2026-05-05T16:30:00Z
523,1919,shipped,43100,14.99,7,40.4318,-74.4438,2026-05-10,,743,89.75,2026-05-03T21:00:00Z,2026-05-05T16:30:00Z
524,1938,delivered,49200,24.99,12,33.7013,-83.9526,2026-05-11,2026-05-04,754,59.16,2026-05-03T20:55:00Z,2026-05-05T16:30:00Z
525,1957,pending,27770,0,5,36.9476,-121.9958,2026-05-12,,765,76.34,2026-05-03T20:50:00Z,2026-05-05T16:30:00Z
526,1976,confirmed,32044,7.99,10,40.0958,-105.3563,2026-05-06,,776,59.05,2026-05-03T20:45:00Z,2026-05-05T16:30:00Z
527,1995,processing,33550,14.99,3,32.776,-96.3303,2026-05-07,,787,46.3,2026-05-03T20:40:00Z,2026-05-05T16:30:00Z
528,14,cancelled,29480,24.99,8,33.5431,-111.4652,2026-05-08,,798,59.97,2026-05-03T20:35:00Z,2026-05-05T16:30:00Z
529,33,confirmed,80400,0,1,36.4247,-78.5749,2026-05-09,,809,38.43,2026-05-03T20:30:00Z,2026-05-05T16:30:00Z
530,52,processing,31700,7.99,6,41.9278,-87.7386,2026-05-10,,820,39.37,2026-05-03T20:25:00Z,2026-05-05T16:30:00Z
531,71,shipped,19850,14.99,11,40.0671,-73.8695,2026-05-11,,831,87.55,2026-05-03T20:20:00Z,2026-05-05T16:30:00Z
532,90,delivered,48400,24.99,4,33.3856,-84.4061,2026-05-12,2026-05-04,842,54.89,2026-05-03T20:15:00Z,2026-05-05T16:30:00Z
533,109,pending,46700,0,9,36.8288,-121.853,2026-05-06,,853,77.12,2026-05-03T20:10:00Z,2026-05-05T16:30:00Z
534,128,confirmed,36750,7.99,2,39.9847,-104.6663,2026-05-07,,864,69.23,2026-05-03T20:05:00Z,2026-05-05T16:30:00Z
535,147,processing,29400,14.99,7,32.9838,-97.2243,2026-05-08,,875,55.05,2026-05-03T20:00:00Z,2026-05-05T16:30:00Z
536,166,cancelled,10540,24.99,12,26.4133,-80.2761,2026-05-09,,886,65.64,2026-05-03T19:55:00Z,2026-05-05T16:30:00Z
537,185,confirmed,39010,0,5,42.8132,-70.9947,2026-05-10,,897,54.73,2026-05-03T19:50:00Z,2026-05-05T16:30:00Z
538,204,processing,26720,7.99,10,33.4801,-118.4098,2026-05-11,,908,80.83,2026-05-03T19:45:00Z,2026-05-05T16:30:00Z
539,223,shipped,49750,14.99,3,48.0251,-122.3889,2026-05-12,,919,54.11,2026-05-03T19:40:00Z,2026-05-05T16:30:00Z
540,242,delivered,60000,24.99,8,33.5612,-111.8492,2026-05-06,2026-05-04,930,59.29,2026-05-03T19:35:00Z,2026-05-05T16:30:00Z
541,261,pending,18895,0,,36.4189,-78.4855,2026-05-07,,941,81.78,2026-05-03T19:30:00Z,2026-05-05T16:30:00Z
542,280,confirmed,27220,7.99,6,41.3187,-87.9142,2026-05-08,,952,70.08,2026-05-03T19:25:00Z,2026-05-05T16:30:00Z
543,299,processing,93450,14.99,11,40.2047,-73.9224,2026-05-09,,963,42.85,2026-05-03T19:20:00Z,2026-05-05T16:30:00Z
544,318,cancelled,39940,24.99,4,33.2381,-84.8334,2026-05-10,,974,46.9,2026-05-03T19:15:00Z,2026-05-05T16:30:00Z
545,337,confirmed,19548,0,9,36.6612,-121.9222,2026-05-11,,985,68.26,2026-05-03T19:10:00Z,2026-05-05T16:30:00Z
546,356,processing,68250,7.99,2,39.3417,-105.3185,2026-05-12,,996,93.45,2026-05-03T19:05:00Z,2026-05-05T16:30:00Z
547,375,shipped,35140,14.99,7,32.5455,-97.4881,2026-05-06,,1007,72.3,2026-05-03T19:00:00Z,2026-05-05T16:30:00Z
548,394,delivered,29220,24.99,12,26.2771,-80.4206,2026-05-07,2026-05-04,1018,77.16,2026-05-03T18:55:00Z,2026-05-05T16:30:00Z
549,413,pending,6760,0,5,42.854,-70.4241,2026-05-08,,1029,47.25,2026-05-03T18:50:00Z,2026-05-05T16:30:00Z
550,432,confirmed,39540,7.99,10,33.4689,-118.5215,2026-05-09,,1040,63.5,2026-05-03T18:45:00Z,2026-05-05T16:30:00Z
551,451,processing,30170,14.99,3,47.179,-122.0582,2026-05-10,,1051,37.97,2026-05-03T18:40:00Z,2026-05-05T16:30:00Z
552,470,cancelled,36100,24.99,8,33.6871,-111.6684,2026-05-11,,1062,89.26,2026-05-03T18:35:00Z,2026-05-05T16:30:00Z
553,489,confirmed,33250,0,1,36.344,-78.1133,2026-05-12,,1073,94.44,2026-05-03T18:30:00Z,2026-05-05T16:30:00Z
554,508,processing,25580,7.99,6,41.7776,-87.0985,2026-05-06,,1084,44.24,2026-05-03T18:25:00Z,2026-05-05T16:30:00Z
555,527,shipped,33500,14.99,11,40.9972,-74.0011,2026-05-07,,1095,93.21,2026-05-03T18:20:00Z,2026-05-05T16:30:00Z
556,546,delivered,25220,24.99,4,34.3317,-84.1197,2026-05-08,2026-05-04,1106,82.97,2026-05-03T18:15:00Z,2026-05-05T16:30:00Z
557,565,pending,78500,0,9,37.2506,-122.4156,2026-05-09,,1117,96.98,2026-05-03T18:10:00Z,2026-05-05T16:30:00Z
558,584,confirmed,12842,7.99,2,39.6625,-104.7371,2026-05-10,,1128,42.54,2026-05-03T18:05:00Z,2026-05-05T16:30:00Z
559,603,processing,62460,14.99,7,33.1084,-96.7337,2026-05-11,,1139,39.59,2026-05-03T18:00:00Z,2026-05-05T16:30:00Z
560,622,cancelled,37760,24.99,12,26.3036,-79.9138,2026-05-12,,1150,90.85,2026-05-03T17:55:00Z,2026-05-05T16:30:00Z
561,641,confirmed,34790,0,5,43.0356,-70.6621,2026-05-06,,1161,93.06,2026-05-03T17:50:00Z,2026-05-05T16:30:00Z
562,660,processing,67000,7.99,10,33.3526,-118.2747,2026-05-07,,1172,71.5,2026-05-03T17:45:00Z,2026-05-05T16:30:00Z
563,679,shipped,24900,14.99,3,48.0238,-122.9756,2026-05-08,,1183,40.16,2026-05-03T17:40:00Z,2026-05-05T16:30:00Z
564,698,delivered,24600,24.99,8,33.787,-112.6942,2026-05-09,2026-05-04,1194,72.32,2026-05-03T17:35:00Z,2026-05-05T16:30:00Z
565,717,pending,31400,0,,35.5184,-78.5964,2026-05-10,,1205,42.37,2026-05-03T17:30:00Z,2026-05-05T16:30:00Z
566,736,confirmed,21210,7.99,6,42.2065,-87.4922,2026-05-11,,1216,84.59,2026-05-03T17:25:00Z,2026-05-05T16:30:00Z
567,755,processing,34010,14.99,11,40.5408,-73.3525,2026-05-12,,1227,80.41,2026-05-03T17:20:00Z,2026-05-05T16:30:00Z
568,774,cancelled,10360,24.99,4,33.9416,-83.8846,2026-05-06,,1238,41.19,2026-05-03T17:15:00Z,2026-05-05T16:30:00Z
569,793,confirmed,7620,0,9,37.01,-122.45,2026-05-07,,1249,56.08,2026-05-03T17:10:00Z,2026-05-05T16:30:00Z
570,812,processing,46000,7.99,2,39.6848,-105.2811,2026-05-08,,1260,37.89,2026-05-03T17:05:00Z,2026-05-05T16:30:00Z
571,831,shipped,28900,14.99,7,32.4954,-96.836,2026-05-09,,1271,77.41,2026-05-03T17:00:00Z,2026-05-05T16:30:00Z
572,850,delivered,50520,24.99,12,26.0722,-79.8608,2026-05-10,2026-05-04,1282,79.97,2026-05-03T16:55:00Z,2026-05-05T16:30:00Z
573,869,pending,27400,0,5,42.2816,-71.6719,2026-05-11,,1293,94.74,2026-05-03T16:50:00Z,2026-05-05T16:30:00Z
574,888,confirmed,49460,7.99,10,33.7369,-118.6512,2026-05-12,,1304,75.07,2026-05-03T16:45:00Z,2026-05-05T16:30:00Z
575,907,processing,61700,14.99,3,47.6726,-122.546,2026-05-06,,1315,61.86,2026-05-03T16:40:00Z,2026-05-05T16:30:00Z
576,926,cancelled,98300,24.99,8,32.9999,-112.1749,2026-05-07,,1326,72.5,2026-05-03T16:35:00Z,2026-05-05T16:30:00Z
577,945,confirmed,15970,0,1,35.79,-79.1437,2026-05-08,,1337,78.06,2026-05-03T16:30:00Z,2026-05-05T16:30:00Z
578,964,processing,36730,7.99,6,42.5181,-87.0923,2026-05-09,,1348,41.85,2026-05-03T16:25:00Z,2026-05-05T16:30:00Z
579,983,shipped,55080,14.99,11,40.4119,-73.8161,2026-05-10,,1359,46.23,2026-05-03T16:20:00Z,2026-05-05T16:30:00Z
580,1002,delivered,49640,24.99,4,33.2911,-84.1203,2026-05-11,2026-05-04,1370,89.71,2026-05-03T16:15:00Z,2026-05-05T16:30:00Z
581,1021,pending,25020,0,9,37.6944,-121.2158,2026-05-12,,1381,50.56,2026-05-03T16:10:00Z,2026-05-05T16:30:00Z
582,1040,confirmed,12605,7.99,2,39.6755,-104.3863,2026-05-06,,1392,55.51,2026-05-03T16:05:00Z,2026-05-05T16:30:00Z
583,1059,processing,43100,14.99,7,33.2301,-97.2636,2026-05-07,,1403,40.29,2026-05-03T16:00:00Z,2026-05-05T16:30:00Z
584,1078,cancelled,49200,24.99,12,25.3467,-80.0475,2026-05-08,,1414,45.97,2026-05-03T15:55:00Z,2026-05-05T16:30:00Z
585,1097,confirmed,27770,0,5,41.9278,-71.1346,2026-05-09,,1425,58.12,2026-05-03T15:50:00Z,2026-05-05T16:30:00Z
586,1116,processing,32044,7.99,10,34.2068,-118.1663,2026-05-10,,1436,86.04,2026-05-03T15:45:00Z,2026-05-05T16:30:00Z
587,1135,shipped,33550,14.99,3,47.5203,-122.7377,2026-05-11,,1447,68.8,2026-05-03T15:40:00Z,2026-05-05T16:30:00Z
588,1154,delivered,29480,24.99,8,32.7868,-111.8943,2026-05-12,2026-05-03,1458,74.98,2026-05-03T15:35:00Z,2026-05-05T16:30:00Z
589,1173,pending,80400,0,,36.0277,-78.3065,2026-05-06,,1469,59.23,2026-05-03T15:30:00Z,2026-05-05T16:30:00Z
590,1192,confirmed,31700,7.99,6,42.407,-87.9094,2026-05-07,,1480,53.01,2026-05-03T15:25:00Z,2026-05-05T16:30:00Z
591,1211,processing,19850,14.99,11,40.6904,-73.3596,2026-05-08,,1491,63.92,2026-05-03T15:20:00Z,2026-05-05T16:30:00Z
592,1230,cancelled,48400,24.99,4,33.5845,-84.3399,2026-05-09,,1502,59.96,2026-05-03T15:15:00Z,2026-05-05T16:30:00Z
593,1249,confirmed,46700,0,9,37.4394,-121.4842,2026-05-10,,1513,80.81,2026-05-03T15:10:00Z,2026-05-05T16:30:00Z
594,1268,processing,36750,7.99,2,39.5802,-105.5485,2026-05-11,,1524,51.34,2026-05-03T15:05:00Z,2026-05-05T16:30:00Z
595,1287,shipped,29400,14.99,7,33.0521,-96.1456,2026-05-12,,1535,65.51,2026-05-03T15:00:00Z,2026-05-05T16:30:00Z
596,1306,delivered,10540,24.99,12,25.9715,-79.9524,2026-05-06,2026-05-03,1546,53.25,2026-05-03T14:55:00Z,2026-05-05T16:30:00Z
597,1325,pending,39010,0,5,42.5126,-71.1114,2026-05-07,,1557,76.35,2026-05-03T14:50:00Z,2026-05-05T16:30:00Z
598,1344,confirmed,26720,7.99,10,34.5894,-118.7598,2026-05-08,,1568,48.99,2026-05-03T14:45:00Z,2026-05-05T16:30:00Z
599,1363,processing,49750,14.99,3,47.8538,-122.5747,2026-05-09,,1579,90.31,2026-05-03T14:40:00Z,2026-05-05T16:30:00Z
600,1382,cancelled,60000,24.99,8,33.8088,-112.0181,2026-05-10,,1590,55.21,2026-05-03T14:35:00Z,2026-05-05T16:30:00Z
601,1401,confirmed,18895,0,1,35.2409,-79.1287,2026-05-11,,1601,74.57,2026-05-03T14:30:00Z,2026-05-05T16:30:00Z
602,1420,processing,27220,7.99,6,41.2459,-87.6777,2026-05-12,,1612,80.35,2026-05-03T14:25:00Z,2026-05-05T16:30:00Z
603,1439,shipped,93450,14.99,11,41.277,-74.3411,2026-05-06,,1623,52.2,2026-05-03T14:20:00Z,2026-05-05T16:30:00Z
604,1458,delivered,39940,24.99,4,34.2955,-84.8293,2026-05-07,2026-05-03,1634,91.61,2026-05-03T14:15:00Z,2026-05-05T16:30:00Z
605,1477,pending,19548,0,9,37.5675,-121.9978,2026-05-08,,1645,51.49,2026-05-03T14:10:00Z,2026-05-05T16:30:00Z
606,1496,confirmed,68250,7.99,2,39.7883,-105.2265,2026-05-09,,1656,91.57,2026-05-03T14:05:00Z,2026-05-05T16:30:00Z
607,1515,processing,35140,14.99,7,32.0893,-96.3996,2026-05-10,,1667,94.41,2026-05-03T14:00:00Z,2026-05-05T16:30:00Z
608,1534,cancelled,29220,24.99,12,26.0393,-79.7718,2026-05-11,,1678,51.31,2026-05-03T13:55:00Z,2026-05-05T16:30:00Z
609,1553,confirmed,6760,0,5,42.0004,-71.1441,2026-05-12,,1689,64.73,2026-05-03T13:50:00Z,2026-05-05T16:30:00Z
610,1572,processing,39540,7.99,10,34.1973,-118.2604,2026-05-06,,1700,93.2,2026-05-03T13:45:00Z,2026-05-05T16:30:00Z
611,1591,shipped,30170,14.99,3,47.4422,-122.3382,2026-05-07,,1711,56.33,2026-05-03T13:40:00Z,2026-05-05T16:30:00Z
612,1610,delivered,36100,24.99,8,32.8708,-111.6316,2026-05-08,2026-05-03,1722,84.38,2026-05-03T13:35:00Z,2026-05-05T16:30:00Z
613,1629,pending,33250,0,,36.2033,-78.1486,2026-05-09,,1733,79.5,2026-05-03T13:30:00Z,2026-05-05T16:30:00Z
614,1648,confirmed,25580,7.99,6,42.3599,-87.2147,2026-05-10,,1744,90.5,2026-05-03T13:25:00Z,2026-05-05T16:30:00Z
615,1667,processing,33500,14.99,11,40.1326,-73.4128,2026-05-11,,1755,75,2026-05-03T13:20:00Z,2026-05-05T16:30:00Z
616,1686,cancelled,25220,24.99,4,33.3449,-84.1282,2026-05-12,,1766,61.35,2026-05-03T13:15:00Z,2026-05-05T16:30:00Z
617,1705,confirmed,78500,0,9,37.8818,-122.0402,2026-05-06,,1777,74.2,2026-05-03T13:10:00Z,2026-05-05T16:30:00Z
618,1724,processing,12842,7.99,2,39.3888,-105.4239,2026-05-07,,1788,48.17,2026-05-03T13:05:00Z,2026-05-05T16:30:00Z
619,1743,shipped,62460,14.99,7,32.1134,-96.3792,2026-05-08,,1799,66.24,2026-05-03T13:00:00Z,2026-05-05T16:30:00Z
620,1762,delivered,37760,24.99,12,25.4874,-80.7948,2026-05-09,2026-05-03,1810,45.52,2026-05-03T12:55:00Z,2026-05-05T16:30:00Z
621,1781,pending,34790,0,5,42.913,-70.5621,2026-05-10,,1821,85.24,2026-05-03T12:50:00Z,2026-05-05T16:30:00Z
622,1800,confirmed,67000,7.99,10,33.9948,-118.1632,2026-05-11,,1832,53.43,2026-05-03T12:45:00Z,2026-05-05T16:30:00Z
623,1819,processing,24900,14.99,3,47.0033,-122.1619,2026-05-12,,1843,92.91,2026-05-03T12:40:00Z,2026-05-05T16:30:00Z
624,1838,cancelled,24600,24.99,8,33.894,-112.0051,2026-05-06,,1854,71.62,2026-05-03T12:35:00Z,2026-05-05T16:30:00Z
625,1857,confirmed,31400,0,1,35.1409,-78.3182,2026-05-07,,1865,94.76,2026-05-03T12:30:00Z,2026-05-05T16:30:00Z
626,1876,processing,21210,7.99,6,41.9289,-88.2853,2026-05-08,,1876,45.5,2026-05-03T12:25:00Z,2026-05-05T16:30:00Z
627,1895,shipped,34010,14.99,11,41.2372,-73.9639,2026-05-09,,1887,35.2,2026-05-03T12:20:00Z,2026-05-05T16:30:00Z
628,1914,delivered,10360,24.99,4,34.4308,-83.9203,2026-05-10,2026-05-03,1898,46.52,2026-05-03T12:15:00Z,2026-05-05T16:30:00Z
629,1933,pending,7620,0,9,37.7941,-121.5683,2026-05-11,,1909,74.63,2026-05-03T12:10:00Z,2026-05-05T16:30:00Z
630,1952,confirmed,46000,7.99,2,39.1527,-105.5265,2026-05-12,,1920,97.39,2026-05-03T12:05:00Z,2026-05-05T16:30:00Z
631,1971,processing,28900,14.99,7,32.5961,-96.1722,2026-05-06,,1931,59.33,2026-05-03T12:00:00Z,2026-05-05T16:30:00Z
632,1990,cancelled,50520,24.99,12,25.3823,-79.5829,2026-05-07,,1942,75.31,2026-05-03T11:55:00Z,2026-05-05T16:30:00Z
633,9,confirmed,27400,0,5,36.0662,-78.1224,2026-05-08,,1953,81.7,2026-05-03T11:50:00Z,2026-05-05T16:30:00Z
634,28,processing,49460,7.99,10,41.6905,-87.8342,2026-05-09,,1964,73.2,2026-05-03T11:45:00Z,2026-05-05T16:30:00Z
635,47,shipped,61700,14.99,3,40.0925,-74.4009,2026-05-10,,1975,97.72,2026-05-03T11:40:00Z,2026-05-05T16:30:00Z
636,66,delivered,98300,24.99,8,33.0492,-84.6138,2026-05-11,2026-05-03,1986,52.68,2026-05-03T11:35:00Z,2026-05-05T16:30:00Z
637,85,pending,15970,0,,37.0326,-121.4959,2026-05-12,,1997,76.52,2026-05-03T11:30:00Z,2026-05-05T16:30:00Z
638,104,confirmed,36730,7.99,6,40.0471,-104.5754,2026-05-06,,2008,97.75,2026-05-03T11:25:00Z,2026-05-05T16:30:00Z
639,123,processing,55080,14.99,11,32.7927,-97.0946,2026-05-07,,2019,49.56,2026-05-03T11:20:00Z,2026-05-05T16:30:00Z
640,142,cancelled,49640,24.99,4,26.1217,-80.3138,2026-05-08,,2030,89.22,2026-05-03T11:15:00Z,2026-05-05T16:30:00Z
641,161,confirmed,25020,0,9,42.729,-71.0567,2026-05-09,,2041,62.31,2026-05-03T11:10:00Z,2026-05-05T16:30:00Z
642,180,processing,12605,7.99,2,34.5433,-118.2148,2026-05-10,,2052,53.16,2026-05-03T11:05:00Z,2026-05-05T16:30:00Z
643,199,shipped,43100,14.99,7,47.1184,-122.7874,2026-05-11,,2063,89.98,2026-05-03T11:00:00Z,2026-05-05T16:30:00Z
644,218,delivered,49200,24.99,12,33.0504,-112.3448,2026-05-12,2026-05-03,2074,60.68,2026-05-03T10:55:00Z,2026-05-05T16:30:00Z
645,237,pending,27770,0,5,36.2317,-79.0547,2026-05-06,,2085,65.38,2026-05-03T10:50:00Z,2026-05-05T16:30:00Z
646,256,confirmed,32044,7.99,10,41.2896,-88.154,2026-05-07,,2096,70.42,2026-05-03T10:45:00Z,2026-05-05T16:30:00Z
647,275,processing,33550,14.99,3,40.7867,-73.9281,2026-05-08,,2107,58.04,2026-05-03T10:40:00Z,2026-05-05T16:30:00Z
648,294,cancelled,29480,24.99,8,33.2582,-83.8751,2026-05-09,,2118,96.3,2026-05-03T10:35:00Z,2026-05-05T16:30:00Z
649,313,confirmed,80400,0,1,36.8638,-121.6299,2026-05-10,,2129,73.66,2026-05-03T10:30:00Z,2026-05-05T16:30:00Z
650,332,processing,31700,7.99,6,39.2886,-104.804,2026-05-11,,2140,83.85,2026-05-03T10:25:00Z,2026-05-05T16:30:00Z
651,351,shipped,19850,14.99,11,33.064,-96.098,2026-05-12,,2151,51.01,2026-05-03T10:20:00Z,2026-05-05T16:30:00Z
652,370,delivered,48400,24.99,4,26.327,-80.6666,2026-05-06,2026-05-03,2162,88.76,2026-05-03T10:15:00Z,2026-05-05T16:30:00Z
653,389,pending,46700,0,9,42.0432,-70.6467,2026-05-07,,2173,41.53,2026-05-03T10:10:00Z,2026-05-05T16:30:00Z
654,408,confirmed,36750,7.99,2,33.7561,-118.1702,2026-05-08,,2184,96.03,2026-05-03T10:05:00Z,2026-05-05T16:30:00Z
655,427,processing,29400,14.99,7,47.1345,-121.699,2026-05-09,,2195,77.54,2026-05-03T10:00:00Z,2026-05-05T16:30:00Z
656,446,cancelled,10540,24.99,12,33.338,-112.6293,2026-05-10,,2206,64.74,2026-05-03T09:55:00Z,2026-05-05T16:30:00Z
657,465,confirmed,39010,0,5,35.6553,-78.2554,2026-05-11,,2217,40.59,2026-05-03T09:50:00Z,2026-05-05T16:30:00Z
658,484,processing,26720,7.99,10,41.7601,-88.259,2026-05-12,,2228,42.5,2026-05-03T09:45:00Z,2026-05-05T16:30:00Z
659,503,shipped,49750,14.99,3,41.0008,-74.1496,2026-05-06,,2239,48.26,2026-05-03T09:40:00Z,2026-05-05T16:30:00Z
660,522,delivered,60000,24.99,8,33.4867,-84.1468,2026-05-07,2026-05-03,2250,57.56,2026-05-03T09:35:00Z,2026-05-05T16:30:00Z
661,541,pending,18895,0,,36.8389,-121.8483,2026-05-08,,2261,48.66,2026-05-03T09:30:00Z,2026-05-05T16:30:00Z
662,560,confirmed,27220,7.99,6,40.2344,-104.6466,2026-05-09,,2272,42.44,2026-05-03T09:25:00Z,2026-05-05T16:30:00Z
663,579,processing,93450,14.99,11,32.6772,-96.2362,2026-05-10,,2283,56.4,2026-05-03T09:20:00Z,2026-05-05T16:30:00Z
664,598,cancelled,39940,24.99,4,25.1984,-80.0692,2026-05-11,,2294,65.83,2026-05-03T09:15:00Z,2026-05-05T16:30:00Z
665,617,confirmed,19548,0,9,42.7744,-70.986,2026-05-12,,2305,39.24,2026-05-03T09:10:00Z,2026-05-05T16:30:00Z
666,636,processing,68250,7.99,2,33.9527,-117.825,2026-05-06,,2316,37.49,2026-05-03T09:05:00Z,2026-05-05T16:30:00Z
667,655,shipped,35140,14.99,7,47.6264,-121.7498,2026-05-07,,2327,37.04,2026-05-03T09:00:00Z,2026-05-05T16:30:00Z
668,674,delivered,29220,24.99,12,33.3271,-111.3962,2026-05-08,2026-05-03,2338,39.98,2026-05-03T08:55:00Z,2026-05-05T16:30:00Z
669,693,pending,6760,0,5,35.7578,-78.0341,2026-05-09,,2349,54.84,2026-05-03T08:50:00Z,2026-05-05T16:30:00Z
670,712,confirmed,39540,7.99,10,41.995,-87.3637,2026-05-10,,2360,74.98,2026-05-03T08:45:00Z,2026-05-05T16:30:00Z
671,731,processing,30170,14.99,3,40.0186,-73.65,2026-05-11,,2371,95.35,2026-05-03T08:40:00Z,2026-05-05T16:30:00Z
672,750,cancelled,36100,24.99,8,33.1933,-84.8963,2026-05-12,,2382,96.79,2026-05-03T08:35:00Z,2026-05-05T16:30:00Z
673,769,confirmed,33250,0,1,37.6608,-122.1197,2026-05-06,,2393,78.11,2026-05-03T08:30:00Z,2026-05-05T16:30:00Z
674,788,processing,25580,7.99,6,40.3095,-105.6203,2026-05-07,,2404,65.82,2026-05-03T08:25:00Z,2026-05-05T16:30:00Z
675,807,shipped,33500,14.99,11,32.6202,-97.25,2026-05-08,,2415,44.03,2026-05-03T08:20:00Z,2026-05-05T16:30:00Z
676,826,delivered,25220,24.99,4,25.5397,-80.5258,2026-05-09,2026-05-03,2426,61.51,2026-05-03T08:15:00Z,2026-05-05T16:30:00Z
677,845,pending,78500,0,9,41.6711,-70.8255,2026-05-10,,2437,64.75,2026-05-03T08:10:00Z,2026-05-05T16:30:00Z
678,864,confirmed,12842,7.99,2,34.716,-118.7261,2026-05-11,,2448,39.41,2026-05-03T08:05:00Z,2026-05-05T16:30:00Z
679,883,processing,62460,14.99,7,47.7254,-122.2435,2026-05-12,,2459,59.95,2026-05-03T08:00:00Z,2026-05-05T16:30:00Z
680,902,cancelled,37760,24.99,12,33.9859,-111.8981,2026-05-06,,2470,59.15,2026-05-03T07:55:00Z,2026-05-05T16:30:00Z
681,921,confirmed,34790,0,5,36.2384,-79.0014,2026-05-07,,2481,65.82,2026-05-03T07:50:00Z,2026-05-05T16:30:00Z
682,940,processing,67000,7.99,10,41.3659,-88.2626,2026-05-08,,2492,43.5,2026-05-03T07:45:00Z,2026-05-05T16:30:00Z
683,959,shipped,24900,14.99,3,40.2215,-74.5677,2026-05-09,,2503,42.02,2026-05-03T07:40:00Z,2026-05-05T16:30:00Z
684,978,delivered,24600,24.99,8,34.2215,-84.1773,2026-05-10,2026-05-03,2514,82.39,2026-05-03T07:35:00Z,2026-05-05T16:30:00Z
685,997,pending,31400,0,,36.6905,-122.4613,2026-05-11,,2525,79.5,2026-05-03T07:30:00Z,2026-05-05T16:30:00Z
686,1016,confirmed,21210,7.99,6,39.9549,-104.8347,2026-05-12,,2536,68.81,2026-05-03T07:25:00Z,2026-05-05T16:30:00Z
687,1035,processing,34010,14.99,11,32.7954,-96.9598,2026-05-06,,2547,59.25,2026-05-03T07:20:00Z,2026-05-05T16:30:00Z
688,1054,cancelled,10360,24.99,4,25.3631,-79.6767,2026-05-07,,2558,76.9,2026-05-03T07:15:00Z,2026-05-05T16:30:00Z
689,1073,confirmed,7620,0,9,42.1986,-71.3962,2026-05-08,,2569,51.61,2026-05-03T07:10:00Z,2026-05-05T16:30:00Z
690,1092,processing,46000,7.99,2,33.611,-118.4787,2026-05-09,,2580,59.74,2026-05-03T07:05:00Z,2026-05-05T16:30:00Z
691,1111,shipped,28900,14.99,7,47.7975,-121.802,2026-05-10,,2591,84.44,2026-05-03T07:00:00Z,2026-05-05T16:30:00Z
692,1130,delivered,50520,24.99,12,33.3687,-112.4517,2026-05-11,2026-05-03,2602,83.48,2026-05-03T06:55:00Z,2026-05-05T16:30:00Z
693,1149,pending,27400,0,5,35.9432,-78.9034,2026-05-12,,2613,71.37,2026-05-03T06:50:00Z,2026-05-05T16:30:00Z
694,1168,confirmed,49460,7.99,10,41.4153,-87.729,2026-05-06,,2624,79.72,2026-05-03T06:45:00Z,2026-05-05T16:30:00Z
695,1187,processing,61700,14.99,3,41.2597,-73.8146,2026-05-07,,2635,81.66,2026-05-03T06:40:00Z,2026-05-05T16:30:00Z
696,1206,cancelled,98300,24.99,8,33.3023,-84.9692,2026-05-08,,2646,55.67,2026-05-03T06:35:00Z,2026-05-05T16:30:00Z
697,1225,confirmed,15970,0,1,36.7974,-121.5483,2026-05-09,,2657,84.81,2026-05-03T06:30:00Z,2026-05-05T16:30:00Z
698,1244,processing,36730,7.99,6,39.9238,-105.5755,2026-05-10,,2668,75.04,2026-05-03T06:25:00Z,2026-05-05T16:30:00Z
699,1263,shipped,55080,14.99,11,32.382,-97.2608,2026-05-11,,2679,81.62,2026-05-03T06:20:00Z,2026-05-05T16:30:00Z
700,1282,delivered,49640,24.99,4,25.4656,-80.5908,2026-05-12,2026-05-03,2690,45.24,2026-05-03T06:15:00Z,2026-05-05T16:30:00Z
701,1301,pending,25020,0,9,42.142,-70.8437,2026-05-06,,2701,43.48,2026-05-03T06:10:00Z,2026-05-05T16:30:00Z
702,1320,confirmed,12605,7.99,2,33.5479,-117.5462,2026-05-07,,2712,56.2,2026-05-03T06:05:00Z,2026-05-05T16:30:00Z
703,1339,processing,43100,14.99,7,47.4402,-122.4594,2026-05-08,,2723,47.72,2026-05-03T06:00:00Z,2026-05-05T16:30:00Z
704,1358,cancelled,49200,24.99,12,33.7578,-112.4271,2026-05-09,,2734,53.12,2026-05-03T05:55:00Z,2026-05-05T16:30:00Z
705,1377,confirmed,27770,0,5,35.4978,-78.2499,2026-05-10,,2745,61.32,2026-05-03T05:50:00Z,2026-05-05T16:30:00Z
706,1396,processing,32044,7.99,10,42.4279,-87.9427,2026-05-11,,2756,96.89,2026-05-03T05:45:00Z,2026-05-05T16:30:00Z
707,1415,shipped,33550,14.99,3,40.8614,-74.0664,2026-05-12,,2767,87.45,2026-05-03T05:40:00Z,2026-05-05T16:30:00Z
708,1434,delivered,29480,24.99,8,33.223,-84.5564,2026-05-06,2026-05-03,2778,96.51,2026-05-03T05:35:00Z,2026-05-05T16:30:00Z
709,1453,pending,80400,0,,36.8492,-121.6066,2026-05-07,,2789,70.8,2026-05-03T05:30:00Z,2026-05-05T16:30:00Z
710,1472,confirmed,31700,7.99,6,39.9167,-104.3517,2026-05-08,,2800,49.53,2026-05-03T05:25:00Z,2026-05-05T16:30:00Z
711,1491,processing,19850,14.99,11,32.9077,-96.8455,2026-05-09,,2811,58.69,2026-05-03T05:20:00Z,2026-05-05T16:30:00Z
712,1510,cancelled,48400,24.99,4,25.2072,-80.6624,2026-05-10,,2822,65.44,2026-05-03T05:15:00Z,2026-05-05T16:30:00Z
713,1529,confirmed,46700,0,9,42.5394,-70.7129,2026-05-11,,2833,39.1,2026-05-03T05:10:00Z,2026-05-05T16:30:00Z
714,1548,processing,36750,7.99,2,34.0257,-118.1817,2026-05-12,,2844,62.32,2026-05-03T05:05:00Z,2026-05-05T16:30:00Z
715,1567,shipped,29400,14.99,7,48.1027,-122.4667,2026-05-06,,2855,47.96,2026-05-03T05:00:00Z,2026-05-05T16:30:00Z
716,1586,delivered,10540,24.99,12,33.952,-112.2605,2026-05-07,2026-05-03,2866,89.13,2026-05-03T04:55:00Z,2026-05-05T16:30:00Z
717,1605,pending,39010,0,5,35.4462,-78.4827,2026-05-08,,2877,82.55,2026-05-03T04:50:00Z,2026-05-05T16:30:00Z
718,1624,confirmed,26720,7.99,10,41.2443,-87.9369,2026-05-09,,2888,45.38,2026-05-03T04:45:00Z,2026-05-05T16:30:00Z
719,1643,processing,49750,14.99,3,41.2502,-73.7888,2026-05-10,,2899,84.1,2026-05-03T04:40:00Z,2026-05-05T16:30:00Z
720,1662,cancelled,60000,24.99,8,33.7791,-84.3154,2026-05-11,,2910,49.87,2026-05-03T04:35:00Z,2026-05-05T16:30:00Z
721,1681,confirmed,18895,0,1,36.9343,-121.5847,2026-05-12,,2921,64.35,2026-05-05T16:30:00Z,2026-05-05T16:30:00Z
722,1700,processing,27220,7.99,6,39.6699,-105.4416,2026-05-06,,2932,74.33,2026-05-05T16:25:00Z,2026-05-05T16:30:00Z
723,1719,shipped,93450,14.99,11,32.9749,-97.4067,2026-05-07,,2943,42.32,2026-05-05T16:20:00Z,2026-05-05T16:30:00Z
724,1738,delivered,39940,24.99,4,25.585,-80.604,2026-05-08,2026-05-05,2954,35.98,2026-05-05T16:15:00Z,2026-05-05T16:30:00Z
725,1757,pending,19548,0,9,42.3453,-70.771,2026-05-09,,2965,35.7,2026-05-05T16:10:00Z,2026-05-05T16:30:00Z
726,1776,confirmed,68250,7.99,2,34.6613,-118.6357,2026-05-10,,2976,85.11,2026-05-05T16:05:00Z,2026-05-05T16:30:00Z
727,1795,processing,35140,14.99,7,47.2495,-122.23,2026-05-11,,2987,69.93,2026-05-05T16:00:00Z,2026-05-05T16:30:00Z
728,1814,cancelled,29220,24.99,12,33.2048,-112.4399,2026-05-12,,2998,44.99,2026-05-05T15:55:00Z,2026-05-05T16:30:00Z
729,1833,confirmed,6760,0,5,35.9727,-78.7333,2026-05-06,,3009,80.6,2026-05-05T15:50:00Z,2026-05-05T16:30:00Z
730,1852,processing,39540,7.99,10,41.2904,-88.3222,2026-05-07,,3020,80.65,2026-05-05T15:45:00Z,2026-05-05T16:30:00Z
731,1871,shipped,30170,14.99,3,41.3392,-73.8713,2026-05-08,,3031,77.94,2026-05-05T15:40:00Z,2026-05-05T16:30:00Z
732,1890,delivered,36100,24.99,8,34.0138,-83.9566,2026-05-09,2026-05-05,3042,52.51,2026-05-05T15:35:00Z,2026-05-05T16:30:00Z
733,1909,pending,33250,0,,37.733,-122.4924,2026-05-10,,3053,93.64,2026-05-05T15:30:00Z,2026-05-05T16:30:00Z
734,1928,confirmed,25580,7.99,6,39.5891,-105.2635,2026-05-11,,3064,83.3,2026-05-05T15:25:00Z,2026-05-05T16:30:00Z
735,1947,processing,33500,14.99,11,33.0764,-96.1414,2026-05-12,,3075,45.12,2026-05-05T15:20:00Z,2026-05-05T16:30:00Z
736,1966,cancelled,25220,24.99,4,26.4127,-79.7891,2026-05-06,,3086,39.25,2026-05-05T15:15:00Z,2026-05-05T16:30:00Z
737,1985,confirmed,78500,0,9,42.04,-70.5903,2026-05-07,,3097,60.8,2026-05-05T15:10:00Z,2026-05-05T16:30:00Z
738,4,processing,12842,7.99,2,41.9592,-88.1466,2026-05-08,,3108,55.17,2026-05-05T15:05:00Z,2026-05-05T16:30:00Z
739,23,shipped,62460,14.99,7,40.3396,-73.6423,2026-05-09,,3119,41.52,2026-05-05T15:00:00Z,2026-05-05T16:30:00Z
740,42,delivered,37760,24.99,12,33.3696,-84.7934,2026-05-10,2026-05-05,3130,35.02,2026-05-05T14:55:00Z,2026-05-05T16:30:00Z
741,61,pending,34790,0,5,37.5028,-121.6579,2026-05-11,,3141,45.97,2026-05-05T14:50:00Z,2026-05-05T16:30:00Z
742,80,confirmed,67000,7.99,10,39.4101,-105.5054,2026-05-12,,3152,41.79,2026-05-05T14:45:00Z,2026-05-05T16:30:00Z
743,99,processing,24900,14.99,3,32.4826,-96.4618,2026-05-06,,3163,85.97,2026-05-05T14:40:00Z,2026-05-05T16:30:00Z
744,118,cancelled,24600,24.99,8,26.1062,-79.8061,2026-05-07,,3174,38.23,2026-05-05T14:35:00Z,2026-05-05T16:30:00Z
745,137,confirmed,31400,0,1,42.7733,-71.7524,2026-05-08,,3185,65.01,2026-05-05T14:30:00Z,2026-05-05T16:30:00Z
746,156,processing,21210,7.99,6,34.5998,-118.7949,2026-05-09,,3196,94.4,2026-05-05T14:25:00Z,2026-05-05T16:30:00Z
747,175,shipped,34010,14.99,11,48.0866,-122.0905,2026-05-10,,3207,36.29,2026-05-05T14:20:00Z,2026-05-05T16:30:00Z
748,194,delivered,10360,24.99,4,34.0033,-112.1661,2026-05-11,2026-05-05,3218,54.29,2026-05-05T14:15:00Z,2026-05-05T16:30:00Z
749,213,pending,7620,0,9,35.8008,-78.3295,2026-05-12,,3229,59.76,2026-05-05T14:10:00Z,2026-05-05T16:30:00Z
750,232,confirmed,46000,7.99,2,41.5419,-87.5484,2026-05-06,,3240,36.12,2026-05-05T14:05:00Z,2026-05-05T16:30:00Z
751,251,processing,28900,14.99,7,40.316,-74.4769,2026-05-07,,3251,73.6,2026-05-05T14:00:00Z,2026-05-05T16:30:00Z
752,270,cancelled,50520,24.99,12,33.1178,-84.9084,2026-05-08,,3262,35.06,2026-05-05T13:55:00Z,2026-05-05T16:30:00Z
753,289,confirmed,27400,0,5,38.003,-121.238,2026-05-09,,3273,71.09,2026-05-05T13:50:00Z,2026-05-05T16:30:00Z
754,308,processing,49460,7.99,10,39.6961,-104.7704,2026-05-10,,3284,63.64,2026-05-05T13:45:00Z,2026-05-05T16:30:00Z
755,327,shipped,61700,14.99,3,32.2146,-96.9029,2026-05-11,,3295,55.95,2026-05-05T13:40:00Z,2026-05-05T16:30:00Z
756,346,delivered,98300,24.99,8,25.7261,-80.5676,2026-05-12,2026-05-05,3306,69.89,2026-05-05T13:35:00Z,2026-05-05T16:30:00Z
757,365,pending,15970,0,,42.5965,-71.0733,2026-05-06,,3317,63.91,2026-05-05T13:30:00Z,2026-05-05T16:30:00Z
758,384,confirmed,36730,7.99,6,33.7474,-117.6396,2026-05-07,,3328,87.49,2026-05-05T13:25:00Z,2026-05-05T16:30:00Z
759,403,processing,55080,14.99,11,47.18,-121.6846,2026-05-08,,3339,90.64,2026-05-05T13:20:00Z,2026-05-05T16:30:00Z
760,422,cancelled,49640,24.99,4,33.0171,-112.2564,2026-05-09,,3350,80.68,2026-05-05T13:15:00Z,2026-05-05T16:30:00Z
761,441,confirmed,25020,0,9,36.3842,-79.1088,2026-05-10,,3361,53.15,2026-05-05T13:10:00Z,2026-05-05T16:30:00Z
762,460,processing,12605,7.99,2,42.2678,-87.1067,2026-05-11,,3372,64.71,2026-05-05T13:05:00Z,2026-05-05T16:30:00Z
763,479,shipped,43100,14.99,7,40.8318,-73.8008,2026-05-12,,3383,38.7,2026-05-05T13:00:00Z,2026-05-05T16:30:00Z
764,498,delivered,49200,24.99,12,33.6283,-84.9022,2026-05-06,2026-05-05,3394,38.52,2026-05-05T12:55:00Z,2026-05-05T16:30:00Z
765,517,pending,27770,0,5,37.3156,-122.2093,2026-05-07,,3405,88.46,2026-05-05T12:50:00Z,2026-05-05T16:30:00Z
766,536,confirmed,32044,7.99,10,39.5992,-104.8194,2026-05-08,,3416,65.47,2026-05-05T12:45:00Z,2026-05-05T16:30:00Z
767,555,processing,33550,14.99,3,33.2913,-96.2106,2026-05-09,,3427,84.64,2026-05-05T12:40:00Z,2026-05-05T16:30:00Z
768,574,cancelled,29480,24.99,8,25.659,-79.7442,2026-05-10,,3438,85.89,2026-05-05T12:35:00Z,2026-05-05T16:30:00Z
769,593,confirmed,80400,0,1,41.7146,-71.3716,2026-05-11,,3449,92.99,2026-05-05T12:30:00Z,2026-05-05T16:30:00Z
770,612,processing,31700,7.99,6,34.4583,-117.9411,2026-05-12,,3460,76.29,2026-05-05T12:25:00Z,2026-05-05T16:30:00Z
771,631,shipped,19850,14.99,11,47.8754,-121.7766,2026-05-06,,3471,61.28,2026-05-05T12:20:00Z,2026-05-05T16:30:00Z
772,650,delivered,48400,24.99,4,33.2146,-111.709,2026-05-07,2026-05-05,3482,97.46,2026-05-05T12:15:00Z,2026-05-05T16:30:00Z
773,669,pending,46700,0,9,35.192,-78.4441,2026-05-08,,3493,37.3,2026-05-05T12:10:00Z,2026-05-05T16:30:00Z
774,688,confirmed,36750,7.99,2,42.2171,-87.0357,2026-05-09,,3504,54.32,2026-05-05T12:05:00Z,2026-05-05T16:30:00Z
775,707,processing,29400,14.99,7,40.3156,-74.208,2026-05-10,,3515,39.69,2026-05-05T12:00:00Z,2026-05-05T16:30:00Z
776,726,cancelled,10540,24.99,12,34.4436,-84.7277,2026-05-11,,3526,46.05,2026-05-05T11:55:00Z,2026-05-05T16:30:00Z
777,745,confirmed,39010,0,5,37.6116,-122.5606,2026-05-12,,3537,76.65,2026-05-05T11:50:00Z,2026-05-05T16:30:00Z
778,764,processing,26720,7.99,10,39.9507,-105.1643,2026-05-06,,3548,94.33,2026-05-05T11:45:00Z,2026-05-05T16:30:00Z
779,783,shipped,49750,14.99,3,32.9579,-96.867,2026-05-07,,3559,84.11,2026-05-05T11:40:00Z,2026-05-05T16:30:00Z
780,802,delivered,60000,24.99,8,25.3656,-79.7052,2026-05-08,2026-05-05,3570,94.5,2026-05-05T11:35:00Z,2026-05-05T16:30:00Z
781,821,pending,18895,0,,42.0184,-71.0264,2026-05-09,,3581,67.32,2026-05-05T11:30:00Z,2026-05-05T16:30:00Z
782,840,confirmed,27220,7.99,6,33.5496,-117.9204,2026-05-10,,3592,65.7,2026-05-05T11:25:00Z,2026-05-05T16:30:00Z
783,859,processing,93450,14.99,11,47.3851,-122.8899,2026-05-11,,3603,79.32,2026-05-05T11:20:00Z,2026-05-05T16:30:00Z
784,878,cancelled,39940,24.99,4,33.4902,-111.8933,2026-05-12,,3614,72.34,2026-05-05T11:15:00Z,2026-05-05T16:30:00Z
785,897,confirmed,19548,0,9,35.4583,-78.5127,2026-05-06,,3625,68.02,2026-05-05T11:10:00Z,2026-05-05T16:30:00Z
786,916,processing,68250,7.99,2,41.8549,-87.2257,2026-05-07,,3636,50.09,2026-05-05T11:05:00Z,2026-05-05T16:30:00Z
787,935,shipped,35140,14.99,7,40.238,-73.7172,2026-05-08,,3647,54.17,2026-05-05T11:00:00Z,2026-05-05T16:30:00Z
788,954,delivered,29220,24.99,12,33.8547,-84.0219,2026-05-09,2026-05-05,3658,38.46,2026-05-05T10:55:00Z,2026-05-05T16:30:00Z
789,973,pending,6760,0,5,37.962,-121.3679,2026-05-10,,3669,53.84,2026-05-05T10:50:00Z,2026-05-05T16:30:00Z
790,992,confirmed,39540,7.99,10,39.0746,-105.3371,2026-05-11,,3680,38.78,2026-05-05T10:45:00Z,2026-05-05T16:30:00Z
791,1011,processing,30170,14.99,3,33.0069,-96.1214,2026-05-12,,3691,94.61,2026-05-05T10:40:00Z,2026-05-05T16:30:00Z
792,1030,cancelled,36100,24.99,8,25.9685,-80.3739,2026-05-06,,3702,69.42,2026-05-05T10:35:00Z,2026-05-05T16:30:00Z
793,1049,confirmed,33250,0,1,42.1799,-70.5859,2026-05-07,,3713,58.68,2026-05-05T10:30:00Z,2026-05-05T16:30:00Z
794,1068,processing,25580,7.99,6,33.4531,-118.3551,2026-05-08,,3724,80.64,2026-05-05T10:25:00Z,2026-05-05T16:30:00Z
795,1087,shipped,33500,14.99,11,47.5373,-122.5189,2026-05-09,,3735,64.7,2026-05-05T10:20:00Z,2026-05-05T16:30:00Z
796,1106,delivered,25220,24.99,4,32.9828,-111.5406,2026-05-10,2026-05-05,3746,36.91,2026-05-05T10:15:00Z,2026-05-05T16:30:00Z
797,1125,pending,78500,0,9,35.8889,-79.2108,2026-05-11,,3757,72.26,2026-05-05T10:10:00Z,2026-05-05T16:30:00Z
798,1144,confirmed,12842,7.99,2,42.2778,-88.2208,2026-05-12,,3768,45.14,2026-05-05T10:05:00Z,2026-05-05T16:30:00Z
799,1163,processing,62460,14.99,7,40.6339,-73.7595,2026-05-06,,3779,54.1,2026-05-05T10:00:00Z,2026-05-05T16:30:00Z
800,1182,cancelled,37760,24.99,12,33.7434,-84.5342,2026-05-07,,3790,37.05,2026-05-05T09:55:00Z,2026-05-05T16:30:00Z
801,1201,confirmed,34790,0,5,37.2661,-122.516,2026-05-08,,3801,44.11,2026-05-05T09:50:00Z,2026-05-05T16:30:00Z
802,1220,processing,67000,7.99,10,40.1845,-104.4499,2026-05-09,,3812,63.87,2026-05-05T09:45:00Z,2026-05-05T16:30:00Z
803,1239,shipped,24900,14.99,3,32.1819,-97.243,2026-05-10,,3823,94.07,2026-05-05T09:40:00Z,2026-05-05T16:30:00Z
804,1258,delivered,24600,24.99,8,25.9967,-80.5886,2026-05-11,2026-05-05,3834,78.48,2026-05-05T09:35:00Z,2026-05-05T16:30:00Z
805,1277,pending,31400,0,,42.9966,-70.7362,2026-05-12,,3845,77.04,2026-05-05T09:30:00Z,2026-05-05T16:30:00Z
806,1296,confirmed,21210,7.99,6,33.5885,-117.6992,2026-05-06,,3856,76.34,2026-05-05T09:25:00Z,2026-05-05T16:30:00Z
807,1315,processing,34010,14.99,11,47.855,-122.0315,2026-05-07,,3867,79.83,2026-05-05T09:20:00Z,2026-05-05T16:30:00Z
808,1334,cancelled,10360,24.99,4,33.3115,-111.4954,2026-05-08,,3878,92.05,2026-05-05T09:15:00Z,2026-05-05T16:30:00Z
809,1353,confirmed,7620,0,9,36.0942,-79.1863,2026-05-09,,3889,92.51,2026-05-05T09:10:00Z,2026-05-05T16:30:00Z
810,1372,processing,46000,7.99,2,42.4525,-87.4192,2026-05-10,,3900,92.03,2026-05-05T09:05:00Z,2026-05-05T16:30:00Z
811,1391,shipped,28900,14.99,7,40.8985,-73.8201,2026-05-11,,3911,48.68,2026-05-05T09:00:00Z,2026-05-05T16:30:00Z
812,1410,delivered,50520,24.99,12,34.0496,-84.4401,2026-05-12,2026-05-05,3922,80.14,2026-05-05T08:55:00Z,2026-05-05T16:30:00Z
813,1429,pending,27400,0,5,37.6289,-121.6606,2026-05-06,,3933,45.35,2026-05-05T08:50:00Z,2026-05-05T16:30:00Z
814,1448,confirmed,49460,7.99,10,39.8371,-105.6081,2026-05-07,,3944,79.15,2026-05-05T08:45:00Z,2026-05-05T16:30:00Z
815,1467,processing,61700,14.99,3,33.1962,-97.1673,2026-05-08,,3955,66.11,2026-05-05T08:40:00Z,2026-05-05T16:30:00Z
816,1486,cancelled,98300,24.99,8,26.3264,-80.5296,2026-05-09,,3966,93.7,2026-05-05T08:35:00Z,2026-05-05T16:30:00Z
817,1505,confirmed,15970,0,1,42.6943,-71.6892,2026-05-10,,3977,73.15,2026-05-05T08:30:00Z,2026-05-05T16:30:00Z
818,1524,processing,36730,7.99,6,33.8413,-118.726,2026-05-11,,3988,54.44,2026-05-05T08:25:00Z,2026-05-05T16:30:00Z
819,1543,shipped,55080,14.99,11,47.2065,-121.6695,2026-05-12,,3999,55.23,2026-05-05T08:20:00Z,2026-05-05T16:30:00Z
820,1562,delivered,49640,24.99,4,34.1306,-111.9731,2026-05-06,2026-05-05,4010,95.97,2026-05-05T08:15:00Z,2026-05-05T16:30:00Z
821,1581,pending,25020,0,9,35.6966,-78.4224,2026-05-07,,4021,71.48,2026-05-05T08:10:00Z,2026-05-05T16:30:00Z
822,1600,confirmed,12605,7.99,2,42.2172,-87.0613,2026-05-08,,4032,37.96,2026-05-05T08:05:00Z,2026-05-05T16:30:00Z
823,1619,processing,43100,14.99,7,40.2805,-73.8902,2026-05-09,,4043,95.57,2026-05-05T08:00:00Z,2026-05-05T16:30:00Z
824,1638,cancelled,49200,24.99,12,33.9155,-83.9145,2026-05-10,,4054,61.6,2026-05-05T07:55:00Z,2026-05-05T16:30:00Z
825,1657,confirmed,27770,0,5,37.2449,-122.5471,2026-05-11,,4065,49.03,2026-05-05T07:50:00Z,2026-05-05T16:30:00Z
826,1676,processing,32044,7.99,10,39.5976,-104.58,2026-05-12,,4076,85.35,2026-05-05T07:45:00Z,2026-05-05T16:30:00Z
827,1695,shipped,33550,14.99,3,32.3024,-97.2397,2026-05-06,,4087,67.64,2026-05-05T07:40:00Z,2026-05-05T16:30:00Z
828,1714,delivered,29480,24.99,8,25.116,-80.8131,2026-05-07,2026-05-05,4098,50.59,2026-05-05T07:35:00Z,2026-05-05T16:30:00Z
829,1733,pending,80400,0,,41.8604,-70.6499,2026-05-08,,4109,38.74,2026-05-05T07:30:00Z,2026-05-05T16:30:00Z
830,1752,confirmed,31700,7.99,6,33.6057,-118.583,2026-05-09,,4120,79.88,2026-05-05T07:25:00Z,2026-05-05T16:30:00Z
831,1771,processing,19850,14.99,11,47.6805,-121.9662,2026-05-10,,4131,42.71,2026-05-05T07:20:00Z,2026-05-05T16:30:00Z
832,1790,cancelled,48400,24.99,4,33.7069,-112.4121,2026-05-11,,4142,64.55,2026-05-05T07:15:00Z,2026-05-05T16:30:00Z
833,1809,confirmed,46700,0,9,35.4927,-79.1306,2026-05-12,,4153,79.21,2026-05-05T07:10:00Z,2026-05-05T16:30:00Z
834,1828,processing,36750,7.99,2,41.8843,-87.7859,2026-05-06,,4164,66.52,2026-05-05T07:05:00Z,2026-05-05T16:30:00Z
835,1847,shipped,29400,14.99,7,40.9249,-73.8372,2026-05-07,,4175,74.6,2026-05-05T07:00:00Z,2026-05-05T16:30:00Z
836,1866,delivered,10540,24.99,12,34.3569,-83.8508,2026-05-08,2026-05-05,4186,49.75,2026-05-05T06:55:00Z,2026-05-05T16:30:00Z
837,1885,pending,39010,0,5,36.7311,-122.0892,2026-05-09,,4197,52.21,2026-05-05T06:50:00Z,2026-05-05T16:30:00Z
838,1904,confirmed,26720,7.99,10,40.3532,-104.4851,2026-05-10,,4208,90.65,2026-05-05T06:45:00Z,2026-05-05T16:30:00Z
839,1923,processing,49750,14.99,3,33.2839,-96.6505,2026-05-11,,4219,64.02,2026-05-05T06:40:00Z,2026-05-05T16:30:00Z
840,1942,cancelled,60000,24.99,8,25.2528,-80.4758,2026-05-12,,4230,38.75,2026-05-05T06:35:00Z,2026-05-05T16:30:00Z
841,1961,confirmed,18895,0,1,41.9102,-70.5214,2026-05-06,,4241,46.41,2026-05-05T06:30:00Z,2026-05-05T16:30:00Z
842,1980,processing,27220,7.99,6,33.4216,-117.7794,2026-05-07,,4252,71.67,2026-05-05T06:25:00Z,2026-05-05T16:30:00Z
843,1999,shipped,93450,14.99,11,46.9708,-121.8316,2026-05-08,,4263,72.61,2026-05-05T06:20:00Z,2026-05-05T16:30:00Z
844,18,delivered,39940,24.99,4,34.2604,-84.9463,2026-05-09,2026-05-05,4274,46.87,2026-05-05T06:15:00Z,2026-05-05T16:30:00Z
845,37,pending,19548,0,9,37.6211,-121.266,2026-05-10,,4285,35.41,2026-05-05T06:10:00Z,2026-05-05T16:30:00Z
846,56,confirmed,68250,7.99,2,40.25,-105.4536,2026-05-11,,4296,55.97,2026-05-05T06:05:00Z,2026-05-05T16:30:00Z
847,75,processing,35140,14.99,7,32.2752,-97.1624,2026-05-12,,4307,64.66,2026-05-05T06:00:00Z,2026-05-05T16:30:00Z
848,94,cancelled,29220,24.99,12,25.2423,-79.8306,2026-05-06,,4318,79.34,2026-05-05T05:55:00Z,2026-05-05T16:30:00Z
849,113,confirmed,6760,0,5,42.3013,-71.1729,2026-05-07,,4329,59.88,2026-05-05T05:50:00Z,2026-05-05T16:30:00Z
850,132,processing,39540,7.99,10,34.1307,-118.0881,2026-05-08,,4340,41.43,2026-05-05T05:45:00Z,2026-05-05T16:30:00Z
851,151,shipped,30170,14.99,3,48.0315,-121.7113,2026-05-09,,4351,77.1,2026-05-05T05:40:00Z,2026-05-05T16:30:00Z
852,170,delivered,36100,24.99,8,33.4233,-111.4212,2026-05-10,2026-05-05,4362,97.76,2026-05-05T05:35:00Z,2026-05-05T16:30:00Z
853,189,pending,33250,0,,36.0876,-78.3885,2026-05-11,,4373,37.16,2026-05-05T05:30:00Z,2026-05-05T16:30:00Z
854,208,confirmed,25580,7.99,6,42.3065,-87.8264,2026-05-12,,4384,51.62,2026-05-05T05:25:00Z,2026-05-05T16:30:00Z
855,227,processing,33500,14.99,11,40.4721,-74.1407,2026-05-06,,4395,76.72,2026-05-05T05:20:00Z,2026-05-05T16:30:00Z
856,246,cancelled,25220,24.99,4,34.0051,-84.5545,2026-05-07,,4406,39.34,2026-05-05T05:15:00Z,2026-05-05T16:30:00Z
857,265,confirmed,78500,0,9,37.2521,-121.3016,2026-05-08,,4417,72.05,2026-05-05T05:10:00Z,2026-05-05T16:30:00Z
858,284,processing,12842,7.99,2,39.0444,-104.3137,2026-05-09,,4428,49.7,2026-05-05T05:05:00Z,2026-05-05T16:30:00Z
859,303,shipped,62460,14.99,7,32.1483,-96.1293,2026-05-10,,4439,93.63,2026-05-05T05:00:00Z,2026-05-05T16:30:00Z
860,322,delivered,37760,24.99,12,26.1273,-80.0581,2026-05-11,2026-05-05,4450,59.75,2026-05-05T04:55:00Z,2026-05-05T16:30:00Z
861,341,pending,34790,0,5,42.1411,-71.6149,2026-05-12,,4461,51.03,2026-05-05T04:50:00Z,2026-05-05T16:30:00Z
862,360,confirmed,67000,7.99,10,34.3135,-118.6949,2026-05-06,,4472,37.49,2026-05-05T04:45:00Z,2026-05-05T16:30:00Z
863,379,processing,24900,14.99,3,48.2124,-122.491,2026-05-07,,4483,44.29,2026-05-05T04:40:00Z,2026-05-05T16:30:00Z
864,398,cancelled,24600,24.99,8,33.7016,-111.5334,2026-05-08,,4494,42.38,2026-05-05T04:35:00Z,2026-05-05T16:30:00Z
865,417,confirmed,31400,0,1,36.4161,-78.3685,2026-05-09,,4505,44.77,2026-05-05T04:30:00Z,2026-05-05T16:30:00Z
866,436,processing,21210,7.99,6,42.2902,-87.4208,2026-05-10,,4516,60.04,2026-05-05T04:25:00Z,2026-05-05T16:30:00Z
867,455,shipped,34010,14.99,11,40.0799,-73.7107,2026-05-11,,4527,47.27,2026-05-05T04:20:00Z,2026-05-05T16:30:00Z
868,474,delivered,10360,24.99,4,34.1412,-85.0521,2026-05-12,2026-05-05,4538,62.59,2026-05-05T04:15:00Z,2026-05-05T16:30:00Z
869,493,pending,7620,0,9,37.7889,-121.631,2026-05-06,,4549,94.44,2026-05-05T04:10:00Z,2026-05-05T16:30:00Z
870,512,confirmed,46000,7.99,2,40.0318,-105.6625,2026-05-07,,4560,38.6,2026-05-05T04:05:00Z,2026-05-05T16:30:00Z
871,531,processing,28900,14.99,7,33.0922,-97.4694,2026-05-08,,4571,96.19,2026-05-05T04:00:00Z,2026-05-05T16:30:00Z
872,550,cancelled,50520,24.99,12,25.6268,-80.3992,2026-05-09,,4582,94.26,2026-05-05T03:55:00Z,2026-05-05T16:30:00Z
873,569,confirmed,27400,0,5,42.3095,-70.8356,2026-05-10,,4593,61.83,2026-05-05T03:50:00Z,2026-05-05T16:30:00Z
874,588,processing,49460,7.99,10,34.496,-118.5027,2026-05-11,,4604,65.96,2026-05-05T03:45:00Z,2026-05-05T16:30:00Z
875,607,shipped,61700,14.99,3,48.2723,-123.0186,2026-05-12,,4615,66.99,2026-05-05T03:40:00Z,2026-05-05T16:30:00Z
876,626,delivered,98300,24.99,8,34.0895,-112.7583,2026-05-06,2026-05-05,4626,66.47,2026-05-05T03:35:00Z,2026-05-05T16:30:00Z
877,645,pending,15970,0,,36.1604,-78.3462,2026-05-07,,4637,72.43,2026-05-05T03:30:00Z,2026-05-05T16:30:00Z
878,664,confirmed,36730,7.99,6,41.4895,-87.4832,2026-05-08,,4648,44.33,2026-05-05T03:25:00Z,2026-05-05T16:30:00Z
879,683,processing,55080,14.99,11,40.6789,-73.6594,2026-05-09,,4659,60.15,2026-05-05T03:20:00Z,2026-05-05T16:30:00Z
880,702,cancelled,49640,24.99,4,33.1999,-84.4262,2026-05-10,,4670,36.97,2026-05-05T03:15:00Z,2026-05-05T16:30:00Z
881,721,confirmed,25020,0,9,36.7073,-121.7287,2026-05-11,,4681,72.51,2026-05-05T03:10:00Z,2026-05-05T16:30:00Z
882,740,processing,12605,7.99,2,39.8587,-104.8701,2026-05-12,,4692,43.89,2026-05-05T03:05:00Z,2026-05-05T16:30:00Z
883,759,shipped,43100,14.99,7,32.6307,-97.2975,2026-05-06,,4703,64.87,2026-05-05T03:00:00Z,2026-05-05T16:30:00Z
884,778,delivered,49200,24.99,12,26.1594,-79.7397,2026-05-07,2026-05-05,4714,89.14,2026-05-05T02:55:00Z,2026-05-05T16:30:00Z
885,797,pending,27770,0,5,41.7458,-71.2356,2026-05-08,,4725,49.28,2026-05-05T02:50:00Z,2026-05-05T16:30:00Z
886,816,confirmed,32044,7.99,10,34.1725,-118.6529,2026-05-09,,4736,47.71,2026-05-05T02:45:00Z,2026-05-05T16:30:00Z
887,835,processing,33550,14.99,3,47.4157,-121.7097,2026-05-10,,4747,61.95,2026-05-05T02:40:00Z,2026-05-05T16:30:00Z
888,854,cancelled,29480,24.99,8,33.8495,-112.6097,2026-05-11,,4758,66.39,2026-05-05T02:35:00Z,2026-05-05T16:30:00Z
889,873,confirmed,80400,0,1,36.084,-77.9497,2026-05-12,,4769,72.57,2026-05-05T02:30:00Z,2026-05-05T16:30:00Z
890,892,processing,31700,7.99,6,42.0619,-87.639,2026-05-06,,4780,37.33,2026-05-05T02:25:00Z,2026-05-05T16:30:00Z
891,911,shipped,19850,14.99,11,40.5484,-73.7353,2026-05-07,,4791,80.45,2026-05-05T02:20:00Z,2026-05-05T16:30:00Z
892,930,delivered,48400,24.99,4,33.168,-84.6181,2026-05-08,2026-05-05,4802,86.29,2026-05-05T02:15:00Z,2026-05-05T16:30:00Z
893,949,pending,46700,0,9,37.6222,-122.3509,2026-05-09,,4813,79.93,2026-05-05T02:10:00Z,2026-05-05T16:30:00Z
894,968,confirmed,36750,7.99,2,40.1124,-105.2674,2026-05-10,,4824,36.09,2026-05-05T02:05:00Z,2026-05-05T16:30:00Z
895,987,processing,29400,14.99,7,33.3567,-96.3779,2026-05-11,,4835,83.8,2026-05-05T02:00:00Z,2026-05-05T16:30:00Z
896,1006,cancelled,10540,24.99,12,25.3463,-80.1827,2026-05-12,,4846,47.12,2026-05-05T01:55:00Z,2026-05-05T16:30:00Z
897,1025,confirmed,39010,0,5,42.9363,-71.6864,2026-05-06,,4857,96.17,2026-05-05T01:50:00Z,2026-05-05T16:30:00Z
898,1044,processing,26720,7.99,10,33.6884,-118.1362,2026-05-07,,4868,88.61,2026-05-05T01:45:00Z,2026-05-05T16:30:00Z
899,1063,shipped,49750,14.99,3,47.794,-123.0196,2026-05-08,,4879,91.37,2026-05-05T01:40:00Z,2026-05-05T16:30:00Z
900,1082,delivered,60000,24.99,8,34.1201,-111.7547,2026-05-09,2026-05-05,4890,70.17,2026-05-05T01:35:00Z,2026-05-05T16:30:00Z
901,1101,pending,18895,0,,36.1599,-78.3058,2026-05-10,,4901,69.24,2026-05-05T01:30:00Z,2026-05-05T16:30:00Z
902,1120,confirmed,27220,7.99,6,42.4407,-87.6082,2026-05-11,,4912,74,2026-05-05T01:25:00Z,2026-05-05T16:30:00Z
903,1139,processing,93450,14.99,11,40.9918,-74.1778,2026-05-12,,4923,72.8,2026-05-05T01:20:00Z,2026-05-05T16:30:00Z
904,1158,cancelled,39940,24.99,4,33.0606,-84.8514,2026-05-06,,4934,85.6,2026-05-05T01:15:00Z,2026-05-05T16:30:00Z
905,1177,confirmed,19548,0,9,36.8713,-121.5733,2026-05-07,,4945,60.53,2026-05-05T01:10:00Z,2026-05-05T16:30:00Z
906,1196,processing,68250,7.99,2,39.3565,-104.8711,2026-05-08,,4956,52.56,2026-05-05T01:05:00Z,2026-05-05T16:30:00Z
907,1215,shipped,35140,14.99,7,33.1426,-96.6924,2026-05-09,,4967,41.54,2026-05-05T01:00:00Z,2026-05-05T16:30:00Z
908,1234,delivered,29220,24.99,12,26.1252,-80.5803,2026-05-10,2026-05-05,4978,88.51,2026-05-05T00:55:00Z,2026-05-05T16:30:00Z
909,1253,pending,6760,0,5,42.1221,-71.4729,2026-05-11,,4989,73.03,2026-05-05T00:50:00Z,2026-05-05T16:30:00Z
910,1272,confirmed,39540,7.99,10,34.5796,-118.3807,2026-05-12,,5000,81.96,2026-05-05T00:45:00Z,2026-05-05T16:30:00Z
911,1291,processing,30170,14.99,3,47.0582,-122.1994,2026-05-06,,11,52.1,2026-05-05T00:40:00Z,2026-05-05T16:30:00Z
912,1310,cancelled,36100,24.99,8,33.1132,-112.1752,2026-05-07,,22,73.11,2026-05-05T00:35:00Z,2026-05-05T16:30:00Z
913,1329,confirmed,33250,0,1,35.487,-78.6979,2026-05-08,,33,47.92,2026-05-05T00:30:00Z,2026-05-05T16:30:00Z
914,1348,processing,25580,7.99,6,42.543,-87.6061,2026-05-09,,44,48.05,2026-05-05T00:25:00Z,2026-05-05T16:30:00Z
915,1367,shipped,33500,14.99,11,41.1173,-73.9706,2026-05-10,,55,97.13,2026-05-05T00:20:00Z,2026-05-05T16:30:00Z
916,1386,delivered,25220,24.99,4,34.0106,-84.3206,2026-05-11,2026-05-05,66,72.57,2026-05-05T00:15:00Z,2026-05-05T16:30:00Z
917,1405,pending,78500,0,9,37.7033,-122.4166,2026-05-12,,77,95.55,2026-05-05T00:10:00Z,2026-05-05T16:30:00Z
918,1424,confirmed,12842,7.99,2,39.1192,-104.3746,2026-05-06,,88,38.12,2026-05-05T00:05:00Z,2026-05-05T16:30:00Z
919,1443,processing,62460,14.99,7,32.7967,-96.7255,2026-05-07,,99,91.83,2026-05-05T00:00:00Z,2026-05-05T16:30:00Z
920,1462,cancelled,37760,24.99,12,25.5021,-79.8347,2026-05-08,,110,62.27,2026-05-04T23:55:00Z,2026-05-05T16:30:00Z
921,1481,confirmed,34790,0,5,42.5429,-71.2315,2026-05-09,,121,35.81,2026-05-04T23:50:00Z,2026-05-05T16:30:00Z
922,1500,processing,67000,7.99,10,33.6231,-118.7834,2026-05-10,,132,46.16,2026-05-04T23:45:00Z,2026-05-05T16:30:00Z
923,1519,shipped,24900,14.99,3,47.1007,-121.8339,2026-05-11,,143,64.9,2026-05-04T23:40:00Z,2026-05-05T16:30:00Z
924,1538,delivered,24600,24.99,8,33.1467,-111.4414,2026-05-12,2026-05-05,154,42.21,2026-05-04T23:35:00Z,2026-05-05T16:30:00Z
925,1557,pending,31400,0,,35.684,-78.2795,2026-05-06,,165,93.37,2026-05-04T23:30:00Z,2026-05-05T16:30:00Z
926,1576,confirmed,21210,7.99,6,41.9876,-88.0425,2026-05-07,,176,43.01,2026-05-04T23:25:00Z,2026-05-05T16:30:00Z
927,1595,processing,34010,14.99,11,41.2386,-73.8079,2026-05-08,,187,79.06,2026-05-04T23:20:00Z,2026-05-05T16:30:00Z
928,1614,cancelled,10360,24.99,4,34.3976,-84.1375,2026-05-09,,198,39.57,2026-05-04T23:15:00Z,2026-05-05T16:30:00Z
929,1633,confirmed,7620,0,9,37.9499,-121.5912,2026-05-10,,209,63.44,2026-05-04T23:10:00Z,2026-05-05T16:30:00Z
930,1652,processing,46000,7.99,2,40.3647,-105.5435,2026-05-11,,220,43.09,2026-05-04T23:05:00Z,2026-05-05T16:30:00Z
931,1671,shipped,28900,14.99,7,33.1073,-96.8186,2026-05-12,,231,52.69,2026-05-04T23:00:00Z,2026-05-05T16:30:00Z
932,1690,delivered,50520,24.99,12,25.9042,-79.8041,2026-05-06,2026-05-05,242,49.07,2026-05-04T22:55:00Z,2026-05-05T16:30:00Z
933,1709,pending,27400,0,5,42.9577,-70.5443,2026-05-07,,253,68.44,2026-05-04T22:50:00Z,2026-05-05T16:30:00Z
934,1728,confirmed,49460,7.99,10,34.0329,-118.7033,2026-05-08,,264,92.88,2026-05-04T22:45:00Z,2026-05-05T16:30:00Z
935,1747,processing,61700,14.99,3,47.3762,-121.6369,2026-05-09,,275,53.4,2026-05-04T22:40:00Z,2026-05-05T16:30:00Z
936,1766,cancelled,98300,24.99,8,33.9093,-112.6105,2026-05-10,,286,82.38,2026-05-04T22:35:00Z,2026-05-05T16:30:00Z
937,1785,confirmed,15970,0,1,35.9394,-79.0095,2026-05-11,,297,73.08,2026-05-04T22:30:00Z,2026-05-05T16:30:00Z
938,1804,processing,36730,7.99,6,41.6266,-87.044,2026-05-12,,308,65.84,2026-05-04T22:25:00Z,2026-05-05T16:30:00Z
939,1823,shipped,55080,14.99,11,40.1445,-74.0154,2026-05-06,,319,37.9,2026-05-04T22:20:00Z,2026-05-05T16:30:00Z
940,1842,delivered,49640,24.99,4,33.5075,-84.4132,2026-05-07,2026-05-05,330,41.75,2026-05-04T22:15:00Z,2026-05-05T16:30:00Z
941,1861,pending,25020,0,9,37.2519,-122.1279,2026-05-08,,341,90.74,2026-05-04T22:10:00Z,2026-05-05T16:30:00Z
942,1880,confirmed,12605,7.99,2,39.241,-104.4787,2026-05-09,,352,74.68,2026-05-04T22:05:00Z,2026-05-05T16:30:00Z
943,1899,processing,43100,14.99,7,32.6478,-96.4764,2026-05-10,,363,70.49,2026-05-04T22:00:00Z,2026-05-05T16:30:00Z
944,1918,cancelled,49200,24.99,12,26.3555,-79.6777,2026-05-11,,374,68.26,2026-05-04T21:55:00Z,2026-05-05T16:30:00Z
945,1937,confirmed,27770,0,5,41.8036,-71.7257,2026-05-12,,385,85.32,2026-05-04T21:50:00Z,2026-05-05T16:30:00Z
946,1956,processing,32044,7.99,10,33.6213,-118.8179,2026-05-06,,396,56.8,2026-05-04T21:45:00Z,2026-05-05T16:30:00Z
947,1975,shipped,33550,14.99,3,47.1364,-121.9159,2026-05-07,,407,96.39,2026-05-04T21:40:00Z,2026-05-05T16:30:00Z
948,1994,delivered,29480,24.99,8,33.5929,-112.3067,2026-05-08,2026-05-05,418,94.11,2026-05-04T21:35:00Z,2026-05-05T16:30:00Z
949,13,pending,80400,0,,37.1,-122.0985,2026-05-09,,429,91.05,2026-05-04T21:30:00Z,2026-05-05T16:30:00Z
950,32,confirmed,31700,7.99,6,39.0799,-104.5414,2026-05-10,,440,86.16,2026-05-04T21:25:00Z,2026-05-05T16:30:00Z
951,51,processing,19850,14.99,11,32.7623,-96.7341,2026-05-11,,451,73.71,2026-05-04T21:20:00Z,2026-05-05T16:30:00Z
952,70,cancelled,48400,24.99,4,25.4305,-80.3201,2026-05-12,,462,41.66,2026-05-04T21:15:00Z,2026-05-05T16:30:00Z
953,89,confirmed,46700,0,9,42.0486,-71.5484,2026-05-06,,473,51.3,2026-05-04T21:10:00Z,2026-05-05T16:30:00Z
954,108,processing,36750,7.99,2,33.5491,-118.628,2026-05-07,,484,89.75,2026-05-04T21:05:00Z,2026-05-05T16:30:00Z
955,127,shipped,29400,14.99,7,47.841,-122.3737,2026-05-08,,495,59.35,2026-05-04T21:00:00Z,2026-05-05T16:30:00Z
956,146,delivered,10540,24.99,12,33.5834,-112.0495,2026-05-09,2026-05-05,506,48.52,2026-05-04T20:55:00Z,2026-05-05T16:30:00Z
957,165,pending,39010,0,5,36.2575,-78.1991,2026-05-10,,517,73.3,2026-05-04T20:50:00Z,2026-05-05T16:30:00Z
958,184,confirmed,26720,7.99,10,41.8317,-87.2381,2026-05-11,,528,68.72,2026-05-04T20:45:00Z,2026-05-05T16:30:00Z
959,203,processing,49750,14.99,3,40.2397,-73.7146,2026-05-12,,539,39.47,2026-05-04T20:40:00Z,2026-05-05T16:30:00Z
960,222,cancelled,60000,24.99,8,33.9912,-84.8729,2026-05-06,,550,52.65,2026-05-04T20:35:00Z,2026-05-05T16:30:00Z
961,241,confirmed,18895,0,1,36.669,-121.477,2026-05-07,,561,57.9,2026-05-04T20:30:00Z,2026-05-05T16:30:00Z
962,260,processing,27220,7.99,6,40.4324,-104.7693,2026-05-08,,572,47.36,2026-05-04T20:25:00Z,2026-05-05T16:30:00Z
963,279,shipped,93450,14.99,11,32.5159,-97.2107,2026-05-09,,583,95.91,2026-05-04T20:20:00Z,2026-05-05T16:30:00Z
964,298,delivered,39940,24.99,4,25.3888,-80.8597,2026-05-10,2026-05-05,594,95.73,2026-05-04T20:15:00Z,2026-05-05T16:30:00Z
965,317,pending,19548,0,9,42.3028,-70.923,2026-05-11,,605,41.82,2026-05-04T20:10:00Z,2026-05-05T16:30:00Z
966,336,confirmed,68250,7.99,2,34.4268,-117.9725,2026-05-12,,616,69.37,2026-05-04T20:05:00Z,2026-05-05T16:30:00Z
967,355,processing,35140,14.99,7,48.0767,-122.3247,2026-05-06,,627,54.9,2026-05-04T20:00:00Z,2026-05-05T16:30:00Z
968,374,cancelled,29220,24.99,12,34.0065,-112.6718,2026-05-07,,638,84.17,2026-05-04T19:55:00Z,2026-05-05T16:30:00Z
969,393,confirmed,6760,0,5,36.3285,-79.1335,2026-05-08,,649,61.9,2026-05-04T19:50:00Z,2026-05-05T16:30:00Z
970,412,processing,39540,7.99,10,42.5622,-87.2347,2026-05-09,,660,89.11,2026-05-04T19:45:00Z,2026-05-05T16:30:00Z
971,431,shipped,30170,14.99,3,40.8394,-74.6833,2026-05-10,,671,44.28,2026-05-04T19:40:00Z,2026-05-05T16:30:00Z
972,450,delivered,36100,24.99,8,33.8978,-84.3057,2026-05-11,2026-05-05,682,65.26,2026-05-04T19:35:00Z,2026-05-05T16:30:00Z
973,469,pending,33250,0,,37.0019,-122.4967,2026-05-12,,693,84.84,2026-05-04T19:30:00Z,2026-05-05T16:30:00Z
974,488,confirmed,25580,7.99,6,39.6259,-105.4334,2026-05-06,,704,62.26,2026-05-04T19:25:00Z,2026-05-05T16:30:00Z
975,507,processing,33500,14.99,11,33.1507,-97.4946,2026-05-07,,715,90.68,2026-05-04T19:20:00Z,2026-05-05T16:30:00Z
976,526,cancelled,25220,24.99,4,25.1261,-79.9899,2026-05-08,,726,82.25,2026-05-04T19:15:00Z,2026-05-05T16:30:00Z
977,545,confirmed,78500,0,9,42.1785,-70.5359,2026-05-09,,737,57.18,2026-05-04T19:10:00Z,2026-05-05T16:30:00Z
978,564,processing,12842,7.99,2,34.7131,-118.7711,2026-05-10,,748,37.64,2026-05-04T19:05:00Z,2026-05-05T16:30:00Z
979,583,shipped,62460,14.99,7,48.1416,-122.2884,2026-05-11,,759,56.45,2026-05-04T19:00:00Z,2026-05-05T16:30:00Z
980,602,delivered,37760,24.99,12,33.4333,-111.4681,2026-05-12,2026-05-05,770,37.34,2026-05-04T18:55:00Z,2026-05-05T16:30:00Z
981,621,pending,34790,0,5,35.771,-78.2483,2026-05-06,,781,78,2026-05-04T18:50:00Z,2026-05-05T16:30:00Z
982,640,confirmed,67000,7.99,10,41.6287,-87.0824,2026-05-07,,792,88.89,2026-05-04T18:45:00Z,2026-05-05T16:30:00Z
983,659,processing,24900,14.99,3,40.5359,-73.3431,2026-05-08,,803,68.81,2026-05-04T18:40:00Z,2026-05-05T16:30:00Z
984,678,cancelled,24600,24.99,8,34.4186,-84.4722,2026-05-09,,814,77.92,2026-05-04T18:35:00Z,2026-05-05T16:30:00Z
985,697,confirmed,31400,0,1,37.1196,-122.4803,2026-05-10,,825,43.87,2026-05-04T18:30:00Z,2026-05-05T16:30:00Z
986,716,processing,21210,7.99,6,39.8797,-104.5488,2026-05-11,,836,81.75,2026-05-04T18:25:00Z,2026-05-05T16:30:00Z
987,735,shipped,34010,14.99,11,32.2148,-96.7267,2026-05-12,,847,53.2,2026-05-04T18:20:00Z,2026-05-05T16:30:00Z
988,754,delivered,10360,24.99,4,25.1094,-79.9983,2026-05-06,2026-05-05,858,90.07,2026-05-04T18:15:00Z,2026-05-05T16:30:00Z
989,773,pending,7620,0,9,42.9903,-71.3902,2026-05-07,,869,94.98,2026-05-04T18:10:00Z,2026-05-05T16:30:00Z
990,792,confirmed,46000,7.99,2,33.5864,-117.5909,2026-05-08,,880,92.32,2026-05-04T18:05:00Z,2026-05-05T16:30:00Z
991,811,processing,28900,14.99,7,47.3484,-122.88,2026-05-09,,891,76.2,2026-05-04T18:00:00Z,2026-05-05T16:30:00Z
992,830,cancelled,50520,24.99,12,33.9899,-111.432,2026-05-10,,902,86.33,2026-05-04T17:55:00Z,2026-05-05T16:30:00Z
993,849,confirmed,27400,0,5,35.6706,-78.164,2026-05-11,,913,89.89,2026-05-04T17:50:00Z,2026-05-05T16:30:00Z
994,868,processing,49460,7.99,10,42.3363,-87.8907,2026-05-12,,924,50.1,2026-05-04T17:45:00Z,2026-05-05T16:30:00Z
995,887,shipped,61700,14.99,3,40.5309,-74.4071,2026-05-06,,935,54.06,2026-05-04T17:40:00Z,2026-05-05T16:30:00Z
996,906,delivered,98300,24.99,8,34.0109,-84.6165,2026-05-07,2026-05-05,946,57.06,2026-05-04T17:35:00Z,2026-05-05T16:30:00Z
997,925,pending,15970,0,,36.8008,-121.9397,2026-05-08,,957,86.63,2026-05-04T17:30:00Z,2026-05-05T16:30:00Z
998,944,confirmed,36730,7.99,6,39.5884,-104.3291,2026-05-09,,968,37.05,2026-05-04T17:25:00Z,2026-05-05T16:30:00Z
999,963,processing,55080,14.99,11,32.8171,-96.1338,2026-05-10,,979,46.23,2026-05-04T17:20:00Z,2026-05-05T16:30:00Z
1000,982,cancelled,49640,24.99,4,26.2884,-80.0389,2026-05-11,,990,50.55,2026-05-04T17:15:00Z,2026-05-05T16:30:00Z
1001,1001,confirmed,25020,0,9,42.3317,-70.7129,2026-05-12,,1001,43.08,2026-05-04T17:10:00Z,2026-05-05T16:30:00Z
1002,1020,processing,12605,7.99,2,33.7872,-117.7914,2026-05-06,,1012,57.41,2026-05-04T17:05:00Z,2026-05-05T16:30:00Z
1003,1039,shipped,43100,14.99,7,47.8906,-122.0586,2026-05-07,,1023,64.5,2026-05-04T17:00:00Z,2026-05-05T16:30:00Z
1004,1058,delivered,49200,24.99,12,32.9423,-111.7146,2026-05-08,2026-05-05,1034,42.42,2026-05-04T16:55:00Z,2026-05-05T16:30:00Z
1005,1077,pending,27770,0,5,35.7553,-78.1403,2026-05-09,,1045,74.25,2026-05-04T16:50:00Z,2026-05-05T16:30:00Z
1006,1096,confirmed,32044,7.99,10,42.3799,-88.1547,2026-05-10,,1056,82.68,2026-05-04T16:45:00Z,2026-05-05T16:30:00Z
1007,1115,processing,33550,14.99,3,40.8543,-73.8389,2026-05-11,,1067,48.01,2026-05-04T16:40:00Z,2026-05-05T16:30:00Z
1008,1134,cancelled,29480,24.99,8,33.62,-84.9044,2026-05-12,,1078,69.47,2026-05-04T16:35:00Z,2026-05-05T16:30:00Z
1009,1153,confirmed,80400,0,1,38.0221,-122.5799,2026-05-06,,1089,94.06,2026-05-04T16:30:00Z,2026-05-05T16:30:00Z
1010,1172,processing,31700,7.99,6,39.3295,-105.008,2026-05-07,,1100,64.7,2026-05-04T16:25:00Z,2026-05-05T16:30:00Z
1011,1191,shipped,19850,14.99,11,32.0796,-97.164,2026-05-08,,1111,55.59,2026-05-04T16:20:00Z,2026-05-05T16:30:00Z
1012,1210,delivered,48400,24.99,4,26.1735,-79.9243,2026-05-09,2026-05-05,1122,47.78,2026-05-04T16:15:00Z,2026-05-05T16:30:00Z
1013,1229,pending,46700,0,9,42.7529,-70.9888,2026-05-10,,1133,79.65,2026-05-04T16:10:00Z,2026-05-05T16:30:00Z
1014,1248,confirmed,36750,7.99,2,34.197,-118.2694,2026-05-11,,1144,85.06,2026-05-04T16:05:00Z,2026-05-05T16:30:00Z
1015,1267,processing,29400,14.99,7,47.7704,-122.91,2026-05-12,,1155,63.67,2026-05-04T16:00:00Z,2026-05-05T16:30:00Z
1016,1286,cancelled,10540,24.99,12,33.2182,-112.6557,2026-05-06,,1166,66.61,2026-05-04T15:55:00Z,2026-05-05T16:30:00Z
1017,1305,confirmed,39010,0,5,35.8781,-79.1803,2026-05-07,,1177,79.05,2026-05-04T15:50:00Z,2026-05-05T16:30:00Z
1018,1324,processing,26720,7.99,10,42.4284,-87.7899,2026-05-08,,1188,44.04,2026-05-04T15:45:00Z,2026-05-05T16:30:00Z
1019,1343,shipped,49750,14.99,3,40.9826,-73.5049,2026-05-09,,1199,78.53,2026-05-04T15:40:00Z,2026-05-05T16:30:00Z
1020,1362,delivered,60000,24.99,8,33.4322,-84.2749,2026-05-10,2026-05-04,1210,37.77,2026-05-04T15:35:00Z,2026-05-05T16:30:00Z
1021,1381,pending,18895,0,,37.2049,-121.573,2026-05-11,,1221,80.91,2026-05-04T15:30:00Z,2026-05-05T16:30:00Z
1022,1400,confirmed,27220,7.99,6,39.213,-105.054,2026-05-12,,1232,82.68,2026-05-04T15:25:00Z,2026-05-05T16:30:00Z
1023,1419,processing,93450,14.99,11,32.1359,-96.6311,2026-05-06,,1243,62.42,2026-05-04T15:20:00Z,2026-05-05T16:30:00Z
1024,1438,cancelled,39940,24.99,4,26.1775,-79.5266,2026-05-07,,1254,58.89,2026-05-04T15:15:00Z,2026-05-05T16:30:00Z
1025,1457,confirmed,19548,0,9,42.2185,-71.6153,2026-05-08,,1265,49.04,2026-05-04T15:10:00Z,2026-05-05T16:30:00Z
1026,1476,processing,68250,7.99,2,33.8098,-117.5751,2026-05-09,,1276,71.99,2026-05-04T15:05:00Z,2026-05-05T16:30:00Z
1027,1495,shipped,35140,14.99,7,48.0567,-121.827,2026-05-10,,1287,45.06,2026-05-04T15:00:00Z,2026-05-05T16:30:00Z
1028,1514,delivered,29220,24.99,12,33.559,-111.4446,2026-05-11,2026-05-04,1298,93.15,2026-05-04T14:55:00Z,2026-05-05T16:30:00Z
1029,1533,pending,6760,0,5,36.3216,-77.9901,2026-05-12,,1309,36.43,2026-05-04T14:50:00Z,2026-05-05T16:30:00Z
1030,1552,confirmed,39540,7.99,10,41.9963,-87.0412,2026-05-06,,1320,78.62,2026-05-04T14:45:00Z,2026-05-05T16:30:00Z
1031,1571,processing,30170,14.99,3,41.1942,-74.1085,2026-05-07,,1331,96.5,2026-05-04T14:40:00Z,2026-05-05T16:30:00Z
1032,1590,cancelled,36100,24.99,8,33.0567,-83.7252,2026-05-08,,1342,73.03,2026-05-04T14:35:00Z,2026-05-05T16:30:00Z
1033,1609,confirmed,33250,0,1,37.8082,-121.3791,2026-05-09,,1353,53.4,2026-05-04T14:30:00Z,2026-05-05T16:30:00Z
1034,1628,processing,25580,7.99,6,39.6251,-105.1363,2026-05-10,,1364,58.73,2026-05-04T14:25:00Z,2026-05-05T16:30:00Z
1035,1647,shipped,33500,14.99,11,33.4122,-97.4665,2026-05-11,,1375,60.38,2026-05-04T14:20:00Z,2026-05-05T16:30:00Z
1036,1666,delivered,25220,24.99,4,25.7809,-80.2317,2026-05-12,2026-05-04,1386,61.77,2026-05-04T14:15:00Z,2026-05-05T16:30:00Z
1037,1685,pending,78500,0,9,43.0003,-70.8178,2026-05-06,,1397,88.11,2026-05-04T14:10:00Z,2026-05-05T16:30:00Z
1038,1704,confirmed,12842,7.99,2,34.6564,-118.4365,2026-05-07,,1408,73.4,2026-05-04T14:05:00Z,2026-05-05T16:30:00Z
1039,1723,processing,62460,14.99,7,47.7938,-122.9356,2026-05-08,,1419,89.53,2026-05-04T14:00:00Z,2026-05-05T16:30:00Z
1040,1742,cancelled,37760,24.99,12,32.8521,-112.5605,2026-05-09,,1430,78.07,2026-05-04T13:55:00Z,2026-05-05T16:30:00Z
1041,1761,confirmed,34790,0,5,35.9533,-78.1312,2026-05-10,,1441,78.25,2026-05-04T13:50:00Z,2026-05-05T16:30:00Z
1042,1780,processing,67000,7.99,10,42.1155,-87.7026,2026-05-11,,1452,73.11,2026-05-04T13:45:00Z,2026-05-05T16:30:00Z
1043,1799,shipped,24900,14.99,3,41.0599,-74.4616,2026-05-12,,1463,96.96,2026-05-04T13:40:00Z,2026-05-05T16:30:00Z
1044,1818,delivered,24600,24.99,8,33.6867,-84.8002,2026-05-06,2026-05-04,1474,51.89,2026-05-04T13:35:00Z,2026-05-05T16:30:00Z
1045,1837,pending,31400,0,,37.2887,-121.4831,2026-05-07,,1485,82.92,2026-05-04T13:30:00Z,2026-05-05T16:30:00Z
1046,1856,confirmed,21210,7.99,6,40.2091,-104.7751,2026-05-08,,1496,60.94,2026-05-04T13:25:00Z,2026-05-05T16:30:00Z
1047,1875,processing,34010,14.99,11,32.1982,-97.3768,2026-05-09,,1507,73.87,2026-05-04T13:20:00Z,2026-05-05T16:30:00Z
1048,1894,cancelled,10360,24.99,4,25.4881,-80.6149,2026-05-10,,1518,48.23,2026-05-04T13:15:00Z,2026-05-05T16:30:00Z
1049,1913,confirmed,7620,0,9,42.3015,-71.5233,2026-05-11,,1529,41.16,2026-05-04T13:10:00Z,2026-05-05T16:30:00Z
1050,1932,processing,46000,7.99,2,34.5137,-118.6804,2026-05-12,,1540,62.85,2026-05-04T13:05:00Z,2026-05-05T16:30:00Z
1051,1951,shipped,28900,14.99,7,46.9952,-122.8133,2026-05-06,,1551,38.09,2026-05-04T13:00:00Z,2026-05-05T16:30:00Z
1052,1970,delivered,50520,24.99,12,32.8281,-112.6006,2026-05-07,2026-05-04,1562,39.42,2026-05-04T12:55:00Z,2026-05-05T16:30:00Z
1053,1989,pending,27400,0,5,36.2658,-77.9627,2026-05-08,,1573,39.61,2026-05-04T12:50:00Z,2026-05-05T16:30:00Z
1054,8,confirmed,49460,7.99,10,40.1317,-105.3824,2026-05-09,,1584,36.63,2026-05-04T12:45:00Z,2026-05-05T16:30:00Z
1055,27,processing,61700,14.99,3,32.3412,-96.4628,2026-05-10,,1595,90.21,2026-05-04T12:40:00Z,2026-05-05T16:30:00Z
1056,46,cancelled,98300,24.99,8,25.2185,-80.7699,2026-05-11,,1606,71.18,2026-05-04T12:35:00Z,2026-05-05T16:30:00Z
1057,65,confirmed,15970,0,1,42.9419,-70.6761,2026-05-12,,1617,91.16,2026-05-04T12:30:00Z,2026-05-05T16:30:00Z
1058,84,processing,36730,7.99,6,34.3683,-118.0484,2026-05-06,,1628,60.8,2026-05-04T12:25:00Z,2026-05-05T16:30:00Z
1059,103,shipped,55080,14.99,11,47.5667,-122.8154,2026-05-07,,1639,68.77,2026-05-04T12:20:00Z,2026-05-05T16:30:00Z
1060,122,delivered,49640,24.99,4,33.8965,-112.3281,2026-05-08,2026-05-04,1650,92.62,2026-05-04T12:15:00Z,2026-05-05T16:30:00Z
1061,141,pending,25020,0,9,35.4169,-79.2795,2026-05-09,,1661,73.54,2026-05-04T12:10:00Z,2026-05-05T16:30:00Z
1062,160,confirmed,12605,7.99,2,41.7637,-87.2781,2026-05-10,,1672,66.26,2026-05-04T12:05:00Z,2026-05-05T16:30:00Z
1063,179,processing,43100,14.99,7,41.3315,-73.3164,2026-05-11,,1683,72.08,2026-05-04T12:00:00Z,2026-05-05T16:30:00Z
1064,198,cancelled,49200,24.99,12,34.2903,-83.6999,2026-05-12,,1694,47.69,2026-05-04T11:55:00Z,2026-05-05T16:30:00Z
1065,217,confirmed,27770,0,5,37.2354,-121.7932,2026-05-06,,1705,87.72,2026-05-04T11:50:00Z,2026-05-05T16:30:00Z
1066,236,processing,32044,7.99,10,39.4043,-104.8841,2026-05-07,,1716,40.3,2026-05-04T11:45:00Z,2026-05-05T16:30:00Z
1067,255,shipped,33550,14.99,3,32.4261,-97.3056,2026-05-08,,1727,35.58,2026-05-04T11:40:00Z,2026-05-05T16:30:00Z
1068,274,delivered,29480,24.99,8,26.3962,-80.3996,2026-05-09,2026-05-04,1738,43.04,2026-05-04T11:35:00Z,2026-05-05T16:30:00Z
1069,293,pending,80400,0,,41.9739,-71.5978,2026-05-10,,1749,82.09,2026-05-04T11:30:00Z,2026-05-05T16:30:00Z
1070,312,confirmed,31700,7.99,6,33.8539,-118.2868,2026-05-11,,1760,86.25,2026-05-04T11:25:00Z,2026-05-05T16:30:00Z
1071,331,processing,19850,14.99,11,47.9426,-121.9816,2026-05-12,,1771,45.81,2026-05-04T11:20:00Z,2026-05-05T16:30:00Z
1072,350,cancelled,48400,24.99,4,33.5745,-112.0507,2026-05-06,,1782,77.09,2026-05-04T11:15:00Z,2026-05-05T16:30:00Z
1073,369,confirmed,46700,0,9,35.1384,-78.8327,2026-05-07,,1793,64.46,2026-05-04T11:10:00Z,2026-05-05T16:30:00Z
1074,388,processing,36750,7.99,2,41.8475,-88.0641,2026-05-08,,1804,60.74,2026-05-04T11:05:00Z,2026-05-05T16:30:00Z
1075,407,shipped,29400,14.99,7,40.5481,-73.9442,2026-05-09,,1815,65.15,2026-05-04T11:00:00Z,2026-05-05T16:30:00Z
1076,426,delivered,10540,24.99,12,33.6801,-84.8114,2026-05-10,2026-05-04,1826,82.23,2026-05-04T10:55:00Z,2026-05-05T16:30:00Z
1077,445,pending,39010,0,5,37.6653,-121.6052,2026-05-11,,1837,97.78,2026-05-04T10:50:00Z,2026-05-05T16:30:00Z
1078,464,confirmed,26720,7.99,10,39.1161,-105.004,2026-05-12,,1848,63.98,2026-05-04T10:45:00Z,2026-05-05T16:30:00Z
1079,483,processing,49750,14.99,3,33.0484,-97.3714,2026-05-06,,1859,70.87,2026-05-04T10:40:00Z,2026-05-05T16:30:00Z
1080,502,cancelled,60000,24.99,8,25.1628,-80.2568,2026-05-07,,1870,74.89,2026-05-04T10:35:00Z,2026-05-05T16:30:00Z
1081,521,confirmed,18895,0,1,42.3834,-71.3729,2026-05-08,,1881,92.49,2026-05-04T10:30:00Z,2026-05-05T16:30:00Z
1082,540,processing,27220,7.99,6,34.2807,-117.8367,2026-05-09,,1892,81.3,2026-05-04T10:25:00Z,2026-05-05T16:30:00Z
1083,559,shipped,93450,14.99,11,47.4891,-121.9314,2026-05-10,,1903,82.75,2026-05-04T10:20:00Z,2026-05-05T16:30:00Z
1084,578,delivered,39940,24.99,4,33.9783,-111.7665,2026-05-11,2026-05-04,1914,95.02,2026-05-04T10:15:00Z,2026-05-05T16:30:00Z
1085,597,pending,19548,0,9,35.5897,-78.2611,2026-05-12,,1925,37.91,2026-05-04T10:10:00Z,2026-05-05T16:30:00Z
1086,616,confirmed,68250,7.99,2,41.7153,-86.9372,2026-05-06,,1936,81.16,2026-05-04T10:05:00Z,2026-05-05T16:30:00Z
1087,635,processing,35140,14.99,7,41.1921,-73.9782,2026-05-07,,1947,60.75,2026-05-04T10:00:00Z,2026-05-05T16:30:00Z
1088,654,cancelled,29220,24.99,12,34.2541,-84.4037,2026-05-08,,1958,80.95,2026-05-04T09:55:00Z,2026-05-05T16:30:00Z
1089,673,confirmed,6760,0,5,36.9019,-121.187,2026-05-09,,1969,35.29,2026-05-04T09:50:00Z,2026-05-05T16:30:00Z
1090,692,processing,39540,7.99,10,39.1784,-104.9022,2026-05-10,,1980,91.88,2026-05-04T09:45:00Z,2026-05-05T16:30:00Z
1091,711,shipped,30170,14.99,3,32.4188,-96.221,2026-05-11,,1991,83.65,2026-05-04T09:40:00Z,2026-05-05T16:30:00Z
1092,730,delivered,36100,24.99,8,25.7619,-79.7883,2026-05-12,2026-05-04,2002,36.11,2026-05-04T09:35:00Z,2026-05-05T16:30:00Z
1093,749,pending,33250,0,,41.741,-70.7185,2026-05-06,,2013,81.69,2026-05-04T09:30:00Z,2026-05-05T16:30:00Z
1094,768,confirmed,25580,7.99,6,33.6795,-118.3052,2026-05-07,,2024,43.37,2026-05-04T09:25:00Z,2026-05-05T16:30:00Z
1095,787,processing,33500,14.99,11,47.0899,-121.7451,2026-05-08,,2035,71.14,2026-05-04T09:20:00Z,2026-05-05T16:30:00Z
1096,806,cancelled,25220,24.99,4,33.5345,-112.6488,2026-05-09,,2046,35.41,2026-05-04T09:15:00Z,2026-05-05T16:30:00Z
1097,825,confirmed,78500,0,9,35.9724,-78.4313,2026-05-10,,2057,79.91,2026-05-04T09:10:00Z,2026-05-05T16:30:00Z
1098,844,processing,12842,7.99,2,42.4141,-88.1078,2026-05-11,,2068,59.75,2026-05-04T09:05:00Z,2026-05-05T16:30:00Z
1099,863,shipped,62460,14.99,7,41.3922,-73.3525,2026-05-12,,2079,97.84,2026-05-04T09:00:00Z,2026-05-05T16:30:00Z
1100,882,delivered,37760,24.99,12,33.5006,-84.0043,2026-05-06,2026-05-04,2090,65.12,2026-05-04T08:55:00Z,2026-05-05T16:30:00Z
1101,901,pending,34790,0,5,37.4265,-121.7702,2026-05-07,,2101,95.5,2026-05-04T08:50:00Z,2026-05-05T16:30:00Z
1102,920,confirmed,67000,7.99,10,39.9103,-105.6326,2026-05-08,,2112,74.77,2026-05-04T08:45:00Z,2026-05-05T16:30:00Z
1103,939,processing,24900,14.99,3,32.9063,-96.2922,2026-05-09,,2123,91.83,2026-05-04T08:40:00Z,2026-05-05T16:30:00Z
1104,958,cancelled,24600,24.99,8,25.6778,-79.9024,2026-05-10,,2134,64.91,2026-05-04T08:35:00Z,2026-05-05T16:30:00Z
1105,977,confirmed,31400,0,1,42.2911,-70.96,2026-05-11,,2145,52.04,2026-05-04T08:30:00Z,2026-05-05T16:30:00Z
1106,996,processing,21210,7.99,6,33.8926,-118.6253,2026-05-12,,2156,90.73,2026-05-04T08:25:00Z,2026-05-05T16:30:00Z
1107,1015,shipped,34010,14.99,11,47.3134,-121.9903,2026-05-06,,2167,60.3,2026-05-04T08:20:00Z,2026-05-05T16:30:00Z
1108,1034,delivered,10360,24.99,4,33.5866,-112.3162,2026-05-07,2026-05-04,2178,85.83,2026-05-04T08:15:00Z,2026-05-05T16:30:00Z
1109,1053,pending,7620,0,9,35.2443,-78.0567,2026-05-08,,2189,47.74,2026-05-04T08:10:00Z,2026-05-05T16:30:00Z
1110,1072,confirmed,46000,7.99,2,41.311,-87.1115,2026-05-09,,2200,58.05,2026-05-04T08:05:00Z,2026-05-05T16:30:00Z
1111,1091,processing,28900,14.99,7,40.5517,-74.6874,2026-05-10,,2211,74.42,2026-05-04T08:00:00Z,2026-05-05T16:30:00Z
1112,1110,cancelled,50520,24.99,12,33.1628,-84.6938,2026-05-11,,2222,43.94,2026-05-04T07:55:00Z,2026-05-05T16:30:00Z
1113,1129,confirmed,27400,0,5,37.2191,-121.3857,2026-05-12,,2233,84.42,2026-05-04T07:50:00Z,2026-05-05T16:30:00Z
1114,1148,processing,49460,7.99,10,39.8362,-104.563,2026-05-06,,2244,86.88,2026-05-04T07:45:00Z,2026-05-05T16:30:00Z
1115,1167,shipped,61700,14.99,3,32.9489,-96.4842,2026-05-07,,2255,87.13,2026-05-04T07:40:00Z,2026-05-05T16:30:00Z
1116,1186,delivered,98300,24.99,8,25.9814,-80.3575,2026-05-08,2026-05-04,2266,62.39,2026-05-04T07:35:00Z,2026-05-05T16:30:00Z
1117,1205,pending,15970,0,,42.241,-70.7936,2026-05-09,,2277,67.37,2026-05-04T07:30:00Z,2026-05-05T16:30:00Z
1118,1224,confirmed,36730,7.99,6,33.5707,-118.6228,2026-05-10,,2288,78.94,2026-05-04T07:25:00Z,2026-05-05T16:30:00Z
1119,1243,processing,55080,14.99,11,47.4227,-122.8018,2026-05-11,,2299,65.11,2026-05-04T07:20:00Z,2026-05-05T16:30:00Z
1120,1262,cancelled,49640,24.99,4,33.2938,-111.7839,2026-05-12,,2310,45.12,2026-05-04T07:15:00Z,2026-05-05T16:30:00Z
1121,1281,confirmed,25020,0,9,36.1487,-78.0459,2026-05-06,,2321,62.06,2026-05-04T07:10:00Z,2026-05-05T16:30:00Z
1122,1300,processing,12605,7.99,2,41.4794,-87.8717,2026-05-07,,2332,78.62,2026-05-04T07:05:00Z,2026-05-05T16:30:00Z
1123,1319,shipped,43100,14.99,7,41.4052,-74.4882,2026-05-08,,2343,71.91,2026-05-04T07:00:00Z,2026-05-05T16:30:00Z
1124,1338,delivered,49200,24.99,12,34.1106,-83.7256,2026-05-09,2026-05-04,2354,96,2026-05-04T06:55:00Z,2026-05-05T16:30:00Z
1125,1357,pending,27770,0,5,36.6756,-122.0111,2026-05-10,,2365,96.09,2026-05-04T06:50:00Z,2026-05-05T16:30:00Z
1126,1376,confirmed,32044,7.99,10,39.0836,-105.5496,2026-05-11,,2376,76.19,2026-05-04T06:45:00Z,2026-05-05T16:30:00Z
1127,1395,processing,33550,14.99,3,32.3045,-96.8452,2026-05-12,,2387,54.85,2026-05-04T06:40:00Z,2026-05-05T16:30:00Z
1128,1414,cancelled,29480,24.99,8,25.3791,-80.1937,2026-05-06,,2398,85.13,2026-05-04T06:35:00Z,2026-05-05T16:30:00Z
1129,1433,confirmed,80400,0,1,43.0552,-71.5808,2026-05-07,,2409,71.42,2026-05-04T06:30:00Z,2026-05-05T16:30:00Z
1130,1452,processing,31700,7.99,6,34.1754,-117.9661,2026-05-08,,2420,41.58,2026-05-04T06:25:00Z,2026-05-05T16:30:00Z
1131,1471,shipped,19850,14.99,11,47.191,-122.3958,2026-05-09,,2431,50.31,2026-05-04T06:20:00Z,2026-05-05T16:30:00Z
1132,1490,delivered,48400,24.99,4,33.8252,-112.3056,2026-05-10,2026-05-04,2442,62.13,2026-05-04T06:15:00Z,2026-05-05T16:30:00Z
1133,1509,pending,46700,0,9,36.4174,-79.2872,2026-05-11,,2453,83.9,2026-05-04T06:10:00Z,2026-05-05T16:30:00Z
1134,1528,confirmed,36750,7.99,2,41.859,-87.3651,2026-05-12,,2464,36.88,2026-05-04T06:05:00Z,2026-05-05T16:30:00Z
1135,1547,processing,29400,14.99,7,40.7192,-74.1376,2026-05-06,,2475,86.16,2026-05-04T06:00:00Z,2026-05-05T16:30:00Z
1136,1566,cancelled,10540,24.99,12,34.3994,-84.6577,2026-05-07,,2486,52.65,2026-05-04T05:55:00Z,2026-05-05T16:30:00Z
1137,1585,confirmed,39010,0,5,37.3656,-122.359,2026-05-08,,2497,80.8,2026-05-04T05:50:00Z,2026-05-05T16:30:00Z
1138,1604,processing,26720,7.99,10,39.6324,-104.5045,2026-05-09,,2508,77.88,2026-05-04T05:45:00Z,2026-05-05T16:30:00Z
1139,1623,shipped,49750,14.99,3,32.4997,-96.6608,2026-05-10,,2519,58.02,2026-05-04T05:40:00Z,2026-05-05T16:30:00Z
1140,1642,delivered,60000,24.99,8,25.9025,-80.2757,2026-05-11,2026-05-04,2530,83.47,2026-05-04T05:35:00Z,2026-05-05T16:30:00Z
1141,1661,pending,18895,0,,42.1868,-70.9328,2026-05-12,,2541,89.67,2026-05-04T05:30:00Z,2026-05-05T16:30:00Z
1142,1680,confirmed,27220,7.99,6,33.7339,-117.6388,2026-05-06,,2552,79.66,2026-05-04T05:25:00Z,2026-05-05T16:30:00Z
1143,1699,processing,93450,14.99,11,47.3029,-122.0739,2026-05-07,,2563,49.48,2026-05-04T05:20:00Z,2026-05-05T16:30:00Z
1144,1718,cancelled,39940,24.99,4,32.9098,-111.5925,2026-05-08,,2574,57.2,2026-05-04T05:15:00Z,2026-05-05T16:30:00Z
1145,1737,confirmed,19548,0,9,36.0559,-79.1695,2026-05-09,,2585,95.37,2026-05-04T05:10:00Z,2026-05-05T16:30:00Z
1146,1756,processing,68250,7.99,2,42.4892,-86.9755,2026-05-10,,2596,74.06,2026-05-04T05:05:00Z,2026-05-05T16:30:00Z
1147,1775,shipped,35140,14.99,7,40.2665,-74.5247,2026-05-11,,2607,78.55,2026-05-04T05:00:00Z,2026-05-05T16:30:00Z
1148,1794,delivered,29220,24.99,12,33.579,-83.7388,2026-05-12,2026-05-04,2618,70.31,2026-05-04T04:55:00Z,2026-05-05T16:30:00Z
1149,1813,pending,6760,0,5,36.9335,-121.595,2026-05-06,,2629,69.55,2026-05-04T04:50:00Z,2026-05-05T16:30:00Z
1150,1832,confirmed,39540,7.99,10,40.0453,-105.0664,2026-05-07,,2640,75.5,2026-05-04T04:45:00Z,2026-05-05T16:30:00Z
1151,1851,processing,30170,14.99,3,33.0641,-96.7855,2026-05-08,,2651,59.32,2026-05-04T04:40:00Z,2026-05-05T16:30:00Z
1152,1870,cancelled,36100,24.99,8,25.6228,-79.6801,2026-05-09,,2662,51.4,2026-05-04T04:35:00Z,2026-05-05T16:30:00Z
1153,1889,confirmed,33250,0,1,42.3739,-71.1547,2026-05-10,,2673,62.87,2026-05-04T04:30:00Z,2026-05-05T16:30:00Z
1154,1908,processing,25580,7.99,6,33.9493,-118.7654,2026-05-11,,2684,63.64,2026-05-04T04:25:00Z,2026-05-05T16:30:00Z
1155,1927,shipped,33500,14.99,11,47.1027,-121.9689,2026-05-12,,2695,40.8,2026-05-04T04:20:00Z,2026-05-05T16:30:00Z
1156,1946,delivered,25220,24.99,4,33.715,-111.5416,2026-05-06,2026-05-04,2706,70.47,2026-05-04T04:15:00Z,2026-05-05T16:30:00Z
1157,1965,pending,78500,0,9,36.3471,-78.9294,2026-05-07,,2717,91.61,2026-05-04T04:10:00Z,2026-05-05T16:30:00Z
1158,1984,confirmed,12842,7.99,2,41.1899,-88.0344,2026-05-08,,2728,47.33,2026-05-04T04:05:00Z,2026-05-05T16:30:00Z
1159,3,processing,62460,14.99,7,32.241,-96.5106,2026-05-09,,2739,75.47,2026-05-04T04:00:00Z,2026-05-05T16:30:00Z
1160,22,cancelled,37760,24.99,12,26.0848,-80.0324,2026-05-10,,2750,97.12,2026-05-04T03:55:00Z,2026-05-05T16:30:00Z
1161,41,confirmed,34790,0,5,42.4639,-71.2334,2026-05-11,,2761,78.17,2026-05-04T03:50:00Z,2026-05-05T16:30:00Z
1162,60,processing,67000,7.99,10,34.7269,-118.6755,2026-05-12,,2772,44.79,2026-05-04T03:45:00Z,2026-05-05T16:30:00Z
1163,79,shipped,24900,14.99,3,48.0315,-122.7031,2026-05-06,,2783,37.02,2026-05-04T03:40:00Z,2026-05-05T16:30:00Z
1164,98,delivered,24600,24.99,8,32.945,-111.5723,2026-05-07,2026-05-04,2794,66.24,2026-05-04T03:35:00Z,2026-05-05T16:30:00Z
1165,117,pending,31400,0,,35.4456,-79.059,2026-05-08,,2805,85.99,2026-05-04T03:30:00Z,2026-05-05T16:30:00Z
1166,136,confirmed,21210,7.99,6,42.4379,-87.7685,2026-05-09,,2816,46.17,2026-05-04T03:25:00Z,2026-05-05T16:30:00Z
1167,155,processing,34010,14.99,11,41.226,-73.6969,2026-05-10,,2827,38.07,2026-05-04T03:20:00Z,2026-05-05T16:30:00Z
1168,174,cancelled,10360,24.99,4,33.2466,-84.6202,2026-05-11,,2838,97.46,2026-05-04T03:15:00Z,2026-05-05T16:30:00Z
1169,193,confirmed,7620,0,9,36.783,-122.2566,2026-05-12,,2849,51.82,2026-05-04T03:10:00Z,2026-05-05T16:30:00Z
1170,212,processing,46000,7.99,2,40.0477,-104.9185,2026-05-06,,2860,67.47,2026-05-04T03:05:00Z,2026-05-05T16:30:00Z
1171,231,shipped,28900,14.99,7,33.3834,-96.5311,2026-05-07,,2871,36.8,2026-05-04T03:00:00Z,2026-05-05T16:30:00Z
1172,250,delivered,50520,24.99,12,25.1899,-79.5987,2026-05-08,2026-05-04,2882,50.63,2026-05-04T02:55:00Z,2026-05-05T16:30:00Z
1173,269,pending,27400,0,5,42.6516,-70.5452,2026-05-09,,2893,45.02,2026-05-04T02:50:00Z,2026-05-05T16:30:00Z
1174,288,confirmed,49460,7.99,10,34.5493,-118.3395,2026-05-10,,2904,77.72,2026-05-04T02:45:00Z,2026-05-05T16:30:00Z
1175,307,processing,61700,14.99,3,47.2159,-121.8362,2026-05-11,,2915,44.55,2026-05-04T02:40:00Z,2026-05-05T16:30:00Z
1176,326,cancelled,98300,24.99,8,32.8321,-111.7402,2026-05-12,,2926,94.17,2026-05-04T02:35:00Z,2026-05-05T16:30:00Z
1177,345,confirmed,15970,0,1,35.673,-77.9959,2026-05-06,,2937,40.3,2026-05-04T02:30:00Z,2026-05-05T16:30:00Z
1178,364,processing,36730,7.99,6,41.3881,-87.7634,2026-05-07,,2948,47.11,2026-05-04T02:25:00Z,2026-05-05T16:30:00Z
1179,383,shipped,55080,14.99,11,40.5927,-74.0617,2026-05-08,,2959,46.91,2026-05-04T02:20:00Z,2026-05-05T16:30:00Z
1180,402,delivered,49640,24.99,4,33.354,-84.4297,2026-05-09,2026-05-04,2970,73.29,2026-05-04T02:15:00Z,2026-05-05T16:30:00Z
1181,421,pending,25020,0,9,36.6954,-122.5524,2026-05-10,,2981,71.7,2026-05-04T02:10:00Z,2026-05-05T16:30:00Z
1182,440,confirmed,12605,7.99,2,40.4091,-105.102,2026-05-11,,2992,76.92,2026-05-04T02:05:00Z,2026-05-05T16:30:00Z
1183,459,processing,43100,14.99,7,32.1497,-97.3975,2026-05-12,,3003,93.98,2026-05-04T02:00:00Z,2026-05-05T16:30:00Z
1184,478,cancelled,49200,24.99,12,25.7193,-80.075,2026-05-06,,3014,83.73,2026-05-04T01:55:00Z,2026-05-05T16:30:00Z
1185,497,confirmed,27770,0,5,42.2358,-71.6684,2026-05-07,,3025,69.43,2026-05-04T01:50:00Z,2026-05-05T16:30:00Z
1186,516,processing,32044,7.99,10,34.3154,-118.2101,2026-05-08,,3036,39.91,2026-05-04T01:45:00Z,2026-05-05T16:30:00Z
1187,535,shipped,33550,14.99,3,47.3782,-121.6558,2026-05-09,,3047,55.99,2026-05-04T01:40:00Z,2026-05-05T16:30:00Z
1188,554,delivered,29480,24.99,8,33.7961,-111.8262,2026-05-10,2026-05-04,3058,75.8,2026-05-04T01:35:00Z,2026-05-05T16:30:00Z
1189,573,pending,80400,0,,36.2367,-78.1445,2026-05-11,,3069,67.83,2026-05-04T01:30:00Z,2026-05-05T16:30:00Z
1190,592,confirmed,31700,7.99,6,41.207,-88.1498,2026-05-12,,3080,35.86,2026-05-04T01:25:00Z,2026-05-05T16:30:00Z
1191,611,processing,19850,14.99,11,40.7486,-73.5235,2026-05-06,,3091,56.71,2026-05-04T01:20:00Z,2026-05-05T16:30:00Z
1192,630,cancelled,48400,24.99,4,33.8407,-84.8019,2026-05-07,,3102,74.1,2026-05-04T01:15:00Z,2026-05-05T16:30:00Z
1193,649,confirmed,46700,0,9,37.9675,-122.0219,2026-05-08,,3113,37.02,2026-05-04T01:10:00Z,2026-05-05T16:30:00Z
1194,668,processing,36750,7.99,2,39.3352,-104.4197,2026-05-09,,3124,87.25,2026-05-04T01:05:00Z,2026-05-05T16:30:00Z
1195,687,shipped,29400,14.99,7,33.3577,-97.3143,2026-05-10,,3135,64.7,2026-05-04T01:00:00Z,2026-05-05T16:30:00Z
1196,706,delivered,10540,24.99,12,26.3608,-80.5888,2026-05-11,2026-05-04,3146,49.22,2026-05-04T00:55:00Z,2026-05-05T16:30:00Z
1197,725,pending,39010,0,5,42.2852,-71.0991,2026-05-12,,3157,86.87,2026-05-04T00:50:00Z,2026-05-05T16:30:00Z
1198,744,confirmed,26720,7.99,10,33.7965,-118.7273,2026-05-06,,3168,84.42,2026-05-04T00:45:00Z,2026-05-05T16:30:00Z
1199,763,processing,49750,14.99,3,47.1992,-121.8279,2026-05-07,,3179,72.18,2026-05-04T00:40:00Z,2026-05-05T16:30:00Z
1200,782,cancelled,60000,24.99,8,33.0828,-111.6305,2026-05-08,,3190,94.2,2026-05-04T00:35:00Z,2026-05-05T16:30:00Z
1201,801,confirmed,18895,0,1,35.9858,-78.3864,2026-05-09,,3201,51.55,2026-05-04T00:30:00Z,2026-05-05T16:30:00Z
1202,820,processing,27220,7.99,6,42.4296,-88.1595,2026-05-10,,3212,50.02,2026-05-04T00:25:00Z,2026-05-05T16:30:00Z
1203,839,shipped,93450,14.99,11,40.7897,-73.8704,2026-05-11,,3223,74.24,2026-05-04T00:20:00Z,2026-05-05T16:30:00Z
1204,858,delivered,39940,24.99,4,33.7038,-84.7393,2026-05-12,2026-05-04,3234,95.87,2026-05-04T00:15:00Z,2026-05-05T16:30:00Z
1205,877,pending,19548,0,9,37.7385,-121.6438,2026-05-06,,3245,43.12,2026-05-04T00:10:00Z,2026-05-05T16:30:00Z
1206,896,confirmed,68250,7.99,2,40.1302,-105.4621,2026-05-07,,3256,85.75,2026-05-04T00:05:00Z,2026-05-05T16:30:00Z
1207,915,processing,35140,14.99,7,32.3773,-96.1933,2026-05-08,,3267,88.08,2026-05-04T00:00:00Z,2026-05-05T16:30:00Z
1208,934,cancelled,29220,24.99,12,26.0545,-80.425,2026-05-09,,3278,73.98,2026-05-03T23:55:00Z,2026-05-05T16:30:00Z
1209,953,confirmed,6760,0,5,41.7114,-71.589,2026-05-10,,3289,40.5,2026-05-03T23:50:00Z,2026-05-05T16:30:00Z
1210,972,processing,39540,7.99,10,34.5543,-118.8784,2026-05-11,,3300,42.2,2026-05-03T23:45:00Z,2026-05-05T16:30:00Z
1211,991,shipped,30170,14.99,3,48.1102,-122.4831,2026-05-12,,3311,35.22,2026-05-03T23:40:00Z,2026-05-05T16:30:00Z
1212,1010,delivered,36100,24.99,8,33.1786,-111.9554,2026-05-06,2026-05-04,3322,57.23,2026-05-03T23:35:00Z,2026-05-05T16:30:00Z
1213,1029,pending,33250,0,,35.5832,-79.2014,2026-05-07,,3333,84.43,2026-05-03T23:30:00Z,2026-05-05T16:30:00Z
1214,1048,confirmed,25580,7.99,6,42.2089,-87.1061,2026-05-08,,3344,39.18,2026-05-03T23:25:00Z,2026-05-05T16:30:00Z
1215,1067,processing,33500,14.99,11,41.049,-73.5034,2026-05-09,,3355,44.65,2026-05-03T23:20:00Z,2026-05-05T16:30:00Z
1216,1086,cancelled,25220,24.99,4,34.2203,-84.0889,2026-05-10,,3366,93.91,2026-05-03T23:15:00Z,2026-05-05T16:30:00Z
1217,1105,confirmed,78500,0,9,37.4726,-122.2074,2026-05-11,,3377,95.06,2026-05-03T23:10:00Z,2026-05-05T16:30:00Z
1218,1124,processing,12842,7.99,2,39.9201,-105.1366,2026-05-12,,3388,78.58,2026-05-03T23:05:00Z,2026-05-05T16:30:00Z
1219,1143,shipped,62460,14.99,7,32.1487,-97.4533,2026-05-06,,3399,74.29,2026-05-03T23:00:00Z,2026-05-05T16:30:00Z
1220,1162,delivered,37760,24.99,12,25.7105,-79.6982,2026-05-07,2026-05-04,3410,57.98,2026-05-03T22:55:00Z,2026-05-05T16:30:00Z
1221,1181,pending,34790,0,5,42.0859,-71.3239,2026-05-08,,3421,38.61,2026-05-03T22:50:00Z,2026-05-05T16:30:00Z
1222,1200,confirmed,67000,7.99,10,34.5851,-118.6847,2026-05-09,,3432,42.12,2026-05-03T22:45:00Z,2026-05-05T16:30:00Z
1223,1219,processing,24900,14.99,3,47.5827,-121.9697,2026-05-10,,3443,95.21,2026-05-03T22:40:00Z,2026-05-05T16:30:00Z
1224,1238,cancelled,24600,24.99,8,32.7918,-111.6903,2026-05-11,,3454,61.59,2026-05-03T22:35:00Z,2026-05-05T16:30:00Z
1225,1257,confirmed,31400,0,1,35.6891,-78.1727,2026-05-12,,3465,74.13,2026-05-03T22:30:00Z,2026-05-05T16:30:00Z
1226,1276,processing,21210,7.99,6,41.7164,-87.9263,2026-05-06,,3476,80.78,2026-05-03T22:25:00Z,2026-05-05T16:30:00Z
1227,1295,shipped,34010,14.99,11,40.271,-74.196,2026-05-07,,3487,49,2026-05-03T22:20:00Z,2026-05-05T16:30:00Z
1228,1314,delivered,10360,24.99,4,33.6243,-84.0139,2026-05-08,2026-05-04,3498,58.89,2026-05-03T22:15:00Z,2026-05-05T16:30:00Z
1229,1333,pending,7620,0,9,37.1719,-122.204,2026-05-09,,3509,79.39,2026-05-03T22:10:00Z,2026-05-05T16:30:00Z
1230,1352,confirmed,46000,7.99,2,40.354,-104.5587,2026-05-10,,3520,61.02,2026-05-03T22:05:00Z,2026-05-05T16:30:00Z
1231,1371,processing,28900,14.99,7,32.1251,-96.8075,2026-05-11,,3531,66.24,2026-05-03T22:00:00Z,2026-05-05T16:30:00Z
1232,1390,cancelled,50520,24.99,12,25.3928,-80.6198,2026-05-12,,3542,41.42,2026-05-03T21:55:00Z,2026-05-05T16:30:00Z
1233,1409,confirmed,27400,0,5,42.0178,-70.8298,2026-05-06,,3553,35.09,2026-05-03T21:50:00Z,2026-05-05T16:30:00Z
1234,1428,processing,49460,7.99,10,33.379,-117.9414,2026-05-07,,3564,94.72,2026-05-03T21:45:00Z,2026-05-05T16:30:00Z
1235,1447,shipped,61700,14.99,3,47.2302,-122.4028,2026-05-08,,3575,54.01,2026-05-03T21:40:00Z,2026-05-05T16:30:00Z
1236,1466,delivered,98300,24.99,8,32.8446,-112.4151,2026-05-09,2026-05-04,3586,48.54,2026-05-03T21:35:00Z,2026-05-05T16:30:00Z
1237,1485,pending,15970,0,,36.1695,-78.3835,2026-05-10,,3597,49.74,2026-05-03T21:30:00Z,2026-05-05T16:30:00Z
1238,1504,confirmed,36730,7.99,6,41.3097,-87.0708,2026-05-11,,3608,64.45,2026-05-03T21:25:00Z,2026-05-05T16:30:00Z
1239,1523,processing,55080,14.99,11,41.3087,-73.912,2026-05-12,,3619,59.09,2026-05-03T21:20:00Z,2026-05-05T16:30:00Z
1240,1542,cancelled,49640,24.99,4,34.0842,-84.6707,2026-05-06,,3630,77.35,2026-05-03T21:15:00Z,2026-05-05T16:30:00Z
1241,1561,confirmed,25020,0,9,37.9732,-121.7132,2026-05-07,,3641,69.74,2026-05-03T21:10:00Z,2026-05-05T16:30:00Z
1242,1580,processing,12605,7.99,2,39.7471,-105.2588,2026-05-08,,3652,83.36,2026-05-03T21:05:00Z,2026-05-05T16:30:00Z
1243,1599,shipped,43100,14.99,7,32.2477,-96.7089,2026-05-09,,3663,52.5,2026-05-03T21:00:00Z,2026-05-05T16:30:00Z
1244,1618,delivered,49200,24.99,12,26.1303,-79.6516,2026-05-10,2026-05-04,3674,46.7,2026-05-03T20:55:00Z,2026-05-05T16:30:00Z
1245,1637,pending,27770,0,5,41.9374,-71.2089,2026-05-11,,3685,56.36,2026-05-03T20:50:00Z,2026-05-05T16:30:00Z
1246,1656,confirmed,32044,7.99,10,33.4843,-118.5704,2026-05-12,,3696,55.55,2026-05-03T20:45:00Z,2026-05-05T16:30:00Z
1247,1675,processing,33550,14.99,3,47.8619,-122.1139,2026-05-06,,3707,60.06,2026-05-03T20:40:00Z,2026-05-05T16:30:00Z
1248,1694,cancelled,29480,24.99,8,33.9807,-112.1919,2026-05-07,,3718,55.32,2026-05-03T20:35:00Z,2026-05-05T16:30:00Z
1249,1713,confirmed,80400,0,1,35.3345,-79.1647,2026-05-08,,3729,43.15,2026-05-03T20:30:00Z,2026-05-05T16:30:00Z
1250,1732,processing,31700,7.99,6,41.9871,-87.5006,2026-05-09,,3740,96.53,2026-05-03T20:25:00Z,2026-05-05T16:30:00Z
1251,1751,shipped,19850,14.99,11,40.8832,-74.5303,2026-05-10,,3751,60.04,2026-05-03T20:20:00Z,2026-05-05T16:30:00Z
1252,1770,delivered,48400,24.99,4,33.8054,-84.6801,2026-05-11,2026-05-04,3762,91.95,2026-05-03T20:15:00Z,2026-05-05T16:30:00Z
1253,1789,pending,46700,0,9,37.3915,-121.6492,2026-05-12,,3773,63.84,2026-05-03T20:10:00Z,2026-05-05T16:30:00Z
1254,1808,confirmed,36750,7.99,2,40.1746,-105.6442,2026-05-06,,3784,58.18,2026-05-03T20:05:00Z,2026-05-05T16:30:00Z
1255,1827,processing,29400,14.99,7,32.5315,-97.064,2026-05-07,,3795,50.86,2026-05-03T20:00:00Z,2026-05-05T16:30:00Z
1256,1846,cancelled,10540,24.99,12,25.479,-80.1826,2026-05-08,,3806,65.88,2026-05-03T19:55:00Z,2026-05-05T16:30:00Z
1257,1865,confirmed,39010,0,5,42.5052,-71.2556,2026-05-09,,3817,65.75,2026-05-03T19:50:00Z,2026-05-05T16:30:00Z
1258,1884,processing,26720,7.99,10,33.7079,-118.3163,2026-05-10,,3828,63.08,2026-05-03T19:45:00Z,2026-05-05T16:30:00Z
1259,1903,shipped,49750,14.99,3,47.6485,-121.7899,2026-05-11,,3839,38.13,2026-05-03T19:40:00Z,2026-05-05T16:30:00Z
1260,1922,delivered,60000,24.99,8,33.036,-112.6962,2026-05-12,2026-05-04,3850,35.09,2026-05-03T19:35:00Z,2026-05-05T16:30:00Z
1261,1941,pending,18895,0,,35.5132,-79.0019,2026-05-06,,3861,83.3,2026-05-03T19:30:00Z,2026-05-05T16:30:00Z
1262,1960,confirmed,27220,7.99,6,41.5622,-87.5042,2026-05-07,,3872,73.71,2026-05-03T19:25:00Z,2026-05-05T16:30:00Z
1263,1979,processing,93450,14.99,11,40.4513,-73.5275,2026-05-08,,3883,46.24,2026-05-03T19:20:00Z,2026-05-05T16:30:00Z
1264,1998,cancelled,39940,24.99,4,33.1882,-84.2931,2026-05-09,,3894,96.28,2026-05-03T19:15:00Z,2026-05-05T16:30:00Z
1265,17,confirmed,19548,0,9,42.4761,-71.1824,2026-05-10,,3905,59.73,2026-05-03T19:10:00Z,2026-05-05T16:30:00Z
1266,36,processing,68250,7.99,2,34.1528,-118.9065,2026-05-11,,3916,94.63,2026-05-03T19:05:00Z,2026-05-05T16:30:00Z
1267,55,shipped,35140,14.99,7,48.2711,-122.1521,2026-05-12,,3927,79.5,2026-05-03T19:00:00Z,2026-05-05T16:30:00Z
1268,74,delivered,29220,24.99,12,33.494,-111.8608,2026-05-06,2026-05-04,3938,83.34,2026-05-03T18:55:00Z,2026-05-05T16:30:00Z
1269,93,pending,6760,0,5,35.5201,-78.1952,2026-05-07,,3949,79.13,2026-05-03T18:50:00Z,2026-05-05T16:30:00Z
1270,112,confirmed,39540,7.99,10,41.6417,-87.2938,2026-05-08,,3960,97.49,2026-05-03T18:45:00Z,2026-05-05T16:30:00Z
1271,131,processing,30170,14.99,3,40.1452,-74.1112,2026-05-09,,3971,85.55,2026-05-03T18:40:00Z,2026-05-05T16:30:00Z
1272,150,cancelled,36100,24.99,8,33.2623,-84.9511,2026-05-10,,3982,74.62,2026-05-03T18:35:00Z,2026-05-05T16:30:00Z
1273,169,confirmed,33250,0,1,37.0325,-122.3054,2026-05-11,,3993,83.42,2026-05-03T18:30:00Z,2026-05-05T16:30:00Z
1274,188,processing,25580,7.99,6,40.2454,-104.9077,2026-05-12,,4004,87.69,2026-05-03T18:25:00Z,2026-05-05T16:30:00Z
1275,207,shipped,33500,14.99,11,32.5637,-96.9664,2026-05-06,,4015,88.61,2026-05-03T18:20:00Z,2026-05-05T16:30:00Z
1276,226,delivered,25220,24.99,4,25.9609,-79.6147,2026-05-07,2026-05-04,4026,76.65,2026-05-03T18:15:00Z,2026-05-05T16:30:00Z
1277,245,pending,78500,0,9,42.1875,-71.3069,2026-05-08,,4037,81.04,2026-05-03T18:10:00Z,2026-05-05T16:30:00Z
1278,264,confirmed,12842,7.99,2,34.4923,-118.1857,2026-05-09,,4048,57.32,2026-05-03T18:05:00Z,2026-05-05T16:30:00Z
1279,283,processing,62460,14.99,7,47.6349,-122.1951,2026-05-10,,4059,50.51,2026-05-03T18:00:00Z,2026-05-05T16:30:00Z
1280,302,cancelled,37760,24.99,12,33.7054,-112.4162,2026-05-11,,4070,45.78,2026-05-03T17:55:00Z,2026-05-05T16:30:00Z
1281,321,confirmed,34790,0,5,35.1118,-78.6882,2026-05-12,,4081,85.62,2026-05-03T17:50:00Z,2026-05-05T16:30:00Z
1282,340,processing,67000,7.99,10,41.402,-86.9773,2026-05-06,,4092,49.2,2026-05-03T17:45:00Z,2026-05-05T16:30:00Z
1283,359,shipped,24900,14.99,3,40.4582,-73.3335,2026-05-07,,4103,72.18,2026-05-03T17:40:00Z,2026-05-05T16:30:00Z
1284,378,delivered,24600,24.99,8,33.0518,-84.7998,2026-05-08,2026-05-04,4114,89.73,2026-05-03T17:35:00Z,2026-05-05T16:30:00Z
1285,397,pending,31400,0,,37.7925,-122.2236,2026-05-09,,4125,70.85,2026-05-03T17:30:00Z,2026-05-05T16:30:00Z
1286,416,confirmed,21210,7.99,6,39.8276,-104.7818,2026-05-10,,4136,82.03,2026-05-03T17:25:00Z,2026-05-05T16:30:00Z
1287,435,processing,34010,14.99,11,33.3286,-96.5871,2026-05-11,,4147,52.05,2026-05-03T17:20:00Z,2026-05-05T16:30:00Z
1288,454,cancelled,10360,24.99,4,25.3373,-80.8464,2026-05-12,,4158,90.78,2026-05-03T17:15:00Z,2026-05-05T16:30:00Z
1289,473,confirmed,7620,0,9,41.926,-70.4187,2026-05-06,,4169,56.08,2026-05-03T17:10:00Z,2026-05-05T16:30:00Z
1290,492,processing,46000,7.99,2,33.8021,-118.143,2026-05-07,,4180,68.44,2026-05-03T17:05:00Z,2026-05-05T16:30:00Z
1291,511,shipped,28900,14.99,7,47.6103,-122.3713,2026-05-08,,4191,55.13,2026-05-03T17:00:00Z,2026-05-05T16:30:00Z
1292,530,delivered,50520,24.99,12,33.2225,-112.6078,2026-05-09,2026-05-04,4202,84.61,2026-05-03T16:55:00Z,2026-05-05T16:30:00Z
1293,549,pending,27400,0,5,35.3668,-78.4729,2026-05-10,,4213,91.71,2026-05-03T16:50:00Z,2026-05-05T16:30:00Z
1294,568,confirmed,49460,7.99,10,41.4956,-87.1428,2026-05-11,,4224,51.55,2026-05-03T16:45:00Z,2026-05-05T16:30:00Z
1295,587,processing,61700,14.99,3,40.6665,-74.2949,2026-05-12,,4235,48.71,2026-05-03T16:40:00Z,2026-05-05T16:30:00Z
1296,606,cancelled,98300,24.99,8,33.0544,-84.0773,2026-05-06,,4246,79.75,2026-05-03T16:35:00Z,2026-05-05T16:30:00Z
1297,625,confirmed,15970,0,1,37.1053,-121.5608,2026-05-07,,4257,63.85,2026-05-03T16:30:00Z,2026-05-05T16:30:00Z
1298,644,processing,36730,7.99,6,39.9032,-104.4869,2026-05-08,,4268,83.19,2026-05-03T16:25:00Z,2026-05-05T16:30:00Z
1299,663,shipped,55080,14.99,11,32.3479,-96.616,2026-05-09,,4279,74.92,2026-05-03T16:20:00Z,2026-05-05T16:30:00Z
1300,682,delivered,49640,24.99,4,25.6558,-80.3625,2026-05-10,2026-05-04,4290,40.86,2026-05-03T16:15:00Z,2026-05-05T16:30:00Z
1301,701,pending,25020,0,9,42.8351,-71.5377,2026-05-11,,4301,60.73,2026-05-03T16:10:00Z,2026-05-05T16:30:00Z
1302,720,confirmed,12605,7.99,2,33.3954,-117.5919,2026-05-12,,4312,40.49,2026-05-03T16:05:00Z,2026-05-05T16:30:00Z
1303,739,processing,43100,14.99,7,47.166,-122.5222,2026-05-06,,4323,82.64,2026-05-03T16:00:00Z,2026-05-05T16:30:00Z
1304,758,cancelled,49200,24.99,12,33.6364,-112.1877,2026-05-07,,4334,95.75,2026-05-03T15:55:00Z,2026-05-05T16:30:00Z
1305,777,confirmed,27770,0,5,36.0033,-79.1399,2026-05-08,,4345,97.23,2026-05-03T15:50:00Z,2026-05-05T16:30:00Z
1306,796,processing,32044,7.99,10,41.997,-87.2427,2026-05-09,,4356,64.95,2026-05-03T15:45:00Z,2026-05-05T16:30:00Z
1307,815,shipped,33550,14.99,3,40.2248,-74.4583,2026-05-10,,4367,57.17,2026-05-03T15:40:00Z,2026-05-05T16:30:00Z
1308,834,delivered,29480,24.99,8,33.2822,-84.2821,2026-05-11,2026-05-03,4378,77.74,2026-05-03T15:35:00Z,2026-05-05T16:30:00Z
1309,853,pending,80400,0,,36.7371,-121.3227,2026-05-12,,4389,41.25,2026-05-03T15:30:00Z,2026-05-05T16:30:00Z
1310,872,confirmed,31700,7.99,6,39.9131,-104.7118,2026-05-06,,4400,46.72,2026-05-03T15:25:00Z,2026-05-05T16:30:00Z
1311,891,processing,19850,14.99,11,33.263,-96.8247,2026-05-07,,4411,60.13,2026-05-03T15:20:00Z,2026-05-05T16:30:00Z
1312,910,cancelled,48400,24.99,4,26.3256,-80.127,2026-05-08,,4422,87.91,2026-05-03T15:15:00Z,2026-05-05T16:30:00Z
1313,929,confirmed,46700,0,9,42.3186,-70.7834,2026-05-09,,4433,79.33,2026-05-03T15:10:00Z,2026-05-05T16:30:00Z
1314,948,processing,36750,7.99,2,33.6608,-118.6059,2026-05-10,,4444,57.12,2026-05-03T15:05:00Z,2026-05-05T16:30:00Z
1315,967,shipped,29400,14.99,7,47.9121,-122.1685,2026-05-11,,4455,39.34,2026-05-03T15:00:00Z,2026-05-05T16:30:00Z
1316,986,delivered,10540,24.99,12,33.7858,-111.7184,2026-05-12,2026-05-03,4466,63.42,2026-05-03T14:55:00Z,2026-05-05T16:30:00Z
1317,1005,pending,39010,0,5,35.5742,-79.0237,2026-05-06,,4477,62.8,2026-05-03T14:50:00Z,2026-05-05T16:30:00Z
1318,1024,confirmed,26720,7.99,10,42.5585,-88.2082,2026-05-07,,4488,64.39,2026-05-03T14:45:00Z,2026-05-05T16:30:00Z
1319,1043,processing,49750,14.99,3,40.2481,-73.3386,2026-05-08,,4499,65.55,2026-05-03T14:40:00Z,2026-05-05T16:30:00Z
1320,1062,cancelled,60000,24.99,8,33.8964,-83.9513,2026-05-09,,4510,56.09,2026-05-03T14:35:00Z,2026-05-05T16:30:00Z
1321,1081,confirmed,18895,0,1,37.8808,-122.4468,2026-05-10,,4521,36.91,2026-05-03T14:30:00Z,2026-05-05T16:30:00Z
1322,1100,processing,27220,7.99,6,40.0689,-104.9802,2026-05-11,,4532,79.78,2026-05-03T14:25:00Z,2026-05-05T16:30:00Z
1323,1119,shipped,93450,14.99,11,33.4437,-96.4592,2026-05-12,,4543,72.52,2026-05-03T14:20:00Z,2026-05-05T16:30:00Z
1324,1138,delivered,39940,24.99,4,25.8412,-80.7809,2026-05-06,2026-05-03,4554,43.11,2026-05-03T14:15:00Z,2026-05-05T16:30:00Z
1325,1157,pending,19548,0,9,42.2019,-71.2296,2026-05-07,,4565,56.09,2026-05-03T14:10:00Z,2026-05-05T16:30:00Z
1326,1176,confirmed,68250,7.99,2,34.4276,-118.0832,2026-05-08,,4576,46.55,2026-05-03T14:05:00Z,2026-05-05T16:30:00Z
1327,1195,processing,35140,14.99,7,47.4583,-122.9487,2026-05-09,,4587,37.7,2026-05-03T14:00:00Z,2026-05-05T16:30:00Z
1328,1214,cancelled,29220,24.99,12,33.4049,-112.5543,2026-05-10,,4598,80.54,2026-05-03T13:55:00Z,2026-05-05T16:30:00Z
1329,1233,confirmed,6760,0,5,35.7645,-78.4099,2026-05-11,,4609,95.03,2026-05-03T13:50:00Z,2026-05-05T16:30:00Z
1330,1252,processing,39540,7.99,10,41.4393,-87.1077,2026-05-12,,4620,97.07,2026-05-03T13:45:00Z,2026-05-05T16:30:00Z
1331,1271,shipped,30170,14.99,3,40.9686,-74.5917,2026-05-06,,4631,79.14,2026-05-03T13:40:00Z,2026-05-05T16:30:00Z
1332,1290,delivered,36100,24.99,8,34.1256,-85.0729,2026-05-07,2026-05-03,4642,91.69,2026-05-03T13:35:00Z,2026-05-05T16:30:00Z
1333,1309,pending,33250,0,,37.795,-122.2409,2026-05-08,,4653,94.57,2026-05-03T13:30:00Z,2026-05-05T16:30:00Z
1334,1328,confirmed,25580,7.99,6,39.9221,-105.0093,2026-05-09,,4664,58.16,2026-05-03T13:25:00Z,2026-05-05T16:30:00Z
1335,1347,processing,33500,14.99,11,32.2497,-96.5578,2026-05-10,,4675,74.65,2026-05-03T13:20:00Z,2026-05-05T16:30:00Z
1336,1366,cancelled,25220,24.99,4,25.2238,-80.0194,2026-05-11,,4686,65.06,2026-05-03T13:15:00Z,2026-05-05T16:30:00Z
1337,1385,confirmed,78500,0,9,41.8589,-71.4844,2026-05-12,,4697,55.89,2026-05-03T13:10:00Z,2026-05-05T16:30:00Z
1338,1404,processing,12842,7.99,2,33.7132,-118.41,2026-05-06,,4708,54.25,2026-05-03T13:05:00Z,2026-05-05T16:30:00Z
1339,1423,shipped,62460,14.99,7,48.0297,-122.2614,2026-05-07,,4719,40.25,2026-05-03T13:00:00Z,2026-05-05T16:30:00Z
1340,1442,delivered,37760,24.99,12,33.5939,-111.7984,2026-05-08,2026-05-03,4730,64.06,2026-05-03T12:55:00Z,2026-05-05T16:30:00Z
1341,1461,pending,34790,0,5,35.9691,-78.8687,2026-05-09,,4741,85.3,2026-05-03T12:50:00Z,2026-05-05T16:30:00Z
1342,1480,confirmed,67000,7.99,10,41.6484,-87.4977,2026-05-10,,4752,43.46,2026-05-03T12:45:00Z,2026-05-05T16:30:00Z
1343,1499,processing,24900,14.99,3,41.283,-73.7408,2026-05-11,,4763,35.54,2026-05-03T12:40:00Z,2026-05-05T16:30:00Z
1344,1518,cancelled,24600,24.99,8,34.3148,-83.7302,2026-05-12,,4774,92.83,2026-05-03T12:35:00Z,2026-05-05T16:30:00Z
1345,1537,confirmed,31400,0,1,37.1485,-121.3878,2026-05-06,,4785,71.66,2026-05-03T12:30:00Z,2026-05-05T16:30:00Z
1346,1556,processing,21210,7.99,6,39.9949,-105.0429,2026-05-07,,4796,73.59,2026-05-03T12:25:00Z,2026-05-05T16:30:00Z
1347,1575,shipped,34010,14.99,11,32.8828,-97.222,2026-05-08,,4807,85.19,2026-05-03T12:20:00Z,2026-05-05T16:30:00Z
1348,1594,delivered,10360,24.99,4,25.5797,-80.0266,2026-05-09,2026-05-03,4818,73.73,2026-05-03T12:15:00Z,2026-05-05T16:30:00Z
1349,1613,pending,7620,0,9,41.7537,-70.5178,2026-05-10,,4829,82.07,2026-05-03T12:10:00Z,2026-05-05T16:30:00Z
1350,1632,confirmed,46000,7.99,2,34.2093,-118.8726,2026-05-11,,4840,97.6,2026-05-03T12:05:00Z,2026-05-05T16:30:00Z
1351,1651,processing,28900,14.99,7,47.2691,-122.9117,2026-05-12,,4851,73.34,2026-05-03T12:00:00Z,2026-05-05T16:30:00Z
1352,1670,cancelled,50520,24.99,12,32.9768,-112.3903,2026-05-06,,4862,54.22,2026-05-03T11:55:00Z,2026-05-05T16:30:00Z
1353,1689,confirmed,27400,0,5,36.412,-78.1641,2026-05-07,,4873,65.38,2026-05-03T11:50:00Z,2026-05-05T16:30:00Z
1354,1708,processing,49460,7.99,10,41.6549,-88.1283,2026-05-08,,4884,95.47,2026-05-03T11:45:00Z,2026-05-05T16:30:00Z
1355,1727,shipped,61700,14.99,3,40.8504,-73.7522,2026-05-09,,4895,47.69,2026-05-03T11:40:00Z,2026-05-05T16:30:00Z
1356,1746,delivered,98300,24.99,8,33.1188,-84.1939,2026-05-10,2026-05-03,4906,76.55,2026-05-03T11:35:00Z,2026-05-05T16:30:00Z
1357,1765,pending,15970,0,,37.2791,-122.207,2026-05-11,,4917,44.85,2026-05-03T11:30:00Z,2026-05-05T16:30:00Z
1358,1784,confirmed,36730,7.99,6,39.6831,-105.1549,2026-05-12,,4928,47.39,2026-05-03T11:25:00Z,2026-05-05T16:30:00Z
1359,1803,processing,55080,14.99,11,32.4266,-97.3055,2026-05-06,,4939,80.86,2026-05-03T11:20:00Z,2026-05-05T16:30:00Z
1360,1822,cancelled,49640,24.99,4,26.1097,-79.637,2026-05-07,,4950,72.53,2026-05-03T11:15:00Z,2026-05-05T16:30:00Z
1361,1841,confirmed,25020,0,9,42.2454,-71.3955,2026-05-08,,4961,42.41,2026-05-03T11:10:00Z,2026-05-05T16:30:00Z
1362,1860,processing,12605,7.99,2,34.1489,-117.7801,2026-05-09,,4972,94.92,2026-05-03T11:05:00Z,2026-05-05T16:30:00Z
1363,1879,shipped,43100,14.99,7,47.7435,-122.2229,2026-05-10,,4983,81.93,2026-05-03T11:00:00Z,2026-05-05T16:30:00Z
1364,1898,delivered,49200,24.99,12,33.7779,-112.0896,2026-05-11,2026-05-03,4994,57.66,2026-05-03T10:55:00Z,2026-05-05T16:30:00Z
1365,1917,pending,27770,0,5,36.0418,-78.3006,2026-05-12,,5,94.96,2026-05-03T10:50:00Z,2026-05-05T16:30:00Z
1366,1936,confirmed,32044,7.99,10,42.4258,-87.6155,2026-05-06,,16,43.69,2026-05-03T10:45:00Z,2026-05-05T16:30:00Z
1367,1955,processing,33550,14.99,3,40.6093,-74.4182,2026-05-07,,27,40.85,2026-05-03T10:40:00Z,2026-05-05T16:30:00Z
1368,1974,cancelled,29480,24.99,8,34.4265,-84.1231,2026-05-08,,38,79.81,2026-05-03T10:35:00Z,2026-05-05T16:30:00Z
1369,1993,confirmed,80400,0,1,37.5785,-121.7899,2026-05-09,,49,80.72,2026-05-03T10:30:00Z,2026-05-05T16:30:00Z
1370,12,processing,31700,7.99,6,34.1943,-118.8099,2026-05-10,,60,63.76,2026-05-03T10:25:00Z,2026-05-05T16:30:00Z
1371,31,shipped,19850,14.99,11,48.0088,-121.6905,2026-05-11,,71,46.8,2026-05-03T10:20:00Z,2026-05-05T16:30:00Z
1372,50,delivered,48400,24.99,4,33.2679,-112.1647,2026-05-12,2026-05-03,82,70.21,2026-05-03T10:15:00Z,2026-05-05T16:30:00Z
1373,69,pending,46700,0,9,35.5938,-78.1898,2026-05-06,,93,50.97,2026-05-03T10:10:00Z,2026-05-05T16:30:00Z
1374,88,confirmed,36750,7.99,2,42.3531,-87.1026,2026-05-07,,104,59.8,2026-05-03T10:05:00Z,2026-05-05T16:30:00Z
1375,107,processing,29400,14.99,7,40.93,-74.5151,2026-05-08,,115,89.17,2026-05-03T10:00:00Z,2026-05-05T16:30:00Z
1376,126,cancelled,10540,24.99,12,33.9645,-85.0647,2026-05-09,,126,39.18,2026-05-03T09:55:00Z,2026-05-05T16:30:00Z
1377,145,confirmed,39010,0,5,36.8604,-121.4248,2026-05-10,,137,47.93,2026-05-03T09:50:00Z,2026-05-05T16:30:00Z
1378,164,processing,26720,7.99,10,40.0096,-104.5874,2026-05-11,,148,51.41,2026-05-03T09:45:00Z,2026-05-05T16:30:00Z
1379,183,shipped,49750,14.99,3,32.7892,-97.355,2026-05-12,,159,53.62,2026-05-03T09:40:00Z,2026-05-05T16:30:00Z
1380,202,delivered,60000,24.99,8,25.6761,-79.7198,2026-05-06,2026-05-03,170,86.96,2026-05-03T09:35:00Z,2026-05-05T16:30:00Z
1381,221,pending,18895,0,,42.1419,-71.5911,2026-05-07,,181,42.53,2026-05-03T09:30:00Z,2026-05-05T16:30:00Z
1382,240,confirmed,27220,7.99,6,34.2961,-117.6108,2026-05-08,,192,41.89,2026-05-03T09:25:00Z,2026-05-05T16:30:00Z
1383,259,processing,93450,14.99,11,47.1202,-122.5383,2026-05-09,,203,85.08,2026-05-03T09:20:00Z,2026-05-05T16:30:00Z
1384,278,cancelled,39940,24.99,4,33.4858,-112.552,2026-05-10,,214,71.42,2026-05-03T09:15:00Z,2026-05-05T16:30:00Z
1385,297,confirmed,19548,0,9,35.6223,-79.188,2026-05-11,,225,86.23,2026-05-03T09:10:00Z,2026-05-05T16:30:00Z
1386,316,processing,68250,7.99,2,42.3279,-87.2464,2026-05-12,,236,40.74,2026-05-03T09:05:00Z,2026-05-05T16:30:00Z
1387,335,shipped,35140,14.99,7,41.1506,-74.2461,2026-05-06,,247,54.63,2026-05-03T09:00:00Z,2026-05-05T16:30:00Z
1388,354,delivered,29220,24.99,12,33.8696,-83.7028,2026-05-07,2026-05-03,258,48.82,2026-05-03T08:55:00Z,2026-05-05T16:30:00Z
1389,373,pending,6760,0,5,36.9396,-121.6333,2026-05-08,,269,67.61,2026-05-03T08:50:00Z,2026-05-05T16:30:00Z
1390,392,confirmed,39540,7.99,10,39.2785,-104.5966,2026-05-09,,280,71.07,2026-05-03T08:45:00Z,2026-05-05T16:30:00Z
1391,411,processing,30170,14.99,3,32.5604,-97.1166,2026-05-10,,291,42.39,2026-05-03T08:40:00Z,2026-05-05T16:30:00Z
1392,430,cancelled,36100,24.99,8,25.7523,-79.5024,2026-05-11,,302,64.51,2026-05-03T08:35:00Z,2026-05-05T16:30:00Z
1393,449,confirmed,33250,0,1,41.9737,-70.8726,2026-05-12,,313,87.9,2026-05-03T08:30:00Z,2026-05-05T16:30:00Z
1394,468,processing,25580,7.99,6,34.0662,-118.7018,2026-05-06,,324,67.73,2026-05-03T08:25:00Z,2026-05-05T16:30:00Z
1395,487,shipped,33500,14.99,11,48.2754,-122.6647,2026-05-07,,335,95.2,2026-05-03T08:20:00Z,2026-05-05T16:30:00Z
1396,506,delivered,25220,24.99,4,33.3984,-111.8302,2026-05-08,2026-05-03,346,62.76,2026-05-03T08:15:00Z,2026-05-05T16:30:00Z
1397,525,pending,78500,0,9,35.8162,-78.8941,2026-05-09,,357,95.71,2026-05-03T08:10:00Z,2026-05-05T16:30:00Z
1398,544,confirmed,12842,7.99,2,41.6409,-87.2071,2026-05-10,,368,57.94,2026-05-03T08:05:00Z,2026-05-05T16:30:00Z
1399,563,processing,62460,14.99,7,41.2624,-73.7228,2026-05-11,,379,87.15,2026-05-03T08:00:00Z,2026-05-05T16:30:00Z
1400,582,cancelled,37760,24.99,12,33.4236,-84.9611,2026-05-12,,390,44.18,2026-05-03T07:55:00Z,2026-05-05T16:30:00Z
1401,601,confirmed,34790,0,5,37.2316,-122.4937,2026-05-06,,401,74.48,2026-05-03T07:50:00Z,2026-05-05T16:30:00Z
1402,620,processing,67000,7.99,10,40.1916,-105.5357,2026-05-07,,412,72.15,2026-05-03T07:45:00Z,2026-05-05T16:30:00Z
1403,639,shipped,24900,14.99,3,33.0369,-96.7498,2026-05-08,,423,57.69,2026-05-03T07:40:00Z,2026-05-05T16:30:00Z
1404,658,delivered,24600,24.99,8,26.0321,-80.6816,2026-05-09,2026-05-03,434,96.5,2026-05-03T07:35:00Z,2026-05-05T16:30:00Z
1405,677,pending,31400,0,,41.7966,-71.6186,2026-05-10,,445,46.8,2026-05-03T07:30:00Z,2026-05-05T16:30:00Z
1406,696,confirmed,21210,7.99,6,34.0326,-118.5068,2026-05-11,,456,76.03,2026-05-03T07:25:00Z,2026-05-05T16:30:00Z
1407,715,processing,34010,14.99,11,47.869,-122.5288,2026-05-12,,467,79.62,2026-05-03T07:20:00Z,2026-05-05T16:30:00Z
1408,734,cancelled,10360,24.99,4,33.387,-111.9515,2026-05-06,,478,36.5,2026-05-03T07:15:00Z,2026-05-05T16:30:00Z
1409,753,confirmed,7620,0,9,35.943,-78.3643,2026-05-07,,489,67.58,2026-05-03T07:10:00Z,2026-05-05T16:30:00Z
1410,772,processing,46000,7.99,2,41.3582,-88.2479,2026-05-08,,500,73.37,2026-05-03T07:05:00Z,2026-05-05T16:30:00Z
1411,791,shipped,28900,14.99,7,40.2155,-74.3333,2026-05-09,,511,85.12,2026-05-03T07:00:00Z,2026-05-05T16:30:00Z
1412,810,delivered,50520,24.99,12,33.3312,-84.6079,2026-05-10,2026-05-03,522,54.69,2026-05-03T06:55:00Z,2026-05-05T16:30:00Z
1413,829,pending,27400,0,5,37.0524,-122.3402,2026-05-11,,533,41.77,2026-05-03T06:50:00Z,2026-05-05T16:30:00Z
1414,848,confirmed,49460,7.99,10,39.29,-105.4268,2026-05-12,,544,91.03,2026-05-03T06:45:00Z,2026-05-05T16:30:00Z
1415,867,processing,61700,14.99,3,32.7302,-96.8737,2026-05-06,,555,40.31,2026-05-03T06:40:00Z,2026-05-05T16:30:00Z
1416,886,cancelled,98300,24.99,8,25.2361,-80.7927,2026-05-07,,566,68.69,2026-05-03T06:35:00Z,2026-05-05T16:30:00Z
1417,905,confirmed,15970,0,1,41.7594,-71.0577,2026-05-08,,577,45.71,2026-05-03T06:30:00Z,2026-05-05T16:30:00Z
1418,924,processing,36730,7.99,6,34.3006,-118.5447,2026-05-09,,588,65.73,2026-05-03T06:25:00Z,2026-05-05T16:30:00Z
1419,943,shipped,55080,14.99,11,47.7447,-121.8117,2026-05-10,,599,43.16,2026-05-03T06:20:00Z,2026-05-05T16:30:00Z
1420,962,delivered,49640,24.99,4,33.6796,-111.3851,2026-05-11,2026-05-03,610,57.62,2026-05-03T06:15:00Z,2026-05-05T16:30:00Z
1421,981,pending,25020,0,9,36.2339,-78.0425,2026-05-12,,621,40.55,2026-05-03T06:10:00Z,2026-05-05T16:30:00Z
1422,1000,confirmed,12605,7.99,2,41.5164,-87.0036,2026-05-06,,632,43.75,2026-05-03T06:05:00Z,2026-05-05T16:30:00Z
1423,1019,processing,43100,14.99,7,41.217,-74.3334,2026-05-07,,643,78.81,2026-05-03T06:00:00Z,2026-05-05T16:30:00Z
1424,1038,cancelled,49200,24.99,12,34.0062,-83.9228,2026-05-08,,654,91.79,2026-05-03T05:55:00Z,2026-05-05T16:30:00Z
1425,1057,confirmed,27770,0,5,37.8488,-122.2634,2026-05-09,,665,51.09,2026-05-03T05:50:00Z,2026-05-05T16:30:00Z
1426,1076,processing,32044,7.99,10,40.2756,-105.6252,2026-05-10,,676,90.7,2026-05-03T05:45:00Z,2026-05-05T16:30:00Z
1427,1095,shipped,33550,14.99,3,33.349,-96.2858,2026-05-11,,687,69.13,2026-05-03T05:40:00Z,2026-05-05T16:30:00Z
1428,1114,delivered,29480,24.99,8,25.7955,-80.7589,2026-05-12,2026-05-03,698,94.74,2026-05-03T05:35:00Z,2026-05-05T16:30:00Z
1429,1133,pending,80400,0,,42.3807,-71.0445,2026-05-06,,709,46.34,2026-05-03T05:30:00Z,2026-05-05T16:30:00Z
1430,1152,confirmed,31700,7.99,6,34.6402,-118.2813,2026-05-07,,720,88.58,2026-05-03T05:25:00Z,2026-05-05T16:30:00Z
1431,1171,processing,19850,14.99,11,47.0316,-122.1502,2026-05-08,,731,39.61,2026-05-03T05:20:00Z,2026-05-05T16:30:00Z
1432,1190,cancelled,48400,24.99,4,33.6926,-112.3819,2026-05-09,,742,97.7,2026-05-03T05:15:00Z,2026-05-05T16:30:00Z
1433,1209,confirmed,46700,0,9,35.2067,-78.9451,2026-05-10,,753,90.13,2026-05-03T05:10:00Z,2026-05-05T16:30:00Z
1434,1228,processing,36750,7.99,2,42.5068,-87.1719,2026-05-11,,764,69.63,2026-05-03T05:05:00Z,2026-05-05T16:30:00Z
1435,1247,shipped,29400,14.99,7,40.4829,-73.3811,2026-05-12,,775,76.43,2026-05-03T05:00:00Z,2026-05-05T16:30:00Z
1436,1266,delivered,10540,24.99,12,33.5995,-84.8813,2026-05-06,2026-05-03,786,46.03,2026-05-03T04:55:00Z,2026-05-05T16:30:00Z
1437,1285,pending,39010,0,5,36.6792,-121.7329,2026-05-07,,797,90.5,2026-05-03T04:50:00Z,2026-05-05T16:30:00Z
1438,1304,confirmed,26720,7.99,10,39.2223,-104.4961,2026-05-08,,808,43.42,2026-05-03T04:45:00Z,2026-05-05T16:30:00Z
1439,1323,processing,49750,14.99,3,32.5605,-96.2312,2026-05-09,,819,78.64,2026-05-03T04:40:00Z,2026-05-05T16:30:00Z
1440,1342,cancelled,60000,24.99,8,25.5025,-80.0027,2026-05-10,,830,39.94,2026-05-03T04:35:00Z,2026-05-05T16:30:00Z
1441,1361,confirmed,18895,0,1,42.2541,-71.6525,2026-05-11,,841,37.61,2026-05-05T16:30:00Z,2026-05-05T16:30:00Z
1442,1380,processing,27220,7.99,6,34.3225,-118.5986,2026-05-12,,852,97.77,2026-05-05T16:25:00Z,2026-05-05T16:30:00Z
1443,1399,shipped,93450,14.99,11,47.0414,-121.8368,2026-05-06,,863,57.16,2026-05-05T16:20:00Z,2026-05-05T16:30:00Z
1444,1418,delivered,39940,24.99,4,33.7051,-112.047,2026-05-07,2026-05-05,874,50.09,2026-05-05T16:15:00Z,2026-05-05T16:30:00Z
1445,1437,pending,19548,0,9,35.5013,-78.5074,2026-05-08,,885,67.05,2026-05-05T16:10:00Z,2026-05-05T16:30:00Z
1446,1456,confirmed,68250,7.99,2,41.3764,-87.7045,2026-05-09,,896,39.69,2026-05-05T16:05:00Z,2026-05-05T16:30:00Z
1447,1475,processing,35140,14.99,7,40.2128,-73.9319,2026-05-10,,907,68.65,2026-05-05T16:00:00Z,2026-05-05T16:30:00Z
1448,1494,cancelled,29220,24.99,12,33.9677,-84.7496,2026-05-11,,918,87.6,2026-05-05T15:55:00Z,2026-05-05T16:30:00Z
1449,1513,confirmed,6760,0,5,37.7885,-122.237,2026-05-12,,929,57.27,2026-05-05T15:50:00Z,2026-05-05T16:30:00Z
1450,1532,processing,39540,7.99,10,39.8633,-105.5124,2026-05-06,,940,35.35,2026-05-05T15:45:00Z,2026-05-05T16:30:00Z
1451,1551,shipped,30170,14.99,3,32.5159,-97.2228,2026-05-07,,951,86.97,2026-05-05T15:40:00Z,2026-05-05T16:30:00Z
1452,1570,delivered,36100,24.99,8,26.4246,-79.7136,2026-05-08,2026-05-05,962,78.2,2026-05-05T15:35:00Z,2026-05-05T16:30:00Z
1453,1589,pending,33250,0,,41.6709,-71.0847,2026-05-09,,973,57.31,2026-05-05T15:30:00Z,2026-05-05T16:30:00Z
1454,1608,confirmed,25580,7.99,6,34.0355,-118.3449,2026-05-10,,984,67.95,2026-05-05T15:25:00Z,2026-05-05T16:30:00Z
1455,1627,processing,33500,14.99,11,47.2467,-121.7318,2026-05-11,,995,56.82,2026-05-05T15:20:00Z,2026-05-05T16:30:00Z
1456,1646,cancelled,25220,24.99,4,33.2723,-111.9556,2026-05-12,,1006,87.83,2026-05-05T15:15:00Z,2026-05-05T16:30:00Z
1457,1665,confirmed,78500,0,9,35.4474,-78.2423,2026-05-06,,1017,53.26,2026-05-05T15:10:00Z,2026-05-05T16:30:00Z
1458,1684,processing,12842,7.99,2,42.158,-87.8916,2026-05-07,,1028,38.95,2026-05-05T15:05:00Z,2026-05-05T16:30:00Z
1459,1703,shipped,62460,14.99,7,41.2956,-74.2782,2026-05-08,,1039,84.3,2026-05-05T15:00:00Z,2026-05-05T16:30:00Z
1460,1722,delivered,37760,24.99,12,33.1039,-84.4534,2026-05-09,2026-05-05,1050,95.77,2026-05-05T14:55:00Z,2026-05-05T16:30:00Z
1461,1741,pending,34790,0,5,37.6298,-122.4447,2026-05-10,,1061,59.74,2026-05-05T14:50:00Z,2026-05-05T16:30:00Z
1462,1760,confirmed,67000,7.99,10,39.5325,-104.8283,2026-05-11,,1072,84.97,2026-05-05T14:45:00Z,2026-05-05T16:30:00Z
1463,1779,processing,24900,14.99,3,33.4395,-96.3347,2026-05-12,,1083,57.29,2026-05-05T14:40:00Z,2026-05-05T16:30:00Z
1464,1798,cancelled,24600,24.99,8,26.2428,-80.4112,2026-05-06,,1094,54.15,2026-05-05T14:35:00Z,2026-05-05T16:30:00Z
1465,1817,confirmed,31400,0,1,42.7755,-70.6619,2026-05-07,,1105,44.59,2026-05-05T14:30:00Z,2026-05-05T16:30:00Z
1466,1836,processing,21210,7.99,6,33.5217,-118.745,2026-05-08,,1116,59.18,2026-05-05T14:25:00Z,2026-05-05T16:30:00Z
1467,1855,shipped,34010,14.99,11,47.1543,-122.7765,2026-05-09,,1127,85.69,2026-05-05T14:20:00Z,2026-05-05T16:30:00Z
1468,1874,delivered,10360,24.99,4,33.3675,-112.065,2026-05-10,2026-05-05,1138,95.08,2026-05-05T14:15:00Z,2026-05-05T16:30:00Z
1469,1893,pending,7620,0,9,35.8714,-78.7287,2026-05-11,,1149,44.46,2026-05-05T14:10:00Z,2026-05-05T16:30:00Z
1470,1912,confirmed,46000,7.99,2,42.3947,-88.1704,2026-05-12,,1160,96.72,2026-05-05T14:05:00Z,2026-05-05T16:30:00Z
1471,1931,processing,28900,14.99,7,40.7761,-74.3952,2026-05-06,,1171,64.17,2026-05-05T14:00:00Z,2026-05-05T16:30:00Z
1472,1950,cancelled,50520,24.99,12,34.0824,-84.2381,2026-05-07,,1182,57.71,2026-05-05T13:55:00Z,2026-05-05T16:30:00Z
1473,1969,confirmed,27400,0,5,37.2015,-121.5513,2026-05-08,,1193,75.82,2026-05-05T13:50:00Z,2026-05-05T16:30:00Z
1474,1988,processing,49460,7.99,10,39.3404,-104.5177,2026-05-09,,1204,74.36,2026-05-05T13:45:00Z,2026-05-05T16:30:00Z
1475,7,shipped,61700,14.99,3,47.1956,-121.9942,2026-05-10,,1215,52.26,2026-05-05T13:40:00Z,2026-05-05T16:30:00Z
1476,26,delivered,98300,24.99,8,33.3329,-112.7671,2026-05-11,2026-05-05,1226,57.2,2026-05-05T13:35:00Z,2026-05-05T16:30:00Z
1477,45,pending,15970,0,,35.685,-78.7129,2026-05-12,,1237,88.66,2026-05-05T13:30:00Z,2026-05-05T16:30:00Z
1478,64,confirmed,36730,7.99,6,42.2654,-88.2286,2026-05-06,,1248,63.83,2026-05-05T13:25:00Z,2026-05-05T16:30:00Z
1479,83,processing,55080,14.99,11,40.1096,-74.6323,2026-05-07,,1259,47.56,2026-05-05T13:20:00Z,2026-05-05T16:30:00Z
1480,102,cancelled,49640,24.99,4,34.1733,-84.5079,2026-05-08,,1270,56.07,2026-05-05T13:15:00Z,2026-05-05T16:30:00Z
1481,121,confirmed,25020,0,9,37.4946,-121.7359,2026-05-09,,1281,91.61,2026-05-05T13:10:00Z,2026-05-05T16:30:00Z
1482,140,processing,12605,7.99,2,39.3762,-105.1433,2026-05-10,,1292,38.47,2026-05-05T13:05:00Z,2026-05-05T16:30:00Z
1483,159,shipped,43100,14.99,7,33.1475,-96.3243,2026-05-11,,1303,54.99,2026-05-05T13:00:00Z,2026-05-05T16:30:00Z
1484,178,delivered,49200,24.99,12,26.0029,-79.9201,2026-05-12,2026-05-05,1314,59.78,2026-05-05T12:55:00Z,2026-05-05T16:30:00Z
1485,197,pending,27770,0,5,41.9524,-70.7954,2026-05-06,,1325,57.55,2026-05-05T12:50:00Z,2026-05-05T16:30:00Z
1486,216,confirmed,32044,7.99,10,33.4672,-118.6023,2026-05-07,,1336,48.02,2026-05-05T12:45:00Z,2026-05-05T16:30:00Z
1487,235,processing,33550,14.99,3,47.2017,-122.7164,2026-05-08,,1347,49.34,2026-05-05T12:40:00Z,2026-05-05T16:30:00Z
1488,254,cancelled,29480,24.99,8,33.5297,-111.9484,2026-05-09,,1358,45.42,2026-05-05T12:35:00Z,2026-05-05T16:30:00Z
1489,273,confirmed,80400,0,1,35.7169,-78.7954,2026-05-10,,1369,95.04,2026-05-05T12:30:00Z,2026-05-05T16:30:00Z
1490,292,processing,31700,7.99,6,42.1982,-88.0441,2026-05-11,,1380,93.63,2026-05-05T12:25:00Z,2026-05-05T16:30:00Z
1491,311,shipped,19850,14.99,11,40.4032,-73.8154,2026-05-12,,1391,42.08,2026-05-05T12:20:00Z,2026-05-05T16:30:00Z
1492,330,delivered,48400,24.99,4,33.0509,-84.1013,2026-05-06,2026-05-05,1402,36.55,2026-05-05T12:15:00Z,2026-05-05T16:30:00Z
1493,349,pending,46700,0,9,37.8458,-121.4759,2026-05-07,,1413,52.55,2026-05-05T12:10:00Z,2026-05-05T16:30:00Z
1494,368,confirmed,36750,7.99,2,39.355,-104.5974,2026-05-08,,1424,94.66,2026-05-05T12:05:00Z,2026-05-05T16:30:00Z
1495,387,processing,29400,14.99,7,32.963,-97.0221,2026-05-09,,1435,88.99,2026-05-05T12:00:00Z,2026-05-05T16:30:00Z
1496,406,cancelled,10540,24.99,12,25.3718,-80.7061,2026-05-10,,1446,40.34,2026-05-05T11:55:00Z,2026-05-05T16:30:00Z
1497,425,confirmed,39010,0,5,42.8467,-71.3182,2026-05-11,,1457,68.64,2026-05-05T11:50:00Z,2026-05-05T16:30:00Z
1498,444,processing,26720,7.99,10,34.0433,-118.8431,2026-05-12,,1468,63.49,2026-05-05T11:45:00Z,2026-05-05T16:30:00Z
1499,463,shipped,49750,14.99,3,47.3386,-122.7207,2026-05-06,,1479,55.22,2026-05-05T11:40:00Z,2026-05-05T16:30:00Z
1500,482,delivered,60000,24.99,8,33.5447,-111.705,2026-05-07,2026-05-05,1490,80.32,2026-05-05T11:35:00Z,2026-05-05T16:30:00Z
1501,501,pending,18895,0,,35.289,-79.1006,2026-05-08,,1501,55.77,2026-05-05T11:30:00Z,2026-05-05T16:30:00Z
1502,520,confirmed,27220,7.99,6,41.4868,-87.2775,2026-05-09,,1512,77.97,2026-05-05T11:25:00Z,2026-05-05T16:30:00Z
1503,539,processing,93450,14.99,11,41.3889,-74.4614,2026-05-10,,1523,60.41,2026-05-05T11:20:00Z,2026-05-05T16:30:00Z
1504,558,cancelled,39940,24.99,4,33.7419,-84.6996,2026-05-11,,1534,83.98,2026-05-05T11:15:00Z,2026-05-05T16:30:00Z
1505,577,confirmed,19548,0,9,37.9779,-122.5647,2026-05-12,,1545,79.76,2026-05-05T11:10:00Z,2026-05-05T16:30:00Z
1506,596,processing,68250,7.99,2,40.3788,-105.4925,2026-05-06,,1556,51.21,2026-05-05T11:05:00Z,2026-05-05T16:30:00Z
1507,615,shipped,35140,14.99,7,32.4783,-96.4611,2026-05-07,,1567,40.51,2026-05-05T11:00:00Z,2026-05-05T16:30:00Z
1508,634,delivered,29220,24.99,12,25.7795,-80.0176,2026-05-08,2026-05-05,1578,85.31,2026-05-05T10:55:00Z,2026-05-05T16:30:00Z
1509,653,pending,6760,0,5,42.0511,-71.278,2026-05-09,,1589,65.58,2026-05-05T10:50:00Z,2026-05-05T16:30:00Z
1510,672,confirmed,39540,7.99,10,34.2524,-117.9797,2026-05-10,,1600,83.72,2026-05-05T10:45:00Z,2026-05-05T16:30:00Z
1511,691,processing,30170,14.99,3,47.0959,-122.0198,2026-05-11,,1611,51.45,2026-05-05T10:40:00Z,2026-05-05T16:30:00Z
1512,710,cancelled,36100,24.99,8,33.0936,-111.5317,2026-05-12,,1622,55.8,2026-05-05T10:35:00Z,2026-05-05T16:30:00Z
1513,729,confirmed,33250,0,1,36.2708,-78.8728,2026-05-06,,1633,95.62,2026-05-05T10:30:00Z,2026-05-05T16:30:00Z
1514,748,processing,25580,7.99,6,41.6094,-86.969,2026-05-07,,1644,36.85,2026-05-05T10:25:00Z,2026-05-05T16:30:00Z
1515,767,shipped,33500,14.99,11,41.2494,-73.3076,2026-05-08,,1655,73.6,2026-05-05T10:20:00Z,2026-05-05T16:30:00Z
1516,786,delivered,25220,24.99,4,34.2031,-84.0218,2026-05-09,2026-05-05,1666,37.46,2026-05-05T10:15:00Z,2026-05-05T16:30:00Z
1517,805,pending,78500,0,9,37.264,-121.884,2026-05-10,,1677,69.22,2026-05-05T10:10:00Z,2026-05-05T16:30:00Z
1518,824,confirmed,12842,7.99,2,39.6408,-105.677,2026-05-11,,1688,94.54,2026-05-05T10:05:00Z,2026-05-05T16:30:00Z
1519,843,processing,62460,14.99,7,32.3272,-96.9836,2026-05-12,,1699,65.59,2026-05-05T10:00:00Z,2026-05-05T16:30:00Z
1520,862,cancelled,37760,24.99,12,25.8592,-79.6863,2026-05-06,,1710,47.15,2026-05-05T09:55:00Z,2026-05-05T16:30:00Z
1521,881,confirmed,34790,0,5,41.8265,-70.3951,2026-05-07,,1721,44.55,2026-05-05T09:50:00Z,2026-05-05T16:30:00Z
1522,900,processing,67000,7.99,10,33.5684,-118.5022,2026-05-08,,1732,55.08,2026-05-05T09:45:00Z,2026-05-05T16:30:00Z
1523,919,shipped,24900,14.99,3,47.3521,-122.8335,2026-05-09,,1743,65.13,2026-05-05T09:40:00Z,2026-05-05T16:30:00Z
1524,938,delivered,24600,24.99,8,34.0912,-111.7831,2026-05-10,2026-05-05,1754,91.37,2026-05-05T09:35:00Z,2026-05-05T16:30:00Z
1525,957,pending,31400,0,,36.0665,-77.9957,2026-05-11,,1765,71.95,2026-05-05T09:30:00Z,2026-05-05T16:30:00Z
1526,976,confirmed,21210,7.99,6,41.6309,-87.9272,2026-05-12,,1776,80.83,2026-05-05T09:25:00Z,2026-05-05T16:30:00Z
1527,995,processing,34010,14.99,11,41.0726,-73.5834,2026-05-06,,1787,97.14,2026-05-05T09:20:00Z,2026-05-05T16:30:00Z
1528,1014,cancelled,10360,24.99,4,34.0263,-83.9289,2026-05-07,,1798,97.63,2026-05-05T09:15:00Z,2026-05-05T16:30:00Z
1529,1033,confirmed,7620,0,9,37.8588,-122.1964,2026-05-08,,1809,39.92,2026-05-05T09:10:00Z,2026-05-05T16:30:00Z
1530,1052,processing,46000,7.99,2,40.073,-105.6797,2026-05-09,,1820,84.44,2026-05-05T09:05:00Z,2026-05-05T16:30:00Z
1531,1071,shipped,28900,14.99,7,33.2725,-97.0315,2026-05-10,,1831,62.07,2026-05-05T09:00:00Z,2026-05-05T16:30:00Z
1532,1090,delivered,50520,24.99,12,25.1047,-80.261,2026-05-11,2026-05-05,1842,75.73,2026-05-05T08:55:00Z,2026-05-05T16:30:00Z
1533,1109,pending,27400,0,5,43.0588,-71.4633,2026-05-12,,1853,88.8,2026-05-05T08:50:00Z,2026-05-05T16:30:00Z
1534,1128,confirmed,49460,7.99,10,33.6084,-118.4488,2026-05-06,,1864,53.77,2026-05-05T08:45:00Z,2026-05-05T16:30:00Z
1535,1147,processing,61700,14.99,3,47.9406,-122.2692,2026-05-07,,1875,43.48,2026-05-05T08:40:00Z,2026-05-05T16:30:00Z
1536,1166,cancelled,98300,24.99,8,33.8314,-112.0251,2026-05-08,,1886,41.07,2026-05-05T08:35:00Z,2026-05-05T16:30:00Z
1537,1185,confirmed,15970,0,1,36.1907,-78.6246,2026-05-09,,1897,72.83,2026-05-05T08:30:00Z,2026-05-05T16:30:00Z
1538,1204,processing,36730,7.99,6,41.2907,-88.2422,2026-05-10,,1908,61.04,2026-05-05T08:25:00Z,2026-05-05T16:30:00Z
1539,1223,shipped,55080,14.99,11,40.1084,-74.3754,2026-05-11,,1919,41.69,2026-05-05T08:20:00Z,2026-05-05T16:30:00Z
1540,1242,delivered,49640,24.99,4,34.3354,-84.5958,2026-05-12,2026-05-05,1930,90.99,2026-05-05T08:15:00Z,2026-05-05T16:30:00Z
1541,1261,pending,25020,0,9,37.1053,-121.2058,2026-05-06,,1941,57.58,2026-05-05T08:10:00Z,2026-05-05T16:30:00Z
1542,1280,confirmed,12605,7.99,2,39.4381,-105.5381,2026-05-07,,1952,49.22,2026-05-05T08:05:00Z,2026-05-05T16:30:00Z
1543,1299,processing,43100,14.99,7,32.2748,-97.1677,2026-05-08,,1963,85.16,2026-05-05T08:00:00Z,2026-05-05T16:30:00Z
1544,1318,cancelled,49200,24.99,12,26.0187,-79.7809,2026-05-09,,1974,82.05,2026-05-05T07:55:00Z,2026-05-05T16:30:00Z
1545,1337,confirmed,27770,0,5,42.5912,-71.6387,2026-05-10,,1985,36.15,2026-05-05T07:50:00Z,2026-05-05T16:30:00Z
1546,1356,processing,32044,7.99,10,33.8552,-117.6112,2026-05-11,,1996,84.96,2026-05-05T07:45:00Z,2026-05-05T16:30:00Z
1547,1375,shipped,33550,14.99,3,47.9305,-122.0854,2026-05-12,,2007,87.47,2026-05-05T07:40:00Z,2026-05-05T16:30:00Z
1548,1394,delivered,29480,24.99,8,32.7585,-112.0105,2026-05-06,2026-05-05,2018,92.61,2026-05-05T07:35:00Z,2026-05-05T16:30:00Z
1549,1413,pending,80400,0,,35.9127,-79.2197,2026-05-07,,2029,77.18,2026-05-05T07:30:00Z,2026-05-05T16:30:00Z
1550,1432,confirmed,31700,7.99,6,41.2439,-87.6576,2026-05-08,,2040,86.16,2026-05-05T07:25:00Z,2026-05-05T16:30:00Z
1551,1451,processing,19850,14.99,11,40.252,-74.5788,2026-05-09,,2051,88.46,2026-05-05T07:20:00Z,2026-05-05T16:30:00Z
1552,1470,cancelled,48400,24.99,4,33.5661,-84.616,2026-05-10,,2062,69.86,2026-05-05T07:15:00Z,2026-05-05T16:30:00Z
1553,1489,confirmed,46700,0,9,37.0339,-121.4772,2026-05-11,,2073,75.61,2026-05-05T07:10:00Z,2026-05-05T16:30:00Z
1554,1508,processing,36750,7.99,2,40.2466,-105.3966,2026-05-12,,2084,36.8,2026-05-05T07:05:00Z,2026-05-05T16:30:00Z
1555,1527,shipped,29400,14.99,7,33.1789,-96.4998,2026-05-06,,2095,56.5,2026-05-05T07:00:00Z,2026-05-05T16:30:00Z
1556,1546,delivered,10540,24.99,12,25.8895,-80.7386,2026-05-07,2026-05-05,2106,88.98,2026-05-05T06:55:00Z,2026-05-05T16:30:00Z
1557,1565,pending,39010,0,5,41.8261,-71.379,2026-05-08,,2117,48.93,2026-05-05T06:50:00Z,2026-05-05T16:30:00Z
1558,1584,confirmed,26720,7.99,10,34.7164,-117.655,2026-05-09,,2128,76.31,2026-05-05T06:45:00Z,2026-05-05T16:30:00Z
1559,1603,processing,49750,14.99,3,47.9087,-122.6305,2026-05-10,,2139,66.31,2026-05-05T06:40:00Z,2026-05-05T16:30:00Z
1560,1622,cancelled,60000,24.99,8,33.7367,-112.7428,2026-05-11,,2150,84.33,2026-05-05T06:35:00Z,2026-05-05T16:30:00Z
1561,1641,confirmed,18895,0,1,35.1983,-78.0633,2026-05-12,,2161,45.75,2026-05-05T06:30:00Z,2026-05-05T16:30:00Z
1562,1660,processing,27220,7.99,6,41.2078,-87.015,2026-05-06,,2172,66.51,2026-05-05T06:25:00Z,2026-05-05T16:30:00Z
1563,1679,shipped,93450,14.99,11,40.3487,-74.5371,2026-05-07,,2183,48.4,2026-05-05T06:20:00Z,2026-05-05T16:30:00Z
1564,1698,delivered,39940,24.99,4,33.9323,-84.532,2026-05-08,2026-05-05,2194,97.69,2026-05-05T06:15:00Z,2026-05-05T16:30:00Z
1565,1717,pending,19548,0,9,37.4861,-122.2954,2026-05-09,,2205,73.45,2026-05-05T06:10:00Z,2026-05-05T16:30:00Z
1566,1736,confirmed,68250,7.99,2,39.833,-104.8593,2026-05-10,,2216,90.21,2026-05-05T06:05:00Z,2026-05-05T16:30:00Z
1567,1755,processing,35140,14.99,7,32.2099,-97.1976,2026-05-11,,2227,45.67,2026-05-05T06:00:00Z,2026-05-05T16:30:00Z
1568,1774,cancelled,29220,24.99,12,26.3688,-80.3168,2026-05-12,,2238,46.76,2026-05-05T05:55:00Z,2026-05-05T16:30:00Z
1569,1793,confirmed,6760,0,5,42.3003,-70.7442,2026-05-06,,2249,87.84,2026-05-05T05:50:00Z,2026-05-05T16:30:00Z
1570,1812,processing,39540,7.99,10,33.4201,-118.8645,2026-05-07,,2260,61.54,2026-05-05T05:45:00Z,2026-05-05T16:30:00Z
1571,1831,shipped,30170,14.99,3,48.2732,-123.0099,2026-05-08,,2271,72.45,2026-05-05T05:40:00Z,2026-05-05T16:30:00Z
1572,1850,delivered,36100,24.99,8,33.6733,-112.5015,2026-05-09,2026-05-05,2282,80.94,2026-05-05T05:35:00Z,2026-05-05T16:30:00Z
1573,1869,pending,33250,0,,36.0248,-78.8207,2026-05-10,,2293,55.65,2026-05-05T05:30:00Z,2026-05-05T16:30:00Z
1574,1888,confirmed,25580,7.99,6,42.1647,-87.7008,2026-05-11,,2304,78.98,2026-05-05T05:25:00Z,2026-05-05T16:30:00Z
1575,1907,processing,33500,14.99,11,40.4544,-74.639,2026-05-12,,2315,69.39,2026-05-05T05:20:00Z,2026-05-05T16:30:00Z
1576,1926,cancelled,25220,24.99,4,33.6462,-83.9062,2026-05-06,,2326,64.83,2026-05-05T05:15:00Z,2026-05-05T16:30:00Z
1577,1945,confirmed,78500,0,9,36.9985,-121.7543,2026-05-07,,2337,39.95,2026-05-05T05:10:00Z,2026-05-05T16:30:00Z
1578,1964,processing,12842,7.99,2,39.4697,-105.0263,2026-05-08,,2348,49.25,2026-05-05T05:05:00Z,2026-05-05T16:30:00Z
1579,1983,shipped,62460,14.99,7,32.2625,-96.3318,2026-05-09,,2359,48.31,2026-05-05T05:00:00Z,2026-05-05T16:30:00Z
1580,2,delivered,37760,24.99,12,33.0692,-111.5949,2026-05-10,2026-05-05,2370,75.55,2026-05-05T04:55:00Z,2026-05-05T16:30:00Z
1581,21,pending,34790,0,5,36.3016,-78.5329,2026-05-11,,2381,46.68,2026-05-05T04:50:00Z,2026-05-05T16:30:00Z
1582,40,confirmed,67000,7.99,10,42.1706,-87.3723,2026-05-12,,2392,85.76,2026-05-05T04:45:00Z,2026-05-05T16:30:00Z
1583,59,processing,24900,14.99,3,40.6196,-74.1764,2026-05-06,,2403,69.89,2026-05-05T04:40:00Z,2026-05-05T16:30:00Z
1584,78,cancelled,24600,24.99,8,34.1964,-83.9177,2026-05-07,,2414,43.03,2026-05-05T04:35:00Z,2026-05-05T16:30:00Z
1585,97,confirmed,31400,0,1,37.688,-122.0686,2026-05-08,,2425,47.62,2026-05-05T04:30:00Z,2026-05-05T16:30:00Z
1586,116,processing,21210,7.99,6,39.9077,-105.0077,2026-05-09,,2436,42.69,2026-05-05T04:25:00Z,2026-05-05T16:30:00Z
1587,135,shipped,34010,14.99,11,32.3566,-96.2015,2026-05-10,,2447,52.34,2026-05-05T04:20:00Z,2026-05-05T16:30:00Z
1588,154,delivered,10360,24.99,4,25.9748,-79.9119,2026-05-11,2026-05-05,2458,85.74,2026-05-05T04:15:00Z,2026-05-05T16:30:00Z
1589,173,pending,7620,0,9,42.7358,-71.5902,2026-05-12,,2469,54.31,2026-05-05T04:10:00Z,2026-05-05T16:30:00Z
1590,192,confirmed,46000,7.99,2,33.7852,-117.7816,2026-05-06,,2480,80.66,2026-05-05T04:05:00Z,2026-05-05T16:30:00Z
1591,211,processing,28900,14.99,7,47.2155,-121.9177,2026-05-07,,2491,57.07,2026-05-05T04:00:00Z,2026-05-05T16:30:00Z
1592,230,cancelled,50520,24.99,12,33.482,-111.419,2026-05-08,,2502,78.85,2026-05-05T03:55:00Z,2026-05-05T16:30:00Z
1593,249,confirmed,27400,0,5,35.5419,-78.7328,2026-05-09,,2513,55.64,2026-05-05T03:50:00Z,2026-05-05T16:30:00Z
1594,268,processing,49460,7.99,10,42.3066,-87.2672,2026-05-10,,2524,81.89,2026-05-05T03:45:00Z,2026-05-05T16:30:00Z
1595,287,shipped,61700,14.99,3,40.7213,-73.443,2026-05-11,,2535,74.09,2026-05-05T03:40:00Z,2026-05-05T16:30:00Z
1596,306,delivered,98300,24.99,8,33.08,-84.5674,2026-05-12,2026-05-05,2546,82.58,2026-05-05T03:35:00Z,2026-05-05T16:30:00Z
1597,325,pending,15970,0,,36.726,-122.0801,2026-05-06,,2557,83.81,2026-05-05T03:30:00Z,2026-05-05T16:30:00Z
1598,344,confirmed,36730,7.99,6,39.1756,-104.9548,2026-05-07,,2568,92.2,2026-05-05T03:25:00Z,2026-05-05T16:30:00Z
1599,363,processing,55080,14.99,11,32.7687,-96.4619,2026-05-08,,2579,47.28,2026-05-05T03:20:00Z,2026-05-05T16:30:00Z
1600,382,cancelled,49640,24.99,4,25.9851,-80.1917,2026-05-09,,2590,71.24,2026-05-05T03:15:00Z,2026-05-05T16:30:00Z
1601,401,confirmed,25020,0,9,42.7084,-70.5025,2026-05-10,,2601,67.57,2026-05-05T03:10:00Z,2026-05-05T16:30:00Z
1602,420,processing,12605,7.99,2,34.3632,-118.9121,2026-05-11,,2612,39.22,2026-05-05T03:05:00Z,2026-05-05T16:30:00Z
1603,439,shipped,43100,14.99,7,47.53,-121.789,2026-05-12,,2623,76.49,2026-05-05T03:00:00Z,2026-05-05T16:30:00Z
1604,458,delivered,49200,24.99,12,33.5301,-111.6938,2026-05-06,2026-05-05,2634,69.3,2026-05-05T02:55:00Z,2026-05-05T16:30:00Z
1605,477,pending,27770,0,5,35.9482,-78.3742,2026-05-07,,2645,83.68,2026-05-05T02:50:00Z,2026-05-05T16:30:00Z
1606,496,confirmed,32044,7.99,10,41.6696,-87.6212,2026-05-08,,2656,58.34,2026-05-05T02:45:00Z,2026-05-05T16:30:00Z
1607,515,processing,33550,14.99,3,41.2554,-74.1751,2026-05-09,,2667,37.61,2026-05-05T02:40:00Z,2026-05-05T16:30:00Z
1608,534,cancelled,29480,24.99,8,34.2609,-84.2795,2026-05-10,,2678,49.23,2026-05-05T02:35:00Z,2026-05-05T16:30:00Z
1609,553,confirmed,80400,0,1,37.8406,-122.3428,2026-05-11,,2689,59.02,2026-05-05T02:30:00Z,2026-05-05T16:30:00Z
1610,572,processing,31700,7.99,6,39.8831,-104.3374,2026-05-12,,2700,97.23,2026-05-05T02:25:00Z,2026-05-05T16:30:00Z
1611,591,shipped,19850,14.99,11,32.1492,-97.3203,2026-05-06,,2711,89.07,2026-05-05T02:20:00Z,2026-05-05T16:30:00Z
1612,610,delivered,48400,24.99,4,25.9512,-80.364,2026-05-07,2026-05-05,2722,85.63,2026-05-05T02:15:00Z,2026-05-05T16:30:00Z
1613,629,pending,46700,0,9,42.666,-71.582,2026-05-08,,2733,40.92,2026-05-05T02:10:00Z,2026-05-05T16:30:00Z
1614,648,confirmed,36750,7.99,2,34.1769,-118.0382,2026-05-09,,2744,41.83,2026-05-05T02:05:00Z,2026-05-05T16:30:00Z
1615,667,processing,29400,14.99,7,48.112,-122.2156,2026-05-10,,2755,65.94,2026-05-05T02:00:00Z,2026-05-05T16:30:00Z
1616,686,cancelled,10540,24.99,12,33.6528,-112.1653,2026-05-11,,2766,76.66,2026-05-05T01:55:00Z,2026-05-05T16:30:00Z
1617,705,confirmed,39010,0,5,35.3243,-78.7555,2026-05-12,,2777,48.34,2026-05-05T01:50:00Z,2026-05-05T16:30:00Z
1618,724,processing,26720,7.99,10,41.6676,-87.224,2026-05-06,,2788,50.19,2026-05-05T01:45:00Z,2026-05-05T16:30:00Z
1619,743,shipped,49750,14.99,3,40.5227,-74.3128,2026-05-07,,2799,85.6,2026-05-05T01:40:00Z,2026-05-05T16:30:00Z
1620,762,delivered,60000,24.99,8,33.792,-84.1827,2026-05-08,2026-05-05,2810,61,2026-05-05T01:35:00Z,2026-05-05T16:30:00Z
1621,781,pending,18895,0,,37.5671,-121.4307,2026-05-09,,2821,83.1,2026-05-05T01:30:00Z,2026-05-05T16:30:00Z
1622,800,confirmed,27220,7.99,6,40.3476,-104.8341,2026-05-10,,2832,65.14,2026-05-05T01:25:00Z,2026-05-05T16:30:00Z
1623,819,processing,93450,14.99,11,32.1236,-96.6927,2026-05-11,,2843,82.07,2026-05-05T01:20:00Z,2026-05-05T16:30:00Z
1624,838,cancelled,39940,24.99,4,25.225,-80.7766,2026-05-12,,2854,84.69,2026-05-05T01:15:00Z,2026-05-05T16:30:00Z
1625,857,confirmed,19548,0,9,42.4097,-71.5173,2026-05-06,,2865,79.53,2026-05-05T01:10:00Z,2026-05-05T16:30:00Z
1626,876,processing,68250,7.99,2,34.3414,-118.5656,2026-05-07,,2876,71.01,2026-05-05T01:05:00Z,2026-05-05T16:30:00Z
1627,895,shipped,35140,14.99,7,48.1926,-121.9539,2026-05-08,,2887,76.37,2026-05-05T01:00:00Z,2026-05-05T16:30:00Z
1628,914,delivered,29220,24.99,12,33.0867,-112.4757,2026-05-09,2026-05-05,2898,88.58,2026-05-05T00:55:00Z,2026-05-05T16:30:00Z
1629,933,pending,6760,0,5,36.3922,-79.2073,2026-05-10,,2909,90.88,2026-05-05T00:50:00Z,2026-05-05T16:30:00Z
1630,952,confirmed,39540,7.99,10,42.1526,-87.1736,2026-05-11,,2920,84.11,2026-05-05T00:45:00Z,2026-05-05T16:30:00Z
1631,971,processing,30170,14.99,3,40.5671,-73.6624,2026-05-12,,2931,90.51,2026-05-05T00:40:00Z,2026-05-05T16:30:00Z
1632,990,cancelled,36100,24.99,8,33.1803,-84.8853,2026-05-06,,2942,74.9,2026-05-05T00:35:00Z,2026-05-05T16:30:00Z
1633,1009,confirmed,33250,0,1,37.4242,-121.567,2026-05-07,,2953,77.97,2026-05-05T00:30:00Z,2026-05-05T16:30:00Z
1634,1028,processing,25580,7.99,6,40.1444,-105.1038,2026-05-08,,2964,41.85,2026-05-05T00:25:00Z,2026-05-05T16:30:00Z
1635,1047,shipped,33500,14.99,11,32.4927,-97.4158,2026-05-09,,2975,92.68,2026-05-05T00:20:00Z,2026-05-05T16:30:00Z
1636,1066,delivered,25220,24.99,4,25.4919,-79.8861,2026-05-10,2026-05-05,2986,78.75,2026-05-05T00:15:00Z,2026-05-05T16:30:00Z
1637,1085,pending,78500,0,9,41.7894,-71.6099,2026-05-11,,2997,75.41,2026-05-05T00:10:00Z,2026-05-05T16:30:00Z
1638,1104,confirmed,12842,7.99,2,34.7319,-117.5541,2026-05-12,,3008,89.99,2026-05-05T00:05:00Z,2026-05-05T16:30:00Z
1639,1123,processing,62460,14.99,7,48.0174,-122.8576,2026-05-06,,3019,73.42,2026-05-05T00:00:00Z,2026-05-05T16:30:00Z
1640,1142,cancelled,37760,24.99,12,32.9697,-112.7329,2026-05-07,,3030,79.46,2026-05-04T23:55:00Z,2026-05-05T16:30:00Z
1641,1161,confirmed,34790,0,5,35.385,-78.5099,2026-05-08,,3041,51.17,2026-05-04T23:50:00Z,2026-05-05T16:30:00Z
1642,1180,processing,67000,7.99,10,41.776,-88.2713,2026-05-09,,3052,61.29,2026-05-04T23:45:00Z,2026-05-05T16:30:00Z
1643,1199,shipped,24900,14.99,3,41.0744,-74.4032,2026-05-10,,3063,45.4,2026-05-04T23:40:00Z,2026-05-05T16:30:00Z
1644,1218,delivered,24600,24.99,8,34.3462,-84.233,2026-05-11,2026-05-05,3074,45.54,2026-05-04T23:35:00Z,2026-05-05T16:30:00Z
1645,1237,pending,31400,0,,37.8653,-121.4868,2026-05-12,,3085,55.45,2026-05-04T23:30:00Z,2026-05-05T16:30:00Z
1646,1256,confirmed,21210,7.99,6,39.9063,-105.0923,2026-05-06,,3096,75.63,2026-05-04T23:25:00Z,2026-05-05T16:30:00Z
1647,1275,processing,34010,14.99,11,32.8278,-96.3873,2026-05-07,,3107,40.24,2026-05-04T23:20:00Z,2026-05-05T16:30:00Z
1648,1294,cancelled,10360,24.99,4,25.2595,-80.429,2026-05-08,,3118,61.8,2026-05-04T23:15:00Z,2026-05-05T16:30:00Z
1649,1313,confirmed,7620,0,9,42.0684,-70.4269,2026-05-09,,3129,49.01,2026-05-04T23:10:00Z,2026-05-05T16:30:00Z
1650,1332,processing,46000,7.99,2,34.6894,-118.915,2026-05-10,,3140,37.71,2026-05-04T23:05:00Z,2026-05-05T16:30:00Z
1651,1351,shipped,28900,14.99,7,47.8229,-122.8283,2026-05-11,,3151,80.16,2026-05-04T23:00:00Z,2026-05-05T16:30:00Z
1652,1370,delivered,50520,24.99,12,34.0311,-112.2572,2026-05-12,2026-05-05,3162,66.84,2026-05-04T22:55:00Z,2026-05-05T16:30:00Z
1653,1389,pending,27400,0,5,35.8511,-78.4886,2026-05-06,,3173,61.96,2026-05-04T22:50:00Z,2026-05-05T16:30:00Z
1654,1408,confirmed,49460,7.99,10,42.2599,-87.4447,2026-05-07,,3184,70.52,2026-05-04T22:45:00Z,2026-05-05T16:30:00Z
1655,1427,processing,61700,14.99,3,40.9959,-74.2552,2026-05-08,,3195,94.99,2026-05-04T22:40:00Z,2026-05-05T16:30:00Z
1656,1446,cancelled,98300,24.99,8,33.8552,-84.1437,2026-05-09,,3206,49.21,2026-05-04T22:35:00Z,2026-05-05T16:30:00Z
1657,1465,confirmed,15970,0,1,37.8126,-121.5135,2026-05-10,,3217,95.41,2026-05-04T22:30:00Z,2026-05-05T16:30:00Z
1658,1484,processing,36730,7.99,6,40.1114,-104.8157,2026-05-11,,3228,96.65,2026-05-04T22:25:00Z,2026-05-05T16:30:00Z
1659,1503,shipped,55080,14.99,11,33.4266,-96.9724,2026-05-12,,3239,71.32,2026-05-04T22:20:00Z,2026-05-05T16:30:00Z
1660,1522,delivered,49640,24.99,4,25.3256,-80.0565,2026-05-06,2026-05-05,3250,42.57,2026-05-04T22:15:00Z,2026-05-05T16:30:00Z
1661,1541,pending,25020,0,9,41.8045,-70.3829,2026-05-07,,3261,47.79,2026-05-04T22:10:00Z,2026-05-05T16:30:00Z
1662,1560,confirmed,12605,7.99,2,33.7759,-118.135,2026-05-08,,3272,43.31,2026-05-04T22:05:00Z,2026-05-05T16:30:00Z
1663,1579,processing,43100,14.99,7,47.4659,-122.4546,2026-05-09,,3283,44.21,2026-05-04T22:00:00Z,2026-05-05T16:30:00Z
1664,1598,cancelled,49200,24.99,12,33.0873,-112.401,2026-05-10,,3294,86.79,2026-05-04T21:55:00Z,2026-05-05T16:30:00Z
1665,1617,confirmed,27770,0,5,35.6358,-78.7537,2026-05-11,,3305,91.76,2026-05-04T21:50:00Z,2026-05-05T16:30:00Z
1666,1636,processing,32044,7.99,10,42.0825,-87.0544,2026-05-12,,3316,91.54,2026-05-04T21:45:00Z,2026-05-05T16:30:00Z
1667,1655,shipped,33550,14.99,3,40.0916,-73.3899,2026-05-06,,3327,59.73,2026-05-04T21:40:00Z,2026-05-05T16:30:00Z
1668,1674,delivered,29480,24.99,8,33.6295,-83.8682,2026-05-07,2026-05-05,3338,63.03,2026-05-04T21:35:00Z,2026-05-05T16:30:00Z
1669,1693,pending,80400,0,,37.9483,-121.736,2026-05-08,,3349,97.92,2026-05-04T21:30:00Z,2026-05-05T16:30:00Z
1670,1712,confirmed,31700,7.99,6,39.8276,-104.75,2026-05-09,,3360,94.99,2026-05-04T21:25:00Z,2026-05-05T16:30:00Z
1671,1731,processing,19850,14.99,11,32.9674,-97.0833,2026-05-10,,3371,87.33,2026-05-04T21:20:00Z,2026-05-05T16:30:00Z
1672,1750,cancelled,48400,24.99,4,25.6202,-79.8201,2026-05-11,,3382,55.35,2026-05-04T21:15:00Z,2026-05-05T16:30:00Z
1673,1769,confirmed,46700,0,9,42.4417,-71.588,2026-05-12,,3393,64.08,2026-05-04T21:10:00Z,2026-05-05T16:30:00Z
1674,1788,processing,36750,7.99,2,33.878,-118.8476,2026-05-06,,3404,91.53,2026-05-04T21:05:00Z,2026-05-05T16:30:00Z
1675,1807,shipped,29400,14.99,7,47.0759,-122.4732,2026-05-07,,3415,96.2,2026-05-04T21:00:00Z,2026-05-05T16:30:00Z
1676,1826,delivered,10540,24.99,12,33.4308,-112.1969,2026-05-08,2026-05-05,3426,56.63,2026-05-04T20:55:00Z,2026-05-05T16:30:00Z
1677,1845,pending,39010,0,5,35.6124,-79.3213,2026-05-09,,3437,41.38,2026-05-04T20:50:00Z,2026-05-05T16:30:00Z
1678,1864,confirmed,26720,7.99,10,41.3396,-88.0501,2026-05-10,,3448,81.72,2026-05-04T20:45:00Z,2026-05-05T16:30:00Z
1679,1883,processing,49750,14.99,3,41.3837,-73.5481,2026-05-11,,3459,90.36,2026-05-04T20:40:00Z,2026-05-05T16:30:00Z
1680,1902,cancelled,60000,24.99,8,33.6702,-83.7143,2026-05-12,,3470,86.25,2026-05-04T20:35:00Z,2026-05-05T16:30:00Z
1681,1921,confirmed,18895,0,1,37.8359,-121.2603,2026-05-06,,3481,37.52,2026-05-04T20:30:00Z,2026-05-05T16:30:00Z
1682,1940,processing,27220,7.99,6,39.0562,-105.534,2026-05-07,,3492,85.97,2026-05-04T20:25:00Z,2026-05-05T16:30:00Z
1683,1959,shipped,93450,14.99,11,32.4604,-97.4274,2026-05-08,,3503,90.02,2026-05-04T20:20:00Z,2026-05-05T16:30:00Z
1684,1978,delivered,39940,24.99,4,26.2976,-80.8829,2026-05-09,2026-05-05,3514,86.29,2026-05-04T20:15:00Z,2026-05-05T16:30:00Z
1685,1997,pending,19548,0,9,42.5892,-71.4597,2026-05-10,,3525,96.29,2026-05-04T20:10:00Z,2026-05-05T16:30:00Z
1686,16,confirmed,68250,7.99,2,41.2282,-88.1478,2026-05-11,,3536,83.33,2026-05-04T20:05:00Z,2026-05-05T16:30:00Z
1687,35,processing,35140,14.99,7,40.9834,-73.8689,2026-05-12,,3547,81.49,2026-05-04T20:00:00Z,2026-05-05T16:30:00Z
1688,54,cancelled,29220,24.99,12,34.3503,-85.0042,2026-05-06,,3558,61.74,2026-05-04T19:55:00Z,2026-05-05T16:30:00Z
1689,73,confirmed,6760,0,5,37.6488,-121.9039,2026-05-07,,3569,77.47,2026-05-04T19:50:00Z,2026-05-05T16:30:00Z
1690,92,processing,39540,7.99,10,39.8585,-105.6565,2026-05-08,,3580,42.46,2026-05-04T19:45:00Z,2026-05-05T16:30:00Z
1691,111,shipped,30170,14.99,3,32.4764,-96.7824,2026-05-09,,3591,36.09,2026-05-04T19:40:00Z,2026-05-05T16:30:00Z
1692,130,delivered,36100,24.99,8,25.5462,-80.4934,2026-05-10,2026-05-05,3602,39.25,2026-05-04T19:35:00Z,2026-05-05T16:30:00Z
1693,149,pending,33250,0,,41.8027,-71.7524,2026-05-11,,3613,90.05,2026-05-04T19:30:00Z,2026-05-05T16:30:00Z
1694,168,confirmed,25580,7.99,6,33.5124,-118.35,2026-05-12,,3624,65.02,2026-05-04T19:25:00Z,2026-05-05T16:30:00Z
1695,187,processing,33500,14.99,11,48.2739,-122.8492,2026-05-06,,3635,53.83,2026-05-04T19:20:00Z,2026-05-05T16:30:00Z
1696,206,cancelled,25220,24.99,4,33.3376,-111.4673,2026-05-07,,3646,56.58,2026-05-04T19:15:00Z,2026-05-05T16:30:00Z
1697,225,confirmed,78500,0,9,35.829,-78.2669,2026-05-08,,3657,95.32,2026-05-04T19:10:00Z,2026-05-05T16:30:00Z
1698,244,processing,12842,7.99,2,41.3562,-87.6299,2026-05-09,,3668,62.55,2026-05-04T19:05:00Z,2026-05-05T16:30:00Z
1699,263,shipped,62460,14.99,7,41.0602,-74.5326,2026-05-10,,3679,36.28,2026-05-04T19:00:00Z,2026-05-05T16:30:00Z
1700,282,delivered,37760,24.99,12,33.9508,-84.7698,2026-05-11,2026-05-05,3690,58.27,2026-05-04T18:55:00Z,2026-05-05T16:30:00Z
1701,301,pending,34790,0,5,37.6982,-121.2136,2026-05-12,,3701,61.94,2026-05-04T18:50:00Z,2026-05-05T16:30:00Z
1702,320,confirmed,67000,7.99,10,39.8217,-105.0337,2026-05-06,,3712,78.85,2026-05-04T18:45:00Z,2026-05-05T16:30:00Z
1703,339,processing,24900,14.99,3,32.93,-97.248,2026-05-07,,3723,74.9,2026-05-04T18:40:00Z,2026-05-05T16:30:00Z
1704,358,cancelled,24600,24.99,8,25.1401,-79.6019,2026-05-08,,3734,86.73,2026-05-04T18:35:00Z,2026-05-05T16:30:00Z
1705,377,confirmed,31400,0,1,41.7876,-71.2553,2026-05-09,,3745,51.65,2026-05-04T18:30:00Z,2026-05-05T16:30:00Z
1706,396,processing,21210,7.99,6,33.9386,-118.2958,2026-05-10,,3756,39.23,2026-05-04T18:25:00Z,2026-05-05T16:30:00Z
1707,415,shipped,34010,14.99,11,47.245,-121.885,2026-05-11,,3767,41.64,2026-05-04T18:20:00Z,2026-05-05T16:30:00Z
1708,434,delivered,10360,24.99,4,32.929,-111.6752,2026-05-12,2026-05-05,3778,80.66,2026-05-04T18:15:00Z,2026-05-05T16:30:00Z
1709,453,pending,7620,0,9,36.0504,-78.6427,2026-05-06,,3789,68.42,2026-05-04T18:10:00Z,2026-05-05T16:30:00Z
1710,472,confirmed,46000,7.99,2,42.3642,-87.5647,2026-05-07,,3800,72.41,2026-05-04T18:05:00Z,2026-05-05T16:30:00Z
1711,491,processing,28900,14.99,7,41.3529,-74.6659,2026-05-08,,3811,43.74,2026-05-04T18:00:00Z,2026-05-05T16:30:00Z
1712,510,cancelled,50520,24.99,12,34.3668,-83.9368,2026-05-09,,3822,87.41,2026-05-04T17:55:00Z,2026-05-05T16:30:00Z
1713,529,confirmed,27400,0,5,37.7979,-121.3639,2026-05-10,,3833,91.03,2026-05-04T17:50:00Z,2026-05-05T16:30:00Z
1714,548,processing,49460,7.99,10,39.3517,-105.2423,2026-05-11,,3844,89.95,2026-05-04T17:45:00Z,2026-05-05T16:30:00Z
1715,567,shipped,61700,14.99,3,33.0147,-96.6877,2026-05-12,,3855,71.23,2026-05-04T17:40:00Z,2026-05-05T16:30:00Z
1716,586,delivered,98300,24.99,8,26.0466,-80.3419,2026-05-06,2026-05-05,3866,82.75,2026-05-04T17:35:00Z,2026-05-05T16:30:00Z
1717,605,pending,15970,0,,42.6365,-71.622,2026-05-07,,3877,95.02,2026-05-04T17:30:00Z,2026-05-05T16:30:00Z
1718,624,confirmed,36730,7.99,6,34.7495,-117.6728,2026-05-08,,3888,57.59,2026-05-04T17:25:00Z,2026-05-05T16:30:00Z
1719,643,processing,55080,14.99,11,47.2328,-122.2978,2026-05-09,,3899,68.97,2026-05-04T17:20:00Z,2026-05-05T16:30:00Z
1720,662,cancelled,49640,24.99,4,33.1982,-112.3053,2026-05-10,,3910,84.43,2026-05-04T17:15:00Z,2026-05-05T16:30:00Z
1721,681,confirmed,25020,0,9,35.7587,-78.599,2026-05-11,,3921,46.11,2026-05-04T17:10:00Z,2026-05-05T16:30:00Z
1722,700,processing,12605,7.99,2,41.4404,-87.159,2026-05-12,,3932,77.76,2026-05-04T17:05:00Z,2026-05-05T16:30:00Z
1723,719,shipped,43100,14.99,7,40.6204,-73.7001,2026-05-06,,3943,90.15,2026-05-04T17:00:00Z,2026-05-05T16:30:00Z
1724,738,delivered,49200,24.99,12,33.425,-84.7542,2026-05-07,2026-05-05,3954,79.77,2026-05-04T16:55:00Z,2026-05-05T16:30:00Z
1725,757,pending,27770,0,5,36.975,-121.8261,2026-05-08,,3965,65.44,2026-05-04T16:50:00Z,2026-05-05T16:30:00Z
1726,776,confirmed,32044,7.99,10,39.6133,-104.412,2026-05-09,,3976,50.12,2026-05-04T16:45:00Z,2026-05-05T16:30:00Z
1727,795,processing,33550,14.99,3,33.4662,-96.3938,2026-05-10,,3987,63.04,2026-05-04T16:40:00Z,2026-05-05T16:30:00Z
1728,814,cancelled,29480,24.99,8,25.7467,-79.784,2026-05-11,,3998,54.95,2026-05-04T16:35:00Z,2026-05-05T16:30:00Z
1729,833,confirmed,80400,0,1,42.321,-71.3932,2026-05-12,,4009,74.91,2026-05-04T16:30:00Z,2026-05-05T16:30:00Z
1730,852,processing,31700,7.99,6,34.2708,-117.8891,2026-05-06,,4020,74.13,2026-05-04T16:25:00Z,2026-05-05T16:30:00Z
1731,871,shipped,19850,14.99,11,47.7666,-121.6645,2026-05-07,,4031,56.63,2026-05-04T16:20:00Z,2026-05-05T16:30:00Z
1732,890,delivered,48400,24.99,4,33.9686,-111.663,2026-05-08,2026-05-05,4042,93.83,2026-05-04T16:15:00Z,2026-05-05T16:30:00Z
1733,909,pending,46700,0,9,36.4701,-79.1869,2026-05-09,,4053,97.46,2026-05-04T16:10:00Z,2026-05-05T16:30:00Z
1734,928,confirmed,36750,7.99,2,41.5997,-87.2641,2026-05-10,,4064,49.39,2026-05-04T16:05:00Z,2026-05-05T16:30:00Z
1735,947,processing,29400,14.99,7,41.3928,-73.7679,2026-05-11,,4075,56.39,2026-05-04T16:00:00Z,2026-05-05T16:30:00Z
1736,966,cancelled,10540,24.99,12,33.1159,-84.3638,2026-05-12,,4086,70.64,2026-05-04T15:55:00Z,2026-05-05T16:30:00Z
1737,985,confirmed,39010,0,5,37.5309,-121.7615,2026-05-06,,4097,61.15,2026-05-04T15:50:00Z,2026-05-05T16:30:00Z
1738,1004,processing,26720,7.99,10,39.8357,-104.4343,2026-05-07,,4108,90.42,2026-05-04T15:45:00Z,2026-05-05T16:30:00Z
1739,1023,shipped,49750,14.99,3,32.9284,-96.3535,2026-05-08,,4119,61.57,2026-05-04T15:40:00Z,2026-05-05T16:30:00Z
1740,1042,delivered,60000,24.99,8,26.2934,-80.5123,2026-05-09,2026-05-04,4130,41.11,2026-05-04T15:35:00Z,2026-05-05T16:30:00Z
1741,1061,pending,18895,0,,43.0551,-70.8794,2026-05-10,,4141,89.25,2026-05-04T15:30:00Z,2026-05-05T16:30:00Z
1742,1080,confirmed,27220,7.99,6,34.0573,-118.5011,2026-05-11,,4152,56.78,2026-05-04T15:25:00Z,2026-05-05T16:30:00Z
1743,1099,processing,93450,14.99,11,47.402,-122.4643,2026-05-12,,4163,81.58,2026-05-04T15:20:00Z,2026-05-05T16:30:00Z
1744,1118,cancelled,39940,24.99,4,34.0881,-112.1875,2026-05-06,,4174,38.07,2026-05-04T15:15:00Z,2026-05-05T16:30:00Z
1745,1137,confirmed,19548,0,9,35.5246,-79.3238,2026-05-07,,4185,57.16,2026-05-04T15:10:00Z,2026-05-05T16:30:00Z
1746,1156,processing,68250,7.99,2,41.4572,-87.2082,2026-05-08,,4196,84.47,2026-05-04T15:05:00Z,2026-05-05T16:30:00Z
1747,1175,shipped,35140,14.99,7,40.853,-74.62,2026-05-09,,4207,87.66,2026-05-04T15:00:00Z,2026-05-05T16:30:00Z
1748,1194,delivered,29220,24.99,12,33.4259,-84.6702,2026-05-10,2026-05-04,4218,97.68,2026-05-04T14:55:00Z,2026-05-05T16:30:00Z
1749,1213,pending,6760,0,5,37.6883,-121.834,2026-05-11,,4229,63.44,2026-05-04T14:50:00Z,2026-05-05T16:30:00Z
1750,1232,confirmed,39540,7.99,10,39.2731,-105.3927,2026-05-12,,4240,80.73,2026-05-04T14:45:00Z,2026-05-05T16:30:00Z
1751,1251,processing,30170,14.99,3,33.2088,-96.1187,2026-05-06,,4251,72.26,2026-05-04T14:40:00Z,2026-05-05T16:30:00Z
1752,1270,cancelled,36100,24.99,8,26.3603,-80.4996,2026-05-07,,4262,38.52,2026-05-04T14:35:00Z,2026-05-05T16:30:00Z
1753,1289,confirmed,33250,0,1,43.0287,-71.5268,2026-05-08,,4273,94.11,2026-05-04T14:30:00Z,2026-05-05T16:30:00Z
1754,1308,processing,25580,7.99,6,33.9912,-118.1407,2026-05-09,,4284,72.33,2026-05-04T14:25:00Z,2026-05-05T16:30:00Z
1755,1327,shipped,33500,14.99,11,47.0908,-122.298,2026-05-10,,4295,95.42,2026-05-04T14:20:00Z,2026-05-05T16:30:00Z
1756,1346,delivered,25220,24.99,4,33.789,-112.2196,2026-05-11,2026-05-04,4306,81.95,2026-05-04T14:15:00Z,2026-05-05T16:30:00Z
1757,1365,pending,78500,0,9,36.2291,-78.9476,2026-05-12,,4317,96.73,2026-05-04T14:10:00Z,2026-05-05T16:30:00Z
1758,1384,confirmed,12842,7.99,2,42.2277,-88.0242,2026-05-06,,4328,61.61,2026-05-04T14:05:00Z,2026-05-05T16:30:00Z
1759,1403,processing,62460,14.99,7,40.3816,-74.0398,2026-05-07,,4339,96.58,2026-05-04T14:00:00Z,2026-05-05T16:30:00Z
1760,1422,cancelled,37760,24.99,12,34.1561,-84.0103,2026-05-08,,4350,46.67,2026-05-04T13:55:00Z,2026-05-05T16:30:00Z
1761,1441,confirmed,34790,0,5,37.8099,-121.5874,2026-05-09,,4361,40.03,2026-05-04T13:50:00Z,2026-05-05T16:30:00Z
1762,1460,processing,67000,7.99,10,39.5895,-104.2932,2026-05-10,,4372,56.63,2026-05-04T13:45:00Z,2026-05-05T16:30:00Z
1763,1479,shipped,24900,14.99,3,32.4333,-97.0621,2026-05-11,,4383,49.23,2026-05-04T13:40:00Z,2026-05-05T16:30:00Z
1764,1498,delivered,24600,24.99,8,25.0937,-80.3334,2026-05-12,2026-05-04,4394,89.1,2026-05-04T13:35:00Z,2026-05-05T16:30:00Z
1765,1517,pending,31400,0,,42.5398,-70.6979,2026-05-06,,4405,56.15,2026-05-04T13:30:00Z,2026-05-05T16:30:00Z
1766,1536,confirmed,21210,7.99,6,34.7511,-117.6451,2026-05-07,,4416,52.28,2026-05-04T13:25:00Z,2026-05-05T16:30:00Z
1767,1555,processing,34010,14.99,11,48.0576,-122.0851,2026-05-08,,4427,60.31,2026-05-04T13:20:00Z,2026-05-05T16:30:00Z
1768,1574,cancelled,10360,24.99,4,33.4163,-112.7637,2026-05-09,,4438,54.19,2026-05-04T13:15:00Z,2026-05-05T16:30:00Z
1769,1593,confirmed,7620,0,9,35.3861,-78.9598,2026-05-10,,4449,82.51,2026-05-04T13:10:00Z,2026-05-05T16:30:00Z
1770,1612,processing,46000,7.99,2,42.1932,-88.2365,2026-05-11,,4460,54.52,2026-05-04T13:05:00Z,2026-05-05T16:30:00Z
1771,1631,shipped,28900,14.99,7,40.866,-73.9652,2026-05-12,,4471,74.54,2026-05-04T13:00:00Z,2026-05-05T16:30:00Z
1772,1650,delivered,50520,24.99,12,33.865,-83.7446,2026-05-06,2026-05-04,4482,48.11,2026-05-04T12:55:00Z,2026-05-05T16:30:00Z
1773,1669,pending,27400,0,5,36.7915,-121.377,2026-05-07,,4493,82.49,2026-05-04T12:50:00Z,2026-05-05T16:30:00Z
1774,1688,confirmed,49460,7.99,10,39.0738,-104.4574,2026-05-08,,4504,65.72,2026-05-04T12:45:00Z,2026-05-05T16:30:00Z
1775,1707,processing,61700,14.99,3,33.4235,-96.9934,2026-05-09,,4515,63.81,2026-05-04T12:40:00Z,2026-05-05T16:30:00Z
1776,1726,cancelled,98300,24.99,8,25.0731,-80.3314,2026-05-10,,4526,37.27,2026-05-04T12:35:00Z,2026-05-05T16:30:00Z
1777,1745,confirmed,15970,0,1,42.4624,-71.1717,2026-05-11,,4537,70.5,2026-05-04T12:30:00Z,2026-05-05T16:30:00Z
1778,1764,processing,36730,7.99,6,34.3933,-117.655,2026-05-12,,4548,96.44,2026-05-04T12:25:00Z,2026-05-05T16:30:00Z
1779,1783,shipped,55080,14.99,11,47.1621,-122.1108,2026-05-06,,4559,50.62,2026-05-04T12:20:00Z,2026-05-05T16:30:00Z
1780,1802,delivered,49640,24.99,4,33.6202,-112.6593,2026-05-07,2026-05-04,4570,67.53,2026-05-04T12:15:00Z,2026-05-05T16:30:00Z
1781,1821,pending,25020,0,9,35.9534,-78.0701,2026-05-08,,4581,35.05,2026-05-04T12:10:00Z,2026-05-05T16:30:00Z
1782,1840,confirmed,12605,7.99,2,41.7841,-86.9409,2026-05-09,,4592,90.8,2026-05-04T12:05:00Z,2026-05-05T16:30:00Z
1783,1859,processing,43100,14.99,7,40.196,-74.2979,2026-05-10,,4603,80.45,2026-05-04T12:00:00Z,2026-05-05T16:30:00Z
1784,1878,cancelled,49200,24.99,12,34.4255,-84.5856,2026-05-11,,4614,79.29,2026-05-04T11:55:00Z,2026-05-05T16:30:00Z
1785,1897,confirmed,27770,0,5,36.9846,-121.7077,2026-05-12,,4625,43.01,2026-05-04T11:50:00Z,2026-05-05T16:30:00Z
1786,1916,processing,32044,7.99,10,40.2209,-104.2994,2026-05-06,,4636,78.4,2026-05-04T11:45:00Z,2026-05-05T16:30:00Z
1787,1935,shipped,33550,14.99,3,33.4616,-96.1566,2026-05-07,,4647,41.62,2026-05-04T11:40:00Z,2026-05-05T16:30:00Z
1788,1954,delivered,29480,24.99,8,25.5601,-80.084,2026-05-08,2026-05-04,4658,37.9,2026-05-04T11:35:00Z,2026-05-05T16:30:00Z
1789,1973,pending,80400,0,,42.3459,-70.6293,2026-05-09,,4669,78.14,2026-05-04T11:30:00Z,2026-05-05T16:30:00Z
1790,1992,confirmed,31700,7.99,6,33.8503,-117.5901,2026-05-10,,4680,36.65,2026-05-04T11:25:00Z,2026-05-05T16:30:00Z
1791,11,processing,19850,14.99,11,40.6506,-73.3917,2026-05-11,,4691,67.43,2026-05-04T11:20:00Z,2026-05-05T16:30:00Z
1792,30,cancelled,48400,24.99,4,33.8333,-84.6099,2026-05-12,,4702,75.92,2026-05-04T11:15:00Z,2026-05-05T16:30:00Z
1793,49,confirmed,46700,0,9,36.6496,-122.1012,2026-05-06,,4713,97.73,2026-05-04T11:10:00Z,2026-05-05T16:30:00Z
1794,68,processing,36750,7.99,2,39.8233,-104.6549,2026-05-07,,4724,66.79,2026-05-04T11:05:00Z,2026-05-05T16:30:00Z
1795,87,shipped,29400,14.99,7,32.1783,-96.1716,2026-05-08,,4735,50.81,2026-05-04T11:00:00Z,2026-05-05T16:30:00Z
1796,106,delivered,10540,24.99,12,25.3226,-80.2048,2026-05-09,2026-05-04,4746,94.14,2026-05-04T10:55:00Z,2026-05-05T16:30:00Z
1797,125,pending,39010,0,5,42.2553,-71.6184,2026-05-10,,4757,50.26,2026-05-04T10:50:00Z,2026-05-05T16:30:00Z
1798,144,confirmed,26720,7.99,10,33.6252,-118.6876,2026-05-11,,4768,75.87,2026-05-04T10:45:00Z,2026-05-05T16:30:00Z
1799,163,processing,49750,14.99,3,48.1595,-121.9278,2026-05-12,,4779,78.93,2026-05-04T10:40:00Z,2026-05-05T16:30:00Z
1800,182,cancelled,60000,24.99,8,33.7208,-112.6464,2026-05-06,,4790,43.64,2026-05-04T10:35:00Z,2026-05-05T16:30:00Z
1801,201,confirmed,18895,0,1,35.5273,-78.854,2026-05-07,,4801,37.67,2026-05-04T10:30:00Z,2026-05-05T16:30:00Z
1802,220,processing,27220,7.99,6,42.2686,-87.9376,2026-05-08,,4812,89.77,2026-05-04T10:25:00Z,2026-05-05T16:30:00Z
1803,239,shipped,93450,14.99,11,40.3937,-74.6473,2026-05-09,,4823,79.08,2026-05-04T10:20:00Z,2026-05-05T16:30:00Z
1804,258,delivered,39940,24.99,4,33.4316,-83.866,2026-05-10,2026-05-04,4834,58.43,2026-05-04T10:15:00Z,2026-05-05T16:30:00Z
1805,277,pending,19548,0,9,37.1764,-122.1588,2026-05-11,,4845,75,2026-05-04T10:10:00Z,2026-05-05T16:30:00Z
1806,296,confirmed,68250,7.99,2,39.2473,-104.6489,2026-05-12,,4856,36.04,2026-05-04T10:05:00Z,2026-05-05T16:30:00Z
1807,315,processing,35140,14.99,7,32.6746,-96.8584,2026-05-06,,4867,38.8,2026-05-04T10:00:00Z,2026-05-05T16:30:00Z
1808,334,cancelled,29220,24.99,12,25.8096,-80.5427,2026-05-07,,4878,95.16,2026-05-04T09:55:00Z,2026-05-05T16:30:00Z
1809,353,confirmed,6760,0,5,42.1126,-71.7109,2026-05-08,,4889,74.14,2026-05-04T09:50:00Z,2026-05-05T16:30:00Z
1810,372,processing,39540,7.99,10,34.282,-118.2593,2026-05-09,,4900,66.99,2026-05-04T09:45:00Z,2026-05-05T16:30:00Z
1811,391,shipped,30170,14.99,3,47.0738,-121.8959,2026-05-10,,4911,41.88,2026-05-04T09:40:00Z,2026-05-05T16:30:00Z
1812,410,delivered,36100,24.99,8,32.7936,-111.6243,2026-05-11,2026-05-04,4922,36.88,2026-05-04T09:35:00Z,2026-05-05T16:30:00Z
1813,429,pending,33250,0,,35.7408,-78.0188,2026-05-12,,4933,54.33,2026-05-04T09:30:00Z,2026-05-05T16:30:00Z
1814,448,confirmed,25580,7.99,6,41.4867,-87.8112,2026-05-06,,4944,93.3,2026-05-04T09:25:00Z,2026-05-05T16:30:00Z
1815,467,processing,33500,14.99,11,41.2386,-74.4521,2026-05-07,,4955,57.39,2026-05-04T09:20:00Z,2026-05-05T16:30:00Z
1816,486,cancelled,25220,24.99,4,34.0731,-84.4866,2026-05-08,,4966,90.69,2026-05-04T09:15:00Z,2026-05-05T16:30:00Z
1817,505,confirmed,78500,0,9,37.6221,-122.3722,2026-05-09,,4977,81.32,2026-05-04T09:10:00Z,2026-05-05T16:30:00Z
1818,524,processing,12842,7.99,2,40.1299,-104.4643,2026-05-10,,4988,66.68,2026-05-04T09:05:00Z,2026-05-05T16:30:00Z
1819,543,shipped,62460,14.99,7,33.258,-96.4833,2026-05-11,,4999,97.79,2026-05-04T09:00:00Z,2026-05-05T16:30:00Z
1820,562,delivered,37760,24.99,12,25.9391,-80.215,2026-05-12,2026-05-04,10,41.75,2026-05-04T08:55:00Z,2026-05-05T16:30:00Z
1821,581,pending,34790,0,5,41.8948,-71.73,2026-05-06,,21,79.64,2026-05-04T08:50:00Z,2026-05-05T16:30:00Z
1822,600,confirmed,67000,7.99,10,33.9558,-118.9144,2026-05-07,,32,50.2,2026-05-04T08:45:00Z,2026-05-05T16:30:00Z
1823,619,processing,24900,14.99,3,47.617,-122.1726,2026-05-08,,43,58.91,2026-05-04T08:40:00Z,2026-05-05T16:30:00Z
1824,638,cancelled,24600,24.99,8,33.765,-112.1268,2026-05-09,,54,45.18,2026-05-04T08:35:00Z,2026-05-05T16:30:00Z
1825,657,confirmed,31400,0,1,35.3023,-78.7852,2026-05-10,,65,58.02,2026-05-04T08:30:00Z,2026-05-05T16:30:00Z
1826,676,processing,21210,7.99,6,41.3453,-87.4716,2026-05-11,,76,68.37,2026-05-04T08:25:00Z,2026-05-05T16:30:00Z
1827,695,shipped,34010,14.99,11,40.6144,-74.2111,2026-05-12,,87,81.75,2026-05-04T08:20:00Z,2026-05-05T16:30:00Z
1828,714,delivered,10360,24.99,4,33.328,-84.4714,2026-05-06,2026-05-04,98,68.03,2026-05-04T08:15:00Z,2026-05-05T16:30:00Z
1829,733,pending,7620,0,9,37.2602,-122.3455,2026-05-07,,109,58.59,2026-05-04T08:10:00Z,2026-05-05T16:30:00Z
1830,752,confirmed,46000,7.99,2,39.4761,-105.4223,2026-05-08,,120,62.18,2026-05-04T08:05:00Z,2026-05-05T16:30:00Z
1831,771,processing,28900,14.99,7,33.0277,-96.7309,2026-05-09,,131,95.15,2026-05-04T08:00:00Z,2026-05-05T16:30:00Z
1832,790,cancelled,50520,24.99,12,25.192,-79.764,2026-05-10,,142,45.63,2026-05-04T07:55:00Z,2026-05-05T16:30:00Z
1833,809,confirmed,27400,0,5,41.7594,-71.5626,2026-05-11,,153,49.35,2026-05-04T07:50:00Z,2026-05-05T16:30:00Z
1834,828,processing,49460,7.99,10,34.1912,-117.6673,2026-05-12,,164,53.01,2026-05-04T07:45:00Z,2026-05-05T16:30:00Z
1835,847,shipped,61700,14.99,3,47.4017,-122.8516,2026-05-06,,175,76.38,2026-05-04T07:40:00Z,2026-05-05T16:30:00Z
1836,866,delivered,98300,24.99,8,33.823,-112.4895,2026-05-07,2026-05-04,186,59.05,2026-05-04T07:35:00Z,2026-05-05T16:30:00Z
1837,885,pending,15970,0,,35.7017,-78.0138,2026-05-08,,197,67.82,2026-05-04T07:30:00Z,2026-05-05T16:30:00Z
1838,904,confirmed,36730,7.99,6,42.4197,-87.6973,2026-05-09,,208,91.42,2026-05-04T07:25:00Z,2026-05-05T16:30:00Z
1839,923,processing,55080,14.99,11,41.069,-74.2616,2026-05-10,,219,48.44,2026-05-04T07:20:00Z,2026-05-05T16:30:00Z
1840,942,cancelled,49640,24.99,4,33.0873,-84.3918,2026-05-11,,230,52.19,2026-05-04T07:15:00Z,2026-05-05T16:30:00Z
1841,961,confirmed,25020,0,9,37.736,-122.3966,2026-05-12,,241,88.29,2026-05-04T07:10:00Z,2026-05-05T16:30:00Z
1842,980,processing,12605,7.99,2,39.0575,-105.4809,2026-05-06,,252,87.24,2026-05-04T07:05:00Z,2026-05-05T16:30:00Z
1843,999,shipped,43100,14.99,7,32.2736,-96.4884,2026-05-07,,263,88.57,2026-05-04T07:00:00Z,2026-05-05T16:30:00Z
1844,1018,delivered,49200,24.99,12,25.4863,-79.4959,2026-05-08,2026-05-04,274,80.98,2026-05-04T06:55:00Z,2026-05-05T16:30:00Z
1845,1037,pending,27770,0,5,42.7058,-70.678,2026-05-09,,285,46.33,2026-05-04T06:50:00Z,2026-05-05T16:30:00Z
1846,1056,confirmed,32044,7.99,10,33.5076,-118.6079,2026-05-10,,296,38.57,2026-05-04T06:45:00Z,2026-05-05T16:30:00Z
1847,1075,processing,33550,14.99,3,47.2966,-122.1673,2026-05-11,,307,89.66,2026-05-04T06:40:00Z,2026-05-05T16:30:00Z
1848,1094,cancelled,29480,24.99,8,32.9442,-111.7559,2026-05-12,,318,83.7,2026-05-04T06:35:00Z,2026-05-05T16:30:00Z
1849,1113,confirmed,80400,0,1,35.4432,-79.0391,2026-05-06,,329,91.38,2026-05-04T06:30:00Z,2026-05-05T16:30:00Z
1850,1132,processing,31700,7.99,6,41.6066,-87.7699,2026-05-07,,340,74.99,2026-05-04T06:25:00Z,2026-05-05T16:30:00Z
1851,1151,shipped,19850,14.99,11,40.436,-73.8759,2026-05-08,,351,35.12,2026-05-04T06:20:00Z,2026-05-05T16:30:00Z
1852,1170,delivered,48400,24.99,4,33.2754,-84.5801,2026-05-09,2026-05-04,362,43.22,2026-05-04T06:15:00Z,2026-05-05T16:30:00Z
1853,1189,pending,46700,0,9,36.999,-121.4582,2026-05-10,,373,69.47,2026-05-04T06:10:00Z,2026-05-05T16:30:00Z
1854,1208,confirmed,36750,7.99,2,39.1156,-105.6624,2026-05-11,,384,71.97,2026-05-04T06:05:00Z,2026-05-05T16:30:00Z
1855,1227,processing,29400,14.99,7,32.1133,-96.8641,2026-05-12,,395,54.32,2026-05-04T06:00:00Z,2026-05-05T16:30:00Z
1856,1246,cancelled,10540,24.99,12,25.0998,-80.0491,2026-05-06,,406,41.54,2026-05-04T05:55:00Z,2026-05-05T16:30:00Z
1857,1265,confirmed,39010,0,5,41.8398,-71.2029,2026-05-07,,417,60.37,2026-05-04T05:50:00Z,2026-05-05T16:30:00Z
1858,1284,processing,26720,7.99,10,34.4558,-118.7043,2026-05-08,,428,63.82,2026-05-04T05:45:00Z,2026-05-05T16:30:00Z
1859,1303,shipped,49750,14.99,3,47.4622,-122.0519,2026-05-09,,439,72.91,2026-05-04T05:40:00Z,2026-05-05T16:30:00Z
1860,1322,delivered,60000,24.99,8,33.4291,-111.4239,2026-05-10,2026-05-04,450,50.26,2026-05-04T05:35:00Z,2026-05-05T16:30:00Z
1861,1341,pending,18895,0,,35.5508,-78.8926,2026-05-11,,461,62.15,2026-05-04T05:30:00Z,2026-05-05T16:30:00Z
1862,1360,confirmed,27220,7.99,6,42.1649,-88.0177,2026-05-12,,472,77.51,2026-05-04T05:25:00Z,2026-05-05T16:30:00Z
1863,1379,processing,93450,14.99,11,40.9125,-73.762,2026-05-06,,483,53.02,2026-05-04T05:20:00Z,2026-05-05T16:30:00Z
1864,1398,cancelled,39940,24.99,4,33.529,-84.3033,2026-05-07,,494,80.88,2026-05-04T05:15:00Z,2026-05-05T16:30:00Z
1865,1417,confirmed,19548,0,9,37.8035,-121.4347,2026-05-08,,505,50.23,2026-05-04T05:10:00Z,2026-05-05T16:30:00Z
1866,1436,processing,68250,7.99,2,40.2732,-105.2884,2026-05-09,,516,40.07,2026-05-04T05:05:00Z,2026-05-05T16:30:00Z
1867,1455,shipped,35140,14.99,7,32.8137,-96.1029,2026-05-10,,527,91.34,2026-05-04T05:00:00Z,2026-05-05T16:30:00Z
1868,1474,delivered,29220,24.99,12,25.1265,-80.6291,2026-05-11,2026-05-04,538,68.48,2026-05-04T04:55:00Z,2026-05-05T16:30:00Z
1869,1493,pending,6760,0,5,41.8048,-70.9963,2026-05-12,,549,46.33,2026-05-04T04:50:00Z,2026-05-05T16:30:00Z
1870,1512,confirmed,39540,7.99,10,33.5994,-118.4962,2026-05-06,,560,92.5,2026-05-04T04:45:00Z,2026-05-05T16:30:00Z
1871,1531,processing,30170,14.99,3,47.0649,-122.1562,2026-05-07,,571,74.14,2026-05-04T04:40:00Z,2026-05-05T16:30:00Z
1872,1550,cancelled,36100,24.99,8,32.7845,-111.8566,2026-05-08,,582,51.31,2026-05-04T04:35:00Z,2026-05-05T16:30:00Z
1873,1569,confirmed,33250,0,1,36.4183,-78.3118,2026-05-09,,593,53.86,2026-05-04T04:30:00Z,2026-05-05T16:30:00Z
1874,1588,processing,25580,7.99,6,41.9648,-87.7237,2026-05-10,,604,78.44,2026-05-04T04:25:00Z,2026-05-05T16:30:00Z
1875,1607,shipped,33500,14.99,11,40.9804,-73.9644,2026-05-11,,615,42.98,2026-05-04T04:20:00Z,2026-05-05T16:30:00Z
1876,1626,delivered,25220,24.99,4,34.242,-84.9361,2026-05-12,2026-05-04,626,55.75,2026-05-04T04:15:00Z,2026-05-05T16:30:00Z
1877,1645,pending,78500,0,9,37.5334,-121.7819,2026-05-06,,637,91.45,2026-05-04T04:10:00Z,2026-05-05T16:30:00Z
1878,1664,confirmed,12842,7.99,2,39.7137,-105.4256,2026-05-07,,648,84.49,2026-05-04T04:05:00Z,2026-05-05T16:30:00Z
1879,1683,processing,62460,14.99,7,33.3663,-96.7231,2026-05-08,,659,42.83,2026-05-04T04:00:00Z,2026-05-05T16:30:00Z
1880,1702,cancelled,37760,24.99,12,26.1978,-80.3869,2026-05-09,,670,83.73,2026-05-04T03:55:00Z,2026-05-05T16:30:00Z
1881,1721,confirmed,34790,0,5,42.3646,-70.6478,2026-05-10,,681,45.34,2026-05-04T03:50:00Z,2026-05-05T16:30:00Z
1882,1740,processing,67000,7.99,10,33.7989,-117.6696,2026-05-11,,692,69.64,2026-05-04T03:45:00Z,2026-05-05T16:30:00Z
1883,1759,shipped,24900,14.99,3,47.7093,-122.7004,2026-05-12,,703,58.77,2026-05-04T03:40:00Z,2026-05-05T16:30:00Z
1884,1778,delivered,24600,24.99,8,33.8908,-111.4356,2026-05-06,2026-05-04,714,91.75,2026-05-04T03:35:00Z,2026-05-05T16:30:00Z
1885,1797,pending,31400,0,,35.5081,-78.3007,2026-05-07,,725,36.2,2026-05-04T03:30:00Z,2026-05-05T16:30:00Z
1886,1816,confirmed,21210,7.99,6,41.4229,-87.7483,2026-05-08,,736,84.39,2026-05-04T03:25:00Z,2026-05-05T16:30:00Z
1887,1835,processing,34010,14.99,11,40.3391,-74.296,2026-05-09,,747,61.3,2026-05-04T03:20:00Z,2026-05-05T16:30:00Z
1888,1854,cancelled,10360,24.99,4,33.8492,-83.9774,2026-05-10,,758,93.92,2026-05-04T03:15:00Z,2026-05-05T16:30:00Z
1889,1873,confirmed,7620,0,9,37.4449,-122.1259,2026-05-11,,769,55.9,2026-05-04T03:10:00Z,2026-05-05T16:30:00Z
1890,1892,processing,46000,7.99,2,39.986,-105.5573,2026-05-12,,780,79.63,2026-05-04T03:05:00Z,2026-05-05T16:30:00Z
1891,1911,shipped,28900,14.99,7,32.3286,-96.1507,2026-05-06,,791,64.92,2026-05-04T03:00:00Z,2026-05-05T16:30:00Z
1892,1930,delivered,50520,24.99,12,26.3112,-80.6292,2026-05-07,2026-05-04,802,52.14,2026-05-04T02:55:00Z,2026-05-05T16:30:00Z
1893,1949,pending,27400,0,5,43.0396,-71.4388,2026-05-08,,813,93,2026-05-04T02:50:00Z,2026-05-05T16:30:00Z
1894,1968,confirmed,49460,7.99,10,33.473,-117.5873,2026-05-09,,824,55.1,2026-05-04T02:45:00Z,2026-05-05T16:30:00Z
1895,1987,processing,61700,14.99,3,47.2377,-122.4352,2026-05-10,,835,70.81,2026-05-04T02:40:00Z,2026-05-05T16:30:00Z
1896,6,cancelled,98300,24.99,8,34.4305,-84.0171,2026-05-11,,846,74.53,2026-05-04T02:35:00Z,2026-05-05T16:30:00Z
1897,25,confirmed,15970,0,1,37.2699,-121.6073,2026-05-12,,857,90.89,2026-05-04T02:30:00Z,2026-05-05T16:30:00Z
1898,44,processing,36730,7.99,6,39.5676,-104.4748,2026-05-06,,868,69.03,2026-05-04T02:25:00Z,2026-05-05T16:30:00Z
1899,63,shipped,55080,14.99,11,33.0452,-96.2435,2026-05-07,,879,49.41,2026-05-04T02:20:00Z,2026-05-05T16:30:00Z
1900,82,delivered,49640,24.99,4,26.0943,-80.0069,2026-05-08,2026-05-04,890,43.07,2026-05-04T02:15:00Z,2026-05-05T16:30:00Z
1901,101,pending,25020,0,9,43.0201,-71.4186,2026-05-09,,901,49.94,2026-05-04T02:10:00Z,2026-05-05T16:30:00Z
1902,120,confirmed,12605,7.99,2,33.5588,-117.8979,2026-05-10,,912,67.45,2026-05-04T02:05:00Z,2026-05-05T16:30:00Z
1903,139,processing,43100,14.99,7,47.6656,-122.4141,2026-05-11,,923,51.63,2026-05-04T02:00:00Z,2026-05-05T16:30:00Z
1904,158,cancelled,49200,24.99,12,33.3709,-111.3923,2026-05-12,,934,70.79,2026-05-04T01:55:00Z,2026-05-05T16:30:00Z
1905,177,confirmed,27770,0,5,35.3139,-78.2446,2026-05-06,,945,87.25,2026-05-04T01:50:00Z,2026-05-05T16:30:00Z
1906,196,processing,32044,7.99,10,42.1175,-87.529,2026-05-07,,956,51.4,2026-05-04T01:45:00Z,2026-05-05T16:30:00Z
1907,215,shipped,33550,14.99,3,40.271,-74.1019,2026-05-08,,967,67.49,2026-05-04T01:40:00Z,2026-05-05T16:30:00Z
1908,234,delivered,29480,24.99,8,33.9097,-85.0765,2026-05-09,2026-05-04,978,95.37,2026-05-04T01:35:00Z,2026-05-05T16:30:00Z
1909,253,pending,80400,0,,37.8662,-121.388,2026-05-10,,989,95.23,2026-05-04T01:30:00Z,2026-05-05T16:30:00Z
1910,272,confirmed,31700,7.99,6,39.9924,-105.007,2026-05-11,,1000,50.46,2026-05-04T01:25:00Z,2026-05-05T16:30:00Z
1911,291,processing,19850,14.99,11,32.6035,-97.1224,2026-05-12,,1011,47.65,2026-05-04T01:20:00Z,2026-05-05T16:30:00Z
1912,310,cancelled,48400,24.99,4,25.5813,-80.8666,2026-05-06,,1022,46.99,2026-05-04T01:15:00Z,2026-05-05T16:30:00Z
1913,329,confirmed,46700,0,9,42.727,-70.7116,2026-05-07,,1033,79.49,2026-05-04T01:10:00Z,2026-05-05T16:30:00Z
1914,348,processing,36750,7.99,2,34.1243,-118.6098,2026-05-08,,1044,59.36,2026-05-04T01:05:00Z,2026-05-05T16:30:00Z
1915,367,shipped,29400,14.99,7,46.9558,-121.809,2026-05-09,,1055,47.1,2026-05-04T01:00:00Z,2026-05-05T16:30:00Z
1916,386,delivered,10540,24.99,12,33.9002,-112.4949,2026-05-10,2026-05-04,1066,72.61,2026-05-04T00:55:00Z,2026-05-05T16:30:00Z
1917,405,pending,39010,0,5,36.1515,-78.402,2026-05-11,,1077,38.42,2026-05-04T00:50:00Z,2026-05-05T16:30:00Z
1918,424,confirmed,26720,7.99,10,42.5217,-87.0569,2026-05-12,,1088,40.19,2026-05-04T00:45:00Z,2026-05-05T16:30:00Z
1919,443,processing,49750,14.99,3,40.3038,-73.9996,2026-05-06,,1099,57.48,2026-05-04T00:40:00Z,2026-05-05T16:30:00Z
1920,462,cancelled,60000,24.99,8,33.8143,-84.1199,2026-05-07,,1110,78.74,2026-05-04T00:35:00Z,2026-05-05T16:30:00Z
1921,481,confirmed,18895,0,1,36.8327,-121.3387,2026-05-08,,1121,69.55,2026-05-04T00:30:00Z,2026-05-05T16:30:00Z
1922,500,processing,27220,7.99,6,39.6424,-105.6259,2026-05-09,,1132,39.47,2026-05-04T00:25:00Z,2026-05-05T16:30:00Z
1923,519,shipped,93450,14.99,11,32.8971,-96.7391,2026-05-10,,1143,49.53,2026-05-04T00:20:00Z,2026-05-05T16:30:00Z
1924,538,delivered,39940,24.99,4,25.7848,-80.2544,2026-05-11,2026-05-04,1154,84.26,2026-05-04T00:15:00Z,2026-05-05T16:30:00Z
1925,557,pending,19548,0,9,42.511,-70.8647,2026-05-12,,1165,62.18,2026-05-04T00:10:00Z,2026-05-05T16:30:00Z
1926,576,confirmed,68250,7.99,2,33.672,-118.2316,2026-05-06,,1176,83.43,2026-05-04T00:05:00Z,2026-05-05T16:30:00Z
1927,595,processing,35140,14.99,7,47.8263,-122.3865,2026-05-07,,1187,43.89,2026-05-04T00:00:00Z,2026-05-05T16:30:00Z
1928,614,cancelled,29220,24.99,12,32.7571,-112.0949,2026-05-08,,1198,52.6,2026-05-03T23:55:00Z,2026-05-05T16:30:00Z
1929,633,confirmed,6760,0,5,35.6539,-78.9531,2026-05-09,,1209,56.16,2026-05-03T23:50:00Z,2026-05-05T16:30:00Z
1930,652,processing,39540,7.99,10,41.2913,-88.2363,2026-05-10,,1220,79.14,2026-05-03T23:45:00Z,2026-05-05T16:30:00Z
1931,671,shipped,30170,14.99,3,40.4666,-73.849,2026-05-11,,1231,60.76,2026-05-03T23:40:00Z,2026-05-05T16:30:00Z
1932,690,delivered,36100,24.99,8,33.1996,-83.7062,2026-05-12,2026-05-04,1242,89.14,2026-05-03T23:35:00Z,2026-05-05T16:30:00Z
1933,709,pending,33250,0,,37.0527,-121.6424,2026-05-06,,1253,64.56,2026-05-03T23:30:00Z,2026-05-05T16:30:00Z
1934,728,confirmed,25580,7.99,6,39.9915,-105.5965,2026-05-07,,1264,79.85,2026-05-03T23:25:00Z,2026-05-05T16:30:00Z
1935,747,processing,33500,14.99,11,32.8054,-97.2492,2026-05-08,,1275,87.85,2026-05-03T23:20:00Z,2026-05-05T16:30:00Z
1936,766,cancelled,25220,24.99,4,26.2987,-79.7551,2026-05-09,,1286,36.48,2026-05-03T23:15:00Z,2026-05-05T16:30:00Z
1937,785,confirmed,78500,0,9,42.5287,-70.941,2026-05-10,,1297,73.32,2026-05-03T23:10:00Z,2026-05-05T16:30:00Z
1938,804,processing,12842,7.99,2,33.388,-118.7877,2026-05-11,,1308,78.24,2026-05-03T23:05:00Z,2026-05-05T16:30:00Z
1939,823,shipped,62460,14.99,7,47.8942,-122.7522,2026-05-12,,1319,56.34,2026-05-03T23:00:00Z,2026-05-05T16:30:00Z
1940,842,delivered,37760,24.99,12,33.2156,-112.0144,2026-05-06,2026-05-04,1330,45.81,2026-05-03T22:55:00Z,2026-05-05T16:30:00Z
1941,861,pending,34790,0,5,35.2829,-79.1737,2026-05-07,,1341,58.6,2026-05-03T22:50:00Z,2026-05-05T16:30:00Z
1942,880,confirmed,67000,7.99,10,42.4683,-88.1481,2026-05-08,,1352,83.26,2026-05-03T22:45:00Z,2026-05-05T16:30:00Z
1943,899,processing,24900,14.99,3,40.1971,-73.7319,2026-05-09,,1363,41.44,2026-05-03T22:40:00Z,2026-05-05T16:30:00Z
1944,918,cancelled,24600,24.99,8,34.3168,-83.7207,2026-05-10,,1374,58.71,2026-05-03T22:35:00Z,2026-05-05T16:30:00Z
1945,937,confirmed,31400,0,1,38.0293,-122.3476,2026-05-11,,1385,70.95,2026-05-03T22:30:00Z,2026-05-05T16:30:00Z
1946,956,processing,21210,7.99,6,39.3874,-104.5279,2026-05-12,,1396,62.38,2026-05-03T22:25:00Z,2026-05-05T16:30:00Z
1947,975,shipped,34010,14.99,11,32.2291,-97.2134,2026-05-06,,1407,49.45,2026-05-03T22:20:00Z,2026-05-05T16:30:00Z
1948,994,delivered,10360,24.99,4,25.964,-80.4077,2026-05-07,2026-05-04,1418,78.92,2026-05-03T22:15:00Z,2026-05-05T16:30:00Z
1949,1013,pending,7620,0,9,42.6846,-71.44,2026-05-08,,1429,91.83,2026-05-03T22:10:00Z,2026-05-05T16:30:00Z
1950,1032,confirmed,46000,7.99,2,34.0418,-117.5566,2026-05-09,,1440,38.81,2026-05-03T22:05:00Z,2026-05-05T16:30:00Z
1951,1051,processing,28900,14.99,7,48.1479,-122.4708,2026-05-10,,1451,37.37,2026-05-03T22:00:00Z,2026-05-05T16:30:00Z
1952,1070,cancelled,50520,24.99,12,33.404,-112.4132,2026-05-11,,1462,97.64,2026-05-03T21:55:00Z,2026-05-05T16:30:00Z
1953,1089,confirmed,27400,0,5,35.2651,-78.1586,2026-05-12,,1473,38.77,2026-05-03T21:50:00Z,2026-05-05T16:30:00Z
1954,1108,processing,49460,7.99,10,42.4959,-87.9589,2026-05-06,,1484,48.17,2026-05-03T21:45:00Z,2026-05-05T16:30:00Z
1955,1127,shipped,61700,14.99,3,40.9538,-74.6605,2026-05-07,,1495,89.38,2026-05-03T21:40:00Z,2026-05-05T16:30:00Z
1956,1146,delivered,98300,24.99,8,33.5154,-85.04,2026-05-08,2026-05-04,1506,72.44,2026-05-03T21:35:00Z,2026-05-05T16:30:00Z
1957,1165,pending,15970,0,,37.9674,-121.3433,2026-05-09,,1517,45.85,2026-05-03T21:30:00Z,2026-05-05T16:30:00Z
1958,1184,confirmed,36730,7.99,6,39.8658,-105.0425,2026-05-10,,1528,82.61,2026-05-03T21:25:00Z,2026-05-05T16:30:00Z
1959,1203,processing,55080,14.99,11,32.1743,-96.5372,2026-05-11,,1539,49.64,2026-05-03T21:20:00Z,2026-05-05T16:30:00Z
1960,1222,cancelled,49640,24.99,4,25.8987,-79.7391,2026-05-12,,1550,94.37,2026-05-03T21:15:00Z,2026-05-05T16:30:00Z
1961,1241,confirmed,25020,0,9,42.3947,-71.4372,2026-05-06,,1561,51.69,2026-05-03T21:10:00Z,2026-05-05T16:30:00Z
1962,1260,processing,12605,7.99,2,34.5447,-118.4163,2026-05-07,,1572,49.85,2026-05-03T21:05:00Z,2026-05-05T16:30:00Z
1963,1279,shipped,43100,14.99,7,47.3294,-122.5911,2026-05-08,,1583,71.23,2026-05-03T21:00:00Z,2026-05-05T16:30:00Z
1964,1298,delivered,49200,24.99,12,33.5997,-111.6588,2026-05-09,2026-05-04,1594,51.51,2026-05-03T20:55:00Z,2026-05-05T16:30:00Z
1965,1317,pending,27770,0,5,36.1476,-79.1055,2026-05-10,,1605,48.17,2026-05-03T20:50:00Z,2026-05-05T16:30:00Z
1966,1336,confirmed,32044,7.99,10,41.9081,-88.3271,2026-05-11,,1616,50.03,2026-05-03T20:45:00Z,2026-05-05T16:30:00Z
1967,1355,processing,33550,14.99,3,40.8049,-73.3252,2026-05-12,,1627,54.27,2026-05-03T20:40:00Z,2026-05-05T16:30:00Z
1968,1374,cancelled,29480,24.99,8,33.6205,-83.7855,2026-05-06,,1638,81.08,2026-05-03T20:35:00Z,2026-05-05T16:30:00Z
1969,1393,confirmed,80400,0,1,37.9619,-122.178,2026-05-07,,1649,76.54,2026-05-03T20:30:00Z,2026-05-05T16:30:00Z
1970,1412,processing,31700,7.99,6,39.3405,-104.9981,2026-05-08,,1660,79.99,2026-05-03T20:25:00Z,2026-05-05T16:30:00Z
1971,1431,shipped,19850,14.99,11,33.1665,-96.1851,2026-05-09,,1671,41.01,2026-05-03T20:20:00Z,2026-05-05T16:30:00Z
1972,1450,delivered,48400,24.99,4,26.2663,-79.9163,2026-05-10,2026-05-04,1682,42.69,2026-05-03T20:15:00Z,2026-05-05T16:30:00Z
1973,1469,pending,46700,0,9,42.4832,-71.4203,2026-05-11,,1693,35.32,2026-05-03T20:10:00Z,2026-05-05T16:30:00Z
1974,1488,confirmed,36750,7.99,2,33.4474,-118.7137,2026-05-12,,1704,75.64,2026-05-03T20:05:00Z,2026-05-05T16:30:00Z
1975,1507,processing,29400,14.99,7,47.8251,-122.9817,2026-05-06,,1715,67.02,2026-05-03T20:00:00Z,2026-05-05T16:30:00Z
1976,1526,cancelled,10540,24.99,12,32.915,-111.7901,2026-05-07,,1726,48.32,2026-05-03T19:55:00Z,2026-05-05T16:30:00Z
1977,1545,confirmed,39010,0,5,36.2131,-79.2638,2026-05-08,,1737,79.83,2026-05-03T19:50:00Z,2026-05-05T16:30:00Z
1978,1564,processing,26720,7.99,10,42.0766,-87.0286,2026-05-09,,1748,76.98,2026-05-03T19:45:00Z,2026-05-05T16:30:00Z
1979,1583,shipped,49750,14.99,3,40.7958,-74.4843,2026-05-10,,1759,96.42,2026-05-03T19:40:00Z,2026-05-05T16:30:00Z
1980,1602,delivered,60000,24.99,8,33.7094,-83.9244,2026-05-11,2026-05-04,1770,94.95,2026-05-03T19:35:00Z,2026-05-05T16:30:00Z
1981,1621,pending,18895,0,,36.7342,-122.2686,2026-05-12,,1781,75.16,2026-05-03T19:30:00Z,2026-05-05T16:30:00Z
1982,1640,confirmed,27220,7.99,6,39.2893,-104.5569,2026-05-06,,1792,53.72,2026-05-03T19:25:00Z,2026-05-05T16:30:00Z
1983,1659,processing,93450,14.99,11,32.1,-97.1174,2026-05-07,,1803,92.16,2026-05-03T19:20:00Z,2026-05-05T16:30:00Z
1984,1678,cancelled,39940,24.99,4,25.9685,-79.5982,2026-05-08,,1814,41.69,2026-05-03T19:15:00Z,2026-05-05T16:30:00Z
1985,1697,confirmed,19548,0,9,42.9037,-71.1273,2026-05-09,,1825,36.18,2026-05-03T19:10:00Z,2026-05-05T16:30:00Z
1986,1716,processing,68250,7.99,2,34.4796,-117.9542,2026-05-10,,1836,58.11,2026-05-03T19:05:00Z,2026-05-05T16:30:00Z
1987,1735,shipped,35140,14.99,7,48.2937,-122.3169,2026-05-11,,1847,72.67,2026-05-03T19:00:00Z,2026-05-05T16:30:00Z
1988,1754,delivered,29220,24.99,12,33.0389,-112.1397,2026-05-12,2026-05-04,1858,42.24,2026-05-03T18:55:00Z,2026-05-05T16:30:00Z
1989,1773,pending,6760,0,5,35.0848,-79.1069,2026-05-06,,1869,87.52,2026-05-03T18:50:00Z,2026-05-05T16:30:00Z
1990,1792,confirmed,39540,7.99,10,41.3716,-87.8946,2026-05-07,,1880,88.04,2026-05-03T18:45:00Z,2026-05-05T16:30:00Z
1991,1811,processing,30170,14.99,3,40.3497,-74.3351,2026-05-08,,1891,69.55,2026-05-03T18:40:00Z,2026-05-05T16:30:00Z
1992,1830,cancelled,36100,24.99,8,34.4465,-84.1503,2026-05-09,,1902,63.59,2026-05-03T18:35:00Z,2026-05-05T16:30:00Z
1993,1849,confirmed,33250,0,1,37.5477,-121.306,2026-05-10,,1913,78.73,2026-05-03T18:30:00Z,2026-05-05T16:30:00Z
1994,1868,processing,25580,7.99,6,39.6005,-104.9051,2026-05-11,,1924,90.64,2026-05-03T18:25:00Z,2026-05-05T16:30:00Z
1995,1887,shipped,33500,14.99,11,33.4695,-96.1737,2026-05-12,,1935,90.01,2026-05-03T18:20:00Z,2026-05-05T16:30:00Z
1996,1906,delivered,25220,24.99,4,25.8053,-79.5165,2026-05-06,2026-05-04,1946,48.54,2026-05-03T18:15:00Z,2026-05-05T16:30:00Z
1997,1925,pending,78500,0,9,42.455,-71.7391,2026-05-07,,1957,70.07,2026-05-03T18:10:00Z,2026-05-05T16:30:00Z
1998,1944,confirmed,12842,7.99,2,33.7249,-118.6356,2026-05-08,,1968,54.32,2026-05-03T18:05:00Z,2026-05-05T16:30:00Z
1999,1963,processing,62460,14.99,7,48.0282,-122.1721,2026-05-09,,1979,89.87,2026-05-03T18:00:00Z,2026-05-05T16:30:00Z
2000,1982,cancelled,37760,24.99,12,33.271,-112.5628,2026-05-10,,1990,65.76,2026-05-03T17:55:00Z,2026-05-05T16:30:00Z
2001,1,confirmed,34790,0,5,37.13,-121.7686,2026-05-11,,2001,66.18,2026-05-03T17:50:00Z,2026-05-05T16:30:00Z
2002,20,processing,67000,7.99,10,39.5224,-104.5264,2026-05-12,,2012,43.54,2026-05-03T17:45:00Z,2026-05-05T16:30:00Z
2003,39,shipped,24900,14.99,3,32.2051,-96.5264,2026-05-06,,2023,55.25,2026-05-03T17:40:00Z,2026-05-05T16:30:00Z
2004,58,delivered,24600,24.99,8,26.0586,-79.5607,2026-05-07,2026-05-04,2034,68.47,2026-05-03T17:35:00Z,2026-05-05T16:30:00Z
2005,77,pending,31400,0,,42.7388,-71.6215,2026-05-08,,2045,51.83,2026-05-03T17:30:00Z,2026-05-05T16:30:00Z
2006,96,confirmed,21210,7.99,6,33.5114,-117.6368,2026-05-09,,2056,86.55,2026-05-03T17:25:00Z,2026-05-05T16:30:00Z
2007,115,processing,34010,14.99,11,47.3736,-122.5011,2026-05-10,,2067,46.08,2026-05-03T17:20:00Z,2026-05-05T16:30:00Z
2008,134,cancelled,10360,24.99,4,33.9548,-111.8975,2026-05-11,,2078,89.38,2026-05-03T17:15:00Z,2026-05-05T16:30:00Z
2009,153,confirmed,7620,0,9,36.0122,-79.0811,2026-05-12,,2089,69.83,2026-05-03T17:10:00Z,2026-05-05T16:30:00Z
2010,172,processing,46000,7.99,2,42.1462,-87.8902,2026-05-06,,2100,54.15,2026-05-03T17:05:00Z,2026-05-05T16:30:00Z
2011,191,shipped,28900,14.99,7,40.6437,-74.3877,2026-05-07,,2111,90.74,2026-05-03T17:00:00Z,2026-05-05T16:30:00Z
2012,210,delivered,50520,24.99,12,33.6444,-83.7781,2026-05-08,2026-05-04,2122,89.64,2026-05-03T16:55:00Z,2026-05-05T16:30:00Z
2013,229,pending,27400,0,5,36.6937,-121.391,2026-05-09,,2133,65.31,2026-05-03T16:50:00Z,2026-05-05T16:30:00Z
2014,248,confirmed,49460,7.99,10,39.3612,-105.6737,2026-05-10,,2144,54.61,2026-05-03T16:45:00Z,2026-05-05T16:30:00Z
2015,267,processing,61700,14.99,3,32.4044,-96.3846,2026-05-11,,2155,56.81,2026-05-03T16:40:00Z,2026-05-05T16:30:00Z
2016,286,cancelled,98300,24.99,8,26.2239,-80.2107,2026-05-12,,2166,36.74,2026-05-03T16:35:00Z,2026-05-05T16:30:00Z
2017,305,confirmed,15970,0,1,42.5813,-70.7529,2026-05-06,,2177,61.47,2026-05-03T16:30:00Z,2026-05-05T16:30:00Z
2018,324,processing,36730,7.99,6,34.0901,-118.3328,2026-05-07,,2188,87.54,2026-05-03T16:25:00Z,2026-05-05T16:30:00Z
2019,343,shipped,55080,14.99,11,47.0862,-122.8454,2026-05-08,,2199,91.43,2026-05-03T16:20:00Z,2026-05-05T16:30:00Z
2020,362,delivered,49640,24.99,4,33.4456,-112.7321,2026-05-09,2026-05-04,2210,50.86,2026-05-03T16:15:00Z,2026-05-05T16:30:00Z
2021,381,pending,25020,0,9,36.3908,-78.079,2026-05-10,,2221,82.52,2026-05-03T16:10:00Z,2026-05-05T16:30:00Z
2022,400,confirmed,12605,7.99,2,42.4203,-87.7543,2026-05-11,,2232,85.73,2026-05-03T16:05:00Z,2026-05-05T16:30:00Z
2023,419,processing,43100,14.99,7,40.1214,-74.0248,2026-05-12,,2243,75.07,2026-05-03T16:00:00Z,2026-05-05T16:30:00Z
2024,438,cancelled,49200,24.99,12,34.2254,-84.5206,2026-05-06,,2254,88.94,2026-05-03T15:55:00Z,2026-05-05T16:30:00Z
2025,457,confirmed,27770,0,5,37.7145,-122.4198,2026-05-07,,2265,71.02,2026-05-03T15:50:00Z,2026-05-05T16:30:00Z
2026,476,processing,32044,7.99,10,39.6928,-104.6573,2026-05-08,,2276,45.13,2026-05-03T15:45:00Z,2026-05-05T16:30:00Z
2027,495,shipped,33550,14.99,3,33.0129,-96.3017,2026-05-09,,2287,38.5,2026-05-03T15:40:00Z,2026-05-05T16:30:00Z
2028,514,delivered,29480,24.99,8,26.067,-80.154,2026-05-10,2026-05-03,2298,59.61,2026-05-03T15:35:00Z,2026-05-05T16:30:00Z
2029,533,pending,80400,0,,42.1475,-70.9614,2026-05-11,,2309,58.69,2026-05-03T15:30:00Z,2026-05-05T16:30:00Z
2030,552,confirmed,31700,7.99,6,34.6815,-118.4308,2026-05-12,,2320,77.67,2026-05-03T15:25:00Z,2026-05-05T16:30:00Z
2031,571,processing,19850,14.99,11,46.9383,-122.9666,2026-05-06,,2331,57.03,2026-05-03T15:20:00Z,2026-05-05T16:30:00Z
2032,590,cancelled,48400,24.99,4,32.9658,-112.3511,2026-05-07,,2342,63.87,2026-05-03T15:15:00Z,2026-05-05T16:30:00Z
2033,609,confirmed,46700,0,9,35.9114,-79.0388,2026-05-08,,2353,48.33,2026-05-03T15:10:00Z,2026-05-05T16:30:00Z
2034,628,processing,36750,7.99,2,41.496,-87.7025,2026-05-09,,2364,63.22,2026-05-03T15:05:00Z,2026-05-05T16:30:00Z
2035,647,shipped,29400,14.99,7,41.1357,-74.2705,2026-05-10,,2375,44.94,2026-05-03T15:00:00Z,2026-05-05T16:30:00Z
2036,666,delivered,10540,24.99,12,33.1039,-83.8651,2026-05-11,2026-05-03,2386,57.06,2026-05-03T14:55:00Z,2026-05-05T16:30:00Z
2037,685,pending,39010,0,5,37.8022,-121.7664,2026-05-12,,2397,84.19,2026-05-03T14:50:00Z,2026-05-05T16:30:00Z
2038,704,confirmed,26720,7.99,10,39.9461,-104.4608,2026-05-06,,2408,58.03,2026-05-03T14:45:00Z,2026-05-05T16:30:00Z
2039,723,processing,49750,14.99,3,33.1556,-96.5825,2026-05-07,,2419,74.44,2026-05-03T14:40:00Z,2026-05-05T16:30:00Z
2040,742,cancelled,60000,24.99,8,25.0627,-80.5857,2026-05-08,,2430,93.04,2026-05-03T14:35:00Z,2026-05-05T16:30:00Z
2041,761,confirmed,18895,0,1,41.9519,-71.3827,2026-05-09,,2441,87.28,2026-05-03T14:30:00Z,2026-05-05T16:30:00Z
2042,780,processing,27220,7.99,6,33.9744,-118.8806,2026-05-10,,2452,42.52,2026-05-03T14:25:00Z,2026-05-05T16:30:00Z
2043,799,shipped,93450,14.99,11,47.0658,-122.3154,2026-05-11,,2463,63.95,2026-05-03T14:20:00Z,2026-05-05T16:30:00Z
2044,818,delivered,39940,24.99,4,33.762,-112.4638,2026-05-12,2026-05-03,2474,61.66,2026-05-03T14:15:00Z,2026-05-05T16:30:00Z
2045,837,pending,19548,0,9,35.7967,-78.3278,2026-05-06,,2485,95.37,2026-05-03T14:10:00Z,2026-05-05T16:30:00Z
2046,856,confirmed,68250,7.99,2,42.3866,-88.2663,2026-05-07,,2496,35.05,2026-05-03T14:05:00Z,2026-05-05T16:30:00Z
2047,875,processing,35140,14.99,7,41.1189,-73.8327,2026-05-08,,2507,93.78,2026-05-03T14:00:00Z,2026-05-05T16:30:00Z
2048,894,cancelled,29220,24.99,12,33.3043,-84.5,2026-05-09,,2518,95.72,2026-05-03T13:55:00Z,2026-05-05T16:30:00Z
2049,913,confirmed,6760,0,5,37.3987,-122.0616,2026-05-10,,2529,82.61,2026-05-03T13:50:00Z,2026-05-05T16:30:00Z
2050,932,processing,39540,7.99,10,40.358,-104.8214,2026-05-11,,2540,65.64,2026-05-03T13:45:00Z,2026-05-05T16:30:00Z
2051,951,shipped,30170,14.99,3,32.9683,-97.4688,2026-05-12,,2551,76.9,2026-05-03T13:40:00Z,2026-05-05T16:30:00Z
2052,970,delivered,36100,24.99,8,25.5005,-80.0753,2026-05-06,2026-05-03,2562,69.02,2026-05-03T13:35:00Z,2026-05-05T16:30:00Z
2053,989,pending,33250,0,,42.402,-70.4391,2026-05-07,,2573,88.37,2026-05-03T13:30:00Z,2026-05-05T16:30:00Z
2054,1008,confirmed,25580,7.99,6,33.9274,-118.8374,2026-05-08,,2584,80.78,2026-05-03T13:25:00Z,2026-05-05T16:30:00Z
2055,1027,processing,33500,14.99,11,48.2845,-122.2415,2026-05-09,,2595,43.36,2026-05-03T13:20:00Z,2026-05-05T16:30:00Z
2056,1046,cancelled,25220,24.99,4,32.9241,-111.5006,2026-05-10,,2606,56.71,2026-05-03T13:15:00Z,2026-05-05T16:30:00Z
2057,1065,confirmed,78500,0,9,35.76,-79.3264,2026-05-11,,2617,71,2026-05-03T13:10:00Z,2026-05-05T16:30:00Z
2058,1084,processing,12842,7.99,2,41.8507,-87.173,2026-05-12,,2628,77.68,2026-05-03T13:05:00Z,2026-05-05T16:30:00Z
2059,1103,shipped,62460,14.99,7,41.0864,-73.9855,2026-05-06,,2639,53.77,2026-05-03T13:00:00Z,2026-05-05T16:30:00Z
2060,1122,delivered,37760,24.99,12,33.7231,-84.2082,2026-05-07,2026-05-03,2650,82.3,2026-05-03T12:55:00Z,2026-05-05T16:30:00Z
2061,1141,pending,34790,0,5,37.7264,-122.3918,2026-05-08,,2661,86.77,2026-05-03T12:50:00Z,2026-05-05T16:30:00Z
2062,1160,confirmed,67000,7.99,10,39.299,-104.5265,2026-05-09,,2672,44.6,2026-05-03T12:45:00Z,2026-05-05T16:30:00Z
2063,1179,processing,24900,14.99,3,32.8955,-96.6374,2026-05-10,,2683,93.99,2026-05-03T12:40:00Z,2026-05-05T16:30:00Z
2064,1198,cancelled,24600,24.99,8,25.4822,-79.9449,2026-05-11,,2694,53.12,2026-05-03T12:35:00Z,2026-05-05T16:30:00Z
2065,1217,confirmed,31400,0,1,42.6515,-71.7376,2026-05-12,,2705,67.22,2026-05-03T12:30:00Z,2026-05-05T16:30:00Z
2066,1236,processing,21210,7.99,6,34.2924,-118.2237,2026-05-06,,2716,56.77,2026-05-03T12:25:00Z,2026-05-05T16:30:00Z
2067,1255,shipped,34010,14.99,11,47.0702,-122.1003,2026-05-07,,2727,48.54,2026-05-03T12:20:00Z,2026-05-05T16:30:00Z
2068,1274,delivered,10360,24.99,4,32.8192,-112.2716,2026-05-08,2026-05-03,2738,59.56,2026-05-03T12:15:00Z,2026-05-05T16:30:00Z
2069,1293,pending,7620,0,9,35.7314,-78.2632,2026-05-09,,2749,83.68,2026-05-03T12:10:00Z,2026-05-05T16:30:00Z
2070,1312,confirmed,46000,7.99,2,42.2325,-87.0961,2026-05-10,,2760,48.67,2026-05-03T12:05:00Z,2026-05-05T16:30:00Z
2071,1331,processing,28900,14.99,7,40.6,-74.4793,2026-05-11,,2771,43.09,2026-05-03T12:00:00Z,2026-05-05T16:30:00Z
2072,1350,cancelled,50520,24.99,12,34.3516,-85.0171,2026-05-12,,2782,48.56,2026-05-03T11:55:00Z,2026-05-05T16:30:00Z
2073,1369,confirmed,27400,0,5,37.1744,-122.3985,2026-05-06,,2793,77.64,2026-05-03T11:50:00Z,2026-05-05T16:30:00Z
2074,1388,processing,49460,7.99,10,40.369,-105.1192,2026-05-07,,2804,46.98,2026-05-03T11:45:00Z,2026-05-05T16:30:00Z
2075,1407,shipped,61700,14.99,3,32.1947,-96.6037,2026-05-08,,2815,61.99,2026-05-03T11:40:00Z,2026-05-05T16:30:00Z
2076,1426,delivered,98300,24.99,8,26.173,-79.8981,2026-05-09,2026-05-03,2826,52.57,2026-05-03T11:35:00Z,2026-05-05T16:30:00Z
2077,1445,pending,15970,0,,41.7939,-71.3998,2026-05-10,,2837,49.85,2026-05-03T11:30:00Z,2026-05-05T16:30:00Z
2078,1464,confirmed,36730,7.99,6,33.6442,-118.8325,2026-05-11,,2848,39.31,2026-05-03T11:25:00Z,2026-05-05T16:30:00Z
2079,1483,processing,55080,14.99,11,47.6605,-122.3377,2026-05-12,,2859,86.75,2026-05-03T11:20:00Z,2026-05-05T16:30:00Z
2080,1502,cancelled,49640,24.99,4,33.3674,-112.0871,2026-05-06,,2870,66.47,2026-05-03T11:15:00Z,2026-05-05T16:30:00Z
2081,1521,confirmed,25020,0,9,35.7207,-79.217,2026-05-07,,2881,91.27,2026-05-03T11:10:00Z,2026-05-05T16:30:00Z
2082,1540,processing,12605,7.99,2,41.3353,-87.9502,2026-05-08,,2892,74.9,2026-05-03T11:05:00Z,2026-05-05T16:30:00Z
2083,1559,shipped,43100,14.99,7,40.0773,-73.474,2026-05-09,,2903,67.52,2026-05-03T11:00:00Z,2026-05-05T16:30:00Z
2084,1578,delivered,49200,24.99,12,33.6551,-84.7247,2026-05-10,2026-05-03,2914,96.48,2026-05-03T10:55:00Z,2026-05-05T16:30:00Z
2085,1597,pending,27770,0,5,37.9726,-122.0632,2026-05-11,,2925,62.11,2026-05-03T10:50:00Z,2026-05-05T16:30:00Z
2086,1616,confirmed,32044,7.99,10,39.3549,-104.6195,2026-05-12,,2936,63.88,2026-05-03T10:45:00Z,2026-05-05T16:30:00Z
2087,1635,processing,33550,14.99,3,33.4102,-97.1947,2026-05-06,,2947,74.69,2026-05-03T10:40:00Z,2026-05-05T16:30:00Z
2088,1654,cancelled,29480,24.99,8,26.3826,-80.666,2026-05-07,,2958,45.65,2026-05-03T10:35:00Z,2026-05-05T16:30:00Z
2089,1673,confirmed,80400,0,1,42.8777,-70.8644,2026-05-08,,2969,37.08,2026-05-03T10:30:00Z,2026-05-05T16:30:00Z
2090,1692,processing,31700,7.99,6,34.202,-118.054,2026-05-09,,2980,66.95,2026-05-03T10:25:00Z,2026-05-05T16:30:00Z
2091,1711,shipped,19850,14.99,11,47.2576,-122.0437,2026-05-10,,2991,51.87,2026-05-03T10:20:00Z,2026-05-05T16:30:00Z
2092,1730,delivered,48400,24.99,4,33.2477,-112.5841,2026-05-11,2026-05-03,3002,77.4,2026-05-03T10:15:00Z,2026-05-05T16:30:00Z
2093,1749,pending,46700,0,9,35.1418,-79.0597,2026-05-12,,3013,58.89,2026-05-03T10:10:00Z,2026-05-05T16:30:00Z
2094,1768,confirmed,36750,7.99,2,41.9316,-87.7552,2026-05-06,,3024,90.25,2026-05-03T10:05:00Z,2026-05-05T16:30:00Z
2095,1787,processing,29400,14.99,7,40.7488,-74.1347,2026-05-07,,3035,76.23,2026-05-03T10:00:00Z,2026-05-05T16:30:00Z
2096,1806,cancelled,10540,24.99,12,33.3612,-83.9921,2026-05-08,,3046,96.22,2026-05-03T09:55:00Z,2026-05-05T16:30:00Z
2097,1825,confirmed,39010,0,5,37.5986,-122.2599,2026-05-09,,3057,61.24,2026-05-03T09:50:00Z,2026-05-05T16:30:00Z
2098,1844,processing,26720,7.99,10,39.1474,-104.7782,2026-05-10,,3068,81.43,2026-05-03T09:45:00Z,2026-05-05T16:30:00Z
2099,1863,shipped,49750,14.99,3,32.5842,-97.0081,2026-05-11,,3079,57.95,2026-05-03T09:40:00Z,2026-05-05T16:30:00Z
2100,1882,delivered,60000,24.99,8,25.9239,-80.6988,2026-05-12,2026-05-03,3090,73.5,2026-05-03T09:35:00Z,2026-05-05T16:30:00Z
2101,1901,pending,18895,0,,42.8839,-70.6607,2026-05-06,,3101,60.38,2026-05-03T09:30:00Z,2026-05-05T16:30:00Z
2102,1920,confirmed,27220,7.99,6,34.4009,-118.5217,2026-05-07,,3112,69.42,2026-05-03T09:25:00Z,2026-05-05T16:30:00Z
2103,1939,processing,93450,14.99,11,48.0165,-122.2401,2026-05-08,,3123,86.49,2026-05-03T09:20:00Z,2026-05-05T16:30:00Z
2104,1958,cancelled,39940,24.99,4,33.837,-112.7224,2026-05-09,,3134,57.62,2026-05-03T09:15:00Z,2026-05-05T16:30:00Z
2105,1977,confirmed,19548,0,9,35.3108,-78.8495,2026-05-10,,3145,53.19,2026-05-03T09:10:00Z,2026-05-05T16:30:00Z
2106,1996,processing,68250,7.99,2,42.3517,-87.5131,2026-05-11,,3156,44.01,2026-05-03T09:05:00Z,2026-05-05T16:30:00Z
2107,15,shipped,35140,14.99,7,32.962,-96.1894,2026-05-12,,3167,97.16,2026-05-03T09:00:00Z,2026-05-05T16:30:00Z
2108,34,delivered,29220,24.99,12,25.6074,-80.4177,2026-05-06,2026-05-03,3178,73.26,2026-05-03T08:55:00Z,2026-05-05T16:30:00Z
2109,53,pending,6760,0,5,42.8428,-70.8971,2026-05-07,,3189,67.16,2026-05-03T08:50:00Z,2026-05-05T16:30:00Z
2110,72,confirmed,39540,7.99,10,33.4696,-118.1206,2026-05-08,,3200,43.48,2026-05-03T08:45:00Z,2026-05-05T16:30:00Z
2111,91,processing,30170,14.99,3,48.0726,-122.5442,2026-05-09,,3211,38.88,2026-05-03T08:40:00Z,2026-05-05T16:30:00Z
2112,110,cancelled,36100,24.99,8,33.3621,-111.7295,2026-05-10,,3222,38.82,2026-05-03T08:35:00Z,2026-05-05T16:30:00Z
2113,129,confirmed,33250,0,1,35.2565,-78.719,2026-05-11,,3233,49.82,2026-05-03T08:30:00Z,2026-05-05T16:30:00Z
2114,148,processing,25580,7.99,6,42.1776,-87.0549,2026-05-12,,3244,50.68,2026-05-03T08:25:00Z,2026-05-05T16:30:00Z
2115,167,shipped,33500,14.99,11,40.459,-74.2236,2026-05-06,,3255,67.05,2026-05-03T08:20:00Z,2026-05-05T16:30:00Z
2116,186,delivered,25220,24.99,4,33.3543,-84.1196,2026-05-07,2026-05-03,3266,35.19,2026-05-03T08:15:00Z,2026-05-05T16:30:00Z
2117,205,pending,78500,0,9,37.8325,-121.9156,2026-05-08,,3277,97.63,2026-05-03T08:10:00Z,2026-05-05T16:30:00Z
2118,224,confirmed,12842,7.99,2,39.8506,-104.8246,2026-05-09,,3288,79.65,2026-05-03T08:05:00Z,2026-05-05T16:30:00Z
2119,243,processing,62460,14.99,7,33.1706,-97.0219,2026-05-10,,3299,38.76,2026-05-03T08:00:00Z,2026-05-05T16:30:00Z
2120,262,cancelled,37760,24.99,12,25.125,-79.5577,2026-05-11,,3310,94.4,2026-05-03T07:55:00Z,2026-05-05T16:30:00Z
2121,281,confirmed,34790,0,5,43.0016,-71.3675,2026-05-12,,3321,55.69,2026-05-03T07:50:00Z,2026-05-05T16:30:00Z
2122,300,processing,67000,7.99,10,34.3989,-118.1162,2026-05-06,,3332,86.84,2026-05-03T07:45:00Z,2026-05-05T16:30:00Z
2123,319,shipped,24900,14.99,3,47.8128,-121.738,2026-05-07,,3343,73.39,2026-05-03T07:40:00Z,2026-05-05T16:30:00Z
2124,338,delivered,24600,24.99,8,32.9812,-111.375,2026-05-08,2026-05-03,3354,47.14,2026-05-03T07:35:00Z,2026-05-05T16:30:00Z
2125,357,pending,31400,0,,35.1826,-78.8927,2026-05-09,,3365,55.41,2026-05-03T07:30:00Z,2026-05-05T16:30:00Z
2126,376,confirmed,21210,7.99,6,42.0804,-87.4529,2026-05-10,,3376,56.67,2026-05-03T07:25:00Z,2026-05-05T16:30:00Z
2127,395,processing,34010,14.99,11,41.2221,-74.6531,2026-05-11,,3387,36.64,2026-05-03T07:20:00Z,2026-05-05T16:30:00Z
2128,414,cancelled,10360,24.99,4,33.895,-84.2193,2026-05-12,,3398,82.52,2026-05-03T07:15:00Z,2026-05-05T16:30:00Z
2129,433,confirmed,7620,0,9,36.9004,-121.872,2026-05-06,,3409,54.9,2026-05-03T07:10:00Z,2026-05-05T16:30:00Z
2130,452,processing,46000,7.99,2,39.8788,-104.3534,2026-05-07,,3420,89.95,2026-05-03T07:05:00Z,2026-05-05T16:30:00Z
2131,471,shipped,28900,14.99,7,33.0402,-96.9384,2026-05-08,,3431,88.22,2026-05-03T07:00:00Z,2026-05-05T16:30:00Z
2132,490,delivered,50520,24.99,12,25.9594,-79.6357,2026-05-09,2026-05-03,3442,93.81,2026-05-03T06:55:00Z,2026-05-05T16:30:00Z
2133,509,pending,27400,0,5,42.593,-70.6847,2026-05-10,,3453,62.16,2026-05-03T06:50:00Z,2026-05-05T16:30:00Z
2134,528,confirmed,49460,7.99,10,34.4337,-118.7062,2026-05-11,,3464,73.65,2026-05-03T06:45:00Z,2026-05-05T16:30:00Z
2135,547,processing,61700,14.99,3,47.3466,-122.7008,2026-05-12,,3475,77.54,2026-05-03T06:40:00Z,2026-05-05T16:30:00Z
2136,566,cancelled,98300,24.99,8,33.7055,-111.8283,2026-05-06,,3486,37.49,2026-05-03T06:35:00Z,2026-05-05T16:30:00Z
2137,585,confirmed,15970,0,1,35.6722,-78.7635,2026-05-07,,3497,54.07,2026-05-03T06:30:00Z,2026-05-05T16:30:00Z
2138,604,processing,36730,7.99,6,41.7929,-87.4128,2026-05-08,,3508,51.24,2026-05-03T06:25:00Z,2026-05-05T16:30:00Z
2139,623,shipped,55080,14.99,11,40.8709,-74.6631,2026-05-09,,3519,36.96,2026-05-03T06:20:00Z,2026-05-05T16:30:00Z
2140,642,delivered,49640,24.99,4,33.0929,-84.4852,2026-05-10,2026-05-03,3530,86.39,2026-05-03T06:15:00Z,2026-05-05T16:30:00Z
2141,661,pending,25020,0,9,37.6104,-122.0058,2026-05-11,,3541,71.09,2026-05-03T06:10:00Z,2026-05-05T16:30:00Z
2142,680,confirmed,12605,7.99,2,39.8147,-104.3667,2026-05-12,,3552,59.53,2026-05-03T06:05:00Z,2026-05-05T16:30:00Z
2143,699,processing,43100,14.99,7,32.4644,-97.3756,2026-05-06,,3563,49.22,2026-05-03T06:00:00Z,2026-05-05T16:30:00Z
2144,718,cancelled,49200,24.99,12,25.6381,-80.6194,2026-05-07,,3574,38.13,2026-05-03T05:55:00Z,2026-05-05T16:30:00Z
2145,737,confirmed,27770,0,5,41.9457,-70.6809,2026-05-08,,3585,38.08,2026-05-03T05:50:00Z,2026-05-05T16:30:00Z
2146,756,processing,32044,7.99,10,33.8908,-117.731,2026-05-09,,3596,48.85,2026-05-03T05:45:00Z,2026-05-05T16:30:00Z
2147,775,shipped,33550,14.99,3,47.0736,-121.9995,2026-05-10,,3607,41.11,2026-05-03T05:40:00Z,2026-05-05T16:30:00Z
2148,794,delivered,29480,24.99,8,33.2513,-112.3258,2026-05-11,2026-05-03,3618,90.95,2026-05-03T05:35:00Z,2026-05-05T16:30:00Z
2149,813,pending,80400,0,,35.9547,-77.9979,2026-05-12,,3629,87.84,2026-05-03T05:30:00Z,2026-05-05T16:30:00Z
2150,832,confirmed,31700,7.99,6,41.75,-87.8438,2026-05-06,,3640,58.55,2026-05-03T05:25:00Z,2026-05-05T16:30:00Z
2151,851,processing,19850,14.99,11,40.3694,-73.8452,2026-05-07,,3651,89.25,2026-05-03T05:20:00Z,2026-05-05T16:30:00Z
2152,870,cancelled,48400,24.99,4,34.0351,-84.3822,2026-05-08,,3662,43.53,2026-05-03T05:15:00Z,2026-05-05T16:30:00Z
2153,889,confirmed,46700,0,9,37.6333,-122.2819,2026-05-09,,3673,38.03,2026-05-03T05:10:00Z,2026-05-05T16:30:00Z
2154,908,processing,36750,7.99,2,39.8018,-104.4036,2026-05-10,,3684,80.98,2026-05-03T05:05:00Z,2026-05-05T16:30:00Z
2155,927,shipped,29400,14.99,7,33.0609,-97.3883,2026-05-11,,3695,55.98,2026-05-03T05:00:00Z,2026-05-05T16:30:00Z
2156,946,delivered,10540,24.99,12,25.431,-80.7638,2026-05-12,2026-05-03,3706,89.55,2026-05-03T04:55:00Z,2026-05-05T16:30:00Z
2157,965,pending,39010,0,5,42.9447,-70.4821,2026-05-06,,3717,62.59,2026-05-03T04:50:00Z,2026-05-05T16:30:00Z
2158,984,confirmed,26720,7.99,10,33.9346,-117.805,2026-05-07,,3728,90.01,2026-05-03T04:45:00Z,2026-05-05T16:30:00Z
2159,1003,processing,49750,14.99,3,47.4319,-122.3632,2026-05-08,,3739,64.83,2026-05-03T04:40:00Z,2026-05-05T16:30:00Z
2160,1022,cancelled,60000,24.99,8,33.7315,-111.913,2026-05-09,,3750,89.56,2026-05-03T04:35:00Z,2026-05-05T16:30:00Z
2161,1041,confirmed,18895,0,1,36.1655,-78.4491,2026-05-10,,3761,61.15,2026-05-05T16:30:00Z,2026-05-05T16:30:00Z
2162,1060,processing,27220,7.99,6,41.3951,-87.996,2026-05-11,,3772,39.99,2026-05-05T16:25:00Z,2026-05-05T16:30:00Z
2163,1079,shipped,93450,14.99,11,41.2928,-73.6604,2026-05-12,,3783,93.5,2026-05-05T16:20:00Z,2026-05-05T16:30:00Z
2164,1098,delivered,39940,24.99,4,33.0801,-83.9934,2026-05-06,2026-05-05,3794,58.04,2026-05-05T16:15:00Z,2026-05-05T16:30:00Z
2165,1117,pending,19548,0,9,37.622,-122.2692,2026-05-07,,3805,88.91,2026-05-05T16:10:00Z,2026-05-05T16:30:00Z
2166,1136,confirmed,68250,7.99,2,39.9149,-105.208,2026-05-08,,3816,61.91,2026-05-05T16:05:00Z,2026-05-05T16:30:00Z
2167,1155,processing,35140,14.99,7,33.2396,-96.8929,2026-05-09,,3827,91.89,2026-05-05T16:00:00Z,2026-05-05T16:30:00Z
2168,1174,cancelled,29220,24.99,12,25.556,-80.2165,2026-05-10,,3838,61.41,2026-05-05T15:55:00Z,2026-05-05T16:30:00Z
2169,1193,confirmed,6760,0,5,42.5186,-71.6424,2026-05-11,,3849,52.26,2026-05-05T15:50:00Z,2026-05-05T16:30:00Z
2170,1212,processing,39540,7.99,10,33.9997,-118.5118,2026-05-12,,3860,96.37,2026-05-05T15:45:00Z,2026-05-05T16:30:00Z
2171,1231,shipped,30170,14.99,3,46.9758,-122.6795,2026-05-06,,3871,54.71,2026-05-05T15:40:00Z,2026-05-05T16:30:00Z
2172,1250,delivered,36100,24.99,8,33.3332,-112.4523,2026-05-07,2026-05-05,3882,67.53,2026-05-05T15:35:00Z,2026-05-05T16:30:00Z
2173,1269,pending,33250,0,,35.5896,-78.88,2026-05-08,,3893,57.93,2026-05-05T15:30:00Z,2026-05-05T16:30:00Z
2174,1288,confirmed,25580,7.99,6,41.4021,-87.4926,2026-05-09,,3904,52.91,2026-05-05T15:25:00Z,2026-05-05T16:30:00Z
2175,1307,processing,33500,14.99,11,41.1959,-74.4332,2026-05-10,,3915,38.41,2026-05-05T15:20:00Z,2026-05-05T16:30:00Z
2176,1326,cancelled,25220,24.99,4,34.3732,-84.5543,2026-05-11,,3926,77.13,2026-05-05T15:15:00Z,2026-05-05T16:30:00Z
2177,1345,confirmed,78500,0,9,37.8486,-122.5418,2026-05-12,,3937,66.81,2026-05-05T15:10:00Z,2026-05-05T16:30:00Z
2178,1364,processing,12842,7.99,2,39.8608,-105.6836,2026-05-06,,3948,75.54,2026-05-05T15:05:00Z,2026-05-05T16:30:00Z
2179,1383,shipped,62460,14.99,7,32.822,-96.133,2026-05-07,,3959,61.41,2026-05-05T15:00:00Z,2026-05-05T16:30:00Z
2180,1402,delivered,37760,24.99,12,25.1149,-80.8205,2026-05-08,2026-05-05,3970,75.13,2026-05-05T14:55:00Z,2026-05-05T16:30:00Z
2181,1421,pending,34790,0,5,41.8712,-70.5432,2026-05-09,,3981,65.31,2026-05-05T14:50:00Z,2026-05-05T16:30:00Z
2182,1440,confirmed,67000,7.99,10,34.6871,-118.7307,2026-05-10,,3992,84.87,2026-05-05T14:45:00Z,2026-05-05T16:30:00Z
2183,1459,processing,24900,14.99,3,47.1104,-122.2947,2026-05-11,,4003,72.44,2026-05-05T14:40:00Z,2026-05-05T16:30:00Z
2184,1478,cancelled,24600,24.99,8,33.319,-111.4777,2026-05-12,,4014,84.56,2026-05-05T14:35:00Z,2026-05-05T16:30:00Z
2185,1497,confirmed,31400,0,1,36.0211,-79.3287,2026-05-06,,4025,55.49,2026-05-05T14:30:00Z,2026-05-05T16:30:00Z
2186,1516,processing,21210,7.99,6,42.3576,-88.1674,2026-05-07,,4036,59.34,2026-05-05T14:25:00Z,2026-05-05T16:30:00Z
2187,1535,shipped,34010,14.99,11,41.1422,-74.4769,2026-05-08,,4047,75.7,2026-05-05T14:20:00Z,2026-05-05T16:30:00Z
2188,1554,delivered,10360,24.99,4,33.1865,-84.0646,2026-05-09,2026-05-05,4058,57.44,2026-05-05T14:15:00Z,2026-05-05T16:30:00Z
2189,1573,pending,7620,0,9,37.5632,-122.4774,2026-05-10,,4069,74,2026-05-05T14:10:00Z,2026-05-05T16:30:00Z
2190,1592,confirmed,46000,7.99,2,40.3603,-104.7054,2026-05-11,,4080,45.82,2026-05-05T14:05:00Z,2026-05-05T16:30:00Z
2191,1611,processing,28900,14.99,7,33.4078,-96.4622,2026-05-12,,4091,56.25,2026-05-05T14:00:00Z,2026-05-05T16:30:00Z
2192,1630,cancelled,50520,24.99,12,25.2577,-80.6506,2026-05-06,,4102,58.11,2026-05-05T13:55:00Z,2026-05-05T16:30:00Z
2193,1649,confirmed,27400,0,5,42.4257,-71.7583,2026-05-07,,4113,46.97,2026-05-05T13:50:00Z,2026-05-05T16:30:00Z
2194,1668,processing,49460,7.99,10,33.4937,-117.6362,2026-05-08,,4124,46.03,2026-05-05T13:45:00Z,2026-05-05T16:30:00Z
2195,1687,shipped,61700,14.99,3,48.0662,-122.8363,2026-05-09,,4135,69.08,2026-05-05T13:40:00Z,2026-05-05T16:30:00Z
2196,1706,delivered,98300,24.99,8,33.6973,-112.3056,2026-05-10,2026-05-05,4146,75.57,2026-05-05T13:35:00Z,2026-05-05T16:30:00Z
2197,1725,pending,15970,0,,35.5271,-78.5813,2026-05-11,,4157,73.2,2026-05-05T13:30:00Z,2026-05-05T16:30:00Z
2198,1744,confirmed,36730,7.99,6,41.2789,-87.6282,2026-05-12,,4168,61.69,2026-05-05T13:25:00Z,2026-05-05T16:30:00Z
2199,1763,processing,55080,14.99,11,40.7944,-73.4663,2026-05-06,,4179,82.7,2026-05-05T13:20:00Z,2026-05-05T16:30:00Z
2200,1782,cancelled,49640,24.99,4,34.1186,-84.0578,2026-05-07,,4190,46.88,2026-05-05T13:15:00Z,2026-05-05T16:30:00Z
2201,1801,confirmed,25020,0,9,36.8202,-121.4212,2026-05-08,,4201,52.31,2026-05-05T13:10:00Z,2026-05-05T16:30:00Z
2202,1820,processing,12605,7.99,2,39.8607,-104.8187,2026-05-09,,4212,78,2026-05-05T13:05:00Z,2026-05-05T16:30:00Z
2203,1839,shipped,43100,14.99,7,33.2679,-97.0124,2026-05-10,,4223,81.94,2026-05-05T13:00:00Z,2026-05-05T16:30:00Z
2204,1858,delivered,49200,24.99,12,25.4993,-80.5842,2026-05-11,2026-05-05,4234,81.32,2026-05-05T12:55:00Z,2026-05-05T16:30:00Z
2205,1877,pending,27770,0,5,42.2314,-71.5368,2026-05-12,,4245,36.62,2026-05-05T12:50:00Z,2026-05-05T16:30:00Z
2206,1896,confirmed,32044,7.99,10,33.9294,-118.0368,2026-05-06,,4256,47.28,2026-05-05T12:45:00Z,2026-05-05T16:30:00Z
2207,1915,processing,33550,14.99,3,48.0035,-122.1413,2026-05-07,,4267,78.53,2026-05-05T12:40:00Z,2026-05-05T16:30:00Z
2208,1934,cancelled,29480,24.99,8,33.9528,-112.6369,2026-05-08,,4278,85.57,2026-05-05T12:35:00Z,2026-05-05T16:30:00Z
2209,1953,confirmed,80400,0,1,35.369,-78.7628,2026-05-09,,4289,94.73,2026-05-05T12:30:00Z,2026-05-05T16:30:00Z
2210,1972,processing,31700,7.99,6,41.68,-86.9572,2026-05-10,,4300,48.51,2026-05-05T12:25:00Z,2026-05-05T16:30:00Z
2211,1991,shipped,19850,14.99,11,40.9684,-74.3831,2026-05-11,,4311,74.84,2026-05-05T12:20:00Z,2026-05-05T16:30:00Z
2212,10,delivered,48400,24.99,4,26.1255,-80.1257,2026-05-12,2026-05-05,4322,74.21,2026-05-05T12:15:00Z,2026-05-05T16:30:00Z
2213,29,pending,46700,0,9,43.0478,-71.0038,2026-05-06,,4333,50.8,2026-05-05T12:10:00Z,2026-05-05T16:30:00Z
2214,48,confirmed,36750,7.99,2,33.6847,-117.872,2026-05-07,,4344,42.92,2026-05-05T12:05:00Z,2026-05-05T16:30:00Z
2215,67,processing,29400,14.99,7,47.3091,-121.6631,2026-05-08,,4355,40.73,2026-05-05T12:00:00Z,2026-05-05T16:30:00Z
2216,86,cancelled,10540,24.99,12,33.3472,-112.589,2026-05-09,,4366,41.91,2026-05-05T11:55:00Z,2026-05-05T16:30:00Z
2217,105,confirmed,39010,0,5,35.9118,-78.526,2026-05-10,,4377,64.37,2026-05-05T11:50:00Z,2026-05-05T16:30:00Z
2218,124,processing,26720,7.99,10,41.6375,-88.0243,2026-05-11,,4388,44.19,2026-05-05T11:45:00Z,2026-05-05T16:30:00Z
2219,143,shipped,49750,14.99,3,41.0753,-74.0464,2026-05-12,,4399,52.64,2026-05-05T11:40:00Z,2026-05-05T16:30:00Z
2220,162,delivered,60000,24.99,8,33.9109,-84.7818,2026-05-06,2026-05-05,4410,85.72,2026-05-05T11:35:00Z,2026-05-05T16:30:00Z
2221,181,pending,18895,0,,37.1823,-121.3762,2026-05-07,,4421,78.18,2026-05-05T11:30:00Z,2026-05-05T16:30:00Z
2222,200,confirmed,27220,7.99,6,40.3082,-105.1516,2026-05-08,,4432,55.64,2026-05-05T11:25:00Z,2026-05-05T16:30:00Z
2223,219,processing,93450,14.99,11,33.0921,-96.3785,2026-05-09,,4443,68.14,2026-05-05T11:20:00Z,2026-05-05T16:30:00Z
2224,238,cancelled,39940,24.99,4,26.4095,-79.5462,2026-05-10,,4454,97.32,2026-05-05T11:15:00Z,2026-05-05T16:30:00Z
2225,257,confirmed,19548,0,9,42.7024,-70.5763,2026-05-11,,4465,59.87,2026-05-05T11:10:00Z,2026-05-05T16:30:00Z
2226,276,processing,68250,7.99,2,34.1175,-118.8168,2026-05-12,,4476,39.32,2026-05-05T11:05:00Z,2026-05-05T16:30:00Z
2227,295,shipped,35140,14.99,7,48.0432,-122.307,2026-05-06,,4487,83.52,2026-05-05T11:00:00Z,2026-05-05T16:30:00Z
2228,314,delivered,29220,24.99,12,33.6561,-112.474,2026-05-07,2026-05-05,4498,72.93,2026-05-05T10:55:00Z,2026-05-05T16:30:00Z
2229,333,pending,6760,0,5,35.3086,-78.4776,2026-05-08,,4509,36.7,2026-05-05T10:50:00Z,2026-05-05T16:30:00Z
2230,352,confirmed,39540,7.99,10,42.0708,-88.1038,2026-05-09,,4520,75.39,2026-05-05T10:45:00Z,2026-05-05T16:30:00Z
2231,371,processing,30170,14.99,3,40.4251,-73.3307,2026-05-10,,4531,82.21,2026-05-05T10:40:00Z,2026-05-05T16:30:00Z
2232,390,cancelled,36100,24.99,8,33.7362,-83.9663,2026-05-11,,4542,70.08,2026-05-05T10:35:00Z,2026-05-05T16:30:00Z
2233,409,confirmed,33250,0,1,37.429,-121.6977,2026-05-12,,4553,36.18,2026-05-05T10:30:00Z,2026-05-05T16:30:00Z
2234,428,processing,25580,7.99,6,39.8928,-105.6062,2026-05-06,,4564,69.03,2026-05-05T10:25:00Z,2026-05-05T16:30:00Z
2235,447,shipped,33500,14.99,11,32.185,-96.9086,2026-05-07,,4575,81.85,2026-05-05T10:20:00Z,2026-05-05T16:30:00Z
2236,466,delivered,25220,24.99,4,25.0812,-80.2306,2026-05-08,2026-05-05,4586,58.56,2026-05-05T10:15:00Z,2026-05-05T16:30:00Z
2237,485,pending,78500,0,9,42.775,-71.6122,2026-05-09,,4597,44.06,2026-05-05T10:10:00Z,2026-05-05T16:30:00Z
2238,504,confirmed,12842,7.99,2,34.1608,-118.1074,2026-05-10,,4608,79.95,2026-05-05T10:05:00Z,2026-05-05T16:30:00Z
2239,523,processing,62460,14.99,7,47.0155,-122.3154,2026-05-11,,4619,77.76,2026-05-05T10:00:00Z,2026-05-05T16:30:00Z
2240,542,cancelled,37760,24.99,12,33.8516,-111.8621,2026-05-12,,4630,74.05,2026-05-05T09:55:00Z,2026-05-05T16:30:00Z
2241,561,confirmed,34790,0,5,35.8991,-78.2666,2026-05-06,,4641,37.18,2026-05-05T09:50:00Z,2026-05-05T16:30:00Z
2242,580,processing,67000,7.99,10,42.357,-87.503,2026-05-07,,4652,82.46,2026-05-05T09:45:00Z,2026-05-05T16:30:00Z
2243,599,shipped,24900,14.99,3,40.2782,-73.9645,2026-05-08,,4663,70.7,2026-05-05T09:40:00Z,2026-05-05T16:30:00Z
2244,618,delivered,24600,24.99,8,33.2754,-84.2385,2026-05-09,2026-05-05,4674,97.13,2026-05-05T09:35:00Z,2026-05-05T16:30:00Z
2245,637,pending,31400,0,,36.936,-122.533,2026-05-10,,4685,48.5,2026-05-05T09:30:00Z,2026-05-05T16:30:00Z
2246,656,confirmed,21210,7.99,6,39.9592,-105.4494,2026-05-11,,4696,45.05,2026-05-05T09:25:00Z,2026-05-05T16:30:00Z
2247,675,processing,34010,14.99,11,32.1108,-97.083,2026-05-12,,4707,94.09,2026-05-05T09:20:00Z,2026-05-05T16:30:00Z
2248,694,cancelled,10360,24.99,4,26.207,-80.2819,2026-05-06,,4718,49.36,2026-05-05T09:15:00Z,2026-05-05T16:30:00Z
2249,713,confirmed,7620,0,9,42.6172,-70.7522,2026-05-07,,4729,61.28,2026-05-05T09:10:00Z,2026-05-05T16:30:00Z
2250,732,processing,46000,7.99,2,33.7029,-118.7242,2026-05-08,,4740,87.48,2026-05-05T09:05:00Z,2026-05-05T16:30:00Z
2251,751,shipped,28900,14.99,7,47.2557,-122.8635,2026-05-09,,4751,56.55,2026-05-05T09:00:00Z,2026-05-05T16:30:00Z
2252,770,delivered,50520,24.99,12,33.0158,-112.0384,2026-05-10,2026-05-05,4762,68.83,2026-05-05T08:55:00Z,2026-05-05T16:30:00Z
2253,789,pending,27400,0,5,35.4687,-78.7015,2026-05-11,,4773,87.27,2026-05-05T08:50:00Z,2026-05-05T16:30:00Z
2254,808,confirmed,49460,7.99,10,41.9906,-87.7593,2026-05-12,,4784,41.36,2026-05-05T08:45:00Z,2026-05-05T16:30:00Z
2255,827,processing,61700,14.99,3,40.2113,-73.6887,2026-05-06,,4795,90.13,2026-05-05T08:40:00Z,2026-05-05T16:30:00Z
2256,846,cancelled,98300,24.99,8,33.2499,-83.695,2026-05-07,,4806,52.15,2026-05-05T08:35:00Z,2026-05-05T16:30:00Z
2257,865,confirmed,15970,0,1,37.9375,-121.7798,2026-05-08,,4817,74.3,2026-05-05T08:30:00Z,2026-05-05T16:30:00Z
2258,884,processing,36730,7.99,6,39.7264,-104.5741,2026-05-09,,4828,74.29,2026-05-05T08:25:00Z,2026-05-05T16:30:00Z
2259,903,shipped,55080,14.99,11,32.5133,-97.1575,2026-05-10,,4839,93.31,2026-05-05T08:20:00Z,2026-05-05T16:30:00Z
2260,922,delivered,49640,24.99,4,25.8649,-80.5087,2026-05-11,2026-05-05,4850,45.97,2026-05-05T08:15:00Z,2026-05-05T16:30:00Z
2261,941,pending,25020,0,9,43.0553,-70.6062,2026-05-12,,4861,82.78,2026-05-05T08:10:00Z,2026-05-05T16:30:00Z
2262,960,confirmed,12605,7.99,2,33.7955,-118.4966,2026-05-06,,4872,50.99,2026-05-05T08:05:00Z,2026-05-05T16:30:00Z
2263,979,processing,43100,14.99,7,48.2714,-121.6531,2026-05-07,,4883,38.48,2026-05-05T08:00:00Z,2026-05-05T16:30:00Z
2264,998,cancelled,49200,24.99,12,33.2927,-111.8307,2026-05-08,,4894,50.15,2026-05-05T07:55:00Z,2026-05-05T16:30:00Z
2265,1017,confirmed,27770,0,5,35.9729,-78.477,2026-05-09,,4905,40.69,2026-05-05T07:50:00Z,2026-05-05T16:30:00Z
2266,1036,processing,32044,7.99,10,42.3177,-87.2597,2026-05-10,,4916,64.97,2026-05-05T07:45:00Z,2026-05-05T16:30:00Z
2267,1055,shipped,33550,14.99,3,40.2748,-74.1133,2026-05-11,,4927,53.95,2026-05-05T07:40:00Z,2026-05-05T16:30:00Z
2268,1074,delivered,29480,24.99,8,34.0006,-83.7848,2026-05-12,2026-05-05,4938,72.59,2026-05-05T07:35:00Z,2026-05-05T16:30:00Z
2269,1093,pending,80400,0,,37.7633,-122.4671,2026-05-06,,4949,44.8,2026-05-05T07:30:00Z,2026-05-05T16:30:00Z
2270,1112,confirmed,31700,7.99,6,39.6341,-105.1849,2026-05-07,,4960,42.67,2026-05-05T07:25:00Z,2026-05-05T16:30:00Z
2271,1131,processing,19850,14.99,11,32.3721,-96.7273,2026-05-08,,4971,59.87,2026-05-05T07:20:00Z,2026-05-05T16:30:00Z
2272,1150,cancelled,48400,24.99,4,25.0973,-79.8702,2026-05-09,,4982,92.33,2026-05-05T07:15:00Z,2026-05-05T16:30:00Z
2273,1169,confirmed,46700,0,9,41.7877,-71.3747,2026-05-10,,4993,68.12,2026-05-05T07:10:00Z,2026-05-05T16:30:00Z
2274,1188,processing,36750,7.99,2,33.4692,-117.6197,2026-05-11,,4,63.61,2026-05-05T07:05:00Z,2026-05-05T16:30:00Z
2275,1207,shipped,29400,14.99,7,48.0842,-122.1231,2026-05-12,,15,83.77,2026-05-05T07:00:00Z,2026-05-05T16:30:00Z
2276,1226,delivered,10540,24.99,12,33.8527,-111.8673,2026-05-06,2026-05-05,26,36.87,2026-05-05T06:55:00Z,2026-05-05T16:30:00Z
2277,1245,pending,39010,0,5,35.1764,-78.3273,2026-05-07,,37,49.65,2026-05-05T06:50:00Z,2026-05-05T16:30:00Z
2278,1264,confirmed,26720,7.99,10,42.3365,-88.1856,2026-05-08,,48,67.71,2026-05-05T06:45:00Z,2026-05-05T16:30:00Z
2279,1283,processing,49750,14.99,3,40.0875,-73.5042,2026-05-09,,59,91.68,2026-05-05T06:40:00Z,2026-05-05T16:30:00Z
2280,1302,cancelled,60000,24.99,8,33.2427,-84.3735,2026-05-10,,70,88.96,2026-05-05T06:35:00Z,2026-05-05T16:30:00Z
2281,1321,confirmed,18895,0,1,37.1603,-121.5901,2026-05-11,,81,77.02,2026-05-05T06:30:00Z,2026-05-05T16:30:00Z
2282,1340,processing,27220,7.99,6,40.1021,-105.1188,2026-05-12,,92,39.74,2026-05-05T06:25:00Z,2026-05-05T16:30:00Z
2283,1359,shipped,93450,14.99,11,32.6971,-96.1397,2026-05-06,,103,70.03,2026-05-05T06:20:00Z,2026-05-05T16:30:00Z
2284,1378,delivered,39940,24.99,4,25.9499,-80.3555,2026-05-07,2026-05-05,114,44.76,2026-05-05T06:15:00Z,2026-05-05T16:30:00Z
2285,1397,pending,19548,0,9,42.5557,-71.1792,2026-05-08,,125,54.83,2026-05-05T06:10:00Z,2026-05-05T16:30:00Z
2286,1416,confirmed,68250,7.99,2,34.1744,-118.1864,2026-05-09,,136,96.64,2026-05-05T06:05:00Z,2026-05-05T16:30:00Z
2287,1435,processing,35140,14.99,7,47.4148,-122.9271,2026-05-10,,147,63.83,2026-05-05T06:00:00Z,2026-05-05T16:30:00Z
2288,1454,cancelled,29220,24.99,12,33.8253,-112.2213,2026-05-11,,158,43.75,2026-05-05T05:55:00Z,2026-05-05T16:30:00Z
2289,1473,confirmed,6760,0,5,35.3879,-78.3416,2026-05-12,,169,39.25,2026-05-05T05:50:00Z,2026-05-05T16:30:00Z
2290,1492,processing,39540,7.99,10,41.7931,-88.2811,2026-05-06,,180,55.11,2026-05-05T05:45:00Z,2026-05-05T16:30:00Z
2291,1511,shipped,30170,14.99,3,40.4656,-73.5942,2026-05-07,,191,35.18,2026-05-05T05:40:00Z,2026-05-05T16:30:00Z
2292,1530,delivered,36100,24.99,8,33.2336,-84.6527,2026-05-08,2026-05-05,202,69,2026-05-05T05:35:00Z,2026-05-05T16:30:00Z
2293,1549,pending,33250,0,,37.7729,-121.6141,2026-05-09,,213,75.36,2026-05-05T05:30:00Z,2026-05-05T16:30:00Z
2294,1568,confirmed,25580,7.99,6,40.1074,-105.0535,2026-05-10,,224,58.95,2026-05-05T05:25:00Z,2026-05-05T16:30:00Z
2295,1587,processing,33500,14.99,11,33.4546,-96.362,2026-05-11,,235,63.13,2026-05-05T05:20:00Z,2026-05-05T16:30:00Z
2296,1606,cancelled,25220,24.99,4,25.5487,-79.9329,2026-05-12,,246,56.01,2026-05-05T05:15:00Z,2026-05-05T16:30:00Z
2297,1625,confirmed,78500,0,9,42.6596,-71.3962,2026-05-06,,257,40.59,2026-05-05T05:10:00Z,2026-05-05T16:30:00Z
2298,1644,processing,12842,7.99,2,34.0346,-118.6749,2026-05-07,,268,39.39,2026-05-05T05:05:00Z,2026-05-05T16:30:00Z
2299,1663,shipped,62460,14.99,7,47.688,-122.5793,2026-05-08,,279,71.35,2026-05-05T05:00:00Z,2026-05-05T16:30:00Z
2300,1682,delivered,37760,24.99,12,32.8152,-112.5343,2026-05-09,2026-05-05,290,54.92,2026-05-05T04:55:00Z,2026-05-05T16:30:00Z
2301,1701,pending,34790,0,5,35.1964,-78.7508,2026-05-10,,301,72.91,2026-05-05T04:50:00Z,2026-05-05T16:30:00Z
2302,1720,confirmed,67000,7.99,10,42.1149,-87.1872,2026-05-11,,312,94.35,2026-05-05T04:45:00Z,2026-05-05T16:30:00Z
2303,1739,processing,24900,14.99,3,40.124,-74.56,2026-05-12,,323,82.2,2026-05-05T04:40:00Z,2026-05-05T16:30:00Z
2304,1758,cancelled,24600,24.99,8,33.1506,-84.1762,2026-05-06,,334,71.66,2026-05-05T04:35:00Z,2026-05-05T16:30:00Z
2305,1777,confirmed,31400,0,1,37.5923,-122.0827,2026-05-07,,345,44.13,2026-05-05T04:30:00Z,2026-05-05T16:30:00Z
2306,1796,processing,21210,7.99,6,39.4411,-105.5911,2026-05-08,,356,48.12,2026-05-05T04:25:00Z,2026-05-05T16:30:00Z
2307,1815,shipped,34010,14.99,11,33.1943,-96.4745,2026-05-09,,367,64.37,2026-05-05T04:20:00Z,2026-05-05T16:30:00Z
2308,1834,delivered,10360,24.99,4,26.111,-80.8762,2026-05-10,2026-05-05,378,50.92,2026-05-05T04:15:00Z,2026-05-05T16:30:00Z
2309,1853,pending,7620,0,9,41.9284,-71.6689,2026-05-11,,389,87.33,2026-05-05T04:10:00Z,2026-05-05T16:30:00Z
2310,1872,confirmed,46000,7.99,2,34.4209,-118.1615,2026-05-12,,400,80.52,2026-05-05T04:05:00Z,2026-05-05T16:30:00Z
2311,1891,processing,28900,14.99,7,47.9522,-121.7847,2026-05-06,,411,35.95,2026-05-05T04:00:00Z,2026-05-05T16:30:00Z
2312,1910,cancelled,50520,24.99,12,33.0655,-112.5485,2026-05-07,,422,90.79,2026-05-05T03:55:00Z,2026-05-05T16:30:00Z
2313,1929,confirmed,27400,0,5,35.2234,-78.0818,2026-05-08,,433,63.51,2026-05-05T03:50:00Z,2026-05-05T16:30:00Z
2314,1948,processing,49460,7.99,10,41.8467,-87.5371,2026-05-09,,444,48.28,2026-05-05T03:45:00Z,2026-05-05T16:30:00Z
2315,1967,shipped,61700,14.99,3,40.7046,-73.7828,2026-05-10,,455,93.91,2026-05-05T03:40:00Z,2026-05-05T16:30:00Z
2316,1986,delivered,98300,24.99,8,33.3369,-85.0638,2026-05-11,2026-05-05,466,56.21,2026-05-05T03:35:00Z,2026-05-05T16:30:00Z
2317,5,pending,15970,0,,42.5941,-71.6909,2026-05-12,,477,67.52,2026-05-05T03:30:00Z,2026-05-05T16:30:00Z
2318,24,confirmed,36730,7.99,6,34.0447,-117.7289,2026-05-06,,488,70.33,2026-05-05T03:25:00Z,2026-05-05T16:30:00Z
2319,43,processing,55080,14.99,11,46.9866,-121.6488,2026-05-07,,499,84.38,2026-05-05T03:20:00Z,2026-05-05T16:30:00Z
2320,62,cancelled,49640,24.99,4,33.434,-112.3414,2026-05-08,,510,86.03,2026-05-05T03:15:00Z,2026-05-05T16:30:00Z
2321,81,confirmed,25020,0,9,36.0628,-78.7021,2026-05-09,,521,63.07,2026-05-05T03:10:00Z,2026-05-05T16:30:00Z
2322,100,processing,12605,7.99,2,42.4592,-87.9122,2026-05-10,,532,45.73,2026-05-05T03:05:00Z,2026-05-05T16:30:00Z
2323,119,shipped,43100,14.99,7,40.8273,-74.4913,2026-05-11,,543,58.56,2026-05-05T03:00:00Z,2026-05-05T16:30:00Z
2324,138,delivered,49200,24.99,12,33.9482,-84.4723,2026-05-12,2026-05-05,554,86.78,2026-05-05T02:55:00Z,2026-05-05T16:30:00Z
2325,157,pending,27770,0,5,37.6202,-121.2676,2026-05-06,,565,92.74,2026-05-05T02:50:00Z,2026-05-05T16:30:00Z
2326,176,confirmed,32044,7.99,10,39.1375,-104.7106,2026-05-07,,576,49.86,2026-05-05T02:45:00Z,2026-05-05T16:30:00Z
2327,195,processing,33550,14.99,3,32.4498,-97.1806,2026-05-08,,587,92.03,2026-05-05T02:40:00Z,2026-05-05T16:30:00Z
2328,214,cancelled,29480,24.99,8,25.9086,-80.5241,2026-05-09,,598,58.1,2026-05-05T02:35:00Z,2026-05-05T16:30:00Z
2329,233,confirmed,80400,0,1,41.9026,-70.7149,2026-05-10,,609,48.34,2026-05-05T02:30:00Z,2026-05-05T16:30:00Z
2330,252,processing,31700,7.99,6,33.6383,-117.8625,2026-05-11,,620,93.5,2026-05-05T02:25:00Z,2026-05-05T16:30:00Z
2331,271,shipped,19850,14.99,11,47.9111,-123.0268,2026-05-12,,631,49.3,2026-05-05T02:20:00Z,2026-05-05T16:30:00Z
2332,290,delivered,48400,24.99,4,34.1364,-112.0422,2026-05-06,2026-05-05,642,73.08,2026-05-05T02:15:00Z,2026-05-05T16:30:00Z
2333,309,pending,46700,0,9,35.4991,-79.0518,2026-05-07,,653,93.4,2026-05-05T02:10:00Z,2026-05-05T16:30:00Z
2334,328,confirmed,36750,7.99,2,42.1712,-87.0857,2026-05-08,,664,83.87,2026-05-05T02:05:00Z,2026-05-05T16:30:00Z
2335,347,processing,29400,14.99,7,40.7357,-73.391,2026-05-09,,675,89.39,2026-05-05T02:00:00Z,2026-05-05T16:30:00Z
2336,366,cancelled,10540,24.99,12,34.2195,-84.8983,2026-05-10,,686,41.74,2026-05-05T01:55:00Z,2026-05-05T16:30:00Z
2337,385,confirmed,39010,0,5,36.8374,-121.5583,2026-05-11,,697,61.83,2026-05-05T01:50:00Z,2026-05-05T16:30:00Z
2338,404,processing,26720,7.99,10,39.8615,-104.6935,2026-05-12,,708,95.09,2026-05-05T01:45:00Z,2026-05-05T16:30:00Z
2339,423,shipped,49750,14.99,3,32.3852,-97.1601,2026-05-06,,719,41.15,2026-05-05T01:40:00Z,2026-05-05T16:30:00Z
2340,442,delivered,60000,24.99,8,25.213,-80.8093,2026-05-07,2026-05-05,730,90.45,2026-05-05T01:35:00Z,2026-05-05T16:30:00Z
2341,461,pending,18895,0,,41.8151,-70.4177,2026-05-08,,741,36.09,2026-05-05T01:30:00Z,2026-05-05T16:30:00Z
2342,480,confirmed,27220,7.99,6,34.1418,-118.2158,2026-05-09,,752,57.2,2026-05-05T01:25:00Z,2026-05-05T16:30:00Z
2343,499,processing,93450,14.99,11,47.8127,-122.7998,2026-05-10,,763,48.23,2026-05-05T01:20:00Z,2026-05-05T16:30:00Z
2344,518,cancelled,39940,24.99,4,33.405,-112.1978,2026-05-11,,774,73,2026-05-05T01:15:00Z,2026-05-05T16:30:00Z
2345,537,confirmed,19548,0,9,36.3889,-78.3937,2026-05-12,,785,56.35,2026-05-05T01:10:00Z,2026-05-05T16:30:00Z
2346,556,processing,68250,7.99,2,42.3862,-87.0536,2026-05-06,,796,65.04,2026-05-05T01:05:00Z,2026-05-05T16:30:00Z
2347,575,shipped,35140,14.99,7,40.4569,-74.4131,2026-05-07,,807,63.79,2026-05-05T01:00:00Z,2026-05-05T16:30:00Z
2348,594,delivered,29220,24.99,12,33.493,-84.8826,2026-05-08,2026-05-05,818,72.41,2026-05-05T00:55:00Z,2026-05-05T16:30:00Z
2349,613,pending,6760,0,5,37.9153,-122.0201,2026-05-09,,829,84.37,2026-05-05T00:50:00Z,2026-05-05T16:30:00Z
2350,632,confirmed,39540,7.99,10,39.8729,-104.6815,2026-05-10,,840,82.95,2026-05-05T00:45:00Z,2026-05-05T16:30:00Z
2351,651,processing,30170,14.99,3,32.1791,-96.4121,2026-05-11,,851,84.24,2026-05-05T00:40:00Z,2026-05-05T16:30:00Z
2352,670,cancelled,36100,24.99,8,25.0637,-79.6595,2026-05-12,,862,82.74,2026-05-05T00:35:00Z,2026-05-05T16:30:00Z
2353,689,confirmed,33250,0,1,42.7179,-71.2815,2026-05-06,,873,38.57,2026-05-05T00:30:00Z,2026-05-05T16:30:00Z
2354,708,processing,25580,7.99,6,34.2127,-117.593,2026-05-07,,884,37.13,2026-05-05T00:25:00Z,2026-05-05T16:30:00Z
2355,727,shipped,33500,14.99,11,47.0795,-122.1193,2026-05-08,,895,66.01,2026-05-05T00:20:00Z,2026-05-05T16:30:00Z
2356,746,delivered,25220,24.99,4,34.023,-111.4676,2026-05-09,2026-05-05,906,72.26,2026-05-05T00:15:00Z,2026-05-05T16:30:00Z
2357,765,pending,78500,0,9,35.2646,-79.3241,2026-05-10,,917,69.69,2026-05-05T00:10:00Z,2026-05-05T16:30:00Z
2358,784,confirmed,12842,7.99,2,41.4311,-87.2617,2026-05-11,,928,80.57,2026-05-05T00:05:00Z,2026-05-05T16:30:00Z
2359,803,processing,62460,14.99,7,40.3878,-74.1924,2026-05-12,,939,71.2,2026-05-05T00:00:00Z,2026-05-05T16:30:00Z
2360,822,cancelled,37760,24.99,12,33.6665,-84.0696,2026-05-06,,950,39.93,2026-05-04T23:55:00Z,2026-05-05T16:30:00Z
2361,841,confirmed,34790,0,5,36.963,-121.2421,2026-05-07,,961,64.24,2026-05-04T23:50:00Z,2026-05-05T16:30:00Z
2362,860,processing,67000,7.99,10,40.3082,-104.9557,2026-05-08,,972,55.25,2026-05-04T23:45:00Z,2026-05-05T16:30:00Z
2363,879,shipped,24900,14.99,3,32.7992,-96.8038,2026-05-09,,983,43.38,2026-05-04T23:40:00Z,2026-05-05T16:30:00Z
2364,898,delivered,24600,24.99,8,25.6362,-80.1779,2026-05-10,2026-05-05,994,79.52,2026-05-04T23:35:00Z,2026-05-05T16:30:00Z
2365,917,pending,31400,0,,42.8049,-71.3904,2026-05-11,,1005,53.62,2026-05-04T23:30:00Z,2026-05-05T16:30:00Z
2366,936,confirmed,21210,7.99,6,34.696,-118.7456,2026-05-12,,1016,48.95,2026-05-04T23:25:00Z,2026-05-05T16:30:00Z
2367,955,processing,34010,14.99,11,47.8543,-122.4067,2026-05-06,,1027,47.03,2026-05-04T23:20:00Z,2026-05-05T16:30:00Z
2368,974,cancelled,10360,24.99,4,33.8198,-111.9132,2026-05-07,,1038,49.4,2026-05-04T23:15:00Z,2026-05-05T16:30:00Z
2369,993,confirmed,7620,0,9,36.2755,-78.5743,2026-05-08,,1049,54.77,2026-05-04T23:10:00Z,2026-05-05T16:30:00Z
2370,1012,processing,46000,7.99,2,41.7733,-88.2909,2026-05-09,,1060,63.56,2026-05-04T23:05:00Z,2026-05-05T16:30:00Z
2371,1031,shipped,28900,14.99,7,40.9921,-73.833,2026-05-10,,1071,36.9,2026-05-04T23:00:00Z,2026-05-05T16:30:00Z
2372,1050,delivered,50520,24.99,12,33.7744,-84.3115,2026-05-11,2026-05-05,1082,74.93,2026-05-04T22:55:00Z,2026-05-05T16:30:00Z
2373,1069,pending,27400,0,5,37.82,-122.2456,2026-05-12,,1093,95.19,2026-05-04T22:50:00Z,2026-05-05T16:30:00Z
2374,1088,confirmed,49460,7.99,10,39.219,-105.2459,2026-05-06,,1104,63.01,2026-05-04T22:45:00Z,2026-05-05T16:30:00Z
2375,1107,processing,61700,14.99,3,33.1458,-97.0372,2026-05-07,,1115,70.37,2026-05-04T22:40:00Z,2026-05-05T16:30:00Z
2376,1126,cancelled,98300,24.99,8,26.152,-79.8544,2026-05-08,,1126,52.11,2026-05-04T22:35:00Z,2026-05-05T16:30:00Z
2377,1145,confirmed,15970,0,1,42.1298,-71.2265,2026-05-09,,1137,71.51,2026-05-04T22:30:00Z,2026-05-05T16:30:00Z
2378,1164,processing,36730,7.99,6,33.4902,-117.8391,2026-05-10,,1148,86.92,2026-05-04T22:25:00Z,2026-05-05T16:30:00Z
2379,1183,shipped,55080,14.99,11,47.3863,-122.1199,2026-05-11,,1159,80.13,2026-05-04T22:20:00Z,2026-05-05T16:30:00Z
2380,1202,delivered,49640,24.99,4,33.1696,-112.4956,2026-05-12,2026-05-05,1170,46.34,2026-05-04T22:15:00Z,2026-05-05T16:30:00Z
2381,1221,pending,25020,0,9,36.2809,-78.0836,2026-05-06,,1181,56.68,2026-05-04T22:10:00Z,2026-05-05T16:30:00Z
2382,1240,confirmed,12605,7.99,2,41.254,-87.4253,2026-05-07,,1192,80.07,2026-05-04T22:05:00Z,2026-05-05T16:30:00Z
2383,1259,processing,43100,14.99,7,40.7911,-73.8298,2026-05-08,,1203,49.14,2026-05-04T22:00:00Z,2026-05-05T16:30:00Z
2384,1278,cancelled,49200,24.99,12,33.5382,-84.3688,2026-05-09,,1214,41.44,2026-05-04T21:55:00Z,2026-05-05T16:30:00Z
2385,1297,confirmed,27770,0,5,36.7765,-122.016,2026-05-10,,1225,69.94,2026-05-04T21:50:00Z,2026-05-05T16:30:00Z
2386,1316,processing,32044,7.99,10,39.2939,-105.453,2026-05-11,,1236,84.35,2026-05-04T21:45:00Z,2026-05-05T16:30:00Z
2387,1335,shipped,33550,14.99,3,32.8484,-96.1311,2026-05-12,,1247,89.01,2026-05-04T21:40:00Z,2026-05-05T16:30:00Z
2388,1354,delivered,29480,24.99,8,25.8973,-79.8604,2026-05-06,2026-05-05,1258,44.33,2026-05-04T21:35:00Z,2026-05-05T16:30:00Z
2389,1373,pending,80400,0,,42.3892,-70.9165,2026-05-07,,1269,81.18,2026-05-04T21:30:00Z,2026-05-05T16:30:00Z
2390,1392,confirmed,31700,7.99,6,34.6259,-117.8522,2026-05-08,,1280,35.25,2026-05-04T21:25:00Z,2026-05-05T16:30:00Z
2391,1411,processing,19850,14.99,11,47.8751,-122.0652,2026-05-09,,1291,47.54,2026-05-04T21:20:00Z,2026-05-05T16:30:00Z
2392,1430,cancelled,48400,24.99,4,33.8175,-111.896,2026-05-10,,1302,61.67,2026-05-04T21:15:00Z,2026-05-05T16:30:00Z
2393,1449,confirmed,46700,0,9,36.1125,-78.5379,2026-05-11,,1313,75.63,2026-05-04T21:10:00Z,2026-05-05T16:30:00Z
2394,1468,processing,36750,7.99,2,41.3982,-87.4495,2026-05-12,,1324,97.47,2026-05-04T21:05:00Z,2026-05-05T16:30:00Z
2395,1487,shipped,29400,14.99,7,40.0439,-73.984,2026-05-06,,1335,71.84,2026-05-04T21:00:00Z,2026-05-05T16:30:00Z
2396,1506,delivered,10540,24.99,12,33.4401,-84.5607,2026-05-07,2026-05-05,1346,45.6,2026-05-04T20:55:00Z,2026-05-05T16:30:00Z
2397,1525,pending,39010,0,5,37.1208,-121.9621,2026-05-08,,1357,69.11,2026-05-04T20:50:00Z,2026-05-05T16:30:00Z
2398,1544,confirmed,26720,7.99,10,39.3712,-105.309,2026-05-09,,1368,35.68,2026-05-04T20:45:00Z,2026-05-05T16:30:00Z
2399,1563,processing,49750,14.99,3,33.4272,-96.1609,2026-05-10,,1379,56.7,2026-05-04T20:40:00Z,2026-05-05T16:30:00Z
2400,1582,cancelled,60000,24.99,8,26.1252,-79.9407,2026-05-11,,1390,68.79,2026-05-04T20:35:00Z,2026-05-05T16:30:00Z
2401,1601,confirmed,18895,0,1,41.6607,-70.5202,2026-05-12,,1401,82.5,2026-05-04T20:30:00Z,2026-05-05T16:30:00Z
2402,1620,processing,27220,7.99,6,33.7537,-117.6981,2026-05-06,,1412,39.93,2026-05-04T20:25:00Z,2026-05-05T16:30:00Z
2403,1639,shipped,93450,14.99,11,48.0557,-122.1024,2026-05-07,,1423,74.87,2026-05-04T20:20:00Z,2026-05-05T16:30:00Z
2404,1658,delivered,39940,24.99,4,33.5654,-112.1452,2026-05-08,2026-05-05,1434,39.53,2026-05-04T20:15:00Z,2026-05-05T16:30:00Z
2405,1677,pending,19548,0,9,36.1683,-78.157,2026-05-09,,1445,87.8,2026-05-04T20:10:00Z,2026-05-05T16:30:00Z
2406,1696,confirmed,68250,7.99,2,41.7471,-87.7284,2026-05-10,,1456,69.16,2026-05-04T20:05:00Z,2026-05-05T16:30:00Z
2407,1715,processing,35140,14.99,7,40.2754,-74.4989,2026-05-11,,1467,87.73,2026-05-04T20:00:00Z,2026-05-05T16:30:00Z
2408,1734,cancelled,29220,24.99,12,33.5385,-84.9472,2026-05-12,,1478,81.65,2026-05-04T19:55:00Z,2026-05-05T16:30:00Z
2409,1753,confirmed,6760,0,5,37.3159,-122.1734,2026-05-06,,1489,89.44,2026-05-04T19:50:00Z,2026-05-05T16:30:00Z
2410,1772,processing,39540,7.99,10,39.7187,-105.0571,2026-05-07,,1500,85.06,2026-05-04T19:45:00Z,2026-05-05T16:30:00Z
2411,1791,shipped,30170,14.99,3,33.1652,-96.4699,2026-05-08,,1511,57.84,2026-05-04T19:40:00Z,2026-05-05T16:30:00Z
2412,1810,delivered,36100,24.99,8,25.9719,-80.2155,2026-05-09,2026-05-05,1522,84.02,2026-05-04T19:35:00Z,2026-05-05T16:30:00Z
2413,1829,pending,33250,0,,42.6965,-71.2996,2026-05-10,,1533,51.85,2026-05-04T19:30:00Z,2026-05-05T16:30:00Z
2414,1848,confirmed,25580,7.99,6,34.5791,-118.4948,2026-05-11,,1544,91.35,2026-05-04T19:25:00Z,2026-05-05T16:30:00Z
2415,1867,processing,33500,14.99,11,48.2749,-122.0154,2026-05-12,,1555,63.35,2026-05-04T19:20:00Z,2026-05-05T16:30:00Z
2416,1886,cancelled,25220,24.99,4,33.1399,-112.5377,2026-05-06,,1566,71.13,2026-05-04T19:15:00Z,2026-05-05T16:30:00Z
2417,1905,confirmed,78500,0,9,36.0245,-78.1027,2026-05-07,,1577,80.92,2026-05-04T19:10:00Z,2026-05-05T16:30:00Z
2418,1924,processing,12842,7.99,2,41.5527,-88.3222,2026-05-08,,1588,35.44,2026-05-04T19:05:00Z,2026-05-05T16:30:00Z
2419,1943,shipped,62460,14.99,7,40.6399,-74.1997,2026-05-09,,1599,95.3,2026-05-04T19:00:00Z,2026-05-05T16:30:00Z
2420,1962,delivered,37760,24.99,12,34.1452,-84.0594,2026-05-10,2026-05-05,1610,60.26,2026-05-04T18:55:00Z,2026-05-05T16:30:00Z
2421,1981,pending,34790,0,5,37.9645,-122.3196,2026-05-11,,1621,48.88,2026-05-04T18:50:00Z,2026-05-05T16:30:00Z
2422,2000,confirmed,67000,7.99,10,39.9,-105.1343,2026-05-12,,1632,56.66,2026-05-04T18:45:00Z,2026-05-05T16:30:00Z
2423,19,processing,24900,14.99,3,48.2442,-121.9951,2026-05-06,,1643,70.17,2026-05-04T18:40:00Z,2026-05-05T16:30:00Z
2424,38,cancelled,24600,24.99,8,33.9442,-112.2785,2026-05-07,,1654,40.92,2026-05-04T18:35:00Z,2026-05-05T16:30:00Z
2425,57,confirmed,31400,0,1,35.3218,-78.9282,2026-05-08,,1665,43.12,2026-05-04T18:30:00Z,2026-05-05T16:30:00Z
2426,76,processing,21210,7.99,6,41.9992,-87.2469,2026-05-09,,1676,58.39,2026-05-04T18:25:00Z,2026-05-05T16:30:00Z
2427,95,shipped,34010,14.99,11,40.241,-73.9658,2026-05-10,,1687,82.79,2026-05-04T18:20:00Z,2026-05-05T16:30:00Z
2428,114,delivered,10360,24.99,4,34.0802,-83.905,2026-05-11,2026-05-05,1698,53.9,2026-05-04T18:15:00Z,2026-05-05T16:30:00Z
2429,133,pending,7620,0,9,36.6427,-121.6031,2026-05-12,,1709,79.13,2026-05-04T18:10:00Z,2026-05-05T16:30:00Z
2430,152,confirmed,46000,7.99,2,39.5486,-104.9949,2026-05-06,,1720,51.53,2026-05-04T18:05:00Z,2026-05-05T16:30:00Z
2431,171,processing,28900,14.99,7,33.1251,-96.1911,2026-05-07,,1731,42.18,2026-05-04T18:00:00Z,2026-05-05T16:30:00Z
2432,190,cancelled,50520,24.99,12,26.009,-80.6059,2026-05-08,,1742,86.23,2026-05-04T17:55:00Z,2026-05-05T16:30:00Z
2433,209,confirmed,27400,0,5,42.9586,-71.6155,2026-05-09,,1753,67.99,2026-05-04T17:50:00Z,2026-05-05T16:30:00Z
2434,228,processing,49460,7.99,10,33.4074,-118.1915,2026-05-10,,1764,60.15,2026-05-04T17:45:00Z,2026-05-05T16:30:00Z
2435,247,shipped,61700,14.99,3,47.4598,-122.2636,2026-05-11,,1775,40.97,2026-05-04T17:40:00Z,2026-05-05T16:30:00Z
2436,266,delivered,98300,24.99,8,33.8647,-112.5433,2026-05-12,2026-05-05,1786,53.17,2026-05-04T17:35:00Z,2026-05-05T16:30:00Z
2437,285,pending,15970,0,,35.5153,-79.2425,2026-05-06,,1797,42.12,2026-05-04T17:30:00Z,2026-05-05T16:30:00Z
2438,304,confirmed,36730,7.99,6,42.0204,-88.0836,2026-05-07,,1808,57.38,2026-05-04T17:25:00Z,2026-05-05T16:30:00Z
2439,323,processing,55080,14.99,11,41.2018,-73.8928,2026-05-08,,1819,76.4,2026-05-04T17:20:00Z,2026-05-05T16:30:00Z
2440,342,cancelled,49640,24.99,4,34.005,-84.1265,2026-05-09,,1830,68.03,2026-05-04T17:15:00Z,2026-05-05T16:30:00Z
2441,361,confirmed,25020,0,9,37.1596,-122.5154,2026-05-10,,1841,91.69,2026-05-04T17:10:00Z,2026-05-05T16:30:00Z
2442,380,processing,12605,7.99,2,39.835,-104.3494,2026-05-11,,1852,89.12,2026-05-04T17:05:00Z,2026-05-05T16:30:00Z
2443,399,shipped,43100,14.99,7,32.5135,-96.2676,2026-05-12,,1863,63.21,2026-05-04T17:00:00Z,2026-05-05T16:30:00Z
2444,418,delivered,49200,24.99,12,25.4383,-79.9707,2026-05-06,2026-05-05,1874,90.51,2026-05-04T16:55:00Z,2026-05-05T16:30:00Z
2445,437,pending,27770,0,5,42.66,-70.9741,2026-05-07,,1885,45.53,2026-05-04T16:50:00Z,2026-05-05T16:30:00Z
2446,456,confirmed,32044,7.99,10,34.2218,-118.3421,2026-05-08,,1896,38.16,2026-05-04T16:45:00Z,2026-05-05T16:30:00Z
2447,475,processing,33550,14.99,3,47.9492,-122.0808,2026-05-09,,1907,44.05,2026-05-04T16:40:00Z,2026-05-05T16:30:00Z
2448,494,cancelled,29480,24.99,8,33.6122,-112.6346,2026-05-10,,1918,61.82,2026-05-04T16:35:00Z,2026-05-05T16:30:00Z
2449,513,confirmed,80400,0,1,35.8325,-79.0759,2026-05-11,,1929,66.68,2026-05-04T16:30:00Z,2026-05-05T16:30:00Z
2450,532,processing,31700,7.99,6,42.2603,-88.1558,2026-05-12,,1940,50.59,2026-05-04T16:25:00Z,2026-05-05T16:30:00Z
2451,551,shipped,19850,14.99,11,41.1967,-73.9783,2026-05-06,,1951,49.95,2026-05-04T16:20:00Z,2026-05-05T16:30:00Z
2452,570,delivered,48400,24.99,4,33.6587,-84.0645,2026-05-07,2026-05-05,1962,81.75,2026-05-04T16:15:00Z,2026-05-05T16:30:00Z
2453,589,pending,46700,0,9,36.9861,-121.7824,2026-05-08,,1973,39.76,2026-05-04T16:10:00Z,2026-05-05T16:30:00Z
2454,608,confirmed,36750,7.99,2,40.3616,-104.558,2026-05-09,,1984,77.39,2026-05-04T16:05:00Z,2026-05-05T16:30:00Z
2455,627,processing,29400,14.99,7,32.8116,-96.3065,2026-05-10,,1995,92.81,2026-05-04T16:00:00Z,2026-05-05T16:30:00Z
2456,646,cancelled,10540,24.99,12,25.8066,-80.3255,2026-05-11,,2006,83.72,2026-05-04T15:55:00Z,2026-05-05T16:30:00Z
2457,665,confirmed,39010,0,5,42.5503,-70.8383,2026-05-12,,2017,40.16,2026-05-04T15:50:00Z,2026-05-05T16:30:00Z
2458,684,processing,26720,7.99,10,34.3542,-117.6542,2026-05-06,,2028,96.08,2026-05-04T15:45:00Z,2026-05-05T16:30:00Z
2459,703,shipped,49750,14.99,3,47.1751,-122.0915,2026-05-07,,2039,67.43,2026-05-04T15:40:00Z,2026-05-05T16:30:00Z
2460,722,delivered,60000,24.99,8,33.0061,-112.6509,2026-05-08,2026-05-04,2050,56.22,2026-05-04T15:35:00Z,2026-05-05T16:30:00Z
2461,741,pending,18895,0,,36.3615,-78.9089,2026-05-09,,2061,77.01,2026-05-04T15:30:00Z,2026-05-05T16:30:00Z
2462,760,confirmed,27220,7.99,6,41.3903,-86.9534,2026-05-10,,2072,96.96,2026-05-04T15:25:00Z,2026-05-05T16:30:00Z
2463,779,processing,93450,14.99,11,41.2453,-74.36,2026-05-11,,2083,80.88,2026-05-04T15:20:00Z,2026-05-05T16:30:00Z
2464,798,cancelled,39940,24.99,4,34.0559,-84.7711,2026-05-12,,2094,90.6,2026-05-04T15:15:00Z,2026-05-05T16:30:00Z
2465,817,confirmed,19548,0,9,36.644,-122.1588,2026-05-06,,2105,66.82,2026-05-04T15:10:00Z,2026-05-05T16:30:00Z
2466,836,processing,68250,7.99,2,39.8838,-104.3644,2026-05-07,,2116,94.45,2026-05-04T15:05:00Z,2026-05-05T16:30:00Z
2467,855,shipped,35140,14.99,7,32.2628,-96.9838,2026-05-08,,2127,59.15,2026-05-04T15:00:00Z,2026-05-05T16:30:00Z
2468,874,delivered,29220,24.99,12,25.2036,-79.6252,2026-05-09,2026-05-04,2138,64.21,2026-05-04T14:55:00Z,2026-05-05T16:30:00Z
2469,893,pending,6760,0,5,42.8544,-70.6162,2026-05-10,,2149,84.33,2026-05-04T14:50:00Z,2026-05-05T16:30:00Z
2470,912,confirmed,39540,7.99,10,34.5005,-118.6832,2026-05-11,,2160,50.84,2026-05-04T14:45:00Z,2026-05-05T16:30:00Z
2471,931,processing,30170,14.99,3,48.078,-122.5319,2026-05-12,,2171,54.27,2026-05-04T14:40:00Z,2026-05-05T16:30:00Z
2472,950,cancelled,36100,24.99,8,33.8206,-111.9062,2026-05-06,,2182,43.47,2026-05-04T14:35:00Z,2026-05-05T16:30:00Z
2473,969,confirmed,33250,0,1,35.6504,-78.6705,2026-05-07,,2193,44.32,2026-05-04T14:30:00Z,2026-05-05T16:30:00Z
2474,988,processing,25580,7.99,6,42.5424,-88.1924,2026-05-08,,2204,49.69,2026-05-04T14:25:00Z,2026-05-05T16:30:00Z
2475,1007,shipped,33500,14.99,11,40.086,-73.8896,2026-05-09,,2215,84.96,2026-05-04T14:20:00Z,2026-05-05T16:30:00Z
2476,1026,delivered,25220,24.99,4,33.0828,-83.8284,2026-05-10,2026-05-04,2226,57.97,2026-05-04T14:15:00Z,2026-05-05T16:30:00Z
2477,1045,pending,78500,0,9,37.9442,-121.2864,2026-05-11,,2237,69.67,2026-05-04T14:10:00Z,2026-05-05T16:30:00Z
2478,1064,confirmed,12842,7.99,2,39.8835,-105.4298,2026-05-12,,2248,64.68,2026-05-04T14:05:00Z,2026-05-05T16:30:00Z
2479,1083,processing,62460,14.99,7,33.0523,-97.4618,2026-05-06,,2259,35.96,2026-05-04T14:00:00Z,2026-05-05T16:30:00Z
2480,1102,cancelled,37760,24.99,12,26.3559,-80.2231,2026-05-07,,2270,71.85,2026-05-04T13:55:00Z,2026-05-05T16:30:00Z
2481,1121,confirmed,34790,0,5,42.677,-71.7516,2026-05-08,,2281,90.94,2026-05-04T13:50:00Z,2026-05-05T16:30:00Z
2482,1140,processing,67000,7.99,10,33.4488,-118.6099,2026-05-09,,2292,48.84,2026-05-04T13:45:00Z,2026-05-05T16:30:00Z
2483,1159,shipped,24900,14.99,3,47.8448,-122.5691,2026-05-10,,2303,50.35,2026-05-04T13:40:00Z,2026-05-05T16:30:00Z
2484,1178,delivered,24600,24.99,8,33.2974,-112.5174,2026-05-11,2026-05-04,2314,94.92,2026-05-04T13:35:00Z,2026-05-05T16:30:00Z
2485,1197,pending,31400,0,,35.3313,-78.6953,2026-05-12,,2325,52.83,2026-05-04T13:30:00Z,2026-05-05T16:30:00Z
2486,1216,confirmed,21210,7.99,6,42.2055,-86.9387,2026-05-06,,2336,81.01,2026-05-04T13:25:00Z,2026-05-05T16:30:00Z
2487,1235,processing,34010,14.99,11,40.1478,-73.8696,2026-05-07,,2347,66.43,2026-05-04T13:20:00Z,2026-05-05T16:30:00Z
2488,1254,cancelled,10360,24.99,4,33.1651,-83.7498,2026-05-08,,2358,77.95,2026-05-04T13:15:00Z,2026-05-05T16:30:00Z
2489,1273,confirmed,7620,0,9,37.0411,-121.4926,2026-05-09,,2369,41.71,2026-05-04T13:10:00Z,2026-05-05T16:30:00Z
2490,1292,processing,46000,7.99,2,40.0561,-105.3122,2026-05-10,,2380,61.42,2026-05-04T13:05:00Z,2026-05-05T16:30:00Z
2491,1311,shipped,28900,14.99,7,33.3109,-96.1716,2026-05-11,,2391,69.4,2026-05-04T13:00:00Z,2026-05-05T16:30:00Z
2492,1330,delivered,50520,24.99,12,26.1327,-80.3391,2026-05-12,2026-05-04,2402,96.78,2026-05-04T12:55:00Z,2026-05-05T16:30:00Z
2493,1349,pending,27400,0,5,42.4776,-71.6973,2026-05-06,,2413,40.09,2026-05-04T12:50:00Z,2026-05-05T16:30:00Z
2494,1368,confirmed,49460,7.99,10,34.1194,-118.9384,2026-05-07,,2424,53.03,2026-05-04T12:45:00Z,2026-05-05T16:30:00Z
2495,1387,processing,61700,14.99,3,47.0004,-121.8789,2026-05-08,,2435,75.73,2026-05-04T12:40:00Z,2026-05-05T16:30:00Z
2496,1406,cancelled,98300,24.99,8,33.84,-111.634,2026-05-09,,2446,54.87,2026-05-04T12:35:00Z,2026-05-05T16:30:00Z
2497,1425,confirmed,15970,0,1,35.7401,-78.6712,2026-05-10,,2457,58.04,2026-05-04T12:30:00Z,2026-05-05T16:30:00Z
2498,1444,processing,36730,7.99,6,41.4272,-87.6248,2026-05-11,,2468,79.15,2026-05-04T12:25:00Z,2026-05-05T16:30:00Z
2499,1463,shipped,55080,14.99,11,41.304,-74.4576,2026-05-12,,2479,56.17,2026-05-04T12:20:00Z,2026-05-05T16:30:00Z
2500,1482,delivered,49640,24.99,4,33.3823,-83.9158,2026-05-06,2026-05-04,2490,63.15,2026-05-04T12:15:00Z,2026-05-05T16:30:00Z
2501,1501,pending,25020,0,9,37.8326,-122.1456,2026-05-07,,2501,83.57,2026-05-04T12:10:00Z,2026-05-05T16:30:00Z
2502,1520,confirmed,12605,7.99,2,40.3892,-104.4094,2026-05-08,,2512,41.29,2026-05-04T12:05:00Z,2026-05-05T16:30:00Z
2503,1539,processing,43100,14.99,7,32.1405,-97.0351,2026-05-09,,2523,74.21,2026-05-04T12:00:00Z,2026-05-05T16:30:00Z
2504,1558,cancelled,49200,24.99,12,25.2742,-79.5588,2026-05-10,,2534,58.12,2026-05-04T11:55:00Z,2026-05-05T16:30:00Z
2505,1577,confirmed,27770,0,5,41.9722,-70.833,2026-05-11,,2545,71.08,2026-05-04T11:50:00Z,2026-05-05T16:30:00Z
2506,1596,processing,32044,7.99,10,34.3256,-117.9312,2026-05-12,,2556,56.81,2026-05-04T11:45:00Z,2026-05-05T16:30:00Z
2507,1615,shipped,33550,14.99,3,47.9523,-122.1433,2026-05-06,,2567,63.72,2026-05-04T11:40:00Z,2026-05-05T16:30:00Z
2508,1634,delivered,29480,24.99,8,33.5801,-112.6858,2026-05-07,2026-05-04,2578,86.1,2026-05-04T11:35:00Z,2026-05-05T16:30:00Z
2509,1653,pending,80400,0,,35.5331,-78.1043,2026-05-08,,2589,51.04,2026-05-04T11:30:00Z,2026-05-05T16:30:00Z
2510,1672,confirmed,31700,7.99,6,42.3582,-88.3281,2026-05-09,,2600,40.48,2026-05-04T11:25:00Z,2026-05-05T16:30:00Z
2511,1691,processing,19850,14.99,11,40.1612,-73.578,2026-05-10,,2611,37.55,2026-05-04T11:20:00Z,2026-05-05T16:30:00Z
2512,1710,cancelled,48400,24.99,4,33.6008,-84.2423,2026-05-11,,2622,52.37,2026-05-04T11:15:00Z,2026-05-05T16:30:00Z
2513,1729,confirmed,46700,0,9,37.9263,-121.2496,2026-05-12,,2633,97.64,2026-05-04T11:10:00Z,2026-05-05T16:30:00Z
2514,1748,processing,36750,7.99,2,39.1341,-104.4298,2026-05-06,,2644,35.07,2026-05-04T11:05:00Z,2026-05-05T16:30:00Z
2515,1767,shipped,29400,14.99,7,32.0824,-97.2646,2026-05-07,,2655,36.63,2026-05-04T11:00:00Z,2026-05-05T16:30:00Z
2516,1786,delivered,10540,24.99,12,25.4163,-80.4813,2026-05-08,2026-05-04,2666,64.79,2026-05-04T10:55:00Z,2026-05-05T16:30:00Z
2517,1805,pending,39010,0,5,42.3035,-70.6186,2026-05-09,,2677,40.31,2026-05-04T10:50:00Z,2026-05-05T16:30:00Z
2518,1824,confirmed,26720,7.99,10,33.5832,-117.6785,2026-05-10,,2688,83.52,2026-05-04T10:45:00Z,2026-05-05T16:30:00Z
2519,1843,processing,49750,14.99,3,47.2719,-122.7234,2026-05-11,,2699,67.9,2026-05-04T10:40:00Z,2026-05-05T16:30:00Z
2520,1862,cancelled,60000,24.99,8,32.9341,-111.6851,2026-05-12,,2710,52.88,2026-05-04T10:35:00Z,2026-05-05T16:30:00Z
2521,1881,confirmed,18895,0,1,35.876,-78.2498,2026-05-06,,2721,45.73,2026-05-04T10:30:00Z,2026-05-05T16:30:00Z
2522,1900,processing,27220,7.99,6,42.3439,-87.3747,2026-05-07,,2732,52.21,2026-05-04T10:25:00Z,2026-05-05T16:30:00Z
2523,1919,shipped,93450,14.99,11,40.4318,-74.4438,2026-05-08,,2743,81.31,2026-05-04T10:20:00Z,2026-05-05T16:30:00Z
2524,1938,delivered,39940,24.99,4,33.7013,-83.9526,2026-05-09,2026-05-04,2754,35.18,2026-05-04T10:15:00Z,2026-05-05T16:30:00Z
2525,1957,pending,19548,0,9,36.9476,-121.9958,2026-05-10,,2765,97.9,2026-05-04T10:10:00Z,2026-05-05T16:30:00Z
2526,1976,confirmed,68250,7.99,2,40.0958,-105.3563,2026-05-11,,2776,95.28,2026-05-04T10:05:00Z,2026-05-05T16:30:00Z
2527,1995,processing,35140,14.99,7,32.776,-96.3303,2026-05-12,,2787,38.89,2026-05-04T10:00:00Z,2026-05-05T16:30:00Z
2528,14,cancelled,29220,24.99,12,33.5431,-111.4652,2026-05-06,,2798,69.93,2026-05-04T09:55:00Z,2026-05-05T16:30:00Z
2529,33,confirmed,6760,0,5,36.4247,-78.5749,2026-05-07,,2809,47.85,2026-05-04T09:50:00Z,2026-05-05T16:30:00Z
2530,52,processing,39540,7.99,10,41.9278,-87.7386,2026-05-08,,2820,48.35,2026-05-04T09:45:00Z,2026-05-05T16:30:00Z
2531,71,shipped,30170,14.99,3,40.0671,-73.8695,2026-05-09,,2831,91.3,2026-05-04T09:40:00Z,2026-05-05T16:30:00Z
2532,90,delivered,36100,24.99,8,33.3856,-84.4061,2026-05-10,2026-05-04,2842,87.74,2026-05-04T09:35:00Z,2026-05-05T16:30:00Z
2533,109,pending,33250,0,,36.8288,-121.853,2026-05-11,,2853,87.01,2026-05-04T09:30:00Z,2026-05-05T16:30:00Z
2534,128,confirmed,25580,7.99,6,39.9847,-104.6663,2026-05-12,,2864,56.85,2026-05-04T09:25:00Z,2026-05-05T16:30:00Z
2535,147,processing,33500,14.99,11,32.9838,-97.2243,2026-05-06,,2875,38.98,2026-05-04T09:20:00Z,2026-05-05T16:30:00Z
2536,166,cancelled,25220,24.99,4,26.4133,-80.2761,2026-05-07,,2886,43.88,2026-05-04T09:15:00Z,2026-05-05T16:30:00Z
2537,185,confirmed,78500,0,9,42.8132,-70.9947,2026-05-08,,2897,97.58,2026-05-04T09:10:00Z,2026-05-05T16:30:00Z
2538,204,processing,12842,7.99,2,33.4801,-118.4098,2026-05-09,,2908,36.25,2026-05-04T09:05:00Z,2026-05-05T16:30:00Z
2539,223,shipped,62460,14.99,7,48.0251,-122.3889,2026-05-10,,2919,39.39,2026-05-04T09:00:00Z,2026-05-05T16:30:00Z
2540,242,delivered,37760,24.99,12,33.5612,-111.8492,2026-05-11,2026-05-04,2930,51.1,2026-05-04T08:55:00Z,2026-05-05T16:30:00Z
2541,261,pending,34790,0,5,36.4189,-78.4855,2026-05-12,,2941,37.48,2026-05-04T08:50:00Z,2026-05-05T16:30:00Z
2542,280,confirmed,67000,7.99,10,41.3187,-87.9142,2026-05-06,,2952,95.85,2026-05-04T08:45:00Z,2026-05-05T16:30:00Z
2543,299,processing,24900,14.99,3,40.2047,-73.9224,2026-05-07,,2963,62.81,2026-05-04T08:40:00Z,2026-05-05T16:30:00Z
2544,318,cancelled,24600,24.99,8,33.2381,-84.8334,2026-05-08,,2974,47.05,2026-05-04T08:35:00Z,2026-05-05T16:30:00Z
2545,337,confirmed,31400,0,1,36.6612,-121.9222,2026-05-09,,2985,81.16,2026-05-04T08:30:00Z,2026-05-05T16:30:00Z
2546,356,processing,21210,7.99,6,39.3417,-105.3185,2026-05-10,,2996,89.81,2026-05-04T08:25:00Z,2026-05-05T16:30:00Z
2547,375,shipped,34010,14.99,11,32.5455,-97.4881,2026-05-11,,3007,64.71,2026-05-04T08:20:00Z,2026-05-05T16:30:00Z
2548,394,delivered,10360,24.99,4,26.2771,-80.4206,2026-05-12,2026-05-04,3018,91.15,2026-05-04T08:15:00Z,2026-05-05T16:30:00Z
2549,413,pending,7620,0,9,42.854,-70.4241,2026-05-06,,3029,81.96,2026-05-04T08:10:00Z,2026-05-05T16:30:00Z
2550,432,confirmed,46000,7.99,2,33.4689,-118.5215,2026-05-07,,3040,55.75,2026-05-04T08:05:00Z,2026-05-05T16:30:00Z
2551,451,processing,28900,14.99,7,47.179,-122.0582,2026-05-08,,3051,45.56,2026-05-04T08:00:00Z,2026-05-05T16:30:00Z
2552,470,cancelled,50520,24.99,12,33.6871,-111.6684,2026-05-09,,3062,37.78,2026-05-04T07:55:00Z,2026-05-05T16:30:00Z
2553,489,confirmed,27400,0,5,36.344,-78.1133,2026-05-10,,3073,51.66,2026-05-04T07:50:00Z,2026-05-05T16:30:00Z
2554,508,processing,49460,7.99,10,41.7776,-87.0985,2026-05-11,,3084,57.88,2026-05-04T07:45:00Z,2026-05-05T16:30:00Z
2555,527,shipped,61700,14.99,3,40.9972,-74.0011,2026-05-12,,3095,68.78,2026-05-04T07:40:00Z,2026-05-05T16:30:00Z
2556,546,delivered,98300,24.99,8,34.3317,-84.1197,2026-05-06,2026-05-04,3106,57.62,2026-05-04T07:35:00Z,2026-05-05T16:30:00Z
2557,565,pending,15970,0,,37.2506,-122.4156,2026-05-07,,3117,55.61,2026-05-04T07:30:00Z,2026-05-05T16:30:00Z
2558,584,confirmed,36730,7.99,6,39.6625,-104.7371,2026-05-08,,3128,54.05,2026-05-04T07:25:00Z,2026-05-05T16:30:00Z
2559,603,processing,55080,14.99,11,33.1084,-96.7337,2026-05-09,,3139,83.47,2026-05-04T07:20:00Z,2026-05-05T16:30:00Z
2560,622,cancelled,49640,24.99,4,26.3036,-79.9138,2026-05-10,,3150,62.98,2026-05-04T07:15:00Z,2026-05-05T16:30:00Z
2561,641,confirmed,25020,0,9,43.0356,-70.6621,2026-05-11,,3161,75.49,2026-05-04T07:10:00Z,2026-05-05T16:30:00Z
2562,660,processing,12605,7.99,2,33.3526,-118.2747,2026-05-12,,3172,80.71,2026-05-04T07:05:00Z,2026-05-05T16:30:00Z
2563,679,shipped,43100,14.99,7,48.0238,-122.9756,2026-05-06,,3183,61.52,2026-05-04T07:00:00Z,2026-05-05T16:30:00Z
2564,698,delivered,49200,24.99,12,33.787,-112.6942,2026-05-07,2026-05-04,3194,49.54,2026-05-04T06:55:00Z,2026-05-05T16:30:00Z
2565,717,pending,27770,0,5,35.5184,-78.5964,2026-05-08,,3205,57.44,2026-05-04T06:50:00Z,2026-05-05T16:30:00Z
2566,736,confirmed,32044,7.99,10,42.2065,-87.4922,2026-05-09,,3216,64.7,2026-05-04T06:45:00Z,2026-05-05T16:30:00Z
2567,755,processing,33550,14.99,3,40.5408,-73.3525,2026-05-10,,3227,75.97,2026-05-04T06:40:00Z,2026-05-05T16:30:00Z
2568,774,cancelled,29480,24.99,8,33.9416,-83.8846,2026-05-11,,3238,61.69,2026-05-04T06:35:00Z,2026-05-05T16:30:00Z
2569,793,confirmed,80400,0,1,37.01,-122.45,2026-05-12,,3249,83.65,2026-05-04T06:30:00Z,2026-05-05T16:30:00Z
2570,812,processing,31700,7.99,6,39.6848,-105.2811,2026-05-06,,3260,76.31,2026-05-04T06:25:00Z,2026-05-05T16:30:00Z
2571,831,shipped,19850,14.99,11,32.4954,-96.836,2026-05-07,,3271,97.6,2026-05-04T06:20:00Z,2026-05-05T16:30:00Z
2572,850,delivered,48400,24.99,4,26.0722,-79.8608,2026-05-08,2026-05-04,3282,43.38,2026-05-04T06:15:00Z,2026-05-05T16:30:00Z
2573,869,pending,46700,0,9,42.2816,-71.6719,2026-05-09,,3293,77.18,2026-05-04T06:10:00Z,2026-05-05T16:30:00Z
2574,888,confirmed,36750,7.99,2,33.7369,-118.6512,2026-05-10,,3304,39.99,2026-05-04T06:05:00Z,2026-05-05T16:30:00Z
2575,907,processing,29400,14.99,7,47.6726,-122.546,2026-05-11,,3315,64.4,2026-05-04T06:00:00Z,2026-05-05T16:30:00Z
2576,926,cancelled,10540,24.99,12,32.9999,-112.1749,2026-05-12,,3326,83.98,2026-05-04T05:55:00Z,2026-05-05T16:30:00Z
2577,945,confirmed,39010,0,5,35.79,-79.1437,2026-05-06,,3337,51.99,2026-05-04T05:50:00Z,2026-05-05T16:30:00Z
2578,964,processing,26720,7.99,10,42.5181,-87.0923,2026-05-07,,3348,50.38,2026-05-04T05:45:00Z,2026-05-05T16:30:00Z
2579,983,shipped,49750,14.99,3,40.4119,-73.8161,2026-05-08,,3359,83.11,2026-05-04T05:40:00Z,2026-05-05T16:30:00Z
2580,1002,delivered,60000,24.99,8,33.2911,-84.1203,2026-05-09,2026-05-04,3370,79.85,2026-05-04T05:35:00Z,2026-05-05T16:30:00Z
2581,1021,pending,18895,0,,37.6944,-121.2158,2026-05-10,,3381,91.14,2026-05-04T05:30:00Z,2026-05-05T16:30:00Z
2582,1040,confirmed,27220,7.99,6,39.6755,-104.3863,2026-05-11,,3392,49.45,2026-05-04T05:25:00Z,2026-05-05T16:30:00Z
2583,1059,processing,93450,14.99,11,33.2301,-97.2636,2026-05-12,,3403,57,2026-05-04T05:20:00Z,2026-05-05T16:30:00Z
2584,1078,cancelled,39940,24.99,4,25.3467,-80.0475,2026-05-06,,3414,63.25,2026-05-04T05:15:00Z,2026-05-05T16:30:00Z
2585,1097,confirmed,19548,0,9,41.9278,-71.1346,2026-05-07,,3425,75.33,2026-05-04T05:10:00Z,2026-05-05T16:30:00Z
2586,1116,processing,68250,7.99,2,34.2068,-118.1663,2026-05-08,,3436,40.25,2026-05-04T05:05:00Z,2026-05-05T16:30:00Z
2587,1135,shipped,35140,14.99,7,47.5203,-122.7377,2026-05-09,,3447,86.63,2026-05-04T05:00:00Z,2026-05-05T16:30:00Z
2588,1154,delivered,29220,24.99,12,32.7868,-111.8943,2026-05-10,2026-05-04,3458,58.84,2026-05-04T04:55:00Z,2026-05-05T16:30:00Z
2589,1173,pending,6760,0,5,36.0277,-78.3065,2026-05-11,,3469,76.84,2026-05-04T04:50:00Z,2026-05-05T16:30:00Z
2590,1192,confirmed,39540,7.99,10,42.407,-87.9094,2026-05-12,,3480,35.64,2026-05-04T04:45:00Z,2026-05-05T16:30:00Z
2591,1211,processing,30170,14.99,3,40.6904,-73.3596,2026-05-06,,3491,48.83,2026-05-04T04:40:00Z,2026-05-05T16:30:00Z
2592,1230,cancelled,36100,24.99,8,33.5845,-84.3399,2026-05-07,,3502,74.56,2026-05-04T04:35:00Z,2026-05-05T16:30:00Z
2593,1249,confirmed,33250,0,1,37.4394,-121.4842,2026-05-08,,3513,81.44,2026-05-04T04:30:00Z,2026-05-05T16:30:00Z
2594,1268,processing,25580,7.99,6,39.5802,-105.5485,2026-05-09,,3524,45.57,2026-05-04T04:25:00Z,2026-05-05T16:30:00Z
2595,1287,shipped,33500,14.99,11,33.0521,-96.1456,2026-05-10,,3535,74.91,2026-05-04T04:20:00Z,2026-05-05T16:30:00Z
2596,1306,delivered,25220,24.99,4,25.9715,-79.9524,2026-05-11,2026-05-04,3546,92.71,2026-05-04T04:15:00Z,2026-05-05T16:30:00Z
2597,1325,pending,78500,0,9,42.5126,-71.1114,2026-05-12,,3557,69.52,2026-05-04T04:10:00Z,2026-05-05T16:30:00Z
2598,1344,confirmed,12842,7.99,2,34.5894,-118.7598,2026-05-06,,3568,49.45,2026-05-04T04:05:00Z,2026-05-05T16:30:00Z
2599,1363,processing,62460,14.99,7,47.8538,-122.5747,2026-05-07,,3579,74.72,2026-05-04T04:00:00Z,2026-05-05T16:30:00Z
2600,1382,cancelled,37760,24.99,12,33.8088,-112.0181,2026-05-08,,3590,41.66,2026-05-04T03:55:00Z,2026-05-05T16:30:00Z
2601,1401,confirmed,34790,0,5,35.2409,-79.1287,2026-05-09,,3601,70.77,2026-05-04T03:50:00Z,2026-05-05T16:30:00Z
2602,1420,processing,67000,7.99,10,41.2459,-87.6777,2026-05-10,,3612,69.89,2026-05-04T03:45:00Z,2026-05-05T16:30:00Z
2603,1439,shipped,24900,14.99,3,41.277,-74.3411,2026-05-11,,3623,49.99,2026-05-04T03:40:00Z,2026-05-05T16:30:00Z
2604,1458,delivered,24600,24.99,8,34.2955,-84.8293,2026-05-12,2026-05-04,3634,43.14,2026-05-04T03:35:00Z,2026-05-05T16:30:00Z
2605,1477,pending,31400,0,,37.5675,-121.9978,2026-05-06,,3645,64.42,2026-05-04T03:30:00Z,2026-05-05T16:30:00Z
2606,1496,confirmed,21210,7.99,6,39.7883,-105.2265,2026-05-07,,3656,60.81,2026-05-04T03:25:00Z,2026-05-05T16:30:00Z
2607,1515,processing,34010,14.99,11,32.0893,-96.3996,2026-05-08,,3667,64.38,2026-05-04T03:20:00Z,2026-05-05T16:30:00Z
2608,1534,cancelled,10360,24.99,4,26.0393,-79.7718,2026-05-09,,3678,53.76,2026-05-04T03:15:00Z,2026-05-05T16:30:00Z
2609,1553,confirmed,7620,0,9,42.0004,-71.1441,2026-05-10,,3689,54.87,2026-05-04T03:10:00Z,2026-05-05T16:30:00Z
2610,1572,processing,46000,7.99,2,34.1973,-118.2604,2026-05-11,,3700,75.66,2026-05-04T03:05:00Z,2026-05-05T16:30:00Z
2611,1591,shipped,28900,14.99,7,47.4422,-122.3382,2026-05-12,,3711,56.72,2026-05-04T03:00:00Z,2026-05-05T16:30:00Z
2612,1610,delivered,50520,24.99,12,32.8708,-111.6316,2026-05-06,2026-05-04,3722,86.59,2026-05-04T02:55:00Z,2026-05-05T16:30:00Z
2613,1629,pending,27400,0,5,36.2033,-78.1486,2026-05-07,,3733,52.95,2026-05-04T02:50:00Z,2026-05-05T16:30:00Z
2614,1648,confirmed,49460,7.99,10,42.3599,-87.2147,2026-05-08,,3744,94.51,2026-05-04T02:45:00Z,2026-05-05T16:30:00Z
2615,1667,processing,61700,14.99,3,40.1326,-73.4128,2026-05-09,,3755,36.11,2026-05-04T02:40:00Z,2026-05-05T16:30:00Z
2616,1686,cancelled,98300,24.99,8,33.3449,-84.1282,2026-05-10,,3766,43.53,2026-05-04T02:35:00Z,2026-05-05T16:30:00Z
2617,1705,confirmed,15970,0,1,37.8818,-122.0402,2026-05-11,,3777,71.2,2026-05-04T02:30:00Z,2026-05-05T16:30:00Z
2618,1724,processing,36730,7.99,6,39.3888,-105.4239,2026-05-12,,3788,90.41,2026-05-04T02:25:00Z,2026-05-05T16:30:00Z
2619,1743,shipped,55080,14.99,11,32.1134,-96.3792,2026-05-06,,3799,42.21,2026-05-04T02:20:00Z,2026-05-05T16:30:00Z
2620,1762,delivered,49640,24.99,4,25.4874,-80.7948,2026-05-07,2026-05-04,3810,76.88,2026-05-04T02:15:00Z,2026-05-05T16:30:00Z
2621,1781,pending,25020,0,9,42.913,-70.5621,2026-05-08,,3821,97.05,2026-05-04T02:10:00Z,2026-05-05T16:30:00Z
2622,1800,confirmed,12605,7.99,2,33.9948,-118.1632,2026-05-09,,3832,45.07,2026-05-04T02:05:00Z,2026-05-05T16:30:00Z
2623,1819,processing,43100,14.99,7,47.0033,-122.1619,2026-05-10,,3843,96.88,2026-05-04T02:00:00Z,2026-05-05T16:30:00Z
2624,1838,cancelled,49200,24.99,12,33.894,-112.0051,2026-05-11,,3854,58.2,2026-05-04T01:55:00Z,2026-05-05T16:30:00Z
2625,1857,confirmed,27770,0,5,35.1409,-78.3182,2026-05-12,,3865,95.85,2026-05-04T01:50:00Z,2026-05-05T16:30:00Z
2626,1876,processing,32044,7.99,10,41.9289,-88.2853,2026-05-06,,3876,87.46,2026-05-04T01:45:00Z,2026-05-05T16:30:00Z
2627,1895,shipped,33550,14.99,3,41.2372,-73.9639,2026-05-07,,3887,56.55,2026-05-04T01:40:00Z,2026-05-05T16:30:00Z
2628,1914,delivered,29480,24.99,8,34.4308,-83.9203,2026-05-08,2026-05-04,3898,68.52,2026-05-04T01:35:00Z,2026-05-05T16:30:00Z
2629,1933,pending,80400,0,,37.7941,-121.5683,2026-05-09,,3909,37.72,2026-05-04T01:30:00Z,2026-05-05T16:30:00Z
2630,1952,confirmed,31700,7.99,6,39.1527,-105.5265,2026-05-10,,3920,87.69,2026-05-04T01:25:00Z,2026-05-05T16:30:00Z
2631,1971,processing,19850,14.99,11,32.5961,-96.1722,2026-05-11,,3931,96.09,2026-05-04T01:20:00Z,2026-05-05T16:30:00Z
2632,1990,cancelled,48400,24.99,4,25.3823,-79.5829,2026-05-12,,3942,95.36,2026-05-04T01:15:00Z,2026-05-05T16:30:00Z
2633,9,confirmed,46700,0,9,36.0662,-78.1224,2026-05-06,,3953,95.86,2026-05-04T01:10:00Z,2026-05-05T16:30:00Z
2634,28,processing,36750,7.99,2,41.6905,-87.8342,2026-05-07,,3964,51.77,2026-05-04T01:05:00Z,2026-05-05T16:30:00Z
2635,47,shipped,29400,14.99,7,40.0925,-74.4009,2026-05-08,,3975,97.06,2026-05-04T01:00:00Z,2026-05-05T16:30:00Z
2636,66,delivered,10540,24.99,12,33.0492,-84.6138,2026-05-09,2026-05-04,3986,77.22,2026-05-04T00:55:00Z,2026-05-05T16:30:00Z
2637,85,pending,39010,0,5,37.0326,-121.4959,2026-05-10,,3997,55.14,2026-05-04T00:50:00Z,2026-05-05T16:30:00Z
2638,104,confirmed,26720,7.99,10,40.0471,-104.5754,2026-05-11,,4008,70.56,2026-05-04T00:45:00Z,2026-05-05T16:30:00Z
2639,123,processing,49750,14.99,3,32.7927,-97.0946,2026-05-12,,4019,93.87,2026-05-04T00:40:00Z,2026-05-05T16:30:00Z
2640,142,cancelled,60000,24.99,8,26.1217,-80.3138,2026-05-06,,4030,80.13,2026-05-04T00:35:00Z,2026-05-05T16:30:00Z
2641,161,confirmed,18895,0,1,42.729,-71.0567,2026-05-07,,4041,42.74,2026-05-04T00:30:00Z,2026-05-05T16:30:00Z
2642,180,processing,27220,7.99,6,34.5433,-118.2148,2026-05-08,,4052,55.36,2026-05-04T00:25:00Z,2026-05-05T16:30:00Z
2643,199,shipped,93450,14.99,11,47.1184,-122.7874,2026-05-09,,4063,40.4,2026-05-04T00:20:00Z,2026-05-05T16:30:00Z
2644,218,delivered,39940,24.99,4,33.0504,-112.3448,2026-05-10,2026-05-04,4074,87.19,2026-05-04T00:15:00Z,2026-05-05T16:30:00Z
2645,237,pending,19548,0,9,36.2317,-79.0547,2026-05-11,,4085,36.51,2026-05-04T00:10:00Z,2026-05-05T16:30:00Z
2646,256,confirmed,68250,7.99,2,41.2896,-88.154,2026-05-12,,4096,93.92,2026-05-04T00:05:00Z,2026-05-05T16:30:00Z
2647,275,processing,35140,14.99,7,40.7867,-73.9281,2026-05-06,,4107,90.28,2026-05-04T00:00:00Z,2026-05-05T16:30:00Z
2648,294,cancelled,29220,24.99,12,33.2582,-83.8751,2026-05-07,,4118,55.15,2026-05-03T23:55:00Z,2026-05-05T16:30:00Z
2649,313,confirmed,6760,0,5,36.8638,-121.6299,2026-05-08,,4129,42.13,2026-05-03T23:50:00Z,2026-05-05T16:30:00Z
2650,332,processing,39540,7.99,10,39.2886,-104.804,2026-05-09,,4140,87.32,2026-05-03T23:45:00Z,2026-05-05T16:30:00Z
2651,351,shipped,30170,14.99,3,33.064,-96.098,2026-05-10,,4151,77.95,2026-05-03T23:40:00Z,2026-05-05T16:30:00Z
2652,370,delivered,36100,24.99,8,26.327,-80.6666,2026-05-11,2026-05-04,4162,41.34,2026-05-03T23:35:00Z,2026-05-05T16:30:00Z
2653,389,pending,33250,0,,42.0432,-70.6467,2026-05-12,,4173,50.24,2026-05-03T23:30:00Z,2026-05-05T16:30:00Z
2654,408,confirmed,25580,7.99,6,33.7561,-118.1702,2026-05-06,,4184,77.49,2026-05-03T23:25:00Z,2026-05-05T16:30:00Z
2655,427,processing,33500,14.99,11,47.1345,-121.699,2026-05-07,,4195,96.59,2026-05-03T23:20:00Z,2026-05-05T16:30:00Z
2656,446,cancelled,25220,24.99,4,33.338,-112.6293,2026-05-08,,4206,41.06,2026-05-03T23:15:00Z,2026-05-05T16:30:00Z
2657,465,confirmed,78500,0,9,35.6553,-78.2554,2026-05-09,,4217,86.91,2026-05-03T23:10:00Z,2026-05-05T16:30:00Z
2658,484,processing,12842,7.99,2,41.7601,-88.259,2026-05-10,,4228,63.47,2026-05-03T23:05:00Z,2026-05-05T16:30:00Z
2659,503,shipped,62460,14.99,7,41.0008,-74.1496,2026-05-11,,4239,52.44,2026-05-03T23:00:00Z,2026-05-05T16:30:00Z
2660,522,delivered,37760,24.99,12,33.4867,-84.1468,2026-05-12,2026-05-04,4250,49.57,2026-05-03T22:55:00Z,2026-05-05T16:30:00Z
2661,541,pending,34790,0,5,36.8389,-121.8483,2026-05-06,,4261,70.61,2026-05-03T22:50:00Z,2026-05-05T16:30:00Z
2662,560,confirmed,67000,7.99,10,40.2344,-104.6466,2026-05-07,,4272,84.89,2026-05-03T22:45:00Z,2026-05-05T16:30:00Z
2663,579,processing,24900,14.99,3,32.6772,-96.2362,2026-05-08,,4283,91.71,2026-05-03T22:40:00Z,2026-05-05T16:30:00Z
2664,598,cancelled,24600,24.99,8,25.1984,-80.0692,2026-05-09,,4294,51.03,2026-05-03T22:35:00Z,2026-05-05T16:30:00Z
2665,617,confirmed,31400,0,1,42.7744,-70.986,2026-05-10,,4305,44.16,2026-05-03T22:30:00Z,2026-05-05T16:30:00Z
2666,636,processing,21210,7.99,6,33.9527,-117.825,2026-05-11,,4316,52.17,2026-05-03T22:25:00Z,2026-05-05T16:30:00Z
2667,655,shipped,34010,14.99,11,47.6264,-121.7498,2026-05-12,,4327,61.46,2026-05-03T22:20:00Z,2026-05-05T16:30:00Z
2668,674,delivered,10360,24.99,4,33.3271,-111.3962,2026-05-06,2026-05-04,4338,74.41,2026-05-03T22:15:00Z,2026-05-05T16:30:00Z
2669,693,pending,7620,0,9,35.7578,-78.0341,2026-05-07,,4349,64.35,2026-05-03T22:10:00Z,2026-05-05T16:30:00Z
2670,712,confirmed,46000,7.99,2,41.995,-87.3637,2026-05-08,,4360,54.99,2026-05-03T22:05:00Z,2026-05-05T16:30:00Z
2671,731,processing,28900,14.99,7,40.0186,-73.65,2026-05-09,,4371,59.92,2026-05-03T22:00:00Z,2026-05-05T16:30:00Z
2672,750,cancelled,50520,24.99,12,33.1933,-84.8963,2026-05-10,,4382,73.19,2026-05-03T21:55:00Z,2026-05-05T16:30:00Z
2673,769,confirmed,27400,0,5,37.6608,-122.1197,2026-05-11,,4393,61.82,2026-05-03T21:50:00Z,2026-05-05T16:30:00Z
2674,788,processing,49460,7.99,10,40.3095,-105.6203,2026-05-12,,4404,90.42,2026-05-03T21:45:00Z,2026-05-05T16:30:00Z
2675,807,shipped,61700,14.99,3,32.6202,-97.25,2026-05-06,,4415,86.78,2026-05-03T21:40:00Z,2026-05-05T16:30:00Z
2676,826,delivered,98300,24.99,8,25.5397,-80.5258,2026-05-07,2026-05-04,4426,51.3,2026-05-03T21:35:00Z,2026-05-05T16:30:00Z
2677,845,pending,15970,0,,41.6711,-70.8255,2026-05-08,,4437,61.19,2026-05-03T21:30:00Z,2026-05-05T16:30:00Z
2678,864,confirmed,36730,7.99,6,34.716,-118.7261,2026-05-09,,4448,65.23,2026-05-03T21:25:00Z,2026-05-05T16:30:00Z
2679,883,processing,55080,14.99,11,47.7254,-122.2435,2026-05-10,,4459,55.29,2026-05-03T21:20:00Z,2026-05-05T16:30:00Z
2680,902,cancelled,49640,24.99,4,33.9859,-111.8981,2026-05-11,,4470,35.2,2026-05-03T21:15:00Z,2026-05-05T16:30:00Z
2681,921,confirmed,25020,0,9,36.2384,-79.0014,2026-05-12,,4481,94.55,2026-05-03T21:10:00Z,2026-05-05T16:30:00Z
2682,940,processing,12605,7.99,2,41.3659,-88.2626,2026-05-06,,4492,67.24,2026-05-03T21:05:00Z,2026-05-05T16:30:00Z
2683,959,shipped,43100,14.99,7,40.2215,-74.5677,2026-05-07,,4503,41.13,2026-05-03T21:00:00Z,2026-05-05T16:30:00Z
2684,978,delivered,49200,24.99,12,34.2215,-84.1773,2026-05-08,2026-05-04,4514,83.77,2026-05-03T20:55:00Z,2026-05-05T16:30:00Z
2685,997,pending,27770,0,5,36.6905,-122.4613,2026-05-09,,4525,42.36,2026-05-03T20:50:00Z,2026-05-05T16:30:00Z
2686,1016,confirmed,32044,7.99,10,39.9549,-104.8347,2026-05-10,,4536,38.29,2026-05-03T20:45:00Z,2026-05-05T16:30:00Z
2687,1035,processing,33550,14.99,3,32.7954,-96.9598,2026-05-11,,4547,44.48,2026-05-03T20:40:00Z,2026-05-05T16:30:00Z
2688,1054,cancelled,29480,24.99,8,25.3631,-79.6767,2026-05-12,,4558,88.04,2026-05-03T20:35:00Z,2026-05-05T16:30:00Z
2689,1073,confirmed,80400,0,1,42.1986,-71.3962,2026-05-06,,4569,55.28,2026-05-03T20:30:00Z,2026-05-05T16:30:00Z
2690,1092,processing,31700,7.99,6,33.611,-118.4787,2026-05-07,,4580,41.74,2026-05-03T20:25:00Z,2026-05-05T16:30:00Z
2691,1111,shipped,19850,14.99,11,47.7975,-121.802,2026-05-08,,4591,60.61,2026-05-03T20:20:00Z,2026-05-05T16:30:00Z
2692,1130,delivered,48400,24.99,4,33.3687,-112.4517,2026-05-09,2026-05-04,4602,42.87,2026-05-03T20:15:00Z,2026-05-05T16:30:00Z
2693,1149,pending,46700,0,9,35.9432,-78.9034,2026-05-10,,4613,57.98,2026-05-03T20:10:00Z,2026-05-05T16:30:00Z
2694,1168,confirmed,36750,7.99,2,41.4153,-87.729,2026-05-11,,4624,58.72,2026-05-03T20:05:00Z,2026-05-05T16:30:00Z
2695,1187,processing,29400,14.99,7,41.2597,-73.8146,2026-05-12,,4635,92.66,2026-05-03T20:00:00Z,2026-05-05T16:30:00Z
2696,1206,cancelled,10540,24.99,12,33.3023,-84.9692,2026-05-06,,4646,63.87,2026-05-03T19:55:00Z,2026-05-05T16:30:00Z
2697,1225,confirmed,39010,0,5,36.7974,-121.5483,2026-05-07,,4657,88.32,2026-05-03T19:50:00Z,2026-05-05T16:30:00Z
2698,1244,processing,26720,7.99,10,39.9238,-105.5755,2026-05-08,,4668,83.73,2026-05-03T19:45:00Z,2026-05-05T16:30:00Z
2699,1263,shipped,49750,14.99,3,32.382,-97.2608,2026-05-09,,4679,61.39,2026-05-03T19:40:00Z,2026-05-05T16:30:00Z
2700,1282,delivered,60000,24.99,8,25.4656,-80.5908,2026-05-10,2026-05-04,4690,89.87,2026-05-03T19:35:00Z,2026-05-05T16:30:00Z
2701,1301,pending,18895,0,,42.142,-70.8437,2026-05-11,,4701,70.85,2026-05-03T19:30:00Z,2026-05-05T16:30:00Z
2702,1320,confirmed,27220,7.99,6,33.5479,-117.5462,2026-05-12,,4712,45.34,2026-05-03T19:25:00Z,2026-05-05T16:30:00Z
2703,1339,processing,93450,14.99,11,47.4402,-122.4594,2026-05-06,,4723,37.63,2026-05-03T19:20:00Z,2026-05-05T16:30:00Z
2704,1358,cancelled,39940,24.99,4,33.7578,-112.4271,2026-05-07,,4734,77.98,2026-05-03T19:15:00Z,2026-05-05T16:30:00Z
2705,1377,confirmed,19548,0,9,35.4978,-78.2499,2026-05-08,,4745,45.47,2026-05-03T19:10:00Z,2026-05-05T16:30:00Z
2706,1396,processing,68250,7.99,2,42.4279,-87.9427,2026-05-09,,4756,67.93,2026-05-03T19:05:00Z,2026-05-05T16:30:00Z
2707,1415,shipped,35140,14.99,7,40.8614,-74.0664,2026-05-10,,4767,80.19,2026-05-03T19:00:00Z,2026-05-05T16:30:00Z
2708,1434,delivered,29220,24.99,12,33.223,-84.5564,2026-05-11,2026-05-04,4778,84.88,2026-05-03T18:55:00Z,2026-05-05T16:30:00Z
2709,1453,pending,6760,0,5,36.8492,-121.6066,2026-05-12,,4789,95.25,2026-05-03T18:50:00Z,2026-05-05T16:30:00Z
2710,1472,confirmed,39540,7.99,10,39.9167,-104.3517,2026-05-06,,4800,68.88,2026-05-03T18:45:00Z,2026-05-05T16:30:00Z
2711,1491,processing,30170,14.99,3,32.9077,-96.8455,2026-05-07,,4811,61.52,2026-05-03T18:40:00Z,2026-05-05T16:30:00Z
2712,1510,cancelled,36100,24.99,8,25.2072,-80.6624,2026-05-08,,4822,56.76,2026-05-03T18:35:00Z,2026-05-05T16:30:00Z
2713,1529,confirmed,33250,0,1,42.5394,-70.7129,2026-05-09,,4833,36.99,2026-05-03T18:30:00Z,2026-05-05T16:30:00Z
2714,1548,processing,25580,7.99,6,34.0257,-118.1817,2026-05-10,,4844,74.02,2026-05-03T18:25:00Z,2026-05-05T16:30:00Z
2715,1567,shipped,33500,14.99,11,48.1027,-122.4667,2026-05-11,,4855,67.35,2026-05-03T18:20:00Z,2026-05-05T16:30:00Z
2716,1586,delivered,25220,24.99,4,33.952,-112.2605,2026-05-12,2026-05-04,4866,59.01,2026-05-03T18:15:00Z,2026-05-05T16:30:00Z
2717,1605,pending,78500,0,9,35.4462,-78.4827,2026-05-06,,4877,86.72,2026-05-03T18:10:00Z,2026-05-05T16:30:00Z
2718,1624,confirmed,12842,7.99,2,41.2443,-87.9369,2026-05-07,,4888,56.82,2026-05-03T18:05:00Z,2026-05-05T16:30:00Z
2719,1643,processing,62460,14.99,7,41.2502,-73.7888,2026-05-08,,4899,79.15,2026-05-03T18:00:00Z,2026-05-05T16:30:00Z
2720,1662,cancelled,37760,24.99,12,33.7791,-84.3154,2026-05-09,,4910,57.2,2026-05-03T17:55:00Z,2026-05-05T16:30:00Z
2721,1681,confirmed,34790,0,5,36.9343,-121.5847,2026-05-10,,4921,52,2026-05-03T17:50:00Z,2026-05-05T16:30:00Z
2722,1700,processing,67000,7.99,10,39.6699,-105.4416,2026-05-11,,4932,82.35,2026-05-03T17:45:00Z,2026-05-05T16:30:00Z
2723,1719,shipped,24900,14.99,3,32.9749,-97.4067,2026-05-12,,4943,53.7,2026-05-03T17:40:00Z,2026-05-05T16:30:00Z
2724,1738,delivered,24600,24.99,8,25.585,-80.604,2026-05-06,2026-05-04,4954,62.4,2026-05-03T17:35:00Z,2026-05-05T16:30:00Z
2725,1757,pending,31400,0,,42.3453,-70.771,2026-05-07,,4965,35.67,2026-05-03T17:30:00Z,2026-05-05T16:30:00Z
2726,1776,confirmed,21210,7.99,6,34.6613,-118.6357,2026-05-08,,4976,36.18,2026-05-03T17:25:00Z,2026-05-05T16:30:00Z
2727,1795,processing,34010,14.99,11,47.2495,-122.23,2026-05-09,,4987,41.71,2026-05-03T17:20:00Z,2026-05-05T16:30:00Z
2728,1814,cancelled,10360,24.99,4,33.2048,-112.4399,2026-05-10,,4998,92.74,2026-05-03T17:15:00Z,2026-05-05T16:30:00Z
2729,1833,confirmed,7620,0,9,35.9727,-78.7333,2026-05-11,,9,40.95,2026-05-03T17:10:00Z,2026-05-05T16:30:00Z
2730,1852,processing,46000,7.99,2,41.2904,-88.3222,2026-05-12,,20,95.84,2026-05-03T17:05:00Z,2026-05-05T16:30:00Z
2731,1871,shipped,28900,14.99,7,41.3392,-73.8713,2026-05-06,,31,44.27,2026-05-03T17:00:00Z,2026-05-05T16:30:00Z
2732,1890,delivered,50520,24.99,12,34.0138,-83.9566,2026-05-07,2026-05-04,42,39.48,2026-05-03T16:55:00Z,2026-05-05T16:30:00Z
2733,1909,pending,27400,0,5,37.733,-122.4924,2026-05-08,,53,63.53,2026-05-03T16:50:00Z,2026-05-05T16:30:00Z
2734,1928,confirmed,49460,7.99,10,39.5891,-105.2635,2026-05-09,,64,92.33,2026-05-03T16:45:00Z,2026-05-05T16:30:00Z
2735,1947,processing,61700,14.99,3,33.0764,-96.1414,2026-05-10,,75,76.67,2026-05-03T16:40:00Z,2026-05-05T16:30:00Z
2736,1966,cancelled,98300,24.99,8,26.4127,-79.7891,2026-05-11,,86,37.1,2026-05-03T16:35:00Z,2026-05-05T16:30:00Z
2737,1985,confirmed,15970,0,1,42.04,-70.5903,2026-05-12,,97,61.72,2026-05-03T16:30:00Z,2026-05-05T16:30:00Z
2738,4,processing,36730,7.99,6,41.9592,-88.1466,2026-05-06,,108,87.04,2026-05-03T16:25:00Z,2026-05-05T16:30:00Z
2739,23,shipped,55080,14.99,11,40.3396,-73.6423,2026-05-07,,119,37.3,2026-05-03T16:20:00Z,2026-05-05T16:30:00Z
2740,42,delivered,49640,24.99,4,33.3696,-84.7934,2026-05-08,2026-05-04,130,63.12,2026-05-03T16:15:00Z,2026-05-05T16:30:00Z
2741,61,pending,25020,0,9,37.5028,-121.6579,2026-05-09,,141,46.53,2026-05-03T16:10:00Z,2026-05-05T16:30:00Z
2742,80,confirmed,12605,7.99,2,39.4101,-105.5054,2026-05-10,,152,46.82,2026-05-03T16:05:00Z,2026-05-05T16:30:00Z
2743,99,processing,43100,14.99,7,32.4826,-96.4618,2026-05-11,,163,80.06,2026-05-03T16:00:00Z,2026-05-05T16:30:00Z
2744,118,cancelled,49200,24.99,12,26.1062,-79.8061,2026-05-12,,174,82.01,2026-05-03T15:55:00Z,2026-05-05T16:30:00Z
2745,137,confirmed,27770,0,5,42.7733,-71.7524,2026-05-06,,185,81.82,2026-05-03T15:50:00Z,2026-05-05T16:30:00Z
2746,156,processing,32044,7.99,10,34.5998,-118.7949,2026-05-07,,196,41.64,2026-05-03T15:45:00Z,2026-05-05T16:30:00Z
2747,175,shipped,33550,14.99,3,48.0866,-122.0905,2026-05-08,,207,95.13,2026-05-03T15:40:00Z,2026-05-05T16:30:00Z
2748,194,delivered,29480,24.99,8,34.0033,-112.1661,2026-05-09,2026-05-03,218,58,2026-05-03T15:35:00Z,2026-05-05T16:30:00Z
2749,213,pending,80400,0,,35.8008,-78.3295,2026-05-10,,229,97.36,2026-05-03T15:30:00Z,2026-05-05T16:30:00Z
2750,232,confirmed,31700,7.99,6,41.5419,-87.5484,2026-05-11,,240,48.79,2026-05-03T15:25:00Z,2026-05-05T16:30:00Z
2751,251,processing,19850,14.99,11,40.316,-74.4769,2026-05-12,,251,56.1,2026-05-03T15:20:00Z,2026-05-05T16:30:00Z
2752,270,cancelled,48400,24.99,4,33.1178,-84.9084,2026-05-06,,262,69.61,2026-05-03T15:15:00Z,2026-05-05T16:30:00Z
2753,289,confirmed,46700,0,9,38.003,-121.238,2026-05-07,,273,43.75,2026-05-03T15:10:00Z,2026-05-05T16:30:00Z
2754,308,processing,36750,7.99,2,39.6961,-104.7704,2026-05-08,,284,87.4,2026-05-03T15:05:00Z,2026-05-05T16:30:00Z
2755,327,shipped,29400,14.99,7,32.2146,-96.9029,2026-05-09,,295,90.7,2026-05-03T15:00:00Z,2026-05-05T16:30:00Z
2756,346,delivered,10540,24.99,12,25.7261,-80.5676,2026-05-10,2026-05-03,306,81.55,2026-05-03T14:55:00Z,2026-05-05T16:30:00Z
2757,365,pending,39010,0,5,42.5965,-71.0733,2026-05-11,,317,86.07,2026-05-03T14:50:00Z,2026-05-05T16:30:00Z
2758,384,confirmed,26720,7.99,10,33.7474,-117.6396,2026-05-12,,328,52.4,2026-05-03T14:45:00Z,2026-05-05T16:30:00Z
2759,403,processing,49750,14.99,3,47.18,-121.6846,2026-05-06,,339,73.06,2026-05-03T14:40:00Z,2026-05-05T16:30:00Z
2760,422,cancelled,60000,24.99,8,33.0171,-112.2564,2026-05-07,,350,88.29,2026-05-03T14:35:00Z,2026-05-05T16:30:00Z
2761,441,confirmed,18895,0,1,36.3842,-79.1088,2026-05-08,,361,85.2,2026-05-03T14:30:00Z,2026-05-05T16:30:00Z
2762,460,processing,27220,7.99,6,42.2678,-87.1067,2026-05-09,,372,76.19,2026-05-03T14:25:00Z,2026-05-05T16:30:00Z
2763,479,shipped,93450,14.99,11,40.8318,-73.8008,2026-05-10,,383,83.83,2026-05-03T14:20:00Z,2026-05-05T16:30:00Z
2764,498,delivered,39940,24.99,4,33.6283,-84.9022,2026-05-11,2026-05-03,394,55.98,2026-05-03T14:15:00Z,2026-05-05T16:30:00Z
2765,517,pending,19548,0,9,37.3156,-122.2093,2026-05-12,,405,82.3,2026-05-03T14:10:00Z,2026-05-05T16:30:00Z
2766,536,confirmed,68250,7.99,2,39.5992,-104.8194,2026-05-06,,416,57.94,2026-05-03T14:05:00Z,2026-05-05T16:30:00Z
2767,555,processing,35140,14.99,7,33.2913,-96.2106,2026-05-07,,427,53.1,2026-05-03T14:00:00Z,2026-05-05T16:30:00Z
2768,574,cancelled,29220,24.99,12,25.659,-79.7442,2026-05-08,,438,91.62,2026-05-03T13:55:00Z,2026-05-05T16:30:00Z
2769,593,confirmed,6760,0,5,41.7146,-71.3716,2026-05-09,,449,75.28,2026-05-03T13:50:00Z,2026-05-05T16:30:00Z
2770,612,processing,39540,7.99,10,34.4583,-117.9411,2026-05-10,,460,94.46,2026-05-03T13:45:00Z,2026-05-05T16:30:00Z
2771,631,shipped,30170,14.99,3,47.8754,-121.7766,2026-05-11,,471,65.39,2026-05-03T13:40:00Z,2026-05-05T16:30:00Z
2772,650,delivered,36100,24.99,8,33.2146,-111.709,2026-05-12,2026-05-03,482,96.18,2026-05-03T13:35:00Z,2026-05-05T16:30:00Z
2773,669,pending,33250,0,,35.192,-78.4441,2026-05-06,,493,40.44,2026-05-03T13:30:00Z,2026-05-05T16:30:00Z
2774,688,confirmed,25580,7.99,6,42.2171,-87.0357,2026-05-07,,504,48.06,2026-05-03T13:25:00Z,2026-05-05T16:30:00Z
2775,707,processing,33500,14.99,11,40.3156,-74.208,2026-05-08,,515,44.9,2026-05-03T13:20:00Z,2026-05-05T16:30:00Z
2776,726,cancelled,25220,24.99,4,34.4436,-84.7277,2026-05-09,,526,72.06,2026-05-03T13:15:00Z,2026-05-05T16:30:00Z
2777,745,confirmed,78500,0,9,37.6116,-122.5606,2026-05-10,,537,89.92,2026-05-03T13:10:00Z,2026-05-05T16:30:00Z
2778,764,processing,12842,7.99,2,39.9507,-105.1643,2026-05-11,,548,86.8,2026-05-03T13:05:00Z,2026-05-05T16:30:00Z
2779,783,shipped,62460,14.99,7,32.9579,-96.867,2026-05-12,,559,88.55,2026-05-03T13:00:00Z,2026-05-05T16:30:00Z
2780,802,delivered,37760,24.99,12,25.3656,-79.7052,2026-05-06,2026-05-03,570,81.66,2026-05-03T12:55:00Z,2026-05-05T16:30:00Z
2781,821,pending,34790,0,5,42.0184,-71.0264,2026-05-07,,581,84.78,2026-05-03T12:50:00Z,2026-05-05T16:30:00Z
2782,840,confirmed,67000,7.99,10,33.5496,-117.9204,2026-05-08,,592,44.53,2026-05-03T12:45:00Z,2026-05-05T16:30:00Z
2783,859,processing,24900,14.99,3,47.3851,-122.8899,2026-05-09,,603,53.7,2026-05-03T12:40:00Z,2026-05-05T16:30:00Z
2784,878,cancelled,24600,24.99,8,33.4902,-111.8933,2026-05-10,,614,75.95,2026-05-03T12:35:00Z,2026-05-05T16:30:00Z
2785,897,confirmed,31400,0,1,35.4583,-78.5127,2026-05-11,,625,64.21,2026-05-03T12:30:00Z,2026-05-05T16:30:00Z
2786,916,processing,21210,7.99,6,41.8549,-87.2257,2026-05-12,,636,48.26,2026-05-03T12:25:00Z,2026-05-05T16:30:00Z
2787,935,shipped,34010,14.99,11,40.238,-73.7172,2026-05-06,,647,60.74,2026-05-03T12:20:00Z,2026-05-05T16:30:00Z
2788,954,delivered,10360,24.99,4,33.8547,-84.0219,2026-05-07,2026-05-03,658,89.01,2026-05-03T12:15:00Z,2026-05-05T16:30:00Z
2789,973,pending,7620,0,9,37.962,-121.3679,2026-05-08,,669,43.2,2026-05-03T12:10:00Z,2026-05-05T16:30:00Z
2790,992,confirmed,46000,7.99,2,39.0746,-105.3371,2026-05-09,,680,96.87,2026-05-03T12:05:00Z,2026-05-05T16:30:00Z
2791,1011,processing,28900,14.99,7,33.0069,-96.1214,2026-05-10,,691,61.56,2026-05-03T12:00:00Z,2026-05-05T16:30:00Z
2792,1030,cancelled,50520,24.99,12,25.9685,-80.3739,2026-05-11,,702,84.15,2026-05-03T11:55:00Z,2026-05-05T16:30:00Z
2793,1049,confirmed,27400,0,5,42.1799,-70.5859,2026-05-12,,713,85.39,2026-05-03T11:50:00Z,2026-05-05T16:30:00Z
2794,1068,processing,49460,7.99,10,33.4531,-118.3551,2026-05-06,,724,81.04,2026-05-03T11:45:00Z,2026-05-05T16:30:00Z
2795,1087,shipped,61700,14.99,3,47.5373,-122.5189,2026-05-07,,735,57.15,2026-05-03T11:40:00Z,2026-05-05T16:30:00Z
2796,1106,delivered,98300,24.99,8,32.9828,-111.5406,2026-05-08,2026-05-03,746,54.32,2026-05-03T11:35:00Z,2026-05-05T16:30:00Z
2797,1125,pending,15970,0,,35.8889,-79.2108,2026-05-09,,757,45.91,2026-05-03T11:30:00Z,2026-05-05T16:30:00Z
2798,1144,confirmed,36730,7.99,6,42.2778,-88.2208,2026-05-10,,768,82.27,2026-05-03T11:25:00Z,2026-05-05T16:30:00Z
2799,1163,processing,55080,14.99,11,40.6339,-73.7595,2026-05-11,,779,53.29,2026-05-03T11:20:00Z,2026-05-05T16:30:00Z
2800,1182,cancelled,49640,24.99,4,33.7434,-84.5342,2026-05-12,,790,59.02,2026-05-03T11:15:00Z,2026-05-05T16:30:00Z
2801,1201,confirmed,25020,0,9,37.2661,-122.516,2026-05-06,,801,67.38,2026-05-03T11:10:00Z,2026-05-05T16:30:00Z
2802,1220,processing,12605,7.99,2,40.1845,-104.4499,2026-05-07,,812,78.55,2026-05-03T11:05:00Z,2026-05-05T16:30:00Z
2803,1239,shipped,43100,14.99,7,32.1819,-97.243,2026-05-08,,823,76.8,2026-05-03T11:00:00Z,2026-05-05T16:30:00Z
2804,1258,delivered,49200,24.99,12,25.9967,-80.5886,2026-05-09,2026-05-03,834,54.24,2026-05-03T10:55:00Z,2026-05-05T16:30:00Z
2805,1277,pending,27770,0,5,42.9966,-70.7362,2026-05-10,,845,68.55,2026-05-03T10:50:00Z,2026-05-05T16:30:00Z
2806,1296,confirmed,32044,7.99,10,33.5885,-117.6992,2026-05-11,,856,50.91,2026-05-03T10:45:00Z,2026-05-05T16:30:00Z
2807,1315,processing,33550,14.99,3,47.855,-122.0315,2026-05-12,,867,43.72,2026-05-03T10:40:00Z,2026-05-05T16:30:00Z
2808,1334,cancelled,29480,24.99,8,33.3115,-111.4954,2026-05-06,,878,40.57,2026-05-03T10:35:00Z,2026-05-05T16:30:00Z
2809,1353,confirmed,80400,0,1,36.0942,-79.1863,2026-05-07,,889,83.91,2026-05-03T10:30:00Z,2026-05-05T16:30:00Z
2810,1372,processing,31700,7.99,6,42.4525,-87.4192,2026-05-08,,900,76.85,2026-05-03T10:25:00Z,2026-05-05T16:30:00Z
2811,1391,shipped,19850,14.99,11,40.8985,-73.8201,2026-05-09,,911,61.58,2026-05-03T10:20:00Z,2026-05-05T16:30:00Z
2812,1410,delivered,48400,24.99,4,34.0496,-84.4401,2026-05-10,2026-05-03,922,40.28,2026-05-03T10:15:00Z,2026-05-05T16:30:00Z
2813,1429,pending,46700,0,9,37.6289,-121.6606,2026-05-11,,933,52.8,2026-05-03T10:10:00Z,2026-05-05T16:30:00Z
2814,1448,confirmed,36750,7.99,2,39.8371,-105.6081,2026-05-12,,944,86.96,2026-05-03T10:05:00Z,2026-05-05T16:30:00Z
2815,1467,processing,29400,14.99,7,33.1962,-97.1673,2026-05-06,,955,87.45,2026-05-03T10:00:00Z,2026-05-05T16:30:00Z
2816,1486,cancelled,10540,24.99,12,26.3264,-80.5296,2026-05-07,,966,63.82,2026-05-03T09:55:00Z,2026-05-05T16:30:00Z
2817,1505,confirmed,39010,0,5,42.6943,-71.6892,2026-05-08,,977,83.85,2026-05-03T09:50:00Z,2026-05-05T16:30:00Z
2818,1524,processing,26720,7.99,10,33.8413,-118.726,2026-05-09,,988,62.83,2026-05-03T09:45:00Z,2026-05-05T16:30:00Z
2819,1543,shipped,49750,14.99,3,47.2065,-121.6695,2026-05-10,,999,77.08,2026-05-03T09:40:00Z,2026-05-05T16:30:00Z
2820,1562,delivered,60000,24.99,8,34.1306,-111.9731,2026-05-11,2026-05-03,1010,96.72,2026-05-03T09:35:00Z,2026-05-05T16:30:00Z
2821,1581,pending,18895,0,,35.6966,-78.4224,2026-05-12,,1021,83.78,2026-05-03T09:30:00Z,2026-05-05T16:30:00Z
2822,1600,confirmed,27220,7.99,6,42.2172,-87.0613,2026-05-06,,1032,95.47,2026-05-03T09:25:00Z,2026-05-05T16:30:00Z
2823,1619,processing,93450,14.99,11,40.2805,-73.8902,2026-05-07,,1043,43.06,2026-05-03T09:20:00Z,2026-05-05T16:30:00Z
2824,1638,cancelled,39940,24.99,4,33.9155,-83.9145,2026-05-08,,1054,78.94,2026-05-03T09:15:00Z,2026-05-05T16:30:00Z
2825,1657,confirmed,19548,0,9,37.2449,-122.5471,2026-05-09,,1065,76.86,2026-05-03T09:10:00Z,2026-05-05T16:30:00Z
2826,1676,processing,68250,7.99,2,39.5976,-104.58,2026-05-10,,1076,72.95,2026-05-03T09:05:00Z,2026-05-05T16:30:00Z
2827,1695,shipped,35140,14.99,7,32.3024,-97.2397,2026-05-11,,1087,53.59,2026-05-03T09:00:00Z,2026-05-05T16:30:00Z
2828,1714,delivered,29220,24.99,12,25.116,-80.8131,2026-05-12,2026-05-03,1098,37.64,2026-05-03T08:55:00Z,2026-05-05T16:30:00Z
2829,1733,pending,6760,0,5,41.8604,-70.6499,2026-05-06,,1109,56,2026-05-03T08:50:00Z,2026-05-05T16:30:00Z
2830,1752,confirmed,39540,7.99,10,33.6057,-118.583,2026-05-07,,1120,54.03,2026-05-03T08:45:00Z,2026-05-05T16:30:00Z
2831,1771,processing,30170,14.99,3,47.6805,-121.9662,2026-05-08,,1131,71.61,2026-05-03T08:40:00Z,2026-05-05T16:30:00Z
2832,1790,cancelled,36100,24.99,8,33.7069,-112.4121,2026-05-09,,1142,59.35,2026-05-03T08:35:00Z,2026-05-05T16:30:00Z
2833,1809,confirmed,33250,0,1,35.4927,-79.1306,2026-05-10,,1153,69.08,2026-05-03T08:30:00Z,2026-05-05T16:30:00Z
2834,1828,processing,25580,7.99,6,41.8843,-87.7859,2026-05-11,,1164,47.96,2026-05-03T08:25:00Z,2026-05-05T16:30:00Z
2835,1847,shipped,33500,14.99,11,40.9249,-73.8372,2026-05-12,,1175,78.33,2026-05-03T08:20:00Z,2026-05-05T16:30:00Z
2836,1866,delivered,25220,24.99,4,34.3569,-83.8508,2026-05-06,2026-05-03,1186,69.34,2026-05-03T08:15:00Z,2026-05-05T16:30:00Z
2837,1885,pending,78500,0,9,36.7311,-122.0892,2026-05-07,,1197,47.5,2026-05-03T08:10:00Z,2026-05-05T16:30:00Z
2838,1904,confirmed,12842,7.99,2,40.3532,-104.4851,2026-05-08,,1208,51.3,2026-05-03T08:05:00Z,2026-05-05T16:30:00Z
2839,1923,processing,62460,14.99,7,33.2839,-96.6505,2026-05-09,,1219,67.71,2026-05-03T08:00:00Z,2026-05-05T16:30:00Z
2840,1942,cancelled,37760,24.99,12,25.2528,-80.4758,2026-05-10,,1230,44.86,2026-05-03T07:55:00Z,2026-05-05T16:30:00Z
2841,1961,confirmed,34790,0,5,41.9102,-70.5214,2026-05-11,,1241,69.8,2026-05-03T07:50:00Z,2026-05-05T16:30:00Z
2842,1980,processing,67000,7.99,10,33.4216,-117.7794,2026-05-12,,1252,89.18,2026-05-03T07:45:00Z,2026-05-05T16:30:00Z
2843,1999,shipped,24900,14.99,3,46.9708,-121.8316,2026-05-06,,1263,75.6,2026-05-03T07:40:00Z,2026-05-05T16:30:00Z
2844,18,delivered,24600,24.99,8,34.2604,-84.9463,2026-05-07,2026-05-03,1274,78.85,2026-05-03T07:35:00Z,2026-05-05T16:30:00Z
2845,37,pending,31400,0,,37.6211,-121.266,2026-05-08,,1285,94.61,2026-05-03T07:30:00Z,2026-05-05T16:30:00Z
2846,56,confirmed,21210,7.99,6,40.25,-105.4536,2026-05-09,,1296,52.66,2026-05-03T07:25:00Z,2026-05-05T16:30:00Z
2847,75,processing,34010,14.99,11,32.2752,-97.1624,2026-05-10,,1307,55.93,2026-05-03T07:20:00Z,2026-05-05T16:30:00Z
2848,94,cancelled,10360,24.99,4,25.2423,-79.8306,2026-05-11,,1318,57.2,2026-05-03T07:15:00Z,2026-05-05T16:30:00Z
2849,113,confirmed,7620,0,9,42.3013,-71.1729,2026-05-12,,1329,61.4,2026-05-03T07:10:00Z,2026-05-05T16:30:00Z
2850,132,processing,46000,7.99,2,34.1307,-118.0881,2026-05-06,,1340,68.66,2026-05-03T07:05:00Z,2026-05-05T16:30:00Z
2851,151,shipped,28900,14.99,7,48.0315,-121.7113,2026-05-07,,1351,97.07,2026-05-03T07:00:00Z,2026-05-05T16:30:00Z
2852,170,delivered,50520,24.99,12,33.4233,-111.4212,2026-05-08,2026-05-03,1362,49.49,2026-05-03T06:55:00Z,2026-05-05T16:30:00Z
2853,189,pending,27400,0,5,36.0876,-78.3885,2026-05-09,,1373,47.76,2026-05-03T06:50:00Z,2026-05-05T16:30:00Z
2854,208,confirmed,49460,7.99,10,42.3065,-87.8264,2026-05-10,,1384,71.98,2026-05-03T06:45:00Z,2026-05-05T16:30:00Z
2855,227,processing,61700,14.99,3,40.4721,-74.1407,2026-05-11,,1395,50.61,2026-05-03T06:40:00Z,2026-05-05T16:30:00Z
2856,246,cancelled,98300,24.99,8,34.0051,-84.5545,2026-05-12,,1406,49.36,2026-05-03T06:35:00Z,2026-05-05T16:30:00Z
2857,265,confirmed,15970,0,1,37.2521,-121.3016,2026-05-06,,1417,89.51,2026-05-03T06:30:00Z,2026-05-05T16:30:00Z
2858,284,processing,36730,7.99,6,39.0444,-104.3137,2026-05-07,,1428,86.99,2026-05-03T06:25:00Z,2026-05-05T16:30:00Z
2859,303,shipped,55080,14.99,11,32.1483,-96.1293,2026-05-08,,1439,46.44,2026-05-03T06:20:00Z,2026-05-05T16:30:00Z
2860,322,delivered,49640,24.99,4,26.1273,-80.0581,2026-05-09,2026-05-03,1450,96.05,2026-05-03T06:15:00Z,2026-05-05T16:30:00Z
2861,341,pending,25020,0,9,42.1411,-71.6149,2026-05-10,,1461,69.93,2026-05-03T06:10:00Z,2026-05-05T16:30:00Z
2862,360,confirmed,12605,7.99,2,34.3135,-118.6949,2026-05-11,,1472,48.4,2026-05-03T06:05:00Z,2026-05-05T16:30:00Z
2863,379,processing,43100,14.99,7,48.2124,-122.491,2026-05-12,,1483,90.36,2026-05-03T06:00:00Z,2026-05-05T16:30:00Z
2864,398,cancelled,49200,24.99,12,33.7016,-111.5334,2026-05-06,,1494,50.05,2026-05-03T05:55:00Z,2026-05-05T16:30:00Z
2865,417,confirmed,27770,0,5,36.4161,-78.3685,2026-05-07,,1505,84.01,2026-05-03T05:50:00Z,2026-05-05T16:30:00Z
2866,436,processing,32044,7.99,10,42.2902,-87.4208,2026-05-08,,1516,79.21,2026-05-03T05:45:00Z,2026-05-05T16:30:00Z
2867,455,shipped,33550,14.99,3,40.0799,-73.7107,2026-05-09,,1527,93.13,2026-05-03T05:40:00Z,2026-05-05T16:30:00Z
2868,474,delivered,29480,24.99,8,34.1412,-85.0521,2026-05-10,2026-05-03,1538,50.78,2026-05-03T05:35:00Z,2026-05-05T16:30:00Z
2869,493,pending,80400,0,,37.7889,-121.631,2026-05-11,,1549,56.88,2026-05-03T05:30:00Z,2026-05-05T16:30:00Z
2870,512,confirmed,31700,7.99,6,40.0318,-105.6625,2026-05-12,,1560,62.06,2026-05-03T05:25:00Z,2026-05-05T16:30:00Z
2871,531,processing,19850,14.99,11,33.0922,-97.4694,2026-05-06,,1571,86.04,2026-05-03T05:20:00Z,2026-05-05T16:30:00Z
2872,550,cancelled,48400,24.99,4,25.6268,-80.3992,2026-05-07,,1582,62.4,2026-05-03T05:15:00Z,2026-05-05T16:30:00Z
2873,569,confirmed,46700,0,9,42.3095,-70.8356,2026-05-08,,1593,88.33,2026-05-03T05:10:00Z,2026-05-05T16:30:00Z
2874,588,processing,36750,7.99,2,34.496,-118.5027,2026-05-09,,1604,96.81,2026-05-03T05:05:00Z,2026-05-05T16:30:00Z
2875,607,shipped,29400,14.99,7,48.2723,-123.0186,2026-05-10,,1615,36.81,2026-05-03T05:00:00Z,2026-05-05T16:30:00Z
2876,626,delivered,10540,24.99,12,34.0895,-112.7583,2026-05-11,2026-05-03,1626,90.89,2026-05-03T04:55:00Z,2026-05-05T16:30:00Z
2877,645,pending,39010,0,5,36.1604,-78.3462,2026-05-12,,1637,51.84,2026-05-03T04:50:00Z,2026-05-05T16:30:00Z
2878,664,confirmed,26720,7.99,10,41.4895,-87.4832,2026-05-06,,1648,51.68,2026-05-03T04:45:00Z,2026-05-05T16:30:00Z
2879,683,processing,49750,14.99,3,40.6789,-73.6594,2026-05-07,,1659,53.85,2026-05-03T04:40:00Z,2026-05-05T16:30:00Z
2880,702,cancelled,60000,24.99,8,33.1999,-84.4262,2026-05-08,,1670,51.84,2026-05-03T04:35:00Z,2026-05-05T16:30:00Z
2881,721,confirmed,18895,0,1,36.7073,-121.7287,2026-05-09,,1681,76.19,2026-05-05T16:30:00Z,2026-05-05T16:30:00Z
2882,740,processing,27220,7.99,6,39.8587,-104.8701,2026-05-10,,1692,51.53,2026-05-05T16:25:00Z,2026-05-05T16:30:00Z
2883,759,shipped,93450,14.99,11,32.6307,-97.2975,2026-05-11,,1703,71.41,2026-05-05T16:20:00Z,2026-05-05T16:30:00Z
2884,778,delivered,39940,24.99,4,26.1594,-79.7397,2026-05-12,2026-05-05,1714,84.13,2026-05-05T16:15:00Z,2026-05-05T16:30:00Z
2885,797,pending,19548,0,9,41.7458,-71.2356,2026-05-06,,1725,60.55,2026-05-05T16:10:00Z,2026-05-05T16:30:00Z
2886,816,confirmed,68250,7.99,2,34.1725,-118.6529,2026-05-07,,1736,45.96,2026-05-05T16:05:00Z,2026-05-05T16:30:00Z
2887,835,processing,35140,14.99,7,47.4157,-121.7097,2026-05-08,,1747,89.13,2026-05-05T16:00:00Z,2026-05-05T16:30:00Z
2888,854,cancelled,29220,24.99,12,33.8495,-112.6097,2026-05-09,,1758,58.61,2026-05-05T15:55:00Z,2026-05-05T16:30:00Z
2889,873,confirmed,6760,0,5,36.084,-77.9497,2026-05-10,,1769,42.73,2026-05-05T15:50:00Z,2026-05-05T16:30:00Z
2890,892,processing,39540,7.99,10,42.0619,-87.639,2026-05-11,,1780,86.19,2026-05-05T15:45:00Z,2026-05-05T16:30:00Z
2891,911,shipped,30170,14.99,3,40.5484,-73.7353,2026-05-12,,1791,46.41,2026-05-05T15:40:00Z,2026-05-05T16:30:00Z
2892,930,delivered,36100,24.99,8,33.168,-84.6181,2026-05-06,2026-05-05,1802,38.21,2026-05-05T15:35:00Z,2026-05-05T16:30:00Z
2893,949,pending,33250,0,,37.6222,-122.3509,2026-05-07,,1813,85.56,2026-05-05T15:30:00Z,2026-05-05T16:30:00Z
2894,968,confirmed,25580,7.99,6,40.1124,-105.2674,2026-05-08,,1824,37.14,2026-05-05T15:25:00Z,2026-05-05T16:30:00Z
2895,987,processing,33500,14.99,11,33.3567,-96.3779,2026-05-09,,1835,72.68,2026-05-05T15:20:00Z,2026-05-05T16:30:00Z
2896,1006,cancelled,25220,24.99,4,25.3463,-80.1827,2026-05-10,,1846,50.61,2026-05-05T15:15:00Z,2026-05-05T16:30:00Z
2897,1025,confirmed,78500,0,9,42.9363,-71.6864,2026-05-11,,1857,59.72,2026-05-05T15:10:00Z,2026-05-05T16:30:00Z
2898,1044,processing,12842,7.99,2,33.6884,-118.1362,2026-05-12,,1868,75.36,2026-05-05T15:05:00Z,2026-05-05T16:30:00Z
2899,1063,shipped,62460,14.99,7,47.794,-123.0196,2026-05-06,,1879,97.07,2026-05-05T15:00:00Z,2026-05-05T16:30:00Z
2900,1082,delivered,37760,24.99,12,34.1201,-111.7547,2026-05-07,2026-05-05,1890,45.63,2026-05-05T14:55:00Z,2026-05-05T16:30:00Z
2901,1101,pending,34790,0,5,36.1599,-78.3058,2026-05-08,,1901,94.01,2026-05-05T14:50:00Z,2026-05-05T16:30:00Z
2902,1120,confirmed,67000,7.99,10,42.4407,-87.6082,2026-05-09,,1912,52.55,2026-05-05T14:45:00Z,2026-05-05T16:30:00Z
2903,1139,processing,24900,14.99,3,40.9918,-74.1778,2026-05-10,,1923,57.6,2026-05-05T14:40:00Z,2026-05-05T16:30:00Z
2904,1158,cancelled,24600,24.99,8,33.0606,-84.8514,2026-05-11,,1934,61.52,2026-05-05T14:35:00Z,2026-05-05T16:30:00Z
2905,1177,confirmed,31400,0,1,36.8713,-121.5733,2026-05-12,,1945,65.57,2026-05-05T14:30:00Z,2026-05-05T16:30:00Z
2906,1196,processing,21210,7.99,6,39.3565,-104.8711,2026-05-06,,1956,92.58,2026-05-05T14:25:00Z,2026-05-05T16:30:00Z
2907,1215,shipped,34010,14.99,11,33.1426,-96.6924,2026-05-07,,1967,54.2,2026-05-05T14:20:00Z,2026-05-05T16:30:00Z
2908,1234,delivered,10360,24.99,4,26.1252,-80.5803,2026-05-08,2026-05-05,1978,57.03,2026-05-05T14:15:00Z,2026-05-05T16:30:00Z
2909,1253,pending,7620,0,9,42.1221,-71.4729,2026-05-09,,1989,45.64,2026-05-05T14:10:00Z,2026-05-05T16:30:00Z
2910,1272,confirmed,46000,7.99,2,34.5796,-118.3807,2026-05-10,,2000,35.77,2026-05-05T14:05:00Z,2026-05-05T16:30:00Z
2911,1291,processing,28900,14.99,7,47.0582,-122.1994,2026-05-11,,2011,91.44,2026-05-05T14:00:00Z,2026-05-05T16:30:00Z
2912,1310,cancelled,50520,24.99,12,33.1132,-112.1752,2026-05-12,,2022,93.18,2026-05-05T13:55:00Z,2026-05-05T16:30:00Z
2913,1329,confirmed,27400,0,5,35.487,-78.6979,2026-05-06,,2033,59.51,2026-05-05T13:50:00Z,2026-05-05T16:30:00Z
2914,1348,processing,49460,7.99,10,42.543,-87.6061,2026-05-07,,2044,90.99,2026-05-05T13:45:00Z,2026-05-05T16:30:00Z
2915,1367,shipped,61700,14.99,3,41.1173,-73.9706,2026-05-08,,2055,48.6,2026-05-05T13:40:00Z,2026-05-05T16:30:00Z
2916,1386,delivered,98300,24.99,8,34.0106,-84.3206,2026-05-09,2026-05-05,2066,51.98,2026-05-05T13:35:00Z,2026-05-05T16:30:00Z
2917,1405,pending,15970,0,,37.7033,-122.4166,2026-05-10,,2077,79.36,2026-05-05T13:30:00Z,2026-05-05T16:30:00Z
2918,1424,confirmed,36730,7.99,6,39.1192,-104.3746,2026-05-11,,2088,94.14,2026-05-05T13:25:00Z,2026-05-05T16:30:00Z
2919,1443,processing,55080,14.99,11,32.7967,-96.7255,2026-05-12,,2099,85.08,2026-05-05T13:20:00Z,2026-05-05T16:30:00Z
2920,1462,cancelled,49640,24.99,4,25.5021,-79.8347,2026-05-06,,2110,77.84,2026-05-05T13:15:00Z,2026-05-05T16:30:00Z
2921,1481,confirmed,25020,0,9,42.5429,-71.2315,2026-05-07,,2121,44.61,2026-05-05T13:10:00Z,2026-05-05T16:30:00Z
2922,1500,processing,12605,7.99,2,33.6231,-118.7834,2026-05-08,,2132,63.06,2026-05-05T13:05:00Z,2026-05-05T16:30:00Z
2923,1519,shipped,43100,14.99,7,47.1007,-121.8339,2026-05-09,,2143,43.11,2026-05-05T13:00:00Z,2026-05-05T16:30:00Z
2924,1538,delivered,49200,24.99,12,33.1467,-111.4414,2026-05-10,2026-05-05,2154,43.84,2026-05-05T12:55:00Z,2026-05-05T16:30:00Z
2925,1557,pending,27770,0,5,35.684,-78.2795,2026-05-11,,2165,43.13,2026-05-05T12:50:00Z,2026-05-05T16:30:00Z
2926,1576,confirmed,32044,7.99,10,41.9876,-88.0425,2026-05-12,,2176,46.19,2026-05-05T12:45:00Z,2026-05-05T16:30:00Z
2927,1595,processing,33550,14.99,3,41.2386,-73.8079,2026-05-06,,2187,65.83,2026-05-05T12:40:00Z,2026-05-05T16:30:00Z
2928,1614,cancelled,29480,24.99,8,34.3976,-84.1375,2026-05-07,,2198,44.87,2026-05-05T12:35:00Z,2026-05-05T16:30:00Z
2929,1633,confirmed,80400,0,1,37.9499,-121.5912,2026-05-08,,2209,48.48,2026-05-05T12:30:00Z,2026-05-05T16:30:00Z
2930,1652,processing,31700,7.99,6,40.3647,-105.5435,2026-05-09,,2220,65.91,2026-05-05T12:25:00Z,2026-05-05T16:30:00Z
2931,1671,shipped,19850,14.99,11,33.1073,-96.8186,2026-05-10,,2231,89.82,2026-05-05T12:20:00Z,2026-05-05T16:30:00Z
2932,1690,delivered,48400,24.99,4,25.9042,-79.8041,2026-05-11,2026-05-05,2242,50,2026-05-05T12:15:00Z,2026-05-05T16:30:00Z
2933,1709,pending,46700,0,9,42.9577,-70.5443,2026-05-12,,2253,72.39,2026-05-05T12:10:00Z,2026-05-05T16:30:00Z
2934,1728,confirmed,36750,7.99,2,34.0329,-118.7033,2026-05-06,,2264,41.74,2026-05-05T12:05:00Z,2026-05-05T16:30:00Z
2935,1747,processing,29400,14.99,7,47.3762,-121.6369,2026-05-07,,2275,82.86,2026-05-05T12:00:00Z,2026-05-05T16:30:00Z
2936,1766,cancelled,10540,24.99,12,33.9093,-112.6105,2026-05-08,,2286,43.61,2026-05-05T11:55:00Z,2026-05-05T16:30:00Z
2937,1785,confirmed,39010,0,5,35.9394,-79.0095,2026-05-09,,2297,89.82,2026-05-05T11:50:00Z,2026-05-05T16:30:00Z
2938,1804,processing,26720,7.99,10,41.6266,-87.044,2026-05-10,,2308,86,2026-05-05T11:45:00Z,2026-05-05T16:30:00Z
2939,1823,shipped,49750,14.99,3,40.1445,-74.0154,2026-05-11,,2319,71.24,2026-05-05T11:40:00Z,2026-05-05T16:30:00Z
2940,1842,delivered,60000,24.99,8,33.5075,-84.4132,2026-05-12,2026-05-05,2330,95.35,2026-05-05T11:35:00Z,2026-05-05T16:30:00Z
2941,1861,pending,18895,0,,37.2519,-122.1279,2026-05-06,,2341,46.79,2026-05-05T11:30:00Z,2026-05-05T16:30:00Z
2942,1880,confirmed,27220,7.99,6,39.241,-104.4787,2026-05-07,,2352,49.42,2026-05-05T11:25:00Z,2026-05-05T16:30:00Z
2943,1899,processing,93450,14.99,11,32.6478,-96.4764,2026-05-08,,2363,47.24,2026-05-05T11:20:00Z,2026-05-05T16:30:00Z
2944,1918,cancelled,39940,24.99,4,26.3555,-79.6777,2026-05-09,,2374,57.39,2026-05-05T11:15:00Z,2026-05-05T16:30:00Z
2945,1937,confirmed,19548,0,9,41.8036,-71.7257,2026-05-10,,2385,94.84,2026-05-05T11:10:00Z,2026-05-05T16:30:00Z
2946,1956,processing,68250,7.99,2,33.6213,-118.8179,2026-05-11,,2396,41.01,2026-05-05T11:05:00Z,2026-05-05T16:30:00Z
2947,1975,shipped,35140,14.99,7,47.1364,-121.9159,2026-05-12,,2407,95.12,2026-05-05T11:00:00Z,2026-05-05T16:30:00Z
2948,1994,delivered,29220,24.99,12,33.5929,-112.3067,2026-05-06,2026-05-05,2418,59.86,2026-05-05T10:55:00Z,2026-05-05T16:30:00Z
2949,13,pending,6760,0,5,37.1,-122.0985,2026-05-07,,2429,55.51,2026-05-05T10:50:00Z,2026-05-05T16:30:00Z
2950,32,confirmed,39540,7.99,10,39.0799,-104.5414,2026-05-08,,2440,85.41,2026-05-05T10:45:00Z,2026-05-05T16:30:00Z
2951,51,processing,30170,14.99,3,32.7623,-96.7341,2026-05-09,,2451,51.06,2026-05-05T10:40:00Z,2026-05-05T16:30:00Z
2952,70,cancelled,36100,24.99,8,25.4305,-80.3201,2026-05-10,,2462,76.42,2026-05-05T10:35:00Z,2026-05-05T16:30:00Z
2953,89,confirmed,33250,0,1,42.0486,-71.5484,2026-05-11,,2473,83.94,2026-05-05T10:30:00Z,2026-05-05T16:30:00Z
2954,108,processing,25580,7.99,6,33.5491,-118.628,2026-05-12,,2484,52.14,2026-05-05T10:25:00Z,2026-05-05T16:30:00Z
2955,127,shipped,33500,14.99,11,47.841,-122.3737,2026-05-06,,2495,92.69,2026-05-05T10:20:00Z,2026-05-05T16:30:00Z
2956,146,delivered,25220,24.99,4,33.5834,-112.0495,2026-05-07,2026-05-05,2506,84.18,2026-05-05T10:15:00Z,2026-05-05T16:30:00Z
2957,165,pending,78500,0,9,36.2575,-78.1991,2026-05-08,,2517,65.41,2026-05-05T10:10:00Z,2026-05-05T16:30:00Z
2958,184,confirmed,12842,7.99,2,41.8317,-87.2381,2026-05-09,,2528,57.66,2026-05-05T10:05:00Z,2026-05-05T16:30:00Z
2959,203,processing,62460,14.99,7,40.2397,-73.7146,2026-05-10,,2539,63.92,2026-05-05T10:00:00Z,2026-05-05T16:30:00Z
2960,222,cancelled,37760,24.99,12,33.9912,-84.8729,2026-05-11,,2550,45.15,2026-05-05T09:55:00Z,2026-05-05T16:30:00Z
2961,241,confirmed,34790,0,5,36.669,-121.477,2026-05-12,,2561,84.11,2026-05-05T09:50:00Z,2026-05-05T16:30:00Z
2962,260,processing,67000,7.99,10,40.4324,-104.7693,2026-05-06,,2572,89.33,2026-05-05T09:45:00Z,2026-05-05T16:30:00Z
2963,279,shipped,24900,14.99,3,32.5159,-97.2107,2026-05-07,,2583,78.07,2026-05-05T09:40:00Z,2026-05-05T16:30:00Z
2964,298,delivered,24600,24.99,8,25.3888,-80.8597,2026-05-08,2026-05-05,2594,75.7,2026-05-05T09:35:00Z,2026-05-05T16:30:00Z
2965,317,pending,31400,0,,42.3028,-70.923,2026-05-09,,2605,88.48,2026-05-05T09:30:00Z,2026-05-05T16:30:00Z
2966,336,confirmed,21210,7.99,6,34.4268,-117.9725,2026-05-10,,2616,39.69,2026-05-05T09:25:00Z,2026-05-05T16:30:00Z
2967,355,processing,34010,14.99,11,48.0767,-122.3247,2026-05-11,,2627,40.56,2026-05-05T09:20:00Z,2026-05-05T16:30:00Z
2968,374,cancelled,10360,24.99,4,34.0065,-112.6718,2026-05-12,,2638,78.89,2026-05-05T09:15:00Z,2026-05-05T16:30:00Z
2969,393,confirmed,7620,0,9,36.3285,-79.1335,2026-05-06,,2649,74.2,2026-05-05T09:10:00Z,2026-05-05T16:30:00Z
2970,412,processing,46000,7.99,2,42.5622,-87.2347,2026-05-07,,2660,66.24,2026-05-05T09:05:00Z,2026-05-05T16:30:00Z
2971,431,shipped,28900,14.99,7,40.8394,-74.6833,2026-05-08,,2671,71.42,2026-05-05T09:00:00Z,2026-05-05T16:30:00Z
2972,450,delivered,50520,24.99,12,33.8978,-84.3057,2026-05-09,2026-05-05,2682,62.8,2026-05-05T08:55:00Z,2026-05-05T16:30:00Z
2973,469,pending,27400,0,5,37.0019,-122.4967,2026-05-10,,2693,88.84,2026-05-05T08:50:00Z,2026-05-05T16:30:00Z
2974,488,confirmed,49460,7.99,10,39.6259,-105.4334,2026-05-11,,2704,44.12,2026-05-05T08:45:00Z,2026-05-05T16:30:00Z
2975,507,processing,61700,14.99,3,33.1507,-97.4946,2026-05-12,,2715,43.6,2026-05-05T08:40:00Z,2026-05-05T16:30:00Z
2976,526,cancelled,98300,24.99,8,25.1261,-79.9899,2026-05-06,,2726,62.15,2026-05-05T08:35:00Z,2026-05-05T16:30:00Z
2977,545,confirmed,15970,0,1,42.1785,-70.5359,2026-05-07,,2737,72.58,2026-05-05T08:30:00Z,2026-05-05T16:30:00Z
2978,564,processing,36730,7.99,6,34.7131,-118.7711,2026-05-08,,2748,66.21,2026-05-05T08:25:00Z,2026-05-05T16:30:00Z
2979,583,shipped,55080,14.99,11,48.1416,-122.2884,2026-05-09,,2759,36.83,2026-05-05T08:20:00Z,2026-05-05T16:30:00Z
2980,602,delivered,49640,24.99,4,33.4333,-111.4681,2026-05-10,2026-05-05,2770,89.36,2026-05-05T08:15:00Z,2026-05-05T16:30:00Z
2981,621,pending,25020,0,9,35.771,-78.2483,2026-05-11,,2781,62.62,2026-05-05T08:10:00Z,2026-05-05T16:30:00Z
2982,640,confirmed,12605,7.99,2,41.6287,-87.0824,2026-05-12,,2792,60.53,2026-05-05T08:05:00Z,2026-05-05T16:30:00Z
2983,659,processing,43100,14.99,7,40.5359,-73.3431,2026-05-06,,2803,73.49,2026-05-05T08:00:00Z,2026-05-05T16:30:00Z
2984,678,cancelled,49200,24.99,12,34.4186,-84.4722,2026-05-07,,2814,60.33,2026-05-05T07:55:00Z,2026-05-05T16:30:00Z
2985,697,confirmed,27770,0,5,37.1196,-122.4803,2026-05-08,,2825,59.11,2026-05-05T07:50:00Z,2026-05-05T16:30:00Z
2986,716,processing,32044,7.99,10,39.8797,-104.5488,2026-05-09,,2836,63.49,2026-05-05T07:45:00Z,2026-05-05T16:30:00Z
2987,735,shipped,33550,14.99,3,32.2148,-96.7267,2026-05-10,,2847,83.83,2026-05-05T07:40:00Z,2026-05-05T16:30:00Z
2988,754,delivered,29480,24.99,8,25.1094,-79.9983,2026-05-11,2026-05-05,2858,88.02,2026-05-05T07:35:00Z,2026-05-05T16:30:00Z
2989,773,pending,80400,0,,42.9903,-71.3902,2026-05-12,,2869,54.89,2026-05-05T07:30:00Z,2026-05-05T16:30:00Z
2990,792,confirmed,31700,7.99,6,33.5864,-117.5909,2026-05-06,,2880,71.91,2026-05-05T07:25:00Z,2026-05-05T16:30:00Z
2991,811,processing,19850,14.99,11,47.3484,-122.88,2026-05-07,,2891,72.89,2026-05-05T07:20:00Z,2026-05-05T16:30:00Z
2992,830,cancelled,48400,24.99,4,33.9899,-111.432,2026-05-08,,2902,45.39,2026-05-05T07:15:00Z,2026-05-05T16:30:00Z
2993,849,confirmed,46700,0,9,35.6706,-78.164,2026-05-09,,2913,64.56,2026-05-05T07:10:00Z,2026-05-05T16:30:00Z
2994,868,processing,36750,7.99,2,42.3363,-87.8907,2026-05-10,,2924,85.86,2026-05-05T07:05:00Z,2026-05-05T16:30:00Z
2995,887,shipped,29400,14.99,7,40.5309,-74.4071,2026-05-11,,2935,49.51,2026-05-05T07:00:00Z,2026-05-05T16:30:00Z
2996,906,delivered,10540,24.99,12,34.0109,-84.6165,2026-05-12,2026-05-05,2946,38.01,2026-05-05T06:55:00Z,2026-05-05T16:30:00Z
2997,925,pending,39010,0,5,36.8008,-121.9397,2026-05-06,,2957,86.55,2026-05-05T06:50:00Z,2026-05-05T16:30:00Z
2998,944,confirmed,26720,7.99,10,39.5884,-104.3291,2026-05-07,,2968,88.89,2026-05-05T06:45:00Z,2026-05-05T16:30:00Z
2999,963,processing,49750,14.99,3,32.8171,-96.1338,2026-05-08,,2979,75.85,2026-05-05T06:40:00Z,2026-05-05T16:30:00Z
3000,982,cancelled,60000,24.99,8,26.2884,-80.0389,2026-05-09,,2990,72.58,2026-05-05T06:35:00Z,2026-05-05T16:30:00Z
