item_id,order_id,product_id,quantity,unit_price,fulfilled_from
1,1,1,1,1495,1
2,1,14,2,5100,1
3,1,30,3,2400,1
4,2,8,2,7600,6
5,2,21,3,540,6
6,2,37,4,2600,6
7,3,15,3,6200,11
8,3,28,4,17400,11
9,3,44,1,5250,11
10,4,22,4,8800,4
11,4,35,1,2100,4
12,4,51,2,1320,4
13,5,29,1,48,9
14,5,42,2,3900,9
15,5,58,3,3900,9
16,6,36,2,4500,2
17,6,49,3,2950,2
18,6,5,4,12600,2
19,7,43,3,1280,7
20,7,56,4,6800,7
21,7,12,1,4100,7
22,8,50,4,5150,12
23,8,3,1,420,12
24,8,19,2,4100,12
25,9,57,1,3400,5
26,9,10,2,540,5
27,9,26,3,760,5
28,10,4,2,3800,10
29,10,17,3,180,10
30,10,33,4,7850,10
31,11,11,3,3200,3
32,11,24,4,4900,3
33,11,40,1,970,3
34,12,18,4,2950,8
35,12,31,1,1900,8
36,12,47,2,11200,8
37,13,25,1,1250,1
38,13,38,2,3100,1
39,13,54,3,8600,1
40,14,32,2,3350,6
41,14,45,3,4300,6
42,14,1,4,1495,6
43,15,39,3,2300,11
44,15,52,4,4750,11
45,15,8,1,7600,11
46,16,46,4,880,4
47,16,59,1,9300,4
48,16,15,2,6200,4
49,17,53,1,7100,9
50,17,6,2,22500,9
51,17,22,3,8800,9
52,18,60,2,2200,2
53,18,13,3,2750,2
54,18,29,4,48,2
55,19,7,3,18400,7
56,19,20,4,690,7
57,19,36,1,4500,7
58,20,14,4,5100,12
59,20,27,1,14800,12
60,20,43,2,1280,12
61,21,21,1,540,5
62,21,34,2,9400,5
63,21,50,3,5150,5
64,22,28,2,17400,10
65,22,41,3,6200,10
66,22,57,4,3400,10
67,23,35,3,2100,3
68,23,48,4,3700,3
69,23,4,1,3800,3
70,24,42,4,3900,8
71,24,55,1,2600,8
72,24,11,2,3200,8
73,25,49,1,2950,1
74,25,2,2,9800,1
75,25,18,3,2950,1
76,26,56,2,6800,6
77,26,9,3,870,6
78,26,25,4,1250,6
79,27,3,3,420,11
80,27,16,4,7350,11
81,27,32,1,3350,11
82,28,10,4,540,4
83,28,23,1,3600,4
84,28,39,2,2300,4
85,29,17,1,180,9
86,29,30,2,2400,9
87,29,46,3,880,9
88,30,24,2,4900,2
89,30,37,3,2600,2
90,30,53,4,7100,2
91,31,31,3,1900,7
92,31,44,4,5250,7
93,31,60,1,2200,7
94,32,38,4,3100,12
95,32,51,1,1320,12
96,32,7,2,18400,12
97,33,45,1,4300,5
98,33,58,2,3900,5
99,33,14,3,5100,5
100,34,52,2,4750,10
101,34,5,3,12600,10
102,34,21,4,540,10
103,35,59,3,9300,3
104,35,12,4,4100,3
105,35,28,1,17400,3
106,36,6,4,22500,8
107,36,19,1,4100,8
108,36,35,2,2100,8
109,37,13,1,2750,1
110,37,26,2,760,1
111,37,42,3,3900,1
112,38,20,2,690,6
113,38,33,3,7850,6
114,38,49,4,2950,6
115,39,27,3,14800,11
116,39,40,4,970,11
117,39,56,1,6800,11
118,40,34,4,9400,4
119,40,47,1,11200,4
120,40,3,2,420,4
121,41,41,1,6200,9
122,41,54,2,8600,9
123,41,10,3,540,9
124,42,48,2,3700,2
125,42,1,3,1495,2
126,42,17,4,180,2
127,43,55,3,2600,7
128,43,8,4,7600,7
129,43,24,1,4900,7
130,44,2,4,9800,12
131,44,15,1,6200,12
132,44,31,2,1900,12
133,45,9,1,870,5
134,45,22,2,8800,5
135,45,38,3,3100,5
136,46,16,2,7350,10
137,46,29,3,48,10
138,46,45,4,4300,10
139,47,23,3,3600,3
140,47,36,4,4500,3
141,47,52,1,4750,3
142,48,30,4,2400,8
143,48,43,1,1280,8
144,48,59,2,9300,8
145,49,37,1,2600,1
146,49,50,2,5150,1
147,49,6,3,22500,1
148,50,44,2,5250,6
149,50,57,3,3400,6
150,50,13,4,2750,6
151,51,51,3,1320,11
152,51,4,4,3800,11
153,51,20,1,690,11
154,52,58,4,3900,4
155,52,11,1,3200,4
156,52,27,2,14800,4
157,53,5,1,12600,9
158,53,18,2,2950,9
159,53,34,3,9400,9
160,54,12,2,4100,2
161,54,25,3,1250,2
162,54,41,4,6200,2
163,55,19,3,4100,7
164,55,32,4,3350,7
165,55,48,1,3700,7
166,56,26,4,760,12
167,56,39,1,2300,12
168,56,55,2,2600,12
169,57,33,1,7850,5
170,57,46,2,880,5
171,57,2,3,9800,5
172,58,40,2,970,10
173,58,53,3,7100,10
174,58,9,4,870,10
175,59,47,3,11200,3
176,59,60,4,2200,3
177,59,16,1,7350,3
178,60,54,4,8600,8
179,60,7,1,18400,8
180,60,23,2,3600,8
181,61,1,1,1495,1
182,61,14,2,5100,1
183,61,30,3,2400,1
184,62,8,2,7600,6
185,62,21,3,540,6
186,62,37,4,2600,6
187,63,15,3,6200,11
188,63,28,4,17400,11
189,63,44,1,5250,11
190,64,22,4,8800,4
191,64,35,1,2100,4
192,64,51,2,1320,4
193,65,29,1,48,9
194,65,42,2,3900,9
195,65,58,3,3900,9
196,66,36,2,4500,2
197,66,49,3,2950,2
198,66,5,4,12600,2
199,67,43,3,1280,7
200,67,56,4,6800,7
201,67,12,1,4100,7
202,68,50,4,5150,12
203,68,3,1,420,12
204,68,19,2,4100,12
205,69,57,1,3400,5
206,69,10,2,540,5
207,69,26,3,760,5
208,70,4,2,3800,10
209,70,17,3,180,10
210,70,33,4,7850,10
211,71,11,3,3200,3
212,71,24,4,4900,3
213,71,40,1,970,3
214,72,18,4,2950,8
215,72,31,1,1900,8
216,72,47,2,11200,8
217,73,25,1,1250,1
218,73,38,2,3100,1
219,73,54,3,8600,1
220,74,32,2,3350,6
221,74,45,3,4300,6
222,74,1,4,1495,6
223,75,39,3,2300,11
224,75,52,4,4750,11
225,75,8,1,7600,11
226,76,46,4,880,4
227,76,59,1,9300,4
228,76,15,2,6200,4
229,77,53,1,7100,9
230,77,6,2,22500,9
231,77,22,3,8800,9
232,78,60,2,2200,2
233,78,13,3,2750,2
234,78,29,4,48,2
235,79,7,3,18400,7
236,79,20,4,690,7
237,79,36,1,4500,7
238,80,14,4,5100,12
239,80,27,1,14800,12
240,80,43,2,1280,12
241,81,21,1,540,5
242,81,34,2,9400,5
243,81,50,3,5150,5
244,82,28,2,17400,10
245,82,41,3,6200,10
246,82,57,4,3400,10
247,83,35,3,2100,3
248,83,48,4,3700,3
249,83,4,1,3800,3
250,84,42,4,3900,8
251,84,55,1,2600,8
252,84,11,2,3200,8
253,85,49,1,2950,1
254,85,2,2,9800,1
255,85,18,3,2950,1
256,86,56,2,6800,6
257,86,9,3,870,6
258,86,25,4,1250,6
259,87,3,3,420,11
260,87,16,4,7350,11
261,87,32,1,3350,11
262,88,10,4,540,4
263,88,23,1,3600,4
264,88,39,2,2300,4
265,89,17,1,180,9
266,89,30,2,2400,9
267,89,46,3,880,9
268,90,24,2,4900,2
269,90,37,3,2600,2
270,90,53,4,7100,2
271,91,31,3,1900,7
272,91,44,4,5250,7
273,91,60,1,2200,7
274,92,38,4,3100,12
275,92,51,1,1320,12
276,92,7,2,18400,12
277,93,45,1,4300,5
278,93,58,2,3900,5
279,93,14,3,5100,5
280,94,52,2,4750,10
281,94,5,3,12600,10
282,94,21,4,540,10
283,95,59,3,9300,3
284,95,12,4,4100,3
285,95,28,1,17400,3
286,96,6,4,22500,8
287,96,19,1,4100,8
288,96,35,2,2100,8
289,97,13,1,2750,1
290,97,26,2,760,1
291,97,42,3,3900,1
292,98,20,2,690,6
293,98,33,3,7850,6
294,98,49,4,2950,6
295,99,27,3,14800,11
296,99,40,4,970,11
297,99,56,1,6800,11
298,100,34,4,9400,4
299,100,47,1,11200,4
300,100,3,2,420,4
301,101,41,1,6200,9
302,101,54,2,8600,9
303,101,10,3,540,9
304,102,48,2,3700,2
305,102,1,3,1495,2
306,102,17,4,180,2
307,103,55,3,2600,7
308,103,8,4,7600,7
309,103,24,1,4900,7
310,104,2,4,9800,12
311,104,15,1,6200,12
312,104,31,2,1900,12
313,105,9,1,870,5
314,105,22,2,8800,5
315,105,38,3,3100,5
316,106,16,2,7350,10
317,106,29,3,48,10
318,106,45,4,4300,10
319,107,23,3,3600,3
320,107,36,4,4500,3
321,107,52,1,4750,3
322,108,30,4,2400,8
323,108,43,1,1280,8
324,108,59,2,9300,8
325,109,37,1,2600,1
326,109,50,2,5150,1
327,109,6,3,22500,1
328,110,44,2,5250,6
329,110,57,3,3400,6
330,110,13,4,2750,6
331,111,51,3,1320,11
332,111,4,4,3800,11
333,111,20,1,690,11
334,112,58,4,3900,4
335,112,11,1,3200,4
336,112,27,2,14800,4
337,113,5,1,12600,9
338,113,18,2,2950,9
339,113,34,3,9400,9
340,114,12,2,4100,2
341,114,25,3,1250,2
342,114,41,4,6200,2
343,115,19,3,4100,7
344,115,32,4,3350,7
345,115,48,1,3700,7
346,116,26,4,760,12
347,116,39,1,2300,12
348,116,55,2,2600,12
349,117,33,1,7850,5
350,117,46,2,880,5
351,117,2,3,9800,5
352,118,40,2,970,10
353,118,53,3,7100,10
354,118,9,4,870,10
355,119,47,3,11200,3
356,119,60,4,2200,3
357,119,16,1,7350,3
358,120,54,4,8600,8
359,120,7,1,18400,8
360,120,23,2,3600,8
361,121,1,1,1495,1
362,121,14,2,5100,1
363,121,30,3,2400,1
364,122,8,2,7600,6
365,122,21,3,540,6
366,122,37,4,2600,6
367,123,15,3,6200,11
368,123,28,4,17400,11
369,123,44,1,5250,11
370,124,22,4,8800,4
371,124,35,1,2100,4
372,124,51,2,1320,4
373,125,29,1,48,9
374,125,42,2,3900,9
375,125,58,3,3900,9
376,126,36,2,4500,2
377,126,49,3,2950,2
378,126,5,4,12600,2
379,127,43,3,1280,7
380,127,56,4,6800,7
381,127,12,1,4100,7
382,128,50,4,5150,12
383,128,3,1,420,12
384,128,19,2,4100,12
385,129,57,1,3400,5
386,129,10,2,540,5
387,129,26,3,760,5
388,130,4,2,3800,10
389,130,17,3,180,10
390,130,33,4,7850,10
391,131,11,3,3200,3
392,131,24,4,4900,3
393,131,40,1,970,3
394,132,18,4,2950,8
395,132,31,1,1900,8
396,132,47,2,11200,8
397,133,25,1,1250,1
398,133,38,2,3100,1
399,133,54,3,8600,1
400,134,32,2,3350,6
401,134,45,3,4300,6
402,134,1,4,1495,6
403,135,39,3,2300,11
404,135,52,4,4750,11
405,135,8,1,7600,11
406,136,46,4,880,4
407,136,59,1,9300,4
408,136,15,2,6200,4
409,137,53,1,7100,9
410,137,6,2,22500,9
411,137,22,3,8800,9
412,138,60,2,2200,2
413,138,13,3,2750,2
414,138,29,4,48,2
415,139,7,3,18400,7
416,139,20,4,690,7
417,139,36,1,4500,7
418,140,14,4,5100,12
419,140,27,1,14800,12
420,140,43,2,1280,12
421,141,21,1,540,5
422,141,34,2,9400,5
423,141,50,3,5150,5
424,142,28,2,17400,10
425,142,41,3,6200,10
426,142,57,4,3400,10
427,143,35,3,2100,3
428,143,48,4,3700,3
429,143,4,1,3800,3
430,144,42,4,3900,8
431,144,55,1,2600,8
432,144,11,2,3200,8
433,145,49,1,2950,1
434,145,2,2,9800,1
435,145,18,3,2950,1
436,146,56,2,6800,6
437,146,9,3,870,6
438,146,25,4,1250,6
439,147,3,3,420,11
440,147,16,4,7350,11
441,147,32,1,3350,11
442,148,10,4,540,4
443,148,23,1,3600,4
444,148,39,2,2300,4
445,149,17,1,180,9
446,149,30,2,2400,9
447,149,46,3,880,9
448,150,24,2,4900,2
449,150,37,3,2600,2
450,150,53,4,7100,2
451,151,31,3,1900,7
452,151,44,4,5250,7
453,151,60,1,2200,7
454,152,38,4,3100,12
455,152,51,1,1320,12
456,152,7,2,18400,12
457,153,45,1,4300,5
458,153,58,2,3900,5
459,153,14,3,5100,5
460,154,52,2,4750,10
461,154,5,3,12600,10
462,154,21,4,540,10
463,155,59,3,9300,3
464,155,12,4,4100,3
465,155,28,1,17400,3
466,156,6,4,22500,8
467,156,19,1,4100,8
468,156,35,2,2100,8
469,157,13,1,2750,1
470,157,26,2,760,1
471,157,42,3,3900,1
472,158,20,2,690,6
473,158,33,3,7850,6
474,158,49,4,2950,6
475,159,27,3,14800,11
476,159,40,4,970,11
477,159,56,1,6800,11
478,160,34,4,9400,4
479,160,47,1,11200,4
480,160,3,2,420,4
481,161,41,1,6200,9
482,161,54,2,8600,9
483,161,10,3,540,9
484,162,48,2,3700,2
485,162,1,3,1495,2
486,162,17,4,180,2
487,163,55,3,2600,7
488,163,8,4,7600,7
489,163,24,1,4900,7
490,164,2,4,9800,12
491,164,15,1,6200,12
492,164,31,2,1900,12
493,165,9,1,870,5
494,165,22,2,8800,5
495,165,38,3,3100,5
496,166,16,2,7350,10
497,166,29,3,48,10
498,166,45,4,4300,10
499,167,23,3,3600,3
500,167,36,4,4500,3
501,167,52,1,4750,3
502,168,30,4,2400,8
503,168,43,1,1280,8
504,168,59,2,9300,8
505,169,37,1,2600,1
506,169,50,2,5150,1
507,169,6,3,22500,1
508,170,44,2,5250,6
509,170,57,3,3400,6
510,170,13,4,2750,6
511,171,51,3,1320,11
512,171,4,4,3800,11
513,171,20,1,690,11
514,172,58,4,3900,4
515,172,11,1,3200,4
516,172,27,2,14800,4
517,173,5,1,12600,9
518,173,18,2,2950,9
519,173,34,3,9400,9
520,174,12,2,4100,2
521,174,25,3,1250,2
522,174,41,4,6200,2
523,175,19,3,4100,7
524,175,32,4,3350,7
525,175,48,1,3700,7
526,176,26,4,760,12
527,176,39,1,2300,12
528,176,55,2,2600,12
529,177,33,1,7850,5
530,177,46,2,880,5
531,177,2,3,9800,5
532,178,40,2,970,10
533,178,53,3,7100,10
534,178,9,4,870,10
535,179,47,3,11200,3
536,179,60,4,2200,3
537,179,16,1,7350,3
538,180,54,4,8600,8
539,180,7,1,18400,8
540,180,23,2,3600,8
541,181,1,1,1495,1
542,181,14,2,5100,1
543,181,30,3,2400,1
544,182,8,2,7600,6
545,182,21,3,540,6
546,182,37,4,2600,6
547,183,15,3,6200,11
548,183,28,4,17400,11
549,183,44,1,5250,11
550,184,22,4,8800,4
551,184,35,1,2100,4
552,184,51,2,1320,4
553,185,29,1,48,9
554,185,42,2,3900,9
555,185,58,3,3900,9
556,186,36,2,4500,2
557,186,49,3,2950,2
558,186,5,4,12600,2
559,187,43,3,1280,7
560,187,56,4,6800,7
561,187,12,1,4100,7
562,188,50,4,5150,12
563,188,3,1,420,12
564,188,19,2,4100,12
565,189,57,1,3400,5
566,189,10,2,540,5
567,189,26,3,760,5
568,190,4,2,3800,10
569,190,17,3,180,10
570,190,33,4,7850,10
571,191,11,3,3200,3
572,191,24,4,4900,3
573,191,40,1,970,3
574,192,18,4,2950,8
575,192,31,1,1900,8
576,192,47,2,11200,8
577,193,25,1,1250,1
578,193,38,2,3100,1
579,193,54,3,8600,1
580,194,32,2,3350,6
581,194,45,3,4300,6
582,194,1,4,1495,6
583,195,39,3,2300,11
584,195,52,4,4750,11
585,195,8,1,7600,11
586,196,46,4,880,4
587,196,59,1,9300,4
588,196,15,2,6200,4
589,197,53,1,7100,9
590,197,6,2,22500,9
591,197,22,3,8800,9
592,198,60,2,2200,2
593,198,13,3,2750,2
594,198,29,4,48,2
595,199,7,3,18400,7
596,199,20,4,690,7
597,199,36,1,4500,7
598,200,14,4,5100,12
599,200,27,1,14800,12
600,200,43,2,1280,12
601,201,21,1,540,5
602,201,34,2,9400,5
603,201,50,3,5150,5
604,202,28,2,17400,10
605,202,41,3,6200,10
606,202,57,4,3400,10
607,203,35,3,2100,3
608,203,48,4,3700,3
609,203,4,1,3800,3
610,204,42,4,3900,8
611,204,55,1,2600,8
612,204,11,2,3200,8
613,205,49,1,2950,1
614,205,2,2,9800,1
615,205,18,3,2950,1
616,206,56,2,6800,6
617,206,9,3,870,6
618,206,25,4,1250,6
619,207,3,3,420,11
620,207,16,4,7350,11
621,207,32,1,3350,11
622,208,10,4,540,4
623,208,23,1,3600,4
624,208,39,2,2300,4
625,209,17,1,180,9
626,209,30,2,2400,9
627,209,46,3,880,9
628,210,24,2,4900,2
629,210,37,3,2600,2
630,210,53,4,7100,2
631,211,31,3,1900,7
632,211,44,4,5250,7
633,211,60,1,2200,7
634,212,38,4,3100,12
635,212,51,1,1320,12
636,212,7,2,18400,12
637,213,45,1,4300,5
638,213,58,2,3900,5
639,213,14,3,5100,5
640,214,52,2,4750,10
641,214,5,3,12600,10
642,214,21,4,540,10
643,215,59,3,9300,3
644,215,12,4,4100,3
645,215,28,1,17400,3
646,216,6,4,22500,8
647,216,19,1,4100,8
648,216,35,2,2100,8
649,217,13,1,2750,1
650,217,26,2,760,1
651,217,42,3,3900,1
652,218,20,2,690,6
653,218,33,3,7850,6
654,218,49,4,2950,6
655,219,27,3,14800,11
656,219,40,4,970,11
657,219,56,1,6800,11
658,220,34,4,9400,4
659,220,47,1,11200,4
660,220,3,2,420,4
661,221,41,1,6200,9
662,221,54,2,8600,9
663,221,10,3,540,9
664,222,48,2,3700,2
665,222,1,3,1495,2
666,222,17,4,180,2
667,223,55,3,2600,7
668,223,8,4,7600,7
669,223,24,1,4900,7
670,224,2,4,9800,12
671,224,15,1,6200,12
672,224,31,2,1900,12
673,225,9,1,870,5
674,225,22,2,8800,5
675,225,38,3,3100,5
676,226,16,2,7350,10
677,226,29,3,48,10
678,226,45,4,4300,10
679,227,23,3,3600,3
680,227,36,4,4500,3
681,227,52,1,4750,3
682,228,30,4,2400,8
683,228,43,1,1280,8
684,228,59,2,9300,8
685,229,37,1,2600,1
686,229,50,2,5150,1
687,229,6,3,22500,1
688,230,44,2,5250,6
689,230,57,3,3400,6
690,230,13,4,2750,6
691,231,51,3,1320,11
692,231,4,4,3800,11
693,231,20,1,690,11
694,232,58,4,3900,4
695,232,11,1,3200,4
696,232,27,2,14800,4
697,233,5,1,12600,9
698,233,18,2,2950,9
699,233,34,3,9400,9
700,234,12,2,4100,2
701,234,25,3,1250,2
702,234,41,4,6200,2
703,235,19,3,4100,7
704,235,32,4,3350,7
705,235,48,1,3700,7
706,236,26,4,760,12
707,236,39,1,2300,12
708,236,55,2,2600,12
709,237,33,1,7850,5
710,237,46,2,880,5
711,237,2,3,9800,5
712,238,40,2,970,10
713,238,53,3,7100,10
714,238,9,4,870,10
715,239,47,3,11200,3
716,239,60,4,2200,3
717,239,16,1,7350,3
718,240,54,4,8600,8
719,240,7,1,18400,8
720,240,23,2,3600,8
721,241,1,1,1495,1
722,241,14,2,5100,1
723,241,30,3,2400,1
724,242,8,2,7600,6
725,242,21,3,540,6
726,242,37,4,2600,6
727,243,15,3,6200,11
728,243,28,4,17400,11
729,243,44,1,5250,11
730,244,22,4,8800,4
731,244,35,1,2100,4
732,244,51,2,1320,4
733,245,29,1,48,9
734,245,42,2,3900,9
735,245,58,3,3900,9
736,246,36,2,4500,2
737,246,49,3,2950,2
738,246,5,4,12600,2
739,247,43,3,1280,7
740,247,56,4,6800,7
741,247,12,1,4100,7
742,248,50,4,5150,12
743,248,3,1,420,12
744,248,19,2,4100,12
745,249,57,1,3400,5
746,249,10,2,540,5
747,249,26,3,760,5
748,250,4,2,3800,10
749,250,17,3,180,10
750,250,33,4,7850,10
751,251,11,3,3200,3
752,251,24,4,4900,3
753,251,40,1,970,3
754,252,18,4,2950,8
755,252,31,1,1900,8
756,252,47,2,11200,8
757,253,25,1,1250,1
758,253,38,2,3100,1
759,253,54,3,8600,1
760,254,32,2,3350,6
761,254,45,3,4300,6
762,254,1,4,1495,6
763,255,39,3,2300,11
764,255,52,4,4750,11
765,255,8,1,7600,11
766,256,46,4,880,4
767,256,59,1,9300,4
768,256,15,2,6200,4
769,257,53,1,7100,9
770,257,6,2,22500,9
771,257,22,3,8800,9
772,258,60,2,2200,2
773,258,13,3,2750,2
774,258,29,4,48,2
775,259,7,3,18400,7
776,259,20,4,690,7
777,259,36,1,4500,7
778,260,14,4,5100,12
779,260,27,1,14800,12
780,260,43,2,1280,12
781,261,21,1,540,5
782,261,34,2,9400,5
783,261,50,3,5150,5
784,262,28,2,17400,10
785,262,41,3,6200,10
786,262,57,4,3400,10
787,263,35,3,2100,3
788,263,48,4,3700,3
789,263,4,1,3800,3
790,264,42,4,3900,8
791,264,55,1,2600,8
792,264,11,2,3200,8
793,265,49,1,2950,1
794,265,2,2,9800,1
795,265,18,3,2950,1
796,266,56,2,6800,6
797,266,9,3,870,6
798,266,25,4,1250,6
799,267,3,3,420,11
800,267,16,4,7350,11
801,267,32,1,3350,11
802,268,10,4,540,4
803,268,23,1,3600,4
804,268,39,2,2300,4
805,269,17,1,180,9
806,269,30,2,2400,9
807,269,46,3,880,9
808,270,24,2,4900,2
809,270,37,3,2600,2
810,270,53,4,7100,2
811,271,31,3,1900,7
812,271,44,4,5250,7
813,271,60,1,2200,7
814,272,38,4,3100,12
815,272,51,1,1320,12
816,272,7,2,18400,12
817,273,45,1,4300,5
818,273,58,2,3900,5
819,273,14,3,5100,5
820,274,52,2,4750,10
821,274,5,3,12600,10
822,274,21,4,540,10
823,275,59,3,9300,3
824,275,12,4,4100,3
825,275,28,1,17400,3
826,276,6,4,22500,8
827,276,19,1,4100,8
828,276,35,2,2100,8
829,277,13,1,2750,1
830,277,26,2,760,1
831,277,42,3,3900,1
832,278,20,2,690,6
833,278,33,3,7850,6
834,278,49,4,2950,6
835,279,27,3,14800,11
836,279,40,4,970,11
837,279,56,1,6800,11
838,280,34,4,9400,4
839,280,47,1,11200,4
840,280,3,2,420,4
841,281,41,1,6200,9
842,281,54,2,8600,9
843,281,10,3,540,9
844,282,48,2,3700,2
845,282,1,3,1495,2
846,282,17,4,180,2
847,283,55,3,2600,7
848,283,8,4,7600,7
849,283,24,1,4900,7
850,284,2,4,9800,12
851,284,15,1,6200,12
852,284,31,2,1900,12
853,285,9,1,870,5
854,285,22,2,8800,5
855,285,38,3,3100,5
856,286,16,2,7350,10
857,286,29,3,48,10
858,286,45,4,4300,10
859,287,23,3,3600,3
860,287,36,4,4500,3
861,287,52,1,4750,3
862,288,30,4,2400,8
863,288,43,1,1280,8
864,288,59,2,9300,8
865,289,37,1,2600,1
866,289,50,2,5150,1
867,289,6,3,22500,1
868,290,44,2,5250,6
869,290,57,3,3400,6
870,290,13,4,2750,6
871,291,51,3,1320,11
872,291,4,4,3800,11
873,291,20,1,690,11
874,292,58,4,3900,4
875,292,11,1,3200,4
876,292,27,2,14800,4
877,293,5,1,12600,9
878,293,18,2,2950,9
879,293,34,3,9400,9
880,294,12,2,4100,2
881,294,25,3,1250,2
882,294,41,4,6200,2
883,295,19,3,4100,7
884,295,32,4,3350,7
885,295,48,1,3700,7
886,296,26,4,760,12
887,296,39,1,2300,12
888,296,55,2,2600,12
889,297,33,1,7850,5
890,297,46,2,880,5
891,297,2,3,9800,5
892,298,40,2,970,10
893,298,53,3,7100,10
894,298,9,4,870,10
895,299,47,3,11200,3
896,299,60,4,2200,3
897,299,16,1,7350,3
898,300,54,4,8600,8
899,300,7,1,18400,8
900,300,23,2,3600,8
901,301,1,1,1495,1
902,301,14,2,5100,1
903,301,30,3,2400,1
904,302,8,2,7600,6
905,302,21,3,540,6
906,302,37,4,2600,6
907,303,15,3,6200,11
908,303,28,4,17400,11
909,303,44,1,5250,11
910,304,22,4,8800,4
911,304,35,1,2100,4
912,304,51,2,1320,4
913,305,29,1,48,9
914,305,42,2,3900,9
915,305,58,3,3900,9
916,306,36,2,4500,2
917,306,49,3,2950,2
918,306,5,4,12600,2
919,307,43,3,1280,7
920,307,56,4,6800,7
921,307,12,1,4100,7
922,308,50,4,5150,12
923,308,3,1,420,12
924,308,19,2,4100,12
925,309,57,1,3400,5
926,309,10,2,540,5
927,309,26,3,760,5
928,310,4,2,3800,10
929,310,17,3,180,10
930,310,33,4,7850,10
931,311,11,3,3200,3
932,311,24,4,4900,3
933,311,40,1,970,3
934,312,18,4,2950,8
935,312,31,1,1900,8
936,312,47,2,11200,8
937,313,25,1,1250,1
938,313,38,2,3100,1
939,313,54,3,8600,1
940,314,32,2,3350,6
941,314,45,3,4300,6
942,314,1,4,1495,6
943,315,39,3,2300,11
944,315,52,4,4750,11
945,315,8,1,7600,11
946,316,46,4,880,4
947,316,59,1,9300,4
948,316,15,2,6200,4
949,317,53,1,7100,9
950,317,6,2,22500,9
951,317,22,3,8800,9
952,318,60,2,2200,2
953,318,13,3,2750,2
954,318,29,4,48,2
955,319,7,3,18400,7
956,319,20,4,690,7
957,319,36,1,4500,7
958,320,14,4,5100,12
959,320,27,1,14800,12
960,320,43,2,1280,12
961,321,21,1,540,5
962,321,34,2,9400,5
963,321,50,3,5150,5
964,322,28,2,17400,10
965,322,41,3,6200,10
966,322,57,4,3400,10
967,323,35,3,2100,3
968,323,48,4,3700,3
969,323,4,1,3800,3
970,324,42,4,3900,8
971,324,55,1,2600,8
972,324,11,2,3200,8
973,325,49,1,2950,1
974,325,2,2,9800,1
975,325,18,3,2950,1
976,326,56,2,6800,6
977,326,9,3,870,6
978,326,25,4,1250,6
979,327,3,3,420,11
980,327,16,4,7350,11
981,327,32,1,3350,11
982,328,10,4,540,4
983,328,23,1,3600,4
984,328,39,2,2300,4
985,329,17,1,180,9
986,329,30,2,2400,9
987,329,46,3,880,9
988,330,24,2,4900,2
989,330,37,3,2600,2
990,330,53,4,7100,2
991,331,31,3,1900,7
992,331,44,4,5250,7
993,331,60,1,2200,7
994,332,38,4,3100,12
995,332,51,1,1320,12
996,332,7,2,18400,12
997,333,45,1,4300,5
998,333,58,2,3900,5
999,333,14,3,5100,5
1000,334,52,2,4750,10
1001,334,5,3,12600,10
1002,334,21,4,540,10
1003,335,59,3,9300,3
1004,335,12,4,4100,3
1005,335,28,1,17400,3
1006,336,6,4,22500,8
1007,336,19,1,4100,8
1008,336,35,2,2100,8
1009,337,13,1,2750,1
1010,337,26,2,760,1
1011,337,42,3,3900,1
1012,338,20,2,690,6
1013,338,33,3,7850,6
1014,338,49,4,2950,6
1015,339,27,3,14800,11
1016,339,40,4,970,11
1017,339,56,1,6800,11
1018,340,34,4,9400,4
1019,340,47,1,11200,4
1020,340,3,2,420,4
1021,341,41,1,6200,9
1022,341,54,2,8600,9
1023,341,10,3,540,9
1024,342,48,2,3700,2
1025,342,1,3,1495,2
1026,342,17,4,180,2
1027,343,55,3,2600,7
1028,343,8,4,7600,7
1029,343,24,1,4900,7
1030,344,2,4,9800,12
1031,344,15,1,6200,12
1032,344,31,2,1900,12
1033,345,9,1,870,5
1034,345,22,2,8800,5
1035,345,38,3,3100,5
1036,346,16,2,7350,10
1037,346,29,3,48,10
1038,346,45,4,4300,10
1039,347,23,3,3600,3
1040,347,36,4,4500,3
1041,347,52,1,4750,3
1042,348,30,4,2400,8
1043,348,43,1,1280,8
1044,348,59,2,9300,8
1045,349,37,1,2600,1
1046,349,50,2,5150,1
1047,349,6,3,22500,1
1048,350,44,2,5250,6
1049,350,57,3,3400,6
1050,350,13,4,2750,6
1051,351,51,3,1320,11
1052,351,4,4,3800,11
1053,351,20,1,690,11
1054,352,58,4,3900,4
1055,352,11,1,3200,4
1056,352,27,2,14800,4
1057,353,5,1,12600,9
1058,353,18,2,2950,9
1059,353,34,3,9400,9
1060,354,12,2,4100,2
1061,354,25,3,1250,2
1062,354,41,4,6200,2
1063,355,19,3,4100,7
1064,355,32,4,3350,7
1065,355,48,1,3700,7
1066,356,26,4,760,12
1067,356,39,1,2300,12
1068,356,55,2,2600,12
1069,357,33,1,7850,5
1070,357,46,2,880,5
1071,357,2,3,9800,5
1072,358,40,2,970,10
1073,358,53,3,7100,10
1074,358,9,4,870,10
1075,359,47,3,11200,3
1076,359,60,4,2200,3
1077,359,16,1,7350,3
1078,360,54,4,8600,8
1079,360,7,1,18400,8
1080,360,23,2,3600,8
1081,361,1,1,1495,1
1082,361,14,2,5100,1
1083,361,30,3,2400,1
1084,362,8,2,7600,6
1085,362,21,3,540,6
1086,362,37,4,2600,6
1087,363,15,3,6200,11
1088,363,28,4,17400,11
1089,363,44,1,5250,11
1090,364,22,4,8800,4
1091,364,35,1,2100,4
1092,364,51,2,1320,4
1093,365,29,1,48,9
1094,365,42,2,3900,9
1095,365,58,3,3900,9
1096,366,36,2,4500,2
1097,366,49,3,2950,2
1098,366,5,4,12600,2
1099,367,43,3,1280,7
1100,367,56,4,6800,7
1101,367,12,1,4100,7
1102,368,50,4,5150,12
1103,368,3,1,420,12
1104,368,19,2,4100,12
1105,369,57,1,3400,5
1106,369,10,2,540,5
1107,369,26,3,760,5
1108,370,4,2,3800,10
1109,370,17,3,180,10
1110,370,33,4,7850,10
1111,371,11,3,3200,3
1112,371,24,4,4900,3
1113,371,40,1,970,3
1114,372,18,4,2950,8
1115,372,31,1,1900,8
1116,372,47,2,11200,8
1117,373,25,1,1250,1
1118,373,38,2,3100,1
1119,373,54,3,8600,1
1120,374,32,2,3350,6
1121,374,45,3,4300,6
1122,374,1,4,1495,6
1123,375,39,3,2300,11
1124,375,52,4,4750,11
1125,375,8,1,7600,11
1126,376,46,4,880,4
1127,376,59,1,9300,4
1128,376,15,2,6200,4
1129,377,53,1,7100,9
1130,377,6,2,22500,9
1131,377,22,3,8800,9
1132,378,60,2,2200,2
1133,378,13,3,2750,2
1134,378,29,4,48,2
1135,379,7,3,18400,7
1136,379,20,4,690,7
1137,379,36,1,4500,7
1138,380,14,4,5100,12
1139,380,27,1,14800,12
1140,380,43,2,1280,12
1141,381,21,1,540,5
1142,381,34,2,9400,5
1143,381,50,3,5150,5
1144,382,28,2,17400,10
1145,382,41,3,6200,10
1146,382,57,4,3400,10
1147,383,35,3,2100,3
1148,383,48,4,3700,3
1149,383,4,1,3800,3
1150,384,42,4,3900,8
1151,384,55,1,2600,8
1152,384,11,2,3200,8
1153,385,49,1,2950,1
1154,385,2,2,9800,1
1155,385,18,3,2950,1
1156,386,56,2,6800,6
1157,386,9,3,870,6
1158,386,25,4,1250,6
1159,387,3,3,420,11
1160,387,16,4,7350,11
1161,387,32,1,3350,11
1162,388,10,4,540,4
1163,388,23,1,3600,4
1164,388,39,2,2300,4
1165,389,17,1,180,9
1166,389,30,2,2400,9
1167,389,46,3,880,9
1168,390,24,2,4900,2
1169,390,37,3,2600,2
1170,390,53,4,7100,2
1171,391,31,3,1900,7
1172,391,44,4,5250,7
1173,391,60,1,2200,7
1174,392,38,4,3100,12
1175,392,51,1,1320,12
1176,392,7,2,18400,12
1177,393,45,1,4300,5
1178,393,58,2,3900,5
1179,393,14,3,5100,5
1180,394,52,2,4750,10
1181,394,5,3,12600,10
1182,394,21,4,540,10
1183,395,59,3,9300,3
1184,395,12,4,4100,3
1185,395,28,1,17400,3
1186,396,6,4,22500,8
1187,396,19,1,4100,8
1188,396,35,2,2100,8
1189,397,13,1,2750,1
1190,397,26,2,760,1
1191,397,42,3,3900,1
1192,398,20,2,690,6
1193,398,33,3,7850,6
1194,398,49,4,2950,6
1195,399,27,3,14800,11
1196,399,40,4,970,11
1197,399,56,1,6800,11
1198,400,34,4,9400,4
1199,400,47,1,11200,4
1200,400,3,2,420,4
1201,401,41,1,6200,9
1202,401,54,2,8600,9
1203,401,10,3,540,9
1204,402,48,2,3700,2
1205,402,1,3,1495,2
1206,402,17,4,180,2
1207,403,55,3,2600,7
1208,403,8,4,7600,7
1209,403,24,1,4900,7
1210,404,2,4,9800,12
1211,404,15,1,6200,12
1212,404,31,2,1900,12
1213,405,9,1,870,5
1214,405,22,2,8800,5
1215,405,38,3,3100,5
1216,406,16,2,7350,10
1217,406,29,3,48,10
1218,406,45,4,4300,10
1219,407,23,3,3600,3
1220,407,36,4,4500,3
1221,407,52,1,4750,3
1222,408,30,4,2400,8
1223,408,43,1,1280,8
1224,408,59,2,9300,8
1225,409,37,1,2600,1
1226,409,50,2,5150,1
1227,409,6,3,22500,1
1228,410,44,2,5250,6
1229,410,57,3,3400,6
1230,410,13,4,2750,6
1231,411,51,3,1320,11
1232,411,4,4,3800,11
1233,411,20,1,690,11
1234,412,58,4,3900,4
1235,412,11,1,3200,4
1236,412,27,2,14800,4
1237,413,5,1,12600,9
1238,413,18,2,2950,9
1239,413,34,3,9400,9
1240,414,12,2,4100,2
1241,414,25,3,1250,2
1242,414,41,4,6200,2
1243,415,19,3,4100,7
1244,415,32,4,3350,7
1245,415,48,1,3700,7
1246,416,26,4,760,12
1247,416,39,1,2300,12
1248,416,55,2,2600,12
1249,417,33,1,7850,5
1250,417,46,2,880,5
1251,417,2,3,9800,5
1252,418,40,2,970,10
1253,418,53,3,7100,10
1254,418,9,4,870,10
1255,419,47,3,11200,3
1256,419,60,4,2200,3
1257,419,16,1,7350,3
1258,420,54,4,8600,8
1259,420,7,1,18400,8
1260,420,23,2,3600,8
1261,421,1,1,1495,1
1262,421,14,2,5100,1
1263,421,30,3,2400,1
1264,422,8,2,7600,6
1265,422,21,3,540,6
1266,422,37,4,2600,6
1267,423,15,3,6200,11
1268,423,28,4,17400,11
1269,423,44,1,5250,11
1270,424,22,4,8800,4
1271,424,35,1,2100,4
1272,424,51,2,1320,4
1273,425,29,1,48,9
1274,425,42,2,3900,9
1275,425,58,3,3900,9
1276,426,36,2,4500,2
1277,426,49,3,2950,2
1278,426,5,4,12600,2
1279,427,43,3,1280,7
1280,427,56,4,6800,7
1281,427,12,1,4100,7
1282,428,50,4,5150,12
1283,428,3,1,420,12
1284,428,19,2,4100,12
1285,429,57,1,3400,5
1286,429,10,2,540,5
1287,429,26,3,760,5
1288,430,4,2,3800,10
1289,430,17,3,180,10
1290,430,33,4,7850,10
1291,431,11,3,3200,3
1292,431,24,4,4900,3
1293,431,40,1,970,3
1294,432,18,4,2950,8
1295,432,31,1,1900,8
1296,432,47,2,11200,8
1297,433,25,1,1250,1
1298,433,38,2,3100,1
1299,433,54,3,8600,1
1300,434,32,2,3350,6
1301,434,45,3,4300,6
1302,434,1,4,1495,6
1303,435,39,3,2300,11
1304,435,52,4,4750,11
1305,435,8,1,7600,11
1306,436,46,4,880,4
1307,436,59,1,9300,4
1308,436,15,2,6200,4
1309,437,53,1,7100,9
1310,437,6,2,22500,9
1311,437,22,3,8800,9
1312,438,60,2,2200,2
1313,438,13,3,2750,2
1314,438,29,4,48,2
1315,439,7,3,18400,7
1316,439,20,4,690,7
1317,439,36,1,4500,7
1318,440,14,4,5100,12
1319,440,27,1,14800,12
1320,440,43,2,1280,12
1321,441,21,1,540,5
1322,441,34,2,9400,5
1323,441,50,3,5150,5
1324,442,28,2,17400,10
1325,442,41,3,6200,10
1326,442,57,4,3400,10
1327,443,35,3,2100,3
1328,443,48,4,3700,3
1329,443,4,1,3800,3
1330,444,42,4,3900,8
1331,444,55,1,2600,8
1332,444,11,2,3200,8
1333,445,49,1,2950,1
1334,445,2,2,9800,1
1335,445,18,3,2950,1
1336,446,56,2,6800,6
1337,446,9,3,870,6
1338,446,25,4,1250,6
1339,447,3,3,420,11
1340,447,16,4,7350,11
1341,447,32,1,3350,11
1342,448,10,4,540,4
1343,448,23,1,3600,4
1344,448,39,2,2300,4
1345,449,17,1,180,9
1346,449,30,2,2400,9
1347,449,46,3,880,9
1348,450,24,2,4900,2
1349,450,37,3,2600,2
1350,450,53,4,7100,2
1351,451,31,3,1900,7
1352,451,44,4,5250,7
1353,451,60,1,2200,7
1354,452,38,4,3100,12
1355,452,51,1,1320,12
1356,452,7,2,18400,12
1357,453,45,1,4300,5
1358,453,58,2,3900,5
1359,453,14,3,5100,5
1360,454,52,2,4750,10
1361,454,5,3,12600,10
1362,454,21,4,540,10
1363,455,59,3,9300,3
1364,455,12,4,4100,3
1365,455,28,1,17400,3
1366,456,6,4,22500,8
1367,456,19,1,4100,8
1368,456,35,2,2100,8
1369,457,13,1,2750,1
1370,457,26,2,760,1
1371,457,42,3,3900,1
1372,458,20,2,690,6
1373,458,33,3,7850,6
1374,458,49,4,2950,6
1375,459,27,3,14800,11
1376,459,40,4,970,11
1377,459,56,1,6800,11
1378,460,34,4,9400,4
1379,460,47,1,11200,4
1380,460,3,2,420,4
1381,461,41,1,6200,9
1382,461,54,2,8600,9
1383,461,10,3,540,9
1384,462,48,2,3700,2
1385,462,1,3,1495,2
1386,462,17,4,180,2
1387,463,55,3,2600,7
1388,463,8,4,7600,7
1389,463,24,1,4900,7
1390,464,2,4,9800,12
1391,464,15,1,6200,12
1392,464,31,2,1900,12
1393,465,9,1,870,5
1394,465,22,2,8800,5
1395,465,38,3,3100,5
1396,466,16,2,7350,10
1397,466,29,3,48,10
1398,466,45,4,4300,10
1399,467,23,3,3600,3
1400,467,36,4,4500,3
1401,467,52,1,4750,3
1402,468,30,4,2400,8
1403,468,43,1,1280,8
1404,468,59,2,9300,8
1405,469,37,1,2600,1
1406,469,50,2,5150,1
1407,469,6,3,22500,1
1408,470,44,2,5250,6
1409,470,57,3,3400,6
1410,470,13,4,2750,6
1411,471,51,3,1320,11
1412,471,4,4,3800,11
1413,471,20,1,690,11
1414,472,58,4,3900,4
1415,472,11,1,3200,4
1416,472,27,2,14800,4
1417,473,5,1,12600,9
1418,473,18,2,2950,9
1419,473,34,3,9400,9
1420,474,12,2,4100,2
1421,474,25,3,1250,2
1422,474,41,4,6200,2
1423,475,19,3,4100,7
1424,475,32,4,3350,7
1425,475,48,1,3700,7
1426,476,26,4,760,12
1427,476,39,1,2300,12
1428,476,55,2,2600,12
1429,477,33,1,7850,5
1430,477,46,2,880,5
1431,477,2,3,9800,5
1432,478,40,2,970,10
1433,478,53,3,7100,10
1434,478,9,4,870,10
1435,479,47,3,11200,3
1436,479,60,4,2200,3
1437,479,16,1,7350,3
1438,480,54,4,8600,8
1439,480,7,1,18400,8
1440,480,23,2,3600,8
1441,481,1,1,1495,1
1442,481,14,2,5100,1
1443,481,30,3,2400,1
1444,482,8,2,7600,6
1445,482,21,3,540,6
1446,482,37,4,2600,6
1447,483,15,3,6200,11
1448,483,28,4,17400,11
1449,483,44,1,5250,11
1450,484,22,4,8800,4
1451,484,35,1,2100,4
1452,484,51,2,1320,4
1453,485,29,1,48,9
1454,485,42,2,3900,9
1455,485,58,3,3900,9
1456,486,36,2,4500,2
1457,486,49,3,2950,2
1458,486,5,4,12600,2
1459,487,43,3,1280,7
1460,487,56,4,6800,7
1461,487,12,1,4100,7
1462,488,50,4,5150,12
1463,488,3,1,420,12
1464,488,19,2,4100,12
1465,489,57,1,3400,5
1466,489,10,2,540,5
1467,489,26,3,760,5
1468,490,4,2,3800,10
1469,490,17,3,180,10
1470,490,33,4,7850,10
1471,491,11,3,3200,3
1472,491,24,4,4900,3
1473,491,40,1,970,3
1474,492,18,4,2950,8
1475,492,31,1,1900,8
1476,492,47,2,11200,8
1477,493,25,1,1250,1
1478,493,38,2,3100,1
1479,493,54,3,8600,1
1480,494,32,2,3350,6
1481,494,45,3,4300,6
1482,494,1,4,1495,6
1483,495,39,3,2300,11
1484,495,52,4,4750,11
1485,495,8,1,7600,11
1486,496,46,4,880,4
1487,496,59,1,9300,4
1488,496,15,2,6200,4
1489,497,53,1,7100,9
1490,497,6,2,22500,9
1491,497,22,3,8800,9
1492,498,60,2,2200,2
1493,498,13,3,2750,2
1494,498,29,4,48,2
1495,499,7,3,18400,7
1496,499,20,4,690,7
1497,499,36,1,4500,7
1498,500,14,4,5100,12
1499,500,27,1,14800,12
1500,500,43,2,1280,12
1501,501,21,1,540,5
1502,501,34,2,9400,5
1503,501,50,3,5150,5
1504,502,28,2,17400,10
1505,502,41,3,6200,10
1506,502,57,4,3400,10
1507,503,35,3,2100,3
1508,503,48,4,3700,3
1509,503,4,1,3800,3
1510,504,42,4,3900,8
1511,504,55,1,2600,8
1512,504,11,2,3200,8
1513,505,49,1,2950,1
1514,505,2,2,9800,1
1515,505,18,3,2950,1
1516,506,56,2,6800,6
1517,506,9,3,870,6
1518,506,25,4,1250,6
1519,507,3,3,420,11
1520,507,16,4,7350,11
1521,507,32,1,3350,11
1522,508,10,4,540,4
1523,508,23,1,3600,4
1524,508,39,2,2300,4
1525,509,17,1,180,9
1526,509,30,2,2400,9
1527,509,46,3,880,9
1528,510,24,2,4900,2
1529,510,37,3,2600,2
1530,510,53,4,7100,2
1531,511,31,3,1900,7
1532,511,44,4,5250,7
1533,511,60,1,2200,7
1534,512,38,4,3100,12
1535,512,51,1,1320,12
1536,512,7,2,18400,12
1537,513,45,1,4300,5
1538,513,58,2,3900,5
1539,513,14,3,5100,5
1540,514,52,2,4750,10
1541,514,5,3,12600,10
1542,514,21,4,540,10
1543,515,59,3,9300,3
1544,515,12,4,4100,3
1545,515,28,1,17400,3
1546,516,6,4,22500,8
1547,516,19,1,4100,8
1548,516,35,2,2100,8
1549,517,13,1,2750,1
1550,517,26,2,760,1
1551,517,42,3,3900,1
1552,518,20,2,690,6
1553,518,33,3,7850,6
1554,518,49,4,2950,6
1555,519,27,3,14800,11
1556,519,40,4,970,11
1557,519,56,1,6800,11
1558,520,34,4,9400,4
1559,520,47,1,11200,4
1560,520,3,2,420,4
1561,521,41,1,6200,9
1562,521,54,2,8600,9
1563,521,10,3,540,9
1564,522,48,2,3700,2
1565,522,1,3,1495,2
1566,522,17,4,180,2
1567,523,55,3,2600,7
1568,523,8,4,7600,7
1569,523,24,1,4900,7
1570,524,2,4,9800,12
1571,524,15,1,6200,12
1572,524,31,2,1900,12
1573,525,9,1,870,5
1574,525,22,2,8800,5
1575,525,38,3,3100,5
1576,526,16,2,7350,10
1577,526,29,3,48,10
1578,526,45,4,4300,10
1579,527,23,3,3600,3
1580,527,36,4,4500,3
1581,527,52,1,4750,3
1582,528,30,4,2400,8
1583,528,43,1,1280,8
1584,528,59,2,9300,8
1585,529,37,1,2600,1
1586,529,50,2,5150,1
1587,529,6,3,22500,1
1588,530,44,2,5250,6
1589,530,57,3,3400,6
1590,530,13,4,2750,6
1591,531,51,3,1320,11
1592,531,4,4,3800,11
1593,531,20,1,690,11
1594,532,58,4,3900,4
1595,532,11,1,3200,4
1596,532,27,2,14800,4
1597,533,5,1,12600,9
1598,533,18,2,2950,9
1599,533,34,3,9400,9
1600,534,12,2,4100,2
1601,534,25,3,1250,2
1602,534,41,4,6200,2
1603,535,19,3,4100,7
1604,535,32,4,3350,7
1605,535,48,1,3700,7
1606,536,26,4,760,12
1607,536,39,1,2300,12
1608,536,55,2,2600,12
1609,537,33,1,7850,5
1610,537,46,2,880,5
1611,537,2,3,9800,5
1612,538,40,2,970,10
1613,538,53,3,7100,10
1614,538,9,4,870,10
1615,539,47,3,11200,3
1616,539,60,4,2200,3
1617,539,16,1,7350,3
1618,540,54,4,8600,8
1619,540,7,1,18400,8
1620,540,23,2,3600,8
1621,541,1,1,1495,1
1622,541,14,2,5100,1
1623,541,30,3,2400,1
1624,542,8,2,7600,6
1625,542,21,3,540,6
1626,542,37,4,2600,6
1627,543,15,3,6200,11
1628,543,28,4,17400,11
1629,543,44,1,5250,11
1630,544,22,4,8800,4
1631,544,35,1,2100,4
1632,544,51,2,1320,4
1633,545,29,1,48,9
1634,545,42,2,3900,9
1635,545,58,3,3900,9
1636,546,36,2,4500,2
1637,546,49,3,2950,2
1638,546,5,4,12600,2
1639,547,43,3,1280,7
1640,547,56,4,6800,7
1641,547,12,1,4100,7
1642,548,50,4,5150,12
1643,548,3,1,420,12
1644,548,19,2,4100,12
1645,549,57,1,3400,5
1646,549,10,2,540,5
1647,549,26,3,760,5
1648,550,4,2,3800,10
1649,550,17,3,180,10
1650,550,33,4,7850,10
1651,551,11,3,3200,3
1652,551,24,4,4900,3
1653,551,40,1,970,3
1654,552,18,4,2950,8
1655,552,31,1,1900,8
1656,552,47,2,11200,8
1657,553,25,1,1250,1
1658,553,38,2,3100,1
1659,553,54,3,8600,1
1660,554,32,2,3350,6
1661,554,45,3,4300,6
1662,554,1,4,1495,6
1663,555,39,3,2300,11
1664,555,52,4,4750,11
1665,555,8,1,7600,11
1666,556,46,4,880,4
1667,556,59,1,9300,4
1668,556,15,2,6200,4
1669,557,53,1,7100,9
1670,557,6,2,22500,9
1671,557,22,3,8800,9
1672,558,60,2,2200,2
1673,558,13,3,2750,2
1674,558,29,4,48,2
1675,559,7,3,18400,7
1676,559,20,4,690,7
1677,559,36,1,4500,7
1678,560,14,4,5100,12
1679,560,27,1,14800,12
1680,560,43,2,1280,12
1681,561,21,1,540,5
1682,561,34,2,9400,5
1683,561,50,3,5150,5
1684,562,28,2,17400,10
1685,562,41,3,6200,10
1686,562,57,4,3400,10
1687,563,35,3,2100,3
1688,563,48,4,3700,3
1689,563,4,1,3800,3
1690,564,42,4,3900,8
1691,564,55,1,2600,8
1692,564,11,2,3200,8
1693,565,49,1,2950,1
1694,565,2,2,9800,1
1695,565,18,3,2950,1
1696,566,56,2,6800,6
1697,566,9,3,870,6
1698,566,25,4,1250,6
1699,567,3,3,420,11
1700,567,16,4,7350,11
1701,567,32,1,3350,11
1702,568,10,4,540,4
1703,568,23,1,3600,4
1704,568,39,2,2300,4
1705,569,17,1,180,9
1706,569,30,2,2400,9
1707,569,46,3,880,9
1708,570,24,2,4900,2
1709,570,37,3,2600,2
1710,570,53,4,7100,2
1711,571,31,3,1900,7
1712,571,44,4,5250,7
1713,571,60,1,2200,7
1714,572,38,4,3100,12
1715,572,51,1,1320,12
1716,572,7,2,18400,12
1717,573,45,1,4300,5
1718,573,58,2,3900,5
1719,573,14,3,5100,5
1720,574,52,2,4750,10
1721,574,5,3,12600,10
1722,574,21,4,540,10
1723,575,59,3,9300,3
1724,575,12,4,4100,3
1725,575,28,1,17400,3
1726,576,6,4,22500,8
1727,576,19,1,4100,8
1728,576,35,2,2100,8
1729,577,13,1,2750,1
1730,577,26,2,760,1
1731,577,42,3,3900,1
1732,578,20,2,690,6
1733,578,33,3,7850,6
1734,578,49,4,2950,6
1735,579,27,3,14800,11
1736,579,40,4,970,11
1737,579,56,1,6800,11
1738,580,34,4,9400,4
1739,580,47,1,11200,4
1740,580,3,2,420,4
1741,581,41,1,6200,9
1742,581,54,2,8600,9
1743,581,10,3,540,9
1744,582,48,2,3700,2
1745,582,1,3,1495,2
1746,582,17,4,180,2
1747,583,55,3,2600,7
1748,583,8,4,7600,7
1749,583,24,1,4900,7
1750,584,2,4,9800,12
1751,584,15,1,6200,12
1752,584,31,2,1900,12
1753,585,9,1,870,5
1754,585,22,2,8800,5
1755,585,38,3,3100,5
1756,586,16,2,7350,10
1757,586,29,3,48,10
1758,586,45,4,4300,10
1759,587,23,3,3600,3
1760,587,36,4,4500,3
1761,587,52,1,4750,3
1762,588,30,4,2400,8
1763,588,43,1,1280,8
1764,588,59,2,9300,8
1765,589,37,1,2600,1
1766,589,50,2,5150,1
1767,589,6,3,22500,1
1768,590,44,2,5250,6
1769,590,57,3,3400,6
1770,590,13,4,2750,6
1771,591,51,3,1320,11
1772,591,4,4,3800,11
1773,591,20,1,690,11
1774,592,58,4,3900,4
1775,592,11,1,3200,4
1776,592,27,2,14800,4
1777,593,5,1,12600,9
1778,593,18,2,2950,9
1779,593,34,3,9400,9
1780,594,12,2,4100,2
1781,594,25,3,1250,2
1782,594,41,4,6200,2
1783,595,19,3,4100,7
1784,595,32,4,3350,7
1785,595,48,1,3700,7
1786,596,26,4,760,12
1787,596,39,1,2300,12
1788,596,55,2,2600,12
1789,597,33,1,7850,5
1790,597,46,2,880,5
1791,597,2,3,9800,5
1792,598,40,2,970,10
1793,598,53,3,7100,10
1794,598,9,4,870,10
1795,599,47,3,11200,3
1796,599,60,4,2200,3
1797,599,16,1,7350,3
1798,600,54,4,8600,8
1799,600,7,1,18400,8
1800,600,23,2,3600,8
1801,601,1,1,1495,1
1802,601,14,2,5100,1
1803,601,30,3,2400,1
1804,602,8,2,7600,6
1805,602,21,3,540,6
1806,602,37,4,2600,6
1807,603,15,3,6200,11
1808,603,28,4,17400,11
1809,603,44,1,5250,11
1810,604,22,4,8800,4
1811,604,35,1,2100,4
1812,604,51,2,1320,4
1813,605,29,1,48,9
1814,605,42,2,3900,9
1815,605,58,3,3900,9
1816,606,36,2,4500,2
1817,606,49,3,2950,2
1818,606,5,4,12600,2
1819,607,43,3,1280,7
1820,607,56,4,6800,7
1821,607,12,1,4100,7
1822,608,50,4,5150,12
1823,608,3,1,420,12
1824,608,19,2,4100,12
1825,609,57,1,3400,5
1826,609,10,2,540,5
1827,609,26,3,760,5
1828,610,4,2,3800,10
1829,610,17,3,180,10
1830,610,33,4,7850,10
1831,611,11,3,3200,3
1832,611,24,4,4900,3
1833,611,40,1,970,3
1834,612,18,4,2950,8
1835,612,31,1,1900,8
1836,612,47,2,11200,8
1837,613,25,1,1250,1
1838,613,38,2,3100,1
1839,613,54,3,8600,1
1840,614,32,2,3350,6
1841,614,45,3,4300,6
1842,614,1,4,1495,6
1843,615,39,3,2300,11
1844,615,52,4,4750,11
1845,615,8,1,7600,11
1846,616,46,4,880,4
1847,616,59,1,9300,4
1848,616,15,2,6200,4
1849,617,53,1,7100,9
1850,617,6,2,22500,9
1851,617,22,3,8800,9
1852,618,60,2,2200,2
1853,618,13,3,2750,2
1854,618,29,4,48,2
1855,619,7,3,18400,7
1856,619,20,4,690,7
1857,619,36,1,4500,7
1858,620,14,4,5100,12
1859,620,27,1,14800,12
1860,620,43,2,1280,12
1861,621,21,1,540,5
1862,621,34,2,9400,5
1863,621,50,3,5150,5
1864,622,28,2,17400,10
1865,622,41,3,6200,10
1866,622,57,4,3400,10
1867,623,35,3,2100,3
1868,623,48,4,3700,3
1869,623,4,1,3800,3
1870,624,42,4,3900,8
1871,624,55,1,2600,8
1872,624,11,2,3200,8
1873,625,49,1,2950,1
1874,625,2,2,9800,1
1875,625,18,3,2950,1
1876,626,56,2,6800,6
1877,626,9,3,870,6
1878,626,25,4,1250,6
1879,627,3,3,420,11
1880,627,16,4,7350,11
1881,627,32,1,3350,11
1882,628,10,4,540,4
1883,628,23,1,3600,4
1884,628,39,2,2300,4
1885,629,17,1,180,9
1886,629,30,2,2400,9
1887,629,46,3,880,9
1888,630,24,2,4900,2
1889,630,37,3,2600,2
1890,630,53,4,7100,2
1891,631,31,3,1900,7
1892,631,44,4,5250,7
1893,631,60,1,2200,7
1894,632,38,4,3100,12
1895,632,51,1,1320,12
1896,632,7,2,18400,12
1897,633,45,1,4300,5
1898,633,58,2,3900,5
1899,633,14,3,5100,5
1900,634,52,2,4750,10
1901,634,5,3,12600,10
1902,634,21,4,540,10
1903,635,59,3,9300,3
1904,635,12,4,4100,3
1905,635,28,1,17400,3
1906,636,6,4,22500,8
1907,636,19,1,4100,8
1908,636,35,2,2100,8
1909,637,13,1,2750,1
1910,637,26,2,760,1
1911,637,42,3,3900,1
1912,638,20,2,690,6
1913,638,33,3,7850,6
1914,638,49,4,2950,6
1915,639,27,3,14800,11
1916,639,40,4,970,11
1917,639,56,1,6800,11
1918,640,34,4,9400,4
1919,640,47,1,11200,4
1920,640,3,2,420,4
1921,641,41,1,6200,9
1922,641,54,2,8600,9
1923,641,10,3,540,9
1924,642,48,2,3700,2
1925,642,1,3,1495,2
1926,642,17,4,180,2
1927,643,55,3,2600,7
1928,643,8,4,7600,7
1929,643,24,1,4900,7
1930,644,2,4,9800,12
1931,644,15,1,6200,12
1932,644,31,2,1900,12
1933,645,9,1,870,5
1934,645,22,2,8800,5
1935,645,38,3,3100,5
1936,646,16,2,7350,10
1937,646,29,3,48,10
1938,646,45,4,4300,10
1939,647,23,3,3600,3
1940,647,36,4,4500,3
1941,647,52,1,4750,3
1942,648,30,4,2400,8
1943,648,43,1,1280,8
1944,648,59,2,9300,8
1945,649,37,1,2600,1
1946,649,50,2,5150,1
1947,649,6,3,22500,1
1948,650,44,2,5250,6
1949,650,57,3,3400,6
1950,650,13,4,2750,6
1951,651,51,3,1320,11
1952,651,4,4,3800,11
1953,651,20,1,690,11
1954,652,58,4,3900,4
1955,652,11,1,3200,4
1956,652,27,2,14800,4
1957,653,5,1,12600,9
1958,653,18,2,2950,9
1959,653,34,3,9400,9
1960,654,12,2,4100,2
1961,654,25,3,1250,2
1962,654,41,4,6200,2
1963,655,19,3,4100,7
1964,655,32,4,3350,7
1965,655,48,1,3700,7
1966,656,26,4,760,12
1967,656,39,1,2300,12
1968,656,55,2,2600,12
1969,657,33,1,7850,5
1970,657,46,2,880,5
1971,657,2,3,9800,5
1972,658,40,2,970,10
1973,658,53,3,7100,10
1974,658,9,4,870,10
1975,659,47,3,11200,3
1976,659,60,4,2200,3
1977,659,16,1,7350,3
1978,660,54,4,8600,8
1979,660,7,1,18400,8
1980,660,23,2,3600,8
1981,661,1,1,1495,1
1982,661,14,2,5100,1
1983,661,30,3,2400,1
1984,662,8,2,7600,6
1985,662,21,3,540,6
1986,662,37,4,2600,6
1987,663,15,3,6200,11
1988,663,28,4,17400,11
1989,663,44,1,5250,11
1990,664,22,4,8800,4
1991,664,35,1,2100,4
1992,664,51,2,1320,4
1993,665,29,1,48,9
1994,665,42,2,3900,9
1995,665,58,3,3900,9
1996,666,36,2,4500,2
1997,666,49,3,2950,2
1998,666,5,4,12600,2
1999,667,43,3,1280,7
2000,667,56,4,6800,7
2001,667,12,1,4100,7
2002,668,50,4,5150,12
2003,668,3,1,420,12
2004,668,19,2,4100,12
2005,669,57,1,3400,5
2006,669,10,2,540,5
2007,669,26,3,760,5
2008,670,4,2,3800,10
2009,670,17,3,180,10
2010,670,33,4,7850,10
2011,671,11,3,3200,3
2012,671,24,4,4900,3
2013,671,40,1,970,3
2014,672,18,4,2950,8
2015,672,31,1,1900,8
2016,672,47,2,11200,8
2017,673,25,1,1250,1
2018,673,38,2,3100,1
2019,673,54,3,8600,1
2020,674,32,2,3350,6
2021,674,45,3,4300,6
2022,674,1,4,1495,6
2023,675,39,3,2300,11
2024,675,52,4,4750,11
2025,675,8,1,7600,11
2026,676,46,4,880,4
2027,676,59,1,9300,4
2028,676,15,2,6200,4
2029,677,53,1,7100,9
2030,677,6,2,22500,9
2031,677,22,3,8800,9
2032,678,60,2,2200,2
2033,678,13,3,2750,2
2034,678,29,4,48,2
2035,679,7,3,18400,7
2036,679,20,4,690,7
2037,679,36,1,4500,7
2038,680,14,4,5100,12
2039,680,27,1,14800,12
2040,680,43,2,1280,12
2041,681,21,1,540,5
2042,681,34,2,9400,5
2043,681,50,3,5150,5
2044,682,28,2,17400,10
2045,682,41,3,6200,10
2046,682,57,4,3400,10
2047,683,35,3,2100,3
2048,683,48,4,3700,3
2049,683,4,1,3800,3
2050,684,42,4,3900,8
2051,684,55,1,2600,8
2052,684,11,2,3200,8
2053,685,49,1,2950,1
2054,685,2,2,9800,1
2055,685,18,3,2950,1
2056,686,56,2,6800,6
2057,686,9,3,870,6
2058,686,25,4,1250,6
2059,687,3,3,420,11
2060,687,16,4,7350,11
2061,687,32,1,3350,11
2062,688,10,4,540,4
2063,688,23,1,3600,4
2064,688,39,2,2300,4
2065,689,17,1,180,9
2066,689,30,2,2400,9
2067,689,46,3,880,9
2068,690,24,2,4900,2
2069,690,37,3,2600,2
2070,690,53,4,7100,2
2071,691,31,3,1900,7
2072,691,44,4,5250,7
2073,691,60,1,2200,7
2074,692,38,4,3100,12
2075,692,51,1,1320,12
2076,692,7,2,18400,12
2077,693,45,1,4300,5
2078,693,58,2,3900,5
2079,693,14,3,5100,5
2080,694,52,2,4750,10
2081,694,5,3,12600,10
2082,694,21,4,540,10
2083,695,59,3,9300,3
2084,695,12,4,4100,3
2085,695,28,1,17400,3
2086,696,6,4,22500,8
2087,696,19,1,4100,8
2088,696,35,2,2100,8
2089,697,13,1,2750,1
2090,697,26,2,760,1
2091,697,42,3,3900,1
2092,698,20,2,690,6
2093,698,33,3,7850,6
2094,698,49,4,2950,6
2095,699,27,3,14800,11
2096,699,40,4,970,11
2097,699,56,1,6800,11
2098,700,34,4,9400,4
2099,700,47,1,11200,4
2100,700,3,2,420,4
2101,701,41,1,6200,9
2102,701,54,2,8600,9
2103,701,10,3,540,9
2104,702,48,2,3700,2
2105,702,1,3,1495,2
2106,702,17,4,180,2
2107,703,55,3,2600,7
2108,703,8,4,7600,7
2109,703,24,1,4900,7
2110,704,2,4,9800,12
2111,704,15,1,6200,12
2112,704,31,2,1900,12
2113,705,9,1,870,5
2114,705,22,2,8800,5
2115,705,38,3,3100,5
2116,706,16,2,7350,10
2117,706,29,3,48,10
2118,706,45,4,4300,10
2119,707,23,3,3600,3
2120,707,36,4,4500,3
2121,707,52,1,4750,3
2122,708,30,4,2400,8
2123,708,43,1,1280,8
2124,708,59,2,9300,8
2125,709,37,1,2600,1
2126,709,50,2,5150,1
2127,709,6,3,22500,1
2128,710,44,2,5250,6
2129,710,57,3,3400,6
2130,710,13,4,2750,6
2131,711,51,3,1320,11
2132,711,4,4,3800,11
2133,711,20,1,690,11
2134,712,58,4,3900,4
2135,712,11,1,3200,4
2136,712,27,2,14800,4
2137,713,5,1,12600,9
2138,713,18,2,2950,9
2139,713,34,3,9400,9
2140,714,12,2,4100,2
2141,714,25,3,1250,2
2142,714,41,4,6200,2
2143,715,19,3,4100,7
2144,715,32,4,3350,7
2145,715,48,1,3700,7
2146,716,26,4,760,12
2147,716,39,1,2300,12
2148,716,55,2,2600,12
2149,717,33,1,7850,5
2150,717,46,2,880,5
2151,717,2,3,9800,5
2152,718,40,2,970,10
2153,718,53,3,7100,10
2154,718,9,4,870,10
2155,719,47,3,11200,3
2156,719,60,4,2200,3
2157,719,16,1,7350,3
2158,720,54,4,8600,8
2159,720,7,1,18400,8
2160,720,23,2,3600,8
2161,721,1,1,1495,1
2162,721,14,2,5100,1
2163,721,30,3,2400,1
2164,722,8,2,7600,6
2165,722,21,3,540,6
2166,722,37,4,2600,6
2167,723,15,3,6200,11
2168,723,28,4,17400,11
2169,723,44,1,5250,11
2170,724,22,4,8800,4
2171,724,35,1,2100,4
2172,724,51,2,1320,4
2173,725,29,1,48,9
2174,725,42,2,3900,9
2175,725,58,3,3900,9
2176,726,36,2,4500,2
2177,726,49,3,2950,2
2178,726,5,4,12600,2
2179,727,43,3,1280,7
2180,727,56,4,6800,7
2181,727,12,1,4100,7
2182,728,50,4,5150,12
2183,728,3,1,420,12
2184,728,19,2,4100,12
2185,729,57,1,3400,5
2186,729,10,2,540,5
2187,729,26,3,760,5
2188,730,4,2,3800,10
2189,730,17,3,180,10
2190,730,33,4,7850,10
2191,731,11,3,3200,3
2192,731,24,4,4900,3
2193,731,40,1,970,3
2194,732,18,4,2950,8
2195,732,31,1,1900,8
2196,732,47,2,11200,8
2197,733,25,1,1250,1
2198,733,38,2,3100,1
2199,733,54,3,8600,1
2200,734,32,2,3350,6
2201,734,45,3,4300,6
2202,734,1,4,1495,6
2203,735,39,3,2300,11
2204,735,52,4,4750,11
2205,735,8,1,7600,11
2206,736,46,4,880,4
2207,736,59,1,9300,4
2208,736,15,2,6200,4
2209,737,53,1,7100,9
2210,737,6,2,22500,9
2211,737,22,3,8800,9
2212,738,60,2,2200,2
2213,738,13,3,2750,2
2214,738,29,4,48,2
2215,739,7,3,18400,7
2216,739,20,4,690,7
2217,739,36,1,4500,7
2218,740,14,4,5100,12
2219,740,27,1,14800,12
2220,740,43,2,1280,12
2221,741,21,1,540,5
2222,741,34,2,9400,5
2223,741,50,3,5150,5
2224,742,28,2,17400,10
2225,742,41,3,6200,10
2226,742,57,4,3400,10
2227,743,35,3,2100,3
2228,743,48,4,3700,3
2229,743,4,1,3800,3
2230,744,42,4,3900,8
2231,744,55,1,2600,8
2232,744,11,2,3200,8
2233,745,49,1,2950,1
2234,745,2,2,9800,1
2235,745,18,3,2950,1
2236,746,56,2,6800,6
2237,746,9,3,870,6
2238,746,25,4,1250,6
2239,747,3,3,420,11
2240,747,16,4,7350,11
2241,747,32,1,3350,11
2242,748,10,4,540,4
2243,748,23,1,3600,4
2244,748,39,2,2300,4
2245,749,17,1,180,9
2246,749,30,2,2400,9
2247,749,46,3,880,9
2248,750,24,2,4900,2
2249,750,37,3,2600,2
2250,750,53,4,7100,2
2251,751,31,3,1900,7
2252,751,44,4,5250,7
2253,751,60,1,2200,7
2254,752,38,4,3100,12
2255,752,51,1,1320,12
2256,752,7,2,18400,12
2257,753,45,1,4300,5
2258,753,58,2,3900,5
2259,753,14,3,5100,5
2260,754,52,2,4750,10
2261,754,5,3,12600,10
2262,754,21,4,540,10
2263,755,59,3,9300,3
2264,755,12,4,4100,3
2265,755,28,1,17400,3
2266,756,6,4,22500,8
2267,756,19,1,4100,8
2268,756,35,2,2100,8
2269,757,13,1,2750,1
2270,757,26,2,760,1
2271,757,42,3,3900,1
2272,758,20,2,690,6
2273,758,33,3,7850,6
2274,758,49,4,2950,6
2275,759,27,3,14800,11
2276,759,40,4,970,11
2277,759,56,1,6800,11
2278,760,34,4,9400,4
2279,760,47,1,11200,4
2280,760,3,2,420,4
2281,761,41,1,6200,9
2282,761,54,2,8600,9
2283,761,10,3,540,9
2284,762,48,2,3700,2
2285,762,1,3,1495,2
2286,762,17,4,180,2
2287,763,55,3,2600,7
2288,763,8,4,7600,7
2289,763,24,1,4900,7
2290,764,2,4,9800,12
2291,764,15,1,6200,12
2292,764,31,2,1900,12
2293,765,9,1,870,5
2294,765,22,2,8800,5
2295,765,38,3,3100,5
2296,766,16,2,7350,10
2297,766,29,3,48,10
2298,766,45,4,4300,10
2299,767,23,3,3600,3
2300,767,36,4,4500,3
2301,767,52,1,4750,3
2302,768,30,4,2400,8
2303,768,43,1,1280,8
2304,768,59,2,9300,8
2305,769,37,1,2600,1
2306,769,50,2,5150,1
2307,769,6,3,22500,1
2308,770,44,2,5250,6
2309,770,57,3,3400,6
2310,770,13,4,2750,6
2311,771,51,3,1320,11
2312,771,4,4,3800,11
2313,771,20,1,690,11
2314,772,58,4,3900,4
2315,772,11,1,3200,4
2316,772,27,2,14800,4
2317,773,5,1,12600,9
2318,773,18,2,2950,9
2319,773,34,3,9400,9
2320,774,12,2,4100,2
2321,774,25,3,1250,2
2322,774,41,4,6200,2
2323,775,19,3,4100,7
2324,775,32,4,3350,7
2325,775,48,1,3700,7
2326,776,26,4,760,12
2327,776,39,1,2300,12
2328,776,55,2,2600,12
2329,777,33,1,7850,5
2330,777,46,2,880,5
2331,777,2,3,9800,5
2332,778,40,2,970,10
2333,778,53,3,7100,10
2334,778,9,4,870,10
2335,779,47,3,11200,3
2336,779,60,4,2200,3
2337,779,16,1,7350,3
2338,780,54,4,8600,8
2339,780,7,1,18400,8
2340,780,23,2,3600,8
2341,781,1,1,1495,1
2342,781,14,2,5100,1
2343,781,30,3,2400,1
2344,782,8,2,7600,6
2345,782,21,3,540,6
2346,782,37,4,2600,6
2347,783,15,3,6200,11
2348,783,28,4,17400,11
2349,783,44,1,5250,11
2350,784,22,4,8800,4
2351,784,35,1,2100,4
2352,784,51,2,1320,4
2353,785,29,1,48,9
2354,785,42,2,3900,9
2355,785,58,3,3900,9
2356,786,36,2,4500,2
2357,786,49,3,2950,2
2358,786,5,4,12600,2
2359,787,43,3,1280,7
2360,787,56,4,6800,7
2361,787,12,1,4100,7
2362,788,50,4,5150,12
2363,788,3,1,420,12
2364,788,19,2,4100,12
2365,789,57,1,3400,5
2366,789,10,2,540,5
2367,789,26,3,760,5
2368,790,4,2,3800,10
2369,790,17,3,180,10
2370,790,33,4,7850,10
2371,791,11,3,3200,3
2372,791,24,4,4900,3
2373,791,40,1,970,3
2374,792,18,4,2950,8
2375,792,31,1,1900,8
2376,792,47,2,11200,8
2377,793,25,1,1250,1
2378,793,38,2,3100,1
2379,793,54,3,8600,1
2380,794,32,2,3350,6
2381,794,45,3,4300,6
2382,794,1,4,1495,6
2383,795,39,3,2300,11
2384,795,52,4,4750,11
2385,795,8,1,7600,11
2386,796,46,4,880,4
2387,796,59,1,9300,4
2388,796,15,2,6200,4
2389,797,53,1,7100,9
2390,797,6,2,22500,9
2391,797,22,3,8800,9
2392,798,60,2,2200,2
2393,798,13,3,2750,2
2394,798,29,4,48,2
2395,799,7,3,18400,7
2396,799,20,4,690,7
2397,799,36,1,4500,7
2398,800,14,4,5100,12
2399,800,27,1,14800,12
2400,800,43,2,1280,12
2401,801,21,1,540,5
2402,801,34,2,9400,5
2403,801,50,3,5150,5
2404,802,28,2,17400,10
2405,802,41,3,6200,10
2406,802,57,4,3400,10
2407,803,35,3,2100,3
2408,803,48,4,3700,3
2409,803,4,1,3800,3
2410,804,42,4,3900,8
2411,804,55,1,2600,8
2412,804,11,2,3200,8
2413,805,49,1,2950,1
2414,805,2,2,9800,1
2415,805,18,3,2950,1
2416,806,56,2,6800,6
2417,806,9,3,870,6
2418,806,25,4,1250,6
2419,807,3,3,420,11
2420,807,16,4,7350,11
2421,807,32,1,3350,11
2422,808,10,4,540,4
2423,808,23,1,3600,4
2424,808,39,2,2300,4
2425,809,17,1,180,9
2426,809,30,2,2400,9
2427,809,46,3,880,9
2428,810,24,2,4900,2
2429,810,37,3,2600,2
2430,810,53,4,7100,2
2431,811,31,3,1900,7
2432,811,44,4,5250,7
2433,811,60,1,2200,7
2434,812,38,4,3100,12
2435,812,51,1,1320,12
2436,812,7,2,18400,12
2437,813,45,1,4300,5
2438,813,58,2,3900,5
2439,813,14,3,5100,5
2440,814,52,2,4750,10
2441,814,5,3,12600,10
2442,814,21,4,540,10
2443,815,59,3,9300,3
2444,815,12,4,4100,3
2445,815,28,1,17400,3
2446,816,6,4,22500,8
2447,816,19,1,4100,8
2448,816,35,2,2100,8
2449,817,13,1,2750,1
2450,817,26,2,760,1
2451,817,42,3,3900,1
2452,818,20,2,690,6
2453,818,33,3,7850,6
2454,818,49,4,2950,6
2455,819,27,3,14800,11
2456,819,40,4,970,11
2457,819,56,1,6800,11
2458,820,34,4,9400,4
2459,820,47,1,11200,4
2460,820,3,2,420,4
2461,821,41,1,6200,9
2462,821,54,2,8600,9
2463,821,10,3,540,9
2464,822,48,2,3700,2
2465,822,1,3,1495,2
2466,822,17,4,180,2
2467,823,55,3,2600,7
2468,823,8,4,7600,7
2469,823,24,1,4900,7
2470,824,2,4,9800,12
2471,824,15,1,6200,12
2472,824,31,2,1900,12
2473,825,9,1,870,5
2474,825,22,2,8800,5
2475,825,38,3,3100,5
2476,826,16,2,7350,10
2477,826,29,3,48,10
2478,826,45,4,4300,10
2479,827,23,3,3600,3
2480,827,36,4,4500,3
2481,827,52,1,4750,3
2482,828,30,4,2400,8
2483,828,43,1,1280,8
2484,828,59,2,9300,8
2485,829,37,1,2600,1
2486,829,50,2,5150,1
2487,829,6,3,22500,1
2488,830,44,2,5250,6
2489,830,57,3,3400,6
2490,830,13,4,2750,6
2491,831,51,3,1320,11
2492,831,4,4,3800,11
2493,831,20,1,690,11
2494,832,58,4,3900,4
2495,832,11,1,3200,4
2496,832,27,2,14800,4
2497,833,5,1,12600,9
2498,833,18,2,2950,9
2499,833,34,3,9400,9
2500,834,12,2,4100,2
2501,834,25,3,1250,2
2502,834,41,4,6200,2
2503,835,19,3,4100,7
2504,835,32,4,3350,7
2505,835,48,1,3700,7
2506,836,26,4,760,12
2507,836,39,1,2300,12
2508,836,55,2,2600,12
2509,837,33,1,7850,5
2510,837,46,2,880,5
2511,837,2,3,9800,5
2512,838,40,2,970,10
2513,838,53,3,7100,10
2514,838,9,4,870,10
2515,839,47,3,11200,3
2516,839,60,4,2200,3
2517,839,16,1,7350,3
2518,840,54,4,8600,8
2519,840,7,1,18400,8
2520,840,23,2,3600,8
2521,841,1,1,1495,1
2522,841,14,2,5100,1
2523,841,30,3,2400,1
2524,842,8,2,7600,6
2525,842,21,3,540,6
2526,842,37,4,2600,6
2527,843,15,3,6200,11
2528,843,28,4,17400,11
2529,843,44,1,5250,11
2530,844,22,4,8800,4
2531,844,35,1,2100,4
2532,844,51,2,1320,4
2533,845,29,1,48,9
2534,845,42,2,3900,9
2535,845,58,3,3900,9
2536,846,36,2,4500,2
2537,846,49,3,2950,2
2538,846,5,4,12600,2
2539,847,43,3,1280,7
2540,847,56,4,6800,7
2541,847,12,1,4100,7
2542,848,50,4,5150,12
2543,848,3,1,420,12
2544,848,19,2,4100,12
2545,849,57,1,3400,5
2546,849,10,2,540,5
2547,849,26,3,760,5
2548,850,4,2,3800,10
2549,850,17,3,180,10
2550,850,33,4,7850,10
2551,851,11,3,3200,3
2552,851,24,4,4900,3
2553,851,40,1,970,3
2554,852,18,4,2950,8
2555,852,31,1,1900,8
2556,852,47,2,11200,8
2557,853,25,1,1250,1
2558,853,38,2,3100,1
2559,853,54,3,8600,1
2560,854,32,2,3350,6
2561,854,45,3,4300,6
2562,854,1,4,1495,6
2563,855,39,3,2300,11
2564,855,52,4,4750,11
2565,855,8,1,7600,11
2566,856,46,4,880,4
2567,856,59,1,9300,4
2568,856,15,2,6200,4
2569,857,53,1,7100,9
2570,857,6,2,22500,9
2571,857,22,3,8800,9
2572,858,60,2,2200,2
2573,858,13,3,2750,2
2574,858,29,4,48,2
2575,859,7,3,18400,7
2576,859,20,4,690,7
2577,859,36,1,4500,7
2578,860,14,4,5100,12
2579,860,27,1,14800,12
2580,860,43,2,1280,12
2581,861,21,1,540,5
2582,861,34,2,9400,5
2583,861,50,3,5150,5
2584,862,28,2,17400,10
2585,862,41,3,6200,10
2586,862,57,4,3400,10
2587,863,35,3,2100,3
2588,863,48,4,3700,3
2589,863,4,1,3800,3
2590,864,42,4,3900,8
2591,864,55,1,2600,8
2592,864,11,2,3200,8
2593,865,49,1,2950,1
2594,865,2,2,9800,1
2595,865,18,3,2950,1
2596,866,56,2,6800,6
2597,866,9,3,870,6
2598,866,25,4,1250,6
2599,867,3,3,420,11
2600,867,16,4,7350,11
2601,867,32,1,3350,11
2602,868,10,4,540,4
2603,868,23,1,3600,4
2604,868,39,2,2300,4
2605,869,17,1,180,9
2606,869,30,2,2400,9
2607,869,46,3,880,9
2608,870,24,2,4900,2
2609,870,37,3,2600,2
2610,870,53,4,7100,2
2611,871,31,3,1900,7
2612,871,44,4,5250,7
2613,871,60,1,2200,7
2614,872,38,4,3100,12
2615,872,51,1,1320,12
2616,872,7,2,18400,12
2617,873,45,1,4300,5
2618,873,58,2,3900,5
2619,873,14,3,5100,5
2620,874,52,2,4750,10
2621,874,5,3,12600,10
2622,874,21,4,540,10
2623,875,59,3,9300,3
2624,875,12,4,4100,3
2625,875,28,1,17400,3
2626,876,6,4,22500,8
2627,876,19,1,4100,8
2628,876,35,2,2100,8
2629,877,13,1,2750,1
2630,877,26,2,760,1
2631,877,42,3,3900,1
2632,878,20,2,690,6
2633,878,33,3,7850,6
2634,878,49,4,2950,6
2635,879,27,3,14800,11
2636,879,40,4,970,11
2637,879,56,1,6800,11
2638,880,34,4,9400,4
2639,880,47,1,11200,4
2640,880,3,2,420,4
2641,881,41,1,6200,9
2642,881,54,2,8600,9
2643,881,10,3,540,9
2644,882,48,2,3700,2
2645,882,1,3,1495,2
2646,882,17,4,180,2
2647,883,55,3,2600,7
2648,883,8,4,7600,7
2649,883,24,1,4900,7
2650,884,2,4,9800,12
2651,884,15,1,6200,12
2652,884,31,2,1900,12
2653,885,9,1,870,5
2654,885,22,2,8800,5
2655,885,38,3,3100,5
2656,886,16,2,7350,10
2657,886,29,3,48,10
2658,886,45,4,4300,10
2659,887,23,3,3600,3
2660,887,36,4,4500,3
2661,887,52,1,4750,3
2662,888,30,4,2400,8
2663,888,43,1,1280,8
2664,888,59,2,9300,8
2665,889,37,1,2600,1
2666,889,50,2,5150,1
2667,889,6,3,22500,1
2668,890,44,2,5250,6
2669,890,57,3,3400,6
2670,890,13,4,2750,6
2671,891,51,3,1320,11
2672,891,4,4,3800,11
2673,891,20,1,690,11
2674,892,58,4,3900,4
2675,892,11,1,3200,4
2676,892,27,2,14800,4
2677,893,5,1,12600,9
2678,893,18,2,2950,9
2679,893,34,3,9400,9
2680,894,12,2,4100,2
2681,894,25,3,1250,2
2682,894,41,4,6200,2
2683,895,19,3,4100,7
2684,895,32,4,3350,7
2685,895,48,1,3700,7
2686,896,26,4,760,12
2687,896,39,1,2300,12
2688,896,55,2,2600,12
2689,897,33,1,7850,5
2690,897,46,2,880,5
2691,897,2,3,9800,5
2692,898,40,2,970,10
2693,898,53,3,7100,10
2694,898,9,4,870,10
2695,899,47,3,11200,3
2696,899,60,4,2200,3
2697,899,16,1,7350,3
2698,900,54,4,8600,8
2699,900,7,1,18400,8
2700,900,23,2,3600,8
2701,901,1,1,1495,1
2702,901,14,2,5100,1
2703,901,30,3,2400,1
2704,902,8,2,7600,6
2705,902,21,3,540,6
2706,902,37,4,2600,6
2707,903,15,3,6200,11
2708,903,28,4,17400,11
2709,903,44,1,5250,11
2710,904,22,4,8800,4
2711,904,35,1,2100,4
2712,904,51,2,1320,4
2713,905,29,1,48,9
2714,905,42,2,3900,9
2715,905,58,3,3900,9
2716,906,36,2,4500,2
2717,906,49,3,2950,2
2718,906,5,4,12600,2
2719,907,43,3,1280,7
2720,907,56,4,6800,7
2721,907,12,1,4100,7
2722,908,50,4,5150,12
2723,908,3,1,420,12
2724,908,19,2,4100,12
2725,909,57,1,3400,5
2726,909,10,2,540,5
2727,909,26,3,760,5
2728,910,4,2,3800,10
2729,910,17,3,180,10
2730,910,33,4,7850,10
2731,911,11,3,3200,3
2732,911,24,4,4900,3
2733,911,40,1,970,3
2734,912,18,4,2950,8
2735,912,31,1,1900,8
2736,912,47,2,11200,8
2737,913,25,1,1250,1
2738,913,38,2,3100,1
2739,913,54,3,8600,1
2740,914,32,2,3350,6
2741,914,45,3,4300,6
2742,914,1,4,1495,6
2743,915,39,3,2300,11
2744,915,52,4,4750,11
2745,915,8,1,7600,11
2746,916,46,4,880,4
2747,916,59,1,9300,4
2748,916,15,2,6200,4
2749,917,53,1,7100,9
2750,917,6,2,22500,9
2751,917,22,3,8800,9
2752,918,60,2,2200,2
2753,918,13,3,2750,2
2754,918,29,4,48,2
2755,919,7,3,18400,7
2756,919,20,4,690,7
2757,919,36,1,4500,7
2758,920,14,4,5100,12
2759,920,27,1,14800,12
2760,920,43,2,1280,12
2761,921,21,1,540,5
2762,921,34,2,9400,5
2763,921,50,3,5150,5
2764,922,28,2,17400,10
2765,922,41,3,6200,10
2766,922,57,4,3400,10
2767,923,35,3,2100,3
2768,923,48,4,3700,3
2769,923,4,1,3800,3
2770,924,42,4,3900,8
2771,924,55,1,2600,8
2772,924,11,2,3200,8
2773,925,49,1,2950,1
2774,925,2,2,9800,1
2775,925,18,3,2950,1
2776,926,56,2,6800,6
2777,926,9,3,870,6
2778,926,25,4,1250,6
2779,927,3,3,420,11
2780,927,16,4,7350,11
2781,927,32,1,3350,11
2782,928,10,4,540,4
2783,928,23,1,3600,4
2784,928,39,2,2300,4
2785,929,17,1,180,9
2786,929,30,2,2400,9
2787,929,46,3,880,9
2788,930,24,2,4900,2
2789,930,37,3,2600,2
2790,930,53,4,7100,2
2791,931,31,3,1900,7
2792,931,44,4,5250,7
2793,931,60,1,2200,7
2794,932,38,4,3100,12
2795,932,51,1,1320,12
2796,932,7,2,18400,12
2797,933,45,1,4300,5
2798,933,58,2,3900,5
2799,933,14,3,5100,5
2800,934,52,2,4750,10
2801,934,5,3,12600,10
2802,934,21,4,540,10
2803,935,59,3,9300,3
2804,935,12,4,4100,3
2805,935,28,1,17400,3
2806,936,6,4,22500,8
2807,936,19,1,4100,8
2808,936,35,2,2100,8
2809,937,13,1,2750,1
2810,937,26,2,760,1
2811,937,42,3,3900,1
2812,938,20,2,690,6
2813,938,33,3,7850,6
2814,938,49,4,2950,6
2815,939,27,3,14800,11
2816,939,40,4,970,11
2817,939,56,1,6800,11
2818,940,34,4,9400,4
2819,940,47,1,11200,4
2820,940,3,2,420,4
2821,941,41,1,6200,9
2822,941,54,2,8600,9
2823,941,10,3,540,9
2824,942,48,2,3700,2
2825,942,1,3,1495,2
2826,942,17,4,180,2
2827,943,55,3,2600,7
2828,943,8,4,7600,7
2829,943,24,1,4900,7
2830,944,2,4,9800,12
2831,944,15,1,6200,12
2832,944,31,2,1900,12
2833,945,9,1,870,5
2834,945,22,2,8800,5
2835,945,38,3,3100,5
2836,946,16,2,7350,10
2837,946,29,3,48,10
2838,946,45,4,4300,10
2839,947,23,3,3600,3
2840,947,36,4,4500,3
2841,947,52,1,4750,3
2842,948,30,4,2400,8
2843,948,43,1,1280,8
2844,948,59,2,9300,8
2845,949,37,1,2600,1
2846,949,50,2,5150,1
2847,949,6,3,22500,1
2848,950,44,2,5250,6
2849,950,57,3,3400,6
2850,950,13,4,2750,6
2851,951,51,3,1320,11
2852,951,4,4,3800,11
2853,951,20,1,690,11
2854,952,58,4,3900,4
2855,952,11,1,3200,4
2856,952,27,2,14800,4
2857,953,5,1,12600,9
2858,953,18,2,2950,9
2859,953,34,3,9400,9
2860,954,12,2,4100,2
2861,954,25,3,1250,2
2862,954,41,4,6200,2
2863,955,19,3,4100,7
2864,955,32,4,3350,7
2865,955,48,1,3700,7
2866,956,26,4,760,12
2867,956,39,1,2300,12
2868,956,55,2,2600,12
2869,957,33,1,7850,5
2870,957,46,2,880,5
2871,957,2,3,9800,5
2872,958,40,2,970,10
2873,958,53,3,7100,10
2874,958,9,4,870,10
2875,959,47,3,11200,3
2876,959,60,4,2200,3
2877,959,16,1,7350,3
2878,960,54,4,8600,8
2879,960,7,1,18400,8
2880,960,23,2,3600,8
2881,961,1,1,1495,1
2882,961,14,2,5100,1
2883,961,30,3,2400,1
2884,962,8,2,7600,6
2885,962,21,3,540,6
2886,962,37,4,2600,6
2887,963,15,3,6200,11
2888,963,28,4,17400,11
2889,963,44,1,5250,11
2890,964,22,4,8800,4
2891,964,35,1,2100,4
2892,964,51,2,1320,4
2893,965,29,1,48,9
2894,965,42,2,3900,9
2895,965,58,3,3900,9
2896,966,36,2,4500,2
2897,966,49,3,2950,2
2898,966,5,4,12600,2
2899,967,43,3,1280,7
2900,967,56,4,6800,7
2901,967,12,1,4100,7
2902,968,50,4,5150,12
2903,968,3,1,420,12
2904,968,19,2,4100,12
2905,969,57,1,3400,5
2906,969,10,2,540,5
2907,969,26,3,760,5
2908,970,4,2,3800,10
2909,970,17,3,180,10
2910,970,33,4,7850,10
2911,971,11,3,3200,3
2912,971,24,4,4900,3
2913,971,40,1,970,3
2914,972,18,4,2950,8
2915,972,31,1,1900,8
2916,972,47,2,11200,8
2917,973,25,1,1250,1
2918,973,38,2,3100,1
2919,973,54,3,8600,1
2920,974,32,2,3350,6
2921,974,45,3,4300,6
2922,974,1,4,1495,6
2923,975,39,3,2300,11
2924,975,52,4,4750,11
2925,975,8,1,7600,11
2926,976,46,4,880,4
2927,976,59,1,9300,4
2928,976,15,2,6200,4
2929,977,53,1,7100,9
2930,977,6,2,22500,9
2931,977,22,3,8800,9
2932,978,60,2,2200,2
2933,978,13,3,2750,2
2934,978,29,4,48,2
2935,979,7,3,18400,7
2936,979,20,4,690,7
2937,979,36,1,4500,7
2938,980,14,4,5100,12
2939,980,27,1,14800,12
2940,980,43,2,1280,12
2941,981,21,1,540,5
2942,981,34,2,9400,5
2943,981,50,3,5150,5
2944,982,28,2,17400,10
2945,982,41,3,6200,10
2946,982,57,4,3400,10
2947,983,35,3,2100,3
2948,983,48,4,3700,3
2949,983,4,1,3800,3
2950,984,42,4,3900,8
2951,984,55,1,2600,8
2952,984,11,2,3200,8
2953,985,49,1,2950,1
2954,985,2,2,9800,1
2955,985,18,3,2950,1
2956,986,56,2,6800,6
2957,986,9,3,870,6
2958,986,25,4,1250,6
2959,987,3,3,420,11
2960,987,16,4,7350,11
2961,987,32,1,3350,11
2962,988,10,4,540,4
2963,988,23,1,3600,4
2964,988,39,2,2300,4
2965,989,17,1,180,9
2966,989,30,2,2400,9
2967,989,46,3,880,9
2968,990,24,2,4900,2
2969,990,37,3,2600,2
2970,990,53,4,7100,2
2971,991,31,3,1900,7
2972,991,44,4,5250,7
2973,991,60,1,2200,7
2974,992,38,4,3100,12
2975,992,51,1,1320,12
2976,992,7,2,18400,12
2977,993,45,1,4300,5
2978,993,58,2,3900,5
2979,993,14,3,5100,5
2980,994,52,2,4750,10
2981,994,5,3,12600,10
2982,994,21,4,540,10
2983,995,59,3,9300,3
2984,995,12,4,4100,3
2985,995,28,1,17400,3
2986,996,6,4,22500,8
2987,996,19,1,4100,8
2988,996,35,2,2100,8
2989,997,13,1,2750,1
2990,997,26,2,760,1
2991,997,42,3,3900,1
2992,998,20,2,690,6
2993,998,33,3,7850,6
2994,998,49,4,2950,6
2995,999,27,3,14800,11
2996,999,40,4,970,11
2997,999,56,1,6800,11
2998,1000,34,4,9400,4
2999,1000,47,1,11200,4
3000,1000,3,2,420,4
3001,1001,41,1,6200,9
3002,1001,54,2,8600,9
3003,1001,10,3,540,9
3004,1002,48,2,3700,2
3005,1002,1,3,1495,2
3006,1002,17,4,180,2
3007,1003,55,3,2600,7
3008,1003,8,4,7600,7
3009,1003,24,1,4900,7
3010,1004,2,4,9800,12
3011,1004,15,1,6200,12
3012,1004,31,2,1900,12
3013,1005,9,1,870,5
3014,1005,22,2,8800,5
3015,1005,38,3,3100,5
3016,1006,16,2,7350,10
3017,1006,29,3,48,10
3018,1006,45,4,4300,10
3019,1007,23,3,3600,3
3020,1007,36,4,4500,3
3021,1007,52,1,4750,3
3022,1008,30,4,2400,8
3023,1008,43,1,1280,8
3024,1008,59,2,9300,8
3025,1009,37,1,2600,1
3026,1009,50,2,5150,1
3027,1009,6,3,22500,1
3028,1010,44,2,5250,6
3029,1010,57,3,3400,6
3030,1010,13,4,2750,6
3031,1011,51,3,1320,11
3032,1011,4,4,3800,11
3033,1011,20,1,690,11
3034,1012,58,4,3900,4
3035,1012,11,1,3200,4
3036,1012,27,2,14800,4
3037,1013,5,1,12600,9
3038,1013,18,2,2950,9
3039,1013,34,3,9400,9
3040,1014,12,2,4100,2
3041,1014,25,3,1250,2
3042,1014,41,4,6200,2
3043,1015,19,3,4100,7
3044,1015,32,4,3350,7
3045,1015,48,1,3700,7
3046,1016,26,4,760,12
3047,1016,39,1,2300,12
3048,1016,55,2,2600,12
3049,1017,33,1,7850,5
3050,1017,46,2,880,5
3051,1017,2,3,9800,5
3052,1018,40,2,970,10
3053,1018,53,3,7100,10
3054,1018,9,4,870,10
3055,1019,47,3,11200,3
3056,1019,60,4,2200,3
3057,1019,16,1,7350,3
3058,1020,54,4,8600,8
3059,1020,7,1,18400,8
3060,1020,23,2,3600,8
3061,1021,1,1,1495,1
3062,1021,14,2,5100,1
3063,1021,30,3,2400,1
3064,1022,8,2,7600,6
3065,1022,21,3,540,6
3066,1022,37,4,2600,6
3067,1023,15,3,6200,11
3068,1023,28,4,17400,11
3069,1023,44,1,5250,11
3070,1024,22,4,8800,4
3071,1024,35,1,2100,4
3072,1024,51,2,1320,4
3073,1025,29,1,48,9
3074,1025,42,2,3900,9
3075,1025,58,3,3900,9
3076,1026,36,2,4500,2
3077,1026,49,3,2950,2
3078,1026,5,4,12600,2
3079,1027,43,3,1280,7
3080,1027,56,4,6800,7
3081,1027,12,1,4100,7
3082,1028,50,4,5150,12
3083,1028,3,1,420,12
3084,1028,19,2,4100,12
3085,1029,57,1,3400,5
3086,1029,10,2,540,5
3087,1029,26,3,760,5
3088,1030,4,2,3800,10
3089,1030,17,3,180,10
3090,1030,33,4,7850,10
3091,1031,11,3,3200,3
3092,1031,24,4,4900,3
3093,1031,40,1,970,3
3094,1032,18,4,2950,8
3095,1032,31,1,1900,8
3096,1032,47,2,11200,8
3097,1033,25,1,1250,1
3098,1033,38,2,3100,1
3099,1033,54,3,8600,1
3100,1034,32,2,3350,6
3101,1034,45,3,4300,6
3102,1034,1,4,1495,6
3103,1035,39,3,2300,11
3104,1035,52,4,4750,11
3105,1035,8,1,7600,11
3106,1036,46,4,880,4
3107,1036,59,1,9300,4
3108,1036,15,2,6200,4
3109,1037,53,1,7100,9
3110,1037,6,2,22500,9
3111,1037,22,3,8800,9
3112,1038,60,2,2200,2
3113,1038,13,3,2750,2
3114,1038,29,4,48,2
3115,1039,7,3,18400,7
3116,1039,20,4,690,7
3117,1039,36,1,4500,7
3118,1040,14,4,5100,12
3119,1040,27,1,14800,12
3120,1040,43,2,1280,12
3121,1041,21,1,540,5
3122,1041,34,2,9400,5
3123,1041,50,3,5150,5
3124,1042,28,2,17400,10
3125,1042,41,3,6200,10
3126,1042,57,4,3400,10
3127,1043,35,3,2100,3
3128,1043,48,4,3700,3
3129,1043,4,1,3800,3
3130,1044,42,4,3900,8
3131,1044,55,1,2600,8
3132,1044,11,2,3200,8
3133,1045,49,1,2950,1
3134,1045,2,2,9800,1
3135,1045,18,3,2950,1
3136,1046,56,2,6800,6
3137,1046,9,3,870,6
3138,1046,25,4,1250,6
3139,1047,3,3,420,11
3140,1047,16,4,7350,11
3141,1047,32,1,3350,11
3142,1048,10,4,540,4
3143,1048,23,1,3600,4
3144,1048,39,2,2300,4
3145,1049,17,1,180,9
3146,1049,30,2,2400,9
3147,1049,46,3,880,9
3148,1050,24,2,4900,2
3149,1050,37,3,2600,2
3150,1050,53,4,7100,2
3151,1051,31,3,1900,7
3152,1051,44,4,5250,7
3153,1051,60,1,2200,7
3154,1052,38,4,3100,12
3155,1052,51,1,1320,12
3156,1052,7,2,18400,12
3157,1053,45,1,4300,5
3158,1053,58,2,3900,5
3159,1053,14,3,5100,5
3160,1054,52,2,4750,10
3161,1054,5,3,12600,10
3162,1054,21,4,540,10
3163,1055,59,3,9300,3
3164,1055,12,4,4100,3
3165,1055,28,1,17400,3
3166,1056,6,4,22500,8
3167,1056,19,1,4100,8
3168,1056,35,2,2100,8
3169,1057,13,1,2750,1
3170,1057,26,2,760,1
3171,1057,42,3,3900,1
3172,1058,20,2,690,6
3173,1058,33,3,7850,6
3174,1058,49,4,2950,6
3175,1059,27,3,14800,11
3176,1059,40,4,970,11
3177,1059,56,1,6800,11
3178,1060,34,4,9400,4
3179,1060,47,1,11200,4
3180,1060,3,2,420,4
3181,1061,41,1,6200,9
3182,1061,54,2,8600,9
3183,1061,10,3,540,9
3184,1062,48,2,3700,2
3185,1062,1,3,1495,2
3186,1062,17,4,180,2
3187,1063,55,3,2600,7
3188,1063,8,4,7600,7
3189,1063,24,1,4900,7
3190,1064,2,4,9800,12
3191,1064,15,1,6200,12
3192,1064,31,2,1900,12
3193,1065,9,1,870,5
3194,1065,22,2,8800,5
3195,1065,38,3,3100,5
3196,1066,16,2,7350,10
3197,1066,29,3,48,10
3198,1066,45,4,4300,10
3199,1067,23,3,3600,3
3200,1067,36,4,4500,3
3201,1067,52,1,4750,3
3202,1068,30,4,2400,8
3203,1068,43,1,1280,8
3204,1068,59,2,9300,8
3205,1069,37,1,2600,1
3206,1069,50,2,5150,1
3207,1069,6,3,22500,1
3208,1070,44,2,5250,6
3209,1070,57,3,3400,6
3210,1070,13,4,2750,6
3211,1071,51,3,1320,11
3212,1071,4,4,3800,11
3213,1071,20,1,690,11
3214,1072,58,4,3900,4
3215,1072,11,1,3200,4
3216,1072,27,2,14800,4
3217,1073,5,1,12600,9
3218,1073,18,2,2950,9
3219,1073,34,3,9400,9
3220,1074,12,2,4100,2
3221,1074,25,3,1250,2
3222,1074,41,4,6200,2
3223,1075,19,3,4100,7
3224,1075,32,4,3350,7
3225,1075,48,1,3700,7
3226,1076,26,4,760,12
3227,1076,39,1,2300,12
3228,1076,55,2,2600,12
3229,1077,33,1,7850,5
3230,1077,46,2,880,5
3231,1077,2,3,9800,5
3232,1078,40,2,970,10
3233,1078,53,3,7100,10
3234,1078,9,4,870,10
3235,1079,47,3,11200,3
3236,1079,60,4,2200,3
3237,1079,16,1,7350,3
3238,1080,54,4,8600,8
3239,1080,7,1,18400,8
3240,1080,23,2,3600,8
3241,1081,1,1,1495,1
3242,1081,14,2,5100,1
3243,1081,30,3,2400,1
3244,1082,8,2,7600,6
3245,1082,21,3,540,6
3246,1082,37,4,2600,6
3247,1083,15,3,6200,11
3248,1083,28,4,17400,11
3249,1083,44,1,5250,11
3250,1084,22,4,8800,4
3251,1084,35,1,2100,4
3252,1084,51,2,1320,4
3253,1085,29,1,48,9
3254,1085,42,2,3900,9
3255,1085,58,3,3900,9
3256,1086,36,2,4500,2
3257,1086,49,3,2950,2
3258,1086,5,4,12600,2
3259,1087,43,3,1280,7
3260,1087,56,4,6800,7
3261,1087,12,1,4100,7
3262,1088,50,4,5150,12
3263,1088,3,1,420,12
3264,1088,19,2,4100,12
3265,1089,57,1,3400,5
3266,1089,10,2,540,5
3267,1089,26,3,760,5
3268,1090,4,2,3800,10
3269,1090,17,3,180,10
3270,1090,33,4,7850,10
3271,1091,11,3,3200,3
3272,1091,24,4,4900,3
3273,1091,40,1,970,3
3274,1092,18,4,2950,8
3275,1092,31,1,1900,8
3276,1092,47,2,11200,8
3277,1093,25,1,1250,1
3278,1093,38,2,3100,1
3279,1093,54,3,8600,1
3280,1094,32,2,3350,6
3281,1094,45,3,4300,6
3282,1094,1,4,1495,6
3283,1095,39,3,2300,11
3284,1095,52,4,4750,11
3285,1095,8,1,7600,11
3286,1096,46,4,880,4
3287,1096,59,1,9300,4
3288,1096,15,2,6200,4
3289,1097,53,1,7100,9
3290,1097,6,2,22500,9
3291,1097,22,3,8800,9
3292,1098,60,2,2200,2
3293,1098,13,3,2750,2
3294,1098,29,4,48,2
3295,1099,7,3,18400,7
3296,1099,20,4,690,7
3297,1099,36,1,4500,7
3298,1100,14,4,5100,12
3299,1100,27,1,14800,12
3300,1100,43,2,1280,12
3301,1101,21,1,540,5
3302,1101,34,2,9400,5
3303,1101,50,3,5150,5
3304,1102,28,2,17400,10
3305,1102,41,3,6200,10
3306,1102,57,4,3400,10
3307,1103,35,3,2100,3
3308,1103,48,4,3700,3
3309,1103,4,1,3800,3
3310,1104,42,4,3900,8
3311,1104,55,1,2600,8
3312,1104,11,2,3200,8
3313,1105,49,1,2950,1
3314,1105,2,2,9800,1
3315,1105,18,3,2950,1
3316,1106,56,2,6800,6
3317,1106,9,3,870,6
3318,1106,25,4,1250,6
3319,1107,3,3,420,11
3320,1107,16,4,7350,11
3321,1107,32,1,3350,11
3322,1108,10,4,540,4
3323,1108,23,1,3600,4
3324,1108,39,2,2300,4
3325,1109,17,1,180,9
3326,1109,30,2,2400,9
3327,1109,46,3,880,9
3328,1110,24,2,4900,2
3329,1110,37,3,2600,2
3330,1110,53,4,7100,2
3331,1111,31,3,1900,7
3332,1111,44,4,5250,7
3333,1111,60,1,2200,7
3334,1112,38,4,3100,12
3335,1112,51,1,1320,12
3336,1112,7,2,18400,12
3337,1113,45,1,4300,5
3338,1113,58,2,3900,5
3339,1113,14,3,5100,5
3340,1114,52,2,4750,10
3341,1114,5,3,12600,10
3342,1114,21,4,540,10
3343,1115,59,3,9300,3
3344,1115,12,4,4100,3
3345,1115,28,1,17400,3
3346,1116,6,4,22500,8
3347,1116,19,1,4100,8
3348,1116,35,2,2100,8
3349,1117,13,1,2750,1
3350,1117,26,2,760,1
3351,1117,42,3,3900,1
3352,1118,20,2,690,6
3353,1118,33,3,7850,6
3354,1118,49,4,2950,6
3355,1119,27,3,14800,11
3356,1119,40,4,970,11
3357,1119,56,1,6800,11
3358,1120,34,4,9400,4
3359,1120,47,1,11200,4
3360,1120,3,2,420,4
3361,1121,41,1,6200,9
3362,1121,54,2,8600,9
3363,1121,10,3,540,9
3364,1122,48,2,3700,2
3365,1122,1,3,1495,2
3366,1122,17,4,180,2
3367,1123,55,3,2600,7
3368,1123,8,4,7600,7
3369,1123,24,1,4900,7
3370,1124,2,4,9800,12
3371,1124,15,1,6200,12
3372,1124,31,2,1900,12
3373,1125,9,1,870,5
3374,1125,22,2,8800,5
3375,1125,38,3,3100,5
3376,1126,16,2,7350,10
3377,1126,29,3,48,10
3378,1126,45,4,4300,10
3379,1127,23,3,3600,3
3380,1127,36,4,4500,3
3381,1127,52,1,4750,3
3382,1128,30,4,2400,8
3383,1128,43,1,1280,8
3384,1128,59,2,9300,8
3385,1129,37,1,2600,1
3386,1129,50,2,5150,1
3387,1129,6,3,22500,1
3388,1130,44,2,5250,6
3389,1130,57,3,3400,6
3390,1130,13,4,2750,6
3391,1131,51,3,1320,11
3392,1131,4,4,3800,11
3393,1131,20,1,690,11
3394,1132,58,4,3900,4
3395,1132,11,1,3200,4
3396,1132,27,2,14800,4
3397,1133,5,1,12600,9
3398,1133,18,2,2950,9
3399,1133,34,3,9400,9
3400,1134,12,2,4100,2
3401,1134,25,3,1250,2
3402,1134,41,4,6200,2
3403,1135,19,3,4100,7
3404,1135,32,4,3350,7
3405,1135,48,1,3700,7
3406,1136,26,4,760,12
3407,1136,39,1,2300,12
3408,1136,55,2,2600,12
3409,1137,33,1,7850,5
3410,1137,46,2,880,5
3411,1137,2,3,9800,5
3412,1138,40,2,970,10
3413,1138,53,3,7100,10
3414,1138,9,4,870,10
3415,1139,47,3,11200,3
3416,1139,60,4,2200,3
3417,1139,16,1,7350,3
3418,1140,54,4,8600,8
3419,1140,7,1,18400,8
3420,1140,23,2,3600,8
3421,1141,1,1,1495,1
3422,1141,14,2,5100,1
3423,1141,30,3,2400,1
3424,1142,8,2,7600,6
3425,1142,21,3,540,6
3426,1142,37,4,2600,6
3427,1143,15,3,6200,11
3428,1143,28,4,17400,11
3429,1143,44,1,5250,11
3430,1144,22,4,8800,4
3431,1144,35,1,2100,4
3432,1144,51,2,1320,4
3433,1145,29,1,48,9
3434,1145,42,2,3900,9
3435,1145,58,3,3900,9
3436,1146,36,2,4500,2
3437,1146,49,3,2950,2
3438,1146,5,4,12600,2
3439,1147,43,3,1280,7
3440,1147,56,4,6800,7
3441,1147,12,1,4100,7
3442,1148,50,4,5150,12
3443,1148,3,1,420,12
3444,1148,19,2,4100,12
3445,1149,57,1,3400,5
3446,1149,10,2,540,5
3447,1149,26,3,760,5
3448,1150,4,2,3800,10
3449,1150,17,3,180,10
3450,1150,33,4,7850,10
3451,1151,11,3,3200,3
3452,1151,24,4,4900,3
3453,1151,40,1,970,3
3454,1152,18,4,2950,8
3455,1152,31,1,1900,8
3456,1152,47,2,11200,8
3457,1153,25,1,1250,1
3458,1153,38,2,3100,1
3459,1153,54,3,8600,1
3460,1154,32,2,3350,6
3461,1154,45,3,4300,6
3462,1154,1,4,1495,6
3463,1155,39,3,2300,11
3464,1155,52,4,4750,11
3465,1155,8,1,7600,11
3466,1156,46,4,880,4
3467,1156,59,1,9300,4
3468,1156,15,2,6200,4
3469,1157,53,1,7100,9
3470,1157,6,2,22500,9
3471,1157,22,3,8800,9
3472,1158,60,2,2200,2
3473,1158,13,3,2750,2
3474,1158,29,4,48,2
3475,1159,7,3,18400,7
3476,1159,20,4,690,7
3477,1159,36,1,4500,7
3478,1160,14,4,5100,12
3479,1160,27,1,14800,12
3480,1160,43,2,1280,12
3481,1161,21,1,540,5
3482,1161,34,2,9400,5
3483,1161,50,3,5150,5
3484,1162,28,2,17400,10
3485,1162,41,3,6200,10
3486,1162,57,4,3400,10
3487,1163,35,3,2100,3
3488,1163,48,4,3700,3
3489,1163,4,1,3800,3
3490,1164,42,4,3900,8
3491,1164,55,1,2600,8
3492,1164,11,2,3200,8
3493,1165,49,1,2950,1
3494,1165,2,2,9800,1
3495,1165,18,3,2950,1
3496,1166,56,2,6800,6
3497,1166,9,3,870,6
3498,1166,25,4,1250,6
3499,1167,3,3,420,11
3500,1167,16,4,7350,11
3501,1167,32,1,3350,11
3502,1168,10,4,540,4
3503,1168,23,1,3600,4
3504,1168,39,2,2300,4
3505,1169,17,1,180,9
3506,1169,30,2,2400,9
3507,1169,46,3,880,9
3508,1170,24,2,4900,2
3509,1170,37,3,2600,2
3510,1170,53,4,7100,2
3511,1171,31,3,1900,7
3512,1171,44,4,5250,7
3513,1171,60,1,2200,7
3514,1172,38,4,3100,12
3515,1172,51,1,1320,12
3516,1172,7,2,18400,12
3517,1173,45,1,4300,5
3518,1173,58,2,3900,5
3519,1173,14,3,5100,5
3520,1174,52,2,4750,10
3521,1174,5,3,12600,10
3522,1174,21,4,540,10
3523,1175,59,3,9300,3
3524,1175,12,4,4100,3
3525,1175,28,1,17400,3
3526,1176,6,4,22500,8
3527,1176,19,1,4100,8
3528,1176,35,2,2100,8
3529,1177,13,1,2750,1
3530,1177,26,2,760,1
3531,1177,42,3,3900,1
3532,1178,20,2,690,6
3533,1178,33,3,7850,6
3534,1178,49,4,2950,6
3535,1179,27,3,14800,11
3536,1179,40,4,970,11
3537,1179,56,1,6800,11
3538,1180,34,4,9400,4
3539,1180,47,1,11200,4
3540,1180,3,2,420,4
3541,1181,41,1,6200,9
3542,1181,54,2,8600,9
3543,1181,10,3,540,9
3544,1182,48,2,3700,2
3545,1182,1,3,1495,2
3546,1182,17,4,180,2
3547,1183,55,3,2600,7
3548,1183,8,4,7600,7
3549,1183,24,1,4900,7
3550,1184,2,4,9800,12
3551,1184,15,1,6200,12
3552,1184,31,2,1900,12
3553,1185,9,1,870,5
3554,1185,22,2,8800,5
3555,1185,38,3,3100,5
3556,1186,16,2,7350,10
3557,1186,29,3,48,10
3558,1186,45,4,4300,10
3559,1187,23,3,3600,3
3560,1187,36,4,4500,3
3561,1187,52,1,4750,3
3562,1188,30,4,2400,8
3563,1188,43,1,1280,8
3564,1188,59,2,9300,8
3565,1189,37,1,2600,1
3566,1189,50,2,5150,1
3567,1189,6,3,22500,1
3568,1190,44,2,5250,6
3569,1190,57,3,3400,6
3570,1190,13,4,2750,6
3571,1191,51,3,1320,11
3572,1191,4,4,3800,11
3573,1191,20,1,690,11
3574,1192,58,4,3900,4
3575,1192,11,1,3200,4
3576,1192,27,2,14800,4
3577,1193,5,1,12600,9
3578,1193,18,2,2950,9
3579,1193,34,3,9400,9
3580,1194,12,2,4100,2
3581,1194,25,3,1250,2
3582,1194,41,4,6200,2
3583,1195,19,3,4100,7
3584,1195,32,4,3350,7
3585,1195,48,1,3700,7
3586,1196,26,4,760,12
3587,1196,39,1,2300,12
3588,1196,55,2,2600,12
3589,1197,33,1,7850,5
3590,1197,46,2,880,5
3591,1197,2,3,9800,5
3592,1198,40,2,970,10
3593,1198,53,3,7100,10
3594,1198,9,4,870,10
3595,1199,47,3,11200,3
3596,1199,60,4,2200,3
3597,1199,16,1,7350,3
3598,1200,54,4,8600,8
3599,1200,7,1,18400,8
3600,1200,23,2,3600,8
3601,1201,1,1,1495,1
3602,1201,14,2,5100,1
3603,1201,30,3,2400,1
3604,1202,8,2,7600,6
3605,1202,21,3,540,6
3606,1202,37,4,2600,6
3607,1203,15,3,6200,11
3608,1203,28,4,17400,11
3609,1203,44,1,5250,11
3610,1204,22,4,8800,4
3611,1204,35,1,2100,4
3612,1204,51,2,1320,4
3613,1205,29,1,48,9
3614,1205,42,2,3900,9
3615,1205,58,3,3900,9
3616,1206,36,2,4500,2
3617,1206,49,3,2950,2
3618,1206,5,4,12600,2
3619,1207,43,3,1280,7
3620,1207,56,4,6800,7
3621,1207,12,1,4100,7
3622,1208,50,4,5150,12
3623,1208,3,1,420,12
3624,1208,19,2,4100,12
3625,1209,57,1,3400,5
3626,1209,10,2,540,5
3627,1209,26,3,760,5
3628,1210,4,2,3800,10
3629,1210,17,3,180,10
3630,1210,33,4,7850,10
3631,1211,11,3,3200,3
3632,1211,24,4,4900,3
3633,1211,40,1,970,3
3634,1212,18,4,2950,8
3635,1212,31,1,1900,8
3636,1212,47,2,11200,8
3637,1213,25,1,1250,1
3638,1213,38,2,3100,1
3639,1213,54,3,8600,1
3640,1214,32,2,3350,6
3641,1214,45,3,4300,6
3642,1214,1,4,1495,6
3643,1215,39,3,2300,11
3644,1215,52,4,4750,11
3645,1215,8,1,7600,11
3646,1216,46,4,880,4
3647,1216,59,1,9300,4
3648,1216,15,2,6200,4
3649,1217,53,1,7100,9
3650,1217,6,2,22500,9
3651,1217,22,3,8800,9
3652,1218,60,2,2200,2
3653,1218,13,3,2750,2
3654,1218,29,4,48,2
3655,1219,7,3,18400,7
3656,1219,20,4,690,7
3657,1219,36,1,4500,7
3658,1220,14,4,5100,12
3659,1220,27,1,14800,12
3660,1220,43,2,1280,12
3661,1221,21,1,540,5
3662,1221,34,2,9400,5
3663,1221,50,3,5150,5
3664,1222,28,2,17400,10
3665,1222,41,3,6200,10
3666,1222,57,4,3400,10
3667,1223,35,3,2100,3
3668,1223,48,4,3700,3
3669,1223,4,1,3800,3
3670,1224,42,4,3900,8
3671,1224,55,1,2600,8
3672,1224,11,2,3200,8
3673,1225,49,1,2950,1
3674,1225,2,2,9800,1
3675,1225,18,3,2950,1
3676,1226,56,2,6800,6
3677,1226,9,3,870,6
3678,1226,25,4,1250,6
3679,1227,3,3,420,11
3680,1227,16,4,7350,11
3681,1227,32,1,3350,11
3682,1228,10,4,540,4
3683,1228,23,1,3600,4
3684,1228,39,2,2300,4
3685,1229,17,1,180,9
3686,1229,30,2,2400,9
3687,1229,46,3,880,9
3688,1230,24,2,4900,2
3689,1230,37,3,2600,2
3690,1230,53,4,7100,2
3691,1231,31,3,1900,7
3692,1231,44,4,5250,7
3693,1231,60,1,2200,7
3694,1232,38,4,3100,12
3695,1232,51,1,1320,12
3696,1232,7,2,18400,12
3697,1233,45,1,4300,5
3698,1233,58,2,3900,5
3699,1233,14,3,5100,5
3700,1234,52,2,4750,10
3701,1234,5,3,12600,10
3702,1234,21,4,540,10
3703,1235,59,3,9300,3
3704,1235,12,4,4100,3
3705,1235,28,1,17400,3
3706,1236,6,4,22500,8
3707,1236,19,1,4100,8
3708,1236,35,2,2100,8
3709,1237,13,1,2750,1
3710,1237,26,2,760,1
3711,1237,42,3,3900,1
3712,1238,20,2,690,6
3713,1238,33,3,7850,6
3714,1238,49,4,2950,6
3715,1239,27,3,14800,11
3716,1239,40,4,970,11
3717,1239,56,1,6800,11
3718,1240,34,4,9400,4
3719,1240,47,1,11200,4
3720,1240,3,2,420,4
3721,1241,41,1,6200,9
3722,1241,54,2,8600,9
3723,1241,10,3,540,9
3724,1242,48,2,3700,2
3725,1242,1,3,1495,2
3726,1242,17,4,180,2
3727,1243,55,3,2600,7
3728,1243,8,4,7600,7
3729,1243,24,1,4900,7
3730,1244,2,4,9800,12
3731,1244,15,1,6200,12
3732,1244,31,2,1900,12
3733,1245,9,1,870,5
3734,1245,22,2,8800,5
3735,1245,38,3,3100,5
3736,1246,16,2,7350,10
3737,1246,29,3,48,10
3738,1246,45,4,4300,10
3739,1247,23,3,3600,3
3740,1247,36,4,4500,3
3741,1247,52,1,4750,3
3742,1248,30,4,2400,8
3743,1248,43,1,1280,8
3744,1248,59,2,9300,8
3745,1249,37,1,2600,1
3746,1249,50,2,5150,1
3747,1249,6,3,22500,1
3748,1250,44,2,5250,6
3749,1250,57,3,3400,6
3750,1250,13,4,2750,6
3751,1251,51,3,1320,11
3752,1251,4,4,3800,11
3753,1251,20,1,690,11
3754,1252,58,4,3900,4
3755,1252,11,1,3200,4
3756,1252,27,2,14800,4
3757,1253,5,1,12600,9
3758,1253,18,2,2950,9
3759,1253,34,3,9400,9
3760,1254,12,2,4100,2
3761,1254,25,3,1250,2
3762,1254,41,4,6200,2
3763,1255,19,3,4100,7
3764,1255,32,4,3350,7
3765,1255,48,1,3700,7
3766,1256,26,4,760,12
3767,1256,39,1,2300,12
3768,1256,55,2,2600,12
3769,1257,33,1,7850,5
3770,1257,46,2,880,5
3771,1257,2,3,9800,5
3772,1258,40,2,970,10
3773,1258,53,3,7100,10
3774,1258,9,4,870,10
3775,1259,47,3,11200,3
3776,1259,60,4,2200,3
3777,1259,16,1,7350,3
3778,1260,54,4,8600,8
3779,1260,7,1,18400,8
3780,1260,23,2,3600,8
3781,1261,1,1,1495,1
3782,1261,14,2,5100,1
3783,1261,30,3,2400,1
3784,1262,8,2,7600,6
3785,1262,21,3,540,6
3786,1262,37,4,2600,6
3787,1263,15,3,6200,11
3788,1263,28,4,17400,11
3789,1263,44,1,5250,11
3790,1264,22,4,8800,4
3791,1264,35,1,2100,4
3792,1264,51,2,1320,4
3793,1265,29,1,48,9
3794,1265,42,2,3900,9
3795,1265,58,3,3900,9
3796,1266,36,2,4500,2
3797,1266,49,3,2950,2
3798,1266,5,4,12600,2
3799,1267,43,3,1280,7
3800,1267,56,4,6800,7
3801,1267,12,1,4100,7
3802,1268,50,4,5150,12
3803,1268,3,1,420,12
3804,1268,19,2,4100,12
3805,1269,57,1,3400,5
3806,1269,10,2,540,5
3807,1269,26,3,760,5
3808,1270,4,2,3800,10
3809,1270,17,3,180,10
3810,1270,33,4,7850,10
3811,1271,11,3,3200,3
3812,1271,24,4,4900,3
3813,1271,40,1,970,3
3814,1272,18,4,2950,8
3815,1272,31,1,1900,8
3816,1272,47,2,11200,8
3817,1273,25,1,1250,1
3818,1273,38,2,3100,1
3819,1273,54,3,8600,1
3820,1274,32,2,3350,6
3821,1274,45,3,4300,6
3822,1274,1,4,1495,6
3823,1275,39,3,2300,11
3824,1275,52,4,4750,11
3825,1275,8,1,7600,11
3826,1276,46,4,880,4
3827,1276,59,1,9300,4
3828,1276,15,2,6200,4
3829,1277,53,1,7100,9
3830,1277,6,2,22500,9
3831,1277,22,3,8800,9
3832,1278,60,2,2200,2
3833,1278,13,3,2750,2
3834,1278,29,4,48,2
3835,1279,7,3,18400,7
3836,1279,20,4,690,7
3837,1279,36,1,4500,7
3838,1280,14,4,5100,12
3839,1280,27,1,14800,12
3840,1280,43,2,1280,12
3841,1281,21,1,540,5
3842,1281,34,2,9400,5
3843,1281,50,3,5150,5
3844,1282,28,2,17400,10
3845,1282,41,3,6200,10
3846,1282,57,4,3400,10
3847,1283,35,3,2100,3
3848,1283,48,4,3700,3
3849,1283,4,1,3800,3
3850,1284,42,4,3900,8
3851,1284,55,1,2600,8
3852,1284,11,2,3200,8
3853,1285,49,1,2950,1
3854,1285,2,2,9800,1
3855,1285,18,3,2950,1
3856,1286,56,2,6800,6
3857,1286,9,3,870,6
3858,1286,25,4,1250,6
3859,1287,3,3,420,11
3860,1287,16,4,7350,11
3861,1287,32,1,3350,11
3862,1288,10,4,540,4
3863,1288,23,1,3600,4
3864,1288,39,2,2300,4
3865,1289,17,1,180,9
3866,1289,30,2,2400,9
3867,1289,46,3,880,9
3868,1290,24,2,4900,2
3869,1290,37,3,2600,2
3870,1290,53,4,7100,2
3871,1291,31,3,1900,7
3872,1291,44,4,5250,7
3873,1291,60,1,2200,7
3874,1292,38,4,3100,12
3875,1292,51,1,1320,12
3876,1292,7,2,18400,12
3877,1293,45,1,4300,5
3878,1293,58,2,3900,5
3879,1293,14,3,5100,5
3880,1294,52,2,4750,10
3881,1294,5,3,12600,10
3882,1294,21,4,540,10
3883,1295,59,3,9300,3
3884,1295,12,4,4100,3
3885,1295,28,1,17400,3
3886,1296,6,4,22500,8
3887,1296,19,1,4100,8
3888,1296,35,2,2100,8
3889,1297,13,1,2750,1
3890,1297,26,2,760,1
3891,1297,42,3,3900,1
3892,1298,20,2,690,6
3893,1298,33,3,7850,6
3894,1298,49,4,2950,6
3895,1299,27,3,14800,11
3896,1299,40,4,970,11
3897,1299,56,1,6800,11
3898,1300,34,4,9400,4
3899,1300,47,1,11200,4
3900,1300,3,2,420,4
3901,1301,41,1,6200,9
3902,1301,54,2,8600,9
3903,1301,10,3,540,9
3904,1302,48,2,3700,2
3905,1302,1,3,1495,2
3906,1302,17,4,180,2
3907,1303,55,3,2600,7
3908,1303,8,4,7600,7
3909,1303,24,1,4900,7
3910,1304,2,4,9800,12
3911,1304,15,1,6200,12
3912,1304,31,2,1900,12
3913,1305,9,1,870,5
3914,1305,22,2,8800,5
3915,1305,38,3,3100,5
3916,1306,16,2,7350,10
3917,1306,29,3,48,10
3918,1306,45,4,4300,10
3919,1307,23,3,3600,3
3920,1307,36,4,4500,3
3921,1307,52,1,4750,3
3922,1308,30,4,2400,8
3923,1308,43,1,1280,8
3924,1308,59,2,9300,8
3925,1309,37,1,2600,1
3926,1309,50,2,5150,1
3927,1309,6,3,22500,1
3928,1310,44,2,5250,6
3929,1310,57,3,3400,6
3930,1310,13,4,2750,6
3931,1311,51,3,1320,11
3932,1311,4,4,3800,11
3933,1311,20,1,690,11
3934,1312,58,4,3900,4
3935,1312,11,1,3200,4
3936,1312,27,2,14800,4
3937,1313,5,1,12600,9
3938,1313,18,2,2950,9
3939,1313,34,3,9400,9
3940,1314,12,2,4100,2
3941,1314,25,3,1250,2
3942,1314,41,4,6200,2
3943,1315,19,3,4100,7
3944,1315,32,4,3350,7
3945,1315,48,1,3700,7
3946,1316,26,4,760,12
3947,1316,39,1,2300,12
3948,1316,55,2,2600,12
3949,1317,33,1,7850,5
3950,1317,46,2,880,5
3951,1317,2,3,9800,5
3952,1318,40,2,970,10
3953,1318,53,3,7100,10
3954,1318,9,4,870,10
3955,1319,47,3,11200,3
3956,1319,60,4,2200,3
3957,1319,16,1,7350,3
3958,1320,54,4,8600,8
3959,1320,7,1,18400,8
3960,1320,23,2,3600,8
3961,1321,1,1,1495,1
3962,1321,14,2,5100,1
3963,1321,30,3,2400,1
3964,1322,8,2,7600,6
3965,1322,21,3,540,6
3966,1322,37,4,2600,6
3967,1323,15,3,6200,11
3968,1323,28,4,17400,11
3969,1323,44,1,5250,11
3970,1324,22,4,8800,4
3971,1324,35,1,2100,4
3972,1324,51,2,1320,4
3973,1325,29,1,48,9
3974,1325,42,2,3900,9
3975,1325,58,3,3900,9
3976,1326,36,2,4500,2
3977,1326,49,3,2950,2
3978,1326,5,4,12600,2
3979,1327,43,3,1280,7
3980,1327,56,4,6800,7
3981,1327,12,1,4100,7
3982,1328,50,4,5150,12
3983,1328,3,1,420,12
3984,1328,19,2,4100,12
3985,1329,57,1,3400,5
3986,1329,10,2,540,5
3987,1329,26,3,760,5
3988,1330,4,2,3800,10
3989,1330,17,3,180,10
3990,1330,33,4,7850,10
3991,1331,11,3,3200,3
3992,1331,24,4,4900,3
3993,1331,40,1,970,3
3994,1332,18,4,2950,8
3995,1332,31,1,1900,8
3996,1332,47,2,11200,8
3997,1333,25,1,1250,1
3998,1333,38,2,3100,1
3999,1333,54,3,8600,1
4000,1334,32,2,3350,6
4001,1334,45,3,4300,6
4002,1334,1,4,1495,6
4003,1335,39,3,2300,11
4004,1335,52,4,4750,11
4005,1335,8,1,7600,11
4006,1336,46,4,880,4
4007,1336,59,1,9300,4
4008,1336,15,2,6200,4
4009,1337,53,1,7100,9
4010,1337,6,2,22500,9
4011,1337,22,3,8800,9
4012,1338,60,2,2200,2
4013,1338,13,3,2750,2
4014,1338,29,4,48,2
4015,1339,7,3,18400,7
4016,1339,20,4,690,7
4017,1339,36,1,4500,7
4018,1340,14,4,5100,12
4019,1340,27,1,14800,12
4020,1340,43,2,1280,12
4021,1341,21,1,540,5
4022,1341,34,2,9400,5
4023,1341,50,3,5150,5
4024,1342,28,2,17400,10
4025,1342,41,3,6200,10
4026,1342,57,4,3400,10
4027,1343,35,3,2100,3
4028,1343,48,4,3700,3
4029,1343,4,1,3800,3
4030,1344,42,4,3900,8
4031,1344,55,1,2600,8
4032,1344,11,2,3200,8
4033,1345,49,1,2950,1
4034,1345,2,2,9800,1
4035,1345,18,3,2950,1
4036,1346,56,2,6800,6
4037,1346,9,3,870,6
4038,1346,25,4,1250,6
4039,1347,3,3,420,11
4040,1347,16,4,7350,11
4041,1347,32,1,3350,11
4042,1348,10,4,540,4
4043,1348,23,1,3600,4
4044,1348,39,2,2300,4
4045,1349,17,1,180,9
4046,1349,30,2,2400,9
4047,1349,46,3,880,9
4048,1350,24,2,4900,2
4049,1350,37,3,2600,2
4050,1350,53,4,7100,2
4051,1351,31,3,1900,7
4052,1351,44,4,5250,7
4053,1351,60,1,2200,7
4054,1352,38,4,3100,12
4055,1352,51,1,1320,12
4056,1352,7,2,18400,12
4057,1353,45,1,4300,5
4058,1353,58,2,3900,5
4059,1353,14,3,5100,5
4060,1354,52,2,4750,10
4061,1354,5,3,12600,10
4062,1354,21,4,540,10
4063,1355,59,3,9300,3
4064,1355,12,4,4100,3
4065,1355,28,1,17400,3
4066,1356,6,4,22500,8
4067,1356,19,1,4100,8
4068,1356,35,2,2100,8
4069,1357,13,1,2750,1
4070,1357,26,2,760,1
4071,1357,42,3,3900,1
4072,1358,20,2,690,6
4073,1358,33,3,7850,6
4074,1358,49,4,2950,6
4075,1359,27,3,14800,11
4076,1359,40,4,970,11
4077,1359,56,1,6800,11
4078,1360,34,4,9400,4
4079,1360,47,1,11200,4
4080,1360,3,2,420,4
4081,1361,41,1,6200,9
4082,1361,54,2,8600,9
4083,1361,10,3,540,9
4084,1362,48,2,3700,2
4085,1362,1,3,1495,2
4086,1362,17,4,180,2
4087,1363,55,3,2600,7
4088,1363,8,4,7600,7
4089,1363,24,1,4900,7
4090,1364,2,4,9800,12
4091,1364,15,1,6200,12
4092,1364,31,2,1900,12
4093,1365,9,1,870,5
4094,1365,22,2,8800,5
4095,1365,38,3,3100,5
4096,1366,16,2,7350,10
4097,1366,29,3,48,10
4098,1366,45,4,4300,10
4099,1367,23,3,3600,3
4100,1367,36,4,4500,3
4101,1367,52,1,4750,3
4102,1368,30,4,2400,8
4103,1368,43,1,1280,8
4104,1368,59,2,9300,8
4105,1369,37,1,2600,1
4106,1369,50,2,5150,1
4107,1369,6,3,22500,1
4108,1370,44,2,5250,6
4109,1370,57,3,3400,6
4110,1370,13,4,2750,6
4111,1371,51,3,1320,11
4112,1371,4,4,3800,11
4113,1371,20,1,690,11
4114,1372,58,4,3900,4
4115,1372,11,1,3200,4
4116,1372,27,2,14800,4
4117,1373,5,1,12600,9
4118,1373,18,2,2950,9
4119,1373,34,3,9400,9
4120,1374,12,2,4100,2
4121,1374,25,3,1250,2
4122,1374,41,4,6200,2
4123,1375,19,3,4100,7
4124,1375,32,4,3350,7
4125,1375,48,1,3700,7
4126,1376,26,4,760,12
4127,1376,39,1,2300,12
4128,1376,55,2,2600,12
4129,1377,33,1,7850,5
4130,1377,46,2,880,5
4131,1377,2,3,9800,5
4132,1378,40,2,970,10
4133,1378,53,3,7100,10
4134,1378,9,4,870,10
4135,1379,47,3,11200,3
4136,1379,60,4,2200,3
4137,1379,16,1,7350,3
4138,1380,54,4,8600,8
4139,1380,7,1,18400,8
4140,1380,23,2,3600,8
4141,1381,1,1,1495,1
4142,1381,14,2,5100,1
4143,1381,30,3,2400,1
4144,1382,8,2,7600,6
4145,1382,21,3,540,6
4146,1382,37,4,2600,6
4147,1383,15,3,6200,11
4148,1383,28,4,17400,11
4149,1383,44,1,5250,11
4150,1384,22,4,8800,4
4151,1384,35,1,2100,4
4152,1384,51,2,1320,4
4153,1385,29,1,48,9
4154,1385,42,2,3900,9
4155,1385,58,3,3900,9
4156,1386,36,2,4500,2
4157,1386,49,3,2950,2
4158,1386,5,4,12600,2
4159,1387,43,3,1280,7
4160,1387,56,4,6800,7
4161,1387,12,1,4100,7
4162,1388,50,4,5150,12
4163,1388,3,1,420,12
4164,1388,19,2,4100,12
4165,1389,57,1,3400,5
4166,1389,10,2,540,5
4167,1389,26,3,760,5
4168,1390,4,2,3800,10
4169,1390,17,3,180,10
4170,1390,33,4,7850,10
4171,1391,11,3,3200,3
4172,1391,24,4,4900,3
4173,1391,40,1,970,3
4174,1392,18,4,2950,8
4175,1392,31,1,1900,8
4176,1392,47,2,11200,8
4177,1393,25,1,1250,1
4178,1393,38,2,3100,1
4179,1393,54,3,8600,1
4180,1394,32,2,3350,6
4181,1394,45,3,4300,6
4182,1394,1,4,1495,6
4183,1395,39,3,2300,11
4184,1395,52,4,4750,11
4185,1395,8,1,7600,11
4186,1396,46,4,880,4
4187,1396,59,1,9300,4
4188,1396,15,2,6200,4
4189,1397,53,1,7100,9
4190,1397,6,2,22500,9
4191,1397,22,3,8800,9
4192,1398,60,2,2200,2
4193,1398,13,3,2750,2
4194,1398,29,4,48,2
4195,1399,7,3,18400,7
4196,1399,20,4,690,7
4197,1399,36,1,4500,7
4198,1400,14,4,5100,12
4199,1400,27,1,14800,12
4200,1400,43,2,1280,12
4201,1401,21,1,540,5
4202,1401,34,2,9400,5
4203,1401,50,3,5150,5
4204,1402,28,2,17400,10
4205,1402,41,3,6200,10
4206,1402,57,4,3400,10
4207,1403,35,3,2100,3
4208,1403,48,4,3700,3
4209,1403,4,1,3800,3
4210,1404,42,4,3900,8
4211,1404,55,1,2600,8
4212,1404,11,2,3200,8
4213,1405,49,1,2950,1
4214,1405,2,2,9800,1
4215,1405,18,3,2950,1
4216,1406,56,2,6800,6
4217,1406,9,3,870,6
4218,1406,25,4,1250,6
4219,1407,3,3,420,11
4220,1407,16,4,7350,11
4221,1407,32,1,3350,11
4222,1408,10,4,540,4
4223,1408,23,1,3600,4
4224,1408,39,2,2300,4
4225,1409,17,1,180,9
4226,1409,30,2,2400,9
4227,1409,46,3,880,9
4228,1410,24,2,4900,2
4229,1410,37,3,2600,2
4230,1410,53,4,7100,2
4231,1411,31,3,1900,7
4232,1411,44,4,5250,7
4233,1411,60,1,2200,7
4234,1412,38,4,3100,12
4235,1412,51,1,1320,12
4236,1412,7,2,18400,12
4237,1413,45,1,4300,5
4238,1413,58,2,3900,5
4239,1413,14,3,5100,5
4240,1414,52,2,4750,10
4241,1414,5,3,12600,10
4242,1414,21,4,540,10
4243,1415,59,3,9300,3
4244,1415,12,4,4100,3
4245,1415,28,1,17400,3
4246,1416,6,4,22500,8
4247,1416,19,1,4100,8
4248,1416,35,2,2100,8
4249,1417,13,1,2750,1
4250,1417,26,2,760,1
4251,1417,42,3,3900,1
4252,1418,20,2,690,6
4253,1418,33,3,7850,6
4254,1418,49,4,2950,6
4255,1419,27,3,14800,11
4256,1419,40,4,970,11
4257,1419,56,1,6800,11
4258,1420,34,4,9400,4
4259,1420,47,1,11200,4
4260,1420,3,2,420,4
4261,1421,41,1,6200,9
4262,1421,54,2,8600,9
4263,1421,10,3,540,9
4264,1422,48,2,3700,2
4265,1422,1,3,1495,2
4266,1422,17,4,180,2
4267,1423,55,3,2600,7
4268,1423,8,4,7600,7
4269,1423,24,1,4900,7
4270,1424,2,4,9800,12
4271,1424,15,1,6200,12
4272,1424,31,2,1900,12
4273,1425,9,1,870,5
4274,1425,22,2,8800,5
4275,1425,38,3,3100,5
4276,1426,16,2,7350,10
4277,1426,29,3,48,10
4278,1426,45,4,4300,10
4279,1427,23,3,3600,3
4280,1427,36,4,4500,3
4281,1427,52,1,4750,3
4282,1428,30,4,2400,8
4283,1428,43,1,1280,8
4284,1428,59,2,9300,8
4285,1429,37,1,2600,1
4286,1429,50,2,5150,1
4287,1429,6,3,22500,1
4288,1430,44,2,5250,6
4289,1430,57,3,3400,6
4290,1430,13,4,2750,6
4291,1431,51,3,1320,11
4292,1431,4,4,3800,11
4293,1431,20,1,690,11
4294,1432,58,4,3900,4
4295,1432,11,1,3200,4
4296,1432,27,2,14800,4
4297,1433,5,1,12600,9
4298,1433,18,2,2950,9
4299,1433,34,3,9400,9
4300,1434,12,2,4100,2
4301,1434,25,3,1250,2
4302,1434,41,4,6200,2
4303,1435,19,3,4100,7
4304,1435,32,4,3350,7
4305,1435,48,1,3700,7
4306,1436,26,4,760,12
4307,1436,39,1,2300,12
4308,1436,55,2,2600,12
4309,1437,33,1,7850,5
4310,1437,46,2,880,5
4311,1437,2,3,9800,5
4312,1438,40,2,970,10
4313,1438,53,3,7100,10
4314,1438,9,4,870,10
4315,1439,47,3,11200,3
4316,1439,60,4,2200,3
4317,1439,16,1,7350,3
4318,1440,54,4,8600,8
4319,1440,7,1,18400,8
4320,1440,23,2,3600,8
4321,1441,1,1,1495,1
4322,1441,14,2,5100,1
4323,1441,30,3,2400,1
4324,1442,8,2,7600,6
4325,1442,21,3,540,6
4326,1442,37,4,2600,6
4327,1443,15,3,6200,11
4328,1443,28,4,17400,11
4329,1443,44,1,5250,11
4330,1444,22,4,8800,4
4331,1444,35,1,2100,4
4332,1444,51,2,1320,4
4333,1445,29,1,48,9
4334,1445,42,2,3900,9
4335,1445,58,3,3900,9
4336,1446,36,2,4500,2
4337,1446,49,3,2950,2
4338,1446,5,4,12600,2
4339,1447,43,3,1280,7
4340,1447,56,4,6800,7
4341,1447,12,1,4100,7
4342,1448,50,4,5150,12
4343,1448,3,1,420,12
4344,1448,19,2,4100,12
4345,1449,57,1,3400,5
4346,1449,10,2,540,5
4347,1449,26,3,760,5
4348,1450,4,2,3800,10
4349,1450,17,3,180,10
4350,1450,33,4,7850,10
4351,1451,11,3,3200,3
4352,1451,24,4,4900,3
4353,1451,40,1,970,3
4354,1452,18,4,2950,8
4355,1452,31,1,1900,8
4356,1452,47,2,11200,8
4357,1453,25,1,1250,1
4358,1453,38,2,3100,1
4359,1453,54,3,8600,1
4360,1454,32,2,3350,6
4361,1454,45,3,4300,6
4362,1454,1,4,1495,6
4363,1455,39,3,2300,11
4364,1455,52,4,4750,11
4365,1455,8,1,7600,11
4366,1456,46,4,880,4
4367,1456,59,1,9300,4
4368,1456,15,2,6200,4
4369,1457,53,1,7100,9
4370,1457,6,2,22500,9
4371,1457,22,3,8800,9
4372,1458,60,2,2200,2
4373,1458,13,3,2750,2
4374,1458,29,4,48,2
4375,1459,7,3,18400,7
4376,1459,20,4,690,7
4377,1459,36,1,4500,7
4378,1460,14,4,5100,12
4379,1460,27,1,14800,12
4380,1460,43,2,1280,12
4381,1461,21,1,540,5
4382,1461,34,2,9400,5
4383,1461,50,3,5150,5
4384,1462,28,2,17400,10
4385,1462,41,3,6200,10
4386,1462,57,4,3400,10
4387,1463,35,3,2100,3
4388,1463,48,4,3700,3
4389,1463,4,1,3800,3
4390,1464,42,4,3900,8
4391,1464,55,1,2600,8
4392,1464,11,2,3200,8
4393,1465,49,1,2950,1
4394,1465,2,2,9800,1
4395,1465,18,3,2950,1
4396,1466,56,2,6800,6
4397,1466,9,3,870,6
4398,1466,25,4,1250,6
4399,1467,3,3,420,11
4400,1467,16,4,7350,11
4401,1467,32,1,3350,11
4402,1468,10,4,540,4
4403,1468,23,1,3600,4
4404,1468,39,2,2300,4
4405,1469,17,1,180,9
4406,1469,30,2,2400,9
4407,1469,46,3,880,9
4408,1470,24,2,4900,2
4409,1470,37,3,2600,2
4410,1470,53,4,7100,2
4411,1471,31,3,1900,7
4412,1471,44,4,5250,7
4413,1471,60,1,2200,7
4414,1472,38,4,3100,12
4415,1472,51,1,1320,12
4416,1472,7,2,18400,12
4417,1473,45,1,4300,5
4418,1473,58,2,3900,5
4419,1473,14,3,5100,5
4420,1474,52,2,4750,10
4421,1474,5,3,12600,10
4422,1474,21,4,540,10
4423,1475,59,3,9300,3
4424,1475,12,4,4100,3
4425,1475,28,1,17400,3
4426,1476,6,4,22500,8
4427,1476,19,1,4100,8
4428,1476,35,2,2100,8
4429,1477,13,1,2750,1
4430,1477,26,2,760,1
4431,1477,42,3,3900,1
4432,1478,20,2,690,6
4433,1478,33,3,7850,6
4434,1478,49,4,2950,6
4435,1479,27,3,14800,11
4436,1479,40,4,970,11
4437,1479,56,1,6800,11
4438,1480,34,4,9400,4
4439,1480,47,1,11200,4
4440,1480,3,2,420,4
4441,1481,41,1,6200,9
4442,1481,54,2,8600,9
4443,1481,10,3,540,9
4444,1482,48,2,3700,2
4445,1482,1,3,1495,2
4446,1482,17,4,180,2
4447,1483,55,3,2600,7
4448,1483,8,4,7600,7
4449,1483,24,1,4900,7
4450,1484,2,4,9800,12
4451,1484,15,1,6200,12
4452,1484,31,2,1900,12
4453,1485,9,1,870,5
4454,1485,22,2,8800,5
4455,1485,38,3,3100,5
4456,1486,16,2,7350,10
4457,1486,29,3,48,10
4458,1486,45,4,4300,10
4459,1487,23,3,3600,3
4460,1487,36,4,4500,3
4461,1487,52,1,4750,3
4462,1488,30,4,2400,8
4463,1488,43,1,1280,8
4464,1488,59,2,9300,8
4465,1489,37,1,2600,1
4466,1489,50,2,5150,1
4467,1489,6,3,22500,1
4468,1490,44,2,5250,6
4469,1490,57,3,3400,6
4470,1490,13,4,2750,6
4471,1491,51,3,1320,11
4472,1491,4,4,3800,11
4473,1491,20,1,690,11
4474,1492,58,4,3900,4
4475,1492,11,1,3200,4
4476,1492,27,2,14800,4
4477,1493,5,1,12600,9
4478,1493,18,2,2950,9
4479,1493,34,3,9400,9
4480,1494,12,2,4100,2
4481,1494,25,3,1250,2
4482,1494,41,4,6200,2
4483,1495,19,3,4100,7
4484,1495,32,4,3350,7
4485,1495,48,1,3700,7
4486,1496,26,4,760,12
4487,1496,39,1,2300,12
4488,1496,55,2,2600,12
4489,1497,33,1,7850,5
4490,1497,46,2,880,5
4491,1497,2,3,9800,5
4492,1498,40,2,970,10
4493,1498,53,3,7100,10
4494,1498,9,4,870,10
4495,1499,47,3,11200,3
4496,1499,60,4,2200,3
4497,1499,16,1,7350,3
4498,1500,54,4,8600,8
4499,1500,7,1,18400,8
4500,1500,23,2,3600,8
4501,1501,1,1,1495,1
4502,1501,14,2,5100,1
4503,1501,30,3,2400,1
4504,1502,8,2,7600,6
4505,1502,21,3,540,6
4506,1502,37,4,2600,6
4507,1503,15,3,6200,11
4508,1503,28,4,17400,11
4509,1503,44,1,5250,11
4510,1504,22,4,8800,4
4511,1504,35,1,2100,4
4512,1504,51,2,1320,4
4513,1505,29,1,48,9
4514,1505,42,2,3900,9
4515,1505,58,3,3900,9
4516,1506,36,2,4500,2
4517,1506,49,3,2950,2
4518,1506,5,4,12600,2
4519,1507,43,3,1280,7
4520,1507,56,4,6800,7
4521,1507,12,1,4100,7
4522,1508,50,4,5150,12
4523,1508,3,1,420,12
4524,1508,19,2,4100,12
4525,1509,57,1,3400,5
4526,1509,10,2,540,5
4527,1509,26,3,760,5
4528,1510,4,2,3800,10
4529,1510,17,3,180,10
4530,1510,33,4,7850,10
4531,1511,11,3,3200,3
4532,1511,24,4,4900,3
4533,1511,40,1,970,3
4534,1512,18,4,2950,8
4535,1512,31,1,1900,8
4536,1512,47,2,11200,8
4537,1513,25,1,1250,1
4538,1513,38,2,3100,1
4539,1513,54,3,8600,1
4540,1514,32,2,3350,6
4541,1514,45,3,4300,6
4542,1514,1,4,1495,6
4543,1515,39,3,2300,11
4544,1515,52,4,4750,11
4545,1515,8,1,7600,11
4546,1516,46,4,880,4
4547,1516,59,1,9300,4
4548,1516,15,2,6200,4
4549,1517,53,1,7100,9
4550,1517,6,2,22500,9
4551,1517,22,3,8800,9
4552,1518,60,2,2200,2
4553,1518,13,3,2750,2
4554,1518,29,4,48,2
4555,1519,7,3,18400,7
4556,1519,20,4,690,7
4557,1519,36,1,4500,7
4558,1520,14,4,5100,12
4559,1520,27,1,14800,12
4560,1520,43,2,1280,12
4561,1521,21,1,540,5
4562,1521,34,2,9400,5
4563,1521,50,3,5150,5
4564,1522,28,2,17400,10
4565,1522,41,3,6200,10
4566,1522,57,4,3400,10
4567,1523,35,3,2100,3
4568,1523,48,4,3700,3
4569,1523,4,1,3800,3
4570,1524,42,4,3900,8
4571,1524,55,1,2600,8
4572,1524,11,2,3200,8
4573,1525,49,1,2950,1
4574,1525,2,2,9800,1
4575,1525,18,3,2950,1
4576,1526,56,2,6800,6
4577,1526,9,3,870,6
4578,1526,25,4,1250,6
4579,1527,3,3,420,11
4580,1527,16,4,7350,11
4581,1527,32,1,3350,11
4582,1528,10,4,540,4
4583,1528,23,1,3600,4
4584,1528,39,2,2300,4
4585,1529,17,1,180,9
4586,1529,30,2,2400,9
4587,1529,46,3,880,9
4588,1530,24,2,4900,2
4589,1530,37,3,2600,2
4590,1530,53,4,7100,2
4591,1531,31,3,1900,7
4592,1531,44,4,5250,7
4593,1531,60,1,2200,7
4594,1532,38,4,3100,12
4595,1532,51,1,1320,12
4596,1532,7,2,18400,12
4597,1533,45,1,4300,5
4598,1533,58,2,3900,5
4599,1533,14,3,5100,5
4600,1534,52,2,4750,10
4601,1534,5,3,12600,10
4602,1534,21,4,540,10
4603,1535,59,3,9300,3
4604,1535,12,4,4100,3
4605,1535,28,1,17400,3
4606,1536,6,4,22500,8
4607,1536,19,1,4100,8
4608,1536,35,2,2100,8
4609,1537,13,1,2750,1
4610,1537,26,2,760,1
4611,1537,42,3,3900,1
4612,1538,20,2,690,6
4613,1538,33,3,7850,6
4614,1538,49,4,2950,6
4615,1539,27,3,14800,11
4616,1539,40,4,970,11
4617,1539,56,1,6800,11
4618,1540,34,4,9400,4
4619,1540,47,1,11200,4
4620,1540,3,2,420,4
4621,1541,41,1,6200,9
4622,1541,54,2,8600,9
4623,1541,10,3,540,9
4624,1542,48,2,3700,2
4625,1542,1,3,1495,2
4626,1542,17,4,180,2
4627,1543,55,3,2600,7
4628,1543,8,4,7600,7
4629,1543,24,1,4900,7
4630,1544,2,4,9800,12
4631,1544,15,1,6200,12
4632,1544,31,2,1900,12
4633,1545,9,1,870,5
4634,1545,22,2,8800,5
4635,1545,38,3,3100,5
4636,1546,16,2,7350,10
4637,1546,29,3,48,10
4638,1546,45,4,4300,10
4639,1547,23,3,3600,3
4640,1547,36,4,4500,3
4641,1547,52,1,4750,3
4642,1548,30,4,2400,8
4643,1548,43,1,1280,8
4644,1548,59,2,9300,8
4645,1549,37,1,2600,1
4646,1549,50,2,5150,1
4647,1549,6,3,22500,1
4648,1550,44,2,5250,6
4649,1550,57,3,3400,6
4650,1550,13,4,2750,6
4651,1551,51,3,1320,11
4652,1551,4,4,3800,11
4653,1551,20,1,690,11
4654,1552,58,4,3900,4
4655,1552,11,1,3200,4
4656,1552,27,2,14800,4
4657,1553,5,1,12600,9
4658,1553,18,2,2950,9
4659,1553,34,3,9400,9
4660,1554,12,2,4100,2
4661,1554,25,3,1250,2
4662,1554,41,4,6200,2
4663,1555,19,3,4100,7
4664,1555,32,4,3350,7
4665,1555,48,1,3700,7
4666,1556,26,4,760,12
4667,1556,39,1,2300,12
4668,1556,55,2,2600,12
4669,1557,33,1,7850,5
4670,1557,46,2,880,5
4671,1557,2,3,9800,5
4672,1558,40,2,970,10
4673,1558,53,3,7100,10
4674,1558,9,4,870,10
4675,1559,47,3,11200,3
4676,1559,60,4,2200,3
4677,1559,16,1,7350,3
4678,1560,54,4,8600,8
4679,1560,7,1,18400,8
4680,1560,23,2,3600,8
4681,1561,1,1,1495,1
4682,1561,14,2,5100,1
4683,1561,30,3,2400,1
4684,1562,8,2,7600,6
4685,1562,21,3,540,6
4686,1562,37,4,2600,6
4687,1563,15,3,6200,11
4688,1563,28,4,17400,11
4689,1563,44,1,5250,11
4690,1564,22,4,8800,4
4691,1564,35,1,2100,4
4692,1564,51,2,1320,4
4693,1565,29,1,48,9
4694,1565,42,2,3900,9
4695,1565,58,3,3900,9
4696,1566,36,2,4500,2
4697,1566,49,3,2950,2
4698,1566,5,4,12600,2
4699,1567,43,3,1280,7
4700,1567,56,4,6800,7
4701,1567,12,1,4100,7
4702,1568,50,4,5150,12
4703,1568,3,1,420,12
4704,1568,19,2,4100,12
4705,1569,57,1,3400,5
4706,1569,10,2,540,5
4707,1569,26,3,760,5
4708,1570,4,2,3800,10
4709,1570,17,3,180,10
4710,1570,33,4,7850,10
4711,1571,11,3,3200,3
4712,1571,24,4,4900,3
4713,1571,40,1,970,3
4714,1572,18,4,2950,8
4715,1572,31,1,1900,8
4716,1572,47,2,11200,8
4717,1573,25,1,1250,1
4718,1573,38,2,3100,1
4719,1573,54,3,8600,1
4720,1574,32,2,3350,6
4721,1574,45,3,4300,6
4722,1574,1,4,1495,6
4723,1575,39,3,2300,11
4724,1575,52,4,4750,11
4725,1575,8,1,7600,11
4726,1576,46,4,880,4
4727,1576,59,1,9300,4
4728,1576,15,2,6200,4
4729,1577,53,1,7100,9
4730,1577,6,2,22500,9
4731,1577,22,3,8800,9
4732,1578,60,2,2200,2
4733,1578,13,3,2750,2
4734,1578,29,4,48,2
4735,1579,7,3,18400,7
4736,1579,20,4,690,7
4737,1579,36,1,4500,7
4738,1580,14,4,5100,12
4739,1580,27,1,14800,12
4740,1580,43,2,1280,12
4741,1581,21,1,540,5
4742,1581,34,2,9400,5
4743,1581,50,3,5150,5
4744,1582,28,2,17400,10
4745,1582,41,3,6200,10
4746,1582,57,4,3400,10
4747,1583,35,3,2100,3
4748,1583,48,4,3700,3
4749,1583,4,1,3800,3
4750,1584,42,4,3900,8
4751,1584,55,1,2600,8
4752,1584,11,2,3200,8
4753,1585,49,1,2950,1
4754,1585,2,2,9800,1
4755,1585,18,3,2950,1
4756,1586,56,2,6800,6
4757,1586,9,3,870,6
4758,1586,25,4,1250,6
4759,1587,3,3,420,11
4760,1587,16,4,7350,11
4761,1587,32,1,3350,11
4762,1588,10,4,540,4
4763,1588,23,1,3600,4
4764,1588,39,2,2300,4
4765,1589,17,1,180,9
4766,1589,30,2,2400,9
4767,1589,46,3,880,9
4768,1590,24,2,4900,2
4769,1590,37,3,2600,2
4770,1590,53,4,7100,2
4771,1591,31,3,1900,7
4772,1591,44,4,5250,7
4773,1591,60,1,2200,7
4774,1592,38,4,3100,12
4775,1592,51,1,1320,12
4776,1592,7,2,18400,12
4777,1593,45,1,4300,5
4778,1593,58,2,3900,5
4779,1593,14,3,5100,5
4780,1594,52,2,4750,10
4781,1594,5,3,12600,10
4782,1594,21,4,540,10
4783,1595,59,3,9300,3
4784,1595,12,4,4100,3
4785,1595,28,1,17400,3
4786,1596,6,4,22500,8
4787,1596,19,1,4100,8
4788,1596,35,2,2100,8
4789,1597,13,1,2750,1
4790,1597,26,2,760,1
4791,1597,42,3,3900,1
4792,1598,20,2,690,6
4793,1598,33,3,7850,6
4794,1598,49,4,2950,6
4795,1599,27,3,14800,11
4796,1599,40,4,970,11
4797,1599,56,1,6800,11
4798,1600,34,4,9400,4
4799,1600,47,1,11200,4
4800,1600,3,2,420,4
4801,1601,41,1,6200,9
4802,1601,54,2,8600,9
4803,1601,10,3,540,9
4804,1602,48,2,3700,2
4805,1602,1,3,1495,2
4806,1602,17,4,180,2
4807,1603,55,3,2600,7
4808,1603,8,4,7600,7
4809,1603,24,1,4900,7
4810,1604,2,4,9800,12
4811,1604,15,1,6200,12
4812,1604,31,2,1900,12
4813,1605,9,1,870,5
4814,1605,22,2,8800,5
4815,1605,38,3,3100,5
4816,1606,16,2,7350,10
4817,1606,29,3,48,10
4818,1606,45,4,4300,10
4819,1607,23,3,3600,3
4820,1607,36,4,4500,3
4821,1607,52,1,4750,3
4822,1608,30,4,2400,8
4823,1608,43,1,1280,8
4824,1608,59,2,9300,8
4825,1609,37,1,2600,1
4826,1609,50,2,5150,1
4827,1609,6,3,22500,1
4828,1610,44,2,5250,6
4829,1610,57,3,3400,6
4830,1610,13,4,2750,6
4831,1611,51,3,1320,11
4832,1611,4,4,3800,11
4833,1611,20,1,690,11
4834,1612,58,4,3900,4
4835,1612,11,1,3200,4
4836,1612,27,2,14800,4
4837,1613,5,1,12600,9
4838,1613,18,2,2950,9
4839,1613,34,3,9400,9
4840,1614,12,2,4100,2
4841,1614,25,3,1250,2
4842,1614,41,4,6200,2
4843,1615,19,3,4100,7
4844,1615,32,4,3350,7
4845,1615,48,1,3700,7
4846,1616,26,4,760,12
4847,1616,39,1,2300,12
4848,1616,55,2,2600,12
4849,1617,33,1,7850,5
4850,1617,46,2,880,5
4851,1617,2,3,9800,5
4852,1618,40,2,970,10
4853,1618,53,3,7100,10
4854,1618,9,4,870,10
4855,1619,47,3,11200,3
4856,1619,60,4,2200,3
4857,1619,16,1,7350,3
4858,1620,54,4,8600,8
4859,1620,7,1,18400,8
4860,1620,23,2,3600,8
4861,1621,1,1,1495,1
4862,1621,14,2,5100,1
4863,1621,30,3,2400,1
4864,1622,8,2,7600,6
4865,1622,21,3,540,6
4866,1622,37,4,2600,6
4867,1623,15,3,6200,11
4868,1623,28,4,17400,11
4869,1623,44,1,5250,11
4870,1624,22,4,8800,4
4871,1624,35,1,2100,4
4872,1624,51,2,1320,4
4873,1625,29,1,48,9
4874,1625,42,2,3900,9
4875,1625,58,3,3900,9
4876,1626,36,2,4500,2
4877,1626,49,3,2950,2
4878,1626,5,4,12600,2
4879,1627,43,3,1280,7
4880,1627,56,4,6800,7
4881,1627,12,1,4100,7
4882,1628,50,4,5150,12
4883,1628,3,1,420,12
4884,1628,19,2,4100,12
4885,1629,57,1,3400,5
4886,1629,10,2,540,5
4887,1629,26,3,760,5
4888,1630,4,2,3800,10
4889,1630,17,3,180,10
4890,1630,33,4,7850,10
4891,1631,11,3,3200,3
4892,1631,24,4,4900,3
4893,1631,40,1,970,3
4894,1632,18,4,2950,8
4895,1632,31,1,1900,8
4896,1632,47,2,11200,8
4897,1633,25,1,1250,1
4898,1633,38,2,3100,1
4899,1633,54,3,8600,1
4900,1634,32,2,3350,6
4901,1634,45,3,4300,6
4902,1634,1,4,1495,6
4903,1635,39,3,2300,11
4904,1635,52,4,4750,11
4905,1635,8,1,7600,11
4906,1636,46,4,880,4
4907,1636,59,1,9300,4
4908,1636,15,2,6200,4
4909,1637,53,1,7100,9
4910,1637,6,2,22500,9
4911,1637,22,3,8800,9
4912,1638,60,2,2200,2
4913,1638,13,3,2750,2
4914,1638,29,4,48,2
4915,1639,7,3,18400,7
4916,1639,20,4,690,7
4917,1639,36,1,4500,7
4918,1640,14,4,5100,12
4919,1640,27,1,14800,12
4920,1640,43,2,1280,12
4921,1641,21,1,540,5
4922,1641,34,2,9400,5
4923,1641,50,3,5150,5
4924,1642,28,2,17400,10
4925,1642,41,3,6200,10
4926,1642,57,4,3400,10
4927,1643,35,3,2100,3
4928,1643,48,4,3700,3
4929,1643,4,1,3800,3
4930,1644,42,4,3900,8
4931,1644,55,1,2600,8
4932,1644,11,2,3200,8
4933,1645,49,1,2950,1
4934,1645,2,2,9800,1
4935,1645,18,3,2950,1
4936,1646,56,2,6800,6
4937,1646,9,3,870,6
4938,1646,25,4,1250,6
4939,1647,3,3,420,11
4940,1647,16,4,7350,11
4941,1647,32,1,3350,11
4942,1648,10,4,540,4
4943,1648,23,1,3600,4
4944,1648,39,2,2300,4
4945,1649,17,1,180,9
4946,1649,30,2,2400,9
4947,1649,46,3,880,9
4948,1650,24,2,4900,2
4949,1650,37,3,2600,2
4950,1650,53,4,7100,2
4951,1651,31,3,1900,7
4952,1651,44,4,5250,7
4953,1651,60,1,2200,7
4954,1652,38,4,3100,12
4955,1652,51,1,1320,12
4956,1652,7,2,18400,12
4957,1653,45,1,4300,5
4958,1653,58,2,3900,5
4959,1653,14,3,5100,5
4960,1654,52,2,4750,10
4961,1654,5,3,12600,10
4962,1654,21,4,540,10
4963,1655,59,3,9300,3
4964,1655,12,4,4100,3
4965,1655,28,1,17400,3
4966,1656,6,4,22500,8
4967,1656,19,1,4100,8
4968,1656,35,2,2100,8
4969,1657,13,1,2750,1
4970,1657,26,2,760,1
4971,1657,42,3,3900,1
4972,1658,20,2,690,6
4973,1658,33,3,7850,6
4974,1658,49,4,2950,6
4975,1659,27,3,14800,11
4976,1659,40,4,970,11
4977,1659,56,1,6800,11
4978,1660,34,4,9400,4
4979,1660,47,1,11200,4
4980,1660,3,2,420,4
4981,1661,41,1,6200,9
4982,1661,54,2,8600,9
4983,1661,10,3,540,9
4984,1662,48,2,3700,2
4985,1662,1,3,1495,2
4986,1662,17,4,180,2
4987,1663,55,3,2600,7
4988,1663,8,4,7600,7
4989,1663,24,1,4900,7
4990,1664,2,4,9800,12
4991,1664,15,1,6200,12
4992,1664,31,2,1900,12
4993,1665,9,1,870,5
4994,1665,22,2,8800,5
4995,1665,38,3,3100,5
4996,1666,16,2,7350,10
4997,1666,29,3,48,10
4998,1666,45,4,4300,10
4999,1667,23,3,3600,3
5000,1667,36,4,4500,3
5001,1667,52,1,4750,3
5002,1668,30,4,2400,8
5003,1668,43,1,1280,8
5004,1668,59,2,9300,8
5005,1669,37,1,2600,1
5006,1669,50,2,5150,1
5007,1669,6,3,22500,1
5008,1670,44,2,5250,6
5009,1670,57,3,3400,6
5010,1670,13,4,2750,6
5011,1671,51,3,1320,11
5012,1671,4,4,3800,11
5013,1671,20,1,690,11
5014,1672,58,4,3900,4
5015,1672,11,1,3200,4
5016,1672,27,2,14800,4
5017,1673,5,1,12600,9
5018,1673,18,2,2950,9
5019,1673,34,3,9400,9
5020,1674,12,2,4100,2
5021,1674,25,3,1250,2
5022,1674,41,4,6200,2
5023,1675,19,3,4100,7
5024,1675,32,4,3350,7
5025,1675,48,1,3700,7
5026,1676,26,4,760,12
5027,1676,39,1,2300,12
5028,1676,55,2,2600,12
5029,1677,33,1,7850,5
5030,1677,46,2,880,5
5031,1677,2,3,9800,5
5032,1678,40,2,970,10
5033,1678,53,3,7100,10
5034,1678,9,4,870,10
5035,1679,47,3,11200,3
5036,1679,60,4,2200,3
5037,1679,16,1,7350,3
5038,1680,54,4,8600,8
5039,1680,7,1,18400,8
5040,1680,23,2,3600,8
5041,1681,1,1,1495,1
5042,1681,14,2,5100,1
5043,1681,30,3,2400,1
5044,1682,8,2,7600,6
5045,1682,21,3,540,6
5046,1682,37,4,2600,6
5047,1683,15,3,6200,11
5048,1683,28,4,17400,11
5049,1683,44,1,5250,11
5050,1684,22,4,8800,4
5051,1684,35,1,2100,4
5052,1684,51,2,1320,4
5053,1685,29,1,48,9
5054,1685,42,2,3900,9
5055,1685,58,3,3900,9
5056,1686,36,2,4500,2
5057,1686,49,3,2950,2
5058,1686,5,4,12600,2
5059,1687,43,3,1280,7
5060,1687,56,4,6800,7
5061,1687,12,1,4100,7
5062,1688,50,4,5150,12
5063,1688,3,1,420,12
5064,1688,19,2,4100,12
5065,1689,57,1,3400,5
5066,1689,10,2,540,5
5067,1689,26,3,760,5
5068,1690,4,2,3800,10
5069,1690,17,3,180,10
5070,1690,33,4,7850,10
5071,1691,11,3,3200,3
5072,1691,24,4,4900,3
5073,1691,40,1,970,3
5074,1692,18,4,2950,8
5075,1692,31,1,1900,8
5076,1692,47,2,11200,8
5077,1693,25,1,1250,1
5078,1693,38,2,3100,1
5079,1693,54,3,8600,1
5080,1694,32,2,3350,6
5081,1694,45,3,4300,6
5082,1694,1,4,1495,6
5083,1695,39,3,2300,11
5084,1695,52,4,4750,11
5085,1695,8,1,7600,11
5086,1696,46,4,880,4
5087,1696,59,1,9300,4
5088,1696,15,2,6200,4
5089,1697,53,1,7100,9
5090,1697,6,2,22500,9
5091,1697,22,3,8800,9
5092,1698,60,2,2200,2
5093,1698,13,3,2750,2
5094,1698,29,4,48,2
5095,1699,7,3,18400,7
5096,1699,20,4,690,7
5097,1699,36,1,4500,7
5098,1700,14,4,5100,12
5099,1700,27,1,14800,12
5100,1700,43,2,1280,12
5101,1701,21,1,540,5
5102,1701,34,2,9400,5
5103,1701,50,3,5150,5
5104,1702,28,2,17400,10
5105,1702,41,3,6200,10
5106,1702,57,4,3400,10
5107,1703,35,3,2100,3
5108,1703,48,4,3700,3
5109,1703,4,1,3800,3
5110,1704,42,4,3900,8
5111,1704,55,1,2600,8
5112,1704,11,2,3200,8
5113,1705,49,1,2950,1
5114,1705,2,2,9800,1
5115,1705,18,3,2950,1
5116,1706,56,2,6800,6
5117,1706,9,3,870,6
5118,1706,25,4,1250,6
5119,1707,3,3,420,11
5120,1707,16,4,7350,11
5121,1707,32,1,3350,11
5122,1708,10,4,540,4
5123,1708,23,1,3600,4
5124,1708,39,2,2300,4
5125,1709,17,1,180,9
5126,1709,30,2,2400,9
5127,1709,46,3,880,9
5128,1710,24,2,4900,2
5129,1710,37,3,2600,2
5130,1710,53,4,7100,2
5131,1711,31,3,1900,7
5132,1711,44,4,5250,7
5133,1711,60,1,2200,7
5134,1712,38,4,3100,12
5135,1712,51,1,1320,12
5136,1712,7,2,18400,12
5137,1713,45,1,4300,5
5138,1713,58,2,3900,5
5139,1713,14,3,5100,5
5140,1714,52,2,4750,10
5141,1714,5,3,12600,10
5142,1714,21,4,540,10
5143,1715,59,3,9300,3
5144,1715,12,4,4100,3
5145,1715,28,1,17400,3
5146,1716,6,4,22500,8
5147,1716,19,1,4100,8
5148,1716,35,2,2100,8
5149,1717,13,1,2750,1
5150,1717,26,2,760,1
5151,1717,42,3,3900,1
5152,1718,20,2,690,6
5153,1718,33,3,7850,6
5154,1718,49,4,2950,6
5155,1719,27,3,14800,11
5156,1719,40,4,970,11
5157,1719,56,1,6800,11
5158,1720,34,4,9400,4
5159,1720,47,1,11200,4
5160,1720,3,2,420,4
5161,1721,41,1,6200,9
5162,1721,54,2,8600,9
5163,1721,10,3,540,9
5164,1722,48,2,3700,2
5165,1722,1,3,1495,2
5166,1722,17,4,180,2
5167,1723,55,3,2600,7
5168,1723,8,4,7600,7
5169,1723,24,1,4900,7
5170,1724,2,4,9800,12
5171,1724,15,1,6200,12
5172,1724,31,2,1900,12
5173,1725,9,1,870,5
5174,1725,22,2,8800,5
5175,1725,38,3,3100,5
5176,1726,16,2,7350,10
5177,1726,29,3,48,10
5178,1726,45,4,4300,10
5179,1727,23,3,3600,3
5180,1727,36,4,4500,3
5181,1727,52,1,4750,3
5182,1728,30,4,2400,8
5183,1728,43,1,1280,8
5184,1728,59,2,9300,8
5185,1729,37,1,2600,1
5186,1729,50,2,5150,1
5187,1729,6,3,22500,1
5188,1730,44,2,5250,6
5189,1730,57,3,3400,6
5190,1730,13,4,2750,6
5191,1731,51,3,1320,11
5192,1731,4,4,3800,11
5193,1731,20,1,690,11
5194,1732,58,4,3900,4
5195,1732,11,1,3200,4
5196,1732,27,2,14800,4
5197,1733,5,1,12600,9
5198,1733,18,2,2950,9
5199,1733,34,3,9400,9
5200,1734,12,2,4100,2
5201,1734,25,3,1250,2
5202,1734,41,4,6200,2
5203,1735,19,3,4100,7
5204,1735,32,4,3350,7
5205,1735,48,1,3700,7
5206,1736,26,4,760,12
5207,1736,39,1,2300,12
5208,1736,55,2,2600,12
5209,1737,33,1,7850,5
5210,1737,46,2,880,5
5211,1737,2,3,9800,5
5212,1738,40,2,970,10
5213,1738,53,3,7100,10
5214,1738,9,4,870,10
5215,1739,47,3,11200,3
5216,1739,60,4,2200,3
5217,1739,16,1,7350,3
5218,1740,54,4,8600,8
5219,1740,7,1,18400,8
5220,1740,23,2,3600,8
5221,1741,1,1,1495,1
5222,1741,14,2,5100,1
5223,1741,30,3,2400,1
5224,1742,8,2,7600,6
5225,1742,21,3,540,6
5226,1742,37,4,2600,6
5227,1743,15,3,6200,11
5228,1743,28,4,17400,11
5229,1743,44,1,5250,11
5230,1744,22,4,8800,4
5231,1744,35,1,2100,4
5232,1744,51,2,1320,4
5233,1745,29,1,48,9
5234,1745,42,2,3900,9
5235,1745,58,3,3900,9
5236,1746,36,2,4500,2
5237,1746,49,3,2950,2
5238,1746,5,4,12600,2
5239,1747,43,3,1280,7
5240,1747,56,4,6800,7
5241,1747,12,1,4100,7
5242,1748,50,4,5150,12
5243,1748,3,1,420,12
5244,1748,19,2,4100,12
5245,1749,57,1,3400,5
5246,1749,10,2,540,5
5247,1749,26,3,760,5
5248,1750,4,2,3800,10
5249,1750,17,3,180,10
5250,1750,33,4,7850,10
5251,1751,11,3,3200,3
5252,1751,24,4,4900,3
5253,1751,40,1,970,3
5254,1752,18,4,2950,8
5255,1752,31,1,1900,8
5256,1752,47,2,11200,8
5257,1753,25,1,1250,1
5258,1753,38,2,3100,1
5259,1753,54,3,8600,1
5260,1754,32,2,3350,6
5261,1754,45,3,4300,6
5262,1754,1,4,1495,6
5263,1755,39,3,2300,11
5264,1755,52,4,4750,11
5265,1755,8,1,7600,11
5266,1756,46,4,880,4
5267,1756,59,1,9300,4
5268,1756,15,2,6200,4
5269,1757,53,1,7100,9
5270,1757,6,2,22500,9
5271,1757,22,3,8800,9
5272,1758,60,2,2200,2
5273,1758,13,3,2750,2
5274,1758,29,4,48,2
5275,1759,7,3,18400,7
5276,1759,20,4,690,7
5277,1759,36,1,4500,7
5278,1760,14,4,5100,12
5279,1760,27,1,14800,12
5280,1760,43,2,1280,12
5281,1761,21,1,540,5
5282,1761,34,2,9400,5
5283,1761,50,3,5150,5
5284,1762,28,2,17400,10
5285,1762,41,3,6200,10
5286,1762,57,4,3400,10
5287,1763,35,3,2100,3
5288,1763,48,4,3700,3
5289,1763,4,1,3800,3
5290,1764,42,4,3900,8
5291,1764,55,1,2600,8
5292,1764,11,2,3200,8
5293,1765,49,1,2950,1
5294,1765,2,2,9800,1
5295,1765,18,3,2950,1
5296,1766,56,2,6800,6
5297,1766,9,3,870,6
5298,1766,25,4,1250,6
5299,1767,3,3,420,11
5300,1767,16,4,7350,11
5301,1767,32,1,3350,11
5302,1768,10,4,540,4
5303,1768,23,1,3600,4
5304,1768,39,2,2300,4
5305,1769,17,1,180,9
5306,1769,30,2,2400,9
5307,1769,46,3,880,9
5308,1770,24,2,4900,2
5309,1770,37,3,2600,2
5310,1770,53,4,7100,2
5311,1771,31,3,1900,7
5312,1771,44,4,5250,7
5313,1771,60,1,2200,7
5314,1772,38,4,3100,12
5315,1772,51,1,1320,12
5316,1772,7,2,18400,12
5317,1773,45,1,4300,5
5318,1773,58,2,3900,5
5319,1773,14,3,5100,5
5320,1774,52,2,4750,10
5321,1774,5,3,12600,10
5322,1774,21,4,540,10
5323,1775,59,3,9300,3
5324,1775,12,4,4100,3
5325,1775,28,1,17400,3
5326,1776,6,4,22500,8
5327,1776,19,1,4100,8
5328,1776,35,2,2100,8
5329,1777,13,1,2750,1
5330,1777,26,2,760,1
5331,1777,42,3,3900,1
5332,1778,20,2,690,6
5333,1778,33,3,7850,6
5334,1778,49,4,2950,6
5335,1779,27,3,14800,11
5336,1779,40,4,970,11
5337,1779,56,1,6800,11
5338,1780,34,4,9400,4
5339,1780,47,1,11200,4
5340,1780,3,2,420,4
5341,1781,41,1,6200,9
5342,1781,54,2,8600,9
5343,1781,10,3,540,9
5344,1782,48,2,3700,2
5345,1782,1,3,1495,2
5346,1782,17,4,180,2
5347,1783,55,3,2600,7
5348,1783,8,4,7600,7
5349,1783,24,1,4900,7
5350,1784,2,4,9800,12
5351,1784,15,1,6200,12
5352,1784,31,2,1900,12
5353,1785,9,1,870,5
5354,1785,22,2,8800,5
5355,1785,38,3,3100,5
5356,1786,16,2,7350,10
5357,1786,29,3,48,10
5358,1786,45,4,4300,10
5359,1787,23,3,3600,3
5360,1787,36,4,4500,3
5361,1787,52,1,4750,3
5362,1788,30,4,2400,8
5363,1788,43,1,1280,8
5364,1788,59,2,9300,8
5365,1789,37,1,2600,1
5366,1789,50,2,5150,1
5367,1789,6,3,22500,1
5368,1790,44,2,5250,6
5369,1790,57,3,3400,6
5370,1790,13,4,2750,6
5371,1791,51,3,1320,11
5372,1791,4,4,3800,11
5373,1791,20,1,690,11
5374,1792,58,4,3900,4
5375,1792,11,1,3200,4
5376,1792,27,2,14800,4
5377,1793,5,1,12600,9
5378,1793,18,2,2950,9
5379,1793,34,3,9400,9
5380,1794,12,2,4100,2
5381,1794,25,3,1250,2
5382,1794,41,4,6200,2
5383,1795,19,3,4100,7
5384,1795,32,4,3350,7
5385,1795,48,1,3700,7
5386,1796,26,4,760,12
5387,1796,39,1,2300,12
5388,1796,55,2,2600,12
5389,1797,33,1,7850,5
5390,1797,46,2,880,5
5391,1797,2,3,9800,5
5392,1798,40,2,970,10
5393,1798,53,3,7100,10
5394,1798,9,4,870,10
5395,1799,47,3,11200,3
5396,1799,60,4,2200,3
5397,1799,16,1,7350,3
5398,1800,54,4,8600,8
5399,1800,7,1,18400,8
5400,1800,23,2,3600,8
5401,1801,1,1,1495,1
5402,1801,14,2,5100,1
5403,1801,30,3,2400,1
5404,1802,8,2,7600,6
5405,1802,21,3,540,6
5406,1802,37,4,2600,6
5407,1803,15,3,6200,11
5408,1803,28,4,17400,11
5409,1803,44,1,5250,11
5410,1804,22,4,8800,4
5411,1804,35,1,2100,4
5412,1804,51,2,1320,4
5413,1805,29,1,48,9
5414,1805,42,2,3900,9
5415,1805,58,3,3900,9
5416,1806,36,2,4500,2
5417,1806,49,3,2950,2
5418,1806,5,4,12600,2
5419,1807,43,3,1280,7
5420,1807,56,4,6800,7
5421,1807,12,1,4100,7
5422,1808,50,4,5150,12
5423,1808,3,1,420,12
5424,1808,19,2,4100,12
5425,1809,57,1,3400,5
5426,1809,10,2,540,5
5427,1809,26,3,760,5
5428,1810,4,2,3800,10
5429,1810,17,3,180,10
5430,1810,33,4,7850,10
5431,1811,11,3,3200,3
5432,1811,24,4,4900,3
5433,1811,40,1,970,3
5434,1812,18,4,2950,8
5435,1812,31,1,1900,8
5436,1812,47,2,11200,8
5437,1813,25,1,1250,1
5438,1813,38,2,3100,1
5439,1813,54,3,8600,1
5440,1814,32,2,3350,6
5441,1814,45,3,4300,6
5442,1814,1,4,1495,6
5443,1815,39,3,2300,11
5444,1815,52,4,4750,11
5445,1815,8,1,7600,11
5446,1816,46,4,880,4
5447,1816,59,1,9300,4
5448,1816,15,2,6200,4
5449,1817,53,1,7100,9
5450,1817,6,2,22500,9
5451,1817,22,3,8800,9
5452,1818,60,2,2200,2
5453,1818,13,3,2750,2
5454,1818,29,4,48,2
5455,1819,7,3,18400,7
5456,1819,20,4,690,7
5457,1819,36,1,4500,7
5458,1820,14,4,5100,12
5459,1820,27,1,14800,12
5460,1820,43,2,1280,12
5461,1821,21,1,540,5
5462,1821,34,2,9400,5
5463,1821,50,3,5150,5
5464,1822,28,2,17400,10
5465,1822,41,3,6200,10
5466,1822,57,4,3400,10
5467,1823,35,3,2100,3
5468,1823,48,4,3700,3
5469,1823,4,1,3800,3
5470,1824,42,4,3900,8
5471,1824,55,1,2600,8
5472,1824,11,2,3200,8
5473,1825,49,1,2950,1
5474,1825,2,2,9800,1
5475,1825,18,3,2950,1
5476,1826,56,2,6800,6
5477,1826,9,3,870,6
5478,1826,25,4,1250,6
5479,1827,3,3,420,11
5480,1827,16,4,7350,11
5481,1827,32,1,3350,11
5482,1828,10,4,540,4
5483,1828,23,1,3600,4
5484,1828,39,2,2300,4
5485,1829,17,1,180,9
5486,1829,30,2,2400,9
5487,1829,46,3,880,9
5488,1830,24,2,4900,2
5489,1830,37,3,2600,2
5490,1830,53,4,7100,2
5491,1831,31,3,1900,7
5492,1831,44,4,5250,7
5493,1831,60,1,2200,7
5494,1832,38,4,3100,12
5495,1832,51,1,1320,12
5496,1832,7,2,18400,12
5497,1833,45,1,4300,5
5498,1833,58,2,3900,5
5499,1833,14,3,5100,5
5500,1834,52,2,4750,10
5501,1834,5,3,12600,10
5502,1834,21,4,540,10
5503,1835,59,3,9300,3
5504,1835,12,4,4100,3
5505,1835,28,1,17400,3
5506,1836,6,4,22500,8
5507,1836,19,1,4100,8
5508,1836,35,2,2100,8
5509,1837,13,1,2750,1
5510,1837,26,2,760,1
5511,1837,42,3,3900,1
5512,1838,20,2,690,6
5513,1838,33,3,7850,6
5514,1838,49,4,2950,6
5515,1839,27,3,14800,11
5516,1839,40,4,970,11
5517,1839,56,1,6800,11
5518,1840,34,4,9400,4
5519,1840,47,1,11200,4
5520,1840,3,2,420,4
5521,1841,41,1,6200,9
5522,1841,54,2,8600,9
5523,1841,10,3,540,9
5524,1842,48,2,3700,2
5525,1842,1,3,1495,2
5526,1842,17,4,180,2
5527,1843,55,3,2600,7
5528,1843,8,4,7600,7
5529,1843,24,1,4900,7
5530,1844,2,4,9800,12
5531,1844,15,1,6200,12
5532,1844,31,2,1900,12
5533,1845,9,1,870,5
5534,1845,22,2,8800,5
5535,1845,38,3,3100,5
5536,1846,16,2,7350,10
5537,1846,29,3,48,10
5538,1846,45,4,4300,10
5539,1847,23,3,3600,3
5540,1847,36,4,4500,3
5541,1847,52,1,4750,3
5542,1848,30,4,2400,8
5543,1848,43,1,1280,8
5544,1848,59,2,9300,8
5545,1849,37,1,2600,1
5546,1849,50,2,5150,1
5547,1849,6,3,22500,1
5548,1850,44,2,5250,6
5549,1850,57,3,3400,6
5550,1850,13,4,2750,6
5551,1851,51,3,1320,11
5552,1851,4,4,3800,11
5553,1851,20,1,690,11
5554,1852,58,4,3900,4
5555,1852,11,1,3200,4
5556,1852,27,2,14800,4
5557,1853,5,1,12600,9
5558,1853,18,2,2950,9
5559,1853,34,3,9400,9
5560,1854,12,2,4100,2
5561,1854,25,3,1250,2
5562,1854,41,4,6200,2
5563,1855,19,3,4100,7
5564,1855,32,4,3350,7
5565,1855,48,1,3700,7
5566,1856,26,4,760,12
5567,1856,39,1,2300,12
5568,1856,55,2,2600,12
5569,1857,33,1,7850,5
5570,1857,46,2,880,5
5571,1857,2,3,9800,5
5572,1858,40,2,970,10
5573,1858,53,3,7100,10
5574,1858,9,4,870,10
5575,1859,47,3,11200,3
5576,1859,60,4,2200,3
5577,1859,16,1,7350,3
5578,1860,54,4,8600,8
5579,1860,7,1,18400,8
5580,1860,23,2,3600,8
5581,1861,1,1,1495,1
5582,1861,14,2,5100,1
5583,1861,30,3,2400,1
5584,1862,8,2,7600,6
5585,1862,21,3,540,6
5586,1862,37,4,2600,6
5587,1863,15,3,6200,11
5588,1863,28,4,17400,11
5589,1863,44,1,5250,11
5590,1864,22,4,8800,4
5591,1864,35,1,2100,4
5592,1864,51,2,1320,4
5593,1865,29,1,48,9
5594,1865,42,2,3900,9
5595,1865,58,3,3900,9
5596,1866,36,2,4500,2
5597,1866,49,3,2950,2
5598,1866,5,4,12600,2
5599,1867,43,3,1280,7
5600,1867,56,4,6800,7
5601,1867,12,1,4100,7
5602,1868,50,4,5150,12
5603,1868,3,1,420,12
5604,1868,19,2,4100,12
5605,1869,57,1,3400,5
5606,1869,10,2,540,5
5607,1869,26,3,760,5
5608,1870,4,2,3800,10
5609,1870,17,3,180,10
5610,1870,33,4,7850,10
5611,1871,11,3,3200,3
5612,1871,24,4,4900,3
5613,1871,40,1,970,3
5614,1872,18,4,2950,8
5615,1872,31,1,1900,8
5616,1872,47,2,11200,8
5617,1873,25,1,1250,1
5618,1873,38,2,3100,1
5619,1873,54,3,8600,1
5620,1874,32,2,3350,6
5621,1874,45,3,4300,6
5622,1874,1,4,1495,6
5623,1875,39,3,2300,11
5624,1875,52,4,4750,11
5625,1875,8,1,7600,11
5626,1876,46,4,880,4
5627,1876,59,1,9300,4
5628,1876,15,2,6200,4
5629,1877,53,1,7100,9
5630,1877,6,2,22500,9
5631,1877,22,3,8800,9
5632,1878,60,2,2200,2
5633,1878,13,3,2750,2
5634,1878,29,4,48,2
5635,1879,7,3,18400,7
5636,1879,20,4,690,7
5637,1879,36,1,4500,7
5638,1880,14,4,5100,12
5639,1880,27,1,14800,12
5640,1880,43,2,1280,12
5641,1881,21,1,540,5
5642,1881,34,2,9400,5
5643,1881,50,3,5150,5
5644,1882,28,2,17400,10
5645,1882,41,3,6200,10
5646,1882,57,4,3400,10
5647,1883,35,3,2100,3
5648,1883,48,4,3700,3
5649,1883,4,1,3800,3
5650,1884,42,4,3900,8
5651,1884,55,1,2600,8
5652,1884,11,2,3200,8
5653,1885,49,1,2950,1
5654,1885,2,2,9800,1
5655,1885,18,3,2950,1
5656,1886,56,2,6800,6
5657,1886,9,3,870,6
5658,1886,25,4,1250,6
5659,1887,3,3,420,11
5660,1887,16,4,7350,11
5661,1887,32,1,3350,11
5662,1888,10,4,540,4
5663,1888,23,1,3600,4
5664,1888,39,2,2300,4
5665,1889,17,1,180,9
5666,1889,30,2,2400,9
5667,1889,46,3,880,9
5668,1890,24,2,4900,2
5669,1890,37,3,2600,2
5670,1890,53,4,7100,2
5671,1891,31,3,1900,7
5672,1891,44,4,5250,7
5673,1891,60,1,2200,7
5674,1892,38,4,3100,12
5675,1892,51,1,1320,12
5676,1892,7,2,18400,12
5677,1893,45,1,4300,5
5678,1893,58,2,3900,5
5679,1893,14,3,5100,5
5680,1894,52,2,4750,10
5681,1894,5,3,12600,10
5682,1894,21,4,540,10
5683,1895,59,3,9300,3
5684,1895,12,4,4100,3
5685,1895,28,1,17400,3
5686,1896,6,4,22500,8
5687,1896,19,1,4100,8
5688,1896,35,2,2100,8
5689,1897,13,1,2750,1
5690,1897,26,2,760,1
5691,1897,42,3,3900,1
5692,1898,20,2,690,6
5693,1898,33,3,7850,6
5694,1898,49,4,2950,6
5695,1899,27,3,14800,11
5696,1899,40,4,970,11
5697,1899,56,1,6800,11
5698,1900,34,4,9400,4
5699,1900,47,1,11200,4
5700,1900,3,2,420,4
5701,1901,41,1,6200,9
5702,1901,54,2,8600,9
5703,1901,10,3,540,9
5704,1902,48,2,3700,2
5705,1902,1,3,1495,2
5706,1902,17,4,180,2
5707,1903,55,3,2600,7
5708,1903,8,4,7600,7
5709,1903,24,1,4900,7
5710,1904,2,4,9800,12
5711,1904,15,1,6200,12
5712,1904,31,2,1900,12
5713,1905,9,1,870,5
5714,1905,22,2,8800,5
5715,1905,38,3,3100,5
5716,1906,16,2,7350,10
5717,1906,29,3,48,10
5718,1906,45,4,4300,10
5719,1907,23,3,3600,3
5720,1907,36,4,4500,3
5721,1907,52,1,4750,3
5722,1908,30,4,2400,8
5723,1908,43,1,1280,8
5724,1908,59,2,9300,8
5725,1909,37,1,2600,1
5726,1909,50,2,5150,1
5727,1909,6,3,22500,1
5728,1910,44,2,5250,6
5729,1910,57,3,3400,6
5730,1910,13,4,2750,6
5731,1911,51,3,1320,11
5732,1911,4,4,3800,11
5733,1911,20,1,690,11
5734,1912,58,4,3900,4
5735,1912,11,1,3200,4
5736,1912,27,2,14800,4
5737,1913,5,1,12600,9
5738,1913,18,2,2950,9
5739,1913,34,3,9400,9
5740,1914,12,2,4100,2
5741,1914,25,3,1250,2
5742,1914,41,4,6200,2
5743,1915,19,3,4100,7
5744,1915,32,4,3350,7
5745,1915,48,1,3700,7
5746,1916,26,4,760,12
5747,1916,39,1,2300,12
5748,1916,55,2,2600,12
5749,1917,33,1,7850,5
5750,1917,46,2,880,5
5751,1917,2,3,9800,5
5752,1918,40,2,970,10
5753,1918,53,3,7100,10
5754,1918,9,4,870,10
5755,1919,47,3,11200,3
5756,1919,60,4,2200,3
5757,1919,16,1,7350,3
5758,1920,54,4,8600,8
5759,1920,7,1,18400,8
5760,1920,23,2,3600,8
5761,1921,1,1,1495,1
5762,1921,14,2,5100,1
5763,1921,30,3,2400,1
5764,1922,8,2,7600,6
5765,1922,21,3,540,6
5766,1922,37,4,2600,6
5767,1923,15,3,6200,11
5768,1923,28,4,17400,11
5769,1923,44,1,5250,11
5770,1924,22,4,8800,4
5771,1924,35,1,2100,4
5772,1924,51,2,1320,4
5773,1925,29,1,48,9
5774,1925,42,2,3900,9
5775,1925,58,3,3900,9
5776,1926,36,2,4500,2
5777,1926,49,3,2950,2
5778,1926,5,4,12600,2
5779,1927,43,3,1280,7
5780,1927,56,4,6800,7
5781,1927,12,1,4100,7
5782,1928,50,4,5150,12
5783,1928,3,1,420,12
5784,1928,19,2,4100,12
5785,1929,57,1,3400,5
5786,1929,10,2,540,5
5787,1929,26,3,760,5
5788,1930,4,2,3800,10
5789,1930,17,3,180,10
5790,1930,33,4,7850,10
5791,1931,11,3,3200,3
5792,1931,24,4,4900,3
5793,1931,40,1,970,3
5794,1932,18,4,2950,8
5795,1932,31,1,1900,8
5796,1932,47,2,11200,8
5797,1933,25,1,1250,1
5798,1933,38,2,3100,1
5799,1933,54,3,8600,1
5800,1934,32,2,3350,6
5801,1934,45,3,4300,6
5802,1934,1,4,1495,6
5803,1935,39,3,2300,11
5804,1935,52,4,4750,11
5805,1935,8,1,7600,11
5806,1936,46,4,880,4
5807,1936,59,1,9300,4
5808,1936,15,2,6200,4
5809,1937,53,1,7100,9
5810,1937,6,2,22500,9
5811,1937,22,3,8800,9
5812,1938,60,2,2200,2
5813,1938,13,3,2750,2
5814,1938,29,4,48,2
5815,1939,7,3,18400,7
5816,1939,20,4,690,7
5817,1939,36,1,4500,7
5818,1940,14,4,5100,12
5819,1940,27,1,14800,12
5820,1940,43,2,1280,12
5821,1941,21,1,540,5
5822,1941,34,2,9400,5
5823,1941,50,3,5150,5
5824,1942,28,2,17400,10
5825,1942,41,3,6200,10
5826,1942,57,4,3400,10
5827,1943,35,3,2100,3
5828,1943,48,4,3700,3
5829,1943,4,1,3800,3
5830,1944,42,4,3900,8
5831,1944,55,1,2600,8
5832,1944,11,2,3200,8
5833,1945,49,1,2950,1
5834,1945,2,2,9800,1
5835,1945,18,3,2950,1
5836,1946,56,2,6800,6
5837,1946,9,3,870,6
5838,1946,25,4,1250,6
5839,1947,3,3,420,11
5840,1947,16,4,7350,11
5841,1947,32,1,3350,11
5842,1948,10,4,540,4
5843,1948,23,1,3600,4
5844,1948,39,2,2300,4
5845,1949,17,1,180,9
5846,1949,30,2,2400,9
5847,1949,46,3,880,9
5848,1950,24,2,4900,2
5849,1950,37,3,2600,2
5850,1950,53,4,7100,2
5851,1951,31,3,1900,7
5852,1951,44,4,5250,7
5853,1951,60,1,2200,7
5854,1952,38,4,3100,12
5855,1952,51,1,1320,12
5856,1952,7,2,18400,12
5857,1953,45,1,4300,5
5858,1953,58,2,3900,5
5859,1953,14,3,5100,5
5860,1954,52,2,4750,10
5861,1954,5,3,12600,10
5862,1954,21,4,540,10
5863,1955,59,3,9300,3
5864,1955,12,4,4100,3
5865,1955,28,1,17400,3
5866,1956,6,4,22500,8
5867,1956,19,1,4100,8
5868,1956,35,2,2100,8
5869,1957,13,1,2750,1
5870,1957,26,2,760,1
5871,1957,42,3,3900,1
5872,1958,20,2,690,6
5873,1958,33,3,7850,6
5874,1958,49,4,2950,6
5875,1959,27,3,14800,11
5876,1959,40,4,970,11
5877,1959,56,1,6800,11
5878,1960,34,4,9400,4
5879,1960,47,1,11200,4
5880,1960,3,2,420,4
5881,1961,41,1,6200,9
5882,1961,54,2,8600,9
5883,1961,10,3,540,9
5884,1962,48,2,3700,2
5885,1962,1,3,1495,2
5886,1962,17,4,180,2
5887,1963,55,3,2600,7
5888,1963,8,4,7600,7
5889,1963,24,1,4900,7
5890,1964,2,4,9800,12
5891,1964,15,1,6200,12
5892,1964,31,2,1900,12
5893,1965,9,1,870,5
5894,1965,22,2,8800,5
5895,1965,38,3,3100,5
5896,1966,16,2,7350,10
5897,1966,29,3,48,10
5898,1966,45,4,4300,10
5899,1967,23,3,3600,3
5900,1967,36,4,4500,3
5901,1967,52,1,4750,3
5902,1968,30,4,2400,8
5903,1968,43,1,1280,8
5904,1968,59,2,9300,8
5905,1969,37,1,2600,1
5906,1969,50,2,5150,1
5907,1969,6,3,22500,1
5908,1970,44,2,5250,6
5909,1970,57,3,3400,6
5910,1970,13,4,2750,6
5911,1971,51,3,1320,11
5912,1971,4,4,3800,11
5913,1971,20,1,690,11
5914,1972,58,4,3900,4
5915,1972,11,1,3200,4
5916,1972,27,2,14800,4
5917,1973,5,1,12600,9
5918,1973,18,2,2950,9
5919,1973,34,3,9400,9
5920,1974,12,2,4100,2
5921,1974,25,3,1250,2
5922,1974,41,4,6200,2
5923,1975,19,3,4100,7
5924,1975,32,4,3350,7
5925,1975,48,1,3700,7
5926,1976,26,4,760,12
5927,1976,39,1,2300,12
5928,1976,55,2,2600,12
5929,1977,33,1,7850,5
5930,1977,46,2,880,5
5931,1977,2,3,9800,5
5932,1978,40,2,970,10
5933,1978,53,3,7100,10
5934,1978,9,4,870,10
5935,1979,47,3,11200,3
5936,1979,60,4,2200,3
5937,1979,16,1,7350,3
5938,1980,54,4,8600,8
5939,1980,7,1,18400,8
5940,1980,23,2,3600,8
5941,1981,1,1,1495,1
5942,1981,14,2,5100,1
5943,1981,30,3,2400,1
5944,1982,8,2,7600,6
5945,1982,21,3,540,6
5946,1982,37,4,2600,6
5947,1983,15,3,6200,11
5948,1983,28,4,17400,11
5949,1983,44,1,5250,11
5950,1984,22,4,8800,4
5951,1984,35,1,2100,4
5952,1984,51,2,1320,4
5953,1985,29,1,48,9
5954,1985,42,2,3900,9
5955,1985,58,3,3900,9
5956,1986,36,2,4500,2
5957,1986,49,3,2950,2
5958,1986,5,4,12600,2
5959,1987,43,3,1280,7
5960,1987,56,4,6800,7
5961,1987,12,1,4100,7
5962,1988,50,4,5150,12
5963,1988,3,1,420,12
5964,1988,19,2,4100,12
5965,1989,57,1,3400,5
5966,1989,10,2,540,5
5967,1989,26,3,760,5
5968,1990,4,2,3800,10
5969,1990,17,3,180,10
5970,1990,33,4,7850,10
5971,1991,11,3,3200,3
5972,1991,24,4,4900,3
5973,1991,40,1,970,3
5974,1992,18,4,2950,8
5975,1992,31,1,1900,8
5976,1992,47,2,11200,8
5977,1993,25,1,1250,1
5978,1993,38,2,3100,1
5979,1993,54,3,8600,1
5980,1994,32,2,3350,6
5981,1994,45,3,4300,6
5982,1994,1,4,1495,6
5983,1995,39,3,2300,11
5984,1995,52,4,4750,11
5985,1995,8,1,7600,11
5986,1996,46,4,880,4
5987,1996,59,1,9300,4
5988,1996,15,2,6200,4
5989,1997,53,1,7100,9
5990,1997,6,2,22500,9
5991,1997,22,3,8800,9
5992,1998,60,2,2200,2
5993,1998,13,3,2750,2
5994,1998,29,4,48,2
5995,1999,7,3,18400,7
5996,1999,20,4,690,7
5997,1999,36,1,4500,7
5998,2000,14,4,5100,12
5999,2000,27,1,14800,12
6000,2000,43,2,1280,12
6001,2001,21,1,540,5
6002,2001,34,2,9400,5
6003,2001,50,3,5150,5
6004,2002,28,2,17400,10
6005,2002,41,3,6200,10
6006,2002,57,4,3400,10
6007,2003,35,3,2100,3
6008,2003,48,4,3700,3
6009,2003,4,1,3800,3
6010,2004,42,4,3900,8
6011,2004,55,1,2600,8
6012,2004,11,2,3200,8
6013,2005,49,1,2950,1
6014,2005,2,2,9800,1
6015,2005,18,3,2950,1
6016,2006,56,2,6800,6
6017,2006,9,3,870,6
6018,2006,25,4,1250,6
6019,2007,3,3,420,11
6020,2007,16,4,7350,11
6021,2007,32,1,3350,11
6022,2008,10,4,540,4
6023,2008,23,1,3600,4
6024,2008,39,2,2300,4
6025,2009,17,1,180,9
6026,2009,30,2,2400,9
6027,2009,46,3,880,9
6028,2010,24,2,4900,2
6029,2010,37,3,2600,2
6030,2010,53,4,7100,2
6031,2011,31,3,1900,7
6032,2011,44,4,5250,7
6033,2011,60,1,2200,7
6034,2012,38,4,3100,12
6035,2012,51,1,1320,12
6036,2012,7,2,18400,12
6037,2013,45,1,4300,5
6038,2013,58,2,3900,5
6039,2013,14,3,5100,5
6040,2014,52,2,4750,10
6041,2014,5,3,12600,10
6042,2014,21,4,540,10
6043,2015,59,3,9300,3
6044,2015,12,4,4100,3
6045,2015,28,1,17400,3
6046,2016,6,4,22500,8
6047,2016,19,1,4100,8
6048,2016,35,2,2100,8
6049,2017,13,1,2750,1
6050,2017,26,2,760,1
6051,2017,42,3,3900,1
6052,2018,20,2,690,6
6053,2018,33,3,7850,6
6054,2018,49,4,2950,6
6055,2019,27,3,14800,11
6056,2019,40,4,970,11
6057,2019,56,1,6800,11
6058,2020,34,4,9400,4
6059,2020,47,1,11200,4
6060,2020,3,2,420,4
6061,2021,41,1,6200,9
6062,2021,54,2,8600,9
6063,2021,10,3,540,9
6064,2022,48,2,3700,2
6065,2022,1,3,1495,2
6066,2022,17,4,180,2
6067,2023,55,3,2600,7
6068,2023,8,4,7600,7
6069,2023,24,1,4900,7
6070,2024,2,4,9800,12
6071,2024,15,1,6200,12
6072,2024,31,2,1900,12
6073,2025,9,1,870,5
6074,2025,22,2,8800,5
6075,2025,38,3,3100,5
6076,2026,16,2,7350,10
6077,2026,29,3,48,10
6078,2026,45,4,4300,10
6079,2027,23,3,3600,3
6080,2027,36,4,4500,3
6081,2027,52,1,4750,3
6082,2028,30,4,2400,8
6083,2028,43,1,1280,8
6084,2028,59,2,9300,8
6085,2029,37,1,2600,1
6086,2029,50,2,5150,1
6087,2029,6,3,22500,1
6088,2030,44,2,5250,6
6089,2030,57,3,3400,6
6090,2030,13,4,2750,6
6091,2031,51,3,1320,11
6092,2031,4,4,3800,11
6093,2031,20,1,690,11
6094,2032,58,4,3900,4
6095,2032,11,1,3200,4
6096,2032,27,2,14800,4
6097,2033,5,1,12600,9
6098,2033,18,2,2950,9
6099,2033,34,3,9400,9
6100,2034,12,2,4100,2
6101,2034,25,3,1250,2
6102,2034,41,4,6200,2
6103,2035,19,3,4100,7
6104,2035,32,4,3350,7
6105,2035,48,1,3700,7
6106,2036,26,4,760,12
6107,2036,39,1,2300,12
6108,2036,55,2,2600,12
6109,2037,33,1,7850,5
6110,2037,46,2,880,5
6111,2037,2,3,9800,5
6112,2038,40,2,970,10
6113,2038,53,3,7100,10
6114,2038,9,4,870,10
6115,2039,47,3,11200,3
6116,2039,60,4,2200,3
6117,2039,16,1,7350,3
6118,2040,54,4,8600,8
6119,2040,7,1,18400,8
6120,2040,23,2,3600,8
6121,2041,1,1,1495,1
6122,2041,14,2,5100,1
6123,2041,30,3,2400,1
6124,2042,8,2,7600,6
6125,2042,21,3,540,6
6126,2042,37,4,2600,6
6127,2043,15,3,6200,11
6128,2043,28,4,17400,11
6129,2043,44,1,5250,11
6130,2044,22,4,8800,4
6131,2044,35,1,2100,4
6132,2044,51,2,1320,4
6133,2045,29,1,48,9
6134,2045,42,2,3900,9
6135,2045,58,3,3900,9
6136,2046,36,2,4500,2
6137,2046,49,3,2950,2
6138,2046,5,4,12600,2
6139,2047,43,3,1280,7
6140,2047,56,4,6800,7
6141,2047,12,1,4100,7
6142,2048,50,4,5150,12
6143,2048,3,1,420,12
6144,2048,19,2,4100,12
6145,2049,57,1,3400,5
6146,2049,10,2,540,5
6147,2049,26,3,760,5
6148,2050,4,2,3800,10
6149,2050,17,3,180,10
6150,2050,33,4,7850,10
6151,2051,11,3,3200,3
6152,2051,24,4,4900,3
6153,2051,40,1,970,3
6154,2052,18,4,2950,8
6155,2052,31,1,1900,8
6156,2052,47,2,11200,8
6157,2053,25,1,1250,1
6158,2053,38,2,3100,1
6159,2053,54,3,8600,1
6160,2054,32,2,3350,6
6161,2054,45,3,4300,6
6162,2054,1,4,1495,6
6163,2055,39,3,2300,11
6164,2055,52,4,4750,11
6165,2055,8,1,7600,11
6166,2056,46,4,880,4
6167,2056,59,1,9300,4
6168,2056,15,2,6200,4
6169,2057,53,1,7100,9
6170,2057,6,2,22500,9
6171,2057,22,3,8800,9
6172,2058,60,2,2200,2
6173,2058,13,3,2750,2
6174,2058,29,4,48,2
6175,2059,7,3,18400,7
6176,2059,20,4,690,7
6177,2059,36,1,4500,7
6178,2060,14,4,5100,12
6179,2060,27,1,14800,12
6180,2060,43,2,1280,12
6181,2061,21,1,540,5
6182,2061,34,2,9400,5
6183,2061,50,3,5150,5
6184,2062,28,2,17400,10
6185,2062,41,3,6200,10
6186,2062,57,4,3400,10
6187,2063,35,3,2100,3
6188,2063,48,4,3700,3
6189,2063,4,1,3800,3
6190,2064,42,4,3900,8
6191,2064,55,1,2600,8
6192,2064,11,2,3200,8
6193,2065,49,1,2950,1
6194,2065,2,2,9800,1
6195,2065,18,3,2950,1
6196,2066,56,2,6800,6
6197,2066,9,3,870,6
6198,2066,25,4,1250,6
6199,2067,3,3,420,11
6200,2067,16,4,7350,11
6201,2067,32,1,3350,11
6202,2068,10,4,540,4
6203,2068,23,1,3600,4
6204,2068,39,2,2300,4
6205,2069,17,1,180,9
6206,2069,30,2,2400,9
6207,2069,46,3,880,9
6208,2070,24,2,4900,2
6209,2070,37,3,2600,2
6210,2070,53,4,7100,2
6211,2071,31,3,1900,7
6212,2071,44,4,5250,7
6213,2071,60,1,2200,7
6214,2072,38,4,3100,12
6215,2072,51,1,1320,12
6216,2072,7,2,18400,12
6217,2073,45,1,4300,5
6218,2073,58,2,3900,5
6219,2073,14,3,5100,5
6220,2074,52,2,4750,10
6221,2074,5,3,12600,10
6222,2074,21,4,540,10
6223,2075,59,3,9300,3
6224,2075,12,4,4100,3
6225,2075,28,1,17400,3
6226,2076,6,4,22500,8
6227,2076,19,1,4100,8
6228,2076,35,2,2100,8
6229,2077,13,1,2750,1
6230,2077,26,2,760,1
6231,2077,42,3,3900,1
6232,2078,20,2,690,6
6233,2078,33,3,7850,6
6234,2078,49,4,2950,6
6235,2079,27,3,14800,11
6236,2079,40,4,970,11
6237,2079,56,1,6800,11
6238,2080,34,4,9400,4
6239,2080,47,1,11200,4
6240,2080,3,2,420,4
6241,2081,41,1,6200,9
6242,2081,54,2,8600,9
6243,2081,10,3,540,9
6244,2082,48,2,3700,2
6245,2082,1,3,1495,2
6246,2082,17,4,180,2
6247,2083,55,3,2600,7
6248,2083,8,4,7600,7
6249,2083,24,1,4900,7
6250,2084,2,4,9800,12
6251,2084,15,1,6200,12
6252,2084,31,2,1900,12
6253,2085,9,1,870,5
6254,2085,22,2,8800,5
6255,2085,38,3,3100,5
6256,2086,16,2,7350,10
6257,2086,29,3,48,10
6258,2086,45,4,4300,10
6259,2087,23,3,3600,3
6260,2087,36,4,4500,3
6261,2087,52,1,4750,3
6262,2088,30,4,2400,8
6263,2088,43,1,1280,8
6264,2088,59,2,9300,8
6265,2089,37,1,2600,1
6266,2089,50,2,5150,1
6267,2089,6,3,22500,1
6268,2090,44,2,5250,6
6269,2090,57,3,3400,6
6270,2090,13,4,2750,6
6271,2091,51,3,1320,11
6272,2091,4,4,3800,11
6273,2091,20,1,690,11
6274,2092,58,4,3900,4
6275,2092,11,1,3200,4
6276,2092,27,2,14800,4
6277,2093,5,1,12600,9
6278,2093,18,2,2950,9
6279,2093,34,3,9400,9
6280,2094,12,2,4100,2
6281,2094,25,3,1250,2
6282,2094,41,4,6200,2
6283,2095,19,3,4100,7
6284,2095,32,4,3350,7
6285,2095,48,1,3700,7
6286,2096,26,4,760,12
6287,2096,39,1,2300,12
6288,2096,55,2,2600,12
6289,2097,33,1,7850,5
6290,2097,46,2,880,5
6291,2097,2,3,9800,5
6292,2098,40,2,970,10
6293,2098,53,3,7100,10
6294,2098,9,4,870,10
6295,2099,47,3,11200,3
6296,2099,60,4,2200,3
6297,2099,16,1,7350,3
6298,2100,54,4,8600,8
6299,2100,7,1,18400,8
6300,2100,23,2,3600,8
6301,2101,1,1,1495,1
6302,2101,14,2,5100,1
6303,2101,30,3,2400,1
6304,2102,8,2,7600,6
6305,2102,21,3,540,6
6306,2102,37,4,2600,6
6307,2103,15,3,6200,11
6308,2103,28,4,17400,11
6309,2103,44,1,5250,11
6310,2104,22,4,8800,4
6311,2104,35,1,2100,4
6312,2104,51,2,1320,4
6313,2105,29,1,48,9
6314,2105,42,2,3900,9
6315,2105,58,3,3900,9
6316,2106,36,2,4500,2
6317,2106,49,3,2950,2
6318,2106,5,4,12600,2
6319,2107,43,3,1280,7
6320,2107,56,4,6800,7
6321,2107,12,1,4100,7
6322,2108,50,4,5150,12
6323,2108,3,1,420,12
6324,2108,19,2,4100,12
6325,2109,57,1,3400,5
6326,2109,10,2,540,5
6327,2109,26,3,760,5
6328,2110,4,2,3800,10
6329,2110,17,3,180,10
6330,2110,33,4,7850,10
6331,2111,11,3,3200,3
6332,2111,24,4,4900,3
6333,2111,40,1,970,3
6334,2112,18,4,2950,8
6335,2112,31,1,1900,8
6336,2112,47,2,11200,8
6337,2113,25,1,1250,1
6338,2113,38,2,3100,1
6339,2113,54,3,8600,1
6340,2114,32,2,3350,6
6341,2114,45,3,4300,6
6342,2114,1,4,1495,6
6343,2115,39,3,2300,11
6344,2115,52,4,4750,11
6345,2115,8,1,7600,11
6346,2116,46,4,880,4
6347,2116,59,1,9300,4
6348,2116,15,2,6200,4
6349,2117,53,1,7100,9
6350,2117,6,2,22500,9
6351,2117,22,3,8800,9
6352,2118,60,2,2200,2
6353,2118,13,3,2750,2
6354,2118,29,4,48,2
6355,2119,7,3,18400,7
6356,2119,20,4,690,7
6357,2119,36,1,4500,7
6358,2120,14,4,5100,12
6359,2120,27,1,14800,12
6360,2120,43,2,1280,12
6361,2121,21,1,540,5
6362,2121,34,2,9400,5
6363,2121,50,3,5150,5
6364,2122,28,2,17400,10
6365,2122,41,3,6200,10
6366,2122,57,4,3400,10
6367,2123,35,3,2100,3
6368,2123,48,4,3700,3
6369,2123,4,1,3800,3
6370,2124,42,4,3900,8
6371,2124,55,1,2600,8
6372,2124,11,2,3200,8
6373,2125,49,1,2950,1
6374,2125,2,2,9800,1
6375,2125,18,3,2950,1
6376,2126,56,2,6800,6
6377,2126,9,3,870,6
6378,2126,25,4,1250,6
6379,2127,3,3,420,11
6380,2127,16,4,7350,11
6381,2127,32,1,3350,11
6382,2128,10,4,540,4
6383,2128,23,1,3600,4
6384,2128,39,2,2300,4
6385,2129,17,1,180,9
6386,2129,30,2,2400,9
6387,2129,46,3,880,9
6388,2130,24,2,4900,2
6389,2130,37,3,2600,2
6390,2130,53,4,7100,2
6391,2131,31,3,1900,7
6392,2131,44,4,5250,7
6393,2131,60,1,2200,7
6394,2132,38,4,3100,12
6395,2132,51,1,1320,12
6396,2132,7,2,18400,12
6397,2133,45,1,4300,5
6398,2133,58,2,3900,5
6399,2133,14,3,5100,5
6400,2134,52,2,4750,10
6401,2134,5,3,12600,10
6402,2134,21,4,540,10
6403,2135,59,3,9300,3
6404,2135,12,4,4100,3
6405,2135,28,1,17400,3
6406,2136,6,4,22500,8
6407,2136,19,1,4100,8
6408,2136,35,2,2100,8
6409,2137,13,1,2750,1
6410,2137,26,2,760,1
6411,2137,42,3,3900,1
6412,2138,20,2,690,6
6413,2138,33,3,7850,6
6414,2138,49,4,2950,6
6415,2139,27,3,14800,11
6416,2139,40,4,970,11
6417,2139,56,1,6800,11
6418,2140,34,4,9400,4
6419,2140,47,1,11200,4
6420,2140,3,2,420,4
6421,2141,41,1,6200,9
6422,2141,54,2,8600,9
6423,2141,10,3,540,9
6424,2142,48,2,3700,2
6425,2142,1,3,1495,2
6426,2142,17,4,180,2
6427,2143,55,3,2600,7
6428,2143,8,4,7600,7
6429,2143,24,1,4900,7
6430,2144,2,4,9800,12
6431,2144,15,1,6200,12
6432,2144,31,2,1900,12
6433,2145,9,1,870,5
6434,2145,22,2,8800,5
6435,2145,38,3,3100,5
6436,2146,16,2,7350,10
6437,2146,29,3,48,10
6438,2146,45,4,4300,10
6439,2147,23,3,3600,3
6440,2147,36,4,4500,3
6441,2147,52,1,4750,3
6442,2148,30,4,2400,8
6443,2148,43,1,1280,8
6444,2148,59,2,9300,8
6445,2149,37,1,2600,1
6446,2149,50,2,5150,1
6447,2149,6,3,22500,1
6448,2150,44,2,5250,6
6449,2150,57,3,3400,6
6450,2150,13,4,2750,6
6451,2151,51,3,1320,11
6452,2151,4,4,3800,11
6453,2151,20,1,690,11
6454,2152,58,4,3900,4
6455,2152,11,1,3200,4
6456,2152,27,2,14800,4
6457,2153,5,1,12600,9
6458,2153,18,2,2950,9
6459,2153,34,3,9400,9
6460,2154,12,2,4100,2
6461,2154,25,3,1250,2
6462,2154,41,4,6200,2
6463,2155,19,3,4100,7
6464,2155,32,4,3350,7
6465,2155,48,1,3700,7
6466,2156,26,4,760,12
6467,2156,39,1,2300,12
6468,2156,55,2,2600,12
6469,2157,33,1,7850,5
6470,2157,46,2,880,5
6471,2157,2,3,9800,5
6472,2158,40,2,970,10
6473,2158,53,3,7100,10
6474,2158,9,4,870,10
6475,2159,47,3,11200,3
6476,2159,60,4,2200,3
6477,2159,16,1,7350,3
6478,2160,54,4,8600,8
6479,2160,7,1,18400,8
6480,2160,23,2,3600,8
6481,2161,1,1,1495,1
6482,2161,14,2,5100,1
6483,2161,30,3,2400,1
6484,2162,8,2,7600,6
6485,2162,21,3,540,6
6486,2162,37,4,2600,6
6487,2163,15,3,6200,11
6488,2163,28,4,17400,11
6489,2163,44,1,5250,11
6490,2164,22,4,8800,4
6491,2164,35,1,2100,4
6492,2164,51,2,1320,4
6493,2165,29,1,48,9
6494,2165,42,2,3900,9
6495,2165,58,3,3900,9
6496,2166,36,2,4500,2
6497,2166,49,3,2950,2
6498,2166,5,4,12600,2
6499,2167,43,3,1280,7
6500,2167,56,4,6800,7
6501,2167,12,1,4100,7
6502,2168,50,4,5150,12
6503,2168,3,1,420,12
6504,2168,19,2,4100,12
6505,2169,57,1,3400,5
6506,2169,10,2,540,5
6507,2169,26,3,760,5
6508,2170,4,2,3800,10
6509,2170,17,3,180,10
6510,2170,33,4,7850,10
6511,2171,11,3,3200,3
6512,2171,24,4,4900,3
6513,2171,40,1,970,3
6514,2172,18,4,2950,8
6515,2172,31,1,1900,8
6516,2172,47,2,11200,8
6517,2173,25,1,1250,1
6518,2173,38,2,3100,1
6519,2173,54,3,8600,1
6520,2174,32,2,3350,6
6521,2174,45,3,4300,6
6522,2174,1,4,1495,6
6523,2175,39,3,2300,11
6524,2175,52,4,4750,11
6525,2175,8,1,7600,11
6526,2176,46,4,880,4
6527,2176,59,1,9300,4
6528,2176,15,2,6200,4
6529,2177,53,1,7100,9
6530,2177,6,2,22500,9
6531,2177,22,3,8800,9
6532,2178,60,2,2200,2
6533,2178,13,3,2750,2
6534,2178,29,4,48,2
6535,2179,7,3,18400,7
6536,2179,20,4,690,7
6537,2179,36,1,4500,7
6538,2180,14,4,5100,12
6539,2180,27,1,14800,12
6540,2180,43,2,1280,12
6541,2181,21,1,540,5
6542,2181,34,2,9400,5
6543,2181,50,3,5150,5
6544,2182,28,2,17400,10
6545,2182,41,3,6200,10
6546,2182,57,4,3400,10
6547,2183,35,3,2100,3
6548,2183,48,4,3700,3
6549,2183,4,1,3800,3
6550,2184,42,4,3900,8
6551,2184,55,1,2600,8
6552,2184,11,2,3200,8
6553,2185,49,1,2950,1
6554,2185,2,2,9800,1
6555,2185,18,3,2950,1
6556,2186,56,2,6800,6
6557,2186,9,3,870,6
6558,2186,25,4,1250,6
6559,2187,3,3,420,11
6560,2187,16,4,7350,11
6561,2187,32,1,3350,11
6562,2188,10,4,540,4
6563,2188,23,1,3600,4
6564,2188,39,2,2300,4
6565,2189,17,1,180,9
6566,2189,30,2,2400,9
6567,2189,46,3,880,9
6568,2190,24,2,4900,2
6569,2190,37,3,2600,2
6570,2190,53,4,7100,2
6571,2191,31,3,1900,7
6572,2191,44,4,5250,7
6573,2191,60,1,2200,7
6574,2192,38,4,3100,12
6575,2192,51,1,1320,12
6576,2192,7,2,18400,12
6577,2193,45,1,4300,5
6578,2193,58,2,3900,5
6579,2193,14,3,5100,5
6580,2194,52,2,4750,10
6581,2194,5,3,12600,10
6582,2194,21,4,540,10
6583,2195,59,3,9300,3
6584,2195,12,4,4100,3
6585,2195,28,1,17400,3
6586,2196,6,4,22500,8
6587,2196,19,1,4100,8
6588,2196,35,2,2100,8
6589,2197,13,1,2750,1
6590,2197,26,2,760,1
6591,2197,42,3,3900,1
6592,2198,20,2,690,6
6593,2198,33,3,7850,6
6594,2198,49,4,2950,6
6595,2199,27,3,14800,11
6596,2199,40,4,970,11
6597,2199,56,1,6800,11
6598,2200,34,4,9400,4
6599,2200,47,1,11200,4
6600,2200,3,2,420,4
6601,2201,41,1,6200,9
6602,2201,54,2,8600,9
6603,2201,10,3,540,9
6604,2202,48,2,3700,2
6605,2202,1,3,1495,2
6606,2202,17,4,180,2
6607,2203,55,3,2600,7
6608,2203,8,4,7600,7
6609,2203,24,1,4900,7
6610,2204,2,4,9800,12
6611,2204,15,1,6200,12
6612,2204,31,2,1900,12
6613,2205,9,1,870,5
6614,2205,22,2,8800,5
6615,2205,38,3,3100,5
6616,2206,16,2,7350,10
6617,2206,29,3,48,10
6618,2206,45,4,4300,10
6619,2207,23,3,3600,3
6620,2207,36,4,4500,3
6621,2207,52,1,4750,3
6622,2208,30,4,2400,8
6623,2208,43,1,1280,8
6624,2208,59,2,9300,8
6625,2209,37,1,2600,1
6626,2209,50,2,5150,1
6627,2209,6,3,22500,1
6628,2210,44,2,5250,6
6629,2210,57,3,3400,6
6630,2210,13,4,2750,6
6631,2211,51,3,1320,11
6632,2211,4,4,3800,11
6633,2211,20,1,690,11
6634,2212,58,4,3900,4
6635,2212,11,1,3200,4
6636,2212,27,2,14800,4
6637,2213,5,1,12600,9
6638,2213,18,2,2950,9
6639,2213,34,3,9400,9
6640,2214,12,2,4100,2
6641,2214,25,3,1250,2
6642,2214,41,4,6200,2
6643,2215,19,3,4100,7
6644,2215,32,4,3350,7
6645,2215,48,1,3700,7
6646,2216,26,4,760,12
6647,2216,39,1,2300,12
6648,2216,55,2,2600,12
6649,2217,33,1,7850,5
6650,2217,46,2,880,5
6651,2217,2,3,9800,5
6652,2218,40,2,970,10
6653,2218,53,3,7100,10
6654,2218,9,4,870,10
6655,2219,47,3,11200,3
6656,2219,60,4,2200,3
6657,2219,16,1,7350,3
6658,2220,54,4,8600,8
6659,2220,7,1,18400,8
6660,2220,23,2,3600,8
6661,2221,1,1,1495,1
6662,2221,14,2,5100,1
6663,2221,30,3,2400,1
6664,2222,8,2,7600,6
6665,2222,21,3,540,6
6666,2222,37,4,2600,6
6667,2223,15,3,6200,11
6668,2223,28,4,17400,11
6669,2223,44,1,5250,11
6670,2224,22,4,8800,4
6671,2224,35,1,2100,4
6672,2224,51,2,1320,4
6673,2225,29,1,48,9
6674,2225,42,2,3900,9
6675,2225,58,3,3900,9
6676,2226,36,2,4500,2
6677,2226,49,3,2950,2
6678,2226,5,4,12600,2
6679,2227,43,3,1280,7
6680,2227,56,4,6800,7
6681,2227,12,1,4100,7
6682,2228,50,4,5150,12
6683,2228,3,1,420,12
6684,2228,19,2,4100,12
6685,2229,57,1,3400,5
6686,2229,10,2,540,5
6687,2229,26,3,760,5
6688,2230,4,2,3800,10
6689,2230,17,3,180,10
6690,2230,33,4,7850,10
6691,2231,11,3,3200,3
6692,2231,24,4,4900,3
6693,2231,40,1,970,3
6694,2232,18,4,2950,8
6695,2232,31,1,1900,8
6696,2232,47,2,11200,8
6697,2233,25,1,1250,1
6698,2233,38,2,3100,1
6699,2233,54,3,8600,1
6700,2234,32,2,3350,6
6701,2234,45,3,4300,6
6702,2234,1,4,1495,6
6703,2235,39,3,2300,11
6704,2235,52,4,4750,11
6705,2235,8,1,7600,11
6706,2236,46,4,880,4
6707,2236,59,1,9300,4
6708,2236,15,2,6200,4
6709,2237,53,1,7100,9
6710,2237,6,2,22500,9
6711,2237,22,3,8800,9
6712,2238,60,2,2200,2
6713,2238,13,3,2750,2
6714,2238,29,4,48,2
6715,2239,7,3,18400,7
6716,2239,20,4,690,7
6717,2239,36,1,4500,7
6718,2240,14,4,5100,12
6719,2240,27,1,14800,12
6720,2240,43,2,1280,12
6721,2241,21,1,540,5
6722,2241,34,2,9400,5
6723,2241,50,3,5150,5
6724,2242,28,2,17400,10
6725,2242,41,3,6200,10
6726,2242,57,4,3400,10
6727,2243,35,3,2100,3
6728,2243,48,4,3700,3
6729,2243,4,1,3800,3
6730,2244,42,4,3900,8
6731,2244,55,1,2600,8
6732,2244,11,2,3200,8
6733,2245,49,1,2950,1
6734,2245,2,2,9800,1
6735,2245,18,3,2950,1
6736,2246,56,2,6800,6
6737,2246,9,3,870,6
6738,2246,25,4,1250,6
6739,2247,3,3,420,11
6740,2247,16,4,7350,11
6741,2247,32,1,3350,11
6742,2248,10,4,540,4
6743,2248,23,1,3600,4
6744,2248,39,2,2300,4
6745,2249,17,1,180,9
6746,2249,30,2,2400,9
6747,2249,46,3,880,9
6748,2250,24,2,4900,2
6749,2250,37,3,2600,2
6750,2250,53,4,7100,2
6751,2251,31,3,1900,7
6752,2251,44,4,5250,7
6753,2251,60,1,2200,7
6754,2252,38,4,3100,12
6755,2252,51,1,1320,12
6756,2252,7,2,18400,12
6757,2253,45,1,4300,5
6758,2253,58,2,3900,5
6759,2253,14,3,5100,5
6760,2254,52,2,4750,10
6761,2254,5,3,12600,10
6762,2254,21,4,540,10
6763,2255,59,3,9300,3
6764,2255,12,4,4100,3
6765,2255,28,1,17400,3
6766,2256,6,4,22500,8
6767,2256,19,1,4100,8
6768,2256,35,2,2100,8
6769,2257,13,1,2750,1
6770,2257,26,2,760,1
6771,2257,42,3,3900,1
6772,2258,20,2,690,6
6773,2258,33,3,7850,6
6774,2258,49,4,2950,6
6775,2259,27,3,14800,11
6776,2259,40,4,970,11
6777,2259,56,1,6800,11
6778,2260,34,4,9400,4
6779,2260,47,1,11200,4
6780,2260,3,2,420,4
6781,2261,41,1,6200,9
6782,2261,54,2,8600,9
6783,2261,10,3,540,9
6784,2262,48,2,3700,2
6785,2262,1,3,1495,2
6786,2262,17,4,180,2
6787,2263,55,3,2600,7
6788,2263,8,4,7600,7
6789,2263,24,1,4900,7
6790,2264,2,4,9800,12
6791,2264,15,1,6200,12
6792,2264,31,2,1900,12
6793,2265,9,1,870,5
6794,2265,22,2,8800,5
6795,2265,38,3,3100,5
6796,2266,16,2,7350,10
6797,2266,29,3,48,10
6798,2266,45,4,4300,10
6799,2267,23,3,3600,3
6800,2267,36,4,4500,3
6801,2267,52,1,4750,3
6802,2268,30,4,2400,8
6803,2268,43,1,1280,8
6804,2268,59,2,9300,8
6805,2269,37,1,2600,1
6806,2269,50,2,5150,1
6807,2269,6,3,22500,1
6808,2270,44,2,5250,6
6809,2270,57,3,3400,6
6810,2270,13,4,2750,6
6811,2271,51,3,1320,11
6812,2271,4,4,3800,11
6813,2271,20,1,690,11
6814,2272,58,4,3900,4
6815,2272,11,1,3200,4
6816,2272,27,2,14800,4
6817,2273,5,1,12600,9
6818,2273,18,2,2950,9
6819,2273,34,3,9400,9
6820,2274,12,2,4100,2
6821,2274,25,3,1250,2
6822,2274,41,4,6200,2
6823,2275,19,3,4100,7
6824,2275,32,4,3350,7
6825,2275,48,1,3700,7
6826,2276,26,4,760,12
6827,2276,39,1,2300,12
6828,2276,55,2,2600,12
6829,2277,33,1,7850,5
6830,2277,46,2,880,5
6831,2277,2,3,9800,5
6832,2278,40,2,970,10
6833,2278,53,3,7100,10
6834,2278,9,4,870,10
6835,2279,47,3,11200,3
6836,2279,60,4,2200,3
6837,2279,16,1,7350,3
6838,2280,54,4,8600,8
6839,2280,7,1,18400,8
6840,2280,23,2,3600,8
6841,2281,1,1,1495,1
6842,2281,14,2,5100,1
6843,2281,30,3,2400,1
6844,2282,8,2,7600,6
6845,2282,21,3,540,6
6846,2282,37,4,2600,6
6847,2283,15,3,6200,11
6848,2283,28,4,17400,11
6849,2283,44,1,5250,11
6850,2284,22,4,8800,4
6851,2284,35,1,2100,4
6852,2284,51,2,1320,4
6853,2285,29,1,48,9
6854,2285,42,2,3900,9
6855,2285,58,3,3900,9
6856,2286,36,2,4500,2
6857,2286,49,3,2950,2
6858,2286,5,4,12600,2
6859,2287,43,3,1280,7
6860,2287,56,4,6800,7
6861,2287,12,1,4100,7
6862,2288,50,4,5150,12
6863,2288,3,1,420,12
6864,2288,19,2,4100,12
6865,2289,57,1,3400,5
6866,2289,10,2,540,5
6867,2289,26,3,760,5
6868,2290,4,2,3800,10
6869,2290,17,3,180,10
6870,2290,33,4,7850,10
6871,2291,11,3,3200,3
6872,2291,24,4,4900,3
6873,2291,40,1,970,3
6874,2292,18,4,2950,8
6875,2292,31,1,1900,8
6876,2292,47,2,11200,8
6877,2293,25,1,1250,1
6878,2293,38,2,3100,1
6879,2293,54,3,8600,1
6880,2294,32,2,3350,6
6881,2294,45,3,4300,6
6882,2294,1,4,1495,6
6883,2295,39,3,2300,11
6884,2295,52,4,4750,11
6885,2295,8,1,7600,11
6886,2296,46,4,880,4
6887,2296,59,1,9300,4
6888,2296,15,2,6200,4
6889,2297,53,1,7100,9
6890,2297,6,2,22500,9
6891,2297,22,3,8800,9
6892,2298,60,2,2200,2
6893,2298,13,3,2750,2
6894,2298,29,4,48,2
6895,2299,7,3,18400,7
6896,2299,20,4,690,7
6897,2299,36,1,4500,7
6898,2300,14,4,5100,12
6899,2300,27,1,14800,12
6900,2300,43,2,1280,12
6901,2301,21,1,540,5
6902,2301,34,2,9400,5
6903,2301,50,3,5150,5
6904,2302,28,2,17400,10
6905,2302,41,3,6200,10
6906,2302,57,4,3400,10
6907,2303,35,3,2100,3
6908,2303,48,4,3700,3
6909,2303,4,1,3800,3
6910,2304,42,4,3900,8
6911,2304,55,1,2600,8
6912,2304,11,2,3200,8
6913,2305,49,1,2950,1
6914,2305,2,2,9800,1
6915,2305,18,3,2950,1
6916,2306,56,2,6800,6
6917,2306,9,3,870,6
6918,2306,25,4,1250,6
6919,2307,3,3,420,11
6920,2307,16,4,7350,11
6921,2307,32,1,3350,11
6922,2308,10,4,540,4
6923,2308,23,1,3600,4
6924,2308,39,2,2300,4
6925,2309,17,1,180,9
6926,2309,30,2,2400,9
6927,2309,46,3,880,9
6928,2310,24,2,4900,2
6929,2310,37,3,2600,2
6930,2310,53,4,7100,2
6931,2311,31,3,1900,7
6932,2311,44,4,5250,7
6933,2311,60,1,2200,7
6934,2312,38,4,3100,12
6935,2312,51,1,1320,12
6936,2312,7,2,18400,12
6937,2313,45,1,4300,5
6938,2313,58,2,3900,5
6939,2313,14,3,5100,5
6940,2314,52,2,4750,10
6941,2314,5,3,12600,10
6942,2314,21,4,540,10
6943,2315,59,3,9300,3
6944,2315,12,4,4100,3
6945,2315,28,1,17400,3
6946,2316,6,4,22500,8
6947,2316,19,1,4100,8
6948,2316,35,2,2100,8
6949,2317,13,1,2750,1
6950,2317,26,2,760,1
6951,2317,42,3,3900,1
6952,2318,20,2,690,6
6953,2318,33,3,7850,6
6954,2318,49,4,2950,6
6955,2319,27,3,14800,11
6956,2319,40,4,970,11
6957,2319,56,1,6800,11
6958,2320,34,4,9400,4
6959,2320,47,1,11200,4
6960,2320,3,2,420,4
6961,2321,41,1,6200,9
6962,2321,54,2,8600,9
6963,2321,10,3,540,9
6964,2322,48,2,3700,2
6965,2322,1,3,1495,2
6966,2322,17,4,180,2
6967,2323,55,3,2600,7
6968,2323,8,4,7600,7
6969,2323,24,1,4900,7
6970,2324,2,4,9800,12
6971,2324,15,1,6200,12
6972,2324,31,2,1900,12
6973,2325,9,1,870,5
6974,2325,22,2,8800,5
6975,2325,38,3,3100,5
6976,2326,16,2,7350,10
6977,2326,29,3,48,10
6978,2326,45,4,4300,10
6979,2327,23,3,3600,3
6980,2327,36,4,4500,3
6981,2327,52,1,4750,3
6982,2328,30,4,2400,8
6983,2328,43,1,1280,8
6984,2328,59,2,9300,8
6985,2329,37,1,2600,1
6986,2329,50,2,5150,1
6987,2329,6,3,22500,1
6988,2330,44,2,5250,6
6989,2330,57,3,3400,6
6990,2330,13,4,2750,6
6991,2331,51,3,1320,11
6992,2331,4,4,3800,11
6993,2331,20,1,690,11
6994,2332,58,4,3900,4
6995,2332,11,1,3200,4
6996,2332,27,2,14800,4
6997,2333,5,1,12600,9
6998,2333,18,2,2950,9
6999,2333,34,3,9400,9
7000,2334,12,2,4100,2
7001,2334,25,3,1250,2
7002,2334,41,4,6200,2
7003,2335,19,3,4100,7
7004,2335,32,4,3350,7
7005,2335,48,1,3700,7
7006,2336,26,4,760,12
7007,2336,39,1,2300,12
7008,2336,55,2,2600,12
7009,2337,33,1,7850,5
7010,2337,46,2,880,5
7011,2337,2,3,9800,5
7012,2338,40,2,970,10
7013,2338,53,3,7100,10
7014,2338,9,4,870,10
7015,2339,47,3,11200,3
7016,2339,60,4,2200,3
7017,2339,16,1,7350,3
7018,2340,54,4,8600,8
7019,2340,7,1,18400,8
7020,2340,23,2,3600,8
7021,2341,1,1,1495,1
7022,2341,14,2,5100,1
7023,2341,30,3,2400,1
7024,2342,8,2,7600,6
7025,2342,21,3,540,6
7026,2342,37,4,2600,6
7027,2343,15,3,6200,11
7028,2343,28,4,17400,11
7029,2343,44,1,5250,11
7030,2344,22,4,8800,4
7031,2344,35,1,2100,4
7032,2344,51,2,1320,4
7033,2345,29,1,48,9
7034,2345,42,2,3900,9
7035,2345,58,3,3900,9
7036,2346,36,2,4500,2
7037,2346,49,3,2950,2
7038,2346,5,4,12600,2
7039,2347,43,3,1280,7
7040,2347,56,4,6800,7
7041,2347,12,1,4100,7
7042,2348,50,4,5150,12
7043,2348,3,1,420,12
7044,2348,19,2,4100,12
7045,2349,57,1,3400,5
7046,2349,10,2,540,5
7047,2349,26,3,760,5
7048,2350,4,2,3800,10
7049,2350,17,3,180,10
7050,2350,33,4,7850,10
7051,2351,11,3,3200,3
7052,2351,24,4,4900,3
7053,2351,40,1,970,3
7054,2352,18,4,2950,8
7055,2352,31,1,1900,8
7056,2352,47,2,11200,8
7057,2353,25,1,1250,1
7058,2353,38,2,3100,1
7059,2353,54,3,8600,1
7060,2354,32,2,3350,6
7061,2354,45,3,4300,6
7062,2354,1,4,1495,6
7063,2355,39,3,2300,11
7064,2355,52,4,4750,11
7065,2355,8,1,7600,11
7066,2356,46,4,880,4
7067,2356,59,1,9300,4
7068,2356,15,2,6200,4
7069,2357,53,1,7100,9
7070,2357,6,2,22500,9
7071,2357,22,3,8800,9
7072,2358,60,2,2200,2
7073,2358,13,3,2750,2
7074,2358,29,4,48,2
7075,2359,7,3,18400,7
7076,2359,20,4,690,7
7077,2359,36,1,4500,7
7078,2360,14,4,5100,12
7079,2360,27,1,14800,12
7080,2360,43,2,1280,12
7081,2361,21,1,540,5
7082,2361,34,2,9400,5
7083,2361,50,3,5150,5
7084,2362,28,2,17400,10
7085,2362,41,3,6200,10
7086,2362,57,4,3400,10
7087,2363,35,3,2100,3
7088,2363,48,4,3700,3
7089,2363,4,1,3800,3
7090,2364,42,4,3900,8
7091,2364,55,1,2600,8
7092,2364,11,2,3200,8
7093,2365,49,1,2950,1
7094,2365,2,2,9800,1
7095,2365,18,3,2950,1
7096,2366,56,2,6800,6
7097,2366,9,3,870,6
7098,2366,25,4,1250,6
7099,2367,3,3,420,11
7100,2367,16,4,7350,11
7101,2367,32,1,3350,11
7102,2368,10,4,540,4
7103,2368,23,1,3600,4
7104,2368,39,2,2300,4
7105,2369,17,1,180,9
7106,2369,30,2,2400,9
7107,2369,46,3,880,9
7108,2370,24,2,4900,2
7109,2370,37,3,2600,2
7110,2370,53,4,7100,2
7111,2371,31,3,1900,7
7112,2371,44,4,5250,7
7113,2371,60,1,2200,7
7114,2372,38,4,3100,12
7115,2372,51,1,1320,12
7116,2372,7,2,18400,12
7117,2373,45,1,4300,5
7118,2373,58,2,3900,5
7119,2373,14,3,5100,5
7120,2374,52,2,4750,10
7121,2374,5,3,12600,10
7122,2374,21,4,540,10
7123,2375,59,3,9300,3
7124,2375,12,4,4100,3
7125,2375,28,1,17400,3
7126,2376,6,4,22500,8
7127,2376,19,1,4100,8
7128,2376,35,2,2100,8
7129,2377,13,1,2750,1
7130,2377,26,2,760,1
7131,2377,42,3,3900,1
7132,2378,20,2,690,6
7133,2378,33,3,7850,6
7134,2378,49,4,2950,6
7135,2379,27,3,14800,11
7136,2379,40,4,970,11
7137,2379,56,1,6800,11
7138,2380,34,4,9400,4
7139,2380,47,1,11200,4
7140,2380,3,2,420,4
7141,2381,41,1,6200,9
7142,2381,54,2,8600,9
7143,2381,10,3,540,9
7144,2382,48,2,3700,2
7145,2382,1,3,1495,2
7146,2382,17,4,180,2
7147,2383,55,3,2600,7
7148,2383,8,4,7600,7
7149,2383,24,1,4900,7
7150,2384,2,4,9800,12
7151,2384,15,1,6200,12
7152,2384,31,2,1900,12
7153,2385,9,1,870,5
7154,2385,22,2,8800,5
7155,2385,38,3,3100,5
7156,2386,16,2,7350,10
7157,2386,29,3,48,10
7158,2386,45,4,4300,10
7159,2387,23,3,3600,3
7160,2387,36,4,4500,3
7161,2387,52,1,4750,3
7162,2388,30,4,2400,8
7163,2388,43,1,1280,8
7164,2388,59,2,9300,8
7165,2389,37,1,2600,1
7166,2389,50,2,5150,1
7167,2389,6,3,22500,1
7168,2390,44,2,5250,6
7169,2390,57,3,3400,6
7170,2390,13,4,2750,6
7171,2391,51,3,1320,11
7172,2391,4,4,3800,11
7173,2391,20,1,690,11
7174,2392,58,4,3900,4
7175,2392,11,1,3200,4
7176,2392,27,2,14800,4
7177,2393,5,1,12600,9
7178,2393,18,2,2950,9
7179,2393,34,3,9400,9
7180,2394,12,2,4100,2
7181,2394,25,3,1250,2
7182,2394,41,4,6200,2
7183,2395,19,3,4100,7
7184,2395,32,4,3350,7
7185,2395,48,1,3700,7
7186,2396,26,4,760,12
7187,2396,39,1,2300,12
7188,2396,55,2,2600,12
7189,2397,33,1,7850,5
7190,2397,46,2,880,5
7191,2397,2,3,9800,5
7192,2398,40,2,970,10
7193,2398,53,3,7100,10
7194,2398,9,4,870,10
7195,2399,47,3,11200,3
7196,2399,60,4,2200,3
7197,2399,16,1,7350,3
7198,2400,54,4,8600,8
7199,2400,7,1,18400,8
7200,2400,23,2,3600,8
7201,2401,1,1,1495,1
7202,2401,14,2,5100,1
7203,2401,30,3,2400,1
7204,2402,8,2,7600,6
7205,2402,21,3,540,6
7206,2402,37,4,2600,6
7207,2403,15,3,6200,11
7208,2403,28,4,17400,11
7209,2403,44,1,5250,11
7210,2404,22,4,8800,4
7211,2404,35,1,2100,4
7212,2404,51,2,1320,4
7213,2405,29,1,48,9
7214,2405,42,2,3900,9
7215,2405,58,3,3900,9
7216,2406,36,2,4500,2
7217,2406,49,3,2950,2
7218,2406,5,4,12600,2
7219,2407,43,3,1280,7
7220,2407,56,4,6800,7
7221,2407,12,1,4100,7
7222,2408,50,4,5150,12
7223,2408,3,1,420,12
7224,2408,19,2,4100,12
7225,2409,57,1,3400,5
7226,2409,10,2,540,5
7227,2409,26,3,760,5
7228,2410,4,2,3800,10
7229,2410,17,3,180,10
7230,2410,33,4,7850,10
7231,2411,11,3,3200,3
7232,2411,24,4,4900,3
7233,2411,40,1,970,3
7234,2412,18,4,2950,8
7235,2412,31,1,1900,8
7236,2412,47,2,11200,8
7237,2413,25,1,1250,1
7238,2413,38,2,3100,1
7239,2413,54,3,8600,1
7240,2414,32,2,3350,6
7241,2414,45,3,4300,6
7242,2414,1,4,1495,6
7243,2415,39,3,2300,11
7244,2415,52,4,4750,11
7245,2415,8,1,7600,11
7246,2416,46,4,880,4
7247,2416,59,1,9300,4
7248,2416,15,2,6200,4
7249,2417,53,1,7100,9
7250,2417,6,2,22500,9
7251,2417,22,3,8800,9
7252,2418,60,2,2200,2
7253,2418,13,3,2750,2
7254,2418,29,4,48,2
7255,2419,7,3,18400,7
7256,2419,20,4,690,7
7257,2419,36,1,4500,7
7258,2420,14,4,5100,12
7259,2420,27,1,14800,12
7260,2420,43,2,1280,12
7261,2421,21,1,540,5
7262,2421,34,2,9400,5
7263,2421,50,3,5150,5
7264,2422,28,2,17400,10
7265,2422,41,3,6200,10
7266,2422,57,4,3400,10
7267,2423,35,3,2100,3
7268,2423,48,4,3700,3
7269,2423,4,1,3800,3
7270,2424,42,4,3900,8
7271,2424,55,1,2600,8
7272,2424,11,2,3200,8
7273,2425,49,1,2950,1
7274,2425,2,2,9800,1
7275,2425,18,3,2950,1
7276,2426,56,2,6800,6
7277,2426,9,3,870,6
7278,2426,25,4,1250,6
7279,2427,3,3,420,11
7280,2427,16,4,7350,11
7281,2427,32,1,3350,11
7282,2428,10,4,540,4
7283,2428,23,1,3600,4
7284,2428,39,2,2300,4
7285,2429,17,1,180,9
7286,2429,30,2,2400,9
7287,2429,46,3,880,9
7288,2430,24,2,4900,2
7289,2430,37,3,2600,2
7290,2430,53,4,7100,2
7291,2431,31,3,1900,7
7292,2431,44,4,5250,7
7293,2431,60,1,2200,7
7294,2432,38,4,3100,12
7295,2432,51,1,1320,12
7296,2432,7,2,18400,12
7297,2433,45,1,4300,5
7298,2433,58,2,3900,5
7299,2433,14,3,5100,5
7300,2434,52,2,4750,10
7301,2434,5,3,12600,10
7302,2434,21,4,540,10
7303,2435,59,3,9300,3
7304,2435,12,4,4100,3
7305,2435,28,1,17400,3
7306,2436,6,4,22500,8
7307,2436,19,1,4100,8
7308,2436,35,2,2100,8
7309,2437,13,1,2750,1
7310,2437,26,2,760,1
7311,2437,42,3,3900,1
7312,2438,20,2,690,6
7313,2438,33,3,7850,6
7314,2438,49,4,2950,6
7315,2439,27,3,14800,11
7316,2439,40,4,970,11
7317,2439,56,1,6800,11
7318,2440,34,4,9400,4
7319,2440,47,1,11200,4
7320,2440,3,2,420,4
7321,2441,41,1,6200,9
7322,2441,54,2,8600,9
7323,2441,10,3,540,9
7324,2442,48,2,3700,2
7325,2442,1,3,1495,2
7326,2442,17,4,180,2
7327,2443,55,3,2600,7
7328,2443,8,4,7600,7
7329,2443,24,1,4900,7
7330,2444,2,4,9800,12
7331,2444,15,1,6200,12
7332,2444,31,2,1900,12
7333,2445,9,1,870,5
7334,2445,22,2,8800,5
7335,2445,38,3,3100,5
7336,2446,16,2,7350,10
7337,2446,29,3,48,10
7338,2446,45,4,4300,10
7339,2447,23,3,3600,3
7340,2447,36,4,4500,3
7341,2447,52,1,4750,3
7342,2448,30,4,2400,8
7343,2448,43,1,1280,8
7344,2448,59,2,9300,8
7345,2449,37,1,2600,1
7346,2449,50,2,5150,1
7347,2449,6,3,22500,1
7348,2450,44,2,5250,6
7349,2450,57,3,3400,6
7350,2450,13,4,2750,6
7351,2451,51,3,1320,11
7352,2451,4,4,3800,11
7353,2451,20,1,690,11
7354,2452,58,4,3900,4
7355,2452,11,1,3200,4
7356,2452,27,2,14800,4
7357,2453,5,1,12600,9
7358,2453,18,2,2950,9
7359,2453,34,3,9400,9
7360,2454,12,2,4100,2
7361,2454,25,3,1250,2
7362,2454,41,4,6200,2
7363,2455,19,3,4100,7
7364,2455,32,4,3350,7
7365,2455,48,1,3700,7
7366,2456,26,4,760,12
7367,2456,39,1,2300,12
7368,2456,55,2,2600,12
7369,2457,33,1,7850,5
7370,2457,46,2,880,5
7371,2457,2,3,9800,5
7372,2458,40,2,970,10
7373,2458,53,3,7100,10
7374,2458,9,4,870,10
7375,2459,47,3,11200,3
7376,2459,60,4,2200,3
7377,2459,16,1,7350,3
7378,2460,54,4,8600,8
7379,2460,7,1,18400,8
7380,2460,23,2,3600,8
7381,2461,1,1,1495,1
7382,2461,14,2,5100,1
7383,2461,30,3,2400,1
7384,2462,8,2,7600,6
7385,2462,21,3,540,6
7386,2462,37,4,2600,6
7387,2463,15,3,6200,11
7388,2463,28,4,17400,11
7389,2463,44,1,5250,11
7390,2464,22,4,8800,4
7391,2464,35,1,2100,4
7392,2464,51,2,1320,4
7393,2465,29,1,48,9
7394,2465,42,2,3900,9
7395,2465,58,3,3900,9
7396,2466,36,2,4500,2
7397,2466,49,3,2950,2
7398,2466,5,4,12600,2
7399,2467,43,3,1280,7
7400,2467,56,4,6800,7
7401,2467,12,1,4100,7
7402,2468,50,4,5150,12
7403,2468,3,1,420,12
7404,2468,19,2,4100,12
7405,2469,57,1,3400,5
7406,2469,10,2,540,5
7407,2469,26,3,760,5
7408,2470,4,2,3800,10
7409,2470,17,3,180,10
7410,2470,33,4,7850,10
7411,2471,11,3,3200,3
7412,2471,24,4,4900,3
7413,2471,40,1,970,3
7414,2472,18,4,2950,8
7415,2472,31,1,1900,8
7416,2472,47,2,11200,8
7417,2473,25,1,1250,1
7418,2473,38,2,3100,1
7419,2473,54,3,8600,1
7420,2474,32,2,3350,6
7421,2474,45,3,4300,6
7422,2474,1,4,1495,6
7423,2475,39,3,2300,11
7424,2475,52,4,4750,11
7425,2475,8,1,7600,11
7426,2476,46,4,880,4
7427,2476,59,1,9300,4
7428,2476,15,2,6200,4
7429,2477,53,1,7100,9
7430,2477,6,2,22500,9
7431,2477,22,3,8800,9
7432,2478,60,2,2200,2
7433,2478,13,3,2750,2
7434,2478,29,4,48,2
7435,2479,7,3,18400,7
7436,2479,20,4,690,7
7437,2479,36,1,4500,7
7438,2480,14,4,5100,12
7439,2480,27,1,14800,12
7440,2480,43,2,1280,12
7441,2481,21,1,540,5
7442,2481,34,2,9400,5
7443,2481,50,3,5150,5
7444,2482,28,2,17400,10
7445,2482,41,3,6200,10
7446,2482,57,4,3400,10
7447,2483,35,3,2100,3
7448,2483,48,4,3700,3
7449,2483,4,1,3800,3
7450,2484,42,4,3900,8
7451,2484,55,1,2600,8
7452,2484,11,2,3200,8
7453,2485,49,1,2950,1
7454,2485,2,2,9800,1
7455,2485,18,3,2950,1
7456,2486,56,2,6800,6
7457,2486,9,3,870,6
7458,2486,25,4,1250,6
7459,2487,3,3,420,11
7460,2487,16,4,7350,11
7461,2487,32,1,3350,11
7462,2488,10,4,540,4
7463,2488,23,1,3600,4
7464,2488,39,2,2300,4
7465,2489,17,1,180,9
7466,2489,30,2,2400,9
7467,2489,46,3,880,9
7468,2490,24,2,4900,2
7469,2490,37,3,2600,2
7470,2490,53,4,7100,2
7471,2491,31,3,1900,7
7472,2491,44,4,5250,7
7473,2491,60,1,2200,7
7474,2492,38,4,3100,12
7475,2492,51,1,1320,12
7476,2492,7,2,18400,12
7477,2493,45,1,4300,5
7478,2493,58,2,3900,5
7479,2493,14,3,5100,5
7480,2494,52,2,4750,10
7481,2494,5,3,12600,10
7482,2494,21,4,540,10
7483,2495,59,3,9300,3
7484,2495,12,4,4100,3
7485,2495,28,1,17400,3
7486,2496,6,4,22500,8
7487,2496,19,1,4100,8
7488,2496,35,2,2100,8
7489,2497,13,1,2750,1
7490,2497,26,2,760,1
7491,2497,42,3,3900,1
7492,2498,20,2,690,6
7493,2498,33,3,7850,6
7494,2498,49,4,2950,6
7495,2499,27,3,14800,11
7496,2499,40,4,970,11
7497,2499,56,1,6800,11
7498,2500,34,4,9400,4
7499,2500,47,1,11200,4
7500,2500,3,2,420,4
7501,2501,41,1,6200,9
7502,2501,54,2,8600,9
7503,2501,10,3,540,9
7504,2502,48,2,3700,2
7505,2502,1,3,1495,2
7506,2502,17,4,180,2
7507,2503,55,3,2600,7
7508,2503,8,4,7600,7
7509,2503,24,1,4900,7
7510,2504,2,4,9800,12
7511,2504,15,1,6200,12
7512,2504,31,2,1900,12
7513,2505,9,1,870,5
7514,2505,22,2,8800,5
7515,2505,38,3,3100,5
7516,2506,16,2,7350,10
7517,2506,29,3,48,10
7518,2506,45,4,4300,10
7519,2507,23,3,3600,3
7520,2507,36,4,4500,3
7521,2507,52,1,4750,3
7522,2508,30,4,2400,8
7523,2508,43,1,1280,8
7524,2508,59,2,9300,8
7525,2509,37,1,2600,1
7526,2509,50,2,5150,1
7527,2509,6,3,22500,1
7528,2510,44,2,5250,6
7529,2510,57,3,3400,6
7530,2510,13,4,2750,6
7531,2511,51,3,1320,11
7532,2511,4,4,3800,11
7533,2511,20,1,690,11
7534,2512,58,4,3900,4
7535,2512,11,1,3200,4
7536,2512,27,2,14800,4
7537,2513,5,1,12600,9
7538,2513,18,2,2950,9
7539,2513,34,3,9400,9
7540,2514,12,2,4100,2
7541,2514,25,3,1250,2
7542,2514,41,4,6200,2
7543,2515,19,3,4100,7
7544,2515,32,4,3350,7
7545,2515,48,1,3700,7
7546,2516,26,4,760,12
7547,2516,39,1,2300,12
7548,2516,55,2,2600,12
7549,2517,33,1,7850,5
7550,2517,46,2,880,5
7551,2517,2,3,9800,5
7552,2518,40,2,970,10
7553,2518,53,3,7100,10
7554,2518,9,4,870,10
7555,2519,47,3,11200,3
7556,2519,60,4,2200,3
7557,2519,16,1,7350,3
7558,2520,54,4,8600,8
7559,2520,7,1,18400,8
7560,2520,23,2,3600,8
7561,2521,1,1,1495,1
7562,2521,14,2,5100,1
7563,2521,30,3,2400,1
7564,2522,8,2,7600,6
7565,2522,21,3,540,6
7566,2522,37,4,2600,6
7567,2523,15,3,6200,11
7568,2523,28,4,17400,11
7569,2523,44,1,5250,11
7570,2524,22,4,8800,4
7571,2524,35,1,2100,4
7572,2524,51,2,1320,4
7573,2525,29,1,48,9
7574,2525,42,2,3900,9
7575,2525,58,3,3900,9
7576,2526,36,2,4500,2
7577,2526,49,3,2950,2
7578,2526,5,4,12600,2
7579,2527,43,3,1280,7
7580,2527,56,4,6800,7
7581,2527,12,1,4100,7
7582,2528,50,4,5150,12
7583,2528,3,1,420,12
7584,2528,19,2,4100,12
7585,2529,57,1,3400,5
7586,2529,10,2,540,5
7587,2529,26,3,760,5
7588,2530,4,2,3800,10
7589,2530,17,3,180,10
7590,2530,33,4,7850,10
7591,2531,11,3,3200,3
7592,2531,24,4,4900,3
7593,2531,40,1,970,3
7594,2532,18,4,2950,8
7595,2532,31,1,1900,8
7596,2532,47,2,11200,8
7597,2533,25,1,1250,1
7598,2533,38,2,3100,1
7599,2533,54,3,8600,1
7600,2534,32,2,3350,6
7601,2534,45,3,4300,6
7602,2534,1,4,1495,6
7603,2535,39,3,2300,11
7604,2535,52,4,4750,11
7605,2535,8,1,7600,11
7606,2536,46,4,880,4
7607,2536,59,1,9300,4
7608,2536,15,2,6200,4
7609,2537,53,1,7100,9
7610,2537,6,2,22500,9
7611,2537,22,3,8800,9
7612,2538,60,2,2200,2
7613,2538,13,3,2750,2
7614,2538,29,4,48,2
7615,2539,7,3,18400,7
7616,2539,20,4,690,7
7617,2539,36,1,4500,7
7618,2540,14,4,5100,12
7619,2540,27,1,14800,12
7620,2540,43,2,1280,12
7621,2541,21,1,540,5
7622,2541,34,2,9400,5
7623,2541,50,3,5150,5
7624,2542,28,2,17400,10
7625,2542,41,3,6200,10
7626,2542,57,4,3400,10
7627,2543,35,3,2100,3
7628,2543,48,4,3700,3
7629,2543,4,1,3800,3
7630,2544,42,4,3900,8
7631,2544,55,1,2600,8
7632,2544,11,2,3200,8
7633,2545,49,1,2950,1
7634,2545,2,2,9800,1
7635,2545,18,3,2950,1
7636,2546,56,2,6800,6
7637,2546,9,3,870,6
7638,2546,25,4,1250,6
7639,2547,3,3,420,11
7640,2547,16,4,7350,11
7641,2547,32,1,3350,11
7642,2548,10,4,540,4
7643,2548,23,1,3600,4
7644,2548,39,2,2300,4
7645,2549,17,1,180,9
7646,2549,30,2,2400,9
7647,2549,46,3,880,9
7648,2550,24,2,4900,2
7649,2550,37,3,2600,2
7650,2550,53,4,7100,2
7651,2551,31,3,1900,7
7652,2551,44,4,5250,7
7653,2551,60,1,2200,7
7654,2552,38,4,3100,12
7655,2552,51,1,1320,12
7656,2552,7,2,18400,12
7657,2553,45,1,4300,5
7658,2553,58,2,3900,5
7659,2553,14,3,5100,5
7660,2554,52,2,4750,10
7661,2554,5,3,12600,10
7662,2554,21,4,540,10
7663,2555,59,3,9300,3
7664,2555,12,4,4100,3
7665,2555,28,1,17400,3
7666,2556,6,4,22500,8
7667,2556,19,1,4100,8
7668,2556,35,2,2100,8
7669,2557,13,1,2750,1
7670,2557,26,2,760,1
7671,2557,42,3,3900,1
7672,2558,20,2,690,6
7673,2558,33,3,7850,6
7674,2558,49,4,2950,6
7675,2559,27,3,14800,11
7676,2559,40,4,970,11
7677,2559,56,1,6800,11
7678,2560,34,4,9400,4
7679,2560,47,1,11200,4
7680,2560,3,2,420,4
7681,2561,41,1,6200,9
7682,2561,54,2,8600,9
7683,2561,10,3,540,9
7684,2562,48,2,3700,2
7685,2562,1,3,1495,2
7686,2562,17,4,180,2
7687,2563,55,3,2600,7
7688,2563,8,4,7600,7
7689,2563,24,1,4900,7
7690,2564,2,4,9800,12
7691,2564,15,1,6200,12
7692,2564,31,2,1900,12
7693,2565,9,1,870,5
7694,2565,22,2,8800,5
7695,2565,38,3,3100,5
7696,2566,16,2,7350,10
7697,2566,29,3,48,10
7698,2566,45,4,4300,10
7699,2567,23,3,3600,3
7700,2567,36,4,4500,3
7701,2567,52,1,4750,3
7702,2568,30,4,2400,8
7703,2568,43,1,1280,8
7704,2568,59,2,9300,8
7705,2569,37,1,2600,1
7706,2569,50,2,5150,1
7707,2569,6,3,22500,1
7708,2570,44,2,5250,6
7709,2570,57,3,3400,6
7710,2570,13,4,2750,6
7711,2571,51,3,1320,11
7712,2571,4,4,3800,11
7713,2571,20,1,690,11
7714,2572,58,4,3900,4
7715,2572,11,1,3200,4
7716,2572,27,2,14800,4
7717,2573,5,1,12600,9
7718,2573,18,2,2950,9
7719,2573,34,3,9400,9
7720,2574,12,2,4100,2
7721,2574,25,3,1250,2
7722,2574,41,4,6200,2
7723,2575,19,3,4100,7
7724,2575,32,4,3350,7
7725,2575,48,1,3700,7
7726,2576,26,4,760,12
7727,2576,39,1,2300,12
7728,2576,55,2,2600,12
7729,2577,33,1,7850,5
7730,2577,46,2,880,5
7731,2577,2,3,9800,5
7732,2578,40,2,970,10
7733,2578,53,3,7100,10
7734,2578,9,4,870,10
7735,2579,47,3,11200,3
7736,2579,60,4,2200,3
7737,2579,16,1,7350,3
7738,2580,54,4,8600,8
7739,2580,7,1,18400,8
7740,2580,23,2,3600,8
7741,2581,1,1,1495,1
7742,2581,14,2,5100,1
7743,2581,30,3,2400,1
7744,2582,8,2,7600,6
7745,2582,21,3,540,6
7746,2582,37,4,2600,6
7747,2583,15,3,6200,11
7748,2583,28,4,17400,11
7749,2583,44,1,5250,11
7750,2584,22,4,8800,4
7751,2584,35,1,2100,4
7752,2584,51,2,1320,4
7753,2585,29,1,48,9
7754,2585,42,2,3900,9
7755,2585,58,3,3900,9
7756,2586,36,2,4500,2
7757,2586,49,3,2950,2
7758,2586,5,4,12600,2
7759,2587,43,3,1280,7
7760,2587,56,4,6800,7
7761,2587,12,1,4100,7
7762,2588,50,4,5150,12
7763,2588,3,1,420,12
7764,2588,19,2,4100,12
7765,2589,57,1,3400,5
7766,2589,10,2,540,5
7767,2589,26,3,760,5
7768,2590,4,2,3800,10
7769,2590,17,3,180,10
7770,2590,33,4,7850,10
7771,2591,11,3,3200,3
7772,2591,24,4,4900,3
7773,2591,40,1,970,3
7774,2592,18,4,2950,8
7775,2592,31,1,1900,8
7776,2592,47,2,11200,8
7777,2593,25,1,1250,1
7778,2593,38,2,3100,1
7779,2593,54,3,8600,1
7780,2594,32,2,3350,6
7781,2594,45,3,4300,6
7782,2594,1,4,1495,6
7783,2595,39,3,2300,11
7784,2595,52,4,4750,11
7785,2595,8,1,7600,11
7786,2596,46,4,880,4
7787,2596,59,1,9300,4
7788,2596,15,2,6200,4
7789,2597,53,1,7100,9
7790,2597,6,2,22500,9
7791,2597,22,3,8800,9
7792,2598,60,2,2200,2
7793,2598,13,3,2750,2
7794,2598,29,4,48,2
7795,2599,7,3,18400,7
7796,2599,20,4,690,7
7797,2599,36,1,4500,7
7798,2600,14,4,5100,12
7799,2600,27,1,14800,12
7800,2600,43,2,1280,12
7801,2601,21,1,540,5
7802,2601,34,2,9400,5
7803,2601,50,3,5150,5
7804,2602,28,2,17400,10
7805,2602,41,3,6200,10
7806,2602,57,4,3400,10
7807,2603,35,3,2100,3
7808,2603,48,4,3700,3
7809,2603,4,1,3800,3
7810,2604,42,4,3900,8
7811,2604,55,1,2600,8
7812,2604,11,2,3200,8
7813,2605,49,1,2950,1
7814,2605,2,2,9800,1
7815,2605,18,3,2950,1
7816,2606,56,2,6800,6
7817,2606,9,3,870,6
7818,2606,25,4,1250,6
7819,2607,3,3,420,11
7820,2607,16,4,7350,11
7821,2607,32,1,3350,11
7822,2608,10,4,540,4
7823,2608,23,1,3600,4
7824,2608,39,2,2300,4
7825,2609,17,1,180,9
7826,2609,30,2,2400,9
7827,2609,46,3,880,9
7828,2610,24,2,4900,2
7829,2610,37,3,2600,2
7830,2610,53,4,7100,2
7831,2611,31,3,1900,7
7832,2611,44,4,5250,7
7833,2611,60,1,2200,7
7834,2612,38,4,3100,12
7835,2612,51,1,1320,12
7836,2612,7,2,18400,12
7837,2613,45,1,4300,5
7838,2613,58,2,3900,5
7839,2613,14,3,5100,5
7840,2614,52,2,4750,10
7841,2614,5,3,12600,10
7842,2614,21,4,540,10
7843,2615,59,3,9300,3
7844,2615,12,4,4100,3
7845,2615,28,1,17400,3
7846,2616,6,4,22500,8
7847,2616,19,1,4100,8
7848,2616,35,2,2100,8
7849,2617,13,1,2750,1
7850,2617,26,2,760,1
7851,2617,42,3,3900,1
7852,2618,20,2,690,6
7853,2618,33,3,7850,6
7854,2618,49,4,2950,6
7855,2619,27,3,14800,11
7856,2619,40,4,970,11
7857,2619,56,1,6800,11
7858,2620,34,4,9400,4
7859,2620,47,1,11200,4
7860,2620,3,2,420,4
7861,2621,41,1,6200,9
7862,2621,54,2,8600,9
7863,2621,10,3,540,9
7864,2622,48,2,3700,2
7865,2622,1,3,1495,2
7866,2622,17,4,180,2
7867,2623,55,3,2600,7
7868,2623,8,4,7600,7
7869,2623,24,1,4900,7
7870,2624,2,4,9800,12
7871,2624,15,1,6200,12
7872,2624,31,2,1900,12
7873,2625,9,1,870,5
7874,2625,22,2,8800,5
7875,2625,38,3,3100,5
7876,2626,16,2,7350,10
7877,2626,29,3,48,10
7878,2626,45,4,4300,10
7879,2627,23,3,3600,3
7880,2627,36,4,4500,3
7881,2627,52,1,4750,3
7882,2628,30,4,2400,8
7883,2628,43,1,1280,8
7884,2628,59,2,9300,8
7885,2629,37,1,2600,1
7886,2629,50,2,5150,1
7887,2629,6,3,22500,1
7888,2630,44,2,5250,6
7889,2630,57,3,3400,6
7890,2630,13,4,2750,6
7891,2631,51,3,1320,11
7892,2631,4,4,3800,11
7893,2631,20,1,690,11
7894,2632,58,4,3900,4
7895,2632,11,1,3200,4
7896,2632,27,2,14800,4
7897,2633,5,1,12600,9
7898,2633,18,2,2950,9
7899,2633,34,3,9400,9
7900,2634,12,2,4100,2
7901,2634,25,3,1250,2
7902,2634,41,4,6200,2
7903,2635,19,3,4100,7
7904,2635,32,4,3350,7
7905,2635,48,1,3700,7
7906,2636,26,4,760,12
7907,2636,39,1,2300,12
7908,2636,55,2,2600,12
7909,2637,33,1,7850,5
7910,2637,46,2,880,5
7911,2637,2,3,9800,5
7912,2638,40,2,970,10
7913,2638,53,3,7100,10
7914,2638,9,4,870,10
7915,2639,47,3,11200,3
7916,2639,60,4,2200,3
7917,2639,16,1,7350,3
7918,2640,54,4,8600,8
7919,2640,7,1,18400,8
7920,2640,23,2,3600,8
7921,2641,1,1,1495,1
7922,2641,14,2,5100,1
7923,2641,30,3,2400,1
7924,2642,8,2,7600,6
7925,2642,21,3,540,6
7926,2642,37,4,2600,6
7927,2643,15,3,6200,11
7928,2643,28,4,17400,11
7929,2643,44,1,5250,11
7930,2644,22,4,8800,4
7931,2644,35,1,2100,4
7932,2644,51,2,1320,4
7933,2645,29,1,48,9
7934,2645,42,2,3900,9
7935,2645,58,3,3900,9
7936,2646,36,2,4500,2
7937,2646,49,3,2950,2
7938,2646,5,4,12600,2
7939,2647,43,3,1280,7
7940,2647,56,4,6800,7
7941,2647,12,1,4100,7
7942,2648,50,4,5150,12
7943,2648,3,1,420,12
7944,2648,19,2,4100,12
7945,2649,57,1,3400,5
7946,2649,10,2,540,5
7947,2649,26,3,760,5
7948,2650,4,2,3800,10
7949,2650,17,3,180,10
7950,2650,33,4,7850,10
7951,2651,11,3,3200,3
7952,2651,24,4,4900,3
7953,2651,40,1,970,3
7954,2652,18,4,2950,8
7955,2652,31,1,1900,8
7956,2652,47,2,11200,8
7957,2653,25,1,1250,1
7958,2653,38,2,3100,1
7959,2653,54,3,8600,1
7960,2654,32,2,3350,6
7961,2654,45,3,4300,6
7962,2654,1,4,1495,6
7963,2655,39,3,2300,11
7964,2655,52,4,4750,11
7965,2655,8,1,7600,11
7966,2656,46,4,880,4
7967,2656,59,1,9300,4
7968,2656,15,2,6200,4
7969,2657,53,1,7100,9
7970,2657,6,2,22500,9
7971,2657,22,3,8800,9
7972,2658,60,2,2200,2
7973,2658,13,3,2750,2
7974,2658,29,4,48,2
7975,2659,7,3,18400,7
7976,2659,20,4,690,7
7977,2659,36,1,4500,7
7978,2660,14,4,5100,12
7979,2660,27,1,14800,12
7980,2660,43,2,1280,12
7981,2661,21,1,540,5
7982,2661,34,2,9400,5
7983,2661,50,3,5150,5
7984,2662,28,2,17400,10
7985,2662,41,3,6200,10
7986,2662,57,4,3400,10
7987,2663,35,3,2100,3
7988,2663,48,4,3700,3
7989,2663,4,1,3800,3
7990,2664,42,4,3900,8
7991,2664,55,1,2600,8
7992,2664,11,2,3200,8
7993,2665,49,1,2950,1
7994,2665,2,2,9800,1
7995,2665,18,3,2950,1
7996,2666,56,2,6800,6
7997,2666,9,3,870,6
7998,2666,25,4,1250,6
7999,2667,3,3,420,11
8000,2667,16,4,7350,11
8001,2667,32,1,3350,11
8002,2668,10,4,540,4
8003,2668,23,1,3600,4
8004,2668,39,2,2300,4
8005,2669,17,1,180,9
8006,2669,30,2,2400,9
8007,2669,46,3,880,9
8008,2670,24,2,4900,2
8009,2670,37,3,2600,2
8010,2670,53,4,7100,2
8011,2671,31,3,1900,7
8012,2671,44,4,5250,7
8013,2671,60,1,2200,7
8014,2672,38,4,3100,12
8015,2672,51,1,1320,12
8016,2672,7,2,18400,12
8017,2673,45,1,4300,5
8018,2673,58,2,3900,5
8019,2673,14,3,5100,5
8020,2674,52,2,4750,10
8021,2674,5,3,12600,10
8022,2674,21,4,540,10
8023,2675,59,3,9300,3
8024,2675,12,4,4100,3
8025,2675,28,1,17400,3
8026,2676,6,4,22500,8
8027,2676,19,1,4100,8
8028,2676,35,2,2100,8
8029,2677,13,1,2750,1
8030,2677,26,2,760,1
8031,2677,42,3,3900,1
8032,2678,20,2,690,6
8033,2678,33,3,7850,6
8034,2678,49,4,2950,6
8035,2679,27,3,14800,11
8036,2679,40,4,970,11
8037,2679,56,1,6800,11
8038,2680,34,4,9400,4
8039,2680,47,1,11200,4
8040,2680,3,2,420,4
8041,2681,41,1,6200,9
8042,2681,54,2,8600,9
8043,2681,10,3,540,9
8044,2682,48,2,3700,2
8045,2682,1,3,1495,2
8046,2682,17,4,180,2
8047,2683,55,3,2600,7
8048,2683,8,4,7600,7
8049,2683,24,1,4900,7
8050,2684,2,4,9800,12
8051,2684,15,1,6200,12
8052,2684,31,2,1900,12
8053,2685,9,1,870,5
8054,2685,22,2,8800,5
8055,2685,38,3,3100,5
8056,2686,16,2,7350,10
8057,2686,29,3,48,10
8058,2686,45,4,4300,10
8059,2687,23,3,3600,3
8060,2687,36,4,4500,3
8061,2687,52,1,4750,3
8062,2688,30,4,2400,8
8063,2688,43,1,1280,8
8064,2688,59,2,9300,8
8065,2689,37,1,2600,1
8066,2689,50,2,5150,1
8067,2689,6,3,22500,1
8068,2690,44,2,5250,6
8069,2690,57,3,3400,6
8070,2690,13,4,2750,6
8071,2691,51,3,1320,11
8072,2691,4,4,3800,11
8073,2691,20,1,690,11
8074,2692,58,4,3900,4
8075,2692,11,1,3200,4
8076,2692,27,2,14800,4
8077,2693,5,1,12600,9
8078,2693,18,2,2950,9
8079,2693,34,3,9400,9
8080,2694,12,2,4100,2
8081,2694,25,3,1250,2
8082,2694,41,4,6200,2
8083,2695,19,3,4100,7
8084,2695,32,4,3350,7
8085,2695,48,1,3700,7
8086,2696,26,4,760,12
8087,2696,39,1,2300,12
8088,2696,55,2,2600,12
8089,2697,33,1,7850,5
8090,2697,46,2,880,5
8091,2697,2,3,9800,5
8092,2698,40,2,970,10
8093,2698,53,3,7100,10
8094,2698,9,4,870,10
8095,2699,47,3,11200,3
8096,2699,60,4,2200,3
8097,2699,16,1,7350,3
8098,2700,54,4,8600,8
8099,2700,7,1,18400,8
8100,2700,23,2,3600,8
8101,2701,1,1,1495,1
8102,2701,14,2,5100,1
8103,2701,30,3,2400,1
8104,2702,8,2,7600,6
8105,2702,21,3,540,6
8106,2702,37,4,2600,6
8107,2703,15,3,6200,11
8108,2703,28,4,17400,11
8109,2703,44,1,5250,11
8110,2704,22,4,8800,4
8111,2704,35,1,2100,4
8112,2704,51,2,1320,4
8113,2705,29,1,48,9
8114,2705,42,2,3900,9
8115,2705,58,3,3900,9
8116,2706,36,2,4500,2
8117,2706,49,3,2950,2
8118,2706,5,4,12600,2
8119,2707,43,3,1280,7
8120,2707,56,4,6800,7
8121,2707,12,1,4100,7
8122,2708,50,4,5150,12
8123,2708,3,1,420,12
8124,2708,19,2,4100,12
8125,2709,57,1,3400,5
8126,2709,10,2,540,5
8127,2709,26,3,760,5
8128,2710,4,2,3800,10
8129,2710,17,3,180,10
8130,2710,33,4,7850,10
8131,2711,11,3,3200,3
8132,2711,24,4,4900,3
8133,2711,40,1,970,3
8134,2712,18,4,2950,8
8135,2712,31,1,1900,8
8136,2712,47,2,11200,8
8137,2713,25,1,1250,1
8138,2713,38,2,3100,1
8139,2713,54,3,8600,1
8140,2714,32,2,3350,6
8141,2714,45,3,4300,6
8142,2714,1,4,1495,6
8143,2715,39,3,2300,11
8144,2715,52,4,4750,11
8145,2715,8,1,7600,11
8146,2716,46,4,880,4
8147,2716,59,1,9300,4
8148,2716,15,2,6200,4
8149,2717,53,1,7100,9
8150,2717,6,2,22500,9
8151,2717,22,3,8800,9
8152,2718,60,2,2200,2
8153,2718,13,3,2750,2
8154,2718,29,4,48,2
8155,2719,7,3,18400,7
8156,2719,20,4,690,7
8157,2719,36,1,4500,7
8158,2720,14,4,5100,12
8159,2720,27,1,14800,12
8160,2720,43,2,1280,12
8161,2721,21,1,540,5
8162,2721,34,2,9400,5
8163,2721,50,3,5150,5
8164,2722,28,2,17400,10
8165,2722,41,3,6200,10
8166,2722,57,4,3400,10
8167,2723,35,3,2100,3
8168,2723,48,4,3700,3
8169,2723,4,1,3800,3
8170,2724,42,4,3900,8
8171,2724,55,1,2600,8
8172,2724,11,2,3200,8
8173,2725,49,1,2950,1
8174,2725,2,2,9800,1
8175,2725,18,3,2950,1
8176,2726,56,2,6800,6
8177,2726,9,3,870,6
8178,2726,25,4,1250,6
8179,2727,3,3,420,11
8180,2727,16,4,7350,11
8181,2727,32,1,3350,11
8182,2728,10,4,540,4
8183,2728,23,1,3600,4
8184,2728,39,2,2300,4
8185,2729,17,1,180,9
8186,2729,30,2,2400,9
8187,2729,46,3,880,9
8188,2730,24,2,4900,2
8189,2730,37,3,2600,2
8190,2730,53,4,7100,2
8191,2731,31,3,1900,7
8192,2731,44,4,5250,7
8193,2731,60,1,2200,7
8194,2732,38,4,3100,12
8195,2732,51,1,1320,12
8196,2732,7,2,18400,12
8197,2733,45,1,4300,5
8198,2733,58,2,3900,5
8199,2733,14,3,5100,5
8200,2734,52,2,4750,10
8201,2734,5,3,12600,10
8202,2734,21,4,540,10
8203,2735,59,3,9300,3
8204,2735,12,4,4100,3
8205,2735,28,1,17400,3
8206,2736,6,4,22500,8
8207,2736,19,1,4100,8
8208,2736,35,2,2100,8
8209,2737,13,1,2750,1
8210,2737,26,2,760,1
8211,2737,42,3,3900,1
8212,2738,20,2,690,6
8213,2738,33,3,7850,6
8214,2738,49,4,2950,6
8215,2739,27,3,14800,11
8216,2739,40,4,970,11
8217,2739,56,1,6800,11
8218,2740,34,4,9400,4
8219,2740,47,1,11200,4
8220,2740,3,2,420,4
8221,2741,41,1,6200,9
8222,2741,54,2,8600,9
8223,2741,10,3,540,9
8224,2742,48,2,3700,2
8225,2742,1,3,1495,2
8226,2742,17,4,180,2
8227,2743,55,3,2600,7
8228,2743,8,4,7600,7
8229,2743,24,1,4900,7
8230,2744,2,4,9800,12
8231,2744,15,1,6200,12
8232,2744,31,2,1900,12
8233,2745,9,1,870,5
8234,2745,22,2,8800,5
8235,2745,38,3,3100,5
8236,2746,16,2,7350,10
8237,2746,29,3,48,10
8238,2746,45,4,4300,10
8239,2747,23,3,3600,3
8240,2747,36,4,4500,3
8241,2747,52,1,4750,3
8242,2748,30,4,2400,8
8243,2748,43,1,1280,8
8244,2748,59,2,9300,8
8245,2749,37,1,2600,1
8246,2749,50,2,5150,1
8247,2749,6,3,22500,1
8248,2750,44,2,5250,6
8249,2750,57,3,3400,6
8250,2750,13,4,2750,6
8251,2751,51,3,1320,11
8252,2751,4,4,3800,11
8253,2751,20,1,690,11
8254,2752,58,4,3900,4
8255,2752,11,1,3200,4
8256,2752,27,2,14800,4
8257,2753,5,1,12600,9
8258,2753,18,2,2950,9
8259,2753,34,3,9400,9
8260,2754,12,2,4100,2
8261,2754,25,3,1250,2
8262,2754,41,4,6200,2
8263,2755,19,3,4100,7
8264,2755,32,4,3350,7
8265,2755,48,1,3700,7
8266,2756,26,4,760,12
8267,2756,39,1,2300,12
8268,2756,55,2,2600,12
8269,2757,33,1,7850,5
8270,2757,46,2,880,5
8271,2757,2,3,9800,5
8272,2758,40,2,970,10
8273,2758,53,3,7100,10
8274,2758,9,4,870,10
8275,2759,47,3,11200,3
8276,2759,60,4,2200,3
8277,2759,16,1,7350,3
8278,2760,54,4,8600,8
8279,2760,7,1,18400,8
8280,2760,23,2,3600,8
8281,2761,1,1,1495,1
8282,2761,14,2,5100,1
8283,2761,30,3,2400,1
8284,2762,8,2,7600,6
8285,2762,21,3,540,6
8286,2762,37,4,2600,6
8287,2763,15,3,6200,11
8288,2763,28,4,17400,11
8289,2763,44,1,5250,11
8290,2764,22,4,8800,4
8291,2764,35,1,2100,4
8292,2764,51,2,1320,4
8293,2765,29,1,48,9
8294,2765,42,2,3900,9
8295,2765,58,3,3900,9
8296,2766,36,2,4500,2
8297,2766,49,3,2950,2
8298,2766,5,4,12600,2
8299,2767,43,3,1280,7
8300,2767,56,4,6800,7
8301,2767,12,1,4100,7
8302,2768,50,4,5150,12
8303,2768,3,1,420,12
8304,2768,19,2,4100,12
8305,2769,57,1,3400,5
8306,2769,10,2,540,5
8307,2769,26,3,760,5
8308,2770,4,2,3800,10
8309,2770,17,3,180,10
8310,2770,33,4,7850,10
8311,2771,11,3,3200,3
8312,2771,24,4,4900,3
8313,2771,40,1,970,3
8314,2772,18,4,2950,8
8315,2772,31,1,1900,8
8316,2772,47,2,11200,8
8317,2773,25,1,1250,1
8318,2773,38,2,3100,1
8319,2773,54,3,8600,1
8320,2774,32,2,3350,6
8321,2774,45,3,4300,6
8322,2774,1,4,1495,6
8323,2775,39,3,2300,11
8324,2775,52,4,4750,11
8325,2775,8,1,7600,11
8326,2776,46,4,880,4
8327,2776,59,1,9300,4
8328,2776,15,2,6200,4
8329,2777,53,1,7100,9
8330,2777,6,2,22500,9
8331,2777,22,3,8800,9
8332,2778,60,2,2200,2
8333,2778,13,3,2750,2
8334,2778,29,4,48,2
8335,2779,7,3,18400,7
8336,2779,20,4,690,7
8337,2779,36,1,4500,7
8338,2780,14,4,5100,12
8339,2780,27,1,14800,12
8340,2780,43,2,1280,12
8341,2781,21,1,540,5
8342,2781,34,2,9400,5
8343,2781,50,3,5150,5
8344,2782,28,2,17400,10
8345,2782,41,3,6200,10
8346,2782,57,4,3400,10
8347,2783,35,3,2100,3
8348,2783,48,4,3700,3
8349,2783,4,1,3800,3
8350,2784,42,4,3900,8
8351,2784,55,1,2600,8
8352,2784,11,2,3200,8
8353,2785,49,1,2950,1
8354,2785,2,2,9800,1
8355,2785,18,3,2950,1
8356,2786,56,2,6800,6
8357,2786,9,3,870,6
8358,2786,25,4,1250,6
8359,2787,3,3,420,11
8360,2787,16,4,7350,11
8361,2787,32,1,3350,11
8362,2788,10,4,540,4
8363,2788,23,1,3600,4
8364,2788,39,2,2300,4
8365,2789,17,1,180,9
8366,2789,30,2,2400,9
8367,2789,46,3,880,9
8368,2790,24,2,4900,2
8369,2790,37,3,2600,2
8370,2790,53,4,7100,2
8371,2791,31,3,1900,7
8372,2791,44,4,5250,7
8373,2791,60,1,2200,7
8374,2792,38,4,3100,12
8375,2792,51,1,1320,12
8376,2792,7,2,18400,12
8377,2793,45,1,4300,5
8378,2793,58,2,3900,5
8379,2793,14,3,5100,5
8380,2794,52,2,4750,10
8381,2794,5,3,12600,10
8382,2794,21,4,540,10
8383,2795,59,3,9300,3
8384,2795,12,4,4100,3
8385,2795,28,1,17400,3
8386,2796,6,4,22500,8
8387,2796,19,1,4100,8
8388,2796,35,2,2100,8
8389,2797,13,1,2750,1
8390,2797,26,2,760,1
8391,2797,42,3,3900,1
8392,2798,20,2,690,6
8393,2798,33,3,7850,6
8394,2798,49,4,2950,6
8395,2799,27,3,14800,11
8396,2799,40,4,970,11
8397,2799,56,1,6800,11
8398,2800,34,4,9400,4
8399,2800,47,1,11200,4
8400,2800,3,2,420,4
8401,2801,41,1,6200,9
8402,2801,54,2,8600,9
8403,2801,10,3,540,9
8404,2802,48,2,3700,2
8405,2802,1,3,1495,2
8406,2802,17,4,180,2
8407,2803,55,3,2600,7
8408,2803,8,4,7600,7
8409,2803,24,1,4900,7
8410,2804,2,4,9800,12
8411,2804,15,1,6200,12
8412,2804,31,2,1900,12
8413,2805,9,1,870,5
8414,2805,22,2,8800,5
8415,2805,38,3,3100,5
8416,2806,16,2,7350,10
8417,2806,29,3,48,10
8418,2806,45,4,4300,10
8419,2807,23,3,3600,3
8420,2807,36,4,4500,3
8421,2807,52,1,4750,3
8422,2808,30,4,2400,8
8423,2808,43,1,1280,8
8424,2808,59,2,9300,8
8425,2809,37,1,2600,1
8426,2809,50,2,5150,1
8427,2809,6,3,22500,1
8428,2810,44,2,5250,6
8429,2810,57,3,3400,6
8430,2810,13,4,2750,6
8431,2811,51,3,1320,11
8432,2811,4,4,3800,11
8433,2811,20,1,690,11
8434,2812,58,4,3900,4
8435,2812,11,1,3200,4
8436,2812,27,2,14800,4
8437,2813,5,1,12600,9
8438,2813,18,2,2950,9
8439,2813,34,3,9400,9
8440,2814,12,2,4100,2
8441,2814,25,3,1250,2
8442,2814,41,4,6200,2
8443,2815,19,3,4100,7
8444,2815,32,4,3350,7
8445,2815,48,1,3700,7
8446,2816,26,4,760,12
8447,2816,39,1,2300,12
8448,2816,55,2,2600,12
8449,2817,33,1,7850,5
8450,2817,46,2,880,5
8451,2817,2,3,9800,5
8452,2818,40,2,970,10
8453,2818,53,3,7100,10
8454,2818,9,4,870,10
8455,2819,47,3,11200,3
8456,2819,60,4,2200,3
8457,2819,16,1,7350,3
8458,2820,54,4,8600,8
8459,2820,7,1,18400,8
8460,2820,23,2,3600,8
8461,2821,1,1,1495,1
8462,2821,14,2,5100,1
8463,2821,30,3,2400,1
8464,2822,8,2,7600,6
8465,2822,21,3,540,6
8466,2822,37,4,2600,6
8467,2823,15,3,6200,11
8468,2823,28,4,17400,11
8469,2823,44,1,5250,11
8470,2824,22,4,8800,4
8471,2824,35,1,2100,4
8472,2824,51,2,1320,4
8473,2825,29,1,48,9
8474,2825,42,2,3900,9
8475,2825,58,3,3900,9
8476,2826,36,2,4500,2
8477,2826,49,3,2950,2
8478,2826,5,4,12600,2
8479,2827,43,3,1280,7
8480,2827,56,4,6800,7
8481,2827,12,1,4100,7
8482,2828,50,4,5150,12
8483,2828,3,1,420,12
8484,2828,19,2,4100,12
8485,2829,57,1,3400,5
8486,2829,10,2,540,5
8487,2829,26,3,760,5
8488,2830,4,2,3800,10
8489,2830,17,3,180,10
8490,2830,33,4,7850,10
8491,2831,11,3,3200,3
8492,2831,24,4,4900,3
8493,2831,40,1,970,3
8494,2832,18,4,2950,8
8495,2832,31,1,1900,8
8496,2832,47,2,11200,8
8497,2833,25,1,1250,1
8498,2833,38,2,3100,1
8499,2833,54,3,8600,1
8500,2834,32,2,3350,6
8501,2834,45,3,4300,6
8502,2834,1,4,1495,6
8503,2835,39,3,2300,11
8504,2835,52,4,4750,11
8505,2835,8,1,7600,11
8506,2836,46,4,880,4
8507,2836,59,1,9300,4
8508,2836,15,2,6200,4
8509,2837,53,1,7100,9
8510,2837,6,2,22500,9
8511,2837,22,3,8800,9
8512,2838,60,2,2200,2
8513,2838,13,3,2750,2
8514,2838,29,4,48,2
8515,2839,7,3,18400,7
8516,2839,20,4,690,7
8517,2839,36,1,4500,7
8518,2840,14,4,5100,12
8519,2840,27,1,14800,12
8520,2840,43,2,1280,12
8521,2841,21,1,540,5
8522,2841,34,2,9400,5
8523,2841,50,3,5150,5
8524,2842,28,2,17400,10
8525,2842,41,3,6200,10
8526,2842,57,4,3400,10
8527,2843,35,3,2100,3
8528,2843,48,4,3700,3
8529,2843,4,1,3800,3
8530,2844,42,4,3900,8
8531,2844,55,1,2600,8
8532,2844,11,2,3200,8
8533,2845,49,1,2950,1
8534,2845,2,2,9800,1
8535,2845,18,3,2950,1
8536,2846,56,2,6800,6
8537,2846,9,3,870,6
8538,2846,25,4,1250,6
8539,2847,3,3,420,11
8540,2847,16,4,7350,11
8541,2847,32,1,3350,11
8542,2848,10,4,540,4
8543,2848,23,1,3600,4
8544,2848,39,2,2300,4
8545,2849,17,1,180,9
8546,2849,30,2,2400,9
8547,2849,46,3,880,9
8548,2850,24,2,4900,2
8549,2850,37,3,2600,2
8550,2850,53,4,7100,2
8551,2851,31,3,1900,7
8552,2851,44,4,5250,7
8553,2851,60,1,2200,7
8554,2852,38,4,3100,12
8555,2852,51,1,1320,12
8556,2852,7,2,18400,12
8557,2853,45,1,4300,5
8558,2853,58,2,3900,5
8559,2853,14,3,5100,5
8560,2854,52,2,4750,10
8561,2854,5,3,12600,10
8562,2854,21,4,540,10
8563,2855,59,3,9300,3
8564,2855,12,4,4100,3
8565,2855,28,1,17400,3
8566,2856,6,4,22500,8
8567,2856,19,1,4100,8
8568,2856,35,2,2100,8
8569,2857,13,1,2750,1
8570,2857,26,2,760,1
8571,2857,42,3,3900,1
8572,2858,20,2,690,6
8573,2858,33,3,7850,6
8574,2858,49,4,2950,6
8575,2859,27,3,14800,11
8576,2859,40,4,970,11
8577,2859,56,1,6800,11
8578,2860,34,4,9400,4
8579,2860,47,1,11200,4
8580,2860,3,2,420,4
8581,2861,41,1,6200,9
8582,2861,54,2,8600,9
8583,2861,10,3,540,9
8584,2862,48,2,3700,2
8585,2862,1,3,1495,2
8586,2862,17,4,180,2
8587,2863,55,3,2600,7
8588,2863,8,4,7600,7
8589,2863,24,1,4900,7
8590,2864,2,4,9800,12
8591,2864,15,1,6200,12
8592,2864,31,2,1900,12
8593,2865,9,1,870,5
8594,2865,22,2,8800,5
8595,2865,38,3,3100,5
8596,2866,16,2,7350,10
8597,2866,29,3,48,10
8598,2866,45,4,4300,10
8599,2867,23,3,3600,3
8600,2867,36,4,4500,3
8601,2867,52,1,4750,3
8602,2868,30,4,2400,8
8603,2868,43,1,1280,8
8604,2868,59,2,9300,8
8605,2869,37,1,2600,1
8606,2869,50,2,5150,1
8607,2869,6,3,22500,1
8608,2870,44,2,5250,6
8609,2870,57,3,3400,6
8610,2870,13,4,2750,6
8611,2871,51,3,1320,11
8612,2871,4,4,3800,11
8613,2871,20,1,690,11
8614,2872,58,4,3900,4
8615,2872,11,1,3200,4
8616,2872,27,2,14800,4
8617,2873,5,1,12600,9
8618,2873,18,2,2950,9
8619,2873,34,3,9400,9
8620,2874,12,2,4100,2
8621,2874,25,3,1250,2
8622,2874,41,4,6200,2
8623,2875,19,3,4100,7
8624,2875,32,4,3350,7
8625,2875,48,1,3700,7
8626,2876,26,4,760,12
8627,2876,39,1,2300,12
8628,2876,55,2,2600,12
8629,2877,33,1,7850,5
8630,2877,46,2,880,5
8631,2877,2,3,9800,5
8632,2878,40,2,970,10
8633,2878,53,3,7100,10
8634,2878,9,4,870,10
8635,2879,47,3,11200,3
8636,2879,60,4,2200,3
8637,2879,16,1,7350,3
8638,2880,54,4,8600,8
8639,2880,7,1,18400,8
8640,2880,23,2,3600,8
8641,2881,1,1,1495,1
8642,2881,14,2,5100,1
8643,2881,30,3,2400,1
8644,2882,8,2,7600,6
8645,2882,21,3,540,6
8646,2882,37,4,2600,6
8647,2883,15,3,6200,11
8648,2883,28,4,17400,11
8649,2883,44,1,5250,11
8650,2884,22,4,8800,4
8651,2884,35,1,2100,4
8652,2884,51,2,1320,4
8653,2885,29,1,48,9
8654,2885,42,2,3900,9
8655,2885,58,3,3900,9
8656,2886,36,2,4500,2
8657,2886,49,3,2950,2
8658,2886,5,4,12600,2
8659,2887,43,3,1280,7
8660,2887,56,4,6800,7
8661,2887,12,1,4100,7
8662,2888,50,4,5150,12
8663,2888,3,1,420,12
8664,2888,19,2,4100,12
8665,2889,57,1,3400,5
8666,2889,10,2,540,5
8667,2889,26,3,760,5
8668,2890,4,2,3800,10
8669,2890,17,3,180,10
8670,2890,33,4,7850,10
8671,2891,11,3,3200,3
8672,2891,24,4,4900,3
8673,2891,40,1,970,3
8674,2892,18,4,2950,8
8675,2892,31,1,1900,8
8676,2892,47,2,11200,8
8677,2893,25,1,1250,1
8678,2893,38,2,3100,1
8679,2893,54,3,8600,1
8680,2894,32,2,3350,6
8681,2894,45,3,4300,6
8682,2894,1,4,1495,6
8683,2895,39,3,2300,11
8684,2895,52,4,4750,11
8685,2895,8,1,7600,11
8686,2896,46,4,880,4
8687,2896,59,1,9300,4
8688,2896,15,2,6200,4
8689,2897,53,1,7100,9
8690,2897,6,2,22500,9
8691,2897,22,3,8800,9
8692,2898,60,2,2200,2
8693,2898,13,3,2750,2
8694,2898,29,4,48,2
8695,2899,7,3,18400,7
8696,2899,20,4,690,7
8697,2899,36,1,4500,7
8698,2900,14,4,5100,12
8699,2900,27,1,14800,12
8700,2900,43,2,1280,12
8701,2901,21,1,540,5
8702,2901,34,2,9400,5
8703,2901,50,3,5150,5
8704,2902,28,2,17400,10
8705,2902,41,3,6200,10
8706,2902,57,4,3400,10
8707,2903,35,3,2100,3
8708,2903,48,4,3700,3
8709,2903,4,1,3800,3
8710,2904,42,4,3900,8
8711,2904,55,1,2600,8
8712,2904,11,2,3200,8
8713,2905,49,1,2950,1
8714,2905,2,2,9800,1
8715,2905,18,3,2950,1
8716,2906,56,2,6800,6
8717,2906,9,3,870,6
8718,2906,25,4,1250,6
8719,2907,3,3,420,11
8720,2907,16,4,7350,11
8721,2907,32,1,3350,11
8722,2908,10,4,540,4
8723,2908,23,1,3600,4
8724,2908,39,2,2300,4
8725,2909,17,1,180,9
8726,2909,30,2,2400,9
8727,2909,46,3,880,9
8728,2910,24,2,4900,2
8729,2910,37,3,2600,2
8730,2910,53,4,7100,2
8731,2911,31,3,1900,7
8732,2911,44,4,5250,7
8733,2911,60,1,2200,7
8734,2912,38,4,3100,12
8735,2912,51,1,1320,12
8736,2912,7,2,18400,12
8737,2913,45,1,4300,5
8738,2913,58,2,3900,5
8739,2913,14,3,5100,5
8740,2914,52,2,4750,10
8741,2914,5,3,12600,10
8742,2914,21,4,540,10
8743,2915,59,3,9300,3
8744,2915,12,4,4100,3
8745,2915,28,1,17400,3
8746,2916,6,4,22500,8
8747,2916,19,1,4100,8
8748,2916,35,2,2100,8
8749,2917,13,1,2750,1
8750,2917,26,2,760,1
8751,2917,42,3,3900,1
8752,2918,20,2,690,6
8753,2918,33,3,7850,6
8754,2918,49,4,2950,6
8755,2919,27,3,14800,11
8756,2919,40,4,970,11
8757,2919,56,1,6800,11
8758,2920,34,4,9400,4
8759,2920,47,1,11200,4
8760,2920,3,2,420,4
8761,2921,41,1,6200,9
8762,2921,54,2,8600,9
8763,2921,10,3,540,9
8764,2922,48,2,3700,2
8765,2922,1,3,1495,2
8766,2922,17,4,180,2
8767,2923,55,3,2600,7
8768,2923,8,4,7600,7
8769,2923,24,1,4900,7
8770,2924,2,4,9800,12
8771,2924,15,1,6200,12
8772,2924,31,2,1900,12
8773,2925,9,1,870,5
8774,2925,22,2,8800,5
8775,2925,38,3,3100,5
8776,2926,16,2,7350,10
8777,2926,29,3,48,10
8778,2926,45,4,4300,10
8779,2927,23,3,3600,3
8780,2927,36,4,4500,3
8781,2927,52,1,4750,3
8782,2928,30,4,2400,8
8783,2928,43,1,1280,8
8784,2928,59,2,9300,8
8785,2929,37,1,2600,1
8786,2929,50,2,5150,1
8787,2929,6,3,22500,1
8788,2930,44,2,5250,6
8789,2930,57,3,3400,6
8790,2930,13,4,2750,6
8791,2931,51,3,1320,11
8792,2931,4,4,3800,11
8793,2931,20,1,690,11
8794,2932,58,4,3900,4
8795,2932,11,1,3200,4
8796,2932,27,2,14800,4
8797,2933,5,1,12600,9
8798,2933,18,2,2950,9
8799,2933,34,3,9400,9
8800,2934,12,2,4100,2
8801,2934,25,3,1250,2
8802,2934,41,4,6200,2
8803,2935,19,3,4100,7
8804,2935,32,4,3350,7
8805,2935,48,1,3700,7
8806,2936,26,4,760,12
8807,2936,39,1,2300,12
8808,2936,55,2,2600,12
8809,2937,33,1,7850,5
8810,2937,46,2,880,5
8811,2937,2,3,9800,5
8812,2938,40,2,970,10
8813,2938,53,3,7100,10
8814,2938,9,4,870,10
8815,2939,47,3,11200,3
8816,2939,60,4,2200,3
8817,2939,16,1,7350,3
8818,2940,54,4,8600,8
8819,2940,7,1,18400,8
8820,2940,23,2,3600,8
8821,2941,1,1,1495,1
8822,2941,14,2,5100,1
8823,2941,30,3,2400,1
8824,2942,8,2,7600,6
8825,2942,21,3,540,6
8826,2942,37,4,2600,6
8827,2943,15,3,6200,11
8828,2943,28,4,17400,11
8829,2943,44,1,5250,11
8830,2944,22,4,8800,4
8831,2944,35,1,2100,4
8832,2944,51,2,1320,4
8833,2945,29,1,48,9
8834,2945,42,2,3900,9
8835,2945,58,3,3900,9
8836,2946,36,2,4500,2
8837,2946,49,3,2950,2
8838,2946,5,4,12600,2
8839,2947,43,3,1280,7
8840,2947,56,4,6800,7
8841,2947,12,1,4100,7
8842,2948,50,4,5150,12
8843,2948,3,1,420,12
8844,2948,19,2,4100,12
8845,2949,57,1,3400,5
8846,2949,10,2,540,5
8847,2949,26,3,760,5
8848,2950,4,2,3800,10
8849,2950,17,3,180,10
8850,2950,33,4,7850,10
8851,2951,11,3,3200,3
8852,2951,24,4,4900,3
8853,2951,40,1,970,3
8854,2952,18,4,2950,8
8855,2952,31,1,1900,8
8856,2952,47,2,11200,8
8857,2953,25,1,1250,1
8858,2953,38,2,3100,1
8859,2953,54,3,8600,1
8860,2954,32,2,3350,6
8861,2954,45,3,4300,6
8862,2954,1,4,1495,6
8863,2955,39,3,2300,11
8864,2955,52,4,4750,11
8865,2955,8,1,7600,11
8866,2956,46,4,880,4
8867,2956,59,1,9300,4
8868,2956,15,2,6200,4
8869,2957,53,1,7100,9
8870,2957,6,2,22500,9
8871,2957,22,3,8800,9
8872,2958,60,2,2200,2
8873,2958,13,3,2750,2
8874,2958,29,4,48,2
8875,2959,7,3,18400,7
8876,2959,20,4,690,7
8877,2959,36,1,4500,7
8878,2960,14,4,5100,12
8879,2960,27,1,14800,12
8880,2960,43,2,1280,12
8881,2961,21,1,540,5
8882,2961,34,2,9400,5
8883,2961,50,3,5150,5
8884,2962,28,2,17400,10
8885,2962,41,3,6200,10
8886,2962,57,4,3400,10
8887,2963,35,3,2100,3
8888,2963,48,4,3700,3
8889,2963,4,1,3800,3
8890,2964,42,4,3900,8
8891,2964,55,1,2600,8
8892,2964,11,2,3200,8
8893,2965,49,1,2950,1
8894,2965,2,2,9800,1
8895,2965,18,3,2950,1
8896,2966,56,2,6800,6
8897,2966,9,3,870,6
8898,2966,25,4,1250,6
8899,2967,3,3,420,11
8900,2967,16,4,7350,11
8901,2967,32,1,3350,11
8902,2968,10,4,540,4
8903,2968,23,1,3600,4
8904,2968,39,2,2300,4
8905,2969,17,1,180,9
8906,2969,30,2,2400,9
8907,2969,46,3,880,9
8908,2970,24,2,4900,2
8909,2970,37,3,2600,2
8910,2970,53,4,7100,2
8911,2971,31,3,1900,7
8912,2971,44,4,5250,7
8913,2971,60,1,2200,7
8914,2972,38,4,3100,12
8915,2972,51,1,1320,12
8916,2972,7,2,18400,12
8917,2973,45,1,4300,5
8918,2973,58,2,3900,5
8919,2973,14,3,5100,5
8920,2974,52,2,4750,10
8921,2974,5,3,12600,10
8922,2974,21,4,540,10
8923,2975,59,3,9300,3
8924,2975,12,4,4100,3
8925,2975,28,1,17400,3
8926,2976,6,4,22500,8
8927,2976,19,1,4100,8
8928,2976,35,2,2100,8
8929,2977,13,1,2750,1
8930,2977,26,2,760,1
8931,2977,42,3,3900,1
8932,2978,20,2,690,6
8933,2978,33,3,7850,6
8934,2978,49,4,2950,6
8935,2979,27,3,14800,11
8936,2979,40,4,970,11
8937,2979,56,1,6800,11
8938,2980,34,4,9400,4
8939,2980,47,1,11200,4
8940,2980,3,2,420,4
8941,2981,41,1,6200,9
8942,2981,54,2,8600,9
8943,2981,10,3,540,9
8944,2982,48,2,3700,2
8945,2982,1,3,1495,2
8946,2982,17,4,180,2
8947,2983,55,3,2600,7
8948,2983,8,4,7600,7
8949,2983,24,1,4900,7
8950,2984,2,4,9800,12
8951,2984,15,1,6200,12
8952,2984,31,2,1900,12
8953,2985,9,1,870,5
8954,2985,22,2,8800,5
8955,2985,38,3,3100,5
8956,2986,16,2,7350,10
8957,2986,29,3,48,10
8958,2986,45,4,4300,10
8959,2987,23,3,3600,3
8960,2987,36,4,4500,3
8961,2987,52,1,4750,3
8962,2988,30,4,2400,8
8963,2988,43,1,1280,8
8964,2988,59,2,9300,8
8965,2989,37,1,2600,1
8966,2989,50,2,5150,1
8967,2989,6,3,22500,1
8968,2990,44,2,5250,6
8969,2990,57,3,3400,6
8970,2990,13,4,2750,6
8971,2991,51,3,1320,11
8972,2991,4,4,3800,11
8973,2991,20,1,690,11
8974,2992,58,4,3900,4
8975,2992,11,1,3200,4
8976,2992,27,2,14800,4
8977,2993,5,1,12600,9
8978,2993,18,2,2950,9
8979,2993,34,3,9400,9
8980,2994,12,2,4100,2
8981,2994,25,3,1250,2
8982,2994,41,4,6200,2
8983,2995,19,3,4100,7
8984,2995,32,4,3350,7
8985,2995,48,1,3700,7
8986,2996,26,4,760,12
8987,2996,39,1,2300,12
8988,2996,55,2,2600,12
8989,2997,33,1,7850,5
8990,2997,46,2,880,5
8991,2997,2,3,9800,5
8992,2998,40,2,970,10
8993,2998,53,3,7100,10
8994,2998,9,4,870,10
8995,2999,47,3,11200,3
8996,2999,60,4,2200,3
8997,2999,16,1,7350,3
8998,3000,54,4,8600,8
8999,3000,7,1,18400,8
9000,3000,23,2,3600,8
