mention_id,post_id,product_id,confidence_score,mention_type,created_at
1,1,35,0.81,direct,2026-05-05T16:30:00Z
2,2,11,0.85,semantic,2026-05-05T16:30:00Z
3,3,50,0.98,hashtag,2026-05-05T16:30:00Z
4,4,25,0.79,visual,2026-05-05T16:30:00Z
5,5,4,0.97,inferred,2026-05-05T16:30:00Z
6,6,40,0.82,direct,2026-05-05T16:30:00Z
7,7,17,0.95,semantic,2026-05-05T16:30:00Z
8,8,57,0.97,hashtag,2026-05-05T16:30:00Z
9,9,31,0.89,visual,2026-05-05T16:30:00Z
10,10,8,0.86,inferred,2026-05-05T16:30:00Z
11,11,46,0.97,direct,2026-05-05T16:30:00Z
12,12,22,0.93,semantic,2026-05-05T16:30:00Z
13,13,2,0.85,hashtag,2026-05-05T16:30:00Z
14,14,37,0.92,visual,2026-05-05T16:30:00Z
15,15,13,0.79,inferred,2026-05-05T16:30:00Z
16,16,53,0.88,direct,2026-05-05T16:30:00Z
17,17,27,0.89,semantic,2026-05-05T16:30:00Z
18,18,6,0.92,hashtag,2026-05-05T16:30:00Z
19,19,43,0.89,visual,2026-05-05T16:30:00Z
20,20,19,0.91,inferred,2026-05-05T16:30:00Z
21,21,59,0.8,direct,2026-05-05T16:30:00Z
22,22,33,0.8,semantic,2026-05-05T16:30:00Z
23,23,10,0.94,hashtag,2026-05-05T16:30:00Z
24,24,49,0.77,visual,2026-05-05T16:30:00Z
25,25,24,0.81,inferred,2026-05-05T16:30:00Z
26,26,3,0.9,direct,2026-05-05T16:30:00Z
27,27,39,0.83,semantic,2026-05-05T16:30:00Z
28,28,15,0.83,hashtag,2026-05-05T16:30:00Z
29,29,55,0.92,visual,2026-05-05T16:30:00Z
30,30,30,0.88,inferred,2026-05-05T16:30:00Z
31,31,7,0.92,direct,2026-05-05T16:30:00Z
32,32,45,0.84,semantic,2026-05-05T16:30:00Z
33,33,21,0.8,hashtag,2026-05-05T16:30:00Z
34,34,1,0.96,visual,2026-05-05T16:30:00Z
35,35,35,0.88,inferred,2026-05-05T16:30:00Z
36,36,12,0.86,direct,2026-05-05T16:30:00Z
37,37,51,0.8,semantic,2026-05-05T16:30:00Z
38,38,26,0.92,hashtag,2026-05-05T16:30:00Z
39,39,5,0.96,visual,2026-05-05T16:30:00Z
40,40,41,0.88,inferred,2026-05-05T16:30:00Z
41,41,17,0.84,direct,2026-05-05T16:30:00Z
42,42,57,0.89,semantic,2026-05-05T16:30:00Z
43,43,32,0.93,hashtag,2026-05-05T16:30:00Z
44,44,9,0.82,visual,2026-05-05T16:30:00Z
45,45,47,0.84,inferred,2026-05-05T16:30:00Z
46,46,23,0.8,direct,2026-05-05T16:30:00Z
47,47,2,0.81,semantic,2026-05-05T16:30:00Z
48,48,38,0.9,hashtag,2026-05-05T16:30:00Z
49,49,14,0.92,visual,2026-05-05T16:30:00Z
50,50,54,0.95,inferred,2026-05-05T16:30:00Z
51,51,28,0.8,direct,2026-05-05T16:30:00Z
52,52,6,0.79,semantic,2026-05-05T16:30:00Z
53,53,44,0.87,hashtag,2026-05-05T16:30:00Z
54,54,19,0.95,visual,2026-05-05T16:30:00Z
55,55,60,0.85,inferred,2026-05-05T16:30:00Z
56,56,34,0.82,direct,2026-05-05T16:30:00Z
57,57,11,0.98,semantic,2026-05-05T16:30:00Z
58,58,50,0.79,hashtag,2026-05-05T16:30:00Z
59,59,25,0.89,visual,2026-05-05T16:30:00Z
60,60,4,0.96,inferred,2026-05-05T16:30:00Z
61,61,40,0.77,direct,2026-05-05T16:30:00Z
62,62,16,0.92,semantic,2026-05-05T16:30:00Z
63,63,56,0.93,hashtag,2026-05-05T16:30:00Z
64,64,30,0.93,visual,2026-05-05T16:30:00Z
65,65,8,0.95,inferred,2026-05-05T16:30:00Z
66,66,46,0.94,direct,2026-05-05T16:30:00Z
67,67,21,0.8,semantic,2026-05-05T16:30:00Z
68,68,1,0.8,hashtag,2026-05-05T16:30:00Z
69,69,36,0.93,visual,2026-05-05T16:30:00Z
70,70,13,0.82,inferred,2026-05-05T16:30:00Z
71,71,52,0.77,direct,2026-05-05T16:30:00Z
72,72,27,0.82,semantic,2026-05-05T16:30:00Z
73,73,5,0.93,hashtag,2026-05-05T16:30:00Z
74,74,42,0.77,visual,2026-05-05T16:30:00Z
75,75,18,0.77,inferred,2026-05-05T16:30:00Z
76,76,58,0.92,direct,2026-05-05T16:30:00Z
77,77,33,0.77,semantic,2026-05-05T16:30:00Z
78,78,10,0.89,hashtag,2026-05-05T16:30:00Z
79,79,48,0.82,visual,2026-05-05T16:30:00Z
80,80,23,0.79,inferred,2026-05-05T16:30:00Z
81,81,3,0.86,direct,2026-05-05T16:30:00Z
82,82,38,0.89,semantic,2026-05-05T16:30:00Z
83,83,15,0.78,hashtag,2026-05-05T16:30:00Z
84,84,55,0.92,visual,2026-05-05T16:30:00Z
85,85,29,0.8,inferred,2026-05-05T16:30:00Z
86,86,7,0.96,direct,2026-05-05T16:30:00Z
87,87,45,0.82,semantic,2026-05-05T16:30:00Z
88,88,20,0.96,hashtag,2026-05-05T16:30:00Z
89,89,1,0.86,visual,2026-05-05T16:30:00Z
90,90,35,0.86,inferred,2026-05-05T16:30:00Z
91,91,12,0.82,direct,2026-05-05T16:30:00Z
92,92,51,0.85,semantic,2026-05-05T16:30:00Z
93,93,26,0.92,hashtag,2026-05-05T16:30:00Z
94,94,4,0.98,visual,2026-05-05T16:30:00Z
95,95,41,0.94,inferred,2026-05-05T16:30:00Z
96,96,17,0.91,direct,2026-05-05T16:30:00Z
97,97,57,0.87,semantic,2026-05-05T16:30:00Z
98,98,31,0.82,hashtag,2026-05-05T16:30:00Z
99,99,9,0.94,visual,2026-05-05T16:30:00Z
100,100,47,0.96,inferred,2026-05-05T16:30:00Z
101,101,22,0.79,direct,2026-05-05T16:30:00Z
102,102,2,0.84,semantic,2026-05-05T16:30:00Z
103,103,37,0.84,hashtag,2026-05-05T16:30:00Z
104,104,14,0.94,visual,2026-05-05T16:30:00Z
105,105,53,0.86,inferred,2026-05-05T16:30:00Z
106,106,28,0.94,direct,2026-05-05T16:30:00Z
107,107,6,0.88,semantic,2026-05-05T16:30:00Z
108,108,43,0.94,hashtag,2026-05-05T16:30:00Z
109,109,19,0.8,visual,2026-05-05T16:30:00Z
110,110,59,0.81,inferred,2026-05-05T16:30:00Z
111,111,33,0.89,direct,2026-05-05T16:30:00Z
112,112,11,0.97,semantic,2026-05-05T16:30:00Z
113,113,49,0.77,hashtag,2026-05-05T16:30:00Z
114,114,24,0.85,visual,2026-05-05T16:30:00Z
115,115,3,0.81,inferred,2026-05-05T16:30:00Z
116,116,39,0.84,direct,2026-05-05T16:30:00Z
117,117,16,0.92,semantic,2026-05-05T16:30:00Z
118,118,55,0.96,hashtag,2026-05-05T16:30:00Z
119,119,30,0.78,visual,2026-05-05T16:30:00Z
120,120,8,0.98,inferred,2026-05-05T16:30:00Z
121,121,45,0.82,direct,2026-05-05T16:30:00Z
122,122,21,0.77,semantic,2026-05-05T16:30:00Z
123,123,1,0.91,hashtag,2026-05-05T16:30:00Z
124,124,36,0.81,visual,2026-05-05T16:30:00Z
125,125,12,0.97,inferred,2026-05-05T16:30:00Z
126,126,52,0.79,direct,2026-05-05T16:30:00Z
127,127,26,0.78,semantic,2026-05-05T16:30:00Z
128,128,5,0.89,hashtag,2026-05-05T16:30:00Z
129,129,42,0.77,visual,2026-05-05T16:30:00Z
130,130,18,0.92,inferred,2026-05-05T16:30:00Z
131,131,58,0.8,direct,2026-05-05T16:30:00Z
132,132,32,0.83,semantic,2026-05-05T16:30:00Z
133,133,9,0.93,hashtag,2026-05-05T16:30:00Z
134,134,48,0.97,visual,2026-05-05T16:30:00Z
135,135,23,0.86,inferred,2026-05-05T16:30:00Z
136,136,2,0.8,direct,2026-05-05T16:30:00Z
137,137,38,0.97,semantic,2026-05-05T16:30:00Z
138,138,14,0.8,hashtag,2026-05-05T16:30:00Z
139,139,54,0.9,visual,2026-05-05T16:30:00Z
140,140,29,0.98,inferred,2026-05-05T16:30:00Z
141,141,7,0.97,direct,2026-05-05T16:30:00Z
142,142,44,0.89,semantic,2026-05-05T16:30:00Z
143,143,20,0.85,hashtag,2026-05-05T16:30:00Z
144,144,60,0.77,visual,2026-05-05T16:30:00Z
145,145,34,0.92,inferred,2026-05-05T16:30:00Z
146,146,11,0.92,direct,2026-05-05T16:30:00Z
147,147,50,0.84,semantic,2026-05-05T16:30:00Z
148,148,25,0.83,hashtag,2026-05-05T16:30:00Z
149,149,4,0.95,visual,2026-05-05T16:30:00Z
150,150,40,0.95,inferred,2026-05-05T16:30:00Z
151,151,16,0.8,direct,2026-05-05T16:30:00Z
152,152,56,0.87,semantic,2026-05-05T16:30:00Z
153,153,31,0.89,hashtag,2026-05-05T16:30:00Z
154,154,8,0.86,visual,2026-05-05T16:30:00Z
155,155,46,0.96,inferred,2026-05-05T16:30:00Z
156,156,22,0.87,direct,2026-05-05T16:30:00Z
157,157,2,0.89,semantic,2026-05-05T16:30:00Z
158,158,37,0.86,hashtag,2026-05-05T16:30:00Z
159,159,13,0.81,visual,2026-05-05T16:30:00Z
160,160,52,0.93,inferred,2026-05-05T16:30:00Z
161,161,27,0.92,direct,2026-05-05T16:30:00Z
162,162,5,0.9,semantic,2026-05-05T16:30:00Z
163,163,43,0.89,hashtag,2026-05-05T16:30:00Z
164,164,18,0.78,visual,2026-05-05T16:30:00Z
165,165,59,0.8,inferred,2026-05-05T16:30:00Z
166,166,33,0.82,direct,2026-05-05T16:30:00Z
167,167,10,0.92,semantic,2026-05-05T16:30:00Z
168,168,49,0.86,hashtag,2026-05-05T16:30:00Z
169,169,24,0.85,visual,2026-05-05T16:30:00Z
170,170,3,0.92,inferred,2026-05-05T16:30:00Z
171,171,39,0.87,direct,2026-05-05T16:30:00Z
172,172,15,0.8,semantic,2026-05-05T16:30:00Z
173,173,55,0.88,hashtag,2026-05-05T16:30:00Z
174,174,29,0.94,visual,2026-05-05T16:30:00Z
175,175,7,0.87,inferred,2026-05-05T16:30:00Z
176,176,45,0.92,direct,2026-05-05T16:30:00Z
177,177,20,0.93,semantic,2026-05-05T16:30:00Z
178,178,1,0.92,hashtag,2026-05-05T16:30:00Z
179,179,35,0.89,visual,2026-05-05T16:30:00Z
180,180,12,0.89,inferred,2026-05-05T16:30:00Z
181,181,51,0.91,direct,2026-05-05T16:30:00Z
182,182,26,0.81,semantic,2026-05-05T16:30:00Z
183,183,4,0.84,hashtag,2026-05-05T16:30:00Z
184,184,41,0.83,visual,2026-05-05T16:30:00Z
185,185,17,0.89,inferred,2026-05-05T16:30:00Z
186,186,57,0.93,direct,2026-05-05T16:30:00Z
187,187,32,0.96,semantic,2026-05-05T16:30:00Z
188,188,9,0.97,hashtag,2026-05-05T16:30:00Z
189,189,47,0.9,visual,2026-05-05T16:30:00Z
190,190,22,0.87,inferred,2026-05-05T16:30:00Z
191,191,2,0.83,direct,2026-05-05T16:30:00Z
192,192,37,0.97,semantic,2026-05-05T16:30:00Z
193,193,14,0.97,hashtag,2026-05-05T16:30:00Z
194,194,53,0.9,visual,2026-05-05T16:30:00Z
195,195,28,0.8,inferred,2026-05-05T16:30:00Z
196,196,6,0.94,direct,2026-05-05T16:30:00Z
197,197,43,0.96,semantic,2026-05-05T16:30:00Z
198,198,19,0.82,hashtag,2026-05-05T16:30:00Z
199,199,60,0.94,visual,2026-05-05T16:30:00Z
200,200,34,0.97,inferred,2026-05-05T16:30:00Z
201,201,11,0.82,direct,2026-05-05T16:30:00Z
202,202,50,0.8,semantic,2026-05-05T16:30:00Z
203,203,25,0.85,hashtag,2026-05-05T16:30:00Z
204,204,3,0.82,visual,2026-05-05T16:30:00Z
205,205,40,0.98,inferred,2026-05-05T16:30:00Z
206,206,16,0.85,direct,2026-05-05T16:30:00Z
207,207,56,0.83,semantic,2026-05-05T16:30:00Z
208,208,30,0.82,hashtag,2026-05-05T16:30:00Z
209,209,8,0.95,visual,2026-05-05T16:30:00Z
210,210,46,0.86,inferred,2026-05-05T16:30:00Z
211,211,21,0.79,direct,2026-05-05T16:30:00Z
212,212,1,0.83,semantic,2026-05-05T16:30:00Z
213,213,36,0.82,hashtag,2026-05-05T16:30:00Z
214,214,13,0.87,visual,2026-05-05T16:30:00Z
215,215,52,0.86,inferred,2026-05-05T16:30:00Z
216,216,27,0.9,direct,2026-05-05T16:30:00Z
217,217,5,0.98,semantic,2026-05-05T16:30:00Z
218,218,42,0.91,hashtag,2026-05-05T16:30:00Z
219,219,18,0.8,visual,2026-05-05T16:30:00Z
220,220,58,0.91,inferred,2026-05-05T16:30:00Z
221,221,32,0.93,direct,2026-05-05T16:30:00Z
222,222,10,0.96,semantic,2026-05-05T16:30:00Z
223,223,48,0.84,hashtag,2026-05-05T16:30:00Z
224,224,23,0.85,visual,2026-05-05T16:30:00Z
225,225,3,0.94,inferred,2026-05-05T16:30:00Z
226,226,38,0.83,direct,2026-05-05T16:30:00Z
227,227,15,0.91,semantic,2026-05-05T16:30:00Z
228,228,54,0.83,hashtag,2026-05-05T16:30:00Z
229,229,29,0.81,visual,2026-05-05T16:30:00Z
230,230,7,0.92,inferred,2026-05-05T16:30:00Z
231,231,44,0.88,direct,2026-05-05T16:30:00Z
232,232,20,0.91,semantic,2026-05-05T16:30:00Z
233,233,1,0.95,hashtag,2026-05-05T16:30:00Z
234,234,35,0.89,visual,2026-05-05T16:30:00Z
235,235,12,0.77,inferred,2026-05-05T16:30:00Z
236,236,50,0.86,direct,2026-05-05T16:30:00Z
237,237,25,0.89,semantic,2026-05-05T16:30:00Z
238,238,4,0.94,hashtag,2026-05-05T16:30:00Z
239,239,41,0.8,visual,2026-05-05T16:30:00Z
240,240,17,0.96,inferred,2026-05-05T16:30:00Z
241,241,57,0.84,direct,2026-05-05T16:30:00Z
242,242,31,0.85,semantic,2026-05-05T16:30:00Z
243,243,9,0.95,hashtag,2026-05-05T16:30:00Z
244,244,47,0.97,visual,2026-05-05T16:30:00Z
245,245,22,0.8,inferred,2026-05-05T16:30:00Z
246,246,2,0.97,direct,2026-05-05T16:30:00Z
247,247,37,0.89,semantic,2026-05-05T16:30:00Z
248,248,13,0.88,hashtag,2026-05-05T16:30:00Z
249,249,53,0.8,visual,2026-05-05T16:30:00Z
250,250,28,0.94,inferred,2026-05-05T16:30:00Z
251,251,6,0.91,direct,2026-05-05T16:30:00Z
252,252,43,0.77,semantic,2026-05-05T16:30:00Z
253,253,19,0.95,hashtag,2026-05-05T16:30:00Z
254,254,59,0.84,visual,2026-05-05T16:30:00Z
255,255,33,0.79,inferred,2026-05-05T16:30:00Z
256,256,10,0.83,direct,2026-05-05T16:30:00Z
257,257,49,0.76,semantic,2026-05-05T16:30:00Z
258,258,24,0.88,hashtag,2026-05-05T16:30:00Z
259,259,3,0.9,visual,2026-05-05T16:30:00Z
260,260,39,0.78,inferred,2026-05-05T16:30:00Z
261,261,15,0.88,direct,2026-05-05T16:30:00Z
262,262,55,0.96,semantic,2026-05-05T16:30:00Z
263,263,30,0.86,hashtag,2026-05-05T16:30:00Z
264,264,7,0.94,visual,2026-05-05T16:30:00Z
265,265,45,0.87,inferred,2026-05-05T16:30:00Z
266,266,21,0.81,direct,2026-05-05T16:30:00Z
267,267,1,0.98,semantic,2026-05-05T16:30:00Z
268,268,35,0.94,hashtag,2026-05-05T16:30:00Z
269,269,12,0.81,visual,2026-05-05T16:30:00Z
270,270,51,0.82,inferred,2026-05-05T16:30:00Z
271,271,26,0.77,direct,2026-05-05T16:30:00Z
272,272,5,0.84,semantic,2026-05-05T16:30:00Z
273,273,41,0.88,hashtag,2026-05-05T16:30:00Z
274,274,17,0.83,visual,2026-05-05T16:30:00Z
275,275,58,0.94,inferred,2026-05-05T16:30:00Z
276,276,32,0.97,direct,2026-05-05T16:30:00Z
277,277,9,0.85,semantic,2026-05-05T16:30:00Z
278,278,48,0.8,hashtag,2026-05-05T16:30:00Z
279,279,23,0.83,visual,2026-05-05T16:30:00Z
280,280,2,0.77,inferred,2026-05-05T16:30:00Z
281,281,38,0.78,direct,2026-05-05T16:30:00Z
282,282,14,0.84,semantic,2026-05-05T16:30:00Z
283,283,54,0.79,hashtag,2026-05-05T16:30:00Z
284,284,28,0.93,visual,2026-05-05T16:30:00Z
285,285,6,0.81,inferred,2026-05-05T16:30:00Z
286,286,44,0.97,direct,2026-05-05T16:30:00Z
287,287,19,0.91,semantic,2026-05-05T16:30:00Z
288,288,60,0.83,hashtag,2026-05-05T16:30:00Z
289,289,34,0.91,visual,2026-05-05T16:30:00Z
290,290,11,0.87,inferred,2026-05-05T16:30:00Z
291,291,50,0.96,direct,2026-05-05T16:30:00Z
292,292,25,0.98,semantic,2026-05-05T16:30:00Z
293,293,4,0.89,hashtag,2026-05-05T16:30:00Z
294,294,40,0.88,visual,2026-05-05T16:30:00Z
295,295,16,0.91,inferred,2026-05-05T16:30:00Z
296,296,56,0.78,direct,2026-05-05T16:30:00Z
297,297,31,0.82,semantic,2026-05-05T16:30:00Z
298,298,8,0.82,hashtag,2026-05-05T16:30:00Z
299,299,46,0.97,visual,2026-05-05T16:30:00Z
300,300,21,0.8,inferred,2026-05-05T16:30:00Z
301,301,1,0.93,direct,2026-05-05T16:30:00Z
302,302,36,0.79,semantic,2026-05-05T16:30:00Z
303,303,13,0.95,hashtag,2026-05-05T16:30:00Z
304,304,52,0.8,visual,2026-05-05T16:30:00Z
305,305,27,0.81,inferred,2026-05-05T16:30:00Z
306,306,5,0.93,direct,2026-05-05T16:30:00Z
307,307,42,0.89,semantic,2026-05-05T16:30:00Z
308,308,18,0.85,hashtag,2026-05-05T16:30:00Z
309,309,59,0.81,visual,2026-05-05T16:30:00Z
310,310,33,0.81,inferred,2026-05-05T16:30:00Z
311,311,10,0.88,direct,2026-05-05T16:30:00Z
312,312,48,0.84,semantic,2026-05-05T16:30:00Z
313,313,24,0.78,hashtag,2026-05-05T16:30:00Z
314,314,3,0.83,visual,2026-05-05T16:30:00Z
315,315,39,0.8,inferred,2026-05-05T16:30:00Z
316,316,15,0.87,direct,2026-05-05T16:30:00Z
317,317,55,0.93,semantic,2026-05-05T16:30:00Z
318,318,29,0.93,hashtag,2026-05-05T16:30:00Z
319,319,7,0.96,visual,2026-05-05T16:30:00Z
320,320,45,0.77,inferred,2026-05-05T16:30:00Z
321,321,20,0.91,direct,2026-05-05T16:30:00Z
322,322,1,0.91,semantic,2026-05-05T16:30:00Z
323,323,35,0.82,hashtag,2026-05-05T16:30:00Z
324,324,12,0.95,visual,2026-05-05T16:30:00Z
325,325,51,0.9,inferred,2026-05-05T16:30:00Z
326,326,26,0.87,direct,2026-05-05T16:30:00Z
327,327,4,0.92,semantic,2026-05-05T16:30:00Z
328,328,41,0.84,hashtag,2026-05-05T16:30:00Z
329,329,17,0.93,visual,2026-05-05T16:30:00Z
330,330,57,0.83,inferred,2026-05-05T16:30:00Z
331,331,31,0.79,direct,2026-05-05T16:30:00Z
332,332,9,0.86,semantic,2026-05-05T16:30:00Z
333,333,47,0.97,hashtag,2026-05-05T16:30:00Z
334,334,22,0.95,visual,2026-05-05T16:30:00Z
335,335,2,0.87,inferred,2026-05-05T16:30:00Z
336,336,37,0.95,direct,2026-05-05T16:30:00Z
337,337,14,0.97,semantic,2026-05-05T16:30:00Z
338,338,53,0.78,hashtag,2026-05-05T16:30:00Z
339,339,28,0.86,visual,2026-05-05T16:30:00Z
340,340,6,0.91,inferred,2026-05-05T16:30:00Z
341,341,43,0.92,direct,2026-05-05T16:30:00Z
342,342,19,0.8,semantic,2026-05-05T16:30:00Z
343,343,59,0.96,hashtag,2026-05-05T16:30:00Z
344,344,34,0.78,visual,2026-05-05T16:30:00Z
345,345,11,0.9,inferred,2026-05-05T16:30:00Z
346,346,49,0.85,direct,2026-05-05T16:30:00Z
347,347,24,0.91,semantic,2026-05-05T16:30:00Z
348,348,3,0.79,hashtag,2026-05-05T16:30:00Z
349,349,39,0.85,visual,2026-05-05T16:30:00Z
350,350,16,0.8,inferred,2026-05-05T16:30:00Z
351,351,56,0.89,direct,2026-05-05T16:30:00Z
352,352,30,0.97,semantic,2026-05-05T16:30:00Z
353,353,8,0.97,hashtag,2026-05-05T16:30:00Z
354,354,46,0.94,visual,2026-05-05T16:30:00Z
355,355,21,0.78,inferred,2026-05-05T16:30:00Z
356,356,1,0.79,direct,2026-05-05T16:30:00Z
357,357,36,0.95,semantic,2026-05-05T16:30:00Z
358,358,13,0.83,hashtag,2026-05-05T16:30:00Z
359,359,52,0.92,visual,2026-05-05T16:30:00Z
360,360,26,0.79,inferred,2026-05-05T16:30:00Z
361,361,5,0.97,direct,2026-05-05T16:30:00Z
362,362,42,0.8,semantic,2026-05-05T16:30:00Z
363,363,18,0.98,hashtag,2026-05-05T16:30:00Z
364,364,58,0.84,visual,2026-05-05T16:30:00Z
365,365,32,0.79,inferred,2026-05-05T16:30:00Z
366,366,10,0.77,direct,2026-05-05T16:30:00Z
367,367,48,0.83,semantic,2026-05-05T16:30:00Z
368,368,23,0.89,hashtag,2026-05-05T16:30:00Z
369,369,2,0.88,visual,2026-05-05T16:30:00Z
370,370,38,0.92,inferred,2026-05-05T16:30:00Z
371,371,14,0.76,direct,2026-05-05T16:30:00Z
372,372,54,0.87,semantic,2026-05-05T16:30:00Z
373,373,29,0.97,hashtag,2026-05-05T16:30:00Z
374,374,7,0.76,visual,2026-05-05T16:30:00Z
375,375,44,0.94,inferred,2026-05-05T16:30:00Z
376,376,20,0.86,direct,2026-05-05T16:30:00Z
377,377,60,0.8,semantic,2026-05-05T16:30:00Z
378,378,34,0.9,hashtag,2026-05-05T16:30:00Z
379,379,11,0.87,visual,2026-05-05T16:30:00Z
380,380,50,0.82,inferred,2026-05-05T16:30:00Z
381,381,25,0.86,direct,2026-05-05T16:30:00Z
382,382,4,0.78,semantic,2026-05-05T16:30:00Z
383,383,40,0.81,hashtag,2026-05-05T16:30:00Z
384,384,16,0.97,visual,2026-05-05T16:30:00Z
385,385,56,0.89,inferred,2026-05-05T16:30:00Z
386,386,31,0.8,direct,2026-05-05T16:30:00Z
387,387,8,0.86,semantic,2026-05-05T16:30:00Z
388,388,46,0.98,hashtag,2026-05-05T16:30:00Z
389,389,22,0.85,visual,2026-05-05T16:30:00Z
390,390,2,0.95,inferred,2026-05-05T16:30:00Z
391,391,37,0.91,direct,2026-05-05T16:30:00Z
392,392,13,0.8,semantic,2026-05-05T16:30:00Z
393,393,53,0.9,hashtag,2026-05-05T16:30:00Z
394,394,27,0.95,visual,2026-05-05T16:30:00Z
395,395,6,0.76,inferred,2026-05-05T16:30:00Z
396,396,43,0.82,direct,2026-05-05T16:30:00Z
397,397,18,0.89,semantic,2026-05-05T16:30:00Z
398,398,59,0.95,hashtag,2026-05-05T16:30:00Z
399,399,33,0.92,visual,2026-05-05T16:30:00Z
400,400,10,0.95,inferred,2026-05-05T16:30:00Z
401,401,49,0.9,direct,2026-05-05T16:30:00Z
402,402,24,0.85,semantic,2026-05-05T16:30:00Z
403,403,3,0.78,hashtag,2026-05-05T16:30:00Z
404,404,39,0.77,visual,2026-05-05T16:30:00Z
405,405,15,0.9,inferred,2026-05-05T16:30:00Z
406,406,55,0.93,direct,2026-05-05T16:30:00Z
407,407,29,0.85,semantic,2026-05-05T16:30:00Z
408,408,7,0.81,hashtag,2026-05-05T16:30:00Z
409,409,45,0.91,visual,2026-05-05T16:30:00Z
410,410,20,0.81,inferred,2026-05-05T16:30:00Z
411,411,1,0.95,direct,2026-05-05T16:30:00Z
412,412,35,0.95,semantic,2026-05-05T16:30:00Z
413,413,12,0.96,hashtag,2026-05-05T16:30:00Z
414,414,51,0.89,visual,2026-05-05T16:30:00Z
415,415,26,0.82,inferred,2026-05-05T16:30:00Z
416,416,5,0.98,direct,2026-05-05T16:30:00Z
417,417,41,0.98,semantic,2026-05-05T16:30:00Z
418,418,17,0.78,hashtag,2026-05-05T16:30:00Z
419,419,57,0.93,visual,2026-05-05T16:30:00Z
420,420,32,0.84,inferred,2026-05-05T16:30:00Z
421,421,9,0.81,direct,2026-05-05T16:30:00Z
422,422,47,0.81,semantic,2026-05-05T16:30:00Z
423,423,23,0.82,hashtag,2026-05-05T16:30:00Z
424,424,2,0.8,visual,2026-05-05T16:30:00Z
425,425,38,0.9,inferred,2026-05-05T16:30:00Z
426,426,14,0.76,direct,2026-05-05T16:30:00Z
427,427,54,0.77,semantic,2026-05-05T16:30:00Z
428,428,28,0.82,hashtag,2026-05-05T16:30:00Z
429,429,6,0.92,visual,2026-05-05T16:30:00Z
430,430,44,0.89,inferred,2026-05-05T16:30:00Z
431,431,19,0.86,direct,2026-05-05T16:30:00Z
432,432,60,0.78,semantic,2026-05-05T16:30:00Z
433,433,34,0.91,hashtag,2026-05-05T16:30:00Z
434,434,11,0.77,visual,2026-05-05T16:30:00Z
435,435,50,0.89,inferred,2026-05-05T16:30:00Z
436,436,25,0.84,direct,2026-05-05T16:30:00Z
437,437,4,0.9,semantic,2026-05-05T16:30:00Z
438,438,40,0.87,hashtag,2026-05-05T16:30:00Z
439,439,16,0.76,visual,2026-05-05T16:30:00Z
440,440,56,0.91,inferred,2026-05-05T16:30:00Z
441,441,30,0.8,direct,2026-05-05T16:30:00Z
442,442,8,0.84,semantic,2026-05-05T16:30:00Z
443,443,46,0.81,hashtag,2026-05-05T16:30:00Z
444,444,21,0.83,visual,2026-05-05T16:30:00Z
445,445,1,0.92,inferred,2026-05-05T16:30:00Z
446,446,36,0.82,direct,2026-05-05T16:30:00Z
447,447,13,0.97,semantic,2026-05-05T16:30:00Z
448,448,52,0.96,hashtag,2026-05-05T16:30:00Z
449,449,27,0.77,visual,2026-05-05T16:30:00Z
450,450,5,0.97,inferred,2026-05-05T16:30:00Z
451,451,42,0.79,direct,2026-05-05T16:30:00Z
452,452,18,0.85,semantic,2026-05-05T16:30:00Z
453,453,58,0.97,hashtag,2026-05-05T16:30:00Z
454,454,33,0.98,visual,2026-05-05T16:30:00Z
455,455,10,0.82,inferred,2026-05-05T16:30:00Z
456,456,48,0.92,direct,2026-05-05T16:30:00Z
457,457,23,0.86,semantic,2026-05-05T16:30:00Z
458,458,3,0.93,hashtag,2026-05-05T16:30:00Z
459,459,38,0.86,visual,2026-05-05T16:30:00Z
460,460,15,0.96,inferred,2026-05-05T16:30:00Z
461,461,54,0.76,direct,2026-05-05T16:30:00Z
462,462,29,0.88,semantic,2026-05-05T16:30:00Z
463,463,7,0.94,hashtag,2026-05-05T16:30:00Z
464,464,44,0.79,visual,2026-05-05T16:30:00Z
465,465,20,0.79,inferred,2026-05-05T16:30:00Z
466,466,1,0.91,direct,2026-05-05T16:30:00Z
467,467,35,0.88,semantic,2026-05-05T16:30:00Z
468,468,12,0.83,hashtag,2026-05-05T16:30:00Z
469,469,51,0.91,visual,2026-05-05T16:30:00Z
470,470,25,0.78,inferred,2026-05-05T16:30:00Z
471,471,4,0.96,direct,2026-05-05T16:30:00Z
472,472,41,0.86,semantic,2026-05-05T16:30:00Z
473,473,17,0.98,hashtag,2026-05-05T16:30:00Z
474,474,57,0.83,visual,2026-05-05T16:30:00Z
475,475,31,0.77,inferred,2026-05-05T16:30:00Z
476,476,9,0.89,direct,2026-05-05T16:30:00Z
477,477,47,0.79,semantic,2026-05-05T16:30:00Z
478,478,22,0.89,hashtag,2026-05-05T16:30:00Z
479,479,2,0.78,visual,2026-05-05T16:30:00Z
480,480,37,0.8,inferred,2026-05-05T16:30:00Z
481,481,14,0.76,direct,2026-05-05T16:30:00Z
482,482,53,0.92,semantic,2026-05-05T16:30:00Z
483,483,28,0.84,hashtag,2026-05-05T16:30:00Z
484,484,6,0.92,visual,2026-05-05T16:30:00Z
485,485,43,0.98,inferred,2026-05-05T16:30:00Z
486,486,19,0.87,direct,2026-05-05T16:30:00Z
487,487,59,0.96,semantic,2026-05-05T16:30:00Z
488,488,33,0.94,hashtag,2026-05-05T16:30:00Z
489,489,10,0.94,visual,2026-05-05T16:30:00Z
490,490,49,0.91,inferred,2026-05-05T16:30:00Z
491,491,24,0.86,direct,2026-05-05T16:30:00Z
492,492,3,0.8,semantic,2026-05-05T16:30:00Z
493,493,39,0.84,hashtag,2026-05-05T16:30:00Z
494,494,15,0.85,visual,2026-05-05T16:30:00Z
495,495,55,0.88,inferred,2026-05-05T16:30:00Z
496,496,30,0.84,direct,2026-05-05T16:30:00Z
497,497,8,0.78,semantic,2026-05-05T16:30:00Z
498,498,45,0.92,hashtag,2026-05-05T16:30:00Z
499,499,21,0.79,visual,2026-05-05T16:30:00Z
500,500,1,0.82,inferred,2026-05-05T16:30:00Z
501,501,36,0.81,direct,2026-05-05T16:30:00Z
502,502,12,0.91,semantic,2026-05-05T16:30:00Z
503,503,51,0.88,hashtag,2026-05-05T16:30:00Z
504,504,26,0.8,visual,2026-05-05T16:30:00Z
505,505,5,0.81,inferred,2026-05-05T16:30:00Z
506,506,42,0.85,direct,2026-05-05T16:30:00Z
507,507,17,0.94,semantic,2026-05-05T16:30:00Z
508,508,58,0.92,hashtag,2026-05-05T16:30:00Z
509,509,32,0.95,visual,2026-05-05T16:30:00Z
510,510,9,0.96,inferred,2026-05-05T16:30:00Z
511,511,48,0.94,direct,2026-05-05T16:30:00Z
512,512,23,0.82,semantic,2026-05-05T16:30:00Z
513,513,2,0.97,hashtag,2026-05-05T16:30:00Z
514,514,38,0.91,visual,2026-05-05T16:30:00Z
515,515,14,0.91,inferred,2026-05-05T16:30:00Z
516,516,54,0.93,direct,2026-05-05T16:30:00Z
517,517,28,0.82,semantic,2026-05-05T16:30:00Z
518,518,6,0.91,hashtag,2026-05-05T16:30:00Z
519,519,44,0.88,visual,2026-05-05T16:30:00Z
520,520,20,0.94,inferred,2026-05-05T16:30:00Z
521,521,60,0.84,direct,2026-05-05T16:30:00Z
522,522,34,0.89,semantic,2026-05-05T16:30:00Z
523,523,11,0.79,hashtag,2026-05-05T16:30:00Z
524,524,50,0.78,visual,2026-05-05T16:30:00Z
525,525,25,0.95,inferred,2026-05-05T16:30:00Z
526,526,4,0.87,direct,2026-05-05T16:30:00Z
527,527,40,0.83,semantic,2026-05-05T16:30:00Z
528,528,16,0.81,hashtag,2026-05-05T16:30:00Z
529,529,56,0.78,visual,2026-05-05T16:30:00Z
530,530,31,0.79,inferred,2026-05-05T16:30:00Z
531,531,8,0.97,direct,2026-05-05T16:30:00Z
532,532,46,0.83,semantic,2026-05-05T16:30:00Z
533,533,22,0.82,hashtag,2026-05-05T16:30:00Z
534,534,1,0.85,visual,2026-05-05T16:30:00Z
535,535,36,0.97,inferred,2026-05-05T16:30:00Z
536,536,13,0.92,direct,2026-05-05T16:30:00Z
537,537,52,0.82,semantic,2026-05-05T16:30:00Z
538,538,27,0.78,hashtag,2026-05-05T16:30:00Z
539,539,5,0.92,visual,2026-05-05T16:30:00Z
540,540,42,0.81,inferred,2026-05-05T16:30:00Z
541,541,18,0.92,direct,2026-05-05T16:30:00Z
542,542,59,0.9,semantic,2026-05-05T16:30:00Z
543,543,33,0.8,hashtag,2026-05-05T16:30:00Z
544,544,10,0.9,visual,2026-05-05T16:30:00Z
545,545,49,0.78,inferred,2026-05-05T16:30:00Z
546,546,24,0.82,direct,2026-05-05T16:30:00Z
547,547,3,0.85,semantic,2026-05-05T16:30:00Z
548,548,39,0.97,hashtag,2026-05-05T16:30:00Z
549,549,15,0.86,visual,2026-05-05T16:30:00Z
550,550,55,0.87,inferred,2026-05-05T16:30:00Z
551,551,29,0.92,direct,2026-05-05T16:30:00Z
552,552,7,0.85,semantic,2026-05-05T16:30:00Z
553,553,45,0.81,hashtag,2026-05-05T16:30:00Z
554,554,20,0.9,visual,2026-05-05T16:30:00Z
555,555,1,0.95,inferred,2026-05-05T16:30:00Z
556,556,35,0.9,direct,2026-05-05T16:30:00Z
557,557,12,0.85,semantic,2026-05-05T16:30:00Z
558,558,51,0.82,hashtag,2026-05-05T16:30:00Z
559,559,26,0.93,visual,2026-05-05T16:30:00Z
560,560,4,0.91,inferred,2026-05-05T16:30:00Z
561,561,41,0.86,direct,2026-05-05T16:30:00Z
562,562,17,0.96,semantic,2026-05-05T16:30:00Z
563,563,57,0.83,hashtag,2026-05-05T16:30:00Z
564,564,31,0.89,visual,2026-05-05T16:30:00Z
565,565,9,0.82,inferred,2026-05-05T16:30:00Z
566,566,47,0.91,direct,2026-05-05T16:30:00Z
567,567,22,0.83,semantic,2026-05-05T16:30:00Z
568,568,2,0.94,hashtag,2026-05-05T16:30:00Z
569,569,37,0.8,visual,2026-05-05T16:30:00Z
570,570,14,0.96,inferred,2026-05-05T16:30:00Z
571,571,53,0.78,direct,2026-05-05T16:30:00Z
572,572,28,0.93,semantic,2026-05-05T16:30:00Z
573,573,6,0.88,hashtag,2026-05-05T16:30:00Z
574,574,43,0.93,visual,2026-05-05T16:30:00Z
575,575,19,0.79,inferred,2026-05-05T16:30:00Z
576,576,60,0.96,direct,2026-05-05T16:30:00Z
577,577,34,0.96,semantic,2026-05-05T16:30:00Z
578,578,11,0.96,hashtag,2026-05-05T16:30:00Z
579,579,49,0.92,visual,2026-05-05T16:30:00Z
580,580,24,0.79,inferred,2026-05-05T16:30:00Z
581,581,3,0.82,direct,2026-05-05T16:30:00Z
582,582,40,0.79,semantic,2026-05-05T16:30:00Z
583,583,16,0.8,hashtag,2026-05-05T16:30:00Z
584,584,56,0.82,visual,2026-05-05T16:30:00Z
585,585,30,0.93,inferred,2026-05-05T16:30:00Z
586,586,8,0.83,direct,2026-05-05T16:30:00Z
587,587,46,0.92,semantic,2026-05-05T16:30:00Z
588,588,21,0.78,hashtag,2026-05-05T16:30:00Z
589,589,1,0.85,visual,2026-05-05T16:30:00Z
590,590,36,0.85,inferred,2026-05-05T16:30:00Z
591,591,13,0.87,direct,2026-05-05T16:30:00Z
592,592,52,0.82,semantic,2026-05-05T16:30:00Z
593,593,27,0.8,hashtag,2026-05-05T16:30:00Z
594,594,5,0.96,visual,2026-05-05T16:30:00Z
595,595,42,0.85,inferred,2026-05-05T16:30:00Z
596,596,18,0.83,direct,2026-05-05T16:30:00Z
597,597,58,0.89,semantic,2026-05-05T16:30:00Z
598,598,32,0.89,hashtag,2026-05-05T16:30:00Z
599,599,10,0.84,visual,2026-05-05T16:30:00Z
600,600,48,0.86,inferred,2026-05-05T16:30:00Z
601,601,23,0.82,direct,2026-05-05T16:30:00Z
602,602,3,0.77,semantic,2026-05-05T16:30:00Z
603,603,38,0.91,hashtag,2026-05-05T16:30:00Z
604,604,15,0.76,visual,2026-05-05T16:30:00Z
605,605,54,0.9,inferred,2026-05-05T16:30:00Z
606,606,29,0.78,direct,2026-05-05T16:30:00Z
607,607,7,0.91,semantic,2026-05-05T16:30:00Z
608,608,44,0.84,hashtag,2026-05-05T16:30:00Z
609,609,20,0.81,visual,2026-05-05T16:30:00Z
610,610,1,0.82,inferred,2026-05-05T16:30:00Z
611,611,35,0.95,direct,2026-05-05T16:30:00Z
612,612,11,0.77,semantic,2026-05-05T16:30:00Z
613,613,50,0.84,hashtag,2026-05-05T16:30:00Z
614,614,25,0.91,visual,2026-05-05T16:30:00Z
615,615,4,0.81,inferred,2026-05-05T16:30:00Z
616,616,40,0.8,direct,2026-05-05T16:30:00Z
617,617,17,0.78,semantic,2026-05-05T16:30:00Z
618,618,57,0.97,hashtag,2026-05-05T16:30:00Z
619,619,31,0.96,visual,2026-05-05T16:30:00Z
620,620,8,0.96,inferred,2026-05-05T16:30:00Z
621,621,47,0.92,direct,2026-05-05T16:30:00Z
622,622,22,0.86,semantic,2026-05-05T16:30:00Z
623,623,2,0.96,hashtag,2026-05-05T16:30:00Z
624,624,37,0.85,visual,2026-05-05T16:30:00Z
625,625,13,0.86,inferred,2026-05-05T16:30:00Z
626,626,53,0.83,direct,2026-05-05T16:30:00Z
627,627,27,0.86,semantic,2026-05-05T16:30:00Z
628,628,6,0.93,hashtag,2026-05-05T16:30:00Z
629,629,43,0.92,visual,2026-05-05T16:30:00Z
630,630,19,0.87,inferred,2026-05-05T16:30:00Z
631,631,59,0.96,direct,2026-05-05T16:30:00Z
632,632,33,0.8,semantic,2026-05-05T16:30:00Z
633,633,10,0.85,hashtag,2026-05-05T16:30:00Z
634,634,49,0.89,visual,2026-05-05T16:30:00Z
635,635,24,0.98,inferred,2026-05-05T16:30:00Z
636,636,3,0.87,direct,2026-05-05T16:30:00Z
637,637,39,0.88,semantic,2026-05-05T16:30:00Z
638,638,15,0.79,hashtag,2026-05-05T16:30:00Z
639,639,55,0.97,visual,2026-05-05T16:30:00Z
640,640,30,0.8,inferred,2026-05-05T16:30:00Z
641,641,7,0.88,direct,2026-05-05T16:30:00Z
642,642,45,0.78,semantic,2026-05-05T16:30:00Z
643,643,21,0.89,hashtag,2026-05-05T16:30:00Z
644,644,1,0.82,visual,2026-05-05T16:30:00Z
645,645,35,0.84,inferred,2026-05-05T16:30:00Z
646,646,12,0.76,direct,2026-05-05T16:30:00Z
647,647,51,0.84,semantic,2026-05-05T16:30:00Z
648,648,26,0.82,hashtag,2026-05-05T16:30:00Z
649,649,5,0.94,visual,2026-05-05T16:30:00Z
650,650,41,0.93,inferred,2026-05-05T16:30:00Z
651,651,17,0.86,direct,2026-05-05T16:30:00Z
652,652,58,0.85,semantic,2026-05-05T16:30:00Z
653,653,32,0.9,hashtag,2026-05-05T16:30:00Z
654,654,9,0.89,visual,2026-05-05T16:30:00Z
655,655,47,0.84,inferred,2026-05-05T16:30:00Z
656,656,23,0.95,direct,2026-05-05T16:30:00Z
657,657,2,0.79,semantic,2026-05-05T16:30:00Z
658,658,38,0.92,hashtag,2026-05-05T16:30:00Z
659,659,14,0.83,visual,2026-05-05T16:30:00Z
660,660,54,0.88,inferred,2026-05-05T16:30:00Z
661,661,28,0.86,direct,2026-05-05T16:30:00Z
662,662,6,0.95,semantic,2026-05-05T16:30:00Z
663,663,44,0.91,hashtag,2026-05-05T16:30:00Z
664,664,19,0.83,visual,2026-05-05T16:30:00Z
665,665,60,0.97,inferred,2026-05-05T16:30:00Z
666,666,34,0.76,direct,2026-05-05T16:30:00Z
667,667,11,0.88,semantic,2026-05-05T16:30:00Z
668,668,50,0.93,hashtag,2026-05-05T16:30:00Z
669,669,25,0.79,visual,2026-05-05T16:30:00Z
670,670,4,0.8,inferred,2026-05-05T16:30:00Z
671,671,40,0.97,direct,2026-05-05T16:30:00Z
672,672,16,0.84,semantic,2026-05-05T16:30:00Z
673,673,56,0.93,hashtag,2026-05-05T16:30:00Z
674,674,30,0.93,visual,2026-05-05T16:30:00Z
675,675,8,0.77,inferred,2026-05-05T16:30:00Z
676,676,46,0.93,direct,2026-05-05T16:30:00Z
677,677,21,0.89,semantic,2026-05-05T16:30:00Z
678,678,1,0.79,hashtag,2026-05-05T16:30:00Z
679,679,36,0.98,visual,2026-05-05T16:30:00Z
680,680,13,0.83,inferred,2026-05-05T16:30:00Z
681,681,52,0.97,direct,2026-05-05T16:30:00Z
682,682,27,0.79,semantic,2026-05-05T16:30:00Z
683,683,5,0.95,hashtag,2026-05-05T16:30:00Z
684,684,42,0.81,visual,2026-05-05T16:30:00Z
685,685,18,0.92,inferred,2026-05-05T16:30:00Z
686,686,58,0.91,direct,2026-05-05T16:30:00Z
687,687,33,0.79,semantic,2026-05-05T16:30:00Z
688,688,10,0.77,hashtag,2026-05-05T16:30:00Z
689,689,48,0.84,visual,2026-05-05T16:30:00Z
690,690,23,0.97,inferred,2026-05-05T16:30:00Z
691,691,3,0.9,direct,2026-05-05T16:30:00Z
692,692,39,0.77,semantic,2026-05-05T16:30:00Z
693,693,15,0.77,hashtag,2026-05-05T16:30:00Z
694,694,55,0.78,visual,2026-05-05T16:30:00Z
695,695,29,0.83,inferred,2026-05-05T16:30:00Z
696,696,7,0.79,direct,2026-05-05T16:30:00Z
697,697,45,0.87,semantic,2026-05-05T16:30:00Z
698,698,20,0.94,hashtag,2026-05-05T16:30:00Z
699,699,1,0.91,visual,2026-05-05T16:30:00Z
700,700,35,0.89,inferred,2026-05-05T16:30:00Z
701,701,12,0.97,direct,2026-05-05T16:30:00Z
702,702,51,0.87,semantic,2026-05-05T16:30:00Z
703,703,26,0.94,hashtag,2026-05-05T16:30:00Z
704,704,4,0.87,visual,2026-05-05T16:30:00Z
705,705,41,0.78,inferred,2026-05-05T16:30:00Z
706,706,17,0.76,direct,2026-05-05T16:30:00Z
707,707,57,0.96,semantic,2026-05-05T16:30:00Z
708,708,31,0.81,hashtag,2026-05-05T16:30:00Z
709,709,9,0.78,visual,2026-05-05T16:30:00Z
710,710,47,0.9,inferred,2026-05-05T16:30:00Z
711,711,22,0.82,direct,2026-05-05T16:30:00Z
712,712,2,0.83,semantic,2026-05-05T16:30:00Z
713,713,37,0.78,hashtag,2026-05-05T16:30:00Z
714,714,14,0.9,visual,2026-05-05T16:30:00Z
715,715,53,0.81,inferred,2026-05-05T16:30:00Z
716,716,28,0.84,direct,2026-05-05T16:30:00Z
717,717,6,0.91,semantic,2026-05-05T16:30:00Z
718,718,43,0.84,hashtag,2026-05-05T16:30:00Z
719,719,19,0.94,visual,2026-05-05T16:30:00Z
720,720,59,0.88,inferred,2026-05-05T16:30:00Z
721,721,33,0.94,direct,2026-05-05T16:30:00Z
722,722,11,0.83,semantic,2026-05-05T16:30:00Z
723,723,49,0.78,hashtag,2026-05-05T16:30:00Z
724,724,24,0.76,visual,2026-05-05T16:30:00Z
725,725,3,0.93,inferred,2026-05-05T16:30:00Z
726,726,39,0.84,direct,2026-05-05T16:30:00Z
727,727,16,0.83,semantic,2026-05-05T16:30:00Z
728,728,55,0.77,hashtag,2026-05-05T16:30:00Z
729,729,30,0.83,visual,2026-05-05T16:30:00Z
730,730,8,0.94,inferred,2026-05-05T16:30:00Z
731,731,45,0.93,direct,2026-05-05T16:30:00Z
732,732,21,0.89,semantic,2026-05-05T16:30:00Z
733,733,1,0.78,hashtag,2026-05-05T16:30:00Z
734,734,36,0.82,visual,2026-05-05T16:30:00Z
735,735,12,0.85,inferred,2026-05-05T16:30:00Z
736,736,52,0.82,direct,2026-05-05T16:30:00Z
737,737,26,0.88,semantic,2026-05-05T16:30:00Z
738,738,5,0.78,hashtag,2026-05-05T16:30:00Z
739,739,42,0.9,visual,2026-05-05T16:30:00Z
740,740,18,0.96,inferred,2026-05-05T16:30:00Z
741,741,58,0.94,direct,2026-05-05T16:30:00Z
742,742,32,0.8,semantic,2026-05-05T16:30:00Z
743,743,9,0.8,hashtag,2026-05-05T16:30:00Z
744,744,48,0.79,visual,2026-05-05T16:30:00Z
745,745,23,0.82,inferred,2026-05-05T16:30:00Z
746,746,2,0.79,direct,2026-05-05T16:30:00Z
747,747,38,0.82,semantic,2026-05-05T16:30:00Z
748,748,14,0.85,hashtag,2026-05-05T16:30:00Z
749,749,54,0.82,visual,2026-05-05T16:30:00Z
750,750,29,0.84,inferred,2026-05-05T16:30:00Z
751,751,7,0.81,direct,2026-05-05T16:30:00Z
752,752,44,0.78,semantic,2026-05-05T16:30:00Z
753,753,20,0.96,hashtag,2026-05-05T16:30:00Z
754,754,60,0.86,visual,2026-05-05T16:30:00Z
755,755,34,0.97,inferred,2026-05-05T16:30:00Z
756,756,11,0.83,direct,2026-05-05T16:30:00Z
757,757,50,0.81,semantic,2026-05-05T16:30:00Z
758,758,25,0.9,hashtag,2026-05-05T16:30:00Z
759,759,4,0.77,visual,2026-05-05T16:30:00Z
760,760,40,0.96,inferred,2026-05-05T16:30:00Z
761,761,16,0.8,direct,2026-05-05T16:30:00Z
762,762,56,0.79,semantic,2026-05-05T16:30:00Z
763,763,31,0.86,hashtag,2026-05-05T16:30:00Z
764,764,8,0.86,visual,2026-05-05T16:30:00Z
765,765,46,0.97,inferred,2026-05-05T16:30:00Z
766,766,22,0.86,direct,2026-05-05T16:30:00Z
767,767,2,0.8,semantic,2026-05-05T16:30:00Z
768,768,37,0.9,hashtag,2026-05-05T16:30:00Z
769,769,13,0.9,visual,2026-05-05T16:30:00Z
770,770,53,0.83,inferred,2026-05-05T16:30:00Z
771,771,27,0.88,direct,2026-05-05T16:30:00Z
772,772,6,0.81,semantic,2026-05-05T16:30:00Z
773,773,43,0.91,hashtag,2026-05-05T16:30:00Z
774,774,18,0.95,visual,2026-05-05T16:30:00Z
775,775,59,0.9,inferred,2026-05-05T16:30:00Z
776,776,33,0.94,direct,2026-05-05T16:30:00Z
777,777,10,0.82,semantic,2026-05-05T16:30:00Z
778,778,49,0.95,hashtag,2026-05-05T16:30:00Z
779,779,24,0.95,visual,2026-05-05T16:30:00Z
780,780,3,0.82,inferred,2026-05-05T16:30:00Z
781,781,39,0.96,direct,2026-05-05T16:30:00Z
782,782,15,0.91,semantic,2026-05-05T16:30:00Z
783,783,55,0.85,hashtag,2026-05-05T16:30:00Z
784,784,29,0.92,visual,2026-05-05T16:30:00Z
785,785,7,0.98,inferred,2026-05-05T16:30:00Z
786,786,45,0.91,direct,2026-05-05T16:30:00Z
787,787,20,0.78,semantic,2026-05-05T16:30:00Z
788,788,1,0.89,hashtag,2026-05-05T16:30:00Z
789,789,35,0.84,visual,2026-05-05T16:30:00Z
790,790,12,0.8,inferred,2026-05-05T16:30:00Z
791,791,51,0.81,direct,2026-05-05T16:30:00Z
792,792,26,0.93,semantic,2026-05-05T16:30:00Z
793,793,5,0.85,hashtag,2026-05-05T16:30:00Z
794,794,41,0.9,visual,2026-05-05T16:30:00Z
795,795,17,0.89,inferred,2026-05-05T16:30:00Z
796,796,57,0.78,direct,2026-05-05T16:30:00Z
797,797,32,0.93,semantic,2026-05-05T16:30:00Z
798,798,9,0.97,hashtag,2026-05-05T16:30:00Z
799,799,47,0.97,visual,2026-05-05T16:30:00Z
800,800,22,0.9,inferred,2026-05-05T16:30:00Z
801,801,2,0.84,direct,2026-05-05T16:30:00Z
802,802,37,0.85,semantic,2026-05-05T16:30:00Z
803,803,14,0.93,hashtag,2026-05-05T16:30:00Z
804,804,53,0.98,visual,2026-05-05T16:30:00Z
805,805,28,0.87,inferred,2026-05-05T16:30:00Z
806,806,6,0.97,direct,2026-05-05T16:30:00Z
807,807,43,0.89,semantic,2026-05-05T16:30:00Z
808,808,19,0.94,hashtag,2026-05-05T16:30:00Z
809,809,60,0.81,visual,2026-05-05T16:30:00Z
810,810,34,0.94,inferred,2026-05-05T16:30:00Z
811,811,11,0.96,direct,2026-05-05T16:30:00Z
812,812,50,0.94,semantic,2026-05-05T16:30:00Z
813,813,25,0.87,hashtag,2026-05-05T16:30:00Z
814,814,4,0.83,visual,2026-05-05T16:30:00Z
815,815,40,0.83,inferred,2026-05-05T16:30:00Z
816,816,16,0.92,direct,2026-05-05T16:30:00Z
817,817,56,0.76,semantic,2026-05-05T16:30:00Z
818,818,30,0.82,hashtag,2026-05-05T16:30:00Z
819,819,8,0.91,visual,2026-05-05T16:30:00Z
820,820,46,0.8,inferred,2026-05-05T16:30:00Z
821,821,21,0.85,direct,2026-05-05T16:30:00Z
822,822,1,0.78,semantic,2026-05-05T16:30:00Z
823,823,36,0.98,hashtag,2026-05-05T16:30:00Z
824,824,13,0.86,visual,2026-05-05T16:30:00Z
825,825,52,0.85,inferred,2026-05-05T16:30:00Z
826,826,27,0.84,direct,2026-05-05T16:30:00Z
827,827,5,0.78,semantic,2026-05-05T16:30:00Z
828,828,42,0.97,hashtag,2026-05-05T16:30:00Z
829,829,18,0.89,visual,2026-05-05T16:30:00Z
830,830,58,0.87,inferred,2026-05-05T16:30:00Z
831,831,32,0.9,direct,2026-05-05T16:30:00Z
832,832,10,0.86,semantic,2026-05-05T16:30:00Z
833,833,48,0.85,hashtag,2026-05-05T16:30:00Z
834,834,23,0.78,visual,2026-05-05T16:30:00Z
835,835,3,0.89,inferred,2026-05-05T16:30:00Z
836,836,38,0.81,direct,2026-05-05T16:30:00Z
837,837,15,0.89,semantic,2026-05-05T16:30:00Z
838,838,54,0.84,hashtag,2026-05-05T16:30:00Z
839,839,29,0.9,visual,2026-05-05T16:30:00Z
840,840,7,0.9,inferred,2026-05-05T16:30:00Z
841,841,44,0.87,direct,2026-05-05T16:30:00Z
842,842,20,0.96,semantic,2026-05-05T16:30:00Z
843,843,1,0.95,hashtag,2026-05-05T16:30:00Z
844,844,35,0.9,visual,2026-05-05T16:30:00Z
845,845,12,0.83,inferred,2026-05-05T16:30:00Z
846,846,50,0.84,direct,2026-05-05T16:30:00Z
847,847,25,0.96,semantic,2026-05-05T16:30:00Z
848,848,4,0.93,hashtag,2026-05-05T16:30:00Z
849,849,41,0.91,visual,2026-05-05T16:30:00Z
850,850,17,0.88,inferred,2026-05-05T16:30:00Z
851,851,57,0.9,direct,2026-05-05T16:30:00Z
852,852,31,0.96,semantic,2026-05-05T16:30:00Z
853,853,9,0.78,hashtag,2026-05-05T16:30:00Z
854,854,47,0.98,visual,2026-05-05T16:30:00Z
855,855,22,0.87,inferred,2026-05-05T16:30:00Z
856,856,2,0.83,direct,2026-05-05T16:30:00Z
857,857,37,0.98,semantic,2026-05-05T16:30:00Z
858,858,13,0.94,hashtag,2026-05-05T16:30:00Z
859,859,53,0.79,visual,2026-05-05T16:30:00Z
860,860,28,0.98,inferred,2026-05-05T16:30:00Z
861,861,6,0.77,direct,2026-05-05T16:30:00Z
862,862,43,0.95,semantic,2026-05-05T16:30:00Z
863,863,19,0.95,hashtag,2026-05-05T16:30:00Z
864,864,59,0.89,visual,2026-05-05T16:30:00Z
865,865,33,0.9,inferred,2026-05-05T16:30:00Z
866,866,10,0.94,direct,2026-05-05T16:30:00Z
867,867,49,0.84,semantic,2026-05-05T16:30:00Z
868,868,24,0.83,hashtag,2026-05-05T16:30:00Z
869,869,3,0.93,visual,2026-05-05T16:30:00Z
870,870,39,0.81,inferred,2026-05-05T16:30:00Z
871,871,15,0.95,direct,2026-05-05T16:30:00Z
872,872,55,0.89,semantic,2026-05-05T16:30:00Z
873,873,30,0.88,hashtag,2026-05-05T16:30:00Z
874,874,7,0.92,visual,2026-05-05T16:30:00Z
875,875,45,0.92,inferred,2026-05-05T16:30:00Z
876,876,21,0.84,direct,2026-05-05T16:30:00Z
877,877,1,0.84,semantic,2026-05-05T16:30:00Z
878,878,36,0.83,hashtag,2026-05-05T16:30:00Z
879,879,12,0.84,visual,2026-05-05T16:30:00Z
880,880,51,0.9,inferred,2026-05-05T16:30:00Z
881,881,26,0.78,direct,2026-05-05T16:30:00Z
882,882,5,0.96,semantic,2026-05-05T16:30:00Z
883,883,41,0.91,hashtag,2026-05-05T16:30:00Z
884,884,17,0.83,visual,2026-05-05T16:30:00Z
885,885,58,0.92,inferred,2026-05-05T16:30:00Z
886,886,32,0.77,direct,2026-05-05T16:30:00Z
887,887,9,0.9,semantic,2026-05-05T16:30:00Z
888,888,48,0.86,hashtag,2026-05-05T16:30:00Z
889,889,23,0.81,visual,2026-05-05T16:30:00Z
890,890,2,0.96,inferred,2026-05-05T16:30:00Z
891,891,38,0.97,direct,2026-05-05T16:30:00Z
892,892,14,0.92,semantic,2026-05-05T16:30:00Z
893,893,54,0.97,hashtag,2026-05-05T16:30:00Z
894,894,28,0.96,visual,2026-05-05T16:30:00Z
895,895,6,0.79,inferred,2026-05-05T16:30:00Z
896,896,44,0.78,direct,2026-05-05T16:30:00Z
897,897,19,0.95,semantic,2026-05-05T16:30:00Z
898,898,60,0.82,hashtag,2026-05-05T16:30:00Z
899,899,34,0.8,visual,2026-05-05T16:30:00Z
900,900,11,0.88,inferred,2026-05-05T16:30:00Z
901,901,50,0.84,direct,2026-05-05T16:30:00Z
902,902,25,0.93,semantic,2026-05-05T16:30:00Z
903,903,4,0.91,hashtag,2026-05-05T16:30:00Z
904,904,40,0.8,visual,2026-05-05T16:30:00Z
905,905,16,0.92,inferred,2026-05-05T16:30:00Z
906,906,56,0.85,direct,2026-05-05T16:30:00Z
907,907,31,0.96,semantic,2026-05-05T16:30:00Z
908,908,8,0.76,hashtag,2026-05-05T16:30:00Z
909,909,46,0.89,visual,2026-05-05T16:30:00Z
910,910,22,0.76,inferred,2026-05-05T16:30:00Z
911,911,1,0.93,direct,2026-05-05T16:30:00Z
912,912,36,0.96,semantic,2026-05-05T16:30:00Z
913,913,13,0.8,hashtag,2026-05-05T16:30:00Z
914,914,52,0.84,visual,2026-05-05T16:30:00Z
915,915,27,0.96,inferred,2026-05-05T16:30:00Z
916,916,5,0.82,direct,2026-05-05T16:30:00Z
917,917,42,0.94,semantic,2026-05-05T16:30:00Z
918,918,18,0.94,hashtag,2026-05-05T16:30:00Z
919,919,59,0.96,visual,2026-05-05T16:30:00Z
920,920,33,0.91,inferred,2026-05-05T16:30:00Z
921,921,10,0.77,direct,2026-05-05T16:30:00Z
922,922,48,0.86,semantic,2026-05-05T16:30:00Z
923,923,24,0.83,hashtag,2026-05-05T16:30:00Z
924,924,3,0.77,visual,2026-05-05T16:30:00Z
925,925,39,0.79,inferred,2026-05-05T16:30:00Z
926,926,15,0.78,direct,2026-05-05T16:30:00Z
927,927,55,0.89,semantic,2026-05-05T16:30:00Z
928,928,29,0.83,hashtag,2026-05-05T16:30:00Z
929,929,7,0.87,visual,2026-05-05T16:30:00Z
930,930,45,0.78,inferred,2026-05-05T16:30:00Z
931,931,20,0.82,direct,2026-05-05T16:30:00Z
932,932,1,0.81,semantic,2026-05-05T16:30:00Z
933,933,35,0.88,hashtag,2026-05-05T16:30:00Z
934,934,12,0.86,visual,2026-05-05T16:30:00Z
935,935,51,0.88,inferred,2026-05-05T16:30:00Z
936,936,26,0.89,direct,2026-05-05T16:30:00Z
937,937,4,0.78,semantic,2026-05-05T16:30:00Z
938,938,41,0.83,hashtag,2026-05-05T16:30:00Z
939,939,17,0.94,visual,2026-05-05T16:30:00Z
940,940,57,0.98,inferred,2026-05-05T16:30:00Z
941,941,31,0.98,direct,2026-05-05T16:30:00Z
942,942,9,0.85,semantic,2026-05-05T16:30:00Z
943,943,47,0.96,hashtag,2026-05-05T16:30:00Z
944,944,22,0.77,visual,2026-05-05T16:30:00Z
945,945,2,0.85,inferred,2026-05-05T16:30:00Z
946,946,37,0.96,direct,2026-05-05T16:30:00Z
947,947,14,0.92,semantic,2026-05-05T16:30:00Z
948,948,53,0.93,hashtag,2026-05-05T16:30:00Z
949,949,28,0.81,visual,2026-05-05T16:30:00Z
950,950,6,0.86,inferred,2026-05-05T16:30:00Z
951,951,43,0.97,direct,2026-05-05T16:30:00Z
952,952,19,0.87,semantic,2026-05-05T16:30:00Z
953,953,60,0.89,hashtag,2026-05-05T16:30:00Z
954,954,34,0.94,visual,2026-05-05T16:30:00Z
955,955,11,0.83,inferred,2026-05-05T16:30:00Z
956,956,49,0.77,direct,2026-05-05T16:30:00Z
957,957,24,0.85,semantic,2026-05-05T16:30:00Z
958,958,3,0.98,hashtag,2026-05-05T16:30:00Z
959,959,40,0.97,visual,2026-05-05T16:30:00Z
960,960,16,0.89,inferred,2026-05-05T16:30:00Z
961,961,56,0.76,direct,2026-05-05T16:30:00Z
962,962,30,0.9,semantic,2026-05-05T16:30:00Z
963,963,8,0.85,hashtag,2026-05-05T16:30:00Z
964,964,46,0.92,visual,2026-05-05T16:30:00Z
965,965,21,0.87,inferred,2026-05-05T16:30:00Z
966,966,1,0.82,direct,2026-05-05T16:30:00Z
967,967,36,0.98,semantic,2026-05-05T16:30:00Z
968,968,13,0.9,hashtag,2026-05-05T16:30:00Z
969,969,52,0.95,visual,2026-05-05T16:30:00Z
970,970,27,0.9,inferred,2026-05-05T16:30:00Z
971,971,5,0.91,direct,2026-05-05T16:30:00Z
972,972,42,0.82,semantic,2026-05-05T16:30:00Z
973,973,18,0.83,hashtag,2026-05-05T16:30:00Z
974,974,58,0.87,visual,2026-05-05T16:30:00Z
975,975,32,0.94,inferred,2026-05-05T16:30:00Z
976,976,10,0.92,direct,2026-05-05T16:30:00Z
977,977,48,0.82,semantic,2026-05-05T16:30:00Z
978,978,23,0.94,hashtag,2026-05-05T16:30:00Z
979,979,2,0.78,visual,2026-05-05T16:30:00Z
980,980,38,0.8,inferred,2026-05-05T16:30:00Z
981,981,15,0.78,direct,2026-05-05T16:30:00Z
982,982,54,0.97,semantic,2026-05-05T16:30:00Z
983,983,29,0.91,hashtag,2026-05-05T16:30:00Z
984,984,7,0.82,visual,2026-05-05T16:30:00Z
985,985,44,0.92,inferred,2026-05-05T16:30:00Z
986,986,20,0.77,direct,2026-05-05T16:30:00Z
987,987,60,0.94,semantic,2026-05-05T16:30:00Z
988,988,34,0.98,hashtag,2026-05-05T16:30:00Z
989,989,11,0.96,visual,2026-05-05T16:30:00Z
990,990,50,0.93,inferred,2026-05-05T16:30:00Z
991,991,25,0.76,direct,2026-05-05T16:30:00Z
992,992,4,0.76,semantic,2026-05-05T16:30:00Z
993,993,40,0.84,hashtag,2026-05-05T16:30:00Z
994,994,16,0.87,visual,2026-05-05T16:30:00Z
995,995,57,0.79,inferred,2026-05-05T16:30:00Z
996,996,31,0.78,direct,2026-05-05T16:30:00Z
997,997,8,0.93,semantic,2026-05-05T16:30:00Z
998,998,46,0.89,hashtag,2026-05-05T16:30:00Z
999,999,22,0.86,visual,2026-05-05T16:30:00Z
1000,1000,2,0.88,inferred,2026-05-05T16:30:00Z
1001,1001,37,0.87,direct,2026-05-05T16:30:00Z
1002,1002,13,0.84,semantic,2026-05-05T16:30:00Z
1003,1003,53,0.86,hashtag,2026-05-05T16:30:00Z
1004,1004,27,0.88,visual,2026-05-05T16:30:00Z
1005,1005,6,0.86,inferred,2026-05-05T16:30:00Z
1006,1006,43,0.86,direct,2026-05-05T16:30:00Z
1007,1007,18,0.86,semantic,2026-05-05T16:30:00Z
1008,1008,59,0.98,hashtag,2026-05-05T16:30:00Z
1009,1009,33,0.97,visual,2026-05-05T16:30:00Z
1010,1010,10,0.79,inferred,2026-05-05T16:30:00Z
1011,1011,49,0.84,direct,2026-05-05T16:30:00Z
1012,1012,24,0.78,semantic,2026-05-05T16:30:00Z
1013,1013,3,0.84,hashtag,2026-05-05T16:30:00Z
1014,1014,39,0.86,visual,2026-05-05T16:30:00Z
1015,1015,15,0.81,inferred,2026-05-05T16:30:00Z
1016,1016,55,0.79,direct,2026-05-05T16:30:00Z
1017,1017,30,0.77,semantic,2026-05-05T16:30:00Z
1018,1018,7,0.77,hashtag,2026-05-05T16:30:00Z
1019,1019,45,0.85,visual,2026-05-05T16:30:00Z
1020,1020,21,0.91,inferred,2026-05-05T16:30:00Z
1021,1021,1,0.85,direct,2026-05-05T16:30:00Z
1022,1022,35,0.79,semantic,2026-05-05T16:30:00Z
1023,1023,12,0.86,hashtag,2026-05-05T16:30:00Z
1024,1024,51,0.85,visual,2026-05-05T16:30:00Z
1025,1025,26,0.87,inferred,2026-05-05T16:30:00Z
1026,1026,5,0.8,direct,2026-05-05T16:30:00Z
1027,1027,41,0.85,semantic,2026-05-05T16:30:00Z
1028,1028,17,0.79,hashtag,2026-05-05T16:30:00Z
1029,1029,57,0.94,visual,2026-05-05T16:30:00Z
1030,1030,32,0.81,inferred,2026-05-05T16:30:00Z
1031,1031,9,0.97,direct,2026-05-05T16:30:00Z
1032,1032,47,0.77,semantic,2026-05-05T16:30:00Z
1033,1033,23,0.83,hashtag,2026-05-05T16:30:00Z
1034,1034,2,0.85,visual,2026-05-05T16:30:00Z
1035,1035,38,0.87,inferred,2026-05-05T16:30:00Z
1036,1036,14,0.79,direct,2026-05-05T16:30:00Z
1037,1037,54,0.9,semantic,2026-05-05T16:30:00Z
1038,1038,28,0.93,hashtag,2026-05-05T16:30:00Z
1039,1039,6,0.77,visual,2026-05-05T16:30:00Z
1040,1040,44,0.77,inferred,2026-05-05T16:30:00Z
1041,1041,19,0.97,direct,2026-05-05T16:30:00Z
1042,1042,60,0.85,semantic,2026-05-05T16:30:00Z
1043,1043,34,0.82,hashtag,2026-05-05T16:30:00Z
1044,1044,11,0.83,visual,2026-05-05T16:30:00Z
1045,1045,50,0.77,inferred,2026-05-05T16:30:00Z
1046,1046,25,0.81,direct,2026-05-05T16:30:00Z
1047,1047,4,0.81,semantic,2026-05-05T16:30:00Z
1048,1048,40,0.81,hashtag,2026-05-05T16:30:00Z
1049,1049,16,0.82,visual,2026-05-05T16:30:00Z
1050,1050,56,0.91,inferred,2026-05-05T16:30:00Z
1051,1051,30,0.78,direct,2026-05-05T16:30:00Z
1052,1052,8,0.9,semantic,2026-05-05T16:30:00Z
1053,1053,46,0.92,hashtag,2026-05-05T16:30:00Z
1054,1054,21,0.92,visual,2026-05-05T16:30:00Z
1055,1055,1,0.79,inferred,2026-05-05T16:30:00Z
1056,1056,36,0.77,direct,2026-05-05T16:30:00Z
1057,1057,13,0.77,semantic,2026-05-05T16:30:00Z
1058,1058,52,0.77,hashtag,2026-05-05T16:30:00Z
1059,1059,27,0.8,visual,2026-05-05T16:30:00Z
1060,1060,5,0.79,inferred,2026-05-05T16:30:00Z
1061,1061,42,0.87,direct,2026-05-05T16:30:00Z
1062,1062,18,0.89,semantic,2026-05-05T16:30:00Z
1063,1063,58,0.8,hashtag,2026-05-05T16:30:00Z
1064,1064,33,0.83,visual,2026-05-05T16:30:00Z
1065,1065,10,0.93,inferred,2026-05-05T16:30:00Z
1066,1066,48,0.91,direct,2026-05-05T16:30:00Z
1067,1067,23,0.9,semantic,2026-05-05T16:30:00Z
1068,1068,3,0.79,hashtag,2026-05-05T16:30:00Z
1069,1069,38,0.85,visual,2026-05-05T16:30:00Z
1070,1070,15,0.84,inferred,2026-05-05T16:30:00Z
1071,1071,54,0.96,direct,2026-05-05T16:30:00Z
1072,1072,29,0.79,semantic,2026-05-05T16:30:00Z
1073,1073,7,0.85,hashtag,2026-05-05T16:30:00Z
1074,1074,44,0.85,visual,2026-05-05T16:30:00Z
1075,1075,20,0.78,inferred,2026-05-05T16:30:00Z
1076,1076,1,0.78,direct,2026-05-05T16:30:00Z
1077,1077,35,0.88,semantic,2026-05-05T16:30:00Z
1078,1078,12,0.78,hashtag,2026-05-05T16:30:00Z
1079,1079,51,0.85,visual,2026-05-05T16:30:00Z
1080,1080,26,0.83,inferred,2026-05-05T16:30:00Z
1081,1081,4,0.76,direct,2026-05-05T16:30:00Z
1082,1082,41,0.8,semantic,2026-05-05T16:30:00Z
1083,1083,17,0.9,hashtag,2026-05-05T16:30:00Z
1084,1084,57,0.98,visual,2026-05-05T16:30:00Z
1085,1085,31,0.83,inferred,2026-05-05T16:30:00Z
1086,1086,9,0.94,direct,2026-05-05T16:30:00Z
1087,1087,47,0.97,semantic,2026-05-05T16:30:00Z
1088,1088,22,0.91,hashtag,2026-05-05T16:30:00Z
1089,1089,2,0.84,visual,2026-05-05T16:30:00Z
1090,1090,37,0.88,inferred,2026-05-05T16:30:00Z
1091,1091,14,0.89,direct,2026-05-05T16:30:00Z
1092,1092,53,0.77,semantic,2026-05-05T16:30:00Z
1093,1093,28,0.96,hashtag,2026-05-05T16:30:00Z
1094,1094,6,0.83,visual,2026-05-05T16:30:00Z
1095,1095,43,0.93,inferred,2026-05-05T16:30:00Z
1096,1096,19,0.91,direct,2026-05-05T16:30:00Z
1097,1097,59,0.97,semantic,2026-05-05T16:30:00Z
1098,1098,33,0.87,hashtag,2026-05-05T16:30:00Z
1099,1099,11,0.89,visual,2026-05-05T16:30:00Z
1100,1100,49,0.85,inferred,2026-05-05T16:30:00Z
1101,1101,24,0.97,direct,2026-05-05T16:30:00Z
1102,1102,3,0.85,semantic,2026-05-05T16:30:00Z
1103,1103,39,0.86,hashtag,2026-05-05T16:30:00Z
1104,1104,16,0.89,visual,2026-05-05T16:30:00Z
1105,1105,55,0.89,inferred,2026-05-05T16:30:00Z
1106,1106,30,0.96,direct,2026-05-05T16:30:00Z
1107,1107,8,0.81,semantic,2026-05-05T16:30:00Z
1108,1108,45,0.78,hashtag,2026-05-05T16:30:00Z
1109,1109,21,0.91,visual,2026-05-05T16:30:00Z
1110,1110,1,0.96,inferred,2026-05-05T16:30:00Z
1111,1111,36,0.81,direct,2026-05-05T16:30:00Z
1112,1112,12,0.87,semantic,2026-05-05T16:30:00Z
1113,1113,52,0.86,hashtag,2026-05-05T16:30:00Z
1114,1114,26,0.87,visual,2026-05-05T16:30:00Z
1115,1115,5,0.83,inferred,2026-05-05T16:30:00Z
1116,1116,42,0.92,direct,2026-05-05T16:30:00Z
1117,1117,18,0.95,semantic,2026-05-05T16:30:00Z
1118,1118,58,0.76,hashtag,2026-05-05T16:30:00Z
1119,1119,32,0.94,visual,2026-05-05T16:30:00Z
1120,1120,9,0.92,inferred,2026-05-05T16:30:00Z
1121,1121,48,0.91,direct,2026-05-05T16:30:00Z
1122,1122,23,0.94,semantic,2026-05-05T16:30:00Z
1123,1123,2,0.94,hashtag,2026-05-05T16:30:00Z
1124,1124,38,0.91,visual,2026-05-05T16:30:00Z
1125,1125,14,0.9,inferred,2026-05-05T16:30:00Z
1126,1126,54,0.79,direct,2026-05-05T16:30:00Z
1127,1127,29,0.88,semantic,2026-05-05T16:30:00Z
1128,1128,7,0.76,hashtag,2026-05-05T16:30:00Z
1129,1129,44,0.98,visual,2026-05-05T16:30:00Z
1130,1130,20,0.85,inferred,2026-05-05T16:30:00Z
1131,1131,60,0.79,direct,2026-05-05T16:30:00Z
1132,1132,34,0.91,semantic,2026-05-05T16:30:00Z
1133,1133,11,0.86,hashtag,2026-05-05T16:30:00Z
1134,1134,50,0.91,visual,2026-05-05T16:30:00Z
1135,1135,25,0.89,inferred,2026-05-05T16:30:00Z
1136,1136,4,0.93,direct,2026-05-05T16:30:00Z
1137,1137,40,0.92,semantic,2026-05-05T16:30:00Z
1138,1138,16,0.84,hashtag,2026-05-05T16:30:00Z
1139,1139,56,0.93,visual,2026-05-05T16:30:00Z
1140,1140,31,0.93,inferred,2026-05-05T16:30:00Z
1141,1141,8,0.77,direct,2026-05-05T16:30:00Z
1142,1142,46,0.86,semantic,2026-05-05T16:30:00Z
1143,1143,22,0.85,hashtag,2026-05-05T16:30:00Z
1144,1144,1,0.78,visual,2026-05-05T16:30:00Z
1145,1145,37,0.84,inferred,2026-05-05T16:30:00Z
1146,1146,13,0.97,direct,2026-05-05T16:30:00Z
1147,1147,52,0.77,semantic,2026-05-05T16:30:00Z
1148,1148,27,0.83,hashtag,2026-05-05T16:30:00Z
1149,1149,5,0.91,visual,2026-05-05T16:30:00Z
1150,1150,42,0.93,inferred,2026-05-05T16:30:00Z
1151,1151,18,0.83,direct,2026-05-05T16:30:00Z
1152,1152,59,0.78,semantic,2026-05-05T16:30:00Z
1153,1153,33,0.86,hashtag,2026-05-05T16:30:00Z
1154,1154,10,0.88,visual,2026-05-05T16:30:00Z
1155,1155,49,0.84,inferred,2026-05-05T16:30:00Z
1156,1156,24,0.83,direct,2026-05-05T16:30:00Z
1157,1157,3,0.89,semantic,2026-05-05T16:30:00Z
1158,1158,39,0.79,hashtag,2026-05-05T16:30:00Z
1159,1159,15,0.81,visual,2026-05-05T16:30:00Z
1160,1160,55,0.79,inferred,2026-05-05T16:30:00Z
1161,1161,29,0.93,direct,2026-05-05T16:30:00Z
1162,1162,7,0.78,semantic,2026-05-05T16:30:00Z
1163,1163,45,0.89,hashtag,2026-05-05T16:30:00Z
1164,1164,20,0.78,visual,2026-05-05T16:30:00Z
1165,1165,1,0.91,inferred,2026-05-05T16:30:00Z
1166,1166,35,0.93,direct,2026-05-05T16:30:00Z
1167,1167,12,0.95,semantic,2026-05-05T16:30:00Z
1168,1168,51,0.82,hashtag,2026-05-05T16:30:00Z
1169,1169,26,0.87,visual,2026-05-05T16:30:00Z
1170,1170,4,0.96,inferred,2026-05-05T16:30:00Z
1171,1171,41,0.76,direct,2026-05-05T16:30:00Z
1172,1172,17,0.96,semantic,2026-05-05T16:30:00Z
1173,1173,57,0.76,hashtag,2026-05-05T16:30:00Z
1174,1174,32,0.88,visual,2026-05-05T16:30:00Z
1175,1175,9,0.87,inferred,2026-05-05T16:30:00Z
1176,1176,47,0.93,direct,2026-05-05T16:30:00Z
1177,1177,22,0.83,semantic,2026-05-05T16:30:00Z
1178,1178,2,0.89,hashtag,2026-05-05T16:30:00Z
1179,1179,37,0.94,visual,2026-05-05T16:30:00Z
1180,1180,14,0.89,inferred,2026-05-05T16:30:00Z
1181,1181,53,0.79,direct,2026-05-05T16:30:00Z
1182,1182,28,0.78,semantic,2026-05-05T16:30:00Z
1183,1183,6,0.79,hashtag,2026-05-05T16:30:00Z
1184,1184,43,0.76,visual,2026-05-05T16:30:00Z
1185,1185,19,0.92,inferred,2026-05-05T16:30:00Z
1186,1186,60,0.77,direct,2026-05-05T16:30:00Z
1187,1187,34,0.86,semantic,2026-05-05T16:30:00Z
1188,1188,11,0.95,hashtag,2026-05-05T16:30:00Z
1189,1189,50,0.78,visual,2026-05-05T16:30:00Z
1190,1190,25,0.92,inferred,2026-05-05T16:30:00Z
1191,1191,3,0.77,direct,2026-05-05T16:30:00Z
1192,1192,40,0.8,semantic,2026-05-05T16:30:00Z
1193,1193,16,0.79,hashtag,2026-05-05T16:30:00Z
1194,1194,56,0.88,visual,2026-05-05T16:30:00Z
1195,1195,30,0.85,inferred,2026-05-05T16:30:00Z
1196,1196,8,0.9,direct,2026-05-05T16:30:00Z
1197,1197,46,0.86,semantic,2026-05-05T16:30:00Z
1198,1198,21,0.88,hashtag,2026-05-05T16:30:00Z
1199,1199,1,0.78,visual,2026-05-05T16:30:00Z
1200,1200,36,0.79,inferred,2026-05-05T16:30:00Z
1201,1201,13,0.94,direct,2026-05-05T16:30:00Z
1202,1202,52,0.84,semantic,2026-05-05T16:30:00Z
1203,1203,27,0.95,hashtag,2026-05-05T16:30:00Z
1204,1204,5,0.85,visual,2026-05-05T16:30:00Z
1205,1205,42,0.76,inferred,2026-05-05T16:30:00Z
1206,1206,18,0.77,direct,2026-05-05T16:30:00Z
1207,1207,58,0.92,semantic,2026-05-05T16:30:00Z
1208,1208,32,0.79,hashtag,2026-05-05T16:30:00Z
1209,1209,10,0.82,visual,2026-05-05T16:30:00Z
1210,1210,48,0.82,inferred,2026-05-05T16:30:00Z
1211,1211,23,0.85,direct,2026-05-05T16:30:00Z
1212,1212,3,0.87,semantic,2026-05-05T16:30:00Z
1213,1213,38,0.95,hashtag,2026-05-05T16:30:00Z
1214,1214,15,0.82,visual,2026-05-05T16:30:00Z
1215,1215,54,0.89,inferred,2026-05-05T16:30:00Z
1216,1216,29,0.84,direct,2026-05-05T16:30:00Z
1217,1217,7,0.96,semantic,2026-05-05T16:30:00Z
1218,1218,44,0.97,hashtag,2026-05-05T16:30:00Z
1219,1219,20,0.82,visual,2026-05-05T16:30:00Z
1220,1220,1,0.96,inferred,2026-05-05T16:30:00Z
1221,1221,35,0.81,direct,2026-05-05T16:30:00Z
1222,1222,12,0.82,semantic,2026-05-05T16:30:00Z
1223,1223,50,0.83,hashtag,2026-05-05T16:30:00Z
1224,1224,25,0.83,visual,2026-05-05T16:30:00Z
1225,1225,4,0.84,inferred,2026-05-05T16:30:00Z
1226,1226,41,0.85,direct,2026-05-05T16:30:00Z
1227,1227,17,0.87,semantic,2026-05-05T16:30:00Z
1228,1228,57,0.92,hashtag,2026-05-05T16:30:00Z
1229,1229,31,0.85,visual,2026-05-05T16:30:00Z
1230,1230,9,0.85,inferred,2026-05-05T16:30:00Z
1231,1231,47,0.81,direct,2026-05-05T16:30:00Z
1232,1232,22,0.78,semantic,2026-05-05T16:30:00Z
1233,1233,2,0.89,hashtag,2026-05-05T16:30:00Z
1234,1234,37,0.77,visual,2026-05-05T16:30:00Z
1235,1235,13,0.84,inferred,2026-05-05T16:30:00Z
1236,1236,53,0.87,direct,2026-05-05T16:30:00Z
1237,1237,27,0.97,semantic,2026-05-05T16:30:00Z
1238,1238,6,0.93,hashtag,2026-05-05T16:30:00Z
1239,1239,43,0.83,visual,2026-05-05T16:30:00Z
1240,1240,19,0.91,inferred,2026-05-05T16:30:00Z
1241,1241,59,0.88,direct,2026-05-05T16:30:00Z
1242,1242,33,0.94,semantic,2026-05-05T16:30:00Z
1243,1243,10,0.79,hashtag,2026-05-05T16:30:00Z
1244,1244,49,0.81,visual,2026-05-05T16:30:00Z
1245,1245,24,0.91,inferred,2026-05-05T16:30:00Z
1246,1246,3,0.81,direct,2026-05-05T16:30:00Z
1247,1247,39,0.77,semantic,2026-05-05T16:30:00Z
1248,1248,15,0.8,hashtag,2026-05-05T16:30:00Z
1249,1249,55,0.97,visual,2026-05-05T16:30:00Z
1250,1250,30,0.97,inferred,2026-05-05T16:30:00Z
1251,1251,7,0.86,direct,2026-05-05T16:30:00Z
1252,1252,45,0.79,semantic,2026-05-05T16:30:00Z
1253,1253,21,0.85,hashtag,2026-05-05T16:30:00Z
1254,1254,1,0.95,visual,2026-05-05T16:30:00Z
1255,1255,35,0.84,inferred,2026-05-05T16:30:00Z
1256,1256,12,0.81,direct,2026-05-05T16:30:00Z
1257,1257,51,0.95,semantic,2026-05-05T16:30:00Z
1258,1258,26,0.88,hashtag,2026-05-05T16:30:00Z
1259,1259,5,0.96,visual,2026-05-05T16:30:00Z
1260,1260,41,0.87,inferred,2026-05-05T16:30:00Z
1261,1261,17,0.87,direct,2026-05-05T16:30:00Z
1262,1262,58,0.84,semantic,2026-05-05T16:30:00Z
1263,1263,32,0.96,hashtag,2026-05-05T16:30:00Z
1264,1264,9,0.81,visual,2026-05-05T16:30:00Z
1265,1265,47,0.95,inferred,2026-05-05T16:30:00Z
1266,1266,23,0.76,direct,2026-05-05T16:30:00Z
1267,1267,2,0.86,semantic,2026-05-05T16:30:00Z
1268,1268,38,0.84,hashtag,2026-05-05T16:30:00Z
1269,1269,14,0.95,visual,2026-05-05T16:30:00Z
1270,1270,54,0.91,inferred,2026-05-05T16:30:00Z
1271,1271,28,0.88,direct,2026-05-05T16:30:00Z
1272,1272,6,0.84,semantic,2026-05-05T16:30:00Z
1273,1273,44,0.89,hashtag,2026-05-05T16:30:00Z
1274,1274,19,0.87,visual,2026-05-05T16:30:00Z
1275,1275,60,0.88,inferred,2026-05-05T16:30:00Z
1276,1276,34,0.77,direct,2026-05-05T16:30:00Z
1277,1277,11,0.89,semantic,2026-05-05T16:30:00Z
1278,1278,50,0.91,hashtag,2026-05-05T16:30:00Z
1279,1279,25,0.81,visual,2026-05-05T16:30:00Z
1280,1280,4,0.83,inferred,2026-05-05T16:30:00Z
1281,1281,40,0.9,direct,2026-05-05T16:30:00Z
1282,1282,16,0.78,semantic,2026-05-05T16:30:00Z
1283,1283,56,0.84,hashtag,2026-05-05T16:30:00Z
1284,1284,30,0.94,visual,2026-05-05T16:30:00Z
1285,1285,8,0.77,inferred,2026-05-05T16:30:00Z
1286,1286,46,0.83,direct,2026-05-05T16:30:00Z
1287,1287,21,0.91,semantic,2026-05-05T16:30:00Z
1288,1288,1,0.93,hashtag,2026-05-05T16:30:00Z
1289,1289,36,0.94,visual,2026-05-05T16:30:00Z
1290,1290,13,0.79,inferred,2026-05-05T16:30:00Z
1291,1291,52,0.92,direct,2026-05-05T16:30:00Z
1292,1292,27,0.84,semantic,2026-05-05T16:30:00Z
1293,1293,5,0.85,hashtag,2026-05-05T16:30:00Z
1294,1294,42,0.81,visual,2026-05-05T16:30:00Z
1295,1295,18,0.83,inferred,2026-05-05T16:30:00Z
1296,1296,59,0.94,direct,2026-05-05T16:30:00Z
1297,1297,33,0.89,semantic,2026-05-05T16:30:00Z
1298,1298,10,0.94,hashtag,2026-05-05T16:30:00Z
1299,1299,48,0.86,visual,2026-05-05T16:30:00Z
1300,1300,24,0.85,inferred,2026-05-05T16:30:00Z
1301,1301,3,0.79,direct,2026-05-05T16:30:00Z
1302,1302,39,0.8,semantic,2026-05-05T16:30:00Z
1303,1303,15,0.98,hashtag,2026-05-05T16:30:00Z
1304,1304,55,0.79,visual,2026-05-05T16:30:00Z
1305,1305,29,0.8,inferred,2026-05-05T16:30:00Z
1306,1306,7,0.82,direct,2026-05-05T16:30:00Z
1307,1307,45,0.84,semantic,2026-05-05T16:30:00Z
1308,1308,20,0.96,hashtag,2026-05-05T16:30:00Z
1309,1309,1,0.97,visual,2026-05-05T16:30:00Z
1310,1310,35,0.86,inferred,2026-05-05T16:30:00Z
1311,1311,12,0.91,direct,2026-05-05T16:30:00Z
1312,1312,51,0.79,semantic,2026-05-05T16:30:00Z
1313,1313,26,0.91,hashtag,2026-05-05T16:30:00Z
1314,1314,4,0.84,visual,2026-05-05T16:30:00Z
1315,1315,41,0.8,inferred,2026-05-05T16:30:00Z
1316,1316,17,0.82,direct,2026-05-05T16:30:00Z
1317,1317,57,0.98,semantic,2026-05-05T16:30:00Z
1318,1318,31,0.97,hashtag,2026-05-05T16:30:00Z
1319,1319,9,0.94,visual,2026-05-05T16:30:00Z
1320,1320,47,0.95,inferred,2026-05-05T16:30:00Z
1321,1321,22,0.83,direct,2026-05-05T16:30:00Z
1322,1322,2,0.93,semantic,2026-05-05T16:30:00Z
1323,1323,37,0.77,hashtag,2026-05-05T16:30:00Z
1324,1324,14,0.9,visual,2026-05-05T16:30:00Z
1325,1325,53,0.94,inferred,2026-05-05T16:30:00Z
1326,1326,28,0.87,direct,2026-05-05T16:30:00Z
1327,1327,6,0.91,semantic,2026-05-05T16:30:00Z
1328,1328,43,0.81,hashtag,2026-05-05T16:30:00Z
1329,1329,19,0.8,visual,2026-05-05T16:30:00Z
1330,1330,59,0.91,inferred,2026-05-05T16:30:00Z
1331,1331,34,0.78,direct,2026-05-05T16:30:00Z
1332,1332,11,0.87,semantic,2026-05-05T16:30:00Z
1333,1333,49,0.9,hashtag,2026-05-05T16:30:00Z
1334,1334,24,0.79,visual,2026-05-05T16:30:00Z
1335,1335,3,0.94,inferred,2026-05-05T16:30:00Z
1336,1336,39,0.8,direct,2026-05-05T16:30:00Z
1337,1337,16,0.85,semantic,2026-05-05T16:30:00Z
1338,1338,56,0.82,hashtag,2026-05-05T16:30:00Z
1339,1339,30,0.8,visual,2026-05-05T16:30:00Z
1340,1340,8,0.85,inferred,2026-05-05T16:30:00Z
1341,1341,45,0.86,direct,2026-05-05T16:30:00Z
1342,1342,21,0.85,semantic,2026-05-05T16:30:00Z
1343,1343,1,0.81,hashtag,2026-05-05T16:30:00Z
1344,1344,36,0.78,visual,2026-05-05T16:30:00Z
1345,1345,13,0.92,inferred,2026-05-05T16:30:00Z
1346,1346,52,0.96,direct,2026-05-05T16:30:00Z
1347,1347,26,0.96,semantic,2026-05-05T16:30:00Z
1348,1348,5,0.93,hashtag,2026-05-05T16:30:00Z
1349,1349,42,0.88,visual,2026-05-05T16:30:00Z
1350,1350,18,0.9,inferred,2026-05-05T16:30:00Z
1351,1351,58,0.78,direct,2026-05-05T16:30:00Z
1352,1352,32,0.89,semantic,2026-05-05T16:30:00Z
1353,1353,9,0.95,hashtag,2026-05-05T16:30:00Z
1354,1354,48,0.9,visual,2026-05-05T16:30:00Z
1355,1355,23,0.87,inferred,2026-05-05T16:30:00Z
1356,1356,2,0.8,direct,2026-05-05T16:30:00Z
1357,1357,38,0.97,semantic,2026-05-05T16:30:00Z
1358,1358,14,0.81,hashtag,2026-05-05T16:30:00Z
1359,1359,54,0.82,visual,2026-05-05T16:30:00Z
1360,1360,29,0.78,inferred,2026-05-05T16:30:00Z
1361,1361,7,0.83,direct,2026-05-05T16:30:00Z
1362,1362,44,0.89,semantic,2026-05-05T16:30:00Z
1363,1363,20,0.96,hashtag,2026-05-05T16:30:00Z
1364,1364,60,0.85,visual,2026-05-05T16:30:00Z
1365,1365,34,0.98,inferred,2026-05-05T16:30:00Z
1366,1366,11,0.89,direct,2026-05-05T16:30:00Z
1367,1367,50,0.8,semantic,2026-05-05T16:30:00Z
1368,1368,25,0.85,hashtag,2026-05-05T16:30:00Z
1369,1369,4,0.86,visual,2026-05-05T16:30:00Z
1370,1370,40,0.81,inferred,2026-05-05T16:30:00Z
1371,1371,16,0.92,direct,2026-05-05T16:30:00Z
1372,1372,56,0.86,semantic,2026-05-05T16:30:00Z
1373,1373,31,0.95,hashtag,2026-05-05T16:30:00Z
1374,1374,8,0.78,visual,2026-05-05T16:30:00Z
1375,1375,46,0.95,inferred,2026-05-05T16:30:00Z
1376,1376,22,0.97,direct,2026-05-05T16:30:00Z
1377,1377,2,0.81,semantic,2026-05-05T16:30:00Z
1378,1378,37,0.82,hashtag,2026-05-05T16:30:00Z
1379,1379,13,0.93,visual,2026-05-05T16:30:00Z
1380,1380,53,0.78,inferred,2026-05-05T16:30:00Z
1381,1381,27,0.92,direct,2026-05-05T16:30:00Z
1382,1382,6,0.89,semantic,2026-05-05T16:30:00Z
1383,1383,43,0.96,hashtag,2026-05-05T16:30:00Z
1384,1384,18,0.82,visual,2026-05-05T16:30:00Z
1385,1385,59,0.77,inferred,2026-05-05T16:30:00Z
1386,1386,33,0.83,direct,2026-05-05T16:30:00Z
1387,1387,10,0.76,semantic,2026-05-05T16:30:00Z
1388,1388,49,0.89,hashtag,2026-05-05T16:30:00Z
1389,1389,24,0.86,visual,2026-05-05T16:30:00Z
1390,1390,3,0.78,inferred,2026-05-05T16:30:00Z
1391,1391,39,0.93,direct,2026-05-05T16:30:00Z
1392,1392,15,0.94,semantic,2026-05-05T16:30:00Z
1393,1393,55,0.85,hashtag,2026-05-05T16:30:00Z
1394,1394,29,0.98,visual,2026-05-05T16:30:00Z
1395,1395,7,0.91,inferred,2026-05-05T16:30:00Z
1396,1396,45,0.84,direct,2026-05-05T16:30:00Z
1397,1397,20,0.91,semantic,2026-05-05T16:30:00Z
1398,1398,1,0.89,hashtag,2026-05-05T16:30:00Z
1399,1399,35,0.8,visual,2026-05-05T16:30:00Z
1400,1400,12,0.94,inferred,2026-05-05T16:30:00Z
1401,1401,51,0.85,direct,2026-05-05T16:30:00Z
1402,1402,26,0.95,semantic,2026-05-05T16:30:00Z
1403,1403,5,0.97,hashtag,2026-05-05T16:30:00Z
1404,1404,41,0.8,visual,2026-05-05T16:30:00Z
1405,1405,17,0.9,inferred,2026-05-05T16:30:00Z
1406,1406,57,0.93,direct,2026-05-05T16:30:00Z
1407,1407,32,0.9,semantic,2026-05-05T16:30:00Z
1408,1408,9,0.81,hashtag,2026-05-05T16:30:00Z
1409,1409,47,0.85,visual,2026-05-05T16:30:00Z
1410,1410,23,0.82,inferred,2026-05-05T16:30:00Z
1411,1411,2,0.87,direct,2026-05-05T16:30:00Z
1412,1412,38,0.91,semantic,2026-05-05T16:30:00Z
1413,1413,14,0.84,hashtag,2026-05-05T16:30:00Z
1414,1414,53,0.98,visual,2026-05-05T16:30:00Z
1415,1415,28,0.91,inferred,2026-05-05T16:30:00Z
1416,1416,6,0.8,direct,2026-05-05T16:30:00Z
1417,1417,44,0.87,semantic,2026-05-05T16:30:00Z
1418,1418,19,0.94,hashtag,2026-05-05T16:30:00Z
1419,1419,60,0.87,visual,2026-05-05T16:30:00Z
1420,1420,34,0.77,inferred,2026-05-05T16:30:00Z
1421,1421,11,0.85,direct,2026-05-05T16:30:00Z
1422,1422,50,0.92,semantic,2026-05-05T16:30:00Z
1423,1423,25,0.76,hashtag,2026-05-05T16:30:00Z
1424,1424,4,0.93,visual,2026-05-05T16:30:00Z
1425,1425,40,0.78,inferred,2026-05-05T16:30:00Z
1426,1426,16,0.85,direct,2026-05-05T16:30:00Z
1427,1427,56,0.81,semantic,2026-05-05T16:30:00Z
1428,1428,30,0.89,hashtag,2026-05-05T16:30:00Z
1429,1429,8,0.97,visual,2026-05-05T16:30:00Z
1430,1430,46,0.92,inferred,2026-05-05T16:30:00Z
1431,1431,21,0.77,direct,2026-05-05T16:30:00Z
1432,1432,1,0.81,semantic,2026-05-05T16:30:00Z
1433,1433,36,0.86,hashtag,2026-05-05T16:30:00Z
1434,1434,13,0.86,visual,2026-05-05T16:30:00Z
1435,1435,52,0.87,inferred,2026-05-05T16:30:00Z
1436,1436,27,0.98,direct,2026-05-05T16:30:00Z
1437,1437,5,0.96,semantic,2026-05-05T16:30:00Z
1438,1438,42,0.87,hashtag,2026-05-05T16:30:00Z
1439,1439,18,0.84,visual,2026-05-05T16:30:00Z
1440,1440,58,0.89,inferred,2026-05-05T16:30:00Z
1441,1441,32,0.79,direct,2026-05-05T16:30:00Z
1442,1442,10,0.88,semantic,2026-05-05T16:30:00Z
1443,1443,48,0.94,hashtag,2026-05-05T16:30:00Z
1444,1444,23,0.91,visual,2026-05-05T16:30:00Z
1445,1445,3,0.83,inferred,2026-05-05T16:30:00Z
1446,1446,38,0.96,direct,2026-05-05T16:30:00Z
1447,1447,15,0.93,semantic,2026-05-05T16:30:00Z
1448,1448,54,0.96,hashtag,2026-05-05T16:30:00Z
1449,1449,29,0.95,visual,2026-05-05T16:30:00Z
1450,1450,7,0.87,inferred,2026-05-05T16:30:00Z
1451,1451,44,0.78,direct,2026-05-05T16:30:00Z
1452,1452,20,0.76,semantic,2026-05-05T16:30:00Z
1453,1453,1,0.92,hashtag,2026-05-05T16:30:00Z
1454,1454,35,0.78,visual,2026-05-05T16:30:00Z
1455,1455,12,0.82,inferred,2026-05-05T16:30:00Z
1456,1456,51,0.93,direct,2026-05-05T16:30:00Z
1457,1457,25,0.94,semantic,2026-05-05T16:30:00Z
1458,1458,4,0.84,hashtag,2026-05-05T16:30:00Z
1459,1459,41,0.98,visual,2026-05-05T16:30:00Z
1460,1460,17,0.78,inferred,2026-05-05T16:30:00Z
1461,1461,57,0.82,direct,2026-05-05T16:30:00Z
1462,1462,31,0.9,semantic,2026-05-05T16:30:00Z
1463,1463,9,0.9,hashtag,2026-05-05T16:30:00Z
1464,1464,47,0.89,visual,2026-05-05T16:30:00Z
1465,1465,22,0.77,inferred,2026-05-05T16:30:00Z
1466,1466,2,0.84,direct,2026-05-05T16:30:00Z
1467,1467,37,0.89,semantic,2026-05-05T16:30:00Z
1468,1468,14,0.89,hashtag,2026-05-05T16:30:00Z
1469,1469,53,0.8,visual,2026-05-05T16:30:00Z
1470,1470,28,0.91,inferred,2026-05-05T16:30:00Z
1471,1471,6,0.76,direct,2026-05-05T16:30:00Z
1472,1472,43,0.79,semantic,2026-05-05T16:30:00Z
1473,1473,19,0.95,hashtag,2026-05-05T16:30:00Z
1474,1474,59,0.85,visual,2026-05-05T16:30:00Z
1475,1475,33,0.97,inferred,2026-05-05T16:30:00Z
1476,1476,10,0.94,direct,2026-05-05T16:30:00Z
1477,1477,49,0.86,semantic,2026-05-05T16:30:00Z
1478,1478,24,0.83,hashtag,2026-05-05T16:30:00Z
1479,1479,3,0.78,visual,2026-05-05T16:30:00Z
1480,1480,39,0.77,inferred,2026-05-05T16:30:00Z
1481,1481,15,0.79,direct,2026-05-05T16:30:00Z
1482,1482,55,0.92,semantic,2026-05-05T16:30:00Z
1483,1483,30,0.93,hashtag,2026-05-05T16:30:00Z
1484,1484,8,0.93,visual,2026-05-05T16:30:00Z
1485,1485,45,0.95,inferred,2026-05-05T16:30:00Z
1486,1486,21,0.86,direct,2026-05-05T16:30:00Z
1487,1487,1,0.82,semantic,2026-05-05T16:30:00Z
1488,1488,36,0.83,hashtag,2026-05-05T16:30:00Z
1489,1489,12,0.89,visual,2026-05-05T16:30:00Z
1490,1490,51,0.97,inferred,2026-05-05T16:30:00Z
1491,1491,26,0.95,direct,2026-05-05T16:30:00Z
1492,1492,5,0.86,semantic,2026-05-05T16:30:00Z
1493,1493,42,0.97,hashtag,2026-05-05T16:30:00Z
1494,1494,17,0.78,visual,2026-05-05T16:30:00Z
1495,1495,58,0.79,inferred,2026-05-05T16:30:00Z
1496,1496,32,0.82,direct,2026-05-05T16:30:00Z
1497,1497,9,0.9,semantic,2026-05-05T16:30:00Z
1498,1498,48,0.95,hashtag,2026-05-05T16:30:00Z
1499,1499,23,0.88,visual,2026-05-05T16:30:00Z
1500,1500,2,0.89,inferred,2026-05-05T16:30:00Z
1501,1501,38,0.92,direct,2026-05-05T16:30:00Z
1502,1502,14,0.92,semantic,2026-05-05T16:30:00Z
1503,1503,54,0.91,hashtag,2026-05-05T16:30:00Z
1504,1504,28,0.84,visual,2026-05-05T16:30:00Z
1505,1505,6,0.91,inferred,2026-05-05T16:30:00Z
1506,1506,44,0.77,direct,2026-05-05T16:30:00Z
1507,1507,19,0.95,semantic,2026-05-05T16:30:00Z
1508,1508,60,0.89,hashtag,2026-05-05T16:30:00Z
1509,1509,34,0.83,visual,2026-05-05T16:30:00Z
1510,1510,11,0.92,inferred,2026-05-05T16:30:00Z
1511,1511,50,0.9,direct,2026-05-05T16:30:00Z
1512,1512,25,0.87,semantic,2026-05-05T16:30:00Z
1513,1513,4,0.9,hashtag,2026-05-05T16:30:00Z
1514,1514,40,0.88,visual,2026-05-05T16:30:00Z
1515,1515,16,0.91,inferred,2026-05-05T16:30:00Z
1516,1516,56,0.91,direct,2026-05-05T16:30:00Z
1517,1517,31,0.87,semantic,2026-05-05T16:30:00Z
1518,1518,8,0.79,hashtag,2026-05-05T16:30:00Z
1519,1519,46,0.92,visual,2026-05-05T16:30:00Z
1520,1520,22,0.94,inferred,2026-05-05T16:30:00Z
1521,1521,1,0.97,direct,2026-05-05T16:30:00Z
1522,1522,36,0.82,semantic,2026-05-05T16:30:00Z
1523,1523,13,0.98,hashtag,2026-05-05T16:30:00Z
1524,1524,52,0.86,visual,2026-05-05T16:30:00Z
1525,1525,27,0.97,inferred,2026-05-05T16:30:00Z
1526,1526,5,0.83,direct,2026-05-05T16:30:00Z
1527,1527,42,0.79,semantic,2026-05-05T16:30:00Z
1528,1528,18,0.93,hashtag,2026-05-05T16:30:00Z
1529,1529,59,0.85,visual,2026-05-05T16:30:00Z
1530,1530,33,0.85,inferred,2026-05-05T16:30:00Z
1531,1531,10,0.95,direct,2026-05-05T16:30:00Z
1532,1532,49,0.85,semantic,2026-05-05T16:30:00Z
1533,1533,24,0.8,hashtag,2026-05-05T16:30:00Z
1534,1534,3,0.87,visual,2026-05-05T16:30:00Z
1535,1535,39,0.88,inferred,2026-05-05T16:30:00Z
1536,1536,15,0.86,direct,2026-05-05T16:30:00Z
1537,1537,55,0.9,semantic,2026-05-05T16:30:00Z
1538,1538,29,0.8,hashtag,2026-05-05T16:30:00Z
1539,1539,7,0.83,visual,2026-05-05T16:30:00Z
1540,1540,45,0.82,inferred,2026-05-05T16:30:00Z
1541,1541,20,0.84,direct,2026-05-05T16:30:00Z
1542,1542,1,0.97,semantic,2026-05-05T16:30:00Z
1543,1543,35,0.95,hashtag,2026-05-05T16:30:00Z
1544,1544,12,0.9,visual,2026-05-05T16:30:00Z
1545,1545,51,0.76,inferred,2026-05-05T16:30:00Z
1546,1546,26,0.78,direct,2026-05-05T16:30:00Z
1547,1547,4,0.81,semantic,2026-05-05T16:30:00Z
1548,1548,41,0.78,hashtag,2026-05-05T16:30:00Z
1549,1549,17,0.94,visual,2026-05-05T16:30:00Z
1550,1550,57,0.92,inferred,2026-05-05T16:30:00Z
1551,1551,31,0.97,direct,2026-05-05T16:30:00Z
1552,1552,9,0.86,semantic,2026-05-05T16:30:00Z
1553,1553,47,0.89,hashtag,2026-05-05T16:30:00Z
1554,1554,22,0.9,visual,2026-05-05T16:30:00Z
1555,1555,2,0.83,inferred,2026-05-05T16:30:00Z
1556,1556,37,0.83,direct,2026-05-05T16:30:00Z
1557,1557,14,0.86,semantic,2026-05-05T16:30:00Z
1558,1558,53,0.8,hashtag,2026-05-05T16:30:00Z
1559,1559,28,0.9,visual,2026-05-05T16:30:00Z
1560,1560,6,0.94,inferred,2026-05-05T16:30:00Z
1561,1561,43,0.81,direct,2026-05-05T16:30:00Z
1562,1562,19,0.89,semantic,2026-05-05T16:30:00Z
1563,1563,60,0.97,hashtag,2026-05-05T16:30:00Z
1564,1564,34,0.81,visual,2026-05-05T16:30:00Z
1565,1565,11,0.89,inferred,2026-05-05T16:30:00Z
1566,1566,49,0.95,direct,2026-05-05T16:30:00Z
1567,1567,24,0.85,semantic,2026-05-05T16:30:00Z
1568,1568,3,0.78,hashtag,2026-05-05T16:30:00Z
1569,1569,40,0.83,visual,2026-05-05T16:30:00Z
1570,1570,16,0.79,inferred,2026-05-05T16:30:00Z
1571,1571,56,0.88,direct,2026-05-05T16:30:00Z
1572,1572,30,0.82,semantic,2026-05-05T16:30:00Z
1573,1573,8,0.97,hashtag,2026-05-05T16:30:00Z
1574,1574,46,0.8,visual,2026-05-05T16:30:00Z
1575,1575,21,0.98,inferred,2026-05-05T16:30:00Z
1576,1576,1,0.84,direct,2026-05-05T16:30:00Z
1577,1577,36,0.98,semantic,2026-05-05T16:30:00Z
1578,1578,13,0.86,hashtag,2026-05-05T16:30:00Z
1579,1579,52,0.89,visual,2026-05-05T16:30:00Z
1580,1580,27,0.95,inferred,2026-05-05T16:30:00Z
1581,1581,5,0.85,direct,2026-05-05T16:30:00Z
1582,1582,42,0.8,semantic,2026-05-05T16:30:00Z
1583,1583,18,0.94,hashtag,2026-05-05T16:30:00Z
1584,1584,58,0.96,visual,2026-05-05T16:30:00Z
1585,1585,32,0.79,inferred,2026-05-05T16:30:00Z
1586,1586,10,0.89,direct,2026-05-05T16:30:00Z
1587,1587,48,0.81,semantic,2026-05-05T16:30:00Z
1588,1588,23,0.92,hashtag,2026-05-05T16:30:00Z
1589,1589,3,0.94,visual,2026-05-05T16:30:00Z
1590,1590,38,0.88,inferred,2026-05-05T16:30:00Z
1591,1591,15,0.86,direct,2026-05-05T16:30:00Z
1592,1592,54,0.91,semantic,2026-05-05T16:30:00Z
1593,1593,29,0.94,hashtag,2026-05-05T16:30:00Z
1594,1594,7,0.8,visual,2026-05-05T16:30:00Z
1595,1595,44,0.81,inferred,2026-05-05T16:30:00Z
1596,1596,20,0.88,direct,2026-05-05T16:30:00Z
1597,1597,1,0.97,semantic,2026-05-05T16:30:00Z
1598,1598,35,0.85,hashtag,2026-05-05T16:30:00Z
1599,1599,11,0.95,visual,2026-05-05T16:30:00Z
1600,1600,50,0.95,inferred,2026-05-05T16:30:00Z
1601,1601,25,0.91,direct,2026-05-05T16:30:00Z
1602,1602,4,0.84,semantic,2026-05-05T16:30:00Z
1603,1603,40,0.9,hashtag,2026-05-05T16:30:00Z
1604,1604,17,0.83,visual,2026-05-05T16:30:00Z
1605,1605,57,0.79,inferred,2026-05-05T16:30:00Z
1606,1606,31,0.83,direct,2026-05-05T16:30:00Z
1607,1607,8,0.79,semantic,2026-05-05T16:30:00Z
1608,1608,47,0.98,hashtag,2026-05-05T16:30:00Z
1609,1609,22,0.81,visual,2026-05-05T16:30:00Z
1610,1610,2,0.85,inferred,2026-05-05T16:30:00Z
1611,1611,37,0.96,direct,2026-05-05T16:30:00Z
1612,1612,13,0.77,semantic,2026-05-05T16:30:00Z
1613,1613,53,0.82,hashtag,2026-05-05T16:30:00Z
1614,1614,27,0.89,visual,2026-05-05T16:30:00Z
1615,1615,6,0.96,inferred,2026-05-05T16:30:00Z
1616,1616,43,0.98,direct,2026-05-05T16:30:00Z
1617,1617,19,0.81,semantic,2026-05-05T16:30:00Z
1618,1618,59,0.77,hashtag,2026-05-05T16:30:00Z
1619,1619,33,0.77,visual,2026-05-05T16:30:00Z
1620,1620,10,0.81,inferred,2026-05-05T16:30:00Z
1621,1621,49,0.88,direct,2026-05-05T16:30:00Z
1622,1622,24,0.85,semantic,2026-05-05T16:30:00Z
1623,1623,3,0.8,hashtag,2026-05-05T16:30:00Z
1624,1624,39,0.87,visual,2026-05-05T16:30:00Z
1625,1625,15,0.88,inferred,2026-05-05T16:30:00Z
1626,1626,55,0.93,direct,2026-05-05T16:30:00Z
1627,1627,30,0.82,semantic,2026-05-05T16:30:00Z
1628,1628,7,0.88,hashtag,2026-05-05T16:30:00Z
1629,1629,45,0.85,visual,2026-05-05T16:30:00Z
1630,1630,21,0.78,inferred,2026-05-05T16:30:00Z
1631,1631,1,0.77,direct,2026-05-05T16:30:00Z
1632,1632,35,0.95,semantic,2026-05-05T16:30:00Z
1633,1633,12,0.77,hashtag,2026-05-05T16:30:00Z
1634,1634,51,0.94,visual,2026-05-05T16:30:00Z
1635,1635,26,0.78,inferred,2026-05-05T16:30:00Z
1636,1636,5,0.76,direct,2026-05-05T16:30:00Z
1637,1637,41,0.86,semantic,2026-05-05T16:30:00Z
1638,1638,17,0.79,hashtag,2026-05-05T16:30:00Z
1639,1639,58,0.92,visual,2026-05-05T16:30:00Z
1640,1640,32,0.92,inferred,2026-05-05T16:30:00Z
1641,1641,9,0.79,direct,2026-05-05T16:30:00Z
1642,1642,47,0.97,semantic,2026-05-05T16:30:00Z
1643,1643,23,0.82,hashtag,2026-05-05T16:30:00Z
1644,1644,2,0.92,visual,2026-05-05T16:30:00Z
1645,1645,38,0.83,inferred,2026-05-05T16:30:00Z
1646,1646,14,0.91,direct,2026-05-05T16:30:00Z
1647,1647,54,0.88,semantic,2026-05-05T16:30:00Z
1648,1648,28,0.87,hashtag,2026-05-05T16:30:00Z
1649,1649,6,0.78,visual,2026-05-05T16:30:00Z
1650,1650,44,0.86,inferred,2026-05-05T16:30:00Z
1651,1651,19,0.9,direct,2026-05-05T16:30:00Z
1652,1652,60,0.79,semantic,2026-05-05T16:30:00Z
1653,1653,34,0.92,hashtag,2026-05-05T16:30:00Z
1654,1654,11,0.85,visual,2026-05-05T16:30:00Z
1655,1655,50,0.85,inferred,2026-05-05T16:30:00Z
1656,1656,25,0.82,direct,2026-05-05T16:30:00Z
1657,1657,4,0.97,semantic,2026-05-05T16:30:00Z
1658,1658,40,0.9,hashtag,2026-05-05T16:30:00Z
1659,1659,16,0.94,visual,2026-05-05T16:30:00Z
1660,1660,56,0.93,inferred,2026-05-05T16:30:00Z
1661,1661,30,0.86,direct,2026-05-05T16:30:00Z
1662,1662,8,0.77,semantic,2026-05-05T16:30:00Z
1663,1663,46,0.86,hashtag,2026-05-05T16:30:00Z
1664,1664,21,0.79,visual,2026-05-05T16:30:00Z
1665,1665,1,0.96,inferred,2026-05-05T16:30:00Z
1666,1666,36,0.9,direct,2026-05-05T16:30:00Z
1667,1667,13,0.91,semantic,2026-05-05T16:30:00Z
1668,1668,52,0.79,hashtag,2026-05-05T16:30:00Z
1669,1669,27,0.97,visual,2026-05-05T16:30:00Z
1670,1670,5,0.8,inferred,2026-05-05T16:30:00Z
1671,1671,42,0.87,direct,2026-05-05T16:30:00Z
1672,1672,18,0.83,semantic,2026-05-05T16:30:00Z
1673,1673,58,0.84,hashtag,2026-05-05T16:30:00Z
1674,1674,33,0.83,visual,2026-05-05T16:30:00Z
1675,1675,10,0.95,inferred,2026-05-05T16:30:00Z
1676,1676,48,0.84,direct,2026-05-05T16:30:00Z
1677,1677,23,0.95,semantic,2026-05-05T16:30:00Z
1678,1678,3,0.92,hashtag,2026-05-05T16:30:00Z
1679,1679,39,0.77,visual,2026-05-05T16:30:00Z
1680,1680,15,0.92,inferred,2026-05-05T16:30:00Z
1681,1681,55,0.93,direct,2026-05-05T16:30:00Z
1682,1682,29,0.97,semantic,2026-05-05T16:30:00Z
1683,1683,7,0.91,hashtag,2026-05-05T16:30:00Z
1684,1684,45,0.8,visual,2026-05-05T16:30:00Z
1685,1685,20,0.8,inferred,2026-05-05T16:30:00Z
1686,1686,1,0.92,direct,2026-05-05T16:30:00Z
1687,1687,35,0.76,semantic,2026-05-05T16:30:00Z
1688,1688,12,0.89,hashtag,2026-05-05T16:30:00Z
1689,1689,51,0.86,visual,2026-05-05T16:30:00Z
1690,1690,26,0.77,inferred,2026-05-05T16:30:00Z
1691,1691,4,0.86,direct,2026-05-05T16:30:00Z
1692,1692,41,0.84,semantic,2026-05-05T16:30:00Z
1693,1693,17,0.95,hashtag,2026-05-05T16:30:00Z
1694,1694,57,0.89,visual,2026-05-05T16:30:00Z
1695,1695,31,0.8,inferred,2026-05-05T16:30:00Z
1696,1696,9,0.89,direct,2026-05-05T16:30:00Z
1697,1697,47,0.81,semantic,2026-05-05T16:30:00Z
1698,1698,22,0.96,hashtag,2026-05-05T16:30:00Z
1699,1699,2,0.79,visual,2026-05-05T16:30:00Z
1700,1700,37,0.79,inferred,2026-05-05T16:30:00Z
1701,1701,14,0.83,direct,2026-05-05T16:30:00Z
1702,1702,53,0.83,semantic,2026-05-05T16:30:00Z
1703,1703,28,0.9,hashtag,2026-05-05T16:30:00Z
1704,1704,6,0.94,visual,2026-05-05T16:30:00Z
1705,1705,43,0.92,inferred,2026-05-05T16:30:00Z
1706,1706,19,0.82,direct,2026-05-05T16:30:00Z
1707,1707,59,0.93,semantic,2026-05-05T16:30:00Z
1708,1708,33,0.9,hashtag,2026-05-05T16:30:00Z
1709,1709,11,0.84,visual,2026-05-05T16:30:00Z
1710,1710,49,0.89,inferred,2026-05-05T16:30:00Z
1711,1711,24,0.81,direct,2026-05-05T16:30:00Z
1712,1712,3,0.97,semantic,2026-05-05T16:30:00Z
1713,1713,39,0.93,hashtag,2026-05-05T16:30:00Z
1714,1714,16,0.89,visual,2026-05-05T16:30:00Z
1715,1715,55,0.98,inferred,2026-05-05T16:30:00Z
1716,1716,30,0.95,direct,2026-05-05T16:30:00Z
1717,1717,8,0.8,semantic,2026-05-05T16:30:00Z
1718,1718,45,0.76,hashtag,2026-05-05T16:30:00Z
1719,1719,21,0.84,visual,2026-05-05T16:30:00Z
1720,1720,1,0.89,inferred,2026-05-05T16:30:00Z
1721,1721,36,0.83,direct,2026-05-05T16:30:00Z
1722,1722,12,0.86,semantic,2026-05-05T16:30:00Z
1723,1723,52,0.93,hashtag,2026-05-05T16:30:00Z
1724,1724,26,0.86,visual,2026-05-05T16:30:00Z
1725,1725,5,0.82,inferred,2026-05-05T16:30:00Z
1726,1726,42,0.93,direct,2026-05-05T16:30:00Z
1727,1727,18,0.94,semantic,2026-05-05T16:30:00Z
1728,1728,58,0.96,hashtag,2026-05-05T16:30:00Z
1729,1729,32,0.92,visual,2026-05-05T16:30:00Z
1730,1730,9,0.96,inferred,2026-05-05T16:30:00Z
1731,1731,48,0.94,direct,2026-05-05T16:30:00Z
1732,1732,23,0.9,semantic,2026-05-05T16:30:00Z
1733,1733,2,0.88,hashtag,2026-05-05T16:30:00Z
1734,1734,38,0.76,visual,2026-05-05T16:30:00Z
1735,1735,14,0.84,inferred,2026-05-05T16:30:00Z
1736,1736,54,0.97,direct,2026-05-05T16:30:00Z
1737,1737,29,0.82,semantic,2026-05-05T16:30:00Z
1738,1738,7,0.97,hashtag,2026-05-05T16:30:00Z
1739,1739,44,0.78,visual,2026-05-05T16:30:00Z
1740,1740,20,0.89,inferred,2026-05-05T16:30:00Z
1741,1741,60,0.85,direct,2026-05-05T16:30:00Z
1742,1742,34,0.76,semantic,2026-05-05T16:30:00Z
1743,1743,11,0.86,hashtag,2026-05-05T16:30:00Z
1744,1744,50,0.84,visual,2026-05-05T16:30:00Z
1745,1745,25,0.86,inferred,2026-05-05T16:30:00Z
1746,1746,4,0.94,direct,2026-05-05T16:30:00Z
1747,1747,40,0.93,semantic,2026-05-05T16:30:00Z
1748,1748,16,0.86,hashtag,2026-05-05T16:30:00Z
1749,1749,56,0.82,visual,2026-05-05T16:30:00Z
1750,1750,31,0.93,inferred,2026-05-05T16:30:00Z
1751,1751,8,0.78,direct,2026-05-05T16:30:00Z
1752,1752,46,0.87,semantic,2026-05-05T16:30:00Z
1753,1753,22,0.96,hashtag,2026-05-05T16:30:00Z
1754,1754,2,0.96,visual,2026-05-05T16:30:00Z
1755,1755,37,0.94,inferred,2026-05-05T16:30:00Z
1756,1756,13,0.88,direct,2026-05-05T16:30:00Z
1757,1757,52,0.96,semantic,2026-05-05T16:30:00Z
1758,1758,27,0.84,hashtag,2026-05-05T16:30:00Z
1759,1759,6,0.9,visual,2026-05-05T16:30:00Z
1760,1760,43,0.89,inferred,2026-05-05T16:30:00Z
1761,1761,18,0.84,direct,2026-05-05T16:30:00Z
1762,1762,59,0.97,semantic,2026-05-05T16:30:00Z
1763,1763,33,0.91,hashtag,2026-05-05T16:30:00Z
1764,1764,10,0.9,visual,2026-05-05T16:30:00Z
1765,1765,49,0.86,inferred,2026-05-05T16:30:00Z
1766,1766,24,0.93,direct,2026-05-05T16:30:00Z
1767,1767,3,0.91,semantic,2026-05-05T16:30:00Z
1768,1768,39,0.95,hashtag,2026-05-05T16:30:00Z
1769,1769,15,0.94,visual,2026-05-05T16:30:00Z
1770,1770,55,0.91,inferred,2026-05-05T16:30:00Z
1771,1771,29,0.77,direct,2026-05-05T16:30:00Z
1772,1772,7,0.82,semantic,2026-05-05T16:30:00Z
1773,1773,45,0.95,hashtag,2026-05-05T16:30:00Z
1774,1774,20,0.91,visual,2026-05-05T16:30:00Z
1775,1775,1,0.92,inferred,2026-05-05T16:30:00Z
1776,1776,35,0.78,direct,2026-05-05T16:30:00Z
1777,1777,12,0.77,semantic,2026-05-05T16:30:00Z
1778,1778,51,0.92,hashtag,2026-05-05T16:30:00Z
1779,1779,26,0.9,visual,2026-05-05T16:30:00Z
1780,1780,4,0.78,inferred,2026-05-05T16:30:00Z
1781,1781,41,0.79,direct,2026-05-05T16:30:00Z
1782,1782,17,0.93,semantic,2026-05-05T16:30:00Z
1783,1783,57,0.88,hashtag,2026-05-05T16:30:00Z
1784,1784,32,0.92,visual,2026-05-05T16:30:00Z
1785,1785,9,0.78,inferred,2026-05-05T16:30:00Z
1786,1786,47,0.91,direct,2026-05-05T16:30:00Z
1787,1787,22,0.9,semantic,2026-05-05T16:30:00Z
1788,1788,2,0.78,hashtag,2026-05-05T16:30:00Z
1789,1789,37,0.78,visual,2026-05-05T16:30:00Z
1790,1790,14,0.9,inferred,2026-05-05T16:30:00Z
1791,1791,53,0.78,direct,2026-05-05T16:30:00Z
1792,1792,28,0.93,semantic,2026-05-05T16:30:00Z
1793,1793,6,0.96,hashtag,2026-05-05T16:30:00Z
1794,1794,43,0.95,visual,2026-05-05T16:30:00Z
1795,1795,19,0.8,inferred,2026-05-05T16:30:00Z
1796,1796,60,0.78,direct,2026-05-05T16:30:00Z
1797,1797,34,0.96,semantic,2026-05-05T16:30:00Z
1798,1798,11,0.88,hashtag,2026-05-05T16:30:00Z
1799,1799,50,0.8,visual,2026-05-05T16:30:00Z
1800,1800,25,0.78,inferred,2026-05-05T16:30:00Z
1801,1801,4,0.77,direct,2026-05-05T16:30:00Z
1802,1802,40,0.79,semantic,2026-05-05T16:30:00Z
1803,1803,16,0.89,hashtag,2026-05-05T16:30:00Z
1804,1804,56,0.83,visual,2026-05-05T16:30:00Z
1805,1805,30,0.82,inferred,2026-05-05T16:30:00Z
1806,1806,8,0.77,direct,2026-05-05T16:30:00Z
1807,1807,46,0.84,semantic,2026-05-05T16:30:00Z
1808,1808,21,0.95,hashtag,2026-05-05T16:30:00Z
1809,1809,1,0.89,visual,2026-05-05T16:30:00Z
1810,1810,36,0.91,inferred,2026-05-05T16:30:00Z
1811,1811,13,0.93,direct,2026-05-05T16:30:00Z
1812,1812,52,0.94,semantic,2026-05-05T16:30:00Z
1813,1813,27,0.83,hashtag,2026-05-05T16:30:00Z
1814,1814,5,0.81,visual,2026-05-05T16:30:00Z
1815,1815,42,0.95,inferred,2026-05-05T16:30:00Z
1816,1816,18,0.97,direct,2026-05-05T16:30:00Z
1817,1817,58,0.86,semantic,2026-05-05T16:30:00Z
1818,1818,32,0.89,hashtag,2026-05-05T16:30:00Z
1819,1819,10,0.91,visual,2026-05-05T16:30:00Z
1820,1820,48,0.78,inferred,2026-05-05T16:30:00Z
1821,1821,23,0.93,direct,2026-05-05T16:30:00Z
1822,1822,3,0.9,semantic,2026-05-05T16:30:00Z
1823,1823,38,0.93,hashtag,2026-05-05T16:30:00Z
1824,1824,15,0.82,visual,2026-05-05T16:30:00Z
1825,1825,54,0.96,inferred,2026-05-05T16:30:00Z
1826,1826,29,0.86,direct,2026-05-05T16:30:00Z
1827,1827,7,0.88,semantic,2026-05-05T16:30:00Z
1828,1828,44,0.96,hashtag,2026-05-05T16:30:00Z
1829,1829,20,0.89,visual,2026-05-05T16:30:00Z
1830,1830,1,0.91,inferred,2026-05-05T16:30:00Z
1831,1831,35,0.9,direct,2026-05-05T16:30:00Z
1832,1832,12,0.78,semantic,2026-05-05T16:30:00Z
1833,1833,50,0.83,hashtag,2026-05-05T16:30:00Z
1834,1834,25,0.86,visual,2026-05-05T16:30:00Z
1835,1835,4,0.86,inferred,2026-05-05T16:30:00Z
1836,1836,41,0.92,direct,2026-05-05T16:30:00Z
1837,1837,17,0.78,semantic,2026-05-05T16:30:00Z
1838,1838,57,0.96,hashtag,2026-05-05T16:30:00Z
1839,1839,31,0.82,visual,2026-05-05T16:30:00Z
1840,1840,9,0.78,inferred,2026-05-05T16:30:00Z
1841,1841,47,0.84,direct,2026-05-05T16:30:00Z
1842,1842,22,0.77,semantic,2026-05-05T16:30:00Z
1843,1843,2,0.96,hashtag,2026-05-05T16:30:00Z
1844,1844,37,0.81,visual,2026-05-05T16:30:00Z
1845,1845,13,0.78,inferred,2026-05-05T16:30:00Z
1846,1846,53,0.96,direct,2026-05-05T16:30:00Z
1847,1847,28,0.94,semantic,2026-05-05T16:30:00Z
1848,1848,6,0.94,hashtag,2026-05-05T16:30:00Z
1849,1849,43,0.92,visual,2026-05-05T16:30:00Z
1850,1850,19,0.85,inferred,2026-05-05T16:30:00Z
1851,1851,59,0.77,direct,2026-05-05T16:30:00Z
1852,1852,33,0.97,semantic,2026-05-05T16:30:00Z
1853,1853,10,0.82,hashtag,2026-05-05T16:30:00Z
1854,1854,49,0.93,visual,2026-05-05T16:30:00Z
1855,1855,24,0.81,inferred,2026-05-05T16:30:00Z
1856,1856,3,0.77,direct,2026-05-05T16:30:00Z
1857,1857,39,0.76,semantic,2026-05-05T16:30:00Z
1858,1858,15,0.81,hashtag,2026-05-05T16:30:00Z
1859,1859,55,0.87,visual,2026-05-05T16:30:00Z
1860,1860,30,0.95,inferred,2026-05-05T16:30:00Z
1861,1861,7,0.78,direct,2026-05-05T16:30:00Z
1862,1862,45,0.9,semantic,2026-05-05T16:30:00Z
1863,1863,21,0.86,hashtag,2026-05-05T16:30:00Z
1864,1864,1,0.89,visual,2026-05-05T16:30:00Z
1865,1865,36,0.97,inferred,2026-05-05T16:30:00Z
1866,1866,12,0.88,direct,2026-05-05T16:30:00Z
1867,1867,51,0.96,semantic,2026-05-05T16:30:00Z
1868,1868,26,0.83,hashtag,2026-05-05T16:30:00Z
1869,1869,5,0.94,visual,2026-05-05T16:30:00Z
1870,1870,41,0.96,inferred,2026-05-05T16:30:00Z
1871,1871,17,0.96,direct,2026-05-05T16:30:00Z
1872,1872,58,0.87,semantic,2026-05-05T16:30:00Z
1873,1873,32,0.82,hashtag,2026-05-05T16:30:00Z
1874,1874,9,0.89,visual,2026-05-05T16:30:00Z
1875,1875,48,0.93,inferred,2026-05-05T16:30:00Z
1876,1876,23,0.89,direct,2026-05-05T16:30:00Z
1877,1877,2,0.93,semantic,2026-05-05T16:30:00Z
1878,1878,38,0.8,hashtag,2026-05-05T16:30:00Z
1879,1879,14,0.76,visual,2026-05-05T16:30:00Z
1880,1880,54,0.78,inferred,2026-05-05T16:30:00Z
1881,1881,28,0.91,direct,2026-05-05T16:30:00Z
1882,1882,6,0.95,semantic,2026-05-05T16:30:00Z
1883,1883,44,0.82,hashtag,2026-05-05T16:30:00Z
1884,1884,19,0.89,visual,2026-05-05T16:30:00Z
1885,1885,60,0.98,inferred,2026-05-05T16:30:00Z
1886,1886,34,0.91,direct,2026-05-05T16:30:00Z
1887,1887,11,0.95,semantic,2026-05-05T16:30:00Z
1888,1888,50,0.96,hashtag,2026-05-05T16:30:00Z
1889,1889,25,0.8,visual,2026-05-05T16:30:00Z
1890,1890,4,0.86,inferred,2026-05-05T16:30:00Z
1891,1891,40,0.78,direct,2026-05-05T16:30:00Z
1892,1892,16,0.79,semantic,2026-05-05T16:30:00Z
1893,1893,56,0.8,hashtag,2026-05-05T16:30:00Z
1894,1894,31,0.77,visual,2026-05-05T16:30:00Z
1895,1895,8,0.91,inferred,2026-05-05T16:30:00Z
1896,1896,46,0.92,direct,2026-05-05T16:30:00Z
1897,1897,21,0.84,semantic,2026-05-05T16:30:00Z
1898,1898,1,0.94,hashtag,2026-05-05T16:30:00Z
1899,1899,36,0.89,visual,2026-05-05T16:30:00Z
1900,1900,13,0.77,inferred,2026-05-05T16:30:00Z
1901,1901,52,0.87,direct,2026-05-05T16:30:00Z
1902,1902,27,0.84,semantic,2026-05-05T16:30:00Z
1903,1903,5,0.85,hashtag,2026-05-05T16:30:00Z
1904,1904,42,0.82,visual,2026-05-05T16:30:00Z
1905,1905,18,0.82,inferred,2026-05-05T16:30:00Z
1906,1906,59,0.95,direct,2026-05-05T16:30:00Z
1907,1907,33,0.92,semantic,2026-05-05T16:30:00Z
1908,1908,10,0.95,hashtag,2026-05-05T16:30:00Z
1909,1909,48,0.77,visual,2026-05-05T16:30:00Z
1910,1910,24,0.93,inferred,2026-05-05T16:30:00Z
1911,1911,3,0.86,direct,2026-05-05T16:30:00Z
1912,1912,39,0.94,semantic,2026-05-05T16:30:00Z
1913,1913,15,0.89,hashtag,2026-05-05T16:30:00Z
1914,1914,55,0.97,visual,2026-05-05T16:30:00Z
1915,1915,29,0.93,inferred,2026-05-05T16:30:00Z
1916,1916,7,0.85,direct,2026-05-05T16:30:00Z
1917,1917,45,0.89,semantic,2026-05-05T16:30:00Z
1918,1918,20,0.92,hashtag,2026-05-05T16:30:00Z
1919,1919,1,0.93,visual,2026-05-05T16:30:00Z
1920,1920,35,0.94,inferred,2026-05-05T16:30:00Z
1921,1921,12,0.9,direct,2026-05-05T16:30:00Z
1922,1922,51,0.86,semantic,2026-05-05T16:30:00Z
1923,1923,26,0.91,hashtag,2026-05-05T16:30:00Z
1924,1924,4,0.92,visual,2026-05-05T16:30:00Z
1925,1925,41,0.84,inferred,2026-05-05T16:30:00Z
1926,1926,17,0.94,direct,2026-05-05T16:30:00Z
1927,1927,57,0.76,semantic,2026-05-05T16:30:00Z
1928,1928,31,0.81,hashtag,2026-05-05T16:30:00Z
1929,1929,9,0.88,visual,2026-05-05T16:30:00Z
1930,1930,47,0.93,inferred,2026-05-05T16:30:00Z
1931,1931,22,0.85,direct,2026-05-05T16:30:00Z
1932,1932,2,0.96,semantic,2026-05-05T16:30:00Z
1933,1933,37,0.81,hashtag,2026-05-05T16:30:00Z
1934,1934,14,0.87,visual,2026-05-05T16:30:00Z
1935,1935,53,0.77,inferred,2026-05-05T16:30:00Z
1936,1936,28,0.86,direct,2026-05-05T16:30:00Z
1937,1937,6,0.91,semantic,2026-05-05T16:30:00Z
1938,1938,43,0.89,hashtag,2026-05-05T16:30:00Z
1939,1939,19,0.87,visual,2026-05-05T16:30:00Z
1940,1940,60,0.9,inferred,2026-05-05T16:30:00Z
1941,1941,34,0.87,direct,2026-05-05T16:30:00Z
1942,1942,11,0.89,semantic,2026-05-05T16:30:00Z
1943,1943,49,0.79,hashtag,2026-05-05T16:30:00Z
1944,1944,24,0.93,visual,2026-05-05T16:30:00Z
1945,1945,3,0.87,inferred,2026-05-05T16:30:00Z
1946,1946,39,0.78,direct,2026-05-05T16:30:00Z
1947,1947,16,0.83,semantic,2026-05-05T16:30:00Z
1948,1948,56,0.8,hashtag,2026-05-05T16:30:00Z
1949,1949,30,0.87,visual,2026-05-05T16:30:00Z
1950,1950,8,0.92,inferred,2026-05-05T16:30:00Z
1951,1951,46,0.98,direct,2026-05-05T16:30:00Z
1952,1952,21,0.77,semantic,2026-05-05T16:30:00Z
1953,1953,1,0.91,hashtag,2026-05-05T16:30:00Z
1954,1954,36,0.86,visual,2026-05-05T16:30:00Z
1955,1955,13,0.98,inferred,2026-05-05T16:30:00Z
1956,1956,52,0.91,direct,2026-05-05T16:30:00Z
1957,1957,27,0.89,semantic,2026-05-05T16:30:00Z
1958,1958,5,0.85,hashtag,2026-05-05T16:30:00Z
1959,1959,42,0.82,visual,2026-05-05T16:30:00Z
1960,1960,18,0.89,inferred,2026-05-05T16:30:00Z
1961,1961,58,0.93,direct,2026-05-05T16:30:00Z
1962,1962,32,0.84,semantic,2026-05-05T16:30:00Z
1963,1963,10,0.92,hashtag,2026-05-05T16:30:00Z
1964,1964,48,0.83,visual,2026-05-05T16:30:00Z
1965,1965,23,0.86,inferred,2026-05-05T16:30:00Z
1966,1966,2,0.96,direct,2026-05-05T16:30:00Z
1967,1967,38,0.78,semantic,2026-05-05T16:30:00Z
1968,1968,14,0.9,hashtag,2026-05-05T16:30:00Z
1969,1969,54,0.94,visual,2026-05-05T16:30:00Z
1970,1970,29,0.95,inferred,2026-05-05T16:30:00Z
1971,1971,7,0.92,direct,2026-05-05T16:30:00Z
1972,1972,44,0.81,semantic,2026-05-05T16:30:00Z
1973,1973,20,0.79,hashtag,2026-05-05T16:30:00Z
1974,1974,60,0.9,visual,2026-05-05T16:30:00Z
1975,1975,34,0.96,inferred,2026-05-05T16:30:00Z
1976,1976,11,0.93,direct,2026-05-05T16:30:00Z
1977,1977,50,0.93,semantic,2026-05-05T16:30:00Z
1978,1978,25,0.83,hashtag,2026-05-05T16:30:00Z
1979,1979,4,0.97,visual,2026-05-05T16:30:00Z
1980,1980,40,0.87,inferred,2026-05-05T16:30:00Z
1981,1981,16,0.93,direct,2026-05-05T16:30:00Z
1982,1982,57,0.83,semantic,2026-05-05T16:30:00Z
1983,1983,31,0.78,hashtag,2026-05-05T16:30:00Z
1984,1984,8,0.97,visual,2026-05-05T16:30:00Z
1985,1985,46,0.91,inferred,2026-05-05T16:30:00Z
1986,1986,22,0.86,direct,2026-05-05T16:30:00Z
1987,1987,2,0.87,semantic,2026-05-05T16:30:00Z
1988,1988,37,0.87,hashtag,2026-05-05T16:30:00Z
1989,1989,13,0.8,visual,2026-05-05T16:30:00Z
1990,1990,53,0.81,inferred,2026-05-05T16:30:00Z
1991,1991,27,0.95,direct,2026-05-05T16:30:00Z
1992,1992,6,0.77,semantic,2026-05-05T16:30:00Z
1993,1993,43,0.8,hashtag,2026-05-05T16:30:00Z
1994,1994,18,0.87,visual,2026-05-05T16:30:00Z
1995,1995,59,0.91,inferred,2026-05-05T16:30:00Z
1996,1996,33,0.77,direct,2026-05-05T16:30:00Z
1997,1997,10,0.77,semantic,2026-05-05T16:30:00Z
1998,1998,49,0.9,hashtag,2026-05-05T16:30:00Z
1999,1999,24,0.9,visual,2026-05-05T16:30:00Z
2000,2000,3,0.89,inferred,2026-05-05T16:30:00Z
2001,2001,39,0.85,direct,2026-05-05T16:30:00Z
2002,2002,15,0.85,semantic,2026-05-05T16:30:00Z
2003,2003,55,0.84,hashtag,2026-05-05T16:30:00Z
2004,2004,30,0.79,visual,2026-05-05T16:30:00Z
2005,2005,7,0.81,inferred,2026-05-05T16:30:00Z
2006,2006,45,0.83,direct,2026-05-05T16:30:00Z
2007,2007,21,0.95,semantic,2026-05-05T16:30:00Z
2008,2008,1,0.9,hashtag,2026-05-05T16:30:00Z
2009,2009,35,0.81,visual,2026-05-05T16:30:00Z
2010,2010,12,0.79,inferred,2026-05-05T16:30:00Z
2011,2011,51,0.91,direct,2026-05-05T16:30:00Z
2012,2012,26,0.83,semantic,2026-05-05T16:30:00Z
2013,2013,5,0.86,hashtag,2026-05-05T16:30:00Z
2014,2014,41,0.76,visual,2026-05-05T16:30:00Z
2015,2015,17,0.78,inferred,2026-05-05T16:30:00Z
2016,2016,57,0.79,direct,2026-05-05T16:30:00Z
2017,2017,32,0.77,semantic,2026-05-05T16:30:00Z
2018,2018,9,0.79,hashtag,2026-05-05T16:30:00Z
2019,2019,47,0.9,visual,2026-05-05T16:30:00Z
2020,2020,23,0.79,inferred,2026-05-05T16:30:00Z
2021,2021,2,0.98,direct,2026-05-05T16:30:00Z
2022,2022,38,0.94,semantic,2026-05-05T16:30:00Z
2023,2023,14,0.93,hashtag,2026-05-05T16:30:00Z
2024,2024,54,0.85,visual,2026-05-05T16:30:00Z
2025,2025,28,0.83,inferred,2026-05-05T16:30:00Z
2026,2026,6,0.78,direct,2026-05-05T16:30:00Z
2027,2027,44,0.96,semantic,2026-05-05T16:30:00Z
2028,2028,19,0.96,hashtag,2026-05-05T16:30:00Z
2029,2029,60,0.78,visual,2026-05-05T16:30:00Z
2030,2030,34,0.81,inferred,2026-05-05T16:30:00Z
2031,2031,11,0.83,direct,2026-05-05T16:30:00Z
2032,2032,50,0.84,semantic,2026-05-05T16:30:00Z
2033,2033,25,0.77,hashtag,2026-05-05T16:30:00Z
2034,2034,4,0.83,visual,2026-05-05T16:30:00Z
2035,2035,40,0.84,inferred,2026-05-05T16:30:00Z
2036,2036,16,0.84,direct,2026-05-05T16:30:00Z
2037,2037,56,0.84,semantic,2026-05-05T16:30:00Z
2038,2038,30,0.84,hashtag,2026-05-05T16:30:00Z
2039,2039,8,0.85,visual,2026-05-05T16:30:00Z
2040,2040,46,0.8,inferred,2026-05-05T16:30:00Z
2041,2041,21,0.88,direct,2026-05-05T16:30:00Z
2042,2042,1,0.97,semantic,2026-05-05T16:30:00Z
2043,2043,36,0.81,hashtag,2026-05-05T16:30:00Z
2044,2044,13,0.89,visual,2026-05-05T16:30:00Z
2045,2045,52,0.83,inferred,2026-05-05T16:30:00Z
2046,2046,27,0.84,direct,2026-05-05T16:30:00Z
2047,2047,5,0.79,semantic,2026-05-05T16:30:00Z
2048,2048,42,0.96,hashtag,2026-05-05T16:30:00Z
2049,2049,18,0.93,visual,2026-05-05T16:30:00Z
2050,2050,58,0.98,inferred,2026-05-05T16:30:00Z
2051,2051,33,0.87,direct,2026-05-05T16:30:00Z
2052,2052,10,0.97,semantic,2026-05-05T16:30:00Z
2053,2053,48,0.96,hashtag,2026-05-05T16:30:00Z
2054,2054,23,0.92,visual,2026-05-05T16:30:00Z
2055,2055,3,0.92,inferred,2026-05-05T16:30:00Z
2056,2056,38,0.88,direct,2026-05-05T16:30:00Z
2057,2057,15,0.91,semantic,2026-05-05T16:30:00Z
2058,2058,54,0.91,hashtag,2026-05-05T16:30:00Z
2059,2059,29,0.89,visual,2026-05-05T16:30:00Z
2060,2060,7,0.88,inferred,2026-05-05T16:30:00Z
2061,2061,44,0.81,direct,2026-05-05T16:30:00Z
2062,2062,20,0.96,semantic,2026-05-05T16:30:00Z
2063,2063,1,0.94,hashtag,2026-05-05T16:30:00Z
2064,2064,35,0.82,visual,2026-05-05T16:30:00Z
2065,2065,12,0.92,inferred,2026-05-05T16:30:00Z
2066,2066,51,0.85,direct,2026-05-05T16:30:00Z
2067,2067,26,0.89,semantic,2026-05-05T16:30:00Z
2068,2068,4,0.97,hashtag,2026-05-05T16:30:00Z
2069,2069,41,0.83,visual,2026-05-05T16:30:00Z
2070,2070,17,0.81,inferred,2026-05-05T16:30:00Z
2071,2071,57,0.92,direct,2026-05-05T16:30:00Z
2072,2072,31,0.93,semantic,2026-05-05T16:30:00Z
2073,2073,9,0.84,hashtag,2026-05-05T16:30:00Z
2074,2074,47,0.91,visual,2026-05-05T16:30:00Z
2075,2075,22,0.95,inferred,2026-05-05T16:30:00Z
2076,2076,2,0.83,direct,2026-05-05T16:30:00Z
2077,2077,37,0.94,semantic,2026-05-05T16:30:00Z
2078,2078,14,0.93,hashtag,2026-05-05T16:30:00Z
2079,2079,53,0.95,visual,2026-05-05T16:30:00Z
2080,2080,28,0.96,inferred,2026-05-05T16:30:00Z
2081,2081,6,0.92,direct,2026-05-05T16:30:00Z
2082,2082,43,0.78,semantic,2026-05-05T16:30:00Z
2083,2083,19,0.97,hashtag,2026-05-05T16:30:00Z
2084,2084,59,0.86,visual,2026-05-05T16:30:00Z
2085,2085,33,0.89,inferred,2026-05-05T16:30:00Z
2086,2086,10,0.96,direct,2026-05-05T16:30:00Z
2087,2087,49,0.93,semantic,2026-05-05T16:30:00Z
2088,2088,24,0.87,hashtag,2026-05-05T16:30:00Z
2089,2089,3,0.96,visual,2026-05-05T16:30:00Z
2090,2090,39,0.88,inferred,2026-05-05T16:30:00Z
2091,2091,16,0.96,direct,2026-05-05T16:30:00Z
2092,2092,55,0.86,semantic,2026-05-05T16:30:00Z
2093,2093,30,0.85,hashtag,2026-05-05T16:30:00Z
2094,2094,8,0.94,visual,2026-05-05T16:30:00Z
2095,2095,45,0.87,inferred,2026-05-05T16:30:00Z
2096,2096,21,0.9,direct,2026-05-05T16:30:00Z
2097,2097,1,0.78,semantic,2026-05-05T16:30:00Z
2098,2098,36,0.95,hashtag,2026-05-05T16:30:00Z
2099,2099,12,0.84,visual,2026-05-05T16:30:00Z
2100,2100,52,0.98,inferred,2026-05-05T16:30:00Z
2101,2101,26,0.82,direct,2026-05-05T16:30:00Z
2102,2102,5,0.86,semantic,2026-05-05T16:30:00Z
2103,2103,42,0.91,hashtag,2026-05-05T16:30:00Z
2104,2104,18,0.92,visual,2026-05-05T16:30:00Z
2105,2105,58,0.98,inferred,2026-05-05T16:30:00Z
2106,2106,32,0.88,direct,2026-05-05T16:30:00Z
2107,2107,9,0.85,semantic,2026-05-05T16:30:00Z
2108,2108,48,0.87,hashtag,2026-05-05T16:30:00Z
2109,2109,23,0.83,visual,2026-05-05T16:30:00Z
2110,2110,2,0.86,inferred,2026-05-05T16:30:00Z
2111,2111,38,0.85,direct,2026-05-05T16:30:00Z
2112,2112,14,0.93,semantic,2026-05-05T16:30:00Z
2113,2113,54,0.92,hashtag,2026-05-05T16:30:00Z
2114,2114,28,0.82,visual,2026-05-05T16:30:00Z
2115,2115,6,0.94,inferred,2026-05-05T16:30:00Z
2116,2116,44,0.76,direct,2026-05-05T16:30:00Z
2117,2117,20,0.79,semantic,2026-05-05T16:30:00Z
2118,2118,60,0.94,hashtag,2026-05-05T16:30:00Z
2119,2119,34,0.79,visual,2026-05-05T16:30:00Z
2120,2120,11,0.98,inferred,2026-05-05T16:30:00Z
2121,2121,50,0.77,direct,2026-05-05T16:30:00Z
2122,2122,25,0.97,semantic,2026-05-05T16:30:00Z
2123,2123,4,0.81,hashtag,2026-05-05T16:30:00Z
2124,2124,40,0.82,visual,2026-05-05T16:30:00Z
2125,2125,16,0.95,inferred,2026-05-05T16:30:00Z
2126,2126,56,0.96,direct,2026-05-05T16:30:00Z
2127,2127,31,0.78,semantic,2026-05-05T16:30:00Z
2128,2128,8,0.84,hashtag,2026-05-05T16:30:00Z
2129,2129,46,0.88,visual,2026-05-05T16:30:00Z
2130,2130,22,0.79,inferred,2026-05-05T16:30:00Z
2131,2131,1,0.91,direct,2026-05-05T16:30:00Z
2132,2132,36,0.86,semantic,2026-05-05T16:30:00Z
2133,2133,13,0.88,hashtag,2026-05-05T16:30:00Z
2134,2134,52,0.85,visual,2026-05-05T16:30:00Z
2135,2135,27,0.83,inferred,2026-05-05T16:30:00Z
2136,2136,5,0.88,direct,2026-05-05T16:30:00Z
2137,2137,42,0.96,semantic,2026-05-05T16:30:00Z
2138,2138,18,0.77,hashtag,2026-05-05T16:30:00Z
2139,2139,59,0.9,visual,2026-05-05T16:30:00Z
2140,2140,33,0.88,inferred,2026-05-05T16:30:00Z
2141,2141,10,0.81,direct,2026-05-05T16:30:00Z
2142,2142,49,0.92,semantic,2026-05-05T16:30:00Z
2143,2143,24,0.96,hashtag,2026-05-05T16:30:00Z
2144,2144,3,0.77,visual,2026-05-05T16:30:00Z
2145,2145,39,0.81,inferred,2026-05-05T16:30:00Z
2146,2146,15,0.85,direct,2026-05-05T16:30:00Z
2147,2147,55,0.91,semantic,2026-05-05T16:30:00Z
2148,2148,29,0.84,hashtag,2026-05-05T16:30:00Z
2149,2149,7,0.78,visual,2026-05-05T16:30:00Z
2150,2150,45,0.95,inferred,2026-05-05T16:30:00Z
2151,2151,20,0.92,direct,2026-05-05T16:30:00Z
2152,2152,1,0.81,semantic,2026-05-05T16:30:00Z
2153,2153,35,0.91,hashtag,2026-05-05T16:30:00Z
2154,2154,12,0.94,visual,2026-05-05T16:30:00Z
2155,2155,51,0.88,inferred,2026-05-05T16:30:00Z
2156,2156,26,0.97,direct,2026-05-05T16:30:00Z
2157,2157,4,0.85,semantic,2026-05-05T16:30:00Z
2158,2158,41,0.78,hashtag,2026-05-05T16:30:00Z
2159,2159,17,0.81,visual,2026-05-05T16:30:00Z
2160,2160,57,0.79,inferred,2026-05-05T16:30:00Z
2161,2161,32,0.91,direct,2026-05-05T16:30:00Z
2162,2162,9,0.94,semantic,2026-05-05T16:30:00Z
2163,2163,47,0.96,hashtag,2026-05-05T16:30:00Z
2164,2164,22,0.91,visual,2026-05-05T16:30:00Z
2165,2165,2,0.89,inferred,2026-05-05T16:30:00Z
2166,2166,37,0.85,direct,2026-05-05T16:30:00Z
2167,2167,14,0.77,semantic,2026-05-05T16:30:00Z
2168,2168,53,0.89,hashtag,2026-05-05T16:30:00Z
2169,2169,28,0.87,visual,2026-05-05T16:30:00Z
2170,2170,6,0.81,inferred,2026-05-05T16:30:00Z
2171,2171,43,0.9,direct,2026-05-05T16:30:00Z
2172,2172,19,0.8,semantic,2026-05-05T16:30:00Z
2173,2173,60,0.82,hashtag,2026-05-05T16:30:00Z
2174,2174,34,0.92,visual,2026-05-05T16:30:00Z
2175,2175,11,0.78,inferred,2026-05-05T16:30:00Z
2176,2176,49,0.98,direct,2026-05-05T16:30:00Z
2177,2177,24,0.79,semantic,2026-05-05T16:30:00Z
2178,2178,3,0.96,hashtag,2026-05-05T16:30:00Z
2179,2179,40,0.91,visual,2026-05-05T16:30:00Z
2180,2180,16,0.83,inferred,2026-05-05T16:30:00Z
2181,2181,56,0.86,direct,2026-05-05T16:30:00Z
2182,2182,30,0.84,semantic,2026-05-05T16:30:00Z
2183,2183,8,0.78,hashtag,2026-05-05T16:30:00Z
2184,2184,46,0.96,visual,2026-05-05T16:30:00Z
2185,2185,21,0.84,inferred,2026-05-05T16:30:00Z
2186,2186,1,0.84,direct,2026-05-05T16:30:00Z
2187,2187,36,0.81,semantic,2026-05-05T16:30:00Z
2188,2188,13,0.9,hashtag,2026-05-05T16:30:00Z
2189,2189,52,0.81,visual,2026-05-05T16:30:00Z
2190,2190,27,0.76,inferred,2026-05-05T16:30:00Z
2191,2191,5,0.95,direct,2026-05-05T16:30:00Z
2192,2192,42,0.78,semantic,2026-05-05T16:30:00Z
2193,2193,18,0.96,hashtag,2026-05-05T16:30:00Z
2194,2194,58,0.94,visual,2026-05-05T16:30:00Z
2195,2195,32,0.79,inferred,2026-05-05T16:30:00Z
2196,2196,10,0.77,direct,2026-05-05T16:30:00Z
2197,2197,48,0.81,semantic,2026-05-05T16:30:00Z
2198,2198,23,0.89,hashtag,2026-05-05T16:30:00Z
2199,2199,3,0.86,visual,2026-05-05T16:30:00Z
2200,2200,38,0.79,inferred,2026-05-05T16:30:00Z
2201,2201,15,0.79,direct,2026-05-05T16:30:00Z
2202,2202,54,0.88,semantic,2026-05-05T16:30:00Z
2203,2203,29,0.93,hashtag,2026-05-05T16:30:00Z
2204,2204,7,0.88,visual,2026-05-05T16:30:00Z
2205,2205,44,0.8,inferred,2026-05-05T16:30:00Z
2206,2206,20,0.91,direct,2026-05-05T16:30:00Z
2207,2207,1,0.87,semantic,2026-05-05T16:30:00Z
2208,2208,35,0.93,hashtag,2026-05-05T16:30:00Z
2209,2209,11,0.94,visual,2026-05-05T16:30:00Z
2210,2210,50,0.96,inferred,2026-05-05T16:30:00Z
2211,2211,25,0.84,direct,2026-05-05T16:30:00Z
2212,2212,4,0.86,semantic,2026-05-05T16:30:00Z
2213,2213,41,0.95,hashtag,2026-05-05T16:30:00Z
2214,2214,17,0.82,visual,2026-05-05T16:30:00Z
2215,2215,57,0.89,inferred,2026-05-05T16:30:00Z
2216,2216,31,0.8,direct,2026-05-05T16:30:00Z
2217,2217,9,0.85,semantic,2026-05-05T16:30:00Z
2218,2218,47,0.94,hashtag,2026-05-05T16:30:00Z
2219,2219,22,0.8,visual,2026-05-05T16:30:00Z
2220,2220,2,0.97,inferred,2026-05-05T16:30:00Z
2221,2221,37,0.84,direct,2026-05-05T16:30:00Z
2222,2222,13,0.81,semantic,2026-05-05T16:30:00Z
2223,2223,53,0.92,hashtag,2026-05-05T16:30:00Z
2224,2224,27,0.81,visual,2026-05-05T16:30:00Z
2225,2225,6,0.82,inferred,2026-05-05T16:30:00Z
2226,2226,43,0.76,direct,2026-05-05T16:30:00Z
2227,2227,19,0.84,semantic,2026-05-05T16:30:00Z
2228,2228,59,0.8,hashtag,2026-05-05T16:30:00Z
2229,2229,33,0.83,visual,2026-05-05T16:30:00Z
2230,2230,10,0.77,inferred,2026-05-05T16:30:00Z
2231,2231,49,0.91,direct,2026-05-05T16:30:00Z
2232,2232,24,0.87,semantic,2026-05-05T16:30:00Z
2233,2233,3,0.87,hashtag,2026-05-05T16:30:00Z
2234,2234,39,0.94,visual,2026-05-05T16:30:00Z
2235,2235,15,0.79,inferred,2026-05-05T16:30:00Z
2236,2236,55,0.97,direct,2026-05-05T16:30:00Z
2237,2237,30,0.82,semantic,2026-05-05T16:30:00Z
2238,2238,7,0.8,hashtag,2026-05-05T16:30:00Z
2239,2239,45,0.96,visual,2026-05-05T16:30:00Z
2240,2240,21,0.79,inferred,2026-05-05T16:30:00Z
2241,2241,1,0.88,direct,2026-05-05T16:30:00Z
2242,2242,35,0.77,semantic,2026-05-05T16:30:00Z
2243,2243,12,0.98,hashtag,2026-05-05T16:30:00Z
2244,2244,51,0.88,visual,2026-05-05T16:30:00Z
2245,2245,26,0.79,inferred,2026-05-05T16:30:00Z
2246,2246,5,0.79,direct,2026-05-05T16:30:00Z
2247,2247,41,0.88,semantic,2026-05-05T16:30:00Z
2248,2248,17,0.94,hashtag,2026-05-05T16:30:00Z
2249,2249,58,0.82,visual,2026-05-05T16:30:00Z
2250,2250,32,0.95,inferred,2026-05-05T16:30:00Z
2251,2251,9,0.89,direct,2026-05-05T16:30:00Z
2252,2252,47,0.83,semantic,2026-05-05T16:30:00Z
2253,2253,23,0.89,hashtag,2026-05-05T16:30:00Z
2254,2254,2,0.97,visual,2026-05-05T16:30:00Z
2255,2255,38,0.83,inferred,2026-05-05T16:30:00Z
2256,2256,14,0.96,direct,2026-05-05T16:30:00Z
2257,2257,54,0.8,semantic,2026-05-05T16:30:00Z
2258,2258,28,0.87,hashtag,2026-05-05T16:30:00Z
2259,2259,6,0.76,visual,2026-05-05T16:30:00Z
2260,2260,44,0.95,inferred,2026-05-05T16:30:00Z
2261,2261,19,0.79,direct,2026-05-05T16:30:00Z
2262,2262,60,0.77,semantic,2026-05-05T16:30:00Z
2263,2263,34,0.79,hashtag,2026-05-05T16:30:00Z
2264,2264,11,0.8,visual,2026-05-05T16:30:00Z
2265,2265,50,0.87,inferred,2026-05-05T16:30:00Z
2266,2266,25,0.83,direct,2026-05-05T16:30:00Z
2267,2267,4,0.81,semantic,2026-05-05T16:30:00Z
2268,2268,40,0.93,hashtag,2026-05-05T16:30:00Z
2269,2269,16,0.92,visual,2026-05-05T16:30:00Z
2270,2270,56,0.94,inferred,2026-05-05T16:30:00Z
2271,2271,30,0.78,direct,2026-05-05T16:30:00Z
2272,2272,8,0.94,semantic,2026-05-05T16:30:00Z
2273,2273,46,0.93,hashtag,2026-05-05T16:30:00Z
2274,2274,21,0.77,visual,2026-05-05T16:30:00Z
2275,2275,1,0.77,inferred,2026-05-05T16:30:00Z
2276,2276,36,0.77,direct,2026-05-05T16:30:00Z
2277,2277,13,0.89,semantic,2026-05-05T16:30:00Z
2278,2278,52,0.89,hashtag,2026-05-05T16:30:00Z
2279,2279,27,0.85,visual,2026-05-05T16:30:00Z
2280,2280,5,0.8,inferred,2026-05-05T16:30:00Z
2281,2281,42,0.79,direct,2026-05-05T16:30:00Z
2282,2282,18,0.92,semantic,2026-05-05T16:30:00Z
2283,2283,58,0.81,hashtag,2026-05-05T16:30:00Z
2284,2284,33,0.96,visual,2026-05-05T16:30:00Z
2285,2285,10,0.86,inferred,2026-05-05T16:30:00Z
2286,2286,48,0.95,direct,2026-05-05T16:30:00Z
2287,2287,24,0.8,semantic,2026-05-05T16:30:00Z
2288,2288,3,0.83,hashtag,2026-05-05T16:30:00Z
2289,2289,39,0.8,visual,2026-05-05T16:30:00Z
2290,2290,15,0.87,inferred,2026-05-05T16:30:00Z
2291,2291,55,0.83,direct,2026-05-05T16:30:00Z
2292,2292,29,0.88,semantic,2026-05-05T16:30:00Z
2293,2293,7,0.93,hashtag,2026-05-05T16:30:00Z
2294,2294,45,0.95,visual,2026-05-05T16:30:00Z
2295,2295,20,0.96,inferred,2026-05-05T16:30:00Z
2296,2296,1,0.98,direct,2026-05-05T16:30:00Z
2297,2297,35,0.82,semantic,2026-05-05T16:30:00Z
2298,2298,12,0.92,hashtag,2026-05-05T16:30:00Z
2299,2299,51,0.92,visual,2026-05-05T16:30:00Z
2300,2300,26,0.85,inferred,2026-05-05T16:30:00Z
2301,2301,4,0.97,direct,2026-05-05T16:30:00Z
2302,2302,41,0.91,semantic,2026-05-05T16:30:00Z
2303,2303,17,0.91,hashtag,2026-05-05T16:30:00Z
2304,2304,57,0.86,visual,2026-05-05T16:30:00Z
2305,2305,31,0.95,inferred,2026-05-05T16:30:00Z
2306,2306,9,0.85,direct,2026-05-05T16:30:00Z
2307,2307,47,0.92,semantic,2026-05-05T16:30:00Z
2308,2308,22,0.93,hashtag,2026-05-05T16:30:00Z
2309,2309,2,0.94,visual,2026-05-05T16:30:00Z
2310,2310,37,0.98,inferred,2026-05-05T16:30:00Z
2311,2311,14,0.87,direct,2026-05-05T16:30:00Z
2312,2312,53,0.87,semantic,2026-05-05T16:30:00Z
2313,2313,28,0.79,hashtag,2026-05-05T16:30:00Z
2314,2314,6,0.87,visual,2026-05-05T16:30:00Z
2315,2315,43,0.77,inferred,2026-05-05T16:30:00Z
2316,2316,19,0.86,direct,2026-05-05T16:30:00Z
2317,2317,59,0.81,semantic,2026-05-05T16:30:00Z
2318,2318,34,0.86,hashtag,2026-05-05T16:30:00Z
2319,2319,11,0.88,visual,2026-05-05T16:30:00Z
2320,2320,49,0.91,inferred,2026-05-05T16:30:00Z
2321,2321,24,0.8,direct,2026-05-05T16:30:00Z
2322,2322,3,0.93,semantic,2026-05-05T16:30:00Z
2323,2323,39,0.81,hashtag,2026-05-05T16:30:00Z
2324,2324,16,0.97,visual,2026-05-05T16:30:00Z
2325,2325,56,0.97,inferred,2026-05-05T16:30:00Z
2326,2326,30,0.9,direct,2026-05-05T16:30:00Z
2327,2327,8,0.82,semantic,2026-05-05T16:30:00Z
2328,2328,45,0.9,hashtag,2026-05-05T16:30:00Z
2329,2329,21,0.93,visual,2026-05-05T16:30:00Z
2330,2330,1,0.92,inferred,2026-05-05T16:30:00Z
2331,2331,36,0.76,direct,2026-05-05T16:30:00Z
2332,2332,12,0.98,semantic,2026-05-05T16:30:00Z
2333,2333,52,0.92,hashtag,2026-05-05T16:30:00Z
2334,2334,26,0.96,visual,2026-05-05T16:30:00Z
2335,2335,5,0.82,inferred,2026-05-05T16:30:00Z
2336,2336,42,0.93,direct,2026-05-05T16:30:00Z
2337,2337,18,0.82,semantic,2026-05-05T16:30:00Z
2338,2338,58,0.79,hashtag,2026-05-05T16:30:00Z
2339,2339,32,0.8,visual,2026-05-05T16:30:00Z
2340,2340,9,0.98,inferred,2026-05-05T16:30:00Z
2341,2341,48,0.85,direct,2026-05-05T16:30:00Z
2342,2342,23,0.78,semantic,2026-05-05T16:30:00Z
2343,2343,2,0.86,hashtag,2026-05-05T16:30:00Z
2344,2344,38,0.89,visual,2026-05-05T16:30:00Z
2345,2345,14,0.77,inferred,2026-05-05T16:30:00Z
2346,2346,54,0.96,direct,2026-05-05T16:30:00Z
2347,2347,29,0.81,semantic,2026-05-05T16:30:00Z
2348,2348,7,0.86,hashtag,2026-05-05T16:30:00Z
2349,2349,44,0.9,visual,2026-05-05T16:30:00Z
2350,2350,20,0.87,inferred,2026-05-05T16:30:00Z
2351,2351,60,0.89,direct,2026-05-05T16:30:00Z
2352,2352,34,0.78,semantic,2026-05-05T16:30:00Z
2353,2353,11,0.76,hashtag,2026-05-05T16:30:00Z
2354,2354,50,0.83,visual,2026-05-05T16:30:00Z
2355,2355,25,0.93,inferred,2026-05-05T16:30:00Z
2356,2356,4,0.77,direct,2026-05-05T16:30:00Z
2357,2357,40,0.87,semantic,2026-05-05T16:30:00Z
2358,2358,16,0.92,hashtag,2026-05-05T16:30:00Z
2359,2359,56,0.87,visual,2026-05-05T16:30:00Z
2360,2360,31,0.8,inferred,2026-05-05T16:30:00Z
2361,2361,8,0.93,direct,2026-05-05T16:30:00Z
2362,2362,46,0.9,semantic,2026-05-05T16:30:00Z
2363,2363,22,0.84,hashtag,2026-05-05T16:30:00Z
2364,2364,2,0.88,visual,2026-05-05T16:30:00Z
2365,2365,37,0.79,inferred,2026-05-05T16:30:00Z
2366,2366,13,0.8,direct,2026-05-05T16:30:00Z
2367,2367,53,0.87,semantic,2026-05-05T16:30:00Z
2368,2368,27,0.89,hashtag,2026-05-05T16:30:00Z
2369,2369,6,0.95,visual,2026-05-05T16:30:00Z
2370,2370,43,0.88,inferred,2026-05-05T16:30:00Z
2371,2371,18,0.89,direct,2026-05-05T16:30:00Z
2372,2372,59,0.94,semantic,2026-05-05T16:30:00Z
2373,2373,33,0.82,hashtag,2026-05-05T16:30:00Z
2374,2374,10,0.93,visual,2026-05-05T16:30:00Z
2375,2375,49,0.83,inferred,2026-05-05T16:30:00Z
2376,2376,24,0.8,direct,2026-05-05T16:30:00Z
2377,2377,3,0.78,semantic,2026-05-05T16:30:00Z
2378,2378,39,0.94,hashtag,2026-05-05T16:30:00Z
2379,2379,15,0.82,visual,2026-05-05T16:30:00Z
2380,2380,55,0.94,inferred,2026-05-05T16:30:00Z
2381,2381,29,0.79,direct,2026-05-05T16:30:00Z
2382,2382,7,0.77,semantic,2026-05-05T16:30:00Z
2383,2383,45,0.89,hashtag,2026-05-05T16:30:00Z
2384,2384,20,0.78,visual,2026-05-05T16:30:00Z
2385,2385,1,0.77,inferred,2026-05-05T16:30:00Z
2386,2386,35,0.77,direct,2026-05-05T16:30:00Z
2387,2387,12,0.96,semantic,2026-05-05T16:30:00Z
2388,2388,51,0.77,hashtag,2026-05-05T16:30:00Z
2389,2389,26,0.86,visual,2026-05-05T16:30:00Z
2390,2390,5,0.96,inferred,2026-05-05T16:30:00Z
2391,2391,41,0.83,direct,2026-05-05T16:30:00Z
2392,2392,17,0.9,semantic,2026-05-05T16:30:00Z
2393,2393,57,0.96,hashtag,2026-05-05T16:30:00Z
2394,2394,32,0.78,visual,2026-05-05T16:30:00Z
2395,2395,9,0.93,inferred,2026-05-05T16:30:00Z
2396,2396,47,0.82,direct,2026-05-05T16:30:00Z
2397,2397,23,0.84,semantic,2026-05-05T16:30:00Z
2398,2398,2,0.89,hashtag,2026-05-05T16:30:00Z
2399,2399,37,0.95,visual,2026-05-05T16:30:00Z
2400,2400,14,0.88,inferred,2026-05-05T16:30:00Z
2401,2401,53,0.78,direct,2026-05-05T16:30:00Z
2402,2402,28,0.92,semantic,2026-05-05T16:30:00Z
2403,2403,6,0.83,hashtag,2026-05-05T16:30:00Z
2404,2404,43,0.92,visual,2026-05-05T16:30:00Z
2405,2405,19,0.79,inferred,2026-05-05T16:30:00Z
2406,2406,60,0.9,direct,2026-05-05T16:30:00Z
2407,2407,34,0.97,semantic,2026-05-05T16:30:00Z
2408,2408,11,0.86,hashtag,2026-05-05T16:30:00Z
2409,2409,50,0.95,visual,2026-05-05T16:30:00Z
2410,2410,25,0.94,inferred,2026-05-05T16:30:00Z
2411,2411,4,0.87,direct,2026-05-05T16:30:00Z
2412,2412,40,0.81,semantic,2026-05-05T16:30:00Z
2413,2413,16,0.95,hashtag,2026-05-05T16:30:00Z
2414,2414,56,0.97,visual,2026-05-05T16:30:00Z
2415,2415,30,0.78,inferred,2026-05-05T16:30:00Z
2416,2416,8,0.87,direct,2026-05-05T16:30:00Z
2417,2417,46,0.79,semantic,2026-05-05T16:30:00Z
2418,2418,21,0.82,hashtag,2026-05-05T16:30:00Z
2419,2419,1,0.88,visual,2026-05-05T16:30:00Z
2420,2420,36,0.95,inferred,2026-05-05T16:30:00Z
2421,2421,13,0.8,direct,2026-05-05T16:30:00Z
2422,2422,52,0.95,semantic,2026-05-05T16:30:00Z
2423,2423,27,0.77,hashtag,2026-05-05T16:30:00Z
2424,2424,5,0.8,visual,2026-05-05T16:30:00Z
2425,2425,42,0.77,inferred,2026-05-05T16:30:00Z
2426,2426,18,0.86,direct,2026-05-05T16:30:00Z
2427,2427,58,0.88,semantic,2026-05-05T16:30:00Z
2428,2428,32,0.88,hashtag,2026-05-05T16:30:00Z
2429,2429,10,0.78,visual,2026-05-05T16:30:00Z
2430,2430,48,0.96,inferred,2026-05-05T16:30:00Z
2431,2431,23,0.96,direct,2026-05-05T16:30:00Z
2432,2432,3,0.82,semantic,2026-05-05T16:30:00Z
2433,2433,38,0.77,hashtag,2026-05-05T16:30:00Z
2434,2434,15,0.89,visual,2026-05-05T16:30:00Z
2435,2435,54,0.91,inferred,2026-05-05T16:30:00Z
2436,2436,29,0.87,direct,2026-05-05T16:30:00Z
2437,2437,7,0.86,semantic,2026-05-05T16:30:00Z
2438,2438,44,0.9,hashtag,2026-05-05T16:30:00Z
2439,2439,20,0.94,visual,2026-05-05T16:30:00Z
2440,2440,1,0.79,inferred,2026-05-05T16:30:00Z
2441,2441,35,0.9,direct,2026-05-05T16:30:00Z
2442,2442,12,0.98,semantic,2026-05-05T16:30:00Z
2443,2443,51,0.86,hashtag,2026-05-05T16:30:00Z
2444,2444,25,0.78,visual,2026-05-05T16:30:00Z
2445,2445,4,0.77,inferred,2026-05-05T16:30:00Z
2446,2446,41,0.85,direct,2026-05-05T16:30:00Z
2447,2447,17,0.83,semantic,2026-05-05T16:30:00Z
2448,2448,57,0.89,hashtag,2026-05-05T16:30:00Z
2449,2449,31,0.83,visual,2026-05-05T16:30:00Z
2450,2450,9,0.91,inferred,2026-05-05T16:30:00Z
2451,2451,47,0.8,direct,2026-05-05T16:30:00Z
2452,2452,22,0.81,semantic,2026-05-05T16:30:00Z
2453,2453,2,0.88,hashtag,2026-05-05T16:30:00Z
2454,2454,37,0.9,visual,2026-05-05T16:30:00Z
2455,2455,13,0.92,inferred,2026-05-05T16:30:00Z
2456,2456,53,0.83,direct,2026-05-05T16:30:00Z
2457,2457,28,0.97,semantic,2026-05-05T16:30:00Z
2458,2458,6,0.78,hashtag,2026-05-05T16:30:00Z
2459,2459,43,0.89,visual,2026-05-05T16:30:00Z
2460,2460,19,0.97,inferred,2026-05-05T16:30:00Z
2461,2461,59,0.92,direct,2026-05-05T16:30:00Z
2462,2462,33,0.84,semantic,2026-05-05T16:30:00Z
2463,2463,10,0.83,hashtag,2026-05-05T16:30:00Z
2464,2464,49,0.79,visual,2026-05-05T16:30:00Z
2465,2465,24,0.84,inferred,2026-05-05T16:30:00Z
2466,2466,3,0.96,direct,2026-05-05T16:30:00Z
2467,2467,39,0.87,semantic,2026-05-05T16:30:00Z
2468,2468,15,0.76,hashtag,2026-05-05T16:30:00Z
2469,2469,55,0.78,visual,2026-05-05T16:30:00Z
2470,2470,30,0.82,inferred,2026-05-05T16:30:00Z
2471,2471,8,0.92,direct,2026-05-05T16:30:00Z
2472,2472,45,0.79,semantic,2026-05-05T16:30:00Z
2473,2473,21,0.97,hashtag,2026-05-05T16:30:00Z
2474,2474,1,0.77,visual,2026-05-05T16:30:00Z
2475,2475,36,0.87,inferred,2026-05-05T16:30:00Z
2476,2476,12,0.96,direct,2026-05-05T16:30:00Z
2477,2477,51,0.89,semantic,2026-05-05T16:30:00Z
2478,2478,26,0.77,hashtag,2026-05-05T16:30:00Z
2479,2479,5,0.94,visual,2026-05-05T16:30:00Z
2480,2480,42,0.84,inferred,2026-05-05T16:30:00Z
2481,2481,17,0.76,direct,2026-05-05T16:30:00Z
2482,2482,58,0.96,semantic,2026-05-05T16:30:00Z
2483,2483,32,0.89,hashtag,2026-05-05T16:30:00Z
2484,2484,9,0.96,visual,2026-05-05T16:30:00Z
2485,2485,48,0.78,inferred,2026-05-05T16:30:00Z
2486,2486,23,0.78,direct,2026-05-05T16:30:00Z
2487,2487,2,0.8,semantic,2026-05-05T16:30:00Z
2488,2488,38,0.79,hashtag,2026-05-05T16:30:00Z
2489,2489,14,0.9,visual,2026-05-05T16:30:00Z
2490,2490,54,0.87,inferred,2026-05-05T16:30:00Z
2491,2491,28,0.78,direct,2026-05-05T16:30:00Z
2492,2492,6,0.9,semantic,2026-05-05T16:30:00Z
2493,2493,44,0.91,hashtag,2026-05-05T16:30:00Z
2494,2494,19,0.84,visual,2026-05-05T16:30:00Z
2495,2495,60,0.85,inferred,2026-05-05T16:30:00Z
2496,2496,34,0.8,direct,2026-05-05T16:30:00Z
2497,2497,11,0.78,semantic,2026-05-05T16:30:00Z
2498,2498,50,0.9,hashtag,2026-05-05T16:30:00Z
2499,2499,25,0.78,visual,2026-05-05T16:30:00Z
2500,2500,4,0.89,inferred,2026-05-05T16:30:00Z
2501,2501,40,0.88,direct,2026-05-05T16:30:00Z
2502,2502,16,0.92,semantic,2026-05-05T16:30:00Z
2503,2503,56,0.81,hashtag,2026-05-05T16:30:00Z
2504,2504,31,0.88,visual,2026-05-05T16:30:00Z
2505,2505,8,0.95,inferred,2026-05-05T16:30:00Z
2506,2506,46,0.96,direct,2026-05-05T16:30:00Z
2507,2507,22,0.98,semantic,2026-05-05T16:30:00Z
2508,2508,1,0.88,hashtag,2026-05-05T16:30:00Z
2509,2509,36,0.85,visual,2026-05-05T16:30:00Z
2510,2510,13,0.95,inferred,2026-05-05T16:30:00Z
2511,2511,52,0.9,direct,2026-05-05T16:30:00Z
2512,2512,27,0.86,semantic,2026-05-05T16:30:00Z
2513,2513,5,0.87,hashtag,2026-05-05T16:30:00Z
2514,2514,42,0.77,visual,2026-05-05T16:30:00Z
2515,2515,18,0.8,inferred,2026-05-05T16:30:00Z
2516,2516,59,0.86,direct,2026-05-05T16:30:00Z
2517,2517,33,0.97,semantic,2026-05-05T16:30:00Z
2518,2518,10,0.81,hashtag,2026-05-05T16:30:00Z
2519,2519,48,0.84,visual,2026-05-05T16:30:00Z
2520,2520,24,0.91,inferred,2026-05-05T16:30:00Z
2521,2521,3,0.84,direct,2026-05-05T16:30:00Z
2522,2522,39,0.8,semantic,2026-05-05T16:30:00Z
2523,2523,15,0.95,hashtag,2026-05-05T16:30:00Z
2524,2524,55,0.87,visual,2026-05-05T16:30:00Z
2525,2525,29,0.87,inferred,2026-05-05T16:30:00Z
2526,2526,7,0.89,direct,2026-05-05T16:30:00Z
2527,2527,45,0.96,semantic,2026-05-05T16:30:00Z
2528,2528,20,0.78,hashtag,2026-05-05T16:30:00Z
2529,2529,1,0.83,visual,2026-05-05T16:30:00Z
2530,2530,35,0.79,inferred,2026-05-05T16:30:00Z
2531,2531,12,0.88,direct,2026-05-05T16:30:00Z
2532,2532,51,0.82,semantic,2026-05-05T16:30:00Z
2533,2533,26,0.83,hashtag,2026-05-05T16:30:00Z
2534,2534,4,0.96,visual,2026-05-05T16:30:00Z
2535,2535,41,0.9,inferred,2026-05-05T16:30:00Z
2536,2536,17,0.85,direct,2026-05-05T16:30:00Z
2537,2537,57,0.93,semantic,2026-05-05T16:30:00Z
2538,2538,31,0.92,hashtag,2026-05-05T16:30:00Z
2539,2539,9,0.81,visual,2026-05-05T16:30:00Z
2540,2540,47,0.78,inferred,2026-05-05T16:30:00Z
2541,2541,22,0.95,direct,2026-05-05T16:30:00Z
2542,2542,2,0.78,semantic,2026-05-05T16:30:00Z
2543,2543,37,0.85,hashtag,2026-05-05T16:30:00Z
2544,2544,14,0.82,visual,2026-05-05T16:30:00Z
2545,2545,53,0.86,inferred,2026-05-05T16:30:00Z
2546,2546,28,0.95,direct,2026-05-05T16:30:00Z
2547,2547,6,0.96,semantic,2026-05-05T16:30:00Z
2548,2548,43,0.87,hashtag,2026-05-05T16:30:00Z
2549,2549,19,0.92,visual,2026-05-05T16:30:00Z
2550,2550,60,0.9,inferred,2026-05-05T16:30:00Z
2551,2551,34,0.78,direct,2026-05-05T16:30:00Z
2552,2552,11,0.86,semantic,2026-05-05T16:30:00Z
2553,2553,49,0.92,hashtag,2026-05-05T16:30:00Z
2554,2554,24,0.96,visual,2026-05-05T16:30:00Z
2555,2555,3,0.9,inferred,2026-05-05T16:30:00Z
2556,2556,40,0.83,direct,2026-05-05T16:30:00Z
2557,2557,16,0.97,semantic,2026-05-05T16:30:00Z
2558,2558,56,0.9,hashtag,2026-05-05T16:30:00Z
2559,2559,30,0.96,visual,2026-05-05T16:30:00Z
2560,2560,8,0.84,inferred,2026-05-05T16:30:00Z
2561,2561,46,0.95,direct,2026-05-05T16:30:00Z
2562,2562,21,0.79,semantic,2026-05-05T16:30:00Z
2563,2563,1,0.9,hashtag,2026-05-05T16:30:00Z
2564,2564,36,0.76,visual,2026-05-05T16:30:00Z
2565,2565,13,0.92,inferred,2026-05-05T16:30:00Z
2566,2566,52,0.97,direct,2026-05-05T16:30:00Z
2567,2567,27,0.89,semantic,2026-05-05T16:30:00Z
2568,2568,5,0.89,hashtag,2026-05-05T16:30:00Z
2569,2569,42,0.87,visual,2026-05-05T16:30:00Z
2570,2570,18,0.91,inferred,2026-05-05T16:30:00Z
2571,2571,58,0.95,direct,2026-05-05T16:30:00Z
2572,2572,32,0.89,semantic,2026-05-05T16:30:00Z
2573,2573,10,0.88,hashtag,2026-05-05T16:30:00Z
2574,2574,48,0.78,visual,2026-05-05T16:30:00Z
2575,2575,23,0.97,inferred,2026-05-05T16:30:00Z
2576,2576,2,0.94,direct,2026-05-05T16:30:00Z
2577,2577,38,0.83,semantic,2026-05-05T16:30:00Z
2578,2578,15,0.96,hashtag,2026-05-05T16:30:00Z
2579,2579,54,0.84,visual,2026-05-05T16:30:00Z
2580,2580,29,0.85,inferred,2026-05-05T16:30:00Z
2581,2581,7,0.92,direct,2026-05-05T16:30:00Z
2582,2582,44,0.92,semantic,2026-05-05T16:30:00Z
2583,2583,20,0.85,hashtag,2026-05-05T16:30:00Z
2584,2584,60,0.88,visual,2026-05-05T16:30:00Z
2585,2585,34,0.88,inferred,2026-05-05T16:30:00Z
2586,2586,11,0.91,direct,2026-05-05T16:30:00Z
2587,2587,50,0.84,semantic,2026-05-05T16:30:00Z
2588,2588,25,0.76,hashtag,2026-05-05T16:30:00Z
2589,2589,4,0.94,visual,2026-05-05T16:30:00Z
2590,2590,40,0.81,inferred,2026-05-05T16:30:00Z
2591,2591,16,0.88,direct,2026-05-05T16:30:00Z
2592,2592,57,0.84,semantic,2026-05-05T16:30:00Z
2593,2593,31,0.85,hashtag,2026-05-05T16:30:00Z
2594,2594,8,0.95,visual,2026-05-05T16:30:00Z
2595,2595,46,0.94,inferred,2026-05-05T16:30:00Z
2596,2596,22,0.81,direct,2026-05-05T16:30:00Z
2597,2597,2,0.82,semantic,2026-05-05T16:30:00Z
2598,2598,37,0.83,hashtag,2026-05-05T16:30:00Z
2599,2599,13,0.93,visual,2026-05-05T16:30:00Z
2600,2600,53,0.87,inferred,2026-05-05T16:30:00Z
2601,2601,27,0.79,direct,2026-05-05T16:30:00Z
2602,2602,6,0.92,semantic,2026-05-05T16:30:00Z
2603,2603,43,0.78,hashtag,2026-05-05T16:30:00Z
2604,2604,19,0.87,visual,2026-05-05T16:30:00Z
2605,2605,59,0.84,inferred,2026-05-05T16:30:00Z
2606,2606,33,0.85,direct,2026-05-05T16:30:00Z
2607,2607,10,0.86,semantic,2026-05-05T16:30:00Z
2608,2608,49,0.89,hashtag,2026-05-05T16:30:00Z
2609,2609,24,0.77,visual,2026-05-05T16:30:00Z
2610,2610,3,0.84,inferred,2026-05-05T16:30:00Z
2611,2611,39,0.93,direct,2026-05-05T16:30:00Z
2612,2612,15,0.97,semantic,2026-05-05T16:30:00Z
2613,2613,55,0.84,hashtag,2026-05-05T16:30:00Z
2614,2614,30,0.9,visual,2026-05-05T16:30:00Z
2615,2615,7,0.92,inferred,2026-05-05T16:30:00Z
2616,2616,45,0.87,direct,2026-05-05T16:30:00Z
2617,2617,21,0.87,semantic,2026-05-05T16:30:00Z
2618,2618,1,0.9,hashtag,2026-05-05T16:30:00Z
2619,2619,35,0.92,visual,2026-05-05T16:30:00Z
2620,2620,12,0.92,inferred,2026-05-05T16:30:00Z
2621,2621,51,0.86,direct,2026-05-05T16:30:00Z
2622,2622,26,0.88,semantic,2026-05-05T16:30:00Z
2623,2623,5,0.77,hashtag,2026-05-05T16:30:00Z
2624,2624,41,0.9,visual,2026-05-05T16:30:00Z
2625,2625,17,0.98,inferred,2026-05-05T16:30:00Z
2626,2626,57,0.85,direct,2026-05-05T16:30:00Z
2627,2627,32,0.94,semantic,2026-05-05T16:30:00Z
2628,2628,9,0.92,hashtag,2026-05-05T16:30:00Z
2629,2629,47,0.85,visual,2026-05-05T16:30:00Z
2630,2630,23,0.93,inferred,2026-05-05T16:30:00Z
2631,2631,2,0.78,direct,2026-05-05T16:30:00Z
2632,2632,38,0.88,semantic,2026-05-05T16:30:00Z
2633,2633,14,0.93,hashtag,2026-05-05T16:30:00Z
2634,2634,54,0.81,visual,2026-05-05T16:30:00Z
2635,2635,28,0.76,inferred,2026-05-05T16:30:00Z
2636,2636,6,0.97,direct,2026-05-05T16:30:00Z
2637,2637,44,0.84,semantic,2026-05-05T16:30:00Z
2638,2638,19,0.77,hashtag,2026-05-05T16:30:00Z
2639,2639,60,0.89,visual,2026-05-05T16:30:00Z
2640,2640,34,0.93,inferred,2026-05-05T16:30:00Z
2641,2641,11,0.83,direct,2026-05-05T16:30:00Z
2642,2642,50,0.78,semantic,2026-05-05T16:30:00Z
2643,2643,25,0.95,hashtag,2026-05-05T16:30:00Z
2644,2644,4,0.85,visual,2026-05-05T16:30:00Z
2645,2645,40,0.77,inferred,2026-05-05T16:30:00Z
2646,2646,16,0.9,direct,2026-05-05T16:30:00Z
2647,2647,56,0.83,semantic,2026-05-05T16:30:00Z
2648,2648,30,0.86,hashtag,2026-05-05T16:30:00Z
2649,2649,8,0.87,visual,2026-05-05T16:30:00Z
2650,2650,46,0.79,inferred,2026-05-05T16:30:00Z
2651,2651,21,0.9,direct,2026-05-05T16:30:00Z
2652,2652,1,0.91,semantic,2026-05-05T16:30:00Z
2653,2653,36,0.77,hashtag,2026-05-05T16:30:00Z
2654,2654,13,0.9,visual,2026-05-05T16:30:00Z
2655,2655,52,0.77,inferred,2026-05-05T16:30:00Z
2656,2656,27,0.79,direct,2026-05-05T16:30:00Z
2657,2657,5,0.96,semantic,2026-05-05T16:30:00Z
2658,2658,42,0.78,hashtag,2026-05-05T16:30:00Z
2659,2659,18,0.88,visual,2026-05-05T16:30:00Z
2660,2660,58,0.82,inferred,2026-05-05T16:30:00Z
2661,2661,33,0.83,direct,2026-05-05T16:30:00Z
2662,2662,10,0.8,semantic,2026-05-05T16:30:00Z
2663,2663,48,0.88,hashtag,2026-05-05T16:30:00Z
2664,2664,23,0.78,visual,2026-05-05T16:30:00Z
2665,2665,3,0.9,inferred,2026-05-05T16:30:00Z
2666,2666,38,0.89,direct,2026-05-05T16:30:00Z
2667,2667,15,0.95,semantic,2026-05-05T16:30:00Z
2668,2668,55,0.92,hashtag,2026-05-05T16:30:00Z
2669,2669,29,0.91,visual,2026-05-05T16:30:00Z
2670,2670,7,0.77,inferred,2026-05-05T16:30:00Z
2671,2671,44,0.77,direct,2026-05-05T16:30:00Z
2672,2672,20,0.78,semantic,2026-05-05T16:30:00Z
2673,2673,1,0.91,hashtag,2026-05-05T16:30:00Z
2674,2674,35,0.86,visual,2026-05-05T16:30:00Z
2675,2675,12,0.8,inferred,2026-05-05T16:30:00Z
2676,2676,51,0.92,direct,2026-05-05T16:30:00Z
2677,2677,26,0.9,semantic,2026-05-05T16:30:00Z
2678,2678,4,0.95,hashtag,2026-05-05T16:30:00Z
2679,2679,41,0.86,visual,2026-05-05T16:30:00Z
2680,2680,17,0.86,inferred,2026-05-05T16:30:00Z
2681,2681,57,0.95,direct,2026-05-05T16:30:00Z
2682,2682,31,0.84,semantic,2026-05-05T16:30:00Z
2683,2683,9,0.88,hashtag,2026-05-05T16:30:00Z
2684,2684,47,0.82,visual,2026-05-05T16:30:00Z
2685,2685,22,0.91,inferred,2026-05-05T16:30:00Z
2686,2686,2,0.86,direct,2026-05-05T16:30:00Z
2687,2687,37,0.86,semantic,2026-05-05T16:30:00Z
2688,2688,14,0.84,hashtag,2026-05-05T16:30:00Z
2689,2689,53,0.84,visual,2026-05-05T16:30:00Z
2690,2690,28,0.97,inferred,2026-05-05T16:30:00Z
2691,2691,6,0.76,direct,2026-05-05T16:30:00Z
2692,2692,43,0.77,semantic,2026-05-05T16:30:00Z
2693,2693,19,0.92,hashtag,2026-05-05T16:30:00Z
2694,2694,59,0.95,visual,2026-05-05T16:30:00Z
2695,2695,33,0.8,inferred,2026-05-05T16:30:00Z
2696,2696,11,0.91,direct,2026-05-05T16:30:00Z
2697,2697,49,0.77,semantic,2026-05-05T16:30:00Z
2698,2698,24,0.81,hashtag,2026-05-05T16:30:00Z
2699,2699,3,0.98,visual,2026-05-05T16:30:00Z
2700,2700,39,0.86,inferred,2026-05-05T16:30:00Z
2701,2701,16,0.81,direct,2026-05-05T16:30:00Z
2702,2702,55,0.92,semantic,2026-05-05T16:30:00Z
2703,2703,30,0.98,hashtag,2026-05-05T16:30:00Z
2704,2704,8,0.94,visual,2026-05-05T16:30:00Z
2705,2705,45,0.8,inferred,2026-05-05T16:30:00Z
2706,2706,21,0.79,direct,2026-05-05T16:30:00Z
2707,2707,1,0.91,semantic,2026-05-05T16:30:00Z
2708,2708,36,0.95,hashtag,2026-05-05T16:30:00Z
2709,2709,12,0.89,visual,2026-05-05T16:30:00Z
2710,2710,52,0.78,inferred,2026-05-05T16:30:00Z
2711,2711,26,0.88,direct,2026-05-05T16:30:00Z
2712,2712,5,0.82,semantic,2026-05-05T16:30:00Z
2713,2713,42,0.86,hashtag,2026-05-05T16:30:00Z
2714,2714,18,0.92,visual,2026-05-05T16:30:00Z
2715,2715,58,0.84,inferred,2026-05-05T16:30:00Z
2716,2716,32,0.92,direct,2026-05-05T16:30:00Z
2717,2717,9,0.82,semantic,2026-05-05T16:30:00Z
2718,2718,48,0.85,hashtag,2026-05-05T16:30:00Z
2719,2719,23,0.78,visual,2026-05-05T16:30:00Z
2720,2720,2,0.89,inferred,2026-05-05T16:30:00Z
2721,2721,38,0.86,direct,2026-05-05T16:30:00Z
2722,2722,14,0.9,semantic,2026-05-05T16:30:00Z
2723,2723,54,0.81,hashtag,2026-05-05T16:30:00Z
2724,2724,29,0.87,visual,2026-05-05T16:30:00Z
2725,2725,7,0.82,inferred,2026-05-05T16:30:00Z
2726,2726,44,0.87,direct,2026-05-05T16:30:00Z
2727,2727,20,0.83,semantic,2026-05-05T16:30:00Z
2728,2728,60,0.91,hashtag,2026-05-05T16:30:00Z
2729,2729,34,0.82,visual,2026-05-05T16:30:00Z
2730,2730,11,0.82,inferred,2026-05-05T16:30:00Z
2731,2731,50,0.85,direct,2026-05-05T16:30:00Z
2732,2732,25,0.88,semantic,2026-05-05T16:30:00Z
2733,2733,4,0.8,hashtag,2026-05-05T16:30:00Z
2734,2734,40,0.83,visual,2026-05-05T16:30:00Z
2735,2735,16,0.94,inferred,2026-05-05T16:30:00Z
2736,2736,56,0.85,direct,2026-05-05T16:30:00Z
2737,2737,31,0.91,semantic,2026-05-05T16:30:00Z
2738,2738,8,0.83,hashtag,2026-05-05T16:30:00Z
2739,2739,46,0.91,visual,2026-05-05T16:30:00Z
2740,2740,22,0.89,inferred,2026-05-05T16:30:00Z
2741,2741,2,0.9,direct,2026-05-05T16:30:00Z
2742,2742,37,0.88,semantic,2026-05-05T16:30:00Z
2743,2743,13,0.77,hashtag,2026-05-05T16:30:00Z
2744,2744,52,0.79,visual,2026-05-05T16:30:00Z
2745,2745,27,0.83,inferred,2026-05-05T16:30:00Z
2746,2746,5,0.8,direct,2026-05-05T16:30:00Z
2747,2747,43,0.96,semantic,2026-05-05T16:30:00Z
2748,2748,18,0.8,hashtag,2026-05-05T16:30:00Z
2749,2749,59,0.88,visual,2026-05-05T16:30:00Z
2750,2750,33,0.96,inferred,2026-05-05T16:30:00Z
2751,2751,10,0.81,direct,2026-05-05T16:30:00Z
2752,2752,49,0.88,semantic,2026-05-05T16:30:00Z
2753,2753,24,0.77,hashtag,2026-05-05T16:30:00Z
2754,2754,3,0.83,visual,2026-05-05T16:30:00Z
2755,2755,39,0.89,inferred,2026-05-05T16:30:00Z
2756,2756,15,0.89,direct,2026-05-05T16:30:00Z
2757,2757,55,0.95,semantic,2026-05-05T16:30:00Z
2758,2758,29,0.84,hashtag,2026-05-05T16:30:00Z
2759,2759,7,0.78,visual,2026-05-05T16:30:00Z
2760,2760,45,0.89,inferred,2026-05-05T16:30:00Z
2761,2761,20,0.82,direct,2026-05-05T16:30:00Z
2762,2762,1,0.79,semantic,2026-05-05T16:30:00Z
2763,2763,35,0.82,hashtag,2026-05-05T16:30:00Z
2764,2764,12,0.96,visual,2026-05-05T16:30:00Z
2765,2765,51,0.97,inferred,2026-05-05T16:30:00Z
2766,2766,26,0.9,direct,2026-05-05T16:30:00Z
2767,2767,4,0.91,semantic,2026-05-05T16:30:00Z
2768,2768,41,0.94,hashtag,2026-05-05T16:30:00Z
2769,2769,17,0.9,visual,2026-05-05T16:30:00Z
2770,2770,57,0.83,inferred,2026-05-05T16:30:00Z
2771,2771,32,0.82,direct,2026-05-05T16:30:00Z
2772,2772,9,0.94,semantic,2026-05-05T16:30:00Z
2773,2773,47,0.81,hashtag,2026-05-05T16:30:00Z
2774,2774,22,0.97,visual,2026-05-05T16:30:00Z
2775,2775,2,0.88,inferred,2026-05-05T16:30:00Z
2776,2776,37,0.86,direct,2026-05-05T16:30:00Z
2777,2777,14,0.9,semantic,2026-05-05T16:30:00Z
2778,2778,53,0.88,hashtag,2026-05-05T16:30:00Z
2779,2779,28,0.85,visual,2026-05-05T16:30:00Z
2780,2780,6,0.88,inferred,2026-05-05T16:30:00Z
2781,2781,43,0.96,direct,2026-05-05T16:30:00Z
2782,2782,19,0.8,semantic,2026-05-05T16:30:00Z
2783,2783,60,0.97,hashtag,2026-05-05T16:30:00Z
2784,2784,34,0.81,visual,2026-05-05T16:30:00Z
2785,2785,11,0.8,inferred,2026-05-05T16:30:00Z
2786,2786,50,0.94,direct,2026-05-05T16:30:00Z
2787,2787,25,0.95,semantic,2026-05-05T16:30:00Z
2788,2788,3,0.93,hashtag,2026-05-05T16:30:00Z
2789,2789,40,0.92,visual,2026-05-05T16:30:00Z
2790,2790,16,0.95,inferred,2026-05-05T16:30:00Z
2791,2791,56,0.92,direct,2026-05-05T16:30:00Z
2792,2792,30,0.98,semantic,2026-05-05T16:30:00Z
2793,2793,8,0.79,hashtag,2026-05-05T16:30:00Z
2794,2794,46,0.83,visual,2026-05-05T16:30:00Z
2795,2795,21,0.85,inferred,2026-05-05T16:30:00Z
2796,2796,1,0.96,direct,2026-05-05T16:30:00Z
2797,2797,36,0.86,semantic,2026-05-05T16:30:00Z
2798,2798,13,0.8,hashtag,2026-05-05T16:30:00Z
2799,2799,52,0.8,visual,2026-05-05T16:30:00Z
2800,2800,27,0.94,inferred,2026-05-05T16:30:00Z
2801,2801,5,0.82,direct,2026-05-05T16:30:00Z
2802,2802,42,0.91,semantic,2026-05-05T16:30:00Z
2803,2803,18,0.83,hashtag,2026-05-05T16:30:00Z
2804,2804,58,0.8,visual,2026-05-05T16:30:00Z
2805,2805,32,0.89,inferred,2026-05-05T16:30:00Z
2806,2806,10,0.76,direct,2026-05-05T16:30:00Z
2807,2807,48,0.94,semantic,2026-05-05T16:30:00Z
2808,2808,23,0.79,hashtag,2026-05-05T16:30:00Z
2809,2809,3,0.89,visual,2026-05-05T16:30:00Z
2810,2810,38,0.97,inferred,2026-05-05T16:30:00Z
2811,2811,15,0.98,direct,2026-05-05T16:30:00Z
2812,2812,54,0.97,semantic,2026-05-05T16:30:00Z
2813,2813,29,0.78,hashtag,2026-05-05T16:30:00Z
2814,2814,7,0.78,visual,2026-05-05T16:30:00Z
2815,2815,44,0.78,inferred,2026-05-05T16:30:00Z
2816,2816,20,0.91,direct,2026-05-05T16:30:00Z
2817,2817,1,0.82,semantic,2026-05-05T16:30:00Z
2818,2818,35,0.93,hashtag,2026-05-05T16:30:00Z
2819,2819,12,0.85,visual,2026-05-05T16:30:00Z
2820,2820,50,0.85,inferred,2026-05-05T16:30:00Z
2821,2821,25,0.92,direct,2026-05-05T16:30:00Z
2822,2822,4,0.94,semantic,2026-05-05T16:30:00Z
2823,2823,41,0.93,hashtag,2026-05-05T16:30:00Z
2824,2824,17,0.84,visual,2026-05-05T16:30:00Z
2825,2825,57,0.84,inferred,2026-05-05T16:30:00Z
2826,2826,31,0.86,direct,2026-05-05T16:30:00Z
2827,2827,9,0.9,semantic,2026-05-05T16:30:00Z
2828,2828,47,0.83,hashtag,2026-05-05T16:30:00Z
2829,2829,22,0.76,visual,2026-05-05T16:30:00Z
2830,2830,2,0.78,inferred,2026-05-05T16:30:00Z
2831,2831,37,0.82,direct,2026-05-05T16:30:00Z
2832,2832,13,0.98,semantic,2026-05-05T16:30:00Z
2833,2833,53,0.96,hashtag,2026-05-05T16:30:00Z
2834,2834,28,0.93,visual,2026-05-05T16:30:00Z
2835,2835,6,0.85,inferred,2026-05-05T16:30:00Z
2836,2836,43,0.88,direct,2026-05-05T16:30:00Z
2837,2837,19,0.78,semantic,2026-05-05T16:30:00Z
2838,2838,59,0.92,hashtag,2026-05-05T16:30:00Z
2839,2839,33,0.89,visual,2026-05-05T16:30:00Z
2840,2840,10,0.97,inferred,2026-05-05T16:30:00Z
2841,2841,49,0.85,direct,2026-05-05T16:30:00Z
2842,2842,24,0.83,semantic,2026-05-05T16:30:00Z
2843,2843,3,0.88,hashtag,2026-05-05T16:30:00Z
2844,2844,39,0.95,visual,2026-05-05T16:30:00Z
2845,2845,15,0.94,inferred,2026-05-05T16:30:00Z
2846,2846,55,0.98,direct,2026-05-05T16:30:00Z
2847,2847,30,0.9,semantic,2026-05-05T16:30:00Z
2848,2848,7,0.79,hashtag,2026-05-05T16:30:00Z
2849,2849,45,0.97,visual,2026-05-05T16:30:00Z
2850,2850,21,0.93,inferred,2026-05-05T16:30:00Z
2851,2851,1,0.83,direct,2026-05-05T16:30:00Z
2852,2852,35,0.93,semantic,2026-05-05T16:30:00Z
2853,2853,12,0.77,hashtag,2026-05-05T16:30:00Z
2854,2854,51,0.95,visual,2026-05-05T16:30:00Z
2855,2855,26,0.96,inferred,2026-05-05T16:30:00Z
2856,2856,5,0.88,direct,2026-05-05T16:30:00Z
2857,2857,41,0.94,semantic,2026-05-05T16:30:00Z
2858,2858,17,0.89,hashtag,2026-05-05T16:30:00Z
2859,2859,58,0.79,visual,2026-05-05T16:30:00Z
2860,2860,32,0.9,inferred,2026-05-05T16:30:00Z
2861,2861,9,0.89,direct,2026-05-05T16:30:00Z
2862,2862,48,0.79,semantic,2026-05-05T16:30:00Z
2863,2863,23,0.79,hashtag,2026-05-05T16:30:00Z
2864,2864,2,0.92,visual,2026-05-05T16:30:00Z
2865,2865,38,0.98,inferred,2026-05-05T16:30:00Z
2866,2866,14,0.88,direct,2026-05-05T16:30:00Z
2867,2867,54,0.9,semantic,2026-05-05T16:30:00Z
2868,2868,28,0.94,hashtag,2026-05-05T16:30:00Z
2869,2869,6,0.9,visual,2026-05-05T16:30:00Z
2870,2870,44,0.87,inferred,2026-05-05T16:30:00Z
2871,2871,19,0.93,direct,2026-05-05T16:30:00Z
2872,2872,60,0.85,semantic,2026-05-05T16:30:00Z
2873,2873,34,0.95,hashtag,2026-05-05T16:30:00Z
2874,2874,11,0.91,visual,2026-05-05T16:30:00Z
2875,2875,50,0.9,inferred,2026-05-05T16:30:00Z
2876,2876,25,0.95,direct,2026-05-05T16:30:00Z
2877,2877,4,0.87,semantic,2026-05-05T16:30:00Z
2878,2878,40,0.93,hashtag,2026-05-05T16:30:00Z
2879,2879,16,0.93,visual,2026-05-05T16:30:00Z
2880,2880,56,0.94,inferred,2026-05-05T16:30:00Z
2881,2881,31,0.9,direct,2026-05-05T16:30:00Z
2882,2882,8,0.91,semantic,2026-05-05T16:30:00Z
2883,2883,46,0.86,hashtag,2026-05-05T16:30:00Z
2884,2884,21,0.79,visual,2026-05-05T16:30:00Z
2885,2885,1,0.88,inferred,2026-05-05T16:30:00Z
2886,2886,36,0.78,direct,2026-05-05T16:30:00Z
2887,2887,13,0.77,semantic,2026-05-05T16:30:00Z
2888,2888,52,0.86,hashtag,2026-05-05T16:30:00Z
2889,2889,27,0.79,visual,2026-05-05T16:30:00Z
2890,2890,5,0.96,inferred,2026-05-05T16:30:00Z
2891,2891,42,0.8,direct,2026-05-05T16:30:00Z
2892,2892,18,0.8,semantic,2026-05-05T16:30:00Z
2893,2893,59,0.94,hashtag,2026-05-05T16:30:00Z
2894,2894,33,0.93,visual,2026-05-05T16:30:00Z
2895,2895,10,0.89,inferred,2026-05-05T16:30:00Z
2896,2896,48,0.84,direct,2026-05-05T16:30:00Z
2897,2897,24,0.93,semantic,2026-05-05T16:30:00Z
2898,2898,3,0.9,hashtag,2026-05-05T16:30:00Z
2899,2899,39,0.94,visual,2026-05-05T16:30:00Z
2900,2900,15,0.94,inferred,2026-05-05T16:30:00Z
2901,2901,55,0.95,direct,2026-05-05T16:30:00Z
2902,2902,29,0.89,semantic,2026-05-05T16:30:00Z
2903,2903,7,0.82,hashtag,2026-05-05T16:30:00Z
2904,2904,45,0.89,visual,2026-05-05T16:30:00Z
2905,2905,20,0.8,inferred,2026-05-05T16:30:00Z
2906,2906,1,0.94,direct,2026-05-05T16:30:00Z
2907,2907,35,0.81,semantic,2026-05-05T16:30:00Z
2908,2908,12,0.88,hashtag,2026-05-05T16:30:00Z
2909,2909,51,0.96,visual,2026-05-05T16:30:00Z
2910,2910,26,0.76,inferred,2026-05-05T16:30:00Z
2911,2911,4,0.84,direct,2026-05-05T16:30:00Z
2912,2912,41,0.93,semantic,2026-05-05T16:30:00Z
2913,2913,17,0.77,hashtag,2026-05-05T16:30:00Z
2914,2914,57,0.76,visual,2026-05-05T16:30:00Z
2915,2915,31,0.78,inferred,2026-05-05T16:30:00Z
2916,2916,9,0.94,direct,2026-05-05T16:30:00Z
2917,2917,47,0.79,semantic,2026-05-05T16:30:00Z
2918,2918,22,0.92,hashtag,2026-05-05T16:30:00Z
2919,2919,2,0.77,visual,2026-05-05T16:30:00Z
2920,2920,37,0.77,inferred,2026-05-05T16:30:00Z
2921,2921,14,0.89,direct,2026-05-05T16:30:00Z
2922,2922,53,0.9,semantic,2026-05-05T16:30:00Z
2923,2923,28,0.9,hashtag,2026-05-05T16:30:00Z
2924,2924,6,0.89,visual,2026-05-05T16:30:00Z
2925,2925,43,0.85,inferred,2026-05-05T16:30:00Z
2926,2926,19,0.8,direct,2026-05-05T16:30:00Z
2927,2927,59,0.79,semantic,2026-05-05T16:30:00Z
2928,2928,34,0.78,hashtag,2026-05-05T16:30:00Z
2929,2929,11,0.89,visual,2026-05-05T16:30:00Z
2930,2930,49,0.87,inferred,2026-05-05T16:30:00Z
2931,2931,24,0.77,direct,2026-05-05T16:30:00Z
2932,2932,3,0.9,semantic,2026-05-05T16:30:00Z
2933,2933,39,0.9,hashtag,2026-05-05T16:30:00Z
2934,2934,16,0.85,visual,2026-05-05T16:30:00Z
2935,2935,56,0.9,inferred,2026-05-05T16:30:00Z
2936,2936,30,0.78,direct,2026-05-05T16:30:00Z
2937,2937,8,0.81,semantic,2026-05-05T16:30:00Z
2938,2938,46,0.84,hashtag,2026-05-05T16:30:00Z
2939,2939,21,0.76,visual,2026-05-05T16:30:00Z
2940,2940,1,0.83,inferred,2026-05-05T16:30:00Z
2941,2941,36,0.94,direct,2026-05-05T16:30:00Z
2942,2942,13,0.85,semantic,2026-05-05T16:30:00Z
2943,2943,52,0.79,hashtag,2026-05-05T16:30:00Z
2944,2944,26,0.97,visual,2026-05-05T16:30:00Z
2945,2945,5,0.77,inferred,2026-05-05T16:30:00Z
2946,2946,42,0.9,direct,2026-05-05T16:30:00Z
2947,2947,18,0.87,semantic,2026-05-05T16:30:00Z
2948,2948,58,0.81,hashtag,2026-05-05T16:30:00Z
2949,2949,32,0.82,visual,2026-05-05T16:30:00Z
2950,2950,9,0.8,inferred,2026-05-05T16:30:00Z
2951,2951,48,0.93,direct,2026-05-05T16:30:00Z
2952,2952,23,0.92,semantic,2026-05-05T16:30:00Z
2953,2953,2,0.8,hashtag,2026-05-05T16:30:00Z
2954,2954,38,0.77,visual,2026-05-05T16:30:00Z
2955,2955,14,0.89,inferred,2026-05-05T16:30:00Z
2956,2956,54,0.96,direct,2026-05-05T16:30:00Z
2957,2957,29,0.91,semantic,2026-05-05T16:30:00Z
2958,2958,7,0.88,hashtag,2026-05-05T16:30:00Z
2959,2959,44,0.94,visual,2026-05-05T16:30:00Z
2960,2960,20,0.78,inferred,2026-05-05T16:30:00Z
2961,2961,60,0.87,direct,2026-05-05T16:30:00Z
2962,2962,34,0.83,semantic,2026-05-05T16:30:00Z
2963,2963,11,0.89,hashtag,2026-05-05T16:30:00Z
2964,2964,50,0.97,visual,2026-05-05T16:30:00Z
2965,2965,25,0.78,inferred,2026-05-05T16:30:00Z
2966,2966,4,0.93,direct,2026-05-05T16:30:00Z
2967,2967,40,0.82,semantic,2026-05-05T16:30:00Z
2968,2968,16,0.8,hashtag,2026-05-05T16:30:00Z
2969,2969,56,0.89,visual,2026-05-05T16:30:00Z
2970,2970,31,0.83,inferred,2026-05-05T16:30:00Z
2971,2971,8,0.81,direct,2026-05-05T16:30:00Z
2972,2972,46,0.78,semantic,2026-05-05T16:30:00Z
2973,2973,22,0.94,hashtag,2026-05-05T16:30:00Z
2974,2974,2,0.92,visual,2026-05-05T16:30:00Z
2975,2975,37,0.89,inferred,2026-05-05T16:30:00Z
2976,2976,13,0.79,direct,2026-05-05T16:30:00Z
2977,2977,53,0.79,semantic,2026-05-05T16:30:00Z
2978,2978,27,0.93,hashtag,2026-05-05T16:30:00Z
2979,2979,6,0.9,visual,2026-05-05T16:30:00Z
2980,2980,43,0.98,inferred,2026-05-05T16:30:00Z
2981,2981,18,0.93,direct,2026-05-05T16:30:00Z
2982,2982,59,0.97,semantic,2026-05-05T16:30:00Z
2983,2983,33,0.94,hashtag,2026-05-05T16:30:00Z
2984,2984,10,0.89,visual,2026-05-05T16:30:00Z
2985,2985,49,0.8,inferred,2026-05-05T16:30:00Z
2986,2986,24,0.92,direct,2026-05-05T16:30:00Z
2987,2987,3,0.84,semantic,2026-05-05T16:30:00Z
2988,2988,39,0.85,hashtag,2026-05-05T16:30:00Z
2989,2989,15,0.95,visual,2026-05-05T16:30:00Z
2990,2990,55,0.83,inferred,2026-05-05T16:30:00Z
2991,2991,29,0.8,direct,2026-05-05T16:30:00Z
2992,2992,7,0.88,semantic,2026-05-05T16:30:00Z
2993,2993,45,0.9,hashtag,2026-05-05T16:30:00Z
2994,2994,20,0.92,visual,2026-05-05T16:30:00Z
2995,2995,1,0.87,inferred,2026-05-05T16:30:00Z
2996,2996,35,0.85,direct,2026-05-05T16:30:00Z
2997,2997,12,0.77,semantic,2026-05-05T16:30:00Z
2998,2998,51,0.87,hashtag,2026-05-05T16:30:00Z
2999,2999,26,0.95,visual,2026-05-05T16:30:00Z
3000,3000,5,0.98,inferred,2026-05-05T16:30:00Z
3001,3001,41,0.9,direct,2026-05-05T16:30:00Z
3002,3002,17,0.82,semantic,2026-05-05T16:30:00Z
3003,3003,57,0.96,hashtag,2026-05-05T16:30:00Z
3004,3004,32,0.76,visual,2026-05-05T16:30:00Z
3005,3005,9,0.97,inferred,2026-05-05T16:30:00Z
3006,3006,47,0.85,direct,2026-05-05T16:30:00Z
3007,3007,23,0.78,semantic,2026-05-05T16:30:00Z
3008,3008,2,0.98,hashtag,2026-05-05T16:30:00Z
3009,3009,38,0.78,visual,2026-05-05T16:30:00Z
3010,3010,14,0.92,inferred,2026-05-05T16:30:00Z
3011,3011,54,0.77,direct,2026-05-05T16:30:00Z
3012,3012,28,0.9,semantic,2026-05-05T16:30:00Z
3013,3013,6,0.83,hashtag,2026-05-05T16:30:00Z
3014,3014,44,0.77,visual,2026-05-05T16:30:00Z
3015,3015,19,0.98,inferred,2026-05-05T16:30:00Z
3016,3016,60,0.8,direct,2026-05-05T16:30:00Z
3017,3017,34,0.94,semantic,2026-05-05T16:30:00Z
3018,3018,11,0.78,hashtag,2026-05-05T16:30:00Z
3019,3019,50,0.97,visual,2026-05-05T16:30:00Z
3020,3020,25,0.83,inferred,2026-05-05T16:30:00Z
3021,3021,4,0.91,direct,2026-05-05T16:30:00Z
3022,3022,40,0.86,semantic,2026-05-05T16:30:00Z
3023,3023,16,0.85,hashtag,2026-05-05T16:30:00Z
3024,3024,56,0.91,visual,2026-05-05T16:30:00Z
3025,3025,30,0.9,inferred,2026-05-05T16:30:00Z
3026,3026,8,0.85,direct,2026-05-05T16:30:00Z
3027,3027,46,0.84,semantic,2026-05-05T16:30:00Z
3028,3028,21,0.8,hashtag,2026-05-05T16:30:00Z
3029,3029,1,0.93,visual,2026-05-05T16:30:00Z
3030,3030,36,0.8,inferred,2026-05-05T16:30:00Z
3031,3031,13,0.78,direct,2026-05-05T16:30:00Z
3032,3032,52,0.91,semantic,2026-05-05T16:30:00Z
3033,3033,27,0.93,hashtag,2026-05-05T16:30:00Z
3034,3034,5,0.92,visual,2026-05-05T16:30:00Z
3035,3035,42,0.94,inferred,2026-05-05T16:30:00Z
3036,3036,18,0.88,direct,2026-05-05T16:30:00Z
3037,3037,58,0.87,semantic,2026-05-05T16:30:00Z
3038,3038,33,0.95,hashtag,2026-05-05T16:30:00Z
3039,3039,10,0.9,visual,2026-05-05T16:30:00Z
3040,3040,48,0.98,inferred,2026-05-05T16:30:00Z
3041,3041,23,0.8,direct,2026-05-05T16:30:00Z
3042,3042,3,0.9,semantic,2026-05-05T16:30:00Z
3043,3043,38,0.83,hashtag,2026-05-05T16:30:00Z
3044,3044,15,0.85,visual,2026-05-05T16:30:00Z
3045,3045,54,0.87,inferred,2026-05-05T16:30:00Z
3046,3046,29,0.94,direct,2026-05-05T16:30:00Z
3047,3047,7,0.98,semantic,2026-05-05T16:30:00Z
3048,3048,44,0.93,hashtag,2026-05-05T16:30:00Z
3049,3049,20,0.87,visual,2026-05-05T16:30:00Z
3050,3050,1,0.84,inferred,2026-05-05T16:30:00Z
3051,3051,35,0.9,direct,2026-05-05T16:30:00Z
3052,3052,12,0.96,semantic,2026-05-05T16:30:00Z
3053,3053,51,0.89,hashtag,2026-05-05T16:30:00Z
3054,3054,25,0.81,visual,2026-05-05T16:30:00Z
3055,3055,4,0.84,inferred,2026-05-05T16:30:00Z
3056,3056,41,0.87,direct,2026-05-05T16:30:00Z
3057,3057,17,0.76,semantic,2026-05-05T16:30:00Z
3058,3058,57,0.83,hashtag,2026-05-05T16:30:00Z
3059,3059,31,0.84,visual,2026-05-05T16:30:00Z
3060,3060,9,0.83,inferred,2026-05-05T16:30:00Z
3061,3061,47,0.92,direct,2026-05-05T16:30:00Z
3062,3062,22,0.89,semantic,2026-05-05T16:30:00Z
3063,3063,2,0.95,hashtag,2026-05-05T16:30:00Z
3064,3064,37,0.79,visual,2026-05-05T16:30:00Z
3065,3065,14,0.95,inferred,2026-05-05T16:30:00Z
3066,3066,53,0.9,direct,2026-05-05T16:30:00Z
3067,3067,28,0.95,semantic,2026-05-05T16:30:00Z
3068,3068,6,0.95,hashtag,2026-05-05T16:30:00Z
3069,3069,43,0.97,visual,2026-05-05T16:30:00Z
3070,3070,19,0.82,inferred,2026-05-05T16:30:00Z
3071,3071,59,0.93,direct,2026-05-05T16:30:00Z
3072,3072,33,0.85,semantic,2026-05-05T16:30:00Z
3073,3073,10,0.91,hashtag,2026-05-05T16:30:00Z
3074,3074,49,0.9,visual,2026-05-05T16:30:00Z
3075,3075,24,0.8,inferred,2026-05-05T16:30:00Z
3076,3076,3,0.92,direct,2026-05-05T16:30:00Z
3077,3077,39,0.88,semantic,2026-05-05T16:30:00Z
3078,3078,15,0.83,hashtag,2026-05-05T16:30:00Z
3079,3079,55,0.95,visual,2026-05-05T16:30:00Z
3080,3080,30,0.79,inferred,2026-05-05T16:30:00Z
3081,3081,8,0.81,direct,2026-05-05T16:30:00Z
3082,3082,45,0.8,semantic,2026-05-05T16:30:00Z
3083,3083,21,0.93,hashtag,2026-05-05T16:30:00Z
3084,3084,1,0.88,visual,2026-05-05T16:30:00Z
3085,3085,36,0.95,inferred,2026-05-05T16:30:00Z
3086,3086,12,0.88,direct,2026-05-05T16:30:00Z
3087,3087,51,0.78,semantic,2026-05-05T16:30:00Z
3088,3088,26,0.86,hashtag,2026-05-05T16:30:00Z
3089,3089,5,0.9,visual,2026-05-05T16:30:00Z
3090,3090,42,0.92,inferred,2026-05-05T16:30:00Z
3091,3091,17,0.87,direct,2026-05-05T16:30:00Z
3092,3092,58,0.88,semantic,2026-05-05T16:30:00Z
3093,3093,32,0.84,hashtag,2026-05-05T16:30:00Z
3094,3094,9,0.94,visual,2026-05-05T16:30:00Z
3095,3095,48,0.8,inferred,2026-05-05T16:30:00Z
3096,3096,23,0.96,direct,2026-05-05T16:30:00Z
3097,3097,2,0.81,semantic,2026-05-05T16:30:00Z
3098,3098,38,0.77,hashtag,2026-05-05T16:30:00Z
3099,3099,14,0.77,visual,2026-05-05T16:30:00Z
3100,3100,54,0.9,inferred,2026-05-05T16:30:00Z
3101,3101,28,0.8,direct,2026-05-05T16:30:00Z
3102,3102,6,0.9,semantic,2026-05-05T16:30:00Z
3103,3103,44,0.86,hashtag,2026-05-05T16:30:00Z
3104,3104,20,0.79,visual,2026-05-05T16:30:00Z
3105,3105,60,0.89,inferred,2026-05-05T16:30:00Z
3106,3106,34,0.86,direct,2026-05-05T16:30:00Z
3107,3107,11,0.87,semantic,2026-05-05T16:30:00Z
3108,3108,50,0.87,hashtag,2026-05-05T16:30:00Z
3109,3109,25,0.9,visual,2026-05-05T16:30:00Z
3110,3110,4,0.81,inferred,2026-05-05T16:30:00Z
3111,3111,40,0.78,direct,2026-05-05T16:30:00Z
3112,3112,16,0.96,semantic,2026-05-05T16:30:00Z
3113,3113,56,0.77,hashtag,2026-05-05T16:30:00Z
3114,3114,31,0.86,visual,2026-05-05T16:30:00Z
3115,3115,8,0.87,inferred,2026-05-05T16:30:00Z
3116,3116,46,0.76,direct,2026-05-05T16:30:00Z
3117,3117,22,0.8,semantic,2026-05-05T16:30:00Z
3118,3118,1,0.96,hashtag,2026-05-05T16:30:00Z
3119,3119,36,0.94,visual,2026-05-05T16:30:00Z
3120,3120,13,0.95,inferred,2026-05-05T16:30:00Z
3121,3121,52,0.81,direct,2026-05-05T16:30:00Z
3122,3122,27,0.82,semantic,2026-05-05T16:30:00Z
3123,3123,5,0.87,hashtag,2026-05-05T16:30:00Z
3124,3124,42,0.77,visual,2026-05-05T16:30:00Z
3125,3125,18,0.85,inferred,2026-05-05T16:30:00Z
3126,3126,59,0.87,direct,2026-05-05T16:30:00Z
3127,3127,33,0.85,semantic,2026-05-05T16:30:00Z
3128,3128,10,0.93,hashtag,2026-05-05T16:30:00Z
3129,3129,49,0.97,visual,2026-05-05T16:30:00Z
3130,3130,24,0.88,inferred,2026-05-05T16:30:00Z
3131,3131,3,0.97,direct,2026-05-05T16:30:00Z
3132,3132,39,0.87,semantic,2026-05-05T16:30:00Z
3133,3133,15,0.78,hashtag,2026-05-05T16:30:00Z
3134,3134,55,0.79,visual,2026-05-05T16:30:00Z
3135,3135,29,0.79,inferred,2026-05-05T16:30:00Z
3136,3136,7,0.81,direct,2026-05-05T16:30:00Z
3137,3137,45,0.83,semantic,2026-05-05T16:30:00Z
3138,3138,20,0.78,hashtag,2026-05-05T16:30:00Z
3139,3139,1,0.79,visual,2026-05-05T16:30:00Z
3140,3140,35,0.81,inferred,2026-05-05T16:30:00Z
3141,3141,12,0.98,direct,2026-05-05T16:30:00Z
3142,3142,51,0.77,semantic,2026-05-05T16:30:00Z
3143,3143,26,0.79,hashtag,2026-05-05T16:30:00Z
3144,3144,4,0.86,visual,2026-05-05T16:30:00Z
3145,3145,41,0.83,inferred,2026-05-05T16:30:00Z
3146,3146,17,0.9,direct,2026-05-05T16:30:00Z
3147,3147,57,0.94,semantic,2026-05-05T16:30:00Z
3148,3148,31,0.81,hashtag,2026-05-05T16:30:00Z
3149,3149,9,0.81,visual,2026-05-05T16:30:00Z
3150,3150,47,0.87,inferred,2026-05-05T16:30:00Z
3151,3151,22,0.77,direct,2026-05-05T16:30:00Z
3152,3152,2,0.87,semantic,2026-05-05T16:30:00Z
3153,3153,37,0.82,hashtag,2026-05-05T16:30:00Z
3154,3154,14,0.81,visual,2026-05-05T16:30:00Z
3155,3155,53,0.85,inferred,2026-05-05T16:30:00Z
3156,3156,28,0.92,direct,2026-05-05T16:30:00Z
3157,3157,6,0.85,semantic,2026-05-05T16:30:00Z
3158,3158,43,0.94,hashtag,2026-05-05T16:30:00Z
3159,3159,19,0.89,visual,2026-05-05T16:30:00Z
3160,3160,60,0.84,inferred,2026-05-05T16:30:00Z
3161,3161,34,0.79,direct,2026-05-05T16:30:00Z
3162,3162,11,0.91,semantic,2026-05-05T16:30:00Z
3163,3163,49,0.78,hashtag,2026-05-05T16:30:00Z
3164,3164,24,0.77,visual,2026-05-05T16:30:00Z
3165,3165,3,0.78,inferred,2026-05-05T16:30:00Z
3166,3166,40,0.85,direct,2026-05-05T16:30:00Z
3167,3167,16,0.98,semantic,2026-05-05T16:30:00Z
3168,3168,56,0.79,hashtag,2026-05-05T16:30:00Z
3169,3169,30,0.8,visual,2026-05-05T16:30:00Z
3170,3170,8,0.92,inferred,2026-05-05T16:30:00Z
3171,3171,46,0.87,direct,2026-05-05T16:30:00Z
3172,3172,21,0.88,semantic,2026-05-05T16:30:00Z
3173,3173,1,0.79,hashtag,2026-05-05T16:30:00Z
3174,3174,36,0.92,visual,2026-05-05T16:30:00Z
3175,3175,13,0.85,inferred,2026-05-05T16:30:00Z
3176,3176,52,0.92,direct,2026-05-05T16:30:00Z
3177,3177,27,0.9,semantic,2026-05-05T16:30:00Z
3178,3178,5,0.8,hashtag,2026-05-05T16:30:00Z
3179,3179,42,0.84,visual,2026-05-05T16:30:00Z
3180,3180,18,0.92,inferred,2026-05-05T16:30:00Z
3181,3181,58,0.94,direct,2026-05-05T16:30:00Z
3182,3182,32,0.98,semantic,2026-05-05T16:30:00Z
3183,3183,10,0.78,hashtag,2026-05-05T16:30:00Z
3184,3184,48,0.85,visual,2026-05-05T16:30:00Z
3185,3185,23,0.84,inferred,2026-05-05T16:30:00Z
3186,3186,3,0.98,direct,2026-05-05T16:30:00Z
3187,3187,38,0.8,semantic,2026-05-05T16:30:00Z
3188,3188,15,0.9,hashtag,2026-05-05T16:30:00Z
3189,3189,54,0.86,visual,2026-05-05T16:30:00Z
3190,3190,29,0.95,inferred,2026-05-05T16:30:00Z
3191,3191,7,0.96,direct,2026-05-05T16:30:00Z
3192,3192,44,0.87,semantic,2026-05-05T16:30:00Z
3193,3193,20,0.84,hashtag,2026-05-05T16:30:00Z
3194,3194,1,0.77,visual,2026-05-05T16:30:00Z
3195,3195,35,0.88,inferred,2026-05-05T16:30:00Z
3196,3196,11,0.93,direct,2026-05-05T16:30:00Z
3197,3197,50,0.96,semantic,2026-05-05T16:30:00Z
3198,3198,25,0.86,hashtag,2026-05-05T16:30:00Z
3199,3199,4,0.77,visual,2026-05-05T16:30:00Z
3200,3200,40,0.83,inferred,2026-05-05T16:30:00Z
3201,3201,17,0.84,direct,2026-05-05T16:30:00Z
3202,3202,57,0.86,semantic,2026-05-05T16:30:00Z
3203,3203,31,0.96,hashtag,2026-05-05T16:30:00Z
3204,3204,8,0.89,visual,2026-05-05T16:30:00Z
3205,3205,47,0.89,inferred,2026-05-05T16:30:00Z
3206,3206,22,0.85,direct,2026-05-05T16:30:00Z
3207,3207,2,0.85,semantic,2026-05-05T16:30:00Z
3208,3208,37,0.79,hashtag,2026-05-05T16:30:00Z
3209,3209,13,0.96,visual,2026-05-05T16:30:00Z
3210,3210,53,0.92,inferred,2026-05-05T16:30:00Z
3211,3211,27,0.92,direct,2026-05-05T16:30:00Z
3212,3212,6,0.77,semantic,2026-05-05T16:30:00Z
3213,3213,43,0.81,hashtag,2026-05-05T16:30:00Z
3214,3214,19,0.77,visual,2026-05-05T16:30:00Z
3215,3215,59,0.89,inferred,2026-05-05T16:30:00Z
3216,3216,33,0.79,direct,2026-05-05T16:30:00Z
3217,3217,10,0.97,semantic,2026-05-05T16:30:00Z
3218,3218,49,0.86,hashtag,2026-05-05T16:30:00Z
3219,3219,24,0.76,visual,2026-05-05T16:30:00Z
3220,3220,3,0.92,inferred,2026-05-05T16:30:00Z
3221,3221,39,0.95,direct,2026-05-05T16:30:00Z
3222,3222,15,0.95,semantic,2026-05-05T16:30:00Z
3223,3223,55,0.8,hashtag,2026-05-05T16:30:00Z
3224,3224,30,0.83,visual,2026-05-05T16:30:00Z
3225,3225,7,0.8,inferred,2026-05-05T16:30:00Z
3226,3226,45,0.98,direct,2026-05-05T16:30:00Z
3227,3227,21,0.88,semantic,2026-05-05T16:30:00Z
3228,3228,1,0.84,hashtag,2026-05-05T16:30:00Z
3229,3229,35,0.86,visual,2026-05-05T16:30:00Z
3230,3230,12,0.95,inferred,2026-05-05T16:30:00Z
3231,3231,51,0.8,direct,2026-05-05T16:30:00Z
3232,3232,26,0.87,semantic,2026-05-05T16:30:00Z
3233,3233,5,0.95,hashtag,2026-05-05T16:30:00Z
3234,3234,41,0.9,visual,2026-05-05T16:30:00Z
3235,3235,17,0.98,inferred,2026-05-05T16:30:00Z
3236,3236,58,0.89,direct,2026-05-05T16:30:00Z
3237,3237,32,0.96,semantic,2026-05-05T16:30:00Z
3238,3238,9,0.78,hashtag,2026-05-05T16:30:00Z
3239,3239,47,0.95,visual,2026-05-05T16:30:00Z
3240,3240,23,0.95,inferred,2026-05-05T16:30:00Z
3241,3241,2,0.95,direct,2026-05-05T16:30:00Z
3242,3242,38,0.87,semantic,2026-05-05T16:30:00Z
3243,3243,14,0.93,hashtag,2026-05-05T16:30:00Z
3244,3244,54,0.9,visual,2026-05-05T16:30:00Z
3245,3245,28,0.94,inferred,2026-05-05T16:30:00Z
3246,3246,6,0.8,direct,2026-05-05T16:30:00Z
3247,3247,44,0.83,semantic,2026-05-05T16:30:00Z
3248,3248,19,0.81,hashtag,2026-05-05T16:30:00Z
3249,3249,60,0.88,visual,2026-05-05T16:30:00Z
3250,3250,34,0.77,inferred,2026-05-05T16:30:00Z
3251,3251,11,0.86,direct,2026-05-05T16:30:00Z
3252,3252,50,0.87,semantic,2026-05-05T16:30:00Z
3253,3253,25,0.95,hashtag,2026-05-05T16:30:00Z
3254,3254,4,0.88,visual,2026-05-05T16:30:00Z
3255,3255,40,0.82,inferred,2026-05-05T16:30:00Z
3256,3256,16,0.81,direct,2026-05-05T16:30:00Z
3257,3257,56,0.82,semantic,2026-05-05T16:30:00Z
3258,3258,30,0.79,hashtag,2026-05-05T16:30:00Z
3259,3259,8,0.89,visual,2026-05-05T16:30:00Z
3260,3260,46,0.83,inferred,2026-05-05T16:30:00Z
3261,3261,21,0.76,direct,2026-05-05T16:30:00Z
3262,3262,1,0.95,semantic,2026-05-05T16:30:00Z
3263,3263,36,0.86,hashtag,2026-05-05T16:30:00Z
3264,3264,13,0.92,visual,2026-05-05T16:30:00Z
3265,3265,52,0.89,inferred,2026-05-05T16:30:00Z
3266,3266,27,0.94,direct,2026-05-05T16:30:00Z
3267,3267,5,0.78,semantic,2026-05-05T16:30:00Z
3268,3268,42,0.92,hashtag,2026-05-05T16:30:00Z
3269,3269,18,0.8,visual,2026-05-05T16:30:00Z
3270,3270,58,0.81,inferred,2026-05-05T16:30:00Z
3271,3271,33,0.82,direct,2026-05-05T16:30:00Z
3272,3272,10,0.83,semantic,2026-05-05T16:30:00Z
3273,3273,48,0.93,hashtag,2026-05-05T16:30:00Z
3274,3274,23,0.77,visual,2026-05-05T16:30:00Z
3275,3275,3,0.94,inferred,2026-05-05T16:30:00Z
3276,3276,39,0.76,direct,2026-05-05T16:30:00Z
3277,3277,15,0.86,semantic,2026-05-05T16:30:00Z
3278,3278,55,0.87,hashtag,2026-05-05T16:30:00Z
3279,3279,29,0.83,visual,2026-05-05T16:30:00Z
3280,3280,7,0.84,inferred,2026-05-05T16:30:00Z
3281,3281,45,0.78,direct,2026-05-05T16:30:00Z
3282,3282,20,0.93,semantic,2026-05-05T16:30:00Z
3283,3283,1,0.97,hashtag,2026-05-05T16:30:00Z
3284,3284,35,0.88,visual,2026-05-05T16:30:00Z
3285,3285,12,0.82,inferred,2026-05-05T16:30:00Z
3286,3286,51,0.89,direct,2026-05-05T16:30:00Z
3287,3287,26,0.97,semantic,2026-05-05T16:30:00Z
3288,3288,4,0.92,hashtag,2026-05-05T16:30:00Z
3289,3289,41,0.98,visual,2026-05-05T16:30:00Z
3290,3290,17,0.81,inferred,2026-05-05T16:30:00Z
3291,3291,57,0.78,direct,2026-05-05T16:30:00Z
3292,3292,31,0.98,semantic,2026-05-05T16:30:00Z
3293,3293,9,0.84,hashtag,2026-05-05T16:30:00Z
3294,3294,47,0.89,visual,2026-05-05T16:30:00Z
3295,3295,22,0.96,inferred,2026-05-05T16:30:00Z
3296,3296,2,0.93,direct,2026-05-05T16:30:00Z
3297,3297,37,0.76,semantic,2026-05-05T16:30:00Z
3298,3298,14,0.97,hashtag,2026-05-05T16:30:00Z
3299,3299,53,0.77,visual,2026-05-05T16:30:00Z
3300,3300,28,0.83,inferred,2026-05-05T16:30:00Z
3301,3301,6,0.92,direct,2026-05-05T16:30:00Z
3302,3302,43,0.94,semantic,2026-05-05T16:30:00Z
3303,3303,19,0.8,hashtag,2026-05-05T16:30:00Z
3304,3304,59,0.8,visual,2026-05-05T16:30:00Z
3305,3305,33,0.8,inferred,2026-05-05T16:30:00Z
3306,3306,11,0.81,direct,2026-05-05T16:30:00Z
3307,3307,49,0.79,semantic,2026-05-05T16:30:00Z
3308,3308,24,0.84,hashtag,2026-05-05T16:30:00Z
3309,3309,3,0.8,visual,2026-05-05T16:30:00Z
3310,3310,39,0.76,inferred,2026-05-05T16:30:00Z
3311,3311,16,0.9,direct,2026-05-05T16:30:00Z
3312,3312,55,0.96,semantic,2026-05-05T16:30:00Z
3313,3313,30,0.86,hashtag,2026-05-05T16:30:00Z
3314,3314,8,0.85,visual,2026-05-05T16:30:00Z
3315,3315,45,0.91,inferred,2026-05-05T16:30:00Z
3316,3316,21,0.78,direct,2026-05-05T16:30:00Z
3317,3317,1,0.77,semantic,2026-05-05T16:30:00Z
3318,3318,36,0.8,hashtag,2026-05-05T16:30:00Z
3319,3319,12,0.85,visual,2026-05-05T16:30:00Z
3320,3320,52,0.91,inferred,2026-05-05T16:30:00Z
3321,3321,26,0.87,direct,2026-05-05T16:30:00Z
3322,3322,5,0.94,semantic,2026-05-05T16:30:00Z
3323,3323,42,0.88,hashtag,2026-05-05T16:30:00Z
3324,3324,18,0.87,visual,2026-05-05T16:30:00Z
3325,3325,58,0.94,inferred,2026-05-05T16:30:00Z
3326,3326,32,0.81,direct,2026-05-05T16:30:00Z
3327,3327,9,0.94,semantic,2026-05-05T16:30:00Z
3328,3328,48,0.91,hashtag,2026-05-05T16:30:00Z
3329,3329,23,0.83,visual,2026-05-05T16:30:00Z
3330,3330,2,0.85,inferred,2026-05-05T16:30:00Z
3331,3331,38,0.77,direct,2026-05-05T16:30:00Z
3332,3332,14,0.94,semantic,2026-05-05T16:30:00Z
3333,3333,54,0.97,hashtag,2026-05-05T16:30:00Z
3334,3334,29,0.94,visual,2026-05-05T16:30:00Z
3335,3335,7,0.81,inferred,2026-05-05T16:30:00Z
3336,3336,44,0.8,direct,2026-05-05T16:30:00Z
3337,3337,20,0.79,semantic,2026-05-05T16:30:00Z
3338,3338,60,0.95,hashtag,2026-05-05T16:30:00Z
3339,3339,34,0.91,visual,2026-05-05T16:30:00Z
3340,3340,11,0.89,inferred,2026-05-05T16:30:00Z
3341,3341,50,0.97,direct,2026-05-05T16:30:00Z
3342,3342,25,0.92,semantic,2026-05-05T16:30:00Z
3343,3343,4,0.81,hashtag,2026-05-05T16:30:00Z
3344,3344,40,0.88,visual,2026-05-05T16:30:00Z
3345,3345,16,0.77,inferred,2026-05-05T16:30:00Z
3346,3346,56,0.77,direct,2026-05-05T16:30:00Z
3347,3347,31,0.78,semantic,2026-05-05T16:30:00Z
3348,3348,8,0.84,hashtag,2026-05-05T16:30:00Z
3349,3349,46,0.95,visual,2026-05-05T16:30:00Z
3350,3350,22,0.83,inferred,2026-05-05T16:30:00Z
3351,3351,2,0.86,direct,2026-05-05T16:30:00Z
3352,3352,37,0.84,semantic,2026-05-05T16:30:00Z
3353,3353,13,0.84,hashtag,2026-05-05T16:30:00Z
3354,3354,53,0.95,visual,2026-05-05T16:30:00Z
3355,3355,27,0.93,inferred,2026-05-05T16:30:00Z
3356,3356,6,0.8,direct,2026-05-05T16:30:00Z
3357,3357,43,0.88,semantic,2026-05-05T16:30:00Z
3358,3358,18,0.85,hashtag,2026-05-05T16:30:00Z
3359,3359,59,0.86,visual,2026-05-05T16:30:00Z
3360,3360,33,0.8,inferred,2026-05-05T16:30:00Z
3361,3361,10,0.83,direct,2026-05-05T16:30:00Z
3362,3362,49,0.86,semantic,2026-05-05T16:30:00Z
3363,3363,24,0.94,hashtag,2026-05-05T16:30:00Z
3364,3364,3,0.93,visual,2026-05-05T16:30:00Z
3365,3365,39,0.91,inferred,2026-05-05T16:30:00Z
3366,3366,15,0.95,direct,2026-05-05T16:30:00Z
3367,3367,55,0.85,semantic,2026-05-05T16:30:00Z
3368,3368,29,0.97,hashtag,2026-05-05T16:30:00Z
3369,3369,7,0.8,visual,2026-05-05T16:30:00Z
3370,3370,45,0.78,inferred,2026-05-05T16:30:00Z
3371,3371,20,0.92,direct,2026-05-05T16:30:00Z
3372,3372,1,0.92,semantic,2026-05-05T16:30:00Z
3373,3373,35,0.92,hashtag,2026-05-05T16:30:00Z
3374,3374,12,0.89,visual,2026-05-05T16:30:00Z
3375,3375,51,0.85,inferred,2026-05-05T16:30:00Z
3376,3376,26,0.92,direct,2026-05-05T16:30:00Z
3377,3377,5,0.9,semantic,2026-05-05T16:30:00Z
3378,3378,41,0.88,hashtag,2026-05-05T16:30:00Z
3379,3379,17,0.87,visual,2026-05-05T16:30:00Z
3380,3380,57,0.79,inferred,2026-05-05T16:30:00Z
3381,3381,32,0.91,direct,2026-05-05T16:30:00Z
3382,3382,9,0.94,semantic,2026-05-05T16:30:00Z
3383,3383,47,0.98,hashtag,2026-05-05T16:30:00Z
3384,3384,22,0.95,visual,2026-05-05T16:30:00Z
3385,3385,2,0.86,inferred,2026-05-05T16:30:00Z
3386,3386,37,0.79,direct,2026-05-05T16:30:00Z
3387,3387,14,0.82,semantic,2026-05-05T16:30:00Z
3388,3388,53,0.95,hashtag,2026-05-05T16:30:00Z
3389,3389,28,0.81,visual,2026-05-05T16:30:00Z
3390,3390,6,0.87,inferred,2026-05-05T16:30:00Z
3391,3391,43,0.87,direct,2026-05-05T16:30:00Z
3392,3392,19,0.97,semantic,2026-05-05T16:30:00Z
3393,3393,60,0.8,hashtag,2026-05-05T16:30:00Z
3394,3394,34,0.96,visual,2026-05-05T16:30:00Z
3395,3395,11,0.9,inferred,2026-05-05T16:30:00Z
3396,3396,50,0.77,direct,2026-05-05T16:30:00Z
3397,3397,25,0.76,semantic,2026-05-05T16:30:00Z
3398,3398,4,0.87,hashtag,2026-05-05T16:30:00Z
3399,3399,40,0.78,visual,2026-05-05T16:30:00Z
3400,3400,16,0.88,inferred,2026-05-05T16:30:00Z
3401,3401,56,0.87,direct,2026-05-05T16:30:00Z
3402,3402,30,0.77,semantic,2026-05-05T16:30:00Z
3403,3403,8,0.88,hashtag,2026-05-05T16:30:00Z
3404,3404,46,0.97,visual,2026-05-05T16:30:00Z
3405,3405,21,0.8,inferred,2026-05-05T16:30:00Z
3406,3406,1,0.8,direct,2026-05-05T16:30:00Z
3407,3407,36,0.81,semantic,2026-05-05T16:30:00Z
3408,3408,13,0.97,hashtag,2026-05-05T16:30:00Z
3409,3409,52,0.83,visual,2026-05-05T16:30:00Z
3410,3410,27,0.86,inferred,2026-05-05T16:30:00Z
3411,3411,5,0.84,direct,2026-05-05T16:30:00Z
3412,3412,42,0.85,semantic,2026-05-05T16:30:00Z
3413,3413,18,0.78,hashtag,2026-05-05T16:30:00Z
3414,3414,58,0.78,visual,2026-05-05T16:30:00Z
3415,3415,32,0.76,inferred,2026-05-05T16:30:00Z
3416,3416,10,0.77,direct,2026-05-05T16:30:00Z
3417,3417,48,0.8,semantic,2026-05-05T16:30:00Z
3418,3418,23,0.91,hashtag,2026-05-05T16:30:00Z
3419,3419,3,0.81,visual,2026-05-05T16:30:00Z
3420,3420,38,0.78,inferred,2026-05-05T16:30:00Z
3421,3421,15,0.84,direct,2026-05-05T16:30:00Z
3422,3422,54,0.92,semantic,2026-05-05T16:30:00Z
3423,3423,29,0.98,hashtag,2026-05-05T16:30:00Z
3424,3424,7,0.78,visual,2026-05-05T16:30:00Z
3425,3425,44,0.86,inferred,2026-05-05T16:30:00Z
3426,3426,20,0.96,direct,2026-05-05T16:30:00Z
3427,3427,1,0.88,semantic,2026-05-05T16:30:00Z
3428,3428,35,0.96,hashtag,2026-05-05T16:30:00Z
3429,3429,12,0.83,visual,2026-05-05T16:30:00Z
3430,3430,50,0.84,inferred,2026-05-05T16:30:00Z
3431,3431,25,0.84,direct,2026-05-05T16:30:00Z
3432,3432,4,0.95,semantic,2026-05-05T16:30:00Z
3433,3433,41,0.78,hashtag,2026-05-05T16:30:00Z
3434,3434,17,0.77,visual,2026-05-05T16:30:00Z
3435,3435,57,0.88,inferred,2026-05-05T16:30:00Z
3436,3436,31,0.89,direct,2026-05-05T16:30:00Z
3437,3437,9,0.88,semantic,2026-05-05T16:30:00Z
3438,3438,47,0.87,hashtag,2026-05-05T16:30:00Z
3439,3439,22,0.89,visual,2026-05-05T16:30:00Z
3440,3440,2,0.88,inferred,2026-05-05T16:30:00Z
3441,3441,37,0.97,direct,2026-05-05T16:30:00Z
3442,3442,13,0.85,semantic,2026-05-05T16:30:00Z
3443,3443,53,0.89,hashtag,2026-05-05T16:30:00Z
3444,3444,28,0.96,visual,2026-05-05T16:30:00Z
3445,3445,6,0.89,inferred,2026-05-05T16:30:00Z
3446,3446,43,0.93,direct,2026-05-05T16:30:00Z
3447,3447,19,0.86,semantic,2026-05-05T16:30:00Z
3448,3448,59,0.79,hashtag,2026-05-05T16:30:00Z
3449,3449,33,0.79,visual,2026-05-05T16:30:00Z
3450,3450,10,0.79,inferred,2026-05-05T16:30:00Z
3451,3451,49,0.83,direct,2026-05-05T16:30:00Z
3452,3452,24,0.78,semantic,2026-05-05T16:30:00Z
3453,3453,3,0.97,hashtag,2026-05-05T16:30:00Z
3454,3454,39,0.81,visual,2026-05-05T16:30:00Z
3455,3455,15,0.84,inferred,2026-05-05T16:30:00Z
3456,3456,55,0.87,direct,2026-05-05T16:30:00Z
3457,3457,30,0.92,semantic,2026-05-05T16:30:00Z
3458,3458,7,0.9,hashtag,2026-05-05T16:30:00Z
3459,3459,45,0.86,visual,2026-05-05T16:30:00Z
3460,3460,21,0.77,inferred,2026-05-05T16:30:00Z
3461,3461,1,0.94,direct,2026-05-05T16:30:00Z
3462,3462,36,0.93,semantic,2026-05-05T16:30:00Z
3463,3463,12,0.9,hashtag,2026-05-05T16:30:00Z
3464,3464,51,0.96,visual,2026-05-05T16:30:00Z
3465,3465,26,0.85,inferred,2026-05-05T16:30:00Z
3466,3466,5,0.86,direct,2026-05-05T16:30:00Z
3467,3467,41,0.82,semantic,2026-05-05T16:30:00Z
3468,3468,17,0.88,hashtag,2026-05-05T16:30:00Z
3469,3469,58,0.95,visual,2026-05-05T16:30:00Z
3470,3470,32,0.89,inferred,2026-05-05T16:30:00Z
3471,3471,9,0.88,direct,2026-05-05T16:30:00Z
3472,3472,48,0.82,semantic,2026-05-05T16:30:00Z
3473,3473,23,0.8,hashtag,2026-05-05T16:30:00Z
3474,3474,2,0.9,visual,2026-05-05T16:30:00Z
3475,3475,38,0.85,inferred,2026-05-05T16:30:00Z
3476,3476,14,0.94,direct,2026-05-05T16:30:00Z
3477,3477,54,0.87,semantic,2026-05-05T16:30:00Z
3478,3478,28,0.87,hashtag,2026-05-05T16:30:00Z
3479,3479,6,0.78,visual,2026-05-05T16:30:00Z
3480,3480,44,0.8,inferred,2026-05-05T16:30:00Z
3481,3481,19,0.77,direct,2026-05-05T16:30:00Z
3482,3482,60,0.83,semantic,2026-05-05T16:30:00Z
3483,3483,34,0.89,hashtag,2026-05-05T16:30:00Z
3484,3484,11,0.95,visual,2026-05-05T16:30:00Z
3485,3485,50,0.83,inferred,2026-05-05T16:30:00Z
3486,3486,25,0.96,direct,2026-05-05T16:30:00Z
3487,3487,4,0.96,semantic,2026-05-05T16:30:00Z
3488,3488,40,0.95,hashtag,2026-05-05T16:30:00Z
3489,3489,16,0.78,visual,2026-05-05T16:30:00Z
3490,3490,56,0.95,inferred,2026-05-05T16:30:00Z
3491,3491,31,0.89,direct,2026-05-05T16:30:00Z
3492,3492,8,0.92,semantic,2026-05-05T16:30:00Z
3493,3493,46,0.84,hashtag,2026-05-05T16:30:00Z
3494,3494,21,0.93,visual,2026-05-05T16:30:00Z
3495,3495,1,0.91,inferred,2026-05-05T16:30:00Z
3496,3496,36,0.83,direct,2026-05-05T16:30:00Z
3497,3497,13,0.92,semantic,2026-05-05T16:30:00Z
3498,3498,52,0.76,hashtag,2026-05-05T16:30:00Z
3499,3499,27,0.92,visual,2026-05-05T16:30:00Z
3500,3500,5,0.86,inferred,2026-05-05T16:30:00Z
3501,3501,42,0.94,direct,2026-05-05T16:30:00Z
3502,3502,18,0.92,semantic,2026-05-05T16:30:00Z
3503,3503,59,0.81,hashtag,2026-05-05T16:30:00Z
3504,3504,33,0.87,visual,2026-05-05T16:30:00Z
3505,3505,10,0.78,inferred,2026-05-05T16:30:00Z
3506,3506,48,0.88,direct,2026-05-05T16:30:00Z
3507,3507,24,0.92,semantic,2026-05-05T16:30:00Z
3508,3508,3,0.78,hashtag,2026-05-05T16:30:00Z
3509,3509,39,0.85,visual,2026-05-05T16:30:00Z
3510,3510,15,0.88,inferred,2026-05-05T16:30:00Z
3511,3511,55,0.97,direct,2026-05-05T16:30:00Z
3512,3512,29,0.83,semantic,2026-05-05T16:30:00Z
3513,3513,7,0.77,hashtag,2026-05-05T16:30:00Z
3514,3514,45,0.79,visual,2026-05-05T16:30:00Z
3515,3515,20,0.97,inferred,2026-05-05T16:30:00Z
3516,3516,1,0.77,direct,2026-05-05T16:30:00Z
3517,3517,35,0.84,semantic,2026-05-05T16:30:00Z
3518,3518,12,0.76,hashtag,2026-05-05T16:30:00Z
3519,3519,51,0.93,visual,2026-05-05T16:30:00Z
3520,3520,26,0.85,inferred,2026-05-05T16:30:00Z
3521,3521,4,0.97,direct,2026-05-05T16:30:00Z
3522,3522,41,0.82,semantic,2026-05-05T16:30:00Z
3523,3523,17,0.97,hashtag,2026-05-05T16:30:00Z
3524,3524,57,0.81,visual,2026-05-05T16:30:00Z
3525,3525,31,0.9,inferred,2026-05-05T16:30:00Z
3526,3526,9,0.86,direct,2026-05-05T16:30:00Z
3527,3527,47,0.98,semantic,2026-05-05T16:30:00Z
3528,3528,22,0.77,hashtag,2026-05-05T16:30:00Z
3529,3529,2,0.81,visual,2026-05-05T16:30:00Z
3530,3530,37,0.83,inferred,2026-05-05T16:30:00Z
3531,3531,14,0.78,direct,2026-05-05T16:30:00Z
3532,3532,53,0.96,semantic,2026-05-05T16:30:00Z
3533,3533,28,0.94,hashtag,2026-05-05T16:30:00Z
3534,3534,6,0.83,visual,2026-05-05T16:30:00Z
3535,3535,43,0.86,inferred,2026-05-05T16:30:00Z
3536,3536,19,0.97,direct,2026-05-05T16:30:00Z
3537,3537,60,0.92,semantic,2026-05-05T16:30:00Z
3538,3538,34,0.77,hashtag,2026-05-05T16:30:00Z
3539,3539,11,0.88,visual,2026-05-05T16:30:00Z
3540,3540,49,0.87,inferred,2026-05-05T16:30:00Z
3541,3541,24,0.79,direct,2026-05-05T16:30:00Z
3542,3542,3,0.8,semantic,2026-05-05T16:30:00Z
3543,3543,40,0.77,hashtag,2026-05-05T16:30:00Z
3544,3544,16,0.87,visual,2026-05-05T16:30:00Z
3545,3545,56,0.98,inferred,2026-05-05T16:30:00Z
3546,3546,30,0.84,direct,2026-05-05T16:30:00Z
3547,3547,8,0.79,semantic,2026-05-05T16:30:00Z
3548,3548,46,0.79,hashtag,2026-05-05T16:30:00Z
3549,3549,21,0.95,visual,2026-05-05T16:30:00Z
3550,3550,1,0.82,inferred,2026-05-05T16:30:00Z
3551,3551,36,0.78,direct,2026-05-05T16:30:00Z
3552,3552,13,0.87,semantic,2026-05-05T16:30:00Z
3553,3553,52,0.95,hashtag,2026-05-05T16:30:00Z
3554,3554,27,0.91,visual,2026-05-05T16:30:00Z
3555,3555,5,0.93,inferred,2026-05-05T16:30:00Z
3556,3556,42,0.98,direct,2026-05-05T16:30:00Z
3557,3557,18,0.77,semantic,2026-05-05T16:30:00Z
3558,3558,58,0.76,hashtag,2026-05-05T16:30:00Z
3559,3559,32,0.91,visual,2026-05-05T16:30:00Z
3560,3560,10,0.81,inferred,2026-05-05T16:30:00Z
3561,3561,48,0.89,direct,2026-05-05T16:30:00Z
3562,3562,23,0.86,semantic,2026-05-05T16:30:00Z
3563,3563,2,0.8,hashtag,2026-05-05T16:30:00Z
3564,3564,38,0.81,visual,2026-05-05T16:30:00Z
3565,3565,14,0.95,inferred,2026-05-05T16:30:00Z
3566,3566,54,0.82,direct,2026-05-05T16:30:00Z
3567,3567,29,0.82,semantic,2026-05-05T16:30:00Z
3568,3568,7,0.82,hashtag,2026-05-05T16:30:00Z
3569,3569,44,0.87,visual,2026-05-05T16:30:00Z
3570,3570,20,0.91,inferred,2026-05-05T16:30:00Z
3571,3571,60,0.93,direct,2026-05-05T16:30:00Z
3572,3572,34,0.98,semantic,2026-05-05T16:30:00Z
3573,3573,11,0.93,hashtag,2026-05-05T16:30:00Z
3574,3574,50,0.79,visual,2026-05-05T16:30:00Z
3575,3575,25,0.81,inferred,2026-05-05T16:30:00Z
3576,3576,4,0.87,direct,2026-05-05T16:30:00Z
3577,3577,40,0.89,semantic,2026-05-05T16:30:00Z
3578,3578,16,0.85,hashtag,2026-05-05T16:30:00Z
3579,3579,57,0.77,visual,2026-05-05T16:30:00Z
3580,3580,31,0.8,inferred,2026-05-05T16:30:00Z
3581,3581,8,0.77,direct,2026-05-05T16:30:00Z
3582,3582,46,0.88,semantic,2026-05-05T16:30:00Z
3583,3583,22,0.87,hashtag,2026-05-05T16:30:00Z
3584,3584,2,0.81,visual,2026-05-05T16:30:00Z
3585,3585,37,0.85,inferred,2026-05-05T16:30:00Z
3586,3586,13,0.8,direct,2026-05-05T16:30:00Z
3587,3587,53,0.85,semantic,2026-05-05T16:30:00Z
3588,3588,27,0.84,hashtag,2026-05-05T16:30:00Z
3589,3589,6,0.96,visual,2026-05-05T16:30:00Z
3590,3590,43,0.89,inferred,2026-05-05T16:30:00Z
3591,3591,18,0.8,direct,2026-05-05T16:30:00Z
3592,3592,59,0.92,semantic,2026-05-05T16:30:00Z
3593,3593,33,0.97,hashtag,2026-05-05T16:30:00Z
3594,3594,10,0.94,visual,2026-05-05T16:30:00Z
3595,3595,49,0.89,inferred,2026-05-05T16:30:00Z
3596,3596,24,0.92,direct,2026-05-05T16:30:00Z
3597,3597,3,0.88,semantic,2026-05-05T16:30:00Z
3598,3598,39,0.88,hashtag,2026-05-05T16:30:00Z
3599,3599,15,0.86,visual,2026-05-05T16:30:00Z
3600,3600,55,0.84,inferred,2026-05-05T16:30:00Z
3601,3601,30,0.83,direct,2026-05-05T16:30:00Z
3602,3602,7,0.8,semantic,2026-05-05T16:30:00Z
3603,3603,45,0.77,hashtag,2026-05-05T16:30:00Z
3604,3604,21,0.85,visual,2026-05-05T16:30:00Z
3605,3605,1,0.85,inferred,2026-05-05T16:30:00Z
3606,3606,35,0.81,direct,2026-05-05T16:30:00Z
3607,3607,12,0.97,semantic,2026-05-05T16:30:00Z
3608,3608,51,0.77,hashtag,2026-05-05T16:30:00Z
3609,3609,26,0.97,visual,2026-05-05T16:30:00Z
3610,3610,5,0.79,inferred,2026-05-05T16:30:00Z
3611,3611,41,0.77,direct,2026-05-05T16:30:00Z
3612,3612,17,0.93,semantic,2026-05-05T16:30:00Z
3613,3613,57,0.81,hashtag,2026-05-05T16:30:00Z
3614,3614,32,0.84,visual,2026-05-05T16:30:00Z
3615,3615,9,0.89,inferred,2026-05-05T16:30:00Z
3616,3616,47,0.94,direct,2026-05-05T16:30:00Z
3617,3617,23,0.91,semantic,2026-05-05T16:30:00Z
3618,3618,2,0.79,hashtag,2026-05-05T16:30:00Z
3619,3619,38,0.95,visual,2026-05-05T16:30:00Z
3620,3620,14,0.78,inferred,2026-05-05T16:30:00Z
3621,3621,54,0.85,direct,2026-05-05T16:30:00Z
3622,3622,28,0.81,semantic,2026-05-05T16:30:00Z
3623,3623,6,0.96,hashtag,2026-05-05T16:30:00Z
3624,3624,44,0.9,visual,2026-05-05T16:30:00Z
3625,3625,19,0.95,inferred,2026-05-05T16:30:00Z
3626,3626,60,0.8,direct,2026-05-05T16:30:00Z
3627,3627,34,0.92,semantic,2026-05-05T16:30:00Z
3628,3628,11,0.82,hashtag,2026-05-05T16:30:00Z
3629,3629,50,0.82,visual,2026-05-05T16:30:00Z
3630,3630,25,0.94,inferred,2026-05-05T16:30:00Z
3631,3631,4,0.86,direct,2026-05-05T16:30:00Z
3632,3632,40,0.8,semantic,2026-05-05T16:30:00Z
3633,3633,16,0.92,hashtag,2026-05-05T16:30:00Z
3634,3634,56,0.9,visual,2026-05-05T16:30:00Z
3635,3635,30,0.87,inferred,2026-05-05T16:30:00Z
3636,3636,8,0.92,direct,2026-05-05T16:30:00Z
3637,3637,46,0.8,semantic,2026-05-05T16:30:00Z
3638,3638,21,0.88,hashtag,2026-05-05T16:30:00Z
3639,3639,1,0.82,visual,2026-05-05T16:30:00Z
3640,3640,36,0.87,inferred,2026-05-05T16:30:00Z
3641,3641,13,0.77,direct,2026-05-05T16:30:00Z
3642,3642,52,0.78,semantic,2026-05-05T16:30:00Z
3643,3643,27,0.85,hashtag,2026-05-05T16:30:00Z
3644,3644,5,0.85,visual,2026-05-05T16:30:00Z
3645,3645,42,0.82,inferred,2026-05-05T16:30:00Z
3646,3646,18,0.83,direct,2026-05-05T16:30:00Z
3647,3647,58,0.85,semantic,2026-05-05T16:30:00Z
3648,3648,33,0.92,hashtag,2026-05-05T16:30:00Z
3649,3649,10,0.95,visual,2026-05-05T16:30:00Z
3650,3650,48,0.98,inferred,2026-05-05T16:30:00Z
3651,3651,23,0.93,direct,2026-05-05T16:30:00Z
3652,3652,3,0.8,semantic,2026-05-05T16:30:00Z
3653,3653,38,0.91,hashtag,2026-05-05T16:30:00Z
3654,3654,15,0.9,visual,2026-05-05T16:30:00Z
3655,3655,54,0.95,inferred,2026-05-05T16:30:00Z
3656,3656,29,0.95,direct,2026-05-05T16:30:00Z
3657,3657,7,0.87,semantic,2026-05-05T16:30:00Z
3658,3658,44,0.96,hashtag,2026-05-05T16:30:00Z
3659,3659,20,0.93,visual,2026-05-05T16:30:00Z
3660,3660,1,0.86,inferred,2026-05-05T16:30:00Z
3661,3661,35,0.94,direct,2026-05-05T16:30:00Z
3662,3662,12,0.87,semantic,2026-05-05T16:30:00Z
3663,3663,51,0.93,hashtag,2026-05-05T16:30:00Z
3664,3664,26,0.84,visual,2026-05-05T16:30:00Z
3665,3665,4,0.94,inferred,2026-05-05T16:30:00Z
3666,3666,41,0.86,direct,2026-05-05T16:30:00Z
3667,3667,17,0.89,semantic,2026-05-05T16:30:00Z
3668,3668,57,0.98,hashtag,2026-05-05T16:30:00Z
3669,3669,31,0.82,visual,2026-05-05T16:30:00Z
3670,3670,9,0.9,inferred,2026-05-05T16:30:00Z
3671,3671,47,0.93,direct,2026-05-05T16:30:00Z
3672,3672,22,0.9,semantic,2026-05-05T16:30:00Z
3673,3673,2,0.85,hashtag,2026-05-05T16:30:00Z
3674,3674,37,0.95,visual,2026-05-05T16:30:00Z
3675,3675,14,0.79,inferred,2026-05-05T16:30:00Z
3676,3676,53,0.92,direct,2026-05-05T16:30:00Z
3677,3677,28,0.85,semantic,2026-05-05T16:30:00Z
3678,3678,6,0.95,hashtag,2026-05-05T16:30:00Z
3679,3679,43,0.92,visual,2026-05-05T16:30:00Z
3680,3680,19,0.86,inferred,2026-05-05T16:30:00Z
3681,3681,59,0.81,direct,2026-05-05T16:30:00Z
3682,3682,33,0.95,semantic,2026-05-05T16:30:00Z
3683,3683,11,0.87,hashtag,2026-05-05T16:30:00Z
3684,3684,49,0.93,visual,2026-05-05T16:30:00Z
3685,3685,24,0.77,inferred,2026-05-05T16:30:00Z
3686,3686,3,0.81,direct,2026-05-05T16:30:00Z
3687,3687,39,0.79,semantic,2026-05-05T16:30:00Z
3688,3688,16,0.79,hashtag,2026-05-05T16:30:00Z
3689,3689,55,0.88,visual,2026-05-05T16:30:00Z
3690,3690,30,0.78,inferred,2026-05-05T16:30:00Z
3691,3691,8,0.77,direct,2026-05-05T16:30:00Z
3692,3692,45,0.91,semantic,2026-05-05T16:30:00Z
3693,3693,21,0.95,hashtag,2026-05-05T16:30:00Z
3694,3694,1,0.82,visual,2026-05-05T16:30:00Z
3695,3695,36,0.91,inferred,2026-05-05T16:30:00Z
3696,3696,12,0.88,direct,2026-05-05T16:30:00Z
3697,3697,52,0.94,semantic,2026-05-05T16:30:00Z
3698,3698,26,0.88,hashtag,2026-05-05T16:30:00Z
3699,3699,5,0.83,visual,2026-05-05T16:30:00Z
3700,3700,42,0.92,inferred,2026-05-05T16:30:00Z
3701,3701,18,0.93,direct,2026-05-05T16:30:00Z
3702,3702,58,0.97,semantic,2026-05-05T16:30:00Z
3703,3703,32,0.94,hashtag,2026-05-05T16:30:00Z
3704,3704,9,0.84,visual,2026-05-05T16:30:00Z
3705,3705,48,0.92,inferred,2026-05-05T16:30:00Z
3706,3706,23,0.85,direct,2026-05-05T16:30:00Z
3707,3707,2,0.89,semantic,2026-05-05T16:30:00Z
3708,3708,38,0.89,hashtag,2026-05-05T16:30:00Z
3709,3709,14,0.9,visual,2026-05-05T16:30:00Z
3710,3710,54,0.87,inferred,2026-05-05T16:30:00Z
3711,3711,28,0.9,direct,2026-05-05T16:30:00Z
3712,3712,7,0.86,semantic,2026-05-05T16:30:00Z
3713,3713,44,0.9,hashtag,2026-05-05T16:30:00Z
3714,3714,20,0.96,visual,2026-05-05T16:30:00Z
3715,3715,60,0.85,inferred,2026-05-05T16:30:00Z
3716,3716,34,0.81,direct,2026-05-05T16:30:00Z
3717,3717,11,0.81,semantic,2026-05-05T16:30:00Z
3718,3718,50,0.8,hashtag,2026-05-05T16:30:00Z
3719,3719,25,0.86,visual,2026-05-05T16:30:00Z
3720,3720,4,0.94,inferred,2026-05-05T16:30:00Z
3721,3721,40,0.86,direct,2026-05-05T16:30:00Z
3722,3722,16,0.77,semantic,2026-05-05T16:30:00Z
3723,3723,56,0.82,hashtag,2026-05-05T16:30:00Z
3724,3724,31,0.81,visual,2026-05-05T16:30:00Z
3725,3725,8,0.78,inferred,2026-05-05T16:30:00Z
3726,3726,46,0.89,direct,2026-05-05T16:30:00Z
3727,3727,22,0.93,semantic,2026-05-05T16:30:00Z
3728,3728,1,0.88,hashtag,2026-05-05T16:30:00Z
3729,3729,37,0.91,visual,2026-05-05T16:30:00Z
3730,3730,13,0.83,inferred,2026-05-05T16:30:00Z
3731,3731,52,0.81,direct,2026-05-05T16:30:00Z
3732,3732,27,0.95,semantic,2026-05-05T16:30:00Z
3733,3733,5,0.88,hashtag,2026-05-05T16:30:00Z
3734,3734,42,0.93,visual,2026-05-05T16:30:00Z
3735,3735,18,0.88,inferred,2026-05-05T16:30:00Z
3736,3736,59,0.84,direct,2026-05-05T16:30:00Z
3737,3737,33,0.81,semantic,2026-05-05T16:30:00Z
3738,3738,10,0.9,hashtag,2026-05-05T16:30:00Z
3739,3739,49,0.87,visual,2026-05-05T16:30:00Z
3740,3740,24,0.97,inferred,2026-05-05T16:30:00Z
3741,3741,3,0.96,direct,2026-05-05T16:30:00Z
3742,3742,39,0.97,semantic,2026-05-05T16:30:00Z
3743,3743,15,0.95,hashtag,2026-05-05T16:30:00Z
3744,3744,55,0.81,visual,2026-05-05T16:30:00Z
3745,3745,29,0.79,inferred,2026-05-05T16:30:00Z
3746,3746,7,0.94,direct,2026-05-05T16:30:00Z
3747,3747,45,0.95,semantic,2026-05-05T16:30:00Z
3748,3748,20,0.89,hashtag,2026-05-05T16:30:00Z
3749,3749,1,0.83,visual,2026-05-05T16:30:00Z
3750,3750,35,0.89,inferred,2026-05-05T16:30:00Z
3751,3751,12,0.83,direct,2026-05-05T16:30:00Z
3752,3752,51,0.91,semantic,2026-05-05T16:30:00Z
3753,3753,26,0.87,hashtag,2026-05-05T16:30:00Z
3754,3754,4,0.88,visual,2026-05-05T16:30:00Z
3755,3755,41,0.86,inferred,2026-05-05T16:30:00Z
3756,3756,17,0.85,direct,2026-05-05T16:30:00Z
3757,3757,57,0.98,semantic,2026-05-05T16:30:00Z
3758,3758,32,0.94,hashtag,2026-05-05T16:30:00Z
3759,3759,9,0.78,visual,2026-05-05T16:30:00Z
3760,3760,47,0.82,inferred,2026-05-05T16:30:00Z
3761,3761,22,0.76,direct,2026-05-05T16:30:00Z
3762,3762,2,0.93,semantic,2026-05-05T16:30:00Z
3763,3763,37,0.83,hashtag,2026-05-05T16:30:00Z
3764,3764,14,0.95,visual,2026-05-05T16:30:00Z
3765,3765,53,0.79,inferred,2026-05-05T16:30:00Z
3766,3766,28,0.92,direct,2026-05-05T16:30:00Z
3767,3767,6,0.95,semantic,2026-05-05T16:30:00Z
3768,3768,43,0.81,hashtag,2026-05-05T16:30:00Z
3769,3769,19,0.81,visual,2026-05-05T16:30:00Z
3770,3770,60,0.97,inferred,2026-05-05T16:30:00Z
3771,3771,34,0.89,direct,2026-05-05T16:30:00Z
3772,3772,11,0.8,semantic,2026-05-05T16:30:00Z
3773,3773,49,0.94,hashtag,2026-05-05T16:30:00Z
3774,3774,25,0.86,visual,2026-05-05T16:30:00Z
3775,3775,3,0.98,inferred,2026-05-05T16:30:00Z
3776,3776,40,0.88,direct,2026-05-05T16:30:00Z
3777,3777,16,0.78,semantic,2026-05-05T16:30:00Z
3778,3778,56,0.78,hashtag,2026-05-05T16:30:00Z
3779,3779,30,0.79,visual,2026-05-05T16:30:00Z
3780,3780,8,0.88,inferred,2026-05-05T16:30:00Z
3781,3781,46,0.86,direct,2026-05-05T16:30:00Z
3782,3782,21,0.84,semantic,2026-05-05T16:30:00Z
3783,3783,1,0.79,hashtag,2026-05-05T16:30:00Z
3784,3784,36,0.86,visual,2026-05-05T16:30:00Z
3785,3785,13,0.96,inferred,2026-05-05T16:30:00Z
3786,3786,52,0.95,direct,2026-05-05T16:30:00Z
3787,3787,27,0.9,semantic,2026-05-05T16:30:00Z
3788,3788,5,0.97,hashtag,2026-05-05T16:30:00Z
3789,3789,42,0.96,visual,2026-05-05T16:30:00Z
3790,3790,18,0.81,inferred,2026-05-05T16:30:00Z
3791,3791,58,0.76,direct,2026-05-05T16:30:00Z
3792,3792,32,0.82,semantic,2026-05-05T16:30:00Z
3793,3793,10,0.88,hashtag,2026-05-05T16:30:00Z
3794,3794,48,0.81,visual,2026-05-05T16:30:00Z
3795,3795,23,0.8,inferred,2026-05-05T16:30:00Z
3796,3796,3,0.93,direct,2026-05-05T16:30:00Z
3797,3797,38,0.89,semantic,2026-05-05T16:30:00Z
3798,3798,15,0.96,hashtag,2026-05-05T16:30:00Z
3799,3799,54,0.97,visual,2026-05-05T16:30:00Z
3800,3800,29,0.97,inferred,2026-05-05T16:30:00Z
3801,3801,7,0.92,direct,2026-05-05T16:30:00Z
3802,3802,44,0.79,semantic,2026-05-05T16:30:00Z
3803,3803,20,0.85,hashtag,2026-05-05T16:30:00Z
3804,3804,1,0.92,visual,2026-05-05T16:30:00Z
3805,3805,35,0.86,inferred,2026-05-05T16:30:00Z
3806,3806,11,0.93,direct,2026-05-05T16:30:00Z
3807,3807,50,0.96,semantic,2026-05-05T16:30:00Z
3808,3808,25,0.93,hashtag,2026-05-05T16:30:00Z
3809,3809,4,0.77,visual,2026-05-05T16:30:00Z
3810,3810,41,0.85,inferred,2026-05-05T16:30:00Z
3811,3811,17,0.78,direct,2026-05-05T16:30:00Z
3812,3812,57,0.84,semantic,2026-05-05T16:30:00Z
3813,3813,31,0.91,hashtag,2026-05-05T16:30:00Z
3814,3814,9,0.81,visual,2026-05-05T16:30:00Z
3815,3815,47,0.92,inferred,2026-05-05T16:30:00Z
3816,3816,22,0.86,direct,2026-05-05T16:30:00Z
3817,3817,2,0.82,semantic,2026-05-05T16:30:00Z
3818,3818,37,0.89,hashtag,2026-05-05T16:30:00Z
3819,3819,13,0.81,visual,2026-05-05T16:30:00Z
3820,3820,53,0.86,inferred,2026-05-05T16:30:00Z
3821,3821,27,0.82,direct,2026-05-05T16:30:00Z
3822,3822,6,0.77,semantic,2026-05-05T16:30:00Z
3823,3823,43,0.92,hashtag,2026-05-05T16:30:00Z
3824,3824,19,0.8,visual,2026-05-05T16:30:00Z
3825,3825,59,0.87,inferred,2026-05-05T16:30:00Z
3826,3826,33,0.88,direct,2026-05-05T16:30:00Z
3827,3827,10,0.95,semantic,2026-05-05T16:30:00Z
3828,3828,49,0.9,hashtag,2026-05-05T16:30:00Z
3829,3829,24,0.85,visual,2026-05-05T16:30:00Z
3830,3830,3,0.96,inferred,2026-05-05T16:30:00Z
3831,3831,39,0.86,direct,2026-05-05T16:30:00Z
3832,3832,15,0.98,semantic,2026-05-05T16:30:00Z
3833,3833,55,0.77,hashtag,2026-05-05T16:30:00Z
3834,3834,30,0.96,visual,2026-05-05T16:30:00Z
3835,3835,7,0.79,inferred,2026-05-05T16:30:00Z
3836,3836,45,0.93,direct,2026-05-05T16:30:00Z
3837,3837,21,0.81,semantic,2026-05-05T16:30:00Z
3838,3838,1,0.97,hashtag,2026-05-05T16:30:00Z
3839,3839,35,0.84,visual,2026-05-05T16:30:00Z
3840,3840,12,0.81,inferred,2026-05-05T16:30:00Z
3841,3841,51,0.95,direct,2026-05-05T16:30:00Z
3842,3842,26,0.97,semantic,2026-05-05T16:30:00Z
3843,3843,5,0.85,hashtag,2026-05-05T16:30:00Z
3844,3844,41,0.96,visual,2026-05-05T16:30:00Z
3845,3845,17,0.9,inferred,2026-05-05T16:30:00Z
3846,3846,58,0.96,direct,2026-05-05T16:30:00Z
3847,3847,32,0.92,semantic,2026-05-05T16:30:00Z
3848,3848,9,0.95,hashtag,2026-05-05T16:30:00Z
3849,3849,47,0.91,visual,2026-05-05T16:30:00Z
3850,3850,23,0.98,inferred,2026-05-05T16:30:00Z
3851,3851,2,0.89,direct,2026-05-05T16:30:00Z
3852,3852,38,0.94,semantic,2026-05-05T16:30:00Z
3853,3853,14,0.91,hashtag,2026-05-05T16:30:00Z
3854,3854,54,0.97,visual,2026-05-05T16:30:00Z
3855,3855,28,0.82,inferred,2026-05-05T16:30:00Z
3856,3856,6,0.8,direct,2026-05-05T16:30:00Z
3857,3857,44,0.84,semantic,2026-05-05T16:30:00Z
3858,3858,19,0.89,hashtag,2026-05-05T16:30:00Z
3859,3859,60,0.82,visual,2026-05-05T16:30:00Z
3860,3860,34,0.85,inferred,2026-05-05T16:30:00Z
3861,3861,11,0.89,direct,2026-05-05T16:30:00Z
3862,3862,50,0.98,semantic,2026-05-05T16:30:00Z
3863,3863,25,0.82,hashtag,2026-05-05T16:30:00Z
3864,3864,4,0.79,visual,2026-05-05T16:30:00Z
3865,3865,40,0.79,inferred,2026-05-05T16:30:00Z
3866,3866,16,0.9,direct,2026-05-05T16:30:00Z
3867,3867,56,0.81,semantic,2026-05-05T16:30:00Z
3868,3868,30,0.84,hashtag,2026-05-05T16:30:00Z
3869,3869,8,0.86,visual,2026-05-05T16:30:00Z
3870,3870,46,0.81,inferred,2026-05-05T16:30:00Z
3871,3871,21,0.86,direct,2026-05-05T16:30:00Z
3872,3872,1,0.79,semantic,2026-05-05T16:30:00Z
3873,3873,36,0.81,hashtag,2026-05-05T16:30:00Z
3874,3874,13,0.9,visual,2026-05-05T16:30:00Z
3875,3875,52,0.8,inferred,2026-05-05T16:30:00Z
3876,3876,27,0.83,direct,2026-05-05T16:30:00Z
3877,3877,5,0.97,semantic,2026-05-05T16:30:00Z
3878,3878,42,0.76,hashtag,2026-05-05T16:30:00Z
3879,3879,18,0.77,visual,2026-05-05T16:30:00Z
3880,3880,59,0.83,inferred,2026-05-05T16:30:00Z
3881,3881,33,0.87,direct,2026-05-05T16:30:00Z
3882,3882,10,0.77,semantic,2026-05-05T16:30:00Z
3883,3883,48,0.78,hashtag,2026-05-05T16:30:00Z
3884,3884,24,0.91,visual,2026-05-05T16:30:00Z
3885,3885,3,0.81,inferred,2026-05-05T16:30:00Z
3886,3886,39,0.89,direct,2026-05-05T16:30:00Z
3887,3887,15,0.95,semantic,2026-05-05T16:30:00Z
3888,3888,55,0.82,hashtag,2026-05-05T16:30:00Z
3889,3889,29,0.8,visual,2026-05-05T16:30:00Z
3890,3890,7,0.77,inferred,2026-05-05T16:30:00Z
3891,3891,45,0.95,direct,2026-05-05T16:30:00Z
3892,3892,20,0.95,semantic,2026-05-05T16:30:00Z
3893,3893,1,0.98,hashtag,2026-05-05T16:30:00Z
3894,3894,35,0.79,visual,2026-05-05T16:30:00Z
3895,3895,12,0.78,inferred,2026-05-05T16:30:00Z
3896,3896,51,0.89,direct,2026-05-05T16:30:00Z
3897,3897,26,0.8,semantic,2026-05-05T16:30:00Z
3898,3898,4,0.93,hashtag,2026-05-05T16:30:00Z
3899,3899,41,0.91,visual,2026-05-05T16:30:00Z
3900,3900,17,0.97,inferred,2026-05-05T16:30:00Z
3901,3901,57,0.76,direct,2026-05-05T16:30:00Z
3902,3902,31,0.94,semantic,2026-05-05T16:30:00Z
3903,3903,9,0.89,hashtag,2026-05-05T16:30:00Z
3904,3904,47,0.96,visual,2026-05-05T16:30:00Z
3905,3905,22,0.87,inferred,2026-05-05T16:30:00Z
3906,3906,2,0.84,direct,2026-05-05T16:30:00Z
3907,3907,37,0.84,semantic,2026-05-05T16:30:00Z
3908,3908,14,0.97,hashtag,2026-05-05T16:30:00Z
3909,3909,53,0.81,visual,2026-05-05T16:30:00Z
3910,3910,28,0.96,inferred,2026-05-05T16:30:00Z
3911,3911,6,0.76,direct,2026-05-05T16:30:00Z
3912,3912,43,0.87,semantic,2026-05-05T16:30:00Z
3913,3913,19,0.88,hashtag,2026-05-05T16:30:00Z
3914,3914,59,0.82,visual,2026-05-05T16:30:00Z
3915,3915,34,0.79,inferred,2026-05-05T16:30:00Z
3916,3916,11,0.79,direct,2026-05-05T16:30:00Z
3917,3917,49,0.77,semantic,2026-05-05T16:30:00Z
3918,3918,24,0.85,hashtag,2026-05-05T16:30:00Z
3919,3919,3,0.87,visual,2026-05-05T16:30:00Z
3920,3920,39,0.76,inferred,2026-05-05T16:30:00Z
3921,3921,16,0.88,direct,2026-05-05T16:30:00Z
3922,3922,56,0.86,semantic,2026-05-05T16:30:00Z
3923,3923,30,0.84,hashtag,2026-05-05T16:30:00Z
3924,3924,8,0.84,visual,2026-05-05T16:30:00Z
3925,3925,45,0.77,inferred,2026-05-05T16:30:00Z
3926,3926,21,0.79,direct,2026-05-05T16:30:00Z
3927,3927,1,0.79,semantic,2026-05-05T16:30:00Z
3928,3928,36,0.93,hashtag,2026-05-05T16:30:00Z
3929,3929,12,0.85,visual,2026-05-05T16:30:00Z
3930,3930,52,0.82,inferred,2026-05-05T16:30:00Z
3931,3931,26,0.79,direct,2026-05-05T16:30:00Z
3932,3932,5,0.81,semantic,2026-05-05T16:30:00Z
3933,3933,42,0.95,hashtag,2026-05-05T16:30:00Z
3934,3934,18,0.85,visual,2026-05-05T16:30:00Z
3935,3935,58,0.97,inferred,2026-05-05T16:30:00Z
3936,3936,32,0.83,direct,2026-05-05T16:30:00Z
3937,3937,9,0.77,semantic,2026-05-05T16:30:00Z
3938,3938,48,0.94,hashtag,2026-05-05T16:30:00Z
3939,3939,23,0.93,visual,2026-05-05T16:30:00Z
3940,3940,2,0.96,inferred,2026-05-05T16:30:00Z
3941,3941,38,0.81,direct,2026-05-05T16:30:00Z
3942,3942,14,0.93,semantic,2026-05-05T16:30:00Z
3943,3943,54,0.92,hashtag,2026-05-05T16:30:00Z
3944,3944,29,0.85,visual,2026-05-05T16:30:00Z
3945,3945,7,0.87,inferred,2026-05-05T16:30:00Z
3946,3946,44,0.92,direct,2026-05-05T16:30:00Z
3947,3947,20,0.77,semantic,2026-05-05T16:30:00Z
3948,3948,60,0.95,hashtag,2026-05-05T16:30:00Z
3949,3949,34,0.81,visual,2026-05-05T16:30:00Z
3950,3950,11,0.77,inferred,2026-05-05T16:30:00Z
3951,3951,50,0.98,direct,2026-05-05T16:30:00Z
3952,3952,25,0.77,semantic,2026-05-05T16:30:00Z
3953,3953,4,0.91,hashtag,2026-05-05T16:30:00Z
3954,3954,40,0.88,visual,2026-05-05T16:30:00Z
3955,3955,16,0.84,inferred,2026-05-05T16:30:00Z
3956,3956,56,0.77,direct,2026-05-05T16:30:00Z
3957,3957,31,0.97,semantic,2026-05-05T16:30:00Z
3958,3958,8,0.87,hashtag,2026-05-05T16:30:00Z
3959,3959,46,0.85,visual,2026-05-05T16:30:00Z
3960,3960,22,0.91,inferred,2026-05-05T16:30:00Z
3961,3961,2,0.77,direct,2026-05-05T16:30:00Z
3962,3962,37,0.78,semantic,2026-05-05T16:30:00Z
3963,3963,13,0.78,hashtag,2026-05-05T16:30:00Z
3964,3964,53,0.94,visual,2026-05-05T16:30:00Z
3965,3965,27,0.78,inferred,2026-05-05T16:30:00Z
3966,3966,6,0.78,direct,2026-05-05T16:30:00Z
3967,3967,43,0.88,semantic,2026-05-05T16:30:00Z
3968,3968,18,0.82,hashtag,2026-05-05T16:30:00Z
3969,3969,59,0.91,visual,2026-05-05T16:30:00Z
3970,3970,33,0.83,inferred,2026-05-05T16:30:00Z
3971,3971,10,0.97,direct,2026-05-05T16:30:00Z
3972,3972,49,0.88,semantic,2026-05-05T16:30:00Z
3973,3973,24,0.78,hashtag,2026-05-05T16:30:00Z
3974,3974,3,0.8,visual,2026-05-05T16:30:00Z
3975,3975,39,0.89,inferred,2026-05-05T16:30:00Z
3976,3976,15,0.97,direct,2026-05-05T16:30:00Z
3977,3977,55,0.84,semantic,2026-05-05T16:30:00Z
3978,3978,29,0.86,hashtag,2026-05-05T16:30:00Z
3979,3979,7,0.81,visual,2026-05-05T16:30:00Z
3980,3980,45,0.94,inferred,2026-05-05T16:30:00Z
3981,3981,20,0.87,direct,2026-05-05T16:30:00Z
3982,3982,1,0.83,semantic,2026-05-05T16:30:00Z
3983,3983,35,0.83,hashtag,2026-05-05T16:30:00Z
3984,3984,12,0.77,visual,2026-05-05T16:30:00Z
3985,3985,51,0.87,inferred,2026-05-05T16:30:00Z
3986,3986,26,0.97,direct,2026-05-05T16:30:00Z
3987,3987,5,0.92,semantic,2026-05-05T16:30:00Z
3988,3988,41,0.78,hashtag,2026-05-05T16:30:00Z
3989,3989,17,0.96,visual,2026-05-05T16:30:00Z
3990,3990,57,0.81,inferred,2026-05-05T16:30:00Z
3991,3991,32,0.98,direct,2026-05-05T16:30:00Z
3992,3992,9,0.79,semantic,2026-05-05T16:30:00Z
3993,3993,47,0.93,hashtag,2026-05-05T16:30:00Z
3994,3994,23,0.88,visual,2026-05-05T16:30:00Z
3995,3995,2,0.96,inferred,2026-05-05T16:30:00Z
3996,3996,37,0.95,direct,2026-05-05T16:30:00Z
3997,3997,14,0.84,semantic,2026-05-05T16:30:00Z
3998,3998,53,0.82,hashtag,2026-05-05T16:30:00Z
3999,3999,28,0.79,visual,2026-05-05T16:30:00Z
4000,4000,6,0.88,inferred,2026-05-05T16:30:00Z
4001,4001,43,0.92,direct,2026-05-05T16:30:00Z
4002,4002,19,0.88,semantic,2026-05-05T16:30:00Z
4003,4003,60,0.88,hashtag,2026-05-05T16:30:00Z
4004,4004,34,0.91,visual,2026-05-05T16:30:00Z
4005,4005,11,0.88,inferred,2026-05-05T16:30:00Z
4006,4006,50,0.88,direct,2026-05-05T16:30:00Z
4007,4007,25,0.94,semantic,2026-05-05T16:30:00Z
4008,4008,4,0.84,hashtag,2026-05-05T16:30:00Z
4009,4009,40,0.85,visual,2026-05-05T16:30:00Z
4010,4010,16,0.86,inferred,2026-05-05T16:30:00Z
4011,4011,56,0.81,direct,2026-05-05T16:30:00Z
4012,4012,30,0.86,semantic,2026-05-05T16:30:00Z
4013,4013,8,0.77,hashtag,2026-05-05T16:30:00Z
4014,4014,46,0.84,visual,2026-05-05T16:30:00Z
4015,4015,21,0.87,inferred,2026-05-05T16:30:00Z
4016,4016,1,0.86,direct,2026-05-05T16:30:00Z
4017,4017,36,0.82,semantic,2026-05-05T16:30:00Z
4018,4018,13,0.95,hashtag,2026-05-05T16:30:00Z
4019,4019,52,0.87,visual,2026-05-05T16:30:00Z
4020,4020,27,0.94,inferred,2026-05-05T16:30:00Z
4021,4021,5,0.95,direct,2026-05-05T16:30:00Z
4022,4022,42,0.96,semantic,2026-05-05T16:30:00Z
4023,4023,18,0.91,hashtag,2026-05-05T16:30:00Z
4024,4024,58,0.85,visual,2026-05-05T16:30:00Z
4025,4025,32,0.86,inferred,2026-05-05T16:30:00Z
4026,4026,10,0.86,direct,2026-05-05T16:30:00Z
4027,4027,48,0.78,semantic,2026-05-05T16:30:00Z
4028,4028,23,0.96,hashtag,2026-05-05T16:30:00Z
4029,4029,3,0.84,visual,2026-05-05T16:30:00Z
4030,4030,38,0.84,inferred,2026-05-05T16:30:00Z
4031,4031,15,0.84,direct,2026-05-05T16:30:00Z
4032,4032,54,0.93,semantic,2026-05-05T16:30:00Z
4033,4033,29,0.79,hashtag,2026-05-05T16:30:00Z
4034,4034,7,0.89,visual,2026-05-05T16:30:00Z
4035,4035,44,0.8,inferred,2026-05-05T16:30:00Z
4036,4036,20,0.76,direct,2026-05-05T16:30:00Z
4037,4037,1,0.92,semantic,2026-05-05T16:30:00Z
4038,4038,35,0.86,hashtag,2026-05-05T16:30:00Z
4039,4039,12,0.97,visual,2026-05-05T16:30:00Z
4040,4040,51,0.81,inferred,2026-05-05T16:30:00Z
4041,4041,25,0.89,direct,2026-05-05T16:30:00Z
4042,4042,4,0.9,semantic,2026-05-05T16:30:00Z
4043,4043,41,0.82,hashtag,2026-05-05T16:30:00Z
4044,4044,17,0.86,visual,2026-05-05T16:30:00Z
4045,4045,57,0.78,inferred,2026-05-05T16:30:00Z
4046,4046,31,0.76,direct,2026-05-05T16:30:00Z
4047,4047,9,0.96,semantic,2026-05-05T16:30:00Z
4048,4048,47,0.91,hashtag,2026-05-05T16:30:00Z
4049,4049,22,0.81,visual,2026-05-05T16:30:00Z
4050,4050,2,0.77,inferred,2026-05-05T16:30:00Z
4051,4051,37,0.92,direct,2026-05-05T16:30:00Z
4052,4052,14,0.82,semantic,2026-05-05T16:30:00Z
4053,4053,53,0.86,hashtag,2026-05-05T16:30:00Z
4054,4054,28,0.83,visual,2026-05-05T16:30:00Z
4055,4055,6,0.78,inferred,2026-05-05T16:30:00Z
4056,4056,43,0.91,direct,2026-05-05T16:30:00Z
4057,4057,19,0.97,semantic,2026-05-05T16:30:00Z
4058,4058,59,0.85,hashtag,2026-05-05T16:30:00Z
4059,4059,33,0.77,visual,2026-05-05T16:30:00Z
4060,4060,10,0.77,inferred,2026-05-05T16:30:00Z
4061,4061,49,0.95,direct,2026-05-05T16:30:00Z
4062,4062,24,0.79,semantic,2026-05-05T16:30:00Z
4063,4063,3,0.93,hashtag,2026-05-05T16:30:00Z
4064,4064,39,0.81,visual,2026-05-05T16:30:00Z
4065,4065,15,0.85,inferred,2026-05-05T16:30:00Z
4066,4066,55,0.81,direct,2026-05-05T16:30:00Z
4067,4067,30,0.83,semantic,2026-05-05T16:30:00Z
4068,4068,8,0.88,hashtag,2026-05-05T16:30:00Z
4069,4069,45,0.82,visual,2026-05-05T16:30:00Z
4070,4070,21,0.94,inferred,2026-05-05T16:30:00Z
4071,4071,1,0.82,direct,2026-05-05T16:30:00Z
4072,4072,36,0.96,semantic,2026-05-05T16:30:00Z
4073,4073,12,0.9,hashtag,2026-05-05T16:30:00Z
4074,4074,51,0.78,visual,2026-05-05T16:30:00Z
4075,4075,26,0.83,inferred,2026-05-05T16:30:00Z
4076,4076,5,0.78,direct,2026-05-05T16:30:00Z
4077,4077,42,0.83,semantic,2026-05-05T16:30:00Z
4078,4078,17,0.9,hashtag,2026-05-05T16:30:00Z
4079,4079,58,0.79,visual,2026-05-05T16:30:00Z
4080,4080,32,0.98,inferred,2026-05-05T16:30:00Z
4081,4081,9,0.92,direct,2026-05-05T16:30:00Z
4082,4082,48,0.81,semantic,2026-05-05T16:30:00Z
4083,4083,23,0.82,hashtag,2026-05-05T16:30:00Z
4084,4084,2,0.78,visual,2026-05-05T16:30:00Z
4085,4085,38,0.91,inferred,2026-05-05T16:30:00Z
4086,4086,14,0.91,direct,2026-05-05T16:30:00Z
4087,4087,54,0.89,semantic,2026-05-05T16:30:00Z
4088,4088,28,0.85,hashtag,2026-05-05T16:30:00Z
4089,4089,6,0.77,visual,2026-05-05T16:30:00Z
4090,4090,44,0.94,inferred,2026-05-05T16:30:00Z
4091,4091,19,0.79,direct,2026-05-05T16:30:00Z
4092,4092,60,0.92,semantic,2026-05-05T16:30:00Z
4093,4093,34,0.78,hashtag,2026-05-05T16:30:00Z
4094,4094,11,0.85,visual,2026-05-05T16:30:00Z
4095,4095,50,0.93,inferred,2026-05-05T16:30:00Z
4096,4096,25,0.79,direct,2026-05-05T16:30:00Z
4097,4097,4,0.98,semantic,2026-05-05T16:30:00Z
4098,4098,40,0.94,hashtag,2026-05-05T16:30:00Z
4099,4099,16,0.84,visual,2026-05-05T16:30:00Z
4100,4100,56,0.91,inferred,2026-05-05T16:30:00Z
4101,4101,31,0.96,direct,2026-05-05T16:30:00Z
4102,4102,8,0.88,semantic,2026-05-05T16:30:00Z
4103,4103,46,0.9,hashtag,2026-05-05T16:30:00Z
4104,4104,22,0.88,visual,2026-05-05T16:30:00Z
4105,4105,1,0.82,inferred,2026-05-05T16:30:00Z
4106,4106,36,0.95,direct,2026-05-05T16:30:00Z
4107,4107,13,0.98,semantic,2026-05-05T16:30:00Z
4108,4108,52,0.91,hashtag,2026-05-05T16:30:00Z
4109,4109,27,0.77,visual,2026-05-05T16:30:00Z
4110,4110,5,0.81,inferred,2026-05-05T16:30:00Z
4111,4111,42,0.87,direct,2026-05-05T16:30:00Z
4112,4112,18,0.9,semantic,2026-05-05T16:30:00Z
4113,4113,59,0.98,hashtag,2026-05-05T16:30:00Z
4114,4114,33,0.82,visual,2026-05-05T16:30:00Z
4115,4115,10,0.87,inferred,2026-05-05T16:30:00Z
4116,4116,49,0.83,direct,2026-05-05T16:30:00Z
4117,4117,24,0.83,semantic,2026-05-05T16:30:00Z
4118,4118,3,0.97,hashtag,2026-05-05T16:30:00Z
4119,4119,39,0.95,visual,2026-05-05T16:30:00Z
4120,4120,15,0.83,inferred,2026-05-05T16:30:00Z
4121,4121,55,0.96,direct,2026-05-05T16:30:00Z
4122,4122,29,0.96,semantic,2026-05-05T16:30:00Z
4123,4123,7,0.77,hashtag,2026-05-05T16:30:00Z
4124,4124,45,0.86,visual,2026-05-05T16:30:00Z
4125,4125,20,0.79,inferred,2026-05-05T16:30:00Z
4126,4126,1,0.84,direct,2026-05-05T16:30:00Z
4127,4127,35,0.9,semantic,2026-05-05T16:30:00Z
4128,4128,12,0.86,hashtag,2026-05-05T16:30:00Z
4129,4129,51,0.97,visual,2026-05-05T16:30:00Z
4130,4130,26,0.77,inferred,2026-05-05T16:30:00Z
4131,4131,4,0.91,direct,2026-05-05T16:30:00Z
4132,4132,41,0.87,semantic,2026-05-05T16:30:00Z
4133,4133,17,0.86,hashtag,2026-05-05T16:30:00Z
4134,4134,57,0.97,visual,2026-05-05T16:30:00Z
4135,4135,31,0.83,inferred,2026-05-05T16:30:00Z
4136,4136,9,0.79,direct,2026-05-05T16:30:00Z
4137,4137,47,0.93,semantic,2026-05-05T16:30:00Z
4138,4138,22,0.96,hashtag,2026-05-05T16:30:00Z
4139,4139,2,0.8,visual,2026-05-05T16:30:00Z
4140,4140,37,0.94,inferred,2026-05-05T16:30:00Z
4141,4141,14,0.81,direct,2026-05-05T16:30:00Z
4142,4142,53,0.91,semantic,2026-05-05T16:30:00Z
4143,4143,28,0.96,hashtag,2026-05-05T16:30:00Z
4144,4144,6,0.82,visual,2026-05-05T16:30:00Z
4145,4145,43,0.91,inferred,2026-05-05T16:30:00Z
4146,4146,19,0.9,direct,2026-05-05T16:30:00Z
4147,4147,60,0.79,semantic,2026-05-05T16:30:00Z
4148,4148,34,0.84,hashtag,2026-05-05T16:30:00Z
4149,4149,11,0.96,visual,2026-05-05T16:30:00Z
4150,4150,49,0.89,inferred,2026-05-05T16:30:00Z
4151,4151,24,0.97,direct,2026-05-05T16:30:00Z
4152,4152,3,0.95,semantic,2026-05-05T16:30:00Z
4153,4153,40,0.98,hashtag,2026-05-05T16:30:00Z
4154,4154,16,0.96,visual,2026-05-05T16:30:00Z
4155,4155,56,0.97,inferred,2026-05-05T16:30:00Z
4156,4156,30,0.87,direct,2026-05-05T16:30:00Z
4157,4157,8,0.77,semantic,2026-05-05T16:30:00Z
4158,4158,46,0.97,hashtag,2026-05-05T16:30:00Z
4159,4159,21,0.87,visual,2026-05-05T16:30:00Z
4160,4160,1,0.79,inferred,2026-05-05T16:30:00Z
4161,4161,36,0.92,direct,2026-05-05T16:30:00Z
4162,4162,13,0.84,semantic,2026-05-05T16:30:00Z
4163,4163,52,0.98,hashtag,2026-05-05T16:30:00Z
4164,4164,27,0.86,visual,2026-05-05T16:30:00Z
4165,4165,5,0.9,inferred,2026-05-05T16:30:00Z
4166,4166,42,0.84,direct,2026-05-05T16:30:00Z
4167,4167,18,0.89,semantic,2026-05-05T16:30:00Z
4168,4168,58,0.86,hashtag,2026-05-05T16:30:00Z
4169,4169,32,0.92,visual,2026-05-05T16:30:00Z
4170,4170,10,0.81,inferred,2026-05-05T16:30:00Z
4171,4171,48,0.79,direct,2026-05-05T16:30:00Z
4172,4172,23,0.8,semantic,2026-05-05T16:30:00Z
4173,4173,2,0.78,hashtag,2026-05-05T16:30:00Z
4174,4174,38,0.95,visual,2026-05-05T16:30:00Z
4175,4175,15,0.89,inferred,2026-05-05T16:30:00Z
4176,4176,54,0.83,direct,2026-05-05T16:30:00Z
4177,4177,29,0.88,semantic,2026-05-05T16:30:00Z
4178,4178,7,0.79,hashtag,2026-05-05T16:30:00Z
4179,4179,44,0.78,visual,2026-05-05T16:30:00Z
4180,4180,20,0.76,inferred,2026-05-05T16:30:00Z
4181,4181,1,0.92,direct,2026-05-05T16:30:00Z
4182,4182,35,0.93,semantic,2026-05-05T16:30:00Z
4183,4183,11,0.8,hashtag,2026-05-05T16:30:00Z
4184,4184,50,0.88,visual,2026-05-05T16:30:00Z
4185,4185,25,0.95,inferred,2026-05-05T16:30:00Z
4186,4186,4,0.91,direct,2026-05-05T16:30:00Z
4187,4187,40,0.89,semantic,2026-05-05T16:30:00Z
4188,4188,17,0.82,hashtag,2026-05-05T16:30:00Z
4189,4189,57,0.92,visual,2026-05-05T16:30:00Z
4190,4190,31,0.85,inferred,2026-05-05T16:30:00Z
4191,4191,8,0.79,direct,2026-05-05T16:30:00Z
4192,4192,47,0.89,semantic,2026-05-05T16:30:00Z
4193,4193,22,0.82,hashtag,2026-05-05T16:30:00Z
4194,4194,2,0.93,visual,2026-05-05T16:30:00Z
4195,4195,37,0.78,inferred,2026-05-05T16:30:00Z
4196,4196,13,0.88,direct,2026-05-05T16:30:00Z
4197,4197,53,0.95,semantic,2026-05-05T16:30:00Z
4198,4198,27,0.88,hashtag,2026-05-05T16:30:00Z
4199,4199,6,0.77,visual,2026-05-05T16:30:00Z
4200,4200,43,0.93,inferred,2026-05-05T16:30:00Z
4201,4201,19,0.89,direct,2026-05-05T16:30:00Z
4202,4202,59,0.97,semantic,2026-05-05T16:30:00Z
4203,4203,33,0.88,hashtag,2026-05-05T16:30:00Z
4204,4204,10,0.77,visual,2026-05-05T16:30:00Z
4205,4205,49,0.86,inferred,2026-05-05T16:30:00Z
4206,4206,24,0.88,direct,2026-05-05T16:30:00Z
4207,4207,3,0.84,semantic,2026-05-05T16:30:00Z
4208,4208,39,0.9,hashtag,2026-05-05T16:30:00Z
4209,4209,15,0.85,visual,2026-05-05T16:30:00Z
4210,4210,55,0.94,inferred,2026-05-05T16:30:00Z
4211,4211,30,0.86,direct,2026-05-05T16:30:00Z
4212,4212,7,0.93,semantic,2026-05-05T16:30:00Z
4213,4213,45,0.81,hashtag,2026-05-05T16:30:00Z
4214,4214,21,0.82,visual,2026-05-05T16:30:00Z
4215,4215,1,0.94,inferred,2026-05-05T16:30:00Z
4216,4216,35,0.83,direct,2026-05-05T16:30:00Z
4217,4217,12,0.83,semantic,2026-05-05T16:30:00Z
4218,4218,51,0.95,hashtag,2026-05-05T16:30:00Z
4219,4219,26,0.89,visual,2026-05-05T16:30:00Z
4220,4220,5,0.91,inferred,2026-05-05T16:30:00Z
4221,4221,41,0.95,direct,2026-05-05T16:30:00Z
4222,4222,17,0.92,semantic,2026-05-05T16:30:00Z
4223,4223,58,0.81,hashtag,2026-05-05T16:30:00Z
4224,4224,32,0.96,visual,2026-05-05T16:30:00Z
4225,4225,9,0.84,inferred,2026-05-05T16:30:00Z
4226,4226,47,0.89,direct,2026-05-05T16:30:00Z
4227,4227,23,0.88,semantic,2026-05-05T16:30:00Z
4228,4228,2,0.88,hashtag,2026-05-05T16:30:00Z
4229,4229,38,0.95,visual,2026-05-05T16:30:00Z
4230,4230,14,0.95,inferred,2026-05-05T16:30:00Z
4231,4231,54,0.81,direct,2026-05-05T16:30:00Z
4232,4232,28,0.95,semantic,2026-05-05T16:30:00Z
4233,4233,6,0.94,hashtag,2026-05-05T16:30:00Z
4234,4234,44,0.83,visual,2026-05-05T16:30:00Z
4235,4235,19,0.79,inferred,2026-05-05T16:30:00Z
4236,4236,60,0.86,direct,2026-05-05T16:30:00Z
4237,4237,34,0.8,semantic,2026-05-05T16:30:00Z
4238,4238,11,0.86,hashtag,2026-05-05T16:30:00Z
4239,4239,50,0.86,visual,2026-05-05T16:30:00Z
4240,4240,25,0.8,inferred,2026-05-05T16:30:00Z
4241,4241,4,0.81,direct,2026-05-05T16:30:00Z
4242,4242,40,0.79,semantic,2026-05-05T16:30:00Z
4243,4243,16,0.82,hashtag,2026-05-05T16:30:00Z
4244,4244,56,0.9,visual,2026-05-05T16:30:00Z
4245,4245,30,0.93,inferred,2026-05-05T16:30:00Z
4246,4246,8,0.77,direct,2026-05-05T16:30:00Z
4247,4247,46,0.97,semantic,2026-05-05T16:30:00Z
4248,4248,21,0.92,hashtag,2026-05-05T16:30:00Z
4249,4249,1,0.89,visual,2026-05-05T16:30:00Z
4250,4250,36,0.89,inferred,2026-05-05T16:30:00Z
4251,4251,13,0.87,direct,2026-05-05T16:30:00Z
4252,4252,52,0.86,semantic,2026-05-05T16:30:00Z
4253,4253,27,0.86,hashtag,2026-05-05T16:30:00Z
4254,4254,5,0.82,visual,2026-05-05T16:30:00Z
4255,4255,42,0.83,inferred,2026-05-05T16:30:00Z
4256,4256,18,0.77,direct,2026-05-05T16:30:00Z
4257,4257,58,0.89,semantic,2026-05-05T16:30:00Z
4258,4258,33,0.93,hashtag,2026-05-05T16:30:00Z
4259,4259,10,0.87,visual,2026-05-05T16:30:00Z
4260,4260,48,0.81,inferred,2026-05-05T16:30:00Z
4261,4261,23,0.85,direct,2026-05-05T16:30:00Z
4262,4262,3,0.96,semantic,2026-05-05T16:30:00Z
4263,4263,38,0.93,hashtag,2026-05-05T16:30:00Z
4264,4264,15,0.97,visual,2026-05-05T16:30:00Z
4265,4265,55,0.8,inferred,2026-05-05T16:30:00Z
4266,4266,29,0.95,direct,2026-05-05T16:30:00Z
4267,4267,7,0.89,semantic,2026-05-05T16:30:00Z
4268,4268,45,0.78,hashtag,2026-05-05T16:30:00Z
4269,4269,20,0.77,visual,2026-05-05T16:30:00Z
4270,4270,1,0.91,inferred,2026-05-05T16:30:00Z
4271,4271,35,0.98,direct,2026-05-05T16:30:00Z
4272,4272,12,0.78,semantic,2026-05-05T16:30:00Z
4273,4273,51,0.93,hashtag,2026-05-05T16:30:00Z
4274,4274,26,0.98,visual,2026-05-05T16:30:00Z
4275,4275,4,0.83,inferred,2026-05-05T16:30:00Z
4276,4276,41,0.77,direct,2026-05-05T16:30:00Z
4277,4277,17,0.79,semantic,2026-05-05T16:30:00Z
4278,4278,57,0.96,hashtag,2026-05-05T16:30:00Z
4279,4279,31,0.8,visual,2026-05-05T16:30:00Z
4280,4280,9,0.81,inferred,2026-05-05T16:30:00Z
4281,4281,47,0.94,direct,2026-05-05T16:30:00Z
4282,4282,22,0.9,semantic,2026-05-05T16:30:00Z
4283,4283,2,0.86,hashtag,2026-05-05T16:30:00Z
4284,4284,37,0.9,visual,2026-05-05T16:30:00Z
4285,4285,14,0.92,inferred,2026-05-05T16:30:00Z
4286,4286,53,0.79,direct,2026-05-05T16:30:00Z
4287,4287,28,0.87,semantic,2026-05-05T16:30:00Z
4288,4288,6,0.92,hashtag,2026-05-05T16:30:00Z
4289,4289,43,0.79,visual,2026-05-05T16:30:00Z
4290,4290,19,0.96,inferred,2026-05-05T16:30:00Z
4291,4291,59,0.78,direct,2026-05-05T16:30:00Z
4292,4292,33,0.83,semantic,2026-05-05T16:30:00Z
4293,4293,11,0.92,hashtag,2026-05-05T16:30:00Z
4294,4294,49,0.9,visual,2026-05-05T16:30:00Z
4295,4295,24,0.95,inferred,2026-05-05T16:30:00Z
4296,4296,3,0.84,direct,2026-05-05T16:30:00Z
4297,4297,39,0.77,semantic,2026-05-05T16:30:00Z
4298,4298,16,0.93,hashtag,2026-05-05T16:30:00Z
4299,4299,55,0.9,visual,2026-05-05T16:30:00Z
4300,4300,30,0.83,inferred,2026-05-05T16:30:00Z
4301,4301,8,0.85,direct,2026-05-05T16:30:00Z
4302,4302,45,0.94,semantic,2026-05-05T16:30:00Z
4303,4303,21,0.79,hashtag,2026-05-05T16:30:00Z
4304,4304,1,0.79,visual,2026-05-05T16:30:00Z
4305,4305,36,0.93,inferred,2026-05-05T16:30:00Z
4306,4306,12,0.86,direct,2026-05-05T16:30:00Z
4307,4307,52,0.92,semantic,2026-05-05T16:30:00Z
4308,4308,26,0.93,hashtag,2026-05-05T16:30:00Z
4309,4309,5,0.91,visual,2026-05-05T16:30:00Z
4310,4310,42,0.9,inferred,2026-05-05T16:30:00Z
4311,4311,18,0.94,direct,2026-05-05T16:30:00Z
4312,4312,58,0.98,semantic,2026-05-05T16:30:00Z
4313,4313,32,0.8,hashtag,2026-05-05T16:30:00Z
4314,4314,9,0.93,visual,2026-05-05T16:30:00Z
4315,4315,48,0.79,inferred,2026-05-05T16:30:00Z
4316,4316,23,0.79,direct,2026-05-05T16:30:00Z
4317,4317,2,0.92,semantic,2026-05-05T16:30:00Z
4318,4318,38,0.88,hashtag,2026-05-05T16:30:00Z
4319,4319,14,0.83,visual,2026-05-05T16:30:00Z
4320,4320,54,0.94,inferred,2026-05-05T16:30:00Z
4321,4321,29,0.86,direct,2026-05-05T16:30:00Z
4322,4322,7,0.77,semantic,2026-05-05T16:30:00Z
4323,4323,44,0.9,hashtag,2026-05-05T16:30:00Z
4324,4324,20,0.96,visual,2026-05-05T16:30:00Z
4325,4325,60,0.85,inferred,2026-05-05T16:30:00Z
4326,4326,34,0.82,direct,2026-05-05T16:30:00Z
4327,4327,11,0.89,semantic,2026-05-05T16:30:00Z
4328,4328,50,0.84,hashtag,2026-05-05T16:30:00Z
4329,4329,25,0.82,visual,2026-05-05T16:30:00Z
4330,4330,4,0.97,inferred,2026-05-05T16:30:00Z
4331,4331,40,0.92,direct,2026-05-05T16:30:00Z
4332,4332,16,0.94,semantic,2026-05-05T16:30:00Z
4333,4333,56,0.92,hashtag,2026-05-05T16:30:00Z
4334,4334,31,0.82,visual,2026-05-05T16:30:00Z
4335,4335,8,0.9,inferred,2026-05-05T16:30:00Z
4336,4336,46,0.87,direct,2026-05-05T16:30:00Z
4337,4337,22,0.8,semantic,2026-05-05T16:30:00Z
4338,4338,2,0.91,hashtag,2026-05-05T16:30:00Z
4339,4339,37,0.83,visual,2026-05-05T16:30:00Z
4340,4340,13,0.89,inferred,2026-05-05T16:30:00Z
4341,4341,52,0.84,direct,2026-05-05T16:30:00Z
4342,4342,27,0.83,semantic,2026-05-05T16:30:00Z
4343,4343,5,0.87,hashtag,2026-05-05T16:30:00Z
4344,4344,43,0.81,visual,2026-05-05T16:30:00Z
4345,4345,18,0.78,inferred,2026-05-05T16:30:00Z
4346,4346,59,0.78,direct,2026-05-05T16:30:00Z
4347,4347,33,0.93,semantic,2026-05-05T16:30:00Z
4348,4348,10,0.8,hashtag,2026-05-05T16:30:00Z
4349,4349,49,0.92,visual,2026-05-05T16:30:00Z
4350,4350,24,0.87,inferred,2026-05-05T16:30:00Z
4351,4351,3,0.96,direct,2026-05-05T16:30:00Z
4352,4352,39,0.82,semantic,2026-05-05T16:30:00Z
4353,4353,15,0.86,hashtag,2026-05-05T16:30:00Z
4354,4354,55,0.79,visual,2026-05-05T16:30:00Z
4355,4355,29,0.8,inferred,2026-05-05T16:30:00Z
4356,4356,7,0.9,direct,2026-05-05T16:30:00Z
4357,4357,45,0.77,semantic,2026-05-05T16:30:00Z
4358,4358,20,0.95,hashtag,2026-05-05T16:30:00Z
4359,4359,1,0.97,visual,2026-05-05T16:30:00Z
4360,4360,35,0.85,inferred,2026-05-05T16:30:00Z
4361,4361,12,0.94,direct,2026-05-05T16:30:00Z
4362,4362,51,0.8,semantic,2026-05-05T16:30:00Z
4363,4363,26,0.79,hashtag,2026-05-05T16:30:00Z
4364,4364,4,0.94,visual,2026-05-05T16:30:00Z
4365,4365,41,0.86,inferred,2026-05-05T16:30:00Z
4366,4366,17,0.95,direct,2026-05-05T16:30:00Z
4367,4367,57,0.81,semantic,2026-05-05T16:30:00Z
4368,4368,32,0.92,hashtag,2026-05-05T16:30:00Z
4369,4369,9,0.96,visual,2026-05-05T16:30:00Z
4370,4370,47,0.88,inferred,2026-05-05T16:30:00Z
4371,4371,22,0.9,direct,2026-05-05T16:30:00Z
4372,4372,2,0.81,semantic,2026-05-05T16:30:00Z
4373,4373,37,0.91,hashtag,2026-05-05T16:30:00Z
4374,4374,14,0.92,visual,2026-05-05T16:30:00Z
4375,4375,53,0.81,inferred,2026-05-05T16:30:00Z
4376,4376,28,0.92,direct,2026-05-05T16:30:00Z
4377,4377,6,0.85,semantic,2026-05-05T16:30:00Z
4378,4378,43,0.9,hashtag,2026-05-05T16:30:00Z
4379,4379,19,0.84,visual,2026-05-05T16:30:00Z
4380,4380,60,0.87,inferred,2026-05-05T16:30:00Z
4381,4381,34,0.9,direct,2026-05-05T16:30:00Z
4382,4382,11,0.86,semantic,2026-05-05T16:30:00Z
4383,4383,50,0.82,hashtag,2026-05-05T16:30:00Z
4384,4384,25,0.89,visual,2026-05-05T16:30:00Z
4385,4385,4,0.95,inferred,2026-05-05T16:30:00Z
4386,4386,40,0.89,direct,2026-05-05T16:30:00Z
4387,4387,16,0.77,semantic,2026-05-05T16:30:00Z
4388,4388,56,0.91,hashtag,2026-05-05T16:30:00Z
4389,4389,30,0.82,visual,2026-05-05T16:30:00Z
4390,4390,8,0.85,inferred,2026-05-05T16:30:00Z
4391,4391,46,0.89,direct,2026-05-05T16:30:00Z
4392,4392,21,0.77,semantic,2026-05-05T16:30:00Z
4393,4393,1,0.85,hashtag,2026-05-05T16:30:00Z
4394,4394,36,0.79,visual,2026-05-05T16:30:00Z
4395,4395,13,0.79,inferred,2026-05-05T16:30:00Z
4396,4396,52,0.94,direct,2026-05-05T16:30:00Z
4397,4397,27,0.8,semantic,2026-05-05T16:30:00Z
4398,4398,5,0.83,hashtag,2026-05-05T16:30:00Z
4399,4399,42,0.91,visual,2026-05-05T16:30:00Z
4400,4400,18,0.77,inferred,2026-05-05T16:30:00Z
4401,4401,58,0.82,direct,2026-05-05T16:30:00Z
4402,4402,32,0.86,semantic,2026-05-05T16:30:00Z
4403,4403,10,0.93,hashtag,2026-05-05T16:30:00Z
4404,4404,48,0.9,visual,2026-05-05T16:30:00Z
4405,4405,23,0.91,inferred,2026-05-05T16:30:00Z
4406,4406,3,0.97,direct,2026-05-05T16:30:00Z
4407,4407,38,0.93,semantic,2026-05-05T16:30:00Z
4408,4408,15,0.8,hashtag,2026-05-05T16:30:00Z
4409,4409,54,0.92,visual,2026-05-05T16:30:00Z
4410,4410,29,0.84,inferred,2026-05-05T16:30:00Z
4411,4411,7,0.9,direct,2026-05-05T16:30:00Z
4412,4412,44,0.87,semantic,2026-05-05T16:30:00Z
4413,4413,20,0.93,hashtag,2026-05-05T16:30:00Z
4414,4414,1,0.86,visual,2026-05-05T16:30:00Z
4415,4415,35,0.85,inferred,2026-05-05T16:30:00Z
4416,4416,12,0.9,direct,2026-05-05T16:30:00Z
4417,4417,50,0.95,semantic,2026-05-05T16:30:00Z
4418,4418,25,0.86,hashtag,2026-05-05T16:30:00Z
4419,4419,4,0.88,visual,2026-05-05T16:30:00Z
4420,4420,41,0.81,inferred,2026-05-05T16:30:00Z
4421,4421,17,0.98,direct,2026-05-05T16:30:00Z
4422,4422,57,0.87,semantic,2026-05-05T16:30:00Z
4423,4423,31,0.95,hashtag,2026-05-05T16:30:00Z
4424,4424,9,0.81,visual,2026-05-05T16:30:00Z
4425,4425,47,0.92,inferred,2026-05-05T16:30:00Z
4426,4426,22,0.96,direct,2026-05-05T16:30:00Z
4427,4427,2,0.9,semantic,2026-05-05T16:30:00Z
4428,4428,37,0.79,hashtag,2026-05-05T16:30:00Z
4429,4429,13,0.83,visual,2026-05-05T16:30:00Z
4430,4430,53,0.94,inferred,2026-05-05T16:30:00Z
4431,4431,28,0.79,direct,2026-05-05T16:30:00Z
4432,4432,6,0.97,semantic,2026-05-05T16:30:00Z
4433,4433,43,0.85,hashtag,2026-05-05T16:30:00Z
4434,4434,19,0.78,visual,2026-05-05T16:30:00Z
4435,4435,59,0.78,inferred,2026-05-05T16:30:00Z
4436,4436,33,0.86,direct,2026-05-05T16:30:00Z
4437,4437,10,0.96,semantic,2026-05-05T16:30:00Z
4438,4438,49,0.87,hashtag,2026-05-05T16:30:00Z
4439,4439,24,0.8,visual,2026-05-05T16:30:00Z
4440,4440,3,0.78,inferred,2026-05-05T16:30:00Z
4441,4441,39,0.92,direct,2026-05-05T16:30:00Z
4442,4442,15,0.76,semantic,2026-05-05T16:30:00Z
4443,4443,55,0.92,hashtag,2026-05-05T16:30:00Z
4444,4444,30,0.78,visual,2026-05-05T16:30:00Z
4445,4445,7,0.81,inferred,2026-05-05T16:30:00Z
4446,4446,45,0.91,direct,2026-05-05T16:30:00Z
4447,4447,21,0.83,semantic,2026-05-05T16:30:00Z
4448,4448,1,0.9,hashtag,2026-05-05T16:30:00Z
4449,4449,35,0.91,visual,2026-05-05T16:30:00Z
4450,4450,12,0.96,inferred,2026-05-05T16:30:00Z
4451,4451,51,0.94,direct,2026-05-05T16:30:00Z
4452,4452,26,0.89,semantic,2026-05-05T16:30:00Z
4453,4453,5,0.84,hashtag,2026-05-05T16:30:00Z
4454,4454,41,0.91,visual,2026-05-05T16:30:00Z
4455,4455,17,0.81,inferred,2026-05-05T16:30:00Z
4456,4456,58,0.78,direct,2026-05-05T16:30:00Z
4457,4457,32,0.77,semantic,2026-05-05T16:30:00Z
4458,4458,9,0.89,hashtag,2026-05-05T16:30:00Z
4459,4459,48,0.83,visual,2026-05-05T16:30:00Z
4460,4460,23,0.97,inferred,2026-05-05T16:30:00Z
4461,4461,2,0.81,direct,2026-05-05T16:30:00Z
4462,4462,38,0.9,semantic,2026-05-05T16:30:00Z
4463,4463,14,0.9,hashtag,2026-05-05T16:30:00Z
4464,4464,54,0.78,visual,2026-05-05T16:30:00Z
4465,4465,28,0.83,inferred,2026-05-05T16:30:00Z
4466,4466,6,0.78,direct,2026-05-05T16:30:00Z
4467,4467,44,0.9,semantic,2026-05-05T16:30:00Z
4468,4468,19,0.97,hashtag,2026-05-05T16:30:00Z
4469,4469,60,0.88,visual,2026-05-05T16:30:00Z
4470,4470,34,0.95,inferred,2026-05-05T16:30:00Z
4471,4471,11,0.8,direct,2026-05-05T16:30:00Z
4472,4472,50,0.81,semantic,2026-05-05T16:30:00Z
4473,4473,25,0.92,hashtag,2026-05-05T16:30:00Z
4474,4474,4,0.9,visual,2026-05-05T16:30:00Z
4475,4475,40,0.91,inferred,2026-05-05T16:30:00Z
4476,4476,16,0.81,direct,2026-05-05T16:30:00Z
4477,4477,56,0.77,semantic,2026-05-05T16:30:00Z
4478,4478,31,0.81,hashtag,2026-05-05T16:30:00Z
4479,4479,8,0.78,visual,2026-05-05T16:30:00Z
4480,4480,46,0.82,inferred,2026-05-05T16:30:00Z
4481,4481,21,0.87,direct,2026-05-05T16:30:00Z
4482,4482,1,0.94,semantic,2026-05-05T16:30:00Z
4483,4483,36,0.98,hashtag,2026-05-05T16:30:00Z
4484,4484,13,0.92,visual,2026-05-05T16:30:00Z
4485,4485,52,0.84,inferred,2026-05-05T16:30:00Z
4486,4486,27,0.77,direct,2026-05-05T16:30:00Z
4487,4487,5,0.87,semantic,2026-05-05T16:30:00Z
4488,4488,42,0.89,hashtag,2026-05-05T16:30:00Z
4489,4489,18,0.8,visual,2026-05-05T16:30:00Z
4490,4490,59,0.91,inferred,2026-05-05T16:30:00Z
4491,4491,33,0.92,direct,2026-05-05T16:30:00Z
4492,4492,10,0.85,semantic,2026-05-05T16:30:00Z
4493,4493,48,0.77,hashtag,2026-05-05T16:30:00Z
4494,4494,24,0.97,visual,2026-05-05T16:30:00Z
4495,4495,3,0.93,inferred,2026-05-05T16:30:00Z
4496,4496,39,0.88,direct,2026-05-05T16:30:00Z
4497,4497,15,0.83,semantic,2026-05-05T16:30:00Z
4498,4498,55,0.97,hashtag,2026-05-05T16:30:00Z
4499,4499,29,0.97,visual,2026-05-05T16:30:00Z
4500,4500,7,0.9,inferred,2026-05-05T16:30:00Z
4501,4501,45,0.85,direct,2026-05-05T16:30:00Z
4502,4502,20,0.95,semantic,2026-05-05T16:30:00Z
4503,4503,1,0.83,hashtag,2026-05-05T16:30:00Z
4504,4504,35,0.84,visual,2026-05-05T16:30:00Z
4505,4505,12,0.81,inferred,2026-05-05T16:30:00Z
4506,4506,51,0.89,direct,2026-05-05T16:30:00Z
4507,4507,26,0.83,semantic,2026-05-05T16:30:00Z
4508,4508,4,0.85,hashtag,2026-05-05T16:30:00Z
4509,4509,41,0.8,visual,2026-05-05T16:30:00Z
4510,4510,17,0.8,inferred,2026-05-05T16:30:00Z
4511,4511,57,0.94,direct,2026-05-05T16:30:00Z
4512,4512,31,0.85,semantic,2026-05-05T16:30:00Z
4513,4513,9,0.9,hashtag,2026-05-05T16:30:00Z
4514,4514,47,0.93,visual,2026-05-05T16:30:00Z
4515,4515,22,0.92,inferred,2026-05-05T16:30:00Z
4516,4516,2,0.93,direct,2026-05-05T16:30:00Z
4517,4517,37,0.96,semantic,2026-05-05T16:30:00Z
4518,4518,14,0.85,hashtag,2026-05-05T16:30:00Z
4519,4519,53,0.8,visual,2026-05-05T16:30:00Z
4520,4520,28,0.92,inferred,2026-05-05T16:30:00Z
4521,4521,6,0.81,direct,2026-05-05T16:30:00Z
4522,4522,43,0.93,semantic,2026-05-05T16:30:00Z
4523,4523,19,0.95,hashtag,2026-05-05T16:30:00Z
4524,4524,59,0.94,visual,2026-05-05T16:30:00Z
4525,4525,34,0.97,inferred,2026-05-05T16:30:00Z
4526,4526,11,0.79,direct,2026-05-05T16:30:00Z
4527,4527,49,0.96,semantic,2026-05-05T16:30:00Z
4528,4528,24,0.84,hashtag,2026-05-05T16:30:00Z
4529,4529,3,0.77,visual,2026-05-05T16:30:00Z
4530,4530,39,0.86,inferred,2026-05-05T16:30:00Z
4531,4531,16,0.93,direct,2026-05-05T16:30:00Z
4532,4532,56,0.85,semantic,2026-05-05T16:30:00Z
4533,4533,30,0.95,hashtag,2026-05-05T16:30:00Z
4534,4534,8,0.91,visual,2026-05-05T16:30:00Z
4535,4535,46,0.83,inferred,2026-05-05T16:30:00Z
4536,4536,21,0.89,direct,2026-05-05T16:30:00Z
4537,4537,1,0.98,semantic,2026-05-05T16:30:00Z
4538,4538,36,0.82,hashtag,2026-05-05T16:30:00Z
4539,4539,13,0.89,visual,2026-05-05T16:30:00Z
4540,4540,52,0.85,inferred,2026-05-05T16:30:00Z
4541,4541,27,0.93,direct,2026-05-05T16:30:00Z
4542,4542,5,0.94,semantic,2026-05-05T16:30:00Z
4543,4543,42,0.89,hashtag,2026-05-05T16:30:00Z
4544,4544,18,0.89,visual,2026-05-05T16:30:00Z
4545,4545,58,0.85,inferred,2026-05-05T16:30:00Z
4546,4546,32,0.94,direct,2026-05-05T16:30:00Z
4547,4547,10,0.94,semantic,2026-05-05T16:30:00Z
4548,4548,48,0.78,hashtag,2026-05-05T16:30:00Z
4549,4549,23,0.83,visual,2026-05-05T16:30:00Z
4550,4550,2,0.88,inferred,2026-05-05T16:30:00Z
4551,4551,38,0.84,direct,2026-05-05T16:30:00Z
4552,4552,14,0.76,semantic,2026-05-05T16:30:00Z
4553,4553,54,0.78,hashtag,2026-05-05T16:30:00Z
4554,4554,29,0.81,visual,2026-05-05T16:30:00Z
4555,4555,7,0.93,inferred,2026-05-05T16:30:00Z
4556,4556,44,0.95,direct,2026-05-05T16:30:00Z
4557,4557,20,0.87,semantic,2026-05-05T16:30:00Z
4558,4558,60,0.77,hashtag,2026-05-05T16:30:00Z
4559,4559,34,0.93,visual,2026-05-05T16:30:00Z
4560,4560,11,0.79,inferred,2026-05-05T16:30:00Z
4561,4561,50,0.82,direct,2026-05-05T16:30:00Z
4562,4562,25,0.95,semantic,2026-05-05T16:30:00Z
4563,4563,4,0.85,hashtag,2026-05-05T16:30:00Z
4564,4564,40,0.84,visual,2026-05-05T16:30:00Z
4565,4565,16,0.86,inferred,2026-05-05T16:30:00Z
4566,4566,56,0.8,direct,2026-05-05T16:30:00Z
4567,4567,31,0.91,semantic,2026-05-05T16:30:00Z
4568,4568,8,0.8,hashtag,2026-05-05T16:30:00Z
4569,4569,46,0.96,visual,2026-05-05T16:30:00Z
4570,4570,22,0.81,inferred,2026-05-05T16:30:00Z
4571,4571,2,0.78,direct,2026-05-05T16:30:00Z
4572,4572,37,0.93,semantic,2026-05-05T16:30:00Z
4573,4573,13,0.89,hashtag,2026-05-05T16:30:00Z
4574,4574,53,0.93,visual,2026-05-05T16:30:00Z
4575,4575,27,0.93,inferred,2026-05-05T16:30:00Z
4576,4576,6,0.86,direct,2026-05-05T16:30:00Z
4577,4577,43,0.92,semantic,2026-05-05T16:30:00Z
4578,4578,18,0.92,hashtag,2026-05-05T16:30:00Z
4579,4579,59,0.92,visual,2026-05-05T16:30:00Z
4580,4580,33,0.8,inferred,2026-05-05T16:30:00Z
4581,4581,10,0.83,direct,2026-05-05T16:30:00Z
4582,4582,49,0.88,semantic,2026-05-05T16:30:00Z
4583,4583,24,0.77,hashtag,2026-05-05T16:30:00Z
4584,4584,3,0.88,visual,2026-05-05T16:30:00Z
4585,4585,39,0.85,inferred,2026-05-05T16:30:00Z
4586,4586,15,0.88,direct,2026-05-05T16:30:00Z
4587,4587,55,0.83,semantic,2026-05-05T16:30:00Z
4588,4588,29,0.92,hashtag,2026-05-05T16:30:00Z
4589,4589,7,0.92,visual,2026-05-05T16:30:00Z
4590,4590,45,0.97,inferred,2026-05-05T16:30:00Z
4591,4591,20,0.92,direct,2026-05-05T16:30:00Z
4592,4592,1,0.95,semantic,2026-05-05T16:30:00Z
4593,4593,35,0.91,hashtag,2026-05-05T16:30:00Z
4594,4594,12,0.78,visual,2026-05-05T16:30:00Z
4595,4595,51,0.94,inferred,2026-05-05T16:30:00Z
4596,4596,26,0.81,direct,2026-05-05T16:30:00Z
4597,4597,5,0.82,semantic,2026-05-05T16:30:00Z
4598,4598,41,0.88,hashtag,2026-05-05T16:30:00Z
4599,4599,17,0.79,visual,2026-05-05T16:30:00Z
4600,4600,57,0.91,inferred,2026-05-05T16:30:00Z
4601,4601,32,0.84,direct,2026-05-05T16:30:00Z
4602,4602,9,0.91,semantic,2026-05-05T16:30:00Z
4603,4603,47,0.89,hashtag,2026-05-05T16:30:00Z
4604,4604,23,0.77,visual,2026-05-05T16:30:00Z
4605,4605,2,0.8,inferred,2026-05-05T16:30:00Z
4606,4606,38,0.82,direct,2026-05-05T16:30:00Z
4607,4607,14,0.86,semantic,2026-05-05T16:30:00Z
4608,4608,54,0.94,hashtag,2026-05-05T16:30:00Z
4609,4609,28,0.97,visual,2026-05-05T16:30:00Z
4610,4610,6,0.79,inferred,2026-05-05T16:30:00Z
4611,4611,44,0.9,direct,2026-05-05T16:30:00Z
4612,4612,19,0.76,semantic,2026-05-05T16:30:00Z
4613,4613,60,0.86,hashtag,2026-05-05T16:30:00Z
4614,4614,34,0.95,visual,2026-05-05T16:30:00Z
4615,4615,11,0.77,inferred,2026-05-05T16:30:00Z
4616,4616,50,0.8,direct,2026-05-05T16:30:00Z
4617,4617,25,0.83,semantic,2026-05-05T16:30:00Z
4618,4618,4,0.96,hashtag,2026-05-05T16:30:00Z
4619,4619,40,0.82,visual,2026-05-05T16:30:00Z
4620,4620,16,0.94,inferred,2026-05-05T16:30:00Z
4621,4621,56,0.87,direct,2026-05-05T16:30:00Z
4622,4622,30,0.94,semantic,2026-05-05T16:30:00Z
4623,4623,8,0.97,hashtag,2026-05-05T16:30:00Z
4624,4624,46,0.77,visual,2026-05-05T16:30:00Z
4625,4625,21,0.96,inferred,2026-05-05T16:30:00Z
4626,4626,1,0.93,direct,2026-05-05T16:30:00Z
4627,4627,36,0.89,semantic,2026-05-05T16:30:00Z
4628,4628,13,0.83,hashtag,2026-05-05T16:30:00Z
4629,4629,52,0.79,visual,2026-05-05T16:30:00Z
4630,4630,27,0.95,inferred,2026-05-05T16:30:00Z
4631,4631,5,0.96,direct,2026-05-05T16:30:00Z
4632,4632,42,0.93,semantic,2026-05-05T16:30:00Z
4633,4633,18,0.83,hashtag,2026-05-05T16:30:00Z
4634,4634,58,0.88,visual,2026-05-05T16:30:00Z
4635,4635,33,0.92,inferred,2026-05-05T16:30:00Z
4636,4636,10,0.79,direct,2026-05-05T16:30:00Z
4637,4637,48,0.88,semantic,2026-05-05T16:30:00Z
4638,4638,23,0.94,hashtag,2026-05-05T16:30:00Z
4639,4639,3,0.97,visual,2026-05-05T16:30:00Z
4640,4640,38,0.8,inferred,2026-05-05T16:30:00Z
4641,4641,15,0.94,direct,2026-05-05T16:30:00Z
4642,4642,54,0.88,semantic,2026-05-05T16:30:00Z
4643,4643,29,0.89,hashtag,2026-05-05T16:30:00Z
4644,4644,7,0.98,visual,2026-05-05T16:30:00Z
4645,4645,44,0.77,inferred,2026-05-05T16:30:00Z
4646,4646,20,0.85,direct,2026-05-05T16:30:00Z
4647,4647,1,0.89,semantic,2026-05-05T16:30:00Z
4648,4648,35,0.78,hashtag,2026-05-05T16:30:00Z
4649,4649,12,0.84,visual,2026-05-05T16:30:00Z
4650,4650,51,0.86,inferred,2026-05-05T16:30:00Z
4651,4651,25,0.93,direct,2026-05-05T16:30:00Z
4652,4652,4,0.78,semantic,2026-05-05T16:30:00Z
4653,4653,41,0.82,hashtag,2026-05-05T16:30:00Z
4654,4654,17,0.83,visual,2026-05-05T16:30:00Z
4655,4655,57,0.91,inferred,2026-05-05T16:30:00Z
4656,4656,31,0.76,direct,2026-05-05T16:30:00Z
4657,4657,9,0.92,semantic,2026-05-05T16:30:00Z
4658,4658,47,0.79,hashtag,2026-05-05T16:30:00Z
4659,4659,22,0.98,visual,2026-05-05T16:30:00Z
4660,4660,2,0.94,inferred,2026-05-05T16:30:00Z
4661,4661,37,0.93,direct,2026-05-05T16:30:00Z
4662,4662,14,0.9,semantic,2026-05-05T16:30:00Z
4663,4663,53,0.8,hashtag,2026-05-05T16:30:00Z
4664,4664,28,0.92,visual,2026-05-05T16:30:00Z
4665,4665,6,0.87,inferred,2026-05-05T16:30:00Z
4666,4666,43,0.9,direct,2026-05-05T16:30:00Z
4667,4667,19,0.94,semantic,2026-05-05T16:30:00Z
4668,4668,59,0.83,hashtag,2026-05-05T16:30:00Z
4669,4669,33,0.8,visual,2026-05-05T16:30:00Z
4670,4670,10,0.95,inferred,2026-05-05T16:30:00Z
4671,4671,49,0.81,direct,2026-05-05T16:30:00Z
4672,4672,24,0.84,semantic,2026-05-05T16:30:00Z
4673,4673,3,0.94,hashtag,2026-05-05T16:30:00Z
4674,4674,39,0.89,visual,2026-05-05T16:30:00Z
4675,4675,16,0.88,inferred,2026-05-05T16:30:00Z
4676,4676,55,0.93,direct,2026-05-05T16:30:00Z
4677,4677,30,0.79,semantic,2026-05-05T16:30:00Z
4678,4678,8,0.92,hashtag,2026-05-05T16:30:00Z
4679,4679,45,0.93,visual,2026-05-05T16:30:00Z
4680,4680,21,0.9,inferred,2026-05-05T16:30:00Z
4681,4681,1,0.82,direct,2026-05-05T16:30:00Z
4682,4682,36,0.87,semantic,2026-05-05T16:30:00Z
4683,4683,12,0.95,hashtag,2026-05-05T16:30:00Z
4684,4684,51,0.87,visual,2026-05-05T16:30:00Z
4685,4685,26,0.82,inferred,2026-05-05T16:30:00Z
4686,4686,5,0.87,direct,2026-05-05T16:30:00Z
4687,4687,42,0.92,semantic,2026-05-05T16:30:00Z
4688,4688,17,0.87,hashtag,2026-05-05T16:30:00Z
4689,4689,58,0.91,visual,2026-05-05T16:30:00Z
4690,4690,32,0.92,inferred,2026-05-05T16:30:00Z
4691,4691,9,0.96,direct,2026-05-05T16:30:00Z
4692,4692,48,0.83,semantic,2026-05-05T16:30:00Z
4693,4693,23,0.91,hashtag,2026-05-05T16:30:00Z
4694,4694,2,0.91,visual,2026-05-05T16:30:00Z
4695,4695,38,0.8,inferred,2026-05-05T16:30:00Z
4696,4696,14,0.97,direct,2026-05-05T16:30:00Z
4697,4697,54,0.79,semantic,2026-05-05T16:30:00Z
4698,4698,28,0.94,hashtag,2026-05-05T16:30:00Z
4699,4699,6,0.88,visual,2026-05-05T16:30:00Z
4700,4700,44,0.82,inferred,2026-05-05T16:30:00Z
4701,4701,20,0.8,direct,2026-05-05T16:30:00Z
4702,4702,60,0.83,semantic,2026-05-05T16:30:00Z
4703,4703,34,0.92,hashtag,2026-05-05T16:30:00Z
4704,4704,11,0.86,visual,2026-05-05T16:30:00Z
4705,4705,50,0.95,inferred,2026-05-05T16:30:00Z
4706,4706,25,0.97,direct,2026-05-05T16:30:00Z
4707,4707,4,0.98,semantic,2026-05-05T16:30:00Z
4708,4708,40,0.83,hashtag,2026-05-05T16:30:00Z
4709,4709,16,0.77,visual,2026-05-05T16:30:00Z
4710,4710,56,0.8,inferred,2026-05-05T16:30:00Z
4711,4711,31,0.78,direct,2026-05-05T16:30:00Z
4712,4712,8,0.9,semantic,2026-05-05T16:30:00Z
4713,4713,46,0.87,hashtag,2026-05-05T16:30:00Z
4714,4714,22,0.78,visual,2026-05-05T16:30:00Z
4715,4715,1,0.83,inferred,2026-05-05T16:30:00Z
4716,4716,36,0.94,direct,2026-05-05T16:30:00Z
4717,4717,13,0.88,semantic,2026-05-05T16:30:00Z
4718,4718,52,0.91,hashtag,2026-05-05T16:30:00Z
4719,4719,27,0.88,visual,2026-05-05T16:30:00Z
4720,4720,5,0.79,inferred,2026-05-05T16:30:00Z
4721,4721,42,0.94,direct,2026-05-05T16:30:00Z
4722,4722,18,0.97,semantic,2026-05-05T16:30:00Z
4723,4723,59,0.9,hashtag,2026-05-05T16:30:00Z
4724,4724,33,0.8,visual,2026-05-05T16:30:00Z
4725,4725,10,0.87,inferred,2026-05-05T16:30:00Z
4726,4726,49,0.89,direct,2026-05-05T16:30:00Z
4727,4727,24,0.82,semantic,2026-05-05T16:30:00Z
4728,4728,3,0.84,hashtag,2026-05-05T16:30:00Z
4729,4729,39,0.89,visual,2026-05-05T16:30:00Z
4730,4730,15,0.77,inferred,2026-05-05T16:30:00Z
4731,4731,55,0.94,direct,2026-05-05T16:30:00Z
4732,4732,29,0.92,semantic,2026-05-05T16:30:00Z
4733,4733,7,0.97,hashtag,2026-05-05T16:30:00Z
4734,4734,45,0.89,visual,2026-05-05T16:30:00Z
4735,4735,20,0.81,inferred,2026-05-05T16:30:00Z
4736,4736,1,0.93,direct,2026-05-05T16:30:00Z
4737,4737,35,0.95,semantic,2026-05-05T16:30:00Z
4738,4738,12,0.78,hashtag,2026-05-05T16:30:00Z
4739,4739,51,0.96,visual,2026-05-05T16:30:00Z
4740,4740,26,0.95,inferred,2026-05-05T16:30:00Z
4741,4741,4,0.77,direct,2026-05-05T16:30:00Z
4742,4742,41,0.81,semantic,2026-05-05T16:30:00Z
4743,4743,17,0.88,hashtag,2026-05-05T16:30:00Z
4744,4744,57,0.79,visual,2026-05-05T16:30:00Z
4745,4745,31,0.84,inferred,2026-05-05T16:30:00Z
4746,4746,9,0.91,direct,2026-05-05T16:30:00Z
4747,4747,47,0.97,semantic,2026-05-05T16:30:00Z
4748,4748,22,0.81,hashtag,2026-05-05T16:30:00Z
4749,4749,2,0.93,visual,2026-05-05T16:30:00Z
4750,4750,37,0.88,inferred,2026-05-05T16:30:00Z
4751,4751,14,0.94,direct,2026-05-05T16:30:00Z
4752,4752,53,0.87,semantic,2026-05-05T16:30:00Z
4753,4753,28,0.81,hashtag,2026-05-05T16:30:00Z
4754,4754,6,0.84,visual,2026-05-05T16:30:00Z
4755,4755,43,0.94,inferred,2026-05-05T16:30:00Z
4756,4756,19,0.86,direct,2026-05-05T16:30:00Z
4757,4757,60,0.88,semantic,2026-05-05T16:30:00Z
4758,4758,34,0.97,hashtag,2026-05-05T16:30:00Z
4759,4759,11,0.96,visual,2026-05-05T16:30:00Z
4760,4760,49,0.88,inferred,2026-05-05T16:30:00Z
4761,4761,24,0.92,direct,2026-05-05T16:30:00Z
4762,4762,3,0.81,semantic,2026-05-05T16:30:00Z
4763,4763,40,0.81,hashtag,2026-05-05T16:30:00Z
4764,4764,16,0.97,visual,2026-05-05T16:30:00Z
4765,4765,56,0.81,inferred,2026-05-05T16:30:00Z
4766,4766,30,0.8,direct,2026-05-05T16:30:00Z
4767,4767,8,0.78,semantic,2026-05-05T16:30:00Z
4768,4768,46,0.79,hashtag,2026-05-05T16:30:00Z
4769,4769,21,0.84,visual,2026-05-05T16:30:00Z
4770,4770,1,0.98,inferred,2026-05-05T16:30:00Z
4771,4771,36,0.89,direct,2026-05-05T16:30:00Z
4772,4772,13,0.88,semantic,2026-05-05T16:30:00Z
4773,4773,52,0.88,hashtag,2026-05-05T16:30:00Z
4774,4774,27,0.93,visual,2026-05-05T16:30:00Z
4775,4775,5,0.84,inferred,2026-05-05T16:30:00Z
4776,4776,42,0.8,direct,2026-05-05T16:30:00Z
4777,4777,18,0.81,semantic,2026-05-05T16:30:00Z
4778,4778,58,0.93,hashtag,2026-05-05T16:30:00Z
4779,4779,32,0.79,visual,2026-05-05T16:30:00Z
4780,4780,10,0.88,inferred,2026-05-05T16:30:00Z
4781,4781,48,0.8,direct,2026-05-05T16:30:00Z
4782,4782,23,0.95,semantic,2026-05-05T16:30:00Z
4783,4783,3,0.78,hashtag,2026-05-05T16:30:00Z
4784,4784,38,0.84,visual,2026-05-05T16:30:00Z
4785,4785,15,0.94,inferred,2026-05-05T16:30:00Z
4786,4786,54,0.78,direct,2026-05-05T16:30:00Z
4787,4787,29,0.82,semantic,2026-05-05T16:30:00Z
4788,4788,7,0.84,hashtag,2026-05-05T16:30:00Z
4789,4789,44,0.85,visual,2026-05-05T16:30:00Z
4790,4790,20,0.85,inferred,2026-05-05T16:30:00Z
4791,4791,1,0.87,direct,2026-05-05T16:30:00Z
4792,4792,35,0.96,semantic,2026-05-05T16:30:00Z
4793,4793,11,0.82,hashtag,2026-05-05T16:30:00Z
4794,4794,50,0.93,visual,2026-05-05T16:30:00Z
4795,4795,25,0.87,inferred,2026-05-05T16:30:00Z
4796,4796,4,0.95,direct,2026-05-05T16:30:00Z
4797,4797,40,0.87,semantic,2026-05-05T16:30:00Z
4798,4798,17,0.93,hashtag,2026-05-05T16:30:00Z
4799,4799,57,0.89,visual,2026-05-05T16:30:00Z
4800,4800,31,0.81,inferred,2026-05-05T16:30:00Z
4801,4801,8,0.95,direct,2026-05-05T16:30:00Z
4802,4802,47,0.78,semantic,2026-05-05T16:30:00Z
4803,4803,22,0.95,hashtag,2026-05-05T16:30:00Z
4804,4804,2,0.92,visual,2026-05-05T16:30:00Z
4805,4805,37,0.97,inferred,2026-05-05T16:30:00Z
4806,4806,13,0.8,direct,2026-05-05T16:30:00Z
4807,4807,53,0.84,semantic,2026-05-05T16:30:00Z
4808,4808,27,0.77,hashtag,2026-05-05T16:30:00Z
4809,4809,6,0.78,visual,2026-05-05T16:30:00Z
4810,4810,43,0.93,inferred,2026-05-05T16:30:00Z
4811,4811,19,0.92,direct,2026-05-05T16:30:00Z
4812,4812,59,0.77,semantic,2026-05-05T16:30:00Z
4813,4813,33,0.89,hashtag,2026-05-05T16:30:00Z
4814,4814,10,0.78,visual,2026-05-05T16:30:00Z
4815,4815,49,0.76,inferred,2026-05-05T16:30:00Z
4816,4816,24,0.76,direct,2026-05-05T16:30:00Z
4817,4817,3,0.96,semantic,2026-05-05T16:30:00Z
4818,4818,39,0.82,hashtag,2026-05-05T16:30:00Z
4819,4819,15,0.85,visual,2026-05-05T16:30:00Z
4820,4820,55,0.86,inferred,2026-05-05T16:30:00Z
4821,4821,30,0.84,direct,2026-05-05T16:30:00Z
4822,4822,7,0.77,semantic,2026-05-05T16:30:00Z
4823,4823,45,0.97,hashtag,2026-05-05T16:30:00Z
4824,4824,21,0.84,visual,2026-05-05T16:30:00Z
4825,4825,1,0.85,inferred,2026-05-05T16:30:00Z
4826,4826,35,0.92,direct,2026-05-05T16:30:00Z
4827,4827,12,0.9,semantic,2026-05-05T16:30:00Z
4828,4828,51,0.77,hashtag,2026-05-05T16:30:00Z
4829,4829,26,0.91,visual,2026-05-05T16:30:00Z
4830,4830,5,0.84,inferred,2026-05-05T16:30:00Z
4831,4831,41,0.88,direct,2026-05-05T16:30:00Z
4832,4832,17,0.79,semantic,2026-05-05T16:30:00Z
4833,4833,58,0.93,hashtag,2026-05-05T16:30:00Z
4834,4834,32,0.82,visual,2026-05-05T16:30:00Z
4835,4835,9,0.94,inferred,2026-05-05T16:30:00Z
4836,4836,47,0.96,direct,2026-05-05T16:30:00Z
4837,4837,23,0.83,semantic,2026-05-05T16:30:00Z
4838,4838,2,0.79,hashtag,2026-05-05T16:30:00Z
4839,4839,38,0.98,visual,2026-05-05T16:30:00Z
4840,4840,14,0.87,inferred,2026-05-05T16:30:00Z
4841,4841,54,0.95,direct,2026-05-05T16:30:00Z
4842,4842,28,0.8,semantic,2026-05-05T16:30:00Z
4843,4843,6,0.95,hashtag,2026-05-05T16:30:00Z
4844,4844,44,0.89,visual,2026-05-05T16:30:00Z
4845,4845,19,0.83,inferred,2026-05-05T16:30:00Z
4846,4846,60,0.97,direct,2026-05-05T16:30:00Z
4847,4847,34,0.93,semantic,2026-05-05T16:30:00Z
4848,4848,11,0.9,hashtag,2026-05-05T16:30:00Z
4849,4849,50,0.95,visual,2026-05-05T16:30:00Z
4850,4850,25,0.86,inferred,2026-05-05T16:30:00Z
4851,4851,4,0.91,direct,2026-05-05T16:30:00Z
4852,4852,40,0.77,semantic,2026-05-05T16:30:00Z
4853,4853,16,0.98,hashtag,2026-05-05T16:30:00Z
4854,4854,56,0.83,visual,2026-05-05T16:30:00Z
4855,4855,30,0.92,inferred,2026-05-05T16:30:00Z
4856,4856,8,0.87,direct,2026-05-05T16:30:00Z
4857,4857,46,0.78,semantic,2026-05-05T16:30:00Z
4858,4858,21,0.95,hashtag,2026-05-05T16:30:00Z
4859,4859,1,0.96,visual,2026-05-05T16:30:00Z
4860,4860,36,0.94,inferred,2026-05-05T16:30:00Z
4861,4861,13,0.82,direct,2026-05-05T16:30:00Z
4862,4862,52,0.91,semantic,2026-05-05T16:30:00Z
4863,4863,27,0.81,hashtag,2026-05-05T16:30:00Z
4864,4864,5,0.82,visual,2026-05-05T16:30:00Z
4865,4865,42,0.92,inferred,2026-05-05T16:30:00Z
4866,4866,18,0.89,direct,2026-05-05T16:30:00Z
4867,4867,58,0.87,semantic,2026-05-05T16:30:00Z
4868,4868,33,0.89,hashtag,2026-05-05T16:30:00Z
4869,4869,10,0.86,visual,2026-05-05T16:30:00Z
4870,4870,48,0.78,inferred,2026-05-05T16:30:00Z
4871,4871,23,0.93,direct,2026-05-05T16:30:00Z
4872,4872,3,0.86,semantic,2026-05-05T16:30:00Z
4873,4873,39,0.9,hashtag,2026-05-05T16:30:00Z
4874,4874,15,0.97,visual,2026-05-05T16:30:00Z
4875,4875,55,0.97,inferred,2026-05-05T16:30:00Z
4876,4876,29,0.8,direct,2026-05-05T16:30:00Z
4877,4877,7,0.87,semantic,2026-05-05T16:30:00Z
4878,4878,45,0.98,hashtag,2026-05-05T16:30:00Z
4879,4879,20,0.96,visual,2026-05-05T16:30:00Z
4880,4880,1,0.91,inferred,2026-05-05T16:30:00Z
4881,4881,35,0.85,direct,2026-05-05T16:30:00Z
4882,4882,12,0.92,semantic,2026-05-05T16:30:00Z
4883,4883,51,0.97,hashtag,2026-05-05T16:30:00Z
4884,4884,26,0.93,visual,2026-05-05T16:30:00Z
4885,4885,4,0.84,inferred,2026-05-05T16:30:00Z
4886,4886,41,0.77,direct,2026-05-05T16:30:00Z
4887,4887,17,0.89,semantic,2026-05-05T16:30:00Z
4888,4888,57,0.78,hashtag,2026-05-05T16:30:00Z
4889,4889,31,0.97,visual,2026-05-05T16:30:00Z
4890,4890,9,0.87,inferred,2026-05-05T16:30:00Z
4891,4891,47,0.94,direct,2026-05-05T16:30:00Z
4892,4892,22,0.97,semantic,2026-05-05T16:30:00Z
4893,4893,2,0.81,hashtag,2026-05-05T16:30:00Z
4894,4894,37,0.98,visual,2026-05-05T16:30:00Z
4895,4895,14,0.84,inferred,2026-05-05T16:30:00Z
4896,4896,53,0.77,direct,2026-05-05T16:30:00Z
4897,4897,28,0.84,semantic,2026-05-05T16:30:00Z
4898,4898,6,0.89,hashtag,2026-05-05T16:30:00Z
4899,4899,43,0.87,visual,2026-05-05T16:30:00Z
4900,4900,19,0.77,inferred,2026-05-05T16:30:00Z
4901,4901,59,0.77,direct,2026-05-05T16:30:00Z
4902,4902,34,0.88,semantic,2026-05-05T16:30:00Z
4903,4903,11,0.86,hashtag,2026-05-05T16:30:00Z
4904,4904,49,0.97,visual,2026-05-05T16:30:00Z
4905,4905,24,0.89,inferred,2026-05-05T16:30:00Z
4906,4906,3,0.93,direct,2026-05-05T16:30:00Z
4907,4907,39,0.94,semantic,2026-05-05T16:30:00Z
4908,4908,16,0.96,hashtag,2026-05-05T16:30:00Z
4909,4909,55,0.84,visual,2026-05-05T16:30:00Z
4910,4910,30,0.96,inferred,2026-05-05T16:30:00Z
4911,4911,8,0.96,direct,2026-05-05T16:30:00Z
4912,4912,45,0.96,semantic,2026-05-05T16:30:00Z
4913,4913,21,0.76,hashtag,2026-05-05T16:30:00Z
4914,4914,1,0.77,visual,2026-05-05T16:30:00Z
4915,4915,36,0.92,inferred,2026-05-05T16:30:00Z
4916,4916,12,0.96,direct,2026-05-05T16:30:00Z
4917,4917,52,0.76,semantic,2026-05-05T16:30:00Z
4918,4918,26,0.94,hashtag,2026-05-05T16:30:00Z
4919,4919,5,0.8,visual,2026-05-05T16:30:00Z
4920,4920,42,0.86,inferred,2026-05-05T16:30:00Z
4921,4921,18,0.86,direct,2026-05-05T16:30:00Z
4922,4922,58,0.88,semantic,2026-05-05T16:30:00Z
4923,4923,32,0.91,hashtag,2026-05-05T16:30:00Z
4924,4924,9,0.94,visual,2026-05-05T16:30:00Z
4925,4925,48,0.92,inferred,2026-05-05T16:30:00Z
4926,4926,23,0.95,direct,2026-05-05T16:30:00Z
4927,4927,2,0.8,semantic,2026-05-05T16:30:00Z
4928,4928,38,0.92,hashtag,2026-05-05T16:30:00Z
4929,4929,14,0.78,visual,2026-05-05T16:30:00Z
4930,4930,54,0.76,inferred,2026-05-05T16:30:00Z
4931,4931,29,0.89,direct,2026-05-05T16:30:00Z
4932,4932,7,0.92,semantic,2026-05-05T16:30:00Z
4933,4933,44,0.93,hashtag,2026-05-05T16:30:00Z
4934,4934,20,0.83,visual,2026-05-05T16:30:00Z
4935,4935,60,0.8,inferred,2026-05-05T16:30:00Z
4936,4936,34,0.83,direct,2026-05-05T16:30:00Z
4937,4937,11,0.79,semantic,2026-05-05T16:30:00Z
4938,4938,50,0.82,hashtag,2026-05-05T16:30:00Z
4939,4939,25,0.96,visual,2026-05-05T16:30:00Z
4940,4940,4,0.93,inferred,2026-05-05T16:30:00Z
4941,4941,40,0.8,direct,2026-05-05T16:30:00Z
4942,4942,16,0.8,semantic,2026-05-05T16:30:00Z
4943,4943,56,0.9,hashtag,2026-05-05T16:30:00Z
4944,4944,31,0.85,visual,2026-05-05T16:30:00Z
4945,4945,8,0.79,inferred,2026-05-05T16:30:00Z
4946,4946,46,0.97,direct,2026-05-05T16:30:00Z
4947,4947,22,0.76,semantic,2026-05-05T16:30:00Z
4948,4948,2,0.95,hashtag,2026-05-05T16:30:00Z
4949,4949,37,0.98,visual,2026-05-05T16:30:00Z
4950,4950,13,0.77,inferred,2026-05-05T16:30:00Z
4951,4951,53,0.87,direct,2026-05-05T16:30:00Z
4952,4952,27,0.79,semantic,2026-05-05T16:30:00Z
4953,4953,6,0.83,hashtag,2026-05-05T16:30:00Z
4954,4954,43,0.87,visual,2026-05-05T16:30:00Z
4955,4955,18,0.95,inferred,2026-05-05T16:30:00Z
4956,4956,59,0.83,direct,2026-05-05T16:30:00Z
4957,4957,33,0.77,semantic,2026-05-05T16:30:00Z
4958,4958,10,0.93,hashtag,2026-05-05T16:30:00Z
4959,4959,49,0.95,visual,2026-05-05T16:30:00Z
4960,4960,24,0.93,inferred,2026-05-05T16:30:00Z
4961,4961,3,0.94,direct,2026-05-05T16:30:00Z
4962,4962,39,0.87,semantic,2026-05-05T16:30:00Z
4963,4963,15,0.91,hashtag,2026-05-05T16:30:00Z
4964,4964,55,0.95,visual,2026-05-05T16:30:00Z
4965,4965,29,0.8,inferred,2026-05-05T16:30:00Z
4966,4966,7,0.77,direct,2026-05-05T16:30:00Z
4967,4967,45,0.9,semantic,2026-05-05T16:30:00Z
4968,4968,20,0.78,hashtag,2026-05-05T16:30:00Z
4969,4969,1,0.84,visual,2026-05-05T16:30:00Z
4970,4970,35,0.83,inferred,2026-05-05T16:30:00Z
4971,4971,12,0.96,direct,2026-05-05T16:30:00Z
4972,4972,51,0.97,semantic,2026-05-05T16:30:00Z
4973,4973,26,0.84,hashtag,2026-05-05T16:30:00Z
4974,4974,5,0.77,visual,2026-05-05T16:30:00Z
4975,4975,41,0.93,inferred,2026-05-05T16:30:00Z
4976,4976,17,0.9,direct,2026-05-05T16:30:00Z
4977,4977,57,0.87,semantic,2026-05-05T16:30:00Z
4978,4978,32,0.88,hashtag,2026-05-05T16:30:00Z
4979,4979,9,0.84,visual,2026-05-05T16:30:00Z
4980,4980,47,0.87,inferred,2026-05-05T16:30:00Z
4981,4981,22,0.82,direct,2026-05-05T16:30:00Z
4982,4982,2,0.81,semantic,2026-05-05T16:30:00Z
4983,4983,37,0.89,hashtag,2026-05-05T16:30:00Z
4984,4984,14,0.85,visual,2026-05-05T16:30:00Z
4985,4985,53,0.83,inferred,2026-05-05T16:30:00Z
4986,4986,28,0.89,direct,2026-05-05T16:30:00Z
4987,4987,6,0.95,semantic,2026-05-05T16:30:00Z
4988,4988,43,0.84,hashtag,2026-05-05T16:30:00Z
4989,4989,19,0.94,visual,2026-05-05T16:30:00Z
4990,4990,60,0.79,inferred,2026-05-05T16:30:00Z
4991,4991,34,0.95,direct,2026-05-05T16:30:00Z
4992,4992,11,0.91,semantic,2026-05-05T16:30:00Z
4993,4993,50,0.79,hashtag,2026-05-05T16:30:00Z
4994,4994,25,0.92,visual,2026-05-05T16:30:00Z
4995,4995,4,0.85,inferred,2026-05-05T16:30:00Z
4996,4996,40,0.98,direct,2026-05-05T16:30:00Z
4997,4997,16,0.81,semantic,2026-05-05T16:30:00Z
4998,4998,56,0.86,hashtag,2026-05-05T16:30:00Z
4999,4999,30,0.77,visual,2026-05-05T16:30:00Z
5000,5000,8,0.94,inferred,2026-05-05T16:30:00Z
