forecast_id,product_id,region,forecast_date,predicted_demand,confidence_low,confidence_high,social_factor,model_version,explanation,created_at
1,1,Bay Area (SF),2026-05-14,134,93,173,1.15,transport_signal_v2,"{""model"":""transport_signal_v2"",""drivers"":[""community_access_spike"",""navigator_referral_cluster"",""weekend_port_cutoff_effect""],""top_influencer"":""@metroline_hope"",""urgency_score"":87,""confidence"":""high"",""trend"":""accelerating""}",2026-05-13T10:00:45Z
2,1,Bay Area (SF),2026-05-15,158,101,181,1.34,transport_signal_v2,"{""model"":""transport_signal_v2"",""drivers"":[""community_access_spike"",""navigator_referral_cluster"",""weekend_port_cutoff_effect""],""top_influencer"":""@metroline_hope"",""urgency_score"":87,""confidence"":""high"",""trend"":""accelerating""}",2026-05-13T10:00:45Z
3,1,Bay Area (SF),2026-05-16,147,109,189,1.27,transport_signal_v2,"{""model"":""transport_signal_v2"",""drivers"":[""community_access_spike"",""navigator_referral_cluster"",""weekend_port_cutoff_effect""],""top_influencer"":""@metroline_hope"",""urgency_score"":87,""confidence"":""high"",""trend"":""accelerating""}",2026-05-13T10:00:45Z
4,1,Bay Area (SF),2026-05-17,167,117,197,1.36,transport_signal_v2,"{""model"":""transport_signal_v2"",""drivers"":[""community_access_spike"",""navigator_referral_cluster"",""weekend_port_cutoff_effect""],""top_influencer"":""@metroline_hope"",""urgency_score"":87,""confidence"":""high"",""trend"":""accelerating""}",2026-05-13T10:00:45Z
5,1,Bay Area (SF),2026-05-18,165,125,205,1.43,transport_signal_v2,"{""model"":""transport_signal_v2"",""drivers"":[""community_access_spike"",""navigator_referral_cluster"",""weekend_port_cutoff_effect""],""top_influencer"":""@metroline_hope"",""urgency_score"":87,""confidence"":""high"",""trend"":""accelerating""}",2026-05-13T10:00:45Z
6,1,Bay Area (SF),2026-05-19,168,133,213,1.36,transport_signal_v2,"{""model"":""transport_signal_v2"",""drivers"":[""community_access_spike"",""navigator_referral_cluster"",""weekend_port_cutoff_effect""],""top_influencer"":""@metroline_hope"",""urgency_score"":87,""confidence"":""high"",""trend"":""accelerating""}",2026-05-13T10:00:45Z
7,1,Bay Area (SF),2026-05-20,163,141,221,1.41,transport_signal_v2,"{""model"":""transport_signal_v2"",""drivers"":[""community_access_spike"",""navigator_referral_cluster"",""weekend_port_cutoff_effect""],""top_influencer"":""@metroline_hope"",""urgency_score"":87,""confidence"":""high"",""trend"":""accelerating""}",2026-05-13T10:00:45Z
8,1,Bay Area (SF),2026-05-21,198,149,229,1.35,transport_signal_v2,"{""model"":""transport_signal_v2"",""drivers"":[""community_access_spike"",""navigator_referral_cluster"",""weekend_port_cutoff_effect""],""top_influencer"":""@metroline_hope"",""urgency_score"":87,""confidence"":""high"",""trend"":""accelerating""}",2026-05-13T10:00:45Z
9,1,Bay Area (SF),2026-05-22,205,157,237,1.57,transport_signal_v2,"{""model"":""transport_signal_v2"",""drivers"":[""community_access_spike"",""navigator_referral_cluster"",""weekend_port_cutoff_effect""],""top_influencer"":""@metroline_hope"",""urgency_score"":87,""confidence"":""high"",""trend"":""accelerating""}",2026-05-13T10:00:45Z
10,1,Bay Area (SF),2026-05-23,199,165,245,1.55,transport_signal_v2,"{""model"":""transport_signal_v2"",""drivers"":[""community_access_spike"",""navigator_referral_cluster"",""weekend_port_cutoff_effect""],""top_influencer"":""@metroline_hope"",""urgency_score"":87,""confidence"":""high"",""trend"":""accelerating""}",2026-05-13T10:00:45Z
11,1,Bay Area (SF),2026-05-24,233,173,253,1.51,transport_signal_v2,"{""model"":""transport_signal_v2"",""drivers"":[""community_access_spike"",""navigator_referral_cluster"",""weekend_port_cutoff_effect""],""top_influencer"":""@metroline_hope"",""urgency_score"":87,""confidence"":""high"",""trend"":""accelerating""}",2026-05-13T10:00:45Z
12,1,Bay Area (SF),2026-05-25,223,181,261,1.52,transport_signal_v2,"{""model"":""transport_signal_v2"",""drivers"":[""community_access_spike"",""navigator_referral_cluster"",""weekend_port_cutoff_effect""],""top_influencer"":""@metroline_hope"",""urgency_score"":87,""confidence"":""high"",""trend"":""accelerating""}",2026-05-13T10:00:45Z
13,1,Bay Area (SF),2026-05-26,245,189,269,1.76,transport_signal_v2,"{""model"":""transport_signal_v2"",""drivers"":[""community_access_spike"",""navigator_referral_cluster"",""weekend_port_cutoff_effect""],""top_influencer"":""@metroline_hope"",""urgency_score"":87,""confidence"":""high"",""trend"":""accelerating""}",2026-05-13T10:00:45Z
14,1,Bay Area (SF),2026-05-27,255,197,277,1.86,transport_signal_v2,"{""model"":""transport_signal_v2"",""drivers"":[""community_access_spike"",""navigator_referral_cluster"",""weekend_port_cutoff_effect""],""top_influencer"":""@metroline_hope"",""urgency_score"":87,""confidence"":""high"",""trend"":""accelerating""}",2026-05-13T10:00:45Z
15,1,Bay Area (SF),2026-05-28,259,205,285,1.68,transport_signal_v2,"{""model"":""transport_signal_v2"",""drivers"":[""community_access_spike"",""navigator_referral_cluster"",""weekend_port_cutoff_effect""],""top_influencer"":""@metroline_hope"",""urgency_score"":87,""confidence"":""high"",""trend"":""accelerating""}",2026-05-13T10:00:45Z
16,1,Bay Area (SF),2026-05-29,234,213,293,1.67,transport_signal_v2,"{""model"":""transport_signal_v2"",""drivers"":[""community_access_spike"",""navigator_referral_cluster"",""weekend_port_cutoff_effect""],""top_influencer"":""@metroline_hope"",""urgency_score"":87,""confidence"":""high"",""trend"":""accelerating""}",2026-05-13T10:00:45Z
17,1,Bay Area (SF),2026-05-30,280,221,301,1.81,transport_signal_v2,"{""model"":""transport_signal_v2"",""drivers"":[""community_access_spike"",""navigator_referral_cluster"",""weekend_port_cutoff_effect""],""top_influencer"":""@metroline_hope"",""urgency_score"":87,""confidence"":""high"",""trend"":""accelerating""}",2026-05-13T10:00:45Z
18,1,Bay Area (SF),2026-05-31,266,229,309,1.94,transport_signal_v2,"{""model"":""transport_signal_v2"",""drivers"":[""community_access_spike"",""navigator_referral_cluster"",""weekend_port_cutoff_effect""],""top_influencer"":""@metroline_hope"",""urgency_score"":87,""confidence"":""high"",""trend"":""accelerating""}",2026-05-13T10:00:45Z
19,1,Bay Area (SF),2026-06-01,286,237,317,1.94,transport_signal_v2,"{""model"":""transport_signal_v2"",""drivers"":[""community_access_spike"",""navigator_referral_cluster"",""weekend_port_cutoff_effect""],""top_influencer"":""@metroline_hope"",""urgency_score"":87,""confidence"":""high"",""trend"":""accelerating""}",2026-05-13T10:00:45Z
20,1,Bay Area (SF),2026-06-02,303,245,325,1.85,transport_signal_v2,"{""model"":""transport_signal_v2"",""drivers"":[""community_access_spike"",""navigator_referral_cluster"",""weekend_port_cutoff_effect""],""top_influencer"":""@metroline_hope"",""urgency_score"":87,""confidence"":""high"",""trend"":""accelerating""}",2026-05-13T10:00:45Z
21,1,Bay Area (SF),2026-06-03,304,253,333,1.92,transport_signal_v2,"{""model"":""transport_signal_v2"",""drivers"":[""community_access_spike"",""navigator_referral_cluster"",""weekend_port_cutoff_effect""],""top_influencer"":""@metroline_hope"",""urgency_score"":87,""confidence"":""high"",""trend"":""accelerating""}",2026-05-13T10:00:45Z
22,1,Bay Area (SF),2026-06-04,283,261,341,2.08,transport_signal_v2,"{""model"":""transport_signal_v2"",""drivers"":[""community_access_spike"",""navigator_referral_cluster"",""weekend_port_cutoff_effect""],""top_influencer"":""@metroline_hope"",""urgency_score"":87,""confidence"":""high"",""trend"":""accelerating""}",2026-05-13T10:00:45Z
23,1,Bay Area (SF),2026-06-05,305,269,349,1.92,transport_signal_v2,"{""model"":""transport_signal_v2"",""drivers"":[""community_access_spike"",""navigator_referral_cluster"",""weekend_port_cutoff_effect""],""top_influencer"":""@metroline_hope"",""urgency_score"":87,""confidence"":""high"",""trend"":""accelerating""}",2026-05-13T10:00:45Z
24,1,Bay Area (SF),2026-06-06,319,277,357,1.97,transport_signal_v2,"{""model"":""transport_signal_v2"",""drivers"":[""community_access_spike"",""navigator_referral_cluster"",""weekend_port_cutoff_effect""],""top_influencer"":""@metroline_hope"",""urgency_score"":87,""confidence"":""high"",""trend"":""accelerating""}",2026-05-13T10:00:45Z
25,1,Bay Area (SF),2026-06-07,335,285,365,2.23,transport_signal_v2,"{""model"":""transport_signal_v2"",""drivers"":[""community_access_spike"",""navigator_referral_cluster"",""weekend_port_cutoff_effect""],""top_influencer"":""@metroline_hope"",""urgency_score"":87,""confidence"":""high"",""trend"":""accelerating""}",2026-05-13T10:00:45Z
26,1,Bay Area (SF),2026-06-08,334,293,373,2.31,transport_signal_v2,"{""model"":""transport_signal_v2"",""drivers"":[""community_access_spike"",""navigator_referral_cluster"",""weekend_port_cutoff_effect""],""top_influencer"":""@metroline_hope"",""urgency_score"":87,""confidence"":""high"",""trend"":""accelerating""}",2026-05-13T10:00:45Z
27,1,Bay Area (SF),2026-06-09,334,301,381,2.23,transport_signal_v2,"{""model"":""transport_signal_v2"",""drivers"":[""community_access_spike"",""navigator_referral_cluster"",""weekend_port_cutoff_effect""],""top_influencer"":""@metroline_hope"",""urgency_score"":87,""confidence"":""high"",""trend"":""accelerating""}",2026-05-13T10:00:45Z
28,1,Bay Area (SF),2026-06-10,360,309,389,2.24,transport_signal_v2,"{""model"":""transport_signal_v2"",""drivers"":[""community_access_spike"",""navigator_referral_cluster"",""weekend_port_cutoff_effect""],""top_influencer"":""@metroline_hope"",""urgency_score"":87,""confidence"":""high"",""trend"":""accelerating""}",2026-05-13T10:00:45Z
29,1,Bay Area (SF),2026-06-11,344,317,397,2.42,transport_signal_v2,"{""model"":""transport_signal_v2"",""drivers"":[""community_access_spike"",""navigator_referral_cluster"",""weekend_port_cutoff_effect""],""top_influencer"":""@metroline_hope"",""urgency_score"":87,""confidence"":""high"",""trend"":""accelerating""}",2026-05-13T10:00:45Z
30,1,Bay Area (SF),2026-06-12,379,325,405,2.29,transport_signal_v2,"{""model"":""transport_signal_v2"",""drivers"":[""community_access_spike"",""navigator_referral_cluster"",""weekend_port_cutoff_effect""],""top_influencer"":""@metroline_hope"",""urgency_score"":87,""confidence"":""high"",""trend"":""accelerating""}",2026-05-13T10:00:45Z
31,1,New York Metro,2026-05-14,204,141,241,1.38,transport_signal_v2,"{""model"":""transport_signal_v2"",""drivers"":[""shipper_forum_signal"",""yard_operator_signal"",""same_day_access_pressure""],""top_influencer"":""@navigation_nora"",""urgency_score"":79,""confidence"":""high"",""trend"":""rising""}",2026-05-13T10:00:45Z
32,1,New York Metro,2026-05-15,210,147,247,1.36,transport_signal_v2,"{""model"":""transport_signal_v2"",""drivers"":[""shipper_forum_signal"",""yard_operator_signal"",""same_day_access_pressure""],""top_influencer"":""@navigation_nora"",""urgency_score"":79,""confidence"":""high"",""trend"":""rising""}",2026-05-13T10:00:45Z
33,1,New York Metro,2026-05-16,188,153,253,1.45,transport_signal_v2,"{""model"":""transport_signal_v2"",""drivers"":[""shipper_forum_signal"",""yard_operator_signal"",""same_day_access_pressure""],""top_influencer"":""@navigation_nora"",""urgency_score"":79,""confidence"":""high"",""trend"":""rising""}",2026-05-13T10:00:45Z
34,1,New York Metro,2026-05-17,190,159,259,1.48,transport_signal_v2,"{""model"":""transport_signal_v2"",""drivers"":[""shipper_forum_signal"",""yard_operator_signal"",""same_day_access_pressure""],""top_influencer"":""@navigation_nora"",""urgency_score"":79,""confidence"":""high"",""trend"":""rising""}",2026-05-13T10:00:45Z
35,1,New York Metro,2026-05-18,192,165,265,1.48,transport_signal_v2,"{""model"":""transport_signal_v2"",""drivers"":[""shipper_forum_signal"",""yard_operator_signal"",""same_day_access_pressure""],""top_influencer"":""@navigation_nora"",""urgency_score"":79,""confidence"":""high"",""trend"":""rising""}",2026-05-13T10:00:45Z
36,1,New York Metro,2026-05-19,209,171,271,1.48,transport_signal_v2,"{""model"":""transport_signal_v2"",""drivers"":[""shipper_forum_signal"",""yard_operator_signal"",""same_day_access_pressure""],""top_influencer"":""@navigation_nora"",""urgency_score"":79,""confidence"":""high"",""trend"":""rising""}",2026-05-13T10:00:45Z
37,1,New York Metro,2026-05-20,250,177,277,1.49,transport_signal_v2,"{""model"":""transport_signal_v2"",""drivers"":[""shipper_forum_signal"",""yard_operator_signal"",""same_day_access_pressure""],""top_influencer"":""@navigation_nora"",""urgency_score"":79,""confidence"":""high"",""trend"":""rising""}",2026-05-13T10:00:45Z
38,1,New York Metro,2026-05-21,216,183,283,1.52,transport_signal_v2,"{""model"":""transport_signal_v2"",""drivers"":[""shipper_forum_signal"",""yard_operator_signal"",""same_day_access_pressure""],""top_influencer"":""@navigation_nora"",""urgency_score"":79,""confidence"":""high"",""trend"":""rising""}",2026-05-13T10:00:45Z
39,1,New York Metro,2026-05-22,227,189,289,1.49,transport_signal_v2,"{""model"":""transport_signal_v2"",""drivers"":[""shipper_forum_signal"",""yard_operator_signal"",""same_day_access_pressure""],""top_influencer"":""@navigation_nora"",""urgency_score"":79,""confidence"":""high"",""trend"":""rising""}",2026-05-13T10:00:45Z
40,1,New York Metro,2026-05-23,228,195,295,1.63,transport_signal_v2,"{""model"":""transport_signal_v2"",""drivers"":[""shipper_forum_signal"",""yard_operator_signal"",""same_day_access_pressure""],""top_influencer"":""@navigation_nora"",""urgency_score"":79,""confidence"":""high"",""trend"":""rising""}",2026-05-13T10:00:45Z
41,1,New York Metro,2026-05-24,255,201,301,1.62,transport_signal_v2,"{""model"":""transport_signal_v2"",""drivers"":[""shipper_forum_signal"",""yard_operator_signal"",""same_day_access_pressure""],""top_influencer"":""@navigation_nora"",""urgency_score"":79,""confidence"":""high"",""trend"":""rising""}",2026-05-13T10:00:45Z
42,1,New York Metro,2026-05-25,276,207,307,1.6,transport_signal_v2,"{""model"":""transport_signal_v2"",""drivers"":[""shipper_forum_signal"",""yard_operator_signal"",""same_day_access_pressure""],""top_influencer"":""@navigation_nora"",""urgency_score"":79,""confidence"":""high"",""trend"":""rising""}",2026-05-13T10:00:45Z
43,1,New York Metro,2026-05-26,276,213,313,1.75,transport_signal_v2,"{""model"":""transport_signal_v2"",""drivers"":[""shipper_forum_signal"",""yard_operator_signal"",""same_day_access_pressure""],""top_influencer"":""@navigation_nora"",""urgency_score"":79,""confidence"":""high"",""trend"":""rising""}",2026-05-13T10:00:45Z
44,1,New York Metro,2026-05-27,269,219,319,1.65,transport_signal_v2,"{""model"":""transport_signal_v2"",""drivers"":[""shipper_forum_signal"",""yard_operator_signal"",""same_day_access_pressure""],""top_influencer"":""@navigation_nora"",""urgency_score"":79,""confidence"":""high"",""trend"":""rising""}",2026-05-13T10:00:45Z
45,1,New York Metro,2026-05-28,266,225,325,1.7,transport_signal_v2,"{""model"":""transport_signal_v2"",""drivers"":[""shipper_forum_signal"",""yard_operator_signal"",""same_day_access_pressure""],""top_influencer"":""@navigation_nora"",""urgency_score"":79,""confidence"":""high"",""trend"":""rising""}",2026-05-13T10:00:45Z
46,1,New York Metro,2026-05-29,257,231,331,1.78,transport_signal_v2,"{""model"":""transport_signal_v2"",""drivers"":[""shipper_forum_signal"",""yard_operator_signal"",""same_day_access_pressure""],""top_influencer"":""@navigation_nora"",""urgency_score"":79,""confidence"":""high"",""trend"":""rising""}",2026-05-13T10:00:45Z
47,1,New York Metro,2026-05-30,280,237,337,1.85,transport_signal_v2,"{""model"":""transport_signal_v2"",""drivers"":[""shipper_forum_signal"",""yard_operator_signal"",""same_day_access_pressure""],""top_influencer"":""@navigation_nora"",""urgency_score"":79,""confidence"":""high"",""trend"":""rising""}",2026-05-13T10:00:45Z
48,1,New York Metro,2026-05-31,299,243,343,1.94,transport_signal_v2,"{""model"":""transport_signal_v2"",""drivers"":[""shipper_forum_signal"",""yard_operator_signal"",""same_day_access_pressure""],""top_influencer"":""@navigation_nora"",""urgency_score"":79,""confidence"":""high"",""trend"":""rising""}",2026-05-13T10:00:45Z
49,1,New York Metro,2026-06-01,277,249,349,1.81,transport_signal_v2,"{""model"":""transport_signal_v2"",""drivers"":[""shipper_forum_signal"",""yard_operator_signal"",""same_day_access_pressure""],""top_influencer"":""@navigation_nora"",""urgency_score"":79,""confidence"":""high"",""trend"":""rising""}",2026-05-13T10:00:45Z
50,1,New York Metro,2026-06-02,302,255,355,1.89,transport_signal_v2,"{""model"":""transport_signal_v2"",""drivers"":[""shipper_forum_signal"",""yard_operator_signal"",""same_day_access_pressure""],""top_influencer"":""@navigation_nora"",""urgency_score"":79,""confidence"":""high"",""trend"":""rising""}",2026-05-13T10:00:45Z
51,1,New York Metro,2026-06-03,320,261,361,1.99,transport_signal_v2,"{""model"":""transport_signal_v2"",""drivers"":[""shipper_forum_signal"",""yard_operator_signal"",""same_day_access_pressure""],""top_influencer"":""@navigation_nora"",""urgency_score"":79,""confidence"":""high"",""trend"":""rising""}",2026-05-13T10:00:45Z
52,1,New York Metro,2026-06-04,318,267,367,2,transport_signal_v2,"{""model"":""transport_signal_v2"",""drivers"":[""shipper_forum_signal"",""yard_operator_signal"",""same_day_access_pressure""],""top_influencer"":""@navigation_nora"",""urgency_score"":79,""confidence"":""high"",""trend"":""rising""}",2026-05-13T10:00:45Z
53,1,New York Metro,2026-06-05,307,273,373,2.02,transport_signal_v2,"{""model"":""transport_signal_v2"",""drivers"":[""shipper_forum_signal"",""yard_operator_signal"",""same_day_access_pressure""],""top_influencer"":""@navigation_nora"",""urgency_score"":79,""confidence"":""high"",""trend"":""rising""}",2026-05-13T10:00:45Z
54,1,New York Metro,2026-06-06,319,279,379,2.03,transport_signal_v2,"{""model"":""transport_signal_v2"",""drivers"":[""shipper_forum_signal"",""yard_operator_signal"",""same_day_access_pressure""],""top_influencer"":""@navigation_nora"",""urgency_score"":79,""confidence"":""high"",""trend"":""rising""}",2026-05-13T10:00:45Z
55,1,New York Metro,2026-06-07,340,285,385,2.14,transport_signal_v2,"{""model"":""transport_signal_v2"",""drivers"":[""shipper_forum_signal"",""yard_operator_signal"",""same_day_access_pressure""],""top_influencer"":""@navigation_nora"",""urgency_score"":79,""confidence"":""high"",""trend"":""rising""}",2026-05-13T10:00:45Z
56,1,New York Metro,2026-06-08,319,291,391,2.13,transport_signal_v2,"{""model"":""transport_signal_v2"",""drivers"":[""shipper_forum_signal"",""yard_operator_signal"",""same_day_access_pressure""],""top_influencer"":""@navigation_nora"",""urgency_score"":79,""confidence"":""high"",""trend"":""rising""}",2026-05-13T10:00:45Z
57,1,New York Metro,2026-06-09,339,297,397,2.16,transport_signal_v2,"{""model"":""transport_signal_v2"",""drivers"":[""shipper_forum_signal"",""yard_operator_signal"",""same_day_access_pressure""],""top_influencer"":""@navigation_nora"",""urgency_score"":79,""confidence"":""high"",""trend"":""rising""}",2026-05-13T10:00:45Z
58,1,New York Metro,2026-06-10,352,303,403,2.14,transport_signal_v2,"{""model"":""transport_signal_v2"",""drivers"":[""shipper_forum_signal"",""yard_operator_signal"",""same_day_access_pressure""],""top_influencer"":""@navigation_nora"",""urgency_score"":79,""confidence"":""high"",""trend"":""rising""}",2026-05-13T10:00:45Z
59,1,New York Metro,2026-06-11,361,309,409,2.12,transport_signal_v2,"{""model"":""transport_signal_v2"",""drivers"":[""shipper_forum_signal"",""yard_operator_signal"",""same_day_access_pressure""],""top_influencer"":""@navigation_nora"",""urgency_score"":79,""confidence"":""high"",""trend"":""rising""}",2026-05-13T10:00:45Z
60,1,New York Metro,2026-06-12,371,315,415,2.21,transport_signal_v2,"{""model"":""transport_signal_v2"",""drivers"":[""shipper_forum_signal"",""yard_operator_signal"",""same_day_access_pressure""],""top_influencer"":""@navigation_nora"",""urgency_score"":79,""confidence"":""high"",""trend"":""rising""}",2026-05-13T10:00:45Z
61,1,Los Angeles Basin,2026-05-14,135,110,198,1.21,transport_signal_v2,"{""model"":""transport_signal_v2"",""drivers"":[""regional_news_mention"",""shipper_education_video"",""weather_disruption_season""],""top_influencer"":""@terminal_maya"",""urgency_score"":74,""confidence"":""medium"",""trend"":""steady_growth""}",2026-05-13T10:00:45Z
62,1,Los Angeles Basin,2026-05-15,147,115,203,1.3,transport_signal_v2,"{""model"":""transport_signal_v2"",""drivers"":[""regional_news_mention"",""shipper_education_video"",""weather_disruption_season""],""top_influencer"":""@terminal_maya"",""urgency_score"":74,""confidence"":""medium"",""trend"":""steady_growth""}",2026-05-13T10:00:45Z
63,1,Los Angeles Basin,2026-05-16,158,120,208,1.45,transport_signal_v2,"{""model"":""transport_signal_v2"",""drivers"":[""regional_news_mention"",""shipper_education_video"",""weather_disruption_season""],""top_influencer"":""@terminal_maya"",""urgency_score"":74,""confidence"":""medium"",""trend"":""steady_growth""}",2026-05-13T10:00:45Z
64,1,Los Angeles Basin,2026-05-17,166,125,213,1.25,transport_signal_v2,"{""model"":""transport_signal_v2"",""drivers"":[""regional_news_mention"",""shipper_education_video"",""weather_disruption_season""],""top_influencer"":""@terminal_maya"",""urgency_score"":74,""confidence"":""medium"",""trend"":""steady_growth""}",2026-05-13T10:00:45Z
65,1,Los Angeles Basin,2026-05-18,176,130,218,1.42,transport_signal_v2,"{""model"":""transport_signal_v2"",""drivers"":[""regional_news_mention"",""shipper_education_video"",""weather_disruption_season""],""top_influencer"":""@terminal_maya"",""urgency_score"":74,""confidence"":""medium"",""trend"":""steady_growth""}",2026-05-13T10:00:45Z
66,1,Los Angeles Basin,2026-05-19,191,135,223,1.53,transport_signal_v2,"{""model"":""transport_signal_v2"",""drivers"":[""regional_news_mention"",""shipper_education_video"",""weather_disruption_season""],""top_influencer"":""@terminal_maya"",""urgency_score"":74,""confidence"":""medium"",""trend"":""steady_growth""}",2026-05-13T10:00:45Z
67,1,Los Angeles Basin,2026-05-20,198,140,228,1.5,transport_signal_v2,"{""model"":""transport_signal_v2"",""drivers"":[""regional_news_mention"",""shipper_education_video"",""weather_disruption_season""],""top_influencer"":""@terminal_maya"",""urgency_score"":74,""confidence"":""medium"",""trend"":""steady_growth""}",2026-05-13T10:00:45Z
68,1,Los Angeles Basin,2026-05-21,181,145,233,1.54,transport_signal_v2,"{""model"":""transport_signal_v2"",""drivers"":[""regional_news_mention"",""shipper_education_video"",""weather_disruption_season""],""top_influencer"":""@terminal_maya"",""urgency_score"":74,""confidence"":""medium"",""trend"":""steady_growth""}",2026-05-13T10:00:45Z
69,1,Los Angeles Basin,2026-05-22,177,150,238,1.42,transport_signal_v2,"{""model"":""transport_signal_v2"",""drivers"":[""regional_news_mention"",""shipper_education_video"",""weather_disruption_season""],""top_influencer"":""@terminal_maya"",""urgency_score"":74,""confidence"":""medium"",""trend"":""steady_growth""}",2026-05-13T10:00:45Z
70,1,Los Angeles Basin,2026-05-23,207,155,243,1.49,transport_signal_v2,"{""model"":""transport_signal_v2"",""drivers"":[""regional_news_mention"",""shipper_education_video"",""weather_disruption_season""],""top_influencer"":""@terminal_maya"",""urgency_score"":74,""confidence"":""medium"",""trend"":""steady_growth""}",2026-05-13T10:00:45Z
71,1,Los Angeles Basin,2026-05-24,210,160,248,1.56,transport_signal_v2,"{""model"":""transport_signal_v2"",""drivers"":[""regional_news_mention"",""shipper_education_video"",""weather_disruption_season""],""top_influencer"":""@terminal_maya"",""urgency_score"":74,""confidence"":""medium"",""trend"":""steady_growth""}",2026-05-13T10:00:45Z
72,1,Los Angeles Basin,2026-05-25,223,165,253,1.62,transport_signal_v2,"{""model"":""transport_signal_v2"",""drivers"":[""regional_news_mention"",""shipper_education_video"",""weather_disruption_season""],""top_influencer"":""@terminal_maya"",""urgency_score"":74,""confidence"":""medium"",""trend"":""steady_growth""}",2026-05-13T10:00:45Z
73,1,Los Angeles Basin,2026-05-26,192,170,258,1.6,transport_signal_v2,"{""model"":""transport_signal_v2"",""drivers"":[""regional_news_mention"",""shipper_education_video"",""weather_disruption_season""],""top_influencer"":""@terminal_maya"",""urgency_score"":74,""confidence"":""medium"",""trend"":""steady_growth""}",2026-05-13T10:00:45Z
74,1,Los Angeles Basin,2026-05-27,197,175,263,1.72,transport_signal_v2,"{""model"":""transport_signal_v2"",""drivers"":[""regional_news_mention"",""shipper_education_video"",""weather_disruption_season""],""top_influencer"":""@terminal_maya"",""urgency_score"":74,""confidence"":""medium"",""trend"":""steady_growth""}",2026-05-13T10:00:45Z
75,1,Los Angeles Basin,2026-05-28,242,180,268,1.59,transport_signal_v2,"{""model"":""transport_signal_v2"",""drivers"":[""regional_news_mention"",""shipper_education_video"",""weather_disruption_season""],""top_influencer"":""@terminal_maya"",""urgency_score"":74,""confidence"":""medium"",""trend"":""steady_growth""}",2026-05-13T10:00:45Z
76,1,Los Angeles Basin,2026-05-29,228,185,273,1.58,transport_signal_v2,"{""model"":""transport_signal_v2"",""drivers"":[""regional_news_mention"",""shipper_education_video"",""weather_disruption_season""],""top_influencer"":""@terminal_maya"",""urgency_score"":74,""confidence"":""medium"",""trend"":""steady_growth""}",2026-05-13T10:00:45Z
77,1,Los Angeles Basin,2026-05-30,225,190,278,1.75,transport_signal_v2,"{""model"":""transport_signal_v2"",""drivers"":[""regional_news_mention"",""shipper_education_video"",""weather_disruption_season""],""top_influencer"":""@terminal_maya"",""urgency_score"":74,""confidence"":""medium"",""trend"":""steady_growth""}",2026-05-13T10:00:45Z
78,1,Los Angeles Basin,2026-05-31,250,195,283,1.62,transport_signal_v2,"{""model"":""transport_signal_v2"",""drivers"":[""regional_news_mention"",""shipper_education_video"",""weather_disruption_season""],""top_influencer"":""@terminal_maya"",""urgency_score"":74,""confidence"":""medium"",""trend"":""steady_growth""}",2026-05-13T10:00:45Z
79,1,Los Angeles Basin,2026-06-01,250,200,288,1.87,transport_signal_v2,"{""model"":""transport_signal_v2"",""drivers"":[""regional_news_mention"",""shipper_education_video"",""weather_disruption_season""],""top_influencer"":""@terminal_maya"",""urgency_score"":74,""confidence"":""medium"",""trend"":""steady_growth""}",2026-05-13T10:00:45Z
80,1,Los Angeles Basin,2026-06-02,255,205,293,1.84,transport_signal_v2,"{""model"":""transport_signal_v2"",""drivers"":[""regional_news_mention"",""shipper_education_video"",""weather_disruption_season""],""top_influencer"":""@terminal_maya"",""urgency_score"":74,""confidence"":""medium"",""trend"":""steady_growth""}",2026-05-13T10:00:45Z
81,1,Los Angeles Basin,2026-06-03,242,210,298,1.71,transport_signal_v2,"{""model"":""transport_signal_v2"",""drivers"":[""regional_news_mention"",""shipper_education_video"",""weather_disruption_season""],""top_influencer"":""@terminal_maya"",""urgency_score"":74,""confidence"":""medium"",""trend"":""steady_growth""}",2026-05-13T10:00:45Z
82,1,Los Angeles Basin,2026-06-04,257,215,303,1.83,transport_signal_v2,"{""model"":""transport_signal_v2"",""drivers"":[""regional_news_mention"",""shipper_education_video"",""weather_disruption_season""],""top_influencer"":""@terminal_maya"",""urgency_score"":74,""confidence"":""medium"",""trend"":""steady_growth""}",2026-05-13T10:00:45Z
83,1,Los Angeles Basin,2026-06-05,266,220,308,1.83,transport_signal_v2,"{""model"":""transport_signal_v2"",""drivers"":[""regional_news_mention"",""shipper_education_video"",""weather_disruption_season""],""top_influencer"":""@terminal_maya"",""urgency_score"":74,""confidence"":""medium"",""trend"":""steady_growth""}",2026-05-13T10:00:45Z
84,1,Los Angeles Basin,2026-06-06,268,225,313,1.87,transport_signal_v2,"{""model"":""transport_signal_v2"",""drivers"":[""regional_news_mention"",""shipper_education_video"",""weather_disruption_season""],""top_influencer"":""@terminal_maya"",""urgency_score"":74,""confidence"":""medium"",""trend"":""steady_growth""}",2026-05-13T10:00:45Z
85,1,Los Angeles Basin,2026-06-07,288,230,318,1.83,transport_signal_v2,"{""model"":""transport_signal_v2"",""drivers"":[""regional_news_mention"",""shipper_education_video"",""weather_disruption_season""],""top_influencer"":""@terminal_maya"",""urgency_score"":74,""confidence"":""medium"",""trend"":""steady_growth""}",2026-05-13T10:00:45Z
86,1,Los Angeles Basin,2026-06-08,293,235,323,1.86,transport_signal_v2,"{""model"":""transport_signal_v2"",""drivers"":[""regional_news_mention"",""shipper_education_video"",""weather_disruption_season""],""top_influencer"":""@terminal_maya"",""urgency_score"":74,""confidence"":""medium"",""trend"":""steady_growth""}",2026-05-13T10:00:45Z
87,1,Los Angeles Basin,2026-06-09,295,240,328,1.96,transport_signal_v2,"{""model"":""transport_signal_v2"",""drivers"":[""regional_news_mention"",""shipper_education_video"",""weather_disruption_season""],""top_influencer"":""@terminal_maya"",""urgency_score"":74,""confidence"":""medium"",""trend"":""steady_growth""}",2026-05-13T10:00:45Z
88,1,Los Angeles Basin,2026-06-10,275,245,333,1.87,transport_signal_v2,"{""model"":""transport_signal_v2"",""drivers"":[""regional_news_mention"",""shipper_education_video"",""weather_disruption_season""],""top_influencer"":""@terminal_maya"",""urgency_score"":74,""confidence"":""medium"",""trend"":""steady_growth""}",2026-05-13T10:00:45Z
89,1,Los Angeles Basin,2026-06-11,297,250,338,1.94,transport_signal_v2,"{""model"":""transport_signal_v2"",""drivers"":[""regional_news_mention"",""shipper_education_video"",""weather_disruption_season""],""top_influencer"":""@terminal_maya"",""urgency_score"":74,""confidence"":""medium"",""trend"":""steady_growth""}",2026-05-13T10:00:45Z
90,1,Los Angeles Basin,2026-06-12,288,255,343,2,transport_signal_v2,"{""model"":""transport_signal_v2"",""drivers"":[""regional_news_mention"",""shipper_education_video"",""weather_disruption_season""],""top_influencer"":""@terminal_maya"",""urgency_score"":74,""confidence"":""medium"",""trend"":""steady_growth""}",2026-05-13T10:00:45Z
91,2,Seattle Metro,2026-05-14,93,74,130,1.47,transport_signal_v2,"{""model"":""transport_signal_v2"",""drivers"":[""provider_adoption_signal"",""new_lane_program"",""early_terminal_cluster""],""top_influencer"":""@teletransport_mark"",""urgency_score"":82,""confidence"":""high"",""trend"":""launch_spike""}",2026-05-13T10:00:45Z
92,2,Seattle Metro,2026-05-15,96,78,134,1.48,transport_signal_v2,"{""model"":""transport_signal_v2"",""drivers"":[""provider_adoption_signal"",""new_lane_program"",""early_terminal_cluster""],""top_influencer"":""@teletransport_mark"",""urgency_score"":82,""confidence"":""high"",""trend"":""launch_spike""}",2026-05-13T10:00:45Z
93,2,Seattle Metro,2026-05-16,104,82,138,1.46,transport_signal_v2,"{""model"":""transport_signal_v2"",""drivers"":[""provider_adoption_signal"",""new_lane_program"",""early_terminal_cluster""],""top_influencer"":""@teletransport_mark"",""urgency_score"":82,""confidence"":""high"",""trend"":""launch_spike""}",2026-05-13T10:00:45Z
94,2,Seattle Metro,2026-05-17,101,86,142,1.47,transport_signal_v2,"{""model"":""transport_signal_v2"",""drivers"":[""provider_adoption_signal"",""new_lane_program"",""early_terminal_cluster""],""top_influencer"":""@teletransport_mark"",""urgency_score"":82,""confidence"":""high"",""trend"":""launch_spike""}",2026-05-13T10:00:45Z
95,2,Seattle Metro,2026-05-18,122,90,146,1.41,transport_signal_v2,"{""model"":""transport_signal_v2"",""drivers"":[""provider_adoption_signal"",""new_lane_program"",""early_terminal_cluster""],""top_influencer"":""@teletransport_mark"",""urgency_score"":82,""confidence"":""high"",""trend"":""launch_spike""}",2026-05-13T10:00:45Z
96,2,Seattle Metro,2026-05-19,123,94,150,1.48,transport_signal_v2,"{""model"":""transport_signal_v2"",""drivers"":[""provider_adoption_signal"",""new_lane_program"",""early_terminal_cluster""],""top_influencer"":""@teletransport_mark"",""urgency_score"":82,""confidence"":""high"",""trend"":""launch_spike""}",2026-05-13T10:00:45Z
97,2,Seattle Metro,2026-05-20,121,98,154,1.48,transport_signal_v2,"{""model"":""transport_signal_v2"",""drivers"":[""provider_adoption_signal"",""new_lane_program"",""early_terminal_cluster""],""top_influencer"":""@teletransport_mark"",""urgency_score"":82,""confidence"":""high"",""trend"":""launch_spike""}",2026-05-13T10:00:45Z
98,2,Seattle Metro,2026-05-21,139,102,158,1.51,transport_signal_v2,"{""model"":""transport_signal_v2"",""drivers"":[""provider_adoption_signal"",""new_lane_program"",""early_terminal_cluster""],""top_influencer"":""@teletransport_mark"",""urgency_score"":82,""confidence"":""high"",""trend"":""launch_spike""}",2026-05-13T10:00:45Z
99,2,Seattle Metro,2026-05-22,145,106,162,1.55,transport_signal_v2,"{""model"":""transport_signal_v2"",""drivers"":[""provider_adoption_signal"",""new_lane_program"",""early_terminal_cluster""],""top_influencer"":""@teletransport_mark"",""urgency_score"":82,""confidence"":""high"",""trend"":""launch_spike""}",2026-05-13T10:00:45Z
100,2,Seattle Metro,2026-05-23,129,110,166,1.64,transport_signal_v2,"{""model"":""transport_signal_v2"",""drivers"":[""provider_adoption_signal"",""new_lane_program"",""early_terminal_cluster""],""top_influencer"":""@teletransport_mark"",""urgency_score"":82,""confidence"":""high"",""trend"":""launch_spike""}",2026-05-13T10:00:45Z
101,2,Seattle Metro,2026-05-24,147,114,170,1.65,transport_signal_v2,"{""model"":""transport_signal_v2"",""drivers"":[""provider_adoption_signal"",""new_lane_program"",""early_terminal_cluster""],""top_influencer"":""@teletransport_mark"",""urgency_score"":82,""confidence"":""high"",""trend"":""launch_spike""}",2026-05-13T10:00:45Z
102,2,Seattle Metro,2026-05-25,136,118,174,1.66,transport_signal_v2,"{""model"":""transport_signal_v2"",""drivers"":[""provider_adoption_signal"",""new_lane_program"",""early_terminal_cluster""],""top_influencer"":""@teletransport_mark"",""urgency_score"":82,""confidence"":""high"",""trend"":""launch_spike""}",2026-05-13T10:00:45Z
103,2,Seattle Metro,2026-05-26,157,122,178,1.67,transport_signal_v2,"{""model"":""transport_signal_v2"",""drivers"":[""provider_adoption_signal"",""new_lane_program"",""early_terminal_cluster""],""top_influencer"":""@teletransport_mark"",""urgency_score"":82,""confidence"":""high"",""trend"":""launch_spike""}",2026-05-13T10:00:45Z
104,2,Seattle Metro,2026-05-27,146,126,182,1.72,transport_signal_v2,"{""model"":""transport_signal_v2"",""drivers"":[""provider_adoption_signal"",""new_lane_program"",""early_terminal_cluster""],""top_influencer"":""@teletransport_mark"",""urgency_score"":82,""confidence"":""high"",""trend"":""launch_spike""}",2026-05-13T10:00:45Z
105,2,Seattle Metro,2026-05-28,169,130,186,1.62,transport_signal_v2,"{""model"":""transport_signal_v2"",""drivers"":[""provider_adoption_signal"",""new_lane_program"",""early_terminal_cluster""],""top_influencer"":""@teletransport_mark"",""urgency_score"":82,""confidence"":""high"",""trend"":""launch_spike""}",2026-05-13T10:00:45Z
106,2,Seattle Metro,2026-05-29,161,134,190,1.75,transport_signal_v2,"{""model"":""transport_signal_v2"",""drivers"":[""provider_adoption_signal"",""new_lane_program"",""early_terminal_cluster""],""top_influencer"":""@teletransport_mark"",""urgency_score"":82,""confidence"":""high"",""trend"":""launch_spike""}",2026-05-13T10:00:45Z
107,2,Seattle Metro,2026-05-30,177,138,194,1.77,transport_signal_v2,"{""model"":""transport_signal_v2"",""drivers"":[""provider_adoption_signal"",""new_lane_program"",""early_terminal_cluster""],""top_influencer"":""@teletransport_mark"",""urgency_score"":82,""confidence"":""high"",""trend"":""launch_spike""}",2026-05-13T10:00:45Z
108,2,Seattle Metro,2026-05-31,174,142,198,1.74,transport_signal_v2,"{""model"":""transport_signal_v2"",""drivers"":[""provider_adoption_signal"",""new_lane_program"",""early_terminal_cluster""],""top_influencer"":""@teletransport_mark"",""urgency_score"":82,""confidence"":""high"",""trend"":""launch_spike""}",2026-05-13T10:00:45Z
109,2,Seattle Metro,2026-06-01,181,146,202,1.76,transport_signal_v2,"{""model"":""transport_signal_v2"",""drivers"":[""provider_adoption_signal"",""new_lane_program"",""early_terminal_cluster""],""top_influencer"":""@teletransport_mark"",""urgency_score"":82,""confidence"":""high"",""trend"":""launch_spike""}",2026-05-13T10:00:45Z
110,2,Seattle Metro,2026-06-02,168,150,206,1.74,transport_signal_v2,"{""model"":""transport_signal_v2"",""drivers"":[""provider_adoption_signal"",""new_lane_program"",""early_terminal_cluster""],""top_influencer"":""@teletransport_mark"",""urgency_score"":82,""confidence"":""high"",""trend"":""launch_spike""}",2026-05-13T10:00:45Z
111,2,Seattle Metro,2026-06-03,181,154,210,1.73,transport_signal_v2,"{""model"":""transport_signal_v2"",""drivers"":[""provider_adoption_signal"",""new_lane_program"",""early_terminal_cluster""],""top_influencer"":""@teletransport_mark"",""urgency_score"":82,""confidence"":""high"",""trend"":""launch_spike""}",2026-05-13T10:00:45Z
112,2,Seattle Metro,2026-06-04,195,158,214,1.77,transport_signal_v2,"{""model"":""transport_signal_v2"",""drivers"":[""provider_adoption_signal"",""new_lane_program"",""early_terminal_cluster""],""top_influencer"":""@teletransport_mark"",""urgency_score"":82,""confidence"":""high"",""trend"":""launch_spike""}",2026-05-13T10:00:45Z
113,2,Seattle Metro,2026-06-05,189,162,218,1.88,transport_signal_v2,"{""model"":""transport_signal_v2"",""drivers"":[""provider_adoption_signal"",""new_lane_program"",""early_terminal_cluster""],""top_influencer"":""@teletransport_mark"",""urgency_score"":82,""confidence"":""high"",""trend"":""launch_spike""}",2026-05-13T10:00:45Z
114,2,Seattle Metro,2026-06-06,195,166,222,1.9,transport_signal_v2,"{""model"":""transport_signal_v2"",""drivers"":[""provider_adoption_signal"",""new_lane_program"",""early_terminal_cluster""],""top_influencer"":""@teletransport_mark"",""urgency_score"":82,""confidence"":""high"",""trend"":""launch_spike""}",2026-05-13T10:00:45Z
115,2,Seattle Metro,2026-06-07,209,170,226,1.85,transport_signal_v2,"{""model"":""transport_signal_v2"",""drivers"":[""provider_adoption_signal"",""new_lane_program"",""early_terminal_cluster""],""top_influencer"":""@teletransport_mark"",""urgency_score"":82,""confidence"":""high"",""trend"":""launch_spike""}",2026-05-13T10:00:45Z
116,2,Seattle Metro,2026-06-08,214,174,230,1.87,transport_signal_v2,"{""model"":""transport_signal_v2"",""drivers"":[""provider_adoption_signal"",""new_lane_program"",""early_terminal_cluster""],""top_influencer"":""@teletransport_mark"",""urgency_score"":82,""confidence"":""high"",""trend"":""launch_spike""}",2026-05-13T10:00:45Z
117,2,Seattle Metro,2026-06-09,197,178,234,1.9,transport_signal_v2,"{""model"":""transport_signal_v2"",""drivers"":[""provider_adoption_signal"",""new_lane_program"",""early_terminal_cluster""],""top_influencer"":""@teletransport_mark"",""urgency_score"":82,""confidence"":""high"",""trend"":""launch_spike""}",2026-05-13T10:00:45Z
118,2,Seattle Metro,2026-06-10,202,182,238,2,transport_signal_v2,"{""model"":""transport_signal_v2"",""drivers"":[""provider_adoption_signal"",""new_lane_program"",""early_terminal_cluster""],""top_influencer"":""@teletransport_mark"",""urgency_score"":82,""confidence"":""high"",""trend"":""launch_spike""}",2026-05-13T10:00:45Z
119,2,Seattle Metro,2026-06-11,219,186,242,1.93,transport_signal_v2,"{""model"":""transport_signal_v2"",""drivers"":[""provider_adoption_signal"",""new_lane_program"",""early_terminal_cluster""],""top_influencer"":""@teletransport_mark"",""urgency_score"":82,""confidence"":""high"",""trend"":""launch_spike""}",2026-05-13T10:00:45Z
120,2,Seattle Metro,2026-06-12,227,190,246,1.94,transport_signal_v2,"{""model"":""transport_signal_v2"",""drivers"":[""provider_adoption_signal"",""new_lane_program"",""early_terminal_cluster""],""top_influencer"":""@teletransport_mark"",""urgency_score"":82,""confidence"":""high"",""trend"":""launch_spike""}",2026-05-13T10:00:45Z
121,2,Austin Metro,2026-05-14,89,60,108,1.35,transport_signal_v2,"{""model"":""transport_signal_v2"",""drivers"":[""regional_provider_roundtable"",""terminal_network_adoption"",""control_tower_signal""],""top_influencer"":""@access_ava"",""urgency_score"":71,""confidence"":""medium"",""trend"":""rising""}",2026-05-13T10:00:45Z
122,2,Austin Metro,2026-05-15,85,63,111,1.4,transport_signal_v2,"{""model"":""transport_signal_v2"",""drivers"":[""regional_provider_roundtable"",""terminal_network_adoption"",""control_tower_signal""],""top_influencer"":""@access_ava"",""urgency_score"":71,""confidence"":""medium"",""trend"":""rising""}",2026-05-13T10:00:45Z
123,2,Austin Metro,2026-05-16,97,66,114,1.34,transport_signal_v2,"{""model"":""transport_signal_v2"",""drivers"":[""regional_provider_roundtable"",""terminal_network_adoption"",""control_tower_signal""],""top_influencer"":""@access_ava"",""urgency_score"":71,""confidence"":""medium"",""trend"":""rising""}",2026-05-13T10:00:45Z
124,2,Austin Metro,2026-05-17,101,69,117,1.33,transport_signal_v2,"{""model"":""transport_signal_v2"",""drivers"":[""regional_provider_roundtable"",""terminal_network_adoption"",""control_tower_signal""],""top_influencer"":""@access_ava"",""urgency_score"":71,""confidence"":""medium"",""trend"":""rising""}",2026-05-13T10:00:45Z
125,2,Austin Metro,2026-05-18,101,72,120,1.33,transport_signal_v2,"{""model"":""transport_signal_v2"",""drivers"":[""regional_provider_roundtable"",""terminal_network_adoption"",""control_tower_signal""],""top_influencer"":""@access_ava"",""urgency_score"":71,""confidence"":""medium"",""trend"":""rising""}",2026-05-13T10:00:45Z
126,2,Austin Metro,2026-05-19,100,75,123,1.42,transport_signal_v2,"{""model"":""transport_signal_v2"",""drivers"":[""regional_provider_roundtable"",""terminal_network_adoption"",""control_tower_signal""],""top_influencer"":""@access_ava"",""urgency_score"":71,""confidence"":""medium"",""trend"":""rising""}",2026-05-13T10:00:45Z
127,2,Austin Metro,2026-05-20,102,78,126,1.36,transport_signal_v2,"{""model"":""transport_signal_v2"",""drivers"":[""regional_provider_roundtable"",""terminal_network_adoption"",""control_tower_signal""],""top_influencer"":""@access_ava"",""urgency_score"":71,""confidence"":""medium"",""trend"":""rising""}",2026-05-13T10:00:45Z
128,2,Austin Metro,2026-05-21,97,81,129,1.41,transport_signal_v2,"{""model"":""transport_signal_v2"",""drivers"":[""regional_provider_roundtable"",""terminal_network_adoption"",""control_tower_signal""],""top_influencer"":""@access_ava"",""urgency_score"":71,""confidence"":""medium"",""trend"":""rising""}",2026-05-13T10:00:45Z
129,2,Austin Metro,2026-05-22,111,84,132,1.51,transport_signal_v2,"{""model"":""transport_signal_v2"",""drivers"":[""regional_provider_roundtable"",""terminal_network_adoption"",""control_tower_signal""],""top_influencer"":""@access_ava"",""urgency_score"":71,""confidence"":""medium"",""trend"":""rising""}",2026-05-13T10:00:45Z
130,2,Austin Metro,2026-05-23,112,87,135,1.54,transport_signal_v2,"{""model"":""transport_signal_v2"",""drivers"":[""regional_provider_roundtable"",""terminal_network_adoption"",""control_tower_signal""],""top_influencer"":""@access_ava"",""urgency_score"":71,""confidence"":""medium"",""trend"":""rising""}",2026-05-13T10:00:45Z
131,2,Austin Metro,2026-05-24,104,90,138,1.45,transport_signal_v2,"{""model"":""transport_signal_v2"",""drivers"":[""regional_provider_roundtable"",""terminal_network_adoption"",""control_tower_signal""],""top_influencer"":""@access_ava"",""urgency_score"":71,""confidence"":""medium"",""trend"":""rising""}",2026-05-13T10:00:45Z
132,2,Austin Metro,2026-05-25,112,93,141,1.45,transport_signal_v2,"{""model"":""transport_signal_v2"",""drivers"":[""regional_provider_roundtable"",""terminal_network_adoption"",""control_tower_signal""],""top_influencer"":""@access_ava"",""urgency_score"":71,""confidence"":""medium"",""trend"":""rising""}",2026-05-13T10:00:45Z
133,2,Austin Metro,2026-05-26,120,96,144,1.56,transport_signal_v2,"{""model"":""transport_signal_v2"",""drivers"":[""regional_provider_roundtable"",""terminal_network_adoption"",""control_tower_signal""],""top_influencer"":""@access_ava"",""urgency_score"":71,""confidence"":""medium"",""trend"":""rising""}",2026-05-13T10:00:45Z
134,2,Austin Metro,2026-05-27,128,99,147,1.58,transport_signal_v2,"{""model"":""transport_signal_v2"",""drivers"":[""regional_provider_roundtable"",""terminal_network_adoption"",""control_tower_signal""],""top_influencer"":""@access_ava"",""urgency_score"":71,""confidence"":""medium"",""trend"":""rising""}",2026-05-13T10:00:45Z
135,2,Austin Metro,2026-05-28,118,102,150,1.58,transport_signal_v2,"{""model"":""transport_signal_v2"",""drivers"":[""regional_provider_roundtable"",""terminal_network_adoption"",""control_tower_signal""],""top_influencer"":""@access_ava"",""urgency_score"":71,""confidence"":""medium"",""trend"":""rising""}",2026-05-13T10:00:45Z
136,2,Austin Metro,2026-05-29,134,105,153,1.6,transport_signal_v2,"{""model"":""transport_signal_v2"",""drivers"":[""regional_provider_roundtable"",""terminal_network_adoption"",""control_tower_signal""],""top_influencer"":""@access_ava"",""urgency_score"":71,""confidence"":""medium"",""trend"":""rising""}",2026-05-13T10:00:45Z
137,2,Austin Metro,2026-05-30,141,108,156,1.61,transport_signal_v2,"{""model"":""transport_signal_v2"",""drivers"":[""regional_provider_roundtable"",""terminal_network_adoption"",""control_tower_signal""],""top_influencer"":""@access_ava"",""urgency_score"":71,""confidence"":""medium"",""trend"":""rising""}",2026-05-13T10:00:45Z
138,2,Austin Metro,2026-05-31,143,111,159,1.59,transport_signal_v2,"{""model"":""transport_signal_v2"",""drivers"":[""regional_provider_roundtable"",""terminal_network_adoption"",""control_tower_signal""],""top_influencer"":""@access_ava"",""urgency_score"":71,""confidence"":""medium"",""trend"":""rising""}",2026-05-13T10:00:45Z
139,2,Austin Metro,2026-06-01,134,114,162,1.68,transport_signal_v2,"{""model"":""transport_signal_v2"",""drivers"":[""regional_provider_roundtable"",""terminal_network_adoption"",""control_tower_signal""],""top_influencer"":""@access_ava"",""urgency_score"":71,""confidence"":""medium"",""trend"":""rising""}",2026-05-13T10:00:45Z
140,2,Austin Metro,2026-06-02,137,117,165,1.6,transport_signal_v2,"{""model"":""transport_signal_v2"",""drivers"":[""regional_provider_roundtable"",""terminal_network_adoption"",""control_tower_signal""],""top_influencer"":""@access_ava"",""urgency_score"":71,""confidence"":""medium"",""trend"":""rising""}",2026-05-13T10:00:45Z
141,2,Austin Metro,2026-06-03,149,120,168,1.59,transport_signal_v2,"{""model"":""transport_signal_v2"",""drivers"":[""regional_provider_roundtable"",""terminal_network_adoption"",""control_tower_signal""],""top_influencer"":""@access_ava"",""urgency_score"":71,""confidence"":""medium"",""trend"":""rising""}",2026-05-13T10:00:45Z
142,2,Austin Metro,2026-06-04,141,123,171,1.67,transport_signal_v2,"{""model"":""transport_signal_v2"",""drivers"":[""regional_provider_roundtable"",""terminal_network_adoption"",""control_tower_signal""],""top_influencer"":""@access_ava"",""urgency_score"":71,""confidence"":""medium"",""trend"":""rising""}",2026-05-13T10:00:45Z
143,2,Austin Metro,2026-06-05,147,126,174,1.62,transport_signal_v2,"{""model"":""transport_signal_v2"",""drivers"":[""regional_provider_roundtable"",""terminal_network_adoption"",""control_tower_signal""],""top_influencer"":""@access_ava"",""urgency_score"":71,""confidence"":""medium"",""trend"":""rising""}",2026-05-13T10:00:45Z
144,2,Austin Metro,2026-06-06,153,129,177,1.76,transport_signal_v2,"{""model"":""transport_signal_v2"",""drivers"":[""regional_provider_roundtable"",""terminal_network_adoption"",""control_tower_signal""],""top_influencer"":""@access_ava"",""urgency_score"":71,""confidence"":""medium"",""trend"":""rising""}",2026-05-13T10:00:45Z
145,2,Austin Metro,2026-06-07,147,132,180,1.77,transport_signal_v2,"{""model"":""transport_signal_v2"",""drivers"":[""regional_provider_roundtable"",""terminal_network_adoption"",""control_tower_signal""],""top_influencer"":""@access_ava"",""urgency_score"":71,""confidence"":""medium"",""trend"":""rising""}",2026-05-13T10:00:45Z
146,2,Austin Metro,2026-06-08,162,135,183,1.78,transport_signal_v2,"{""model"":""transport_signal_v2"",""drivers"":[""regional_provider_roundtable"",""terminal_network_adoption"",""control_tower_signal""],""top_influencer"":""@access_ava"",""urgency_score"":71,""confidence"":""medium"",""trend"":""rising""}",2026-05-13T10:00:45Z
147,2,Austin Metro,2026-06-09,161,138,186,1.69,transport_signal_v2,"{""model"":""transport_signal_v2"",""drivers"":[""regional_provider_roundtable"",""terminal_network_adoption"",""control_tower_signal""],""top_influencer"":""@access_ava"",""urgency_score"":71,""confidence"":""medium"",""trend"":""rising""}",2026-05-13T10:00:45Z
148,2,Austin Metro,2026-06-10,162,141,189,1.73,transport_signal_v2,"{""model"":""transport_signal_v2"",""drivers"":[""regional_provider_roundtable"",""terminal_network_adoption"",""control_tower_signal""],""top_influencer"":""@access_ava"",""urgency_score"":71,""confidence"":""medium"",""trend"":""rising""}",2026-05-13T10:00:45Z
149,2,Austin Metro,2026-06-11,160,144,192,1.74,transport_signal_v2,"{""model"":""transport_signal_v2"",""drivers"":[""regional_provider_roundtable"",""terminal_network_adoption"",""control_tower_signal""],""top_influencer"":""@access_ava"",""urgency_score"":71,""confidence"":""medium"",""trend"":""rising""}",2026-05-13T10:00:45Z
150,2,Austin Metro,2026-06-12,167,147,195,1.71,transport_signal_v2,"{""model"":""transport_signal_v2"",""drivers"":[""regional_provider_roundtable"",""terminal_network_adoption"",""control_tower_signal""],""top_influencer"":""@access_ava"",""urgency_score"":71,""confidence"":""medium"",""trend"":""rising""}",2026-05-13T10:00:45Z
151,3,Denver Metro,2026-05-14,74,47,89,1.2,transport_signal_v2,"{""model"":""transport_signal_v2"",""drivers"":[""regional_lane_referral_cluster"",""new_year_resolution_effect"",""outdoor_season_start""],""top_influencer"":""@lane_recovery_reed"",""urgency_score"":64,""confidence"":""medium"",""trend"":""seasonal_uptick""}",2026-05-13T10:00:45Z
152,3,Denver Metro,2026-05-15,75,49,91,1.21,transport_signal_v2,"{""model"":""transport_signal_v2"",""drivers"":[""regional_lane_referral_cluster"",""new_year_resolution_effect"",""outdoor_season_start""],""top_influencer"":""@lane_recovery_reed"",""urgency_score"":64,""confidence"":""medium"",""trend"":""seasonal_uptick""}",2026-05-13T10:00:45Z
153,3,Denver Metro,2026-05-16,74,51,93,1.2,transport_signal_v2,"{""model"":""transport_signal_v2"",""drivers"":[""regional_lane_referral_cluster"",""new_year_resolution_effect"",""outdoor_season_start""],""top_influencer"":""@lane_recovery_reed"",""urgency_score"":64,""confidence"":""medium"",""trend"":""seasonal_uptick""}",2026-05-13T10:00:45Z
154,3,Denver Metro,2026-05-17,80,53,95,1.24,transport_signal_v2,"{""model"":""transport_signal_v2"",""drivers"":[""regional_lane_referral_cluster"",""new_year_resolution_effect"",""outdoor_season_start""],""top_influencer"":""@lane_recovery_reed"",""urgency_score"":64,""confidence"":""medium"",""trend"":""seasonal_uptick""}",2026-05-13T10:00:45Z
155,3,Denver Metro,2026-05-18,82,55,97,1.21,transport_signal_v2,"{""model"":""transport_signal_v2"",""drivers"":[""regional_lane_referral_cluster"",""new_year_resolution_effect"",""outdoor_season_start""],""top_influencer"":""@lane_recovery_reed"",""urgency_score"":64,""confidence"":""medium"",""trend"":""seasonal_uptick""}",2026-05-13T10:00:45Z
156,3,Denver Metro,2026-05-19,77,57,99,1.22,transport_signal_v2,"{""model"":""transport_signal_v2"",""drivers"":[""regional_lane_referral_cluster"",""new_year_resolution_effect"",""outdoor_season_start""],""top_influencer"":""@lane_recovery_reed"",""urgency_score"":64,""confidence"":""medium"",""trend"":""seasonal_uptick""}",2026-05-13T10:00:45Z
157,3,Denver Metro,2026-05-20,86,59,101,1.27,transport_signal_v2,"{""model"":""transport_signal_v2"",""drivers"":[""regional_lane_referral_cluster"",""new_year_resolution_effect"",""outdoor_season_start""],""top_influencer"":""@lane_recovery_reed"",""urgency_score"":64,""confidence"":""medium"",""trend"":""seasonal_uptick""}",2026-05-13T10:00:45Z
158,3,Denver Metro,2026-05-21,78,61,103,1.23,transport_signal_v2,"{""model"":""transport_signal_v2"",""drivers"":[""regional_lane_referral_cluster"",""new_year_resolution_effect"",""outdoor_season_start""],""top_influencer"":""@lane_recovery_reed"",""urgency_score"":64,""confidence"":""medium"",""trend"":""seasonal_uptick""}",2026-05-13T10:00:45Z
159,3,Denver Metro,2026-05-22,80,63,105,1.29,transport_signal_v2,"{""model"":""transport_signal_v2"",""drivers"":[""regional_lane_referral_cluster"",""new_year_resolution_effect"",""outdoor_season_start""],""top_influencer"":""@lane_recovery_reed"",""urgency_score"":64,""confidence"":""medium"",""trend"":""seasonal_uptick""}",2026-05-13T10:00:45Z
160,3,Denver Metro,2026-05-23,95,65,107,1.28,transport_signal_v2,"{""model"":""transport_signal_v2"",""drivers"":[""regional_lane_referral_cluster"",""new_year_resolution_effect"",""outdoor_season_start""],""top_influencer"":""@lane_recovery_reed"",""urgency_score"":64,""confidence"":""medium"",""trend"":""seasonal_uptick""}",2026-05-13T10:00:45Z
161,3,Denver Metro,2026-05-24,87,67,109,1.27,transport_signal_v2,"{""model"":""transport_signal_v2"",""drivers"":[""regional_lane_referral_cluster"",""new_year_resolution_effect"",""outdoor_season_start""],""top_influencer"":""@lane_recovery_reed"",""urgency_score"":64,""confidence"":""medium"",""trend"":""seasonal_uptick""}",2026-05-13T10:00:45Z
162,3,Denver Metro,2026-05-25,89,69,111,1.3,transport_signal_v2,"{""model"":""transport_signal_v2"",""drivers"":[""regional_lane_referral_cluster"",""new_year_resolution_effect"",""outdoor_season_start""],""top_influencer"":""@lane_recovery_reed"",""urgency_score"":64,""confidence"":""medium"",""trend"":""seasonal_uptick""}",2026-05-13T10:00:45Z
163,3,Denver Metro,2026-05-26,97,71,113,1.25,transport_signal_v2,"{""model"":""transport_signal_v2"",""drivers"":[""regional_lane_referral_cluster"",""new_year_resolution_effect"",""outdoor_season_start""],""top_influencer"":""@lane_recovery_reed"",""urgency_score"":64,""confidence"":""medium"",""trend"":""seasonal_uptick""}",2026-05-13T10:00:45Z
164,3,Denver Metro,2026-05-27,102,73,115,1.26,transport_signal_v2,"{""model"":""transport_signal_v2"",""drivers"":[""regional_lane_referral_cluster"",""new_year_resolution_effect"",""outdoor_season_start""],""top_influencer"":""@lane_recovery_reed"",""urgency_score"":64,""confidence"":""medium"",""trend"":""seasonal_uptick""}",2026-05-13T10:00:45Z
165,3,Denver Metro,2026-05-28,103,75,117,1.28,transport_signal_v2,"{""model"":""transport_signal_v2"",""drivers"":[""regional_lane_referral_cluster"",""new_year_resolution_effect"",""outdoor_season_start""],""top_influencer"":""@lane_recovery_reed"",""urgency_score"":64,""confidence"":""medium"",""trend"":""seasonal_uptick""}",2026-05-13T10:00:45Z
166,3,Denver Metro,2026-05-29,97,77,119,1.28,transport_signal_v2,"{""model"":""transport_signal_v2"",""drivers"":[""regional_lane_referral_cluster"",""new_year_resolution_effect"",""outdoor_season_start""],""top_influencer"":""@lane_recovery_reed"",""urgency_score"":64,""confidence"":""medium"",""trend"":""seasonal_uptick""}",2026-05-13T10:00:45Z
167,3,Denver Metro,2026-05-30,101,79,121,1.28,transport_signal_v2,"{""model"":""transport_signal_v2"",""drivers"":[""regional_lane_referral_cluster"",""new_year_resolution_effect"",""outdoor_season_start""],""top_influencer"":""@lane_recovery_reed"",""urgency_score"":64,""confidence"":""medium"",""trend"":""seasonal_uptick""}",2026-05-13T10:00:45Z
168,3,Denver Metro,2026-05-31,94,81,123,1.33,transport_signal_v2,"{""model"":""transport_signal_v2"",""drivers"":[""regional_lane_referral_cluster"",""new_year_resolution_effect"",""outdoor_season_start""],""top_influencer"":""@lane_recovery_reed"",""urgency_score"":64,""confidence"":""medium"",""trend"":""seasonal_uptick""}",2026-05-13T10:00:45Z
169,3,Denver Metro,2026-06-01,108,83,125,1.3,transport_signal_v2,"{""model"":""transport_signal_v2"",""drivers"":[""regional_lane_referral_cluster"",""new_year_resolution_effect"",""outdoor_season_start""],""top_influencer"":""@lane_recovery_reed"",""urgency_score"":64,""confidence"":""medium"",""trend"":""seasonal_uptick""}",2026-05-13T10:00:45Z
170,3,Denver Metro,2026-06-02,104,85,127,1.33,transport_signal_v2,"{""model"":""transport_signal_v2"",""drivers"":[""regional_lane_referral_cluster"",""new_year_resolution_effect"",""outdoor_season_start""],""top_influencer"":""@lane_recovery_reed"",""urgency_score"":64,""confidence"":""medium"",""trend"":""seasonal_uptick""}",2026-05-13T10:00:45Z
171,3,Denver Metro,2026-06-03,110,87,129,1.31,transport_signal_v2,"{""model"":""transport_signal_v2"",""drivers"":[""regional_lane_referral_cluster"",""new_year_resolution_effect"",""outdoor_season_start""],""top_influencer"":""@lane_recovery_reed"",""urgency_score"":64,""confidence"":""medium"",""trend"":""seasonal_uptick""}",2026-05-13T10:00:45Z
172,3,Denver Metro,2026-06-04,107,89,131,1.44,transport_signal_v2,"{""model"":""transport_signal_v2"",""drivers"":[""regional_lane_referral_cluster"",""new_year_resolution_effect"",""outdoor_season_start""],""top_influencer"":""@lane_recovery_reed"",""urgency_score"":64,""confidence"":""medium"",""trend"":""seasonal_uptick""}",2026-05-13T10:00:45Z
173,3,Denver Metro,2026-06-05,115,91,133,1.45,transport_signal_v2,"{""model"":""transport_signal_v2"",""drivers"":[""regional_lane_referral_cluster"",""new_year_resolution_effect"",""outdoor_season_start""],""top_influencer"":""@lane_recovery_reed"",""urgency_score"":64,""confidence"":""medium"",""trend"":""seasonal_uptick""}",2026-05-13T10:00:45Z
174,3,Denver Metro,2026-06-06,109,93,135,1.44,transport_signal_v2,"{""model"":""transport_signal_v2"",""drivers"":[""regional_lane_referral_cluster"",""new_year_resolution_effect"",""outdoor_season_start""],""top_influencer"":""@lane_recovery_reed"",""urgency_score"":64,""confidence"":""medium"",""trend"":""seasonal_uptick""}",2026-05-13T10:00:45Z
175,3,Denver Metro,2026-06-07,108,95,137,1.39,transport_signal_v2,"{""model"":""transport_signal_v2"",""drivers"":[""regional_lane_referral_cluster"",""new_year_resolution_effect"",""outdoor_season_start""],""top_influencer"":""@lane_recovery_reed"",""urgency_score"":64,""confidence"":""medium"",""trend"":""seasonal_uptick""}",2026-05-13T10:00:45Z
176,3,Denver Metro,2026-06-08,127,97,139,1.43,transport_signal_v2,"{""model"":""transport_signal_v2"",""drivers"":[""regional_lane_referral_cluster"",""new_year_resolution_effect"",""outdoor_season_start""],""top_influencer"":""@lane_recovery_reed"",""urgency_score"":64,""confidence"":""medium"",""trend"":""seasonal_uptick""}",2026-05-13T10:00:45Z
177,3,Denver Metro,2026-06-09,126,99,141,1.46,transport_signal_v2,"{""model"":""transport_signal_v2"",""drivers"":[""regional_lane_referral_cluster"",""new_year_resolution_effect"",""outdoor_season_start""],""top_influencer"":""@lane_recovery_reed"",""urgency_score"":64,""confidence"":""medium"",""trend"":""seasonal_uptick""}",2026-05-13T10:00:45Z
178,3,Denver Metro,2026-06-10,126,101,143,1.45,transport_signal_v2,"{""model"":""transport_signal_v2"",""drivers"":[""regional_lane_referral_cluster"",""new_year_resolution_effect"",""outdoor_season_start""],""top_influencer"":""@lane_recovery_reed"",""urgency_score"":64,""confidence"":""medium"",""trend"":""seasonal_uptick""}",2026-05-13T10:00:45Z
179,3,Denver Metro,2026-06-11,132,103,145,1.48,transport_signal_v2,"{""model"":""transport_signal_v2"",""drivers"":[""regional_lane_referral_cluster"",""new_year_resolution_effect"",""outdoor_season_start""],""top_influencer"":""@lane_recovery_reed"",""urgency_score"":64,""confidence"":""medium"",""trend"":""seasonal_uptick""}",2026-05-13T10:00:45Z
180,3,Denver Metro,2026-06-12,133,105,147,1.46,transport_signal_v2,"{""model"":""transport_signal_v2"",""drivers"":[""regional_lane_referral_cluster"",""new_year_resolution_effect"",""outdoor_season_start""],""top_influencer"":""@lane_recovery_reed"",""urgency_score"":64,""confidence"":""medium"",""trend"":""seasonal_uptick""}",2026-05-13T10:00:45Z
181,3,Atlanta Metro,2026-05-14,101,63,123,1.1,transport_signal_v2,"{""model"":""transport_signal_v2"",""drivers"":[""regional_freight_recovery_challenge"",""carrier_operations_signal_source"",""spring_season""],""top_influencer"":""@homeport_keisha"",""urgency_score"":68,""confidence"":""medium"",""trend"":""growing""}",2026-05-13T10:00:45Z
182,3,Atlanta Metro,2026-05-15,82,66,126,1.13,transport_signal_v2,"{""model"":""transport_signal_v2"",""drivers"":[""regional_freight_recovery_challenge"",""carrier_operations_signal_source"",""spring_season""],""top_influencer"":""@homeport_keisha"",""urgency_score"":68,""confidence"":""medium"",""trend"":""growing""}",2026-05-13T10:00:45Z
183,3,Atlanta Metro,2026-05-16,101,69,129,1.15,transport_signal_v2,"{""model"":""transport_signal_v2"",""drivers"":[""regional_freight_recovery_challenge"",""carrier_operations_signal_source"",""spring_season""],""top_influencer"":""@homeport_keisha"",""urgency_score"":68,""confidence"":""medium"",""trend"":""growing""}",2026-05-13T10:00:45Z
184,3,Atlanta Metro,2026-05-17,112,72,132,1.18,transport_signal_v2,"{""model"":""transport_signal_v2"",""drivers"":[""regional_freight_recovery_challenge"",""carrier_operations_signal_source"",""spring_season""],""top_influencer"":""@homeport_keisha"",""urgency_score"":68,""confidence"":""medium"",""trend"":""growing""}",2026-05-13T10:00:45Z
185,3,Atlanta Metro,2026-05-18,115,75,135,1.2,transport_signal_v2,"{""model"":""transport_signal_v2"",""drivers"":[""regional_freight_recovery_challenge"",""carrier_operations_signal_source"",""spring_season""],""top_influencer"":""@homeport_keisha"",""urgency_score"":68,""confidence"":""medium"",""trend"":""growing""}",2026-05-13T10:00:45Z
186,3,Atlanta Metro,2026-05-19,112,78,138,1.25,transport_signal_v2,"{""model"":""transport_signal_v2"",""drivers"":[""regional_freight_recovery_challenge"",""carrier_operations_signal_source"",""spring_season""],""top_influencer"":""@homeport_keisha"",""urgency_score"":68,""confidence"":""medium"",""trend"":""growing""}",2026-05-13T10:00:45Z
187,3,Atlanta Metro,2026-05-20,120,81,141,1.18,transport_signal_v2,"{""model"":""transport_signal_v2"",""drivers"":[""regional_freight_recovery_challenge"",""carrier_operations_signal_source"",""spring_season""],""top_influencer"":""@homeport_keisha"",""urgency_score"":68,""confidence"":""medium"",""trend"":""growing""}",2026-05-13T10:00:45Z
188,3,Atlanta Metro,2026-05-21,116,84,144,1.16,transport_signal_v2,"{""model"":""transport_signal_v2"",""drivers"":[""regional_freight_recovery_challenge"",""carrier_operations_signal_source"",""spring_season""],""top_influencer"":""@homeport_keisha"",""urgency_score"":68,""confidence"":""medium"",""trend"":""growing""}",2026-05-13T10:00:45Z
189,3,Atlanta Metro,2026-05-22,117,87,147,1.25,transport_signal_v2,"{""model"":""transport_signal_v2"",""drivers"":[""regional_freight_recovery_challenge"",""carrier_operations_signal_source"",""spring_season""],""top_influencer"":""@homeport_keisha"",""urgency_score"":68,""confidence"":""medium"",""trend"":""growing""}",2026-05-13T10:00:45Z
190,3,Atlanta Metro,2026-05-23,118,90,150,1.28,transport_signal_v2,"{""model"":""transport_signal_v2"",""drivers"":[""regional_freight_recovery_challenge"",""carrier_operations_signal_source"",""spring_season""],""top_influencer"":""@homeport_keisha"",""urgency_score"":68,""confidence"":""medium"",""trend"":""growing""}",2026-05-13T10:00:45Z
191,3,Atlanta Metro,2026-05-24,124,93,153,1.31,transport_signal_v2,"{""model"":""transport_signal_v2"",""drivers"":[""regional_freight_recovery_challenge"",""carrier_operations_signal_source"",""spring_season""],""top_influencer"":""@homeport_keisha"",""urgency_score"":68,""confidence"":""medium"",""trend"":""growing""}",2026-05-13T10:00:45Z
192,3,Atlanta Metro,2026-05-25,132,96,156,1.29,transport_signal_v2,"{""model"":""transport_signal_v2"",""drivers"":[""regional_freight_recovery_challenge"",""carrier_operations_signal_source"",""spring_season""],""top_influencer"":""@homeport_keisha"",""urgency_score"":68,""confidence"":""medium"",""trend"":""growing""}",2026-05-13T10:00:45Z
193,3,Atlanta Metro,2026-05-26,116,99,159,1.23,transport_signal_v2,"{""model"":""transport_signal_v2"",""drivers"":[""regional_freight_recovery_challenge"",""carrier_operations_signal_source"",""spring_season""],""top_influencer"":""@homeport_keisha"",""urgency_score"":68,""confidence"":""medium"",""trend"":""growing""}",2026-05-13T10:00:45Z
194,3,Atlanta Metro,2026-05-27,138,102,162,1.28,transport_signal_v2,"{""model"":""transport_signal_v2"",""drivers"":[""regional_freight_recovery_challenge"",""carrier_operations_signal_source"",""spring_season""],""top_influencer"":""@homeport_keisha"",""urgency_score"":68,""confidence"":""medium"",""trend"":""growing""}",2026-05-13T10:00:45Z
195,3,Atlanta Metro,2026-05-28,143,105,165,1.36,transport_signal_v2,"{""model"":""transport_signal_v2"",""drivers"":[""regional_freight_recovery_challenge"",""carrier_operations_signal_source"",""spring_season""],""top_influencer"":""@homeport_keisha"",""urgency_score"":68,""confidence"":""medium"",""trend"":""growing""}",2026-05-13T10:00:45Z
196,3,Atlanta Metro,2026-05-29,149,108,168,1.32,transport_signal_v2,"{""model"":""transport_signal_v2"",""drivers"":[""regional_freight_recovery_challenge"",""carrier_operations_signal_source"",""spring_season""],""top_influencer"":""@homeport_keisha"",""urgency_score"":68,""confidence"":""medium"",""trend"":""growing""}",2026-05-13T10:00:45Z
197,3,Atlanta Metro,2026-05-30,136,111,171,1.31,transport_signal_v2,"{""model"":""transport_signal_v2"",""drivers"":[""regional_freight_recovery_challenge"",""carrier_operations_signal_source"",""spring_season""],""top_influencer"":""@homeport_keisha"",""urgency_score"":68,""confidence"":""medium"",""trend"":""growing""}",2026-05-13T10:00:45Z
198,3,Atlanta Metro,2026-05-31,146,114,174,1.29,transport_signal_v2,"{""model"":""transport_signal_v2"",""drivers"":[""regional_freight_recovery_challenge"",""carrier_operations_signal_source"",""spring_season""],""top_influencer"":""@homeport_keisha"",""urgency_score"":68,""confidence"":""medium"",""trend"":""growing""}",2026-05-13T10:00:45Z
199,3,Atlanta Metro,2026-06-01,146,117,177,1.31,transport_signal_v2,"{""model"":""transport_signal_v2"",""drivers"":[""regional_freight_recovery_challenge"",""carrier_operations_signal_source"",""spring_season""],""top_influencer"":""@homeport_keisha"",""urgency_score"":68,""confidence"":""medium"",""trend"":""growing""}",2026-05-13T10:00:45Z
200,3,Atlanta Metro,2026-06-02,150,120,180,1.37,transport_signal_v2,"{""model"":""transport_signal_v2"",""drivers"":[""regional_freight_recovery_challenge"",""carrier_operations_signal_source"",""spring_season""],""top_influencer"":""@homeport_keisha"",""urgency_score"":68,""confidence"":""medium"",""trend"":""growing""}",2026-05-13T10:00:45Z
201,3,Atlanta Metro,2026-06-03,156,123,183,1.42,transport_signal_v2,"{""model"":""transport_signal_v2"",""drivers"":[""regional_freight_recovery_challenge"",""carrier_operations_signal_source"",""spring_season""],""top_influencer"":""@homeport_keisha"",""urgency_score"":68,""confidence"":""medium"",""trend"":""growing""}",2026-05-13T10:00:45Z
202,3,Atlanta Metro,2026-06-04,161,126,186,1.44,transport_signal_v2,"{""model"":""transport_signal_v2"",""drivers"":[""regional_freight_recovery_challenge"",""carrier_operations_signal_source"",""spring_season""],""top_influencer"":""@homeport_keisha"",""urgency_score"":68,""confidence"":""medium"",""trend"":""growing""}",2026-05-13T10:00:45Z
203,3,Atlanta Metro,2026-06-05,163,129,189,1.41,transport_signal_v2,"{""model"":""transport_signal_v2"",""drivers"":[""regional_freight_recovery_challenge"",""carrier_operations_signal_source"",""spring_season""],""top_influencer"":""@homeport_keisha"",""urgency_score"":68,""confidence"":""medium"",""trend"":""growing""}",2026-05-13T10:00:45Z
204,3,Atlanta Metro,2026-06-06,167,132,192,1.38,transport_signal_v2,"{""model"":""transport_signal_v2"",""drivers"":[""regional_freight_recovery_challenge"",""carrier_operations_signal_source"",""spring_season""],""top_influencer"":""@homeport_keisha"",""urgency_score"":68,""confidence"":""medium"",""trend"":""growing""}",2026-05-13T10:00:45Z
205,3,Atlanta Metro,2026-06-07,162,135,195,1.37,transport_signal_v2,"{""model"":""transport_signal_v2"",""drivers"":[""regional_freight_recovery_challenge"",""carrier_operations_signal_source"",""spring_season""],""top_influencer"":""@homeport_keisha"",""urgency_score"":68,""confidence"":""medium"",""trend"":""growing""}",2026-05-13T10:00:45Z
206,3,Atlanta Metro,2026-06-08,165,138,198,1.43,transport_signal_v2,"{""model"":""transport_signal_v2"",""drivers"":[""regional_freight_recovery_challenge"",""carrier_operations_signal_source"",""spring_season""],""top_influencer"":""@homeport_keisha"",""urgency_score"":68,""confidence"":""medium"",""trend"":""growing""}",2026-05-13T10:00:45Z
207,3,Atlanta Metro,2026-06-09,175,141,201,1.46,transport_signal_v2,"{""model"":""transport_signal_v2"",""drivers"":[""regional_freight_recovery_challenge"",""carrier_operations_signal_source"",""spring_season""],""top_influencer"":""@homeport_keisha"",""urgency_score"":68,""confidence"":""medium"",""trend"":""growing""}",2026-05-13T10:00:45Z
208,3,Atlanta Metro,2026-06-10,165,144,204,1.51,transport_signal_v2,"{""model"":""transport_signal_v2"",""drivers"":[""regional_freight_recovery_challenge"",""carrier_operations_signal_source"",""spring_season""],""top_influencer"":""@homeport_keisha"",""urgency_score"":68,""confidence"":""medium"",""trend"":""growing""}",2026-05-13T10:00:45Z
209,3,Atlanta Metro,2026-06-11,174,147,207,1.5,transport_signal_v2,"{""model"":""transport_signal_v2"",""drivers"":[""regional_freight_recovery_challenge"",""carrier_operations_signal_source"",""spring_season""],""top_influencer"":""@homeport_keisha"",""urgency_score"":68,""confidence"":""medium"",""trend"":""growing""}",2026-05-13T10:00:45Z
210,3,Atlanta Metro,2026-06-12,189,150,210,1.46,transport_signal_v2,"{""model"":""transport_signal_v2"",""drivers"":[""regional_freight_recovery_challenge"",""carrier_operations_signal_source"",""spring_season""],""top_influencer"":""@homeport_keisha"",""urgency_score"":68,""confidence"":""medium"",""trend"":""growing""}",2026-05-13T10:00:45Z
211,4,Miami-South Florida,2026-05-14,117,83,158,1.74,transport_signal_v2,"{""model"":""transport_signal_v2"",""drivers"":[""community_outreach_spike"",""summer_access_planning"",""heatwave_capacity_repositioning""],""top_influencer"":""@senior_sam"",""urgency_score"":91,""confidence"":""very_high"",""trend"":""critical_surge""}",2026-05-13T10:00:45Z
212,4,Miami-South Florida,2026-05-15,113,90,165,1.58,transport_signal_v2,"{""model"":""transport_signal_v2"",""drivers"":[""community_outreach_spike"",""summer_access_planning"",""heatwave_capacity_repositioning""],""top_influencer"":""@senior_sam"",""urgency_score"":91,""confidence"":""very_high"",""trend"":""critical_surge""}",2026-05-13T10:00:45Z
213,4,Miami-South Florida,2026-05-16,117,97,172,1.64,transport_signal_v2,"{""model"":""transport_signal_v2"",""drivers"":[""community_outreach_spike"",""summer_access_planning"",""heatwave_capacity_repositioning""],""top_influencer"":""@senior_sam"",""urgency_score"":91,""confidence"":""very_high"",""trend"":""critical_surge""}",2026-05-13T10:00:45Z
214,4,Miami-South Florida,2026-05-17,126,104,179,1.73,transport_signal_v2,"{""model"":""transport_signal_v2"",""drivers"":[""community_outreach_spike"",""summer_access_planning"",""heatwave_capacity_repositioning""],""top_influencer"":""@senior_sam"",""urgency_score"":91,""confidence"":""very_high"",""trend"":""critical_surge""}",2026-05-13T10:00:45Z
215,4,Miami-South Florida,2026-05-18,149,111,186,1.69,transport_signal_v2,"{""model"":""transport_signal_v2"",""drivers"":[""community_outreach_spike"",""summer_access_planning"",""heatwave_capacity_repositioning""],""top_influencer"":""@senior_sam"",""urgency_score"":91,""confidence"":""very_high"",""trend"":""critical_surge""}",2026-05-13T10:00:45Z
216,4,Miami-South Florida,2026-05-19,160,118,193,1.76,transport_signal_v2,"{""model"":""transport_signal_v2"",""drivers"":[""community_outreach_spike"",""summer_access_planning"",""heatwave_capacity_repositioning""],""top_influencer"":""@senior_sam"",""urgency_score"":91,""confidence"":""very_high"",""trend"":""critical_surge""}",2026-05-13T10:00:45Z
217,4,Miami-South Florida,2026-05-20,162,125,200,1.8,transport_signal_v2,"{""model"":""transport_signal_v2"",""drivers"":[""community_outreach_spike"",""summer_access_planning"",""heatwave_capacity_repositioning""],""top_influencer"":""@senior_sam"",""urgency_score"":91,""confidence"":""very_high"",""trend"":""critical_surge""}",2026-05-13T10:00:45Z
218,4,Miami-South Florida,2026-05-21,177,132,207,1.88,transport_signal_v2,"{""model"":""transport_signal_v2"",""drivers"":[""community_outreach_spike"",""summer_access_planning"",""heatwave_capacity_repositioning""],""top_influencer"":""@senior_sam"",""urgency_score"":91,""confidence"":""very_high"",""trend"":""critical_surge""}",2026-05-13T10:00:45Z
219,4,Miami-South Florida,2026-05-22,177,139,214,2.01,transport_signal_v2,"{""model"":""transport_signal_v2"",""drivers"":[""community_outreach_spike"",""summer_access_planning"",""heatwave_capacity_repositioning""],""top_influencer"":""@senior_sam"",""urgency_score"":91,""confidence"":""very_high"",""trend"":""critical_surge""}",2026-05-13T10:00:45Z
220,4,Miami-South Florida,2026-05-23,167,146,221,2.07,transport_signal_v2,"{""model"":""transport_signal_v2"",""drivers"":[""community_outreach_spike"",""summer_access_planning"",""heatwave_capacity_repositioning""],""top_influencer"":""@senior_sam"",""urgency_score"":91,""confidence"":""very_high"",""trend"":""critical_surge""}",2026-05-13T10:00:45Z
221,4,Miami-South Florida,2026-05-24,184,153,228,1.99,transport_signal_v2,"{""model"":""transport_signal_v2"",""drivers"":[""community_outreach_spike"",""summer_access_planning"",""heatwave_capacity_repositioning""],""top_influencer"":""@senior_sam"",""urgency_score"":91,""confidence"":""very_high"",""trend"":""critical_surge""}",2026-05-13T10:00:45Z
222,4,Miami-South Florida,2026-05-25,212,160,235,2.17,transport_signal_v2,"{""model"":""transport_signal_v2"",""drivers"":[""community_outreach_spike"",""summer_access_planning"",""heatwave_capacity_repositioning""],""top_influencer"":""@senior_sam"",""urgency_score"":91,""confidence"":""very_high"",""trend"":""critical_surge""}",2026-05-13T10:00:45Z
223,4,Miami-South Florida,2026-05-26,207,167,242,2.1,transport_signal_v2,"{""model"":""transport_signal_v2"",""drivers"":[""community_outreach_spike"",""summer_access_planning"",""heatwave_capacity_repositioning""],""top_influencer"":""@senior_sam"",""urgency_score"":91,""confidence"":""very_high"",""trend"":""critical_surge""}",2026-05-13T10:00:45Z
224,4,Miami-South Florida,2026-05-27,208,174,249,2.36,transport_signal_v2,"{""model"":""transport_signal_v2"",""drivers"":[""community_outreach_spike"",""summer_access_planning"",""heatwave_capacity_repositioning""],""top_influencer"":""@senior_sam"",""urgency_score"":91,""confidence"":""very_high"",""trend"":""critical_surge""}",2026-05-13T10:00:45Z
225,4,Miami-South Florida,2026-05-28,204,181,256,2.3,transport_signal_v2,"{""model"":""transport_signal_v2"",""drivers"":[""community_outreach_spike"",""summer_access_planning"",""heatwave_capacity_repositioning""],""top_influencer"":""@senior_sam"",""urgency_score"":91,""confidence"":""very_high"",""trend"":""critical_surge""}",2026-05-13T10:00:45Z
226,4,Miami-South Florida,2026-05-29,227,188,263,2.52,transport_signal_v2,"{""model"":""transport_signal_v2"",""drivers"":[""community_outreach_spike"",""summer_access_planning"",""heatwave_capacity_repositioning""],""top_influencer"":""@senior_sam"",""urgency_score"":91,""confidence"":""very_high"",""trend"":""critical_surge""}",2026-05-13T10:00:45Z
227,4,Miami-South Florida,2026-05-30,217,195,270,2.47,transport_signal_v2,"{""model"":""transport_signal_v2"",""drivers"":[""community_outreach_spike"",""summer_access_planning"",""heatwave_capacity_repositioning""],""top_influencer"":""@senior_sam"",""urgency_score"":91,""confidence"":""very_high"",""trend"":""critical_surge""}",2026-05-13T10:00:45Z
228,4,Miami-South Florida,2026-05-31,248,202,277,2.53,transport_signal_v2,"{""model"":""transport_signal_v2"",""drivers"":[""community_outreach_spike"",""summer_access_planning"",""heatwave_capacity_repositioning""],""top_influencer"":""@senior_sam"",""urgency_score"":91,""confidence"":""very_high"",""trend"":""critical_surge""}",2026-05-13T10:00:45Z
229,4,Miami-South Florida,2026-06-01,232,209,284,2.61,transport_signal_v2,"{""model"":""transport_signal_v2"",""drivers"":[""community_outreach_spike"",""summer_access_planning"",""heatwave_capacity_repositioning""],""top_influencer"":""@senior_sam"",""urgency_score"":91,""confidence"":""very_high"",""trend"":""critical_surge""}",2026-05-13T10:00:45Z
230,4,Miami-South Florida,2026-06-02,245,216,291,2.47,transport_signal_v2,"{""model"":""transport_signal_v2"",""drivers"":[""community_outreach_spike"",""summer_access_planning"",""heatwave_capacity_repositioning""],""top_influencer"":""@senior_sam"",""urgency_score"":91,""confidence"":""very_high"",""trend"":""critical_surge""}",2026-05-13T10:00:45Z
231,4,Miami-South Florida,2026-06-03,267,223,298,2.57,transport_signal_v2,"{""model"":""transport_signal_v2"",""drivers"":[""community_outreach_spike"",""summer_access_planning"",""heatwave_capacity_repositioning""],""top_influencer"":""@senior_sam"",""urgency_score"":91,""confidence"":""very_high"",""trend"":""critical_surge""}",2026-05-13T10:00:45Z
232,4,Miami-South Florida,2026-06-04,267,230,305,2.82,transport_signal_v2,"{""model"":""transport_signal_v2"",""drivers"":[""community_outreach_spike"",""summer_access_planning"",""heatwave_capacity_repositioning""],""top_influencer"":""@senior_sam"",""urgency_score"":91,""confidence"":""very_high"",""trend"":""critical_surge""}",2026-05-13T10:00:45Z
233,4,Miami-South Florida,2026-06-05,268,237,312,2.6,transport_signal_v2,"{""model"":""transport_signal_v2"",""drivers"":[""community_outreach_spike"",""summer_access_planning"",""heatwave_capacity_repositioning""],""top_influencer"":""@senior_sam"",""urgency_score"":91,""confidence"":""very_high"",""trend"":""critical_surge""}",2026-05-13T10:00:45Z
234,4,Miami-South Florida,2026-06-06,288,244,319,2.67,transport_signal_v2,"{""model"":""transport_signal_v2"",""drivers"":[""community_outreach_spike"",""summer_access_planning"",""heatwave_capacity_repositioning""],""top_influencer"":""@senior_sam"",""urgency_score"":91,""confidence"":""very_high"",""trend"":""critical_surge""}",2026-05-13T10:00:45Z
235,4,Miami-South Florida,2026-06-07,274,251,326,2.73,transport_signal_v2,"{""model"":""transport_signal_v2"",""drivers"":[""community_outreach_spike"",""summer_access_planning"",""heatwave_capacity_repositioning""],""top_influencer"":""@senior_sam"",""urgency_score"":91,""confidence"":""very_high"",""trend"":""critical_surge""}",2026-05-13T10:00:45Z
236,4,Miami-South Florida,2026-06-08,290,258,333,2.96,transport_signal_v2,"{""model"":""transport_signal_v2"",""drivers"":[""community_outreach_spike"",""summer_access_planning"",""heatwave_capacity_repositioning""],""top_influencer"":""@senior_sam"",""urgency_score"":91,""confidence"":""very_high"",""trend"":""critical_surge""}",2026-05-13T10:00:45Z
237,4,Miami-South Florida,2026-06-09,314,265,340,3.02,transport_signal_v2,"{""model"":""transport_signal_v2"",""drivers"":[""community_outreach_spike"",""summer_access_planning"",""heatwave_capacity_repositioning""],""top_influencer"":""@senior_sam"",""urgency_score"":91,""confidence"":""very_high"",""trend"":""critical_surge""}",2026-05-13T10:00:45Z
238,4,Miami-South Florida,2026-06-10,322,272,347,2.8,transport_signal_v2,"{""model"":""transport_signal_v2"",""drivers"":[""community_outreach_spike"",""summer_access_planning"",""heatwave_capacity_repositioning""],""top_influencer"":""@senior_sam"",""urgency_score"":91,""confidence"":""very_high"",""trend"":""critical_surge""}",2026-05-13T10:00:45Z
239,4,Miami-South Florida,2026-06-11,332,279,354,3.03,transport_signal_v2,"{""model"":""transport_signal_v2"",""drivers"":[""community_outreach_spike"",""summer_access_planning"",""heatwave_capacity_repositioning""],""top_influencer"":""@senior_sam"",""urgency_score"":91,""confidence"":""very_high"",""trend"":""critical_surge""}",2026-05-13T10:00:45Z
240,4,Miami-South Florida,2026-06-12,339,286,361,2.94,transport_signal_v2,"{""model"":""transport_signal_v2"",""drivers"":[""community_outreach_spike"",""summer_access_planning"",""heatwave_capacity_repositioning""],""top_influencer"":""@senior_sam"",""urgency_score"":91,""confidence"":""very_high"",""trend"":""critical_surge""}",2026-05-13T10:00:45Z
241,4,New York Metro,2026-05-14,178,122,218,1.76,transport_signal_v2,"{""model"":""transport_signal_v2"",""drivers"":[""specialty_referral_spike"",""shipper_story_feature"",""high_acuity_navigation_need""],""top_influencer"":""@onroute_nina"",""urgency_score"":94,""confidence"":""very_high"",""trend"":""explosive_growth""}",2026-05-13T10:00:45Z
242,4,New York Metro,2026-05-15,167,131,227,1.81,transport_signal_v2,"{""model"":""transport_signal_v2"",""drivers"":[""specialty_referral_spike"",""shipper_story_feature"",""high_acuity_navigation_need""],""top_influencer"":""@onroute_nina"",""urgency_score"":94,""confidence"":""very_high"",""trend"":""explosive_growth""}",2026-05-13T10:00:45Z
243,4,New York Metro,2026-05-16,198,140,236,1.8,transport_signal_v2,"{""model"":""transport_signal_v2"",""drivers"":[""specialty_referral_spike"",""shipper_story_feature"",""high_acuity_navigation_need""],""top_influencer"":""@onroute_nina"",""urgency_score"":94,""confidence"":""very_high"",""trend"":""explosive_growth""}",2026-05-13T10:00:45Z
244,4,New York Metro,2026-05-17,210,149,245,1.93,transport_signal_v2,"{""model"":""transport_signal_v2"",""drivers"":[""specialty_referral_spike"",""shipper_story_feature"",""high_acuity_navigation_need""],""top_influencer"":""@onroute_nina"",""urgency_score"":94,""confidence"":""very_high"",""trend"":""explosive_growth""}",2026-05-13T10:00:45Z
245,4,New York Metro,2026-05-18,223,158,254,1.76,transport_signal_v2,"{""model"":""transport_signal_v2"",""drivers"":[""specialty_referral_spike"",""shipper_story_feature"",""high_acuity_navigation_need""],""top_influencer"":""@onroute_nina"",""urgency_score"":94,""confidence"":""very_high"",""trend"":""explosive_growth""}",2026-05-13T10:00:45Z
246,4,New York Metro,2026-05-19,210,167,263,1.91,transport_signal_v2,"{""model"":""transport_signal_v2"",""drivers"":[""specialty_referral_spike"",""shipper_story_feature"",""high_acuity_navigation_need""],""top_influencer"":""@onroute_nina"",""urgency_score"":94,""confidence"":""very_high"",""trend"":""explosive_growth""}",2026-05-13T10:00:45Z
247,4,New York Metro,2026-05-20,237,176,272,2.08,transport_signal_v2,"{""model"":""transport_signal_v2"",""drivers"":[""specialty_referral_spike"",""shipper_story_feature"",""high_acuity_navigation_need""],""top_influencer"":""@onroute_nina"",""urgency_score"":94,""confidence"":""very_high"",""trend"":""explosive_growth""}",2026-05-13T10:00:45Z
248,4,New York Metro,2026-05-21,227,185,281,2.18,transport_signal_v2,"{""model"":""transport_signal_v2"",""drivers"":[""specialty_referral_spike"",""shipper_story_feature"",""high_acuity_navigation_need""],""top_influencer"":""@onroute_nina"",""urgency_score"":94,""confidence"":""very_high"",""trend"":""explosive_growth""}",2026-05-13T10:00:45Z
249,4,New York Metro,2026-05-22,230,194,290,2.24,transport_signal_v2,"{""model"":""transport_signal_v2"",""drivers"":[""specialty_referral_spike"",""shipper_story_feature"",""high_acuity_navigation_need""],""top_influencer"":""@onroute_nina"",""urgency_score"":94,""confidence"":""very_high"",""trend"":""explosive_growth""}",2026-05-13T10:00:45Z
250,4,New York Metro,2026-05-23,258,203,299,2.32,transport_signal_v2,"{""model"":""transport_signal_v2"",""drivers"":[""specialty_referral_spike"",""shipper_story_feature"",""high_acuity_navigation_need""],""top_influencer"":""@onroute_nina"",""urgency_score"":94,""confidence"":""very_high"",""trend"":""explosive_growth""}",2026-05-13T10:00:45Z
251,4,New York Metro,2026-05-24,253,212,308,2.42,transport_signal_v2,"{""model"":""transport_signal_v2"",""drivers"":[""specialty_referral_spike"",""shipper_story_feature"",""high_acuity_navigation_need""],""top_influencer"":""@onroute_nina"",""urgency_score"":94,""confidence"":""very_high"",""trend"":""explosive_growth""}",2026-05-13T10:00:45Z
252,4,New York Metro,2026-05-25,267,221,317,2.55,transport_signal_v2,"{""model"":""transport_signal_v2"",""drivers"":[""specialty_referral_spike"",""shipper_story_feature"",""high_acuity_navigation_need""],""top_influencer"":""@onroute_nina"",""urgency_score"":94,""confidence"":""very_high"",""trend"":""explosive_growth""}",2026-05-13T10:00:45Z
253,4,New York Metro,2026-05-26,264,230,326,2.4,transport_signal_v2,"{""model"":""transport_signal_v2"",""drivers"":[""specialty_referral_spike"",""shipper_story_feature"",""high_acuity_navigation_need""],""top_influencer"":""@onroute_nina"",""urgency_score"":94,""confidence"":""very_high"",""trend"":""explosive_growth""}",2026-05-13T10:00:45Z
254,4,New York Metro,2026-05-27,305,239,335,2.3,transport_signal_v2,"{""model"":""transport_signal_v2"",""drivers"":[""specialty_referral_spike"",""shipper_story_feature"",""high_acuity_navigation_need""],""top_influencer"":""@onroute_nina"",""urgency_score"":94,""confidence"":""very_high"",""trend"":""explosive_growth""}",2026-05-13T10:00:45Z
255,4,New York Metro,2026-05-28,278,248,344,2.65,transport_signal_v2,"{""model"":""transport_signal_v2"",""drivers"":[""specialty_referral_spike"",""shipper_story_feature"",""high_acuity_navigation_need""],""top_influencer"":""@onroute_nina"",""urgency_score"":94,""confidence"":""very_high"",""trend"":""explosive_growth""}",2026-05-13T10:00:45Z
256,4,New York Metro,2026-05-29,316,257,353,2.72,transport_signal_v2,"{""model"":""transport_signal_v2"",""drivers"":[""specialty_referral_spike"",""shipper_story_feature"",""high_acuity_navigation_need""],""top_influencer"":""@onroute_nina"",""urgency_score"":94,""confidence"":""very_high"",""trend"":""explosive_growth""}",2026-05-13T10:00:45Z
257,4,New York Metro,2026-05-30,307,266,362,2.69,transport_signal_v2,"{""model"":""transport_signal_v2"",""drivers"":[""specialty_referral_spike"",""shipper_story_feature"",""high_acuity_navigation_need""],""top_influencer"":""@onroute_nina"",""urgency_score"":94,""confidence"":""very_high"",""trend"":""explosive_growth""}",2026-05-13T10:00:45Z
258,4,New York Metro,2026-05-31,335,275,371,2.71,transport_signal_v2,"{""model"":""transport_signal_v2"",""drivers"":[""specialty_referral_spike"",""shipper_story_feature"",""high_acuity_navigation_need""],""top_influencer"":""@onroute_nina"",""urgency_score"":94,""confidence"":""very_high"",""trend"":""explosive_growth""}",2026-05-13T10:00:45Z
259,4,New York Metro,2026-06-01,343,284,380,2.71,transport_signal_v2,"{""model"":""transport_signal_v2"",""drivers"":[""specialty_referral_spike"",""shipper_story_feature"",""high_acuity_navigation_need""],""top_influencer"":""@onroute_nina"",""urgency_score"":94,""confidence"":""very_high"",""trend"":""explosive_growth""}",2026-05-13T10:00:45Z
260,4,New York Metro,2026-06-02,341,293,389,2.73,transport_signal_v2,"{""model"":""transport_signal_v2"",""drivers"":[""specialty_referral_spike"",""shipper_story_feature"",""high_acuity_navigation_need""],""top_influencer"":""@onroute_nina"",""urgency_score"":94,""confidence"":""very_high"",""trend"":""explosive_growth""}",2026-05-13T10:00:45Z
261,4,New York Metro,2026-06-03,333,302,398,2.76,transport_signal_v2,"{""model"":""transport_signal_v2"",""drivers"":[""specialty_referral_spike"",""shipper_story_feature"",""high_acuity_navigation_need""],""top_influencer"":""@onroute_nina"",""urgency_score"":94,""confidence"":""very_high"",""trend"":""explosive_growth""}",2026-05-13T10:00:45Z
262,4,New York Metro,2026-06-04,356,311,407,3.13,transport_signal_v2,"{""model"":""transport_signal_v2"",""drivers"":[""specialty_referral_spike"",""shipper_story_feature"",""high_acuity_navigation_need""],""top_influencer"":""@onroute_nina"",""urgency_score"":94,""confidence"":""very_high"",""trend"":""explosive_growth""}",2026-05-13T10:00:45Z
263,4,New York Metro,2026-06-05,378,320,416,3.13,transport_signal_v2,"{""model"":""transport_signal_v2"",""drivers"":[""specialty_referral_spike"",""shipper_story_feature"",""high_acuity_navigation_need""],""top_influencer"":""@onroute_nina"",""urgency_score"":94,""confidence"":""very_high"",""trend"":""explosive_growth""}",2026-05-13T10:00:45Z
264,4,New York Metro,2026-06-06,369,329,425,2.94,transport_signal_v2,"{""model"":""transport_signal_v2"",""drivers"":[""specialty_referral_spike"",""shipper_story_feature"",""high_acuity_navigation_need""],""top_influencer"":""@onroute_nina"",""urgency_score"":94,""confidence"":""very_high"",""trend"":""explosive_growth""}",2026-05-13T10:00:45Z
265,4,New York Metro,2026-06-07,381,338,434,3.17,transport_signal_v2,"{""model"":""transport_signal_v2"",""drivers"":[""specialty_referral_spike"",""shipper_story_feature"",""high_acuity_navigation_need""],""top_influencer"":""@onroute_nina"",""urgency_score"":94,""confidence"":""very_high"",""trend"":""explosive_growth""}",2026-05-13T10:00:45Z
266,4,New York Metro,2026-06-08,402,347,443,3.14,transport_signal_v2,"{""model"":""transport_signal_v2"",""drivers"":[""specialty_referral_spike"",""shipper_story_feature"",""high_acuity_navigation_need""],""top_influencer"":""@onroute_nina"",""urgency_score"":94,""confidence"":""very_high"",""trend"":""explosive_growth""}",2026-05-13T10:00:45Z
267,4,New York Metro,2026-06-09,393,356,452,3.25,transport_signal_v2,"{""model"":""transport_signal_v2"",""drivers"":[""specialty_referral_spike"",""shipper_story_feature"",""high_acuity_navigation_need""],""top_influencer"":""@onroute_nina"",""urgency_score"":94,""confidence"":""very_high"",""trend"":""explosive_growth""}",2026-05-13T10:00:45Z
268,4,New York Metro,2026-06-10,392,365,461,3.5,transport_signal_v2,"{""model"":""transport_signal_v2"",""drivers"":[""specialty_referral_spike"",""shipper_story_feature"",""high_acuity_navigation_need""],""top_influencer"":""@onroute_nina"",""urgency_score"":94,""confidence"":""very_high"",""trend"":""explosive_growth""}",2026-05-13T10:00:45Z
269,4,New York Metro,2026-06-11,400,374,470,3.26,transport_signal_v2,"{""model"":""transport_signal_v2"",""drivers"":[""specialty_referral_spike"",""shipper_story_feature"",""high_acuity_navigation_need""],""top_influencer"":""@onroute_nina"",""urgency_score"":94,""confidence"":""very_high"",""trend"":""explosive_growth""}",2026-05-13T10:00:45Z
270,4,New York Metro,2026-06-12,436,383,479,3.6,transport_signal_v2,"{""model"":""transport_signal_v2"",""drivers"":[""specialty_referral_spike"",""shipper_story_feature"",""high_acuity_navigation_need""],""top_influencer"":""@onroute_nina"",""urgency_score"":94,""confidence"":""very_high"",""trend"":""explosive_growth""}",2026-05-13T10:00:45Z
271,5,Pacific Northwest,2026-05-14,68,52,99,1.15,transport_signal_v2,"{""model"":""transport_signal_v2"",""drivers"":[""rural_outreach_signal"",""yard_operator_signal_signal"",""seasonal_delivery_need""],""top_influencer"":""@community_freight_pnw"",""urgency_score"":61,""confidence"":""medium"",""trend"":""seasonal""}",2026-05-13T10:00:45Z
272,5,Pacific Northwest,2026-05-15,75,54,101,1.13,transport_signal_v2,"{""model"":""transport_signal_v2"",""drivers"":[""rural_outreach_signal"",""yard_operator_signal_signal"",""seasonal_delivery_need""],""top_influencer"":""@community_freight_pnw"",""urgency_score"":61,""confidence"":""medium"",""trend"":""seasonal""}",2026-05-13T10:00:45Z
273,5,Pacific Northwest,2026-05-16,80,56,103,1.13,transport_signal_v2,"{""model"":""transport_signal_v2"",""drivers"":[""rural_outreach_signal"",""yard_operator_signal_signal"",""seasonal_delivery_need""],""top_influencer"":""@community_freight_pnw"",""urgency_score"":61,""confidence"":""medium"",""trend"":""seasonal""}",2026-05-13T10:00:45Z
274,5,Pacific Northwest,2026-05-17,85,58,105,1.18,transport_signal_v2,"{""model"":""transport_signal_v2"",""drivers"":[""rural_outreach_signal"",""yard_operator_signal_signal"",""seasonal_delivery_need""],""top_influencer"":""@community_freight_pnw"",""urgency_score"":61,""confidence"":""medium"",""trend"":""seasonal""}",2026-05-13T10:00:45Z
275,5,Pacific Northwest,2026-05-18,89,60,107,1.23,transport_signal_v2,"{""model"":""transport_signal_v2"",""drivers"":[""rural_outreach_signal"",""yard_operator_signal_signal"",""seasonal_delivery_need""],""top_influencer"":""@community_freight_pnw"",""urgency_score"":61,""confidence"":""medium"",""trend"":""seasonal""}",2026-05-13T10:00:45Z
276,5,Pacific Northwest,2026-05-19,92,62,109,1.18,transport_signal_v2,"{""model"":""transport_signal_v2"",""drivers"":[""rural_outreach_signal"",""yard_operator_signal_signal"",""seasonal_delivery_need""],""top_influencer"":""@community_freight_pnw"",""urgency_score"":61,""confidence"":""medium"",""trend"":""seasonal""}",2026-05-13T10:00:45Z
277,5,Pacific Northwest,2026-05-20,92,64,111,1.16,transport_signal_v2,"{""model"":""transport_signal_v2"",""drivers"":[""rural_outreach_signal"",""yard_operator_signal_signal"",""seasonal_delivery_need""],""top_influencer"":""@community_freight_pnw"",""urgency_score"":61,""confidence"":""medium"",""trend"":""seasonal""}",2026-05-13T10:00:45Z
278,5,Pacific Northwest,2026-05-21,90,66,113,1.16,transport_signal_v2,"{""model"":""transport_signal_v2"",""drivers"":[""rural_outreach_signal"",""yard_operator_signal_signal"",""seasonal_delivery_need""],""top_influencer"":""@community_freight_pnw"",""urgency_score"":61,""confidence"":""medium"",""trend"":""seasonal""}",2026-05-13T10:00:45Z
279,5,Pacific Northwest,2026-05-22,91,68,115,1.25,transport_signal_v2,"{""model"":""transport_signal_v2"",""drivers"":[""rural_outreach_signal"",""yard_operator_signal_signal"",""seasonal_delivery_need""],""top_influencer"":""@community_freight_pnw"",""urgency_score"":61,""confidence"":""medium"",""trend"":""seasonal""}",2026-05-13T10:00:45Z
280,5,Pacific Northwest,2026-05-23,85,70,117,1.24,transport_signal_v2,"{""model"":""transport_signal_v2"",""drivers"":[""rural_outreach_signal"",""yard_operator_signal_signal"",""seasonal_delivery_need""],""top_influencer"":""@community_freight_pnw"",""urgency_score"":61,""confidence"":""medium"",""trend"":""seasonal""}",2026-05-13T10:00:45Z
281,5,Pacific Northwest,2026-05-24,105,72,119,1.24,transport_signal_v2,"{""model"":""transport_signal_v2"",""drivers"":[""rural_outreach_signal"",""yard_operator_signal_signal"",""seasonal_delivery_need""],""top_influencer"":""@community_freight_pnw"",""urgency_score"":61,""confidence"":""medium"",""trend"":""seasonal""}",2026-05-13T10:00:45Z
282,5,Pacific Northwest,2026-05-25,94,74,121,1.23,transport_signal_v2,"{""model"":""transport_signal_v2"",""drivers"":[""rural_outreach_signal"",""yard_operator_signal_signal"",""seasonal_delivery_need""],""top_influencer"":""@community_freight_pnw"",""urgency_score"":61,""confidence"":""medium"",""trend"":""seasonal""}",2026-05-13T10:00:45Z
283,5,Pacific Northwest,2026-05-26,93,76,123,1.29,transport_signal_v2,"{""model"":""transport_signal_v2"",""drivers"":[""rural_outreach_signal"",""yard_operator_signal_signal"",""seasonal_delivery_need""],""top_influencer"":""@community_freight_pnw"",""urgency_score"":61,""confidence"":""medium"",""trend"":""seasonal""}",2026-05-13T10:00:45Z
284,5,Pacific Northwest,2026-05-27,105,78,125,1.25,transport_signal_v2,"{""model"":""transport_signal_v2"",""drivers"":[""rural_outreach_signal"",""yard_operator_signal_signal"",""seasonal_delivery_need""],""top_influencer"":""@community_freight_pnw"",""urgency_score"":61,""confidence"":""medium"",""trend"":""seasonal""}",2026-05-13T10:00:45Z
285,5,Pacific Northwest,2026-05-28,108,80,127,1.26,transport_signal_v2,"{""model"":""transport_signal_v2"",""drivers"":[""rural_outreach_signal"",""yard_operator_signal_signal"",""seasonal_delivery_need""],""top_influencer"":""@community_freight_pnw"",""urgency_score"":61,""confidence"":""medium"",""trend"":""seasonal""}",2026-05-13T10:00:45Z
286,5,Pacific Northwest,2026-05-29,102,82,129,1.33,transport_signal_v2,"{""model"":""transport_signal_v2"",""drivers"":[""rural_outreach_signal"",""yard_operator_signal_signal"",""seasonal_delivery_need""],""top_influencer"":""@community_freight_pnw"",""urgency_score"":61,""confidence"":""medium"",""trend"":""seasonal""}",2026-05-13T10:00:45Z
287,5,Pacific Northwest,2026-05-30,114,84,131,1.33,transport_signal_v2,"{""model"":""transport_signal_v2"",""drivers"":[""rural_outreach_signal"",""yard_operator_signal_signal"",""seasonal_delivery_need""],""top_influencer"":""@community_freight_pnw"",""urgency_score"":61,""confidence"":""medium"",""trend"":""seasonal""}",2026-05-13T10:00:45Z
288,5,Pacific Northwest,2026-05-31,108,86,133,1.32,transport_signal_v2,"{""model"":""transport_signal_v2"",""drivers"":[""rural_outreach_signal"",""yard_operator_signal_signal"",""seasonal_delivery_need""],""top_influencer"":""@community_freight_pnw"",""urgency_score"":61,""confidence"":""medium"",""trend"":""seasonal""}",2026-05-13T10:00:45Z
289,5,Pacific Northwest,2026-06-01,107,88,135,1.27,transport_signal_v2,"{""model"":""transport_signal_v2"",""drivers"":[""rural_outreach_signal"",""yard_operator_signal_signal"",""seasonal_delivery_need""],""top_influencer"":""@community_freight_pnw"",""urgency_score"":61,""confidence"":""medium"",""trend"":""seasonal""}",2026-05-13T10:00:45Z
290,5,Pacific Northwest,2026-06-02,112,90,137,1.32,transport_signal_v2,"{""model"":""transport_signal_v2"",""drivers"":[""rural_outreach_signal"",""yard_operator_signal_signal"",""seasonal_delivery_need""],""top_influencer"":""@community_freight_pnw"",""urgency_score"":61,""confidence"":""medium"",""trend"":""seasonal""}",2026-05-13T10:00:45Z
291,5,Pacific Northwest,2026-06-03,118,92,139,1.29,transport_signal_v2,"{""model"":""transport_signal_v2"",""drivers"":[""rural_outreach_signal"",""yard_operator_signal_signal"",""seasonal_delivery_need""],""top_influencer"":""@community_freight_pnw"",""urgency_score"":61,""confidence"":""medium"",""trend"":""seasonal""}",2026-05-13T10:00:45Z
292,5,Pacific Northwest,2026-06-04,118,94,141,1.3,transport_signal_v2,"{""model"":""transport_signal_v2"",""drivers"":[""rural_outreach_signal"",""yard_operator_signal_signal"",""seasonal_delivery_need""],""top_influencer"":""@community_freight_pnw"",""urgency_score"":61,""confidence"":""medium"",""trend"":""seasonal""}",2026-05-13T10:00:45Z
293,5,Pacific Northwest,2026-06-05,123,96,143,1.31,transport_signal_v2,"{""model"":""transport_signal_v2"",""drivers"":[""rural_outreach_signal"",""yard_operator_signal_signal"",""seasonal_delivery_need""],""top_influencer"":""@community_freight_pnw"",""urgency_score"":61,""confidence"":""medium"",""trend"":""seasonal""}",2026-05-13T10:00:45Z
294,5,Pacific Northwest,2026-06-06,120,98,145,1.38,transport_signal_v2,"{""model"":""transport_signal_v2"",""drivers"":[""rural_outreach_signal"",""yard_operator_signal_signal"",""seasonal_delivery_need""],""top_influencer"":""@community_freight_pnw"",""urgency_score"":61,""confidence"":""medium"",""trend"":""seasonal""}",2026-05-13T10:00:45Z
295,5,Pacific Northwest,2026-06-07,118,100,147,1.32,transport_signal_v2,"{""model"":""transport_signal_v2"",""drivers"":[""rural_outreach_signal"",""yard_operator_signal_signal"",""seasonal_delivery_need""],""top_influencer"":""@community_freight_pnw"",""urgency_score"":61,""confidence"":""medium"",""trend"":""seasonal""}",2026-05-13T10:00:45Z
296,5,Pacific Northwest,2026-06-08,126,102,149,1.32,transport_signal_v2,"{""model"":""transport_signal_v2"",""drivers"":[""rural_outreach_signal"",""yard_operator_signal_signal"",""seasonal_delivery_need""],""top_influencer"":""@community_freight_pnw"",""urgency_score"":61,""confidence"":""medium"",""trend"":""seasonal""}",2026-05-13T10:00:45Z
297,5,Pacific Northwest,2026-06-09,132,104,151,1.43,transport_signal_v2,"{""model"":""transport_signal_v2"",""drivers"":[""rural_outreach_signal"",""yard_operator_signal_signal"",""seasonal_delivery_need""],""top_influencer"":""@community_freight_pnw"",""urgency_score"":61,""confidence"":""medium"",""trend"":""seasonal""}",2026-05-13T10:00:45Z
298,5,Pacific Northwest,2026-06-10,125,106,153,1.37,transport_signal_v2,"{""model"":""transport_signal_v2"",""drivers"":[""rural_outreach_signal"",""yard_operator_signal_signal"",""seasonal_delivery_need""],""top_influencer"":""@community_freight_pnw"",""urgency_score"":61,""confidence"":""medium"",""trend"":""seasonal""}",2026-05-13T10:00:45Z
299,5,Pacific Northwest,2026-06-11,129,108,155,1.35,transport_signal_v2,"{""model"":""transport_signal_v2"",""drivers"":[""rural_outreach_signal"",""yard_operator_signal_signal"",""seasonal_delivery_need""],""top_influencer"":""@community_freight_pnw"",""urgency_score"":61,""confidence"":""medium"",""trend"":""seasonal""}",2026-05-13T10:00:45Z
300,5,Pacific Northwest,2026-06-12,136,110,157,1.38,transport_signal_v2,"{""model"":""transport_signal_v2"",""drivers"":[""rural_outreach_signal"",""yard_operator_signal_signal"",""seasonal_delivery_need""],""top_influencer"":""@community_freight_pnw"",""urgency_score"":61,""confidence"":""medium"",""trend"":""seasonal""}",2026-05-13T10:00:45Z
301,5,Mountain West,2026-05-14,59,40,75,1.06,transport_signal_v2,"{""model"":""transport_signal_v2"",""drivers"":[""post_holiday_freight_recovery_wave"",""mobility_recovery_trend"",""remote_region_awareness""],""top_influencer"":""@rural_access_max"",""urgency_score"":55,""confidence"":""low"",""trend"":""flat_seasonal""}",2026-05-13T10:00:45Z
302,5,Mountain West,2026-05-15,58,41,76,1.13,transport_signal_v2,"{""model"":""transport_signal_v2"",""drivers"":[""post_holiday_freight_recovery_wave"",""mobility_recovery_trend"",""remote_region_awareness""],""top_influencer"":""@rural_access_max"",""urgency_score"":55,""confidence"":""low"",""trend"":""flat_seasonal""}",2026-05-13T10:00:45Z
303,5,Mountain West,2026-05-16,64,42,77,1.1,transport_signal_v2,"{""model"":""transport_signal_v2"",""drivers"":[""post_holiday_freight_recovery_wave"",""mobility_recovery_trend"",""remote_region_awareness""],""top_influencer"":""@rural_access_max"",""urgency_score"":55,""confidence"":""low"",""trend"":""flat_seasonal""}",2026-05-13T10:00:45Z
304,5,Mountain West,2026-05-17,54,43,78,1.08,transport_signal_v2,"{""model"":""transport_signal_v2"",""drivers"":[""post_holiday_freight_recovery_wave"",""mobility_recovery_trend"",""remote_region_awareness""],""top_influencer"":""@rural_access_max"",""urgency_score"":55,""confidence"":""low"",""trend"":""flat_seasonal""}",2026-05-13T10:00:45Z
305,5,Mountain West,2026-05-18,57,44,79,1.09,transport_signal_v2,"{""model"":""transport_signal_v2"",""drivers"":[""post_holiday_freight_recovery_wave"",""mobility_recovery_trend"",""remote_region_awareness""],""top_influencer"":""@rural_access_max"",""urgency_score"":55,""confidence"":""low"",""trend"":""flat_seasonal""}",2026-05-13T10:00:45Z
306,5,Mountain West,2026-05-19,65,45,80,1.11,transport_signal_v2,"{""model"":""transport_signal_v2"",""drivers"":[""post_holiday_freight_recovery_wave"",""mobility_recovery_trend"",""remote_region_awareness""],""top_influencer"":""@rural_access_max"",""urgency_score"":55,""confidence"":""low"",""trend"":""flat_seasonal""}",2026-05-13T10:00:45Z
307,5,Mountain West,2026-05-20,55,46,81,1.16,transport_signal_v2,"{""model"":""transport_signal_v2"",""drivers"":[""post_holiday_freight_recovery_wave"",""mobility_recovery_trend"",""remote_region_awareness""],""top_influencer"":""@rural_access_max"",""urgency_score"":55,""confidence"":""low"",""trend"":""flat_seasonal""}",2026-05-13T10:00:45Z
308,5,Mountain West,2026-05-21,69,47,82,1.17,transport_signal_v2,"{""model"":""transport_signal_v2"",""drivers"":[""post_holiday_freight_recovery_wave"",""mobility_recovery_trend"",""remote_region_awareness""],""top_influencer"":""@rural_access_max"",""urgency_score"":55,""confidence"":""low"",""trend"":""flat_seasonal""}",2026-05-13T10:00:45Z
309,5,Mountain West,2026-05-22,70,48,83,1.19,transport_signal_v2,"{""model"":""transport_signal_v2"",""drivers"":[""post_holiday_freight_recovery_wave"",""mobility_recovery_trend"",""remote_region_awareness""],""top_influencer"":""@rural_access_max"",""urgency_score"":55,""confidence"":""low"",""trend"":""flat_seasonal""}",2026-05-13T10:00:45Z
310,5,Mountain West,2026-05-23,61,49,84,1.17,transport_signal_v2,"{""model"":""transport_signal_v2"",""drivers"":[""post_holiday_freight_recovery_wave"",""mobility_recovery_trend"",""remote_region_awareness""],""top_influencer"":""@rural_access_max"",""urgency_score"":55,""confidence"":""low"",""trend"":""flat_seasonal""}",2026-05-13T10:00:45Z
311,5,Mountain West,2026-05-24,75,50,85,1.15,transport_signal_v2,"{""model"":""transport_signal_v2"",""drivers"":[""post_holiday_freight_recovery_wave"",""mobility_recovery_trend"",""remote_region_awareness""],""top_influencer"":""@rural_access_max"",""urgency_score"":55,""confidence"":""low"",""trend"":""flat_seasonal""}",2026-05-13T10:00:45Z
312,5,Mountain West,2026-05-25,67,51,86,1.18,transport_signal_v2,"{""model"":""transport_signal_v2"",""drivers"":[""post_holiday_freight_recovery_wave"",""mobility_recovery_trend"",""remote_region_awareness""],""top_influencer"":""@rural_access_max"",""urgency_score"":55,""confidence"":""low"",""trend"":""flat_seasonal""}",2026-05-13T10:00:45Z
313,5,Mountain West,2026-05-26,67,52,87,1.2,transport_signal_v2,"{""model"":""transport_signal_v2"",""drivers"":[""post_holiday_freight_recovery_wave"",""mobility_recovery_trend"",""remote_region_awareness""],""top_influencer"":""@rural_access_max"",""urgency_score"":55,""confidence"":""low"",""trend"":""flat_seasonal""}",2026-05-13T10:00:45Z
314,5,Mountain West,2026-05-27,66,53,88,1.17,transport_signal_v2,"{""model"":""transport_signal_v2"",""drivers"":[""post_holiday_freight_recovery_wave"",""mobility_recovery_trend"",""remote_region_awareness""],""top_influencer"":""@rural_access_max"",""urgency_score"":55,""confidence"":""low"",""trend"":""flat_seasonal""}",2026-05-13T10:00:45Z
315,5,Mountain West,2026-05-28,79,54,89,1.17,transport_signal_v2,"{""model"":""transport_signal_v2"",""drivers"":[""post_holiday_freight_recovery_wave"",""mobility_recovery_trend"",""remote_region_awareness""],""top_influencer"":""@rural_access_max"",""urgency_score"":55,""confidence"":""low"",""trend"":""flat_seasonal""}",2026-05-13T10:00:45Z
316,5,Mountain West,2026-05-29,64,55,90,1.26,transport_signal_v2,"{""model"":""transport_signal_v2"",""drivers"":[""post_holiday_freight_recovery_wave"",""mobility_recovery_trend"",""remote_region_awareness""],""top_influencer"":""@rural_access_max"",""urgency_score"":55,""confidence"":""low"",""trend"":""flat_seasonal""}",2026-05-13T10:00:45Z
317,5,Mountain West,2026-05-30,68,56,91,1.26,transport_signal_v2,"{""model"":""transport_signal_v2"",""drivers"":[""post_holiday_freight_recovery_wave"",""mobility_recovery_trend"",""remote_region_awareness""],""top_influencer"":""@rural_access_max"",""urgency_score"":55,""confidence"":""low"",""trend"":""flat_seasonal""}",2026-05-13T10:00:45Z
318,5,Mountain West,2026-05-31,70,57,92,1.22,transport_signal_v2,"{""model"":""transport_signal_v2"",""drivers"":[""post_holiday_freight_recovery_wave"",""mobility_recovery_trend"",""remote_region_awareness""],""top_influencer"":""@rural_access_max"",""urgency_score"":55,""confidence"":""low"",""trend"":""flat_seasonal""}",2026-05-13T10:00:45Z
319,5,Mountain West,2026-06-01,75,58,93,1.25,transport_signal_v2,"{""model"":""transport_signal_v2"",""drivers"":[""post_holiday_freight_recovery_wave"",""mobility_recovery_trend"",""remote_region_awareness""],""top_influencer"":""@rural_access_max"",""urgency_score"":55,""confidence"":""low"",""trend"":""flat_seasonal""}",2026-05-13T10:00:45Z
320,5,Mountain West,2026-06-02,72,59,94,1.29,transport_signal_v2,"{""model"":""transport_signal_v2"",""drivers"":[""post_holiday_freight_recovery_wave"",""mobility_recovery_trend"",""remote_region_awareness""],""top_influencer"":""@rural_access_max"",""urgency_score"":55,""confidence"":""low"",""trend"":""flat_seasonal""}",2026-05-13T10:00:45Z
321,5,Mountain West,2026-06-03,73,60,95,1.21,transport_signal_v2,"{""model"":""transport_signal_v2"",""drivers"":[""post_holiday_freight_recovery_wave"",""mobility_recovery_trend"",""remote_region_awareness""],""top_influencer"":""@rural_access_max"",""urgency_score"":55,""confidence"":""low"",""trend"":""flat_seasonal""}",2026-05-13T10:00:45Z
322,5,Mountain West,2026-06-04,86,61,96,1.23,transport_signal_v2,"{""model"":""transport_signal_v2"",""drivers"":[""post_holiday_freight_recovery_wave"",""mobility_recovery_trend"",""remote_region_awareness""],""top_influencer"":""@rural_access_max"",""urgency_score"":55,""confidence"":""low"",""trend"":""flat_seasonal""}",2026-05-13T10:00:45Z
323,5,Mountain West,2026-06-05,83,62,97,1.25,transport_signal_v2,"{""model"":""transport_signal_v2"",""drivers"":[""post_holiday_freight_recovery_wave"",""mobility_recovery_trend"",""remote_region_awareness""],""top_influencer"":""@rural_access_max"",""urgency_score"":55,""confidence"":""low"",""trend"":""flat_seasonal""}",2026-05-13T10:00:45Z
324,5,Mountain West,2026-06-06,83,63,98,1.28,transport_signal_v2,"{""model"":""transport_signal_v2"",""drivers"":[""post_holiday_freight_recovery_wave"",""mobility_recovery_trend"",""remote_region_awareness""],""top_influencer"":""@rural_access_max"",""urgency_score"":55,""confidence"":""low"",""trend"":""flat_seasonal""}",2026-05-13T10:00:45Z
325,5,Mountain West,2026-06-07,86,64,99,1.27,transport_signal_v2,"{""model"":""transport_signal_v2"",""drivers"":[""post_holiday_freight_recovery_wave"",""mobility_recovery_trend"",""remote_region_awareness""],""top_influencer"":""@rural_access_max"",""urgency_score"":55,""confidence"":""low"",""trend"":""flat_seasonal""}",2026-05-13T10:00:45Z
326,5,Mountain West,2026-06-08,87,65,100,1.27,transport_signal_v2,"{""model"":""transport_signal_v2"",""drivers"":[""post_holiday_freight_recovery_wave"",""mobility_recovery_trend"",""remote_region_awareness""],""top_influencer"":""@rural_access_max"",""urgency_score"":55,""confidence"":""low"",""trend"":""flat_seasonal""}",2026-05-13T10:00:45Z
327,5,Mountain West,2026-06-09,80,66,101,1.25,transport_signal_v2,"{""model"":""transport_signal_v2"",""drivers"":[""post_holiday_freight_recovery_wave"",""mobility_recovery_trend"",""remote_region_awareness""],""top_influencer"":""@rural_access_max"",""urgency_score"":55,""confidence"":""low"",""trend"":""flat_seasonal""}",2026-05-13T10:00:45Z
328,5,Mountain West,2026-06-10,89,67,102,1.25,transport_signal_v2,"{""model"":""transport_signal_v2"",""drivers"":[""post_holiday_freight_recovery_wave"",""mobility_recovery_trend"",""remote_region_awareness""],""top_influencer"":""@rural_access_max"",""urgency_score"":55,""confidence"":""low"",""trend"":""flat_seasonal""}",2026-05-13T10:00:45Z
329,5,Mountain West,2026-06-11,87,68,103,1.33,transport_signal_v2,"{""model"":""transport_signal_v2"",""drivers"":[""post_holiday_freight_recovery_wave"",""mobility_recovery_trend"",""remote_region_awareness""],""top_influencer"":""@rural_access_max"",""urgency_score"":55,""confidence"":""low"",""trend"":""flat_seasonal""}",2026-05-13T10:00:45Z
330,5,Mountain West,2026-06-12,93,69,104,1.34,transport_signal_v2,"{""model"":""transport_signal_v2"",""drivers"":[""post_holiday_freight_recovery_wave"",""mobility_recovery_trend"",""remote_region_awareness""],""top_influencer"":""@rural_access_max"",""urgency_score"":55,""confidence"":""low"",""trend"":""flat_seasonal""}",2026-05-13T10:00:45Z
331,1,Northeast Corridor,2026-05-14,326,249,412,1.67,transport_signal_v2,"{""model"":""transport_signal_v2"",""drivers"":[""multi_channel_access_spike"",""local_media_awareness"",""media_coverage"",""capacity_scarcity_signal""],""top_influencer"":""@transport_signal_network"",""urgency_score"":97,""confidence"":""very_high"",""trend"":""historic_access_surge"",""alert"":""pre_position_capacity_recommended""}",2026-05-13T10:00:45Z
332,1,Northeast Corridor,2026-05-15,379,261,424,1.9,transport_signal_v2,"{""model"":""transport_signal_v2"",""drivers"":[""multi_channel_access_spike"",""local_media_awareness"",""media_coverage"",""capacity_scarcity_signal""],""top_influencer"":""@transport_signal_network"",""urgency_score"":97,""confidence"":""very_high"",""trend"":""historic_access_surge"",""alert"":""pre_position_capacity_recommended""}",2026-05-13T10:00:45Z
333,1,Northeast Corridor,2026-05-16,388,273,436,2.18,transport_signal_v2,"{""model"":""transport_signal_v2"",""drivers"":[""multi_channel_access_spike"",""local_media_awareness"",""media_coverage"",""capacity_scarcity_signal""],""top_influencer"":""@transport_signal_network"",""urgency_score"":97,""confidence"":""very_high"",""trend"":""historic_access_surge"",""alert"":""pre_position_capacity_recommended""}",2026-05-13T10:00:45Z
334,1,Northeast Corridor,2026-05-17,378,285,448,2.06,transport_signal_v2,"{""model"":""transport_signal_v2"",""drivers"":[""multi_channel_access_spike"",""local_media_awareness"",""media_coverage"",""capacity_scarcity_signal""],""top_influencer"":""@transport_signal_network"",""urgency_score"":97,""confidence"":""very_high"",""trend"":""historic_access_surge"",""alert"":""pre_position_capacity_recommended""}",2026-05-13T10:00:45Z
335,1,Northeast Corridor,2026-05-18,360,297,460,1.92,transport_signal_v2,"{""model"":""transport_signal_v2"",""drivers"":[""multi_channel_access_spike"",""local_media_awareness"",""media_coverage"",""capacity_scarcity_signal""],""top_influencer"":""@transport_signal_network"",""urgency_score"":97,""confidence"":""very_high"",""trend"":""historic_access_surge"",""alert"":""pre_position_capacity_recommended""}",2026-05-13T10:00:45Z
336,1,Northeast Corridor,2026-05-19,399,309,472,2,transport_signal_v2,"{""model"":""transport_signal_v2"",""drivers"":[""multi_channel_access_spike"",""local_media_awareness"",""media_coverage"",""capacity_scarcity_signal""],""top_influencer"":""@transport_signal_network"",""urgency_score"":97,""confidence"":""very_high"",""trend"":""historic_access_surge"",""alert"":""pre_position_capacity_recommended""}",2026-05-13T10:00:45Z
337,1,Northeast Corridor,2026-05-20,433,321,484,2.13,transport_signal_v2,"{""model"":""transport_signal_v2"",""drivers"":[""multi_channel_access_spike"",""local_media_awareness"",""media_coverage"",""capacity_scarcity_signal""],""top_influencer"":""@transport_signal_network"",""urgency_score"":97,""confidence"":""very_high"",""trend"":""historic_access_surge"",""alert"":""pre_position_capacity_recommended""}",2026-05-13T10:00:45Z
338,1,Northeast Corridor,2026-05-21,431,333,496,2.45,transport_signal_v2,"{""model"":""transport_signal_v2"",""drivers"":[""multi_channel_access_spike"",""local_media_awareness"",""media_coverage"",""capacity_scarcity_signal""],""top_influencer"":""@transport_signal_network"",""urgency_score"":97,""confidence"":""very_high"",""trend"":""historic_access_surge"",""alert"":""pre_position_capacity_recommended""}",2026-05-13T10:00:45Z
339,1,Northeast Corridor,2026-05-22,435,345,508,2.25,transport_signal_v2,"{""model"":""transport_signal_v2"",""drivers"":[""multi_channel_access_spike"",""local_media_awareness"",""media_coverage"",""capacity_scarcity_signal""],""top_influencer"":""@transport_signal_network"",""urgency_score"":97,""confidence"":""very_high"",""trend"":""historic_access_surge"",""alert"":""pre_position_capacity_recommended""}",2026-05-13T10:00:45Z
340,1,Northeast Corridor,2026-05-23,407,357,520,2.34,transport_signal_v2,"{""model"":""transport_signal_v2"",""drivers"":[""multi_channel_access_spike"",""local_media_awareness"",""media_coverage"",""capacity_scarcity_signal""],""top_influencer"":""@transport_signal_network"",""urgency_score"":97,""confidence"":""very_high"",""trend"":""historic_access_surge"",""alert"":""pre_position_capacity_recommended""}",2026-05-13T10:00:45Z
341,1,Northeast Corridor,2026-05-24,420,369,532,2.34,transport_signal_v2,"{""model"":""transport_signal_v2"",""drivers"":[""multi_channel_access_spike"",""local_media_awareness"",""media_coverage"",""capacity_scarcity_signal""],""top_influencer"":""@transport_signal_network"",""urgency_score"":97,""confidence"":""very_high"",""trend"":""historic_access_surge"",""alert"":""pre_position_capacity_recommended""}",2026-05-13T10:00:45Z
342,1,Northeast Corridor,2026-05-25,470,381,544,2.53,transport_signal_v2,"{""model"":""transport_signal_v2"",""drivers"":[""multi_channel_access_spike"",""local_media_awareness"",""media_coverage"",""capacity_scarcity_signal""],""top_influencer"":""@transport_signal_network"",""urgency_score"":97,""confidence"":""very_high"",""trend"":""historic_access_surge"",""alert"":""pre_position_capacity_recommended""}",2026-05-13T10:00:45Z
343,1,Northeast Corridor,2026-05-26,456,393,556,2.82,transport_signal_v2,"{""model"":""transport_signal_v2"",""drivers"":[""multi_channel_access_spike"",""local_media_awareness"",""media_coverage"",""capacity_scarcity_signal""],""top_influencer"":""@transport_signal_network"",""urgency_score"":97,""confidence"":""very_high"",""trend"":""historic_access_surge"",""alert"":""pre_position_capacity_recommended""}",2026-05-13T10:00:45Z
344,1,Northeast Corridor,2026-05-27,518,405,568,2.9,transport_signal_v2,"{""model"":""transport_signal_v2"",""drivers"":[""multi_channel_access_spike"",""local_media_awareness"",""media_coverage"",""capacity_scarcity_signal""],""top_influencer"":""@transport_signal_network"",""urgency_score"":97,""confidence"":""very_high"",""trend"":""historic_access_surge"",""alert"":""pre_position_capacity_recommended""}",2026-05-13T10:00:45Z
345,1,Northeast Corridor,2026-05-28,513,417,580,2.69,transport_signal_v2,"{""model"":""transport_signal_v2"",""drivers"":[""multi_channel_access_spike"",""local_media_awareness"",""media_coverage"",""capacity_scarcity_signal""],""top_influencer"":""@transport_signal_network"",""urgency_score"":97,""confidence"":""very_high"",""trend"":""historic_access_surge"",""alert"":""pre_position_capacity_recommended""}",2026-05-13T10:00:45Z
346,1,Northeast Corridor,2026-05-29,493,429,592,3.1,transport_signal_v2,"{""model"":""transport_signal_v2"",""drivers"":[""multi_channel_access_spike"",""local_media_awareness"",""media_coverage"",""capacity_scarcity_signal""],""top_influencer"":""@transport_signal_network"",""urgency_score"":97,""confidence"":""very_high"",""trend"":""historic_access_surge"",""alert"":""pre_position_capacity_recommended""}",2026-05-13T10:00:45Z
347,1,Northeast Corridor,2026-05-30,542,441,604,2.84,transport_signal_v2,"{""model"":""transport_signal_v2"",""drivers"":[""multi_channel_access_spike"",""local_media_awareness"",""media_coverage"",""capacity_scarcity_signal""],""top_influencer"":""@transport_signal_network"",""urgency_score"":97,""confidence"":""very_high"",""trend"":""historic_access_surge"",""alert"":""pre_position_capacity_recommended""}",2026-05-13T10:00:45Z
348,1,Northeast Corridor,2026-05-31,528,453,616,2.9,transport_signal_v2,"{""model"":""transport_signal_v2"",""drivers"":[""multi_channel_access_spike"",""local_media_awareness"",""media_coverage"",""capacity_scarcity_signal""],""top_influencer"":""@transport_signal_network"",""urgency_score"":97,""confidence"":""very_high"",""trend"":""historic_access_surge"",""alert"":""pre_position_capacity_recommended""}",2026-05-13T10:00:45Z
349,1,Northeast Corridor,2026-06-01,511,465,628,3.17,transport_signal_v2,"{""model"":""transport_signal_v2"",""drivers"":[""multi_channel_access_spike"",""local_media_awareness"",""media_coverage"",""capacity_scarcity_signal""],""top_influencer"":""@transport_signal_network"",""urgency_score"":97,""confidence"":""very_high"",""trend"":""historic_access_surge"",""alert"":""pre_position_capacity_recommended""}",2026-05-13T10:00:45Z
350,1,Northeast Corridor,2026-06-02,580,477,640,2.97,transport_signal_v2,"{""model"":""transport_signal_v2"",""drivers"":[""multi_channel_access_spike"",""local_media_awareness"",""media_coverage"",""capacity_scarcity_signal""],""top_influencer"":""@transport_signal_network"",""urgency_score"":97,""confidence"":""very_high"",""trend"":""historic_access_surge"",""alert"":""pre_position_capacity_recommended""}",2026-05-13T10:00:45Z
351,1,Northeast Corridor,2026-06-03,563,489,652,3.17,transport_signal_v2,"{""model"":""transport_signal_v2"",""drivers"":[""multi_channel_access_spike"",""local_media_awareness"",""media_coverage"",""capacity_scarcity_signal""],""top_influencer"":""@transport_signal_network"",""urgency_score"":97,""confidence"":""very_high"",""trend"":""historic_access_surge"",""alert"":""pre_position_capacity_recommended""}",2026-05-13T10:00:45Z
352,1,Northeast Corridor,2026-06-04,593,501,664,3.41,transport_signal_v2,"{""model"":""transport_signal_v2"",""drivers"":[""multi_channel_access_spike"",""local_media_awareness"",""media_coverage"",""capacity_scarcity_signal""],""top_influencer"":""@transport_signal_network"",""urgency_score"":97,""confidence"":""very_high"",""trend"":""historic_access_surge"",""alert"":""pre_position_capacity_recommended""}",2026-05-13T10:00:45Z
353,1,Northeast Corridor,2026-06-05,608,513,676,3.4,transport_signal_v2,"{""model"":""transport_signal_v2"",""drivers"":[""multi_channel_access_spike"",""local_media_awareness"",""media_coverage"",""capacity_scarcity_signal""],""top_influencer"":""@transport_signal_network"",""urgency_score"":97,""confidence"":""very_high"",""trend"":""historic_access_surge"",""alert"":""pre_position_capacity_recommended""}",2026-05-13T10:00:45Z
354,1,Northeast Corridor,2026-06-06,576,525,688,3.66,transport_signal_v2,"{""model"":""transport_signal_v2"",""drivers"":[""multi_channel_access_spike"",""local_media_awareness"",""media_coverage"",""capacity_scarcity_signal""],""top_influencer"":""@transport_signal_network"",""urgency_score"":97,""confidence"":""very_high"",""trend"":""historic_access_surge"",""alert"":""pre_position_capacity_recommended""}",2026-05-13T10:00:45Z
355,1,Northeast Corridor,2026-06-07,600,537,700,3.7,transport_signal_v2,"{""model"":""transport_signal_v2"",""drivers"":[""multi_channel_access_spike"",""local_media_awareness"",""media_coverage"",""capacity_scarcity_signal""],""top_influencer"":""@transport_signal_network"",""urgency_score"":97,""confidence"":""very_high"",""trend"":""historic_access_surge"",""alert"":""pre_position_capacity_recommended""}",2026-05-13T10:00:45Z
356,1,Northeast Corridor,2026-06-08,607,549,712,3.71,transport_signal_v2,"{""model"":""transport_signal_v2"",""drivers"":[""multi_channel_access_spike"",""local_media_awareness"",""media_coverage"",""capacity_scarcity_signal""],""top_influencer"":""@transport_signal_network"",""urgency_score"":97,""confidence"":""very_high"",""trend"":""historic_access_surge"",""alert"":""pre_position_capacity_recommended""}",2026-05-13T10:00:45Z
357,1,Northeast Corridor,2026-06-09,665,561,724,3.69,transport_signal_v2,"{""model"":""transport_signal_v2"",""drivers"":[""multi_channel_access_spike"",""local_media_awareness"",""media_coverage"",""capacity_scarcity_signal""],""top_influencer"":""@transport_signal_network"",""urgency_score"":97,""confidence"":""very_high"",""trend"":""historic_access_surge"",""alert"":""pre_position_capacity_recommended""}",2026-05-13T10:00:45Z
358,1,Northeast Corridor,2026-06-10,624,573,736,3.83,transport_signal_v2,"{""model"":""transport_signal_v2"",""drivers"":[""multi_channel_access_spike"",""local_media_awareness"",""media_coverage"",""capacity_scarcity_signal""],""top_influencer"":""@transport_signal_network"",""urgency_score"":97,""confidence"":""very_high"",""trend"":""historic_access_surge"",""alert"":""pre_position_capacity_recommended""}",2026-05-13T10:00:45Z
359,1,Northeast Corridor,2026-06-11,697,585,748,4,transport_signal_v2,"{""model"":""transport_signal_v2"",""drivers"":[""multi_channel_access_spike"",""local_media_awareness"",""media_coverage"",""capacity_scarcity_signal""],""top_influencer"":""@transport_signal_network"",""urgency_score"":97,""confidence"":""very_high"",""trend"":""historic_access_surge"",""alert"":""pre_position_capacity_recommended""}",2026-05-13T10:00:45Z
360,1,Northeast Corridor,2026-06-12,662,597,760,3.95,transport_signal_v2,"{""model"":""transport_signal_v2"",""drivers"":[""multi_channel_access_spike"",""local_media_awareness"",""media_coverage"",""capacity_scarcity_signal""],""top_influencer"":""@transport_signal_network"",""urgency_score"":97,""confidence"":""very_high"",""trend"":""historic_access_surge"",""alert"":""pre_position_capacity_recommended""}",2026-05-13T10:00:45Z
