connection_id,from_influencer,to_influencer,connection_type,strength,interaction_count,first_seen,last_interaction
1,95,473,collaborates,0.686,118,2026-05-13T10:00:44Z,2026-05-13T10:00:44Z
2,387,336,mentioned,0.839,122,2026-05-13T10:00:44Z,2026-05-13T10:00:44Z
3,332,458,reshared,0.823,15,2026-05-13T10:00:44Z,2026-05-13T10:00:44Z
4,233,219,tagged,0.958,154,2026-05-13T10:00:44Z,2026-05-13T10:00:44Z
5,257,274,duet,0.671,186,2026-05-13T10:00:44Z,2026-05-13T10:00:44Z
6,236,171,inspired_by,0.281,152,2026-05-13T10:00:44Z,2026-05-13T10:00:44Z
7,150,439,follows,0.74,143,2026-05-13T10:00:44Z,2026-05-13T10:00:44Z
8,476,164,collaborates,0.378,166,2026-05-13T10:00:44Z,2026-05-13T10:00:44Z
9,451,421,mentioned,0.336,60,2026-05-13T10:00:44Z,2026-05-13T10:00:44Z
10,304,373,reshared,0.618,3,2026-05-13T10:00:44Z,2026-05-13T10:00:44Z
11,329,282,tagged,0.675,8,2026-05-13T10:00:44Z,2026-05-13T10:00:44Z
12,337,377,duet,0.741,170,2026-05-13T10:00:44Z,2026-05-13T10:00:44Z
13,47,164,inspired_by,0.99,171,2026-05-13T10:00:44Z,2026-05-13T10:00:44Z
14,17,148,follows,0.562,100,2026-05-13T10:00:44Z,2026-05-13T10:00:44Z
15,421,178,collaborates,0.378,151,2026-05-13T10:00:44Z,2026-05-13T10:00:44Z
16,8,64,mentioned,0.499,118,2026-05-13T10:00:44Z,2026-05-13T10:00:44Z
17,387,33,reshared,0.437,19,2026-05-13T10:00:44Z,2026-05-13T10:00:44Z
18,101,261,tagged,0.806,39,2026-05-13T10:00:44Z,2026-05-13T10:00:44Z
19,65,134,duet,0.976,33,2026-05-13T10:00:44Z,2026-05-13T10:00:44Z
20,56,449,inspired_by,0.652,80,2026-05-13T10:00:44Z,2026-05-13T10:00:44Z
21,112,344,follows,0.616,1,2026-05-13T10:00:44Z,2026-05-13T10:00:44Z
22,311,404,collaborates,0.396,154,2026-05-13T10:00:44Z,2026-05-13T10:00:44Z
23,108,281,mentioned,0.15,127,2026-05-13T10:00:44Z,2026-05-13T10:00:44Z
24,437,10,reshared,0.643,91,2026-05-13T10:00:44Z,2026-05-13T10:00:44Z
25,315,7,tagged,0.217,178,2026-05-13T10:00:44Z,2026-05-13T10:00:44Z
28,105,63,follows,0.908,17,2026-05-13T10:00:44Z,2026-05-13T10:00:44Z
29,31,434,collaborates,0.78,130,2026-05-13T10:00:44Z,2026-05-13T10:00:44Z
30,468,380,mentioned,0.428,1,2026-05-13T10:00:44Z,2026-05-13T10:00:44Z
31,313,211,reshared,0.752,19,2026-05-13T10:00:44Z,2026-05-13T10:00:44Z
32,270,191,tagged,0.683,154,2026-05-13T10:00:44Z,2026-05-13T10:00:44Z
33,141,51,duet,0.149,82,2026-05-13T10:00:44Z,2026-05-13T10:00:44Z
34,201,323,inspired_by,0.663,166,2026-05-13T10:00:44Z,2026-05-13T10:00:44Z
35,326,293,follows,0.233,169,2026-05-13T10:00:44Z,2026-05-13T10:00:44Z
36,466,112,collaborates,0.87,56,2026-05-13T10:00:44Z,2026-05-13T10:00:44Z
38,390,476,reshared,0.514,56,2026-05-13T10:00:44Z,2026-05-13T10:00:44Z
39,218,420,tagged,0.986,169,2026-05-13T10:00:44Z,2026-05-13T10:00:44Z
40,434,340,duet,0.999,178,2026-05-13T10:00:44Z,2026-05-13T10:00:44Z
41,33,39,inspired_by,0.601,124,2026-05-13T10:00:44Z,2026-05-13T10:00:44Z
42,385,258,follows,0.923,145,2026-05-13T10:00:44Z,2026-05-13T10:00:44Z
43,236,444,collaborates,0.545,180,2026-05-13T10:00:44Z,2026-05-13T10:00:44Z
44,1,109,mentioned,0.357,18,2026-05-13T10:00:44Z,2026-05-13T10:00:44Z
45,118,3,reshared,0.942,69,2026-05-13T10:00:44Z,2026-05-13T10:00:44Z
46,175,54,tagged,0.144,145,2026-05-13T10:00:44Z,2026-05-13T10:00:44Z
47,471,20,duet,0.329,59,2026-05-13T10:00:44Z,2026-05-13T10:00:44Z
48,171,307,inspired_by,0.751,145,2026-05-13T10:00:44Z,2026-05-13T10:00:44Z
49,331,346,follows,0.521,146,2026-05-13T10:00:44Z,2026-05-13T10:00:44Z
50,370,379,collaborates,0.104,186,2026-05-13T10:00:44Z,2026-05-13T10:00:44Z
51,351,382,mentioned,0.767,158,2026-05-13T10:00:44Z,2026-05-13T10:00:44Z
52,93,367,reshared,0.43,136,2026-05-13T10:00:44Z,2026-05-13T10:00:44Z
53,423,452,tagged,0.268,48,2026-05-13T10:00:44Z,2026-05-13T10:00:44Z
54,393,24,duet,0.656,5,2026-05-13T10:00:44Z,2026-05-13T10:00:44Z
56,73,313,follows,0.507,31,2026-05-13T10:00:44Z,2026-05-13T10:00:44Z
58,487,143,mentioned,0.12,190,2026-05-13T10:00:44Z,2026-05-13T10:00:44Z
59,384,333,reshared,0.222,109,2026-05-13T10:00:44Z,2026-05-13T10:00:44Z
60,420,205,tagged,0.469,163,2026-05-13T10:00:44Z,2026-05-13T10:00:44Z
61,471,217,duet,0.578,30,2026-05-13T10:00:44Z,2026-05-13T10:00:44Z
62,330,168,inspired_by,0.776,158,2026-05-13T10:00:44Z,2026-05-13T10:00:44Z
63,254,188,follows,0.876,180,2026-05-13T10:00:44Z,2026-05-13T10:00:44Z
64,201,225,collaborates,0.176,65,2026-05-13T10:00:44Z,2026-05-13T10:00:44Z
65,363,183,mentioned,0.591,36,2026-05-13T10:00:44Z,2026-05-13T10:00:44Z
66,18,192,reshared,0.673,128,2026-05-13T10:00:44Z,2026-05-13T10:00:44Z
67,293,159,tagged,0.803,130,2026-05-13T10:00:44Z,2026-05-13T10:00:44Z
68,228,14,duet,0.857,15,2026-05-13T10:00:44Z,2026-05-13T10:00:44Z
69,125,219,inspired_by,0.35,164,2026-05-13T10:00:44Z,2026-05-13T10:00:44Z
72,367,53,mentioned,0.35,104,2026-05-13T10:00:44Z,2026-05-13T10:00:44Z
73,24,335,reshared,0.75,177,2026-05-13T10:00:44Z,2026-05-13T10:00:44Z
75,376,154,duet,0.819,27,2026-05-13T10:00:44Z,2026-05-13T10:00:44Z
76,182,291,inspired_by,0.878,153,2026-05-13T10:00:44Z,2026-05-13T10:00:44Z
77,407,69,follows,0.749,77,2026-05-13T10:00:44Z,2026-05-13T10:00:44Z
78,325,14,collaborates,0.502,17,2026-05-13T10:00:44Z,2026-05-13T10:00:44Z
82,37,148,duet,0.666,4,2026-05-13T10:00:44Z,2026-05-13T10:00:44Z
83,373,38,inspired_by,0.96,70,2026-05-13T10:00:44Z,2026-05-13T10:00:44Z
85,312,184,collaborates,0.806,82,2026-05-13T10:00:44Z,2026-05-13T10:00:44Z
86,67,356,mentioned,0.642,183,2026-05-13T10:00:44Z,2026-05-13T10:00:44Z
87,432,147,reshared,0.704,61,2026-05-13T10:00:44Z,2026-05-13T10:00:44Z
88,472,306,tagged,0.278,153,2026-05-13T10:00:44Z,2026-05-13T10:00:44Z
89,401,168,duet,0.465,89,2026-05-13T10:00:44Z,2026-05-13T10:00:44Z
91,107,333,follows,0.76,91,2026-05-13T10:00:44Z,2026-05-13T10:00:44Z
92,411,167,collaborates,0.329,100,2026-05-13T10:00:44Z,2026-05-13T10:00:44Z
93,281,178,mentioned,0.271,126,2026-05-13T10:00:44Z,2026-05-13T10:00:44Z
94,314,376,reshared,0.603,176,2026-05-13T10:00:44Z,2026-05-13T10:00:44Z
95,394,105,tagged,0.614,8,2026-05-13T10:00:44Z,2026-05-13T10:00:44Z
96,454,406,duet,0.805,115,2026-05-13T10:00:44Z,2026-05-13T10:00:44Z
97,206,178,inspired_by,0.812,138,2026-05-13T10:00:44Z,2026-05-13T10:00:44Z
98,148,333,follows,0.783,170,2026-05-13T10:00:44Z,2026-05-13T10:00:44Z
99,25,254,collaborates,0.878,194,2026-05-13T10:00:44Z,2026-05-13T10:00:44Z
100,32,421,mentioned,0.474,90,2026-05-13T10:00:44Z,2026-05-13T10:00:44Z
101,324,424,reshared,0.94,120,2026-05-13T10:00:44Z,2026-05-13T10:00:44Z
102,190,372,tagged,0.685,123,2026-05-13T10:00:44Z,2026-05-13T10:00:44Z
104,157,280,inspired_by,0.244,127,2026-05-13T10:00:44Z,2026-05-13T10:00:44Z
105,19,258,follows,0.232,28,2026-05-13T10:00:44Z,2026-05-13T10:00:44Z
106,9,7,collaborates,0.417,124,2026-05-13T10:00:44Z,2026-05-13T10:00:44Z
107,432,27,mentioned,0.641,140,2026-05-13T10:00:44Z,2026-05-13T10:00:44Z
108,306,479,reshared,0.401,92,2026-05-13T10:00:44Z,2026-05-13T10:00:44Z
110,287,213,duet,0.273,194,2026-05-13T10:00:44Z,2026-05-13T10:00:44Z
111,166,133,inspired_by,0.556,124,2026-05-13T10:00:44Z,2026-05-13T10:00:44Z
112,121,451,follows,0.538,18,2026-05-13T10:00:44Z,2026-05-13T10:00:44Z
113,21,6,collaborates,0.196,16,2026-05-13T10:00:44Z,2026-05-13T10:00:44Z
114,428,377,mentioned,0.167,107,2026-05-13T10:00:44Z,2026-05-13T10:00:44Z
115,450,263,reshared,0.371,2,2026-05-13T10:00:44Z,2026-05-13T10:00:44Z
116,359,484,tagged,0.172,126,2026-05-13T10:00:44Z,2026-05-13T10:00:44Z
117,236,57,duet,0.214,180,2026-05-13T10:00:44Z,2026-05-13T10:00:44Z
118,1,173,inspired_by,0.647,75,2026-05-13T10:00:44Z,2026-05-13T10:00:44Z
119,390,321,follows,0.782,53,2026-05-13T10:00:44Z,2026-05-13T10:00:44Z
120,458,413,collaborates,0.74,183,2026-05-13T10:00:44Z,2026-05-13T10:00:44Z
121,33,348,mentioned,0.804,98,2026-05-13T10:00:44Z,2026-05-13T10:00:44Z
122,364,201,reshared,0.999,198,2026-05-13T10:00:44Z,2026-05-13T10:00:44Z
123,19,460,tagged,0.386,63,2026-05-13T10:00:44Z,2026-05-13T10:00:44Z
124,205,134,duet,0.641,163,2026-05-13T10:00:44Z,2026-05-13T10:00:44Z
125,190,311,inspired_by,0.571,50,2026-05-13T10:00:44Z,2026-05-13T10:00:44Z
126,133,47,follows,0.517,167,2026-05-13T10:00:44Z,2026-05-13T10:00:44Z
127,327,425,collaborates,0.408,160,2026-05-13T10:00:44Z,2026-05-13T10:00:44Z
129,120,41,reshared,0.55,94,2026-05-13T10:00:44Z,2026-05-13T10:00:44Z
130,193,39,tagged,0.658,104,2026-05-13T10:00:44Z,2026-05-13T10:00:44Z
131,26,219,duet,0.295,84,2026-05-13T10:00:44Z,2026-05-13T10:00:44Z
132,307,103,inspired_by,0.274,36,2026-05-13T10:00:44Z,2026-05-13T10:00:44Z
133,141,138,follows,0.559,41,2026-05-13T10:00:44Z,2026-05-13T10:00:44Z
134,459,86,collaborates,0.779,146,2026-05-13T10:00:44Z,2026-05-13T10:00:44Z
135,282,61,mentioned,0.365,70,2026-05-13T10:00:44Z,2026-05-13T10:00:44Z
137,10,402,tagged,0.807,162,2026-05-13T10:00:44Z,2026-05-13T10:00:44Z
138,173,109,duet,0.403,87,2026-05-13T10:00:44Z,2026-05-13T10:00:44Z
139,38,364,inspired_by,0.7,178,2026-05-13T10:00:44Z,2026-05-13T10:00:44Z
140,150,323,follows,0.113,189,2026-05-13T10:00:44Z,2026-05-13T10:00:44Z
141,72,419,collaborates,0.103,108,2026-05-13T10:00:44Z,2026-05-13T10:00:44Z
142,472,104,mentioned,0.741,163,2026-05-13T10:00:44Z,2026-05-13T10:00:44Z
143,102,391,reshared,0.838,117,2026-05-13T10:00:44Z,2026-05-13T10:00:44Z
144,263,292,tagged,0.819,15,2026-05-13T10:00:44Z,2026-05-13T10:00:44Z
145,129,2,duet,0.306,194,2026-05-13T10:00:44Z,2026-05-13T10:00:44Z
146,212,261,inspired_by,0.654,73,2026-05-13T10:00:44Z,2026-05-13T10:00:44Z
147,10,88,follows,0.185,48,2026-05-13T10:00:44Z,2026-05-13T10:00:44Z
148,409,378,collaborates,0.712,143,2026-05-13T10:00:44Z,2026-05-13T10:00:44Z
150,328,337,reshared,0.186,46,2026-05-13T10:00:44Z,2026-05-13T10:00:44Z
153,365,441,inspired_by,0.88,147,2026-05-13T10:00:44Z,2026-05-13T10:00:44Z
154,93,310,follows,0.381,33,2026-05-13T10:00:44Z,2026-05-13T10:00:44Z
155,15,49,collaborates,0.802,158,2026-05-13T10:00:44Z,2026-05-13T10:00:44Z
156,482,193,mentioned,0.58,37,2026-05-13T10:00:44Z,2026-05-13T10:00:44Z
157,46,349,reshared,0.766,41,2026-05-13T10:00:44Z,2026-05-13T10:00:44Z
158,138,440,tagged,0.369,175,2026-05-13T10:00:44Z,2026-05-13T10:00:44Z
160,328,62,inspired_by,0.731,152,2026-05-13T10:00:44Z,2026-05-13T10:00:44Z
161,37,473,follows,0.976,4,2026-05-13T10:00:44Z,2026-05-13T10:00:44Z
163,195,329,mentioned,0.95,129,2026-05-13T10:00:44Z,2026-05-13T10:00:44Z
164,39,309,reshared,0.47,141,2026-05-13T10:00:44Z,2026-05-13T10:00:44Z
165,155,67,tagged,0.179,19,2026-05-13T10:00:44Z,2026-05-13T10:00:44Z
167,257,357,inspired_by,0.981,170,2026-05-13T10:00:44Z,2026-05-13T10:00:44Z
168,371,7,follows,0.934,21,2026-05-13T10:00:44Z,2026-05-13T10:00:44Z
169,30,370,collaborates,0.83,76,2026-05-13T10:00:44Z,2026-05-13T10:00:44Z
170,189,205,mentioned,0.272,97,2026-05-13T10:00:44Z,2026-05-13T10:00:44Z
171,186,337,reshared,0.865,72,2026-05-13T10:00:44Z,2026-05-13T10:00:44Z
172,258,349,tagged,0.623,184,2026-05-13T10:00:44Z,2026-05-13T10:00:44Z
173,374,466,duet,0.405,139,2026-05-13T10:00:44Z,2026-05-13T10:00:44Z
174,458,450,inspired_by,0.2,119,2026-05-13T10:00:44Z,2026-05-13T10:00:44Z
175,339,468,follows,0.886,31,2026-05-13T10:00:44Z,2026-05-13T10:00:44Z
177,208,372,mentioned,0.126,93,2026-05-13T10:00:44Z,2026-05-13T10:00:44Z
179,403,461,tagged,0.506,111,2026-05-13T10:00:44Z,2026-05-13T10:00:44Z
180,254,391,duet,0.345,57,2026-05-13T10:00:44Z,2026-05-13T10:00:44Z
181,331,157,inspired_by,0.597,137,2026-05-13T10:00:44Z,2026-05-13T10:00:44Z
182,457,20,follows,0.73,149,2026-05-13T10:00:44Z,2026-05-13T10:00:44Z
183,347,337,collaborates,0.583,78,2026-05-13T10:00:44Z,2026-05-13T10:00:44Z
184,112,149,mentioned,0.948,160,2026-05-13T10:00:44Z,2026-05-13T10:00:44Z
185,217,432,reshared,0.839,114,2026-05-13T10:00:44Z,2026-05-13T10:00:44Z
186,154,380,tagged,0.653,116,2026-05-13T10:00:44Z,2026-05-13T10:00:44Z
187,435,388,duet,0.328,90,2026-05-13T10:00:44Z,2026-05-13T10:00:44Z
188,350,189,inspired_by,0.891,73,2026-05-13T10:00:44Z,2026-05-13T10:00:44Z
189,133,210,follows,0.858,186,2026-05-13T10:00:44Z,2026-05-13T10:00:44Z
191,217,278,mentioned,0.867,55,2026-05-13T10:00:44Z,2026-05-13T10:00:44Z
192,445,67,reshared,0.542,52,2026-05-13T10:00:44Z,2026-05-13T10:00:44Z
193,402,134,tagged,0.213,166,2026-05-13T10:00:44Z,2026-05-13T10:00:44Z
194,280,436,duet,0.879,112,2026-05-13T10:00:44Z,2026-05-13T10:00:44Z
196,208,285,follows,0.2,195,2026-05-13T10:00:44Z,2026-05-13T10:00:44Z
197,55,186,collaborates,0.391,16,2026-05-13T10:00:44Z,2026-05-13T10:00:44Z
198,57,72,mentioned,0.934,176,2026-05-13T10:00:44Z,2026-05-13T10:00:44Z
199,219,331,reshared,0.858,44,2026-05-13T10:00:44Z,2026-05-13T10:00:44Z
200,446,53,tagged,0.859,140,2026-05-13T10:00:44Z,2026-05-13T10:00:44Z
201,31,187,duet,0.35,56,2026-05-13T10:00:44Z,2026-05-13T10:00:44Z
202,133,366,inspired_by,0.929,76,2026-05-13T10:00:44Z,2026-05-13T10:00:44Z
204,192,155,collaborates,0.194,110,2026-05-13T10:00:44Z,2026-05-13T10:00:44Z
205,464,87,mentioned,0.414,5,2026-05-13T10:00:44Z,2026-05-13T10:00:44Z
206,138,206,reshared,0.228,52,2026-05-13T10:00:44Z,2026-05-13T10:00:44Z
207,465,476,tagged,0.144,95,2026-05-13T10:00:44Z,2026-05-13T10:00:44Z
208,488,348,duet,0.335,34,2026-05-13T10:00:44Z,2026-05-13T10:00:44Z
209,91,203,inspired_by,0.93,138,2026-05-13T10:00:44Z,2026-05-13T10:00:44Z
210,159,16,follows,0.419,68,2026-05-13T10:00:44Z,2026-05-13T10:00:44Z
211,175,443,collaborates,0.413,101,2026-05-13T10:00:44Z,2026-05-13T10:00:44Z
212,227,16,mentioned,0.489,78,2026-05-13T10:00:44Z,2026-05-13T10:00:44Z
213,417,94,reshared,0.316,38,2026-05-13T10:00:44Z,2026-05-13T10:00:44Z
214,258,484,tagged,0.967,2,2026-05-13T10:00:44Z,2026-05-13T10:00:44Z
215,171,161,duet,0.781,53,2026-05-13T10:00:44Z,2026-05-13T10:00:44Z
216,222,90,inspired_by,0.593,83,2026-05-13T10:00:44Z,2026-05-13T10:00:44Z
218,171,226,collaborates,0.904,60,2026-05-13T10:00:44Z,2026-05-13T10:00:44Z
219,38,342,mentioned,0.574,148,2026-05-13T10:00:44Z,2026-05-13T10:00:44Z
220,221,283,reshared,0.684,158,2026-05-13T10:00:44Z,2026-05-13T10:00:44Z
221,79,142,tagged,0.697,103,2026-05-13T10:00:44Z,2026-05-13T10:00:44Z
222,341,110,duet,0.259,106,2026-05-13T10:00:44Z,2026-05-13T10:00:44Z
223,363,334,inspired_by,0.961,155,2026-05-13T10:00:44Z,2026-05-13T10:00:44Z
224,106,444,follows,0.781,149,2026-05-13T10:00:44Z,2026-05-13T10:00:44Z
226,241,160,mentioned,0.717,185,2026-05-13T10:00:44Z,2026-05-13T10:00:44Z
227,436,377,reshared,0.936,194,2026-05-13T10:00:44Z,2026-05-13T10:00:44Z
228,275,301,tagged,0.821,101,2026-05-13T10:00:44Z,2026-05-13T10:00:44Z
229,302,207,duet,0.803,29,2026-05-13T10:00:44Z,2026-05-13T10:00:44Z
231,88,453,follows,0.54,112,2026-05-13T10:00:44Z,2026-05-13T10:00:44Z
232,178,320,collaborates,0.138,95,2026-05-13T10:00:44Z,2026-05-13T10:00:44Z
233,5,367,mentioned,0.594,188,2026-05-13T10:00:44Z,2026-05-13T10:00:44Z
234,442,165,reshared,0.747,10,2026-05-13T10:00:44Z,2026-05-13T10:00:44Z
235,28,292,tagged,0.542,51,2026-05-13T10:00:44Z,2026-05-13T10:00:44Z
236,411,481,duet,0.135,71,2026-05-13T10:00:44Z,2026-05-13T10:00:44Z
237,49,363,inspired_by,0.928,124,2026-05-13T10:00:44Z,2026-05-13T10:00:44Z
238,309,346,follows,0.885,115,2026-05-13T10:00:44Z,2026-05-13T10:00:44Z
239,116,348,collaborates,0.431,170,2026-05-13T10:00:44Z,2026-05-13T10:00:44Z
240,479,358,mentioned,0.46,179,2026-05-13T10:00:44Z,2026-05-13T10:00:44Z
241,252,235,reshared,0.923,92,2026-05-13T10:00:44Z,2026-05-13T10:00:44Z
242,465,256,tagged,0.599,134,2026-05-13T10:00:44Z,2026-05-13T10:00:44Z
243,7,134,duet,0.458,49,2026-05-13T10:00:44Z,2026-05-13T10:00:44Z
244,346,484,inspired_by,0.534,56,2026-05-13T10:00:44Z,2026-05-13T10:00:44Z
245,324,201,follows,0.263,198,2026-05-13T10:00:44Z,2026-05-13T10:00:44Z
246,174,450,collaborates,0.148,49,2026-05-13T10:00:44Z,2026-05-13T10:00:44Z
247,223,451,mentioned,0.813,175,2026-05-13T10:00:44Z,2026-05-13T10:00:44Z
248,31,59,reshared,0.95,113,2026-05-13T10:00:44Z,2026-05-13T10:00:44Z
251,5,157,inspired_by,0.876,66,2026-05-13T10:00:44Z,2026-05-13T10:00:44Z
252,339,175,follows,0.87,178,2026-05-13T10:00:44Z,2026-05-13T10:00:44Z
253,57,270,collaborates,0.858,66,2026-05-13T10:00:44Z,2026-05-13T10:00:44Z
254,316,223,mentioned,0.227,193,2026-05-13T10:00:44Z,2026-05-13T10:00:44Z
255,194,347,reshared,0.402,2,2026-05-13T10:00:44Z,2026-05-13T10:00:44Z
257,333,55,duet,0.122,40,2026-05-13T10:00:44Z,2026-05-13T10:00:44Z
259,357,22,follows,0.389,9,2026-05-13T10:00:44Z,2026-05-13T10:00:44Z
260,133,447,collaborates,0.223,114,2026-05-13T10:00:44Z,2026-05-13T10:00:44Z
261,229,312,mentioned,0.284,141,2026-05-13T10:00:44Z,2026-05-13T10:00:44Z
262,282,42,reshared,0.58,93,2026-05-13T10:00:44Z,2026-05-13T10:00:44Z
263,55,24,tagged,0.813,28,2026-05-13T10:00:44Z,2026-05-13T10:00:44Z
264,46,129,duet,0.278,137,2026-05-13T10:00:44Z,2026-05-13T10:00:44Z
265,211,436,inspired_by,0.579,54,2026-05-13T10:00:44Z,2026-05-13T10:00:44Z
266,423,122,follows,0.605,168,2026-05-13T10:00:44Z,2026-05-13T10:00:44Z
267,291,81,collaborates,0.436,182,2026-05-13T10:00:44Z,2026-05-13T10:00:44Z
268,179,137,mentioned,0.582,172,2026-05-13T10:00:44Z,2026-05-13T10:00:44Z
269,168,265,reshared,0.744,43,2026-05-13T10:00:44Z,2026-05-13T10:00:44Z
270,287,379,tagged,0.595,158,2026-05-13T10:00:44Z,2026-05-13T10:00:44Z
271,78,402,duet,0.403,134,2026-05-13T10:00:44Z,2026-05-13T10:00:44Z
272,378,290,inspired_by,0.42,31,2026-05-13T10:00:44Z,2026-05-13T10:00:44Z
273,457,420,follows,0.381,27,2026-05-13T10:00:44Z,2026-05-13T10:00:44Z
274,77,343,collaborates,0.47,12,2026-05-13T10:00:44Z,2026-05-13T10:00:44Z
275,393,284,mentioned,0.656,187,2026-05-13T10:00:44Z,2026-05-13T10:00:44Z
276,179,34,reshared,0.393,91,2026-05-13T10:00:44Z,2026-05-13T10:00:44Z
278,16,368,duet,0.529,117,2026-05-13T10:00:44Z,2026-05-13T10:00:44Z
279,346,427,inspired_by,0.945,126,2026-05-13T10:00:44Z,2026-05-13T10:00:44Z
280,411,451,follows,0.998,104,2026-05-13T10:00:44Z,2026-05-13T10:00:44Z
281,9,337,collaborates,0.139,104,2026-05-13T10:00:44Z,2026-05-13T10:00:44Z
283,58,164,reshared,0.232,189,2026-05-13T10:00:44Z,2026-05-13T10:00:44Z
284,413,431,tagged,0.318,149,2026-05-13T10:00:44Z,2026-05-13T10:00:44Z
285,160,336,duet,0.412,160,2026-05-13T10:00:44Z,2026-05-13T10:00:44Z
286,166,409,inspired_by,0.768,127,2026-05-13T10:00:44Z,2026-05-13T10:00:44Z
287,355,124,follows,0.784,198,2026-05-13T10:00:44Z,2026-05-13T10:00:44Z
288,303,201,collaborates,0.621,163,2026-05-13T10:00:44Z,2026-05-13T10:00:44Z
289,130,325,mentioned,0.51,68,2026-05-13T10:00:44Z,2026-05-13T10:00:44Z
290,8,120,reshared,0.633,141,2026-05-13T10:00:44Z,2026-05-13T10:00:44Z
292,307,353,duet,0.4,6,2026-05-13T10:00:44Z,2026-05-13T10:00:44Z
293,272,141,inspired_by,0.486,35,2026-05-13T10:00:44Z,2026-05-13T10:00:44Z
294,368,364,follows,0.24,148,2026-05-13T10:00:44Z,2026-05-13T10:00:44Z
295,461,395,collaborates,0.561,118,2026-05-13T10:00:44Z,2026-05-13T10:00:44Z
298,59,410,tagged,0.505,34,2026-05-13T10:00:44Z,2026-05-13T10:00:44Z
299,88,477,duet,0.704,192,2026-05-13T10:00:44Z,2026-05-13T10:00:44Z
300,271,38,inspired_by,0.698,55,2026-05-13T10:00:44Z,2026-05-13T10:00:44Z
301,264,93,follows,0.249,73,2026-05-13T10:00:44Z,2026-05-13T10:00:44Z
302,73,361,collaborates,0.601,40,2026-05-13T10:00:44Z,2026-05-13T10:00:44Z
303,229,476,mentioned,0.937,74,2026-05-13T10:00:44Z,2026-05-13T10:00:44Z
304,363,269,reshared,0.177,167,2026-05-13T10:00:44Z,2026-05-13T10:00:44Z
305,48,447,tagged,0.753,148,2026-05-13T10:00:44Z,2026-05-13T10:00:44Z
306,272,385,duet,0.277,146,2026-05-13T10:00:44Z,2026-05-13T10:00:44Z
307,126,50,inspired_by,0.22,60,2026-05-13T10:00:44Z,2026-05-13T10:00:44Z
308,401,403,follows,0.114,95,2026-05-13T10:00:44Z,2026-05-13T10:00:44Z
309,488,334,collaborates,0.96,101,2026-05-13T10:00:44Z,2026-05-13T10:00:44Z
310,114,252,mentioned,0.623,92,2026-05-13T10:00:44Z,2026-05-13T10:00:44Z
311,280,106,reshared,0.302,171,2026-05-13T10:00:44Z,2026-05-13T10:00:44Z
312,188,264,tagged,0.104,55,2026-05-13T10:00:44Z,2026-05-13T10:00:44Z
313,432,195,duet,0.733,21,2026-05-13T10:00:44Z,2026-05-13T10:00:44Z
314,423,424,inspired_by,0.105,158,2026-05-13T10:00:44Z,2026-05-13T10:00:44Z
315,143,147,follows,0.697,192,2026-05-13T10:00:44Z,2026-05-13T10:00:44Z
316,273,281,collaborates,0.707,92,2026-05-13T10:00:44Z,2026-05-13T10:00:44Z
317,318,435,mentioned,0.887,193,2026-05-13T10:00:44Z,2026-05-13T10:00:44Z
318,29,328,reshared,0.368,133,2026-05-13T10:00:44Z,2026-05-13T10:00:44Z
319,62,467,tagged,0.641,187,2026-05-13T10:00:44Z,2026-05-13T10:00:44Z
322,335,11,follows,0.339,57,2026-05-13T10:00:44Z,2026-05-13T10:00:44Z
323,481,304,collaborates,0.522,157,2026-05-13T10:00:44Z,2026-05-13T10:00:44Z
324,41,126,mentioned,0.926,44,2026-05-13T10:00:44Z,2026-05-13T10:00:44Z
325,50,49,reshared,0.844,88,2026-05-13T10:00:44Z,2026-05-13T10:00:44Z
327,171,150,duet,0.135,36,2026-05-13T10:00:44Z,2026-05-13T10:00:44Z
328,32,5,inspired_by,0.932,157,2026-05-13T10:00:44Z,2026-05-13T10:00:44Z
329,67,33,follows,0.677,48,2026-05-13T10:00:44Z,2026-05-13T10:00:44Z
330,292,462,collaborates,0.766,125,2026-05-13T10:00:44Z,2026-05-13T10:00:44Z
332,454,107,reshared,0.894,45,2026-05-13T10:00:44Z,2026-05-13T10:00:44Z
333,25,210,tagged,0.438,105,2026-05-13T10:00:44Z,2026-05-13T10:00:44Z
335,70,218,inspired_by,0.871,149,2026-05-13T10:00:44Z,2026-05-13T10:00:44Z
336,16,94,follows,0.163,23,2026-05-13T10:00:44Z,2026-05-13T10:00:44Z
337,337,54,collaborates,0.12,135,2026-05-13T10:00:44Z,2026-05-13T10:00:44Z
339,218,286,reshared,0.625,26,2026-05-13T10:00:44Z,2026-05-13T10:00:44Z
340,255,404,tagged,0.305,79,2026-05-13T10:00:44Z,2026-05-13T10:00:44Z
341,360,204,duet,0.732,113,2026-05-13T10:00:44Z,2026-05-13T10:00:44Z
342,469,31,inspired_by,0.67,56,2026-05-13T10:00:44Z,2026-05-13T10:00:44Z
345,223,382,mentioned,0.837,24,2026-05-13T10:00:44Z,2026-05-13T10:00:44Z
346,430,355,reshared,0.847,98,2026-05-13T10:00:44Z,2026-05-13T10:00:44Z
347,4,472,tagged,0.684,5,2026-05-13T10:00:44Z,2026-05-13T10:00:44Z
348,376,180,duet,0.318,174,2026-05-13T10:00:44Z,2026-05-13T10:00:44Z
349,421,275,inspired_by,0.381,197,2026-05-13T10:00:44Z,2026-05-13T10:00:44Z
350,124,346,follows,0.452,39,2026-05-13T10:00:44Z,2026-05-13T10:00:44Z
352,231,284,mentioned,0.815,179,2026-05-13T10:00:44Z,2026-05-13T10:00:44Z
354,267,29,tagged,0.9,148,2026-05-13T10:00:44Z,2026-05-13T10:00:44Z
355,184,173,duet,0.63,144,2026-05-13T10:00:44Z,2026-05-13T10:00:44Z
356,210,430,inspired_by,0.235,73,2026-05-13T10:00:44Z,2026-05-13T10:00:44Z
357,28,145,follows,0.65,76,2026-05-13T10:00:44Z,2026-05-13T10:00:44Z
358,253,64,collaborates,0.445,12,2026-05-13T10:00:44Z,2026-05-13T10:00:44Z
359,384,60,mentioned,0.499,69,2026-05-13T10:00:44Z,2026-05-13T10:00:44Z
360,148,307,reshared,0.448,73,2026-05-13T10:00:44Z,2026-05-13T10:00:44Z
361,178,439,tagged,0.473,62,2026-05-13T10:00:44Z,2026-05-13T10:00:44Z
362,208,65,duet,0.651,47,2026-05-13T10:00:44Z,2026-05-13T10:00:44Z
363,447,443,inspired_by,0.734,135,2026-05-13T10:00:44Z,2026-05-13T10:00:44Z
364,285,266,follows,0.604,132,2026-05-13T10:00:44Z,2026-05-13T10:00:44Z
365,147,448,collaborates,0.734,196,2026-05-13T10:00:44Z,2026-05-13T10:00:44Z
366,347,88,mentioned,0.958,28,2026-05-13T10:00:44Z,2026-05-13T10:00:44Z
367,257,338,reshared,0.762,168,2026-05-13T10:00:44Z,2026-05-13T10:00:44Z
368,336,135,tagged,0.194,147,2026-05-13T10:00:44Z,2026-05-13T10:00:44Z
369,120,2,duet,0.125,169,2026-05-13T10:00:44Z,2026-05-13T10:00:44Z
370,3,374,inspired_by,0.637,193,2026-05-13T10:00:44Z,2026-05-13T10:00:44Z
372,329,464,collaborates,0.748,16,2026-05-13T10:00:44Z,2026-05-13T10:00:44Z
373,17,73,mentioned,0.394,2,2026-05-13T10:00:44Z,2026-05-13T10:00:44Z
374,395,167,reshared,0.552,177,2026-05-13T10:00:44Z,2026-05-13T10:00:44Z
375,285,74,tagged,0.237,22,2026-05-13T10:00:44Z,2026-05-13T10:00:44Z
377,444,360,inspired_by,0.574,117,2026-05-13T10:00:44Z,2026-05-13T10:00:44Z
378,149,77,follows,0.665,99,2026-05-13T10:00:44Z,2026-05-13T10:00:44Z
379,112,375,collaborates,0.169,75,2026-05-13T10:00:44Z,2026-05-13T10:00:44Z
380,60,331,mentioned,0.295,111,2026-05-13T10:00:44Z,2026-05-13T10:00:44Z
381,410,31,reshared,0.865,97,2026-05-13T10:00:44Z,2026-05-13T10:00:44Z
383,75,89,duet,0.96,82,2026-05-13T10:00:44Z,2026-05-13T10:00:44Z
384,235,277,inspired_by,0.207,20,2026-05-13T10:00:44Z,2026-05-13T10:00:44Z
385,24,287,follows,0.711,194,2026-05-13T10:00:44Z,2026-05-13T10:00:44Z
386,50,171,collaborates,0.617,52,2026-05-13T10:00:44Z,2026-05-13T10:00:44Z
388,7,353,reshared,0.496,83,2026-05-13T10:00:44Z,2026-05-13T10:00:44Z
389,105,1,tagged,0.633,4,2026-05-13T10:00:44Z,2026-05-13T10:00:44Z
390,158,289,duet,0.978,11,2026-05-13T10:00:44Z,2026-05-13T10:00:44Z
391,449,237,inspired_by,0.996,155,2026-05-13T10:00:44Z,2026-05-13T10:00:44Z
392,354,367,follows,0.634,55,2026-05-13T10:00:44Z,2026-05-13T10:00:44Z
393,171,372,collaborates,0.412,45,2026-05-13T10:00:44Z,2026-05-13T10:00:44Z
394,11,389,mentioned,0.834,149,2026-05-13T10:00:44Z,2026-05-13T10:00:44Z
395,230,114,reshared,0.47,125,2026-05-13T10:00:44Z,2026-05-13T10:00:44Z
396,160,30,tagged,0.312,73,2026-05-13T10:00:44Z,2026-05-13T10:00:44Z
397,90,269,duet,0.488,159,2026-05-13T10:00:44Z,2026-05-13T10:00:44Z
398,75,47,inspired_by,0.239,192,2026-05-13T10:00:44Z,2026-05-13T10:00:44Z
399,33,332,follows,0.775,164,2026-05-13T10:00:44Z,2026-05-13T10:00:44Z
400,47,83,collaborates,0.583,52,2026-05-13T10:00:44Z,2026-05-13T10:00:44Z
401,79,359,mentioned,0.232,7,2026-05-13T10:00:44Z,2026-05-13T10:00:44Z
402,251,126,reshared,0.243,135,2026-05-13T10:00:44Z,2026-05-13T10:00:44Z
403,115,2,tagged,0.683,129,2026-05-13T10:00:44Z,2026-05-13T10:00:44Z
404,319,105,duet,0.477,19,2026-05-13T10:00:44Z,2026-05-13T10:00:44Z
405,15,210,inspired_by,0.619,174,2026-05-13T10:00:44Z,2026-05-13T10:00:44Z
406,414,368,follows,0.314,83,2026-05-13T10:00:44Z,2026-05-13T10:00:44Z
407,212,48,collaborates,0.138,24,2026-05-13T10:00:44Z,2026-05-13T10:00:44Z
408,472,174,mentioned,0.102,125,2026-05-13T10:00:44Z,2026-05-13T10:00:44Z
409,472,275,reshared,0.696,167,2026-05-13T10:00:44Z,2026-05-13T10:00:44Z
410,156,194,tagged,0.138,83,2026-05-13T10:00:44Z,2026-05-13T10:00:44Z
411,271,39,duet,0.5,160,2026-05-13T10:00:44Z,2026-05-13T10:00:44Z
412,152,282,inspired_by,0.151,20,2026-05-13T10:00:44Z,2026-05-13T10:00:44Z
413,50,161,follows,0.723,187,2026-05-13T10:00:44Z,2026-05-13T10:00:44Z
414,450,381,collaborates,0.703,118,2026-05-13T10:00:44Z,2026-05-13T10:00:44Z
415,406,94,mentioned,0.236,94,2026-05-13T10:00:44Z,2026-05-13T10:00:44Z
417,276,153,tagged,0.532,193,2026-05-13T10:00:44Z,2026-05-13T10:00:44Z
420,158,145,follows,0.557,106,2026-05-13T10:00:44Z,2026-05-13T10:00:44Z
421,208,361,collaborates,0.149,175,2026-05-13T10:00:44Z,2026-05-13T10:00:44Z
422,63,331,mentioned,0.294,157,2026-05-13T10:00:44Z,2026-05-13T10:00:44Z
424,273,171,tagged,0.649,23,2026-05-13T10:00:44Z,2026-05-13T10:00:44Z
425,191,454,duet,0.789,182,2026-05-13T10:00:44Z,2026-05-13T10:00:44Z
426,17,278,inspired_by,0.709,121,2026-05-13T10:00:44Z,2026-05-13T10:00:44Z
427,171,180,follows,0.179,48,2026-05-13T10:00:44Z,2026-05-13T10:00:44Z
428,34,88,collaborates,0.209,50,2026-05-13T10:00:44Z,2026-05-13T10:00:44Z
429,454,102,mentioned,0.41,147,2026-05-13T10:00:44Z,2026-05-13T10:00:44Z
430,409,256,reshared,0.983,62,2026-05-13T10:00:44Z,2026-05-13T10:00:44Z
431,61,386,tagged,0.902,33,2026-05-13T10:00:44Z,2026-05-13T10:00:44Z
433,465,215,inspired_by,0.158,71,2026-05-13T10:00:44Z,2026-05-13T10:00:44Z
434,423,91,follows,0.224,154,2026-05-13T10:00:44Z,2026-05-13T10:00:44Z
435,49,70,collaborates,0.201,40,2026-05-13T10:00:44Z,2026-05-13T10:00:44Z
436,418,166,mentioned,0.132,134,2026-05-13T10:00:44Z,2026-05-13T10:00:44Z
437,10,319,reshared,0.696,78,2026-05-13T10:00:44Z,2026-05-13T10:00:44Z
438,426,291,tagged,0.481,102,2026-05-13T10:00:44Z,2026-05-13T10:00:44Z
439,349,323,duet,0.169,168,2026-05-13T10:00:44Z,2026-05-13T10:00:44Z
440,337,183,inspired_by,0.55,59,2026-05-13T10:00:44Z,2026-05-13T10:00:44Z
441,394,75,follows,0.632,185,2026-05-13T10:00:44Z,2026-05-13T10:00:44Z
442,179,128,collaborates,0.118,5,2026-05-13T10:00:44Z,2026-05-13T10:00:44Z
443,171,225,mentioned,0.939,136,2026-05-13T10:00:44Z,2026-05-13T10:00:44Z
444,421,9,reshared,0.985,29,2026-05-13T10:00:44Z,2026-05-13T10:00:44Z
445,213,273,tagged,0.595,135,2026-05-13T10:00:44Z,2026-05-13T10:00:44Z
446,350,59,duet,0.465,131,2026-05-13T10:00:44Z,2026-05-13T10:00:44Z
447,47,70,inspired_by,0.277,109,2026-05-13T10:00:44Z,2026-05-13T10:00:44Z
448,273,314,follows,0.158,180,2026-05-13T10:00:44Z,2026-05-13T10:00:44Z
449,145,346,collaborates,0.212,43,2026-05-13T10:00:44Z,2026-05-13T10:00:44Z
450,293,28,mentioned,0.727,74,2026-05-13T10:00:44Z,2026-05-13T10:00:44Z
451,52,293,reshared,0.164,144,2026-05-13T10:00:44Z,2026-05-13T10:00:44Z
453,104,308,duet,0.564,79,2026-05-13T10:00:44Z,2026-05-13T10:00:44Z
454,241,445,inspired_by,0.953,179,2026-05-13T10:00:44Z,2026-05-13T10:00:44Z
455,145,387,follows,0.527,183,2026-05-13T10:00:44Z,2026-05-13T10:00:44Z
456,441,42,collaborates,0.933,128,2026-05-13T10:00:44Z,2026-05-13T10:00:44Z
457,79,29,mentioned,0.907,91,2026-05-13T10:00:44Z,2026-05-13T10:00:44Z
458,36,334,reshared,0.56,108,2026-05-13T10:00:44Z,2026-05-13T10:00:44Z
459,74,305,tagged,0.458,64,2026-05-13T10:00:44Z,2026-05-13T10:00:44Z
460,258,31,duet,0.817,61,2026-05-13T10:00:44Z,2026-05-13T10:00:44Z
461,377,350,inspired_by,0.948,9,2026-05-13T10:00:44Z,2026-05-13T10:00:44Z
462,268,6,follows,0.819,118,2026-05-13T10:00:44Z,2026-05-13T10:00:44Z
463,241,295,collaborates,0.218,99,2026-05-13T10:00:44Z,2026-05-13T10:00:44Z
464,69,306,mentioned,0.11,53,2026-05-13T10:00:44Z,2026-05-13T10:00:44Z
466,43,83,tagged,0.714,72,2026-05-13T10:00:44Z,2026-05-13T10:00:44Z
467,122,449,duet,0.745,3,2026-05-13T10:00:44Z,2026-05-13T10:00:44Z
468,476,366,inspired_by,0.282,13,2026-05-13T10:00:44Z,2026-05-13T10:00:44Z
470,48,356,collaborates,0.308,130,2026-05-13T10:00:44Z,2026-05-13T10:00:44Z
471,323,14,mentioned,0.951,43,2026-05-13T10:00:44Z,2026-05-13T10:00:44Z
472,149,257,reshared,0.825,160,2026-05-13T10:00:44Z,2026-05-13T10:00:44Z
473,289,282,tagged,0.101,122,2026-05-13T10:00:44Z,2026-05-13T10:00:44Z
474,113,235,duet,0.7,3,2026-05-13T10:00:44Z,2026-05-13T10:00:44Z
475,307,324,inspired_by,0.152,102,2026-05-13T10:00:44Z,2026-05-13T10:00:44Z
476,372,1,follows,0.684,198,2026-05-13T10:00:44Z,2026-05-13T10:00:44Z
477,8,47,collaborates,0.94,48,2026-05-13T10:00:44Z,2026-05-13T10:00:44Z
478,171,119,mentioned,0.925,62,2026-05-13T10:00:44Z,2026-05-13T10:00:44Z
479,489,60,reshared,0.906,78,2026-05-13T10:00:44Z,2026-05-13T10:00:44Z
480,339,240,tagged,0.247,167,2026-05-13T10:00:44Z,2026-05-13T10:00:44Z
481,239,353,duet,0.662,40,2026-05-13T10:00:44Z,2026-05-13T10:00:44Z
482,110,427,inspired_by,0.168,25,2026-05-13T10:00:44Z,2026-05-13T10:00:44Z
483,38,11,follows,0.957,170,2026-05-13T10:00:44Z,2026-05-13T10:00:44Z
484,357,433,collaborates,0.677,134,2026-05-13T10:00:44Z,2026-05-13T10:00:44Z
485,60,432,mentioned,0.505,130,2026-05-13T10:00:44Z,2026-05-13T10:00:44Z
486,376,355,reshared,0.201,116,2026-05-13T10:00:44Z,2026-05-13T10:00:44Z
487,342,441,tagged,0.999,183,2026-05-13T10:00:44Z,2026-05-13T10:00:44Z
489,185,336,inspired_by,0.738,195,2026-05-13T10:00:44Z,2026-05-13T10:00:44Z
490,428,356,follows,0.203,19,2026-05-13T10:00:44Z,2026-05-13T10:00:44Z
491,57,436,collaborates,0.18,15,2026-05-13T10:00:44Z,2026-05-13T10:00:44Z
492,61,274,mentioned,0.984,24,2026-05-13T10:00:44Z,2026-05-13T10:00:44Z
493,1,170,reshared,0.133,91,2026-05-13T10:00:44Z,2026-05-13T10:00:44Z
494,103,136,tagged,0.476,37,2026-05-13T10:00:44Z,2026-05-13T10:00:44Z
495,302,307,duet,0.205,38,2026-05-13T10:00:44Z,2026-05-13T10:00:44Z
496,344,455,inspired_by,0.312,90,2026-05-13T10:00:44Z,2026-05-13T10:00:44Z
497,346,325,follows,0.849,119,2026-05-13T10:00:44Z,2026-05-13T10:00:44Z
499,377,265,mentioned,0.749,177,2026-05-13T10:00:44Z,2026-05-13T10:00:44Z
500,137,47,reshared,0.729,139,2026-05-13T10:00:44Z,2026-05-13T10:00:44Z
501,119,18,tagged,0.436,35,2026-05-13T10:00:44Z,2026-05-13T10:00:44Z
502,52,132,duet,0.363,198,2026-05-13T10:00:44Z,2026-05-13T10:00:44Z
503,151,406,inspired_by,0.251,114,2026-05-13T10:00:44Z,2026-05-13T10:00:44Z
504,319,173,follows,0.59,163,2026-05-13T10:00:44Z,2026-05-13T10:00:44Z
505,270,452,collaborates,0.702,145,2026-05-13T10:00:44Z,2026-05-13T10:00:44Z
506,154,367,mentioned,0.417,153,2026-05-13T10:00:44Z,2026-05-13T10:00:44Z
507,434,373,reshared,0.407,98,2026-05-13T10:00:44Z,2026-05-13T10:00:44Z
508,182,58,tagged,0.89,171,2026-05-13T10:00:44Z,2026-05-13T10:00:44Z
509,324,241,duet,0.426,161,2026-05-13T10:00:44Z,2026-05-13T10:00:44Z
510,95,260,inspired_by,0.499,2,2026-05-13T10:00:44Z,2026-05-13T10:00:44Z
511,240,491,follows,0.249,51,2026-05-13T10:00:44Z,2026-05-13T10:00:44Z
512,53,152,collaborates,0.149,63,2026-05-13T10:00:44Z,2026-05-13T10:00:44Z
513,226,192,mentioned,0.652,118,2026-05-13T10:00:44Z,2026-05-13T10:00:44Z
514,414,26,reshared,0.517,25,2026-05-13T10:00:44Z,2026-05-13T10:00:44Z
515,390,351,tagged,0.695,95,2026-05-13T10:00:44Z,2026-05-13T10:00:44Z
516,189,84,duet,0.862,193,2026-05-13T10:00:44Z,2026-05-13T10:00:44Z
517,156,261,inspired_by,0.437,168,2026-05-13T10:00:44Z,2026-05-13T10:00:44Z
518,432,485,follows,0.845,8,2026-05-13T10:00:44Z,2026-05-13T10:00:44Z
519,452,410,collaborates,0.982,84,2026-05-13T10:00:44Z,2026-05-13T10:00:44Z
521,73,469,reshared,0.172,43,2026-05-13T10:00:44Z,2026-05-13T10:00:44Z
522,83,168,tagged,0.983,91,2026-05-13T10:00:44Z,2026-05-13T10:00:44Z
523,101,12,duet,0.353,115,2026-05-13T10:00:44Z,2026-05-13T10:00:44Z
524,343,143,inspired_by,0.977,160,2026-05-13T10:00:44Z,2026-05-13T10:00:44Z
525,261,266,follows,0.185,197,2026-05-13T10:00:44Z,2026-05-13T10:00:44Z
526,146,434,collaborates,0.415,76,2026-05-13T10:00:44Z,2026-05-13T10:00:44Z
527,110,292,mentioned,0.111,179,2026-05-13T10:00:44Z,2026-05-13T10:00:44Z
528,226,268,reshared,0.521,188,2026-05-13T10:00:44Z,2026-05-13T10:00:44Z
529,329,365,tagged,0.718,110,2026-05-13T10:00:44Z,2026-05-13T10:00:44Z
530,252,407,duet,0.476,104,2026-05-13T10:00:44Z,2026-05-13T10:00:44Z
531,273,323,inspired_by,0.477,115,2026-05-13T10:00:44Z,2026-05-13T10:00:44Z
532,137,395,follows,0.855,90,2026-05-13T10:00:44Z,2026-05-13T10:00:44Z
533,185,37,collaborates,0.464,70,2026-05-13T10:00:44Z,2026-05-13T10:00:44Z
534,143,212,mentioned,0.749,74,2026-05-13T10:00:44Z,2026-05-13T10:00:44Z
535,269,46,reshared,0.197,125,2026-05-13T10:00:44Z,2026-05-13T10:00:44Z
536,436,221,tagged,0.455,174,2026-05-13T10:00:44Z,2026-05-13T10:00:44Z
537,376,476,duet,0.217,42,2026-05-13T10:00:44Z,2026-05-13T10:00:44Z
538,59,193,inspired_by,0.392,17,2026-05-13T10:00:44Z,2026-05-13T10:00:44Z
540,337,93,collaborates,0.846,120,2026-05-13T10:00:44Z,2026-05-13T10:00:44Z
541,329,205,mentioned,0.323,149,2026-05-13T10:00:44Z,2026-05-13T10:00:44Z
543,410,391,tagged,0.261,80,2026-05-13T10:00:44Z,2026-05-13T10:00:44Z
545,307,270,inspired_by,0.808,79,2026-05-13T10:00:44Z,2026-05-13T10:00:44Z
548,305,270,mentioned,0.973,43,2026-05-13T10:00:44Z,2026-05-13T10:00:44Z
550,313,348,tagged,0.18,120,2026-05-13T10:00:44Z,2026-05-13T10:00:44Z
551,375,152,duet,0.646,79,2026-05-13T10:00:44Z,2026-05-13T10:00:44Z
552,101,353,inspired_by,0.464,164,2026-05-13T10:00:44Z,2026-05-13T10:00:44Z
553,31,172,follows,0.973,176,2026-05-13T10:00:44Z,2026-05-13T10:00:44Z
554,174,178,collaborates,0.253,51,2026-05-13T10:00:44Z,2026-05-13T10:00:44Z
555,189,85,mentioned,0.752,119,2026-05-13T10:00:44Z,2026-05-13T10:00:44Z
556,363,140,reshared,0.488,69,2026-05-13T10:00:44Z,2026-05-13T10:00:44Z
557,75,272,tagged,0.333,182,2026-05-13T10:00:44Z,2026-05-13T10:00:44Z
558,256,237,duet,0.927,78,2026-05-13T10:00:44Z,2026-05-13T10:00:44Z
559,421,194,inspired_by,0.813,80,2026-05-13T10:00:44Z,2026-05-13T10:00:44Z
560,434,461,follows,0.453,130,2026-05-13T10:00:44Z,2026-05-13T10:00:44Z
561,156,440,collaborates,0.871,194,2026-05-13T10:00:44Z,2026-05-13T10:00:44Z
562,448,70,mentioned,0.524,178,2026-05-13T10:00:44Z,2026-05-13T10:00:44Z
563,260,49,reshared,0.512,75,2026-05-13T10:00:44Z,2026-05-13T10:00:44Z
564,488,255,tagged,0.947,182,2026-05-13T10:00:44Z,2026-05-13T10:00:44Z
565,424,426,duet,0.379,145,2026-05-13T10:00:44Z,2026-05-13T10:00:44Z
567,365,375,follows,0.353,47,2026-05-13T10:00:44Z,2026-05-13T10:00:44Z
568,148,277,collaborates,0.915,140,2026-05-13T10:00:44Z,2026-05-13T10:00:44Z
569,34,286,mentioned,0.612,130,2026-05-13T10:00:44Z,2026-05-13T10:00:44Z
570,209,443,reshared,0.312,136,2026-05-13T10:00:44Z,2026-05-13T10:00:44Z
571,321,353,tagged,0.361,103,2026-05-13T10:00:44Z,2026-05-13T10:00:44Z
572,1,423,duet,0.372,143,2026-05-13T10:00:44Z,2026-05-13T10:00:44Z
573,128,51,inspired_by,0.213,17,2026-05-13T10:00:44Z,2026-05-13T10:00:44Z
575,324,68,collaborates,0.286,43,2026-05-13T10:00:44Z,2026-05-13T10:00:44Z
576,346,186,mentioned,0.635,119,2026-05-13T10:00:44Z,2026-05-13T10:00:44Z
577,335,14,reshared,0.123,84,2026-05-13T10:00:44Z,2026-05-13T10:00:44Z
578,207,87,tagged,0.634,103,2026-05-13T10:00:44Z,2026-05-13T10:00:44Z
579,287,295,duet,0.315,41,2026-05-13T10:00:44Z,2026-05-13T10:00:44Z
580,90,251,inspired_by,0.672,1,2026-05-13T10:00:44Z,2026-05-13T10:00:44Z
582,81,232,collaborates,0.783,145,2026-05-13T10:00:44Z,2026-05-13T10:00:44Z
583,354,381,mentioned,0.876,26,2026-05-13T10:00:44Z,2026-05-13T10:00:44Z
584,137,408,reshared,0.348,67,2026-05-13T10:00:44Z,2026-05-13T10:00:44Z
585,366,155,tagged,0.937,85,2026-05-13T10:00:44Z,2026-05-13T10:00:44Z
586,19,440,duet,0.31,168,2026-05-13T10:00:44Z,2026-05-13T10:00:44Z
587,346,180,inspired_by,0.358,89,2026-05-13T10:00:44Z,2026-05-13T10:00:44Z
589,268,258,collaborates,0.795,173,2026-05-13T10:00:44Z,2026-05-13T10:00:44Z
590,417,174,mentioned,0.391,80,2026-05-13T10:00:44Z,2026-05-13T10:00:44Z
591,394,436,reshared,0.591,140,2026-05-13T10:00:44Z,2026-05-13T10:00:44Z
592,4,427,tagged,0.864,66,2026-05-13T10:00:44Z,2026-05-13T10:00:44Z
593,450,84,duet,0.664,44,2026-05-13T10:00:44Z,2026-05-13T10:00:44Z
596,332,403,collaborates,0.326,53,2026-05-13T10:00:44Z,2026-05-13T10:00:44Z
597,148,312,mentioned,0.997,26,2026-05-13T10:00:44Z,2026-05-13T10:00:44Z
598,90,294,reshared,0.761,109,2026-05-13T10:00:44Z,2026-05-13T10:00:44Z
600,376,40,duet,0.254,124,2026-05-13T10:00:44Z,2026-05-13T10:00:44Z
601,263,449,inspired_by,0.698,103,2026-05-13T10:00:44Z,2026-05-13T10:00:44Z
602,36,445,follows,0.185,64,2026-05-13T10:00:44Z,2026-05-13T10:00:44Z
603,64,382,collaborates,0.229,105,2026-05-13T10:00:44Z,2026-05-13T10:00:44Z
604,85,282,mentioned,0.698,21,2026-05-13T10:00:44Z,2026-05-13T10:00:44Z
605,257,267,reshared,0.846,38,2026-05-13T10:00:44Z,2026-05-13T10:00:44Z
606,230,286,tagged,0.888,24,2026-05-13T10:00:44Z,2026-05-13T10:00:44Z
607,317,369,duet,0.338,34,2026-05-13T10:00:44Z,2026-05-13T10:00:44Z
608,467,9,inspired_by,0.27,61,2026-05-13T10:00:44Z,2026-05-13T10:00:44Z
609,255,329,follows,0.813,149,2026-05-13T10:00:44Z,2026-05-13T10:00:44Z
610,357,170,collaborates,0.623,86,2026-05-13T10:00:44Z,2026-05-13T10:00:44Z
611,203,69,mentioned,0.687,71,2026-05-13T10:00:44Z,2026-05-13T10:00:44Z
613,10,468,tagged,0.31,47,2026-05-13T10:00:44Z,2026-05-13T10:00:44Z
614,326,23,duet,0.764,36,2026-05-13T10:00:44Z,2026-05-13T10:00:44Z
615,326,456,inspired_by,0.718,5,2026-05-13T10:00:44Z,2026-05-13T10:00:44Z
616,454,140,follows,0.66,129,2026-05-13T10:00:44Z,2026-05-13T10:00:44Z
617,220,460,collaborates,0.344,179,2026-05-13T10:00:44Z,2026-05-13T10:00:44Z
618,452,121,mentioned,0.579,186,2026-05-13T10:00:44Z,2026-05-13T10:00:44Z
619,335,237,reshared,0.59,128,2026-05-13T10:00:44Z,2026-05-13T10:00:44Z
620,482,258,tagged,0.859,133,2026-05-13T10:00:44Z,2026-05-13T10:00:44Z
622,32,455,inspired_by,0.537,36,2026-05-13T10:00:44Z,2026-05-13T10:00:44Z
623,294,236,follows,0.792,130,2026-05-13T10:00:44Z,2026-05-13T10:00:44Z
625,37,454,mentioned,0.328,19,2026-05-13T10:00:44Z,2026-05-13T10:00:44Z
626,317,90,reshared,0.693,140,2026-05-13T10:00:44Z,2026-05-13T10:00:44Z
627,213,382,tagged,0.885,129,2026-05-13T10:00:44Z,2026-05-13T10:00:44Z
628,281,286,duet,0.859,73,2026-05-13T10:00:44Z,2026-05-13T10:00:44Z
629,209,44,inspired_by,0.672,197,2026-05-13T10:00:44Z,2026-05-13T10:00:44Z
630,103,53,follows,0.845,9,2026-05-13T10:00:44Z,2026-05-13T10:00:44Z
631,204,20,collaborates,0.592,110,2026-05-13T10:00:44Z,2026-05-13T10:00:44Z
635,127,313,inspired_by,0.556,66,2026-05-13T10:00:44Z,2026-05-13T10:00:44Z
636,269,11,follows,0.612,81,2026-05-13T10:00:44Z,2026-05-13T10:00:44Z
637,312,412,collaborates,0.38,180,2026-05-13T10:00:44Z,2026-05-13T10:00:44Z
638,443,241,mentioned,0.967,160,2026-05-13T10:00:44Z,2026-05-13T10:00:44Z
639,316,46,reshared,0.813,90,2026-05-13T10:00:44Z,2026-05-13T10:00:44Z
640,225,413,tagged,0.617,121,2026-05-13T10:00:44Z,2026-05-13T10:00:44Z
641,133,138,duet,0.174,42,2026-05-13T10:00:44Z,2026-05-13T10:00:44Z
643,306,352,follows,0.492,75,2026-05-13T10:00:44Z,2026-05-13T10:00:44Z
644,32,484,collaborates,0.499,37,2026-05-13T10:00:44Z,2026-05-13T10:00:44Z
645,191,373,mentioned,0.563,138,2026-05-13T10:00:44Z,2026-05-13T10:00:44Z
646,122,182,reshared,0.637,75,2026-05-13T10:00:44Z,2026-05-13T10:00:44Z
649,450,290,inspired_by,0.582,10,2026-05-13T10:00:44Z,2026-05-13T10:00:44Z
650,355,458,follows,0.368,52,2026-05-13T10:00:44Z,2026-05-13T10:00:44Z
651,273,367,collaborates,0.351,193,2026-05-13T10:00:44Z,2026-05-13T10:00:44Z
653,419,151,reshared,0.229,141,2026-05-13T10:00:44Z,2026-05-13T10:00:44Z
654,103,84,tagged,0.981,197,2026-05-13T10:00:44Z,2026-05-13T10:00:44Z
655,383,17,duet,0.125,96,2026-05-13T10:00:44Z,2026-05-13T10:00:44Z
656,271,119,inspired_by,0.48,107,2026-05-13T10:00:44Z,2026-05-13T10:00:44Z
657,150,477,follows,0.481,157,2026-05-13T10:00:44Z,2026-05-13T10:00:44Z
658,450,364,collaborates,0.495,188,2026-05-13T10:00:44Z,2026-05-13T10:00:44Z
660,381,284,reshared,0.464,114,2026-05-13T10:00:44Z,2026-05-13T10:00:44Z
662,11,421,duet,0.564,139,2026-05-13T10:00:44Z,2026-05-13T10:00:44Z
663,307,277,inspired_by,0.574,55,2026-05-13T10:00:44Z,2026-05-13T10:00:44Z
664,85,354,follows,0.815,172,2026-05-13T10:00:44Z,2026-05-13T10:00:44Z
665,353,345,collaborates,0.778,78,2026-05-13T10:00:44Z,2026-05-13T10:00:44Z
666,73,206,mentioned,0.977,72,2026-05-13T10:00:44Z,2026-05-13T10:00:44Z
667,49,394,reshared,0.484,196,2026-05-13T10:00:44Z,2026-05-13T10:00:44Z
668,367,189,tagged,0.601,117,2026-05-13T10:00:44Z,2026-05-13T10:00:44Z
669,65,273,duet,0.695,114,2026-05-13T10:00:44Z,2026-05-13T10:00:44Z
670,49,461,inspired_by,0.308,185,2026-05-13T10:00:44Z,2026-05-13T10:00:44Z
671,263,467,follows,0.154,18,2026-05-13T10:00:44Z,2026-05-13T10:00:44Z
672,227,115,collaborates,0.824,45,2026-05-13T10:00:44Z,2026-05-13T10:00:44Z
674,489,187,reshared,0.935,180,2026-05-13T10:00:44Z,2026-05-13T10:00:44Z
675,442,469,tagged,0.251,153,2026-05-13T10:00:44Z,2026-05-13T10:00:44Z
676,119,36,duet,0.35,151,2026-05-13T10:00:44Z,2026-05-13T10:00:44Z
677,58,93,inspired_by,0.859,54,2026-05-13T10:00:44Z,2026-05-13T10:00:44Z
678,323,13,follows,0.81,51,2026-05-13T10:00:44Z,2026-05-13T10:00:44Z
680,321,383,mentioned,0.623,119,2026-05-13T10:00:44Z,2026-05-13T10:00:44Z
681,106,265,reshared,0.917,148,2026-05-13T10:00:44Z,2026-05-13T10:00:44Z
682,375,238,tagged,0.539,6,2026-05-13T10:00:44Z,2026-05-13T10:00:44Z
685,68,444,follows,0.421,24,2026-05-13T10:00:44Z,2026-05-13T10:00:44Z
686,128,292,collaborates,0.528,30,2026-05-13T10:00:44Z,2026-05-13T10:00:44Z
687,111,289,mentioned,0.579,129,2026-05-13T10:00:44Z,2026-05-13T10:00:44Z
689,242,37,tagged,0.56,1,2026-05-13T10:00:44Z,2026-05-13T10:00:44Z
690,274,376,duet,0.804,125,2026-05-13T10:00:44Z,2026-05-13T10:00:44Z
691,9,90,inspired_by,0.648,133,2026-05-13T10:00:44Z,2026-05-13T10:00:44Z
692,263,232,follows,0.914,158,2026-05-13T10:00:44Z,2026-05-13T10:00:44Z
693,352,409,collaborates,0.753,182,2026-05-13T10:00:44Z,2026-05-13T10:00:44Z
694,183,28,mentioned,0.767,88,2026-05-13T10:00:44Z,2026-05-13T10:00:44Z
695,63,216,reshared,0.452,184,2026-05-13T10:00:44Z,2026-05-13T10:00:44Z
696,488,485,tagged,0.227,199,2026-05-13T10:00:44Z,2026-05-13T10:00:44Z
697,445,417,duet,0.41,113,2026-05-13T10:00:44Z,2026-05-13T10:00:44Z
698,135,229,inspired_by,0.35,32,2026-05-13T10:00:44Z,2026-05-13T10:00:44Z
700,33,187,collaborates,0.945,188,2026-05-13T10:00:44Z,2026-05-13T10:00:44Z
701,207,127,mentioned,0.604,106,2026-05-13T10:00:44Z,2026-05-13T10:00:44Z
702,278,118,reshared,0.598,124,2026-05-13T10:00:44Z,2026-05-13T10:00:44Z
703,253,443,tagged,0.932,110,2026-05-13T10:00:44Z,2026-05-13T10:00:44Z
704,369,454,duet,0.663,184,2026-05-13T10:00:44Z,2026-05-13T10:00:44Z
705,16,469,inspired_by,0.31,161,2026-05-13T10:00:44Z,2026-05-13T10:00:44Z
706,461,90,follows,0.952,160,2026-05-13T10:00:44Z,2026-05-13T10:00:44Z
707,392,251,collaborates,0.736,87,2026-05-13T10:00:44Z,2026-05-13T10:00:44Z
708,215,334,mentioned,0.445,109,2026-05-13T10:00:44Z,2026-05-13T10:00:44Z
709,343,467,reshared,0.504,112,2026-05-13T10:00:44Z,2026-05-13T10:00:44Z
710,111,342,tagged,0.657,84,2026-05-13T10:00:44Z,2026-05-13T10:00:44Z
711,369,133,duet,0.205,6,2026-05-13T10:00:44Z,2026-05-13T10:00:44Z
712,192,444,inspired_by,0.17,23,2026-05-13T10:00:44Z,2026-05-13T10:00:44Z
713,452,10,follows,0.643,1,2026-05-13T10:00:44Z,2026-05-13T10:00:44Z
714,276,435,collaborates,0.77,44,2026-05-13T10:00:44Z,2026-05-13T10:00:44Z
715,378,131,mentioned,0.969,1,2026-05-13T10:00:44Z,2026-05-13T10:00:44Z
716,452,461,reshared,0.25,43,2026-05-13T10:00:44Z,2026-05-13T10:00:44Z
717,419,184,tagged,0.198,195,2026-05-13T10:00:44Z,2026-05-13T10:00:44Z
718,305,121,duet,0.407,156,2026-05-13T10:00:44Z,2026-05-13T10:00:44Z
719,110,173,inspired_by,0.851,65,2026-05-13T10:00:44Z,2026-05-13T10:00:44Z
720,42,13,follows,0.925,143,2026-05-13T10:00:44Z,2026-05-13T10:00:44Z
721,260,152,collaborates,0.495,199,2026-05-13T10:00:44Z,2026-05-13T10:00:44Z
722,278,63,mentioned,0.789,93,2026-05-13T10:00:44Z,2026-05-13T10:00:44Z
723,107,204,reshared,0.605,29,2026-05-13T10:00:44Z,2026-05-13T10:00:44Z
724,311,386,tagged,0.669,121,2026-05-13T10:00:44Z,2026-05-13T10:00:44Z
725,316,112,duet,0.102,2,2026-05-13T10:00:44Z,2026-05-13T10:00:44Z
726,73,206,inspired_by,0.907,29,2026-05-13T10:00:44Z,2026-05-13T10:00:44Z
727,182,216,follows,0.396,129,2026-05-13T10:00:44Z,2026-05-13T10:00:44Z
728,447,325,collaborates,0.942,60,2026-05-13T10:00:44Z,2026-05-13T10:00:44Z
730,32,458,reshared,0.711,14,2026-05-13T10:00:44Z,2026-05-13T10:00:44Z
731,388,329,tagged,0.209,51,2026-05-13T10:00:44Z,2026-05-13T10:00:44Z
732,15,478,duet,0.446,173,2026-05-13T10:00:44Z,2026-05-13T10:00:44Z
733,284,412,inspired_by,0.402,47,2026-05-13T10:00:44Z,2026-05-13T10:00:44Z
735,368,377,collaborates,0.68,95,2026-05-13T10:00:44Z,2026-05-13T10:00:44Z
736,388,345,mentioned,0.787,158,2026-05-13T10:00:44Z,2026-05-13T10:00:44Z
737,403,275,reshared,0.667,139,2026-05-13T10:00:44Z,2026-05-13T10:00:44Z
738,353,153,tagged,0.706,87,2026-05-13T10:00:44Z,2026-05-13T10:00:44Z
739,441,61,duet,0.334,36,2026-05-13T10:00:44Z,2026-05-13T10:00:44Z
740,193,139,inspired_by,0.107,189,2026-05-13T10:00:44Z,2026-05-13T10:00:44Z
741,136,326,follows,0.891,71,2026-05-13T10:00:44Z,2026-05-13T10:00:44Z
742,233,391,collaborates,0.276,65,2026-05-13T10:00:44Z,2026-05-13T10:00:44Z
743,85,316,mentioned,0.965,170,2026-05-13T10:00:44Z,2026-05-13T10:00:44Z
744,312,218,reshared,0.877,122,2026-05-13T10:00:44Z,2026-05-13T10:00:44Z
745,113,369,tagged,0.953,149,2026-05-13T10:00:44Z,2026-05-13T10:00:44Z
746,140,29,duet,0.369,95,2026-05-13T10:00:44Z,2026-05-13T10:00:44Z
747,473,293,inspired_by,0.469,167,2026-05-13T10:00:44Z,2026-05-13T10:00:44Z
748,47,426,follows,0.86,5,2026-05-13T10:00:44Z,2026-05-13T10:00:44Z
749,212,257,collaborates,0.847,53,2026-05-13T10:00:44Z,2026-05-13T10:00:44Z
752,370,264,tagged,0.138,26,2026-05-13T10:00:44Z,2026-05-13T10:00:44Z
753,430,103,duet,0.933,135,2026-05-13T10:00:44Z,2026-05-13T10:00:44Z
754,168,151,inspired_by,0.478,48,2026-05-13T10:00:44Z,2026-05-13T10:00:44Z
755,128,142,follows,0.272,114,2026-05-13T10:00:44Z,2026-05-13T10:00:44Z
756,325,20,collaborates,0.412,121,2026-05-13T10:00:44Z,2026-05-13T10:00:44Z
757,82,389,mentioned,0.205,27,2026-05-13T10:00:44Z,2026-05-13T10:00:44Z
760,293,168,duet,0.64,167,2026-05-13T10:00:44Z,2026-05-13T10:00:44Z
761,395,165,inspired_by,0.562,87,2026-05-13T10:00:44Z,2026-05-13T10:00:44Z
762,85,130,follows,0.335,138,2026-05-13T10:00:44Z,2026-05-13T10:00:44Z
764,491,228,mentioned,0.637,74,2026-05-13T10:00:44Z,2026-05-13T10:00:44Z
765,188,328,reshared,0.536,31,2026-05-13T10:00:44Z,2026-05-13T10:00:44Z
766,255,317,tagged,0.603,44,2026-05-13T10:00:44Z,2026-05-13T10:00:44Z
767,348,13,duet,0.741,187,2026-05-13T10:00:44Z,2026-05-13T10:00:44Z
768,318,10,inspired_by,0.167,13,2026-05-13T10:00:44Z,2026-05-13T10:00:44Z
769,307,346,follows,0.104,167,2026-05-13T10:00:44Z,2026-05-13T10:00:44Z
773,82,288,tagged,0.272,23,2026-05-13T10:00:44Z,2026-05-13T10:00:44Z
774,484,78,duet,0.148,102,2026-05-13T10:00:44Z,2026-05-13T10:00:44Z
775,178,111,inspired_by,0.434,164,2026-05-13T10:00:44Z,2026-05-13T10:00:44Z
776,140,165,follows,0.778,87,2026-05-13T10:00:44Z,2026-05-13T10:00:44Z
777,357,412,collaborates,0.994,61,2026-05-13T10:00:44Z,2026-05-13T10:00:44Z
778,35,438,mentioned,0.412,39,2026-05-13T10:00:44Z,2026-05-13T10:00:44Z
779,303,381,reshared,0.6,192,2026-05-13T10:00:44Z,2026-05-13T10:00:44Z
780,415,178,tagged,0.946,174,2026-05-13T10:00:44Z,2026-05-13T10:00:44Z
781,301,444,duet,0.144,126,2026-05-13T10:00:44Z,2026-05-13T10:00:44Z
782,88,63,inspired_by,0.617,197,2026-05-13T10:00:44Z,2026-05-13T10:00:44Z
783,457,185,follows,0.688,117,2026-05-13T10:00:44Z,2026-05-13T10:00:44Z
784,463,24,collaborates,0.474,108,2026-05-13T10:00:44Z,2026-05-13T10:00:44Z
785,387,140,mentioned,0.735,103,2026-05-13T10:00:44Z,2026-05-13T10:00:44Z
786,45,74,reshared,0.925,156,2026-05-13T10:00:44Z,2026-05-13T10:00:44Z
787,177,367,tagged,0.167,166,2026-05-13T10:00:44Z,2026-05-13T10:00:44Z
788,255,488,duet,0.445,194,2026-05-13T10:00:44Z,2026-05-13T10:00:44Z
789,64,207,inspired_by,0.506,92,2026-05-13T10:00:44Z,2026-05-13T10:00:44Z
790,228,161,follows,0.482,131,2026-05-13T10:00:44Z,2026-05-13T10:00:44Z
791,105,318,collaborates,0.902,3,2026-05-13T10:00:44Z,2026-05-13T10:00:44Z
792,462,375,mentioned,0.758,80,2026-05-13T10:00:44Z,2026-05-13T10:00:44Z
793,29,129,reshared,0.529,187,2026-05-13T10:00:44Z,2026-05-13T10:00:44Z
794,251,421,tagged,0.687,194,2026-05-13T10:00:44Z,2026-05-13T10:00:44Z
795,320,61,duet,0.515,139,2026-05-13T10:00:44Z,2026-05-13T10:00:44Z
796,60,470,inspired_by,0.965,12,2026-05-13T10:00:44Z,2026-05-13T10:00:44Z
797,392,52,follows,0.144,81,2026-05-13T10:00:44Z,2026-05-13T10:00:44Z
798,185,413,collaborates,0.274,199,2026-05-13T10:00:44Z,2026-05-13T10:00:44Z
799,458,293,mentioned,0.576,7,2026-05-13T10:00:44Z,2026-05-13T10:00:44Z
800,448,319,reshared,0.264,84,2026-05-13T10:00:44Z,2026-05-13T10:00:44Z
801,4,271,tagged,0.788,6,2026-05-13T10:00:44Z,2026-05-13T10:00:44Z
802,417,18,duet,0.95,155,2026-05-13T10:00:44Z,2026-05-13T10:00:44Z
803,268,449,inspired_by,0.242,117,2026-05-13T10:00:44Z,2026-05-13T10:00:44Z
804,140,190,follows,0.743,3,2026-05-13T10:00:44Z,2026-05-13T10:00:44Z
805,370,462,collaborates,0.478,63,2026-05-13T10:00:44Z,2026-05-13T10:00:44Z
807,421,3,reshared,0.969,84,2026-05-13T10:00:44Z,2026-05-13T10:00:44Z
809,332,111,duet,0.753,194,2026-05-13T10:00:44Z,2026-05-13T10:00:44Z
810,488,445,inspired_by,0.853,68,2026-05-13T10:00:44Z,2026-05-13T10:00:44Z
811,9,102,follows,0.992,132,2026-05-13T10:00:44Z,2026-05-13T10:00:44Z
812,111,446,collaborates,0.109,136,2026-05-13T10:00:44Z,2026-05-13T10:00:44Z
813,264,466,mentioned,0.412,103,2026-05-13T10:00:44Z,2026-05-13T10:00:44Z
814,282,287,reshared,0.466,173,2026-05-13T10:00:44Z,2026-05-13T10:00:44Z
815,274,359,tagged,0.505,71,2026-05-13T10:00:44Z,2026-05-13T10:00:44Z
816,427,164,duet,0.492,44,2026-05-13T10:00:44Z,2026-05-13T10:00:44Z
817,68,435,inspired_by,0.6,56,2026-05-13T10:00:44Z,2026-05-13T10:00:44Z
818,144,271,follows,0.417,154,2026-05-13T10:00:44Z,2026-05-13T10:00:44Z
819,72,202,collaborates,0.979,165,2026-05-13T10:00:44Z,2026-05-13T10:00:44Z
820,409,203,mentioned,0.705,79,2026-05-13T10:00:44Z,2026-05-13T10:00:44Z
821,469,154,reshared,0.94,16,2026-05-13T10:00:44Z,2026-05-13T10:00:44Z
822,205,391,tagged,0.569,47,2026-05-13T10:00:44Z,2026-05-13T10:00:44Z
823,469,87,duet,0.391,172,2026-05-13T10:00:44Z,2026-05-13T10:00:44Z
824,118,134,inspired_by,0.605,32,2026-05-13T10:00:44Z,2026-05-13T10:00:44Z
825,45,269,follows,0.944,103,2026-05-13T10:00:44Z,2026-05-13T10:00:44Z
826,226,178,collaborates,0.508,136,2026-05-13T10:00:44Z,2026-05-13T10:00:44Z
827,177,159,mentioned,0.406,81,2026-05-13T10:00:44Z,2026-05-13T10:00:44Z
828,489,40,reshared,0.332,102,2026-05-13T10:00:44Z,2026-05-13T10:00:44Z
829,21,189,tagged,0.486,58,2026-05-13T10:00:44Z,2026-05-13T10:00:44Z
830,64,470,duet,0.506,19,2026-05-13T10:00:44Z,2026-05-13T10:00:44Z
831,30,432,inspired_by,0.225,106,2026-05-13T10:00:44Z,2026-05-13T10:00:44Z
832,405,449,follows,0.934,48,2026-05-13T10:00:44Z,2026-05-13T10:00:44Z
833,470,449,collaborates,0.41,58,2026-05-13T10:00:44Z,2026-05-13T10:00:44Z
834,380,62,mentioned,0.169,63,2026-05-13T10:00:44Z,2026-05-13T10:00:44Z
835,313,135,reshared,0.534,83,2026-05-13T10:00:44Z,2026-05-13T10:00:44Z
836,430,383,tagged,0.769,199,2026-05-13T10:00:44Z,2026-05-13T10:00:44Z
837,275,370,duet,0.234,74,2026-05-13T10:00:44Z,2026-05-13T10:00:44Z
838,113,7,inspired_by,0.324,30,2026-05-13T10:00:44Z,2026-05-13T10:00:44Z
839,209,38,follows,0.143,57,2026-05-13T10:00:44Z,2026-05-13T10:00:44Z
840,135,187,collaborates,0.928,64,2026-05-13T10:00:44Z,2026-05-13T10:00:44Z
841,117,337,mentioned,0.727,153,2026-05-13T10:00:44Z,2026-05-13T10:00:44Z
842,101,165,reshared,0.843,136,2026-05-13T10:00:44Z,2026-05-13T10:00:44Z
843,323,448,tagged,0.729,1,2026-05-13T10:00:44Z,2026-05-13T10:00:44Z
845,310,142,inspired_by,0.908,11,2026-05-13T10:00:44Z,2026-05-13T10:00:44Z
846,455,87,follows,0.449,76,2026-05-13T10:00:44Z,2026-05-13T10:00:44Z
847,487,193,collaborates,0.616,10,2026-05-13T10:00:44Z,2026-05-13T10:00:44Z
849,471,88,reshared,0.263,17,2026-05-13T10:00:44Z,2026-05-13T10:00:44Z
850,56,280,tagged,0.709,44,2026-05-13T10:00:44Z,2026-05-13T10:00:44Z
851,326,417,duet,0.435,193,2026-05-13T10:00:44Z,2026-05-13T10:00:44Z
852,102,167,inspired_by,0.793,11,2026-05-13T10:00:44Z,2026-05-13T10:00:44Z
853,179,465,follows,0.402,40,2026-05-13T10:00:44Z,2026-05-13T10:00:44Z
854,273,151,collaborates,0.728,46,2026-05-13T10:00:44Z,2026-05-13T10:00:44Z
855,38,133,mentioned,0.836,142,2026-05-13T10:00:44Z,2026-05-13T10:00:44Z
856,163,225,reshared,0.598,123,2026-05-13T10:00:44Z,2026-05-13T10:00:44Z
857,45,433,tagged,0.177,170,2026-05-13T10:00:44Z,2026-05-13T10:00:44Z
858,376,377,duet,0.853,59,2026-05-13T10:00:44Z,2026-05-13T10:00:44Z
859,67,133,inspired_by,0.117,27,2026-05-13T10:00:44Z,2026-05-13T10:00:44Z
860,254,78,follows,0.492,71,2026-05-13T10:00:44Z,2026-05-13T10:00:44Z
861,166,447,collaborates,0.324,13,2026-05-13T10:00:44Z,2026-05-13T10:00:44Z
862,150,162,mentioned,0.193,8,2026-05-13T10:00:44Z,2026-05-13T10:00:44Z
863,221,491,reshared,0.813,89,2026-05-13T10:00:44Z,2026-05-13T10:00:44Z
864,14,114,tagged,0.851,150,2026-05-13T10:00:44Z,2026-05-13T10:00:44Z
865,358,225,duet,0.834,194,2026-05-13T10:00:44Z,2026-05-13T10:00:44Z
867,107,174,follows,0.4,15,2026-05-13T10:00:44Z,2026-05-13T10:00:44Z
868,229,66,collaborates,0.624,83,2026-05-13T10:00:44Z,2026-05-13T10:00:44Z
869,88,33,mentioned,0.795,127,2026-05-13T10:00:44Z,2026-05-13T10:00:44Z
870,387,323,reshared,0.687,108,2026-05-13T10:00:44Z,2026-05-13T10:00:44Z
871,145,389,duet,0.998,134,2026-05-13T10:00:44Z,2026-05-13T10:00:44Z
872,23,424,inspired_by,0.755,167,2026-05-13T10:00:44Z,2026-05-13T10:00:44Z
873,52,306,follows,0.787,156,2026-05-13T10:00:44Z,2026-05-13T10:00:44Z
874,419,272,collaborates,0.336,116,2026-05-13T10:00:44Z,2026-05-13T10:00:44Z
875,66,378,mentioned,0.517,137,2026-05-13T10:00:44Z,2026-05-13T10:00:44Z
876,221,308,reshared,0.158,113,2026-05-13T10:00:44Z,2026-05-13T10:00:44Z
879,376,52,inspired_by,0.349,79,2026-05-13T10:00:44Z,2026-05-13T10:00:44Z
880,178,464,follows,0.27,88,2026-05-13T10:00:44Z,2026-05-13T10:00:44Z
881,342,113,collaborates,0.925,87,2026-05-13T10:00:44Z,2026-05-13T10:00:44Z
884,81,463,tagged,0.499,74,2026-05-13T10:00:44Z,2026-05-13T10:00:44Z
886,231,32,inspired_by,0.949,173,2026-05-13T10:00:44Z,2026-05-13T10:00:44Z
887,358,21,follows,0.26,43,2026-05-13T10:00:44Z,2026-05-13T10:00:44Z
889,490,187,mentioned,0.209,83,2026-05-13T10:00:44Z,2026-05-13T10:00:44Z
890,33,350,reshared,0.523,96,2026-05-13T10:00:44Z,2026-05-13T10:00:44Z
891,32,113,tagged,0.63,91,2026-05-13T10:00:44Z,2026-05-13T10:00:44Z
892,270,383,duet,0.532,74,2026-05-13T10:00:44Z,2026-05-13T10:00:44Z
893,487,214,inspired_by,0.759,166,2026-05-13T10:00:44Z,2026-05-13T10:00:44Z
894,5,65,follows,0.377,85,2026-05-13T10:00:44Z,2026-05-13T10:00:44Z
895,133,47,collaborates,0.684,93,2026-05-13T10:00:44Z,2026-05-13T10:00:44Z
896,438,328,mentioned,0.759,80,2026-05-13T10:00:44Z,2026-05-13T10:00:44Z
897,309,228,reshared,0.567,47,2026-05-13T10:00:44Z,2026-05-13T10:00:44Z
898,321,449,tagged,0.865,134,2026-05-13T10:00:44Z,2026-05-13T10:00:44Z
899,57,367,duet,0.814,4,2026-05-13T10:00:44Z,2026-05-13T10:00:44Z
900,414,208,inspired_by,0.315,143,2026-05-13T10:00:44Z,2026-05-13T10:00:44Z
901,234,447,follows,0.14,101,2026-05-13T10:00:44Z,2026-05-13T10:00:44Z
902,287,161,collaborates,0.325,54,2026-05-13T10:00:44Z,2026-05-13T10:00:44Z
903,233,379,mentioned,0.893,191,2026-05-13T10:00:44Z,2026-05-13T10:00:44Z
905,341,53,tagged,0.719,41,2026-05-13T10:00:44Z,2026-05-13T10:00:44Z
906,340,163,duet,0.135,21,2026-05-13T10:00:44Z,2026-05-13T10:00:44Z
907,89,258,inspired_by,0.864,170,2026-05-13T10:00:44Z,2026-05-13T10:00:44Z
908,273,269,follows,0.227,149,2026-05-13T10:00:44Z,2026-05-13T10:00:44Z
909,2,341,collaborates,0.973,95,2026-05-13T10:00:44Z,2026-05-13T10:00:44Z
910,488,483,mentioned,0.699,21,2026-05-13T10:00:44Z,2026-05-13T10:00:44Z
912,58,358,tagged,0.425,161,2026-05-13T10:00:44Z,2026-05-13T10:00:44Z
913,419,236,duet,0.298,107,2026-05-13T10:00:44Z,2026-05-13T10:00:44Z
914,371,137,inspired_by,0.84,131,2026-05-13T10:00:44Z,2026-05-13T10:00:44Z
915,214,439,follows,0.421,28,2026-05-13T10:00:44Z,2026-05-13T10:00:44Z
916,429,192,collaborates,0.11,96,2026-05-13T10:00:44Z,2026-05-13T10:00:44Z
917,228,419,mentioned,0.491,74,2026-05-13T10:00:44Z,2026-05-13T10:00:44Z
918,92,268,reshared,0.816,185,2026-05-13T10:00:44Z,2026-05-13T10:00:44Z
921,3,34,inspired_by,0.448,62,2026-05-13T10:00:44Z,2026-05-13T10:00:44Z
922,405,474,follows,0.459,88,2026-05-13T10:00:44Z,2026-05-13T10:00:44Z
923,289,161,collaborates,0.653,173,2026-05-13T10:00:44Z,2026-05-13T10:00:44Z
924,184,332,mentioned,0.623,140,2026-05-13T10:00:44Z,2026-05-13T10:00:44Z
925,125,307,reshared,0.463,61,2026-05-13T10:00:44Z,2026-05-13T10:00:44Z
926,135,77,tagged,0.763,72,2026-05-13T10:00:44Z,2026-05-13T10:00:44Z
927,176,224,duet,0.41,162,2026-05-13T10:00:44Z,2026-05-13T10:00:44Z
928,333,362,inspired_by,0.718,88,2026-05-13T10:00:44Z,2026-05-13T10:00:44Z
929,473,366,follows,0.503,139,2026-05-13T10:00:44Z,2026-05-13T10:00:44Z
930,174,202,collaborates,0.924,11,2026-05-13T10:00:44Z,2026-05-13T10:00:44Z
931,89,24,mentioned,0.314,112,2026-05-13T10:00:44Z,2026-05-13T10:00:44Z
932,109,185,reshared,0.664,152,2026-05-13T10:00:44Z,2026-05-13T10:00:44Z
934,274,320,duet,0.454,73,2026-05-13T10:00:44Z,2026-05-13T10:00:44Z
935,257,359,inspired_by,0.21,100,2026-05-13T10:00:44Z,2026-05-13T10:00:44Z
936,344,43,follows,0.89,110,2026-05-13T10:00:44Z,2026-05-13T10:00:44Z
937,36,31,collaborates,0.607,145,2026-05-13T10:00:44Z,2026-05-13T10:00:44Z
939,331,315,reshared,0.874,99,2026-05-13T10:00:44Z,2026-05-13T10:00:44Z
940,262,179,tagged,0.209,172,2026-05-13T10:00:44Z,2026-05-13T10:00:44Z
941,45,223,duet,0.231,47,2026-05-13T10:00:44Z,2026-05-13T10:00:44Z
942,190,40,inspired_by,0.823,97,2026-05-13T10:00:44Z,2026-05-13T10:00:44Z
943,234,280,follows,0.279,11,2026-05-13T10:00:44Z,2026-05-13T10:00:44Z
945,55,394,mentioned,0.357,61,2026-05-13T10:00:44Z,2026-05-13T10:00:44Z
946,429,186,reshared,0.274,36,2026-05-13T10:00:44Z,2026-05-13T10:00:44Z
947,137,477,tagged,0.844,18,2026-05-13T10:00:44Z,2026-05-13T10:00:44Z
948,7,253,duet,0.302,123,2026-05-13T10:00:44Z,2026-05-13T10:00:44Z
949,91,132,inspired_by,0.762,17,2026-05-13T10:00:44Z,2026-05-13T10:00:44Z
950,82,335,follows,0.132,109,2026-05-13T10:00:44Z,2026-05-13T10:00:44Z
951,311,375,collaborates,0.803,116,2026-05-13T10:00:44Z,2026-05-13T10:00:44Z
952,143,174,mentioned,0.716,157,2026-05-13T10:00:44Z,2026-05-13T10:00:44Z
953,218,72,reshared,0.819,81,2026-05-13T10:00:44Z,2026-05-13T10:00:44Z
954,364,155,tagged,0.134,74,2026-05-13T10:00:44Z,2026-05-13T10:00:44Z
955,209,478,duet,0.391,80,2026-05-13T10:00:44Z,2026-05-13T10:00:44Z
956,293,14,inspired_by,0.19,132,2026-05-13T10:00:44Z,2026-05-13T10:00:44Z
957,412,459,follows,0.225,132,2026-05-13T10:00:44Z,2026-05-13T10:00:44Z
958,234,314,collaborates,0.818,148,2026-05-13T10:00:44Z,2026-05-13T10:00:44Z
959,277,33,mentioned,0.898,33,2026-05-13T10:00:44Z,2026-05-13T10:00:44Z
960,359,431,reshared,0.965,144,2026-05-13T10:00:44Z,2026-05-13T10:00:44Z
961,58,308,tagged,0.546,150,2026-05-13T10:00:44Z,2026-05-13T10:00:44Z
962,408,130,duet,0.986,122,2026-05-13T10:00:44Z,2026-05-13T10:00:44Z
963,118,30,inspired_by,0.536,152,2026-05-13T10:00:44Z,2026-05-13T10:00:44Z
964,349,67,follows,0.285,94,2026-05-13T10:00:44Z,2026-05-13T10:00:44Z
965,342,452,collaborates,0.318,153,2026-05-13T10:00:44Z,2026-05-13T10:00:44Z
966,487,237,mentioned,0.575,2,2026-05-13T10:00:44Z,2026-05-13T10:00:44Z
967,105,337,reshared,0.612,94,2026-05-13T10:00:44Z,2026-05-13T10:00:44Z
968,95,491,tagged,0.182,108,2026-05-13T10:00:44Z,2026-05-13T10:00:44Z
969,294,403,duet,0.238,85,2026-05-13T10:00:44Z,2026-05-13T10:00:44Z
970,143,42,inspired_by,0.342,16,2026-05-13T10:00:44Z,2026-05-13T10:00:44Z
971,488,307,follows,0.48,37,2026-05-13T10:00:44Z,2026-05-13T10:00:44Z
972,381,2,collaborates,0.291,52,2026-05-13T10:00:44Z,2026-05-13T10:00:44Z
973,485,63,mentioned,0.936,144,2026-05-13T10:00:44Z,2026-05-13T10:00:44Z
974,177,240,reshared,0.756,66,2026-05-13T10:00:44Z,2026-05-13T10:00:44Z
975,153,32,tagged,0.301,5,2026-05-13T10:00:44Z,2026-05-13T10:00:44Z
976,129,38,duet,0.236,167,2026-05-13T10:00:44Z,2026-05-13T10:00:44Z
977,432,313,inspired_by,0.267,1,2026-05-13T10:00:44Z,2026-05-13T10:00:44Z
978,109,234,follows,0.592,138,2026-05-13T10:00:44Z,2026-05-13T10:00:44Z
979,267,327,collaborates,0.955,153,2026-05-13T10:00:44Z,2026-05-13T10:00:44Z
980,239,364,mentioned,0.341,40,2026-05-13T10:00:44Z,2026-05-13T10:00:44Z
982,239,403,tagged,0.884,181,2026-05-13T10:00:44Z,2026-05-13T10:00:44Z
983,434,185,duet,0.502,110,2026-05-13T10:00:44Z,2026-05-13T10:00:44Z
984,79,206,inspired_by,0.922,174,2026-05-13T10:00:44Z,2026-05-13T10:00:44Z
986,236,373,collaborates,0.955,106,2026-05-13T10:00:44Z,2026-05-13T10:00:44Z
987,390,432,mentioned,0.537,169,2026-05-13T10:00:44Z,2026-05-13T10:00:44Z
988,113,490,reshared,0.576,25,2026-05-13T10:00:44Z,2026-05-13T10:00:44Z
989,276,204,tagged,0.618,149,2026-05-13T10:00:44Z,2026-05-13T10:00:44Z
990,441,11,duet,0.77,152,2026-05-13T10:00:44Z,2026-05-13T10:00:44Z
991,7,311,inspired_by,0.598,76,2026-05-13T10:00:44Z,2026-05-13T10:00:44Z
992,440,226,follows,0.606,160,2026-05-13T10:00:44Z,2026-05-13T10:00:44Z
993,134,68,collaborates,0.784,193,2026-05-13T10:00:44Z,2026-05-13T10:00:44Z
995,185,332,reshared,0.459,143,2026-05-13T10:00:44Z,2026-05-13T10:00:44Z
997,389,12,duet,0.37,12,2026-05-13T10:00:44Z,2026-05-13T10:00:44Z
998,217,324,inspired_by,0.67,55,2026-05-13T10:00:44Z,2026-05-13T10:00:44Z
999,119,364,follows,0.439,75,2026-05-13T10:00:44Z,2026-05-13T10:00:44Z
1000,108,252,collaborates,0.4,13,2026-05-13T10:00:44Z,2026-05-13T10:00:44Z
1001,8,121,mentioned,0.83,145,2026-05-13T10:00:44Z,2026-05-13T10:00:44Z
1002,106,127,reshared,0.758,187,2026-05-13T10:00:44Z,2026-05-13T10:00:44Z
1003,45,479,tagged,0.517,142,2026-05-13T10:00:44Z,2026-05-13T10:00:44Z
1004,207,383,duet,0.284,161,2026-05-13T10:00:44Z,2026-05-13T10:00:44Z
1005,322,420,inspired_by,0.494,67,2026-05-13T10:00:44Z,2026-05-13T10:00:44Z
1007,431,67,collaborates,0.404,143,2026-05-13T10:00:44Z,2026-05-13T10:00:44Z
1008,359,31,mentioned,0.704,78,2026-05-13T10:00:44Z,2026-05-13T10:00:44Z
1009,453,104,reshared,0.498,7,2026-05-13T10:00:44Z,2026-05-13T10:00:44Z
1010,323,376,tagged,0.442,176,2026-05-13T10:00:44Z,2026-05-13T10:00:44Z
1011,490,375,duet,0.793,172,2026-05-13T10:00:44Z,2026-05-13T10:00:44Z
1012,215,412,inspired_by,0.171,179,2026-05-13T10:00:44Z,2026-05-13T10:00:44Z
1014,349,202,collaborates,0.62,178,2026-05-13T10:00:44Z,2026-05-13T10:00:44Z
1015,188,74,mentioned,0.501,189,2026-05-13T10:00:44Z,2026-05-13T10:00:44Z
1017,91,445,tagged,0.77,16,2026-05-13T10:00:44Z,2026-05-13T10:00:44Z
1018,267,288,duet,0.716,130,2026-05-13T10:00:44Z,2026-05-13T10:00:44Z
1019,304,103,inspired_by,0.277,111,2026-05-13T10:00:44Z,2026-05-13T10:00:44Z
1020,17,77,follows,0.468,94,2026-05-13T10:00:44Z,2026-05-13T10:00:44Z
1021,467,23,collaborates,0.149,88,2026-05-13T10:00:44Z,2026-05-13T10:00:44Z
1022,233,122,mentioned,0.355,61,2026-05-13T10:00:44Z,2026-05-13T10:00:44Z
1023,177,436,reshared,0.979,195,2026-05-13T10:00:44Z,2026-05-13T10:00:44Z
1024,83,349,tagged,0.902,37,2026-05-13T10:00:44Z,2026-05-13T10:00:44Z
1025,329,253,duet,0.945,195,2026-05-13T10:00:44Z,2026-05-13T10:00:44Z
1026,209,375,inspired_by,0.594,42,2026-05-13T10:00:44Z,2026-05-13T10:00:44Z
1027,11,444,follows,0.901,148,2026-05-13T10:00:44Z,2026-05-13T10:00:44Z
1028,279,485,collaborates,0.425,67,2026-05-13T10:00:44Z,2026-05-13T10:00:44Z
1030,320,301,reshared,0.381,109,2026-05-13T10:00:44Z,2026-05-13T10:00:44Z
1031,390,355,tagged,0.15,142,2026-05-13T10:00:44Z,2026-05-13T10:00:44Z
1032,145,283,duet,0.851,57,2026-05-13T10:00:44Z,2026-05-13T10:00:44Z
1033,355,67,inspired_by,0.58,92,2026-05-13T10:00:44Z,2026-05-13T10:00:44Z
1034,452,471,follows,0.712,194,2026-05-13T10:00:44Z,2026-05-13T10:00:44Z
1035,467,464,collaborates,0.265,9,2026-05-13T10:00:44Z,2026-05-13T10:00:44Z
1036,116,317,mentioned,0.671,111,2026-05-13T10:00:44Z,2026-05-13T10:00:44Z
1037,191,178,reshared,0.793,163,2026-05-13T10:00:44Z,2026-05-13T10:00:44Z
1038,158,101,tagged,0.755,92,2026-05-13T10:00:44Z,2026-05-13T10:00:44Z
1039,116,489,duet,0.721,143,2026-05-13T10:00:44Z,2026-05-13T10:00:44Z
1040,167,189,inspired_by,0.547,149,2026-05-13T10:00:44Z,2026-05-13T10:00:44Z
1041,20,208,follows,0.281,98,2026-05-13T10:00:44Z,2026-05-13T10:00:44Z
1042,464,20,collaborates,0.374,29,2026-05-13T10:00:44Z,2026-05-13T10:00:44Z
1043,219,280,mentioned,0.85,177,2026-05-13T10:00:44Z,2026-05-13T10:00:44Z
1044,126,465,reshared,0.19,36,2026-05-13T10:00:44Z,2026-05-13T10:00:44Z
1045,41,406,tagged,0.576,123,2026-05-13T10:00:44Z,2026-05-13T10:00:44Z
1046,383,277,duet,0.772,191,2026-05-13T10:00:44Z,2026-05-13T10:00:44Z
1047,64,110,inspired_by,0.259,52,2026-05-13T10:00:44Z,2026-05-13T10:00:44Z
1048,168,87,follows,0.745,197,2026-05-13T10:00:44Z,2026-05-13T10:00:44Z
1049,181,189,collaborates,0.575,36,2026-05-13T10:00:44Z,2026-05-13T10:00:44Z
1050,336,462,mentioned,0.73,166,2026-05-13T10:00:44Z,2026-05-13T10:00:44Z
1052,74,407,tagged,0.677,64,2026-05-13T10:00:44Z,2026-05-13T10:00:44Z
1053,403,108,duet,0.4,24,2026-05-13T10:00:44Z,2026-05-13T10:00:44Z
1054,465,120,inspired_by,0.731,34,2026-05-13T10:00:44Z,2026-05-13T10:00:44Z
1055,318,186,follows,0.772,57,2026-05-13T10:00:44Z,2026-05-13T10:00:44Z
1056,107,11,collaborates,0.221,162,2026-05-13T10:00:44Z,2026-05-13T10:00:44Z
1057,468,178,mentioned,0.158,187,2026-05-13T10:00:44Z,2026-05-13T10:00:44Z
1058,435,394,reshared,0.111,3,2026-05-13T10:00:44Z,2026-05-13T10:00:44Z
1059,211,114,tagged,0.272,186,2026-05-13T10:00:44Z,2026-05-13T10:00:44Z
1060,192,191,duet,0.348,189,2026-05-13T10:00:44Z,2026-05-13T10:00:44Z
1061,218,251,inspired_by,0.44,58,2026-05-13T10:00:44Z,2026-05-13T10:00:44Z
1062,79,8,collaborates,0.786,55,2026-05-13T10:00:44Z,2026-05-13T10:00:44Z
1063,229,443,mentioned,0.965,167,2026-05-13T10:00:44Z,2026-05-13T10:00:44Z
1064,317,434,reshared,0.97,153,2026-05-13T10:00:44Z,2026-05-13T10:00:44Z
1065,254,18,tagged,0.666,130,2026-05-13T10:00:44Z,2026-05-13T10:00:44Z
1066,164,123,duet,0.505,105,2026-05-13T10:00:44Z,2026-05-13T10:00:44Z
1067,24,166,inspired_by,0.668,195,2026-05-13T10:00:44Z,2026-05-13T10:00:44Z
1068,59,44,follows,0.899,25,2026-05-13T10:00:44Z,2026-05-13T10:00:44Z
1069,281,313,collaborates,0.496,59,2026-05-13T10:00:44Z,2026-05-13T10:00:44Z
1070,406,352,mentioned,0.673,106,2026-05-13T10:00:44Z,2026-05-13T10:00:44Z
1071,413,416,reshared,0.672,131,2026-05-13T10:00:44Z,2026-05-13T10:00:44Z
1072,441,195,tagged,0.999,141,2026-05-13T10:00:44Z,2026-05-13T10:00:44Z
1075,306,25,follows,0.455,56,2026-05-13T10:00:44Z,2026-05-13T10:00:44Z
1076,51,320,collaborates,0.459,8,2026-05-13T10:00:44Z,2026-05-13T10:00:44Z
1079,434,131,tagged,0.378,46,2026-05-13T10:00:44Z,2026-05-13T10:00:44Z
1080,317,221,duet,0.307,4,2026-05-13T10:00:44Z,2026-05-13T10:00:44Z
1081,175,330,inspired_by,0.625,64,2026-05-13T10:00:44Z,2026-05-13T10:00:44Z
1082,482,453,follows,0.595,39,2026-05-13T10:00:44Z,2026-05-13T10:00:44Z
1083,338,410,collaborates,0.614,186,2026-05-13T10:00:44Z,2026-05-13T10:00:44Z
1084,180,18,mentioned,0.609,76,2026-05-13T10:00:44Z,2026-05-13T10:00:44Z
1085,123,376,reshared,0.213,99,2026-05-13T10:00:44Z,2026-05-13T10:00:44Z
1086,491,145,tagged,0.156,170,2026-05-13T10:00:44Z,2026-05-13T10:00:44Z
1087,140,172,duet,0.853,168,2026-05-13T10:00:44Z,2026-05-13T10:00:44Z
1088,168,130,inspired_by,0.497,195,2026-05-13T10:00:44Z,2026-05-13T10:00:44Z
1089,355,481,follows,0.635,17,2026-05-13T10:00:44Z,2026-05-13T10:00:44Z
1090,281,466,collaborates,0.308,45,2026-05-13T10:00:44Z,2026-05-13T10:00:44Z
1091,117,344,mentioned,0.46,192,2026-05-13T10:00:44Z,2026-05-13T10:00:44Z
1092,314,423,reshared,0.761,27,2026-05-13T10:00:44Z,2026-05-13T10:00:44Z
1093,15,214,tagged,0.752,129,2026-05-13T10:00:44Z,2026-05-13T10:00:44Z
1094,366,144,duet,0.879,128,2026-05-13T10:00:44Z,2026-05-13T10:00:44Z
1095,11,207,inspired_by,0.244,65,2026-05-13T10:00:44Z,2026-05-13T10:00:44Z
1096,91,487,follows,0.256,82,2026-05-13T10:00:44Z,2026-05-13T10:00:44Z
1098,484,391,mentioned,0.642,97,2026-05-13T10:00:44Z,2026-05-13T10:00:44Z
1099,229,258,reshared,0.513,127,2026-05-13T10:00:44Z,2026-05-13T10:00:44Z
1100,77,392,tagged,0.984,63,2026-05-13T10:00:44Z,2026-05-13T10:00:44Z
1101,385,276,duet,0.538,18,2026-05-13T10:00:44Z,2026-05-13T10:00:44Z
1102,274,151,inspired_by,0.657,148,2026-05-13T10:00:44Z,2026-05-13T10:00:44Z
1105,426,204,mentioned,0.909,124,2026-05-13T10:00:44Z,2026-05-13T10:00:44Z
1106,323,166,reshared,0.655,99,2026-05-13T10:00:44Z,2026-05-13T10:00:44Z
1107,471,91,tagged,0.353,180,2026-05-13T10:00:44Z,2026-05-13T10:00:44Z
1108,45,416,duet,0.959,161,2026-05-13T10:00:44Z,2026-05-13T10:00:44Z
1109,482,318,inspired_by,0.468,148,2026-05-13T10:00:44Z,2026-05-13T10:00:44Z
1110,147,389,follows,0.236,42,2026-05-13T10:00:44Z,2026-05-13T10:00:44Z
1111,453,208,collaborates,0.722,184,2026-05-13T10:00:44Z,2026-05-13T10:00:44Z
1113,462,177,reshared,0.334,162,2026-05-13T10:00:44Z,2026-05-13T10:00:44Z
1114,66,295,tagged,0.829,148,2026-05-13T10:00:44Z,2026-05-13T10:00:44Z
1115,366,378,duet,0.987,129,2026-05-13T10:00:44Z,2026-05-13T10:00:44Z
1116,76,282,inspired_by,0.592,76,2026-05-13T10:00:44Z,2026-05-13T10:00:44Z
1119,412,290,mentioned,0.592,171,2026-05-13T10:00:44Z,2026-05-13T10:00:44Z
1120,281,75,reshared,0.845,179,2026-05-13T10:00:44Z,2026-05-13T10:00:44Z
1121,267,266,tagged,0.742,45,2026-05-13T10:00:44Z,2026-05-13T10:00:44Z
1122,220,376,duet,0.592,145,2026-05-13T10:00:44Z,2026-05-13T10:00:44Z
1123,204,194,inspired_by,0.448,91,2026-05-13T10:00:44Z,2026-05-13T10:00:44Z
1124,180,343,follows,0.63,65,2026-05-13T10:00:44Z,2026-05-13T10:00:44Z
1125,119,92,collaborates,0.247,79,2026-05-13T10:00:44Z,2026-05-13T10:00:44Z
1126,10,390,mentioned,0.208,155,2026-05-13T10:00:44Z,2026-05-13T10:00:44Z
1128,369,313,tagged,0.677,58,2026-05-13T10:00:44Z,2026-05-13T10:00:44Z
1129,152,344,duet,0.883,120,2026-05-13T10:00:44Z,2026-05-13T10:00:44Z
1130,166,46,inspired_by,0.194,163,2026-05-13T10:00:44Z,2026-05-13T10:00:44Z
1131,105,434,follows,0.722,112,2026-05-13T10:00:44Z,2026-05-13T10:00:44Z
1132,237,417,collaborates,0.2,16,2026-05-13T10:00:44Z,2026-05-13T10:00:44Z
1133,382,349,mentioned,0.327,118,2026-05-13T10:00:44Z,2026-05-13T10:00:44Z
1134,464,465,reshared,0.71,98,2026-05-13T10:00:44Z,2026-05-13T10:00:44Z
1135,172,189,tagged,0.936,40,2026-05-13T10:00:44Z,2026-05-13T10:00:44Z
1137,47,126,inspired_by,0.147,140,2026-05-13T10:00:44Z,2026-05-13T10:00:44Z
1138,389,341,follows,0.226,91,2026-05-13T10:00:44Z,2026-05-13T10:00:44Z
1139,35,420,collaborates,0.96,100,2026-05-13T10:00:44Z,2026-05-13T10:00:44Z
1140,316,113,mentioned,0.872,145,2026-05-13T10:00:44Z,2026-05-13T10:00:44Z
1141,254,453,reshared,0.367,139,2026-05-13T10:00:44Z,2026-05-13T10:00:44Z
1142,287,157,tagged,0.801,131,2026-05-13T10:00:44Z,2026-05-13T10:00:44Z
1143,41,393,duet,0.817,148,2026-05-13T10:00:44Z,2026-05-13T10:00:44Z
1144,138,58,inspired_by,0.588,62,2026-05-13T10:00:44Z,2026-05-13T10:00:44Z
1145,69,365,follows,0.337,55,2026-05-13T10:00:44Z,2026-05-13T10:00:44Z
1146,266,124,collaborates,0.58,169,2026-05-13T10:00:44Z,2026-05-13T10:00:44Z
1147,277,102,mentioned,0.182,117,2026-05-13T10:00:44Z,2026-05-13T10:00:44Z
1148,87,263,reshared,0.296,173,2026-05-13T10:00:44Z,2026-05-13T10:00:44Z
1149,151,111,tagged,0.902,197,2026-05-13T10:00:44Z,2026-05-13T10:00:44Z
1151,28,417,inspired_by,0.498,15,2026-05-13T10:00:44Z,2026-05-13T10:00:44Z
1153,294,108,collaborates,0.796,37,2026-05-13T10:00:44Z,2026-05-13T10:00:44Z
1154,237,193,mentioned,0.616,16,2026-05-13T10:00:44Z,2026-05-13T10:00:44Z
1155,64,191,reshared,0.353,152,2026-05-13T10:00:44Z,2026-05-13T10:00:44Z
1156,420,490,tagged,0.571,78,2026-05-13T10:00:44Z,2026-05-13T10:00:44Z
1157,13,338,duet,0.752,157,2026-05-13T10:00:44Z,2026-05-13T10:00:44Z
1158,447,455,inspired_by,0.537,39,2026-05-13T10:00:44Z,2026-05-13T10:00:44Z
1159,291,347,follows,0.41,70,2026-05-13T10:00:44Z,2026-05-13T10:00:44Z
1160,459,145,collaborates,0.152,32,2026-05-13T10:00:44Z,2026-05-13T10:00:44Z
1161,210,425,mentioned,0.792,131,2026-05-13T10:00:44Z,2026-05-13T10:00:44Z
1162,456,389,reshared,0.951,87,2026-05-13T10:00:44Z,2026-05-13T10:00:44Z
1163,301,85,tagged,0.772,72,2026-05-13T10:00:44Z,2026-05-13T10:00:44Z
1164,388,445,duet,0.611,16,2026-05-13T10:00:44Z,2026-05-13T10:00:44Z
1165,264,83,inspired_by,0.872,144,2026-05-13T10:00:44Z,2026-05-13T10:00:44Z
1167,454,59,collaborates,0.58,83,2026-05-13T10:00:44Z,2026-05-13T10:00:44Z
1168,337,310,mentioned,0.316,111,2026-05-13T10:00:44Z,2026-05-13T10:00:44Z
1169,124,25,reshared,0.477,156,2026-05-13T10:00:44Z,2026-05-13T10:00:44Z
1170,387,231,tagged,0.842,127,2026-05-13T10:00:44Z,2026-05-13T10:00:44Z
1171,423,232,duet,0.231,140,2026-05-13T10:00:44Z,2026-05-13T10:00:44Z
1172,409,27,inspired_by,0.347,26,2026-05-13T10:00:44Z,2026-05-13T10:00:44Z
1174,266,227,collaborates,0.414,70,2026-05-13T10:00:44Z,2026-05-13T10:00:44Z
1175,483,149,mentioned,0.166,122,2026-05-13T10:00:44Z,2026-05-13T10:00:44Z
1176,208,92,reshared,0.992,173,2026-05-13T10:00:44Z,2026-05-13T10:00:44Z
1177,110,81,tagged,0.226,115,2026-05-13T10:00:44Z,2026-05-13T10:00:44Z
1178,184,193,duet,0.745,79,2026-05-13T10:00:44Z,2026-05-13T10:00:44Z
1179,314,2,inspired_by,0.477,88,2026-05-13T10:00:44Z,2026-05-13T10:00:44Z
1180,148,334,follows,0.385,159,2026-05-13T10:00:44Z,2026-05-13T10:00:44Z
1182,46,290,mentioned,0.916,47,2026-05-13T10:00:44Z,2026-05-13T10:00:44Z
1183,174,242,reshared,0.454,42,2026-05-13T10:00:44Z,2026-05-13T10:00:44Z
1184,322,401,tagged,0.552,17,2026-05-13T10:00:44Z,2026-05-13T10:00:44Z
1185,313,141,duet,0.348,41,2026-05-13T10:00:44Z,2026-05-13T10:00:44Z
1186,219,488,inspired_by,0.571,102,2026-05-13T10:00:44Z,2026-05-13T10:00:44Z
1187,101,241,follows,0.983,168,2026-05-13T10:00:44Z,2026-05-13T10:00:44Z
1188,70,328,collaborates,0.233,61,2026-05-13T10:00:44Z,2026-05-13T10:00:44Z
1189,445,15,mentioned,0.856,103,2026-05-13T10:00:44Z,2026-05-13T10:00:44Z
1190,381,441,reshared,0.19,115,2026-05-13T10:00:44Z,2026-05-13T10:00:44Z
1191,323,262,tagged,0.809,6,2026-05-13T10:00:44Z,2026-05-13T10:00:44Z
1192,103,108,duet,0.531,55,2026-05-13T10:00:44Z,2026-05-13T10:00:44Z
1193,142,342,inspired_by,0.681,149,2026-05-13T10:00:44Z,2026-05-13T10:00:44Z
1194,330,413,follows,0.377,105,2026-05-13T10:00:44Z,2026-05-13T10:00:44Z
1195,46,461,collaborates,0.161,47,2026-05-13T10:00:44Z,2026-05-13T10:00:44Z
1196,126,27,mentioned,0.585,52,2026-05-13T10:00:44Z,2026-05-13T10:00:44Z
1197,257,115,reshared,0.754,86,2026-05-13T10:00:44Z,2026-05-13T10:00:44Z
1199,402,32,duet,0.311,131,2026-05-13T10:00:44Z,2026-05-13T10:00:44Z
1200,104,2,inspired_by,0.807,99,2026-05-13T10:00:44Z,2026-05-13T10:00:44Z
1201,91,308,follows,0.627,162,2026-05-13T10:00:44Z,2026-05-13T10:00:44Z
1203,476,446,mentioned,0.775,7,2026-05-13T10:00:44Z,2026-05-13T10:00:44Z
1204,468,314,reshared,0.852,36,2026-05-13T10:00:44Z,2026-05-13T10:00:44Z
1205,377,253,tagged,0.512,184,2026-05-13T10:00:44Z,2026-05-13T10:00:44Z
1206,404,68,duet,0.61,22,2026-05-13T10:00:44Z,2026-05-13T10:00:44Z
1207,373,432,inspired_by,0.459,176,2026-05-13T10:00:44Z,2026-05-13T10:00:44Z
1208,414,46,follows,0.117,56,2026-05-13T10:00:44Z,2026-05-13T10:00:44Z
1209,278,322,collaborates,0.142,152,2026-05-13T10:00:44Z,2026-05-13T10:00:44Z
1210,251,182,mentioned,0.333,98,2026-05-13T10:00:44Z,2026-05-13T10:00:44Z
1211,70,235,reshared,0.514,133,2026-05-13T10:00:44Z,2026-05-13T10:00:44Z
1213,284,340,duet,0.619,7,2026-05-13T10:00:44Z,2026-05-13T10:00:44Z
1214,69,173,inspired_by,0.639,188,2026-05-13T10:00:44Z,2026-05-13T10:00:44Z
1216,270,417,collaborates,0.35,107,2026-05-13T10:00:44Z,2026-05-13T10:00:44Z
1217,277,392,mentioned,0.814,93,2026-05-13T10:00:44Z,2026-05-13T10:00:44Z
1218,5,47,reshared,0.703,181,2026-05-13T10:00:44Z,2026-05-13T10:00:44Z
1219,487,451,tagged,0.63,13,2026-05-13T10:00:44Z,2026-05-13T10:00:44Z
1220,310,19,duet,0.722,67,2026-05-13T10:00:44Z,2026-05-13T10:00:44Z
1222,219,304,follows,0.298,15,2026-05-13T10:00:44Z,2026-05-13T10:00:44Z
1223,314,365,collaborates,0.2,12,2026-05-13T10:00:44Z,2026-05-13T10:00:44Z
1224,108,264,mentioned,0.122,141,2026-05-13T10:00:44Z,2026-05-13T10:00:44Z
1225,135,125,reshared,0.217,50,2026-05-13T10:00:44Z,2026-05-13T10:00:44Z
1226,289,70,tagged,0.544,113,2026-05-13T10:00:44Z,2026-05-13T10:00:44Z
1228,192,143,inspired_by,0.35,16,2026-05-13T10:00:44Z,2026-05-13T10:00:44Z
1231,265,445,mentioned,0.571,46,2026-05-13T10:00:44Z,2026-05-13T10:00:44Z
1232,310,341,reshared,0.651,53,2026-05-13T10:00:44Z,2026-05-13T10:00:44Z
1233,85,353,tagged,0.381,44,2026-05-13T10:00:44Z,2026-05-13T10:00:44Z
1234,89,91,duet,0.913,37,2026-05-13T10:00:44Z,2026-05-13T10:00:44Z
1235,70,5,inspired_by,0.776,167,2026-05-13T10:00:44Z,2026-05-13T10:00:44Z
1237,173,218,collaborates,0.149,137,2026-05-13T10:00:44Z,2026-05-13T10:00:44Z
1238,17,310,mentioned,0.915,162,2026-05-13T10:00:44Z,2026-05-13T10:00:44Z
1239,78,321,reshared,0.529,44,2026-05-13T10:00:44Z,2026-05-13T10:00:44Z
1240,411,52,tagged,0.849,156,2026-05-13T10:00:44Z,2026-05-13T10:00:44Z
1242,233,89,inspired_by,0.334,21,2026-05-13T10:00:44Z,2026-05-13T10:00:44Z
1243,304,41,follows,0.848,75,2026-05-13T10:00:44Z,2026-05-13T10:00:44Z
1244,489,370,collaborates,0.822,178,2026-05-13T10:00:44Z,2026-05-13T10:00:44Z
1245,171,284,mentioned,0.921,133,2026-05-13T10:00:44Z,2026-05-13T10:00:44Z
1246,159,255,reshared,0.169,66,2026-05-13T10:00:44Z,2026-05-13T10:00:44Z
1247,183,387,tagged,0.493,3,2026-05-13T10:00:44Z,2026-05-13T10:00:44Z
1248,142,361,duet,0.968,6,2026-05-13T10:00:44Z,2026-05-13T10:00:44Z
1249,205,364,inspired_by,0.465,77,2026-05-13T10:00:44Z,2026-05-13T10:00:44Z
1250,334,201,follows,0.734,194,2026-05-13T10:00:44Z,2026-05-13T10:00:44Z
1251,258,435,collaborates,0.156,6,2026-05-13T10:00:44Z,2026-05-13T10:00:44Z
1252,188,348,mentioned,0.733,101,2026-05-13T10:00:44Z,2026-05-13T10:00:44Z
1253,113,191,reshared,0.894,32,2026-05-13T10:00:44Z,2026-05-13T10:00:44Z
1254,306,447,tagged,0.201,51,2026-05-13T10:00:44Z,2026-05-13T10:00:44Z
1256,450,111,inspired_by,0.217,7,2026-05-13T10:00:44Z,2026-05-13T10:00:44Z
1257,404,117,follows,0.784,134,2026-05-13T10:00:44Z,2026-05-13T10:00:44Z
1259,228,479,mentioned,0.723,141,2026-05-13T10:00:44Z,2026-05-13T10:00:44Z
1260,112,384,reshared,0.851,120,2026-05-13T10:00:44Z,2026-05-13T10:00:44Z
1261,87,157,tagged,0.256,182,2026-05-13T10:00:44Z,2026-05-13T10:00:44Z
1262,317,38,duet,0.355,122,2026-05-13T10:00:44Z,2026-05-13T10:00:44Z
1263,81,487,inspired_by,0.232,119,2026-05-13T10:00:44Z,2026-05-13T10:00:44Z
1264,312,410,follows,0.105,70,2026-05-13T10:00:44Z,2026-05-13T10:00:44Z
1265,60,404,collaborates,0.731,109,2026-05-13T10:00:44Z,2026-05-13T10:00:44Z
1266,106,277,mentioned,0.439,138,2026-05-13T10:00:44Z,2026-05-13T10:00:44Z
1267,179,282,reshared,0.879,170,2026-05-13T10:00:44Z,2026-05-13T10:00:44Z
1268,339,465,tagged,0.872,74,2026-05-13T10:00:44Z,2026-05-13T10:00:44Z
1269,365,373,duet,0.708,112,2026-05-13T10:00:44Z,2026-05-13T10:00:44Z
1270,149,203,inspired_by,0.68,197,2026-05-13T10:00:44Z,2026-05-13T10:00:44Z
1271,112,445,follows,0.34,159,2026-05-13T10:00:44Z,2026-05-13T10:00:44Z
1272,168,426,collaborates,0.298,117,2026-05-13T10:00:44Z,2026-05-13T10:00:44Z
1273,392,194,mentioned,0.326,88,2026-05-13T10:00:44Z,2026-05-13T10:00:44Z
1274,170,104,reshared,0.365,108,2026-05-13T10:00:44Z,2026-05-13T10:00:44Z
1275,439,20,tagged,0.785,67,2026-05-13T10:00:44Z,2026-05-13T10:00:44Z
1276,12,70,duet,0.983,181,2026-05-13T10:00:44Z,2026-05-13T10:00:44Z
1277,368,404,inspired_by,0.239,187,2026-05-13T10:00:44Z,2026-05-13T10:00:44Z
1278,122,320,follows,0.402,70,2026-05-13T10:00:44Z,2026-05-13T10:00:44Z
1279,358,476,collaborates,0.407,111,2026-05-13T10:00:44Z,2026-05-13T10:00:44Z
1280,212,294,mentioned,0.35,32,2026-05-13T10:00:44Z,2026-05-13T10:00:44Z
1281,476,58,reshared,0.362,7,2026-05-13T10:00:44Z,2026-05-13T10:00:44Z
1282,78,75,tagged,0.92,127,2026-05-13T10:00:44Z,2026-05-13T10:00:44Z
1283,392,215,duet,0.905,65,2026-05-13T10:00:44Z,2026-05-13T10:00:44Z
1284,273,308,inspired_by,0.906,195,2026-05-13T10:00:44Z,2026-05-13T10:00:44Z
1285,358,207,follows,0.758,118,2026-05-13T10:00:44Z,2026-05-13T10:00:44Z
1286,254,273,collaborates,0.941,105,2026-05-13T10:00:44Z,2026-05-13T10:00:44Z
1287,178,291,mentioned,0.997,155,2026-05-13T10:00:44Z,2026-05-13T10:00:44Z
1289,77,26,tagged,0.431,36,2026-05-13T10:00:44Z,2026-05-13T10:00:44Z
1290,144,438,duet,0.589,109,2026-05-13T10:00:44Z,2026-05-13T10:00:44Z
1291,128,24,inspired_by,0.333,160,2026-05-13T10:00:44Z,2026-05-13T10:00:44Z
1292,136,113,follows,0.394,91,2026-05-13T10:00:44Z,2026-05-13T10:00:44Z
1293,192,36,collaborates,0.229,189,2026-05-13T10:00:44Z,2026-05-13T10:00:44Z
1294,75,105,mentioned,0.716,66,2026-05-13T10:00:44Z,2026-05-13T10:00:44Z
1295,348,142,reshared,0.827,193,2026-05-13T10:00:44Z,2026-05-13T10:00:44Z
1296,356,301,tagged,0.547,190,2026-05-13T10:00:44Z,2026-05-13T10:00:44Z
1297,241,129,duet,0.553,169,2026-05-13T10:00:44Z,2026-05-13T10:00:44Z
1298,255,216,inspired_by,0.571,197,2026-05-13T10:00:44Z,2026-05-13T10:00:44Z
1299,231,487,follows,0.451,158,2026-05-13T10:00:44Z,2026-05-13T10:00:44Z
1300,386,129,collaborates,0.983,150,2026-05-13T10:00:44Z,2026-05-13T10:00:44Z
1301,326,70,mentioned,0.748,192,2026-05-13T10:00:44Z,2026-05-13T10:00:44Z
1302,386,189,reshared,0.272,172,2026-05-13T10:00:44Z,2026-05-13T10:00:44Z
1303,168,87,tagged,0.23,4,2026-05-13T10:00:44Z,2026-05-13T10:00:44Z
1305,153,375,inspired_by,0.683,158,2026-05-13T10:00:44Z,2026-05-13T10:00:44Z
1306,329,418,follows,0.499,172,2026-05-13T10:00:44Z,2026-05-13T10:00:44Z
1307,31,262,collaborates,0.764,187,2026-05-13T10:00:44Z,2026-05-13T10:00:44Z
1308,234,327,mentioned,0.174,75,2026-05-13T10:00:44Z,2026-05-13T10:00:44Z
1309,211,260,reshared,0.933,102,2026-05-13T10:00:44Z,2026-05-13T10:00:44Z
1310,489,338,tagged,0.835,166,2026-05-13T10:00:44Z,2026-05-13T10:00:44Z
1311,215,319,duet,0.877,5,2026-05-13T10:00:44Z,2026-05-13T10:00:44Z
1312,235,11,inspired_by,0.762,156,2026-05-13T10:00:44Z,2026-05-13T10:00:44Z
1313,370,19,follows,0.627,91,2026-05-13T10:00:44Z,2026-05-13T10:00:44Z
1314,55,209,collaborates,0.651,145,2026-05-13T10:00:44Z,2026-05-13T10:00:44Z
1315,332,225,mentioned,0.908,52,2026-05-13T10:00:44Z,2026-05-13T10:00:44Z
1316,25,135,reshared,0.313,154,2026-05-13T10:00:44Z,2026-05-13T10:00:44Z
1317,346,35,tagged,0.575,100,2026-05-13T10:00:44Z,2026-05-13T10:00:44Z
1318,357,156,duet,0.62,149,2026-05-13T10:00:44Z,2026-05-13T10:00:44Z
1319,202,252,inspired_by,0.833,30,2026-05-13T10:00:44Z,2026-05-13T10:00:44Z
1320,428,88,follows,0.676,162,2026-05-13T10:00:44Z,2026-05-13T10:00:44Z
1321,281,159,collaborates,0.452,117,2026-05-13T10:00:44Z,2026-05-13T10:00:44Z
1322,44,342,mentioned,0.187,21,2026-05-13T10:00:44Z,2026-05-13T10:00:44Z
1323,484,404,reshared,0.794,10,2026-05-13T10:00:44Z,2026-05-13T10:00:44Z
1324,472,27,tagged,0.64,29,2026-05-13T10:00:44Z,2026-05-13T10:00:44Z
1325,353,193,duet,0.568,41,2026-05-13T10:00:44Z,2026-05-13T10:00:44Z
1326,166,154,inspired_by,0.575,33,2026-05-13T10:00:44Z,2026-05-13T10:00:44Z
1329,383,142,mentioned,0.862,28,2026-05-13T10:00:44Z,2026-05-13T10:00:44Z
1330,476,164,reshared,0.886,138,2026-05-13T10:00:44Z,2026-05-13T10:00:44Z
1331,439,147,tagged,0.59,137,2026-05-13T10:00:44Z,2026-05-13T10:00:44Z
1332,182,88,duet,0.901,26,2026-05-13T10:00:44Z,2026-05-13T10:00:44Z
1333,444,165,inspired_by,0.417,42,2026-05-13T10:00:44Z,2026-05-13T10:00:44Z
1334,242,83,follows,0.979,25,2026-05-13T10:00:44Z,2026-05-13T10:00:44Z
1335,355,488,collaborates,0.612,138,2026-05-13T10:00:44Z,2026-05-13T10:00:44Z
1336,466,313,mentioned,0.415,153,2026-05-13T10:00:44Z,2026-05-13T10:00:44Z
1337,55,304,reshared,0.266,185,2026-05-13T10:00:44Z,2026-05-13T10:00:44Z
1338,190,233,tagged,0.848,122,2026-05-13T10:00:44Z,2026-05-13T10:00:44Z
1339,339,32,duet,0.903,141,2026-05-13T10:00:44Z,2026-05-13T10:00:44Z
1340,241,206,inspired_by,0.361,91,2026-05-13T10:00:44Z,2026-05-13T10:00:44Z
1341,361,469,follows,0.273,19,2026-05-13T10:00:44Z,2026-05-13T10:00:44Z
1342,207,254,collaborates,0.431,100,2026-05-13T10:00:44Z,2026-05-13T10:00:44Z
1343,139,204,mentioned,0.847,183,2026-05-13T10:00:44Z,2026-05-13T10:00:44Z
1344,476,110,reshared,0.509,1,2026-05-13T10:00:44Z,2026-05-13T10:00:44Z
1345,450,358,tagged,0.654,151,2026-05-13T10:00:44Z,2026-05-13T10:00:44Z
1346,320,355,duet,0.763,119,2026-05-13T10:00:44Z,2026-05-13T10:00:44Z
1348,288,132,follows,0.617,91,2026-05-13T10:00:44Z,2026-05-13T10:00:44Z
1349,465,374,collaborates,0.806,74,2026-05-13T10:00:44Z,2026-05-13T10:00:44Z
1350,75,353,mentioned,0.341,79,2026-05-13T10:00:44Z,2026-05-13T10:00:44Z
1351,16,7,reshared,0.86,71,2026-05-13T10:00:44Z,2026-05-13T10:00:44Z
1352,342,141,tagged,0.652,121,2026-05-13T10:00:44Z,2026-05-13T10:00:44Z
1354,69,14,inspired_by,0.141,27,2026-05-13T10:00:44Z,2026-05-13T10:00:44Z
1356,385,463,collaborates,0.963,46,2026-05-13T10:00:44Z,2026-05-13T10:00:44Z
1357,87,302,mentioned,0.355,24,2026-05-13T10:00:44Z,2026-05-13T10:00:44Z
1358,462,355,reshared,0.457,189,2026-05-13T10:00:44Z,2026-05-13T10:00:44Z
1359,365,226,tagged,0.199,69,2026-05-13T10:00:44Z,2026-05-13T10:00:44Z
1360,4,173,duet,0.279,38,2026-05-13T10:00:44Z,2026-05-13T10:00:44Z
1361,370,186,inspired_by,0.21,145,2026-05-13T10:00:44Z,2026-05-13T10:00:44Z
1362,145,305,follows,0.629,30,2026-05-13T10:00:44Z,2026-05-13T10:00:44Z
1363,427,423,collaborates,0.436,186,2026-05-13T10:00:44Z,2026-05-13T10:00:44Z
1364,324,111,mentioned,0.659,42,2026-05-13T10:00:44Z,2026-05-13T10:00:44Z
1365,309,63,reshared,0.528,127,2026-05-13T10:00:44Z,2026-05-13T10:00:44Z
1366,4,5,tagged,0.598,107,2026-05-13T10:00:44Z,2026-05-13T10:00:44Z
1367,476,281,duet,0.538,30,2026-05-13T10:00:44Z,2026-05-13T10:00:44Z
1368,186,121,inspired_by,0.39,190,2026-05-13T10:00:44Z,2026-05-13T10:00:44Z
1370,276,269,collaborates,0.437,9,2026-05-13T10:00:44Z,2026-05-13T10:00:44Z
1371,233,323,mentioned,0.148,120,2026-05-13T10:00:44Z,2026-05-13T10:00:44Z
1372,466,9,reshared,0.24,74,2026-05-13T10:00:44Z,2026-05-13T10:00:44Z
1373,289,288,tagged,0.984,3,2026-05-13T10:00:44Z,2026-05-13T10:00:44Z
1374,177,370,duet,0.753,144,2026-05-13T10:00:44Z,2026-05-13T10:00:44Z
1376,425,448,follows,0.187,71,2026-05-13T10:00:44Z,2026-05-13T10:00:44Z
1377,29,52,collaborates,0.109,44,2026-05-13T10:00:44Z,2026-05-13T10:00:44Z
1378,380,489,mentioned,0.326,21,2026-05-13T10:00:44Z,2026-05-13T10:00:44Z
1379,386,260,reshared,0.311,191,2026-05-13T10:00:44Z,2026-05-13T10:00:44Z
1380,14,348,tagged,0.915,111,2026-05-13T10:00:44Z,2026-05-13T10:00:44Z
1381,78,231,duet,0.245,147,2026-05-13T10:00:44Z,2026-05-13T10:00:44Z
1382,490,24,inspired_by,0.705,87,2026-05-13T10:00:44Z,2026-05-13T10:00:44Z
1384,225,232,collaborates,0.458,106,2026-05-13T10:00:44Z,2026-05-13T10:00:44Z
1385,375,32,mentioned,0.837,144,2026-05-13T10:00:44Z,2026-05-13T10:00:44Z
1387,57,107,tagged,0.973,78,2026-05-13T10:00:44Z,2026-05-13T10:00:44Z
1388,227,310,duet,0.349,22,2026-05-13T10:00:44Z,2026-05-13T10:00:44Z
1389,39,17,inspired_by,0.469,172,2026-05-13T10:00:44Z,2026-05-13T10:00:44Z
1390,471,378,follows,0.809,173,2026-05-13T10:00:44Z,2026-05-13T10:00:44Z
1391,349,373,collaborates,0.683,46,2026-05-13T10:00:44Z,2026-05-13T10:00:44Z
1392,230,319,mentioned,0.671,109,2026-05-13T10:00:44Z,2026-05-13T10:00:44Z
1393,292,27,reshared,0.708,9,2026-05-13T10:00:44Z,2026-05-13T10:00:44Z
1394,57,186,tagged,0.936,55,2026-05-13T10:00:44Z,2026-05-13T10:00:44Z
1395,337,65,duet,0.214,92,2026-05-13T10:00:44Z,2026-05-13T10:00:44Z
1396,333,466,inspired_by,0.586,177,2026-05-13T10:00:44Z,2026-05-13T10:00:44Z
1397,313,78,follows,0.361,83,2026-05-13T10:00:44Z,2026-05-13T10:00:44Z
1398,119,91,collaborates,0.458,94,2026-05-13T10:00:44Z,2026-05-13T10:00:44Z
1399,404,229,mentioned,0.955,96,2026-05-13T10:00:44Z,2026-05-13T10:00:44Z
1400,27,53,reshared,0.928,142,2026-05-13T10:00:44Z,2026-05-13T10:00:44Z
1401,133,317,tagged,0.488,115,2026-05-13T10:00:44Z,2026-05-13T10:00:44Z
1402,5,101,duet,0.441,153,2026-05-13T10:00:44Z,2026-05-13T10:00:44Z
1403,81,264,inspired_by,0.39,127,2026-05-13T10:00:44Z,2026-05-13T10:00:44Z
1404,353,162,follows,0.776,69,2026-05-13T10:00:44Z,2026-05-13T10:00:44Z
1405,450,461,collaborates,0.681,141,2026-05-13T10:00:44Z,2026-05-13T10:00:44Z
1406,410,16,mentioned,0.118,83,2026-05-13T10:00:44Z,2026-05-13T10:00:44Z
1407,256,307,reshared,0.571,34,2026-05-13T10:00:44Z,2026-05-13T10:00:44Z
1408,239,417,tagged,0.983,191,2026-05-13T10:00:44Z,2026-05-13T10:00:44Z
1409,381,274,duet,0.132,137,2026-05-13T10:00:44Z,2026-05-13T10:00:44Z
1410,76,452,inspired_by,0.686,160,2026-05-13T10:00:44Z,2026-05-13T10:00:44Z
1411,341,301,follows,0.148,191,2026-05-13T10:00:44Z,2026-05-13T10:00:44Z
1412,253,74,collaborates,0.837,147,2026-05-13T10:00:44Z,2026-05-13T10:00:44Z
1414,69,462,reshared,0.212,158,2026-05-13T10:00:44Z,2026-05-13T10:00:44Z
1415,133,469,tagged,0.771,99,2026-05-13T10:00:44Z,2026-05-13T10:00:44Z
1416,27,178,duet,0.748,187,2026-05-13T10:00:44Z,2026-05-13T10:00:44Z
1417,46,176,inspired_by,0.391,174,2026-05-13T10:00:44Z,2026-05-13T10:00:44Z
1419,271,344,collaborates,0.699,70,2026-05-13T10:00:44Z,2026-05-13T10:00:44Z
1420,89,412,mentioned,0.239,184,2026-05-13T10:00:44Z,2026-05-13T10:00:44Z
1421,109,350,reshared,0.152,125,2026-05-13T10:00:44Z,2026-05-13T10:00:44Z
1422,388,53,tagged,0.771,9,2026-05-13T10:00:44Z,2026-05-13T10:00:44Z
1423,251,384,duet,0.262,42,2026-05-13T10:00:44Z,2026-05-13T10:00:44Z
1424,138,183,inspired_by,0.766,157,2026-05-13T10:00:44Z,2026-05-13T10:00:44Z
1425,477,185,follows,0.845,152,2026-05-13T10:00:44Z,2026-05-13T10:00:44Z
1426,271,474,collaborates,0.414,190,2026-05-13T10:00:44Z,2026-05-13T10:00:44Z
1427,145,420,mentioned,0.312,64,2026-05-13T10:00:44Z,2026-05-13T10:00:44Z
1428,383,137,reshared,0.741,98,2026-05-13T10:00:44Z,2026-05-13T10:00:44Z
1429,328,395,tagged,0.208,168,2026-05-13T10:00:44Z,2026-05-13T10:00:44Z
1430,230,229,duet,0.986,121,2026-05-13T10:00:44Z,2026-05-13T10:00:44Z
1432,380,435,follows,0.458,104,2026-05-13T10:00:44Z,2026-05-13T10:00:44Z
1435,279,144,reshared,0.952,114,2026-05-13T10:00:44Z,2026-05-13T10:00:44Z
1436,190,225,tagged,0.582,36,2026-05-13T10:00:44Z,2026-05-13T10:00:44Z
1437,287,148,duet,0.145,149,2026-05-13T10:00:44Z,2026-05-13T10:00:44Z
1438,411,356,inspired_by,0.452,22,2026-05-13T10:00:44Z,2026-05-13T10:00:44Z
1439,432,445,follows,0.36,65,2026-05-13T10:00:44Z,2026-05-13T10:00:44Z
1440,418,367,collaborates,0.526,74,2026-05-13T10:00:44Z,2026-05-13T10:00:44Z
1441,171,169,mentioned,0.147,116,2026-05-13T10:00:44Z,2026-05-13T10:00:44Z
1442,384,290,reshared,0.105,47,2026-05-13T10:00:44Z,2026-05-13T10:00:44Z
1443,48,33,tagged,0.47,170,2026-05-13T10:00:44Z,2026-05-13T10:00:44Z
1444,454,256,duet,0.804,144,2026-05-13T10:00:44Z,2026-05-13T10:00:44Z
1445,395,63,inspired_by,0.347,122,2026-05-13T10:00:44Z,2026-05-13T10:00:44Z
1448,123,172,mentioned,0.897,182,2026-05-13T10:00:44Z,2026-05-13T10:00:44Z
1449,313,491,reshared,0.235,34,2026-05-13T10:00:44Z,2026-05-13T10:00:44Z
1450,24,266,tagged,0.469,136,2026-05-13T10:00:44Z,2026-05-13T10:00:44Z
1451,180,227,duet,0.639,152,2026-05-13T10:00:44Z,2026-05-13T10:00:44Z
1452,120,85,inspired_by,0.847,136,2026-05-13T10:00:44Z,2026-05-13T10:00:44Z
1453,16,277,follows,0.94,92,2026-05-13T10:00:44Z,2026-05-13T10:00:44Z
1454,263,50,collaborates,0.392,149,2026-05-13T10:00:44Z,2026-05-13T10:00:44Z
1455,364,53,mentioned,0.312,7,2026-05-13T10:00:44Z,2026-05-13T10:00:44Z
1456,462,438,reshared,0.232,146,2026-05-13T10:00:44Z,2026-05-13T10:00:44Z
1457,32,276,tagged,0.117,194,2026-05-13T10:00:44Z,2026-05-13T10:00:44Z
1458,30,95,duet,0.462,34,2026-05-13T10:00:44Z,2026-05-13T10:00:44Z
1459,289,429,inspired_by,0.433,170,2026-05-13T10:00:44Z,2026-05-13T10:00:44Z
1460,473,225,follows,0.674,86,2026-05-13T10:00:44Z,2026-05-13T10:00:44Z
1461,472,486,collaborates,0.203,157,2026-05-13T10:00:44Z,2026-05-13T10:00:44Z
1462,222,104,mentioned,0.693,76,2026-05-13T10:00:44Z,2026-05-13T10:00:44Z
1463,52,190,reshared,0.279,197,2026-05-13T10:00:44Z,2026-05-13T10:00:44Z
1464,212,274,tagged,0.472,86,2026-05-13T10:00:44Z,2026-05-13T10:00:44Z
1465,11,304,duet,0.758,61,2026-05-13T10:00:44Z,2026-05-13T10:00:44Z
1466,180,114,inspired_by,0.867,124,2026-05-13T10:00:44Z,2026-05-13T10:00:44Z
1467,215,149,follows,0.383,99,2026-05-13T10:00:44Z,2026-05-13T10:00:44Z
1468,275,473,collaborates,0.258,140,2026-05-13T10:00:44Z,2026-05-13T10:00:44Z
1469,47,172,mentioned,0.834,78,2026-05-13T10:00:44Z,2026-05-13T10:00:44Z
1471,465,107,tagged,0.962,98,2026-05-13T10:00:44Z,2026-05-13T10:00:44Z
1472,368,401,duet,0.639,122,2026-05-13T10:00:44Z,2026-05-13T10:00:44Z
1473,242,50,inspired_by,0.242,65,2026-05-13T10:00:44Z,2026-05-13T10:00:44Z
1474,339,241,follows,0.144,80,2026-05-13T10:00:44Z,2026-05-13T10:00:44Z
1475,143,211,collaborates,0.352,2,2026-05-13T10:00:44Z,2026-05-13T10:00:44Z
1476,85,410,mentioned,0.171,40,2026-05-13T10:00:44Z,2026-05-13T10:00:44Z
1477,361,7,reshared,0.44,106,2026-05-13T10:00:44Z,2026-05-13T10:00:44Z
1478,179,258,tagged,0.64,193,2026-05-13T10:00:44Z,2026-05-13T10:00:44Z
1479,410,339,duet,0.816,23,2026-05-13T10:00:44Z,2026-05-13T10:00:44Z
1480,24,222,inspired_by,0.304,185,2026-05-13T10:00:44Z,2026-05-13T10:00:44Z
1482,223,110,collaborates,0.189,77,2026-05-13T10:00:44Z,2026-05-13T10:00:44Z
1483,382,48,mentioned,0.46,55,2026-05-13T10:00:44Z,2026-05-13T10:00:44Z
1484,315,93,reshared,0.433,136,2026-05-13T10:00:44Z,2026-05-13T10:00:44Z
1485,114,165,tagged,0.122,23,2026-05-13T10:00:44Z,2026-05-13T10:00:44Z
1487,389,469,inspired_by,0.497,147,2026-05-13T10:00:44Z,2026-05-13T10:00:44Z
1488,463,136,follows,0.393,139,2026-05-13T10:00:44Z,2026-05-13T10:00:44Z
1489,442,51,collaborates,0.331,125,2026-05-13T10:00:44Z,2026-05-13T10:00:44Z
1490,29,88,mentioned,0.628,103,2026-05-13T10:00:44Z,2026-05-13T10:00:44Z
1491,54,383,reshared,0.826,1,2026-05-13T10:00:44Z,2026-05-13T10:00:44Z
1492,351,477,tagged,0.683,14,2026-05-13T10:00:44Z,2026-05-13T10:00:44Z
1493,13,403,duet,0.303,77,2026-05-13T10:00:44Z,2026-05-13T10:00:44Z
1494,320,395,inspired_by,0.329,39,2026-05-13T10:00:44Z,2026-05-13T10:00:44Z
1495,209,130,follows,0.985,79,2026-05-13T10:00:44Z,2026-05-13T10:00:44Z
1498,180,470,reshared,0.274,68,2026-05-13T10:00:44Z,2026-05-13T10:00:44Z
1499,56,408,tagged,0.204,11,2026-05-13T10:00:44Z,2026-05-13T10:00:44Z
1500,83,110,duet,0.453,163,2026-05-13T10:00:44Z,2026-05-13T10:00:44Z
1501,380,328,inspired_by,0.21,118,2026-05-13T10:00:44Z,2026-05-13T10:00:44Z
1502,39,285,follows,0.902,65,2026-05-13T10:00:44Z,2026-05-13T10:00:44Z
1503,181,118,collaborates,0.119,112,2026-05-13T10:00:44Z,2026-05-13T10:00:44Z
1505,214,347,reshared,0.733,16,2026-05-13T10:00:44Z,2026-05-13T10:00:44Z
1506,456,414,tagged,0.467,28,2026-05-13T10:00:44Z,2026-05-13T10:00:44Z
1507,320,168,duet,0.494,164,2026-05-13T10:00:44Z,2026-05-13T10:00:44Z
1508,13,318,inspired_by,0.109,40,2026-05-13T10:00:44Z,2026-05-13T10:00:44Z
1509,457,52,follows,0.989,115,2026-05-13T10:00:44Z,2026-05-13T10:00:44Z
1510,3,478,collaborates,0.102,113,2026-05-13T10:00:44Z,2026-05-13T10:00:44Z
1511,441,453,mentioned,0.332,193,2026-05-13T10:00:44Z,2026-05-13T10:00:44Z
1512,308,189,reshared,0.685,110,2026-05-13T10:00:44Z,2026-05-13T10:00:44Z
1513,264,402,tagged,0.218,20,2026-05-13T10:00:44Z,2026-05-13T10:00:44Z
1514,32,393,duet,0.958,85,2026-05-13T10:00:44Z,2026-05-13T10:00:44Z
1515,5,276,inspired_by,0.47,21,2026-05-13T10:00:44Z,2026-05-13T10:00:44Z
1516,112,443,follows,0.57,60,2026-05-13T10:00:44Z,2026-05-13T10:00:44Z
1517,170,5,collaborates,0.223,121,2026-05-13T10:00:44Z,2026-05-13T10:00:44Z
1518,316,95,mentioned,0.887,67,2026-05-13T10:00:44Z,2026-05-13T10:00:44Z
1519,309,472,reshared,0.142,111,2026-05-13T10:00:44Z,2026-05-13T10:00:44Z
1520,111,29,tagged,0.719,38,2026-05-13T10:00:44Z,2026-05-13T10:00:44Z
1521,79,280,duet,0.924,19,2026-05-13T10:00:44Z,2026-05-13T10:00:44Z
1522,219,474,inspired_by,0.658,187,2026-05-13T10:00:44Z,2026-05-13T10:00:44Z
1524,429,258,collaborates,0.877,49,2026-05-13T10:00:44Z,2026-05-13T10:00:44Z
1525,458,194,mentioned,0.617,54,2026-05-13T10:00:44Z,2026-05-13T10:00:44Z
1526,283,258,reshared,0.894,33,2026-05-13T10:00:44Z,2026-05-13T10:00:44Z
1527,383,88,tagged,0.684,58,2026-05-13T10:00:44Z,2026-05-13T10:00:44Z
1528,421,316,duet,0.648,34,2026-05-13T10:00:44Z,2026-05-13T10:00:44Z
1529,64,161,inspired_by,0.276,134,2026-05-13T10:00:44Z,2026-05-13T10:00:44Z
1530,425,70,follows,0.312,3,2026-05-13T10:00:44Z,2026-05-13T10:00:44Z
1531,201,402,collaborates,0.853,103,2026-05-13T10:00:44Z,2026-05-13T10:00:44Z
1532,352,363,mentioned,0.618,112,2026-05-13T10:00:44Z,2026-05-13T10:00:44Z
1533,175,306,reshared,0.838,160,2026-05-13T10:00:44Z,2026-05-13T10:00:44Z
1534,287,280,tagged,0.417,187,2026-05-13T10:00:44Z,2026-05-13T10:00:44Z
1535,368,277,duet,0.442,61,2026-05-13T10:00:44Z,2026-05-13T10:00:44Z
1537,357,431,follows,0.912,147,2026-05-13T10:00:44Z,2026-05-13T10:00:44Z
1538,327,49,collaborates,0.33,68,2026-05-13T10:00:44Z,2026-05-13T10:00:44Z
1539,105,202,mentioned,0.804,58,2026-05-13T10:00:44Z,2026-05-13T10:00:44Z
1540,129,225,reshared,0.752,27,2026-05-13T10:00:44Z,2026-05-13T10:00:44Z
1541,393,231,tagged,0.18,88,2026-05-13T10:00:44Z,2026-05-13T10:00:44Z
1542,104,472,duet,0.197,175,2026-05-13T10:00:44Z,2026-05-13T10:00:44Z
1543,438,283,inspired_by,0.977,94,2026-05-13T10:00:44Z,2026-05-13T10:00:44Z
1544,183,169,follows,0.829,27,2026-05-13T10:00:44Z,2026-05-13T10:00:44Z
1545,342,363,collaborates,0.329,76,2026-05-13T10:00:44Z,2026-05-13T10:00:44Z
1546,411,409,mentioned,0.909,113,2026-05-13T10:00:44Z,2026-05-13T10:00:44Z
1548,14,38,tagged,0.166,109,2026-05-13T10:00:44Z,2026-05-13T10:00:44Z
1549,17,231,duet,0.768,163,2026-05-13T10:00:44Z,2026-05-13T10:00:44Z
1550,94,106,inspired_by,0.708,123,2026-05-13T10:00:44Z,2026-05-13T10:00:44Z
1551,223,431,follows,0.288,8,2026-05-13T10:00:44Z,2026-05-13T10:00:44Z
1552,217,33,collaborates,0.526,181,2026-05-13T10:00:44Z,2026-05-13T10:00:44Z
1553,74,18,mentioned,0.704,20,2026-05-13T10:00:44Z,2026-05-13T10:00:44Z
1554,143,306,reshared,0.731,166,2026-05-13T10:00:44Z,2026-05-13T10:00:44Z
1555,36,89,tagged,0.357,48,2026-05-13T10:00:44Z,2026-05-13T10:00:44Z
1556,19,90,duet,0.483,184,2026-05-13T10:00:44Z,2026-05-13T10:00:44Z
1557,22,352,inspired_by,0.359,112,2026-05-13T10:00:44Z,2026-05-13T10:00:44Z
1558,274,239,follows,0.775,30,2026-05-13T10:00:44Z,2026-05-13T10:00:44Z
1559,303,228,collaborates,0.477,56,2026-05-13T10:00:44Z,2026-05-13T10:00:44Z
1560,441,183,mentioned,0.528,37,2026-05-13T10:00:44Z,2026-05-13T10:00:44Z
1561,315,375,reshared,0.95,64,2026-05-13T10:00:44Z,2026-05-13T10:00:44Z
1562,344,381,tagged,0.442,21,2026-05-13T10:00:44Z,2026-05-13T10:00:44Z
1563,319,14,duet,0.15,46,2026-05-13T10:00:44Z,2026-05-13T10:00:44Z
1564,195,50,inspired_by,0.586,99,2026-05-13T10:00:44Z,2026-05-13T10:00:44Z
1566,271,110,collaborates,0.151,153,2026-05-13T10:00:44Z,2026-05-13T10:00:44Z
1568,489,87,reshared,0.113,142,2026-05-13T10:00:44Z,2026-05-13T10:00:44Z
1569,463,113,tagged,0.6,147,2026-05-13T10:00:44Z,2026-05-13T10:00:44Z
1571,366,169,inspired_by,0.812,190,2026-05-13T10:00:44Z,2026-05-13T10:00:44Z
1572,288,143,follows,0.68,42,2026-05-13T10:00:44Z,2026-05-13T10:00:44Z
1573,472,10,collaborates,0.348,90,2026-05-13T10:00:44Z,2026-05-13T10:00:44Z
1574,293,261,mentioned,0.953,28,2026-05-13T10:00:44Z,2026-05-13T10:00:44Z
1575,419,158,reshared,0.554,138,2026-05-13T10:00:44Z,2026-05-13T10:00:44Z
1576,468,194,tagged,0.836,118,2026-05-13T10:00:44Z,2026-05-13T10:00:44Z
1578,446,280,inspired_by,0.27,68,2026-05-13T10:00:44Z,2026-05-13T10:00:44Z
1579,413,193,follows,0.956,28,2026-05-13T10:00:44Z,2026-05-13T10:00:44Z
1580,253,345,collaborates,0.977,92,2026-05-13T10:00:44Z,2026-05-13T10:00:44Z
1581,54,321,mentioned,0.673,118,2026-05-13T10:00:44Z,2026-05-13T10:00:44Z
1582,348,473,reshared,0.866,158,2026-05-13T10:00:44Z,2026-05-13T10:00:44Z
1583,271,30,tagged,0.487,181,2026-05-13T10:00:44Z,2026-05-13T10:00:44Z
1585,469,372,inspired_by,0.375,99,2026-05-13T10:00:44Z,2026-05-13T10:00:44Z
1586,423,410,follows,0.592,160,2026-05-13T10:00:44Z,2026-05-13T10:00:44Z
1587,202,112,collaborates,0.627,22,2026-05-13T10:00:44Z,2026-05-13T10:00:44Z
1588,115,453,mentioned,0.639,192,2026-05-13T10:00:44Z,2026-05-13T10:00:44Z
1589,478,70,reshared,0.354,132,2026-05-13T10:00:44Z,2026-05-13T10:00:44Z
1590,175,329,tagged,0.444,161,2026-05-13T10:00:44Z,2026-05-13T10:00:44Z
1591,330,194,duet,0.334,22,2026-05-13T10:00:44Z,2026-05-13T10:00:44Z
1592,205,232,inspired_by,0.405,158,2026-05-13T10:00:44Z,2026-05-13T10:00:44Z
1593,73,127,follows,0.667,75,2026-05-13T10:00:44Z,2026-05-13T10:00:44Z
1594,263,256,collaborates,0.333,104,2026-05-13T10:00:44Z,2026-05-13T10:00:44Z
1595,433,109,mentioned,0.729,188,2026-05-13T10:00:44Z,2026-05-13T10:00:44Z
1596,434,222,reshared,0.779,105,2026-05-13T10:00:44Z,2026-05-13T10:00:44Z
1598,254,327,duet,0.828,125,2026-05-13T10:00:44Z,2026-05-13T10:00:44Z
1599,75,278,inspired_by,0.64,56,2026-05-13T10:00:44Z,2026-05-13T10:00:44Z
1600,150,435,follows,0.633,112,2026-05-13T10:00:44Z,2026-05-13T10:00:44Z
1601,239,106,collaborates,0.536,153,2026-05-13T10:00:44Z,2026-05-13T10:00:44Z
1602,218,422,mentioned,0.533,170,2026-05-13T10:00:44Z,2026-05-13T10:00:44Z
1603,179,482,reshared,0.64,48,2026-05-13T10:00:44Z,2026-05-13T10:00:44Z
1604,60,68,tagged,0.398,174,2026-05-13T10:00:44Z,2026-05-13T10:00:44Z
1605,53,407,duet,0.697,186,2026-05-13T10:00:44Z,2026-05-13T10:00:44Z
1606,67,73,inspired_by,0.476,60,2026-05-13T10:00:44Z,2026-05-13T10:00:44Z
1607,405,113,follows,0.686,168,2026-05-13T10:00:44Z,2026-05-13T10:00:44Z
1609,215,90,mentioned,0.738,65,2026-05-13T10:00:44Z,2026-05-13T10:00:44Z
1610,152,116,reshared,0.439,113,2026-05-13T10:00:44Z,2026-05-13T10:00:44Z
1611,341,82,tagged,0.817,127,2026-05-13T10:00:44Z,2026-05-13T10:00:44Z
1612,394,69,duet,0.548,52,2026-05-13T10:00:44Z,2026-05-13T10:00:44Z
1613,194,130,inspired_by,0.288,88,2026-05-13T10:00:44Z,2026-05-13T10:00:44Z
1614,16,5,follows,0.872,62,2026-05-13T10:00:44Z,2026-05-13T10:00:44Z
1615,219,67,collaborates,0.648,169,2026-05-13T10:00:44Z,2026-05-13T10:00:44Z
1616,349,275,mentioned,0.296,160,2026-05-13T10:00:44Z,2026-05-13T10:00:44Z
1617,81,152,reshared,0.61,86,2026-05-13T10:00:44Z,2026-05-13T10:00:44Z
1618,184,348,tagged,0.494,160,2026-05-13T10:00:44Z,2026-05-13T10:00:44Z
1619,489,227,duet,0.612,187,2026-05-13T10:00:44Z,2026-05-13T10:00:44Z
1620,141,450,inspired_by,0.602,44,2026-05-13T10:00:44Z,2026-05-13T10:00:44Z
1622,423,460,collaborates,0.706,176,2026-05-13T10:00:44Z,2026-05-13T10:00:44Z
1623,157,156,mentioned,0.256,4,2026-05-13T10:00:44Z,2026-05-13T10:00:44Z
1624,391,293,reshared,0.428,171,2026-05-13T10:00:44Z,2026-05-13T10:00:44Z
1625,234,179,tagged,0.159,35,2026-05-13T10:00:44Z,2026-05-13T10:00:44Z
1626,416,460,duet,0.154,78,2026-05-13T10:00:44Z,2026-05-13T10:00:44Z
1627,356,382,inspired_by,0.44,64,2026-05-13T10:00:44Z,2026-05-13T10:00:44Z
1628,454,205,follows,0.573,187,2026-05-13T10:00:44Z,2026-05-13T10:00:44Z
1629,489,437,collaborates,0.357,114,2026-05-13T10:00:44Z,2026-05-13T10:00:44Z
1631,307,364,reshared,0.504,34,2026-05-13T10:00:44Z,2026-05-13T10:00:44Z
1632,149,394,tagged,0.694,94,2026-05-13T10:00:44Z,2026-05-13T10:00:44Z
1633,405,312,duet,0.2,27,2026-05-13T10:00:44Z,2026-05-13T10:00:44Z
1634,418,304,inspired_by,0.644,44,2026-05-13T10:00:44Z,2026-05-13T10:00:44Z
1635,314,324,follows,0.781,157,2026-05-13T10:00:44Z,2026-05-13T10:00:44Z
1637,102,226,mentioned,0.631,59,2026-05-13T10:00:44Z,2026-05-13T10:00:44Z
1638,239,23,reshared,0.407,20,2026-05-13T10:00:44Z,2026-05-13T10:00:44Z
1639,51,253,tagged,0.409,30,2026-05-13T10:00:44Z,2026-05-13T10:00:44Z
1640,363,354,duet,0.871,109,2026-05-13T10:00:44Z,2026-05-13T10:00:44Z
1641,203,241,inspired_by,0.507,155,2026-05-13T10:00:44Z,2026-05-13T10:00:44Z
1642,18,64,follows,0.241,127,2026-05-13T10:00:44Z,2026-05-13T10:00:44Z
1643,270,21,collaborates,0.42,170,2026-05-13T10:00:44Z,2026-05-13T10:00:44Z
1646,417,1,tagged,0.611,185,2026-05-13T10:00:44Z,2026-05-13T10:00:44Z
1647,74,224,duet,0.354,118,2026-05-13T10:00:44Z,2026-05-13T10:00:44Z
1648,167,227,inspired_by,0.789,10,2026-05-13T10:00:44Z,2026-05-13T10:00:44Z
1649,73,104,follows,0.604,78,2026-05-13T10:00:44Z,2026-05-13T10:00:44Z
1652,269,68,reshared,0.938,61,2026-05-13T10:00:44Z,2026-05-13T10:00:44Z
1653,272,395,tagged,0.944,117,2026-05-13T10:00:44Z,2026-05-13T10:00:44Z
1654,354,209,duet,0.526,112,2026-05-13T10:00:44Z,2026-05-13T10:00:44Z
1655,464,362,inspired_by,0.427,75,2026-05-13T10:00:44Z,2026-05-13T10:00:44Z
1656,290,453,follows,0.715,139,2026-05-13T10:00:44Z,2026-05-13T10:00:44Z
1657,125,450,collaborates,0.314,84,2026-05-13T10:00:44Z,2026-05-13T10:00:44Z
1658,236,366,mentioned,0.628,140,2026-05-13T10:00:44Z,2026-05-13T10:00:44Z
1661,127,109,duet,0.256,12,2026-05-13T10:00:44Z,2026-05-13T10:00:44Z
1662,435,118,inspired_by,0.651,19,2026-05-13T10:00:44Z,2026-05-13T10:00:44Z
1663,465,454,follows,0.786,183,2026-05-13T10:00:44Z,2026-05-13T10:00:44Z
1664,442,310,collaborates,0.506,151,2026-05-13T10:00:44Z,2026-05-13T10:00:44Z
1665,423,187,mentioned,0.994,6,2026-05-13T10:00:44Z,2026-05-13T10:00:44Z
1666,434,254,reshared,0.103,107,2026-05-13T10:00:44Z,2026-05-13T10:00:44Z
1668,454,345,duet,0.339,41,2026-05-13T10:00:44Z,2026-05-13T10:00:44Z
1669,470,264,inspired_by,0.49,95,2026-05-13T10:00:44Z,2026-05-13T10:00:44Z
1670,80,145,follows,0.808,40,2026-05-13T10:00:44Z,2026-05-13T10:00:44Z
1671,412,491,collaborates,0.402,76,2026-05-13T10:00:44Z,2026-05-13T10:00:44Z
1672,185,19,mentioned,0.51,168,2026-05-13T10:00:44Z,2026-05-13T10:00:44Z
1673,482,177,reshared,0.478,5,2026-05-13T10:00:44Z,2026-05-13T10:00:44Z
1674,8,114,tagged,0.317,133,2026-05-13T10:00:44Z,2026-05-13T10:00:44Z
1675,257,75,duet,0.927,161,2026-05-13T10:00:44Z,2026-05-13T10:00:44Z
1676,462,431,inspired_by,0.363,180,2026-05-13T10:00:44Z,2026-05-13T10:00:44Z
1678,455,117,collaborates,0.957,140,2026-05-13T10:00:44Z,2026-05-13T10:00:44Z
1679,186,162,mentioned,0.464,52,2026-05-13T10:00:44Z,2026-05-13T10:00:44Z
1680,273,226,reshared,0.443,77,2026-05-13T10:00:44Z,2026-05-13T10:00:44Z
1683,339,173,inspired_by,0.355,21,2026-05-13T10:00:44Z,2026-05-13T10:00:44Z
1684,85,39,follows,0.189,60,2026-05-13T10:00:44Z,2026-05-13T10:00:44Z
1686,135,201,mentioned,0.588,72,2026-05-13T10:00:44Z,2026-05-13T10:00:44Z
1687,338,406,reshared,0.35,114,2026-05-13T10:00:44Z,2026-05-13T10:00:44Z
1688,340,306,tagged,0.146,37,2026-05-13T10:00:44Z,2026-05-13T10:00:44Z
1689,271,392,duet,0.773,174,2026-05-13T10:00:44Z,2026-05-13T10:00:44Z
1690,189,78,inspired_by,0.443,30,2026-05-13T10:00:44Z,2026-05-13T10:00:44Z
1691,269,333,follows,0.246,20,2026-05-13T10:00:44Z,2026-05-13T10:00:44Z
1692,156,26,collaborates,0.997,114,2026-05-13T10:00:44Z,2026-05-13T10:00:44Z
1693,29,415,mentioned,0.603,165,2026-05-13T10:00:44Z,2026-05-13T10:00:44Z
1694,427,454,reshared,0.771,70,2026-05-13T10:00:44Z,2026-05-13T10:00:44Z
1695,111,78,tagged,0.559,125,2026-05-13T10:00:44Z,2026-05-13T10:00:44Z
1696,64,451,duet,0.697,48,2026-05-13T10:00:44Z,2026-05-13T10:00:44Z
1697,74,16,inspired_by,0.978,111,2026-05-13T10:00:44Z,2026-05-13T10:00:44Z
1698,117,236,follows,0.502,148,2026-05-13T10:00:44Z,2026-05-13T10:00:44Z
1700,227,265,mentioned,0.938,149,2026-05-13T10:00:44Z,2026-05-13T10:00:44Z
1701,330,411,reshared,0.459,112,2026-05-13T10:00:44Z,2026-05-13T10:00:44Z
1702,268,392,tagged,0.58,155,2026-05-13T10:00:44Z,2026-05-13T10:00:44Z
1703,470,127,duet,0.548,102,2026-05-13T10:00:44Z,2026-05-13T10:00:44Z
1704,37,22,inspired_by,0.449,139,2026-05-13T10:00:44Z,2026-05-13T10:00:44Z
1705,348,68,follows,0.688,111,2026-05-13T10:00:44Z,2026-05-13T10:00:44Z
1706,262,218,collaborates,0.381,93,2026-05-13T10:00:44Z,2026-05-13T10:00:44Z
1707,220,471,mentioned,0.478,66,2026-05-13T10:00:44Z,2026-05-13T10:00:44Z
1708,228,333,reshared,0.186,179,2026-05-13T10:00:44Z,2026-05-13T10:00:44Z
1709,489,447,tagged,0.264,135,2026-05-13T10:00:44Z,2026-05-13T10:00:44Z
1711,142,232,inspired_by,0.161,63,2026-05-13T10:00:44Z,2026-05-13T10:00:44Z
1712,258,410,follows,0.492,23,2026-05-13T10:00:44Z,2026-05-13T10:00:44Z
1713,364,27,collaborates,0.231,198,2026-05-13T10:00:44Z,2026-05-13T10:00:44Z
1714,483,120,mentioned,0.29,24,2026-05-13T10:00:44Z,2026-05-13T10:00:44Z
1715,391,403,reshared,0.898,2,2026-05-13T10:00:44Z,2026-05-13T10:00:44Z
1716,233,309,tagged,0.704,190,2026-05-13T10:00:44Z,2026-05-13T10:00:44Z
1717,82,334,duet,0.267,157,2026-05-13T10:00:44Z,2026-05-13T10:00:44Z
1720,137,368,collaborates,0.621,38,2026-05-13T10:00:44Z,2026-05-13T10:00:44Z
1721,6,278,mentioned,0.389,89,2026-05-13T10:00:44Z,2026-05-13T10:00:44Z
1722,452,151,reshared,0.111,158,2026-05-13T10:00:44Z,2026-05-13T10:00:44Z
1723,358,34,tagged,0.714,38,2026-05-13T10:00:44Z,2026-05-13T10:00:44Z
1724,406,338,duet,0.149,91,2026-05-13T10:00:44Z,2026-05-13T10:00:44Z
1725,75,125,inspired_by,0.191,153,2026-05-13T10:00:44Z,2026-05-13T10:00:44Z
1726,55,172,collaborates,0.797,3,2026-05-13T10:00:44Z,2026-05-13T10:00:44Z
1727,24,128,mentioned,0.992,158,2026-05-13T10:00:44Z,2026-05-13T10:00:44Z
1729,223,194,tagged,0.943,136,2026-05-13T10:00:44Z,2026-05-13T10:00:44Z
1730,363,440,duet,0.774,173,2026-05-13T10:00:44Z,2026-05-13T10:00:44Z
1732,223,375,follows,0.977,193,2026-05-13T10:00:44Z,2026-05-13T10:00:44Z
1733,404,253,collaborates,0.986,138,2026-05-13T10:00:44Z,2026-05-13T10:00:44Z
1734,264,387,mentioned,0.62,74,2026-05-13T10:00:44Z,2026-05-13T10:00:44Z
1735,346,448,reshared,0.188,64,2026-05-13T10:00:44Z,2026-05-13T10:00:44Z
1736,293,56,tagged,0.349,27,2026-05-13T10:00:44Z,2026-05-13T10:00:44Z
1737,286,375,duet,0.432,159,2026-05-13T10:00:44Z,2026-05-13T10:00:44Z
1738,173,443,inspired_by,0.209,16,2026-05-13T10:00:44Z,2026-05-13T10:00:44Z
1739,409,162,follows,0.183,113,2026-05-13T10:00:44Z,2026-05-13T10:00:44Z
1740,56,368,collaborates,0.983,174,2026-05-13T10:00:44Z,2026-05-13T10:00:44Z
1741,381,479,mentioned,0.532,168,2026-05-13T10:00:44Z,2026-05-13T10:00:44Z
1742,292,473,reshared,0.619,32,2026-05-13T10:00:44Z,2026-05-13T10:00:44Z
1743,150,17,tagged,1,67,2026-05-13T10:00:44Z,2026-05-13T10:00:44Z
1744,4,13,duet,0.102,111,2026-05-13T10:00:44Z,2026-05-13T10:00:44Z
1745,408,226,inspired_by,0.685,160,2026-05-13T10:00:44Z,2026-05-13T10:00:44Z
1746,326,47,follows,0.141,131,2026-05-13T10:00:44Z,2026-05-13T10:00:44Z
1747,415,38,collaborates,0.328,130,2026-05-13T10:00:44Z,2026-05-13T10:00:44Z
1748,263,275,mentioned,0.315,96,2026-05-13T10:00:44Z,2026-05-13T10:00:44Z
1749,436,284,reshared,0.243,38,2026-05-13T10:00:44Z,2026-05-13T10:00:44Z
1750,37,420,tagged,0.362,177,2026-05-13T10:00:44Z,2026-05-13T10:00:44Z
1751,391,182,duet,0.216,72,2026-05-13T10:00:44Z,2026-05-13T10:00:44Z
1752,455,61,inspired_by,0.671,132,2026-05-13T10:00:44Z,2026-05-13T10:00:44Z
1753,388,365,follows,0.429,155,2026-05-13T10:00:44Z,2026-05-13T10:00:44Z
1754,415,13,collaborates,0.571,124,2026-05-13T10:00:44Z,2026-05-13T10:00:44Z
1755,26,360,mentioned,0.543,26,2026-05-13T10:00:44Z,2026-05-13T10:00:44Z
1756,256,401,reshared,0.672,38,2026-05-13T10:00:44Z,2026-05-13T10:00:44Z
1758,432,145,duet,0.497,125,2026-05-13T10:00:44Z,2026-05-13T10:00:44Z
1759,407,383,inspired_by,0.245,118,2026-05-13T10:00:44Z,2026-05-13T10:00:44Z
1760,107,334,follows,0.384,126,2026-05-13T10:00:44Z,2026-05-13T10:00:44Z
1761,403,304,collaborates,0.482,76,2026-05-13T10:00:44Z,2026-05-13T10:00:44Z
1762,288,375,mentioned,0.187,187,2026-05-13T10:00:44Z,2026-05-13T10:00:44Z
1763,153,320,reshared,0.385,119,2026-05-13T10:00:44Z,2026-05-13T10:00:44Z
1764,329,455,tagged,0.167,81,2026-05-13T10:00:44Z,2026-05-13T10:00:44Z
1765,259,321,duet,0.497,161,2026-05-13T10:00:44Z,2026-05-13T10:00:44Z
1766,205,38,inspired_by,0.358,123,2026-05-13T10:00:44Z,2026-05-13T10:00:44Z
1767,256,259,follows,0.427,13,2026-05-13T10:00:44Z,2026-05-13T10:00:44Z
1768,347,412,collaborates,0.325,174,2026-05-13T10:00:44Z,2026-05-13T10:00:44Z
1769,173,451,mentioned,0.556,21,2026-05-13T10:00:44Z,2026-05-13T10:00:44Z
1770,285,360,reshared,0.215,184,2026-05-13T10:00:44Z,2026-05-13T10:00:44Z
1772,108,254,duet,0.128,71,2026-05-13T10:00:44Z,2026-05-13T10:00:44Z
1775,72,388,collaborates,0.496,58,2026-05-13T10:00:44Z,2026-05-13T10:00:44Z
1777,279,405,reshared,0.731,50,2026-05-13T10:00:44Z,2026-05-13T10:00:44Z
1780,291,156,inspired_by,0.976,190,2026-05-13T10:00:44Z,2026-05-13T10:00:44Z
1781,63,372,follows,0.726,92,2026-05-13T10:00:44Z,2026-05-13T10:00:44Z
1783,347,466,mentioned,0.456,36,2026-05-13T10:00:44Z,2026-05-13T10:00:44Z
1784,39,460,reshared,0.624,75,2026-05-13T10:00:44Z,2026-05-13T10:00:44Z
1785,326,187,tagged,0.818,175,2026-05-13T10:00:44Z,2026-05-13T10:00:44Z
1786,354,176,duet,0.723,185,2026-05-13T10:00:44Z,2026-05-13T10:00:44Z
1787,355,367,inspired_by,0.343,70,2026-05-13T10:00:44Z,2026-05-13T10:00:44Z
1788,451,110,follows,0.364,55,2026-05-13T10:00:44Z,2026-05-13T10:00:44Z
1789,268,67,collaborates,0.777,9,2026-05-13T10:00:44Z,2026-05-13T10:00:44Z
1790,416,10,mentioned,0.242,55,2026-05-13T10:00:44Z,2026-05-13T10:00:44Z
1791,379,48,reshared,0.486,147,2026-05-13T10:00:44Z,2026-05-13T10:00:44Z
1792,69,447,tagged,0.742,32,2026-05-13T10:00:44Z,2026-05-13T10:00:44Z
1794,332,327,inspired_by,0.89,169,2026-05-13T10:00:44Z,2026-05-13T10:00:44Z
1797,41,73,mentioned,0.299,185,2026-05-13T10:00:44Z,2026-05-13T10:00:44Z
1798,470,364,reshared,0.684,87,2026-05-13T10:00:44Z,2026-05-13T10:00:44Z
1799,234,112,tagged,0.652,171,2026-05-13T10:00:44Z,2026-05-13T10:00:44Z
1801,441,385,inspired_by,0.692,118,2026-05-13T10:00:44Z,2026-05-13T10:00:44Z
1802,437,85,follows,0.21,10,2026-05-13T10:00:44Z,2026-05-13T10:00:44Z
1803,50,276,collaborates,0.459,114,2026-05-13T10:00:44Z,2026-05-13T10:00:44Z
1804,257,456,mentioned,0.57,170,2026-05-13T10:00:44Z,2026-05-13T10:00:44Z
1805,121,320,reshared,0.695,19,2026-05-13T10:00:44Z,2026-05-13T10:00:44Z
1806,320,178,tagged,0.631,194,2026-05-13T10:00:44Z,2026-05-13T10:00:44Z
1807,186,63,duet,0.252,188,2026-05-13T10:00:44Z,2026-05-13T10:00:44Z
1808,35,472,inspired_by,0.162,80,2026-05-13T10:00:44Z,2026-05-13T10:00:44Z
1809,368,229,follows,0.956,122,2026-05-13T10:00:44Z,2026-05-13T10:00:44Z
1810,332,438,collaborates,0.367,37,2026-05-13T10:00:44Z,2026-05-13T10:00:44Z
1811,348,305,mentioned,0.545,96,2026-05-13T10:00:44Z,2026-05-13T10:00:44Z
1812,329,85,reshared,0.358,144,2026-05-13T10:00:44Z,2026-05-13T10:00:44Z
1813,431,136,tagged,0.958,183,2026-05-13T10:00:44Z,2026-05-13T10:00:44Z
1814,377,330,duet,0.275,55,2026-05-13T10:00:44Z,2026-05-13T10:00:44Z
1815,448,406,inspired_by,0.58,191,2026-05-13T10:00:44Z,2026-05-13T10:00:44Z
1816,65,94,follows,0.502,170,2026-05-13T10:00:44Z,2026-05-13T10:00:44Z
1817,13,172,collaborates,0.263,40,2026-05-13T10:00:44Z,2026-05-13T10:00:44Z
1818,19,468,reshared,0.343,32,2026-05-13T10:00:44Z,2026-05-13T10:00:44Z
1819,283,157,tagged,0.581,175,2026-05-13T10:00:44Z,2026-05-13T10:00:44Z
1820,342,125,duet,0.462,25,2026-05-13T10:00:44Z,2026-05-13T10:00:44Z
1821,422,412,inspired_by,0.668,53,2026-05-13T10:00:44Z,2026-05-13T10:00:44Z
1822,331,324,follows,0.363,97,2026-05-13T10:00:44Z,2026-05-13T10:00:44Z
1824,17,361,mentioned,0.973,135,2026-05-13T10:00:44Z,2026-05-13T10:00:44Z
1825,333,240,reshared,0.992,65,2026-05-13T10:00:44Z,2026-05-13T10:00:44Z
1826,331,73,tagged,0.488,106,2026-05-13T10:00:44Z,2026-05-13T10:00:44Z
1827,116,148,duet,0.594,178,2026-05-13T10:00:44Z,2026-05-13T10:00:44Z
1828,260,154,inspired_by,0.954,78,2026-05-13T10:00:44Z,2026-05-13T10:00:44Z
1829,392,375,follows,0.508,24,2026-05-13T10:00:44Z,2026-05-13T10:00:44Z
1830,251,157,collaborates,0.851,150,2026-05-13T10:00:44Z,2026-05-13T10:00:44Z
1831,3,443,mentioned,0.606,14,2026-05-13T10:00:44Z,2026-05-13T10:00:44Z
1832,337,118,reshared,0.849,51,2026-05-13T10:00:44Z,2026-05-13T10:00:44Z
1835,69,89,inspired_by,0.237,40,2026-05-13T10:00:44Z,2026-05-13T10:00:44Z
1836,478,119,follows,0.888,74,2026-05-13T10:00:44Z,2026-05-13T10:00:44Z
1837,280,263,collaborates,0.876,108,2026-05-13T10:00:44Z,2026-05-13T10:00:44Z
1838,26,395,mentioned,0.485,136,2026-05-13T10:00:44Z,2026-05-13T10:00:44Z
1839,191,273,reshared,0.455,72,2026-05-13T10:00:44Z,2026-05-13T10:00:44Z
1840,190,130,tagged,0.802,9,2026-05-13T10:00:44Z,2026-05-13T10:00:44Z
1841,406,369,duet,0.332,185,2026-05-13T10:00:44Z,2026-05-13T10:00:44Z
1842,73,295,inspired_by,0.536,187,2026-05-13T10:00:44Z,2026-05-13T10:00:44Z
1844,275,349,collaborates,0.208,115,2026-05-13T10:00:44Z,2026-05-13T10:00:44Z
1845,215,209,mentioned,0.651,147,2026-05-13T10:00:44Z,2026-05-13T10:00:44Z
1846,22,128,reshared,0.941,39,2026-05-13T10:00:44Z,2026-05-13T10:00:44Z
1847,40,293,tagged,0.755,157,2026-05-13T10:00:44Z,2026-05-13T10:00:44Z
1848,48,212,duet,0.222,193,2026-05-13T10:00:44Z,2026-05-13T10:00:44Z
1849,458,202,inspired_by,0.216,24,2026-05-13T10:00:44Z,2026-05-13T10:00:44Z
1850,414,178,follows,0.374,102,2026-05-13T10:00:44Z,2026-05-13T10:00:44Z
1851,70,90,collaborates,0.122,122,2026-05-13T10:00:44Z,2026-05-13T10:00:44Z
1852,253,270,mentioned,0.33,165,2026-05-13T10:00:44Z,2026-05-13T10:00:44Z
1853,481,4,reshared,0.188,86,2026-05-13T10:00:44Z,2026-05-13T10:00:44Z
1854,257,351,tagged,0.314,181,2026-05-13T10:00:44Z,2026-05-13T10:00:44Z
1855,171,485,duet,0.743,49,2026-05-13T10:00:44Z,2026-05-13T10:00:44Z
1856,16,305,inspired_by,0.912,174,2026-05-13T10:00:44Z,2026-05-13T10:00:44Z
1857,8,221,follows,0.642,80,2026-05-13T10:00:44Z,2026-05-13T10:00:44Z
1858,35,209,collaborates,0.176,115,2026-05-13T10:00:44Z,2026-05-13T10:00:44Z
1862,72,183,duet,0.885,56,2026-05-13T10:00:44Z,2026-05-13T10:00:44Z
1863,195,415,inspired_by,0.427,174,2026-05-13T10:00:44Z,2026-05-13T10:00:44Z
1864,482,102,follows,0.447,32,2026-05-13T10:00:44Z,2026-05-13T10:00:44Z
1865,310,308,collaborates,0.11,117,2026-05-13T10:00:44Z,2026-05-13T10:00:44Z
1866,478,167,mentioned,0.462,117,2026-05-13T10:00:44Z,2026-05-13T10:00:44Z
1867,317,219,reshared,0.988,67,2026-05-13T10:00:44Z,2026-05-13T10:00:44Z
1868,444,127,tagged,0.968,190,2026-05-13T10:00:44Z,2026-05-13T10:00:44Z
1870,488,381,inspired_by,0.237,82,2026-05-13T10:00:44Z,2026-05-13T10:00:44Z
1872,310,231,collaborates,0.76,48,2026-05-13T10:00:44Z,2026-05-13T10:00:44Z
1873,130,177,mentioned,0.227,156,2026-05-13T10:00:44Z,2026-05-13T10:00:44Z
1874,260,208,reshared,0.68,50,2026-05-13T10:00:44Z,2026-05-13T10:00:44Z
1876,310,411,duet,0.306,42,2026-05-13T10:00:44Z,2026-05-13T10:00:44Z
1877,381,112,inspired_by,0.145,194,2026-05-13T10:00:44Z,2026-05-13T10:00:44Z
1878,482,264,follows,0.612,184,2026-05-13T10:00:44Z,2026-05-13T10:00:44Z
1879,292,140,collaborates,0.672,120,2026-05-13T10:00:44Z,2026-05-13T10:00:44Z
1883,67,401,duet,0.304,124,2026-05-13T10:00:44Z,2026-05-13T10:00:44Z
1886,4,149,collaborates,0.243,171,2026-05-13T10:00:44Z,2026-05-13T10:00:44Z
1887,317,382,mentioned,0.446,68,2026-05-13T10:00:44Z,2026-05-13T10:00:44Z
1888,275,230,reshared,0.241,15,2026-05-13T10:00:44Z,2026-05-13T10:00:44Z
1889,163,32,tagged,0.534,63,2026-05-13T10:00:44Z,2026-05-13T10:00:44Z
1890,219,210,duet,0.36,182,2026-05-13T10:00:44Z,2026-05-13T10:00:44Z
1891,22,137,inspired_by,0.636,118,2026-05-13T10:00:44Z,2026-05-13T10:00:44Z
1892,452,92,follows,0.99,157,2026-05-13T10:00:44Z,2026-05-13T10:00:44Z
1894,216,482,mentioned,0.79,90,2026-05-13T10:00:44Z,2026-05-13T10:00:44Z
1896,37,175,tagged,0.241,93,2026-05-13T10:00:44Z,2026-05-13T10:00:44Z
1897,433,349,duet,0.941,12,2026-05-13T10:00:44Z,2026-05-13T10:00:44Z
1900,241,73,collaborates,0.68,51,2026-05-13T10:00:44Z,2026-05-13T10:00:44Z
1901,215,294,mentioned,0.238,199,2026-05-13T10:00:44Z,2026-05-13T10:00:44Z
1902,220,454,reshared,0.572,47,2026-05-13T10:00:44Z,2026-05-13T10:00:44Z
1903,276,124,tagged,0.597,104,2026-05-13T10:00:44Z,2026-05-13T10:00:44Z
1904,384,219,duet,0.437,184,2026-05-13T10:00:44Z,2026-05-13T10:00:44Z
1905,485,261,inspired_by,0.682,145,2026-05-13T10:00:44Z,2026-05-13T10:00:44Z
1906,47,474,follows,0.122,42,2026-05-13T10:00:44Z,2026-05-13T10:00:44Z
1907,138,204,collaborates,0.768,185,2026-05-13T10:00:44Z,2026-05-13T10:00:44Z
1908,63,202,mentioned,0.732,68,2026-05-13T10:00:44Z,2026-05-13T10:00:44Z
1909,47,454,reshared,0.314,105,2026-05-13T10:00:44Z,2026-05-13T10:00:44Z
1910,137,335,tagged,0.729,88,2026-05-13T10:00:44Z,2026-05-13T10:00:44Z
1911,472,239,duet,0.619,118,2026-05-13T10:00:44Z,2026-05-13T10:00:44Z
1912,174,173,inspired_by,0.245,118,2026-05-13T10:00:44Z,2026-05-13T10:00:44Z
1913,74,417,follows,0.688,117,2026-05-13T10:00:44Z,2026-05-13T10:00:44Z
1914,55,329,collaborates,0.517,143,2026-05-13T10:00:44Z,2026-05-13T10:00:44Z
1915,7,440,mentioned,0.933,115,2026-05-13T10:00:44Z,2026-05-13T10:00:44Z
1916,164,111,reshared,0.617,131,2026-05-13T10:00:44Z,2026-05-13T10:00:44Z
1917,86,388,tagged,0.139,12,2026-05-13T10:00:44Z,2026-05-13T10:00:44Z
1918,63,37,duet,0.429,189,2026-05-13T10:00:44Z,2026-05-13T10:00:44Z
1919,9,110,inspired_by,0.385,90,2026-05-13T10:00:44Z,2026-05-13T10:00:44Z
1920,155,92,follows,0.819,86,2026-05-13T10:00:44Z,2026-05-13T10:00:44Z
1921,130,194,collaborates,0.561,48,2026-05-13T10:00:44Z,2026-05-13T10:00:44Z
1922,39,82,mentioned,0.152,22,2026-05-13T10:00:44Z,2026-05-13T10:00:44Z
1923,402,81,reshared,0.188,122,2026-05-13T10:00:44Z,2026-05-13T10:00:44Z
1924,446,135,tagged,0.187,27,2026-05-13T10:00:44Z,2026-05-13T10:00:44Z
1925,136,305,duet,0.685,96,2026-05-13T10:00:44Z,2026-05-13T10:00:44Z
1926,209,259,inspired_by,0.581,34,2026-05-13T10:00:44Z,2026-05-13T10:00:44Z
1927,36,477,follows,0.129,86,2026-05-13T10:00:44Z,2026-05-13T10:00:44Z
1928,420,129,collaborates,0.233,56,2026-05-13T10:00:44Z,2026-05-13T10:00:44Z
1929,143,215,mentioned,0.834,83,2026-05-13T10:00:44Z,2026-05-13T10:00:44Z
1930,193,311,reshared,0.786,198,2026-05-13T10:00:44Z,2026-05-13T10:00:44Z
1931,469,70,tagged,0.704,7,2026-05-13T10:00:44Z,2026-05-13T10:00:44Z
1932,171,227,duet,0.174,59,2026-05-13T10:00:44Z,2026-05-13T10:00:44Z
1934,350,164,follows,0.637,67,2026-05-13T10:00:44Z,2026-05-13T10:00:44Z
1935,179,268,collaborates,0.7,186,2026-05-13T10:00:44Z,2026-05-13T10:00:44Z
1936,211,101,mentioned,0.445,22,2026-05-13T10:00:44Z,2026-05-13T10:00:44Z
1937,295,449,reshared,0.122,60,2026-05-13T10:00:44Z,2026-05-13T10:00:44Z
1938,445,422,tagged,0.216,46,2026-05-13T10:00:44Z,2026-05-13T10:00:44Z
1939,374,158,duet,0.563,154,2026-05-13T10:00:44Z,2026-05-13T10:00:44Z
1940,486,304,inspired_by,0.514,183,2026-05-13T10:00:44Z,2026-05-13T10:00:44Z
1941,460,472,follows,0.251,113,2026-05-13T10:00:44Z,2026-05-13T10:00:44Z
1942,293,366,collaborates,0.651,131,2026-05-13T10:00:44Z,2026-05-13T10:00:44Z
1943,482,237,mentioned,0.412,164,2026-05-13T10:00:44Z,2026-05-13T10:00:44Z
1944,411,72,reshared,0.191,111,2026-05-13T10:00:44Z,2026-05-13T10:00:44Z
1945,28,342,tagged,0.399,51,2026-05-13T10:00:44Z,2026-05-13T10:00:44Z
1946,158,104,duet,0.571,121,2026-05-13T10:00:44Z,2026-05-13T10:00:44Z
1947,142,218,inspired_by,0.561,140,2026-05-13T10:00:44Z,2026-05-13T10:00:44Z
1948,467,28,follows,0.325,60,2026-05-13T10:00:44Z,2026-05-13T10:00:44Z
1950,466,489,mentioned,0.786,116,2026-05-13T10:00:44Z,2026-05-13T10:00:44Z
1951,195,183,reshared,0.206,148,2026-05-13T10:00:44Z,2026-05-13T10:00:44Z
1952,3,114,tagged,0.805,163,2026-05-13T10:00:44Z,2026-05-13T10:00:44Z
1953,9,416,duet,0.123,62,2026-05-13T10:00:44Z,2026-05-13T10:00:44Z
1954,408,483,inspired_by,0.567,45,2026-05-13T10:00:44Z,2026-05-13T10:00:44Z
1956,394,424,collaborates,0.959,97,2026-05-13T10:00:44Z,2026-05-13T10:00:44Z
1957,156,416,mentioned,0.859,157,2026-05-13T10:00:44Z,2026-05-13T10:00:44Z
1958,70,425,reshared,0.221,90,2026-05-13T10:00:44Z,2026-05-13T10:00:44Z
1959,33,221,tagged,0.997,65,2026-05-13T10:00:44Z,2026-05-13T10:00:44Z
1960,218,151,duet,0.479,61,2026-05-13T10:00:44Z,2026-05-13T10:00:44Z
1961,142,265,inspired_by,0.109,156,2026-05-13T10:00:44Z,2026-05-13T10:00:44Z
1962,20,378,follows,0.572,181,2026-05-13T10:00:44Z,2026-05-13T10:00:44Z
1963,253,378,collaborates,0.614,150,2026-05-13T10:00:44Z,2026-05-13T10:00:44Z
1964,422,353,mentioned,0.16,142,2026-05-13T10:00:44Z,2026-05-13T10:00:44Z
1965,108,473,reshared,0.576,30,2026-05-13T10:00:44Z,2026-05-13T10:00:44Z
1966,47,451,tagged,0.341,17,2026-05-13T10:00:44Z,2026-05-13T10:00:44Z
1967,146,12,duet,0.671,54,2026-05-13T10:00:44Z,2026-05-13T10:00:44Z
1968,143,462,inspired_by,0.575,138,2026-05-13T10:00:44Z,2026-05-13T10:00:44Z
1969,108,137,follows,0.394,168,2026-05-13T10:00:44Z,2026-05-13T10:00:44Z
1970,310,236,collaborates,0.455,166,2026-05-13T10:00:44Z,2026-05-13T10:00:44Z
1971,303,204,mentioned,0.582,199,2026-05-13T10:00:44Z,2026-05-13T10:00:44Z
1973,202,258,tagged,0.524,107,2026-05-13T10:00:44Z,2026-05-13T10:00:44Z
1974,111,338,duet,0.448,117,2026-05-13T10:00:44Z,2026-05-13T10:00:44Z
1975,276,317,inspired_by,0.146,66,2026-05-13T10:00:44Z,2026-05-13T10:00:44Z
1976,349,26,follows,0.641,146,2026-05-13T10:00:44Z,2026-05-13T10:00:44Z
1977,23,442,collaborates,0.631,98,2026-05-13T10:00:44Z,2026-05-13T10:00:44Z
1979,185,32,reshared,0.23,135,2026-05-13T10:00:44Z,2026-05-13T10:00:44Z
1980,59,212,tagged,0.43,141,2026-05-13T10:00:44Z,2026-05-13T10:00:44Z
1981,269,52,duet,0.828,103,2026-05-13T10:00:44Z,2026-05-13T10:00:44Z
1982,309,449,inspired_by,0.35,156,2026-05-13T10:00:44Z,2026-05-13T10:00:44Z
1983,453,186,follows,0.253,68,2026-05-13T10:00:44Z,2026-05-13T10:00:44Z
1984,261,489,collaborates,0.607,132,2026-05-13T10:00:44Z,2026-05-13T10:00:44Z
1985,155,63,mentioned,0.539,155,2026-05-13T10:00:44Z,2026-05-13T10:00:44Z
1986,326,347,reshared,0.206,157,2026-05-13T10:00:44Z,2026-05-13T10:00:44Z
1987,290,303,tagged,0.292,69,2026-05-13T10:00:44Z,2026-05-13T10:00:44Z
1988,59,370,duet,0.364,22,2026-05-13T10:00:44Z,2026-05-13T10:00:44Z
1989,368,423,inspired_by,0.86,68,2026-05-13T10:00:44Z,2026-05-13T10:00:44Z
1991,137,374,collaborates,0.846,145,2026-05-13T10:00:44Z,2026-05-13T10:00:44Z
1992,225,53,mentioned,0.546,138,2026-05-13T10:00:44Z,2026-05-13T10:00:44Z
1993,94,311,reshared,0.507,156,2026-05-13T10:00:44Z,2026-05-13T10:00:44Z
1994,68,238,tagged,0.546,28,2026-05-13T10:00:44Z,2026-05-13T10:00:44Z
1995,355,11,duet,0.875,149,2026-05-13T10:00:44Z,2026-05-13T10:00:44Z
1996,328,281,inspired_by,0.899,134,2026-05-13T10:00:44Z,2026-05-13T10:00:44Z
1997,117,8,follows,0.71,99,2026-05-13T10:00:44Z,2026-05-13T10:00:44Z
1998,430,37,collaborates,0.667,118,2026-05-13T10:00:44Z,2026-05-13T10:00:44Z
1999,436,156,mentioned,0.553,24,2026-05-13T10:00:44Z,2026-05-13T10:00:44Z
2001,123,327,tagged,0.216,51,2026-05-13T10:00:44Z,2026-05-13T10:00:44Z
2002,117,388,duet,0.322,94,2026-05-13T10:00:44Z,2026-05-13T10:00:44Z
2003,433,347,inspired_by,0.176,126,2026-05-13T10:00:44Z,2026-05-13T10:00:44Z
2006,90,62,mentioned,0.353,16,2026-05-13T10:00:44Z,2026-05-13T10:00:44Z
2007,466,470,reshared,0.912,189,2026-05-13T10:00:44Z,2026-05-13T10:00:44Z
2008,49,479,tagged,0.927,194,2026-05-13T10:00:44Z,2026-05-13T10:00:44Z
2009,338,486,duet,0.101,181,2026-05-13T10:00:44Z,2026-05-13T10:00:44Z
2010,177,66,inspired_by,0.227,24,2026-05-13T10:00:44Z,2026-05-13T10:00:44Z
2011,354,375,follows,0.217,65,2026-05-13T10:00:44Z,2026-05-13T10:00:44Z
2012,234,132,collaborates,0.196,132,2026-05-13T10:00:44Z,2026-05-13T10:00:44Z
2013,405,357,mentioned,0.506,199,2026-05-13T10:00:44Z,2026-05-13T10:00:44Z
2014,363,373,reshared,0.873,40,2026-05-13T10:00:44Z,2026-05-13T10:00:44Z
2015,306,16,tagged,0.284,67,2026-05-13T10:00:44Z,2026-05-13T10:00:44Z
2016,375,81,duet,0.496,113,2026-05-13T10:00:44Z,2026-05-13T10:00:44Z
2017,342,43,inspired_by,0.584,162,2026-05-13T10:00:44Z,2026-05-13T10:00:44Z
2018,263,383,follows,0.671,99,2026-05-13T10:00:44Z,2026-05-13T10:00:44Z
2019,133,174,collaborates,0.692,131,2026-05-13T10:00:44Z,2026-05-13T10:00:44Z
2020,194,191,mentioned,0.766,154,2026-05-13T10:00:44Z,2026-05-13T10:00:44Z
2021,335,174,reshared,0.95,167,2026-05-13T10:00:44Z,2026-05-13T10:00:44Z
2022,360,382,tagged,0.251,62,2026-05-13T10:00:44Z,2026-05-13T10:00:44Z
2023,10,102,duet,0.316,25,2026-05-13T10:00:44Z,2026-05-13T10:00:44Z
2024,147,286,inspired_by,0.718,83,2026-05-13T10:00:44Z,2026-05-13T10:00:44Z
2025,417,328,follows,0.222,2,2026-05-13T10:00:44Z,2026-05-13T10:00:44Z
2026,24,364,collaborates,0.242,19,2026-05-13T10:00:44Z,2026-05-13T10:00:44Z
2027,40,54,mentioned,0.687,27,2026-05-13T10:00:44Z,2026-05-13T10:00:44Z
2028,72,294,reshared,0.973,61,2026-05-13T10:00:44Z,2026-05-13T10:00:44Z
2029,190,74,tagged,0.255,99,2026-05-13T10:00:44Z,2026-05-13T10:00:44Z
2031,144,382,inspired_by,0.938,166,2026-05-13T10:00:44Z,2026-05-13T10:00:44Z
2032,178,158,follows,0.92,24,2026-05-13T10:00:44Z,2026-05-13T10:00:44Z
2033,11,390,collaborates,0.699,88,2026-05-13T10:00:44Z,2026-05-13T10:00:44Z
2034,63,441,mentioned,0.878,152,2026-05-13T10:00:44Z,2026-05-13T10:00:44Z
2035,228,293,reshared,0.972,175,2026-05-13T10:00:44Z,2026-05-13T10:00:44Z
2036,185,68,tagged,0.65,81,2026-05-13T10:00:44Z,2026-05-13T10:00:44Z
2037,175,203,duet,0.654,48,2026-05-13T10:00:44Z,2026-05-13T10:00:44Z
2038,94,276,inspired_by,0.218,28,2026-05-13T10:00:44Z,2026-05-13T10:00:44Z
2039,219,34,follows,0.857,82,2026-05-13T10:00:44Z,2026-05-13T10:00:44Z
2040,31,35,collaborates,0.288,20,2026-05-13T10:00:44Z,2026-05-13T10:00:44Z
2041,444,156,mentioned,0.615,55,2026-05-13T10:00:44Z,2026-05-13T10:00:44Z
2043,367,69,tagged,0.437,64,2026-05-13T10:00:44Z,2026-05-13T10:00:44Z
2044,367,239,duet,0.209,129,2026-05-13T10:00:44Z,2026-05-13T10:00:44Z
2045,94,269,inspired_by,0.166,110,2026-05-13T10:00:44Z,2026-05-13T10:00:44Z
2046,434,21,follows,0.331,93,2026-05-13T10:00:44Z,2026-05-13T10:00:44Z
2048,476,37,mentioned,0.876,74,2026-05-13T10:00:44Z,2026-05-13T10:00:44Z
2049,449,266,reshared,0.238,174,2026-05-13T10:00:44Z,2026-05-13T10:00:44Z
2050,478,333,tagged,0.329,21,2026-05-13T10:00:44Z,2026-05-13T10:00:44Z
2051,272,487,duet,0.602,187,2026-05-13T10:00:44Z,2026-05-13T10:00:44Z
2052,24,124,inspired_by,0.808,127,2026-05-13T10:00:44Z,2026-05-13T10:00:44Z
2053,303,450,follows,0.963,188,2026-05-13T10:00:44Z,2026-05-13T10:00:44Z
2054,55,229,collaborates,0.609,153,2026-05-13T10:00:44Z,2026-05-13T10:00:44Z
2055,405,207,mentioned,0.518,93,2026-05-13T10:00:44Z,2026-05-13T10:00:44Z
2056,447,456,reshared,0.294,132,2026-05-13T10:00:44Z,2026-05-13T10:00:44Z
2057,335,260,tagged,0.27,143,2026-05-13T10:00:44Z,2026-05-13T10:00:44Z
2058,81,185,duet,0.773,148,2026-05-13T10:00:44Z,2026-05-13T10:00:44Z
2059,264,310,inspired_by,0.538,186,2026-05-13T10:00:44Z,2026-05-13T10:00:44Z
2060,144,22,follows,0.191,95,2026-05-13T10:00:44Z,2026-05-13T10:00:44Z
2062,266,211,mentioned,0.218,147,2026-05-13T10:00:44Z,2026-05-13T10:00:44Z
2063,472,304,reshared,0.403,176,2026-05-13T10:00:44Z,2026-05-13T10:00:44Z
2065,255,367,duet,0.689,43,2026-05-13T10:00:44Z,2026-05-13T10:00:44Z
2066,308,263,inspired_by,0.439,31,2026-05-13T10:00:44Z,2026-05-13T10:00:44Z
2067,268,219,follows,0.888,81,2026-05-13T10:00:44Z,2026-05-13T10:00:44Z
2068,251,328,collaborates,0.317,49,2026-05-13T10:00:44Z,2026-05-13T10:00:44Z
2069,112,294,mentioned,0.588,90,2026-05-13T10:00:44Z,2026-05-13T10:00:44Z
2070,175,171,reshared,0.457,128,2026-05-13T10:00:44Z,2026-05-13T10:00:44Z
2071,72,258,tagged,0.64,153,2026-05-13T10:00:44Z,2026-05-13T10:00:44Z
2073,186,70,inspired_by,0.228,184,2026-05-13T10:00:44Z,2026-05-13T10:00:44Z
2074,284,235,follows,0.666,193,2026-05-13T10:00:44Z,2026-05-13T10:00:44Z
2075,125,5,collaborates,0.535,10,2026-05-13T10:00:44Z,2026-05-13T10:00:44Z
2076,47,184,mentioned,0.985,38,2026-05-13T10:00:44Z,2026-05-13T10:00:44Z
2077,106,432,reshared,0.397,191,2026-05-13T10:00:44Z,2026-05-13T10:00:44Z
2078,402,77,tagged,0.888,132,2026-05-13T10:00:44Z,2026-05-13T10:00:44Z
2079,134,125,duet,0.98,94,2026-05-13T10:00:44Z,2026-05-13T10:00:44Z
2080,21,173,inspired_by,0.287,184,2026-05-13T10:00:44Z,2026-05-13T10:00:44Z
2081,288,9,follows,0.392,18,2026-05-13T10:00:44Z,2026-05-13T10:00:44Z
2082,71,428,collaborates,0.292,96,2026-05-13T10:00:44Z,2026-05-13T10:00:44Z
2084,354,187,reshared,0.847,72,2026-05-13T10:00:44Z,2026-05-13T10:00:44Z
2086,327,418,duet,0.746,130,2026-05-13T10:00:44Z,2026-05-13T10:00:44Z
2087,194,59,inspired_by,0.452,124,2026-05-13T10:00:44Z,2026-05-13T10:00:44Z
2088,407,412,follows,0.902,167,2026-05-13T10:00:44Z,2026-05-13T10:00:44Z
2091,445,408,reshared,0.467,108,2026-05-13T10:00:44Z,2026-05-13T10:00:44Z
2092,264,347,tagged,0.121,135,2026-05-13T10:00:44Z,2026-05-13T10:00:44Z
2093,91,346,duet,0.222,141,2026-05-13T10:00:44Z,2026-05-13T10:00:44Z
2095,68,352,follows,0.737,194,2026-05-13T10:00:44Z,2026-05-13T10:00:44Z
2096,348,51,collaborates,0.387,126,2026-05-13T10:00:44Z,2026-05-13T10:00:44Z
2097,409,313,mentioned,0.719,192,2026-05-13T10:00:44Z,2026-05-13T10:00:44Z
2099,373,66,tagged,0.281,41,2026-05-13T10:00:44Z,2026-05-13T10:00:44Z
2100,273,364,duet,0.393,116,2026-05-13T10:00:44Z,2026-05-13T10:00:44Z
2101,404,259,inspired_by,0.393,7,2026-05-13T10:00:44Z,2026-05-13T10:00:44Z
2102,375,228,follows,0.838,33,2026-05-13T10:00:44Z,2026-05-13T10:00:44Z
2103,257,416,collaborates,0.29,190,2026-05-13T10:00:44Z,2026-05-13T10:00:44Z
2104,148,485,mentioned,0.509,147,2026-05-13T10:00:44Z,2026-05-13T10:00:44Z
2105,230,47,reshared,0.551,23,2026-05-13T10:00:44Z,2026-05-13T10:00:44Z
2106,484,464,duet,0.852,67,2026-05-13T10:00:44Z,2026-05-13T10:00:44Z
2107,446,373,inspired_by,0.7,179,2026-05-13T10:00:44Z,2026-05-13T10:00:44Z
2108,275,472,follows,0.318,7,2026-05-13T10:00:44Z,2026-05-13T10:00:44Z
2109,2,231,collaborates,0.61,28,2026-05-13T10:00:44Z,2026-05-13T10:00:44Z
2110,391,175,mentioned,0.535,179,2026-05-13T10:00:44Z,2026-05-13T10:00:44Z
2111,449,431,reshared,0.538,127,2026-05-13T10:00:44Z,2026-05-13T10:00:44Z
2112,23,111,tagged,0.305,140,2026-05-13T10:00:44Z,2026-05-13T10:00:44Z
2113,155,374,duet,0.952,62,2026-05-13T10:00:44Z,2026-05-13T10:00:44Z
2114,256,324,inspired_by,0.877,47,2026-05-13T10:00:44Z,2026-05-13T10:00:44Z
2115,388,211,follows,0.425,76,2026-05-13T10:00:44Z,2026-05-13T10:00:44Z
2116,61,376,collaborates,0.893,43,2026-05-13T10:00:44Z,2026-05-13T10:00:44Z
2117,207,426,mentioned,0.214,50,2026-05-13T10:00:44Z,2026-05-13T10:00:44Z
2118,46,467,reshared,0.994,83,2026-05-13T10:00:44Z,2026-05-13T10:00:44Z
2119,487,340,tagged,0.858,6,2026-05-13T10:00:44Z,2026-05-13T10:00:44Z
2120,84,32,duet,0.135,45,2026-05-13T10:00:44Z,2026-05-13T10:00:44Z
2121,255,302,inspired_by,0.287,16,2026-05-13T10:00:44Z,2026-05-13T10:00:44Z
2122,304,52,follows,0.34,158,2026-05-13T10:00:44Z,2026-05-13T10:00:44Z
2123,442,456,collaborates,0.566,183,2026-05-13T10:00:44Z,2026-05-13T10:00:44Z
2124,59,179,mentioned,0.2,67,2026-05-13T10:00:44Z,2026-05-13T10:00:44Z
2125,366,301,reshared,0.897,28,2026-05-13T10:00:44Z,2026-05-13T10:00:44Z
2126,87,109,tagged,0.207,61,2026-05-13T10:00:44Z,2026-05-13T10:00:44Z
2127,222,388,duet,0.405,138,2026-05-13T10:00:44Z,2026-05-13T10:00:44Z
2128,355,444,inspired_by,0.51,61,2026-05-13T10:00:44Z,2026-05-13T10:00:44Z
2129,22,280,follows,0.513,148,2026-05-13T10:00:44Z,2026-05-13T10:00:44Z
2130,428,73,collaborates,0.104,64,2026-05-13T10:00:44Z,2026-05-13T10:00:44Z
2131,391,316,mentioned,0.25,43,2026-05-13T10:00:44Z,2026-05-13T10:00:44Z
2132,155,52,reshared,0.776,147,2026-05-13T10:00:44Z,2026-05-13T10:00:44Z
2133,149,358,tagged,0.25,69,2026-05-13T10:00:44Z,2026-05-13T10:00:44Z
2134,140,78,duet,0.576,193,2026-05-13T10:00:44Z,2026-05-13T10:00:44Z
2136,5,355,follows,0.187,188,2026-05-13T10:00:44Z,2026-05-13T10:00:44Z
2138,252,58,mentioned,0.691,108,2026-05-13T10:00:44Z,2026-05-13T10:00:44Z
2139,126,26,reshared,0.414,98,2026-05-13T10:00:44Z,2026-05-13T10:00:44Z
2140,161,428,tagged,0.137,151,2026-05-13T10:00:44Z,2026-05-13T10:00:44Z
2142,30,483,inspired_by,0.347,89,2026-05-13T10:00:44Z,2026-05-13T10:00:44Z
2143,57,113,follows,0.173,175,2026-05-13T10:00:44Z,2026-05-13T10:00:44Z
2144,428,51,collaborates,0.338,59,2026-05-13T10:00:44Z,2026-05-13T10:00:44Z
2145,305,406,mentioned,0.282,165,2026-05-13T10:00:44Z,2026-05-13T10:00:44Z
2147,384,254,tagged,0.853,122,2026-05-13T10:00:44Z,2026-05-13T10:00:44Z
2148,14,280,duet,0.75,183,2026-05-13T10:00:44Z,2026-05-13T10:00:44Z
2150,347,183,follows,0.451,123,2026-05-13T10:00:44Z,2026-05-13T10:00:44Z
2151,102,364,collaborates,0.883,77,2026-05-13T10:00:44Z,2026-05-13T10:00:44Z
2152,108,453,mentioned,0.849,175,2026-05-13T10:00:44Z,2026-05-13T10:00:44Z
2153,432,271,reshared,0.386,109,2026-05-13T10:00:44Z,2026-05-13T10:00:44Z
2154,137,155,tagged,0.382,59,2026-05-13T10:00:44Z,2026-05-13T10:00:44Z
2155,11,429,duet,0.656,18,2026-05-13T10:00:44Z,2026-05-13T10:00:44Z
2156,272,490,inspired_by,0.428,34,2026-05-13T10:00:44Z,2026-05-13T10:00:44Z
2157,19,211,follows,0.953,115,2026-05-13T10:00:44Z,2026-05-13T10:00:44Z
2158,233,322,collaborates,0.915,165,2026-05-13T10:00:44Z,2026-05-13T10:00:44Z
2159,279,36,mentioned,0.288,88,2026-05-13T10:00:44Z,2026-05-13T10:00:44Z
2160,162,53,reshared,0.492,132,2026-05-13T10:00:44Z,2026-05-13T10:00:44Z
2161,34,77,tagged,0.242,61,2026-05-13T10:00:44Z,2026-05-13T10:00:44Z
2162,435,18,duet,0.294,16,2026-05-13T10:00:44Z,2026-05-13T10:00:44Z
2163,334,474,inspired_by,0.242,52,2026-05-13T10:00:44Z,2026-05-13T10:00:44Z
2164,182,371,follows,0.804,49,2026-05-13T10:00:44Z,2026-05-13T10:00:44Z
2165,84,402,collaborates,0.962,138,2026-05-13T10:00:44Z,2026-05-13T10:00:44Z
2166,283,363,mentioned,0.731,89,2026-05-13T10:00:44Z,2026-05-13T10:00:44Z
2167,307,259,reshared,0.987,121,2026-05-13T10:00:44Z,2026-05-13T10:00:44Z
2168,208,368,tagged,0.96,18,2026-05-13T10:00:44Z,2026-05-13T10:00:44Z
2169,14,381,duet,0.454,88,2026-05-13T10:00:44Z,2026-05-13T10:00:44Z
2170,17,285,inspired_by,0.32,143,2026-05-13T10:00:44Z,2026-05-13T10:00:44Z
2171,194,52,follows,0.851,168,2026-05-13T10:00:44Z,2026-05-13T10:00:44Z
2172,201,338,collaborates,0.162,147,2026-05-13T10:00:44Z,2026-05-13T10:00:44Z
2173,437,82,mentioned,0.218,180,2026-05-13T10:00:44Z,2026-05-13T10:00:44Z
2174,415,68,reshared,0.194,138,2026-05-13T10:00:44Z,2026-05-13T10:00:44Z
2175,336,71,tagged,0.919,62,2026-05-13T10:00:44Z,2026-05-13T10:00:44Z
2176,386,84,duet,0.249,141,2026-05-13T10:00:44Z,2026-05-13T10:00:44Z
2177,364,271,inspired_by,0.727,81,2026-05-13T10:00:44Z,2026-05-13T10:00:44Z
2178,165,14,follows,0.964,113,2026-05-13T10:00:44Z,2026-05-13T10:00:44Z
2179,453,389,collaborates,0.581,196,2026-05-13T10:00:44Z,2026-05-13T10:00:44Z
2180,210,379,mentioned,0.264,102,2026-05-13T10:00:44Z,2026-05-13T10:00:44Z
2181,341,58,reshared,0.558,53,2026-05-13T10:00:44Z,2026-05-13T10:00:44Z
2182,435,30,tagged,0.803,142,2026-05-13T10:00:44Z,2026-05-13T10:00:44Z
2183,452,150,duet,0.77,163,2026-05-13T10:00:44Z,2026-05-13T10:00:44Z
2184,369,202,inspired_by,0.482,27,2026-05-13T10:00:44Z,2026-05-13T10:00:44Z
2185,322,261,follows,0.32,149,2026-05-13T10:00:44Z,2026-05-13T10:00:44Z
2186,352,14,collaborates,0.37,162,2026-05-13T10:00:44Z,2026-05-13T10:00:44Z
2187,471,327,mentioned,0.899,54,2026-05-13T10:00:44Z,2026-05-13T10:00:44Z
2188,446,141,reshared,0.283,75,2026-05-13T10:00:44Z,2026-05-13T10:00:44Z
2189,128,206,tagged,0.616,134,2026-05-13T10:00:44Z,2026-05-13T10:00:44Z
2190,114,465,duet,0.476,132,2026-05-13T10:00:44Z,2026-05-13T10:00:44Z
2191,420,217,inspired_by,0.299,18,2026-05-13T10:00:44Z,2026-05-13T10:00:44Z
2192,215,189,follows,0.729,116,2026-05-13T10:00:44Z,2026-05-13T10:00:44Z
2193,159,383,collaborates,0.755,29,2026-05-13T10:00:44Z,2026-05-13T10:00:44Z
2194,393,237,mentioned,0.391,130,2026-05-13T10:00:44Z,2026-05-13T10:00:44Z
2195,384,195,reshared,0.583,158,2026-05-13T10:00:44Z,2026-05-13T10:00:44Z
2196,171,484,tagged,0.178,36,2026-05-13T10:00:44Z,2026-05-13T10:00:44Z
2197,355,157,duet,0.54,196,2026-05-13T10:00:44Z,2026-05-13T10:00:44Z
2198,175,414,inspired_by,0.816,102,2026-05-13T10:00:44Z,2026-05-13T10:00:44Z
2199,478,229,follows,0.846,31,2026-05-13T10:00:44Z,2026-05-13T10:00:44Z
2200,203,491,collaborates,0.45,56,2026-05-13T10:00:44Z,2026-05-13T10:00:44Z
2201,218,303,mentioned,0.47,141,2026-05-13T10:00:44Z,2026-05-13T10:00:44Z
2202,378,259,reshared,0.126,9,2026-05-13T10:00:44Z,2026-05-13T10:00:44Z
2205,373,349,inspired_by,0.16,158,2026-05-13T10:00:44Z,2026-05-13T10:00:44Z
2207,121,274,collaborates,0.364,42,2026-05-13T10:00:44Z,2026-05-13T10:00:44Z
2208,237,351,mentioned,0.94,45,2026-05-13T10:00:44Z,2026-05-13T10:00:44Z
2209,6,466,reshared,0.549,24,2026-05-13T10:00:44Z,2026-05-13T10:00:44Z
2210,252,57,tagged,0.3,107,2026-05-13T10:00:44Z,2026-05-13T10:00:44Z
2211,210,468,duet,0.602,58,2026-05-13T10:00:44Z,2026-05-13T10:00:44Z
2212,171,312,inspired_by,0.178,146,2026-05-13T10:00:44Z,2026-05-13T10:00:44Z
2213,87,440,follows,0.95,127,2026-05-13T10:00:44Z,2026-05-13T10:00:44Z
2215,85,346,mentioned,0.926,50,2026-05-13T10:00:44Z,2026-05-13T10:00:44Z
2216,119,473,reshared,0.341,165,2026-05-13T10:00:44Z,2026-05-13T10:00:44Z
2217,29,473,tagged,0.723,89,2026-05-13T10:00:44Z,2026-05-13T10:00:44Z
2218,305,31,duet,0.202,38,2026-05-13T10:00:44Z,2026-05-13T10:00:44Z
2219,325,307,inspired_by,0.172,114,2026-05-13T10:00:44Z,2026-05-13T10:00:44Z
2220,64,86,follows,0.122,84,2026-05-13T10:00:44Z,2026-05-13T10:00:44Z
2221,223,117,collaborates,0.864,195,2026-05-13T10:00:44Z,2026-05-13T10:00:44Z
2223,321,205,reshared,0.43,150,2026-05-13T10:00:44Z,2026-05-13T10:00:44Z
2224,39,241,tagged,0.426,97,2026-05-13T10:00:44Z,2026-05-13T10:00:44Z
2225,449,124,duet,0.756,193,2026-05-13T10:00:44Z,2026-05-13T10:00:44Z
2227,256,12,follows,0.288,124,2026-05-13T10:00:44Z,2026-05-13T10:00:44Z
2228,321,295,collaborates,0.198,125,2026-05-13T10:00:44Z,2026-05-13T10:00:44Z
2229,463,377,mentioned,0.304,86,2026-05-13T10:00:44Z,2026-05-13T10:00:44Z
2230,231,90,reshared,0.108,142,2026-05-13T10:00:44Z,2026-05-13T10:00:44Z
2231,186,30,tagged,0.275,139,2026-05-13T10:00:44Z,2026-05-13T10:00:44Z
2232,271,234,duet,0.705,115,2026-05-13T10:00:44Z,2026-05-13T10:00:44Z
2234,185,464,follows,0.332,194,2026-05-13T10:00:44Z,2026-05-13T10:00:44Z
2235,129,29,collaborates,0.639,168,2026-05-13T10:00:44Z,2026-05-13T10:00:44Z
2236,53,12,mentioned,0.828,119,2026-05-13T10:00:44Z,2026-05-13T10:00:44Z
2237,90,292,reshared,0.265,109,2026-05-13T10:00:44Z,2026-05-13T10:00:44Z
2238,331,182,tagged,0.275,59,2026-05-13T10:00:44Z,2026-05-13T10:00:44Z
2239,153,454,duet,0.699,50,2026-05-13T10:00:44Z,2026-05-13T10:00:44Z
2240,332,290,inspired_by,0.472,79,2026-05-13T10:00:44Z,2026-05-13T10:00:44Z
2241,409,368,follows,0.503,6,2026-05-13T10:00:44Z,2026-05-13T10:00:44Z
2242,267,181,collaborates,0.639,41,2026-05-13T10:00:44Z,2026-05-13T10:00:44Z
2243,405,406,mentioned,0.346,115,2026-05-13T10:00:44Z,2026-05-13T10:00:44Z
2244,102,402,reshared,0.373,112,2026-05-13T10:00:44Z,2026-05-13T10:00:44Z
2245,321,186,tagged,0.321,45,2026-05-13T10:00:44Z,2026-05-13T10:00:44Z
2246,416,426,duet,0.881,37,2026-05-13T10:00:44Z,2026-05-13T10:00:44Z
2248,262,330,follows,0.432,19,2026-05-13T10:00:44Z,2026-05-13T10:00:44Z
2251,206,225,reshared,0.21,175,2026-05-13T10:00:44Z,2026-05-13T10:00:44Z
2253,149,447,duet,0.525,104,2026-05-13T10:00:44Z,2026-05-13T10:00:44Z
2254,224,138,inspired_by,0.622,113,2026-05-13T10:00:44Z,2026-05-13T10:00:44Z
2255,468,256,follows,0.169,15,2026-05-13T10:00:44Z,2026-05-13T10:00:44Z
2257,428,71,mentioned,0.301,119,2026-05-13T10:00:44Z,2026-05-13T10:00:44Z
2258,111,50,reshared,0.609,15,2026-05-13T10:00:44Z,2026-05-13T10:00:44Z
2259,410,181,tagged,0.193,7,2026-05-13T10:00:44Z,2026-05-13T10:00:44Z
2260,180,354,duet,0.233,8,2026-05-13T10:00:44Z,2026-05-13T10:00:44Z
2261,56,268,inspired_by,0.614,197,2026-05-13T10:00:44Z,2026-05-13T10:00:44Z
2262,468,466,follows,0.694,151,2026-05-13T10:00:44Z,2026-05-13T10:00:44Z
2263,279,465,collaborates,0.75,86,2026-05-13T10:00:44Z,2026-05-13T10:00:44Z
2264,184,46,mentioned,0.672,58,2026-05-13T10:00:44Z,2026-05-13T10:00:44Z
2265,295,170,reshared,0.529,82,2026-05-13T10:00:44Z,2026-05-13T10:00:44Z
2266,294,206,tagged,0.131,28,2026-05-13T10:00:44Z,2026-05-13T10:00:44Z
2267,137,283,duet,0.598,164,2026-05-13T10:00:44Z,2026-05-13T10:00:44Z
2268,1,358,inspired_by,0.642,14,2026-05-13T10:00:44Z,2026-05-13T10:00:44Z
2269,33,319,follows,0.157,197,2026-05-13T10:00:44Z,2026-05-13T10:00:44Z
2270,450,470,collaborates,0.448,88,2026-05-13T10:00:44Z,2026-05-13T10:00:44Z
2271,45,465,mentioned,0.123,120,2026-05-13T10:00:44Z,2026-05-13T10:00:44Z
2273,350,285,tagged,0.5,192,2026-05-13T10:00:44Z,2026-05-13T10:00:44Z
2274,69,90,duet,0.256,78,2026-05-13T10:00:44Z,2026-05-13T10:00:44Z
2275,60,62,inspired_by,0.829,190,2026-05-13T10:00:44Z,2026-05-13T10:00:44Z
2276,332,129,follows,0.841,126,2026-05-13T10:00:44Z,2026-05-13T10:00:44Z
2277,293,387,collaborates,0.476,58,2026-05-13T10:00:44Z,2026-05-13T10:00:44Z
2278,25,11,mentioned,0.756,138,2026-05-13T10:00:44Z,2026-05-13T10:00:44Z
2280,305,195,tagged,0.615,197,2026-05-13T10:00:44Z,2026-05-13T10:00:44Z
2281,77,491,duet,0.806,29,2026-05-13T10:00:44Z,2026-05-13T10:00:44Z
2282,447,381,inspired_by,0.511,38,2026-05-13T10:00:44Z,2026-05-13T10:00:44Z
2283,380,430,follows,0.948,118,2026-05-13T10:00:44Z,2026-05-13T10:00:44Z
2284,108,103,collaborates,0.164,137,2026-05-13T10:00:44Z,2026-05-13T10:00:44Z
2285,360,218,mentioned,0.898,49,2026-05-13T10:00:44Z,2026-05-13T10:00:44Z
2286,110,45,reshared,0.212,1,2026-05-13T10:00:44Z,2026-05-13T10:00:44Z
2287,40,224,tagged,0.78,152,2026-05-13T10:00:44Z,2026-05-13T10:00:44Z
2288,284,366,duet,0.443,55,2026-05-13T10:00:44Z,2026-05-13T10:00:44Z
2289,61,292,inspired_by,0.184,117,2026-05-13T10:00:44Z,2026-05-13T10:00:44Z
2290,19,138,follows,0.837,74,2026-05-13T10:00:44Z,2026-05-13T10:00:44Z
2291,325,177,collaborates,0.892,54,2026-05-13T10:00:44Z,2026-05-13T10:00:44Z
2292,114,393,mentioned,0.438,5,2026-05-13T10:00:44Z,2026-05-13T10:00:44Z
2293,464,441,reshared,0.132,168,2026-05-13T10:00:44Z,2026-05-13T10:00:44Z
2294,239,342,tagged,0.992,47,2026-05-13T10:00:44Z,2026-05-13T10:00:44Z
2295,223,266,duet,0.91,97,2026-05-13T10:00:44Z,2026-05-13T10:00:44Z
2296,256,412,inspired_by,0.516,179,2026-05-13T10:00:44Z,2026-05-13T10:00:44Z
2297,230,18,follows,0.258,51,2026-05-13T10:00:44Z,2026-05-13T10:00:44Z
2298,241,438,collaborates,0.147,79,2026-05-13T10:00:44Z,2026-05-13T10:00:44Z
2299,394,377,mentioned,0.561,91,2026-05-13T10:00:44Z,2026-05-13T10:00:44Z
2301,173,389,tagged,0.643,13,2026-05-13T10:00:44Z,2026-05-13T10:00:44Z
2302,217,183,duet,0.56,115,2026-05-13T10:00:44Z,2026-05-13T10:00:44Z
2303,66,488,inspired_by,0.164,111,2026-05-13T10:00:44Z,2026-05-13T10:00:44Z
2304,58,139,follows,0.337,26,2026-05-13T10:00:44Z,2026-05-13T10:00:44Z
2305,195,28,collaborates,0.572,144,2026-05-13T10:00:44Z,2026-05-13T10:00:44Z
2306,339,210,mentioned,0.474,149,2026-05-13T10:00:44Z,2026-05-13T10:00:44Z
2307,327,269,reshared,0.37,75,2026-05-13T10:00:44Z,2026-05-13T10:00:44Z
2310,103,479,inspired_by,0.525,120,2026-05-13T10:00:44Z,2026-05-13T10:00:44Z
2311,15,122,follows,0.832,121,2026-05-13T10:00:44Z,2026-05-13T10:00:44Z
2312,85,156,collaborates,0.569,40,2026-05-13T10:00:44Z,2026-05-13T10:00:44Z
2313,405,18,mentioned,0.26,116,2026-05-13T10:00:44Z,2026-05-13T10:00:44Z
2314,456,216,reshared,0.795,4,2026-05-13T10:00:44Z,2026-05-13T10:00:44Z
2315,166,444,tagged,0.497,127,2026-05-13T10:00:44Z,2026-05-13T10:00:44Z
2316,191,380,duet,0.442,93,2026-05-13T10:00:44Z,2026-05-13T10:00:44Z
2318,126,361,follows,0.758,85,2026-05-13T10:00:44Z,2026-05-13T10:00:44Z
2319,150,167,collaborates,0.395,172,2026-05-13T10:00:44Z,2026-05-13T10:00:44Z
2320,366,460,mentioned,0.95,98,2026-05-13T10:00:44Z,2026-05-13T10:00:44Z
2321,287,235,reshared,0.96,25,2026-05-13T10:00:44Z,2026-05-13T10:00:44Z
2322,224,17,tagged,0.838,134,2026-05-13T10:00:44Z,2026-05-13T10:00:44Z
2324,367,419,inspired_by,0.16,105,2026-05-13T10:00:44Z,2026-05-13T10:00:44Z
2325,428,163,follows,0.94,85,2026-05-13T10:00:44Z,2026-05-13T10:00:44Z
2326,26,124,collaborates,0.661,26,2026-05-13T10:00:44Z,2026-05-13T10:00:44Z
2328,185,352,reshared,0.553,184,2026-05-13T10:00:44Z,2026-05-13T10:00:44Z
2329,187,195,tagged,0.783,169,2026-05-13T10:00:44Z,2026-05-13T10:00:44Z
2331,302,57,inspired_by,0.932,1,2026-05-13T10:00:44Z,2026-05-13T10:00:44Z
2332,289,392,follows,0.957,35,2026-05-13T10:00:44Z,2026-05-13T10:00:44Z
2333,329,129,collaborates,0.358,159,2026-05-13T10:00:44Z,2026-05-13T10:00:44Z
2334,93,279,mentioned,0.653,191,2026-05-13T10:00:44Z,2026-05-13T10:00:44Z
2335,483,194,reshared,0.814,166,2026-05-13T10:00:44Z,2026-05-13T10:00:44Z
2336,369,159,tagged,0.631,157,2026-05-13T10:00:44Z,2026-05-13T10:00:44Z
2337,191,175,duet,0.498,111,2026-05-13T10:00:44Z,2026-05-13T10:00:44Z
2339,220,422,follows,0.485,127,2026-05-13T10:00:44Z,2026-05-13T10:00:44Z
2340,25,283,collaborates,0.371,9,2026-05-13T10:00:44Z,2026-05-13T10:00:44Z
2341,377,357,mentioned,0.519,113,2026-05-13T10:00:44Z,2026-05-13T10:00:44Z
2342,140,59,reshared,0.892,73,2026-05-13T10:00:44Z,2026-05-13T10:00:44Z
2343,389,271,tagged,0.708,111,2026-05-13T10:00:44Z,2026-05-13T10:00:44Z
2344,257,356,duet,0.722,1,2026-05-13T10:00:44Z,2026-05-13T10:00:44Z
2345,231,180,inspired_by,0.6,128,2026-05-13T10:00:44Z,2026-05-13T10:00:44Z
2346,491,189,follows,0.693,24,2026-05-13T10:00:44Z,2026-05-13T10:00:44Z
2347,59,352,collaborates,0.489,48,2026-05-13T10:00:44Z,2026-05-13T10:00:44Z
2348,71,450,mentioned,0.103,150,2026-05-13T10:00:44Z,2026-05-13T10:00:44Z
2349,60,127,reshared,0.456,7,2026-05-13T10:00:44Z,2026-05-13T10:00:44Z
2350,217,231,tagged,0.236,36,2026-05-13T10:00:44Z,2026-05-13T10:00:44Z
2351,446,59,duet,0.199,115,2026-05-13T10:00:44Z,2026-05-13T10:00:44Z
2352,454,60,inspired_by,0.539,183,2026-05-13T10:00:44Z,2026-05-13T10:00:44Z
2353,111,483,follows,0.349,10,2026-05-13T10:00:44Z,2026-05-13T10:00:44Z
2354,471,472,collaborates,0.244,177,2026-05-13T10:00:44Z,2026-05-13T10:00:44Z
2355,217,441,mentioned,0.821,86,2026-05-13T10:00:44Z,2026-05-13T10:00:44Z
2356,17,434,reshared,0.201,182,2026-05-13T10:00:44Z,2026-05-13T10:00:44Z
2358,95,414,duet,0.263,76,2026-05-13T10:00:44Z,2026-05-13T10:00:44Z
2359,239,327,inspired_by,0.291,184,2026-05-13T10:00:44Z,2026-05-13T10:00:44Z
2361,344,349,collaborates,0.357,21,2026-05-13T10:00:44Z,2026-05-13T10:00:44Z
2362,431,81,mentioned,0.671,113,2026-05-13T10:00:44Z,2026-05-13T10:00:44Z
2364,174,130,tagged,0.182,143,2026-05-13T10:00:44Z,2026-05-13T10:00:44Z
2365,93,345,duet,0.584,24,2026-05-13T10:00:44Z,2026-05-13T10:00:44Z
2366,474,329,inspired_by,0.364,142,2026-05-13T10:00:44Z,2026-05-13T10:00:44Z
2367,319,241,follows,0.973,93,2026-05-13T10:00:44Z,2026-05-13T10:00:44Z
2368,54,95,collaborates,0.305,28,2026-05-13T10:00:44Z,2026-05-13T10:00:44Z
2370,23,367,reshared,0.528,193,2026-05-13T10:00:44Z,2026-05-13T10:00:44Z
2371,132,28,tagged,0.495,109,2026-05-13T10:00:44Z,2026-05-13T10:00:44Z
2372,52,134,duet,0.184,135,2026-05-13T10:00:44Z,2026-05-13T10:00:44Z
2373,181,369,inspired_by,0.135,94,2026-05-13T10:00:44Z,2026-05-13T10:00:44Z
2374,401,161,follows,0.146,70,2026-05-13T10:00:44Z,2026-05-13T10:00:44Z
2376,175,424,mentioned,0.733,152,2026-05-13T10:00:44Z,2026-05-13T10:00:44Z
2377,139,489,reshared,0.448,80,2026-05-13T10:00:44Z,2026-05-13T10:00:44Z
2378,5,279,tagged,0.714,91,2026-05-13T10:00:44Z,2026-05-13T10:00:44Z
2380,463,191,inspired_by,0.445,4,2026-05-13T10:00:44Z,2026-05-13T10:00:44Z
2381,118,5,follows,0.939,185,2026-05-13T10:00:44Z,2026-05-13T10:00:44Z
2382,256,138,collaborates,0.539,161,2026-05-13T10:00:44Z,2026-05-13T10:00:44Z
2383,169,48,mentioned,0.907,81,2026-05-13T10:00:44Z,2026-05-13T10:00:44Z
2385,25,406,tagged,0.951,23,2026-05-13T10:00:44Z,2026-05-13T10:00:44Z
2386,412,381,duet,0.217,26,2026-05-13T10:00:44Z,2026-05-13T10:00:44Z
2387,358,345,inspired_by,0.583,151,2026-05-13T10:00:44Z,2026-05-13T10:00:44Z
2388,351,214,follows,0.428,88,2026-05-13T10:00:44Z,2026-05-13T10:00:44Z
2390,70,95,mentioned,0.612,125,2026-05-13T10:00:44Z,2026-05-13T10:00:44Z
2391,46,140,reshared,0.821,124,2026-05-13T10:00:44Z,2026-05-13T10:00:44Z
2392,367,202,tagged,0.106,161,2026-05-13T10:00:44Z,2026-05-13T10:00:44Z
2394,80,253,inspired_by,0.229,193,2026-05-13T10:00:44Z,2026-05-13T10:00:44Z
2395,350,231,follows,0.714,47,2026-05-13T10:00:44Z,2026-05-13T10:00:44Z
2396,351,419,collaborates,0.319,122,2026-05-13T10:00:44Z,2026-05-13T10:00:44Z
2398,183,146,reshared,0.258,29,2026-05-13T10:00:44Z,2026-05-13T10:00:44Z
2399,54,367,tagged,0.761,117,2026-05-13T10:00:44Z,2026-05-13T10:00:44Z
2400,92,68,duet,0.941,106,2026-05-13T10:00:44Z,2026-05-13T10:00:44Z
2401,153,354,inspired_by,0.584,175,2026-05-13T10:00:44Z,2026-05-13T10:00:44Z
2403,476,291,collaborates,0.198,171,2026-05-13T10:00:44Z,2026-05-13T10:00:44Z
2405,44,39,reshared,0.433,24,2026-05-13T10:00:44Z,2026-05-13T10:00:44Z
2406,348,90,tagged,0.956,182,2026-05-13T10:00:44Z,2026-05-13T10:00:44Z
2407,175,451,duet,0.428,70,2026-05-13T10:00:44Z,2026-05-13T10:00:44Z
2408,320,39,inspired_by,0.548,5,2026-05-13T10:00:44Z,2026-05-13T10:00:44Z
2409,94,109,follows,0.199,132,2026-05-13T10:00:44Z,2026-05-13T10:00:44Z
2410,178,319,collaborates,0.627,113,2026-05-13T10:00:44Z,2026-05-13T10:00:44Z
2412,54,201,reshared,0.848,40,2026-05-13T10:00:44Z,2026-05-13T10:00:44Z
2413,406,51,tagged,0.732,178,2026-05-13T10:00:44Z,2026-05-13T10:00:44Z
2414,157,436,duet,0.499,133,2026-05-13T10:00:44Z,2026-05-13T10:00:44Z
2415,314,444,inspired_by,0.303,120,2026-05-13T10:00:44Z,2026-05-13T10:00:44Z
2416,288,444,follows,0.1,32,2026-05-13T10:00:44Z,2026-05-13T10:00:44Z
2418,227,403,mentioned,0.328,98,2026-05-13T10:00:44Z,2026-05-13T10:00:44Z
2419,230,479,reshared,0.58,163,2026-05-13T10:00:44Z,2026-05-13T10:00:44Z
2420,291,385,tagged,0.201,37,2026-05-13T10:00:44Z,2026-05-13T10:00:44Z
2421,11,33,duet,0.319,193,2026-05-13T10:00:44Z,2026-05-13T10:00:44Z
2422,474,463,inspired_by,0.72,165,2026-05-13T10:00:44Z,2026-05-13T10:00:44Z
2423,61,165,follows,0.334,189,2026-05-13T10:00:44Z,2026-05-13T10:00:44Z
2424,272,288,collaborates,0.75,43,2026-05-13T10:00:44Z,2026-05-13T10:00:44Z
2426,113,42,reshared,0.718,59,2026-05-13T10:00:44Z,2026-05-13T10:00:44Z
2427,39,116,tagged,0.74,181,2026-05-13T10:00:44Z,2026-05-13T10:00:44Z
2428,329,273,duet,0.863,132,2026-05-13T10:00:44Z,2026-05-13T10:00:44Z
2429,477,231,inspired_by,0.61,110,2026-05-13T10:00:44Z,2026-05-13T10:00:44Z
2430,416,339,follows,0.987,187,2026-05-13T10:00:44Z,2026-05-13T10:00:44Z
2431,273,382,collaborates,0.417,3,2026-05-13T10:00:44Z,2026-05-13T10:00:44Z
2433,48,175,reshared,0.448,164,2026-05-13T10:00:44Z,2026-05-13T10:00:44Z
2434,427,393,tagged,0.526,20,2026-05-13T10:00:44Z,2026-05-13T10:00:44Z
2435,149,469,duet,0.89,127,2026-05-13T10:00:44Z,2026-05-13T10:00:44Z
2438,136,348,collaborates,0.233,32,2026-05-13T10:00:44Z,2026-05-13T10:00:44Z
2439,442,86,mentioned,0.626,127,2026-05-13T10:00:44Z,2026-05-13T10:00:44Z
2440,30,190,reshared,0.428,35,2026-05-13T10:00:44Z,2026-05-13T10:00:44Z
2441,290,48,tagged,0.756,107,2026-05-13T10:00:44Z,2026-05-13T10:00:44Z
2442,175,158,duet,0.783,55,2026-05-13T10:00:44Z,2026-05-13T10:00:44Z
2443,208,219,inspired_by,0.266,69,2026-05-13T10:00:44Z,2026-05-13T10:00:44Z
2444,111,232,follows,0.127,72,2026-05-13T10:00:44Z,2026-05-13T10:00:44Z
2446,336,416,mentioned,0.31,199,2026-05-13T10:00:44Z,2026-05-13T10:00:44Z
2447,260,477,reshared,0.51,185,2026-05-13T10:00:44Z,2026-05-13T10:00:44Z
2448,91,412,tagged,0.348,178,2026-05-13T10:00:44Z,2026-05-13T10:00:44Z
2450,422,121,inspired_by,0.43,46,2026-05-13T10:00:44Z,2026-05-13T10:00:44Z
2451,133,335,follows,0.768,100,2026-05-13T10:00:44Z,2026-05-13T10:00:44Z
2453,157,366,reshared,0.31,120,2026-05-13T10:00:44Z,2026-05-13T10:00:44Z
2454,85,59,tagged,0.161,37,2026-05-13T10:00:44Z,2026-05-13T10:00:44Z
2455,229,266,duet,0.244,7,2026-05-13T10:00:44Z,2026-05-13T10:00:44Z
2456,82,233,inspired_by,0.146,71,2026-05-13T10:00:44Z,2026-05-13T10:00:44Z
2458,289,429,collaborates,0.579,31,2026-05-13T10:00:44Z,2026-05-13T10:00:44Z
2459,91,424,mentioned,0.123,150,2026-05-13T10:00:44Z,2026-05-13T10:00:44Z
2461,331,206,tagged,0.493,89,2026-05-13T10:00:44Z,2026-05-13T10:00:44Z
2462,7,59,duet,0.813,127,2026-05-13T10:00:44Z,2026-05-13T10:00:44Z
2463,193,9,inspired_by,0.352,106,2026-05-13T10:00:44Z,2026-05-13T10:00:44Z
2464,345,159,follows,0.132,187,2026-05-13T10:00:44Z,2026-05-13T10:00:44Z
2465,288,440,collaborates,0.617,22,2026-05-13T10:00:44Z,2026-05-13T10:00:44Z
2466,184,274,mentioned,0.237,100,2026-05-13T10:00:44Z,2026-05-13T10:00:44Z
2468,331,18,tagged,0.963,28,2026-05-13T10:00:44Z,2026-05-13T10:00:44Z
2469,471,294,duet,0.534,36,2026-05-13T10:00:44Z,2026-05-13T10:00:44Z
2470,292,415,inspired_by,0.991,118,2026-05-13T10:00:44Z,2026-05-13T10:00:44Z
2471,50,490,follows,0.936,58,2026-05-13T10:00:44Z,2026-05-13T10:00:44Z
2473,373,295,mentioned,0.876,174,2026-05-13T10:00:44Z,2026-05-13T10:00:44Z
2474,54,59,reshared,0.348,56,2026-05-13T10:00:44Z,2026-05-13T10:00:44Z
2475,333,388,tagged,0.204,137,2026-05-13T10:00:44Z,2026-05-13T10:00:44Z
2476,77,369,duet,0.797,70,2026-05-13T10:00:44Z,2026-05-13T10:00:44Z
2477,302,374,inspired_by,0.741,59,2026-05-13T10:00:44Z,2026-05-13T10:00:44Z
2478,82,13,follows,0.576,137,2026-05-13T10:00:44Z,2026-05-13T10:00:44Z
2480,62,121,mentioned,0.344,73,2026-05-13T10:00:44Z,2026-05-13T10:00:44Z
2481,422,105,reshared,0.585,156,2026-05-13T10:00:44Z,2026-05-13T10:00:44Z
2482,77,116,tagged,0.477,127,2026-05-13T10:00:44Z,2026-05-13T10:00:44Z
2483,190,294,duet,0.879,150,2026-05-13T10:00:44Z,2026-05-13T10:00:44Z
2484,292,376,inspired_by,0.946,143,2026-05-13T10:00:44Z,2026-05-13T10:00:44Z
2485,372,315,follows,0.628,72,2026-05-13T10:00:44Z,2026-05-13T10:00:44Z
2486,292,306,collaborates,0.51,130,2026-05-13T10:00:44Z,2026-05-13T10:00:44Z
2487,51,128,mentioned,0.496,47,2026-05-13T10:00:44Z,2026-05-13T10:00:44Z
2488,180,269,reshared,0.681,107,2026-05-13T10:00:44Z,2026-05-13T10:00:44Z
2489,2,322,tagged,0.522,62,2026-05-13T10:00:44Z,2026-05-13T10:00:44Z
2491,177,284,inspired_by,0.141,152,2026-05-13T10:00:44Z,2026-05-13T10:00:44Z
2492,388,231,follows,0.462,130,2026-05-13T10:00:44Z,2026-05-13T10:00:44Z
2493,71,484,collaborates,0.937,143,2026-05-13T10:00:44Z,2026-05-13T10:00:44Z
2494,427,357,mentioned,0.113,192,2026-05-13T10:00:44Z,2026-05-13T10:00:44Z
2495,233,481,reshared,0.115,104,2026-05-13T10:00:44Z,2026-05-13T10:00:44Z
2496,384,32,tagged,0.252,78,2026-05-13T10:00:44Z,2026-05-13T10:00:44Z
2497,124,164,duet,0.155,116,2026-05-13T10:00:44Z,2026-05-13T10:00:44Z
2498,471,455,inspired_by,0.744,24,2026-05-13T10:00:44Z,2026-05-13T10:00:44Z
2499,107,311,follows,0.208,77,2026-05-13T10:00:44Z,2026-05-13T10:00:44Z
2500,45,421,collaborates,0.369,50,2026-05-13T10:00:44Z,2026-05-13T10:00:44Z
2501,121,182,mentioned,0.957,47,2026-05-13T10:00:44Z,2026-05-13T10:00:44Z
2502,135,325,reshared,0.545,95,2026-05-13T10:00:44Z,2026-05-13T10:00:44Z
2503,311,239,tagged,0.849,153,2026-05-13T10:00:44Z,2026-05-13T10:00:44Z
2504,128,77,duet,0.449,122,2026-05-13T10:00:44Z,2026-05-13T10:00:44Z
2505,448,53,inspired_by,0.404,149,2026-05-13T10:00:44Z,2026-05-13T10:00:44Z
2506,194,58,follows,0.789,73,2026-05-13T10:00:44Z,2026-05-13T10:00:44Z
2507,303,25,collaborates,0.192,192,2026-05-13T10:00:44Z,2026-05-13T10:00:44Z
2508,287,154,mentioned,0.287,143,2026-05-13T10:00:44Z,2026-05-13T10:00:44Z
2509,172,476,reshared,0.78,12,2026-05-13T10:00:44Z,2026-05-13T10:00:44Z
2510,357,326,tagged,0.877,176,2026-05-13T10:00:44Z,2026-05-13T10:00:44Z
2511,403,439,duet,0.412,44,2026-05-13T10:00:44Z,2026-05-13T10:00:44Z
2512,40,51,inspired_by,0.753,26,2026-05-13T10:00:44Z,2026-05-13T10:00:44Z
2513,363,225,follows,0.218,97,2026-05-13T10:00:44Z,2026-05-13T10:00:44Z
2514,479,32,collaborates,0.648,172,2026-05-13T10:00:44Z,2026-05-13T10:00:44Z
2515,207,27,mentioned,0.275,171,2026-05-13T10:00:44Z,2026-05-13T10:00:44Z
2516,479,345,reshared,0.274,196,2026-05-13T10:00:44Z,2026-05-13T10:00:44Z
2517,224,289,tagged,0.841,196,2026-05-13T10:00:44Z,2026-05-13T10:00:44Z
2518,402,124,duet,0.544,146,2026-05-13T10:00:44Z,2026-05-13T10:00:44Z
2519,491,337,inspired_by,0.968,95,2026-05-13T10:00:44Z,2026-05-13T10:00:44Z
2520,109,241,follows,0.541,71,2026-05-13T10:00:44Z,2026-05-13T10:00:44Z
2522,185,401,mentioned,0.621,153,2026-05-13T10:00:44Z,2026-05-13T10:00:44Z
2523,12,467,reshared,0.921,140,2026-05-13T10:00:44Z,2026-05-13T10:00:44Z
2524,180,29,tagged,0.879,55,2026-05-13T10:00:44Z,2026-05-13T10:00:44Z
2525,237,84,duet,0.281,179,2026-05-13T10:00:44Z,2026-05-13T10:00:44Z
2526,175,108,inspired_by,0.872,147,2026-05-13T10:00:44Z,2026-05-13T10:00:44Z
2527,71,47,follows,0.966,39,2026-05-13T10:00:44Z,2026-05-13T10:00:44Z
2528,273,49,collaborates,0.295,185,2026-05-13T10:00:44Z,2026-05-13T10:00:44Z
2529,142,315,mentioned,0.474,70,2026-05-13T10:00:44Z,2026-05-13T10:00:44Z
2530,255,380,reshared,0.775,96,2026-05-13T10:00:44Z,2026-05-13T10:00:44Z
2531,265,362,tagged,0.715,37,2026-05-13T10:00:44Z,2026-05-13T10:00:44Z
2532,152,177,duet,0.102,96,2026-05-13T10:00:44Z,2026-05-13T10:00:44Z
2533,420,81,inspired_by,0.438,115,2026-05-13T10:00:44Z,2026-05-13T10:00:44Z
2534,349,171,follows,0.185,130,2026-05-13T10:00:44Z,2026-05-13T10:00:44Z
2535,162,201,collaborates,0.778,186,2026-05-13T10:00:44Z,2026-05-13T10:00:44Z
2536,450,391,mentioned,0.727,63,2026-05-13T10:00:44Z,2026-05-13T10:00:44Z
2537,291,162,reshared,0.145,176,2026-05-13T10:00:44Z,2026-05-13T10:00:44Z
2538,408,303,tagged,0.777,5,2026-05-13T10:00:44Z,2026-05-13T10:00:44Z
2539,445,435,duet,0.175,133,2026-05-13T10:00:44Z,2026-05-13T10:00:44Z
2540,284,423,inspired_by,0.297,199,2026-05-13T10:00:44Z,2026-05-13T10:00:44Z
2541,128,166,follows,0.794,53,2026-05-13T10:00:44Z,2026-05-13T10:00:44Z
2542,220,153,collaborates,0.62,123,2026-05-13T10:00:44Z,2026-05-13T10:00:44Z
2543,25,83,mentioned,0.353,87,2026-05-13T10:00:44Z,2026-05-13T10:00:44Z
2544,280,220,reshared,0.811,27,2026-05-13T10:00:44Z,2026-05-13T10:00:44Z
2545,32,361,tagged,0.162,28,2026-05-13T10:00:44Z,2026-05-13T10:00:44Z
2546,479,371,duet,0.551,151,2026-05-13T10:00:44Z,2026-05-13T10:00:44Z
2547,25,226,inspired_by,0.316,58,2026-05-13T10:00:44Z,2026-05-13T10:00:44Z
2548,103,154,follows,0.682,118,2026-05-13T10:00:44Z,2026-05-13T10:00:44Z
2549,367,258,collaborates,0.275,73,2026-05-13T10:00:44Z,2026-05-13T10:00:44Z
2550,53,135,mentioned,0.936,128,2026-05-13T10:00:44Z,2026-05-13T10:00:44Z
2552,31,267,tagged,0.236,193,2026-05-13T10:00:44Z,2026-05-13T10:00:44Z
2553,304,75,duet,0.823,110,2026-05-13T10:00:44Z,2026-05-13T10:00:44Z
2554,302,354,inspired_by,0.78,62,2026-05-13T10:00:44Z,2026-05-13T10:00:44Z
2555,391,6,follows,0.595,131,2026-05-13T10:00:44Z,2026-05-13T10:00:44Z
2556,307,111,collaborates,0.285,159,2026-05-13T10:00:44Z,2026-05-13T10:00:44Z
2557,341,234,mentioned,0.818,135,2026-05-13T10:00:44Z,2026-05-13T10:00:44Z
2558,355,353,reshared,0.795,112,2026-05-13T10:00:44Z,2026-05-13T10:00:44Z
2559,32,191,tagged,0.585,8,2026-05-13T10:00:44Z,2026-05-13T10:00:44Z
2560,146,321,duet,0.754,133,2026-05-13T10:00:44Z,2026-05-13T10:00:44Z
2561,301,22,inspired_by,0.855,164,2026-05-13T10:00:44Z,2026-05-13T10:00:44Z
2563,264,366,collaborates,0.118,146,2026-05-13T10:00:44Z,2026-05-13T10:00:44Z
2566,129,454,tagged,0.576,136,2026-05-13T10:00:44Z,2026-05-13T10:00:44Z
2567,265,169,duet,0.63,182,2026-05-13T10:00:44Z,2026-05-13T10:00:44Z
2568,184,237,inspired_by,0.979,82,2026-05-13T10:00:44Z,2026-05-13T10:00:44Z
2569,28,192,follows,0.532,132,2026-05-13T10:00:44Z,2026-05-13T10:00:44Z
2570,308,52,collaborates,0.403,46,2026-05-13T10:00:44Z,2026-05-13T10:00:44Z
2571,109,402,mentioned,0.466,44,2026-05-13T10:00:44Z,2026-05-13T10:00:44Z
2572,419,103,reshared,0.776,174,2026-05-13T10:00:44Z,2026-05-13T10:00:44Z
2574,283,126,duet,0.414,31,2026-05-13T10:00:44Z,2026-05-13T10:00:44Z
2575,190,211,inspired_by,0.761,82,2026-05-13T10:00:44Z,2026-05-13T10:00:44Z
2576,435,430,follows,0.955,118,2026-05-13T10:00:44Z,2026-05-13T10:00:44Z
2578,117,380,mentioned,0.48,6,2026-05-13T10:00:44Z,2026-05-13T10:00:44Z
2579,459,237,reshared,0.104,23,2026-05-13T10:00:44Z,2026-05-13T10:00:44Z
2580,65,138,tagged,0.597,9,2026-05-13T10:00:44Z,2026-05-13T10:00:44Z
2581,470,202,duet,0.522,189,2026-05-13T10:00:44Z,2026-05-13T10:00:44Z
2582,362,161,inspired_by,0.603,88,2026-05-13T10:00:44Z,2026-05-13T10:00:44Z
2583,402,106,follows,0.16,102,2026-05-13T10:00:44Z,2026-05-13T10:00:44Z
2584,482,141,collaborates,0.841,71,2026-05-13T10:00:44Z,2026-05-13T10:00:44Z
2585,156,391,mentioned,0.413,19,2026-05-13T10:00:44Z,2026-05-13T10:00:44Z
2586,482,85,reshared,0.907,87,2026-05-13T10:00:44Z,2026-05-13T10:00:44Z
2587,48,406,tagged,0.705,141,2026-05-13T10:00:44Z,2026-05-13T10:00:44Z
2588,263,443,duet,0.275,69,2026-05-13T10:00:44Z,2026-05-13T10:00:44Z
2589,412,101,inspired_by,0.422,124,2026-05-13T10:00:44Z,2026-05-13T10:00:44Z
2591,351,224,collaborates,0.674,44,2026-05-13T10:00:44Z,2026-05-13T10:00:44Z
2592,30,121,mentioned,0.444,50,2026-05-13T10:00:44Z,2026-05-13T10:00:44Z
2593,137,173,reshared,0.285,23,2026-05-13T10:00:44Z,2026-05-13T10:00:44Z
2594,223,221,tagged,0.532,11,2026-05-13T10:00:44Z,2026-05-13T10:00:44Z
2595,117,70,duet,0.691,54,2026-05-13T10:00:44Z,2026-05-13T10:00:44Z
2596,112,370,inspired_by,0.806,131,2026-05-13T10:00:44Z,2026-05-13T10:00:44Z
2597,206,209,follows,0.219,37,2026-05-13T10:00:44Z,2026-05-13T10:00:44Z
2598,391,421,collaborates,0.376,7,2026-05-13T10:00:44Z,2026-05-13T10:00:44Z
2599,124,484,mentioned,0.379,9,2026-05-13T10:00:44Z,2026-05-13T10:00:44Z
2600,206,137,reshared,0.719,75,2026-05-13T10:00:44Z,2026-05-13T10:00:44Z
2601,88,431,tagged,0.838,197,2026-05-13T10:00:44Z,2026-05-13T10:00:44Z
2602,172,331,duet,0.456,16,2026-05-13T10:00:44Z,2026-05-13T10:00:44Z
2603,170,8,inspired_by,0.903,86,2026-05-13T10:00:44Z,2026-05-13T10:00:44Z
2604,129,402,follows,0.648,27,2026-05-13T10:00:44Z,2026-05-13T10:00:44Z
2605,432,379,collaborates,0.46,171,2026-05-13T10:00:44Z,2026-05-13T10:00:44Z
2606,50,339,mentioned,0.353,106,2026-05-13T10:00:44Z,2026-05-13T10:00:44Z
2607,166,253,reshared,0.238,174,2026-05-13T10:00:44Z,2026-05-13T10:00:44Z
2608,358,83,tagged,0.484,83,2026-05-13T10:00:44Z,2026-05-13T10:00:44Z
2609,10,235,duet,0.332,115,2026-05-13T10:00:44Z,2026-05-13T10:00:44Z
2610,210,89,inspired_by,0.76,153,2026-05-13T10:00:44Z,2026-05-13T10:00:44Z
2611,216,12,follows,0.649,12,2026-05-13T10:00:44Z,2026-05-13T10:00:44Z
2612,332,450,collaborates,0.246,27,2026-05-13T10:00:44Z,2026-05-13T10:00:44Z
2613,371,349,mentioned,0.906,104,2026-05-13T10:00:44Z,2026-05-13T10:00:44Z
2614,444,254,tagged,0.453,194,2026-05-13T10:00:44Z,2026-05-13T10:00:44Z
2615,421,39,duet,0.857,164,2026-05-13T10:00:44Z,2026-05-13T10:00:44Z
2616,242,179,inspired_by,0.543,30,2026-05-13T10:00:44Z,2026-05-13T10:00:44Z
2617,3,339,follows,0.999,68,2026-05-13T10:00:44Z,2026-05-13T10:00:44Z
2618,441,157,collaborates,0.815,3,2026-05-13T10:00:44Z,2026-05-13T10:00:44Z
2619,448,382,mentioned,0.644,89,2026-05-13T10:00:44Z,2026-05-13T10:00:44Z
2620,325,46,reshared,0.302,10,2026-05-13T10:00:44Z,2026-05-13T10:00:44Z
2621,192,342,tagged,0.222,66,2026-05-13T10:00:44Z,2026-05-13T10:00:44Z
2622,457,202,duet,0.507,23,2026-05-13T10:00:44Z,2026-05-13T10:00:44Z
2623,322,132,inspired_by,0.102,45,2026-05-13T10:00:44Z,2026-05-13T10:00:44Z
2624,63,457,follows,0.257,123,2026-05-13T10:00:44Z,2026-05-13T10:00:44Z
2625,367,331,collaborates,0.331,12,2026-05-13T10:00:44Z,2026-05-13T10:00:44Z
2626,221,270,mentioned,0.748,161,2026-05-13T10:00:44Z,2026-05-13T10:00:44Z
2627,146,281,reshared,0.47,113,2026-05-13T10:00:44Z,2026-05-13T10:00:44Z
2630,381,464,inspired_by,0.339,132,2026-05-13T10:00:44Z,2026-05-13T10:00:44Z
2631,471,1,follows,0.609,5,2026-05-13T10:00:44Z,2026-05-13T10:00:44Z
2632,123,476,collaborates,0.663,132,2026-05-13T10:00:44Z,2026-05-13T10:00:44Z
2633,221,423,mentioned,0.552,23,2026-05-13T10:00:44Z,2026-05-13T10:00:44Z
2634,315,464,reshared,0.872,137,2026-05-13T10:00:44Z,2026-05-13T10:00:44Z
2635,132,269,tagged,0.905,108,2026-05-13T10:00:44Z,2026-05-13T10:00:44Z
2636,14,234,duet,0.426,86,2026-05-13T10:00:44Z,2026-05-13T10:00:44Z
2637,121,77,inspired_by,0.681,180,2026-05-13T10:00:44Z,2026-05-13T10:00:44Z
2638,430,217,follows,0.348,141,2026-05-13T10:00:44Z,2026-05-13T10:00:44Z
2639,332,404,collaborates,0.175,140,2026-05-13T10:00:44Z,2026-05-13T10:00:44Z
2640,255,170,mentioned,0.52,149,2026-05-13T10:00:44Z,2026-05-13T10:00:44Z
2641,213,449,reshared,0.709,50,2026-05-13T10:00:44Z,2026-05-13T10:00:44Z
2642,276,433,tagged,0.938,9,2026-05-13T10:00:44Z,2026-05-13T10:00:44Z
2643,257,24,duet,0.964,160,2026-05-13T10:00:44Z,2026-05-13T10:00:44Z
2644,207,309,inspired_by,0.18,41,2026-05-13T10:00:44Z,2026-05-13T10:00:44Z
2645,77,104,follows,0.934,25,2026-05-13T10:00:44Z,2026-05-13T10:00:44Z
2646,202,443,collaborates,0.426,25,2026-05-13T10:00:44Z,2026-05-13T10:00:44Z
2647,336,288,mentioned,0.829,32,2026-05-13T10:00:44Z,2026-05-13T10:00:44Z
2648,143,160,reshared,0.488,140,2026-05-13T10:00:44Z,2026-05-13T10:00:44Z
2649,227,281,tagged,0.809,117,2026-05-13T10:00:44Z,2026-05-13T10:00:44Z
2650,176,145,duet,0.524,153,2026-05-13T10:00:44Z,2026-05-13T10:00:44Z
2652,34,179,follows,0.915,166,2026-05-13T10:00:44Z,2026-05-13T10:00:44Z
2653,17,5,collaborates,0.84,185,2026-05-13T10:00:44Z,2026-05-13T10:00:44Z
2654,122,408,mentioned,0.884,24,2026-05-13T10:00:44Z,2026-05-13T10:00:44Z
2656,102,178,tagged,0.768,196,2026-05-13T10:00:44Z,2026-05-13T10:00:44Z
2657,304,367,duet,0.449,155,2026-05-13T10:00:44Z,2026-05-13T10:00:44Z
2658,453,275,inspired_by,0.972,72,2026-05-13T10:00:44Z,2026-05-13T10:00:44Z
2659,402,310,follows,0.477,96,2026-05-13T10:00:44Z,2026-05-13T10:00:44Z
2660,131,132,collaborates,0.961,143,2026-05-13T10:00:44Z,2026-05-13T10:00:44Z
2661,293,311,mentioned,0.179,107,2026-05-13T10:00:44Z,2026-05-13T10:00:44Z
2662,76,149,reshared,0.836,192,2026-05-13T10:00:44Z,2026-05-13T10:00:44Z
2664,322,105,duet,0.776,164,2026-05-13T10:00:44Z,2026-05-13T10:00:44Z
2665,174,45,inspired_by,0.165,197,2026-05-13T10:00:44Z,2026-05-13T10:00:44Z
2666,454,430,follows,0.27,170,2026-05-13T10:00:44Z,2026-05-13T10:00:44Z
2667,314,119,collaborates,0.465,103,2026-05-13T10:00:44Z,2026-05-13T10:00:44Z
2668,48,407,mentioned,0.852,19,2026-05-13T10:00:44Z,2026-05-13T10:00:44Z
2670,327,276,tagged,0.95,135,2026-05-13T10:00:44Z,2026-05-13T10:00:44Z
2671,464,406,duet,0.406,115,2026-05-13T10:00:44Z,2026-05-13T10:00:44Z
2672,380,354,inspired_by,0.261,35,2026-05-13T10:00:44Z,2026-05-13T10:00:44Z
2673,354,241,follows,0.52,38,2026-05-13T10:00:44Z,2026-05-13T10:00:44Z
2674,71,72,collaborates,0.613,47,2026-05-13T10:00:44Z,2026-05-13T10:00:44Z
2676,64,321,reshared,0.15,36,2026-05-13T10:00:44Z,2026-05-13T10:00:44Z
2677,341,405,tagged,0.93,64,2026-05-13T10:00:44Z,2026-05-13T10:00:44Z
2678,380,342,duet,0.548,60,2026-05-13T10:00:44Z,2026-05-13T10:00:44Z
2679,450,203,inspired_by,0.609,139,2026-05-13T10:00:44Z,2026-05-13T10:00:44Z
2680,293,181,follows,0.121,72,2026-05-13T10:00:44Z,2026-05-13T10:00:44Z
2681,360,428,collaborates,0.732,48,2026-05-13T10:00:44Z,2026-05-13T10:00:44Z
2683,486,215,reshared,0.65,158,2026-05-13T10:00:44Z,2026-05-13T10:00:44Z
2685,319,129,duet,0.907,109,2026-05-13T10:00:44Z,2026-05-13T10:00:44Z
2686,205,332,inspired_by,0.522,127,2026-05-13T10:00:44Z,2026-05-13T10:00:44Z
2687,443,16,follows,0.898,147,2026-05-13T10:00:44Z,2026-05-13T10:00:44Z
2688,253,292,collaborates,0.635,121,2026-05-13T10:00:44Z,2026-05-13T10:00:44Z
2689,179,370,mentioned,0.542,21,2026-05-13T10:00:44Z,2026-05-13T10:00:44Z
2690,29,190,reshared,0.254,136,2026-05-13T10:00:44Z,2026-05-13T10:00:44Z
2691,128,263,tagged,0.201,197,2026-05-13T10:00:44Z,2026-05-13T10:00:44Z
2692,342,173,duet,0.94,113,2026-05-13T10:00:44Z,2026-05-13T10:00:44Z
2693,331,227,inspired_by,0.319,3,2026-05-13T10:00:44Z,2026-05-13T10:00:44Z
2694,22,242,follows,0.997,127,2026-05-13T10:00:44Z,2026-05-13T10:00:44Z
2695,444,290,collaborates,0.98,97,2026-05-13T10:00:44Z,2026-05-13T10:00:44Z
2696,491,455,mentioned,0.64,71,2026-05-13T10:00:44Z,2026-05-13T10:00:44Z
2697,93,51,reshared,0.905,55,2026-05-13T10:00:44Z,2026-05-13T10:00:44Z
2698,190,13,tagged,0.387,181,2026-05-13T10:00:44Z,2026-05-13T10:00:44Z
2699,391,5,duet,0.581,23,2026-05-13T10:00:44Z,2026-05-13T10:00:44Z
2702,43,291,collaborates,0.316,54,2026-05-13T10:00:44Z,2026-05-13T10:00:44Z
2703,168,231,mentioned,0.63,12,2026-05-13T10:00:44Z,2026-05-13T10:00:44Z
2704,154,379,reshared,0.133,90,2026-05-13T10:00:44Z,2026-05-13T10:00:44Z
2705,313,4,tagged,0.334,17,2026-05-13T10:00:44Z,2026-05-13T10:00:44Z
2706,186,124,duet,0.527,94,2026-05-13T10:00:44Z,2026-05-13T10:00:44Z
2707,232,382,inspired_by,0.21,15,2026-05-13T10:00:44Z,2026-05-13T10:00:44Z
2709,354,357,collaborates,0.14,18,2026-05-13T10:00:44Z,2026-05-13T10:00:44Z
2710,254,413,mentioned,0.66,106,2026-05-13T10:00:44Z,2026-05-13T10:00:44Z
2711,281,238,reshared,0.398,139,2026-05-13T10:00:44Z,2026-05-13T10:00:44Z
2712,392,175,tagged,0.421,87,2026-05-13T10:00:44Z,2026-05-13T10:00:44Z
2713,9,390,duet,0.274,81,2026-05-13T10:00:44Z,2026-05-13T10:00:44Z
2714,322,332,inspired_by,0.141,192,2026-05-13T10:00:44Z,2026-05-13T10:00:44Z
2715,446,428,follows,0.666,196,2026-05-13T10:00:44Z,2026-05-13T10:00:44Z
2716,388,221,collaborates,0.698,13,2026-05-13T10:00:44Z,2026-05-13T10:00:44Z
2719,242,291,tagged,0.802,35,2026-05-13T10:00:44Z,2026-05-13T10:00:44Z
2721,281,155,inspired_by,0.529,110,2026-05-13T10:00:44Z,2026-05-13T10:00:44Z
2722,429,126,follows,0.425,125,2026-05-13T10:00:44Z,2026-05-13T10:00:44Z
2723,294,331,collaborates,0.161,61,2026-05-13T10:00:44Z,2026-05-13T10:00:44Z
2724,142,141,mentioned,0.63,153,2026-05-13T10:00:44Z,2026-05-13T10:00:44Z
2725,58,234,reshared,0.574,82,2026-05-13T10:00:44Z,2026-05-13T10:00:44Z
2726,7,165,tagged,0.677,102,2026-05-13T10:00:44Z,2026-05-13T10:00:44Z
2727,189,478,duet,0.621,52,2026-05-13T10:00:44Z,2026-05-13T10:00:44Z
2729,92,52,follows,0.577,132,2026-05-13T10:00:44Z,2026-05-13T10:00:44Z
2730,346,13,collaborates,0.718,158,2026-05-13T10:00:44Z,2026-05-13T10:00:44Z
2731,151,105,mentioned,0.22,179,2026-05-13T10:00:44Z,2026-05-13T10:00:44Z
2732,464,279,reshared,0.978,122,2026-05-13T10:00:44Z,2026-05-13T10:00:44Z
2733,33,151,tagged,0.623,124,2026-05-13T10:00:44Z,2026-05-13T10:00:44Z
2734,82,267,duet,0.996,191,2026-05-13T10:00:44Z,2026-05-13T10:00:44Z
2735,142,28,inspired_by,0.828,76,2026-05-13T10:00:44Z,2026-05-13T10:00:44Z
2737,383,294,collaborates,0.969,198,2026-05-13T10:00:44Z,2026-05-13T10:00:44Z
2738,154,136,mentioned,0.604,85,2026-05-13T10:00:44Z,2026-05-13T10:00:44Z
2739,338,325,reshared,0.376,191,2026-05-13T10:00:44Z,2026-05-13T10:00:44Z
2740,443,303,tagged,0.205,90,2026-05-13T10:00:44Z,2026-05-13T10:00:44Z
2741,138,79,duet,0.892,134,2026-05-13T10:00:44Z,2026-05-13T10:00:44Z
2742,242,220,inspired_by,0.491,95,2026-05-13T10:00:44Z,2026-05-13T10:00:44Z
2743,79,167,follows,0.135,181,2026-05-13T10:00:44Z,2026-05-13T10:00:44Z
2744,412,389,collaborates,0.618,18,2026-05-13T10:00:44Z,2026-05-13T10:00:44Z
2746,414,263,reshared,0.129,151,2026-05-13T10:00:44Z,2026-05-13T10:00:44Z
2747,476,437,tagged,0.619,14,2026-05-13T10:00:44Z,2026-05-13T10:00:44Z
2748,79,55,duet,0.466,114,2026-05-13T10:00:44Z,2026-05-13T10:00:44Z
2749,107,339,inspired_by,0.144,139,2026-05-13T10:00:44Z,2026-05-13T10:00:44Z
2750,128,265,follows,0.332,188,2026-05-13T10:00:44Z,2026-05-13T10:00:44Z
2751,460,3,collaborates,0.91,30,2026-05-13T10:00:44Z,2026-05-13T10:00:44Z
2752,34,67,mentioned,0.558,100,2026-05-13T10:00:44Z,2026-05-13T10:00:44Z
2754,74,73,tagged,0.284,50,2026-05-13T10:00:44Z,2026-05-13T10:00:44Z
2755,24,225,duet,0.763,130,2026-05-13T10:00:44Z,2026-05-13T10:00:44Z
2756,275,413,inspired_by,0.139,76,2026-05-13T10:00:44Z,2026-05-13T10:00:44Z
2757,14,44,follows,0.642,20,2026-05-13T10:00:44Z,2026-05-13T10:00:44Z
2758,163,410,collaborates,0.123,149,2026-05-13T10:00:44Z,2026-05-13T10:00:44Z
2759,51,389,mentioned,0.466,182,2026-05-13T10:00:44Z,2026-05-13T10:00:44Z
2760,330,266,reshared,0.327,145,2026-05-13T10:00:44Z,2026-05-13T10:00:44Z
2761,43,389,tagged,0.828,62,2026-05-13T10:00:44Z,2026-05-13T10:00:44Z
2762,128,301,duet,0.835,53,2026-05-13T10:00:44Z,2026-05-13T10:00:44Z
2763,72,386,inspired_by,0.411,163,2026-05-13T10:00:44Z,2026-05-13T10:00:44Z
2764,187,148,follows,0.385,192,2026-05-13T10:00:44Z,2026-05-13T10:00:44Z
2766,476,263,mentioned,0.32,172,2026-05-13T10:00:44Z,2026-05-13T10:00:44Z
2767,486,306,reshared,0.689,164,2026-05-13T10:00:44Z,2026-05-13T10:00:44Z
2768,339,225,tagged,0.977,27,2026-05-13T10:00:44Z,2026-05-13T10:00:44Z
2769,122,268,duet,0.964,163,2026-05-13T10:00:44Z,2026-05-13T10:00:44Z
2770,222,423,inspired_by,0.678,35,2026-05-13T10:00:44Z,2026-05-13T10:00:44Z
2771,430,465,follows,0.924,142,2026-05-13T10:00:44Z,2026-05-13T10:00:44Z
2772,67,169,collaborates,0.74,40,2026-05-13T10:00:44Z,2026-05-13T10:00:44Z
2773,144,322,mentioned,0.379,128,2026-05-13T10:00:44Z,2026-05-13T10:00:44Z
2775,203,228,tagged,0.217,189,2026-05-13T10:00:44Z,2026-05-13T10:00:44Z
2776,34,389,duet,0.459,79,2026-05-13T10:00:44Z,2026-05-13T10:00:44Z
2777,163,151,inspired_by,0.674,166,2026-05-13T10:00:44Z,2026-05-13T10:00:44Z
2778,79,471,follows,0.224,193,2026-05-13T10:00:44Z,2026-05-13T10:00:44Z
2779,221,81,collaborates,0.198,21,2026-05-13T10:00:44Z,2026-05-13T10:00:44Z
2780,431,470,mentioned,0.154,57,2026-05-13T10:00:44Z,2026-05-13T10:00:44Z
2781,136,474,reshared,0.514,153,2026-05-13T10:00:44Z,2026-05-13T10:00:44Z
2782,469,278,tagged,0.288,132,2026-05-13T10:00:44Z,2026-05-13T10:00:44Z
2783,4,45,duet,0.791,104,2026-05-13T10:00:44Z,2026-05-13T10:00:44Z
2784,320,21,inspired_by,0.609,41,2026-05-13T10:00:44Z,2026-05-13T10:00:44Z
2785,125,272,follows,0.586,59,2026-05-13T10:00:44Z,2026-05-13T10:00:44Z
2786,148,417,collaborates,0.247,148,2026-05-13T10:00:44Z,2026-05-13T10:00:44Z
2787,402,206,mentioned,0.769,190,2026-05-13T10:00:44Z,2026-05-13T10:00:44Z
2788,223,320,reshared,0.421,137,2026-05-13T10:00:44Z,2026-05-13T10:00:44Z
2789,210,290,tagged,0.743,5,2026-05-13T10:00:44Z,2026-05-13T10:00:44Z
2792,491,346,follows,0.254,140,2026-05-13T10:00:44Z,2026-05-13T10:00:44Z
2793,352,319,collaborates,0.459,36,2026-05-13T10:00:44Z,2026-05-13T10:00:44Z
2796,106,278,tagged,0.413,87,2026-05-13T10:00:44Z,2026-05-13T10:00:44Z
2797,335,237,duet,0.588,2,2026-05-13T10:00:44Z,2026-05-13T10:00:44Z
2798,320,304,inspired_by,0.589,130,2026-05-13T10:00:44Z,2026-05-13T10:00:44Z
2799,471,437,follows,0.196,60,2026-05-13T10:00:44Z,2026-05-13T10:00:44Z
2800,271,165,collaborates,0.498,107,2026-05-13T10:00:44Z,2026-05-13T10:00:44Z
2801,34,70,mentioned,0.218,52,2026-05-13T10:00:44Z,2026-05-13T10:00:44Z
2803,390,213,tagged,0.487,114,2026-05-13T10:00:44Z,2026-05-13T10:00:44Z
2805,436,438,inspired_by,0.837,130,2026-05-13T10:00:44Z,2026-05-13T10:00:44Z
2806,158,352,follows,0.415,135,2026-05-13T10:00:44Z,2026-05-13T10:00:44Z
2808,274,229,mentioned,0.665,90,2026-05-13T10:00:44Z,2026-05-13T10:00:44Z
2809,170,417,reshared,0.698,18,2026-05-13T10:00:44Z,2026-05-13T10:00:44Z
2810,464,64,tagged,0.321,95,2026-05-13T10:00:44Z,2026-05-13T10:00:44Z
2811,449,478,duet,0.62,165,2026-05-13T10:00:44Z,2026-05-13T10:00:44Z
2812,9,157,inspired_by,0.754,169,2026-05-13T10:00:44Z,2026-05-13T10:00:44Z
2813,384,455,follows,0.955,174,2026-05-13T10:00:44Z,2026-05-13T10:00:44Z
2814,25,389,collaborates,0.288,121,2026-05-13T10:00:44Z,2026-05-13T10:00:44Z
2816,415,201,reshared,0.335,28,2026-05-13T10:00:44Z,2026-05-13T10:00:44Z
2817,138,47,tagged,0.692,24,2026-05-13T10:00:44Z,2026-05-13T10:00:44Z
2818,260,10,duet,0.597,160,2026-05-13T10:00:44Z,2026-05-13T10:00:44Z
2819,425,195,inspired_by,0.526,68,2026-05-13T10:00:44Z,2026-05-13T10:00:44Z
2820,17,38,follows,0.568,64,2026-05-13T10:00:44Z,2026-05-13T10:00:44Z
2821,213,211,collaborates,0.306,121,2026-05-13T10:00:44Z,2026-05-13T10:00:44Z
2822,127,412,mentioned,0.151,198,2026-05-13T10:00:44Z,2026-05-13T10:00:44Z
2823,226,137,reshared,0.564,157,2026-05-13T10:00:44Z,2026-05-13T10:00:44Z
2825,33,116,duet,0.949,109,2026-05-13T10:00:44Z,2026-05-13T10:00:44Z
2826,166,137,inspired_by,0.681,129,2026-05-13T10:00:44Z,2026-05-13T10:00:44Z
2827,159,209,follows,0.289,17,2026-05-13T10:00:44Z,2026-05-13T10:00:44Z
2828,427,359,collaborates,0.934,17,2026-05-13T10:00:44Z,2026-05-13T10:00:44Z
2829,19,415,mentioned,0.131,20,2026-05-13T10:00:44Z,2026-05-13T10:00:44Z
2830,121,156,reshared,0.219,148,2026-05-13T10:00:44Z,2026-05-13T10:00:44Z
2831,184,85,tagged,0.916,14,2026-05-13T10:00:44Z,2026-05-13T10:00:44Z
2832,259,81,duet,0.995,186,2026-05-13T10:00:44Z,2026-05-13T10:00:44Z
2833,311,205,inspired_by,0.895,74,2026-05-13T10:00:44Z,2026-05-13T10:00:44Z
2834,175,82,follows,0.97,151,2026-05-13T10:00:44Z,2026-05-13T10:00:44Z
2835,419,216,collaborates,0.72,25,2026-05-13T10:00:44Z,2026-05-13T10:00:44Z
2836,279,484,mentioned,0.167,99,2026-05-13T10:00:44Z,2026-05-13T10:00:44Z
2837,61,270,reshared,0.899,157,2026-05-13T10:00:44Z,2026-05-13T10:00:44Z
2838,405,366,tagged,0.94,88,2026-05-13T10:00:44Z,2026-05-13T10:00:44Z
2839,201,418,duet,0.651,172,2026-05-13T10:00:44Z,2026-05-13T10:00:44Z
2840,218,315,inspired_by,0.618,190,2026-05-13T10:00:44Z,2026-05-13T10:00:44Z
2841,413,47,follows,0.509,45,2026-05-13T10:00:44Z,2026-05-13T10:00:44Z
2842,440,439,collaborates,0.852,178,2026-05-13T10:00:44Z,2026-05-13T10:00:44Z
2843,139,355,mentioned,0.303,162,2026-05-13T10:00:44Z,2026-05-13T10:00:44Z
2844,148,102,reshared,0.312,99,2026-05-13T10:00:44Z,2026-05-13T10:00:44Z
2845,355,391,tagged,0.865,70,2026-05-13T10:00:44Z,2026-05-13T10:00:44Z
2846,447,456,duet,0.432,9,2026-05-13T10:00:44Z,2026-05-13T10:00:44Z
2849,262,71,collaborates,0.413,93,2026-05-13T10:00:44Z,2026-05-13T10:00:44Z
2850,431,447,mentioned,0.449,81,2026-05-13T10:00:44Z,2026-05-13T10:00:44Z
2851,134,56,reshared,0.637,25,2026-05-13T10:00:44Z,2026-05-13T10:00:44Z
2852,468,83,tagged,0.942,26,2026-05-13T10:00:44Z,2026-05-13T10:00:44Z
2853,317,228,duet,0.291,71,2026-05-13T10:00:44Z,2026-05-13T10:00:44Z
2854,279,464,inspired_by,0.995,22,2026-05-13T10:00:44Z,2026-05-13T10:00:44Z
2855,290,339,follows,0.119,140,2026-05-13T10:00:44Z,2026-05-13T10:00:44Z
2856,214,268,collaborates,0.627,163,2026-05-13T10:00:44Z,2026-05-13T10:00:44Z
2857,425,282,mentioned,0.348,36,2026-05-13T10:00:44Z,2026-05-13T10:00:44Z
2858,58,307,reshared,0.911,198,2026-05-13T10:00:44Z,2026-05-13T10:00:44Z
2859,446,220,tagged,0.526,172,2026-05-13T10:00:44Z,2026-05-13T10:00:44Z
2860,48,150,duet,0.254,182,2026-05-13T10:00:44Z,2026-05-13T10:00:44Z
2861,471,220,inspired_by,0.236,75,2026-05-13T10:00:44Z,2026-05-13T10:00:44Z
2862,239,346,follows,0.82,25,2026-05-13T10:00:44Z,2026-05-13T10:00:44Z
2863,409,182,collaborates,0.248,63,2026-05-13T10:00:44Z,2026-05-13T10:00:44Z
2864,223,478,mentioned,0.3,28,2026-05-13T10:00:44Z,2026-05-13T10:00:44Z
2865,338,429,reshared,0.372,14,2026-05-13T10:00:44Z,2026-05-13T10:00:44Z
2866,390,411,tagged,0.212,110,2026-05-13T10:00:44Z,2026-05-13T10:00:44Z
2867,447,337,duet,0.293,133,2026-05-13T10:00:44Z,2026-05-13T10:00:44Z
2868,123,82,inspired_by,0.115,109,2026-05-13T10:00:44Z,2026-05-13T10:00:44Z
2869,68,85,follows,0.169,184,2026-05-13T10:00:44Z,2026-05-13T10:00:44Z
2870,122,190,collaborates,0.945,139,2026-05-13T10:00:44Z,2026-05-13T10:00:44Z
2871,463,217,mentioned,0.541,114,2026-05-13T10:00:44Z,2026-05-13T10:00:44Z
2872,294,61,reshared,0.218,119,2026-05-13T10:00:44Z,2026-05-13T10:00:44Z
2873,158,382,tagged,0.937,177,2026-05-13T10:00:44Z,2026-05-13T10:00:44Z
2874,70,146,duet,0.516,173,2026-05-13T10:00:44Z,2026-05-13T10:00:44Z
2875,66,180,inspired_by,0.135,147,2026-05-13T10:00:44Z,2026-05-13T10:00:44Z
2876,427,402,follows,0.703,193,2026-05-13T10:00:44Z,2026-05-13T10:00:44Z
2877,266,119,collaborates,0.309,140,2026-05-13T10:00:44Z,2026-05-13T10:00:44Z
2878,177,80,mentioned,0.851,126,2026-05-13T10:00:44Z,2026-05-13T10:00:44Z
2879,154,390,reshared,0.675,78,2026-05-13T10:00:44Z,2026-05-13T10:00:44Z
2880,471,126,tagged,0.232,46,2026-05-13T10:00:44Z,2026-05-13T10:00:44Z
2881,227,72,duet,0.599,78,2026-05-13T10:00:44Z,2026-05-13T10:00:44Z
2882,227,236,inspired_by,0.474,54,2026-05-13T10:00:44Z,2026-05-13T10:00:44Z
2883,264,57,follows,0.69,24,2026-05-13T10:00:44Z,2026-05-13T10:00:44Z
2885,335,355,mentioned,0.345,191,2026-05-13T10:00:44Z,2026-05-13T10:00:44Z
2887,138,49,duet,0.596,122,2026-05-13T10:00:44Z,2026-05-13T10:00:44Z
2888,49,293,inspired_by,0.56,119,2026-05-13T10:00:44Z,2026-05-13T10:00:44Z
2889,62,162,follows,0.366,17,2026-05-13T10:00:44Z,2026-05-13T10:00:44Z
2890,118,39,collaborates,0.421,177,2026-05-13T10:00:44Z,2026-05-13T10:00:44Z
2891,402,277,mentioned,0.794,100,2026-05-13T10:00:44Z,2026-05-13T10:00:44Z
2892,55,489,reshared,0.563,182,2026-05-13T10:00:44Z,2026-05-13T10:00:44Z
2893,171,120,tagged,0.3,74,2026-05-13T10:00:44Z,2026-05-13T10:00:44Z
2894,425,16,duet,0.742,166,2026-05-13T10:00:44Z,2026-05-13T10:00:44Z
2895,241,7,inspired_by,0.178,103,2026-05-13T10:00:44Z,2026-05-13T10:00:44Z
2896,426,24,follows,0.738,156,2026-05-13T10:00:44Z,2026-05-13T10:00:44Z
2898,275,20,mentioned,0.649,18,2026-05-13T10:00:44Z,2026-05-13T10:00:44Z
2899,255,27,reshared,0.519,67,2026-05-13T10:00:44Z,2026-05-13T10:00:44Z
2900,309,41,tagged,0.531,125,2026-05-13T10:00:44Z,2026-05-13T10:00:44Z
2901,168,380,duet,0.98,192,2026-05-13T10:00:44Z,2026-05-13T10:00:44Z
2902,308,111,inspired_by,0.484,123,2026-05-13T10:00:44Z,2026-05-13T10:00:44Z
2903,168,188,follows,0.639,22,2026-05-13T10:00:44Z,2026-05-13T10:00:44Z
2904,62,33,collaborates,0.7,53,2026-05-13T10:00:44Z,2026-05-13T10:00:44Z
2905,31,229,mentioned,0.464,134,2026-05-13T10:00:44Z,2026-05-13T10:00:44Z
2906,17,61,reshared,0.1,173,2026-05-13T10:00:44Z,2026-05-13T10:00:44Z
2907,146,338,tagged,0.733,98,2026-05-13T10:00:44Z,2026-05-13T10:00:44Z
2908,56,95,duet,0.514,166,2026-05-13T10:00:44Z,2026-05-13T10:00:44Z
2909,386,32,inspired_by,0.528,99,2026-05-13T10:00:44Z,2026-05-13T10:00:44Z
2910,134,67,follows,0.454,157,2026-05-13T10:00:44Z,2026-05-13T10:00:44Z
2911,433,145,collaborates,0.11,137,2026-05-13T10:00:44Z,2026-05-13T10:00:44Z
2912,52,136,mentioned,0.418,116,2026-05-13T10:00:44Z,2026-05-13T10:00:44Z
2913,256,428,reshared,0.103,132,2026-05-13T10:00:44Z,2026-05-13T10:00:44Z
2914,102,236,tagged,0.543,128,2026-05-13T10:00:44Z,2026-05-13T10:00:44Z
2915,227,335,duet,0.508,148,2026-05-13T10:00:44Z,2026-05-13T10:00:44Z
2916,205,436,inspired_by,0.5,26,2026-05-13T10:00:44Z,2026-05-13T10:00:44Z
2917,220,37,follows,0.639,80,2026-05-13T10:00:44Z,2026-05-13T10:00:44Z
2919,373,204,mentioned,0.42,28,2026-05-13T10:00:44Z,2026-05-13T10:00:44Z
2921,275,348,tagged,0.237,64,2026-05-13T10:00:45Z,2026-05-13T10:00:45Z
2922,330,468,duet,0.522,50,2026-05-13T10:00:45Z,2026-05-13T10:00:45Z
2923,366,457,inspired_by,0.31,138,2026-05-13T10:00:45Z,2026-05-13T10:00:45Z
2924,12,411,follows,0.924,66,2026-05-13T10:00:45Z,2026-05-13T10:00:45Z
2927,141,177,reshared,0.819,121,2026-05-13T10:00:45Z,2026-05-13T10:00:45Z
2928,409,461,tagged,0.51,5,2026-05-13T10:00:45Z,2026-05-13T10:00:45Z
2930,413,449,inspired_by,0.438,39,2026-05-13T10:00:45Z,2026-05-13T10:00:45Z
2931,2,409,follows,0.178,45,2026-05-13T10:00:45Z,2026-05-13T10:00:45Z
2933,13,216,mentioned,0.5,147,2026-05-13T10:00:45Z,2026-05-13T10:00:45Z
2934,372,476,reshared,0.186,169,2026-05-13T10:00:45Z,2026-05-13T10:00:45Z
2935,33,468,tagged,0.935,101,2026-05-13T10:00:45Z,2026-05-13T10:00:45Z
2936,438,454,duet,0.342,27,2026-05-13T10:00:45Z,2026-05-13T10:00:45Z
2937,264,145,inspired_by,0.799,172,2026-05-13T10:00:45Z,2026-05-13T10:00:45Z
2938,369,143,follows,0.568,75,2026-05-13T10:00:45Z,2026-05-13T10:00:45Z
2939,218,84,collaborates,0.577,47,2026-05-13T10:00:45Z,2026-05-13T10:00:45Z
2940,182,391,mentioned,0.465,62,2026-05-13T10:00:45Z,2026-05-13T10:00:45Z
2941,392,120,reshared,0.41,118,2026-05-13T10:00:45Z,2026-05-13T10:00:45Z
2942,446,271,tagged,0.879,91,2026-05-13T10:00:45Z,2026-05-13T10:00:45Z
2943,275,486,duet,0.634,146,2026-05-13T10:00:45Z,2026-05-13T10:00:45Z
2944,412,317,inspired_by,0.391,108,2026-05-13T10:00:45Z,2026-05-13T10:00:45Z
2945,63,425,follows,0.178,129,2026-05-13T10:00:45Z,2026-05-13T10:00:45Z
2946,127,390,collaborates,0.549,93,2026-05-13T10:00:45Z,2026-05-13T10:00:45Z
2950,234,67,duet,0.626,19,2026-05-13T10:00:45Z,2026-05-13T10:00:45Z
2951,139,182,inspired_by,0.634,118,2026-05-13T10:00:45Z,2026-05-13T10:00:45Z
2952,460,415,follows,0.921,114,2026-05-13T10:00:45Z,2026-05-13T10:00:45Z
2953,17,303,collaborates,0.892,125,2026-05-13T10:00:45Z,2026-05-13T10:00:45Z
2954,289,445,mentioned,0.8,81,2026-05-13T10:00:45Z,2026-05-13T10:00:45Z
2955,107,155,reshared,0.745,134,2026-05-13T10:00:45Z,2026-05-13T10:00:45Z
2956,26,11,tagged,0.386,150,2026-05-13T10:00:45Z,2026-05-13T10:00:45Z
2957,129,338,duet,0.576,63,2026-05-13T10:00:45Z,2026-05-13T10:00:45Z
2958,383,446,inspired_by,0.671,82,2026-05-13T10:00:45Z,2026-05-13T10:00:45Z
2959,115,334,follows,0.311,39,2026-05-13T10:00:45Z,2026-05-13T10:00:45Z
2960,313,202,collaborates,0.132,128,2026-05-13T10:00:45Z,2026-05-13T10:00:45Z
2961,291,418,mentioned,0.778,70,2026-05-13T10:00:45Z,2026-05-13T10:00:45Z
2964,77,443,duet,0.863,109,2026-05-13T10:00:45Z,2026-05-13T10:00:45Z
2965,29,60,inspired_by,0.911,143,2026-05-13T10:00:45Z,2026-05-13T10:00:45Z
2966,370,269,follows,0.981,54,2026-05-13T10:00:45Z,2026-05-13T10:00:45Z
2967,146,57,collaborates,0.838,45,2026-05-13T10:00:45Z,2026-05-13T10:00:45Z
2969,82,232,reshared,0.119,92,2026-05-13T10:00:45Z,2026-05-13T10:00:45Z
2970,470,289,tagged,0.249,169,2026-05-13T10:00:45Z,2026-05-13T10:00:45Z
2973,394,67,follows,0.917,78,2026-05-13T10:00:45Z,2026-05-13T10:00:45Z
2974,470,8,collaborates,0.917,177,2026-05-13T10:00:45Z,2026-05-13T10:00:45Z
2976,368,156,reshared,0.298,150,2026-05-13T10:00:45Z,2026-05-13T10:00:45Z
2977,139,241,tagged,0.986,23,2026-05-13T10:00:45Z,2026-05-13T10:00:45Z
2978,241,7,duet,0.453,111,2026-05-13T10:00:45Z,2026-05-13T10:00:45Z
2979,59,364,inspired_by,0.685,112,2026-05-13T10:00:45Z,2026-05-13T10:00:45Z
2980,14,458,follows,0.602,20,2026-05-13T10:00:45Z,2026-05-13T10:00:45Z
2981,124,358,collaborates,0.651,55,2026-05-13T10:00:45Z,2026-05-13T10:00:45Z
2982,407,469,mentioned,0.726,27,2026-05-13T10:00:45Z,2026-05-13T10:00:45Z
2983,22,293,reshared,0.261,140,2026-05-13T10:00:45Z,2026-05-13T10:00:45Z
2984,445,190,tagged,0.641,156,2026-05-13T10:00:45Z,2026-05-13T10:00:45Z
2985,239,405,duet,0.142,60,2026-05-13T10:00:45Z,2026-05-13T10:00:45Z
2987,431,275,follows,0.956,196,2026-05-13T10:00:45Z,2026-05-13T10:00:45Z
2988,465,229,collaborates,0.988,44,2026-05-13T10:00:45Z,2026-05-13T10:00:45Z
2989,148,92,mentioned,0.994,115,2026-05-13T10:00:45Z,2026-05-13T10:00:45Z
2990,134,450,reshared,0.896,65,2026-05-13T10:00:45Z,2026-05-13T10:00:45Z
2991,43,80,tagged,0.833,79,2026-05-13T10:00:45Z,2026-05-13T10:00:45Z
2993,278,343,inspired_by,0.876,104,2026-05-13T10:00:45Z,2026-05-13T10:00:45Z
2995,141,277,collaborates,0.331,155,2026-05-13T10:00:45Z,2026-05-13T10:00:45Z
2996,207,336,mentioned,0.413,69,2026-05-13T10:00:45Z,2026-05-13T10:00:45Z
2997,385,85,reshared,0.351,36,2026-05-13T10:00:45Z,2026-05-13T10:00:45Z
2998,149,239,tagged,0.194,114,2026-05-13T10:00:45Z,2026-05-13T10:00:45Z
2999,485,423,duet,0.725,178,2026-05-13T10:00:45Z,2026-05-13T10:00:45Z
3000,167,89,inspired_by,0.573,88,2026-05-13T10:00:45Z,2026-05-13T10:00:45Z
3002,427,3,collaborates,0.41,117,2026-05-13T10:00:45Z,2026-05-13T10:00:45Z
3003,368,123,mentioned,0.416,138,2026-05-13T10:00:45Z,2026-05-13T10:00:45Z
3004,295,114,reshared,0.703,173,2026-05-13T10:00:45Z,2026-05-13T10:00:45Z
3005,165,47,tagged,0.613,140,2026-05-13T10:00:45Z,2026-05-13T10:00:45Z
3006,235,216,duet,0.26,110,2026-05-13T10:00:45Z,2026-05-13T10:00:45Z
3007,275,274,inspired_by,0.472,123,2026-05-13T10:00:45Z,2026-05-13T10:00:45Z
3008,287,268,follows,0.613,108,2026-05-13T10:00:45Z,2026-05-13T10:00:45Z
3009,185,375,collaborates,1,58,2026-05-13T10:00:45Z,2026-05-13T10:00:45Z
3010,338,341,mentioned,0.939,106,2026-05-13T10:00:45Z,2026-05-13T10:00:45Z
3011,207,310,reshared,0.882,180,2026-05-13T10:00:45Z,2026-05-13T10:00:45Z
3012,353,381,tagged,0.497,64,2026-05-13T10:00:45Z,2026-05-13T10:00:45Z
3013,469,130,duet,0.632,163,2026-05-13T10:00:45Z,2026-05-13T10:00:45Z
3014,304,345,inspired_by,0.995,163,2026-05-13T10:00:45Z,2026-05-13T10:00:45Z
3015,182,452,follows,0.857,90,2026-05-13T10:00:45Z,2026-05-13T10:00:45Z
3016,270,450,collaborates,0.215,25,2026-05-13T10:00:45Z,2026-05-13T10:00:45Z
3017,6,173,mentioned,0.983,58,2026-05-13T10:00:45Z,2026-05-13T10:00:45Z
3019,356,216,tagged,0.64,39,2026-05-13T10:00:45Z,2026-05-13T10:00:45Z
3020,105,304,duet,0.886,103,2026-05-13T10:00:45Z,2026-05-13T10:00:45Z
3021,403,2,inspired_by,0.49,40,2026-05-13T10:00:45Z,2026-05-13T10:00:45Z
3022,122,277,follows,0.42,149,2026-05-13T10:00:45Z,2026-05-13T10:00:45Z
3023,335,413,collaborates,0.767,48,2026-05-13T10:00:45Z,2026-05-13T10:00:45Z
3025,482,418,reshared,0.269,128,2026-05-13T10:00:45Z,2026-05-13T10:00:45Z
3026,186,413,tagged,0.168,136,2026-05-13T10:00:45Z,2026-05-13T10:00:45Z
3027,346,94,duet,0.11,166,2026-05-13T10:00:45Z,2026-05-13T10:00:45Z
3028,158,426,inspired_by,0.395,38,2026-05-13T10:00:45Z,2026-05-13T10:00:45Z
3029,454,135,follows,0.687,159,2026-05-13T10:00:45Z,2026-05-13T10:00:45Z
3030,236,238,collaborates,0.883,138,2026-05-13T10:00:45Z,2026-05-13T10:00:45Z
3031,95,355,mentioned,0.572,107,2026-05-13T10:00:45Z,2026-05-13T10:00:45Z
3032,326,28,reshared,0.268,141,2026-05-13T10:00:45Z,2026-05-13T10:00:45Z
3033,142,387,tagged,0.854,118,2026-05-13T10:00:45Z,2026-05-13T10:00:45Z
3034,225,466,duet,0.274,105,2026-05-13T10:00:45Z,2026-05-13T10:00:45Z
3036,212,336,follows,0.942,121,2026-05-13T10:00:45Z,2026-05-13T10:00:45Z
3037,57,193,collaborates,0.13,18,2026-05-13T10:00:45Z,2026-05-13T10:00:45Z
3038,267,259,mentioned,0.212,35,2026-05-13T10:00:45Z,2026-05-13T10:00:45Z
3039,281,350,reshared,0.258,9,2026-05-13T10:00:45Z,2026-05-13T10:00:45Z
3040,441,130,tagged,0.446,198,2026-05-13T10:00:45Z,2026-05-13T10:00:45Z
3041,481,417,duet,0.48,155,2026-05-13T10:00:45Z,2026-05-13T10:00:45Z
3042,401,256,inspired_by,0.742,24,2026-05-13T10:00:45Z,2026-05-13T10:00:45Z
3043,353,336,follows,0.427,181,2026-05-13T10:00:45Z,2026-05-13T10:00:45Z
3045,57,274,mentioned,0.657,42,2026-05-13T10:00:45Z,2026-05-13T10:00:45Z
3046,286,154,reshared,0.89,172,2026-05-13T10:00:45Z,2026-05-13T10:00:45Z
3048,105,284,duet,0.564,35,2026-05-13T10:00:45Z,2026-05-13T10:00:45Z
3049,144,223,inspired_by,0.411,50,2026-05-13T10:00:45Z,2026-05-13T10:00:45Z
3050,101,319,follows,0.75,167,2026-05-13T10:00:45Z,2026-05-13T10:00:45Z
3052,164,207,mentioned,0.532,137,2026-05-13T10:00:45Z,2026-05-13T10:00:45Z
3053,133,391,reshared,0.322,96,2026-05-13T10:00:45Z,2026-05-13T10:00:45Z
3054,283,129,tagged,0.867,96,2026-05-13T10:00:45Z,2026-05-13T10:00:45Z
3055,423,27,duet,0.22,6,2026-05-13T10:00:45Z,2026-05-13T10:00:45Z
3056,49,113,inspired_by,0.363,3,2026-05-13T10:00:45Z,2026-05-13T10:00:45Z
3057,68,349,follows,0.24,74,2026-05-13T10:00:45Z,2026-05-13T10:00:45Z
3058,224,9,collaborates,0.227,39,2026-05-13T10:00:45Z,2026-05-13T10:00:45Z
3059,470,303,mentioned,0.925,182,2026-05-13T10:00:45Z,2026-05-13T10:00:45Z
3060,360,176,reshared,0.593,154,2026-05-13T10:00:45Z,2026-05-13T10:00:45Z
3062,412,181,duet,0.686,31,2026-05-13T10:00:45Z,2026-05-13T10:00:45Z
3064,432,7,follows,0.862,43,2026-05-13T10:00:45Z,2026-05-13T10:00:45Z
3065,53,75,collaborates,0.174,157,2026-05-13T10:00:45Z,2026-05-13T10:00:45Z
3066,216,306,mentioned,0.891,45,2026-05-13T10:00:45Z,2026-05-13T10:00:45Z
3067,202,81,reshared,0.453,62,2026-05-13T10:00:45Z,2026-05-13T10:00:45Z
3070,293,464,inspired_by,0.25,129,2026-05-13T10:00:45Z,2026-05-13T10:00:45Z
3071,93,212,follows,0.707,67,2026-05-13T10:00:45Z,2026-05-13T10:00:45Z
3072,16,486,collaborates,0.466,13,2026-05-13T10:00:45Z,2026-05-13T10:00:45Z
3073,377,491,mentioned,0.731,34,2026-05-13T10:00:45Z,2026-05-13T10:00:45Z
3074,482,210,reshared,0.995,44,2026-05-13T10:00:45Z,2026-05-13T10:00:45Z
3075,21,111,tagged,0.184,92,2026-05-13T10:00:45Z,2026-05-13T10:00:45Z
3076,378,442,duet,0.84,88,2026-05-13T10:00:45Z,2026-05-13T10:00:45Z
3077,219,44,inspired_by,0.315,95,2026-05-13T10:00:45Z,2026-05-13T10:00:45Z
3078,470,7,follows,0.873,59,2026-05-13T10:00:45Z,2026-05-13T10:00:45Z
3079,286,372,collaborates,0.208,94,2026-05-13T10:00:45Z,2026-05-13T10:00:45Z
3081,80,46,reshared,0.53,120,2026-05-13T10:00:45Z,2026-05-13T10:00:45Z
3082,407,119,tagged,0.897,194,2026-05-13T10:00:45Z,2026-05-13T10:00:45Z
3083,94,447,duet,0.456,73,2026-05-13T10:00:45Z,2026-05-13T10:00:45Z
3084,414,486,inspired_by,0.174,126,2026-05-13T10:00:45Z,2026-05-13T10:00:45Z
3085,256,449,follows,0.827,197,2026-05-13T10:00:45Z,2026-05-13T10:00:45Z
3086,1,131,collaborates,0.422,70,2026-05-13T10:00:45Z,2026-05-13T10:00:45Z
3087,371,404,mentioned,0.676,118,2026-05-13T10:00:45Z,2026-05-13T10:00:45Z
3088,350,139,reshared,0.455,41,2026-05-13T10:00:45Z,2026-05-13T10:00:45Z
3089,157,281,tagged,0.154,119,2026-05-13T10:00:45Z,2026-05-13T10:00:45Z
3090,69,348,duet,0.468,127,2026-05-13T10:00:45Z,2026-05-13T10:00:45Z
3091,490,312,inspired_by,0.855,159,2026-05-13T10:00:45Z,2026-05-13T10:00:45Z
3092,2,463,follows,0.935,21,2026-05-13T10:00:45Z,2026-05-13T10:00:45Z
3093,329,456,collaborates,0.511,122,2026-05-13T10:00:45Z,2026-05-13T10:00:45Z
3094,271,317,mentioned,0.574,183,2026-05-13T10:00:45Z,2026-05-13T10:00:45Z
3095,450,58,reshared,0.272,108,2026-05-13T10:00:45Z,2026-05-13T10:00:45Z
3096,257,138,tagged,0.257,102,2026-05-13T10:00:45Z,2026-05-13T10:00:45Z
3097,236,224,duet,0.964,196,2026-05-13T10:00:45Z,2026-05-13T10:00:45Z
3098,343,241,inspired_by,0.341,103,2026-05-13T10:00:45Z,2026-05-13T10:00:45Z
3099,270,318,follows,0.807,1,2026-05-13T10:00:45Z,2026-05-13T10:00:45Z
3100,102,141,collaborates,0.506,85,2026-05-13T10:00:45Z,2026-05-13T10:00:45Z
3101,368,48,mentioned,0.281,53,2026-05-13T10:00:45Z,2026-05-13T10:00:45Z
3102,455,453,reshared,0.208,47,2026-05-13T10:00:45Z,2026-05-13T10:00:45Z
3103,338,123,tagged,0.221,132,2026-05-13T10:00:45Z,2026-05-13T10:00:45Z
3104,486,287,duet,0.231,95,2026-05-13T10:00:45Z,2026-05-13T10:00:45Z
3105,45,393,inspired_by,0.801,140,2026-05-13T10:00:45Z,2026-05-13T10:00:45Z
3107,282,120,collaborates,0.652,151,2026-05-13T10:00:45Z,2026-05-13T10:00:45Z
3108,457,481,mentioned,0.408,132,2026-05-13T10:00:45Z,2026-05-13T10:00:45Z
3109,106,193,reshared,0.822,90,2026-05-13T10:00:45Z,2026-05-13T10:00:45Z
3111,347,46,duet,0.678,137,2026-05-13T10:00:45Z,2026-05-13T10:00:45Z
3112,37,203,inspired_by,0.995,128,2026-05-13T10:00:45Z,2026-05-13T10:00:45Z
3113,219,278,follows,0.732,128,2026-05-13T10:00:45Z,2026-05-13T10:00:45Z
3114,237,35,collaborates,0.678,64,2026-05-13T10:00:45Z,2026-05-13T10:00:45Z
3115,168,401,mentioned,0.118,171,2026-05-13T10:00:45Z,2026-05-13T10:00:45Z
3116,442,227,reshared,0.906,180,2026-05-13T10:00:45Z,2026-05-13T10:00:45Z
3117,316,460,tagged,0.2,38,2026-05-13T10:00:45Z,2026-05-13T10:00:45Z
3118,431,437,duet,0.68,159,2026-05-13T10:00:45Z,2026-05-13T10:00:45Z
3119,438,208,inspired_by,0.446,101,2026-05-13T10:00:45Z,2026-05-13T10:00:45Z
3122,25,484,mentioned,0.985,111,2026-05-13T10:00:45Z,2026-05-13T10:00:45Z
3123,102,404,reshared,0.375,21,2026-05-13T10:00:45Z,2026-05-13T10:00:45Z
3124,372,314,tagged,0.163,70,2026-05-13T10:00:45Z,2026-05-13T10:00:45Z
3125,15,370,duet,0.887,190,2026-05-13T10:00:45Z,2026-05-13T10:00:45Z
3126,149,314,inspired_by,0.492,68,2026-05-13T10:00:45Z,2026-05-13T10:00:45Z
3127,485,43,follows,0.23,18,2026-05-13T10:00:45Z,2026-05-13T10:00:45Z
3129,65,205,mentioned,0.341,189,2026-05-13T10:00:45Z,2026-05-13T10:00:45Z
3130,220,432,reshared,0.511,169,2026-05-13T10:00:45Z,2026-05-13T10:00:45Z
3131,373,205,tagged,0.361,127,2026-05-13T10:00:45Z,2026-05-13T10:00:45Z
3132,260,351,duet,0.23,184,2026-05-13T10:00:45Z,2026-05-13T10:00:45Z
3133,86,128,inspired_by,0.511,182,2026-05-13T10:00:45Z,2026-05-13T10:00:45Z
3134,124,144,follows,0.419,159,2026-05-13T10:00:45Z,2026-05-13T10:00:45Z
3136,238,159,mentioned,0.732,68,2026-05-13T10:00:45Z,2026-05-13T10:00:45Z
3137,118,282,reshared,0.145,41,2026-05-13T10:00:45Z,2026-05-13T10:00:45Z
3138,255,259,tagged,0.278,157,2026-05-13T10:00:45Z,2026-05-13T10:00:45Z
3139,84,81,duet,0.627,165,2026-05-13T10:00:45Z,2026-05-13T10:00:45Z
3140,174,285,inspired_by,0.332,33,2026-05-13T10:00:45Z,2026-05-13T10:00:45Z
3142,389,341,collaborates,0.949,107,2026-05-13T10:00:45Z,2026-05-13T10:00:45Z
3143,471,378,mentioned,0.714,185,2026-05-13T10:00:45Z,2026-05-13T10:00:45Z
3145,486,167,tagged,0.853,10,2026-05-13T10:00:45Z,2026-05-13T10:00:45Z
3146,119,168,duet,0.737,69,2026-05-13T10:00:45Z,2026-05-13T10:00:45Z
3147,208,22,inspired_by,0.766,121,2026-05-13T10:00:45Z,2026-05-13T10:00:45Z
3148,429,301,follows,0.96,150,2026-05-13T10:00:45Z,2026-05-13T10:00:45Z
3150,9,317,mentioned,0.884,40,2026-05-13T10:00:45Z,2026-05-13T10:00:45Z
3151,169,360,reshared,0.219,144,2026-05-13T10:00:45Z,2026-05-13T10:00:45Z
3152,337,189,tagged,0.806,32,2026-05-13T10:00:45Z,2026-05-13T10:00:45Z
3155,317,364,follows,0.587,133,2026-05-13T10:00:45Z,2026-05-13T10:00:45Z
3156,151,442,collaborates,0.355,20,2026-05-13T10:00:45Z,2026-05-13T10:00:45Z
3157,134,174,mentioned,0.284,44,2026-05-13T10:00:45Z,2026-05-13T10:00:45Z
3159,36,476,tagged,0.792,185,2026-05-13T10:00:45Z,2026-05-13T10:00:45Z
3160,357,242,duet,0.553,185,2026-05-13T10:00:45Z,2026-05-13T10:00:45Z
3161,229,303,inspired_by,0.279,158,2026-05-13T10:00:45Z,2026-05-13T10:00:45Z
3162,285,227,follows,0.567,157,2026-05-13T10:00:45Z,2026-05-13T10:00:45Z
3163,119,104,collaborates,0.945,65,2026-05-13T10:00:45Z,2026-05-13T10:00:45Z
3164,268,77,mentioned,0.366,123,2026-05-13T10:00:45Z,2026-05-13T10:00:45Z
3165,42,166,reshared,0.949,98,2026-05-13T10:00:45Z,2026-05-13T10:00:45Z
3166,218,481,tagged,0.542,115,2026-05-13T10:00:45Z,2026-05-13T10:00:45Z
3167,193,317,duet,0.57,129,2026-05-13T10:00:45Z,2026-05-13T10:00:45Z
3168,226,5,inspired_by,0.726,22,2026-05-13T10:00:45Z,2026-05-13T10:00:45Z
3169,175,364,follows,0.511,177,2026-05-13T10:00:45Z,2026-05-13T10:00:45Z
3170,178,394,collaborates,0.897,103,2026-05-13T10:00:45Z,2026-05-13T10:00:45Z
3171,278,71,mentioned,0.592,70,2026-05-13T10:00:45Z,2026-05-13T10:00:45Z
3172,105,241,reshared,0.951,32,2026-05-13T10:00:45Z,2026-05-13T10:00:45Z
3173,151,350,tagged,0.477,34,2026-05-13T10:00:45Z,2026-05-13T10:00:45Z
3174,231,489,duet,0.551,171,2026-05-13T10:00:45Z,2026-05-13T10:00:45Z
3175,128,355,inspired_by,0.497,8,2026-05-13T10:00:45Z,2026-05-13T10:00:45Z
3176,232,105,follows,0.906,119,2026-05-13T10:00:45Z,2026-05-13T10:00:45Z
3177,468,195,collaborates,0.29,181,2026-05-13T10:00:45Z,2026-05-13T10:00:45Z
3178,470,90,mentioned,0.214,130,2026-05-13T10:00:45Z,2026-05-13T10:00:45Z
3179,236,241,reshared,0.857,131,2026-05-13T10:00:45Z,2026-05-13T10:00:45Z
3180,230,215,tagged,0.758,139,2026-05-13T10:00:45Z,2026-05-13T10:00:45Z
3181,176,462,duet,0.834,185,2026-05-13T10:00:45Z,2026-05-13T10:00:45Z
3183,227,441,follows,0.932,166,2026-05-13T10:00:45Z,2026-05-13T10:00:45Z
3184,8,384,collaborates,0.2,103,2026-05-13T10:00:45Z,2026-05-13T10:00:45Z
3185,265,373,mentioned,0.329,34,2026-05-13T10:00:45Z,2026-05-13T10:00:45Z
3186,330,36,reshared,0.825,157,2026-05-13T10:00:45Z,2026-05-13T10:00:45Z
3188,213,114,duet,0.599,123,2026-05-13T10:00:45Z,2026-05-13T10:00:45Z
3189,325,127,inspired_by,0.97,95,2026-05-13T10:00:45Z,2026-05-13T10:00:45Z
3190,201,424,follows,0.292,83,2026-05-13T10:00:45Z,2026-05-13T10:00:45Z
3191,145,67,collaborates,0.763,194,2026-05-13T10:00:45Z,2026-05-13T10:00:45Z
3192,473,117,mentioned,0.25,4,2026-05-13T10:00:45Z,2026-05-13T10:00:45Z
3193,122,47,reshared,0.843,28,2026-05-13T10:00:45Z,2026-05-13T10:00:45Z
3194,251,264,tagged,0.535,112,2026-05-13T10:00:45Z,2026-05-13T10:00:45Z
3196,211,256,inspired_by,0.31,25,2026-05-13T10:00:45Z,2026-05-13T10:00:45Z
3197,76,438,follows,0.376,85,2026-05-13T10:00:45Z,2026-05-13T10:00:45Z
3198,316,160,collaborates,0.938,166,2026-05-13T10:00:45Z,2026-05-13T10:00:45Z
3199,439,487,mentioned,0.228,126,2026-05-13T10:00:45Z,2026-05-13T10:00:45Z
3200,153,478,reshared,0.824,90,2026-05-13T10:00:45Z,2026-05-13T10:00:45Z
3201,175,320,tagged,0.168,188,2026-05-13T10:00:45Z,2026-05-13T10:00:45Z
3202,378,19,duet,0.258,172,2026-05-13T10:00:45Z,2026-05-13T10:00:45Z
3203,441,410,inspired_by,0.92,167,2026-05-13T10:00:45Z,2026-05-13T10:00:45Z
3204,188,220,follows,0.584,90,2026-05-13T10:00:45Z,2026-05-13T10:00:45Z
3205,14,21,collaborates,0.457,121,2026-05-13T10:00:45Z,2026-05-13T10:00:45Z
3206,277,48,mentioned,0.866,29,2026-05-13T10:00:45Z,2026-05-13T10:00:45Z
3207,42,476,reshared,0.794,164,2026-05-13T10:00:45Z,2026-05-13T10:00:45Z
3208,251,142,tagged,0.107,111,2026-05-13T10:00:45Z,2026-05-13T10:00:45Z
3209,144,463,duet,0.44,40,2026-05-13T10:00:45Z,2026-05-13T10:00:45Z
3210,274,201,inspired_by,0.987,11,2026-05-13T10:00:45Z,2026-05-13T10:00:45Z
3211,356,107,follows,0.335,5,2026-05-13T10:00:45Z,2026-05-13T10:00:45Z
3212,379,231,collaborates,0.352,184,2026-05-13T10:00:45Z,2026-05-13T10:00:45Z
3213,17,265,mentioned,0.314,174,2026-05-13T10:00:45Z,2026-05-13T10:00:45Z
3214,35,323,reshared,0.631,88,2026-05-13T10:00:45Z,2026-05-13T10:00:45Z
3215,304,416,tagged,0.786,56,2026-05-13T10:00:45Z,2026-05-13T10:00:45Z
3216,160,91,duet,0.475,38,2026-05-13T10:00:45Z,2026-05-13T10:00:45Z
3217,381,142,inspired_by,0.13,188,2026-05-13T10:00:45Z,2026-05-13T10:00:45Z
3218,421,258,follows,0.55,150,2026-05-13T10:00:45Z,2026-05-13T10:00:45Z
3219,128,324,collaborates,0.667,67,2026-05-13T10:00:45Z,2026-05-13T10:00:45Z
3220,279,65,mentioned,0.156,24,2026-05-13T10:00:45Z,2026-05-13T10:00:45Z
3222,464,294,tagged,0.995,182,2026-05-13T10:00:45Z,2026-05-13T10:00:45Z
3223,388,69,duet,0.528,176,2026-05-13T10:00:45Z,2026-05-13T10:00:45Z
3226,488,383,collaborates,0.706,59,2026-05-13T10:00:45Z,2026-05-13T10:00:45Z
3228,387,321,reshared,0.602,25,2026-05-13T10:00:45Z,2026-05-13T10:00:45Z
3229,421,225,tagged,0.872,54,2026-05-13T10:00:45Z,2026-05-13T10:00:45Z
3230,384,202,duet,0.189,113,2026-05-13T10:00:45Z,2026-05-13T10:00:45Z
3232,455,364,follows,0.327,153,2026-05-13T10:00:45Z,2026-05-13T10:00:45Z
3233,469,293,collaborates,0.966,112,2026-05-13T10:00:45Z,2026-05-13T10:00:45Z
3234,448,361,mentioned,0.47,140,2026-05-13T10:00:45Z,2026-05-13T10:00:45Z
3235,431,444,reshared,0.294,146,2026-05-13T10:00:45Z,2026-05-13T10:00:45Z
3236,123,272,tagged,0.131,129,2026-05-13T10:00:45Z,2026-05-13T10:00:45Z
3237,294,164,duet,0.236,75,2026-05-13T10:00:45Z,2026-05-13T10:00:45Z
3240,256,455,collaborates,0.152,30,2026-05-13T10:00:45Z,2026-05-13T10:00:45Z
3241,228,85,mentioned,0.277,139,2026-05-13T10:00:45Z,2026-05-13T10:00:45Z
3242,191,476,reshared,0.844,146,2026-05-13T10:00:45Z,2026-05-13T10:00:45Z
3243,178,36,tagged,0.999,7,2026-05-13T10:00:45Z,2026-05-13T10:00:45Z
3244,473,66,duet,0.288,5,2026-05-13T10:00:45Z,2026-05-13T10:00:45Z
3245,414,479,inspired_by,0.84,147,2026-05-13T10:00:45Z,2026-05-13T10:00:45Z
3246,40,156,follows,0.728,151,2026-05-13T10:00:45Z,2026-05-13T10:00:45Z
3247,188,19,collaborates,0.53,86,2026-05-13T10:00:45Z,2026-05-13T10:00:45Z
3248,325,231,mentioned,0.867,68,2026-05-13T10:00:45Z,2026-05-13T10:00:45Z
3249,38,202,reshared,0.485,127,2026-05-13T10:00:45Z,2026-05-13T10:00:45Z
3250,256,424,tagged,0.44,191,2026-05-13T10:00:45Z,2026-05-13T10:00:45Z
3252,233,135,inspired_by,0.962,129,2026-05-13T10:00:45Z,2026-05-13T10:00:45Z
3253,374,441,follows,0.69,120,2026-05-13T10:00:45Z,2026-05-13T10:00:45Z
3254,119,372,collaborates,0.917,169,2026-05-13T10:00:45Z,2026-05-13T10:00:45Z
3255,103,332,mentioned,0.216,10,2026-05-13T10:00:45Z,2026-05-13T10:00:45Z
3256,215,334,reshared,0.166,87,2026-05-13T10:00:45Z,2026-05-13T10:00:45Z
3257,238,210,tagged,0.701,97,2026-05-13T10:00:45Z,2026-05-13T10:00:45Z
3258,489,289,duet,0.985,50,2026-05-13T10:00:45Z,2026-05-13T10:00:45Z
3259,62,112,inspired_by,0.561,111,2026-05-13T10:00:45Z,2026-05-13T10:00:45Z
3260,290,323,follows,0.464,29,2026-05-13T10:00:45Z,2026-05-13T10:00:45Z
3261,460,66,collaborates,0.128,180,2026-05-13T10:00:45Z,2026-05-13T10:00:45Z
3262,111,374,mentioned,0.267,57,2026-05-13T10:00:45Z,2026-05-13T10:00:45Z
3263,43,274,reshared,0.715,191,2026-05-13T10:00:45Z,2026-05-13T10:00:45Z
3264,266,222,tagged,0.455,177,2026-05-13T10:00:45Z,2026-05-13T10:00:45Z
3265,284,37,duet,0.333,94,2026-05-13T10:00:45Z,2026-05-13T10:00:45Z
3266,423,462,inspired_by,0.904,177,2026-05-13T10:00:45Z,2026-05-13T10:00:45Z
3267,62,83,follows,0.239,166,2026-05-13T10:00:45Z,2026-05-13T10:00:45Z
3268,203,154,collaborates,0.99,29,2026-05-13T10:00:45Z,2026-05-13T10:00:45Z
3270,216,128,reshared,0.75,114,2026-05-13T10:00:45Z,2026-05-13T10:00:45Z
3271,484,173,tagged,0.498,107,2026-05-13T10:00:45Z,2026-05-13T10:00:45Z
3272,19,186,duet,0.222,140,2026-05-13T10:00:45Z,2026-05-13T10:00:45Z
3273,148,379,inspired_by,0.12,90,2026-05-13T10:00:45Z,2026-05-13T10:00:45Z
3274,294,146,follows,0.126,12,2026-05-13T10:00:45Z,2026-05-13T10:00:45Z
3275,149,92,collaborates,0.76,127,2026-05-13T10:00:45Z,2026-05-13T10:00:45Z
3276,36,86,mentioned,0.487,178,2026-05-13T10:00:45Z,2026-05-13T10:00:45Z
3277,352,311,reshared,0.659,196,2026-05-13T10:00:45Z,2026-05-13T10:00:45Z
3278,349,58,tagged,0.513,112,2026-05-13T10:00:45Z,2026-05-13T10:00:45Z
3279,209,345,duet,0.106,179,2026-05-13T10:00:45Z,2026-05-13T10:00:45Z
3280,157,15,inspired_by,0.629,85,2026-05-13T10:00:45Z,2026-05-13T10:00:45Z
3281,462,87,follows,0.353,2,2026-05-13T10:00:45Z,2026-05-13T10:00:45Z
3283,170,336,mentioned,0.37,102,2026-05-13T10:00:45Z,2026-05-13T10:00:45Z
3284,213,75,reshared,0.517,140,2026-05-13T10:00:45Z,2026-05-13T10:00:45Z
3285,484,32,tagged,0.566,149,2026-05-13T10:00:45Z,2026-05-13T10:00:45Z
3287,232,15,inspired_by,0.413,183,2026-05-13T10:00:45Z,2026-05-13T10:00:45Z
3288,161,304,follows,0.536,49,2026-05-13T10:00:45Z,2026-05-13T10:00:45Z
3289,178,8,collaborates,0.682,136,2026-05-13T10:00:45Z,2026-05-13T10:00:45Z
3290,95,312,mentioned,0.103,13,2026-05-13T10:00:45Z,2026-05-13T10:00:45Z
3291,155,453,reshared,0.544,29,2026-05-13T10:00:45Z,2026-05-13T10:00:45Z
3292,133,453,tagged,0.336,82,2026-05-13T10:00:45Z,2026-05-13T10:00:45Z
3293,376,258,duet,0.681,162,2026-05-13T10:00:45Z,2026-05-13T10:00:45Z
3294,307,419,inspired_by,0.236,82,2026-05-13T10:00:45Z,2026-05-13T10:00:45Z
3295,101,310,follows,0.933,187,2026-05-13T10:00:45Z,2026-05-13T10:00:45Z
3296,313,339,collaborates,0.417,141,2026-05-13T10:00:45Z,2026-05-13T10:00:45Z
3297,343,466,mentioned,0.275,125,2026-05-13T10:00:45Z,2026-05-13T10:00:45Z
3298,387,230,reshared,0.786,60,2026-05-13T10:00:45Z,2026-05-13T10:00:45Z
3299,485,6,tagged,0.903,153,2026-05-13T10:00:45Z,2026-05-13T10:00:45Z
3300,254,259,duet,0.223,48,2026-05-13T10:00:45Z,2026-05-13T10:00:45Z
3301,272,488,inspired_by,0.756,189,2026-05-13T10:00:45Z,2026-05-13T10:00:45Z
3302,231,312,follows,0.687,113,2026-05-13T10:00:45Z,2026-05-13T10:00:45Z
3303,317,281,collaborates,0.656,165,2026-05-13T10:00:45Z,2026-05-13T10:00:45Z
3304,159,175,mentioned,0.792,3,2026-05-13T10:00:45Z,2026-05-13T10:00:45Z
3305,427,338,reshared,0.793,12,2026-05-13T10:00:45Z,2026-05-13T10:00:45Z
3306,191,13,tagged,0.739,150,2026-05-13T10:00:45Z,2026-05-13T10:00:45Z
3307,263,265,duet,0.621,28,2026-05-13T10:00:45Z,2026-05-13T10:00:45Z
3308,187,141,inspired_by,0.683,151,2026-05-13T10:00:45Z,2026-05-13T10:00:45Z
3309,307,322,follows,0.897,22,2026-05-13T10:00:45Z,2026-05-13T10:00:45Z
3310,160,3,collaborates,0.347,69,2026-05-13T10:00:45Z,2026-05-13T10:00:45Z
3312,404,261,reshared,0.381,171,2026-05-13T10:00:45Z,2026-05-13T10:00:45Z
3313,344,326,tagged,0.84,181,2026-05-13T10:00:45Z,2026-05-13T10:00:45Z
3314,272,416,duet,0.988,18,2026-05-13T10:00:45Z,2026-05-13T10:00:45Z
3315,262,152,inspired_by,0.18,170,2026-05-13T10:00:45Z,2026-05-13T10:00:45Z
3316,453,148,follows,0.393,54,2026-05-13T10:00:45Z,2026-05-13T10:00:45Z
3318,177,22,mentioned,0.419,78,2026-05-13T10:00:45Z,2026-05-13T10:00:45Z
3320,274,12,tagged,0.645,47,2026-05-13T10:00:45Z,2026-05-13T10:00:45Z
3322,66,312,inspired_by,0.862,31,2026-05-13T10:00:45Z,2026-05-13T10:00:45Z
3323,473,479,follows,0.961,50,2026-05-13T10:00:45Z,2026-05-13T10:00:45Z
3324,150,295,collaborates,0.649,149,2026-05-13T10:00:45Z,2026-05-13T10:00:45Z
3325,155,192,mentioned,0.783,37,2026-05-13T10:00:45Z,2026-05-13T10:00:45Z
3326,283,328,reshared,0.319,40,2026-05-13T10:00:45Z,2026-05-13T10:00:45Z
3327,436,487,tagged,0.205,22,2026-05-13T10:00:45Z,2026-05-13T10:00:45Z
3328,427,291,duet,0.391,146,2026-05-13T10:00:45Z,2026-05-13T10:00:45Z
3329,349,66,inspired_by,0.805,12,2026-05-13T10:00:45Z,2026-05-13T10:00:45Z
3330,459,85,follows,0.481,38,2026-05-13T10:00:45Z,2026-05-13T10:00:45Z
3331,235,438,collaborates,0.905,133,2026-05-13T10:00:45Z,2026-05-13T10:00:45Z
3332,316,474,mentioned,0.221,163,2026-05-13T10:00:45Z,2026-05-13T10:00:45Z
3333,302,456,reshared,0.455,27,2026-05-13T10:00:45Z,2026-05-13T10:00:45Z
3334,339,417,tagged,0.49,18,2026-05-13T10:00:45Z,2026-05-13T10:00:45Z
3335,193,80,duet,0.138,1,2026-05-13T10:00:45Z,2026-05-13T10:00:45Z
3336,112,84,inspired_by,0.899,134,2026-05-13T10:00:45Z,2026-05-13T10:00:45Z
3337,53,364,follows,0.372,48,2026-05-13T10:00:45Z,2026-05-13T10:00:45Z
3338,380,17,collaborates,0.941,158,2026-05-13T10:00:45Z,2026-05-13T10:00:45Z
3339,138,321,mentioned,0.863,44,2026-05-13T10:00:45Z,2026-05-13T10:00:45Z
3340,311,186,reshared,0.113,100,2026-05-13T10:00:45Z,2026-05-13T10:00:45Z
3341,451,251,tagged,0.316,112,2026-05-13T10:00:45Z,2026-05-13T10:00:45Z
3342,217,372,duet,0.838,21,2026-05-13T10:00:45Z,2026-05-13T10:00:45Z
3343,145,406,inspired_by,0.153,32,2026-05-13T10:00:45Z,2026-05-13T10:00:45Z
3344,169,153,follows,0.874,117,2026-05-13T10:00:45Z,2026-05-13T10:00:45Z
3346,490,34,mentioned,0.647,179,2026-05-13T10:00:45Z,2026-05-13T10:00:45Z
3347,286,120,reshared,0.415,65,2026-05-13T10:00:45Z,2026-05-13T10:00:45Z
3348,112,220,tagged,0.629,62,2026-05-13T10:00:45Z,2026-05-13T10:00:45Z
3349,330,139,duet,0.606,133,2026-05-13T10:00:45Z,2026-05-13T10:00:45Z
3350,455,348,inspired_by,0.795,80,2026-05-13T10:00:45Z,2026-05-13T10:00:45Z
3351,278,178,follows,0.46,23,2026-05-13T10:00:45Z,2026-05-13T10:00:45Z
3352,169,390,collaborates,0.439,182,2026-05-13T10:00:45Z,2026-05-13T10:00:45Z
3353,418,370,mentioned,0.671,126,2026-05-13T10:00:45Z,2026-05-13T10:00:45Z
3354,220,306,reshared,0.456,100,2026-05-13T10:00:45Z,2026-05-13T10:00:45Z
3355,370,290,tagged,0.893,134,2026-05-13T10:00:45Z,2026-05-13T10:00:45Z
3356,101,201,duet,0.47,193,2026-05-13T10:00:45Z,2026-05-13T10:00:45Z
3357,53,305,inspired_by,0.845,54,2026-05-13T10:00:45Z,2026-05-13T10:00:45Z
3358,9,311,follows,0.987,40,2026-05-13T10:00:45Z,2026-05-13T10:00:45Z
3359,274,150,collaborates,0.578,68,2026-05-13T10:00:45Z,2026-05-13T10:00:45Z
3360,424,484,mentioned,0.826,86,2026-05-13T10:00:45Z,2026-05-13T10:00:45Z
3361,489,483,reshared,0.956,135,2026-05-13T10:00:45Z,2026-05-13T10:00:45Z
3362,35,484,tagged,0.829,85,2026-05-13T10:00:45Z,2026-05-13T10:00:45Z
3363,429,218,duet,0.403,27,2026-05-13T10:00:45Z,2026-05-13T10:00:45Z
3364,57,91,inspired_by,0.431,134,2026-05-13T10:00:45Z,2026-05-13T10:00:45Z
3365,482,112,follows,0.446,72,2026-05-13T10:00:45Z,2026-05-13T10:00:45Z
3366,210,179,collaborates,0.198,82,2026-05-13T10:00:45Z,2026-05-13T10:00:45Z
3367,28,81,mentioned,0.974,62,2026-05-13T10:00:45Z,2026-05-13T10:00:45Z
3369,282,409,tagged,0.41,55,2026-05-13T10:00:45Z,2026-05-13T10:00:45Z
3370,193,109,duet,0.452,195,2026-05-13T10:00:45Z,2026-05-13T10:00:45Z
3371,32,82,inspired_by,0.46,27,2026-05-13T10:00:45Z,2026-05-13T10:00:45Z
3372,401,174,follows,0.883,108,2026-05-13T10:00:45Z,2026-05-13T10:00:45Z
3373,261,450,collaborates,0.733,58,2026-05-13T10:00:45Z,2026-05-13T10:00:45Z
3374,171,450,mentioned,0.855,10,2026-05-13T10:00:45Z,2026-05-13T10:00:45Z
3375,73,453,reshared,0.988,135,2026-05-13T10:00:45Z,2026-05-13T10:00:45Z
3376,92,364,tagged,0.256,89,2026-05-13T10:00:45Z,2026-05-13T10:00:45Z
3377,136,335,duet,0.464,101,2026-05-13T10:00:45Z,2026-05-13T10:00:45Z
3379,193,385,follows,0.546,49,2026-05-13T10:00:45Z,2026-05-13T10:00:45Z
3380,352,481,collaborates,0.953,117,2026-05-13T10:00:45Z,2026-05-13T10:00:45Z
3381,40,331,mentioned,0.641,190,2026-05-13T10:00:45Z,2026-05-13T10:00:45Z
3382,59,378,reshared,0.818,144,2026-05-13T10:00:45Z,2026-05-13T10:00:45Z
3383,371,163,tagged,0.955,116,2026-05-13T10:00:45Z,2026-05-13T10:00:45Z
3384,472,278,duet,0.482,68,2026-05-13T10:00:45Z,2026-05-13T10:00:45Z
3386,56,257,follows,0.626,184,2026-05-13T10:00:45Z,2026-05-13T10:00:45Z
3388,440,386,mentioned,0.673,46,2026-05-13T10:00:45Z,2026-05-13T10:00:45Z
3389,293,289,reshared,0.667,61,2026-05-13T10:00:45Z,2026-05-13T10:00:45Z
3391,7,175,duet,0.177,73,2026-05-13T10:00:45Z,2026-05-13T10:00:45Z
3392,160,38,inspired_by,0.446,48,2026-05-13T10:00:45Z,2026-05-13T10:00:45Z
3393,290,68,follows,0.517,166,2026-05-13T10:00:45Z,2026-05-13T10:00:45Z
3395,429,66,mentioned,0.116,3,2026-05-13T10:00:45Z,2026-05-13T10:00:45Z
3396,273,214,reshared,0.955,70,2026-05-13T10:00:45Z,2026-05-13T10:00:45Z
3397,452,286,tagged,0.895,94,2026-05-13T10:00:45Z,2026-05-13T10:00:45Z
3398,264,291,duet,0.432,171,2026-05-13T10:00:45Z,2026-05-13T10:00:45Z
3399,79,357,inspired_by,0.629,87,2026-05-13T10:00:45Z,2026-05-13T10:00:45Z
3400,294,476,follows,0.247,58,2026-05-13T10:00:45Z,2026-05-13T10:00:45Z
3401,165,489,collaborates,0.904,79,2026-05-13T10:00:45Z,2026-05-13T10:00:45Z
3402,157,73,mentioned,0.106,94,2026-05-13T10:00:45Z,2026-05-13T10:00:45Z
3403,354,319,reshared,0.387,13,2026-05-13T10:00:45Z,2026-05-13T10:00:45Z
3405,460,476,duet,0.852,172,2026-05-13T10:00:45Z,2026-05-13T10:00:45Z
3406,329,370,inspired_by,0.188,149,2026-05-13T10:00:45Z,2026-05-13T10:00:45Z
3407,424,26,follows,0.339,20,2026-05-13T10:00:45Z,2026-05-13T10:00:45Z
3409,64,448,mentioned,0.469,174,2026-05-13T10:00:45Z,2026-05-13T10:00:45Z
3410,287,470,reshared,0.837,128,2026-05-13T10:00:45Z,2026-05-13T10:00:45Z
3412,349,369,duet,0.811,20,2026-05-13T10:00:45Z,2026-05-13T10:00:45Z
3413,342,209,inspired_by,0.368,54,2026-05-13T10:00:45Z,2026-05-13T10:00:45Z
3414,355,129,follows,0.132,40,2026-05-13T10:00:45Z,2026-05-13T10:00:45Z
3415,24,79,collaborates,0.545,163,2026-05-13T10:00:45Z,2026-05-13T10:00:45Z
3416,404,36,mentioned,0.708,170,2026-05-13T10:00:45Z,2026-05-13T10:00:45Z
3417,275,358,reshared,0.942,197,2026-05-13T10:00:45Z,2026-05-13T10:00:45Z
3419,85,181,duet,0.823,76,2026-05-13T10:00:45Z,2026-05-13T10:00:45Z
3421,234,277,follows,0.429,45,2026-05-13T10:00:45Z,2026-05-13T10:00:45Z
3422,459,50,collaborates,0.465,36,2026-05-13T10:00:45Z,2026-05-13T10:00:45Z
3423,35,444,mentioned,0.722,81,2026-05-13T10:00:45Z,2026-05-13T10:00:45Z
3425,457,230,tagged,0.939,156,2026-05-13T10:00:45Z,2026-05-13T10:00:45Z
3426,467,178,duet,0.335,173,2026-05-13T10:00:45Z,2026-05-13T10:00:45Z
3427,389,50,inspired_by,0.68,45,2026-05-13T10:00:45Z,2026-05-13T10:00:45Z
3428,74,433,follows,0.782,104,2026-05-13T10:00:45Z,2026-05-13T10:00:45Z
3429,355,423,collaborates,0.137,151,2026-05-13T10:00:45Z,2026-05-13T10:00:45Z
3430,86,40,mentioned,0.124,126,2026-05-13T10:00:45Z,2026-05-13T10:00:45Z
3431,311,308,reshared,0.454,21,2026-05-13T10:00:45Z,2026-05-13T10:00:45Z
3432,342,30,tagged,0.959,21,2026-05-13T10:00:45Z,2026-05-13T10:00:45Z
3433,411,362,duet,0.244,91,2026-05-13T10:00:45Z,2026-05-13T10:00:45Z
3434,123,53,inspired_by,0.483,54,2026-05-13T10:00:45Z,2026-05-13T10:00:45Z
3435,327,6,follows,0.503,17,2026-05-13T10:00:45Z,2026-05-13T10:00:45Z
3436,483,81,collaborates,0.729,158,2026-05-13T10:00:45Z,2026-05-13T10:00:45Z
3437,375,360,mentioned,0.243,41,2026-05-13T10:00:45Z,2026-05-13T10:00:45Z
3438,284,254,reshared,0.477,113,2026-05-13T10:00:45Z,2026-05-13T10:00:45Z
3439,47,160,tagged,0.895,129,2026-05-13T10:00:45Z,2026-05-13T10:00:45Z
3440,207,107,duet,0.972,126,2026-05-13T10:00:45Z,2026-05-13T10:00:45Z
3442,485,90,follows,0.811,77,2026-05-13T10:00:45Z,2026-05-13T10:00:45Z
3443,428,241,collaborates,0.855,31,2026-05-13T10:00:45Z,2026-05-13T10:00:45Z
3444,120,356,mentioned,0.48,79,2026-05-13T10:00:45Z,2026-05-13T10:00:45Z
3445,176,271,reshared,0.372,55,2026-05-13T10:00:45Z,2026-05-13T10:00:45Z
3446,283,184,tagged,0.698,186,2026-05-13T10:00:45Z,2026-05-13T10:00:45Z
3447,31,21,duet,0.191,134,2026-05-13T10:00:45Z,2026-05-13T10:00:45Z
3448,159,194,inspired_by,0.907,100,2026-05-13T10:00:45Z,2026-05-13T10:00:45Z
3449,401,64,follows,0.533,193,2026-05-13T10:00:45Z,2026-05-13T10:00:45Z
3450,170,240,collaborates,0.262,127,2026-05-13T10:00:45Z,2026-05-13T10:00:45Z
3451,109,490,mentioned,0.421,164,2026-05-13T10:00:45Z,2026-05-13T10:00:45Z
3452,119,413,reshared,0.963,91,2026-05-13T10:00:45Z,2026-05-13T10:00:45Z
3453,431,91,tagged,0.927,199,2026-05-13T10:00:45Z,2026-05-13T10:00:45Z
3454,290,311,duet,0.604,180,2026-05-13T10:00:45Z,2026-05-13T10:00:45Z
3455,417,384,inspired_by,0.161,62,2026-05-13T10:00:45Z,2026-05-13T10:00:45Z
3456,284,337,follows,0.9,137,2026-05-13T10:00:45Z,2026-05-13T10:00:45Z
3457,304,157,collaborates,0.211,118,2026-05-13T10:00:45Z,2026-05-13T10:00:45Z
3459,270,324,reshared,0.184,163,2026-05-13T10:00:45Z,2026-05-13T10:00:45Z
3460,106,307,tagged,0.445,187,2026-05-13T10:00:45Z,2026-05-13T10:00:45Z
3461,112,11,duet,0.7,182,2026-05-13T10:00:45Z,2026-05-13T10:00:45Z
3462,14,224,inspired_by,0.462,132,2026-05-13T10:00:45Z,2026-05-13T10:00:45Z
3463,448,270,follows,0.349,184,2026-05-13T10:00:45Z,2026-05-13T10:00:45Z
3464,86,34,collaborates,0.387,167,2026-05-13T10:00:45Z,2026-05-13T10:00:45Z
3465,156,237,mentioned,0.47,91,2026-05-13T10:00:45Z,2026-05-13T10:00:45Z
3466,218,486,reshared,0.128,85,2026-05-13T10:00:45Z,2026-05-13T10:00:45Z
3467,415,7,tagged,0.831,160,2026-05-13T10:00:45Z,2026-05-13T10:00:45Z
3468,127,463,duet,0.855,15,2026-05-13T10:00:45Z,2026-05-13T10:00:45Z
3469,395,361,inspired_by,0.297,121,2026-05-13T10:00:45Z,2026-05-13T10:00:45Z
3470,70,143,follows,0.413,106,2026-05-13T10:00:45Z,2026-05-13T10:00:45Z
3472,330,172,mentioned,0.476,173,2026-05-13T10:00:45Z,2026-05-13T10:00:45Z
3474,301,204,tagged,0.43,15,2026-05-13T10:00:45Z,2026-05-13T10:00:45Z
3475,17,236,duet,0.743,57,2026-05-13T10:00:45Z,2026-05-13T10:00:45Z
3478,177,328,collaborates,0.43,37,2026-05-13T10:00:45Z,2026-05-13T10:00:45Z
3479,433,455,mentioned,0.857,23,2026-05-13T10:00:45Z,2026-05-13T10:00:45Z
3480,166,221,reshared,0.364,196,2026-05-13T10:00:45Z,2026-05-13T10:00:45Z
3481,254,41,tagged,0.514,173,2026-05-13T10:00:45Z,2026-05-13T10:00:45Z
3482,176,101,duet,0.232,167,2026-05-13T10:00:45Z,2026-05-13T10:00:45Z
3483,105,459,inspired_by,0.901,108,2026-05-13T10:00:45Z,2026-05-13T10:00:45Z
3484,262,43,follows,0.317,30,2026-05-13T10:00:45Z,2026-05-13T10:00:45Z
3485,440,22,collaborates,0.734,6,2026-05-13T10:00:45Z,2026-05-13T10:00:45Z
3486,9,386,mentioned,0.146,5,2026-05-13T10:00:45Z,2026-05-13T10:00:45Z
3487,212,55,reshared,0.793,190,2026-05-13T10:00:45Z,2026-05-13T10:00:45Z
3488,424,324,tagged,0.151,110,2026-05-13T10:00:45Z,2026-05-13T10:00:45Z
3489,276,86,duet,0.239,151,2026-05-13T10:00:45Z,2026-05-13T10:00:45Z
3490,220,435,inspired_by,0.594,99,2026-05-13T10:00:45Z,2026-05-13T10:00:45Z
3491,211,206,follows,0.871,178,2026-05-13T10:00:45Z,2026-05-13T10:00:45Z
