shipment_id,order_id,center_id,carrier,tracking_number,ship_status,distance_km,estimated_hours,ship_cost,shipped_at,delivered_at,created_at
1,3,10,PortRoute Express,TRK000000000003,in_transit,,,9.61,2026-05-10T03:07:58Z,,2026-05-13T10:00:44Z
2,4,8,RoadRunner Freight,TRK000000000004,delivered,,,22.08,2026-05-10T03:12:43Z,2026-05-11T13:03:20Z,2026-05-13T10:00:44Z
3,5,12,MetroLine Fleet,TRK000000000005,delivered,,,6.89,2026-05-09T04:26:12Z,2026-05-12T21:29:14Z,2026-05-13T10:00:44Z
4,6,6,TerminalFleet,TRK000000000006,delivered,,,6.3,2026-05-06T17:25:55Z,2026-05-11T15:38:03Z,2026-05-13T10:00:44Z
5,11,12,PortRoute Express,TRK000000000011,in_transit,,,7.02,2026-05-04T09:19:18Z,,2026-05-13T10:00:44Z
6,12,12,RoadRunner Freight,TRK000000000012,delivered,,,24.83,2026-05-09T23:40:13Z,2026-05-12T01:48:55Z,2026-05-13T10:00:44Z
7,13,8,MetroLine Fleet,TRK000000000013,delivered,,,17.29,2026-05-06T07:47:29Z,2026-05-11T17:15:18Z,2026-05-13T10:00:44Z
8,14,8,TerminalFleet,TRK000000000014,delivered,,,6.34,2026-05-12T02:40:08Z,2026-05-12T10:45:54Z,2026-05-13T10:00:44Z
9,19,7,PortRoute Express,TRK000000000019,in_transit,,,24.92,2026-05-05T23:40:43Z,,2026-05-13T10:00:44Z
10,20,10,RoadRunner Freight,TRK000000000020,delivered,,,20.22,2026-05-09T07:41:57Z,2026-05-13T09:48:00Z,2026-05-13T10:00:44Z
11,21,10,MetroLine Fleet,TRK000000000021,delivered,,,21.82,2026-05-03T12:05:54Z,2026-05-13T08:38:47Z,2026-05-13T10:00:44Z
12,22,12,TerminalFleet,TRK000000000022,delivered,,,24.72,2026-05-11T16:53:27Z,2026-05-12T04:53:28Z,2026-05-13T10:00:44Z
13,27,8,PortRoute Express,TRK000000000027,in_transit,,,24.73,2026-05-11T18:36:29Z,,2026-05-13T10:00:44Z
14,28,9,RoadRunner Freight,TRK000000000028,delivered,,,16.94,2026-05-05T11:10:17Z,2026-05-12T08:38:26Z,2026-05-13T10:00:44Z
15,29,9,MetroLine Fleet,TRK000000000029,delivered,,,21.3,2026-05-07T23:46:38Z,2026-05-12T03:41:15Z,2026-05-13T10:00:44Z
16,30,9,TerminalFleet,TRK000000000030,delivered,,,12.57,2026-05-03T22:42:55Z,2026-05-11T18:55:25Z,2026-05-13T10:00:44Z
17,35,2,PortRoute Express,TRK000000000035,in_transit,,,10.68,2026-05-05T02:33:18Z,,2026-05-13T10:00:44Z
18,36,3,RoadRunner Freight,TRK000000000036,delivered,,,22.35,2026-05-07T01:03:54Z,2026-05-13T03:28:11Z,2026-05-13T10:00:44Z
19,37,11,MetroLine Fleet,TRK000000000037,delivered,,,24.06,2026-05-10T15:32:12Z,2026-05-11T22:03:23Z,2026-05-13T10:00:44Z
20,38,7,TerminalFleet,TRK000000000038,delivered,,,17.47,2026-05-11T11:12:57Z,2026-05-11T13:11:10Z,2026-05-13T10:00:44Z
21,43,5,PortRoute Express,TRK000000000043,in_transit,,,24.24,2026-05-06T19:51:23Z,,2026-05-13T10:00:44Z
22,44,12,RoadRunner Freight,TRK000000000044,delivered,,,12.89,2026-05-07T00:16:32Z,2026-05-11T13:20:24Z,2026-05-13T10:00:44Z
23,45,8,MetroLine Fleet,TRK000000000045,delivered,,,8.44,2026-05-10T00:31:36Z,2026-05-11T21:58:51Z,2026-05-13T10:00:44Z
24,46,2,TerminalFleet,TRK000000000046,delivered,,,13.8,2026-05-08T19:25:33Z,2026-05-13T09:39:54Z,2026-05-13T10:00:44Z
25,51,1,PortRoute Express,TRK000000000051,in_transit,,,21.92,2026-05-09T00:51:04Z,,2026-05-13T10:00:44Z
26,52,2,RoadRunner Freight,TRK000000000052,delivered,,,19.58,2026-05-11T06:22:00Z,2026-05-11T20:32:31Z,2026-05-13T10:00:44Z
27,53,11,MetroLine Fleet,TRK000000000053,delivered,,,17.17,2026-05-07T18:02:38Z,2026-05-12T12:57:11Z,2026-05-13T10:00:44Z
28,54,10,TerminalFleet,TRK000000000054,delivered,,,15.34,2026-05-09T20:41:09Z,2026-05-12T14:25:00Z,2026-05-13T10:00:44Z
29,59,10,PortRoute Express,TRK000000000059,in_transit,,,13.54,2026-05-04T16:07:35Z,,2026-05-13T10:00:44Z
30,60,9,RoadRunner Freight,TRK000000000060,delivered,,,9.4,2026-05-10T23:44:56Z,2026-05-11T15:58:26Z,2026-05-13T10:00:44Z
31,61,10,MetroLine Fleet,TRK000000000061,delivered,,,12.43,2026-05-05T21:38:18Z,2026-05-12T18:25:47Z,2026-05-13T10:00:44Z
32,62,4,TerminalFleet,TRK000000000062,delivered,,,5.78,2026-05-08T16:22:16Z,2026-05-11T16:07:13Z,2026-05-13T10:00:44Z
33,67,4,PortRoute Express,TRK000000000067,in_transit,,,10.61,2026-05-07T19:49:55Z,,2026-05-13T10:00:44Z
34,68,12,RoadRunner Freight,TRK000000000068,delivered,,,24.22,2026-05-06T00:25:40Z,2026-05-12T07:18:24Z,2026-05-13T10:00:44Z
35,69,5,MetroLine Fleet,TRK000000000069,delivered,,,19.73,2026-05-07T05:52:35Z,2026-05-11T16:48:09Z,2026-05-13T10:00:44Z
36,70,2,TerminalFleet,TRK000000000070,delivered,,,18.39,2026-05-07T16:27:03Z,2026-05-12T19:31:01Z,2026-05-13T10:00:44Z
37,75,11,PortRoute Express,TRK000000000075,in_transit,,,18.84,2026-05-04T01:55:59Z,,2026-05-13T10:00:44Z
38,76,6,RoadRunner Freight,TRK000000000076,delivered,,,14.74,2026-05-11T23:18:17Z,2026-05-12T03:36:47Z,2026-05-13T10:00:44Z
39,77,2,MetroLine Fleet,TRK000000000077,delivered,,,10.61,2026-05-06T04:55:42Z,2026-05-11T14:58:00Z,2026-05-13T10:00:44Z
40,78,3,TerminalFleet,TRK000000000078,delivered,,,20.74,2026-05-04T05:09:48Z,2026-05-13T05:46:42Z,2026-05-13T10:00:44Z
41,83,4,PortRoute Express,TRK000000000083,in_transit,,,7.62,2026-05-09T22:42:33Z,,2026-05-13T10:00:44Z
42,84,6,RoadRunner Freight,TRK000000000084,delivered,,,13.94,2026-05-05T21:22:20Z,2026-05-12T15:45:23Z,2026-05-13T10:00:44Z
43,85,4,MetroLine Fleet,TRK000000000085,delivered,,,6.28,2026-05-09T01:50:39Z,2026-05-13T02:34:15Z,2026-05-13T10:00:44Z
44,86,2,TerminalFleet,TRK000000000086,delivered,,,9.82,2026-05-06T17:07:05Z,2026-05-11T16:03:18Z,2026-05-13T10:00:44Z
45,91,4,PortRoute Express,TRK000000000091,in_transit,,,9.56,2026-05-11T23:07:44Z,,2026-05-13T10:00:44Z
46,92,4,RoadRunner Freight,TRK000000000092,delivered,,,19.07,2026-05-10T20:13:35Z,2026-05-12T18:47:07Z,2026-05-13T10:00:44Z
47,93,7,MetroLine Fleet,TRK000000000093,delivered,,,24.3,2026-05-08T05:19:07Z,2026-05-12T18:01:32Z,2026-05-13T10:00:44Z
48,94,12,TerminalFleet,TRK000000000094,delivered,,,22.04,2026-05-07T10:08:26Z,2026-05-11T21:03:38Z,2026-05-13T10:00:44Z
49,99,9,PortRoute Express,TRK000000000099,in_transit,,,19.63,2026-05-06T09:29:28Z,,2026-05-13T10:00:44Z
50,100,7,RoadRunner Freight,TRK000000000100,delivered,,,19.6,2026-05-05T13:26:19Z,2026-05-12T12:30:05Z,2026-05-13T10:00:44Z
51,101,4,MetroLine Fleet,TRK000000000101,delivered,,,17.92,2026-05-10T03:02:13Z,2026-05-11T15:27:07Z,2026-05-13T10:00:44Z
52,102,1,TerminalFleet,TRK000000000102,delivered,,,24.11,2026-05-06T12:14:05Z,2026-05-11T15:10:53Z,2026-05-13T10:00:44Z
53,107,10,PortRoute Express,TRK000000000107,in_transit,,,16.5,2026-05-11T07:14:35Z,,2026-05-13T10:00:44Z
54,108,4,RoadRunner Freight,TRK000000000108,delivered,,,23.29,2026-05-07T00:43:40Z,2026-05-12T15:26:50Z,2026-05-13T10:00:44Z
55,109,12,MetroLine Fleet,TRK000000000109,delivered,,,23.36,2026-05-07T05:39:59Z,2026-05-12T14:48:50Z,2026-05-13T10:00:44Z
56,110,3,TerminalFleet,TRK000000000110,delivered,,,16.73,2026-05-05T00:50:01Z,2026-05-13T01:37:00Z,2026-05-13T10:00:44Z
57,115,2,PortRoute Express,TRK000000000115,in_transit,,,21.6,2026-05-04T14:39:56Z,,2026-05-13T10:00:44Z
58,116,8,RoadRunner Freight,TRK000000000116,delivered,,,5.4,2026-05-09T18:02:10Z,2026-05-11T19:34:20Z,2026-05-13T10:00:44Z
59,117,6,MetroLine Fleet,TRK000000000117,delivered,,,15.64,2026-05-09T00:35:35Z,2026-05-13T08:43:11Z,2026-05-13T10:00:44Z
60,118,1,TerminalFleet,TRK000000000118,delivered,,,15.55,2026-05-04T17:19:39Z,2026-05-11T12:18:44Z,2026-05-13T10:00:44Z
61,123,8,PortRoute Express,TRK000000000123,in_transit,,,17.95,2026-05-09T10:35:53Z,,2026-05-13T10:00:44Z
62,124,7,RoadRunner Freight,TRK000000000124,delivered,,,13.79,2026-05-04T00:40:05Z,2026-05-12T10:40:31Z,2026-05-13T10:00:44Z
63,125,9,MetroLine Fleet,TRK000000000125,delivered,,,19.68,2026-05-12T05:19:40Z,2026-05-13T01:16:10Z,2026-05-13T10:00:44Z
64,126,12,TerminalFleet,TRK000000000126,delivered,,,14.66,2026-05-05T21:36:50Z,2026-05-13T08:19:13Z,2026-05-13T10:00:44Z
65,131,12,PortRoute Express,TRK000000000131,in_transit,,,21.77,2026-05-06T02:58:57Z,,2026-05-13T10:00:44Z
66,132,1,RoadRunner Freight,TRK000000000132,delivered,,,11.26,2026-05-06T20:58:27Z,2026-05-12T09:31:27Z,2026-05-13T10:00:44Z
67,133,5,MetroLine Fleet,TRK000000000133,delivered,,,22.19,2026-05-07T04:19:03Z,2026-05-12T09:40:47Z,2026-05-13T10:00:44Z
68,134,10,TerminalFleet,TRK000000000134,delivered,,,12.22,2026-05-11T09:01:32Z,2026-05-12T23:24:02Z,2026-05-13T10:00:44Z
69,139,8,PortRoute Express,TRK000000000139,in_transit,,,16.38,2026-05-11T14:49:27Z,,2026-05-13T10:00:44Z
70,140,12,RoadRunner Freight,TRK000000000140,delivered,,,11.2,2026-05-06T11:20:37Z,2026-05-12T13:14:21Z,2026-05-13T10:00:44Z
71,141,8,MetroLine Fleet,TRK000000000141,delivered,,,18.69,2026-05-06T02:43:27Z,2026-05-11T19:17:02Z,2026-05-13T10:00:44Z
72,142,1,TerminalFleet,TRK000000000142,delivered,,,9.33,2026-05-05T16:07:40Z,2026-05-12T05:06:39Z,2026-05-13T10:00:44Z
73,147,1,PortRoute Express,TRK000000000147,in_transit,,,19.83,2026-05-06T12:04:20Z,,2026-05-13T10:00:44Z
74,148,3,RoadRunner Freight,TRK000000000148,delivered,,,6.31,2026-05-05T11:31:32Z,2026-05-13T09:59:06Z,2026-05-13T10:00:44Z
75,149,3,MetroLine Fleet,TRK000000000149,delivered,,,23,2026-05-11T07:04:01Z,2026-05-12T19:28:14Z,2026-05-13T10:00:44Z
76,150,7,TerminalFleet,TRK000000000150,delivered,,,22.33,2026-05-07T00:54:40Z,2026-05-13T05:34:02Z,2026-05-13T10:00:44Z
77,155,10,PortRoute Express,TRK000000000155,in_transit,,,10.2,2026-05-11T19:55:32Z,,2026-05-13T10:00:44Z
78,156,10,RoadRunner Freight,TRK000000000156,delivered,,,15.78,2026-05-07T17:35:17Z,2026-05-12T21:10:16Z,2026-05-13T10:00:44Z
79,157,7,MetroLine Fleet,TRK000000000157,delivered,,,7.54,2026-05-12T05:37:47Z,2026-05-12T06:37:47Z,2026-05-13T10:00:44Z
80,158,4,TerminalFleet,TRK000000000158,delivered,,,10.54,2026-05-06T18:38:28Z,2026-05-11T23:11:38Z,2026-05-13T10:00:44Z
81,163,6,PortRoute Express,TRK000000000163,in_transit,,,20.26,2026-05-05T11:51:35Z,,2026-05-13T10:00:44Z
82,164,9,RoadRunner Freight,TRK000000000164,delivered,,,15.5,2026-05-10T23:29:03Z,2026-05-12T16:33:07Z,2026-05-13T10:00:44Z
83,165,2,MetroLine Fleet,TRK000000000165,delivered,,,14.8,2026-05-11T01:16:42Z,2026-05-11T10:08:44Z,2026-05-13T10:00:44Z
84,166,7,TerminalFleet,TRK000000000166,delivered,,,10.08,2026-05-11T16:45:03Z,2026-05-13T09:16:03Z,2026-05-13T10:00:44Z
85,171,11,PortRoute Express,TRK000000000171,in_transit,,,11.41,2026-05-04T05:43:48Z,,2026-05-13T10:00:44Z
86,172,4,RoadRunner Freight,TRK000000000172,delivered,,,7,2026-05-10T16:48:08Z,2026-05-12T17:42:03Z,2026-05-13T10:00:44Z
87,173,8,MetroLine Fleet,TRK000000000173,delivered,,,17.16,2026-05-04T04:45:00Z,2026-05-12T20:40:08Z,2026-05-13T10:00:44Z
88,174,12,TerminalFleet,TRK000000000174,delivered,,,23.72,2026-05-12T03:17:25Z,2026-05-12T04:17:25Z,2026-05-13T10:00:44Z
89,179,3,PortRoute Express,TRK000000000179,in_transit,,,12.3,2026-05-10T20:13:33Z,,2026-05-13T10:00:44Z
90,180,2,RoadRunner Freight,TRK000000000180,delivered,,,5.09,2026-05-05T06:38:39Z,2026-05-12T11:07:28Z,2026-05-13T10:00:44Z
91,181,5,MetroLine Fleet,TRK000000000181,delivered,,,19.58,2026-05-03T10:58:34Z,2026-05-11T15:20:19Z,2026-05-13T10:00:44Z
92,182,11,TerminalFleet,TRK000000000182,delivered,,,16.76,2026-05-10T14:07:01Z,2026-05-12T08:57:27Z,2026-05-13T10:00:44Z
93,187,11,PortRoute Express,TRK000000000187,in_transit,,,17.79,2026-05-10T01:45:00Z,,2026-05-13T10:00:44Z
94,188,2,RoadRunner Freight,TRK000000000188,delivered,,,11.26,2026-05-04T14:28:17Z,2026-05-12T04:35:07Z,2026-05-13T10:00:44Z
95,189,11,MetroLine Fleet,TRK000000000189,delivered,,,24.67,2026-05-08T06:34:05Z,2026-05-13T03:40:34Z,2026-05-13T10:00:44Z
96,190,9,TerminalFleet,TRK000000000190,delivered,,,8.45,2026-05-11T01:19:42Z,2026-05-12T05:34:55Z,2026-05-13T10:00:44Z
97,195,7,PortRoute Express,TRK000000000195,in_transit,,,5.29,2026-05-09T19:54:38Z,,2026-05-13T10:00:44Z
98,196,12,RoadRunner Freight,TRK000000000196,delivered,,,22.85,2026-05-06T14:31:08Z,2026-05-11T23:46:25Z,2026-05-13T10:00:44Z
99,197,2,MetroLine Fleet,TRK000000000197,delivered,,,5.7,2026-05-07T17:00:12Z,2026-05-12T05:04:07Z,2026-05-13T10:00:44Z
100,198,5,TerminalFleet,TRK000000000198,delivered,,,14.06,2026-05-10T21:39:11Z,2026-05-12T06:42:44Z,2026-05-13T10:00:44Z
101,203,1,PortRoute Express,TRK000000000203,in_transit,,,24.34,2026-05-03T13:48:33Z,,2026-05-13T10:00:44Z
102,204,4,RoadRunner Freight,TRK000000000204,delivered,,,10.53,2026-05-10T20:48:19Z,2026-05-11T21:24:20Z,2026-05-13T10:00:44Z
103,205,1,MetroLine Fleet,TRK000000000205,delivered,,,16.39,2026-05-05T14:49:17Z,2026-05-12T02:17:54Z,2026-05-13T10:00:44Z
104,206,7,TerminalFleet,TRK000000000206,delivered,,,18.49,2026-05-11T19:06:53Z,2026-05-13T08:25:34Z,2026-05-13T10:00:44Z
105,211,2,PortRoute Express,TRK000000000211,in_transit,,,17.25,2026-05-10T09:15:29Z,,2026-05-13T10:00:44Z
106,212,5,RoadRunner Freight,TRK000000000212,delivered,,,15.88,2026-05-11T06:59:45Z,2026-05-11T19:27:20Z,2026-05-13T10:00:44Z
107,213,4,MetroLine Fleet,TRK000000000213,delivered,,,10.51,2026-05-05T01:40:30Z,2026-05-12T05:50:17Z,2026-05-13T10:00:44Z
108,214,6,TerminalFleet,TRK000000000214,delivered,,,5.33,2026-05-10T02:08:40Z,2026-05-11T19:47:00Z,2026-05-13T10:00:44Z
109,219,2,PortRoute Express,TRK000000000219,in_transit,,,7.55,2026-05-07T19:57:03Z,,2026-05-13T10:00:44Z
110,220,10,RoadRunner Freight,TRK000000000220,delivered,,,19.09,2026-05-09T00:27:45Z,2026-05-11T14:27:37Z,2026-05-13T10:00:44Z
111,221,6,MetroLine Fleet,TRK000000000221,delivered,,,11.89,2026-05-05T06:28:05Z,2026-05-12T21:08:24Z,2026-05-13T10:00:44Z
112,222,3,TerminalFleet,TRK000000000222,delivered,,,23.74,2026-05-08T23:39:54Z,2026-05-11T11:09:13Z,2026-05-13T10:00:44Z
113,227,12,PortRoute Express,TRK000000000227,in_transit,,,23.37,2026-05-11T23:07:01Z,,2026-05-13T10:00:44Z
114,228,3,RoadRunner Freight,TRK000000000228,delivered,,,10.74,2026-05-09T20:38:11Z,2026-05-11T21:16:44Z,2026-05-13T10:00:44Z
115,229,8,MetroLine Fleet,TRK000000000229,delivered,,,15.86,2026-05-04T14:29:18Z,2026-05-11T22:56:09Z,2026-05-13T10:00:44Z
116,230,7,TerminalFleet,TRK000000000230,delivered,,,14.1,2026-05-11T06:13:53Z,2026-05-11T21:19:37Z,2026-05-13T10:00:44Z
117,235,3,PortRoute Express,TRK000000000235,in_transit,,,21.23,2026-05-09T17:20:53Z,,2026-05-13T10:00:44Z
118,236,8,RoadRunner Freight,TRK000000000236,delivered,,,15.99,2026-05-09T04:44:43Z,2026-05-11T10:34:12Z,2026-05-13T10:00:44Z
119,237,9,MetroLine Fleet,TRK000000000237,delivered,,,10.89,2026-05-08T01:26:52Z,2026-05-12T10:50:13Z,2026-05-13T10:00:44Z
120,238,6,TerminalFleet,TRK000000000238,delivered,,,7.79,2026-05-08T01:53:02Z,2026-05-12T09:19:33Z,2026-05-13T10:00:44Z
121,243,2,PortRoute Express,TRK000000000243,in_transit,,,8.3,2026-05-09T14:49:22Z,,2026-05-13T10:00:44Z
122,244,4,RoadRunner Freight,TRK000000000244,delivered,,,5.18,2026-05-10T14:57:50Z,2026-05-11T19:55:05Z,2026-05-13T10:00:44Z
123,245,8,MetroLine Fleet,TRK000000000245,delivered,,,22.81,2026-05-07T22:01:49Z,2026-05-12T20:41:50Z,2026-05-13T10:00:44Z
124,246,12,TerminalFleet,TRK000000000246,delivered,,,6.87,2026-05-08T01:47:13Z,2026-05-11T21:43:28Z,2026-05-13T10:00:44Z
125,251,10,PortRoute Express,TRK000000000251,in_transit,,,6.43,2026-05-09T17:04:06Z,,2026-05-13T10:00:44Z
126,252,6,RoadRunner Freight,TRK000000000252,delivered,,,15.67,2026-05-11T03:30:02Z,2026-05-12T10:54:54Z,2026-05-13T10:00:44Z
127,253,2,MetroLine Fleet,TRK000000000253,delivered,,,21.24,2026-05-08T03:55:21Z,2026-05-13T08:33:23Z,2026-05-13T10:00:44Z
128,254,2,TerminalFleet,TRK000000000254,delivered,,,15.95,2026-05-07T04:20:05Z,2026-05-11T15:12:34Z,2026-05-13T10:00:44Z
129,259,11,PortRoute Express,TRK000000000259,in_transit,,,17.14,2026-05-06T07:48:31Z,,2026-05-13T10:00:44Z
130,260,9,RoadRunner Freight,TRK000000000260,delivered,,,21.62,2026-05-06T09:48:18Z,2026-05-12T14:07:31Z,2026-05-13T10:00:44Z
131,261,3,MetroLine Fleet,TRK000000000261,delivered,,,12.03,2026-05-12T05:46:15Z,2026-05-12T18:53:23Z,2026-05-13T10:00:44Z
132,262,3,TerminalFleet,TRK000000000262,delivered,,,10.96,2026-05-06T22:03:05Z,2026-05-11T12:15:26Z,2026-05-13T10:00:44Z
133,267,5,PortRoute Express,TRK000000000267,in_transit,,,19.54,2026-05-10T00:50:55Z,,2026-05-13T10:00:44Z
134,268,8,RoadRunner Freight,TRK000000000268,delivered,,,16.36,2026-05-06T12:42:56Z,2026-05-12T14:03:25Z,2026-05-13T10:00:44Z
135,269,7,MetroLine Fleet,TRK000000000269,delivered,,,11.69,2026-05-11T15:24:15Z,2026-05-11T23:22:34Z,2026-05-13T10:00:44Z
136,270,3,TerminalFleet,TRK000000000270,delivered,,,15.96,2026-05-10T00:19:09Z,2026-05-11T17:38:18Z,2026-05-13T10:00:44Z
137,275,1,PortRoute Express,TRK000000000275,in_transit,,,14.7,2026-05-08T08:21:52Z,,2026-05-13T10:00:44Z
138,276,12,RoadRunner Freight,TRK000000000276,delivered,,,18.93,2026-05-08T00:09:15Z,2026-05-13T05:39:58Z,2026-05-13T10:00:44Z
139,277,7,MetroLine Fleet,TRK000000000277,delivered,,,21.25,2026-05-04T23:36:10Z,2026-05-12T18:38:54Z,2026-05-13T10:00:44Z
140,278,5,TerminalFleet,TRK000000000278,delivered,,,7.13,2026-05-05T20:13:47Z,2026-05-12T18:17:26Z,2026-05-13T10:00:44Z
141,283,9,PortRoute Express,TRK000000000283,in_transit,,,19.67,2026-05-08T21:03:29Z,,2026-05-13T10:00:44Z
142,284,12,RoadRunner Freight,TRK000000000284,delivered,,,8.16,2026-05-07T04:46:31Z,2026-05-12T12:36:12Z,2026-05-13T10:00:44Z
143,285,1,MetroLine Fleet,TRK000000000285,delivered,,,21.16,2026-05-10T17:31:06Z,2026-05-12T08:23:46Z,2026-05-13T10:00:44Z
144,286,9,TerminalFleet,TRK000000000286,delivered,,,10.4,2026-05-08T20:42:26Z,2026-05-12T04:03:30Z,2026-05-13T10:00:44Z
145,291,8,PortRoute Express,TRK000000000291,in_transit,,,23.55,2026-05-09T03:45:03Z,,2026-05-13T10:00:44Z
146,292,11,RoadRunner Freight,TRK000000000292,delivered,,,17.31,2026-05-09T00:42:33Z,2026-05-12T19:40:01Z,2026-05-13T10:00:44Z
147,293,3,MetroLine Fleet,TRK000000000293,delivered,,,14.25,2026-05-04T23:37:42Z,2026-05-13T03:47:23Z,2026-05-13T10:00:44Z
148,294,5,TerminalFleet,TRK000000000294,delivered,,,19.24,2026-05-08T18:17:31Z,2026-05-12T06:50:50Z,2026-05-13T10:00:44Z
149,299,10,PortRoute Express,TRK000000000299,in_transit,,,14.21,2026-05-04T22:09:44Z,,2026-05-13T10:00:44Z
150,300,11,RoadRunner Freight,TRK000000000300,delivered,,,23.86,2026-05-07T17:02:59Z,2026-05-12T09:18:03Z,2026-05-13T10:00:44Z
151,301,11,MetroLine Fleet,TRK000000000301,delivered,,,14.18,2026-05-10T19:30:00Z,2026-05-12T20:41:18Z,2026-05-13T10:00:44Z
152,302,8,TerminalFleet,TRK000000000302,delivered,,,13.27,2026-05-07T13:40:04Z,2026-05-12T22:48:18Z,2026-05-13T10:00:44Z
153,307,10,PortRoute Express,TRK000000000307,in_transit,,,21.56,2026-05-10T20:42:00Z,,2026-05-13T10:00:44Z
154,308,1,RoadRunner Freight,TRK000000000308,delivered,,,19.47,2026-05-09T20:39:43Z,2026-05-13T00:48:45Z,2026-05-13T10:00:44Z
155,309,9,MetroLine Fleet,TRK000000000309,delivered,,,9.86,2026-05-07T16:40:48Z,2026-05-12T08:37:10Z,2026-05-13T10:00:44Z
156,310,12,TerminalFleet,TRK000000000310,delivered,,,11.28,2026-05-08T15:52:30Z,2026-05-12T10:32:22Z,2026-05-13T10:00:44Z
157,315,5,PortRoute Express,TRK000000000315,in_transit,,,6.36,2026-05-11T11:07:30Z,,2026-05-13T10:00:44Z
158,316,3,RoadRunner Freight,TRK000000000316,delivered,,,15.21,2026-05-11T01:49:12Z,2026-05-11T18:08:56Z,2026-05-13T10:00:44Z
159,317,9,MetroLine Fleet,TRK000000000317,delivered,,,21.42,2026-05-04T00:13:19Z,2026-05-13T06:44:21Z,2026-05-13T10:00:44Z
160,318,10,TerminalFleet,TRK000000000318,delivered,,,16.29,2026-05-11T03:16:00Z,2026-05-12T03:48:31Z,2026-05-13T10:00:44Z
161,323,9,PortRoute Express,TRK000000000323,in_transit,,,15.36,2026-05-05T18:16:05Z,,2026-05-13T10:00:44Z
162,324,3,RoadRunner Freight,TRK000000000324,delivered,,,21.58,2026-05-10T12:22:00Z,2026-05-12T12:48:44Z,2026-05-13T10:00:44Z
163,325,11,MetroLine Fleet,TRK000000000325,delivered,,,8.39,2026-05-06T00:54:45Z,2026-05-13T09:47:08Z,2026-05-13T10:00:44Z
164,326,11,TerminalFleet,TRK000000000326,delivered,,,10.19,2026-05-05T06:01:55Z,2026-05-13T06:41:34Z,2026-05-13T10:00:44Z
165,331,1,PortRoute Express,TRK000000000331,in_transit,,,22.53,2026-05-07T21:26:50Z,,2026-05-13T10:00:44Z
166,332,12,RoadRunner Freight,TRK000000000332,delivered,,,21.42,2026-05-05T13:09:26Z,2026-05-12T22:25:56Z,2026-05-13T10:00:44Z
167,333,11,MetroLine Fleet,TRK000000000333,delivered,,,5.96,2026-05-06T14:46:34Z,2026-05-12T05:58:21Z,2026-05-13T10:00:44Z
168,334,8,TerminalFleet,TRK000000000334,delivered,,,20.3,2026-05-05T04:35:44Z,2026-05-13T03:19:11Z,2026-05-13T10:00:44Z
169,339,8,PortRoute Express,TRK000000000339,in_transit,,,21.38,2026-05-11T05:57:19Z,,2026-05-13T10:00:44Z
170,340,6,RoadRunner Freight,TRK000000000340,delivered,,,22.73,2026-05-12T04:45:06Z,2026-05-12T05:45:06Z,2026-05-13T10:00:44Z
171,341,1,MetroLine Fleet,TRK000000000341,delivered,,,7.44,2026-05-10T23:23:53Z,2026-05-12T16:50:35Z,2026-05-13T10:00:44Z
172,342,12,TerminalFleet,TRK000000000342,delivered,,,24.93,2026-05-03T12:35:56Z,2026-05-11T20:04:59Z,2026-05-13T10:00:44Z
173,347,10,PortRoute Express,TRK000000000347,in_transit,,,11.24,2026-05-06T07:18:59Z,,2026-05-13T10:00:44Z
174,348,6,RoadRunner Freight,TRK000000000348,delivered,,,14.51,2026-05-09T14:13:33Z,2026-05-12T07:17:41Z,2026-05-13T10:00:44Z
175,349,5,MetroLine Fleet,TRK000000000349,delivered,,,19.57,2026-05-05T18:24:03Z,2026-05-11T16:08:16Z,2026-05-13T10:00:44Z
176,350,3,TerminalFleet,TRK000000000350,delivered,,,5.84,2026-05-11T07:28:18Z,2026-05-12T13:32:53Z,2026-05-13T10:00:44Z
177,355,1,PortRoute Express,TRK000000000355,in_transit,,,13.88,2026-05-07T17:04:26Z,,2026-05-13T10:00:44Z
178,356,3,RoadRunner Freight,TRK000000000356,delivered,,,24.82,2026-05-08T15:37:07Z,2026-05-13T07:13:51Z,2026-05-13T10:00:44Z
179,357,7,MetroLine Fleet,TRK000000000357,delivered,,,10.44,2026-05-04T14:08:21Z,2026-05-11T23:49:01Z,2026-05-13T10:00:44Z
180,358,3,TerminalFleet,TRK000000000358,delivered,,,15.88,2026-05-03T19:09:50Z,2026-05-12T06:14:16Z,2026-05-13T10:00:44Z
181,363,8,PortRoute Express,TRK000000000363,in_transit,,,10.09,2026-05-08T19:18:27Z,,2026-05-13T10:00:44Z
182,364,12,RoadRunner Freight,TRK000000000364,delivered,,,19.71,2026-05-05T19:57:31Z,2026-05-13T03:18:03Z,2026-05-13T10:00:44Z
183,365,10,MetroLine Fleet,TRK000000000365,delivered,,,12.83,2026-05-04T20:14:29Z,2026-05-11T20:25:49Z,2026-05-13T10:00:44Z
184,366,5,TerminalFleet,TRK000000000366,delivered,,,18.47,2026-05-10T18:48:53Z,2026-05-11T23:13:58Z,2026-05-13T10:00:44Z
185,371,1,PortRoute Express,TRK000000000371,in_transit,,,16.89,2026-05-07T00:03:34Z,,2026-05-13T10:00:44Z
186,372,7,RoadRunner Freight,TRK000000000372,delivered,,,10.38,2026-05-04T14:19:57Z,2026-05-13T09:27:18Z,2026-05-13T10:00:44Z
187,373,12,MetroLine Fleet,TRK000000000373,delivered,,,12.24,2026-05-07T03:41:01Z,2026-05-12T04:51:20Z,2026-05-13T10:00:44Z
188,374,6,TerminalFleet,TRK000000000374,delivered,,,11.02,2026-05-12T03:27:04Z,2026-05-13T08:18:42Z,2026-05-13T10:00:44Z
189,379,1,PortRoute Express,TRK000000000379,in_transit,,,12.52,2026-05-04T01:32:32Z,,2026-05-13T10:00:44Z
190,380,7,RoadRunner Freight,TRK000000000380,delivered,,,14.14,2026-05-10T07:13:50Z,2026-05-11T11:35:20Z,2026-05-13T10:00:44Z
191,381,2,MetroLine Fleet,TRK000000000381,delivered,,,6.31,2026-05-09T19:43:27Z,2026-05-11T15:55:06Z,2026-05-13T10:00:44Z
192,382,11,TerminalFleet,TRK000000000382,delivered,,,8.01,2026-05-09T18:36:29Z,2026-05-13T07:12:44Z,2026-05-13T10:00:44Z
193,387,1,PortRoute Express,TRK000000000387,in_transit,,,21.61,2026-05-07T23:28:47Z,,2026-05-13T10:00:44Z
194,388,9,RoadRunner Freight,TRK000000000388,delivered,,,13.09,2026-05-07T01:08:05Z,2026-05-12T17:14:12Z,2026-05-13T10:00:44Z
195,389,11,MetroLine Fleet,TRK000000000389,delivered,,,12.32,2026-05-03T23:55:50Z,2026-05-11T15:49:34Z,2026-05-13T10:00:44Z
196,390,10,TerminalFleet,TRK000000000390,delivered,,,10.04,2026-05-06T22:16:41Z,2026-05-11T13:59:47Z,2026-05-13T10:00:44Z
197,395,6,PortRoute Express,TRK000000000395,in_transit,,,18.67,2026-05-10T14:28:09Z,,2026-05-13T10:00:44Z
198,396,6,RoadRunner Freight,TRK000000000396,delivered,,,17,2026-05-04T15:39:30Z,2026-05-12T21:55:48Z,2026-05-13T10:00:44Z
199,397,7,MetroLine Fleet,TRK000000000397,delivered,,,14.97,2026-05-04T05:01:58Z,2026-05-13T09:17:12Z,2026-05-13T10:00:44Z
200,398,3,TerminalFleet,TRK000000000398,delivered,,,18.07,2026-05-08T22:16:29Z,2026-05-13T04:14:59Z,2026-05-13T10:00:44Z
201,403,6,PortRoute Express,TRK000000000403,in_transit,,,17.1,2026-05-10T23:20:42Z,,2026-05-13T10:00:44Z
202,404,6,RoadRunner Freight,TRK000000000404,delivered,,,15.48,2026-05-05T14:01:21Z,2026-05-12T22:46:36Z,2026-05-13T10:00:44Z
203,405,10,MetroLine Fleet,TRK000000000405,delivered,,,17.85,2026-05-07T13:15:28Z,2026-05-12T11:53:36Z,2026-05-13T10:00:44Z
204,406,6,TerminalFleet,TRK000000000406,delivered,,,9.6,2026-05-04T07:58:24Z,2026-05-12T10:36:48Z,2026-05-13T10:00:44Z
205,411,12,PortRoute Express,TRK000000000411,in_transit,,,20.78,2026-05-11T14:06:49Z,,2026-05-13T10:00:44Z
206,412,2,RoadRunner Freight,TRK000000000412,delivered,,,23.24,2026-05-08T03:53:33Z,2026-05-11T18:40:58Z,2026-05-13T10:00:44Z
207,413,8,MetroLine Fleet,TRK000000000413,delivered,,,21.75,2026-05-06T07:29:35Z,2026-05-12T05:02:07Z,2026-05-13T10:00:44Z
208,414,9,TerminalFleet,TRK000000000414,delivered,,,19.57,2026-05-07T10:06:36Z,2026-05-11T21:06:54Z,2026-05-13T10:00:44Z
209,419,5,PortRoute Express,TRK000000000419,in_transit,,,17.1,2026-05-09T06:01:12Z,,2026-05-13T10:00:44Z
210,420,9,RoadRunner Freight,TRK000000000420,delivered,,,9.34,2026-05-06T19:17:52Z,2026-05-11T20:44:03Z,2026-05-13T10:00:44Z
211,421,6,MetroLine Fleet,TRK000000000421,delivered,,,19.53,2026-05-11T08:59:22Z,2026-05-11T18:27:51Z,2026-05-13T10:00:44Z
212,422,2,TerminalFleet,TRK000000000422,delivered,,,18.4,2026-05-09T14:14:44Z,2026-05-12T03:18:13Z,2026-05-13T10:00:44Z
213,427,10,PortRoute Express,TRK000000000427,in_transit,,,17.84,2026-05-03T20:01:25Z,,2026-05-13T10:00:44Z
214,428,4,RoadRunner Freight,TRK000000000428,delivered,,,9.32,2026-05-06T03:45:30Z,2026-05-12T00:09:27Z,2026-05-13T10:00:44Z
215,429,5,MetroLine Fleet,TRK000000000429,delivered,,,12.82,2026-05-10T18:40:38Z,2026-05-11T12:19:27Z,2026-05-13T10:00:44Z
216,430,9,TerminalFleet,TRK000000000430,delivered,,,11.25,2026-05-07T08:11:07Z,2026-05-12T11:29:52Z,2026-05-13T10:00:44Z
217,435,4,PortRoute Express,TRK000000000435,in_transit,,,24.15,2026-05-04T15:39:42Z,,2026-05-13T10:00:44Z
218,436,10,RoadRunner Freight,TRK000000000436,delivered,,,21.45,2026-05-09T07:44:08Z,2026-05-12T23:55:09Z,2026-05-13T10:00:44Z
219,437,12,MetroLine Fleet,TRK000000000437,delivered,,,17.58,2026-05-07T06:43:29Z,2026-05-12T17:25:17Z,2026-05-13T10:00:44Z
220,438,3,TerminalFleet,TRK000000000438,delivered,,,14.89,2026-05-07T11:57:48Z,2026-05-11T16:10:32Z,2026-05-13T10:00:44Z
221,443,7,PortRoute Express,TRK000000000443,in_transit,,,12.65,2026-05-10T01:08:58Z,,2026-05-13T10:00:44Z
222,444,3,RoadRunner Freight,TRK000000000444,delivered,,,7.36,2026-05-06T13:19:57Z,2026-05-13T07:21:02Z,2026-05-13T10:00:44Z
223,445,3,MetroLine Fleet,TRK000000000445,delivered,,,9.89,2026-05-04T12:29:25Z,2026-05-13T07:49:41Z,2026-05-13T10:00:44Z
224,446,12,TerminalFleet,TRK000000000446,delivered,,,19.24,2026-05-10T05:22:08Z,2026-05-12T04:42:56Z,2026-05-13T10:00:44Z
225,451,3,PortRoute Express,TRK000000000451,in_transit,,,13.1,2026-05-09T10:26:41Z,,2026-05-13T10:00:44Z
226,452,1,RoadRunner Freight,TRK000000000452,delivered,,,8.05,2026-05-09T01:17:42Z,2026-05-11T12:30:48Z,2026-05-13T10:00:44Z
227,453,2,MetroLine Fleet,TRK000000000453,delivered,,,14.53,2026-05-03T12:19:59Z,2026-05-11T15:00:24Z,2026-05-13T10:00:44Z
228,454,7,TerminalFleet,TRK000000000454,delivered,,,12.27,2026-05-11T19:38:52Z,2026-05-13T07:34:55Z,2026-05-13T10:00:44Z
229,459,1,PortRoute Express,TRK000000000459,in_transit,,,21.79,2026-05-08T15:48:34Z,,2026-05-13T10:00:44Z
230,460,7,RoadRunner Freight,TRK000000000460,delivered,,,18.15,2026-05-07T09:25:28Z,2026-05-13T09:41:53Z,2026-05-13T10:00:44Z
231,461,7,MetroLine Fleet,TRK000000000461,delivered,,,14.89,2026-05-04T03:58:37Z,2026-05-12T12:52:22Z,2026-05-13T10:00:44Z
232,462,1,TerminalFleet,TRK000000000462,delivered,,,12.09,2026-05-04T08:20:15Z,2026-05-12T07:03:30Z,2026-05-13T10:00:44Z
233,467,8,PortRoute Express,TRK000000000467,in_transit,,,23.25,2026-05-08T04:55:11Z,,2026-05-13T10:00:44Z
234,468,4,RoadRunner Freight,TRK000000000468,delivered,,,23.51,2026-05-04T23:09:42Z,2026-05-11T22:33:41Z,2026-05-13T10:00:44Z
235,469,5,MetroLine Fleet,TRK000000000469,delivered,,,8.91,2026-05-08T06:40:06Z,2026-05-13T04:35:19Z,2026-05-13T10:00:44Z
236,470,5,TerminalFleet,TRK000000000470,delivered,,,12.27,2026-05-09T14:49:39Z,2026-05-12T06:22:26Z,2026-05-13T10:00:44Z
237,475,5,PortRoute Express,TRK000000000475,in_transit,,,11.08,2026-05-12T06:28:46Z,,2026-05-13T10:00:44Z
238,476,1,RoadRunner Freight,TRK000000000476,delivered,,,19.52,2026-05-10T14:52:24Z,2026-05-12T00:45:33Z,2026-05-13T10:00:44Z
239,477,6,MetroLine Fleet,TRK000000000477,delivered,,,18.59,2026-05-11T23:38:19Z,2026-05-13T06:41:53Z,2026-05-13T10:00:44Z
240,478,11,TerminalFleet,TRK000000000478,delivered,,,17.96,2026-05-10T07:39:04Z,2026-05-12T17:29:05Z,2026-05-13T10:00:44Z
241,483,1,PortRoute Express,TRK000000000483,in_transit,,,5.76,2026-05-06T08:10:00Z,,2026-05-13T10:00:44Z
242,484,5,RoadRunner Freight,TRK000000000484,delivered,,,12.38,2026-05-07T07:42:13Z,2026-05-12T07:51:48Z,2026-05-13T10:00:44Z
243,485,12,MetroLine Fleet,TRK000000000485,delivered,,,22.47,2026-05-08T22:56:25Z,2026-05-13T09:53:53Z,2026-05-13T10:00:44Z
244,486,11,TerminalFleet,TRK000000000486,delivered,,,21.2,2026-05-09T15:24:01Z,2026-05-12T12:36:38Z,2026-05-13T10:00:44Z
245,491,4,PortRoute Express,TRK000000000491,in_transit,,,23.71,2026-05-08T01:02:34Z,,2026-05-13T10:00:44Z
246,492,12,RoadRunner Freight,TRK000000000492,delivered,,,5.99,2026-05-07T20:53:47Z,2026-05-12T06:12:36Z,2026-05-13T10:00:44Z
247,493,6,MetroLine Fleet,TRK000000000493,delivered,,,21.15,2026-05-11T17:24:10Z,2026-05-12T09:02:44Z,2026-05-13T10:00:44Z
248,494,3,TerminalFleet,TRK000000000494,delivered,,,12.07,2026-05-05T19:18:02Z,2026-05-13T02:16:10Z,2026-05-13T10:00:44Z
249,499,6,PortRoute Express,TRK000000000499,in_transit,,,18.97,2026-05-04T20:05:18Z,,2026-05-13T10:00:44Z
250,500,1,RoadRunner Freight,TRK000000000500,delivered,,,12.7,2026-05-09T22:49:34Z,2026-05-11T23:25:39Z,2026-05-13T10:00:44Z
251,501,2,MetroLine Fleet,TRK000000000501,delivered,,,23.71,2026-05-11T00:20:34Z,2026-05-12T03:29:58Z,2026-05-13T10:00:44Z
252,502,6,TerminalFleet,TRK000000000502,delivered,,,16.95,2026-05-05T07:25:38Z,2026-05-12T08:40:39Z,2026-05-13T10:00:44Z
253,507,10,PortRoute Express,TRK000000000507,in_transit,,,9.12,2026-05-08T10:25:50Z,,2026-05-13T10:00:44Z
254,508,1,RoadRunner Freight,TRK000000000508,delivered,,,18.97,2026-05-07T17:26:34Z,2026-05-12T06:35:40Z,2026-05-13T10:00:44Z
255,509,7,MetroLine Fleet,TRK000000000509,delivered,,,10.96,2026-05-07T18:54:33Z,2026-05-12T07:49:54Z,2026-05-13T10:00:44Z
256,510,7,TerminalFleet,TRK000000000510,delivered,,,11.64,2026-05-07T22:36:13Z,2026-05-11T12:54:52Z,2026-05-13T10:00:44Z
257,515,5,PortRoute Express,TRK000000000515,in_transit,,,13.71,2026-05-03T21:52:12Z,,2026-05-13T10:00:44Z
258,516,6,RoadRunner Freight,TRK000000000516,delivered,,,25,2026-05-10T10:29:43Z,2026-05-12T03:15:47Z,2026-05-13T10:00:44Z
259,517,6,MetroLine Fleet,TRK000000000517,delivered,,,6.86,2026-05-07T08:03:34Z,2026-05-13T00:16:34Z,2026-05-13T10:00:44Z
260,518,8,TerminalFleet,TRK000000000518,delivered,,,6.82,2026-05-07T13:48:22Z,2026-05-13T09:00:29Z,2026-05-13T10:00:44Z
261,523,5,PortRoute Express,TRK000000000523,in_transit,,,15.6,2026-05-05T07:32:11Z,,2026-05-13T10:00:44Z
262,524,9,RoadRunner Freight,TRK000000000524,delivered,,,23.92,2026-05-12T08:04:49Z,2026-05-12T09:04:49Z,2026-05-13T10:00:44Z
263,525,1,MetroLine Fleet,TRK000000000525,delivered,,,20.52,2026-05-11T18:18:16Z,2026-05-12T05:28:10Z,2026-05-13T10:00:44Z
264,526,4,TerminalFleet,TRK000000000526,delivered,,,13.68,2026-05-06T04:04:25Z,2026-05-12T00:29:49Z,2026-05-13T10:00:44Z
265,531,10,PortRoute Express,TRK000000000531,in_transit,,,16.1,2026-05-08T05:34:29Z,,2026-05-13T10:00:44Z
266,532,6,RoadRunner Freight,TRK000000000532,delivered,,,24.66,2026-05-07T14:57:36Z,2026-05-13T09:47:54Z,2026-05-13T10:00:44Z
267,533,9,MetroLine Fleet,TRK000000000533,delivered,,,9.78,2026-05-06T19:24:40Z,2026-05-11T18:41:08Z,2026-05-13T10:00:44Z
268,534,12,TerminalFleet,TRK000000000534,delivered,,,24.03,2026-05-04T17:23:14Z,2026-05-12T11:17:04Z,2026-05-13T10:00:44Z
269,539,12,PortRoute Express,TRK000000000539,in_transit,,,6.4,2026-05-07T05:53:32Z,,2026-05-13T10:00:44Z
270,540,3,RoadRunner Freight,TRK000000000540,delivered,,,22.77,2026-05-05T18:02:06Z,2026-05-13T04:45:04Z,2026-05-13T10:00:44Z
271,541,4,MetroLine Fleet,TRK000000000541,delivered,,,13.79,2026-05-11T08:43:06Z,2026-05-12T07:18:06Z,2026-05-13T10:00:44Z
272,542,10,TerminalFleet,TRK000000000542,delivered,,,6.88,2026-05-05T12:35:53Z,2026-05-11T17:53:39Z,2026-05-13T10:00:44Z
273,547,11,PortRoute Express,TRK000000000547,in_transit,,,12.29,2026-05-04T22:34:27Z,,2026-05-13T10:00:44Z
274,548,9,RoadRunner Freight,TRK000000000548,delivered,,,7.08,2026-05-11T17:44:53Z,2026-05-13T05:33:28Z,2026-05-13T10:00:44Z
275,549,12,MetroLine Fleet,TRK000000000549,delivered,,,22.24,2026-05-10T06:16:09Z,2026-05-11T14:34:27Z,2026-05-13T10:00:44Z
276,550,8,TerminalFleet,TRK000000000550,delivered,,,15.31,2026-05-09T19:17:19Z,2026-05-11T14:30:06Z,2026-05-13T10:00:44Z
277,555,3,PortRoute Express,TRK000000000555,in_transit,,,5.91,2026-05-05T12:50:03Z,,2026-05-13T10:00:44Z
278,556,2,RoadRunner Freight,TRK000000000556,delivered,,,23.7,2026-05-11T14:40:53Z,2026-05-12T20:20:58Z,2026-05-13T10:00:44Z
279,557,8,MetroLine Fleet,TRK000000000557,delivered,,,24.09,2026-05-08T04:08:12Z,2026-05-11T13:55:31Z,2026-05-13T10:00:44Z
280,558,4,TerminalFleet,TRK000000000558,delivered,,,9.14,2026-05-10T02:13:44Z,2026-05-13T00:19:16Z,2026-05-13T10:00:44Z
281,563,3,PortRoute Express,TRK000000000563,in_transit,,,12.07,2026-05-10T14:02:59Z,,2026-05-13T10:00:44Z
282,564,7,RoadRunner Freight,TRK000000000564,delivered,,,15.26,2026-05-07T12:48:09Z,2026-05-11T10:44:27Z,2026-05-13T10:00:44Z
283,565,6,MetroLine Fleet,TRK000000000565,delivered,,,13.41,2026-05-06T04:59:46Z,2026-05-11T17:58:49Z,2026-05-13T10:00:44Z
284,566,6,TerminalFleet,TRK000000000566,delivered,,,13.77,2026-05-04T03:05:51Z,2026-05-12T15:00:11Z,2026-05-13T10:00:44Z
285,571,12,PortRoute Express,TRK000000000571,in_transit,,,14.94,2026-05-10T04:37:45Z,,2026-05-13T10:00:44Z
286,572,2,RoadRunner Freight,TRK000000000572,delivered,,,22.85,2026-05-05T13:47:49Z,2026-05-12T07:58:14Z,2026-05-13T10:00:44Z
287,573,12,MetroLine Fleet,TRK000000000573,delivered,,,21.01,2026-05-07T22:19:21Z,2026-05-12T21:39:34Z,2026-05-13T10:00:44Z
288,574,7,TerminalFleet,TRK000000000574,delivered,,,12.18,2026-05-07T04:27:43Z,2026-05-11T23:25:30Z,2026-05-13T10:00:44Z
289,579,1,PortRoute Express,TRK000000000579,in_transit,,,6.51,2026-05-12T00:19:01Z,,2026-05-13T10:00:44Z
290,580,4,RoadRunner Freight,TRK000000000580,delivered,,,17.95,2026-05-03T12:10:03Z,2026-05-12T00:35:42Z,2026-05-13T10:00:44Z
291,581,12,MetroLine Fleet,TRK000000000581,delivered,,,10.37,2026-05-05T10:49:38Z,2026-05-11T21:17:12Z,2026-05-13T10:00:44Z
292,582,4,TerminalFleet,TRK000000000582,delivered,,,23.48,2026-05-06T12:36:02Z,2026-05-12T13:42:46Z,2026-05-13T10:00:44Z
293,587,7,PortRoute Express,TRK000000000587,in_transit,,,7.9,2026-05-08T11:28:26Z,,2026-05-13T10:00:44Z
294,588,7,RoadRunner Freight,TRK000000000588,delivered,,,15.1,2026-05-05T15:58:54Z,2026-05-13T03:17:58Z,2026-05-13T10:00:44Z
295,589,8,MetroLine Fleet,TRK000000000589,delivered,,,19.77,2026-05-06T21:23:52Z,2026-05-13T00:44:42Z,2026-05-13T10:00:44Z
296,590,5,TerminalFleet,TRK000000000590,delivered,,,23.42,2026-05-04T10:25:39Z,2026-05-13T02:38:47Z,2026-05-13T10:00:44Z
297,595,3,PortRoute Express,TRK000000000595,in_transit,,,7.31,2026-05-12T09:15:24Z,,2026-05-13T10:00:44Z
298,596,12,RoadRunner Freight,TRK000000000596,delivered,,,22.67,2026-05-05T09:00:03Z,2026-05-13T02:35:07Z,2026-05-13T10:00:44Z
299,597,1,MetroLine Fleet,TRK000000000597,delivered,,,18.7,2026-05-03T22:20:59Z,2026-05-12T16:00:40Z,2026-05-13T10:00:44Z
300,598,3,TerminalFleet,TRK000000000598,delivered,,,18.89,2026-05-10T09:47:37Z,2026-05-12T19:41:10Z,2026-05-13T10:00:44Z
301,603,7,PortRoute Express,TRK000000000603,in_transit,,,21.04,2026-05-07T23:12:24Z,,2026-05-13T10:00:44Z
302,604,1,RoadRunner Freight,TRK000000000604,delivered,,,17.91,2026-05-03T20:30:33Z,2026-05-12T04:46:16Z,2026-05-13T10:00:44Z
303,605,4,MetroLine Fleet,TRK000000000605,delivered,,,13.77,2026-05-08T01:00:06Z,2026-05-11T20:20:24Z,2026-05-13T10:00:44Z
304,606,4,TerminalFleet,TRK000000000606,delivered,,,24.77,2026-05-07T12:52:13Z,2026-05-12T04:30:19Z,2026-05-13T10:00:44Z
305,611,7,PortRoute Express,TRK000000000611,in_transit,,,13.32,2026-05-09T19:23:32Z,,2026-05-13T10:00:44Z
306,612,11,RoadRunner Freight,TRK000000000612,delivered,,,5.86,2026-05-09T01:36:35Z,2026-05-12T06:43:35Z,2026-05-13T10:00:44Z
307,613,2,MetroLine Fleet,TRK000000000613,delivered,,,23.43,2026-05-10T22:54:53Z,2026-05-12T03:03:01Z,2026-05-13T10:00:44Z
308,614,9,TerminalFleet,TRK000000000614,delivered,,,10.77,2026-05-05T03:39:07Z,2026-05-12T17:09:42Z,2026-05-13T10:00:44Z
309,619,4,PortRoute Express,TRK000000000619,in_transit,,,6.19,2026-05-03T17:41:33Z,,2026-05-13T10:00:44Z
310,620,6,RoadRunner Freight,TRK000000000620,delivered,,,14.65,2026-05-07T13:37:47Z,2026-05-11T22:52:51Z,2026-05-13T10:00:44Z
311,621,5,MetroLine Fleet,TRK000000000621,delivered,,,8.78,2026-05-12T03:45:46Z,2026-05-12T10:37:50Z,2026-05-13T10:00:44Z
312,622,9,TerminalFleet,TRK000000000622,delivered,,,18.52,2026-05-05T10:55:12Z,2026-05-12T05:37:15Z,2026-05-13T10:00:44Z
313,627,2,PortRoute Express,TRK000000000627,in_transit,,,24.98,2026-05-10T02:03:11Z,,2026-05-13T10:00:44Z
314,628,5,RoadRunner Freight,TRK000000000628,delivered,,,18.63,2026-05-11T12:20:57Z,2026-05-13T04:13:18Z,2026-05-13T10:00:44Z
315,629,7,MetroLine Fleet,TRK000000000629,delivered,,,19.5,2026-05-10T03:12:38Z,2026-05-12T20:32:11Z,2026-05-13T10:00:44Z
316,630,10,TerminalFleet,TRK000000000630,delivered,,,10.14,2026-05-08T10:44:42Z,2026-05-13T08:04:06Z,2026-05-13T10:00:44Z
317,635,11,PortRoute Express,TRK000000000635,in_transit,,,14.16,2026-05-04T10:37:36Z,,2026-05-13T10:00:44Z
318,636,5,RoadRunner Freight,TRK000000000636,delivered,,,9.8,2026-05-08T02:52:45Z,2026-05-12T00:09:09Z,2026-05-13T10:00:44Z
319,637,10,MetroLine Fleet,TRK000000000637,delivered,,,17.72,2026-05-12T00:16:16Z,2026-05-12T17:43:57Z,2026-05-13T10:00:44Z
320,638,1,TerminalFleet,TRK000000000638,delivered,,,18.69,2026-05-09T00:46:59Z,2026-05-13T07:26:50Z,2026-05-13T10:00:44Z
321,643,3,PortRoute Express,TRK000000000643,in_transit,,,14.04,2026-05-11T13:02:12Z,,2026-05-13T10:00:44Z
322,644,6,RoadRunner Freight,TRK000000000644,delivered,,,18.23,2026-05-11T09:08:26Z,2026-05-12T22:20:50Z,2026-05-13T10:00:44Z
323,645,6,MetroLine Fleet,TRK000000000645,delivered,,,12.48,2026-05-04T17:39:41Z,2026-05-13T00:50:27Z,2026-05-13T10:00:44Z
324,646,1,TerminalFleet,TRK000000000646,delivered,,,21.04,2026-05-06T08:39:41Z,2026-05-12T20:08:06Z,2026-05-13T10:00:44Z
325,651,5,PortRoute Express,TRK000000000651,in_transit,,,12.32,2026-05-08T23:58:30Z,,2026-05-13T10:00:44Z
326,652,6,RoadRunner Freight,TRK000000000652,delivered,,,5.89,2026-05-07T02:06:45Z,2026-05-12T01:52:34Z,2026-05-13T10:00:44Z
327,653,10,MetroLine Fleet,TRK000000000653,delivered,,,17.91,2026-05-07T07:24:59Z,2026-05-12T21:37:11Z,2026-05-13T10:00:44Z
328,654,12,TerminalFleet,TRK000000000654,delivered,,,15.74,2026-05-07T04:00:23Z,2026-05-12T14:55:00Z,2026-05-13T10:00:44Z
329,659,7,PortRoute Express,TRK000000000659,in_transit,,,20.31,2026-05-07T01:39:38Z,,2026-05-13T10:00:44Z
330,660,2,RoadRunner Freight,TRK000000000660,delivered,,,21.45,2026-05-07T05:56:55Z,2026-05-13T04:49:28Z,2026-05-13T10:00:44Z
331,661,5,MetroLine Fleet,TRK000000000661,delivered,,,24.43,2026-05-10T20:03:40Z,2026-05-11T23:44:30Z,2026-05-13T10:00:44Z
332,662,12,TerminalFleet,TRK000000000662,delivered,,,23.91,2026-05-06T13:33:26Z,2026-05-12T00:06:26Z,2026-05-13T10:00:44Z
333,667,9,PortRoute Express,TRK000000000667,in_transit,,,5.13,2026-05-09T21:14:40Z,,2026-05-13T10:00:44Z
334,668,10,RoadRunner Freight,TRK000000000668,delivered,,,24.63,2026-05-08T15:48:03Z,2026-05-12T10:01:59Z,2026-05-13T10:00:44Z
335,669,1,MetroLine Fleet,TRK000000000669,delivered,,,23.38,2026-05-03T15:12:04Z,2026-05-12T14:07:02Z,2026-05-13T10:00:44Z
336,670,7,TerminalFleet,TRK000000000670,delivered,,,24.14,2026-05-10T03:42:55Z,2026-05-12T23:46:29Z,2026-05-13T10:00:44Z
337,675,3,PortRoute Express,TRK000000000675,in_transit,,,18.93,2026-05-07T16:29:20Z,,2026-05-13T10:00:44Z
338,676,10,RoadRunner Freight,TRK000000000676,delivered,,,20.15,2026-05-09T00:25:31Z,2026-05-13T05:47:00Z,2026-05-13T10:00:44Z
339,677,3,MetroLine Fleet,TRK000000000677,delivered,,,18.78,2026-05-06T10:00:48Z,2026-05-12T22:11:09Z,2026-05-13T10:00:44Z
340,678,8,TerminalFleet,TRK000000000678,delivered,,,16.24,2026-05-06T23:19:59Z,2026-05-11T14:21:23Z,2026-05-13T10:00:44Z
341,683,12,PortRoute Express,TRK000000000683,in_transit,,,11.82,2026-05-10T09:45:36Z,,2026-05-13T10:00:44Z
342,684,5,RoadRunner Freight,TRK000000000684,delivered,,,20.18,2026-05-05T23:00:03Z,2026-05-12T15:57:09Z,2026-05-13T10:00:44Z
343,685,2,MetroLine Fleet,TRK000000000685,delivered,,,15.26,2026-05-08T15:11:50Z,2026-05-12T15:17:56Z,2026-05-13T10:00:44Z
344,686,11,TerminalFleet,TRK000000000686,delivered,,,6.03,2026-05-10T19:39:11Z,2026-05-13T07:00:26Z,2026-05-13T10:00:44Z
345,691,7,PortRoute Express,TRK000000000691,in_transit,,,8.93,2026-05-04T21:52:34Z,,2026-05-13T10:00:44Z
346,692,2,RoadRunner Freight,TRK000000000692,delivered,,,17.24,2026-05-12T04:41:34Z,2026-05-12T18:42:27Z,2026-05-13T10:00:44Z
347,693,2,MetroLine Fleet,TRK000000000693,delivered,,,6.24,2026-05-08T07:49:06Z,2026-05-12T10:28:39Z,2026-05-13T10:00:44Z
348,694,2,TerminalFleet,TRK000000000694,delivered,,,7.8,2026-05-04T17:16:20Z,2026-05-11T19:08:07Z,2026-05-13T10:00:44Z
349,699,7,PortRoute Express,TRK000000000699,in_transit,,,6.88,2026-05-10T08:42:43Z,,2026-05-13T10:00:44Z
350,700,12,RoadRunner Freight,TRK000000000700,delivered,,,15.11,2026-05-11T23:13:57Z,2026-05-12T00:13:57Z,2026-05-13T10:00:44Z
351,701,8,MetroLine Fleet,TRK000000000701,delivered,,,20.94,2026-05-06T20:46:41Z,2026-05-12T09:03:47Z,2026-05-13T10:00:44Z
352,702,1,TerminalFleet,TRK000000000702,delivered,,,8.48,2026-05-09T20:21:34Z,2026-05-13T07:04:09Z,2026-05-13T10:00:44Z
353,707,4,PortRoute Express,TRK000000000707,in_transit,,,12.34,2026-05-11T06:38:29Z,,2026-05-13T10:00:44Z
354,708,10,RoadRunner Freight,TRK000000000708,delivered,,,19.99,2026-05-04T04:16:20Z,2026-05-12T15:00:26Z,2026-05-13T10:00:44Z
355,709,7,MetroLine Fleet,TRK000000000709,delivered,,,12.58,2026-05-10T04:09:05Z,2026-05-11T23:38:12Z,2026-05-13T10:00:44Z
356,710,4,TerminalFleet,TRK000000000710,delivered,,,7.03,2026-05-07T02:01:12Z,2026-05-12T10:32:08Z,2026-05-13T10:00:44Z
357,715,10,PortRoute Express,TRK000000000715,in_transit,,,11.38,2026-05-06T15:33:26Z,,2026-05-13T10:00:44Z
358,716,12,RoadRunner Freight,TRK000000000716,delivered,,,5.22,2026-05-09T10:35:08Z,2026-05-12T21:05:58Z,2026-05-13T10:00:44Z
359,717,6,MetroLine Fleet,TRK000000000717,delivered,,,22.66,2026-05-04T20:22:04Z,2026-05-13T09:50:45Z,2026-05-13T10:00:44Z
360,718,4,TerminalFleet,TRK000000000718,delivered,,,21.88,2026-05-08T16:10:27Z,2026-05-11T22:58:38Z,2026-05-13T10:00:44Z
361,723,11,PortRoute Express,TRK000000000723,in_transit,,,10.38,2026-05-06T13:20:43Z,,2026-05-13T10:00:44Z
362,724,4,RoadRunner Freight,TRK000000000724,delivered,,,8.88,2026-05-04T16:12:39Z,2026-05-12T11:22:21Z,2026-05-13T10:00:44Z
363,725,1,MetroLine Fleet,TRK000000000725,delivered,,,12.41,2026-05-05T20:02:44Z,2026-05-12T13:32:18Z,2026-05-13T10:00:44Z
364,726,5,TerminalFleet,TRK000000000726,delivered,,,23.14,2026-05-06T12:54:43Z,2026-05-11T17:22:14Z,2026-05-13T10:00:44Z
365,731,8,PortRoute Express,TRK000000000731,in_transit,,,16.21,2026-05-09T00:29:15Z,,2026-05-13T10:00:44Z
366,732,9,RoadRunner Freight,TRK000000000732,delivered,,,16.96,2026-05-07T21:03:20Z,2026-05-12T00:22:01Z,2026-05-13T10:00:44Z
367,733,11,MetroLine Fleet,TRK000000000733,delivered,,,6.54,2026-05-08T07:42:10Z,2026-05-11T12:51:00Z,2026-05-13T10:00:44Z
368,734,4,TerminalFleet,TRK000000000734,delivered,,,5.29,2026-05-03T14:16:01Z,2026-05-11T15:14:10Z,2026-05-13T10:00:44Z
369,739,4,PortRoute Express,TRK000000000739,in_transit,,,18.28,2026-05-09T20:10:26Z,,2026-05-13T10:00:44Z
370,740,4,RoadRunner Freight,TRK000000000740,delivered,,,5.24,2026-05-09T23:25:30Z,2026-05-12T10:38:59Z,2026-05-13T10:00:44Z
371,741,10,MetroLine Fleet,TRK000000000741,delivered,,,7.72,2026-05-10T18:20:32Z,2026-05-11T16:10:42Z,2026-05-13T10:00:44Z
372,742,8,TerminalFleet,TRK000000000742,delivered,,,13.29,2026-05-07T02:15:32Z,2026-05-13T09:17:12Z,2026-05-13T10:00:44Z
373,747,8,PortRoute Express,TRK000000000747,in_transit,,,19.09,2026-05-07T04:53:44Z,,2026-05-13T10:00:44Z
374,748,4,RoadRunner Freight,TRK000000000748,delivered,,,13.85,2026-05-11T11:55:50Z,2026-05-11T22:54:02Z,2026-05-13T10:00:44Z
375,749,2,MetroLine Fleet,TRK000000000749,delivered,,,10.27,2026-05-10T07:28:53Z,2026-05-11T14:03:02Z,2026-05-13T10:00:44Z
376,750,9,TerminalFleet,TRK000000000750,delivered,,,21.97,2026-05-08T14:03:09Z,2026-05-13T04:32:41Z,2026-05-13T10:00:44Z
377,755,5,PortRoute Express,TRK000000000755,in_transit,,,10.8,2026-05-04T22:50:30Z,,2026-05-13T10:00:44Z
378,756,2,RoadRunner Freight,TRK000000000756,delivered,,,10.14,2026-05-06T18:57:42Z,2026-05-13T05:36:49Z,2026-05-13T10:00:44Z
379,757,12,MetroLine Fleet,TRK000000000757,delivered,,,6.84,2026-05-12T06:10:59Z,2026-05-12T14:43:46Z,2026-05-13T10:00:44Z
380,758,5,TerminalFleet,TRK000000000758,delivered,,,12.67,2026-05-03T16:16:28Z,2026-05-13T05:33:48Z,2026-05-13T10:00:44Z
381,763,4,PortRoute Express,TRK000000000763,in_transit,,,7.98,2026-05-06T15:01:33Z,,2026-05-13T10:00:44Z
382,764,8,RoadRunner Freight,TRK000000000764,delivered,,,13.18,2026-05-07T02:26:15Z,2026-05-12T21:43:05Z,2026-05-13T10:00:44Z
383,765,2,MetroLine Fleet,TRK000000000765,delivered,,,7.43,2026-05-07T11:40:24Z,2026-05-11T15:38:05Z,2026-05-13T10:00:44Z
384,766,4,TerminalFleet,TRK000000000766,delivered,,,7.86,2026-05-11T22:41:03Z,2026-05-13T07:35:47Z,2026-05-13T10:00:44Z
385,771,6,PortRoute Express,TRK000000000771,in_transit,,,10.62,2026-05-08T16:16:34Z,,2026-05-13T10:00:44Z
386,772,2,RoadRunner Freight,TRK000000000772,delivered,,,14.7,2026-05-10T22:41:47Z,2026-05-12T20:32:20Z,2026-05-13T10:00:44Z
387,773,9,MetroLine Fleet,TRK000000000773,delivered,,,24.87,2026-05-09T23:09:44Z,2026-05-12T23:27:05Z,2026-05-13T10:00:44Z
388,774,12,TerminalFleet,TRK000000000774,delivered,,,8.42,2026-05-04T01:50:59Z,2026-05-12T22:48:55Z,2026-05-13T10:00:44Z
389,779,12,PortRoute Express,TRK000000000779,in_transit,,,14.72,2026-05-06T10:51:52Z,,2026-05-13T10:00:44Z
390,780,9,RoadRunner Freight,TRK000000000780,delivered,,,17.38,2026-05-04T06:04:15Z,2026-05-12T02:52:17Z,2026-05-13T10:00:44Z
391,781,8,MetroLine Fleet,TRK000000000781,delivered,,,7.21,2026-05-07T18:22:25Z,2026-05-12T06:09:23Z,2026-05-13T10:00:44Z
392,782,8,TerminalFleet,TRK000000000782,delivered,,,19.79,2026-05-08T16:56:25Z,2026-05-11T17:10:54Z,2026-05-13T10:00:44Z
393,787,8,PortRoute Express,TRK000000000787,in_transit,,,23.35,2026-05-05T06:08:24Z,,2026-05-13T10:00:44Z
394,788,6,RoadRunner Freight,TRK000000000788,delivered,,,24.21,2026-05-06T17:10:48Z,2026-05-13T09:15:13Z,2026-05-13T10:00:44Z
395,789,2,MetroLine Fleet,TRK000000000789,delivered,,,9.18,2026-05-08T21:37:48Z,2026-05-11T11:45:02Z,2026-05-13T10:00:44Z
396,790,7,TerminalFleet,TRK000000000790,delivered,,,24.71,2026-05-07T09:58:52Z,2026-05-12T22:30:56Z,2026-05-13T10:00:44Z
397,795,7,PortRoute Express,TRK000000000795,in_transit,,,9.9,2026-05-04T15:08:07Z,,2026-05-13T10:00:44Z
398,796,6,RoadRunner Freight,TRK000000000796,delivered,,,6.38,2026-05-03T23:01:53Z,2026-05-13T04:39:23Z,2026-05-13T10:00:44Z
399,797,1,MetroLine Fleet,TRK000000000797,delivered,,,24.68,2026-05-07T11:09:21Z,2026-05-11T22:55:31Z,2026-05-13T10:00:44Z
400,798,1,TerminalFleet,TRK000000000798,delivered,,,22.08,2026-05-09T05:01:16Z,2026-05-13T02:54:38Z,2026-05-13T10:00:44Z
401,803,4,PortRoute Express,TRK000000000803,in_transit,,,20.68,2026-05-03T21:31:53Z,,2026-05-13T10:00:44Z
402,804,1,RoadRunner Freight,TRK000000000804,delivered,,,23.39,2026-05-08T06:44:45Z,2026-05-11T14:24:14Z,2026-05-13T10:00:44Z
403,805,10,MetroLine Fleet,TRK000000000805,delivered,,,23.27,2026-05-10T05:13:15Z,2026-05-12T22:24:17Z,2026-05-13T10:00:44Z
404,806,8,TerminalFleet,TRK000000000806,delivered,,,18.01,2026-05-12T04:50:31Z,2026-05-12T05:50:31Z,2026-05-13T10:00:44Z
405,811,6,PortRoute Express,TRK000000000811,in_transit,,,11.3,2026-05-09T11:31:25Z,,2026-05-13T10:00:44Z
406,812,11,RoadRunner Freight,TRK000000000812,delivered,,,12.31,2026-05-11T19:41:41Z,2026-05-12T08:58:39Z,2026-05-13T10:00:44Z
407,813,8,MetroLine Fleet,TRK000000000813,delivered,,,16.6,2026-05-09T08:37:07Z,2026-05-11T10:18:57Z,2026-05-13T10:00:44Z
408,814,8,TerminalFleet,TRK000000000814,delivered,,,23.28,2026-05-11T18:27:49Z,2026-05-12T11:27:00Z,2026-05-13T10:00:44Z
409,819,8,PortRoute Express,TRK000000000819,in_transit,,,23.72,2026-05-06T15:31:56Z,,2026-05-13T10:00:44Z
410,820,2,RoadRunner Freight,TRK000000000820,delivered,,,21.2,2026-05-06T04:22:42Z,2026-05-13T06:12:10Z,2026-05-13T10:00:44Z
411,821,1,MetroLine Fleet,TRK000000000821,delivered,,,11.84,2026-05-03T20:41:55Z,2026-05-12T05:26:40Z,2026-05-13T10:00:44Z
412,822,4,TerminalFleet,TRK000000000822,delivered,,,19.75,2026-05-09T22:24:44Z,2026-05-11T12:45:00Z,2026-05-13T10:00:44Z
413,827,2,PortRoute Express,TRK000000000827,in_transit,,,5.93,2026-05-05T02:20:15Z,,2026-05-13T10:00:44Z
414,828,5,RoadRunner Freight,TRK000000000828,delivered,,,18.23,2026-05-06T04:29:42Z,2026-05-11T22:40:40Z,2026-05-13T10:00:44Z
415,829,4,MetroLine Fleet,TRK000000000829,delivered,,,17.04,2026-05-05T06:06:04Z,2026-05-11T19:13:28Z,2026-05-13T10:00:44Z
416,830,12,TerminalFleet,TRK000000000830,delivered,,,6.93,2026-05-07T13:24:52Z,2026-05-13T09:04:24Z,2026-05-13T10:00:44Z
417,835,8,PortRoute Express,TRK000000000835,in_transit,,,13.65,2026-05-05T10:48:46Z,,2026-05-13T10:00:44Z
418,836,1,RoadRunner Freight,TRK000000000836,delivered,,,23.7,2026-05-11T14:10:25Z,2026-05-11T22:29:06Z,2026-05-13T10:00:44Z
419,837,6,MetroLine Fleet,TRK000000000837,delivered,,,6.09,2026-05-05T03:03:42Z,2026-05-13T06:57:58Z,2026-05-13T10:00:44Z
420,838,11,TerminalFleet,TRK000000000838,delivered,,,5.1,2026-05-09T03:40:59Z,2026-05-12T07:34:29Z,2026-05-13T10:00:44Z
421,843,11,PortRoute Express,TRK000000000843,in_transit,,,8.08,2026-05-11T18:16:31Z,,2026-05-13T10:00:44Z
422,844,9,RoadRunner Freight,TRK000000000844,delivered,,,10.44,2026-05-10T03:42:24Z,2026-05-12T18:46:41Z,2026-05-13T10:00:44Z
423,845,1,MetroLine Fleet,TRK000000000845,delivered,,,20.35,2026-05-05T03:51:08Z,2026-05-13T08:56:24Z,2026-05-13T10:00:44Z
424,846,11,TerminalFleet,TRK000000000846,delivered,,,16.43,2026-05-03T11:49:18Z,2026-05-13T00:44:06Z,2026-05-13T10:00:44Z
425,851,6,PortRoute Express,TRK000000000851,in_transit,,,15.91,2026-05-10T17:04:43Z,,2026-05-13T10:00:44Z
426,852,5,RoadRunner Freight,TRK000000000852,delivered,,,12.29,2026-05-10T09:55:38Z,2026-05-13T06:00:42Z,2026-05-13T10:00:44Z
427,853,2,MetroLine Fleet,TRK000000000853,delivered,,,7.38,2026-05-05T08:22:00Z,2026-05-13T05:21:29Z,2026-05-13T10:00:44Z
428,854,8,TerminalFleet,TRK000000000854,delivered,,,16.3,2026-05-05T06:09:17Z,2026-05-13T09:01:49Z,2026-05-13T10:00:44Z
429,859,12,PortRoute Express,TRK000000000859,in_transit,,,16.13,2026-05-07T08:40:48Z,,2026-05-13T10:00:44Z
430,860,3,RoadRunner Freight,TRK000000000860,delivered,,,7.85,2026-05-11T14:13:17Z,2026-05-12T19:15:08Z,2026-05-13T10:00:44Z
431,861,3,MetroLine Fleet,TRK000000000861,delivered,,,6.62,2026-05-07T14:53:49Z,2026-05-12T00:15:03Z,2026-05-13T10:00:44Z
432,862,2,TerminalFleet,TRK000000000862,delivered,,,10.77,2026-05-10T14:50:28Z,2026-05-12T10:24:32Z,2026-05-13T10:00:44Z
433,867,11,PortRoute Express,TRK000000000867,in_transit,,,9.92,2026-05-09T18:21:42Z,,2026-05-13T10:00:44Z
434,868,4,RoadRunner Freight,TRK000000000868,delivered,,,7.4,2026-05-09T14:51:46Z,2026-05-11T10:27:34Z,2026-05-13T10:00:44Z
435,869,2,MetroLine Fleet,TRK000000000869,delivered,,,17.39,2026-05-12T01:07:04Z,2026-05-13T06:59:17Z,2026-05-13T10:00:44Z
436,870,6,TerminalFleet,TRK000000000870,delivered,,,17.25,2026-05-06T14:31:34Z,2026-05-11T22:50:31Z,2026-05-13T10:00:44Z
437,875,8,PortRoute Express,TRK000000000875,in_transit,,,11.98,2026-05-03T19:21:21Z,,2026-05-13T10:00:44Z
438,876,2,RoadRunner Freight,TRK000000000876,delivered,,,17.42,2026-05-11T04:46:24Z,2026-05-12T01:36:07Z,2026-05-13T10:00:44Z
439,877,9,MetroLine Fleet,TRK000000000877,delivered,,,15.96,2026-05-10T18:04:46Z,2026-05-11T22:15:32Z,2026-05-13T10:00:44Z
440,878,3,TerminalFleet,TRK000000000878,delivered,,,23.86,2026-05-06T22:31:44Z,2026-05-12T18:32:34Z,2026-05-13T10:00:44Z
441,883,2,PortRoute Express,TRK000000000883,in_transit,,,5.97,2026-05-06T10:42:17Z,,2026-05-13T10:00:44Z
442,884,9,RoadRunner Freight,TRK000000000884,delivered,,,20.86,2026-05-07T00:33:25Z,2026-05-13T09:21:55Z,2026-05-13T10:00:44Z
443,885,8,MetroLine Fleet,TRK000000000885,delivered,,,13.33,2026-05-03T19:27:10Z,2026-05-12T02:52:01Z,2026-05-13T10:00:44Z
444,886,4,TerminalFleet,TRK000000000886,delivered,,,5.6,2026-05-05T16:02:50Z,2026-05-11T23:56:33Z,2026-05-13T10:00:44Z
445,891,7,PortRoute Express,TRK000000000891,in_transit,,,16.92,2026-05-12T08:04:10Z,,2026-05-13T10:00:44Z
446,892,9,RoadRunner Freight,TRK000000000892,delivered,,,21.06,2026-05-06T12:07:49Z,2026-05-11T10:20:16Z,2026-05-13T10:00:44Z
447,893,7,MetroLine Fleet,TRK000000000893,delivered,,,5.13,2026-05-10T06:46:27Z,2026-05-11T16:46:03Z,2026-05-13T10:00:44Z
448,894,6,TerminalFleet,TRK000000000894,delivered,,,18.89,2026-05-03T17:45:08Z,2026-05-12T21:58:48Z,2026-05-13T10:00:44Z
449,899,5,PortRoute Express,TRK000000000899,in_transit,,,11.19,2026-05-07T10:04:09Z,,2026-05-13T10:00:44Z
450,900,6,RoadRunner Freight,TRK000000000900,delivered,,,20.47,2026-05-09T05:40:18Z,2026-05-13T06:23:46Z,2026-05-13T10:00:44Z
451,901,6,MetroLine Fleet,TRK000000000901,delivered,,,11.06,2026-05-11T20:36:55Z,2026-05-12T23:53:18Z,2026-05-13T10:00:44Z
452,902,3,TerminalFleet,TRK000000000902,delivered,,,8.2,2026-05-11T02:07:41Z,2026-05-12T00:01:09Z,2026-05-13T10:00:44Z
453,907,4,PortRoute Express,TRK000000000907,in_transit,,,10.8,2026-05-06T08:05:42Z,,2026-05-13T10:00:44Z
454,908,6,RoadRunner Freight,TRK000000000908,delivered,,,15.36,2026-05-08T12:06:23Z,2026-05-13T09:26:24Z,2026-05-13T10:00:44Z
455,909,8,MetroLine Fleet,TRK000000000909,delivered,,,8.62,2026-05-05T03:06:56Z,2026-05-13T09:11:51Z,2026-05-13T10:00:44Z
456,910,6,TerminalFleet,TRK000000000910,delivered,,,24.25,2026-05-03T20:09:50Z,2026-05-12T08:26:39Z,2026-05-13T10:00:44Z
457,915,3,PortRoute Express,TRK000000000915,in_transit,,,17.6,2026-05-09T19:53:58Z,,2026-05-13T10:00:44Z
458,916,12,RoadRunner Freight,TRK000000000916,delivered,,,9.18,2026-05-03T21:07:42Z,2026-05-12T20:58:55Z,2026-05-13T10:00:44Z
459,917,5,MetroLine Fleet,TRK000000000917,delivered,,,14.27,2026-05-08T14:23:39Z,2026-05-12T19:04:46Z,2026-05-13T10:00:44Z
460,918,11,TerminalFleet,TRK000000000918,delivered,,,8.19,2026-05-11T14:33:38Z,2026-05-11T15:33:38Z,2026-05-13T10:00:44Z
461,923,9,PortRoute Express,TRK000000000923,in_transit,,,22.91,2026-05-06T21:03:07Z,,2026-05-13T10:00:44Z
462,924,1,RoadRunner Freight,TRK000000000924,delivered,,,16.23,2026-05-09T16:55:09Z,2026-05-12T05:20:22Z,2026-05-13T10:00:44Z
463,925,9,MetroLine Fleet,TRK000000000925,delivered,,,20.71,2026-05-08T05:33:25Z,2026-05-11T12:07:28Z,2026-05-13T10:00:44Z
464,926,8,TerminalFleet,TRK000000000926,delivered,,,5.8,2026-05-07T21:10:51Z,2026-05-12T08:13:38Z,2026-05-13T10:00:44Z
465,931,8,PortRoute Express,TRK000000000931,in_transit,,,14.95,2026-05-06T22:05:50Z,,2026-05-13T10:00:44Z
466,932,2,RoadRunner Freight,TRK000000000932,delivered,,,22.47,2026-05-09T04:22:43Z,2026-05-11T13:09:41Z,2026-05-13T10:00:44Z
467,933,9,MetroLine Fleet,TRK000000000933,delivered,,,22.88,2026-05-08T01:34:17Z,2026-05-12T10:21:15Z,2026-05-13T10:00:44Z
468,934,3,TerminalFleet,TRK000000000934,delivered,,,24.38,2026-05-09T13:05:07Z,2026-05-11T21:53:03Z,2026-05-13T10:00:44Z
469,939,12,PortRoute Express,TRK000000000939,in_transit,,,24.91,2026-05-06T04:01:57Z,,2026-05-13T10:00:44Z
470,940,1,RoadRunner Freight,TRK000000000940,delivered,,,5.71,2026-05-04T04:16:33Z,2026-05-12T00:39:41Z,2026-05-13T10:00:44Z
471,941,3,MetroLine Fleet,TRK000000000941,delivered,,,12.56,2026-05-03T13:43:27Z,2026-05-11T14:14:31Z,2026-05-13T10:00:44Z
472,942,5,TerminalFleet,TRK000000000942,delivered,,,12.65,2026-05-09T09:59:52Z,2026-05-13T02:25:13Z,2026-05-13T10:00:44Z
473,947,11,PortRoute Express,TRK000000000947,in_transit,,,11.65,2026-05-03T16:03:37Z,,2026-05-13T10:00:44Z
474,948,3,RoadRunner Freight,TRK000000000948,delivered,,,5.05,2026-05-04T19:34:24Z,2026-05-12T19:23:52Z,2026-05-13T10:00:44Z
475,949,4,MetroLine Fleet,TRK000000000949,delivered,,,18.36,2026-05-04T08:54:31Z,2026-05-11T19:44:18Z,2026-05-13T10:00:44Z
476,950,12,TerminalFleet,TRK000000000950,delivered,,,7.41,2026-05-07T11:00:16Z,2026-05-12T13:38:29Z,2026-05-13T10:00:44Z
477,955,2,PortRoute Express,TRK000000000955,in_transit,,,18.37,2026-05-07T05:35:24Z,,2026-05-13T10:00:44Z
478,956,9,RoadRunner Freight,TRK000000000956,delivered,,,12.05,2026-05-12T03:00:03Z,2026-05-12T04:00:03Z,2026-05-13T10:00:44Z
479,957,4,MetroLine Fleet,TRK000000000957,delivered,,,6.65,2026-05-11T15:22:02Z,2026-05-12T12:58:10Z,2026-05-13T10:00:44Z
480,958,2,TerminalFleet,TRK000000000958,delivered,,,6.82,2026-05-11T06:03:44Z,2026-05-11T18:19:51Z,2026-05-13T10:00:44Z
481,963,9,PortRoute Express,TRK000000000963,in_transit,,,16.4,2026-05-05T03:32:37Z,,2026-05-13T10:00:44Z
482,964,7,RoadRunner Freight,TRK000000000964,delivered,,,5.9,2026-05-08T07:21:03Z,2026-05-11T22:11:15Z,2026-05-13T10:00:44Z
483,965,9,MetroLine Fleet,TRK000000000965,delivered,,,8.21,2026-05-03T21:19:18Z,2026-05-13T07:56:06Z,2026-05-13T10:00:44Z
484,966,10,TerminalFleet,TRK000000000966,delivered,,,16.64,2026-05-04T12:22:38Z,2026-05-11T13:21:18Z,2026-05-13T10:00:44Z
485,971,5,PortRoute Express,TRK000000000971,in_transit,,,8.21,2026-05-11T20:05:58Z,,2026-05-13T10:00:44Z
486,972,8,RoadRunner Freight,TRK000000000972,delivered,,,24.32,2026-05-05T08:40:52Z,2026-05-11T20:18:56Z,2026-05-13T10:00:44Z
487,973,7,MetroLine Fleet,TRK000000000973,delivered,,,13.81,2026-05-10T02:17:22Z,2026-05-13T09:54:09Z,2026-05-13T10:00:44Z
488,974,5,TerminalFleet,TRK000000000974,delivered,,,21.31,2026-05-07T07:35:50Z,2026-05-11T18:25:13Z,2026-05-13T10:00:44Z
489,979,1,PortRoute Express,TRK000000000979,in_transit,,,24.91,2026-05-08T18:15:12Z,,2026-05-13T10:00:44Z
490,980,6,RoadRunner Freight,TRK000000000980,delivered,,,17.36,2026-05-09T17:41:01Z,2026-05-12T05:59:48Z,2026-05-13T10:00:44Z
491,981,9,MetroLine Fleet,TRK000000000981,delivered,,,11.33,2026-05-11T11:15:46Z,2026-05-12T18:06:14Z,2026-05-13T10:00:44Z
492,982,4,TerminalFleet,TRK000000000982,delivered,,,20.9,2026-05-12T06:37:08Z,2026-05-12T16:04:21Z,2026-05-13T10:00:44Z
493,987,2,PortRoute Express,TRK000000000987,in_transit,,,8.95,2026-05-10T17:30:21Z,,2026-05-13T10:00:44Z
494,988,2,RoadRunner Freight,TRK000000000988,delivered,,,15.62,2026-05-07T01:03:59Z,2026-05-12T19:02:25Z,2026-05-13T10:00:44Z
495,989,12,MetroLine Fleet,TRK000000000989,delivered,,,16.45,2026-05-11T22:38:46Z,2026-05-12T03:32:40Z,2026-05-13T10:00:44Z
496,990,1,TerminalFleet,TRK000000000990,delivered,,,8.93,2026-05-06T12:45:55Z,2026-05-12T08:32:42Z,2026-05-13T10:00:44Z
497,995,1,PortRoute Express,TRK000000000995,in_transit,,,11.55,2026-05-11T08:39:45Z,,2026-05-13T10:00:44Z
498,996,2,RoadRunner Freight,TRK000000000996,delivered,,,13.98,2026-05-10T22:32:25Z,2026-05-12T23:24:54Z,2026-05-13T10:00:44Z
499,997,9,MetroLine Fleet,TRK000000000997,delivered,,,6.4,2026-05-07T11:00:44Z,2026-05-13T09:51:37Z,2026-05-13T10:00:44Z
500,998,5,TerminalFleet,TRK000000000998,delivered,,,16.45,2026-05-08T22:07:50Z,2026-05-13T07:21:12Z,2026-05-13T10:00:44Z
501,1003,3,PortRoute Express,TRK000000001003,in_transit,,,11.11,2026-05-05T10:41:12Z,,2026-05-13T10:00:44Z
502,1004,12,RoadRunner Freight,TRK000000001004,delivered,,,21.95,2026-05-04T15:16:21Z,2026-05-12T13:25:48Z,2026-05-13T10:00:44Z
503,1005,7,MetroLine Fleet,TRK000000001005,delivered,,,6.31,2026-05-07T15:06:08Z,2026-05-11T13:02:58Z,2026-05-13T10:00:44Z
504,1006,8,TerminalFleet,TRK000000001006,delivered,,,24.15,2026-05-07T07:41:25Z,2026-05-12T05:07:57Z,2026-05-13T10:00:44Z
505,1011,1,PortRoute Express,TRK000000001011,in_transit,,,5.82,2026-05-06T00:02:58Z,,2026-05-13T10:00:44Z
506,1012,8,RoadRunner Freight,TRK000000001012,delivered,,,11.31,2026-05-03T22:40:06Z,2026-05-12T20:04:39Z,2026-05-13T10:00:44Z
507,1013,2,MetroLine Fleet,TRK000000001013,delivered,,,6.32,2026-05-11T23:19:13Z,2026-05-12T18:55:47Z,2026-05-13T10:00:44Z
508,1014,1,TerminalFleet,TRK000000001014,delivered,,,19.58,2026-05-11T09:11:45Z,2026-05-13T02:37:53Z,2026-05-13T10:00:44Z
509,1019,10,PortRoute Express,TRK000000001019,in_transit,,,14.56,2026-05-07T10:35:53Z,,2026-05-13T10:00:44Z
510,1020,4,RoadRunner Freight,TRK000000001020,delivered,,,14.06,2026-05-07T16:35:31Z,2026-05-12T04:07:40Z,2026-05-13T10:00:44Z
511,1021,1,MetroLine Fleet,TRK000000001021,delivered,,,14.61,2026-05-07T14:33:25Z,2026-05-11T13:57:27Z,2026-05-13T10:00:44Z
512,1022,4,TerminalFleet,TRK000000001022,delivered,,,13.97,2026-05-11T09:46:09Z,2026-05-13T05:52:00Z,2026-05-13T10:00:44Z
513,1027,2,PortRoute Express,TRK000000001027,in_transit,,,21.87,2026-05-04T23:53:30Z,,2026-05-13T10:00:44Z
514,1028,2,RoadRunner Freight,TRK000000001028,delivered,,,18,2026-05-08T10:10:13Z,2026-05-13T06:13:40Z,2026-05-13T10:00:44Z
515,1029,4,MetroLine Fleet,TRK000000001029,delivered,,,7.17,2026-05-10T05:56:45Z,2026-05-12T09:48:08Z,2026-05-13T10:00:44Z
516,1030,5,TerminalFleet,TRK000000001030,delivered,,,11.9,2026-05-08T14:55:58Z,2026-05-13T06:54:06Z,2026-05-13T10:00:44Z
517,1035,6,PortRoute Express,TRK000000001035,in_transit,,,7.83,2026-05-10T15:06:05Z,,2026-05-13T10:00:44Z
518,1036,7,RoadRunner Freight,TRK000000001036,delivered,,,17.73,2026-05-11T15:43:09Z,2026-05-13T04:01:19Z,2026-05-13T10:00:44Z
519,1037,12,MetroLine Fleet,TRK000000001037,delivered,,,20.01,2026-05-10T04:06:36Z,2026-05-12T05:03:03Z,2026-05-13T10:00:44Z
520,1038,8,TerminalFleet,TRK000000001038,delivered,,,17.8,2026-05-05T08:18:25Z,2026-05-11T10:36:48Z,2026-05-13T10:00:44Z
521,1043,7,PortRoute Express,TRK000000001043,in_transit,,,6.06,2026-05-12T05:10:48Z,,2026-05-13T10:00:44Z
522,1044,4,RoadRunner Freight,TRK000000001044,delivered,,,10.77,2026-05-09T03:05:44Z,2026-05-12T02:47:17Z,2026-05-13T10:00:44Z
523,1045,7,MetroLine Fleet,TRK000000001045,delivered,,,24.19,2026-05-09T05:55:06Z,2026-05-13T00:46:51Z,2026-05-13T10:00:44Z
524,1046,2,TerminalFleet,TRK000000001046,delivered,,,17.19,2026-05-10T10:35:05Z,2026-05-11T12:20:14Z,2026-05-13T10:00:44Z
525,1051,4,PortRoute Express,TRK000000001051,in_transit,,,7.88,2026-05-03T13:10:44Z,,2026-05-13T10:00:44Z
526,1052,7,RoadRunner Freight,TRK000000001052,delivered,,,17.26,2026-05-05T02:43:43Z,2026-05-12T08:56:10Z,2026-05-13T10:00:44Z
527,1053,12,MetroLine Fleet,TRK000000001053,delivered,,,9.46,2026-05-10T13:23:51Z,2026-05-12T09:17:52Z,2026-05-13T10:00:44Z
528,1054,1,TerminalFleet,TRK000000001054,delivered,,,11.68,2026-05-08T10:38:55Z,2026-05-11T12:54:46Z,2026-05-13T10:00:44Z
529,1059,10,PortRoute Express,TRK000000001059,in_transit,,,16.5,2026-05-10T11:15:50Z,,2026-05-13T10:00:44Z
530,1060,12,RoadRunner Freight,TRK000000001060,delivered,,,8.87,2026-05-11T09:24:59Z,2026-05-12T01:27:47Z,2026-05-13T10:00:44Z
531,1061,3,MetroLine Fleet,TRK000000001061,delivered,,,24,2026-05-11T23:39:00Z,2026-05-13T05:20:13Z,2026-05-13T10:00:44Z
532,1062,9,TerminalFleet,TRK000000001062,delivered,,,16.18,2026-05-11T04:47:58Z,2026-05-12T04:17:18Z,2026-05-13T10:00:44Z
533,1067,3,PortRoute Express,TRK000000001067,in_transit,,,13.13,2026-05-08T09:16:25Z,,2026-05-13T10:00:44Z
534,1068,5,RoadRunner Freight,TRK000000001068,delivered,,,15.17,2026-05-08T11:02:14Z,2026-05-13T08:39:04Z,2026-05-13T10:00:44Z
535,1069,4,MetroLine Fleet,TRK000000001069,delivered,,,24.12,2026-05-12T01:39:25Z,2026-05-12T08:57:18Z,2026-05-13T10:00:44Z
536,1070,9,TerminalFleet,TRK000000001070,delivered,,,16.05,2026-05-12T02:38:22Z,2026-05-12T03:38:22Z,2026-05-13T10:00:44Z
537,1075,6,PortRoute Express,TRK000000001075,in_transit,,,14.69,2026-05-05T11:11:39Z,,2026-05-13T10:00:44Z
538,1076,4,RoadRunner Freight,TRK000000001076,delivered,,,24.54,2026-05-08T13:05:46Z,2026-05-11T18:19:40Z,2026-05-13T10:00:44Z
539,1077,6,MetroLine Fleet,TRK000000001077,delivered,,,12.7,2026-05-03T20:38:47Z,2026-05-12T01:58:56Z,2026-05-13T10:00:44Z
540,1078,2,TerminalFleet,TRK000000001078,delivered,,,13.49,2026-05-05T02:07:17Z,2026-05-11T15:58:50Z,2026-05-13T10:00:44Z
541,1083,3,PortRoute Express,TRK000000001083,in_transit,,,6.07,2026-05-06T15:06:04Z,,2026-05-13T10:00:44Z
542,1084,12,RoadRunner Freight,TRK000000001084,delivered,,,16.92,2026-05-04T01:51:02Z,2026-05-12T23:08:51Z,2026-05-13T10:00:44Z
543,1085,5,MetroLine Fleet,TRK000000001085,delivered,,,6.94,2026-05-10T18:31:35Z,2026-05-11T21:57:54Z,2026-05-13T10:00:44Z
544,1086,1,TerminalFleet,TRK000000001086,delivered,,,21.61,2026-05-12T00:22:52Z,2026-05-12T20:31:18Z,2026-05-13T10:00:44Z
545,1091,11,PortRoute Express,TRK000000001091,in_transit,,,5.54,2026-05-11T13:21:01Z,,2026-05-13T10:00:44Z
546,1092,9,RoadRunner Freight,TRK000000001092,delivered,,,8.29,2026-05-08T17:07:08Z,2026-05-12T07:56:48Z,2026-05-13T10:00:44Z
547,1093,6,MetroLine Fleet,TRK000000001093,delivered,,,5.1,2026-05-05T16:33:07Z,2026-05-11T16:53:05Z,2026-05-13T10:00:44Z
548,1094,5,TerminalFleet,TRK000000001094,delivered,,,13.91,2026-05-07T02:59:42Z,2026-05-13T04:48:50Z,2026-05-13T10:00:44Z
549,1099,6,PortRoute Express,TRK000000001099,in_transit,,,11.69,2026-05-05T17:55:20Z,,2026-05-13T10:00:44Z
550,1100,2,RoadRunner Freight,TRK000000001100,delivered,,,11.98,2026-05-05T17:36:59Z,2026-05-12T17:54:12Z,2026-05-13T10:00:44Z
551,1101,1,MetroLine Fleet,TRK000000001101,delivered,,,15.55,2026-05-11T14:01:18Z,2026-05-13T03:40:04Z,2026-05-13T10:00:44Z
552,1102,12,TerminalFleet,TRK000000001102,delivered,,,20.48,2026-05-10T09:17:12Z,2026-05-13T00:40:00Z,2026-05-13T10:00:44Z
553,1107,10,PortRoute Express,TRK000000001107,in_transit,,,13.17,2026-05-07T11:48:36Z,,2026-05-13T10:00:44Z
554,1108,8,RoadRunner Freight,TRK000000001108,delivered,,,13.71,2026-05-08T20:10:53Z,2026-05-11T12:05:11Z,2026-05-13T10:00:44Z
555,1109,10,MetroLine Fleet,TRK000000001109,delivered,,,19.73,2026-05-06T02:19:58Z,2026-05-11T23:50:02Z,2026-05-13T10:00:44Z
556,1110,1,TerminalFleet,TRK000000001110,delivered,,,12.88,2026-05-11T11:47:44Z,2026-05-13T01:02:50Z,2026-05-13T10:00:44Z
557,1115,6,PortRoute Express,TRK000000001115,in_transit,,,24.71,2026-05-03T17:34:10Z,,2026-05-13T10:00:44Z
558,1116,4,RoadRunner Freight,TRK000000001116,delivered,,,19.77,2026-05-08T08:54:19Z,2026-05-11T14:11:50Z,2026-05-13T10:00:44Z
559,1117,12,MetroLine Fleet,TRK000000001117,delivered,,,18.16,2026-05-05T10:10:43Z,2026-05-11T11:48:58Z,2026-05-13T10:00:44Z
560,1118,11,TerminalFleet,TRK000000001118,delivered,,,13.93,2026-05-11T22:41:28Z,2026-05-12T09:35:04Z,2026-05-13T10:00:44Z
561,1123,1,PortRoute Express,TRK000000001123,in_transit,,,19.69,2026-05-05T16:18:25Z,,2026-05-13T10:00:44Z
562,1124,2,RoadRunner Freight,TRK000000001124,delivered,,,13.31,2026-05-11T14:41:21Z,2026-05-12T09:16:44Z,2026-05-13T10:00:44Z
563,1125,9,MetroLine Fleet,TRK000000001125,delivered,,,5.92,2026-05-09T11:54:30Z,2026-05-11T11:08:28Z,2026-05-13T10:00:44Z
564,1126,11,TerminalFleet,TRK000000001126,delivered,,,13.55,2026-05-04T05:11:55Z,2026-05-12T11:59:20Z,2026-05-13T10:00:44Z
565,1131,3,PortRoute Express,TRK000000001131,in_transit,,,14.69,2026-05-08T03:48:08Z,,2026-05-13T10:00:44Z
566,1132,10,RoadRunner Freight,TRK000000001132,delivered,,,20.87,2026-05-04T19:42:40Z,2026-05-12T00:22:59Z,2026-05-13T10:00:44Z
567,1133,6,MetroLine Fleet,TRK000000001133,delivered,,,8.37,2026-05-06T17:45:03Z,2026-05-12T19:29:12Z,2026-05-13T10:00:44Z
568,1134,8,TerminalFleet,TRK000000001134,delivered,,,21.22,2026-05-08T14:56:56Z,2026-05-11T21:45:11Z,2026-05-13T10:00:44Z
569,1139,2,PortRoute Express,TRK000000001139,in_transit,,,8.51,2026-05-04T04:14:14Z,,2026-05-13T10:00:44Z
570,1140,7,RoadRunner Freight,TRK000000001140,delivered,,,11.45,2026-05-09T05:28:01Z,2026-05-12T02:45:41Z,2026-05-13T10:00:44Z
571,1141,4,MetroLine Fleet,TRK000000001141,delivered,,,20.04,2026-05-10T06:38:14Z,2026-05-12T12:32:24Z,2026-05-13T10:00:44Z
572,1142,4,TerminalFleet,TRK000000001142,delivered,,,17.69,2026-05-08T16:36:06Z,2026-05-12T19:13:12Z,2026-05-13T10:00:44Z
573,1147,4,PortRoute Express,TRK000000001147,in_transit,,,21.48,2026-05-08T22:17:12Z,,2026-05-13T10:00:44Z
574,1148,4,RoadRunner Freight,TRK000000001148,delivered,,,5.41,2026-05-06T18:40:37Z,2026-05-13T07:11:50Z,2026-05-13T10:00:44Z
575,1149,1,MetroLine Fleet,TRK000000001149,delivered,,,14.29,2026-05-09T12:18:04Z,2026-05-12T01:09:54Z,2026-05-13T10:00:44Z
576,1150,12,TerminalFleet,TRK000000001150,delivered,,,18.82,2026-05-10T01:07:54Z,2026-05-13T05:10:47Z,2026-05-13T10:00:44Z
577,1155,2,PortRoute Express,TRK000000001155,in_transit,,,17,2026-05-03T13:14:48Z,,2026-05-13T10:00:44Z
578,1156,3,RoadRunner Freight,TRK000000001156,delivered,,,22.98,2026-05-04T05:30:53Z,2026-05-12T10:48:29Z,2026-05-13T10:00:44Z
579,1157,7,MetroLine Fleet,TRK000000001157,delivered,,,24.44,2026-05-06T17:37:48Z,2026-05-12T08:59:31Z,2026-05-13T10:00:44Z
580,1158,10,TerminalFleet,TRK000000001158,delivered,,,11.76,2026-05-04T09:16:24Z,2026-05-12T12:20:50Z,2026-05-13T10:00:44Z
581,1163,3,PortRoute Express,TRK000000001163,in_transit,,,22.7,2026-05-09T16:24:57Z,,2026-05-13T10:00:44Z
582,1164,4,RoadRunner Freight,TRK000000001164,delivered,,,9.41,2026-05-03T20:28:37Z,2026-05-11T16:09:46Z,2026-05-13T10:00:44Z
583,1165,8,MetroLine Fleet,TRK000000001165,delivered,,,8.53,2026-05-10T17:14:57Z,2026-05-13T05:11:18Z,2026-05-13T10:00:44Z
584,1166,8,TerminalFleet,TRK000000001166,delivered,,,12.74,2026-05-05T19:29:49Z,2026-05-12T09:38:40Z,2026-05-13T10:00:44Z
585,1171,8,PortRoute Express,TRK000000001171,in_transit,,,20.45,2026-05-11T19:09:31Z,,2026-05-13T10:00:44Z
586,1172,10,RoadRunner Freight,TRK000000001172,delivered,,,24.66,2026-05-08T03:53:24Z,2026-05-12T22:16:46Z,2026-05-13T10:00:44Z
587,1173,10,MetroLine Fleet,TRK000000001173,delivered,,,21.42,2026-05-12T04:51:27Z,2026-05-13T01:14:42Z,2026-05-13T10:00:44Z
588,1174,3,TerminalFleet,TRK000000001174,delivered,,,20.57,2026-05-05T13:20:16Z,2026-05-12T19:31:26Z,2026-05-13T10:00:44Z
589,1179,2,PortRoute Express,TRK000000001179,in_transit,,,11.87,2026-05-10T00:01:07Z,,2026-05-13T10:00:44Z
590,1180,3,RoadRunner Freight,TRK000000001180,delivered,,,19.08,2026-05-09T11:26:36Z,2026-05-12T12:31:38Z,2026-05-13T10:00:44Z
591,1181,7,MetroLine Fleet,TRK000000001181,delivered,,,14.94,2026-05-06T00:54:41Z,2026-05-12T23:35:42Z,2026-05-13T10:00:44Z
592,1182,6,TerminalFleet,TRK000000001182,delivered,,,15.69,2026-05-06T10:33:18Z,2026-05-13T02:43:11Z,2026-05-13T10:00:44Z
593,1187,10,PortRoute Express,TRK000000001187,in_transit,,,20.72,2026-05-08T09:08:17Z,,2026-05-13T10:00:44Z
594,1188,5,RoadRunner Freight,TRK000000001188,delivered,,,13.42,2026-05-12T03:35:19Z,2026-05-12T04:15:14Z,2026-05-13T10:00:44Z
595,1189,1,MetroLine Fleet,TRK000000001189,delivered,,,20.46,2026-05-08T12:36:25Z,2026-05-12T15:16:49Z,2026-05-13T10:00:44Z
596,1190,11,TerminalFleet,TRK000000001190,delivered,,,9.28,2026-05-11T16:41:01Z,2026-05-12T09:14:53Z,2026-05-13T10:00:44Z
597,1195,7,PortRoute Express,TRK000000001195,in_transit,,,14.79,2026-05-07T10:19:55Z,,2026-05-13T10:00:44Z
598,1196,6,RoadRunner Freight,TRK000000001196,delivered,,,11.93,2026-05-11T22:03:18Z,2026-05-13T06:40:54Z,2026-05-13T10:00:44Z
599,1197,8,MetroLine Fleet,TRK000000001197,delivered,,,5.56,2026-05-04T10:28:07Z,2026-05-12T04:43:09Z,2026-05-13T10:00:44Z
600,1198,11,TerminalFleet,TRK000000001198,delivered,,,8.79,2026-05-06T12:33:47Z,2026-05-11T21:10:56Z,2026-05-13T10:00:44Z
601,1203,5,PortRoute Express,TRK000000001203,in_transit,,,14.93,2026-05-07T02:44:20Z,,2026-05-13T10:00:44Z
602,1204,9,RoadRunner Freight,TRK000000001204,delivered,,,18.64,2026-05-06T22:12:41Z,2026-05-12T16:24:59Z,2026-05-13T10:00:44Z
603,1205,4,MetroLine Fleet,TRK000000001205,delivered,,,6.56,2026-05-08T06:12:31Z,2026-05-11T13:50:46Z,2026-05-13T10:00:44Z
604,1206,5,TerminalFleet,TRK000000001206,delivered,,,19.33,2026-05-08T19:15:50Z,2026-05-12T15:38:42Z,2026-05-13T10:00:44Z
605,1211,4,PortRoute Express,TRK000000001211,in_transit,,,10.76,2026-05-11T03:25:09Z,,2026-05-13T10:00:44Z
606,1212,10,RoadRunner Freight,TRK000000001212,delivered,,,18.34,2026-05-11T23:36:23Z,2026-05-12T15:50:38Z,2026-05-13T10:00:44Z
607,1213,3,MetroLine Fleet,TRK000000001213,delivered,,,19.28,2026-05-11T20:18:48Z,2026-05-12T03:00:03Z,2026-05-13T10:00:44Z
608,1214,7,TerminalFleet,TRK000000001214,delivered,,,8.77,2026-05-05T15:50:38Z,2026-05-12T12:10:10Z,2026-05-13T10:00:44Z
609,1219,9,PortRoute Express,TRK000000001219,in_transit,,,10.06,2026-05-11T07:12:20Z,,2026-05-13T10:00:44Z
610,1220,2,RoadRunner Freight,TRK000000001220,delivered,,,10.61,2026-05-11T12:29:27Z,2026-05-11T19:21:59Z,2026-05-13T10:00:44Z
611,1221,5,MetroLine Fleet,TRK000000001221,delivered,,,18.31,2026-05-05T19:02:13Z,2026-05-13T02:36:03Z,2026-05-13T10:00:44Z
612,1222,6,TerminalFleet,TRK000000001222,delivered,,,8.52,2026-05-11T06:26:11Z,2026-05-11T16:46:53Z,2026-05-13T10:00:44Z
613,1227,3,PortRoute Express,TRK000000001227,in_transit,,,18.43,2026-05-10T14:21:52Z,,2026-05-13T10:00:44Z
614,1228,10,RoadRunner Freight,TRK000000001228,delivered,,,11.1,2026-05-09T06:43:36Z,2026-05-11T13:22:17Z,2026-05-13T10:00:44Z
615,1229,11,MetroLine Fleet,TRK000000001229,delivered,,,11.55,2026-05-09T18:19:12Z,2026-05-11T14:02:18Z,2026-05-13T10:00:44Z
616,1230,2,TerminalFleet,TRK000000001230,delivered,,,21.26,2026-05-06T18:07:59Z,2026-05-12T19:23:47Z,2026-05-13T10:00:44Z
617,1235,3,PortRoute Express,TRK000000001235,in_transit,,,23,2026-05-12T03:03:29Z,,2026-05-13T10:00:44Z
618,1236,10,RoadRunner Freight,TRK000000001236,delivered,,,23.65,2026-05-11T00:03:14Z,2026-05-12T05:24:03Z,2026-05-13T10:00:44Z
619,1237,5,MetroLine Fleet,TRK000000001237,delivered,,,13.32,2026-05-07T06:27:36Z,2026-05-12T11:44:56Z,2026-05-13T10:00:44Z
620,1238,7,TerminalFleet,TRK000000001238,delivered,,,21.3,2026-05-11T00:08:56Z,2026-05-11T17:15:01Z,2026-05-13T10:00:44Z
621,1243,12,PortRoute Express,TRK000000001243,in_transit,,,11.53,2026-05-06T03:52:42Z,,2026-05-13T10:00:44Z
622,1244,7,RoadRunner Freight,TRK000000001244,delivered,,,11.54,2026-05-06T08:19:54Z,2026-05-13T00:20:54Z,2026-05-13T10:00:44Z
623,1245,9,MetroLine Fleet,TRK000000001245,delivered,,,7.96,2026-05-09T20:59:41Z,2026-05-13T06:18:34Z,2026-05-13T10:00:44Z
624,1246,1,TerminalFleet,TRK000000001246,delivered,,,10.99,2026-05-05T19:40:49Z,2026-05-12T06:39:16Z,2026-05-13T10:00:44Z
625,1251,9,PortRoute Express,TRK000000001251,in_transit,,,7.91,2026-05-07T00:06:08Z,,2026-05-13T10:00:44Z
626,1252,2,RoadRunner Freight,TRK000000001252,delivered,,,23.58,2026-05-03T10:48:12Z,2026-05-13T02:04:13Z,2026-05-13T10:00:44Z
627,1253,2,MetroLine Fleet,TRK000000001253,delivered,,,9.54,2026-05-10T14:09:07Z,2026-05-12T07:21:30Z,2026-05-13T10:00:44Z
628,1254,10,TerminalFleet,TRK000000001254,delivered,,,8.57,2026-05-06T14:49:28Z,2026-05-11T14:37:25Z,2026-05-13T10:00:44Z
629,1259,7,PortRoute Express,TRK000000001259,in_transit,,,22.08,2026-05-09T23:41:45Z,,2026-05-13T10:00:44Z
630,1260,3,RoadRunner Freight,TRK000000001260,delivered,,,10.75,2026-05-04T18:07:18Z,2026-05-13T05:15:54Z,2026-05-13T10:00:44Z
631,1261,12,MetroLine Fleet,TRK000000001261,delivered,,,10.42,2026-05-08T07:51:06Z,2026-05-11T19:17:42Z,2026-05-13T10:00:44Z
632,1262,1,TerminalFleet,TRK000000001262,delivered,,,15.16,2026-05-05T10:01:50Z,2026-05-12T12:09:31Z,2026-05-13T10:00:44Z
633,1267,12,PortRoute Express,TRK000000001267,in_transit,,,19.01,2026-05-03T21:57:19Z,,2026-05-13T10:00:44Z
634,1268,2,RoadRunner Freight,TRK000000001268,delivered,,,15.22,2026-05-11T23:46:47Z,2026-05-12T00:46:47Z,2026-05-13T10:00:44Z
635,1269,11,MetroLine Fleet,TRK000000001269,delivered,,,16.34,2026-05-11T16:09:30Z,2026-05-11T16:34:52Z,2026-05-13T10:00:44Z
636,1270,3,TerminalFleet,TRK000000001270,delivered,,,20.78,2026-05-07T23:09:54Z,2026-05-12T08:17:21Z,2026-05-13T10:00:44Z
637,1275,11,PortRoute Express,TRK000000001275,in_transit,,,7.33,2026-05-10T00:48:30Z,,2026-05-13T10:00:44Z
638,1276,6,RoadRunner Freight,TRK000000001276,delivered,,,14.7,2026-05-09T20:24:28Z,2026-05-12T07:32:08Z,2026-05-13T10:00:44Z
639,1277,11,MetroLine Fleet,TRK000000001277,delivered,,,17.71,2026-05-11T05:36:49Z,2026-05-11T22:51:33Z,2026-05-13T10:00:44Z
640,1278,5,TerminalFleet,TRK000000001278,delivered,,,6.49,2026-05-05T14:50:41Z,2026-05-11T16:08:04Z,2026-05-13T10:00:44Z
641,1283,9,PortRoute Express,TRK000000001283,in_transit,,,23.28,2026-05-10T04:14:50Z,,2026-05-13T10:00:44Z
642,1284,9,RoadRunner Freight,TRK000000001284,delivered,,,14.18,2026-05-10T01:52:12Z,2026-05-12T03:38:42Z,2026-05-13T10:00:44Z
643,1285,4,MetroLine Fleet,TRK000000001285,delivered,,,24.19,2026-05-11T10:20:25Z,2026-05-11T22:07:38Z,2026-05-13T10:00:44Z
644,1286,8,TerminalFleet,TRK000000001286,delivered,,,22.3,2026-05-11T10:42:59Z,2026-05-12T03:37:57Z,2026-05-13T10:00:44Z
645,1291,9,PortRoute Express,TRK000000001291,in_transit,,,19.37,2026-05-09T05:04:50Z,,2026-05-13T10:00:44Z
646,1292,5,RoadRunner Freight,TRK000000001292,delivered,,,14.09,2026-05-06T14:50:11Z,2026-05-12T22:13:25Z,2026-05-13T10:00:44Z
647,1293,10,MetroLine Fleet,TRK000000001293,delivered,,,16.98,2026-05-08T15:10:39Z,2026-05-11T20:57:53Z,2026-05-13T10:00:44Z
648,1294,2,TerminalFleet,TRK000000001294,delivered,,,15.41,2026-05-08T05:14:12Z,2026-05-11T12:47:46Z,2026-05-13T10:00:44Z
649,1299,8,PortRoute Express,TRK000000001299,in_transit,,,8.61,2026-05-07T08:04:28Z,,2026-05-13T10:00:44Z
650,1300,3,RoadRunner Freight,TRK000000001300,delivered,,,5.26,2026-05-05T01:12:11Z,2026-05-11T12:11:45Z,2026-05-13T10:00:44Z
651,1301,11,MetroLine Fleet,TRK000000001301,delivered,,,12.9,2026-05-12T00:28:17Z,2026-05-12T15:43:50Z,2026-05-13T10:00:44Z
652,1302,8,TerminalFleet,TRK000000001302,delivered,,,23.43,2026-05-08T06:27:37Z,2026-05-11T11:38:20Z,2026-05-13T10:00:44Z
653,1307,12,PortRoute Express,TRK000000001307,in_transit,,,21.8,2026-05-04T15:39:51Z,,2026-05-13T10:00:44Z
654,1308,10,RoadRunner Freight,TRK000000001308,delivered,,,9.87,2026-05-06T04:14:50Z,2026-05-12T05:34:20Z,2026-05-13T10:00:44Z
655,1309,6,MetroLine Fleet,TRK000000001309,delivered,,,13.93,2026-05-03T23:30:16Z,2026-05-13T04:02:17Z,2026-05-13T10:00:44Z
656,1310,3,TerminalFleet,TRK000000001310,delivered,,,9.15,2026-05-06T01:49:26Z,2026-05-13T00:23:28Z,2026-05-13T10:00:44Z
657,1315,4,PortRoute Express,TRK000000001315,in_transit,,,7.7,2026-05-10T20:38:30Z,,2026-05-13T10:00:44Z
658,1316,7,RoadRunner Freight,TRK000000001316,delivered,,,7.65,2026-05-03T11:50:20Z,2026-05-11T13:57:35Z,2026-05-13T10:00:44Z
659,1317,2,MetroLine Fleet,TRK000000001317,delivered,,,19.09,2026-05-10T02:26:20Z,2026-05-12T20:22:49Z,2026-05-13T10:00:44Z
660,1318,8,TerminalFleet,TRK000000001318,delivered,,,12.18,2026-05-07T23:19:09Z,2026-05-12T19:31:13Z,2026-05-13T10:00:44Z
661,1323,7,PortRoute Express,TRK000000001323,in_transit,,,19.07,2026-05-12T07:57:44Z,,2026-05-13T10:00:44Z
662,1324,2,RoadRunner Freight,TRK000000001324,delivered,,,20.92,2026-05-09T04:37:14Z,2026-05-11T22:42:01Z,2026-05-13T10:00:44Z
663,1325,9,MetroLine Fleet,TRK000000001325,delivered,,,17.76,2026-05-06T22:45:53Z,2026-05-11T23:08:01Z,2026-05-13T10:00:44Z
664,1326,4,TerminalFleet,TRK000000001326,delivered,,,14.63,2026-05-12T08:47:14Z,2026-05-12T09:47:14Z,2026-05-13T10:00:44Z
665,1331,7,PortRoute Express,TRK000000001331,in_transit,,,16.05,2026-05-06T03:54:52Z,,2026-05-13T10:00:44Z
666,1332,9,RoadRunner Freight,TRK000000001332,delivered,,,24.68,2026-05-04T13:50:26Z,2026-05-13T00:30:25Z,2026-05-13T10:00:44Z
667,1333,3,MetroLine Fleet,TRK000000001333,delivered,,,19.34,2026-05-07T20:09:42Z,2026-05-11T11:58:21Z,2026-05-13T10:00:44Z
668,1334,7,TerminalFleet,TRK000000001334,delivered,,,8.35,2026-05-10T15:48:49Z,2026-05-12T17:23:55Z,2026-05-13T10:00:44Z
669,1339,10,PortRoute Express,TRK000000001339,in_transit,,,14.49,2026-05-04T21:22:46Z,,2026-05-13T10:00:44Z
670,1340,3,RoadRunner Freight,TRK000000001340,delivered,,,5.79,2026-05-09T13:47:08Z,2026-05-13T09:28:19Z,2026-05-13T10:00:44Z
671,1341,12,MetroLine Fleet,TRK000000001341,delivered,,,24.49,2026-05-10T00:00:15Z,2026-05-12T06:13:17Z,2026-05-13T10:00:44Z
672,1342,10,TerminalFleet,TRK000000001342,delivered,,,21.21,2026-05-04T12:23:05Z,2026-05-11T23:46:24Z,2026-05-13T10:00:44Z
673,1347,12,PortRoute Express,TRK000000001347,in_transit,,,18.12,2026-05-11T11:27:54Z,,2026-05-13T10:00:44Z
674,1348,9,RoadRunner Freight,TRK000000001348,delivered,,,8.06,2026-05-06T21:24:05Z,2026-05-11T20:03:48Z,2026-05-13T10:00:44Z
675,1349,6,MetroLine Fleet,TRK000000001349,delivered,,,6.96,2026-05-06T01:05:28Z,2026-05-12T07:02:42Z,2026-05-13T10:00:44Z
676,1350,10,TerminalFleet,TRK000000001350,delivered,,,18.2,2026-05-05T06:40:50Z,2026-05-12T18:13:34Z,2026-05-13T10:00:44Z
677,1355,11,PortRoute Express,TRK000000001355,in_transit,,,18.73,2026-05-10T22:25:59Z,,2026-05-13T10:00:44Z
678,1356,2,RoadRunner Freight,TRK000000001356,delivered,,,19.23,2026-05-05T11:08:57Z,2026-05-11T10:06:01Z,2026-05-13T10:00:44Z
679,1357,12,MetroLine Fleet,TRK000000001357,delivered,,,21.79,2026-05-07T15:12:09Z,2026-05-12T09:21:57Z,2026-05-13T10:00:44Z
680,1358,10,TerminalFleet,TRK000000001358,delivered,,,23.8,2026-05-08T01:49:01Z,2026-05-12T16:39:16Z,2026-05-13T10:00:44Z
681,1363,10,PortRoute Express,TRK000000001363,in_transit,,,18.62,2026-05-08T09:40:32Z,,2026-05-13T10:00:44Z
682,1364,9,RoadRunner Freight,TRK000000001364,delivered,,,11.13,2026-05-08T10:47:17Z,2026-05-11T11:55:16Z,2026-05-13T10:00:44Z
683,1365,9,MetroLine Fleet,TRK000000001365,delivered,,,7.72,2026-05-11T23:07:17Z,2026-05-12T14:04:30Z,2026-05-13T10:00:44Z
684,1366,12,TerminalFleet,TRK000000001366,delivered,,,10.38,2026-05-04T05:30:00Z,2026-05-13T06:28:19Z,2026-05-13T10:00:44Z
685,1371,9,PortRoute Express,TRK000000001371,in_transit,,,19.74,2026-05-10T19:41:05Z,,2026-05-13T10:00:44Z
686,1372,1,RoadRunner Freight,TRK000000001372,delivered,,,20.76,2026-05-03T18:51:54Z,2026-05-11T20:08:21Z,2026-05-13T10:00:44Z
687,1373,7,MetroLine Fleet,TRK000000001373,delivered,,,21.51,2026-05-10T21:09:02Z,2026-05-12T06:31:35Z,2026-05-13T10:00:44Z
688,1374,11,TerminalFleet,TRK000000001374,delivered,,,5.91,2026-05-04T22:30:34Z,2026-05-13T01:22:52Z,2026-05-13T10:00:44Z
689,1379,3,PortRoute Express,TRK000000001379,in_transit,,,13.38,2026-05-11T02:13:48Z,,2026-05-13T10:00:44Z
690,1380,7,RoadRunner Freight,TRK000000001380,delivered,,,9.02,2026-05-08T23:28:08Z,2026-05-13T03:00:55Z,2026-05-13T10:00:44Z
691,1381,1,MetroLine Fleet,TRK000000001381,delivered,,,19.59,2026-05-07T10:33:53Z,2026-05-12T02:41:38Z,2026-05-13T10:00:44Z
692,1382,10,TerminalFleet,TRK000000001382,delivered,,,17.18,2026-05-05T21:26:57Z,2026-05-11T13:26:10Z,2026-05-13T10:00:44Z
693,1387,12,PortRoute Express,TRK000000001387,in_transit,,,19.44,2026-05-11T01:42:27Z,,2026-05-13T10:00:44Z
694,1388,4,RoadRunner Freight,TRK000000001388,delivered,,,20.72,2026-05-09T18:11:55Z,2026-05-12T23:57:52Z,2026-05-13T10:00:44Z
695,1389,3,MetroLine Fleet,TRK000000001389,delivered,,,7.58,2026-05-11T07:38:56Z,2026-05-12T11:11:58Z,2026-05-13T10:00:44Z
696,1390,4,TerminalFleet,TRK000000001390,delivered,,,15.73,2026-05-09T19:55:06Z,2026-05-11T10:08:05Z,2026-05-13T10:00:44Z
697,1395,8,PortRoute Express,TRK000000001395,in_transit,,,21.07,2026-05-09T04:46:13Z,,2026-05-13T10:00:44Z
698,1396,9,RoadRunner Freight,TRK000000001396,delivered,,,16.59,2026-05-12T06:30:28Z,2026-05-13T06:02:17Z,2026-05-13T10:00:44Z
699,1397,9,MetroLine Fleet,TRK000000001397,delivered,,,10.2,2026-05-06T05:30:53Z,2026-05-11T11:11:20Z,2026-05-13T10:00:44Z
700,1398,7,TerminalFleet,TRK000000001398,delivered,,,12.5,2026-05-07T02:42:50Z,2026-05-11T17:31:11Z,2026-05-13T10:00:44Z
701,1403,11,PortRoute Express,TRK000000001403,in_transit,,,8.93,2026-05-12T09:13:33Z,,2026-05-13T10:00:44Z
702,1404,11,RoadRunner Freight,TRK000000001404,delivered,,,15.09,2026-05-05T11:11:34Z,2026-05-12T01:28:30Z,2026-05-13T10:00:44Z
703,1405,3,MetroLine Fleet,TRK000000001405,delivered,,,21.85,2026-05-05T05:52:40Z,2026-05-11T22:23:54Z,2026-05-13T10:00:44Z
704,1406,7,TerminalFleet,TRK000000001406,delivered,,,20.86,2026-05-11T08:53:33Z,2026-05-11T18:13:07Z,2026-05-13T10:00:44Z
705,1411,7,PortRoute Express,TRK000000001411,in_transit,,,12.95,2026-05-11T14:35:06Z,,2026-05-13T10:00:44Z
706,1412,4,RoadRunner Freight,TRK000000001412,delivered,,,23.3,2026-05-11T11:37:40Z,2026-05-11T12:27:38Z,2026-05-13T10:00:44Z
707,1413,2,MetroLine Fleet,TRK000000001413,delivered,,,10.53,2026-05-11T12:47:47Z,2026-05-11T15:36:02Z,2026-05-13T10:00:44Z
708,1414,3,TerminalFleet,TRK000000001414,delivered,,,15.71,2026-05-09T12:16:06Z,2026-05-13T06:32:27Z,2026-05-13T10:00:44Z
709,1419,8,PortRoute Express,TRK000000001419,in_transit,,,20.03,2026-05-10T00:35:26Z,,2026-05-13T10:00:44Z
710,1420,3,RoadRunner Freight,TRK000000001420,delivered,,,21.23,2026-05-04T23:03:19Z,2026-05-12T17:10:42Z,2026-05-13T10:00:44Z
711,1421,12,MetroLine Fleet,TRK000000001421,delivered,,,13.15,2026-05-09T01:17:16Z,2026-05-11T12:35:48Z,2026-05-13T10:00:44Z
712,1422,4,TerminalFleet,TRK000000001422,delivered,,,20.64,2026-05-11T21:54:46Z,2026-05-13T07:50:09Z,2026-05-13T10:00:44Z
713,1427,12,PortRoute Express,TRK000000001427,in_transit,,,15.25,2026-05-09T01:28:55Z,,2026-05-13T10:00:44Z
714,1428,5,RoadRunner Freight,TRK000000001428,delivered,,,23.21,2026-05-04T16:14:07Z,2026-05-12T15:57:08Z,2026-05-13T10:00:44Z
715,1429,4,MetroLine Fleet,TRK000000001429,delivered,,,15.45,2026-05-03T15:48:46Z,2026-05-11T11:56:56Z,2026-05-13T10:00:44Z
716,1430,4,TerminalFleet,TRK000000001430,delivered,,,9.07,2026-05-07T03:17:29Z,2026-05-11T19:00:40Z,2026-05-13T10:00:44Z
717,1435,6,PortRoute Express,TRK000000001435,in_transit,,,8.21,2026-05-10T16:45:25Z,,2026-05-13T10:00:44Z
718,1436,5,RoadRunner Freight,TRK000000001436,delivered,,,22.27,2026-05-08T23:42:30Z,2026-05-13T02:30:28Z,2026-05-13T10:00:44Z
719,1437,10,MetroLine Fleet,TRK000000001437,delivered,,,23.55,2026-05-09T22:17:28Z,2026-05-13T00:23:49Z,2026-05-13T10:00:44Z
720,1438,11,TerminalFleet,TRK000000001438,delivered,,,6.87,2026-05-09T12:24:22Z,2026-05-11T17:22:41Z,2026-05-13T10:00:44Z
721,1443,6,PortRoute Express,TRK000000001443,in_transit,,,9.91,2026-05-11T13:45:04Z,,2026-05-13T10:00:44Z
722,1444,4,RoadRunner Freight,TRK000000001444,delivered,,,15.72,2026-05-05T17:00:43Z,2026-05-11T20:59:45Z,2026-05-13T10:00:44Z
723,1445,9,MetroLine Fleet,TRK000000001445,delivered,,,7.48,2026-05-08T10:59:40Z,2026-05-11T14:39:07Z,2026-05-13T10:00:44Z
724,1446,10,TerminalFleet,TRK000000001446,delivered,,,10.84,2026-05-05T02:25:26Z,2026-05-11T22:28:02Z,2026-05-13T10:00:44Z
725,1451,11,PortRoute Express,TRK000000001451,in_transit,,,24.78,2026-05-12T06:51:30Z,,2026-05-13T10:00:44Z
726,1452,4,RoadRunner Freight,TRK000000001452,delivered,,,17.59,2026-05-04T01:03:13Z,2026-05-11T22:24:22Z,2026-05-13T10:00:44Z
727,1453,10,MetroLine Fleet,TRK000000001453,delivered,,,21.82,2026-05-11T02:03:59Z,2026-05-12T00:54:39Z,2026-05-13T10:00:44Z
728,1454,5,TerminalFleet,TRK000000001454,delivered,,,6.09,2026-05-05T18:15:24Z,2026-05-13T02:49:18Z,2026-05-13T10:00:44Z
729,1459,6,PortRoute Express,TRK000000001459,in_transit,,,24.83,2026-05-11T01:19:58Z,,2026-05-13T10:00:44Z
730,1460,8,RoadRunner Freight,TRK000000001460,delivered,,,8.91,2026-05-07T18:34:43Z,2026-05-11T19:19:48Z,2026-05-13T10:00:44Z
731,1461,5,MetroLine Fleet,TRK000000001461,delivered,,,8.32,2026-05-09T19:28:31Z,2026-05-12T05:39:41Z,2026-05-13T10:00:44Z
732,1462,8,TerminalFleet,TRK000000001462,delivered,,,21.63,2026-05-09T18:06:35Z,2026-05-13T01:45:06Z,2026-05-13T10:00:44Z
733,1467,1,PortRoute Express,TRK000000001467,in_transit,,,19.7,2026-05-03T10:41:23Z,,2026-05-13T10:00:44Z
734,1468,12,RoadRunner Freight,TRK000000001468,delivered,,,9.27,2026-05-06T00:39:11Z,2026-05-12T03:24:43Z,2026-05-13T10:00:44Z
735,1469,4,MetroLine Fleet,TRK000000001469,delivered,,,8,2026-05-09T20:19:45Z,2026-05-12T17:54:34Z,2026-05-13T10:00:44Z
736,1470,4,TerminalFleet,TRK000000001470,delivered,,,7.36,2026-05-06T18:25:34Z,2026-05-13T07:30:11Z,2026-05-13T10:00:44Z
737,1475,7,PortRoute Express,TRK000000001475,in_transit,,,10.35,2026-05-08T07:37:04Z,,2026-05-13T10:00:44Z
738,1476,6,RoadRunner Freight,TRK000000001476,delivered,,,23.31,2026-05-03T23:40:30Z,2026-05-11T19:39:16Z,2026-05-13T10:00:44Z
739,1477,12,MetroLine Fleet,TRK000000001477,delivered,,,6.71,2026-05-07T00:37:58Z,2026-05-12T15:08:34Z,2026-05-13T10:00:44Z
740,1478,5,TerminalFleet,TRK000000001478,delivered,,,13.53,2026-05-05T12:07:24Z,2026-05-12T10:04:42Z,2026-05-13T10:00:44Z
741,1483,3,PortRoute Express,TRK000000001483,in_transit,,,22.24,2026-05-07T00:49:03Z,,2026-05-13T10:00:44Z
742,1484,3,RoadRunner Freight,TRK000000001484,delivered,,,20.08,2026-05-08T00:47:32Z,2026-05-12T07:31:52Z,2026-05-13T10:00:44Z
743,1485,5,MetroLine Fleet,TRK000000001485,delivered,,,7.41,2026-05-09T06:45:55Z,2026-05-13T01:06:04Z,2026-05-13T10:00:44Z
744,1486,8,TerminalFleet,TRK000000001486,delivered,,,13.19,2026-05-06T22:31:35Z,2026-05-12T09:02:29Z,2026-05-13T10:00:44Z
745,1491,7,PortRoute Express,TRK000000001491,in_transit,,,9.68,2026-05-09T01:10:58Z,,2026-05-13T10:00:44Z
746,1492,9,RoadRunner Freight,TRK000000001492,delivered,,,13.06,2026-05-09T16:56:51Z,2026-05-13T05:24:13Z,2026-05-13T10:00:44Z
747,1493,2,MetroLine Fleet,TRK000000001493,delivered,,,17.22,2026-05-10T22:30:05Z,2026-05-13T03:41:03Z,2026-05-13T10:00:44Z
748,1494,12,TerminalFleet,TRK000000001494,delivered,,,6.31,2026-05-11T16:09:19Z,2026-05-12T19:51:49Z,2026-05-13T10:00:44Z
749,1499,7,PortRoute Express,TRK000000001499,in_transit,,,19.16,2026-05-06T13:44:45Z,,2026-05-13T10:00:44Z
750,1500,9,RoadRunner Freight,TRK000000001500,delivered,,,6.67,2026-05-04T06:03:04Z,2026-05-12T02:34:02Z,2026-05-13T10:00:44Z
751,1501,10,MetroLine Fleet,TRK000000001501,delivered,,,14.26,2026-05-07T02:54:54Z,2026-05-11T20:20:08Z,2026-05-13T10:00:44Z
752,1502,6,TerminalFleet,TRK000000001502,delivered,,,8.96,2026-05-11T17:26:21Z,2026-05-11T23:57:48Z,2026-05-13T10:00:44Z
753,1507,8,PortRoute Express,TRK000000001507,in_transit,,,8.47,2026-05-10T03:42:00Z,,2026-05-13T10:00:44Z
754,1508,3,RoadRunner Freight,TRK000000001508,delivered,,,16.93,2026-05-06T16:54:45Z,2026-05-12T22:14:35Z,2026-05-13T10:00:44Z
755,1509,4,MetroLine Fleet,TRK000000001509,delivered,,,22.37,2026-05-07T12:32:45Z,2026-05-12T08:57:14Z,2026-05-13T10:00:44Z
756,1510,3,TerminalFleet,TRK000000001510,delivered,,,17.41,2026-05-07T01:30:49Z,2026-05-12T06:34:21Z,2026-05-13T10:00:44Z
757,1515,2,PortRoute Express,TRK000000001515,in_transit,,,18.22,2026-05-04T10:38:42Z,,2026-05-13T10:00:44Z
758,1516,11,RoadRunner Freight,TRK000000001516,delivered,,,24.8,2026-05-08T03:34:06Z,2026-05-11T11:18:10Z,2026-05-13T10:00:44Z
759,1517,3,MetroLine Fleet,TRK000000001517,delivered,,,7.38,2026-05-06T05:46:50Z,2026-05-13T07:16:16Z,2026-05-13T10:00:44Z
760,1518,5,TerminalFleet,TRK000000001518,delivered,,,14.31,2026-05-05T11:54:32Z,2026-05-11T11:37:51Z,2026-05-13T10:00:44Z
761,1523,11,PortRoute Express,TRK000000001523,in_transit,,,11,2026-05-04T22:45:30Z,,2026-05-13T10:00:44Z
762,1524,11,RoadRunner Freight,TRK000000001524,delivered,,,11.46,2026-05-09T12:58:19Z,2026-05-13T06:20:34Z,2026-05-13T10:00:44Z
763,1525,7,MetroLine Fleet,TRK000000001525,delivered,,,24.7,2026-05-05T03:49:03Z,2026-05-12T07:19:23Z,2026-05-13T10:00:44Z
764,1526,1,TerminalFleet,TRK000000001526,delivered,,,9.47,2026-05-10T11:41:14Z,2026-05-11T13:13:28Z,2026-05-13T10:00:44Z
765,1531,7,PortRoute Express,TRK000000001531,in_transit,,,6.33,2026-05-09T02:42:24Z,,2026-05-13T10:00:44Z
766,1532,10,RoadRunner Freight,TRK000000001532,delivered,,,21.36,2026-05-05T15:30:31Z,2026-05-12T14:29:48Z,2026-05-13T10:00:44Z
767,1533,5,MetroLine Fleet,TRK000000001533,delivered,,,24.46,2026-05-04T19:39:43Z,2026-05-12T11:18:14Z,2026-05-13T10:00:44Z
768,1534,8,TerminalFleet,TRK000000001534,delivered,,,8.26,2026-05-11T14:57:50Z,2026-05-12T12:19:34Z,2026-05-13T10:00:44Z
769,1539,8,PortRoute Express,TRK000000001539,in_transit,,,8.65,2026-05-04T03:33:44Z,,2026-05-13T10:00:44Z
770,1540,1,RoadRunner Freight,TRK000000001540,delivered,,,10.69,2026-05-10T15:56:51Z,2026-05-12T03:25:36Z,2026-05-13T10:00:44Z
771,1541,5,MetroLine Fleet,TRK000000001541,delivered,,,9.62,2026-05-08T08:44:29Z,2026-05-12T22:53:32Z,2026-05-13T10:00:44Z
772,1542,11,TerminalFleet,TRK000000001542,delivered,,,20.68,2026-05-04T12:21:31Z,2026-05-12T06:17:31Z,2026-05-13T10:00:44Z
773,1547,9,PortRoute Express,TRK000000001547,in_transit,,,6.62,2026-05-06T09:58:56Z,,2026-05-13T10:00:44Z
774,1548,6,RoadRunner Freight,TRK000000001548,delivered,,,19.92,2026-05-05T22:10:14Z,2026-05-11T17:54:40Z,2026-05-13T10:00:44Z
775,1549,6,MetroLine Fleet,TRK000000001549,delivered,,,23.26,2026-05-05T21:51:16Z,2026-05-12T22:21:34Z,2026-05-13T10:00:44Z
776,1550,1,TerminalFleet,TRK000000001550,delivered,,,12.29,2026-05-10T04:56:48Z,2026-05-13T03:26:22Z,2026-05-13T10:00:44Z
777,1555,12,PortRoute Express,TRK000000001555,in_transit,,,8.82,2026-05-06T13:24:42Z,,2026-05-13T10:00:44Z
778,1556,9,RoadRunner Freight,TRK000000001556,delivered,,,8.17,2026-05-11T15:16:19Z,2026-05-11T16:16:19Z,2026-05-13T10:00:44Z
779,1557,8,MetroLine Fleet,TRK000000001557,delivered,,,21.93,2026-05-10T15:25:47Z,2026-05-12T08:53:01Z,2026-05-13T10:00:44Z
780,1558,9,TerminalFleet,TRK000000001558,delivered,,,5.29,2026-05-09T16:14:48Z,2026-05-12T21:29:26Z,2026-05-13T10:00:44Z
781,1563,2,PortRoute Express,TRK000000001563,in_transit,,,10.14,2026-05-10T23:31:19Z,,2026-05-13T10:00:44Z
782,1564,12,RoadRunner Freight,TRK000000001564,delivered,,,10.16,2026-05-08T14:14:38Z,2026-05-12T22:50:11Z,2026-05-13T10:00:44Z
783,1565,4,MetroLine Fleet,TRK000000001565,delivered,,,18.43,2026-05-11T12:48:51Z,2026-05-12T07:50:04Z,2026-05-13T10:00:44Z
784,1566,7,TerminalFleet,TRK000000001566,delivered,,,15.43,2026-05-11T02:16:16Z,2026-05-11T16:51:56Z,2026-05-13T10:00:44Z
785,1571,5,PortRoute Express,TRK000000001571,in_transit,,,18.08,2026-05-08T23:34:10Z,,2026-05-13T10:00:44Z
786,1572,10,RoadRunner Freight,TRK000000001572,delivered,,,7.5,2026-05-05T14:31:03Z,2026-05-13T02:10:02Z,2026-05-13T10:00:44Z
787,1573,4,MetroLine Fleet,TRK000000001573,delivered,,,16.86,2026-05-11T08:52:03Z,2026-05-13T09:04:48Z,2026-05-13T10:00:44Z
788,1574,6,TerminalFleet,TRK000000001574,delivered,,,24.38,2026-05-09T08:01:43Z,2026-05-12T01:56:15Z,2026-05-13T10:00:44Z
789,1579,4,PortRoute Express,TRK000000001579,in_transit,,,18.27,2026-05-03T23:51:59Z,,2026-05-13T10:00:44Z
790,1580,5,RoadRunner Freight,TRK000000001580,delivered,,,24.75,2026-05-10T14:42:19Z,2026-05-12T19:56:50Z,2026-05-13T10:00:44Z
791,1581,9,MetroLine Fleet,TRK000000001581,delivered,,,5.16,2026-05-07T21:50:00Z,2026-05-12T00:32:01Z,2026-05-13T10:00:44Z
792,1582,6,TerminalFleet,TRK000000001582,delivered,,,18.84,2026-05-05T17:06:57Z,2026-05-13T04:51:00Z,2026-05-13T10:00:44Z
793,1587,5,PortRoute Express,TRK000000001587,in_transit,,,23.84,2026-05-06T07:18:13Z,,2026-05-13T10:00:44Z
794,1588,11,RoadRunner Freight,TRK000000001588,delivered,,,8.12,2026-05-09T15:03:33Z,2026-05-13T08:06:09Z,2026-05-13T10:00:44Z
795,1589,4,MetroLine Fleet,TRK000000001589,delivered,,,14.68,2026-05-11T10:58:51Z,2026-05-13T08:50:58Z,2026-05-13T10:00:44Z
796,1590,6,TerminalFleet,TRK000000001590,delivered,,,5.17,2026-05-05T20:45:58Z,2026-05-12T19:08:45Z,2026-05-13T10:00:44Z
797,1595,7,PortRoute Express,TRK000000001595,in_transit,,,11.77,2026-05-09T20:13:47Z,,2026-05-13T10:00:44Z
798,1596,5,RoadRunner Freight,TRK000000001596,delivered,,,16.1,2026-05-05T07:59:48Z,2026-05-12T12:20:31Z,2026-05-13T10:00:44Z
799,1597,7,MetroLine Fleet,TRK000000001597,delivered,,,5.53,2026-05-07T06:19:51Z,2026-05-12T13:32:09Z,2026-05-13T10:00:44Z
800,1598,3,TerminalFleet,TRK000000001598,delivered,,,11.57,2026-05-09T06:24:24Z,2026-05-12T09:14:18Z,2026-05-13T10:00:44Z
801,1603,1,PortRoute Express,TRK000000001603,in_transit,,,17.58,2026-05-08T04:10:05Z,,2026-05-13T10:00:44Z
802,1604,5,RoadRunner Freight,TRK000000001604,delivered,,,11.83,2026-05-07T02:39:10Z,2026-05-13T01:20:17Z,2026-05-13T10:00:44Z
803,1605,5,MetroLine Fleet,TRK000000001605,delivered,,,22.84,2026-05-05T06:03:18Z,2026-05-12T10:52:40Z,2026-05-13T10:00:44Z
804,1606,9,TerminalFleet,TRK000000001606,delivered,,,24.02,2026-05-10T08:54:12Z,2026-05-13T03:02:35Z,2026-05-13T10:00:44Z
805,1611,6,PortRoute Express,TRK000000001611,in_transit,,,6.16,2026-05-05T12:52:37Z,,2026-05-13T10:00:44Z
806,1612,4,RoadRunner Freight,TRK000000001612,delivered,,,23.25,2026-05-10T04:57:24Z,2026-05-12T04:56:07Z,2026-05-13T10:00:44Z
807,1613,7,MetroLine Fleet,TRK000000001613,delivered,,,15.69,2026-05-06T22:42:14Z,2026-05-11T14:26:48Z,2026-05-13T10:00:44Z
808,1614,3,TerminalFleet,TRK000000001614,delivered,,,8.57,2026-05-11T05:35:59Z,2026-05-11T15:10:35Z,2026-05-13T10:00:44Z
809,1619,2,PortRoute Express,TRK000000001619,in_transit,,,5.49,2026-05-07T03:35:29Z,,2026-05-13T10:00:44Z
810,1620,4,RoadRunner Freight,TRK000000001620,delivered,,,20.64,2026-05-12T08:56:25Z,2026-05-12T09:56:25Z,2026-05-13T10:00:44Z
811,1621,1,MetroLine Fleet,TRK000000001621,delivered,,,7.62,2026-05-10T10:42:31Z,2026-05-12T21:44:39Z,2026-05-13T10:00:44Z
812,1622,4,TerminalFleet,TRK000000001622,delivered,,,23.4,2026-05-06T15:31:30Z,2026-05-13T05:37:51Z,2026-05-13T10:00:44Z
813,1627,5,PortRoute Express,TRK000000001627,in_transit,,,12.3,2026-05-09T05:21:12Z,,2026-05-13T10:00:44Z
814,1628,7,RoadRunner Freight,TRK000000001628,delivered,,,7.62,2026-05-10T16:12:10Z,2026-05-13T07:36:51Z,2026-05-13T10:00:44Z
815,1629,12,MetroLine Fleet,TRK000000001629,delivered,,,5.82,2026-05-04T16:04:21Z,2026-05-12T17:42:45Z,2026-05-13T10:00:44Z
816,1630,10,TerminalFleet,TRK000000001630,delivered,,,16.51,2026-05-04T13:46:03Z,2026-05-12T04:42:45Z,2026-05-13T10:00:44Z
817,1635,7,PortRoute Express,TRK000000001635,in_transit,,,12.84,2026-05-09T10:09:58Z,,2026-05-13T10:00:44Z
818,1636,1,RoadRunner Freight,TRK000000001636,delivered,,,20.39,2026-05-03T15:06:38Z,2026-05-11T12:44:07Z,2026-05-13T10:00:44Z
819,1637,3,MetroLine Fleet,TRK000000001637,delivered,,,5.12,2026-05-03T11:27:40Z,2026-05-11T12:25:48Z,2026-05-13T10:00:44Z
820,1638,11,TerminalFleet,TRK000000001638,delivered,,,23.15,2026-05-12T05:38:29Z,2026-05-13T01:08:41Z,2026-05-13T10:00:44Z
821,1643,2,PortRoute Express,TRK000000001643,in_transit,,,15.78,2026-05-09T23:22:45Z,,2026-05-13T10:00:44Z
822,1644,5,RoadRunner Freight,TRK000000001644,delivered,,,5.69,2026-05-04T10:53:27Z,2026-05-12T02:45:19Z,2026-05-13T10:00:44Z
823,1645,7,MetroLine Fleet,TRK000000001645,delivered,,,23.13,2026-05-10T08:27:40Z,2026-05-13T08:15:59Z,2026-05-13T10:00:44Z
824,1646,12,TerminalFleet,TRK000000001646,delivered,,,18.15,2026-05-07T17:59:22Z,2026-05-12T02:12:16Z,2026-05-13T10:00:44Z
825,1651,3,PortRoute Express,TRK000000001651,in_transit,,,18.19,2026-05-06T02:03:02Z,,2026-05-13T10:00:44Z
826,1652,2,RoadRunner Freight,TRK000000001652,delivered,,,23.93,2026-05-06T08:28:12Z,2026-05-13T09:30:56Z,2026-05-13T10:00:44Z
827,1653,7,MetroLine Fleet,TRK000000001653,delivered,,,9.92,2026-05-11T00:15:57Z,2026-05-13T02:07:11Z,2026-05-13T10:00:44Z
828,1654,12,TerminalFleet,TRK000000001654,delivered,,,16.76,2026-05-04T08:01:46Z,2026-05-12T07:50:18Z,2026-05-13T10:00:44Z
829,1659,7,PortRoute Express,TRK000000001659,in_transit,,,23.15,2026-05-07T10:35:50Z,,2026-05-13T10:00:44Z
830,1660,5,RoadRunner Freight,TRK000000001660,delivered,,,18.22,2026-05-07T07:07:23Z,2026-05-12T14:46:49Z,2026-05-13T10:00:44Z
831,1661,11,MetroLine Fleet,TRK000000001661,delivered,,,14.5,2026-05-10T18:11:46Z,2026-05-12T15:17:09Z,2026-05-13T10:00:44Z
832,1662,1,TerminalFleet,TRK000000001662,delivered,,,16.93,2026-05-11T17:28:41Z,2026-05-11T18:28:41Z,2026-05-13T10:00:44Z
833,1667,5,PortRoute Express,TRK000000001667,in_transit,,,14.49,2026-05-10T17:00:59Z,,2026-05-13T10:00:44Z
834,1668,7,RoadRunner Freight,TRK000000001668,delivered,,,19.01,2026-05-05T00:45:01Z,2026-05-11T21:53:43Z,2026-05-13T10:00:44Z
835,1669,3,MetroLine Fleet,TRK000000001669,delivered,,,19.35,2026-05-06T09:53:46Z,2026-05-13T04:38:58Z,2026-05-13T10:00:44Z
836,1670,12,TerminalFleet,TRK000000001670,delivered,,,21.96,2026-05-07T17:10:43Z,2026-05-12T23:27:34Z,2026-05-13T10:00:44Z
837,1675,2,PortRoute Express,TRK000000001675,in_transit,,,22.05,2026-05-08T19:54:34Z,,2026-05-13T10:00:44Z
838,1676,1,RoadRunner Freight,TRK000000001676,delivered,,,16.04,2026-05-07T16:17:21Z,2026-05-13T04:23:35Z,2026-05-13T10:00:44Z
839,1677,12,MetroLine Fleet,TRK000000001677,delivered,,,12.62,2026-05-08T19:58:55Z,2026-05-11T19:37:25Z,2026-05-13T10:00:44Z
840,1678,2,TerminalFleet,TRK000000001678,delivered,,,9.18,2026-05-06T19:50:16Z,2026-05-11T14:13:03Z,2026-05-13T10:00:44Z
841,1683,5,PortRoute Express,TRK000000001683,in_transit,,,22.88,2026-05-07T01:17:08Z,,2026-05-13T10:00:44Z
842,1684,7,RoadRunner Freight,TRK000000001684,delivered,,,17.46,2026-05-09T19:05:30Z,2026-05-12T11:56:07Z,2026-05-13T10:00:44Z
843,1685,5,MetroLine Fleet,TRK000000001685,delivered,,,23.35,2026-05-09T08:14:03Z,2026-05-11T18:17:15Z,2026-05-13T10:00:44Z
844,1686,3,TerminalFleet,TRK000000001686,delivered,,,12.93,2026-05-11T01:29:30Z,2026-05-12T19:54:17Z,2026-05-13T10:00:44Z
845,1691,2,PortRoute Express,TRK000000001691,in_transit,,,23.67,2026-05-06T02:15:02Z,,2026-05-13T10:00:44Z
846,1692,4,RoadRunner Freight,TRK000000001692,delivered,,,13.16,2026-05-04T06:45:34Z,2026-05-13T04:27:02Z,2026-05-13T10:00:44Z
847,1693,5,MetroLine Fleet,TRK000000001693,delivered,,,20.9,2026-05-04T22:18:12Z,2026-05-13T02:06:38Z,2026-05-13T10:00:44Z
848,1694,2,TerminalFleet,TRK000000001694,delivered,,,6.55,2026-05-08T09:04:25Z,2026-05-12T11:56:44Z,2026-05-13T10:00:44Z
849,1699,3,PortRoute Express,TRK000000001699,in_transit,,,21.38,2026-05-12T04:31:15Z,,2026-05-13T10:00:44Z
850,1700,4,RoadRunner Freight,TRK000000001700,delivered,,,7.66,2026-05-04T15:59:22Z,2026-05-11T22:57:00Z,2026-05-13T10:00:44Z
851,1701,4,MetroLine Fleet,TRK000000001701,delivered,,,14.95,2026-05-11T18:14:39Z,2026-05-12T17:29:17Z,2026-05-13T10:00:44Z
852,1702,11,TerminalFleet,TRK000000001702,delivered,,,6.4,2026-05-09T11:41:56Z,2026-05-11T19:52:18Z,2026-05-13T10:00:44Z
853,1707,1,PortRoute Express,TRK000000001707,in_transit,,,19.99,2026-05-09T17:40:52Z,,2026-05-13T10:00:44Z
854,1708,7,RoadRunner Freight,TRK000000001708,delivered,,,17.76,2026-05-05T02:48:16Z,2026-05-12T02:05:37Z,2026-05-13T10:00:44Z
855,1709,1,MetroLine Fleet,TRK000000001709,delivered,,,24.56,2026-05-09T01:30:44Z,2026-05-12T19:34:02Z,2026-05-13T10:00:44Z
856,1710,6,TerminalFleet,TRK000000001710,delivered,,,9.49,2026-05-10T01:28:17Z,2026-05-12T11:20:20Z,2026-05-13T10:00:44Z
857,1715,5,PortRoute Express,TRK000000001715,in_transit,,,9.59,2026-05-05T17:44:58Z,,2026-05-13T10:00:44Z
858,1716,6,RoadRunner Freight,TRK000000001716,delivered,,,5.98,2026-05-10T07:43:49Z,2026-05-11T15:49:44Z,2026-05-13T10:00:44Z
859,1717,7,MetroLine Fleet,TRK000000001717,delivered,,,6.68,2026-05-08T22:10:34Z,2026-05-13T08:55:09Z,2026-05-13T10:00:44Z
860,1718,1,TerminalFleet,TRK000000001718,delivered,,,10.25,2026-05-07T05:59:50Z,2026-05-12T23:09:00Z,2026-05-13T10:00:44Z
861,1723,1,PortRoute Express,TRK000000001723,in_transit,,,18.25,2026-05-03T13:47:49Z,,2026-05-13T10:00:44Z
862,1724,5,RoadRunner Freight,TRK000000001724,delivered,,,20.36,2026-05-08T04:12:13Z,2026-05-12T10:22:56Z,2026-05-13T10:00:44Z
863,1725,8,MetroLine Fleet,TRK000000001725,delivered,,,17.73,2026-05-09T08:20:02Z,2026-05-13T06:35:03Z,2026-05-13T10:00:44Z
864,1726,12,TerminalFleet,TRK000000001726,delivered,,,23.38,2026-05-11T14:47:43Z,2026-05-11T16:21:10Z,2026-05-13T10:00:44Z
865,1731,3,PortRoute Express,TRK000000001731,in_transit,,,22.39,2026-05-06T07:24:09Z,,2026-05-13T10:00:44Z
866,1732,8,RoadRunner Freight,TRK000000001732,delivered,,,5.85,2026-05-04T12:34:44Z,2026-05-11T10:05:56Z,2026-05-13T10:00:44Z
867,1733,1,MetroLine Fleet,TRK000000001733,delivered,,,21.01,2026-05-07T17:02:16Z,2026-05-11T15:53:54Z,2026-05-13T10:00:44Z
868,1734,6,TerminalFleet,TRK000000001734,delivered,,,19.15,2026-05-10T19:19:38Z,2026-05-11T11:04:04Z,2026-05-13T10:00:44Z
869,1739,5,PortRoute Express,TRK000000001739,in_transit,,,12.69,2026-05-08T01:57:39Z,,2026-05-13T10:00:44Z
870,1740,10,RoadRunner Freight,TRK000000001740,delivered,,,21,2026-05-03T22:04:05Z,2026-05-13T03:52:45Z,2026-05-13T10:00:44Z
871,1741,11,MetroLine Fleet,TRK000000001741,delivered,,,15.64,2026-05-03T21:15:35Z,2026-05-13T07:26:45Z,2026-05-13T10:00:44Z
872,1742,4,TerminalFleet,TRK000000001742,delivered,,,22.84,2026-05-07T19:56:10Z,2026-05-11T16:44:17Z,2026-05-13T10:00:44Z
873,1747,11,PortRoute Express,TRK000000001747,in_transit,,,20.95,2026-05-04T14:03:02Z,,2026-05-13T10:00:44Z
874,1748,8,RoadRunner Freight,TRK000000001748,delivered,,,16.35,2026-05-08T18:23:44Z,2026-05-13T07:45:16Z,2026-05-13T10:00:44Z
875,1749,9,MetroLine Fleet,TRK000000001749,delivered,,,5.65,2026-05-04T07:24:40Z,2026-05-12T22:31:10Z,2026-05-13T10:00:44Z
876,1750,8,TerminalFleet,TRK000000001750,delivered,,,22.17,2026-05-06T16:29:26Z,2026-05-12T10:43:29Z,2026-05-13T10:00:44Z
877,1755,7,PortRoute Express,TRK000000001755,in_transit,,,9.98,2026-05-04T23:14:51Z,,2026-05-13T10:00:44Z
878,1756,12,RoadRunner Freight,TRK000000001756,delivered,,,13,2026-05-10T08:33:00Z,2026-05-13T01:14:02Z,2026-05-13T10:00:44Z
879,1757,5,MetroLine Fleet,TRK000000001757,delivered,,,22.43,2026-05-08T00:53:40Z,2026-05-11T16:19:19Z,2026-05-13T10:00:44Z
880,1758,11,TerminalFleet,TRK000000001758,delivered,,,24.04,2026-05-09T20:06:57Z,2026-05-13T07:23:27Z,2026-05-13T10:00:44Z
881,1763,9,PortRoute Express,TRK000000001763,in_transit,,,9.84,2026-05-06T23:06:26Z,,2026-05-13T10:00:44Z
882,1764,10,RoadRunner Freight,TRK000000001764,delivered,,,5.72,2026-05-07T10:46:06Z,2026-05-11T12:23:18Z,2026-05-13T10:00:44Z
883,1765,5,MetroLine Fleet,TRK000000001765,delivered,,,16.71,2026-05-03T10:51:16Z,2026-05-11T19:24:23Z,2026-05-13T10:00:44Z
884,1766,12,TerminalFleet,TRK000000001766,delivered,,,24.63,2026-05-04T07:54:25Z,2026-05-11T15:56:21Z,2026-05-13T10:00:44Z
885,1771,8,PortRoute Express,TRK000000001771,in_transit,,,21.29,2026-05-08T10:41:22Z,,2026-05-13T10:00:44Z
886,1772,8,RoadRunner Freight,TRK000000001772,delivered,,,8.97,2026-05-08T22:37:17Z,2026-05-13T01:39:20Z,2026-05-13T10:00:44Z
887,1773,7,MetroLine Fleet,TRK000000001773,delivered,,,7.77,2026-05-08T13:32:16Z,2026-05-13T06:21:47Z,2026-05-13T10:00:44Z
888,1774,8,TerminalFleet,TRK000000001774,delivered,,,8.39,2026-05-10T19:46:11Z,2026-05-13T03:07:01Z,2026-05-13T10:00:44Z
889,1779,12,PortRoute Express,TRK000000001779,in_transit,,,15.81,2026-05-03T14:55:38Z,,2026-05-13T10:00:44Z
890,1780,12,RoadRunner Freight,TRK000000001780,delivered,,,12.19,2026-05-09T21:03:56Z,2026-05-11T11:41:31Z,2026-05-13T10:00:44Z
891,1781,9,MetroLine Fleet,TRK000000001781,delivered,,,15.97,2026-05-06T20:49:36Z,2026-05-12T13:55:07Z,2026-05-13T10:00:44Z
892,1782,3,TerminalFleet,TRK000000001782,delivered,,,9.58,2026-05-06T09:02:46Z,2026-05-12T20:02:08Z,2026-05-13T10:00:44Z
893,1787,3,PortRoute Express,TRK000000001787,in_transit,,,7.93,2026-05-11T22:14:51Z,,2026-05-13T10:00:44Z
894,1788,12,RoadRunner Freight,TRK000000001788,delivered,,,20.1,2026-05-11T10:19:46Z,2026-05-13T09:25:08Z,2026-05-13T10:00:44Z
895,1789,5,MetroLine Fleet,TRK000000001789,delivered,,,11.83,2026-05-11T18:49:49Z,2026-05-12T13:43:09Z,2026-05-13T10:00:44Z
896,1790,4,TerminalFleet,TRK000000001790,delivered,,,14.91,2026-05-06T07:22:47Z,2026-05-12T17:25:25Z,2026-05-13T10:00:44Z
897,1795,1,PortRoute Express,TRK000000001795,in_transit,,,11.58,2026-05-08T16:49:00Z,,2026-05-13T10:00:44Z
898,1796,2,RoadRunner Freight,TRK000000001796,delivered,,,8.55,2026-05-09T01:43:47Z,2026-05-12T17:19:00Z,2026-05-13T10:00:44Z
899,1797,9,MetroLine Fleet,TRK000000001797,delivered,,,24.18,2026-05-11T22:23:45Z,2026-05-11T23:23:45Z,2026-05-13T10:00:44Z
900,1798,1,TerminalFleet,TRK000000001798,delivered,,,9.98,2026-05-12T08:49:22Z,2026-05-12T09:49:22Z,2026-05-13T10:00:44Z
901,1803,10,PortRoute Express,TRK000000001803,in_transit,,,16.22,2026-05-07T14:41:34Z,,2026-05-13T10:00:44Z
902,1804,1,RoadRunner Freight,TRK000000001804,delivered,,,24.19,2026-05-06T09:47:15Z,2026-05-12T12:23:47Z,2026-05-13T10:00:44Z
903,1805,12,MetroLine Fleet,TRK000000001805,delivered,,,7.88,2026-05-12T00:49:21Z,2026-05-12T18:23:21Z,2026-05-13T10:00:44Z
904,1806,9,TerminalFleet,TRK000000001806,delivered,,,24.45,2026-05-07T11:01:39Z,2026-05-13T07:59:39Z,2026-05-13T10:00:44Z
905,1811,12,PortRoute Express,TRK000000001811,in_transit,,,21.46,2026-05-10T22:23:56Z,,2026-05-13T10:00:44Z
906,1812,6,RoadRunner Freight,TRK000000001812,delivered,,,12.32,2026-05-08T07:43:14Z,2026-05-13T07:05:23Z,2026-05-13T10:00:44Z
907,1813,9,MetroLine Fleet,TRK000000001813,delivered,,,13.01,2026-05-12T04:15:53Z,2026-05-12T05:15:53Z,2026-05-13T10:00:44Z
908,1814,7,TerminalFleet,TRK000000001814,delivered,,,18.21,2026-05-09T17:16:56Z,2026-05-11T21:25:57Z,2026-05-13T10:00:44Z
909,1819,5,PortRoute Express,TRK000000001819,in_transit,,,16.37,2026-05-06T05:31:13Z,,2026-05-13T10:00:44Z
910,1820,8,RoadRunner Freight,TRK000000001820,delivered,,,17.5,2026-05-04T08:11:19Z,2026-05-12T20:06:19Z,2026-05-13T10:00:44Z
911,1821,5,MetroLine Fleet,TRK000000001821,delivered,,,12.01,2026-05-07T21:24:25Z,2026-05-12T23:16:45Z,2026-05-13T10:00:44Z
912,1822,8,TerminalFleet,TRK000000001822,delivered,,,22.44,2026-05-12T05:11:01Z,2026-05-12T06:11:01Z,2026-05-13T10:00:44Z
913,1827,12,PortRoute Express,TRK000000001827,in_transit,,,24.89,2026-05-09T17:55:17Z,,2026-05-13T10:00:44Z
914,1828,11,RoadRunner Freight,TRK000000001828,delivered,,,9.8,2026-05-12T01:55:50Z,2026-05-12T14:27:58Z,2026-05-13T10:00:44Z
915,1829,8,MetroLine Fleet,TRK000000001829,delivered,,,20.54,2026-05-10T09:20:15Z,2026-05-12T11:33:27Z,2026-05-13T10:00:44Z
916,1830,4,TerminalFleet,TRK000000001830,delivered,,,24.69,2026-05-04T00:31:55Z,2026-05-12T12:23:58Z,2026-05-13T10:00:44Z
917,1835,8,PortRoute Express,TRK000000001835,in_transit,,,5.63,2026-05-05T07:14:21Z,,2026-05-13T10:00:44Z
918,1836,2,RoadRunner Freight,TRK000000001836,delivered,,,17.96,2026-05-07T12:02:19Z,2026-05-11T21:42:40Z,2026-05-13T10:00:44Z
919,1837,10,MetroLine Fleet,TRK000000001837,delivered,,,22.71,2026-05-09T19:22:19Z,2026-05-12T05:41:31Z,2026-05-13T10:00:44Z
920,1838,5,TerminalFleet,TRK000000001838,delivered,,,20.97,2026-05-12T06:51:52Z,2026-05-13T05:48:43Z,2026-05-13T10:00:44Z
921,1843,3,PortRoute Express,TRK000000001843,in_transit,,,19.02,2026-05-10T10:19:23Z,,2026-05-13T10:00:44Z
922,1844,12,RoadRunner Freight,TRK000000001844,delivered,,,21.69,2026-05-10T10:04:31Z,2026-05-12T15:30:01Z,2026-05-13T10:00:44Z
923,1845,5,MetroLine Fleet,TRK000000001845,delivered,,,9.48,2026-05-09T11:08:18Z,2026-05-12T17:16:18Z,2026-05-13T10:00:44Z
924,1846,10,TerminalFleet,TRK000000001846,delivered,,,15.47,2026-05-11T16:32:32Z,2026-05-12T03:42:41Z,2026-05-13T10:00:44Z
925,1851,4,PortRoute Express,TRK000000001851,in_transit,,,19.58,2026-05-07T05:24:52Z,,2026-05-13T10:00:44Z
926,1852,6,RoadRunner Freight,TRK000000001852,delivered,,,21.14,2026-05-10T22:58:59Z,2026-05-11T14:19:36Z,2026-05-13T10:00:44Z
927,1853,11,MetroLine Fleet,TRK000000001853,delivered,,,20.94,2026-05-12T04:14:21Z,2026-05-12T05:14:21Z,2026-05-13T10:00:44Z
928,1854,6,TerminalFleet,TRK000000001854,delivered,,,12.14,2026-05-09T06:05:49Z,2026-05-12T03:36:44Z,2026-05-13T10:00:44Z
929,1859,12,PortRoute Express,TRK000000001859,in_transit,,,12.33,2026-05-06T07:55:04Z,,2026-05-13T10:00:44Z
930,1860,9,RoadRunner Freight,TRK000000001860,delivered,,,19.84,2026-05-08T04:32:16Z,2026-05-13T07:43:46Z,2026-05-13T10:00:44Z
931,1861,12,MetroLine Fleet,TRK000000001861,delivered,,,16.84,2026-05-10T12:23:43Z,2026-05-12T07:20:50Z,2026-05-13T10:00:44Z
932,1862,4,TerminalFleet,TRK000000001862,delivered,,,22.19,2026-05-11T11:40:13Z,2026-05-12T00:17:25Z,2026-05-13T10:00:44Z
933,1867,5,PortRoute Express,TRK000000001867,in_transit,,,5.92,2026-05-06T12:19:54Z,,2026-05-13T10:00:44Z
934,1868,8,RoadRunner Freight,TRK000000001868,delivered,,,10.97,2026-05-08T05:06:32Z,2026-05-12T23:13:10Z,2026-05-13T10:00:44Z
935,1869,5,MetroLine Fleet,TRK000000001869,delivered,,,18.45,2026-05-11T18:00:08Z,2026-05-11T19:00:08Z,2026-05-13T10:00:44Z
936,1870,6,TerminalFleet,TRK000000001870,delivered,,,6.79,2026-05-10T20:11:20Z,2026-05-11T18:44:45Z,2026-05-13T10:00:44Z
937,1875,3,PortRoute Express,TRK000000001875,in_transit,,,16.2,2026-05-04T13:19:12Z,,2026-05-13T10:00:44Z
938,1876,2,RoadRunner Freight,TRK000000001876,delivered,,,21.96,2026-05-07T15:08:45Z,2026-05-12T13:23:10Z,2026-05-13T10:00:44Z
939,1877,2,MetroLine Fleet,TRK000000001877,delivered,,,16.37,2026-05-10T22:34:07Z,2026-05-11T10:54:34Z,2026-05-13T10:00:44Z
940,1878,7,TerminalFleet,TRK000000001878,delivered,,,20.19,2026-05-12T02:04:27Z,2026-05-12T15:38:10Z,2026-05-13T10:00:44Z
941,1883,7,PortRoute Express,TRK000000001883,in_transit,,,18.54,2026-05-08T14:06:03Z,,2026-05-13T10:00:44Z
942,1884,5,RoadRunner Freight,TRK000000001884,delivered,,,18.8,2026-05-08T10:40:23Z,2026-05-11T14:46:40Z,2026-05-13T10:00:44Z
943,1885,4,MetroLine Fleet,TRK000000001885,delivered,,,9.03,2026-05-06T03:42:35Z,2026-05-12T14:40:46Z,2026-05-13T10:00:44Z
944,1886,4,TerminalFleet,TRK000000001886,delivered,,,11.43,2026-05-12T09:22:40Z,2026-05-12T10:22:40Z,2026-05-13T10:00:44Z
945,1891,5,PortRoute Express,TRK000000001891,in_transit,,,17.01,2026-05-11T07:09:04Z,,2026-05-13T10:00:44Z
946,1892,12,RoadRunner Freight,TRK000000001892,delivered,,,21.64,2026-05-07T16:28:21Z,2026-05-12T02:04:15Z,2026-05-13T10:00:44Z
947,1893,3,MetroLine Fleet,TRK000000001893,delivered,,,19.73,2026-05-05T15:58:42Z,2026-05-13T09:13:33Z,2026-05-13T10:00:44Z
948,1894,4,TerminalFleet,TRK000000001894,delivered,,,16.53,2026-05-03T23:34:38Z,2026-05-12T03:02:44Z,2026-05-13T10:00:44Z
949,1899,11,PortRoute Express,TRK000000001899,in_transit,,,13.55,2026-05-03T18:28:14Z,,2026-05-13T10:00:44Z
950,1900,6,RoadRunner Freight,TRK000000001900,delivered,,,5.86,2026-05-08T20:32:27Z,2026-05-11T10:57:22Z,2026-05-13T10:00:44Z
951,1901,6,MetroLine Fleet,TRK000000001901,delivered,,,22.7,2026-05-06T00:08:19Z,2026-05-13T09:47:27Z,2026-05-13T10:00:44Z
952,1902,7,TerminalFleet,TRK000000001902,delivered,,,22.96,2026-05-04T11:02:09Z,2026-05-12T02:34:09Z,2026-05-13T10:00:44Z
953,1907,8,PortRoute Express,TRK000000001907,in_transit,,,23.3,2026-05-08T02:54:59Z,,2026-05-13T10:00:44Z
954,1908,5,RoadRunner Freight,TRK000000001908,delivered,,,20.64,2026-05-08T07:46:19Z,2026-05-12T22:21:48Z,2026-05-13T10:00:44Z
955,1909,8,MetroLine Fleet,TRK000000001909,delivered,,,7.7,2026-05-07T13:54:16Z,2026-05-13T00:24:18Z,2026-05-13T10:00:44Z
956,1910,9,TerminalFleet,TRK000000001910,delivered,,,22.64,2026-05-10T01:25:33Z,2026-05-13T05:24:04Z,2026-05-13T10:00:44Z
957,1915,9,PortRoute Express,TRK000000001915,in_transit,,,20.36,2026-05-07T02:08:12Z,,2026-05-13T10:00:44Z
958,1916,11,RoadRunner Freight,TRK000000001916,delivered,,,14.21,2026-05-03T14:04:06Z,2026-05-12T17:25:02Z,2026-05-13T10:00:44Z
959,1917,11,MetroLine Fleet,TRK000000001917,delivered,,,17.84,2026-05-06T04:37:08Z,2026-05-11T23:56:52Z,2026-05-13T10:00:44Z
960,1918,5,TerminalFleet,TRK000000001918,delivered,,,6.22,2026-05-11T01:26:42Z,2026-05-13T04:47:01Z,2026-05-13T10:00:44Z
961,1923,2,PortRoute Express,TRK000000001923,in_transit,,,17.09,2026-05-05T21:08:04Z,,2026-05-13T10:00:44Z
962,1924,5,RoadRunner Freight,TRK000000001924,delivered,,,19.92,2026-05-11T03:49:38Z,2026-05-13T00:14:25Z,2026-05-13T10:00:44Z
963,1925,7,MetroLine Fleet,TRK000000001925,delivered,,,20.27,2026-05-10T00:07:16Z,2026-05-12T01:19:52Z,2026-05-13T10:00:44Z
964,1926,2,TerminalFleet,TRK000000001926,delivered,,,18,2026-05-05T11:50:39Z,2026-05-12T15:19:20Z,2026-05-13T10:00:44Z
965,1931,3,PortRoute Express,TRK000000001931,in_transit,,,14.01,2026-05-08T17:24:42Z,,2026-05-13T10:00:44Z
966,1932,7,RoadRunner Freight,TRK000000001932,delivered,,,7.04,2026-05-12T06:33:11Z,2026-05-12T07:33:11Z,2026-05-13T10:00:44Z
967,1933,3,MetroLine Fleet,TRK000000001933,delivered,,,7.92,2026-05-08T00:06:22Z,2026-05-12T15:12:01Z,2026-05-13T10:00:44Z
968,1934,7,TerminalFleet,TRK000000001934,delivered,,,13.61,2026-05-07T09:05:17Z,2026-05-11T15:10:20Z,2026-05-13T10:00:44Z
969,1939,2,PortRoute Express,TRK000000001939,in_transit,,,18.58,2026-05-06T18:06:29Z,,2026-05-13T10:00:44Z
970,1940,4,RoadRunner Freight,TRK000000001940,delivered,,,18.05,2026-05-08T10:04:45Z,2026-05-13T08:59:38Z,2026-05-13T10:00:44Z
971,1941,8,MetroLine Fleet,TRK000000001941,delivered,,,16.66,2026-05-04T13:10:28Z,2026-05-11T21:01:29Z,2026-05-13T10:00:44Z
972,1942,4,TerminalFleet,TRK000000001942,delivered,,,19.98,2026-05-07T08:56:12Z,2026-05-12T00:43:09Z,2026-05-13T10:00:44Z
973,1947,5,PortRoute Express,TRK000000001947,in_transit,,,6.2,2026-05-09T21:08:41Z,,2026-05-13T10:00:44Z
974,1948,8,RoadRunner Freight,TRK000000001948,delivered,,,22.39,2026-05-09T01:32:11Z,2026-05-11T16:04:34Z,2026-05-13T10:00:44Z
975,1949,5,MetroLine Fleet,TRK000000001949,delivered,,,8.83,2026-05-03T23:19:38Z,2026-05-12T13:31:45Z,2026-05-13T10:00:44Z
976,1950,12,TerminalFleet,TRK000000001950,delivered,,,23.73,2026-05-12T05:05:27Z,2026-05-13T01:42:25Z,2026-05-13T10:00:44Z
977,1955,11,PortRoute Express,TRK000000001955,in_transit,,,12.55,2026-05-03T15:42:29Z,,2026-05-13T10:00:44Z
978,1956,10,RoadRunner Freight,TRK000000001956,delivered,,,11.14,2026-05-04T12:28:09Z,2026-05-11T12:38:57Z,2026-05-13T10:00:44Z
979,1957,12,MetroLine Fleet,TRK000000001957,delivered,,,10.04,2026-05-07T07:02:29Z,2026-05-12T19:24:21Z,2026-05-13T10:00:44Z
980,1958,12,TerminalFleet,TRK000000001958,delivered,,,21.77,2026-05-08T02:55:18Z,2026-05-12T17:44:57Z,2026-05-13T10:00:44Z
981,1963,3,PortRoute Express,TRK000000001963,in_transit,,,13.29,2026-05-11T06:34:50Z,,2026-05-13T10:00:44Z
982,1964,8,RoadRunner Freight,TRK000000001964,delivered,,,14.97,2026-05-07T17:07:23Z,2026-05-12T14:58:50Z,2026-05-13T10:00:44Z
983,1965,11,MetroLine Fleet,TRK000000001965,delivered,,,12.37,2026-05-10T06:07:51Z,2026-05-12T05:50:24Z,2026-05-13T10:00:44Z
984,1966,11,TerminalFleet,TRK000000001966,delivered,,,15.62,2026-05-11T13:04:49Z,2026-05-12T23:24:14Z,2026-05-13T10:00:44Z
985,1971,10,PortRoute Express,TRK000000001971,in_transit,,,20.61,2026-05-07T03:33:42Z,,2026-05-13T10:00:44Z
986,1972,1,RoadRunner Freight,TRK000000001972,delivered,,,11.91,2026-05-12T00:30:07Z,2026-05-12T15:44:11Z,2026-05-13T10:00:44Z
987,1973,5,MetroLine Fleet,TRK000000001973,delivered,,,5.01,2026-05-09T18:03:39Z,2026-05-11T13:41:22Z,2026-05-13T10:00:44Z
988,1974,3,TerminalFleet,TRK000000001974,delivered,,,7.35,2026-05-10T02:46:19Z,2026-05-11T22:13:46Z,2026-05-13T10:00:44Z
989,1979,7,PortRoute Express,TRK000000001979,in_transit,,,9.11,2026-05-10T18:56:48Z,,2026-05-13T10:00:44Z
990,1980,8,RoadRunner Freight,TRK000000001980,delivered,,,13.69,2026-05-11T06:15:05Z,2026-05-12T07:26:58Z,2026-05-13T10:00:44Z
991,1981,8,MetroLine Fleet,TRK000000001981,delivered,,,12.33,2026-05-10T02:22:17Z,2026-05-12T18:04:09Z,2026-05-13T10:00:44Z
992,1982,6,TerminalFleet,TRK000000001982,delivered,,,11.49,2026-05-06T16:09:14Z,2026-05-12T17:43:40Z,2026-05-13T10:00:44Z
993,1987,7,PortRoute Express,TRK000000001987,in_transit,,,17.61,2026-05-10T12:57:34Z,,2026-05-13T10:00:44Z
994,1988,7,RoadRunner Freight,TRK000000001988,delivered,,,15.82,2026-05-11T10:14:07Z,2026-05-11T15:54:31Z,2026-05-13T10:00:44Z
995,1989,1,MetroLine Fleet,TRK000000001989,delivered,,,24.52,2026-05-05T12:57:12Z,2026-05-12T00:29:18Z,2026-05-13T10:00:44Z
996,1990,1,TerminalFleet,TRK000000001990,delivered,,,9.72,2026-05-08T23:24:16Z,2026-05-13T08:57:24Z,2026-05-13T10:00:44Z
997,1995,9,PortRoute Express,TRK000000001995,in_transit,,,17.05,2026-05-05T08:45:39Z,,2026-05-13T10:00:44Z
998,1996,4,RoadRunner Freight,TRK000000001996,delivered,,,17.39,2026-05-08T02:26:20Z,2026-05-13T09:04:11Z,2026-05-13T10:00:44Z
999,1997,12,MetroLine Fleet,TRK000000001997,delivered,,,17.84,2026-05-07T12:21:00Z,2026-05-12T05:39:13Z,2026-05-13T10:00:44Z
1000,1998,5,TerminalFleet,TRK000000001998,delivered,,,13.13,2026-05-09T20:56:56Z,2026-05-11T16:53:34Z,2026-05-13T10:00:44Z
1001,2003,3,PortRoute Express,TRK000000002003,in_transit,,,11.39,2026-05-08T13:15:52Z,,2026-05-13T10:00:44Z
1002,2004,2,RoadRunner Freight,TRK000000002004,delivered,,,8.31,2026-05-05T04:34:55Z,2026-05-11T17:33:00Z,2026-05-13T10:00:44Z
1003,2005,1,MetroLine Fleet,TRK000000002005,delivered,,,17.69,2026-05-12T06:09:22Z,2026-05-13T04:37:22Z,2026-05-13T10:00:44Z
1004,2006,6,TerminalFleet,TRK000000002006,delivered,,,14.46,2026-05-05T02:01:24Z,2026-05-13T01:40:04Z,2026-05-13T10:00:44Z
1005,2011,11,PortRoute Express,TRK000000002011,in_transit,,,15.99,2026-05-11T03:04:01Z,,2026-05-13T10:00:44Z
1006,2012,4,RoadRunner Freight,TRK000000002012,delivered,,,6.69,2026-05-04T20:04:48Z,2026-05-11T16:51:32Z,2026-05-13T10:00:44Z
1007,2013,6,MetroLine Fleet,TRK000000002013,delivered,,,5.84,2026-05-12T00:17:00Z,2026-05-12T01:17:00Z,2026-05-13T10:00:44Z
1008,2014,11,TerminalFleet,TRK000000002014,delivered,,,24.81,2026-05-08T00:44:32Z,2026-05-12T19:37:55Z,2026-05-13T10:00:44Z
1009,2019,5,PortRoute Express,TRK000000002019,in_transit,,,10.17,2026-05-04T21:13:38Z,,2026-05-13T10:00:44Z
1010,2020,3,RoadRunner Freight,TRK000000002020,delivered,,,17.25,2026-05-09T13:09:05Z,2026-05-11T10:15:13Z,2026-05-13T10:00:44Z
1011,2021,4,MetroLine Fleet,TRK000000002021,delivered,,,21.1,2026-05-06T21:16:13Z,2026-05-12T15:44:58Z,2026-05-13T10:00:44Z
1012,2022,7,TerminalFleet,TRK000000002022,delivered,,,24.59,2026-05-05T14:07:06Z,2026-05-12T23:37:43Z,2026-05-13T10:00:44Z
1013,2027,5,PortRoute Express,TRK000000002027,in_transit,,,12.32,2026-05-08T22:18:10Z,,2026-05-13T10:00:44Z
1014,2028,8,RoadRunner Freight,TRK000000002028,delivered,,,6.43,2026-05-05T10:07:00Z,2026-05-12T22:31:11Z,2026-05-13T10:00:44Z
1015,2029,4,MetroLine Fleet,TRK000000002029,delivered,,,17.7,2026-05-10T02:27:42Z,2026-05-11T17:02:14Z,2026-05-13T10:00:44Z
1016,2030,8,TerminalFleet,TRK000000002030,delivered,,,12.31,2026-05-05T00:16:10Z,2026-05-13T02:18:04Z,2026-05-13T10:00:44Z
1017,2035,4,PortRoute Express,TRK000000002035,in_transit,,,7.87,2026-05-04T04:26:42Z,,2026-05-13T10:00:44Z
1018,2036,9,RoadRunner Freight,TRK000000002036,delivered,,,8.75,2026-05-08T21:14:57Z,2026-05-12T17:16:13Z,2026-05-13T10:00:44Z
1019,2037,10,MetroLine Fleet,TRK000000002037,delivered,,,19.87,2026-05-09T19:34:30Z,2026-05-12T14:26:26Z,2026-05-13T10:00:44Z
1020,2038,1,TerminalFleet,TRK000000002038,delivered,,,20.02,2026-05-09T21:32:26Z,2026-05-12T04:55:32Z,2026-05-13T10:00:44Z
1021,2043,11,PortRoute Express,TRK000000002043,in_transit,,,16.69,2026-05-10T19:24:54Z,,2026-05-13T10:00:44Z
1022,2044,9,RoadRunner Freight,TRK000000002044,delivered,,,15.31,2026-05-07T12:54:47Z,2026-05-13T03:27:29Z,2026-05-13T10:00:44Z
1023,2045,9,MetroLine Fleet,TRK000000002045,delivered,,,10.82,2026-05-10T18:37:08Z,2026-05-11T20:45:15Z,2026-05-13T10:00:44Z
1024,2046,2,TerminalFleet,TRK000000002046,delivered,,,21.42,2026-05-08T22:50:02Z,2026-05-13T02:06:30Z,2026-05-13T10:00:44Z
1025,2051,4,PortRoute Express,TRK000000002051,in_transit,,,15.29,2026-05-08T06:48:07Z,,2026-05-13T10:00:44Z
1026,2052,10,RoadRunner Freight,TRK000000002052,delivered,,,8.35,2026-05-09T18:35:25Z,2026-05-12T03:42:17Z,2026-05-13T10:00:44Z
1027,2053,1,MetroLine Fleet,TRK000000002053,delivered,,,6.17,2026-05-11T15:47:48Z,2026-05-13T03:43:56Z,2026-05-13T10:00:44Z
1028,2054,11,TerminalFleet,TRK000000002054,delivered,,,20.6,2026-05-10T01:16:15Z,2026-05-12T05:43:19Z,2026-05-13T10:00:44Z
1029,2059,8,PortRoute Express,TRK000000002059,in_transit,,,6.26,2026-05-12T04:48:20Z,,2026-05-13T10:00:44Z
1030,2060,9,RoadRunner Freight,TRK000000002060,delivered,,,7.27,2026-05-09T22:53:56Z,2026-05-12T21:21:44Z,2026-05-13T10:00:44Z
1031,2061,1,MetroLine Fleet,TRK000000002061,delivered,,,18.53,2026-05-11T12:30:37Z,2026-05-12T17:20:49Z,2026-05-13T10:00:44Z
1032,2062,12,TerminalFleet,TRK000000002062,delivered,,,18.16,2026-05-05T21:57:53Z,2026-05-12T05:23:33Z,2026-05-13T10:00:44Z
1033,2067,12,PortRoute Express,TRK000000002067,in_transit,,,8.27,2026-05-04T05:46:40Z,,2026-05-13T10:00:44Z
1034,2068,12,RoadRunner Freight,TRK000000002068,delivered,,,8.22,2026-05-07T10:18:46Z,2026-05-11T11:11:18Z,2026-05-13T10:00:44Z
1035,2069,11,MetroLine Fleet,TRK000000002069,delivered,,,13.45,2026-05-12T03:14:40Z,2026-05-12T14:01:50Z,2026-05-13T10:00:44Z
1036,2070,9,TerminalFleet,TRK000000002070,delivered,,,18.75,2026-05-07T21:07:23Z,2026-05-11T12:16:46Z,2026-05-13T10:00:44Z
1037,2075,9,PortRoute Express,TRK000000002075,in_transit,,,5.82,2026-05-06T01:20:10Z,,2026-05-13T10:00:44Z
1038,2076,5,RoadRunner Freight,TRK000000002076,delivered,,,5.76,2026-05-10T08:22:25Z,2026-05-13T00:37:08Z,2026-05-13T10:00:44Z
1039,2077,1,MetroLine Fleet,TRK000000002077,delivered,,,5.48,2026-05-03T20:00:29Z,2026-05-11T10:42:22Z,2026-05-13T10:00:44Z
1040,2078,9,TerminalFleet,TRK000000002078,delivered,,,22.64,2026-05-09T15:32:03Z,2026-05-11T11:24:09Z,2026-05-13T10:00:44Z
1041,2083,3,PortRoute Express,TRK000000002083,in_transit,,,23.77,2026-05-08T12:19:15Z,,2026-05-13T10:00:44Z
1042,2084,3,RoadRunner Freight,TRK000000002084,delivered,,,15.12,2026-05-03T23:53:33Z,2026-05-12T12:01:54Z,2026-05-13T10:00:44Z
1043,2085,11,MetroLine Fleet,TRK000000002085,delivered,,,18.48,2026-05-06T10:47:43Z,2026-05-12T22:39:14Z,2026-05-13T10:00:44Z
1044,2086,7,TerminalFleet,TRK000000002086,delivered,,,15.07,2026-05-06T12:11:36Z,2026-05-12T15:23:57Z,2026-05-13T10:00:44Z
1045,2091,10,PortRoute Express,TRK000000002091,in_transit,,,12.7,2026-05-11T09:58:23Z,,2026-05-13T10:00:44Z
1046,2092,4,RoadRunner Freight,TRK000000002092,delivered,,,13.32,2026-05-09T06:45:43Z,2026-05-12T15:14:57Z,2026-05-13T10:00:44Z
1047,2093,6,MetroLine Fleet,TRK000000002093,delivered,,,17.17,2026-05-05T06:16:44Z,2026-05-12T19:45:18Z,2026-05-13T10:00:44Z
1048,2094,4,TerminalFleet,TRK000000002094,delivered,,,6.2,2026-05-05T11:25:02Z,2026-05-12T19:08:22Z,2026-05-13T10:00:44Z
1049,2099,9,PortRoute Express,TRK000000002099,in_transit,,,23.63,2026-05-04T14:04:53Z,,2026-05-13T10:00:44Z
1050,2100,5,RoadRunner Freight,TRK000000002100,delivered,,,21.89,2026-05-07T16:31:11Z,2026-05-11T23:41:00Z,2026-05-13T10:00:44Z
1051,2101,1,MetroLine Fleet,TRK000000002101,delivered,,,8.51,2026-05-11T05:35:42Z,2026-05-12T16:26:26Z,2026-05-13T10:00:44Z
1052,2102,10,TerminalFleet,TRK000000002102,delivered,,,10.92,2026-05-11T16:30:40Z,2026-05-12T14:04:53Z,2026-05-13T10:00:44Z
1053,2107,8,PortRoute Express,TRK000000002107,in_transit,,,6.72,2026-05-07T19:46:56Z,,2026-05-13T10:00:44Z
1054,2108,9,RoadRunner Freight,TRK000000002108,delivered,,,10.84,2026-05-06T23:52:12Z,2026-05-11T21:33:41Z,2026-05-13T10:00:44Z
1055,2109,6,MetroLine Fleet,TRK000000002109,delivered,,,13.13,2026-05-06T23:08:19Z,2026-05-13T08:01:56Z,2026-05-13T10:00:44Z
1056,2110,11,TerminalFleet,TRK000000002110,delivered,,,24.36,2026-05-10T05:37:19Z,2026-05-12T19:41:03Z,2026-05-13T10:00:44Z
1057,2115,3,PortRoute Express,TRK000000002115,in_transit,,,22.9,2026-05-04T18:45:35Z,,2026-05-13T10:00:44Z
1058,2116,4,RoadRunner Freight,TRK000000002116,delivered,,,15.19,2026-05-12T06:16:18Z,2026-05-12T07:16:18Z,2026-05-13T10:00:44Z
1059,2117,7,MetroLine Fleet,TRK000000002117,delivered,,,12.19,2026-05-05T19:59:32Z,2026-05-13T03:10:29Z,2026-05-13T10:00:44Z
1060,2118,10,TerminalFleet,TRK000000002118,delivered,,,15.23,2026-05-05T01:11:02Z,2026-05-11T13:23:20Z,2026-05-13T10:00:44Z
1061,2123,5,PortRoute Express,TRK000000002123,in_transit,,,8.54,2026-05-11T15:09:04Z,,2026-05-13T10:00:44Z
1062,2124,7,RoadRunner Freight,TRK000000002124,delivered,,,14.53,2026-05-03T20:56:38Z,2026-05-12T10:08:41Z,2026-05-13T10:00:44Z
1063,2125,1,MetroLine Fleet,TRK000000002125,delivered,,,15.8,2026-05-08T11:40:59Z,2026-05-12T18:39:41Z,2026-05-13T10:00:44Z
1064,2126,10,TerminalFleet,TRK000000002126,delivered,,,21.75,2026-05-11T18:13:45Z,2026-05-12T12:22:41Z,2026-05-13T10:00:44Z
1065,2131,8,PortRoute Express,TRK000000002131,in_transit,,,12.15,2026-05-07T10:39:45Z,,2026-05-13T10:00:44Z
1066,2132,6,RoadRunner Freight,TRK000000002132,delivered,,,17.22,2026-05-06T18:00:57Z,2026-05-12T23:04:35Z,2026-05-13T10:00:44Z
1067,2133,9,MetroLine Fleet,TRK000000002133,delivered,,,9.38,2026-05-08T14:09:06Z,2026-05-12T07:44:54Z,2026-05-13T10:00:44Z
1068,2134,5,TerminalFleet,TRK000000002134,delivered,,,18.04,2026-05-09T23:13:32Z,2026-05-12T15:28:05Z,2026-05-13T10:00:44Z
1069,2139,8,PortRoute Express,TRK000000002139,in_transit,,,19.64,2026-05-11T15:16:16Z,,2026-05-13T10:00:44Z
1070,2140,12,RoadRunner Freight,TRK000000002140,delivered,,,24.47,2026-05-10T03:21:16Z,2026-05-12T18:11:40Z,2026-05-13T10:00:44Z
1071,2141,10,MetroLine Fleet,TRK000000002141,delivered,,,22.49,2026-05-10T08:59:06Z,2026-05-11T14:08:38Z,2026-05-13T10:00:44Z
1072,2142,9,TerminalFleet,TRK000000002142,delivered,,,24.71,2026-05-08T22:42:04Z,2026-05-12T14:44:09Z,2026-05-13T10:00:44Z
1073,2147,9,PortRoute Express,TRK000000002147,in_transit,,,8.47,2026-05-11T23:24:14Z,,2026-05-13T10:00:44Z
1074,2148,2,RoadRunner Freight,TRK000000002148,delivered,,,6.31,2026-05-12T01:51:32Z,2026-05-13T09:47:41Z,2026-05-13T10:00:44Z
1075,2149,8,MetroLine Fleet,TRK000000002149,delivered,,,5.98,2026-05-11T06:22:16Z,2026-05-13T07:30:06Z,2026-05-13T10:00:44Z
1076,2150,11,TerminalFleet,TRK000000002150,delivered,,,22.74,2026-05-08T05:39:30Z,2026-05-12T18:24:09Z,2026-05-13T10:00:44Z
1077,2155,1,PortRoute Express,TRK000000002155,in_transit,,,19.13,2026-05-07T18:32:34Z,,2026-05-13T10:00:44Z
1078,2156,6,RoadRunner Freight,TRK000000002156,delivered,,,10.19,2026-05-04T05:39:00Z,2026-05-11T17:03:23Z,2026-05-13T10:00:44Z
1079,2157,12,MetroLine Fleet,TRK000000002157,delivered,,,13.45,2026-05-11T07:23:04Z,2026-05-12T00:59:39Z,2026-05-13T10:00:44Z
1080,2158,1,TerminalFleet,TRK000000002158,delivered,,,17.79,2026-05-05T06:27:51Z,2026-05-12T15:57:16Z,2026-05-13T10:00:44Z
1081,2163,7,PortRoute Express,TRK000000002163,in_transit,,,10.65,2026-05-05T09:30:52Z,,2026-05-13T10:00:44Z
1082,2164,5,RoadRunner Freight,TRK000000002164,delivered,,,19.43,2026-05-06T00:09:53Z,2026-05-12T01:56:44Z,2026-05-13T10:00:44Z
1083,2165,2,MetroLine Fleet,TRK000000002165,delivered,,,13.08,2026-05-08T06:31:29Z,2026-05-13T06:28:52Z,2026-05-13T10:00:44Z
1084,2166,12,TerminalFleet,TRK000000002166,delivered,,,7.33,2026-05-08T15:02:44Z,2026-05-11T11:49:01Z,2026-05-13T10:00:44Z
1085,2171,3,PortRoute Express,TRK000000002171,in_transit,,,9.65,2026-05-10T14:31:10Z,,2026-05-13T10:00:44Z
1086,2172,5,RoadRunner Freight,TRK000000002172,delivered,,,10.27,2026-05-11T03:07:45Z,2026-05-12T22:40:36Z,2026-05-13T10:00:44Z
1087,2173,3,MetroLine Fleet,TRK000000002173,delivered,,,21.46,2026-05-03T11:50:53Z,2026-05-13T00:55:41Z,2026-05-13T10:00:44Z
1088,2174,3,TerminalFleet,TRK000000002174,delivered,,,6.43,2026-05-07T10:39:52Z,2026-05-11T20:56:55Z,2026-05-13T10:00:44Z
1089,2179,12,PortRoute Express,TRK000000002179,in_transit,,,13.7,2026-05-11T02:28:59Z,,2026-05-13T10:00:44Z
1090,2180,11,RoadRunner Freight,TRK000000002180,delivered,,,18.86,2026-05-04T22:15:29Z,2026-05-11T11:19:18Z,2026-05-13T10:00:44Z
1091,2181,7,MetroLine Fleet,TRK000000002181,delivered,,,7.55,2026-05-10T11:16:30Z,2026-05-12T14:56:27Z,2026-05-13T10:00:44Z
1092,2182,3,TerminalFleet,TRK000000002182,delivered,,,22.56,2026-05-11T08:07:12Z,2026-05-12T05:10:52Z,2026-05-13T10:00:44Z
1093,2187,3,PortRoute Express,TRK000000002187,in_transit,,,14.33,2026-05-07T07:28:39Z,,2026-05-13T10:00:44Z
1094,2188,8,RoadRunner Freight,TRK000000002188,delivered,,,13.01,2026-05-09T19:20:02Z,2026-05-13T01:33:03Z,2026-05-13T10:00:44Z
1095,2189,12,MetroLine Fleet,TRK000000002189,delivered,,,10.01,2026-05-11T19:46:19Z,2026-05-12T15:47:17Z,2026-05-13T10:00:44Z
1096,2190,8,TerminalFleet,TRK000000002190,delivered,,,22.23,2026-05-04T23:41:06Z,2026-05-11T20:45:41Z,2026-05-13T10:00:44Z
1097,2195,1,PortRoute Express,TRK000000002195,in_transit,,,5.61,2026-05-10T02:09:05Z,,2026-05-13T10:00:44Z
1098,2196,3,RoadRunner Freight,TRK000000002196,delivered,,,8.84,2026-05-05T04:24:07Z,2026-05-11T12:43:51Z,2026-05-13T10:00:44Z
1099,2197,6,MetroLine Fleet,TRK000000002197,delivered,,,20.02,2026-05-04T16:50:01Z,2026-05-12T01:53:35Z,2026-05-13T10:00:44Z
1100,2198,5,TerminalFleet,TRK000000002198,delivered,,,17.66,2026-05-08T13:54:39Z,2026-05-11T23:54:18Z,2026-05-13T10:00:44Z
1101,2203,2,PortRoute Express,TRK000000002203,in_transit,,,20.88,2026-05-04T14:55:38Z,,2026-05-13T10:00:44Z
1102,2204,2,RoadRunner Freight,TRK000000002204,delivered,,,12.42,2026-05-05T11:39:17Z,2026-05-11T13:59:41Z,2026-05-13T10:00:44Z
1103,2205,10,MetroLine Fleet,TRK000000002205,delivered,,,12.16,2026-05-11T17:37:14Z,2026-05-13T06:57:29Z,2026-05-13T10:00:44Z
1104,2206,12,TerminalFleet,TRK000000002206,delivered,,,16.18,2026-05-10T08:36:06Z,2026-05-12T12:19:02Z,2026-05-13T10:00:44Z
1105,2211,11,PortRoute Express,TRK000000002211,in_transit,,,5.13,2026-05-07T11:19:10Z,,2026-05-13T10:00:44Z
1106,2212,5,RoadRunner Freight,TRK000000002212,delivered,,,11.47,2026-05-03T13:28:52Z,2026-05-13T09:43:46Z,2026-05-13T10:00:44Z
1107,2213,3,MetroLine Fleet,TRK000000002213,delivered,,,21.3,2026-05-12T08:15:58Z,2026-05-12T09:15:58Z,2026-05-13T10:00:44Z
1108,2214,12,TerminalFleet,TRK000000002214,delivered,,,11.21,2026-05-05T16:28:37Z,2026-05-11T23:35:36Z,2026-05-13T10:00:44Z
1109,2219,10,PortRoute Express,TRK000000002219,in_transit,,,17,2026-05-06T06:21:16Z,,2026-05-13T10:00:44Z
1110,2220,11,RoadRunner Freight,TRK000000002220,delivered,,,16.93,2026-05-09T21:18:32Z,2026-05-11T11:29:51Z,2026-05-13T10:00:44Z
1111,2221,2,MetroLine Fleet,TRK000000002221,delivered,,,13.8,2026-05-12T00:59:10Z,2026-05-13T04:50:33Z,2026-05-13T10:00:44Z
1112,2222,4,TerminalFleet,TRK000000002222,delivered,,,8.17,2026-05-06T01:38:30Z,2026-05-12T14:11:06Z,2026-05-13T10:00:44Z
1113,2227,6,PortRoute Express,TRK000000002227,in_transit,,,20.8,2026-05-09T01:45:17Z,,2026-05-13T10:00:44Z
1114,2228,7,RoadRunner Freight,TRK000000002228,delivered,,,17.66,2026-05-09T08:59:43Z,2026-05-11T18:57:26Z,2026-05-13T10:00:44Z
1115,2229,9,MetroLine Fleet,TRK000000002229,delivered,,,7.61,2026-05-10T12:53:15Z,2026-05-11T16:32:07Z,2026-05-13T10:00:44Z
1116,2230,1,TerminalFleet,TRK000000002230,delivered,,,9.03,2026-05-05T02:58:40Z,2026-05-13T09:34:40Z,2026-05-13T10:00:44Z
1117,2235,1,PortRoute Express,TRK000000002235,in_transit,,,9.01,2026-05-10T06:36:55Z,,2026-05-13T10:00:44Z
1118,2236,6,RoadRunner Freight,TRK000000002236,delivered,,,16.41,2026-05-06T06:29:14Z,2026-05-11T17:34:27Z,2026-05-13T10:00:44Z
1119,2237,8,MetroLine Fleet,TRK000000002237,delivered,,,5.33,2026-05-06T16:01:46Z,2026-05-12T05:41:23Z,2026-05-13T10:00:44Z
1120,2238,6,TerminalFleet,TRK000000002238,delivered,,,20.38,2026-05-04T04:08:48Z,2026-05-12T08:41:25Z,2026-05-13T10:00:44Z
1121,2243,11,PortRoute Express,TRK000000002243,in_transit,,,8.88,2026-05-06T20:16:53Z,,2026-05-13T10:00:44Z
1122,2244,3,RoadRunner Freight,TRK000000002244,delivered,,,6.46,2026-05-11T00:22:07Z,2026-05-11T14:19:36Z,2026-05-13T10:00:44Z
1123,2245,7,MetroLine Fleet,TRK000000002245,delivered,,,22.65,2026-05-04T21:28:47Z,2026-05-12T17:24:30Z,2026-05-13T10:00:44Z
1124,2246,8,TerminalFleet,TRK000000002246,delivered,,,23.99,2026-05-04T13:24:46Z,2026-05-11T22:03:18Z,2026-05-13T10:00:44Z
1125,2251,2,PortRoute Express,TRK000000002251,in_transit,,,17.38,2026-05-09T18:23:29Z,,2026-05-13T10:00:44Z
1126,2252,5,RoadRunner Freight,TRK000000002252,delivered,,,10.26,2026-05-05T22:34:01Z,2026-05-12T03:08:38Z,2026-05-13T10:00:44Z
1127,2253,1,MetroLine Fleet,TRK000000002253,delivered,,,12.76,2026-05-12T01:37:20Z,2026-05-13T06:11:28Z,2026-05-13T10:00:44Z
1128,2254,10,TerminalFleet,TRK000000002254,delivered,,,16.1,2026-05-03T14:16:22Z,2026-05-13T04:41:19Z,2026-05-13T10:00:44Z
1129,2259,8,PortRoute Express,TRK000000002259,in_transit,,,24.19,2026-05-07T09:16:12Z,,2026-05-13T10:00:44Z
1130,2260,2,RoadRunner Freight,TRK000000002260,delivered,,,22.11,2026-05-04T15:25:55Z,2026-05-11T13:14:03Z,2026-05-13T10:00:44Z
1131,2261,10,MetroLine Fleet,TRK000000002261,delivered,,,11.6,2026-05-05T20:57:25Z,2026-05-11T14:42:30Z,2026-05-13T10:00:44Z
1132,2262,6,TerminalFleet,TRK000000002262,delivered,,,23.29,2026-05-11T00:56:36Z,2026-05-13T03:27:16Z,2026-05-13T10:00:44Z
1133,2267,3,PortRoute Express,TRK000000002267,in_transit,,,15.75,2026-05-05T06:26:05Z,,2026-05-13T10:00:44Z
1134,2268,4,RoadRunner Freight,TRK000000002268,delivered,,,18.54,2026-05-08T12:51:22Z,2026-05-13T04:03:42Z,2026-05-13T10:00:44Z
1135,2269,8,MetroLine Fleet,TRK000000002269,delivered,,,23.76,2026-05-11T10:52:09Z,2026-05-11T11:18:02Z,2026-05-13T10:00:44Z
1136,2270,2,TerminalFleet,TRK000000002270,delivered,,,14.14,2026-05-09T04:16:24Z,2026-05-13T07:06:35Z,2026-05-13T10:00:44Z
1137,2275,2,PortRoute Express,TRK000000002275,in_transit,,,23.69,2026-05-11T22:45:12Z,,2026-05-13T10:00:44Z
1138,2276,4,RoadRunner Freight,TRK000000002276,delivered,,,12.07,2026-05-08T22:59:24Z,2026-05-12T14:03:32Z,2026-05-13T10:00:44Z
1139,2277,3,MetroLine Fleet,TRK000000002277,delivered,,,18.36,2026-05-08T09:41:13Z,2026-05-12T10:06:22Z,2026-05-13T10:00:44Z
1140,2278,6,TerminalFleet,TRK000000002278,delivered,,,19.12,2026-05-03T15:27:48Z,2026-05-12T17:12:30Z,2026-05-13T10:00:44Z
1141,2283,12,PortRoute Express,TRK000000002283,in_transit,,,13.69,2026-05-06T05:36:49Z,,2026-05-13T10:00:44Z
1142,2284,2,RoadRunner Freight,TRK000000002284,delivered,,,15.41,2026-05-07T07:48:07Z,2026-05-12T00:28:57Z,2026-05-13T10:00:44Z
1143,2285,7,MetroLine Fleet,TRK000000002285,delivered,,,21.37,2026-05-09T22:16:51Z,2026-05-11T14:08:15Z,2026-05-13T10:00:44Z
1144,2286,7,TerminalFleet,TRK000000002286,delivered,,,13,2026-05-08T19:58:45Z,2026-05-12T19:56:35Z,2026-05-13T10:00:44Z
1145,2291,1,PortRoute Express,TRK000000002291,in_transit,,,15.46,2026-05-08T10:04:29Z,,2026-05-13T10:00:44Z
1146,2292,11,RoadRunner Freight,TRK000000002292,delivered,,,17.07,2026-05-06T01:29:15Z,2026-05-12T11:48:39Z,2026-05-13T10:00:44Z
1147,2293,9,MetroLine Fleet,TRK000000002293,delivered,,,9.39,2026-05-11T09:38:39Z,2026-05-12T05:45:35Z,2026-05-13T10:00:44Z
1148,2294,2,TerminalFleet,TRK000000002294,delivered,,,23.11,2026-05-07T17:58:18Z,2026-05-12T04:12:06Z,2026-05-13T10:00:44Z
1149,2299,1,PortRoute Express,TRK000000002299,in_transit,,,8.52,2026-05-04T15:59:52Z,,2026-05-13T10:00:44Z
1150,2300,5,RoadRunner Freight,TRK000000002300,delivered,,,11.27,2026-05-10T09:09:10Z,2026-05-12T19:47:04Z,2026-05-13T10:00:44Z
1151,2301,10,MetroLine Fleet,TRK000000002301,delivered,,,19.32,2026-05-10T01:43:41Z,2026-05-12T17:25:29Z,2026-05-13T10:00:44Z
1152,2302,3,TerminalFleet,TRK000000002302,delivered,,,16.7,2026-05-05T08:07:41Z,2026-05-12T07:52:35Z,2026-05-13T10:00:44Z
1153,2307,7,PortRoute Express,TRK000000002307,in_transit,,,11.63,2026-05-08T02:43:07Z,,2026-05-13T10:00:44Z
1154,2308,5,RoadRunner Freight,TRK000000002308,delivered,,,5.29,2026-05-10T06:12:38Z,2026-05-12T09:51:25Z,2026-05-13T10:00:44Z
1155,2309,12,MetroLine Fleet,TRK000000002309,delivered,,,22.62,2026-05-06T10:59:38Z,2026-05-12T19:03:35Z,2026-05-13T10:00:44Z
1156,2310,5,TerminalFleet,TRK000000002310,delivered,,,19.38,2026-05-08T15:07:22Z,2026-05-12T16:48:37Z,2026-05-13T10:00:44Z
1157,2315,7,PortRoute Express,TRK000000002315,in_transit,,,8.01,2026-05-05T00:09:34Z,,2026-05-13T10:00:44Z
1158,2316,1,RoadRunner Freight,TRK000000002316,delivered,,,11.23,2026-05-08T02:12:02Z,2026-05-13T06:50:37Z,2026-05-13T10:00:44Z
1159,2317,5,MetroLine Fleet,TRK000000002317,delivered,,,7.17,2026-05-06T14:42:43Z,2026-05-12T14:17:44Z,2026-05-13T10:00:44Z
1160,2318,2,TerminalFleet,TRK000000002318,delivered,,,21.81,2026-05-03T23:51:49Z,2026-05-12T05:18:02Z,2026-05-13T10:00:44Z
1161,2323,9,PortRoute Express,TRK000000002323,in_transit,,,18.35,2026-05-10T11:09:24Z,,2026-05-13T10:00:44Z
1162,2324,11,RoadRunner Freight,TRK000000002324,delivered,,,12.09,2026-05-09T13:01:22Z,2026-05-11T18:38:54Z,2026-05-13T10:00:44Z
1163,2325,12,MetroLine Fleet,TRK000000002325,delivered,,,23.13,2026-05-04T23:10:55Z,2026-05-11T23:31:06Z,2026-05-13T10:00:44Z
1164,2326,8,TerminalFleet,TRK000000002326,delivered,,,12.84,2026-05-06T14:07:33Z,2026-05-11T13:13:06Z,2026-05-13T10:00:44Z
1165,2331,1,PortRoute Express,TRK000000002331,in_transit,,,7.02,2026-05-12T03:51:10Z,,2026-05-13T10:00:44Z
1166,2332,9,RoadRunner Freight,TRK000000002332,delivered,,,15.87,2026-05-09T21:29:29Z,2026-05-11T12:57:00Z,2026-05-13T10:00:44Z
1167,2333,2,MetroLine Fleet,TRK000000002333,delivered,,,16.58,2026-05-03T23:29:48Z,2026-05-11T15:36:50Z,2026-05-13T10:00:44Z
1168,2334,1,TerminalFleet,TRK000000002334,delivered,,,19.31,2026-05-05T03:24:43Z,2026-05-12T22:26:20Z,2026-05-13T10:00:44Z
1169,2339,7,PortRoute Express,TRK000000002339,in_transit,,,19.2,2026-05-04T21:19:00Z,,2026-05-13T10:00:44Z
1170,2340,8,RoadRunner Freight,TRK000000002340,delivered,,,9.22,2026-05-07T18:42:48Z,2026-05-12T16:02:21Z,2026-05-13T10:00:44Z
1171,2341,12,MetroLine Fleet,TRK000000002341,delivered,,,6.78,2026-05-12T07:45:26Z,2026-05-12T18:21:15Z,2026-05-13T10:00:44Z
1172,2342,4,TerminalFleet,TRK000000002342,delivered,,,5.31,2026-05-10T02:54:44Z,2026-05-12T02:34:23Z,2026-05-13T10:00:44Z
1173,2347,5,PortRoute Express,TRK000000002347,in_transit,,,8.24,2026-05-06T20:15:09Z,,2026-05-13T10:00:44Z
1174,2348,8,RoadRunner Freight,TRK000000002348,delivered,,,17.5,2026-05-05T17:31:08Z,2026-05-12T08:20:24Z,2026-05-13T10:00:44Z
1175,2349,9,MetroLine Fleet,TRK000000002349,delivered,,,6.17,2026-05-04T16:51:09Z,2026-05-12T04:20:46Z,2026-05-13T10:00:44Z
1176,2350,10,TerminalFleet,TRK000000002350,delivered,,,16.37,2026-05-12T09:18:40Z,2026-05-12T12:19:59Z,2026-05-13T10:00:44Z
1177,2355,6,PortRoute Express,TRK000000002355,in_transit,,,10.23,2026-05-07T12:52:22Z,,2026-05-13T10:00:44Z
1178,2356,4,RoadRunner Freight,TRK000000002356,delivered,,,24.6,2026-05-11T13:57:49Z,2026-05-11T14:57:49Z,2026-05-13T10:00:44Z
1179,2357,12,MetroLine Fleet,TRK000000002357,delivered,,,20.96,2026-05-04T22:56:05Z,2026-05-12T02:38:24Z,2026-05-13T10:00:44Z
1180,2358,12,TerminalFleet,TRK000000002358,delivered,,,22.07,2026-05-03T16:46:00Z,2026-05-12T00:34:28Z,2026-05-13T10:00:44Z
1181,2363,2,PortRoute Express,TRK000000002363,in_transit,,,16.84,2026-05-04T06:13:41Z,,2026-05-13T10:00:44Z
1182,2364,7,RoadRunner Freight,TRK000000002364,delivered,,,14.25,2026-05-06T10:04:57Z,2026-05-12T01:40:19Z,2026-05-13T10:00:44Z
1183,2365,2,MetroLine Fleet,TRK000000002365,delivered,,,16.56,2026-05-05T12:38:53Z,2026-05-12T00:25:22Z,2026-05-13T10:00:44Z
1184,2366,6,TerminalFleet,TRK000000002366,delivered,,,6.59,2026-05-05T19:05:42Z,2026-05-12T07:10:56Z,2026-05-13T10:00:44Z
1185,2371,2,PortRoute Express,TRK000000002371,in_transit,,,17.23,2026-05-08T14:24:10Z,,2026-05-13T10:00:44Z
1186,2372,1,RoadRunner Freight,TRK000000002372,delivered,,,18.74,2026-05-03T21:53:32Z,2026-05-11T11:23:20Z,2026-05-13T10:00:44Z
1187,2373,4,MetroLine Fleet,TRK000000002373,delivered,,,14.66,2026-05-09T09:07:48Z,2026-05-13T01:58:44Z,2026-05-13T10:00:44Z
1188,2374,6,TerminalFleet,TRK000000002374,delivered,,,6.55,2026-05-08T20:55:09Z,2026-05-11T20:44:46Z,2026-05-13T10:00:44Z
1189,2379,3,PortRoute Express,TRK000000002379,in_transit,,,23.41,2026-05-07T09:10:41Z,,2026-05-13T10:00:44Z
1190,2380,11,RoadRunner Freight,TRK000000002380,delivered,,,21.79,2026-05-06T23:47:48Z,2026-05-12T14:22:33Z,2026-05-13T10:00:44Z
1191,2381,7,MetroLine Fleet,TRK000000002381,delivered,,,23.35,2026-05-08T08:34:52Z,2026-05-13T00:42:17Z,2026-05-13T10:00:44Z
1192,2382,7,TerminalFleet,TRK000000002382,delivered,,,8.6,2026-05-11T21:47:13Z,2026-05-11T22:47:13Z,2026-05-13T10:00:44Z
1193,2387,5,PortRoute Express,TRK000000002387,in_transit,,,8.85,2026-05-08T22:03:22Z,,2026-05-13T10:00:44Z
1194,2388,10,RoadRunner Freight,TRK000000002388,delivered,,,21.69,2026-05-06T12:10:39Z,2026-05-11T17:51:35Z,2026-05-13T10:00:44Z
1195,2389,1,MetroLine Fleet,TRK000000002389,delivered,,,16.48,2026-05-06T00:40:58Z,2026-05-12T20:17:05Z,2026-05-13T10:00:44Z
1196,2390,7,TerminalFleet,TRK000000002390,delivered,,,16.34,2026-05-07T17:43:40Z,2026-05-11T11:42:53Z,2026-05-13T10:00:44Z
1197,2395,12,PortRoute Express,TRK000000002395,in_transit,,,24.17,2026-05-06T11:03:55Z,,2026-05-13T10:00:44Z
1198,2396,8,RoadRunner Freight,TRK000000002396,delivered,,,10.03,2026-05-08T15:56:40Z,2026-05-11T19:15:05Z,2026-05-13T10:00:44Z
1199,2397,10,MetroLine Fleet,TRK000000002397,delivered,,,8.43,2026-05-11T20:24:40Z,2026-05-11T21:24:40Z,2026-05-13T10:00:44Z
1200,2398,4,TerminalFleet,TRK000000002398,delivered,,,18.1,2026-05-04T02:08:51Z,2026-05-11T20:39:55Z,2026-05-13T10:00:44Z
1201,2403,8,PortRoute Express,TRK000000002403,in_transit,,,6.83,2026-05-04T18:03:49Z,,2026-05-13T10:00:44Z
1202,2404,12,RoadRunner Freight,TRK000000002404,delivered,,,20.78,2026-05-07T06:59:16Z,2026-05-12T12:48:10Z,2026-05-13T10:00:44Z
1203,2405,10,MetroLine Fleet,TRK000000002405,delivered,,,20.24,2026-05-12T04:45:30Z,2026-05-13T00:12:51Z,2026-05-13T10:00:44Z
1204,2406,11,TerminalFleet,TRK000000002406,delivered,,,9.86,2026-05-07T15:46:28Z,2026-05-11T17:40:56Z,2026-05-13T10:00:44Z
1205,2411,1,PortRoute Express,TRK000000002411,in_transit,,,25,2026-05-05T17:01:48Z,,2026-05-13T10:00:44Z
1206,2412,6,RoadRunner Freight,TRK000000002412,delivered,,,5.35,2026-05-10T09:40:49Z,2026-05-12T06:46:16Z,2026-05-13T10:00:44Z
1207,2413,11,MetroLine Fleet,TRK000000002413,delivered,,,12.06,2026-05-10T18:27:16Z,2026-05-13T00:33:32Z,2026-05-13T10:00:44Z
1208,2414,5,TerminalFleet,TRK000000002414,delivered,,,17.9,2026-05-11T07:16:37Z,2026-05-11T22:30:23Z,2026-05-13T10:00:44Z
1209,2419,3,PortRoute Express,TRK000000002419,in_transit,,,11.69,2026-05-10T20:23:33Z,,2026-05-13T10:00:44Z
1210,2420,12,RoadRunner Freight,TRK000000002420,delivered,,,21.2,2026-05-10T12:41:09Z,2026-05-13T03:28:57Z,2026-05-13T10:00:44Z
1211,2421,9,MetroLine Fleet,TRK000000002421,delivered,,,7.74,2026-05-05T04:01:04Z,2026-05-12T04:55:27Z,2026-05-13T10:00:44Z
1212,2422,3,TerminalFleet,TRK000000002422,delivered,,,9.78,2026-05-08T04:26:16Z,2026-05-12T12:37:57Z,2026-05-13T10:00:44Z
1213,2427,3,PortRoute Express,TRK000000002427,in_transit,,,13.25,2026-05-07T03:25:57Z,,2026-05-13T10:00:44Z
1214,2428,3,RoadRunner Freight,TRK000000002428,delivered,,,13.05,2026-05-04T09:06:12Z,2026-05-13T04:43:33Z,2026-05-13T10:00:44Z
1215,2429,4,MetroLine Fleet,TRK000000002429,delivered,,,15.22,2026-05-04T09:16:11Z,2026-05-12T12:01:39Z,2026-05-13T10:00:44Z
1216,2430,2,TerminalFleet,TRK000000002430,delivered,,,19.14,2026-05-08T22:19:37Z,2026-05-13T01:01:16Z,2026-05-13T10:00:44Z
1217,2435,7,PortRoute Express,TRK000000002435,in_transit,,,13.1,2026-05-07T16:54:25Z,,2026-05-13T10:00:44Z
1218,2436,1,RoadRunner Freight,TRK000000002436,delivered,,,17.18,2026-05-07T12:18:00Z,2026-05-13T06:18:45Z,2026-05-13T10:00:44Z
1219,2437,3,MetroLine Fleet,TRK000000002437,delivered,,,16.27,2026-05-06T15:03:09Z,2026-05-11T18:17:41Z,2026-05-13T10:00:44Z
1220,2438,12,TerminalFleet,TRK000000002438,delivered,,,6.59,2026-05-06T00:33:43Z,2026-05-12T15:38:13Z,2026-05-13T10:00:44Z
1221,2443,10,PortRoute Express,TRK000000002443,in_transit,,,10.38,2026-05-11T02:28:00Z,,2026-05-13T10:00:44Z
1222,2444,11,RoadRunner Freight,TRK000000002444,delivered,,,22.65,2026-05-07T23:53:52Z,2026-05-11T18:46:20Z,2026-05-13T10:00:44Z
1223,2445,11,MetroLine Fleet,TRK000000002445,delivered,,,23.02,2026-05-09T12:24:11Z,2026-05-12T19:52:50Z,2026-05-13T10:00:44Z
1224,2446,7,TerminalFleet,TRK000000002446,delivered,,,14.16,2026-05-03T20:24:35Z,2026-05-13T04:48:44Z,2026-05-13T10:00:44Z
1225,2451,6,PortRoute Express,TRK000000002451,in_transit,,,24.17,2026-05-12T01:52:02Z,,2026-05-13T10:00:44Z
1226,2452,2,RoadRunner Freight,TRK000000002452,delivered,,,20.54,2026-05-03T23:17:39Z,2026-05-12T07:19:21Z,2026-05-13T10:00:44Z
1227,2453,4,MetroLine Fleet,TRK000000002453,delivered,,,9.42,2026-05-05T05:50:51Z,2026-05-11T16:20:41Z,2026-05-13T10:00:44Z
1228,2454,12,TerminalFleet,TRK000000002454,delivered,,,16.56,2026-05-12T07:55:50Z,2026-05-13T00:44:39Z,2026-05-13T10:00:44Z
1229,2459,6,PortRoute Express,TRK000000002459,in_transit,,,10.11,2026-05-11T13:18:37Z,,2026-05-13T10:00:44Z
1230,2460,1,RoadRunner Freight,TRK000000002460,delivered,,,7.18,2026-05-09T19:30:14Z,2026-05-12T14:15:38Z,2026-05-13T10:00:44Z
1231,2461,10,MetroLine Fleet,TRK000000002461,delivered,,,21.93,2026-05-08T05:00:10Z,2026-05-11T11:28:23Z,2026-05-13T10:00:44Z
1232,2462,3,TerminalFleet,TRK000000002462,delivered,,,7.09,2026-05-11T04:14:18Z,2026-05-12T17:53:50Z,2026-05-13T10:00:44Z
1233,2467,11,PortRoute Express,TRK000000002467,in_transit,,,11.65,2026-05-06T22:21:23Z,,2026-05-13T10:00:44Z
1234,2468,5,RoadRunner Freight,TRK000000002468,delivered,,,11.38,2026-05-07T09:20:46Z,2026-05-11T21:04:06Z,2026-05-13T10:00:44Z
1235,2469,1,MetroLine Fleet,TRK000000002469,delivered,,,19.19,2026-05-04T09:22:42Z,2026-05-11T15:50:30Z,2026-05-13T10:00:44Z
1236,2470,6,TerminalFleet,TRK000000002470,delivered,,,9.16,2026-05-11T22:14:00Z,2026-05-12T02:48:31Z,2026-05-13T10:00:44Z
1237,2475,7,PortRoute Express,TRK000000002475,in_transit,,,18.57,2026-05-09T10:07:05Z,,2026-05-13T10:00:44Z
1238,2476,11,RoadRunner Freight,TRK000000002476,delivered,,,13.6,2026-05-08T07:00:05Z,2026-05-11T11:47:14Z,2026-05-13T10:00:44Z
1239,2477,10,MetroLine Fleet,TRK000000002477,delivered,,,23.91,2026-05-12T01:10:46Z,2026-05-12T02:10:46Z,2026-05-13T10:00:44Z
1240,2478,11,TerminalFleet,TRK000000002478,delivered,,,17.4,2026-05-09T00:25:18Z,2026-05-12T17:19:09Z,2026-05-13T10:00:44Z
1241,2483,6,PortRoute Express,TRK000000002483,in_transit,,,11,2026-05-09T20:45:59Z,,2026-05-13T10:00:44Z
1242,2484,6,RoadRunner Freight,TRK000000002484,delivered,,,15.28,2026-05-03T10:18:05Z,2026-05-12T09:40:01Z,2026-05-13T10:00:44Z
1243,2485,7,MetroLine Fleet,TRK000000002485,delivered,,,10.07,2026-05-10T03:37:01Z,2026-05-12T16:16:14Z,2026-05-13T10:00:44Z
1244,2486,7,TerminalFleet,TRK000000002486,delivered,,,13.68,2026-05-09T05:26:03Z,2026-05-12T10:19:44Z,2026-05-13T10:00:44Z
1245,2491,4,PortRoute Express,TRK000000002491,in_transit,,,24.88,2026-05-09T01:02:55Z,,2026-05-13T10:00:44Z
1246,2492,12,RoadRunner Freight,TRK000000002492,delivered,,,12.4,2026-05-05T13:58:36Z,2026-05-12T20:38:44Z,2026-05-13T10:00:44Z
1247,2493,8,MetroLine Fleet,TRK000000002493,delivered,,,10.96,2026-05-10T11:05:58Z,2026-05-11T19:26:15Z,2026-05-13T10:00:44Z
1248,2494,10,TerminalFleet,TRK000000002494,delivered,,,17.01,2026-05-04T11:53:10Z,2026-05-11T18:47:42Z,2026-05-13T10:00:44Z
1249,2499,2,PortRoute Express,TRK000000002499,in_transit,,,7.65,2026-05-09T09:23:16Z,,2026-05-13T10:00:44Z
1250,2500,4,RoadRunner Freight,TRK000000002500,delivered,,,20.66,2026-05-04T19:36:35Z,2026-05-13T02:02:47Z,2026-05-13T10:00:44Z
1251,2501,12,MetroLine Fleet,TRK000000002501,delivered,,,7.07,2026-05-09T01:11:27Z,2026-05-13T09:31:50Z,2026-05-13T10:00:44Z
1252,2502,7,TerminalFleet,TRK000000002502,delivered,,,13,2026-05-09T18:03:27Z,2026-05-12T22:20:44Z,2026-05-13T10:00:44Z
1253,2507,1,PortRoute Express,TRK000000002507,in_transit,,,5.03,2026-05-09T08:05:27Z,,2026-05-13T10:00:44Z
1254,2508,3,RoadRunner Freight,TRK000000002508,delivered,,,10.2,2026-05-12T06:33:02Z,2026-05-12T20:08:53Z,2026-05-13T10:00:44Z
1255,2509,5,MetroLine Fleet,TRK000000002509,delivered,,,16.23,2026-05-05T00:07:24Z,2026-05-12T22:49:39Z,2026-05-13T10:00:44Z
1256,2510,7,TerminalFleet,TRK000000002510,delivered,,,16.12,2026-05-03T21:36:51Z,2026-05-13T07:01:01Z,2026-05-13T10:00:44Z
1257,2515,3,PortRoute Express,TRK000000002515,in_transit,,,19.98,2026-05-09T23:08:44Z,,2026-05-13T10:00:44Z
1258,2516,2,RoadRunner Freight,TRK000000002516,delivered,,,20.42,2026-05-06T19:44:19Z,2026-05-12T11:39:08Z,2026-05-13T10:00:44Z
1259,2517,9,MetroLine Fleet,TRK000000002517,delivered,,,12.26,2026-05-11T13:44:44Z,2026-05-11T15:40:27Z,2026-05-13T10:00:44Z
1260,2518,12,TerminalFleet,TRK000000002518,delivered,,,5.92,2026-05-06T03:48:55Z,2026-05-12T07:35:43Z,2026-05-13T10:00:44Z
1261,2523,8,PortRoute Express,TRK000000002523,in_transit,,,20.79,2026-05-12T02:16:00Z,,2026-05-13T10:00:44Z
1262,2524,3,RoadRunner Freight,TRK000000002524,delivered,,,24.79,2026-05-06T09:23:40Z,2026-05-13T02:33:48Z,2026-05-13T10:00:44Z
1263,2525,9,MetroLine Fleet,TRK000000002525,delivered,,,12.91,2026-05-05T03:13:26Z,2026-05-12T11:42:13Z,2026-05-13T10:00:44Z
1264,2526,1,TerminalFleet,TRK000000002526,delivered,,,24.55,2026-05-08T11:05:20Z,2026-05-11T12:33:25Z,2026-05-13T10:00:44Z
1265,2531,1,PortRoute Express,TRK000000002531,in_transit,,,7.38,2026-05-09T15:14:44Z,,2026-05-13T10:00:44Z
1266,2532,10,RoadRunner Freight,TRK000000002532,delivered,,,11.8,2026-05-08T23:41:06Z,2026-05-12T23:45:24Z,2026-05-13T10:00:44Z
1267,2533,7,MetroLine Fleet,TRK000000002533,delivered,,,6.71,2026-05-11T04:03:33Z,2026-05-11T14:59:47Z,2026-05-13T10:00:44Z
1268,2534,1,TerminalFleet,TRK000000002534,delivered,,,18.38,2026-05-08T03:53:35Z,2026-05-11T12:47:04Z,2026-05-13T10:00:44Z
1269,2539,9,PortRoute Express,TRK000000002539,in_transit,,,23.08,2026-05-04T13:57:15Z,,2026-05-13T10:00:44Z
1270,2540,7,RoadRunner Freight,TRK000000002540,delivered,,,11.59,2026-05-08T04:20:03Z,2026-05-12T01:40:17Z,2026-05-13T10:00:44Z
1271,2541,7,MetroLine Fleet,TRK000000002541,delivered,,,22.6,2026-05-10T12:25:34Z,2026-05-11T17:48:29Z,2026-05-13T10:00:44Z
1272,2542,5,TerminalFleet,TRK000000002542,delivered,,,10.6,2026-05-06T11:02:17Z,2026-05-12T04:34:26Z,2026-05-13T10:00:44Z
1273,2547,5,PortRoute Express,TRK000000002547,in_transit,,,7.45,2026-05-11T01:26:44Z,,2026-05-13T10:00:44Z
1274,2548,10,RoadRunner Freight,TRK000000002548,delivered,,,23.96,2026-05-09T19:26:23Z,2026-05-13T08:20:20Z,2026-05-13T10:00:44Z
1275,2549,5,MetroLine Fleet,TRK000000002549,delivered,,,12.4,2026-05-05T18:13:56Z,2026-05-12T01:56:28Z,2026-05-13T10:00:44Z
1276,2550,10,TerminalFleet,TRK000000002550,delivered,,,6.11,2026-05-04T15:27:10Z,2026-05-13T03:38:30Z,2026-05-13T10:00:44Z
1277,2555,6,PortRoute Express,TRK000000002555,in_transit,,,21.9,2026-05-05T23:47:44Z,,2026-05-13T10:00:44Z
1278,2556,4,RoadRunner Freight,TRK000000002556,delivered,,,20.75,2026-05-05T17:58:16Z,2026-05-12T21:24:04Z,2026-05-13T10:00:44Z
1279,2557,3,MetroLine Fleet,TRK000000002557,delivered,,,13.47,2026-05-10T17:50:10Z,2026-05-11T12:59:22Z,2026-05-13T10:00:44Z
1280,2558,5,TerminalFleet,TRK000000002558,delivered,,,9.72,2026-05-07T12:55:55Z,2026-05-12T19:46:48Z,2026-05-13T10:00:44Z
1281,2563,1,PortRoute Express,TRK000000002563,in_transit,,,14.99,2026-05-05T18:07:21Z,,2026-05-13T10:00:44Z
1282,2564,11,RoadRunner Freight,TRK000000002564,delivered,,,10.85,2026-05-07T03:59:53Z,2026-05-12T09:14:59Z,2026-05-13T10:00:44Z
1283,2565,4,MetroLine Fleet,TRK000000002565,delivered,,,24.81,2026-05-08T22:05:28Z,2026-05-11T20:34:58Z,2026-05-13T10:00:44Z
1284,2566,8,TerminalFleet,TRK000000002566,delivered,,,20.97,2026-05-04T04:34:50Z,2026-05-11T11:12:06Z,2026-05-13T10:00:44Z
1285,2571,9,PortRoute Express,TRK000000002571,in_transit,,,11.59,2026-05-07T08:57:59Z,,2026-05-13T10:00:44Z
1286,2572,8,RoadRunner Freight,TRK000000002572,delivered,,,6.76,2026-05-05T21:25:50Z,2026-05-11T17:35:57Z,2026-05-13T10:00:44Z
1287,2573,3,MetroLine Fleet,TRK000000002573,delivered,,,7.78,2026-05-09T13:17:52Z,2026-05-12T09:12:25Z,2026-05-13T10:00:44Z
1288,2574,12,TerminalFleet,TRK000000002574,delivered,,,13.43,2026-05-11T07:11:25Z,2026-05-12T13:50:31Z,2026-05-13T10:00:44Z
1289,2579,9,PortRoute Express,TRK000000002579,in_transit,,,14.85,2026-05-07T18:22:28Z,,2026-05-13T10:00:44Z
1290,2580,11,RoadRunner Freight,TRK000000002580,delivered,,,24.49,2026-05-08T15:12:51Z,2026-05-12T15:26:41Z,2026-05-13T10:00:44Z
1291,2581,10,MetroLine Fleet,TRK000000002581,delivered,,,5.08,2026-05-11T15:31:30Z,2026-05-13T03:14:36Z,2026-05-13T10:00:44Z
1292,2582,12,TerminalFleet,TRK000000002582,delivered,,,20.74,2026-05-11T06:30:19Z,2026-05-11T17:02:22Z,2026-05-13T10:00:44Z
1293,2587,3,PortRoute Express,TRK000000002587,in_transit,,,20.29,2026-05-03T11:03:56Z,,2026-05-13T10:00:44Z
1294,2588,2,RoadRunner Freight,TRK000000002588,delivered,,,6.41,2026-05-04T12:02:51Z,2026-05-12T21:09:54Z,2026-05-13T10:00:44Z
1295,2589,7,MetroLine Fleet,TRK000000002589,delivered,,,18.48,2026-05-06T08:04:32Z,2026-05-12T20:16:40Z,2026-05-13T10:00:44Z
1296,2590,9,TerminalFleet,TRK000000002590,delivered,,,20.21,2026-05-06T03:23:35Z,2026-05-11T22:55:55Z,2026-05-13T10:00:44Z
1297,2595,3,PortRoute Express,TRK000000002595,in_transit,,,17.04,2026-05-07T12:45:22Z,,2026-05-13T10:00:44Z
1298,2596,3,RoadRunner Freight,TRK000000002596,delivered,,,22.42,2026-05-03T19:39:27Z,2026-05-11T10:07:41Z,2026-05-13T10:00:44Z
1299,2597,8,MetroLine Fleet,TRK000000002597,delivered,,,17.5,2026-05-11T14:42:05Z,2026-05-12T16:09:13Z,2026-05-13T10:00:44Z
1300,2598,8,TerminalFleet,TRK000000002598,delivered,,,7.28,2026-05-08T12:35:23Z,2026-05-12T02:27:20Z,2026-05-13T10:00:44Z
1301,2603,12,PortRoute Express,TRK000000002603,in_transit,,,15.96,2026-05-10T08:32:30Z,,2026-05-13T10:00:44Z
1302,2604,3,RoadRunner Freight,TRK000000002604,delivered,,,12.23,2026-05-06T22:57:44Z,2026-05-12T11:40:15Z,2026-05-13T10:00:44Z
1303,2605,3,MetroLine Fleet,TRK000000002605,delivered,,,9.3,2026-05-07T02:23:45Z,2026-05-12T06:59:46Z,2026-05-13T10:00:44Z
1304,2606,3,TerminalFleet,TRK000000002606,delivered,,,10.06,2026-05-07T01:27:58Z,2026-05-11T18:35:17Z,2026-05-13T10:00:44Z
1305,2611,4,PortRoute Express,TRK000000002611,in_transit,,,6.79,2026-05-10T03:19:51Z,,2026-05-13T10:00:44Z
1306,2612,6,RoadRunner Freight,TRK000000002612,delivered,,,14.55,2026-05-09T01:14:14Z,2026-05-11T11:02:33Z,2026-05-13T10:00:44Z
1307,2613,6,MetroLine Fleet,TRK000000002613,delivered,,,24.67,2026-05-10T19:00:12Z,2026-05-11T21:11:45Z,2026-05-13T10:00:44Z
1308,2614,11,TerminalFleet,TRK000000002614,delivered,,,13.46,2026-05-05T19:43:20Z,2026-05-13T09:07:22Z,2026-05-13T10:00:44Z
1309,2619,3,PortRoute Express,TRK000000002619,in_transit,,,21.19,2026-05-05T16:59:28Z,,2026-05-13T10:00:44Z
1310,2620,1,RoadRunner Freight,TRK000000002620,delivered,,,19.45,2026-05-09T00:02:51Z,2026-05-11T11:18:04Z,2026-05-13T10:00:44Z
1311,2621,1,MetroLine Fleet,TRK000000002621,delivered,,,24.48,2026-05-07T15:18:39Z,2026-05-11T14:56:02Z,2026-05-13T10:00:44Z
1312,2622,1,TerminalFleet,TRK000000002622,delivered,,,13.93,2026-05-08T14:51:59Z,2026-05-11T19:55:00Z,2026-05-13T10:00:44Z
1313,2627,12,PortRoute Express,TRK000000002627,in_transit,,,12.46,2026-05-08T13:17:52Z,,2026-05-13T10:00:44Z
1314,2628,12,RoadRunner Freight,TRK000000002628,delivered,,,8.57,2026-05-08T07:42:30Z,2026-05-12T09:00:16Z,2026-05-13T10:00:44Z
1315,2629,8,MetroLine Fleet,TRK000000002629,delivered,,,8.49,2026-05-10T17:43:46Z,2026-05-12T14:02:59Z,2026-05-13T10:00:44Z
1316,2630,10,TerminalFleet,TRK000000002630,delivered,,,16.09,2026-05-06T21:25:30Z,2026-05-11T17:41:50Z,2026-05-13T10:00:44Z
1317,2635,1,PortRoute Express,TRK000000002635,in_transit,,,23.8,2026-05-08T19:45:16Z,,2026-05-13T10:00:44Z
1318,2636,6,RoadRunner Freight,TRK000000002636,delivered,,,21.51,2026-05-05T03:24:09Z,2026-05-12T11:36:01Z,2026-05-13T10:00:44Z
1319,2637,8,MetroLine Fleet,TRK000000002637,delivered,,,23.96,2026-05-07T07:17:33Z,2026-05-12T13:50:25Z,2026-05-13T10:00:44Z
1320,2638,5,TerminalFleet,TRK000000002638,delivered,,,17.38,2026-05-03T11:02:26Z,2026-05-12T03:40:21Z,2026-05-13T10:00:44Z
1321,2643,11,PortRoute Express,TRK000000002643,in_transit,,,6.61,2026-05-04T15:23:40Z,,2026-05-13T10:00:44Z
1322,2644,5,RoadRunner Freight,TRK000000002644,delivered,,,8.46,2026-05-05T02:21:02Z,2026-05-11T18:36:30Z,2026-05-13T10:00:44Z
1323,2645,1,MetroLine Fleet,TRK000000002645,delivered,,,20.75,2026-05-07T17:40:22Z,2026-05-13T08:29:37Z,2026-05-13T10:00:44Z
1324,2646,8,TerminalFleet,TRK000000002646,delivered,,,24.28,2026-05-10T02:22:33Z,2026-05-13T00:43:29Z,2026-05-13T10:00:44Z
1325,2651,12,PortRoute Express,TRK000000002651,in_transit,,,10.15,2026-05-10T01:51:30Z,,2026-05-13T10:00:44Z
1326,2652,3,RoadRunner Freight,TRK000000002652,delivered,,,15.06,2026-05-04T21:43:55Z,2026-05-13T02:07:35Z,2026-05-13T10:00:44Z
1327,2653,4,MetroLine Fleet,TRK000000002653,delivered,,,13.19,2026-05-09T17:09:27Z,2026-05-12T12:34:55Z,2026-05-13T10:00:44Z
1328,2654,8,TerminalFleet,TRK000000002654,delivered,,,13.92,2026-05-10T01:42:53Z,2026-05-13T02:36:19Z,2026-05-13T10:00:44Z
1329,2659,8,PortRoute Express,TRK000000002659,in_transit,,,23.1,2026-05-06T22:44:54Z,,2026-05-13T10:00:44Z
1330,2660,6,RoadRunner Freight,TRK000000002660,delivered,,,10.24,2026-05-09T13:36:15Z,2026-05-12T02:53:54Z,2026-05-13T10:00:44Z
1331,2661,7,MetroLine Fleet,TRK000000002661,delivered,,,18.02,2026-05-03T23:33:56Z,2026-05-11T23:38:07Z,2026-05-13T10:00:44Z
1332,2662,5,TerminalFleet,TRK000000002662,delivered,,,12.26,2026-05-04T20:10:52Z,2026-05-12T20:30:24Z,2026-05-13T10:00:44Z
1333,2667,6,PortRoute Express,TRK000000002667,in_transit,,,15.89,2026-05-11T21:48:11Z,,2026-05-13T10:00:44Z
1334,2668,11,RoadRunner Freight,TRK000000002668,delivered,,,19.33,2026-05-06T13:49:55Z,2026-05-12T05:00:17Z,2026-05-13T10:00:44Z
1335,2669,12,MetroLine Fleet,TRK000000002669,delivered,,,21.12,2026-05-09T13:45:14Z,2026-05-13T03:21:40Z,2026-05-13T10:00:44Z
1336,2670,12,TerminalFleet,TRK000000002670,delivered,,,22.32,2026-05-05T01:55:44Z,2026-05-11T22:35:55Z,2026-05-13T10:00:44Z
1337,2675,7,PortRoute Express,TRK000000002675,in_transit,,,17.79,2026-05-07T23:14:02Z,,2026-05-13T10:00:44Z
1338,2676,3,RoadRunner Freight,TRK000000002676,delivered,,,12.92,2026-05-07T22:16:13Z,2026-05-11T12:58:46Z,2026-05-13T10:00:44Z
1339,2677,1,MetroLine Fleet,TRK000000002677,delivered,,,9.17,2026-05-11T06:13:27Z,2026-05-13T04:52:25Z,2026-05-13T10:00:44Z
1340,2678,5,TerminalFleet,TRK000000002678,delivered,,,11.64,2026-05-11T21:18:19Z,2026-05-12T14:16:16Z,2026-05-13T10:00:44Z
1341,2683,12,PortRoute Express,TRK000000002683,in_transit,,,16.15,2026-05-09T11:33:44Z,,2026-05-13T10:00:44Z
1342,2684,9,RoadRunner Freight,TRK000000002684,delivered,,,17.15,2026-05-09T21:31:01Z,2026-05-11T11:30:20Z,2026-05-13T10:00:44Z
1343,2685,8,MetroLine Fleet,TRK000000002685,delivered,,,20.71,2026-05-04T15:59:33Z,2026-05-12T14:10:00Z,2026-05-13T10:00:44Z
1344,2686,5,TerminalFleet,TRK000000002686,delivered,,,12.04,2026-05-10T22:05:41Z,2026-05-12T02:02:43Z,2026-05-13T10:00:44Z
1345,2691,1,PortRoute Express,TRK000000002691,in_transit,,,16.17,2026-05-10T00:14:21Z,,2026-05-13T10:00:44Z
1346,2692,1,RoadRunner Freight,TRK000000002692,delivered,,,18.23,2026-05-05T17:08:27Z,2026-05-11T16:46:14Z,2026-05-13T10:00:44Z
1347,2693,9,MetroLine Fleet,TRK000000002693,delivered,,,19.48,2026-05-08T12:19:00Z,2026-05-12T20:09:09Z,2026-05-13T10:00:44Z
1348,2694,8,TerminalFleet,TRK000000002694,delivered,,,21.92,2026-05-05T06:35:30Z,2026-05-12T22:19:14Z,2026-05-13T10:00:44Z
1349,2699,3,PortRoute Express,TRK000000002699,in_transit,,,16.93,2026-05-10T06:39:47Z,,2026-05-13T10:00:44Z
1350,2700,5,RoadRunner Freight,TRK000000002700,delivered,,,12.13,2026-05-12T06:39:24Z,2026-05-13T01:03:20Z,2026-05-13T10:00:44Z
1351,2701,2,MetroLine Fleet,TRK000000002701,delivered,,,6.91,2026-05-05T21:00:52Z,2026-05-11T22:15:20Z,2026-05-13T10:00:44Z
1352,2702,9,TerminalFleet,TRK000000002702,delivered,,,12.3,2026-05-07T02:23:19Z,2026-05-11T12:03:02Z,2026-05-13T10:00:44Z
1353,2707,7,PortRoute Express,TRK000000002707,in_transit,,,9.45,2026-05-10T20:21:27Z,,2026-05-13T10:00:44Z
1354,2708,3,RoadRunner Freight,TRK000000002708,delivered,,,13.88,2026-05-12T03:39:28Z,2026-05-12T08:06:09Z,2026-05-13T10:00:44Z
1355,2709,7,MetroLine Fleet,TRK000000002709,delivered,,,17.15,2026-05-10T10:52:27Z,2026-05-11T22:00:18Z,2026-05-13T10:00:44Z
1356,2710,9,TerminalFleet,TRK000000002710,delivered,,,17.64,2026-05-11T11:37:31Z,2026-05-12T21:09:49Z,2026-05-13T10:00:44Z
1357,2715,2,PortRoute Express,TRK000000002715,in_transit,,,21.74,2026-05-11T12:20:02Z,,2026-05-13T10:00:44Z
1358,2716,11,RoadRunner Freight,TRK000000002716,delivered,,,19.37,2026-05-04T04:15:28Z,2026-05-12T18:13:39Z,2026-05-13T10:00:44Z
1359,2717,9,MetroLine Fleet,TRK000000002717,delivered,,,23.83,2026-05-09T02:37:55Z,2026-05-12T08:48:14Z,2026-05-13T10:00:44Z
1360,2718,7,TerminalFleet,TRK000000002718,delivered,,,16.6,2026-05-05T18:03:32Z,2026-05-12T23:58:42Z,2026-05-13T10:00:44Z
1361,2723,5,PortRoute Express,TRK000000002723,in_transit,,,10.31,2026-05-09T11:13:51Z,,2026-05-13T10:00:44Z
1362,2724,10,RoadRunner Freight,TRK000000002724,delivered,,,10.03,2026-05-09T10:08:23Z,2026-05-13T09:01:03Z,2026-05-13T10:00:44Z
1363,2725,7,MetroLine Fleet,TRK000000002725,delivered,,,24.75,2026-05-06T12:20:17Z,2026-05-12T08:06:47Z,2026-05-13T10:00:44Z
1364,2726,3,TerminalFleet,TRK000000002726,delivered,,,21.8,2026-05-09T01:55:29Z,2026-05-12T18:40:22Z,2026-05-13T10:00:44Z
1365,2731,1,PortRoute Express,TRK000000002731,in_transit,,,18.58,2026-05-04T17:54:13Z,,2026-05-13T10:00:44Z
1366,2732,2,RoadRunner Freight,TRK000000002732,delivered,,,24.57,2026-05-11T03:29:11Z,2026-05-11T22:44:11Z,2026-05-13T10:00:44Z
1367,2733,9,MetroLine Fleet,TRK000000002733,delivered,,,21.83,2026-05-03T15:39:35Z,2026-05-11T20:23:07Z,2026-05-13T10:00:44Z
1368,2734,7,TerminalFleet,TRK000000002734,delivered,,,17.35,2026-05-05T20:32:15Z,2026-05-12T05:59:17Z,2026-05-13T10:00:44Z
1369,2739,3,PortRoute Express,TRK000000002739,in_transit,,,21.3,2026-05-06T10:01:56Z,,2026-05-13T10:00:44Z
1370,2740,8,RoadRunner Freight,TRK000000002740,delivered,,,10.01,2026-05-04T22:11:15Z,2026-05-12T04:42:19Z,2026-05-13T10:00:44Z
1371,2741,4,MetroLine Fleet,TRK000000002741,delivered,,,17.46,2026-05-05T20:01:35Z,2026-05-13T03:38:05Z,2026-05-13T10:00:44Z
1372,2742,2,TerminalFleet,TRK000000002742,delivered,,,13.68,2026-05-03T12:54:18Z,2026-05-11T13:47:02Z,2026-05-13T10:00:44Z
1373,2747,4,PortRoute Express,TRK000000002747,in_transit,,,21.8,2026-05-06T23:00:34Z,,2026-05-13T10:00:44Z
1374,2748,2,RoadRunner Freight,TRK000000002748,delivered,,,15.68,2026-05-09T15:33:54Z,2026-05-12T03:03:35Z,2026-05-13T10:00:44Z
1375,2749,1,MetroLine Fleet,TRK000000002749,delivered,,,5.88,2026-05-06T02:22:17Z,2026-05-11T15:43:26Z,2026-05-13T10:00:44Z
1376,2750,3,TerminalFleet,TRK000000002750,delivered,,,20.7,2026-05-08T03:08:21Z,2026-05-13T03:13:57Z,2026-05-13T10:00:44Z
1377,2755,3,PortRoute Express,TRK000000002755,in_transit,,,22.22,2026-05-09T20:35:16Z,,2026-05-13T10:00:44Z
1378,2756,8,RoadRunner Freight,TRK000000002756,delivered,,,16.19,2026-05-10T05:51:34Z,2026-05-12T12:11:39Z,2026-05-13T10:00:44Z
1379,2757,3,MetroLine Fleet,TRK000000002757,delivered,,,18.58,2026-05-07T00:34:22Z,2026-05-11T15:31:33Z,2026-05-13T10:00:44Z
1380,2758,12,TerminalFleet,TRK000000002758,delivered,,,21.28,2026-05-09T12:04:43Z,2026-05-12T11:04:05Z,2026-05-13T10:00:44Z
1381,2763,6,PortRoute Express,TRK000000002763,in_transit,,,15.4,2026-05-08T08:24:43Z,,2026-05-13T10:00:44Z
1382,2764,7,RoadRunner Freight,TRK000000002764,delivered,,,17.24,2026-05-09T10:24:37Z,2026-05-11T11:43:14Z,2026-05-13T10:00:44Z
1383,2765,10,MetroLine Fleet,TRK000000002765,delivered,,,20.11,2026-05-04T04:24:45Z,2026-05-12T09:05:20Z,2026-05-13T10:00:44Z
1384,2766,11,TerminalFleet,TRK000000002766,delivered,,,20.83,2026-05-08T23:49:04Z,2026-05-11T17:19:42Z,2026-05-13T10:00:44Z
1385,2771,2,PortRoute Express,TRK000000002771,in_transit,,,8.73,2026-05-04T14:52:26Z,,2026-05-13T10:00:44Z
1386,2772,7,RoadRunner Freight,TRK000000002772,delivered,,,5.29,2026-05-11T23:28:46Z,2026-05-13T03:23:16Z,2026-05-13T10:00:44Z
1387,2773,1,MetroLine Fleet,TRK000000002773,delivered,,,6.51,2026-05-08T21:21:03Z,2026-05-12T06:36:56Z,2026-05-13T10:00:44Z
1388,2774,6,TerminalFleet,TRK000000002774,delivered,,,9.42,2026-05-11T20:43:02Z,2026-05-12T05:24:58Z,2026-05-13T10:00:44Z
1389,2779,12,PortRoute Express,TRK000000002779,in_transit,,,19.9,2026-05-05T20:08:14Z,,2026-05-13T10:00:44Z
1390,2780,5,RoadRunner Freight,TRK000000002780,delivered,,,22.11,2026-05-06T10:08:21Z,2026-05-13T05:10:02Z,2026-05-13T10:00:44Z
1391,2781,1,MetroLine Fleet,TRK000000002781,delivered,,,21.23,2026-05-06T07:38:01Z,2026-05-13T04:21:56Z,2026-05-13T10:00:44Z
1392,2782,10,TerminalFleet,TRK000000002782,delivered,,,12.97,2026-05-07T06:42:52Z,2026-05-12T16:28:28Z,2026-05-13T10:00:44Z
1393,2787,3,PortRoute Express,TRK000000002787,in_transit,,,10.46,2026-05-07T19:10:42Z,,2026-05-13T10:00:44Z
1394,2788,5,RoadRunner Freight,TRK000000002788,delivered,,,5.09,2026-05-11T13:34:20Z,2026-05-11T18:45:58Z,2026-05-13T10:00:44Z
1395,2789,11,MetroLine Fleet,TRK000000002789,delivered,,,12.26,2026-05-04T06:13:41Z,2026-05-12T04:43:55Z,2026-05-13T10:00:44Z
1396,2790,11,TerminalFleet,TRK000000002790,delivered,,,12.33,2026-05-11T13:28:28Z,2026-05-12T10:44:23Z,2026-05-13T10:00:44Z
1397,2795,8,PortRoute Express,TRK000000002795,in_transit,,,8.09,2026-05-04T14:58:06Z,,2026-05-13T10:00:44Z
1398,2796,2,RoadRunner Freight,TRK000000002796,delivered,,,9.84,2026-05-03T23:24:29Z,2026-05-12T05:34:36Z,2026-05-13T10:00:44Z
1399,2797,11,MetroLine Fleet,TRK000000002797,delivered,,,19.21,2026-05-09T00:52:33Z,2026-05-11T22:25:04Z,2026-05-13T10:00:44Z
1400,2798,9,TerminalFleet,TRK000000002798,delivered,,,7.46,2026-05-10T13:58:27Z,2026-05-11T16:02:00Z,2026-05-13T10:00:44Z
1401,2803,12,PortRoute Express,TRK000000002803,in_transit,,,8.16,2026-05-11T03:35:47Z,,2026-05-13T10:00:44Z
1402,2804,10,RoadRunner Freight,TRK000000002804,delivered,,,13.58,2026-05-11T15:28:38Z,2026-05-12T09:43:11Z,2026-05-13T10:00:44Z
1403,2805,12,MetroLine Fleet,TRK000000002805,delivered,,,6.08,2026-05-10T14:21:35Z,2026-05-13T00:35:51Z,2026-05-13T10:00:44Z
1404,2806,9,TerminalFleet,TRK000000002806,delivered,,,7.89,2026-05-11T16:47:35Z,2026-05-11T23:00:51Z,2026-05-13T10:00:44Z
1405,2811,11,PortRoute Express,TRK000000002811,in_transit,,,14,2026-05-04T03:28:03Z,,2026-05-13T10:00:44Z
1406,2812,2,RoadRunner Freight,TRK000000002812,delivered,,,8.39,2026-05-10T04:11:22Z,2026-05-12T08:52:38Z,2026-05-13T10:00:44Z
1407,2813,3,MetroLine Fleet,TRK000000002813,delivered,,,18.73,2026-05-08T02:32:09Z,2026-05-11T11:12:10Z,2026-05-13T10:00:44Z
1408,2814,1,TerminalFleet,TRK000000002814,delivered,,,6.35,2026-05-08T12:09:07Z,2026-05-13T04:46:29Z,2026-05-13T10:00:44Z
1409,2819,3,PortRoute Express,TRK000000002819,in_transit,,,23.69,2026-05-06T22:19:39Z,,2026-05-13T10:00:44Z
1410,2820,4,RoadRunner Freight,TRK000000002820,delivered,,,20.92,2026-05-04T13:03:31Z,2026-05-12T15:31:57Z,2026-05-13T10:00:44Z
1411,2821,11,MetroLine Fleet,TRK000000002821,delivered,,,18.71,2026-05-04T09:25:25Z,2026-05-12T16:28:31Z,2026-05-13T10:00:44Z
1412,2822,2,TerminalFleet,TRK000000002822,delivered,,,22.34,2026-05-04T15:45:05Z,2026-05-11T11:51:11Z,2026-05-13T10:00:44Z
1413,2827,5,PortRoute Express,TRK000000002827,in_transit,,,7.32,2026-05-12T06:39:03Z,,2026-05-13T10:00:44Z
1414,2828,8,RoadRunner Freight,TRK000000002828,delivered,,,5.2,2026-05-08T03:22:11Z,2026-05-12T10:04:14Z,2026-05-13T10:00:44Z
1415,2829,9,MetroLine Fleet,TRK000000002829,delivered,,,18.08,2026-05-11T15:45:44Z,2026-05-11T15:50:53Z,2026-05-13T10:00:44Z
1416,2830,4,TerminalFleet,TRK000000002830,delivered,,,7.41,2026-05-09T08:57:49Z,2026-05-12T23:47:04Z,2026-05-13T10:00:44Z
1417,2835,9,PortRoute Express,TRK000000002835,in_transit,,,20.22,2026-05-04T21:09:01Z,,2026-05-13T10:00:44Z
1418,2836,7,RoadRunner Freight,TRK000000002836,delivered,,,8.68,2026-05-05T06:30:04Z,2026-05-11T11:45:21Z,2026-05-13T10:00:44Z
1419,2837,5,MetroLine Fleet,TRK000000002837,delivered,,,5.03,2026-05-12T05:20:52Z,2026-05-12T15:42:52Z,2026-05-13T10:00:44Z
1420,2838,10,TerminalFleet,TRK000000002838,delivered,,,22.49,2026-05-06T01:52:33Z,2026-05-12T02:51:41Z,2026-05-13T10:00:44Z
1421,2843,6,PortRoute Express,TRK000000002843,in_transit,,,5.3,2026-05-11T05:21:28Z,,2026-05-13T10:00:44Z
1422,2844,12,RoadRunner Freight,TRK000000002844,delivered,,,12.87,2026-05-05T10:53:04Z,2026-05-12T15:19:08Z,2026-05-13T10:00:44Z
1423,2845,7,MetroLine Fleet,TRK000000002845,delivered,,,11.87,2026-05-08T22:25:05Z,2026-05-13T07:12:54Z,2026-05-13T10:00:44Z
1424,2846,5,TerminalFleet,TRK000000002846,delivered,,,18.25,2026-05-04T07:23:26Z,2026-05-11T13:29:28Z,2026-05-13T10:00:44Z
1425,2851,2,PortRoute Express,TRK000000002851,in_transit,,,6.59,2026-05-10T20:33:15Z,,2026-05-13T10:00:44Z
1426,2852,5,RoadRunner Freight,TRK000000002852,delivered,,,16.4,2026-05-09T00:48:27Z,2026-05-12T19:52:41Z,2026-05-13T10:00:44Z
1427,2853,5,MetroLine Fleet,TRK000000002853,delivered,,,14.47,2026-05-08T02:51:03Z,2026-05-13T08:23:40Z,2026-05-13T10:00:44Z
1428,2854,12,TerminalFleet,TRK000000002854,delivered,,,23.21,2026-05-07T18:26:33Z,2026-05-13T09:41:47Z,2026-05-13T10:00:44Z
1429,2859,3,PortRoute Express,TRK000000002859,in_transit,,,9.15,2026-05-06T23:26:27Z,,2026-05-13T10:00:44Z
1430,2860,4,RoadRunner Freight,TRK000000002860,delivered,,,13.8,2026-05-06T23:39:50Z,2026-05-12T01:47:42Z,2026-05-13T10:00:44Z
1431,2861,7,MetroLine Fleet,TRK000000002861,delivered,,,6.71,2026-05-05T18:44:02Z,2026-05-12T14:32:42Z,2026-05-13T10:00:44Z
1432,2862,7,TerminalFleet,TRK000000002862,delivered,,,15.46,2026-05-04T00:12:23Z,2026-05-11T20:11:30Z,2026-05-13T10:00:44Z
1433,2867,4,PortRoute Express,TRK000000002867,in_transit,,,17.55,2026-05-03T18:53:45Z,,2026-05-13T10:00:44Z
1434,2868,10,RoadRunner Freight,TRK000000002868,delivered,,,17.21,2026-05-09T11:20:44Z,2026-05-12T19:14:25Z,2026-05-13T10:00:44Z
1435,2869,1,MetroLine Fleet,TRK000000002869,delivered,,,8.46,2026-05-06T23:48:19Z,2026-05-13T04:22:18Z,2026-05-13T10:00:44Z
1436,2870,5,TerminalFleet,TRK000000002870,delivered,,,8.64,2026-05-09T00:10:56Z,2026-05-11T14:46:40Z,2026-05-13T10:00:44Z
1437,2875,11,PortRoute Express,TRK000000002875,in_transit,,,10.01,2026-05-09T20:50:57Z,,2026-05-13T10:00:44Z
1438,2876,1,RoadRunner Freight,TRK000000002876,delivered,,,11.1,2026-05-09T04:17:07Z,2026-05-13T02:27:44Z,2026-05-13T10:00:44Z
1439,2877,7,MetroLine Fleet,TRK000000002877,delivered,,,16.85,2026-05-10T19:36:57Z,2026-05-12T03:55:07Z,2026-05-13T10:00:44Z
1440,2878,1,TerminalFleet,TRK000000002878,delivered,,,19.6,2026-05-11T17:22:54Z,2026-05-13T05:01:58Z,2026-05-13T10:00:44Z
1441,2883,9,PortRoute Express,TRK000000002883,in_transit,,,16.82,2026-05-10T07:49:57Z,,2026-05-13T10:00:44Z
1442,2884,1,RoadRunner Freight,TRK000000002884,delivered,,,19.02,2026-05-12T07:26:51Z,2026-05-12T19:17:35Z,2026-05-13T10:00:44Z
1443,2885,1,MetroLine Fleet,TRK000000002885,delivered,,,19.06,2026-05-05T12:01:07Z,2026-05-11T16:35:05Z,2026-05-13T10:00:44Z
1444,2886,6,TerminalFleet,TRK000000002886,delivered,,,17.94,2026-05-07T04:27:42Z,2026-05-13T05:49:03Z,2026-05-13T10:00:44Z
1445,2891,9,PortRoute Express,TRK000000002891,in_transit,,,23.01,2026-05-06T13:50:20Z,,2026-05-13T10:00:44Z
1446,2892,8,RoadRunner Freight,TRK000000002892,delivered,,,10.58,2026-05-10T14:57:36Z,2026-05-13T07:54:52Z,2026-05-13T10:00:44Z
1447,2893,9,MetroLine Fleet,TRK000000002893,delivered,,,10.69,2026-05-09T02:58:51Z,2026-05-13T03:56:08Z,2026-05-13T10:00:44Z
1448,2894,12,TerminalFleet,TRK000000002894,delivered,,,7.24,2026-05-06T11:08:03Z,2026-05-12T00:34:16Z,2026-05-13T10:00:44Z
1449,2899,8,PortRoute Express,TRK000000002899,in_transit,,,7.45,2026-05-09T13:49:21Z,,2026-05-13T10:00:44Z
1450,2900,7,RoadRunner Freight,TRK000000002900,delivered,,,10.32,2026-05-05T13:57:21Z,2026-05-12T20:36:18Z,2026-05-13T10:00:44Z
1451,2901,8,MetroLine Fleet,TRK000000002901,delivered,,,9.04,2026-05-07T14:21:13Z,2026-05-11T14:28:31Z,2026-05-13T10:00:44Z
1452,2902,9,TerminalFleet,TRK000000002902,delivered,,,15.92,2026-05-08T09:37:39Z,2026-05-12T09:48:09Z,2026-05-13T10:00:44Z
1453,2907,3,PortRoute Express,TRK000000002907,in_transit,,,17.61,2026-05-10T13:56:04Z,,2026-05-13T10:00:44Z
1454,2908,1,RoadRunner Freight,TRK000000002908,delivered,,,16.73,2026-05-08T20:48:47Z,2026-05-11T14:42:08Z,2026-05-13T10:00:44Z
1455,2909,12,MetroLine Fleet,TRK000000002909,delivered,,,14.18,2026-05-09T03:37:41Z,2026-05-12T22:59:31Z,2026-05-13T10:00:44Z
1456,2910,12,TerminalFleet,TRK000000002910,delivered,,,15.28,2026-05-10T22:35:24Z,2026-05-11T16:20:17Z,2026-05-13T10:00:44Z
1457,2915,11,PortRoute Express,TRK000000002915,in_transit,,,16.08,2026-05-05T22:58:08Z,,2026-05-13T10:00:44Z
1458,2916,3,RoadRunner Freight,TRK000000002916,delivered,,,6.11,2026-05-06T07:43:23Z,2026-05-12T11:07:40Z,2026-05-13T10:00:44Z
1459,2917,3,MetroLine Fleet,TRK000000002917,delivered,,,14.26,2026-05-05T06:19:55Z,2026-05-11T22:54:03Z,2026-05-13T10:00:44Z
1460,2918,2,TerminalFleet,TRK000000002918,delivered,,,6.34,2026-05-03T22:15:24Z,2026-05-13T04:25:23Z,2026-05-13T10:00:44Z
1461,2923,8,PortRoute Express,TRK000000002923,in_transit,,,24.21,2026-05-09T08:43:19Z,,2026-05-13T10:00:44Z
1462,2924,3,RoadRunner Freight,TRK000000002924,delivered,,,24.58,2026-05-08T18:31:51Z,2026-05-12T07:36:00Z,2026-05-13T10:00:44Z
1463,2925,3,MetroLine Fleet,TRK000000002925,delivered,,,19.58,2026-05-09T10:08:45Z,2026-05-12T22:19:29Z,2026-05-13T10:00:44Z
1464,2926,2,TerminalFleet,TRK000000002926,delivered,,,10.14,2026-05-05T06:49:43Z,2026-05-12T08:51:32Z,2026-05-13T10:00:44Z
1465,2931,12,PortRoute Express,TRK000000002931,in_transit,,,15.95,2026-05-09T20:48:25Z,,2026-05-13T10:00:44Z
1466,2932,6,RoadRunner Freight,TRK000000002932,delivered,,,5.24,2026-05-03T18:43:55Z,2026-05-12T17:20:51Z,2026-05-13T10:00:44Z
1467,2933,5,MetroLine Fleet,TRK000000002933,delivered,,,6.08,2026-05-09T12:55:10Z,2026-05-12T03:30:41Z,2026-05-13T10:00:44Z
1468,2934,4,TerminalFleet,TRK000000002934,delivered,,,14.74,2026-05-12T09:56:53Z,2026-05-12T19:44:57Z,2026-05-13T10:00:44Z
1469,2939,10,PortRoute Express,TRK000000002939,in_transit,,,14.9,2026-05-09T01:54:56Z,,2026-05-13T10:00:44Z
1470,2940,10,RoadRunner Freight,TRK000000002940,delivered,,,17.18,2026-05-09T06:44:30Z,2026-05-11T18:23:38Z,2026-05-13T10:00:44Z
1471,2941,6,MetroLine Fleet,TRK000000002941,delivered,,,21.63,2026-05-04T04:22:08Z,2026-05-12T21:29:07Z,2026-05-13T10:00:44Z
1472,2942,1,TerminalFleet,TRK000000002942,delivered,,,22.66,2026-05-04T18:22:02Z,2026-05-12T04:44:09Z,2026-05-13T10:00:44Z
1473,2947,11,PortRoute Express,TRK000000002947,in_transit,,,23.71,2026-05-07T10:46:27Z,,2026-05-13T10:00:44Z
1474,2948,12,RoadRunner Freight,TRK000000002948,delivered,,,18.11,2026-05-10T15:10:51Z,2026-05-11T20:24:09Z,2026-05-13T10:00:44Z
1475,2949,9,MetroLine Fleet,TRK000000002949,delivered,,,20.88,2026-05-06T14:15:04Z,2026-05-11T18:27:38Z,2026-05-13T10:00:44Z
1476,2950,5,TerminalFleet,TRK000000002950,delivered,,,10.5,2026-05-11T17:06:18Z,2026-05-12T07:44:18Z,2026-05-13T10:00:44Z
1477,2955,3,PortRoute Express,TRK000000002955,in_transit,,,10.79,2026-05-04T14:21:40Z,,2026-05-13T10:00:44Z
1478,2956,6,RoadRunner Freight,TRK000000002956,delivered,,,9.13,2026-05-11T02:22:21Z,2026-05-11T21:19:12Z,2026-05-13T10:00:44Z
1479,2957,11,MetroLine Fleet,TRK000000002957,delivered,,,6.47,2026-05-08T03:48:31Z,2026-05-12T06:12:37Z,2026-05-13T10:00:44Z
1480,2958,10,TerminalFleet,TRK000000002958,delivered,,,13.72,2026-05-10T06:54:36Z,2026-05-12T19:14:07Z,2026-05-13T10:00:44Z
1481,2963,11,PortRoute Express,TRK000000002963,in_transit,,,10.31,2026-05-04T14:44:26Z,,2026-05-13T10:00:44Z
1482,2964,1,RoadRunner Freight,TRK000000002964,delivered,,,23.85,2026-05-07T02:21:08Z,2026-05-11T17:41:57Z,2026-05-13T10:00:44Z
1483,2965,10,MetroLine Fleet,TRK000000002965,delivered,,,19.15,2026-05-11T21:38:03Z,2026-05-12T15:48:25Z,2026-05-13T10:00:44Z
1484,2966,4,TerminalFleet,TRK000000002966,delivered,,,13.75,2026-05-04T08:45:34Z,2026-05-12T15:41:49Z,2026-05-13T10:00:44Z
1485,2971,7,PortRoute Express,TRK000000002971,in_transit,,,14.95,2026-05-10T12:41:50Z,,2026-05-13T10:00:44Z
1486,2972,7,RoadRunner Freight,TRK000000002972,delivered,,,12.2,2026-05-08T00:10:44Z,2026-05-13T02:23:43Z,2026-05-13T10:00:44Z
1487,2973,4,MetroLine Fleet,TRK000000002973,delivered,,,20.64,2026-05-05T20:31:20Z,2026-05-12T03:29:50Z,2026-05-13T10:00:44Z
1488,2974,1,TerminalFleet,TRK000000002974,delivered,,,10.03,2026-05-05T18:35:44Z,2026-05-13T09:33:54Z,2026-05-13T10:00:44Z
1489,2979,8,PortRoute Express,TRK000000002979,in_transit,,,19.93,2026-05-04T11:22:00Z,,2026-05-13T10:00:44Z
1490,2980,4,RoadRunner Freight,TRK000000002980,delivered,,,11.34,2026-05-07T07:59:53Z,2026-05-13T07:45:34Z,2026-05-13T10:00:44Z
1491,2981,11,MetroLine Fleet,TRK000000002981,delivered,,,5.83,2026-05-08T00:36:20Z,2026-05-12T16:18:00Z,2026-05-13T10:00:44Z
1492,2982,5,TerminalFleet,TRK000000002982,delivered,,,8.16,2026-05-08T05:59:14Z,2026-05-12T04:27:52Z,2026-05-13T10:00:44Z
1493,2987,7,PortRoute Express,TRK000000002987,in_transit,,,7.47,2026-05-06T16:40:49Z,,2026-05-13T10:00:44Z
1494,2988,7,RoadRunner Freight,TRK000000002988,delivered,,,20.95,2026-05-04T17:06:59Z,2026-05-11T11:08:22Z,2026-05-13T10:00:44Z
1495,2989,2,MetroLine Fleet,TRK000000002989,delivered,,,5.52,2026-05-07T13:53:23Z,2026-05-13T09:59:25Z,2026-05-13T10:00:44Z
1496,2990,6,TerminalFleet,TRK000000002990,delivered,,,17.1,2026-05-09T01:38:37Z,2026-05-12T04:51:41Z,2026-05-13T10:00:44Z
1497,2995,10,PortRoute Express,TRK000000002995,in_transit,,,9.84,2026-05-10T12:09:59Z,,2026-05-13T10:00:44Z
1498,2996,1,RoadRunner Freight,TRK000000002996,delivered,,,19.65,2026-05-05T00:34:44Z,2026-05-12T09:52:29Z,2026-05-13T10:00:44Z
1499,2997,9,MetroLine Fleet,TRK000000002997,delivered,,,24.51,2026-05-05T22:37:41Z,2026-05-11T23:06:38Z,2026-05-13T10:00:44Z
1500,2998,7,TerminalFleet,TRK000000002998,delivered,,,20.37,2026-05-10T15:58:06Z,2026-05-12T02:27:31Z,2026-05-13T10:00:44Z
