shipment_id,order_id,center_id,carrier,tracking_number,ship_status,distance_km,estimated_hours,ship_cost,shipped_at,delivered_at,created_at
1,1,1,Oracle Logistics Cloud,HTR00000001,preparing,241,42.6,196.3,2026-05-05T13:30:00Z,,2026-05-05T12:30:00Z
2,2,6,Silicon Route Express,HTR00000002,packed,1058,6.4,402.2,2026-05-05T13:30:00Z,,2026-05-05T12:30:00Z
3,3,11,FabLine Freight,HTR00000003,shipped,2574,64.2,242.86,2026-05-05T13:30:00Z,,2026-05-05T12:30:00Z
4,4,4,ChannelFlow Priority,HTR00000004,delivered,1053,53.2,69.74,2026-05-05T13:30:00Z,2026-05-05T14:30:00Z,2026-05-05T12:30:00Z
5,5,9,Oracle Logistics Cloud,HTR00000005,out_for_delivery,966,12.8,89.74,2026-05-05T13:30:00Z,,2026-05-05T12:30:00Z
6,6,2,Silicon Route Express,HTR00000006,preparing,1146,51,75.55,2026-05-05T13:30:00Z,,2026-05-05T12:30:00Z
7,7,7,FabLine Freight,HTR00000007,packed,2078,30.4,331.4,2026-05-05T13:30:00Z,,2026-05-05T12:30:00Z
8,8,12,ChannelFlow Priority,HTR00000008,shipped,877,11.2,298.15,2026-05-05T13:30:00Z,,2026-05-05T12:30:00Z
9,9,5,Oracle Logistics Cloud,HTR00000009,in_transit,2611,56.2,265.37,2026-05-05T13:30:00Z,,2026-05-05T12:30:00Z
10,10,10,Silicon Route Express,HTR00000010,out_for_delivery,1329,22.1,130.24,2026-05-05T13:30:00Z,,2026-05-05T12:30:00Z
11,11,3,FabLine Freight,HTR00000011,preparing,314,40.6,180.31,2026-05-05T13:30:00Z,,2026-05-05T12:30:00Z
12,12,8,ChannelFlow Priority,HTR00000012,delivered,2465,31.1,247.8,2026-05-05T13:30:00Z,2026-05-05T14:30:00Z,2026-05-05T12:30:00Z
13,13,1,Oracle Logistics Cloud,HTR00000013,shipped,1785,45.4,366.22,2026-05-05T13:30:00Z,,2026-05-05T12:30:00Z
14,14,6,Silicon Route Express,HTR00000014,in_transit,2318,52.3,271.69,2026-05-05T13:30:00Z,,2026-05-05T12:30:00Z
15,15,11,FabLine Freight,HTR00000015,out_for_delivery,1503,67.2,281.96,2026-05-05T13:30:00Z,,2026-05-05T12:30:00Z
16,16,4,ChannelFlow Priority,HTR00000016,preparing,719,63.9,423.92,2026-05-05T13:30:00Z,,2026-05-05T12:30:00Z
17,17,9,Oracle Logistics Cloud,HTR00000017,packed,2026,64.4,150.35,2026-05-05T13:30:00Z,,2026-05-05T12:30:00Z
18,18,2,Silicon Route Express,HTR00000018,shipped,1180,18.2,254.6,2026-05-05T13:30:00Z,,2026-05-05T12:30:00Z
19,19,7,FabLine Freight,HTR00000019,in_transit,595,20,58.99,2026-05-05T13:30:00Z,,2026-05-05T12:30:00Z
20,20,12,ChannelFlow Priority,HTR00000020,delivered,969,41.1,113.46,2026-05-05T13:30:00Z,2026-05-05T14:30:00Z,2026-05-05T12:30:00Z
21,21,5,Oracle Logistics Cloud,HTR00000021,preparing,304,56.4,164.46,2026-05-05T13:30:00Z,,2026-05-05T12:30:00Z
22,22,10,Silicon Route Express,HTR00000022,packed,2574,37.5,117.18,2026-05-05T13:30:00Z,,2026-05-05T12:30:00Z
23,23,3,FabLine Freight,HTR00000023,shipped,708,25.6,495.68,2026-05-05T13:30:00Z,,2026-05-05T12:30:00Z
24,24,8,ChannelFlow Priority,HTR00000024,in_transit,2546,67,45.3,2026-05-05T13:30:00Z,,2026-05-05T12:30:00Z
25,25,1,Oracle Logistics Cloud,HTR00000025,out_for_delivery,960,48.5,423.09,2026-05-05T13:30:00Z,,2026-05-05T12:30:00Z
26,26,6,Silicon Route Express,HTR00000026,preparing,779,5.9,304.87,2026-05-05T13:30:00Z,,2026-05-05T12:30:00Z
27,27,11,FabLine Freight,HTR00000027,packed,2142,47.9,177.75,2026-05-05T13:30:00Z,,2026-05-05T12:30:00Z
28,28,4,ChannelFlow Priority,HTR00000028,delivered,1485,62.4,227.42,2026-05-05T13:30:00Z,2026-05-05T14:30:00Z,2026-05-05T12:30:00Z
29,29,9,Oracle Logistics Cloud,HTR00000029,in_transit,681,30,145.58,2026-05-05T13:30:00Z,,2026-05-05T12:30:00Z
30,30,2,Silicon Route Express,HTR00000030,out_for_delivery,143,14.6,369.9,2026-05-05T13:30:00Z,,2026-05-05T12:30:00Z
31,31,7,FabLine Freight,HTR00000031,preparing,949,49.7,227.24,2026-05-05T13:30:00Z,,2026-05-05T12:30:00Z
32,32,12,ChannelFlow Priority,HTR00000032,packed,596,60.4,47.88,2026-05-05T13:30:00Z,,2026-05-05T12:30:00Z
33,33,5,Oracle Logistics Cloud,HTR00000033,shipped,529,9.9,268.92,2026-05-05T13:30:00Z,,2026-05-05T12:30:00Z
34,34,10,Silicon Route Express,HTR00000034,in_transit,533,13.4,372.24,2026-05-05T13:30:00Z,,2026-05-05T12:30:00Z
35,35,3,FabLine Freight,HTR00000035,out_for_delivery,1760,22.8,481.74,2026-05-05T13:30:00Z,,2026-05-05T12:30:00Z
36,36,8,ChannelFlow Priority,HTR00000036,delivered,134,42.8,488.78,2026-05-05T13:30:00Z,2026-05-05T14:30:00Z,2026-05-05T12:30:00Z
37,37,1,Oracle Logistics Cloud,HTR00000037,packed,1978,24.7,278.95,2026-05-05T13:30:00Z,,2026-05-05T12:30:00Z
38,38,6,Silicon Route Express,HTR00000038,shipped,2434,32.1,117.06,2026-05-05T13:30:00Z,,2026-05-05T12:30:00Z
39,39,11,FabLine Freight,HTR00000039,in_transit,1955,22.9,244.52,2026-05-05T13:30:00Z,,2026-05-05T12:30:00Z
40,40,4,ChannelFlow Priority,HTR00000040,out_for_delivery,1213,22.1,234.81,2026-05-05T13:30:00Z,,2026-05-05T12:30:00Z
41,41,9,Oracle Logistics Cloud,HTR00000041,preparing,82,17,197.67,2026-05-05T13:30:00Z,,2026-05-05T12:30:00Z
42,42,2,Silicon Route Express,HTR00000042,packed,2158,17.6,296.45,2026-05-05T13:30:00Z,,2026-05-05T12:30:00Z
43,43,7,FabLine Freight,HTR00000043,shipped,2161,9.9,206.34,2026-05-05T13:30:00Z,,2026-05-05T12:30:00Z
44,44,12,ChannelFlow Priority,HTR00000044,delivered,1930,28.9,149.46,2026-05-05T13:30:00Z,2026-05-05T14:30:00Z,2026-05-05T12:30:00Z
45,45,5,Oracle Logistics Cloud,HTR00000045,out_for_delivery,1133,6.1,282.3,2026-05-05T13:30:00Z,,2026-05-05T12:30:00Z
46,46,10,Silicon Route Express,HTR00000046,preparing,2438,12.4,309.61,2026-05-05T13:30:00Z,,2026-05-05T12:30:00Z
47,47,3,FabLine Freight,HTR00000047,packed,158,53.1,244.17,2026-05-05T13:30:00Z,,2026-05-05T12:30:00Z
48,48,8,ChannelFlow Priority,HTR00000048,shipped,2392,10.6,368.6,2026-05-05T13:30:00Z,,2026-05-05T12:30:00Z
49,49,1,Oracle Logistics Cloud,HTR00000049,in_transit,1916,9.7,184.01,2026-05-05T13:30:00Z,,2026-05-05T12:30:00Z
50,50,6,Silicon Route Express,HTR00000050,out_for_delivery,2318,63.2,417.96,2026-05-05T13:30:00Z,,2026-05-05T12:30:00Z
51,51,11,FabLine Freight,HTR00000051,preparing,2346,54.4,81.12,2026-05-05T13:30:00Z,,2026-05-05T12:30:00Z
52,52,4,ChannelFlow Priority,HTR00000052,delivered,918,53.6,335.85,2026-05-05T13:30:00Z,2026-05-05T14:30:00Z,2026-05-05T12:30:00Z
53,53,9,Oracle Logistics Cloud,HTR00000053,shipped,423,62.4,165.09,2026-05-05T13:30:00Z,,2026-05-05T12:30:00Z
54,54,2,Silicon Route Express,HTR00000054,in_transit,829,19.3,406.11,2026-05-05T13:30:00Z,,2026-05-05T12:30:00Z
55,55,7,FabLine Freight,HTR00000055,out_for_delivery,1596,72.7,36.6,2026-05-05T13:30:00Z,,2026-05-05T12:30:00Z
56,56,12,ChannelFlow Priority,HTR00000056,preparing,748,13,313.3,2026-05-05T13:30:00Z,,2026-05-05T12:30:00Z
57,57,5,Oracle Logistics Cloud,HTR00000057,packed,1330,74.5,252.75,2026-05-05T13:30:00Z,,2026-05-05T12:30:00Z
58,58,10,Silicon Route Express,HTR00000058,shipped,1760,8.5,362.74,2026-05-05T13:30:00Z,,2026-05-05T12:30:00Z
59,59,3,FabLine Freight,HTR00000059,in_transit,1722,28.7,307.64,2026-05-05T13:30:00Z,,2026-05-05T12:30:00Z
60,60,8,ChannelFlow Priority,HTR00000060,delivered,1570,49,476.03,2026-05-05T13:30:00Z,2026-05-05T14:30:00Z,2026-05-05T12:30:00Z
61,61,1,Oracle Logistics Cloud,HTR00000061,preparing,1212,34,79.7,2026-05-05T13:30:00Z,,2026-05-05T12:30:00Z
62,62,6,Silicon Route Express,HTR00000062,packed,583,14.2,139.95,2026-05-05T13:25:00Z,,2026-05-05T12:25:00Z
63,63,11,FabLine Freight,HTR00000063,shipped,1711,37.3,181.7,2026-05-05T13:20:00Z,,2026-05-05T12:20:00Z
64,64,4,ChannelFlow Priority,HTR00000064,in_transit,2643,15.6,261.17,2026-05-05T13:15:00Z,,2026-05-05T12:15:00Z
65,65,9,Oracle Logistics Cloud,HTR00000065,out_for_delivery,556,19.5,366.36,2026-05-05T13:10:00Z,,2026-05-05T12:10:00Z
66,66,2,Silicon Route Express,HTR00000066,preparing,2265,59.2,241.81,2026-05-05T13:05:00Z,,2026-05-05T12:05:00Z
67,67,7,FabLine Freight,HTR00000067,packed,2090,15.4,296.36,2026-05-05T13:00:00Z,,2026-05-05T12:00:00Z
68,68,12,ChannelFlow Priority,HTR00000068,delivered,203,36.8,264.67,2026-05-05T12:55:00Z,2026-05-05T14:30:00Z,2026-05-05T11:55:00Z
69,69,5,Oracle Logistics Cloud,HTR00000069,in_transit,1540,64.8,377.13,2026-05-05T12:50:00Z,,2026-05-05T11:50:00Z
70,70,10,Silicon Route Express,HTR00000070,out_for_delivery,1758,9.4,277.54,2026-05-05T12:45:00Z,,2026-05-05T11:45:00Z
71,71,3,FabLine Freight,HTR00000071,preparing,2071,32.5,362.33,2026-05-05T12:40:00Z,,2026-05-05T11:40:00Z
72,72,8,ChannelFlow Priority,HTR00000072,packed,1409,75.2,245.09,2026-05-05T12:35:00Z,,2026-05-05T11:35:00Z
73,73,1,Oracle Logistics Cloud,HTR00000073,shipped,2208,22.5,340.04,2026-05-05T12:30:00Z,,2026-05-05T11:30:00Z
74,74,6,Silicon Route Express,HTR00000074,in_transit,469,28,76.65,2026-05-05T12:25:00Z,,2026-05-05T11:25:00Z
75,75,11,FabLine Freight,HTR00000075,out_for_delivery,1150,63.3,128.85,2026-05-05T12:20:00Z,,2026-05-05T11:20:00Z
76,76,4,ChannelFlow Priority,HTR00000076,delivered,1798,22.1,293.78,2026-05-05T12:15:00Z,2026-05-05T14:30:00Z,2026-05-05T11:15:00Z
77,77,9,Oracle Logistics Cloud,HTR00000077,packed,405,7.7,324.26,2026-05-05T12:10:00Z,,2026-05-05T11:10:00Z
78,78,2,Silicon Route Express,HTR00000078,shipped,1383,64.6,368.31,2026-05-05T12:05:00Z,,2026-05-05T11:05:00Z
79,79,7,FabLine Freight,HTR00000079,in_transit,649,50,448.9,2026-05-05T12:00:00Z,,2026-05-05T11:00:00Z
80,80,12,ChannelFlow Priority,HTR00000080,out_for_delivery,1549,10.7,44.27,2026-05-05T11:55:00Z,,2026-05-05T10:55:00Z
81,81,5,Oracle Logistics Cloud,HTR00000081,preparing,1103,66.1,484.07,2026-05-05T11:50:00Z,,2026-05-05T10:50:00Z
82,82,10,Silicon Route Express,HTR00000082,packed,766,36,353.26,2026-05-05T11:45:00Z,,2026-05-05T10:45:00Z
83,83,3,FabLine Freight,HTR00000083,shipped,2324,21.8,464.95,2026-05-05T11:40:00Z,,2026-05-05T10:40:00Z
84,84,8,ChannelFlow Priority,HTR00000084,delivered,2242,30.7,266.73,2026-05-05T11:35:00Z,2026-05-05T14:30:00Z,2026-05-05T10:35:00Z
85,85,1,Oracle Logistics Cloud,HTR00000085,out_for_delivery,1681,49.3,126.96,2026-05-05T11:30:00Z,,2026-05-05T10:30:00Z
86,86,6,Silicon Route Express,HTR00000086,preparing,2669,29.1,298.91,2026-05-05T11:25:00Z,,2026-05-05T10:25:00Z
87,87,11,FabLine Freight,HTR00000087,packed,1616,4.7,66.39,2026-05-05T11:20:00Z,,2026-05-05T10:20:00Z
88,88,4,ChannelFlow Priority,HTR00000088,shipped,1795,54.4,357.41,2026-05-05T11:15:00Z,,2026-05-05T10:15:00Z
89,89,9,Oracle Logistics Cloud,HTR00000089,in_transit,875,65.5,113.03,2026-05-05T11:10:00Z,,2026-05-05T10:10:00Z
90,90,2,Silicon Route Express,HTR00000090,out_for_delivery,682,39.6,254.06,2026-05-05T11:05:00Z,,2026-05-05T10:05:00Z
91,91,7,FabLine Freight,HTR00000091,preparing,591,19.7,482.77,2026-05-05T11:00:00Z,,2026-05-05T10:00:00Z
92,92,12,ChannelFlow Priority,HTR00000092,delivered,2654,59.4,360.68,2026-05-05T10:55:00Z,2026-05-05T14:30:00Z,2026-05-05T09:55:00Z
93,93,5,Oracle Logistics Cloud,HTR00000093,shipped,328,73.8,461.49,2026-05-05T10:50:00Z,,2026-05-05T09:50:00Z
94,94,10,Silicon Route Express,HTR00000094,in_transit,448,27,248.34,2026-05-05T10:45:00Z,,2026-05-05T09:45:00Z
95,95,3,FabLine Freight,HTR00000095,out_for_delivery,2095,17.7,386.22,2026-05-05T10:40:00Z,,2026-05-05T09:40:00Z
96,96,8,ChannelFlow Priority,HTR00000096,preparing,1602,17.7,250.93,2026-05-05T10:35:00Z,,2026-05-05T09:35:00Z
97,97,1,Oracle Logistics Cloud,HTR00000097,packed,1547,75.6,254.63,2026-05-05T10:30:00Z,,2026-05-05T09:30:00Z
98,98,6,Silicon Route Express,HTR00000098,shipped,2487,59.7,487.1,2026-05-05T10:25:00Z,,2026-05-05T09:25:00Z
99,99,11,FabLine Freight,HTR00000099,in_transit,1956,8.1,355.51,2026-05-05T10:20:00Z,,2026-05-05T09:20:00Z
100,100,4,ChannelFlow Priority,HTR00000100,delivered,2124,45.3,226.92,2026-05-05T10:15:00Z,2026-05-05T14:15:00Z,2026-05-05T09:15:00Z
101,101,9,Oracle Logistics Cloud,HTR00000101,preparing,1800,52.4,231.6,2026-05-05T10:10:00Z,,2026-05-05T09:10:00Z
102,102,2,Silicon Route Express,HTR00000102,packed,947,4.8,169.37,2026-05-05T10:05:00Z,,2026-05-05T09:05:00Z
103,103,7,FabLine Freight,HTR00000103,shipped,1297,48,87.67,2026-05-05T10:00:00Z,,2026-05-05T09:00:00Z
104,104,12,ChannelFlow Priority,HTR00000104,in_transit,947,20.5,352.48,2026-05-05T09:55:00Z,,2026-05-05T08:55:00Z
105,105,5,Oracle Logistics Cloud,HTR00000105,out_for_delivery,1425,5.6,312.65,2026-05-05T09:50:00Z,,2026-05-05T08:50:00Z
106,106,10,Silicon Route Express,HTR00000106,preparing,701,71.4,251.89,2026-05-05T09:45:00Z,,2026-05-05T08:45:00Z
107,107,3,FabLine Freight,HTR00000107,packed,652,59.4,231.1,2026-05-05T09:40:00Z,,2026-05-05T08:40:00Z
108,108,8,ChannelFlow Priority,HTR00000108,delivered,871,41.8,92.44,2026-05-05T09:35:00Z,2026-05-05T13:35:00Z,2026-05-05T08:35:00Z
109,109,1,Oracle Logistics Cloud,HTR00000109,in_transit,535,64.7,486.73,2026-05-05T09:30:00Z,,2026-05-05T08:30:00Z
110,110,6,Silicon Route Express,HTR00000110,out_for_delivery,2405,69.5,216,2026-05-05T09:25:00Z,,2026-05-05T08:25:00Z
111,111,11,FabLine Freight,HTR00000111,preparing,2007,67.1,480.02,2026-05-05T09:20:00Z,,2026-05-05T08:20:00Z
112,112,4,ChannelFlow Priority,HTR00000112,packed,2287,50.2,161.6,2026-05-05T09:15:00Z,,2026-05-05T08:15:00Z
113,113,9,Oracle Logistics Cloud,HTR00000113,shipped,984,56,250.49,2026-05-05T09:10:00Z,,2026-05-05T08:10:00Z
114,114,2,Silicon Route Express,HTR00000114,in_transit,545,60.9,242.82,2026-05-05T09:05:00Z,,2026-05-05T08:05:00Z
115,115,7,FabLine Freight,HTR00000115,out_for_delivery,2186,37.8,67.73,2026-05-05T09:00:00Z,,2026-05-05T08:00:00Z
116,116,12,ChannelFlow Priority,HTR00000116,delivered,2653,33.8,73.92,2026-05-05T08:55:00Z,2026-05-05T12:55:00Z,2026-05-05T07:55:00Z
117,117,5,Oracle Logistics Cloud,HTR00000117,packed,2089,8,83.02,2026-05-05T08:50:00Z,,2026-05-05T07:50:00Z
118,118,10,Silicon Route Express,HTR00000118,shipped,1166,32.2,235.8,2026-05-05T08:45:00Z,,2026-05-05T07:45:00Z
119,119,3,FabLine Freight,HTR00000119,in_transit,136,73.6,48.42,2026-05-05T08:40:00Z,,2026-05-05T07:40:00Z
120,120,8,ChannelFlow Priority,HTR00000120,out_for_delivery,1538,9,169.37,2026-05-05T08:35:00Z,,2026-05-05T07:35:00Z
121,121,1,Oracle Logistics Cloud,HTR00000121,preparing,1859,19.8,43.45,2026-05-05T08:30:00Z,,2026-05-05T07:30:00Z
122,122,6,Silicon Route Express,HTR00000122,packed,2586,66.7,332.54,2026-05-05T08:25:00Z,,2026-05-05T07:25:00Z
123,123,11,FabLine Freight,HTR00000123,shipped,1417,36.8,339.88,2026-05-05T08:20:00Z,,2026-05-05T07:20:00Z
124,124,4,ChannelFlow Priority,HTR00000124,delivered,828,15.5,463.31,2026-05-05T08:15:00Z,2026-05-05T12:15:00Z,2026-05-05T07:15:00Z
125,125,9,Oracle Logistics Cloud,HTR00000125,out_for_delivery,890,15,328.46,2026-05-05T08:10:00Z,,2026-05-05T07:10:00Z
126,126,2,Silicon Route Express,HTR00000126,preparing,1509,54.5,213.22,2026-05-05T08:05:00Z,,2026-05-05T07:05:00Z
127,127,7,FabLine Freight,HTR00000127,packed,1020,68.7,230.25,2026-05-05T08:00:00Z,,2026-05-05T07:00:00Z
128,128,12,ChannelFlow Priority,HTR00000128,shipped,2595,56.2,65.83,2026-05-05T07:55:00Z,,2026-05-05T06:55:00Z
129,129,5,Oracle Logistics Cloud,HTR00000129,in_transit,1572,75.3,37.88,2026-05-05T07:50:00Z,,2026-05-05T06:50:00Z
130,130,10,Silicon Route Express,HTR00000130,out_for_delivery,835,50.4,343.83,2026-05-05T07:45:00Z,,2026-05-05T06:45:00Z
131,131,3,FabLine Freight,HTR00000131,preparing,2618,60.1,379.27,2026-05-05T07:40:00Z,,2026-05-05T06:40:00Z
132,132,8,ChannelFlow Priority,HTR00000132,delivered,1975,12.9,297,2026-05-05T07:35:00Z,2026-05-05T11:35:00Z,2026-05-05T06:35:00Z
133,133,1,Oracle Logistics Cloud,HTR00000133,shipped,2149,4.6,324.18,2026-05-05T07:30:00Z,,2026-05-05T06:30:00Z
134,134,6,Silicon Route Express,HTR00000134,in_transit,2304,47,378.61,2026-05-05T07:25:00Z,,2026-05-05T06:25:00Z
135,135,11,FabLine Freight,HTR00000135,out_for_delivery,229,61.7,363.41,2026-05-05T07:20:00Z,,2026-05-05T06:20:00Z
136,136,4,ChannelFlow Priority,HTR00000136,preparing,660,18.3,236.2,2026-05-05T07:15:00Z,,2026-05-05T06:15:00Z
137,137,9,Oracle Logistics Cloud,HTR00000137,packed,1626,37.9,64.28,2026-05-05T07:10:00Z,,2026-05-05T06:10:00Z
138,138,2,Silicon Route Express,HTR00000138,shipped,1619,9.3,249.45,2026-05-05T07:05:00Z,,2026-05-05T06:05:00Z
139,139,7,FabLine Freight,HTR00000139,in_transit,290,15.1,26.8,2026-05-05T07:00:00Z,,2026-05-05T06:00:00Z
140,140,12,ChannelFlow Priority,HTR00000140,delivered,2002,7.6,252.11,2026-05-05T06:55:00Z,2026-05-05T10:55:00Z,2026-05-05T05:55:00Z
141,141,5,Oracle Logistics Cloud,HTR00000141,preparing,1711,57,208.76,2026-05-05T06:50:00Z,,2026-05-05T05:50:00Z
142,142,10,Silicon Route Express,HTR00000142,packed,1397,26,233.93,2026-05-05T06:45:00Z,,2026-05-05T05:45:00Z
143,143,3,FabLine Freight,HTR00000143,shipped,1766,14.3,204.27,2026-05-05T06:40:00Z,,2026-05-05T05:40:00Z
144,144,8,ChannelFlow Priority,HTR00000144,in_transit,1431,20.8,384.14,2026-05-05T06:35:00Z,,2026-05-05T05:35:00Z
145,145,1,Oracle Logistics Cloud,HTR00000145,out_for_delivery,2475,6.5,242.76,2026-05-05T06:30:00Z,,2026-05-05T05:30:00Z
146,146,6,Silicon Route Express,HTR00000146,preparing,995,7.5,426.87,2026-05-05T06:25:00Z,,2026-05-05T05:25:00Z
147,147,11,FabLine Freight,HTR00000147,packed,2219,6.9,75.85,2026-05-05T06:20:00Z,,2026-05-05T05:20:00Z
148,148,4,ChannelFlow Priority,HTR00000148,delivered,503,68.8,226.7,2026-05-05T06:15:00Z,2026-05-05T10:15:00Z,2026-05-05T05:15:00Z
149,149,9,Oracle Logistics Cloud,HTR00000149,in_transit,2078,24.1,434.28,2026-05-05T06:10:00Z,,2026-05-05T05:10:00Z
150,150,2,Silicon Route Express,HTR00000150,out_for_delivery,2315,24,185.13,2026-05-05T06:05:00Z,,2026-05-05T05:05:00Z
151,151,7,FabLine Freight,HTR00000151,preparing,206,11.9,497.18,2026-05-05T06:00:00Z,,2026-05-05T05:00:00Z
152,152,12,ChannelFlow Priority,HTR00000152,packed,955,57.5,243.3,2026-05-05T05:55:00Z,,2026-05-05T04:55:00Z
153,153,5,Oracle Logistics Cloud,HTR00000153,shipped,451,25.3,409.88,2026-05-05T05:50:00Z,,2026-05-05T04:50:00Z
154,154,10,Silicon Route Express,HTR00000154,in_transit,1092,39.2,59.03,2026-05-05T05:45:00Z,,2026-05-05T04:45:00Z
155,155,3,FabLine Freight,HTR00000155,out_for_delivery,1495,68.3,76,2026-05-05T05:40:00Z,,2026-05-05T04:40:00Z
156,156,8,ChannelFlow Priority,HTR00000156,delivered,2677,17.3,29.09,2026-05-05T05:35:00Z,2026-05-05T09:35:00Z,2026-05-05T04:35:00Z
157,157,1,Oracle Logistics Cloud,HTR00000157,packed,2418,12.3,278.06,2026-05-05T05:30:00Z,,2026-05-05T04:30:00Z
158,158,6,Silicon Route Express,HTR00000158,shipped,1290,68.7,257.05,2026-05-05T05:25:00Z,,2026-05-05T04:25:00Z
159,159,11,FabLine Freight,HTR00000159,in_transit,2313,30.5,171.38,2026-05-05T05:20:00Z,,2026-05-05T04:20:00Z
160,160,4,ChannelFlow Priority,HTR00000160,out_for_delivery,151,60.7,293.74,2026-05-05T05:15:00Z,,2026-05-05T04:15:00Z
161,161,9,Oracle Logistics Cloud,HTR00000161,preparing,377,14.3,313.8,2026-05-05T05:10:00Z,,2026-05-05T04:10:00Z
162,162,2,Silicon Route Express,HTR00000162,packed,838,70.5,250.52,2026-05-05T05:05:00Z,,2026-05-05T04:05:00Z
163,163,7,FabLine Freight,HTR00000163,shipped,1500,21.9,210.28,2026-05-05T05:00:00Z,,2026-05-05T04:00:00Z
164,164,12,ChannelFlow Priority,HTR00000164,delivered,2663,30.8,489.36,2026-05-05T04:55:00Z,2026-05-05T08:55:00Z,2026-05-05T03:55:00Z
165,165,5,Oracle Logistics Cloud,HTR00000165,out_for_delivery,1432,5.8,445.42,2026-05-05T04:50:00Z,,2026-05-05T03:50:00Z
166,166,10,Silicon Route Express,HTR00000166,preparing,1361,18.6,333.95,2026-05-05T04:45:00Z,,2026-05-05T03:45:00Z
167,167,3,FabLine Freight,HTR00000167,packed,726,60.5,360.2,2026-05-05T04:40:00Z,,2026-05-05T03:40:00Z
168,168,8,ChannelFlow Priority,HTR00000168,shipped,1348,44,151.17,2026-05-05T04:35:00Z,,2026-05-05T03:35:00Z
169,169,1,Oracle Logistics Cloud,HTR00000169,in_transit,565,36.5,49.83,2026-05-05T04:30:00Z,,2026-05-05T03:30:00Z
170,170,6,Silicon Route Express,HTR00000170,out_for_delivery,1648,43.7,198.22,2026-05-05T04:25:00Z,,2026-05-05T03:25:00Z
171,171,11,FabLine Freight,HTR00000171,preparing,1124,41.7,130.83,2026-05-05T04:20:00Z,,2026-05-05T03:20:00Z
172,172,4,ChannelFlow Priority,HTR00000172,delivered,1170,27.7,372.46,2026-05-05T04:15:00Z,2026-05-05T08:15:00Z,2026-05-05T03:15:00Z
173,173,9,Oracle Logistics Cloud,HTR00000173,shipped,899,24.2,220.29,2026-05-05T04:10:00Z,,2026-05-05T03:10:00Z
174,174,2,Silicon Route Express,HTR00000174,in_transit,277,66.6,54.65,2026-05-05T04:05:00Z,,2026-05-05T03:05:00Z
175,175,7,FabLine Freight,HTR00000175,out_for_delivery,486,44.4,364.84,2026-05-05T04:00:00Z,,2026-05-05T03:00:00Z
176,176,12,ChannelFlow Priority,HTR00000176,preparing,1808,25,105.06,2026-05-05T03:55:00Z,,2026-05-05T02:55:00Z
177,177,5,Oracle Logistics Cloud,HTR00000177,packed,2160,9.3,191.64,2026-05-05T03:50:00Z,,2026-05-05T02:50:00Z
178,178,10,Silicon Route Express,HTR00000178,shipped,1649,17.4,372.54,2026-05-05T03:45:00Z,,2026-05-05T02:45:00Z
179,179,3,FabLine Freight,HTR00000179,in_transit,1398,72.3,238.78,2026-05-05T03:40:00Z,,2026-05-05T02:40:00Z
180,180,8,ChannelFlow Priority,HTR00000180,delivered,1680,54.7,134.26,2026-05-05T03:35:00Z,2026-05-05T07:35:00Z,2026-05-05T02:35:00Z
181,181,1,Oracle Logistics Cloud,HTR00000181,preparing,269,17.4,165.45,2026-05-05T03:30:00Z,,2026-05-05T02:30:00Z
182,182,6,Silicon Route Express,HTR00000182,packed,355,10.6,382.36,2026-05-05T03:25:00Z,,2026-05-05T02:25:00Z
183,183,11,FabLine Freight,HTR00000183,shipped,1318,17.8,496.41,2026-05-05T03:20:00Z,,2026-05-05T02:20:00Z
184,184,4,ChannelFlow Priority,HTR00000184,in_transit,2156,57.2,291.97,2026-05-05T03:15:00Z,,2026-05-05T02:15:00Z
185,185,9,Oracle Logistics Cloud,HTR00000185,out_for_delivery,1014,47,113.48,2026-05-05T03:10:00Z,,2026-05-05T02:10:00Z
186,186,2,Silicon Route Express,HTR00000186,preparing,2678,63.9,87.67,2026-05-05T03:05:00Z,,2026-05-05T02:05:00Z
187,187,7,FabLine Freight,HTR00000187,packed,200,49.6,306.8,2026-05-05T03:00:00Z,,2026-05-05T02:00:00Z
188,188,12,ChannelFlow Priority,HTR00000188,delivered,1829,46.4,267.73,2026-05-05T02:55:00Z,2026-05-05T06:55:00Z,2026-05-05T01:55:00Z
189,189,5,Oracle Logistics Cloud,HTR00000189,in_transit,228,31.7,366.31,2026-05-05T02:50:00Z,,2026-05-05T01:50:00Z
190,190,10,Silicon Route Express,HTR00000190,out_for_delivery,1695,64,474.34,2026-05-05T02:45:00Z,,2026-05-05T01:45:00Z
191,191,3,FabLine Freight,HTR00000191,preparing,1597,40.7,302.59,2026-05-05T02:40:00Z,,2026-05-05T01:40:00Z
192,192,8,ChannelFlow Priority,HTR00000192,packed,1710,69.3,129.09,2026-05-05T02:35:00Z,,2026-05-05T01:35:00Z
193,193,1,Oracle Logistics Cloud,HTR00000193,shipped,1965,73,51.74,2026-05-05T02:30:00Z,,2026-05-05T01:30:00Z
194,194,6,Silicon Route Express,HTR00000194,in_transit,497,48.4,247.63,2026-05-05T02:25:00Z,,2026-05-05T01:25:00Z
195,195,11,FabLine Freight,HTR00000195,out_for_delivery,203,60.7,386.29,2026-05-05T02:20:00Z,,2026-05-05T01:20:00Z
196,196,4,ChannelFlow Priority,HTR00000196,delivered,815,12.5,348.46,2026-05-05T02:15:00Z,2026-05-05T06:15:00Z,2026-05-05T01:15:00Z
197,197,9,Oracle Logistics Cloud,HTR00000197,packed,2177,53.9,376.46,2026-05-05T02:10:00Z,,2026-05-05T01:10:00Z
198,198,2,Silicon Route Express,HTR00000198,shipped,2349,74.8,286.66,2026-05-05T02:05:00Z,,2026-05-05T01:05:00Z
199,199,7,FabLine Freight,HTR00000199,in_transit,2530,13.5,139.48,2026-05-05T02:00:00Z,,2026-05-05T01:00:00Z
200,200,12,ChannelFlow Priority,HTR00000200,out_for_delivery,248,69.2,412.65,2026-05-05T01:55:00Z,,2026-05-05T00:55:00Z
201,201,5,Oracle Logistics Cloud,HTR00000201,preparing,1064,39.9,414.33,2026-05-05T01:50:00Z,,2026-05-05T00:50:00Z
202,202,10,Silicon Route Express,HTR00000202,packed,114,59,243.57,2026-05-05T01:45:00Z,,2026-05-05T00:45:00Z
203,203,3,FabLine Freight,HTR00000203,shipped,238,9.5,148.3,2026-05-05T01:40:00Z,,2026-05-05T00:40:00Z
204,204,8,ChannelFlow Priority,HTR00000204,delivered,2582,21.5,445.4,2026-05-05T01:35:00Z,2026-05-05T05:35:00Z,2026-05-05T00:35:00Z
205,205,1,Oracle Logistics Cloud,HTR00000205,out_for_delivery,1179,37.4,353.9,2026-05-05T01:30:00Z,,2026-05-05T00:30:00Z
206,206,6,Silicon Route Express,HTR00000206,preparing,2556,52.5,177.39,2026-05-05T01:25:00Z,,2026-05-05T00:25:00Z
207,207,11,FabLine Freight,HTR00000207,packed,1615,47.7,142.21,2026-05-05T01:20:00Z,,2026-05-05T00:20:00Z
208,208,4,ChannelFlow Priority,HTR00000208,shipped,2211,63.3,430.9,2026-05-05T01:15:00Z,,2026-05-05T00:15:00Z
209,209,9,Oracle Logistics Cloud,HTR00000209,in_transit,1387,9.3,286.6,2026-05-05T01:10:00Z,,2026-05-05T00:10:00Z
210,210,2,Silicon Route Express,HTR00000210,out_for_delivery,347,13.1,469.58,2026-05-05T01:05:00Z,,2026-05-05T00:05:00Z
211,211,7,FabLine Freight,HTR00000211,preparing,1571,63.1,89.98,2026-05-05T01:00:00Z,,2026-05-05T00:00:00Z
212,212,12,ChannelFlow Priority,HTR00000212,delivered,811,14.7,178.79,2026-05-05T00:55:00Z,2026-05-05T04:55:00Z,2026-05-04T23:55:00Z
213,213,5,Oracle Logistics Cloud,HTR00000213,shipped,1569,11.6,272.17,2026-05-05T00:50:00Z,,2026-05-04T23:50:00Z
214,214,10,Silicon Route Express,HTR00000214,in_transit,2639,41.5,185.68,2026-05-05T00:45:00Z,,2026-05-04T23:45:00Z
215,215,3,FabLine Freight,HTR00000215,out_for_delivery,1776,34.2,93.25,2026-05-05T00:40:00Z,,2026-05-04T23:40:00Z
216,216,8,ChannelFlow Priority,HTR00000216,preparing,2243,71.3,493.12,2026-05-05T00:35:00Z,,2026-05-04T23:35:00Z
217,217,1,Oracle Logistics Cloud,HTR00000217,packed,1623,16.5,426.28,2026-05-05T00:30:00Z,,2026-05-04T23:30:00Z
218,218,6,Silicon Route Express,HTR00000218,shipped,1941,8.1,344.74,2026-05-05T00:25:00Z,,2026-05-04T23:25:00Z
219,219,11,FabLine Freight,HTR00000219,in_transit,996,9.8,486.06,2026-05-05T00:20:00Z,,2026-05-04T23:20:00Z
220,220,4,ChannelFlow Priority,HTR00000220,delivered,2483,21.7,464.44,2026-05-05T00:15:00Z,2026-05-05T04:15:00Z,2026-05-04T23:15:00Z
221,221,9,Oracle Logistics Cloud,HTR00000221,preparing,2314,56.9,134.91,2026-05-05T00:10:00Z,,2026-05-04T23:10:00Z
222,222,2,Silicon Route Express,HTR00000222,packed,2409,57.1,180.57,2026-05-05T00:05:00Z,,2026-05-04T23:05:00Z
223,223,7,FabLine Freight,HTR00000223,shipped,131,18.8,356.23,2026-05-05T00:00:00Z,,2026-05-04T23:00:00Z
224,224,12,ChannelFlow Priority,HTR00000224,in_transit,1781,46.6,40.15,2026-05-04T23:55:00Z,,2026-05-04T22:55:00Z
225,225,5,Oracle Logistics Cloud,HTR00000225,out_for_delivery,2557,48.3,424.5,2026-05-04T23:50:00Z,,2026-05-04T22:50:00Z
226,226,10,Silicon Route Express,HTR00000226,preparing,1432,57,489.96,2026-05-04T23:45:00Z,,2026-05-04T22:45:00Z
227,227,3,FabLine Freight,HTR00000227,packed,917,24.1,296.39,2026-05-04T23:40:00Z,,2026-05-04T22:40:00Z
228,228,8,ChannelFlow Priority,HTR00000228,delivered,2210,33.4,183.9,2026-05-04T23:35:00Z,2026-05-05T03:35:00Z,2026-05-04T22:35:00Z
229,229,1,Oracle Logistics Cloud,HTR00000229,in_transit,1301,42.7,158.93,2026-05-04T23:30:00Z,,2026-05-04T22:30:00Z
230,230,6,Silicon Route Express,HTR00000230,out_for_delivery,1247,23.5,43.68,2026-05-04T23:25:00Z,,2026-05-04T22:25:00Z
231,231,11,FabLine Freight,HTR00000231,preparing,2476,14.9,294.75,2026-05-04T23:20:00Z,,2026-05-04T22:20:00Z
232,232,4,ChannelFlow Priority,HTR00000232,packed,511,37.1,343.45,2026-05-04T23:15:00Z,,2026-05-04T22:15:00Z
233,233,9,Oracle Logistics Cloud,HTR00000233,shipped,773,62.2,422.69,2026-05-04T23:10:00Z,,2026-05-04T22:10:00Z
234,234,2,Silicon Route Express,HTR00000234,in_transit,2255,40.9,467.89,2026-05-04T23:05:00Z,,2026-05-04T22:05:00Z
235,235,7,FabLine Freight,HTR00000235,out_for_delivery,176,74.7,275.03,2026-05-04T23:00:00Z,,2026-05-04T22:00:00Z
236,236,12,ChannelFlow Priority,HTR00000236,delivered,1498,72.8,427.83,2026-05-04T22:55:00Z,2026-05-05T02:55:00Z,2026-05-04T21:55:00Z
237,237,5,Oracle Logistics Cloud,HTR00000237,packed,569,12.8,415.38,2026-05-04T22:50:00Z,,2026-05-04T21:50:00Z
238,238,10,Silicon Route Express,HTR00000238,shipped,427,75,337.29,2026-05-04T22:45:00Z,,2026-05-04T21:45:00Z
239,239,3,FabLine Freight,HTR00000239,in_transit,2457,68.4,324.51,2026-05-04T22:40:00Z,,2026-05-04T21:40:00Z
240,240,8,ChannelFlow Priority,HTR00000240,out_for_delivery,703,26.8,197.97,2026-05-04T22:35:00Z,,2026-05-04T21:35:00Z
241,241,1,Oracle Logistics Cloud,HTR00000241,preparing,2028,33.2,365.71,2026-05-04T22:30:00Z,,2026-05-04T21:30:00Z
242,242,6,Silicon Route Express,HTR00000242,packed,551,74.9,478.39,2026-05-04T22:25:00Z,,2026-05-04T21:25:00Z
243,243,11,FabLine Freight,HTR00000243,shipped,2125,21.2,294.91,2026-05-04T22:20:00Z,,2026-05-04T21:20:00Z
244,244,4,ChannelFlow Priority,HTR00000244,delivered,192,60.2,253.08,2026-05-04T22:15:00Z,2026-05-05T02:15:00Z,2026-05-04T21:15:00Z
245,245,9,Oracle Logistics Cloud,HTR00000245,out_for_delivery,1459,67,257.43,2026-05-04T22:10:00Z,,2026-05-04T21:10:00Z
246,246,2,Silicon Route Express,HTR00000246,preparing,1014,74.1,386.71,2026-05-04T22:05:00Z,,2026-05-04T21:05:00Z
247,247,7,FabLine Freight,HTR00000247,packed,2154,65.8,266.82,2026-05-04T22:00:00Z,,2026-05-04T21:00:00Z
248,248,12,ChannelFlow Priority,HTR00000248,shipped,220,56.3,485.52,2026-05-04T21:55:00Z,,2026-05-04T20:55:00Z
249,249,5,Oracle Logistics Cloud,HTR00000249,in_transit,1580,38.7,89.04,2026-05-04T21:50:00Z,,2026-05-04T20:50:00Z
250,250,10,Silicon Route Express,HTR00000250,out_for_delivery,1185,6.5,49.4,2026-05-04T21:45:00Z,,2026-05-04T20:45:00Z
251,251,3,FabLine Freight,HTR00000251,preparing,2152,45.6,325.19,2026-05-04T21:40:00Z,,2026-05-04T20:40:00Z
252,252,8,ChannelFlow Priority,HTR00000252,delivered,1828,18.4,210.07,2026-05-04T21:35:00Z,2026-05-05T01:35:00Z,2026-05-04T20:35:00Z
253,253,1,Oracle Logistics Cloud,HTR00000253,shipped,608,54.1,400.08,2026-05-04T21:30:00Z,,2026-05-04T20:30:00Z
254,254,6,Silicon Route Express,HTR00000254,in_transit,630,14.2,273.19,2026-05-04T21:25:00Z,,2026-05-04T20:25:00Z
255,255,11,FabLine Freight,HTR00000255,out_for_delivery,1348,6.3,378.28,2026-05-04T21:20:00Z,,2026-05-04T20:20:00Z
256,256,4,ChannelFlow Priority,HTR00000256,preparing,738,65.5,214.61,2026-05-04T21:15:00Z,,2026-05-04T20:15:00Z
257,257,9,Oracle Logistics Cloud,HTR00000257,packed,1094,16.1,303.72,2026-05-04T21:10:00Z,,2026-05-04T20:10:00Z
258,258,2,Silicon Route Express,HTR00000258,shipped,2655,25.8,291.53,2026-05-04T21:05:00Z,,2026-05-04T20:05:00Z
259,259,7,FabLine Freight,HTR00000259,in_transit,2674,58.2,419.94,2026-05-04T21:00:00Z,,2026-05-04T20:00:00Z
260,260,12,ChannelFlow Priority,HTR00000260,delivered,1280,44.5,475.03,2026-05-04T20:55:00Z,2026-05-05T00:55:00Z,2026-05-04T19:55:00Z
261,261,5,Oracle Logistics Cloud,HTR00000261,preparing,628,4.7,42.76,2026-05-04T20:50:00Z,,2026-05-04T19:50:00Z
262,262,10,Silicon Route Express,HTR00000262,packed,770,62,133.19,2026-05-04T20:45:00Z,,2026-05-04T19:45:00Z
263,263,3,FabLine Freight,HTR00000263,shipped,612,46.2,436.16,2026-05-04T20:40:00Z,,2026-05-04T19:40:00Z
264,264,8,ChannelFlow Priority,HTR00000264,in_transit,1425,6.5,268.24,2026-05-04T20:35:00Z,,2026-05-04T19:35:00Z
265,265,1,Oracle Logistics Cloud,HTR00000265,out_for_delivery,1801,66.1,60.34,2026-05-04T20:30:00Z,,2026-05-04T19:30:00Z
266,266,6,Silicon Route Express,HTR00000266,preparing,1720,65.5,498.26,2026-05-04T20:25:00Z,,2026-05-04T19:25:00Z
267,267,11,FabLine Freight,HTR00000267,packed,343,23.9,214.53,2026-05-04T20:20:00Z,,2026-05-04T19:20:00Z
268,268,4,ChannelFlow Priority,HTR00000268,delivered,662,57.2,398.54,2026-05-04T20:15:00Z,2026-05-05T00:15:00Z,2026-05-04T19:15:00Z
269,269,9,Oracle Logistics Cloud,HTR00000269,in_transit,781,64.5,127.15,2026-05-04T20:10:00Z,,2026-05-04T19:10:00Z
270,270,2,Silicon Route Express,HTR00000270,out_for_delivery,236,43.5,203.7,2026-05-04T20:05:00Z,,2026-05-04T19:05:00Z
271,271,7,FabLine Freight,HTR00000271,preparing,1268,20.8,35.5,2026-05-04T20:00:00Z,,2026-05-04T19:00:00Z
272,272,12,ChannelFlow Priority,HTR00000272,packed,236,54.3,475.37,2026-05-04T19:55:00Z,,2026-05-04T18:55:00Z
273,273,5,Oracle Logistics Cloud,HTR00000273,shipped,2290,8.1,490.05,2026-05-04T19:50:00Z,,2026-05-04T18:50:00Z
274,274,10,Silicon Route Express,HTR00000274,in_transit,681,46.7,120.77,2026-05-04T19:45:00Z,,2026-05-04T18:45:00Z
275,275,3,FabLine Freight,HTR00000275,out_for_delivery,2167,49.1,236.65,2026-05-04T19:40:00Z,,2026-05-04T18:40:00Z
276,276,8,ChannelFlow Priority,HTR00000276,delivered,1791,55.6,208.22,2026-05-04T19:35:00Z,2026-05-04T23:35:00Z,2026-05-04T18:35:00Z
277,277,1,Oracle Logistics Cloud,HTR00000277,packed,2531,60.5,464.9,2026-05-04T19:30:00Z,,2026-05-04T18:30:00Z
278,278,6,Silicon Route Express,HTR00000278,shipped,838,44.3,474.93,2026-05-04T19:25:00Z,,2026-05-04T18:25:00Z
279,279,11,FabLine Freight,HTR00000279,in_transit,1069,32.8,432.38,2026-05-04T19:20:00Z,,2026-05-04T18:20:00Z
280,280,4,ChannelFlow Priority,HTR00000280,out_for_delivery,1858,67.5,494.89,2026-05-04T19:15:00Z,,2026-05-04T18:15:00Z
281,281,9,Oracle Logistics Cloud,HTR00000281,preparing,806,46.4,300.56,2026-05-04T19:10:00Z,,2026-05-04T18:10:00Z
282,282,2,Silicon Route Express,HTR00000282,packed,1118,13.8,92.61,2026-05-04T19:05:00Z,,2026-05-04T18:05:00Z
283,283,7,FabLine Freight,HTR00000283,shipped,695,7.4,227.94,2026-05-04T19:00:00Z,,2026-05-04T18:00:00Z
284,284,12,ChannelFlow Priority,HTR00000284,delivered,2573,7.4,75.41,2026-05-04T18:55:00Z,2026-05-04T22:55:00Z,2026-05-04T17:55:00Z
285,285,5,Oracle Logistics Cloud,HTR00000285,out_for_delivery,102,20.2,454.54,2026-05-04T18:50:00Z,,2026-05-04T17:50:00Z
286,286,10,Silicon Route Express,HTR00000286,preparing,2059,29.8,101.38,2026-05-04T18:45:00Z,,2026-05-04T17:45:00Z
287,287,3,FabLine Freight,HTR00000287,packed,1504,7.2,396.21,2026-05-04T18:40:00Z,,2026-05-04T17:40:00Z
288,288,8,ChannelFlow Priority,HTR00000288,shipped,2148,41.4,383.93,2026-05-04T18:35:00Z,,2026-05-04T17:35:00Z
289,289,1,Oracle Logistics Cloud,HTR00000289,in_transit,237,16.4,124.27,2026-05-04T18:30:00Z,,2026-05-04T17:30:00Z
290,290,6,Silicon Route Express,HTR00000290,out_for_delivery,2649,4.4,264.57,2026-05-04T18:25:00Z,,2026-05-04T17:25:00Z
291,291,11,FabLine Freight,HTR00000291,preparing,2554,59,336.82,2026-05-04T18:20:00Z,,2026-05-04T17:20:00Z
292,292,4,ChannelFlow Priority,HTR00000292,delivered,2532,40.8,415.1,2026-05-04T18:15:00Z,2026-05-04T22:15:00Z,2026-05-04T17:15:00Z
293,293,9,Oracle Logistics Cloud,HTR00000293,shipped,1570,40.8,278.67,2026-05-04T18:10:00Z,,2026-05-04T17:10:00Z
294,294,2,Silicon Route Express,HTR00000294,in_transit,2096,56.9,208.89,2026-05-04T18:05:00Z,,2026-05-04T17:05:00Z
295,295,7,FabLine Freight,HTR00000295,out_for_delivery,2118,21.6,352.84,2026-05-04T18:00:00Z,,2026-05-04T17:00:00Z
296,296,12,ChannelFlow Priority,HTR00000296,preparing,492,53.3,250.78,2026-05-04T17:55:00Z,,2026-05-04T16:55:00Z
297,297,5,Oracle Logistics Cloud,HTR00000297,packed,657,43.2,344.1,2026-05-04T17:50:00Z,,2026-05-04T16:50:00Z
298,298,10,Silicon Route Express,HTR00000298,shipped,2662,19.2,91.89,2026-05-04T17:45:00Z,,2026-05-04T16:45:00Z
299,299,3,FabLine Freight,HTR00000299,in_transit,2143,70.6,209.88,2026-05-04T17:40:00Z,,2026-05-04T16:40:00Z
300,300,8,ChannelFlow Priority,HTR00000300,delivered,2221,64.8,500.56,2026-05-04T17:35:00Z,2026-05-04T21:35:00Z,2026-05-04T16:35:00Z
301,301,1,Oracle Logistics Cloud,HTR00000301,preparing,2674,36.6,39.27,2026-05-04T17:30:00Z,,2026-05-04T16:30:00Z
302,302,6,Silicon Route Express,HTR00000302,packed,303,52.1,84.12,2026-05-04T17:25:00Z,,2026-05-04T16:25:00Z
303,303,11,FabLine Freight,HTR00000303,shipped,2372,75.6,343.91,2026-05-04T17:20:00Z,,2026-05-04T16:20:00Z
304,304,4,ChannelFlow Priority,HTR00000304,in_transit,88,42.1,439.51,2026-05-04T17:15:00Z,,2026-05-04T16:15:00Z
305,305,9,Oracle Logistics Cloud,HTR00000305,out_for_delivery,1284,33.2,484.98,2026-05-04T17:10:00Z,,2026-05-04T16:10:00Z
306,306,2,Silicon Route Express,HTR00000306,preparing,384,24.3,245.55,2026-05-04T17:05:00Z,,2026-05-04T16:05:00Z
307,307,7,FabLine Freight,HTR00000307,packed,1613,34.5,136.74,2026-05-04T17:00:00Z,,2026-05-04T16:00:00Z
308,308,12,ChannelFlow Priority,HTR00000308,delivered,1177,7.5,230.99,2026-05-04T16:55:00Z,2026-05-04T20:55:00Z,2026-05-04T15:55:00Z
309,309,5,Oracle Logistics Cloud,HTR00000309,in_transit,411,57.7,147.41,2026-05-04T16:50:00Z,,2026-05-04T15:50:00Z
310,310,10,Silicon Route Express,HTR00000310,out_for_delivery,881,26.5,438.9,2026-05-04T16:45:00Z,,2026-05-04T15:45:00Z
311,311,3,FabLine Freight,HTR00000311,preparing,2165,61.6,122.95,2026-05-04T16:40:00Z,,2026-05-04T15:40:00Z
312,312,8,ChannelFlow Priority,HTR00000312,packed,1051,29.1,491.52,2026-05-04T16:35:00Z,,2026-05-04T15:35:00Z
313,313,1,Oracle Logistics Cloud,HTR00000313,shipped,1037,5.4,380.66,2026-05-04T16:30:00Z,,2026-05-04T15:30:00Z
314,314,6,Silicon Route Express,HTR00000314,in_transit,1616,19.4,246.37,2026-05-04T16:25:00Z,,2026-05-04T15:25:00Z
315,315,11,FabLine Freight,HTR00000315,out_for_delivery,1425,61.2,339.35,2026-05-04T16:20:00Z,,2026-05-04T15:20:00Z
316,316,4,ChannelFlow Priority,HTR00000316,delivered,2394,34.1,26.69,2026-05-04T16:15:00Z,2026-05-04T20:15:00Z,2026-05-04T15:15:00Z
317,317,9,Oracle Logistics Cloud,HTR00000317,packed,543,36.7,175.29,2026-05-04T16:10:00Z,,2026-05-04T15:10:00Z
318,318,2,Silicon Route Express,HTR00000318,shipped,218,7.7,214.41,2026-05-04T16:05:00Z,,2026-05-04T15:05:00Z
319,319,7,FabLine Freight,HTR00000319,in_transit,1592,24.1,235.92,2026-05-04T16:00:00Z,,2026-05-04T15:00:00Z
320,320,12,ChannelFlow Priority,HTR00000320,out_for_delivery,1729,66.4,35.38,2026-05-04T15:55:00Z,,2026-05-04T14:55:00Z
321,321,5,Oracle Logistics Cloud,HTR00000321,preparing,503,12.6,425.97,2026-05-04T15:50:00Z,,2026-05-04T14:50:00Z
322,322,10,Silicon Route Express,HTR00000322,packed,1194,9.7,191.26,2026-05-04T15:45:00Z,,2026-05-04T14:45:00Z
323,323,3,FabLine Freight,HTR00000323,shipped,2648,46.5,365.84,2026-05-04T15:40:00Z,,2026-05-04T14:40:00Z
324,324,8,ChannelFlow Priority,HTR00000324,delivered,1455,61,502.47,2026-05-04T15:35:00Z,2026-05-04T19:35:00Z,2026-05-04T14:35:00Z
325,325,1,Oracle Logistics Cloud,HTR00000325,out_for_delivery,1651,63.3,108.16,2026-05-04T15:30:00Z,,2026-05-04T14:30:00Z
326,326,6,Silicon Route Express,HTR00000326,preparing,2633,54,262.4,2026-05-04T15:25:00Z,,2026-05-04T14:25:00Z
327,327,11,FabLine Freight,HTR00000327,packed,2001,64,152.68,2026-05-04T15:20:00Z,,2026-05-04T14:20:00Z
328,328,4,ChannelFlow Priority,HTR00000328,shipped,1470,75.2,353.42,2026-05-04T15:15:00Z,,2026-05-04T14:15:00Z
329,329,9,Oracle Logistics Cloud,HTR00000329,in_transit,1119,52.2,438.85,2026-05-04T15:10:00Z,,2026-05-04T14:10:00Z
330,330,2,Silicon Route Express,HTR00000330,out_for_delivery,1386,57,347.22,2026-05-04T15:05:00Z,,2026-05-04T14:05:00Z
331,331,7,FabLine Freight,HTR00000331,preparing,491,20.6,153.65,2026-05-04T15:00:00Z,,2026-05-04T14:00:00Z
332,332,12,ChannelFlow Priority,HTR00000332,delivered,180,27.9,426.6,2026-05-04T14:55:00Z,2026-05-04T18:55:00Z,2026-05-04T13:55:00Z
333,333,5,Oracle Logistics Cloud,HTR00000333,shipped,187,72.5,120.21,2026-05-04T14:50:00Z,,2026-05-04T13:50:00Z
334,334,10,Silicon Route Express,HTR00000334,in_transit,331,31.3,107.5,2026-05-04T14:45:00Z,,2026-05-04T13:45:00Z
335,335,3,FabLine Freight,HTR00000335,out_for_delivery,978,63.8,78.29,2026-05-04T14:40:00Z,,2026-05-04T13:40:00Z
336,336,8,ChannelFlow Priority,HTR00000336,preparing,915,50.2,265.79,2026-05-04T14:35:00Z,,2026-05-04T13:35:00Z
337,337,1,Oracle Logistics Cloud,HTR00000337,packed,1666,40.6,417.62,2026-05-04T14:30:00Z,,2026-05-04T13:30:00Z
338,338,6,Silicon Route Express,HTR00000338,shipped,2105,32,274.05,2026-05-04T14:25:00Z,,2026-05-04T13:25:00Z
339,339,11,FabLine Freight,HTR00000339,in_transit,229,28.1,81.6,2026-05-04T14:20:00Z,,2026-05-04T13:20:00Z
340,340,4,ChannelFlow Priority,HTR00000340,delivered,759,21.2,181.85,2026-05-04T14:15:00Z,2026-05-04T18:15:00Z,2026-05-04T13:15:00Z
341,341,9,Oracle Logistics Cloud,HTR00000341,preparing,2644,30.6,438.9,2026-05-04T14:10:00Z,,2026-05-04T13:10:00Z
342,342,2,Silicon Route Express,HTR00000342,packed,1788,71.9,269.58,2026-05-04T14:05:00Z,,2026-05-04T13:05:00Z
343,343,7,FabLine Freight,HTR00000343,shipped,938,69.2,197.75,2026-05-04T14:00:00Z,,2026-05-04T13:00:00Z
344,344,12,ChannelFlow Priority,HTR00000344,in_transit,1248,55.3,487.52,2026-05-04T13:55:00Z,,2026-05-04T12:55:00Z
345,345,5,Oracle Logistics Cloud,HTR00000345,out_for_delivery,1814,54.2,353.58,2026-05-04T13:50:00Z,,2026-05-04T12:50:00Z
346,346,10,Silicon Route Express,HTR00000346,preparing,1474,67.9,164.4,2026-05-04T13:45:00Z,,2026-05-04T12:45:00Z
347,347,3,FabLine Freight,HTR00000347,packed,1969,73.8,230.06,2026-05-04T13:40:00Z,,2026-05-04T12:40:00Z
348,348,8,ChannelFlow Priority,HTR00000348,delivered,1206,18.2,99.74,2026-05-04T13:35:00Z,2026-05-04T17:35:00Z,2026-05-04T12:35:00Z
349,349,1,Oracle Logistics Cloud,HTR00000349,in_transit,1334,33.7,206.13,2026-05-04T13:30:00Z,,2026-05-04T12:30:00Z
350,350,6,Silicon Route Express,HTR00000350,out_for_delivery,2447,47.9,204.82,2026-05-04T13:25:00Z,,2026-05-04T12:25:00Z
351,351,11,FabLine Freight,HTR00000351,preparing,2068,41.1,393.03,2026-05-04T13:20:00Z,,2026-05-04T12:20:00Z
352,352,4,ChannelFlow Priority,HTR00000352,packed,2440,9.9,435.74,2026-05-04T13:15:00Z,,2026-05-04T12:15:00Z
353,353,9,Oracle Logistics Cloud,HTR00000353,shipped,1877,72.4,283.51,2026-05-04T13:10:00Z,,2026-05-04T12:10:00Z
354,354,2,Silicon Route Express,HTR00000354,in_transit,264,35.1,231.85,2026-05-04T13:05:00Z,,2026-05-04T12:05:00Z
355,355,7,FabLine Freight,HTR00000355,out_for_delivery,574,37.2,284.42,2026-05-04T13:00:00Z,,2026-05-04T12:00:00Z
356,356,12,ChannelFlow Priority,HTR00000356,delivered,1760,26.7,208.15,2026-05-04T12:55:00Z,2026-05-04T16:55:00Z,2026-05-04T11:55:00Z
357,357,5,Oracle Logistics Cloud,HTR00000357,packed,121,75.3,325.74,2026-05-04T12:50:00Z,,2026-05-04T11:50:00Z
358,358,10,Silicon Route Express,HTR00000358,shipped,694,69.6,157.91,2026-05-04T12:45:00Z,,2026-05-04T11:45:00Z
359,359,3,FabLine Freight,HTR00000359,in_transit,120,20.8,413.93,2026-05-04T12:40:00Z,,2026-05-04T11:40:00Z
360,360,8,ChannelFlow Priority,HTR00000360,out_for_delivery,1279,70.1,340.4,2026-05-04T12:35:00Z,,2026-05-04T11:35:00Z
361,361,1,Oracle Logistics Cloud,HTR00000361,preparing,718,32.4,227.59,2026-05-04T12:30:00Z,,2026-05-04T11:30:00Z
362,362,6,Silicon Route Express,HTR00000362,packed,1004,28.7,134.66,2026-05-04T12:25:00Z,,2026-05-04T11:25:00Z
363,363,11,FabLine Freight,HTR00000363,shipped,863,36.7,117.12,2026-05-04T12:20:00Z,,2026-05-04T11:20:00Z
364,364,4,ChannelFlow Priority,HTR00000364,delivered,2419,42.8,407.98,2026-05-04T12:15:00Z,2026-05-04T16:15:00Z,2026-05-04T11:15:00Z
365,365,9,Oracle Logistics Cloud,HTR00000365,out_for_delivery,1248,52,315.95,2026-05-04T12:10:00Z,,2026-05-04T11:10:00Z
366,366,2,Silicon Route Express,HTR00000366,preparing,198,18.5,246.33,2026-05-04T12:05:00Z,,2026-05-04T11:05:00Z
367,367,7,FabLine Freight,HTR00000367,packed,760,5.9,149.85,2026-05-04T12:00:00Z,,2026-05-04T11:00:00Z
368,368,12,ChannelFlow Priority,HTR00000368,shipped,2427,7.3,445.77,2026-05-04T11:55:00Z,,2026-05-04T10:55:00Z
369,369,5,Oracle Logistics Cloud,HTR00000369,in_transit,686,31,102.89,2026-05-04T11:50:00Z,,2026-05-04T10:50:00Z
370,370,10,Silicon Route Express,HTR00000370,out_for_delivery,2157,71.8,476.5,2026-05-04T11:45:00Z,,2026-05-04T10:45:00Z
371,371,3,FabLine Freight,HTR00000371,preparing,320,31.7,200.05,2026-05-04T11:40:00Z,,2026-05-04T10:40:00Z
372,372,8,ChannelFlow Priority,HTR00000372,delivered,1880,40.9,446.34,2026-05-04T11:35:00Z,2026-05-04T15:35:00Z,2026-05-04T10:35:00Z
373,373,1,Oracle Logistics Cloud,HTR00000373,shipped,1176,22,217.71,2026-05-04T11:30:00Z,,2026-05-04T10:30:00Z
374,374,6,Silicon Route Express,HTR00000374,in_transit,1868,12.5,361.5,2026-05-04T11:25:00Z,,2026-05-04T10:25:00Z
375,375,11,FabLine Freight,HTR00000375,out_for_delivery,858,56.9,406.23,2026-05-04T11:20:00Z,,2026-05-04T10:20:00Z
376,376,4,ChannelFlow Priority,HTR00000376,preparing,714,51.5,66.33,2026-05-04T11:15:00Z,,2026-05-04T10:15:00Z
377,377,9,Oracle Logistics Cloud,HTR00000377,packed,583,36.1,147.62,2026-05-04T11:10:00Z,,2026-05-04T10:10:00Z
378,378,2,Silicon Route Express,HTR00000378,shipped,485,31.9,70.44,2026-05-04T11:05:00Z,,2026-05-04T10:05:00Z
379,379,7,FabLine Freight,HTR00000379,in_transit,585,13.1,423.61,2026-05-04T11:00:00Z,,2026-05-04T10:00:00Z
380,380,12,ChannelFlow Priority,HTR00000380,delivered,1304,64.9,275.49,2026-05-04T10:55:00Z,2026-05-04T14:55:00Z,2026-05-04T09:55:00Z
381,381,5,Oracle Logistics Cloud,HTR00000381,preparing,1183,14.2,212.77,2026-05-04T10:50:00Z,,2026-05-04T09:50:00Z
382,382,10,Silicon Route Express,HTR00000382,packed,128,45.8,502,2026-05-04T10:45:00Z,,2026-05-04T09:45:00Z
383,383,3,FabLine Freight,HTR00000383,shipped,2336,52,226.87,2026-05-04T10:40:00Z,,2026-05-04T09:40:00Z
384,384,8,ChannelFlow Priority,HTR00000384,in_transit,1196,45.6,62.14,2026-05-04T10:35:00Z,,2026-05-04T09:35:00Z
385,385,1,Oracle Logistics Cloud,HTR00000385,out_for_delivery,1366,24.7,170.43,2026-05-04T10:30:00Z,,2026-05-04T09:30:00Z
386,386,6,Silicon Route Express,HTR00000386,preparing,2486,39.3,340.03,2026-05-04T10:25:00Z,,2026-05-04T09:25:00Z
387,387,11,FabLine Freight,HTR00000387,packed,178,55.6,475.14,2026-05-04T10:20:00Z,,2026-05-04T09:20:00Z
388,388,4,ChannelFlow Priority,HTR00000388,delivered,1767,17.4,242.22,2026-05-04T10:15:00Z,2026-05-04T14:15:00Z,2026-05-04T09:15:00Z
389,389,9,Oracle Logistics Cloud,HTR00000389,in_transit,1397,63.2,311.88,2026-05-04T10:10:00Z,,2026-05-04T09:10:00Z
390,390,2,Silicon Route Express,HTR00000390,out_for_delivery,231,54.9,189.86,2026-05-04T10:05:00Z,,2026-05-04T09:05:00Z
391,391,7,FabLine Freight,HTR00000391,preparing,207,58.6,455.22,2026-05-04T10:00:00Z,,2026-05-04T09:00:00Z
392,392,12,ChannelFlow Priority,HTR00000392,packed,2223,16.2,383.74,2026-05-04T09:55:00Z,,2026-05-04T08:55:00Z
393,393,5,Oracle Logistics Cloud,HTR00000393,shipped,2344,66.2,482.95,2026-05-04T09:50:00Z,,2026-05-04T08:50:00Z
394,394,10,Silicon Route Express,HTR00000394,in_transit,1131,66.7,238.02,2026-05-04T09:45:00Z,,2026-05-04T08:45:00Z
395,395,3,FabLine Freight,HTR00000395,out_for_delivery,408,74,431.31,2026-05-04T09:40:00Z,,2026-05-04T08:40:00Z
396,396,8,ChannelFlow Priority,HTR00000396,delivered,1514,53.5,219.52,2026-05-04T09:35:00Z,2026-05-04T13:35:00Z,2026-05-04T08:35:00Z
397,397,1,Oracle Logistics Cloud,HTR00000397,packed,1700,9.9,84.72,2026-05-04T09:30:00Z,,2026-05-04T08:30:00Z
398,398,6,Silicon Route Express,HTR00000398,shipped,2636,29.7,457.78,2026-05-04T09:25:00Z,,2026-05-04T08:25:00Z
399,399,11,FabLine Freight,HTR00000399,in_transit,1592,25.2,358.83,2026-05-04T09:20:00Z,,2026-05-04T08:20:00Z
400,400,4,ChannelFlow Priority,HTR00000400,out_for_delivery,1169,34.1,414.1,2026-05-04T09:15:00Z,,2026-05-04T08:15:00Z
401,401,9,Oracle Logistics Cloud,HTR00000401,preparing,2055,58.8,475.36,2026-05-04T09:10:00Z,,2026-05-04T08:10:00Z
402,402,2,Silicon Route Express,HTR00000402,packed,1318,75.6,131.77,2026-05-04T09:05:00Z,,2026-05-04T08:05:00Z
403,403,7,FabLine Freight,HTR00000403,shipped,2653,22.3,485.75,2026-05-04T09:00:00Z,,2026-05-04T08:00:00Z
404,404,12,ChannelFlow Priority,HTR00000404,delivered,636,48.6,455.84,2026-05-04T08:55:00Z,2026-05-04T12:55:00Z,2026-05-04T07:55:00Z
405,405,5,Oracle Logistics Cloud,HTR00000405,out_for_delivery,1933,34.9,499.52,2026-05-04T08:50:00Z,,2026-05-04T07:50:00Z
406,406,10,Silicon Route Express,HTR00000406,preparing,622,57,31.94,2026-05-04T08:45:00Z,,2026-05-04T07:45:00Z
407,407,3,FabLine Freight,HTR00000407,packed,1734,55.5,32.62,2026-05-04T08:40:00Z,,2026-05-04T07:40:00Z
408,408,8,ChannelFlow Priority,HTR00000408,shipped,947,28.6,99.49,2026-05-04T08:35:00Z,,2026-05-04T07:35:00Z
409,409,1,Oracle Logistics Cloud,HTR00000409,in_transit,1530,66.9,245.53,2026-05-04T08:30:00Z,,2026-05-04T07:30:00Z
410,410,6,Silicon Route Express,HTR00000410,out_for_delivery,1977,19.8,61.26,2026-05-04T08:25:00Z,,2026-05-04T07:25:00Z
411,411,11,FabLine Freight,HTR00000411,preparing,1135,4.3,172.12,2026-05-04T08:20:00Z,,2026-05-04T07:20:00Z
412,412,4,ChannelFlow Priority,HTR00000412,delivered,434,15.5,236.6,2026-05-04T08:15:00Z,2026-05-04T12:15:00Z,2026-05-04T07:15:00Z
413,413,9,Oracle Logistics Cloud,HTR00000413,shipped,1477,11.4,102.62,2026-05-04T08:10:00Z,,2026-05-04T07:10:00Z
414,414,2,Silicon Route Express,HTR00000414,in_transit,2562,49.1,350.59,2026-05-04T08:05:00Z,,2026-05-04T07:05:00Z
415,415,7,FabLine Freight,HTR00000415,out_for_delivery,1994,37.9,218.87,2026-05-04T08:00:00Z,,2026-05-04T07:00:00Z
416,416,12,ChannelFlow Priority,HTR00000416,preparing,87,47.6,151.77,2026-05-04T07:55:00Z,,2026-05-04T06:55:00Z
417,417,5,Oracle Logistics Cloud,HTR00000417,packed,1941,38.5,151.3,2026-05-04T07:50:00Z,,2026-05-04T06:50:00Z
418,418,10,Silicon Route Express,HTR00000418,shipped,1963,54.4,448.03,2026-05-04T07:45:00Z,,2026-05-04T06:45:00Z
419,419,3,FabLine Freight,HTR00000419,in_transit,1418,5.4,38.1,2026-05-04T07:40:00Z,,2026-05-04T06:40:00Z
420,420,8,ChannelFlow Priority,HTR00000420,delivered,441,18,222.74,2026-05-04T07:35:00Z,2026-05-04T11:35:00Z,2026-05-04T06:35:00Z
421,421,1,Oracle Logistics Cloud,HTR00000421,preparing,1053,40.8,136.32,2026-05-04T07:30:00Z,,2026-05-04T06:30:00Z
422,422,6,Silicon Route Express,HTR00000422,packed,1823,68.8,169.5,2026-05-04T07:25:00Z,,2026-05-04T06:25:00Z
423,423,11,FabLine Freight,HTR00000423,shipped,1696,34.9,204.1,2026-05-04T07:20:00Z,,2026-05-04T06:20:00Z
424,424,4,ChannelFlow Priority,HTR00000424,in_transit,556,63.4,94.19,2026-05-04T07:15:00Z,,2026-05-04T06:15:00Z
425,425,9,Oracle Logistics Cloud,HTR00000425,out_for_delivery,1687,52.3,362.93,2026-05-04T07:10:00Z,,2026-05-04T06:10:00Z
426,426,2,Silicon Route Express,HTR00000426,preparing,1896,37.6,121.67,2026-05-04T07:05:00Z,,2026-05-04T06:05:00Z
427,427,7,FabLine Freight,HTR00000427,packed,305,5.6,416.73,2026-05-04T07:00:00Z,,2026-05-04T06:00:00Z
428,428,12,ChannelFlow Priority,HTR00000428,delivered,1081,18.6,127.03,2026-05-04T06:55:00Z,2026-05-04T10:55:00Z,2026-05-04T05:55:00Z
429,429,5,Oracle Logistics Cloud,HTR00000429,in_transit,2643,32.5,367.72,2026-05-04T06:50:00Z,,2026-05-04T05:50:00Z
430,430,10,Silicon Route Express,HTR00000430,out_for_delivery,608,68.1,411.13,2026-05-04T06:45:00Z,,2026-05-04T05:45:00Z
431,431,3,FabLine Freight,HTR00000431,preparing,1924,23.1,494.42,2026-05-04T06:40:00Z,,2026-05-04T05:40:00Z
432,432,8,ChannelFlow Priority,HTR00000432,packed,2258,54.1,224.85,2026-05-04T06:35:00Z,,2026-05-04T05:35:00Z
433,433,1,Oracle Logistics Cloud,HTR00000433,shipped,1997,26.6,291.91,2026-05-04T06:30:00Z,,2026-05-04T05:30:00Z
434,434,6,Silicon Route Express,HTR00000434,in_transit,1197,71.2,473.34,2026-05-04T06:25:00Z,,2026-05-04T05:25:00Z
435,435,11,FabLine Freight,HTR00000435,out_for_delivery,2598,14.8,158.68,2026-05-04T06:20:00Z,,2026-05-04T05:20:00Z
436,436,4,ChannelFlow Priority,HTR00000436,delivered,620,62.4,273.45,2026-05-04T06:15:00Z,2026-05-04T10:15:00Z,2026-05-04T05:15:00Z
437,437,9,Oracle Logistics Cloud,HTR00000437,packed,418,58.3,339.26,2026-05-04T06:10:00Z,,2026-05-04T05:10:00Z
438,438,2,Silicon Route Express,HTR00000438,shipped,1293,73.8,195.57,2026-05-04T06:05:00Z,,2026-05-04T05:05:00Z
439,439,7,FabLine Freight,HTR00000439,in_transit,2340,57.4,116.11,2026-05-04T06:00:00Z,,2026-05-04T05:00:00Z
440,440,12,ChannelFlow Priority,HTR00000440,out_for_delivery,2601,63.4,199.3,2026-05-04T05:55:00Z,,2026-05-04T04:55:00Z
441,441,5,Oracle Logistics Cloud,HTR00000441,preparing,2636,43.2,56.29,2026-05-04T05:50:00Z,,2026-05-04T04:50:00Z
442,442,10,Silicon Route Express,HTR00000442,packed,150,57.1,154.84,2026-05-04T05:45:00Z,,2026-05-04T04:45:00Z
443,443,3,FabLine Freight,HTR00000443,shipped,2399,39.1,169,2026-05-04T05:40:00Z,,2026-05-04T04:40:00Z
444,444,8,ChannelFlow Priority,HTR00000444,delivered,896,45.6,48.47,2026-05-04T05:35:00Z,2026-05-04T09:35:00Z,2026-05-04T04:35:00Z
445,445,1,Oracle Logistics Cloud,HTR00000445,out_for_delivery,234,47.4,273.26,2026-05-04T05:30:00Z,,2026-05-04T04:30:00Z
446,446,6,Silicon Route Express,HTR00000446,preparing,338,26.3,326.16,2026-05-04T05:25:00Z,,2026-05-04T04:25:00Z
447,447,11,FabLine Freight,HTR00000447,packed,769,8.1,45.98,2026-05-04T05:20:00Z,,2026-05-04T04:20:00Z
448,448,4,ChannelFlow Priority,HTR00000448,shipped,560,35.3,192.4,2026-05-04T05:15:00Z,,2026-05-04T04:15:00Z
449,449,9,Oracle Logistics Cloud,HTR00000449,in_transit,1467,67.3,440.92,2026-05-04T05:10:00Z,,2026-05-04T04:10:00Z
450,450,2,Silicon Route Express,HTR00000450,out_for_delivery,2155,49.3,91.99,2026-05-04T05:05:00Z,,2026-05-04T04:05:00Z
451,451,7,FabLine Freight,HTR00000451,preparing,1580,64.9,152.45,2026-05-04T05:00:00Z,,2026-05-04T04:00:00Z
452,452,12,ChannelFlow Priority,HTR00000452,delivered,454,71.3,484.43,2026-05-04T04:55:00Z,2026-05-04T08:55:00Z,2026-05-04T03:55:00Z
453,453,5,Oracle Logistics Cloud,HTR00000453,shipped,383,20,412.5,2026-05-04T04:50:00Z,,2026-05-04T03:50:00Z
454,454,10,Silicon Route Express,HTR00000454,in_transit,1514,33.8,291.69,2026-05-04T04:45:00Z,,2026-05-04T03:45:00Z
455,455,3,FabLine Freight,HTR00000455,out_for_delivery,1398,40.9,348.43,2026-05-04T04:40:00Z,,2026-05-04T03:40:00Z
456,456,8,ChannelFlow Priority,HTR00000456,preparing,617,37.9,57.98,2026-05-04T04:35:00Z,,2026-05-04T03:35:00Z
457,457,1,Oracle Logistics Cloud,HTR00000457,packed,2560,25.4,378.26,2026-05-04T04:30:00Z,,2026-05-04T03:30:00Z
458,458,6,Silicon Route Express,HTR00000458,shipped,91,26.4,92.28,2026-05-04T04:25:00Z,,2026-05-04T03:25:00Z
459,459,11,FabLine Freight,HTR00000459,in_transit,2647,32.7,138.45,2026-05-04T04:20:00Z,,2026-05-04T03:20:00Z
460,460,4,ChannelFlow Priority,HTR00000460,delivered,1832,24.9,348.72,2026-05-04T04:15:00Z,2026-05-04T08:15:00Z,2026-05-04T03:15:00Z
461,461,9,Oracle Logistics Cloud,HTR00000461,preparing,2309,24.1,355.78,2026-05-04T04:10:00Z,,2026-05-04T03:10:00Z
462,462,2,Silicon Route Express,HTR00000462,packed,397,68.3,267.1,2026-05-04T04:05:00Z,,2026-05-04T03:05:00Z
463,463,7,FabLine Freight,HTR00000463,shipped,2353,32.4,401.91,2026-05-04T04:00:00Z,,2026-05-04T03:00:00Z
464,464,12,ChannelFlow Priority,HTR00000464,in_transit,1502,21.3,277.77,2026-05-04T03:55:00Z,,2026-05-04T02:55:00Z
465,465,5,Oracle Logistics Cloud,HTR00000465,out_for_delivery,1039,50.7,337.6,2026-05-04T03:50:00Z,,2026-05-04T02:50:00Z
466,466,10,Silicon Route Express,HTR00000466,preparing,354,38.1,176.26,2026-05-04T03:45:00Z,,2026-05-04T02:45:00Z
467,467,3,FabLine Freight,HTR00000467,packed,1278,17,347.16,2026-05-04T03:40:00Z,,2026-05-04T02:40:00Z
468,468,8,ChannelFlow Priority,HTR00000468,delivered,1741,22.5,193.42,2026-05-04T03:35:00Z,2026-05-04T07:35:00Z,2026-05-04T02:35:00Z
469,469,1,Oracle Logistics Cloud,HTR00000469,in_transit,1354,43.8,241.83,2026-05-04T03:30:00Z,,2026-05-04T02:30:00Z
470,470,6,Silicon Route Express,HTR00000470,out_for_delivery,93,44.3,378.37,2026-05-04T03:25:00Z,,2026-05-04T02:25:00Z
471,471,11,FabLine Freight,HTR00000471,preparing,362,47.9,121.35,2026-05-04T03:20:00Z,,2026-05-04T02:20:00Z
472,472,4,ChannelFlow Priority,HTR00000472,packed,710,25.6,67.19,2026-05-04T03:15:00Z,,2026-05-04T02:15:00Z
473,473,9,Oracle Logistics Cloud,HTR00000473,shipped,1566,73.7,378.8,2026-05-04T03:10:00Z,,2026-05-04T02:10:00Z
474,474,2,Silicon Route Express,HTR00000474,in_transit,710,13.1,346.32,2026-05-04T03:05:00Z,,2026-05-04T02:05:00Z
475,475,7,FabLine Freight,HTR00000475,out_for_delivery,2162,39.2,190.02,2026-05-04T03:00:00Z,,2026-05-04T02:00:00Z
476,476,12,ChannelFlow Priority,HTR00000476,delivered,1088,10.9,297.5,2026-05-04T02:55:00Z,2026-05-04T06:55:00Z,2026-05-04T01:55:00Z
477,477,5,Oracle Logistics Cloud,HTR00000477,packed,907,36.6,304.99,2026-05-04T02:50:00Z,,2026-05-04T01:50:00Z
478,478,10,Silicon Route Express,HTR00000478,shipped,507,53.7,61.65,2026-05-04T02:45:00Z,,2026-05-04T01:45:00Z
479,479,3,FabLine Freight,HTR00000479,in_transit,1168,45.9,111.64,2026-05-04T02:40:00Z,,2026-05-04T01:40:00Z
480,480,8,ChannelFlow Priority,HTR00000480,out_for_delivery,2415,17.1,106.81,2026-05-04T02:35:00Z,,2026-05-04T01:35:00Z
481,481,1,Oracle Logistics Cloud,HTR00000481,preparing,2255,23.7,388.71,2026-05-04T02:30:00Z,,2026-05-04T01:30:00Z
482,482,6,Silicon Route Express,HTR00000482,packed,810,59.1,323.63,2026-05-04T02:25:00Z,,2026-05-04T01:25:00Z
483,483,11,FabLine Freight,HTR00000483,shipped,2565,7.2,477.47,2026-05-04T02:20:00Z,,2026-05-04T01:20:00Z
484,484,4,ChannelFlow Priority,HTR00000484,delivered,1308,73.8,186.29,2026-05-04T02:15:00Z,2026-05-04T06:15:00Z,2026-05-04T01:15:00Z
485,485,9,Oracle Logistics Cloud,HTR00000485,out_for_delivery,1500,26.6,242.89,2026-05-04T02:10:00Z,,2026-05-04T01:10:00Z
486,486,2,Silicon Route Express,HTR00000486,preparing,2184,70.5,165.4,2026-05-04T02:05:00Z,,2026-05-04T01:05:00Z
487,487,7,FabLine Freight,HTR00000487,packed,2583,23.4,342.97,2026-05-04T02:00:00Z,,2026-05-04T01:00:00Z
488,488,12,ChannelFlow Priority,HTR00000488,shipped,1045,17.8,419.74,2026-05-04T01:55:00Z,,2026-05-04T00:55:00Z
489,489,5,Oracle Logistics Cloud,HTR00000489,in_transit,531,51,325.69,2026-05-04T01:50:00Z,,2026-05-04T00:50:00Z
490,490,10,Silicon Route Express,HTR00000490,out_for_delivery,384,10.2,385.18,2026-05-04T01:45:00Z,,2026-05-04T00:45:00Z
491,491,3,FabLine Freight,HTR00000491,preparing,932,17.4,392.19,2026-05-04T01:40:00Z,,2026-05-04T00:40:00Z
492,492,8,ChannelFlow Priority,HTR00000492,delivered,403,53.6,303.53,2026-05-04T01:35:00Z,2026-05-04T05:35:00Z,2026-05-04T00:35:00Z
493,493,1,Oracle Logistics Cloud,HTR00000493,shipped,2166,50.5,471.07,2026-05-04T01:30:00Z,,2026-05-04T00:30:00Z
494,494,6,Silicon Route Express,HTR00000494,in_transit,1980,63.5,95.56,2026-05-04T01:25:00Z,,2026-05-04T00:25:00Z
495,495,11,FabLine Freight,HTR00000495,out_for_delivery,2626,8.7,150.75,2026-05-04T01:20:00Z,,2026-05-04T00:20:00Z
496,496,4,ChannelFlow Priority,HTR00000496,preparing,2058,19.5,186.75,2026-05-04T01:15:00Z,,2026-05-04T00:15:00Z
497,497,9,Oracle Logistics Cloud,HTR00000497,packed,1625,42,134.83,2026-05-04T01:10:00Z,,2026-05-04T00:10:00Z
498,498,2,Silicon Route Express,HTR00000498,shipped,673,44,405.54,2026-05-04T01:05:00Z,,2026-05-04T00:05:00Z
499,499,7,FabLine Freight,HTR00000499,in_transit,675,36.4,265.3,2026-05-04T01:00:00Z,,2026-05-04T00:00:00Z
500,500,12,ChannelFlow Priority,HTR00000500,delivered,818,72.2,202.49,2026-05-04T00:55:00Z,2026-05-04T04:55:00Z,2026-05-03T23:55:00Z
501,501,5,Oracle Logistics Cloud,HTR00000501,preparing,1537,13.9,195.87,2026-05-04T00:50:00Z,,2026-05-03T23:50:00Z
502,502,10,Silicon Route Express,HTR00000502,packed,257,42.6,183.47,2026-05-04T00:45:00Z,,2026-05-03T23:45:00Z
503,503,3,FabLine Freight,HTR00000503,shipped,1586,66.2,314.63,2026-05-04T00:40:00Z,,2026-05-03T23:40:00Z
504,504,8,ChannelFlow Priority,HTR00000504,in_transit,2467,62.4,64.28,2026-05-04T00:35:00Z,,2026-05-03T23:35:00Z
505,505,1,Oracle Logistics Cloud,HTR00000505,out_for_delivery,337,18.7,439.52,2026-05-04T00:30:00Z,,2026-05-03T23:30:00Z
506,506,6,Silicon Route Express,HTR00000506,preparing,1973,49.6,479.87,2026-05-04T00:25:00Z,,2026-05-03T23:25:00Z
507,507,11,FabLine Freight,HTR00000507,packed,2254,16.8,356.95,2026-05-04T00:20:00Z,,2026-05-03T23:20:00Z
508,508,4,ChannelFlow Priority,HTR00000508,delivered,1479,28.5,394.64,2026-05-04T00:15:00Z,2026-05-04T04:15:00Z,2026-05-03T23:15:00Z
509,509,9,Oracle Logistics Cloud,HTR00000509,in_transit,2639,33.9,176.77,2026-05-04T00:10:00Z,,2026-05-03T23:10:00Z
510,510,2,Silicon Route Express,HTR00000510,out_for_delivery,1541,35.3,502.42,2026-05-04T00:05:00Z,,2026-05-03T23:05:00Z
511,511,7,FabLine Freight,HTR00000511,preparing,98,75.1,496.29,2026-05-04T00:00:00Z,,2026-05-03T23:00:00Z
512,512,12,ChannelFlow Priority,HTR00000512,packed,822,45.1,95.62,2026-05-03T23:55:00Z,,2026-05-03T22:55:00Z
513,513,5,Oracle Logistics Cloud,HTR00000513,shipped,767,21,398.97,2026-05-03T23:50:00Z,,2026-05-03T22:50:00Z
514,514,10,Silicon Route Express,HTR00000514,in_transit,2404,59.7,28.04,2026-05-03T23:45:00Z,,2026-05-03T22:45:00Z
515,515,3,FabLine Freight,HTR00000515,out_for_delivery,623,26.5,142.76,2026-05-03T23:40:00Z,,2026-05-03T22:40:00Z
516,516,8,ChannelFlow Priority,HTR00000516,delivered,2351,41.5,318.63,2026-05-03T23:35:00Z,2026-05-04T03:35:00Z,2026-05-03T22:35:00Z
517,517,1,Oracle Logistics Cloud,HTR00000517,packed,219,39.8,182.04,2026-05-03T23:30:00Z,,2026-05-03T22:30:00Z
518,518,6,Silicon Route Express,HTR00000518,shipped,1410,34.5,459.87,2026-05-03T23:25:00Z,,2026-05-03T22:25:00Z
519,519,11,FabLine Freight,HTR00000519,in_transit,1610,39.1,150.21,2026-05-03T23:20:00Z,,2026-05-03T22:20:00Z
520,520,4,ChannelFlow Priority,HTR00000520,out_for_delivery,2669,38.6,403.65,2026-05-03T23:15:00Z,,2026-05-03T22:15:00Z
521,521,9,Oracle Logistics Cloud,HTR00000521,preparing,2185,20.1,294.26,2026-05-03T23:10:00Z,,2026-05-03T22:10:00Z
522,522,2,Silicon Route Express,HTR00000522,packed,1610,23.6,153.14,2026-05-03T23:05:00Z,,2026-05-03T22:05:00Z
523,523,7,FabLine Freight,HTR00000523,shipped,1728,30.9,318.43,2026-05-03T23:00:00Z,,2026-05-03T22:00:00Z
524,524,12,ChannelFlow Priority,HTR00000524,delivered,859,8.6,194.93,2026-05-03T22:55:00Z,2026-05-04T02:55:00Z,2026-05-03T21:55:00Z
525,525,5,Oracle Logistics Cloud,HTR00000525,out_for_delivery,1302,55.8,210.82,2026-05-03T22:50:00Z,,2026-05-03T21:50:00Z
526,526,10,Silicon Route Express,HTR00000526,preparing,2069,52.9,488.51,2026-05-03T22:45:00Z,,2026-05-03T21:45:00Z
527,527,3,FabLine Freight,HTR00000527,packed,1159,65.2,146.09,2026-05-03T22:40:00Z,,2026-05-03T21:40:00Z
528,528,8,ChannelFlow Priority,HTR00000528,shipped,296,6.1,78.44,2026-05-03T22:35:00Z,,2026-05-03T21:35:00Z
529,529,1,Oracle Logistics Cloud,HTR00000529,in_transit,2273,71.5,291.44,2026-05-03T22:30:00Z,,2026-05-03T21:30:00Z
530,530,6,Silicon Route Express,HTR00000530,out_for_delivery,2300,26.2,112.39,2026-05-03T22:25:00Z,,2026-05-03T21:25:00Z
531,531,11,FabLine Freight,HTR00000531,preparing,1415,27.9,305.05,2026-05-03T22:20:00Z,,2026-05-03T21:20:00Z
532,532,4,ChannelFlow Priority,HTR00000532,delivered,895,43.8,265.12,2026-05-03T22:15:00Z,2026-05-04T02:15:00Z,2026-05-03T21:15:00Z
533,533,9,Oracle Logistics Cloud,HTR00000533,shipped,877,35.5,210.04,2026-05-03T22:10:00Z,,2026-05-03T21:10:00Z
534,534,2,Silicon Route Express,HTR00000534,in_transit,974,35.3,370.4,2026-05-03T22:05:00Z,,2026-05-03T21:05:00Z
535,535,7,FabLine Freight,HTR00000535,out_for_delivery,1824,16.6,155.73,2026-05-03T22:00:00Z,,2026-05-03T21:00:00Z
536,536,12,ChannelFlow Priority,HTR00000536,preparing,2558,26.3,364.13,2026-05-03T21:55:00Z,,2026-05-03T20:55:00Z
537,537,5,Oracle Logistics Cloud,HTR00000537,packed,523,54.6,147.63,2026-05-03T21:50:00Z,,2026-05-03T20:50:00Z
538,538,10,Silicon Route Express,HTR00000538,shipped,839,15.6,424.37,2026-05-03T21:45:00Z,,2026-05-03T20:45:00Z
539,539,3,FabLine Freight,HTR00000539,in_transit,1610,41.8,444.21,2026-05-03T21:40:00Z,,2026-05-03T20:40:00Z
540,540,8,ChannelFlow Priority,HTR00000540,delivered,1220,30.2,289.23,2026-05-03T21:35:00Z,2026-05-04T01:35:00Z,2026-05-03T20:35:00Z
541,541,1,Oracle Logistics Cloud,HTR00000541,preparing,2341,40,423.4,2026-05-03T21:30:00Z,,2026-05-03T20:30:00Z
542,542,6,Silicon Route Express,HTR00000542,packed,1295,18.3,377.92,2026-05-03T21:25:00Z,,2026-05-03T20:25:00Z
543,543,11,FabLine Freight,HTR00000543,shipped,2398,60.1,146.07,2026-05-03T21:20:00Z,,2026-05-03T20:20:00Z
544,544,4,ChannelFlow Priority,HTR00000544,in_transit,2598,44.7,219.64,2026-05-03T21:15:00Z,,2026-05-03T20:15:00Z
545,545,9,Oracle Logistics Cloud,HTR00000545,out_for_delivery,1090,33.5,413.73,2026-05-03T21:10:00Z,,2026-05-03T20:10:00Z
546,546,2,Silicon Route Express,HTR00000546,preparing,2676,36.1,285.65,2026-05-03T21:05:00Z,,2026-05-03T20:05:00Z
547,547,7,FabLine Freight,HTR00000547,packed,1345,55.4,339.15,2026-05-03T21:00:00Z,,2026-05-03T20:00:00Z
548,548,12,ChannelFlow Priority,HTR00000548,delivered,1864,48.7,252.77,2026-05-03T20:55:00Z,2026-05-04T00:55:00Z,2026-05-03T19:55:00Z
549,549,5,Oracle Logistics Cloud,HTR00000549,in_transit,1638,45,386.47,2026-05-03T20:50:00Z,,2026-05-03T19:50:00Z
550,550,10,Silicon Route Express,HTR00000550,out_for_delivery,1879,28.6,84.63,2026-05-03T20:45:00Z,,2026-05-03T19:45:00Z
551,551,3,FabLine Freight,HTR00000551,preparing,2170,34.9,46.4,2026-05-03T20:40:00Z,,2026-05-03T19:40:00Z
552,552,8,ChannelFlow Priority,HTR00000552,packed,2325,42.5,262.31,2026-05-03T20:35:00Z,,2026-05-03T19:35:00Z
553,553,1,Oracle Logistics Cloud,HTR00000553,shipped,928,6.4,486.96,2026-05-03T20:30:00Z,,2026-05-03T19:30:00Z
554,554,6,Silicon Route Express,HTR00000554,in_transit,951,60.1,45.04,2026-05-03T20:25:00Z,,2026-05-03T19:25:00Z
555,555,11,FabLine Freight,HTR00000555,out_for_delivery,460,73.4,343.25,2026-05-03T20:20:00Z,,2026-05-03T19:20:00Z
556,556,4,ChannelFlow Priority,HTR00000556,delivered,513,5.1,431.34,2026-05-03T20:15:00Z,2026-05-04T00:15:00Z,2026-05-03T19:15:00Z
557,557,9,Oracle Logistics Cloud,HTR00000557,packed,1416,42.2,242.44,2026-05-03T20:10:00Z,,2026-05-03T19:10:00Z
558,558,2,Silicon Route Express,HTR00000558,shipped,1555,50.7,223.73,2026-05-03T20:05:00Z,,2026-05-03T19:05:00Z
559,559,7,FabLine Freight,HTR00000559,in_transit,468,8.4,238.82,2026-05-03T20:00:00Z,,2026-05-03T19:00:00Z
560,560,12,ChannelFlow Priority,HTR00000560,out_for_delivery,940,65.1,485.83,2026-05-03T19:55:00Z,,2026-05-03T18:55:00Z
561,561,5,Oracle Logistics Cloud,HTR00000561,preparing,2220,19.8,164.37,2026-05-03T19:50:00Z,,2026-05-03T18:50:00Z
562,562,10,Silicon Route Express,HTR00000562,packed,1485,42.1,184.2,2026-05-03T19:45:00Z,,2026-05-03T18:45:00Z
563,563,3,FabLine Freight,HTR00000563,shipped,1654,46.6,324.28,2026-05-03T19:40:00Z,,2026-05-03T18:40:00Z
564,564,8,ChannelFlow Priority,HTR00000564,delivered,1387,11,331.04,2026-05-03T19:35:00Z,2026-05-03T23:35:00Z,2026-05-03T18:35:00Z
565,565,1,Oracle Logistics Cloud,HTR00000565,out_for_delivery,2673,14.7,46.57,2026-05-03T19:30:00Z,,2026-05-03T18:30:00Z
566,566,6,Silicon Route Express,HTR00000566,preparing,495,67.8,381.76,2026-05-03T19:25:00Z,,2026-05-03T18:25:00Z
567,567,11,FabLine Freight,HTR00000567,packed,626,59.6,171.55,2026-05-03T19:20:00Z,,2026-05-03T18:20:00Z
568,568,4,ChannelFlow Priority,HTR00000568,shipped,1172,38.9,397.63,2026-05-03T19:15:00Z,,2026-05-03T18:15:00Z
569,569,9,Oracle Logistics Cloud,HTR00000569,in_transit,1346,27.1,255.36,2026-05-03T19:10:00Z,,2026-05-03T18:10:00Z
570,570,2,Silicon Route Express,HTR00000570,out_for_delivery,2444,67.6,266.73,2026-05-03T19:05:00Z,,2026-05-03T18:05:00Z
571,571,7,FabLine Freight,HTR00000571,preparing,2386,62.9,36,2026-05-03T19:00:00Z,,2026-05-03T18:00:00Z
572,572,12,ChannelFlow Priority,HTR00000572,delivered,2607,70.7,242.98,2026-05-03T18:55:00Z,2026-05-03T22:55:00Z,2026-05-03T17:55:00Z
573,573,5,Oracle Logistics Cloud,HTR00000573,shipped,1171,54.4,226.79,2026-05-03T18:50:00Z,,2026-05-03T17:50:00Z
574,574,10,Silicon Route Express,HTR00000574,in_transit,562,27.2,88.03,2026-05-03T18:45:00Z,,2026-05-03T17:45:00Z
575,575,3,FabLine Freight,HTR00000575,out_for_delivery,349,39.6,198.78,2026-05-03T18:40:00Z,,2026-05-03T17:40:00Z
576,576,8,ChannelFlow Priority,HTR00000576,preparing,2271,50.9,163.74,2026-05-03T18:35:00Z,,2026-05-03T17:35:00Z
577,577,1,Oracle Logistics Cloud,HTR00000577,packed,1002,56.4,180.44,2026-05-03T18:30:00Z,,2026-05-03T17:30:00Z
578,578,6,Silicon Route Express,HTR00000578,shipped,551,41.8,488.07,2026-05-03T18:25:00Z,,2026-05-03T17:25:00Z
579,579,11,FabLine Freight,HTR00000579,in_transit,2186,71.9,226.04,2026-05-03T18:20:00Z,,2026-05-03T17:20:00Z
580,580,4,ChannelFlow Priority,HTR00000580,delivered,1360,48.8,340.1,2026-05-03T18:15:00Z,2026-05-03T22:15:00Z,2026-05-03T17:15:00Z
581,581,9,Oracle Logistics Cloud,HTR00000581,preparing,2281,31.7,428.34,2026-05-03T18:10:00Z,,2026-05-03T17:10:00Z
582,582,2,Silicon Route Express,HTR00000582,packed,2667,44.9,290.41,2026-05-03T18:05:00Z,,2026-05-03T17:05:00Z
583,583,7,FabLine Freight,HTR00000583,shipped,1338,24.1,476.24,2026-05-03T18:00:00Z,,2026-05-03T17:00:00Z
584,584,12,ChannelFlow Priority,HTR00000584,in_transit,2077,75.2,406.06,2026-05-03T17:55:00Z,,2026-05-03T16:55:00Z
585,585,5,Oracle Logistics Cloud,HTR00000585,out_for_delivery,2048,4.3,350.6,2026-05-03T17:50:00Z,,2026-05-03T16:50:00Z
586,586,10,Silicon Route Express,HTR00000586,preparing,464,66.9,369.43,2026-05-03T17:45:00Z,,2026-05-03T16:45:00Z
587,587,3,FabLine Freight,HTR00000587,packed,373,52.9,247.85,2026-05-03T17:40:00Z,,2026-05-03T16:40:00Z
588,588,8,ChannelFlow Priority,HTR00000588,delivered,996,64.1,305.59,2026-05-03T17:35:00Z,2026-05-03T21:35:00Z,2026-05-03T16:35:00Z
589,589,1,Oracle Logistics Cloud,HTR00000589,in_transit,412,57.5,483.15,2026-05-03T17:30:00Z,,2026-05-03T16:30:00Z
590,590,6,Silicon Route Express,HTR00000590,out_for_delivery,1366,21.2,327.7,2026-05-03T17:25:00Z,,2026-05-03T16:25:00Z
591,591,11,FabLine Freight,HTR00000591,preparing,2362,61.5,245.87,2026-05-03T17:20:00Z,,2026-05-03T16:20:00Z
592,592,4,ChannelFlow Priority,HTR00000592,packed,2025,32.4,71.76,2026-05-03T17:15:00Z,,2026-05-03T16:15:00Z
593,593,9,Oracle Logistics Cloud,HTR00000593,shipped,589,54.4,256.46,2026-05-03T17:10:00Z,,2026-05-03T16:10:00Z
594,594,2,Silicon Route Express,HTR00000594,in_transit,1220,72.2,327.53,2026-05-03T17:05:00Z,,2026-05-03T16:05:00Z
595,595,7,FabLine Freight,HTR00000595,out_for_delivery,2006,16.8,262.2,2026-05-03T17:00:00Z,,2026-05-03T16:00:00Z
596,596,12,ChannelFlow Priority,HTR00000596,delivered,2269,33.8,353.66,2026-05-03T16:55:00Z,2026-05-03T20:55:00Z,2026-05-03T15:55:00Z
597,597,5,Oracle Logistics Cloud,HTR00000597,packed,1070,50,87.71,2026-05-03T16:50:00Z,,2026-05-03T15:50:00Z
598,598,10,Silicon Route Express,HTR00000598,shipped,2325,32.3,99,2026-05-03T16:45:00Z,,2026-05-03T15:45:00Z
599,599,3,FabLine Freight,HTR00000599,in_transit,570,8.2,106.53,2026-05-03T16:40:00Z,,2026-05-03T15:40:00Z
600,600,8,ChannelFlow Priority,HTR00000600,out_for_delivery,2139,54.2,97.23,2026-05-03T16:35:00Z,,2026-05-03T15:35:00Z
601,601,1,Oracle Logistics Cloud,HTR00000601,preparing,1698,59.8,149.3,2026-05-03T16:30:00Z,,2026-05-03T15:30:00Z
602,602,6,Silicon Route Express,HTR00000602,packed,2555,32.2,243.26,2026-05-03T16:25:00Z,,2026-05-03T15:25:00Z
603,603,11,FabLine Freight,HTR00000603,shipped,1617,67.6,337.43,2026-05-03T16:20:00Z,,2026-05-03T15:20:00Z
604,604,4,ChannelFlow Priority,HTR00000604,delivered,2049,43.5,329.83,2026-05-03T16:15:00Z,2026-05-03T20:15:00Z,2026-05-03T15:15:00Z
605,605,9,Oracle Logistics Cloud,HTR00000605,out_for_delivery,297,60.5,343.11,2026-05-03T16:10:00Z,,2026-05-03T15:10:00Z
606,606,2,Silicon Route Express,HTR00000606,preparing,2387,30.1,391.19,2026-05-03T16:05:00Z,,2026-05-03T15:05:00Z
607,607,7,FabLine Freight,HTR00000607,packed,479,30.1,483.39,2026-05-03T16:00:00Z,,2026-05-03T15:00:00Z
608,608,12,ChannelFlow Priority,HTR00000608,shipped,1261,61.8,86.74,2026-05-03T15:55:00Z,,2026-05-03T14:55:00Z
609,609,5,Oracle Logistics Cloud,HTR00000609,in_transit,2383,70.4,255.32,2026-05-03T15:50:00Z,,2026-05-03T14:50:00Z
610,610,10,Silicon Route Express,HTR00000610,out_for_delivery,2543,50.1,130.48,2026-05-03T15:45:00Z,,2026-05-03T14:45:00Z
611,611,3,FabLine Freight,HTR00000611,preparing,92,15.2,240.83,2026-05-03T15:40:00Z,,2026-05-03T14:40:00Z
612,612,8,ChannelFlow Priority,HTR00000612,delivered,2029,9.2,323.08,2026-05-03T15:35:00Z,2026-05-03T19:35:00Z,2026-05-03T14:35:00Z
613,613,1,Oracle Logistics Cloud,HTR00000613,shipped,981,75.2,413.21,2026-05-03T15:30:00Z,,2026-05-03T14:30:00Z
614,614,6,Silicon Route Express,HTR00000614,in_transit,1621,13.8,226.67,2026-05-03T15:25:00Z,,2026-05-03T14:25:00Z
615,615,11,FabLine Freight,HTR00000615,out_for_delivery,785,73.7,207.74,2026-05-03T15:20:00Z,,2026-05-03T14:20:00Z
616,616,4,ChannelFlow Priority,HTR00000616,preparing,1631,18.8,46.35,2026-05-03T15:15:00Z,,2026-05-03T14:15:00Z
617,617,9,Oracle Logistics Cloud,HTR00000617,packed,410,11,309.93,2026-05-03T15:10:00Z,,2026-05-03T14:10:00Z
618,618,2,Silicon Route Express,HTR00000618,shipped,603,37,356.78,2026-05-03T15:05:00Z,,2026-05-03T14:05:00Z
619,619,7,FabLine Freight,HTR00000619,in_transit,380,22.2,205.88,2026-05-03T15:00:00Z,,2026-05-03T14:00:00Z
620,620,12,ChannelFlow Priority,HTR00000620,delivered,1239,10.6,490.59,2026-05-03T14:55:00Z,2026-05-03T18:55:00Z,2026-05-03T13:55:00Z
621,621,5,Oracle Logistics Cloud,HTR00000621,preparing,377,51.8,374.78,2026-05-03T14:50:00Z,,2026-05-03T13:50:00Z
622,622,10,Silicon Route Express,HTR00000622,packed,1584,19.8,189.19,2026-05-03T14:45:00Z,,2026-05-03T13:45:00Z
623,623,3,FabLine Freight,HTR00000623,shipped,1626,34.2,185.62,2026-05-03T14:40:00Z,,2026-05-03T13:40:00Z
624,624,8,ChannelFlow Priority,HTR00000624,in_transit,2322,47.1,156.51,2026-05-03T14:35:00Z,,2026-05-03T13:35:00Z
625,625,1,Oracle Logistics Cloud,HTR00000625,out_for_delivery,1749,45,27.28,2026-05-03T14:30:00Z,,2026-05-03T13:30:00Z
626,626,6,Silicon Route Express,HTR00000626,preparing,1202,61.3,384.41,2026-05-03T14:25:00Z,,2026-05-03T13:25:00Z
627,627,11,FabLine Freight,HTR00000627,packed,1318,69.1,233.7,2026-05-03T14:20:00Z,,2026-05-03T13:20:00Z
628,628,4,ChannelFlow Priority,HTR00000628,delivered,238,66.3,403.55,2026-05-03T14:15:00Z,2026-05-03T18:15:00Z,2026-05-03T13:15:00Z
629,629,9,Oracle Logistics Cloud,HTR00000629,in_transit,2070,69.3,167.34,2026-05-03T14:10:00Z,,2026-05-03T13:10:00Z
630,630,2,Silicon Route Express,HTR00000630,out_for_delivery,998,75.3,112.48,2026-05-03T14:05:00Z,,2026-05-03T13:05:00Z
631,631,7,FabLine Freight,HTR00000631,preparing,1193,63.2,97.96,2026-05-03T14:00:00Z,,2026-05-03T13:00:00Z
632,632,12,ChannelFlow Priority,HTR00000632,packed,1259,22.5,129.74,2026-05-03T13:55:00Z,,2026-05-03T12:55:00Z
633,633,5,Oracle Logistics Cloud,HTR00000633,shipped,1200,68.9,126.01,2026-05-03T13:50:00Z,,2026-05-03T12:50:00Z
634,634,10,Silicon Route Express,HTR00000634,in_transit,1679,37.6,270.53,2026-05-03T13:45:00Z,,2026-05-03T12:45:00Z
635,635,3,FabLine Freight,HTR00000635,out_for_delivery,230,26.5,163.66,2026-05-03T13:40:00Z,,2026-05-03T12:40:00Z
636,636,8,ChannelFlow Priority,HTR00000636,delivered,1500,25.2,416.79,2026-05-03T13:35:00Z,2026-05-03T17:35:00Z,2026-05-03T12:35:00Z
637,637,1,Oracle Logistics Cloud,HTR00000637,packed,112,19,330.47,2026-05-03T13:30:00Z,,2026-05-03T12:30:00Z
638,638,6,Silicon Route Express,HTR00000638,shipped,1569,59.7,216.9,2026-05-03T13:25:00Z,,2026-05-03T12:25:00Z
639,639,11,FabLine Freight,HTR00000639,in_transit,467,67.1,446.12,2026-05-03T13:20:00Z,,2026-05-03T12:20:00Z
640,640,4,ChannelFlow Priority,HTR00000640,out_for_delivery,2513,12.2,176.44,2026-05-03T13:15:00Z,,2026-05-03T12:15:00Z
641,641,9,Oracle Logistics Cloud,HTR00000641,preparing,2246,26.1,487.89,2026-05-03T13:10:00Z,,2026-05-03T12:10:00Z
642,642,2,Silicon Route Express,HTR00000642,packed,567,75.9,378.02,2026-05-03T13:05:00Z,,2026-05-03T12:05:00Z
643,643,7,FabLine Freight,HTR00000643,shipped,1259,62.8,32.71,2026-05-03T13:00:00Z,,2026-05-03T12:00:00Z
644,644,12,ChannelFlow Priority,HTR00000644,delivered,2156,29.1,500.18,2026-05-03T12:55:00Z,2026-05-03T16:55:00Z,2026-05-03T11:55:00Z
645,645,5,Oracle Logistics Cloud,HTR00000645,out_for_delivery,408,22.1,405.33,2026-05-03T12:50:00Z,,2026-05-03T11:50:00Z
646,646,10,Silicon Route Express,HTR00000646,preparing,1867,8.9,170.06,2026-05-03T12:45:00Z,,2026-05-03T11:45:00Z
647,647,3,FabLine Freight,HTR00000647,packed,1566,73.9,329.89,2026-05-03T12:40:00Z,,2026-05-03T11:40:00Z
648,648,8,ChannelFlow Priority,HTR00000648,shipped,2070,47.7,312.02,2026-05-03T12:35:00Z,,2026-05-03T11:35:00Z
649,649,1,Oracle Logistics Cloud,HTR00000649,in_transit,133,46.4,485.03,2026-05-03T12:30:00Z,,2026-05-03T11:30:00Z
650,650,6,Silicon Route Express,HTR00000650,out_for_delivery,2665,31.8,470.05,2026-05-03T12:25:00Z,,2026-05-03T11:25:00Z
651,651,11,FabLine Freight,HTR00000651,preparing,360,61.9,284.49,2026-05-03T12:20:00Z,,2026-05-03T11:20:00Z
652,652,4,ChannelFlow Priority,HTR00000652,delivered,1301,6.2,187.17,2026-05-03T12:15:00Z,2026-05-03T16:15:00Z,2026-05-03T11:15:00Z
653,653,9,Oracle Logistics Cloud,HTR00000653,shipped,981,72.8,73.71,2026-05-03T12:10:00Z,,2026-05-03T11:10:00Z
654,654,2,Silicon Route Express,HTR00000654,in_transit,898,4.9,338.35,2026-05-03T12:05:00Z,,2026-05-03T11:05:00Z
655,655,7,FabLine Freight,HTR00000655,out_for_delivery,619,9.9,347.85,2026-05-03T12:00:00Z,,2026-05-03T11:00:00Z
656,656,12,ChannelFlow Priority,HTR00000656,preparing,519,54.5,158.29,2026-05-03T11:55:00Z,,2026-05-03T10:55:00Z
657,657,5,Oracle Logistics Cloud,HTR00000657,packed,2678,5.1,79.51,2026-05-03T11:50:00Z,,2026-05-03T10:50:00Z
658,658,10,Silicon Route Express,HTR00000658,shipped,1749,36.9,479.3,2026-05-03T11:45:00Z,,2026-05-03T10:45:00Z
659,659,3,FabLine Freight,HTR00000659,in_transit,2035,72.9,458.07,2026-05-03T11:40:00Z,,2026-05-03T10:40:00Z
660,660,8,ChannelFlow Priority,HTR00000660,delivered,934,30.4,295.34,2026-05-03T11:35:00Z,2026-05-03T15:35:00Z,2026-05-03T10:35:00Z
661,661,1,Oracle Logistics Cloud,HTR00000661,preparing,2230,70.6,405.91,2026-05-03T11:30:00Z,,2026-05-03T10:30:00Z
662,662,6,Silicon Route Express,HTR00000662,packed,707,12.9,261.25,2026-05-03T11:25:00Z,,2026-05-03T10:25:00Z
663,663,11,FabLine Freight,HTR00000663,shipped,2468,37.9,362.08,2026-05-03T11:20:00Z,,2026-05-03T10:20:00Z
664,664,4,ChannelFlow Priority,HTR00000664,in_transit,771,13.3,289.03,2026-05-03T11:15:00Z,,2026-05-03T10:15:00Z
665,665,9,Oracle Logistics Cloud,HTR00000665,out_for_delivery,814,49.6,162.91,2026-05-03T11:10:00Z,,2026-05-03T10:10:00Z
666,666,2,Silicon Route Express,HTR00000666,preparing,2225,51.9,480.93,2026-05-03T11:05:00Z,,2026-05-03T10:05:00Z
667,667,7,FabLine Freight,HTR00000667,packed,561,13.6,167.4,2026-05-03T11:00:00Z,,2026-05-03T10:00:00Z
668,668,12,ChannelFlow Priority,HTR00000668,delivered,2095,37.7,395.33,2026-05-03T10:55:00Z,2026-05-03T14:55:00Z,2026-05-03T09:55:00Z
669,669,5,Oracle Logistics Cloud,HTR00000669,in_transit,360,14.6,223.49,2026-05-03T10:50:00Z,,2026-05-03T09:50:00Z
670,670,10,Silicon Route Express,HTR00000670,out_for_delivery,1110,17.4,63.6,2026-05-03T10:45:00Z,,2026-05-03T09:45:00Z
671,671,3,FabLine Freight,HTR00000671,preparing,1138,41.9,362.32,2026-05-03T10:40:00Z,,2026-05-03T09:40:00Z
672,672,8,ChannelFlow Priority,HTR00000672,packed,1441,9,251.33,2026-05-03T10:35:00Z,,2026-05-03T09:35:00Z
673,673,1,Oracle Logistics Cloud,HTR00000673,shipped,1882,6.9,243.45,2026-05-03T10:30:00Z,,2026-05-03T09:30:00Z
674,674,6,Silicon Route Express,HTR00000674,in_transit,322,40.1,400.4,2026-05-03T10:25:00Z,,2026-05-03T09:25:00Z
675,675,11,FabLine Freight,HTR00000675,out_for_delivery,289,23,95.1,2026-05-03T10:20:00Z,,2026-05-03T09:20:00Z
676,676,4,ChannelFlow Priority,HTR00000676,delivered,1975,71.4,405.54,2026-05-03T10:15:00Z,2026-05-03T14:15:00Z,2026-05-03T09:15:00Z
677,677,9,Oracle Logistics Cloud,HTR00000677,packed,1891,26.2,36.03,2026-05-03T10:10:00Z,,2026-05-03T09:10:00Z
678,678,2,Silicon Route Express,HTR00000678,shipped,698,4.4,486.53,2026-05-03T10:05:00Z,,2026-05-03T09:05:00Z
679,679,7,FabLine Freight,HTR00000679,in_transit,1840,42.3,157.93,2026-05-03T10:00:00Z,,2026-05-03T09:00:00Z
680,680,12,ChannelFlow Priority,HTR00000680,out_for_delivery,423,16,164.29,2026-05-03T09:55:00Z,,2026-05-03T08:55:00Z
681,681,5,Oracle Logistics Cloud,HTR00000681,preparing,1755,31.3,55.28,2026-05-03T09:50:00Z,,2026-05-03T08:50:00Z
682,682,10,Silicon Route Express,HTR00000682,packed,1116,20.4,178.21,2026-05-03T09:45:00Z,,2026-05-03T08:45:00Z
683,683,3,FabLine Freight,HTR00000683,shipped,1392,52,40.18,2026-05-03T09:40:00Z,,2026-05-03T08:40:00Z
684,684,8,ChannelFlow Priority,HTR00000684,delivered,1656,69.8,329.32,2026-05-03T09:35:00Z,2026-05-03T13:35:00Z,2026-05-03T08:35:00Z
685,685,1,Oracle Logistics Cloud,HTR00000685,out_for_delivery,389,48.2,60.6,2026-05-03T09:30:00Z,,2026-05-03T08:30:00Z
686,686,6,Silicon Route Express,HTR00000686,preparing,2412,23.6,111.71,2026-05-03T09:25:00Z,,2026-05-03T08:25:00Z
687,687,11,FabLine Freight,HTR00000687,packed,1489,18.7,449.26,2026-05-03T09:20:00Z,,2026-05-03T08:20:00Z
688,688,4,ChannelFlow Priority,HTR00000688,shipped,2537,25.6,426.26,2026-05-03T09:15:00Z,,2026-05-03T08:15:00Z
689,689,9,Oracle Logistics Cloud,HTR00000689,in_transit,2642,66.7,150.08,2026-05-03T09:10:00Z,,2026-05-03T08:10:00Z
690,690,2,Silicon Route Express,HTR00000690,out_for_delivery,2061,58.4,187.02,2026-05-03T09:05:00Z,,2026-05-03T08:05:00Z
691,691,7,FabLine Freight,HTR00000691,preparing,496,5.1,105.77,2026-05-03T09:00:00Z,,2026-05-03T08:00:00Z
692,692,12,ChannelFlow Priority,HTR00000692,delivered,1802,35.5,278.11,2026-05-03T08:55:00Z,2026-05-03T12:55:00Z,2026-05-03T07:55:00Z
693,693,5,Oracle Logistics Cloud,HTR00000693,shipped,1610,22.1,236.64,2026-05-03T08:50:00Z,,2026-05-03T07:50:00Z
694,694,10,Silicon Route Express,HTR00000694,in_transit,575,5.3,486.02,2026-05-03T08:45:00Z,,2026-05-03T07:45:00Z
695,695,3,FabLine Freight,HTR00000695,out_for_delivery,239,57.1,414.58,2026-05-03T08:40:00Z,,2026-05-03T07:40:00Z
696,696,8,ChannelFlow Priority,HTR00000696,preparing,2344,4.7,53.29,2026-05-03T08:35:00Z,,2026-05-03T07:35:00Z
697,697,1,Oracle Logistics Cloud,HTR00000697,packed,1327,50.9,153.69,2026-05-03T08:30:00Z,,2026-05-03T07:30:00Z
698,698,6,Silicon Route Express,HTR00000698,shipped,1715,43.1,138.06,2026-05-03T08:25:00Z,,2026-05-03T07:25:00Z
699,699,11,FabLine Freight,HTR00000699,in_transit,84,49.4,437.99,2026-05-03T08:20:00Z,,2026-05-03T07:20:00Z
700,700,4,ChannelFlow Priority,HTR00000700,delivered,96,34.5,99.59,2026-05-03T08:15:00Z,2026-05-03T12:15:00Z,2026-05-03T07:15:00Z
701,701,9,Oracle Logistics Cloud,HTR00000701,preparing,2658,44.5,295.66,2026-05-03T08:10:00Z,,2026-05-03T07:10:00Z
702,702,2,Silicon Route Express,HTR00000702,packed,1026,59.9,126.54,2026-05-03T08:05:00Z,,2026-05-03T07:05:00Z
703,703,7,FabLine Freight,HTR00000703,shipped,1208,31.6,201.57,2026-05-03T08:00:00Z,,2026-05-03T07:00:00Z
704,704,12,ChannelFlow Priority,HTR00000704,in_transit,1659,15.5,488.21,2026-05-03T07:55:00Z,,2026-05-03T06:55:00Z
705,705,5,Oracle Logistics Cloud,HTR00000705,out_for_delivery,860,34.4,281.2,2026-05-03T07:50:00Z,,2026-05-03T06:50:00Z
706,706,10,Silicon Route Express,HTR00000706,preparing,489,33.4,445.71,2026-05-03T07:45:00Z,,2026-05-03T06:45:00Z
707,707,3,FabLine Freight,HTR00000707,packed,1687,48.5,302.74,2026-05-03T07:40:00Z,,2026-05-03T06:40:00Z
708,708,8,ChannelFlow Priority,HTR00000708,delivered,436,23.4,256.78,2026-05-03T07:35:00Z,2026-05-03T11:35:00Z,2026-05-03T06:35:00Z
709,709,1,Oracle Logistics Cloud,HTR00000709,in_transit,1211,38.1,394.97,2026-05-03T07:30:00Z,,2026-05-03T06:30:00Z
710,710,6,Silicon Route Express,HTR00000710,out_for_delivery,1805,68.4,440.93,2026-05-03T07:25:00Z,,2026-05-03T06:25:00Z
711,711,11,FabLine Freight,HTR00000711,preparing,1421,15.5,148.53,2026-05-03T07:20:00Z,,2026-05-03T06:20:00Z
712,712,4,ChannelFlow Priority,HTR00000712,packed,625,8.5,458.07,2026-05-03T07:15:00Z,,2026-05-03T06:15:00Z
713,713,9,Oracle Logistics Cloud,HTR00000713,shipped,733,67.9,296.93,2026-05-03T07:10:00Z,,2026-05-03T06:10:00Z
714,714,2,Silicon Route Express,HTR00000714,in_transit,1699,46.4,25.98,2026-05-03T07:05:00Z,,2026-05-03T06:05:00Z
715,715,7,FabLine Freight,HTR00000715,out_for_delivery,220,16.7,389.21,2026-05-03T07:00:00Z,,2026-05-03T06:00:00Z
716,716,12,ChannelFlow Priority,HTR00000716,delivered,1803,5.6,193.33,2026-05-03T06:55:00Z,2026-05-03T10:55:00Z,2026-05-03T05:55:00Z
717,717,5,Oracle Logistics Cloud,HTR00000717,packed,611,16.4,90.36,2026-05-03T06:50:00Z,,2026-05-03T05:50:00Z
718,718,10,Silicon Route Express,HTR00000718,shipped,607,60,175.52,2026-05-03T06:45:00Z,,2026-05-03T05:45:00Z
719,719,3,FabLine Freight,HTR00000719,in_transit,904,20.5,406.52,2026-05-03T06:40:00Z,,2026-05-03T05:40:00Z
720,720,8,ChannelFlow Priority,HTR00000720,out_for_delivery,293,32.8,480.57,2026-05-03T06:35:00Z,,2026-05-03T05:35:00Z
721,721,1,Oracle Logistics Cloud,HTR00000721,preparing,1351,72,197.03,2026-05-05T13:30:00Z,,2026-05-05T12:30:00Z
722,722,6,Silicon Route Express,HTR00000722,packed,1685,73.3,317.25,2026-05-05T13:30:00Z,,2026-05-05T12:30:00Z
723,723,11,FabLine Freight,HTR00000723,shipped,1497,74.5,397.94,2026-05-05T13:30:00Z,,2026-05-05T12:30:00Z
724,724,4,ChannelFlow Priority,HTR00000724,delivered,906,70.8,455.8,2026-05-05T13:30:00Z,2026-05-05T14:30:00Z,2026-05-05T12:30:00Z
725,725,9,Oracle Logistics Cloud,HTR00000725,out_for_delivery,228,49.1,237.51,2026-05-05T13:30:00Z,,2026-05-05T12:30:00Z
726,726,2,Silicon Route Express,HTR00000726,preparing,1730,11,324.17,2026-05-05T13:30:00Z,,2026-05-05T12:30:00Z
727,727,7,FabLine Freight,HTR00000727,packed,1739,41.2,290.11,2026-05-05T13:30:00Z,,2026-05-05T12:30:00Z
728,728,12,ChannelFlow Priority,HTR00000728,shipped,2608,64.3,157.2,2026-05-05T13:30:00Z,,2026-05-05T12:30:00Z
729,729,5,Oracle Logistics Cloud,HTR00000729,in_transit,1148,72.4,403.46,2026-05-05T13:30:00Z,,2026-05-05T12:30:00Z
730,730,10,Silicon Route Express,HTR00000730,out_for_delivery,1019,59.6,332.69,2026-05-05T13:30:00Z,,2026-05-05T12:30:00Z
731,731,3,FabLine Freight,HTR00000731,preparing,1077,9,272.51,2026-05-05T13:30:00Z,,2026-05-05T12:30:00Z
732,732,8,ChannelFlow Priority,HTR00000732,delivered,812,38.2,319.24,2026-05-05T13:30:00Z,2026-05-05T14:30:00Z,2026-05-05T12:30:00Z
733,733,1,Oracle Logistics Cloud,HTR00000733,shipped,82,27.7,427.36,2026-05-05T13:30:00Z,,2026-05-05T12:30:00Z
734,734,6,Silicon Route Express,HTR00000734,in_transit,2106,16.4,130.54,2026-05-05T13:30:00Z,,2026-05-05T12:30:00Z
735,735,11,FabLine Freight,HTR00000735,out_for_delivery,638,4.3,231.2,2026-05-05T13:30:00Z,,2026-05-05T12:30:00Z
736,736,4,ChannelFlow Priority,HTR00000736,preparing,1282,23,472.97,2026-05-05T13:30:00Z,,2026-05-05T12:30:00Z
737,737,9,Oracle Logistics Cloud,HTR00000737,packed,1092,33.1,397.11,2026-05-05T13:30:00Z,,2026-05-05T12:30:00Z
738,738,2,Silicon Route Express,HTR00000738,shipped,767,17.6,267.08,2026-05-05T13:30:00Z,,2026-05-05T12:30:00Z
739,739,7,FabLine Freight,HTR00000739,in_transit,152,34.1,157.12,2026-05-05T13:30:00Z,,2026-05-05T12:30:00Z
740,740,12,ChannelFlow Priority,HTR00000740,delivered,1471,19.2,102.43,2026-05-05T13:30:00Z,2026-05-05T14:30:00Z,2026-05-05T12:30:00Z
741,741,5,Oracle Logistics Cloud,HTR00000741,preparing,838,42,380.04,2026-05-05T13:30:00Z,,2026-05-05T12:30:00Z
742,742,10,Silicon Route Express,HTR00000742,packed,754,44.3,233.01,2026-05-05T13:30:00Z,,2026-05-05T12:30:00Z
743,743,3,FabLine Freight,HTR00000743,shipped,1246,61.6,318.17,2026-05-05T13:30:00Z,,2026-05-05T12:30:00Z
744,744,8,ChannelFlow Priority,HTR00000744,in_transit,2071,36.2,87.78,2026-05-05T13:30:00Z,,2026-05-05T12:30:00Z
745,745,1,Oracle Logistics Cloud,HTR00000745,out_for_delivery,1244,20.8,194.64,2026-05-05T13:30:00Z,,2026-05-05T12:30:00Z
746,746,6,Silicon Route Express,HTR00000746,preparing,1226,14.8,303.13,2026-05-05T13:30:00Z,,2026-05-05T12:30:00Z
747,747,11,FabLine Freight,HTR00000747,packed,1648,42.1,75.63,2026-05-05T13:30:00Z,,2026-05-05T12:30:00Z
748,748,4,ChannelFlow Priority,HTR00000748,delivered,1561,67.8,323.51,2026-05-05T13:30:00Z,2026-05-05T14:30:00Z,2026-05-05T12:30:00Z
749,749,9,Oracle Logistics Cloud,HTR00000749,in_transit,2181,72.2,421.76,2026-05-05T13:30:00Z,,2026-05-05T12:30:00Z
750,750,2,Silicon Route Express,HTR00000750,out_for_delivery,430,58.9,83.39,2026-05-05T13:30:00Z,,2026-05-05T12:30:00Z
751,751,7,FabLine Freight,HTR00000751,preparing,1855,36.7,219.75,2026-05-05T13:30:00Z,,2026-05-05T12:30:00Z
752,752,12,ChannelFlow Priority,HTR00000752,packed,962,50.1,446.05,2026-05-05T13:30:00Z,,2026-05-05T12:30:00Z
753,753,5,Oracle Logistics Cloud,HTR00000753,shipped,1933,13,112.69,2026-05-05T13:30:00Z,,2026-05-05T12:30:00Z
754,754,10,Silicon Route Express,HTR00000754,in_transit,204,6,96.5,2026-05-05T13:30:00Z,,2026-05-05T12:30:00Z
755,755,3,FabLine Freight,HTR00000755,out_for_delivery,919,47.5,274.4,2026-05-05T13:30:00Z,,2026-05-05T12:30:00Z
756,756,8,ChannelFlow Priority,HTR00000756,delivered,175,57.2,36.22,2026-05-05T13:30:00Z,2026-05-05T14:30:00Z,2026-05-05T12:30:00Z
757,757,1,Oracle Logistics Cloud,HTR00000757,packed,2403,22,88.43,2026-05-05T13:30:00Z,,2026-05-05T12:30:00Z
758,758,6,Silicon Route Express,HTR00000758,shipped,1694,45.3,444.72,2026-05-05T13:30:00Z,,2026-05-05T12:30:00Z
759,759,11,FabLine Freight,HTR00000759,in_transit,1928,12.9,374.17,2026-05-05T13:30:00Z,,2026-05-05T12:30:00Z
760,760,4,ChannelFlow Priority,HTR00000760,out_for_delivery,1166,20.4,471.43,2026-05-05T13:30:00Z,,2026-05-05T12:30:00Z
761,761,9,Oracle Logistics Cloud,HTR00000761,preparing,1310,8.4,302.11,2026-05-05T13:30:00Z,,2026-05-05T12:30:00Z
762,762,2,Silicon Route Express,HTR00000762,packed,2160,56.7,356.42,2026-05-05T13:30:00Z,,2026-05-05T12:30:00Z
763,763,7,FabLine Freight,HTR00000763,shipped,393,62.3,63.48,2026-05-05T13:30:00Z,,2026-05-05T12:30:00Z
764,764,12,ChannelFlow Priority,HTR00000764,delivered,828,58.3,421.2,2026-05-05T13:30:00Z,2026-05-05T14:30:00Z,2026-05-05T12:30:00Z
765,765,5,Oracle Logistics Cloud,HTR00000765,out_for_delivery,1014,22.4,172.51,2026-05-05T13:30:00Z,,2026-05-05T12:30:00Z
766,766,10,Silicon Route Express,HTR00000766,preparing,1983,33.9,243.07,2026-05-05T13:30:00Z,,2026-05-05T12:30:00Z
767,767,3,FabLine Freight,HTR00000767,packed,1219,24.8,469.82,2026-05-05T13:30:00Z,,2026-05-05T12:30:00Z
768,768,8,ChannelFlow Priority,HTR00000768,shipped,561,74.3,313.97,2026-05-05T13:30:00Z,,2026-05-05T12:30:00Z
769,769,1,Oracle Logistics Cloud,HTR00000769,in_transit,1482,64.6,133.53,2026-05-05T13:30:00Z,,2026-05-05T12:30:00Z
770,770,6,Silicon Route Express,HTR00000770,out_for_delivery,82,37,252.6,2026-05-05T13:30:00Z,,2026-05-05T12:30:00Z
771,771,11,FabLine Freight,HTR00000771,preparing,2247,31.7,211.04,2026-05-05T13:30:00Z,,2026-05-05T12:30:00Z
772,772,4,ChannelFlow Priority,HTR00000772,delivered,1984,24.1,211.22,2026-05-05T13:30:00Z,2026-05-05T14:30:00Z,2026-05-05T12:30:00Z
773,773,9,Oracle Logistics Cloud,HTR00000773,shipped,295,8.9,432.56,2026-05-05T13:30:00Z,,2026-05-05T12:30:00Z
774,774,2,Silicon Route Express,HTR00000774,in_transit,2470,67.5,148.58,2026-05-05T13:30:00Z,,2026-05-05T12:30:00Z
775,775,7,FabLine Freight,HTR00000775,out_for_delivery,1913,49.4,470.96,2026-05-05T13:30:00Z,,2026-05-05T12:30:00Z
776,776,12,ChannelFlow Priority,HTR00000776,preparing,1655,15.4,497.58,2026-05-05T13:30:00Z,,2026-05-05T12:30:00Z
777,777,5,Oracle Logistics Cloud,HTR00000777,packed,245,19,502.92,2026-05-05T13:30:00Z,,2026-05-05T12:30:00Z
778,778,10,Silicon Route Express,HTR00000778,shipped,1971,34.6,491.65,2026-05-05T13:30:00Z,,2026-05-05T12:30:00Z
779,779,3,FabLine Freight,HTR00000779,in_transit,2121,20,65.46,2026-05-05T13:30:00Z,,2026-05-05T12:30:00Z
780,780,8,ChannelFlow Priority,HTR00000780,delivered,830,44.5,421.14,2026-05-05T13:30:00Z,2026-05-05T14:30:00Z,2026-05-05T12:30:00Z
781,781,1,Oracle Logistics Cloud,HTR00000781,preparing,2213,49.1,411.65,2026-05-05T13:30:00Z,,2026-05-05T12:30:00Z
782,782,6,Silicon Route Express,HTR00000782,packed,1249,32.2,73.28,2026-05-05T13:25:00Z,,2026-05-05T12:25:00Z
783,783,11,FabLine Freight,HTR00000783,shipped,964,33.7,366.95,2026-05-05T13:20:00Z,,2026-05-05T12:20:00Z
784,784,4,ChannelFlow Priority,HTR00000784,in_transit,1083,72.2,94.05,2026-05-05T13:15:00Z,,2026-05-05T12:15:00Z
785,785,9,Oracle Logistics Cloud,HTR00000785,out_for_delivery,1782,5.9,111.67,2026-05-05T13:10:00Z,,2026-05-05T12:10:00Z
786,786,2,Silicon Route Express,HTR00000786,preparing,2361,30.5,80.03,2026-05-05T13:05:00Z,,2026-05-05T12:05:00Z
787,787,7,FabLine Freight,HTR00000787,packed,1638,11.9,492.08,2026-05-05T13:00:00Z,,2026-05-05T12:00:00Z
788,788,12,ChannelFlow Priority,HTR00000788,delivered,2633,42.7,441.19,2026-05-05T12:55:00Z,2026-05-05T14:30:00Z,2026-05-05T11:55:00Z
789,789,5,Oracle Logistics Cloud,HTR00000789,in_transit,718,32.7,272.43,2026-05-05T12:50:00Z,,2026-05-05T11:50:00Z
790,790,10,Silicon Route Express,HTR00000790,out_for_delivery,384,63.9,414.77,2026-05-05T12:45:00Z,,2026-05-05T11:45:00Z
791,791,3,FabLine Freight,HTR00000791,preparing,626,57.6,29.54,2026-05-05T12:40:00Z,,2026-05-05T11:40:00Z
792,792,8,ChannelFlow Priority,HTR00000792,packed,1845,54.2,134.62,2026-05-05T12:35:00Z,,2026-05-05T11:35:00Z
793,793,1,Oracle Logistics Cloud,HTR00000793,shipped,1015,50.8,160.55,2026-05-05T12:30:00Z,,2026-05-05T11:30:00Z
794,794,6,Silicon Route Express,HTR00000794,in_transit,2255,23.1,328.56,2026-05-05T12:25:00Z,,2026-05-05T11:25:00Z
795,795,11,FabLine Freight,HTR00000795,out_for_delivery,2565,7.3,422.57,2026-05-05T12:20:00Z,,2026-05-05T11:20:00Z
796,796,4,ChannelFlow Priority,HTR00000796,delivered,887,23.2,214.32,2026-05-05T12:15:00Z,2026-05-05T14:30:00Z,2026-05-05T11:15:00Z
797,797,9,Oracle Logistics Cloud,HTR00000797,packed,278,27.6,294.4,2026-05-05T12:10:00Z,,2026-05-05T11:10:00Z
798,798,2,Silicon Route Express,HTR00000798,shipped,1562,61.1,479.39,2026-05-05T12:05:00Z,,2026-05-05T11:05:00Z
799,799,7,FabLine Freight,HTR00000799,in_transit,2025,19.7,185.67,2026-05-05T12:00:00Z,,2026-05-05T11:00:00Z
800,800,12,ChannelFlow Priority,HTR00000800,out_for_delivery,181,40.6,45.09,2026-05-05T11:55:00Z,,2026-05-05T10:55:00Z
801,801,5,Oracle Logistics Cloud,HTR00000801,preparing,1571,36.6,276.23,2026-05-05T11:50:00Z,,2026-05-05T10:50:00Z
802,802,10,Silicon Route Express,HTR00000802,packed,1067,56.5,365.32,2026-05-05T11:45:00Z,,2026-05-05T10:45:00Z
803,803,3,FabLine Freight,HTR00000803,shipped,1392,56.6,470.1,2026-05-05T11:40:00Z,,2026-05-05T10:40:00Z
804,804,8,ChannelFlow Priority,HTR00000804,delivered,441,56.7,59,2026-05-05T11:35:00Z,2026-05-05T14:30:00Z,2026-05-05T10:35:00Z
805,805,1,Oracle Logistics Cloud,HTR00000805,out_for_delivery,1358,49,412.99,2026-05-05T11:30:00Z,,2026-05-05T10:30:00Z
806,806,6,Silicon Route Express,HTR00000806,preparing,1147,64.2,433.15,2026-05-05T11:25:00Z,,2026-05-05T10:25:00Z
807,807,11,FabLine Freight,HTR00000807,packed,2217,43.5,134.75,2026-05-05T11:20:00Z,,2026-05-05T10:20:00Z
808,808,4,ChannelFlow Priority,HTR00000808,shipped,1606,4.3,162.79,2026-05-05T11:15:00Z,,2026-05-05T10:15:00Z
809,809,9,Oracle Logistics Cloud,HTR00000809,in_transit,945,45.4,181.98,2026-05-05T11:10:00Z,,2026-05-05T10:10:00Z
810,810,2,Silicon Route Express,HTR00000810,out_for_delivery,2635,46.8,500.76,2026-05-05T11:05:00Z,,2026-05-05T10:05:00Z
811,811,7,FabLine Freight,HTR00000811,preparing,454,38.8,480.47,2026-05-05T11:00:00Z,,2026-05-05T10:00:00Z
812,812,12,ChannelFlow Priority,HTR00000812,delivered,2566,39.7,400.1,2026-05-05T10:55:00Z,2026-05-05T14:30:00Z,2026-05-05T09:55:00Z
813,813,5,Oracle Logistics Cloud,HTR00000813,shipped,1778,18.7,246.53,2026-05-05T10:50:00Z,,2026-05-05T09:50:00Z
814,814,10,Silicon Route Express,HTR00000814,in_transit,848,42.6,463.1,2026-05-05T10:45:00Z,,2026-05-05T09:45:00Z
815,815,3,FabLine Freight,HTR00000815,out_for_delivery,187,65.1,202.95,2026-05-05T10:40:00Z,,2026-05-05T09:40:00Z
816,816,8,ChannelFlow Priority,HTR00000816,preparing,1562,28.4,403.92,2026-05-05T10:35:00Z,,2026-05-05T09:35:00Z
817,817,1,Oracle Logistics Cloud,HTR00000817,packed,2628,32.8,325.47,2026-05-05T10:30:00Z,,2026-05-05T09:30:00Z
818,818,6,Silicon Route Express,HTR00000818,shipped,2326,5.1,246.72,2026-05-05T10:25:00Z,,2026-05-05T09:25:00Z
819,819,11,FabLine Freight,HTR00000819,in_transit,719,66.2,436.74,2026-05-05T10:20:00Z,,2026-05-05T09:20:00Z
820,820,4,ChannelFlow Priority,HTR00000820,delivered,1565,72.5,101.56,2026-05-05T10:15:00Z,2026-05-05T14:15:00Z,2026-05-05T09:15:00Z
821,821,9,Oracle Logistics Cloud,HTR00000821,preparing,1958,50.5,493.52,2026-05-05T10:10:00Z,,2026-05-05T09:10:00Z
822,822,2,Silicon Route Express,HTR00000822,packed,2233,31.6,500.49,2026-05-05T10:05:00Z,,2026-05-05T09:05:00Z
823,823,7,FabLine Freight,HTR00000823,shipped,705,31.6,60.4,2026-05-05T10:00:00Z,,2026-05-05T09:00:00Z
824,824,12,ChannelFlow Priority,HTR00000824,in_transit,1750,46.5,495.56,2026-05-05T09:55:00Z,,2026-05-05T08:55:00Z
825,825,5,Oracle Logistics Cloud,HTR00000825,out_for_delivery,89,17.5,277.24,2026-05-05T09:50:00Z,,2026-05-05T08:50:00Z
826,826,10,Silicon Route Express,HTR00000826,preparing,1294,72.9,169.25,2026-05-05T09:45:00Z,,2026-05-05T08:45:00Z
827,827,3,FabLine Freight,HTR00000827,packed,625,6.1,213.01,2026-05-05T09:40:00Z,,2026-05-05T08:40:00Z
828,828,8,ChannelFlow Priority,HTR00000828,delivered,2605,73.9,260.56,2026-05-05T09:35:00Z,2026-05-05T13:35:00Z,2026-05-05T08:35:00Z
829,829,1,Oracle Logistics Cloud,HTR00000829,in_transit,931,37.9,400.01,2026-05-05T09:30:00Z,,2026-05-05T08:30:00Z
830,830,6,Silicon Route Express,HTR00000830,out_for_delivery,315,12,114.22,2026-05-05T09:25:00Z,,2026-05-05T08:25:00Z
831,831,11,FabLine Freight,HTR00000831,preparing,354,48.1,217.09,2026-05-05T09:20:00Z,,2026-05-05T08:20:00Z
832,832,4,ChannelFlow Priority,HTR00000832,packed,165,29.5,349.21,2026-05-05T09:15:00Z,,2026-05-05T08:15:00Z
833,833,9,Oracle Logistics Cloud,HTR00000833,shipped,192,43.1,182.74,2026-05-05T09:10:00Z,,2026-05-05T08:10:00Z
834,834,2,Silicon Route Express,HTR00000834,in_transit,1908,23.7,69.68,2026-05-05T09:05:00Z,,2026-05-05T08:05:00Z
835,835,7,FabLine Freight,HTR00000835,out_for_delivery,1739,48.6,314.33,2026-05-05T09:00:00Z,,2026-05-05T08:00:00Z
836,836,12,ChannelFlow Priority,HTR00000836,delivered,572,68.6,277.48,2026-05-05T08:55:00Z,2026-05-05T12:55:00Z,2026-05-05T07:55:00Z
837,837,5,Oracle Logistics Cloud,HTR00000837,packed,2018,23.5,439.36,2026-05-05T08:50:00Z,,2026-05-05T07:50:00Z
838,838,10,Silicon Route Express,HTR00000838,shipped,2475,67.6,210.86,2026-05-05T08:45:00Z,,2026-05-05T07:45:00Z
839,839,3,FabLine Freight,HTR00000839,in_transit,1954,55.7,93.65,2026-05-05T08:40:00Z,,2026-05-05T07:40:00Z
840,840,8,ChannelFlow Priority,HTR00000840,out_for_delivery,2545,41.7,473.25,2026-05-05T08:35:00Z,,2026-05-05T07:35:00Z
841,841,1,Oracle Logistics Cloud,HTR00000841,preparing,779,27.3,253.11,2026-05-05T08:30:00Z,,2026-05-05T07:30:00Z
842,842,6,Silicon Route Express,HTR00000842,packed,1921,24,57.07,2026-05-05T08:25:00Z,,2026-05-05T07:25:00Z
843,843,11,FabLine Freight,HTR00000843,shipped,458,54.9,165.71,2026-05-05T08:20:00Z,,2026-05-05T07:20:00Z
844,844,4,ChannelFlow Priority,HTR00000844,delivered,1605,31.1,165.22,2026-05-05T08:15:00Z,2026-05-05T12:15:00Z,2026-05-05T07:15:00Z
845,845,9,Oracle Logistics Cloud,HTR00000845,out_for_delivery,2239,23.7,149.13,2026-05-05T08:10:00Z,,2026-05-05T07:10:00Z
846,846,2,Silicon Route Express,HTR00000846,preparing,1150,9.3,258.08,2026-05-05T08:05:00Z,,2026-05-05T07:05:00Z
847,847,7,FabLine Freight,HTR00000847,packed,135,58.4,245.69,2026-05-05T08:00:00Z,,2026-05-05T07:00:00Z
848,848,12,ChannelFlow Priority,HTR00000848,shipped,1438,60,92.05,2026-05-05T07:55:00Z,,2026-05-05T06:55:00Z
849,849,5,Oracle Logistics Cloud,HTR00000849,in_transit,406,35.5,447.69,2026-05-05T07:50:00Z,,2026-05-05T06:50:00Z
850,850,10,Silicon Route Express,HTR00000850,out_for_delivery,832,14.7,335.13,2026-05-05T07:45:00Z,,2026-05-05T06:45:00Z
851,851,3,FabLine Freight,HTR00000851,preparing,906,26.1,483.77,2026-05-05T07:40:00Z,,2026-05-05T06:40:00Z
852,852,8,ChannelFlow Priority,HTR00000852,delivered,975,62.7,163.45,2026-05-05T07:35:00Z,2026-05-05T11:35:00Z,2026-05-05T06:35:00Z
853,853,1,Oracle Logistics Cloud,HTR00000853,shipped,2433,9.9,436.01,2026-05-05T07:30:00Z,,2026-05-05T06:30:00Z
854,854,6,Silicon Route Express,HTR00000854,in_transit,1188,40.4,452.22,2026-05-05T07:25:00Z,,2026-05-05T06:25:00Z
855,855,11,FabLine Freight,HTR00000855,out_for_delivery,422,10.1,493.49,2026-05-05T07:20:00Z,,2026-05-05T06:20:00Z
856,856,4,ChannelFlow Priority,HTR00000856,preparing,2535,9,401.04,2026-05-05T07:15:00Z,,2026-05-05T06:15:00Z
857,857,9,Oracle Logistics Cloud,HTR00000857,packed,920,67.7,501.53,2026-05-05T07:10:00Z,,2026-05-05T06:10:00Z
858,858,2,Silicon Route Express,HTR00000858,shipped,510,39.2,79.1,2026-05-05T07:05:00Z,,2026-05-05T06:05:00Z
859,859,7,FabLine Freight,HTR00000859,in_transit,668,45,323.84,2026-05-05T07:00:00Z,,2026-05-05T06:00:00Z
860,860,12,ChannelFlow Priority,HTR00000860,delivered,2327,54.6,188.91,2026-05-05T06:55:00Z,2026-05-05T10:55:00Z,2026-05-05T05:55:00Z
861,861,5,Oracle Logistics Cloud,HTR00000861,preparing,1275,9.9,59.46,2026-05-05T06:50:00Z,,2026-05-05T05:50:00Z
862,862,10,Silicon Route Express,HTR00000862,packed,447,12.9,322.51,2026-05-05T06:45:00Z,,2026-05-05T05:45:00Z
863,863,3,FabLine Freight,HTR00000863,shipped,1667,11.1,79.98,2026-05-05T06:40:00Z,,2026-05-05T05:40:00Z
864,864,8,ChannelFlow Priority,HTR00000864,in_transit,1015,4.1,77.96,2026-05-05T06:35:00Z,,2026-05-05T05:35:00Z
865,865,1,Oracle Logistics Cloud,HTR00000865,out_for_delivery,489,55.4,50.52,2026-05-05T06:30:00Z,,2026-05-05T05:30:00Z
866,866,6,Silicon Route Express,HTR00000866,preparing,1098,60.8,326.32,2026-05-05T06:25:00Z,,2026-05-05T05:25:00Z
867,867,11,FabLine Freight,HTR00000867,packed,2252,27.5,209.35,2026-05-05T06:20:00Z,,2026-05-05T05:20:00Z
868,868,4,ChannelFlow Priority,HTR00000868,delivered,285,61.4,488.84,2026-05-05T06:15:00Z,2026-05-05T10:15:00Z,2026-05-05T05:15:00Z
869,869,9,Oracle Logistics Cloud,HTR00000869,in_transit,1739,26.5,130.61,2026-05-05T06:10:00Z,,2026-05-05T05:10:00Z
870,870,2,Silicon Route Express,HTR00000870,out_for_delivery,1625,36.4,74.49,2026-05-05T06:05:00Z,,2026-05-05T05:05:00Z
871,871,7,FabLine Freight,HTR00000871,preparing,1412,54.9,393.22,2026-05-05T06:00:00Z,,2026-05-05T05:00:00Z
872,872,12,ChannelFlow Priority,HTR00000872,packed,1311,65.1,367.53,2026-05-05T05:55:00Z,,2026-05-05T04:55:00Z
873,873,5,Oracle Logistics Cloud,HTR00000873,shipped,1642,5.8,84.48,2026-05-05T05:50:00Z,,2026-05-05T04:50:00Z
874,874,10,Silicon Route Express,HTR00000874,in_transit,1830,4.4,77.19,2026-05-05T05:45:00Z,,2026-05-05T04:45:00Z
875,875,3,FabLine Freight,HTR00000875,out_for_delivery,2651,15.4,336.88,2026-05-05T05:40:00Z,,2026-05-05T04:40:00Z
876,876,8,ChannelFlow Priority,HTR00000876,delivered,1176,44,125.31,2026-05-05T05:35:00Z,2026-05-05T09:35:00Z,2026-05-05T04:35:00Z
877,877,1,Oracle Logistics Cloud,HTR00000877,packed,370,23.6,142.54,2026-05-05T05:30:00Z,,2026-05-05T04:30:00Z
878,878,6,Silicon Route Express,HTR00000878,shipped,1672,27.3,50.95,2026-05-05T05:25:00Z,,2026-05-05T04:25:00Z
879,879,11,FabLine Freight,HTR00000879,in_transit,180,49.5,394.62,2026-05-05T05:20:00Z,,2026-05-05T04:20:00Z
880,880,4,ChannelFlow Priority,HTR00000880,out_for_delivery,2330,24.7,415.5,2026-05-05T05:15:00Z,,2026-05-05T04:15:00Z
881,881,9,Oracle Logistics Cloud,HTR00000881,preparing,330,51.6,406.97,2026-05-05T05:10:00Z,,2026-05-05T04:10:00Z
882,882,2,Silicon Route Express,HTR00000882,packed,1237,20.9,412.9,2026-05-05T05:05:00Z,,2026-05-05T04:05:00Z
883,883,7,FabLine Freight,HTR00000883,shipped,2618,57,281.89,2026-05-05T05:00:00Z,,2026-05-05T04:00:00Z
884,884,12,ChannelFlow Priority,HTR00000884,delivered,2519,51.8,244.75,2026-05-05T04:55:00Z,2026-05-05T08:55:00Z,2026-05-05T03:55:00Z
885,885,5,Oracle Logistics Cloud,HTR00000885,out_for_delivery,705,49.5,111.55,2026-05-05T04:50:00Z,,2026-05-05T03:50:00Z
886,886,10,Silicon Route Express,HTR00000886,preparing,1157,65.5,28.56,2026-05-05T04:45:00Z,,2026-05-05T03:45:00Z
887,887,3,FabLine Freight,HTR00000887,packed,1436,71.9,476.16,2026-05-05T04:40:00Z,,2026-05-05T03:40:00Z
888,888,8,ChannelFlow Priority,HTR00000888,shipped,1486,35.8,200.24,2026-05-05T04:35:00Z,,2026-05-05T03:35:00Z
889,889,1,Oracle Logistics Cloud,HTR00000889,in_transit,298,75.4,213.47,2026-05-05T04:30:00Z,,2026-05-05T03:30:00Z
890,890,6,Silicon Route Express,HTR00000890,out_for_delivery,1167,56.6,366.46,2026-05-05T04:25:00Z,,2026-05-05T03:25:00Z
891,891,11,FabLine Freight,HTR00000891,preparing,1769,40.8,464.48,2026-05-05T04:20:00Z,,2026-05-05T03:20:00Z
892,892,4,ChannelFlow Priority,HTR00000892,delivered,2381,11.3,153.09,2026-05-05T04:15:00Z,2026-05-05T08:15:00Z,2026-05-05T03:15:00Z
893,893,9,Oracle Logistics Cloud,HTR00000893,shipped,686,50.8,433.76,2026-05-05T04:10:00Z,,2026-05-05T03:10:00Z
894,894,2,Silicon Route Express,HTR00000894,in_transit,796,25.4,39.45,2026-05-05T04:05:00Z,,2026-05-05T03:05:00Z
895,895,7,FabLine Freight,HTR00000895,out_for_delivery,2587,21,474.95,2026-05-05T04:00:00Z,,2026-05-05T03:00:00Z
896,896,12,ChannelFlow Priority,HTR00000896,preparing,2068,5.6,495.61,2026-05-05T03:55:00Z,,2026-05-05T02:55:00Z
897,897,5,Oracle Logistics Cloud,HTR00000897,packed,1228,35.6,87.97,2026-05-05T03:50:00Z,,2026-05-05T02:50:00Z
898,898,10,Silicon Route Express,HTR00000898,shipped,1959,4.1,262.08,2026-05-05T03:45:00Z,,2026-05-05T02:45:00Z
899,899,3,FabLine Freight,HTR00000899,in_transit,1245,56.7,199.79,2026-05-05T03:40:00Z,,2026-05-05T02:40:00Z
900,900,8,ChannelFlow Priority,HTR00000900,delivered,2544,20.1,191.5,2026-05-05T03:35:00Z,2026-05-05T07:35:00Z,2026-05-05T02:35:00Z
901,901,1,Oracle Logistics Cloud,HTR00000901,preparing,1389,47.5,81.36,2026-05-05T03:30:00Z,,2026-05-05T02:30:00Z
902,902,6,Silicon Route Express,HTR00000902,packed,434,20.3,165.05,2026-05-05T03:25:00Z,,2026-05-05T02:25:00Z
903,903,11,FabLine Freight,HTR00000903,shipped,2396,33.5,492.54,2026-05-05T03:20:00Z,,2026-05-05T02:20:00Z
904,904,4,ChannelFlow Priority,HTR00000904,in_transit,281,42.8,245.28,2026-05-05T03:15:00Z,,2026-05-05T02:15:00Z
905,905,9,Oracle Logistics Cloud,HTR00000905,out_for_delivery,2578,52.5,153.48,2026-05-05T03:10:00Z,,2026-05-05T02:10:00Z
906,906,2,Silicon Route Express,HTR00000906,preparing,1919,10.9,333.83,2026-05-05T03:05:00Z,,2026-05-05T02:05:00Z
907,907,7,FabLine Freight,HTR00000907,packed,724,45.2,102.78,2026-05-05T03:00:00Z,,2026-05-05T02:00:00Z
908,908,12,ChannelFlow Priority,HTR00000908,delivered,1225,58.7,378.67,2026-05-05T02:55:00Z,2026-05-05T06:55:00Z,2026-05-05T01:55:00Z
909,909,5,Oracle Logistics Cloud,HTR00000909,in_transit,2034,75.4,261.12,2026-05-05T02:50:00Z,,2026-05-05T01:50:00Z
910,910,10,Silicon Route Express,HTR00000910,out_for_delivery,2199,25.8,301.43,2026-05-05T02:45:00Z,,2026-05-05T01:45:00Z
911,911,3,FabLine Freight,HTR00000911,preparing,1607,71.1,302.72,2026-05-05T02:40:00Z,,2026-05-05T01:40:00Z
912,912,8,ChannelFlow Priority,HTR00000912,packed,1314,72.5,26.18,2026-05-05T02:35:00Z,,2026-05-05T01:35:00Z
913,913,1,Oracle Logistics Cloud,HTR00000913,shipped,2199,38.5,47.28,2026-05-05T02:30:00Z,,2026-05-05T01:30:00Z
914,914,6,Silicon Route Express,HTR00000914,in_transit,1639,22.6,104.52,2026-05-05T02:25:00Z,,2026-05-05T01:25:00Z
915,915,11,FabLine Freight,HTR00000915,out_for_delivery,295,18.4,227.24,2026-05-05T02:20:00Z,,2026-05-05T01:20:00Z
916,916,4,ChannelFlow Priority,HTR00000916,delivered,2632,37.9,177.26,2026-05-05T02:15:00Z,2026-05-05T06:15:00Z,2026-05-05T01:15:00Z
917,917,9,Oracle Logistics Cloud,HTR00000917,packed,1433,48.4,262.25,2026-05-05T02:10:00Z,,2026-05-05T01:10:00Z
918,918,2,Silicon Route Express,HTR00000918,shipped,92,32.2,419.8,2026-05-05T02:05:00Z,,2026-05-05T01:05:00Z
919,919,7,FabLine Freight,HTR00000919,in_transit,1505,22,136.14,2026-05-05T02:00:00Z,,2026-05-05T01:00:00Z
920,920,12,ChannelFlow Priority,HTR00000920,out_for_delivery,1549,36.5,463.49,2026-05-05T01:55:00Z,,2026-05-05T00:55:00Z
921,921,5,Oracle Logistics Cloud,HTR00000921,preparing,1742,53.8,441.42,2026-05-05T01:50:00Z,,2026-05-05T00:50:00Z
922,922,10,Silicon Route Express,HTR00000922,packed,1806,48.1,387.51,2026-05-05T01:45:00Z,,2026-05-05T00:45:00Z
923,923,3,FabLine Freight,HTR00000923,shipped,1689,5.7,371.01,2026-05-05T01:40:00Z,,2026-05-05T00:40:00Z
924,924,8,ChannelFlow Priority,HTR00000924,delivered,1648,71.3,113.7,2026-05-05T01:35:00Z,2026-05-05T05:35:00Z,2026-05-05T00:35:00Z
925,925,1,Oracle Logistics Cloud,HTR00000925,out_for_delivery,316,16.9,487.9,2026-05-05T01:30:00Z,,2026-05-05T00:30:00Z
926,926,6,Silicon Route Express,HTR00000926,preparing,116,49.2,164.88,2026-05-05T01:25:00Z,,2026-05-05T00:25:00Z
927,927,11,FabLine Freight,HTR00000927,packed,889,21.5,160.18,2026-05-05T01:20:00Z,,2026-05-05T00:20:00Z
928,928,4,ChannelFlow Priority,HTR00000928,shipped,1354,71.9,196.46,2026-05-05T01:15:00Z,,2026-05-05T00:15:00Z
929,929,9,Oracle Logistics Cloud,HTR00000929,in_transit,1291,71.8,360.77,2026-05-05T01:10:00Z,,2026-05-05T00:10:00Z
930,930,2,Silicon Route Express,HTR00000930,out_for_delivery,2461,30.3,423.67,2026-05-05T01:05:00Z,,2026-05-05T00:05:00Z
931,931,7,FabLine Freight,HTR00000931,preparing,1316,49.7,82.4,2026-05-05T01:00:00Z,,2026-05-05T00:00:00Z
932,932,12,ChannelFlow Priority,HTR00000932,delivered,549,72.5,109.21,2026-05-05T00:55:00Z,2026-05-05T04:55:00Z,2026-05-04T23:55:00Z
933,933,5,Oracle Logistics Cloud,HTR00000933,shipped,1275,63.5,60.53,2026-05-05T00:50:00Z,,2026-05-04T23:50:00Z
934,934,10,Silicon Route Express,HTR00000934,in_transit,1472,68.8,126.36,2026-05-05T00:45:00Z,,2026-05-04T23:45:00Z
935,935,3,FabLine Freight,HTR00000935,out_for_delivery,1558,70.7,471.65,2026-05-05T00:40:00Z,,2026-05-04T23:40:00Z
936,936,8,ChannelFlow Priority,HTR00000936,preparing,1865,22.1,195.73,2026-05-05T00:35:00Z,,2026-05-04T23:35:00Z
937,937,1,Oracle Logistics Cloud,HTR00000937,packed,588,29,455.26,2026-05-05T00:30:00Z,,2026-05-04T23:30:00Z
938,938,6,Silicon Route Express,HTR00000938,shipped,1658,5,234.35,2026-05-05T00:25:00Z,,2026-05-04T23:25:00Z
939,939,11,FabLine Freight,HTR00000939,in_transit,2345,71.2,192.28,2026-05-05T00:20:00Z,,2026-05-04T23:20:00Z
940,940,4,ChannelFlow Priority,HTR00000940,delivered,489,20.3,146.27,2026-05-05T00:15:00Z,2026-05-05T04:15:00Z,2026-05-04T23:15:00Z
941,941,9,Oracle Logistics Cloud,HTR00000941,preparing,1045,12.3,327.21,2026-05-05T00:10:00Z,,2026-05-04T23:10:00Z
942,942,2,Silicon Route Express,HTR00000942,packed,1120,65.3,408.27,2026-05-05T00:05:00Z,,2026-05-04T23:05:00Z
943,943,7,FabLine Freight,HTR00000943,shipped,545,28.6,356,2026-05-05T00:00:00Z,,2026-05-04T23:00:00Z
944,944,12,ChannelFlow Priority,HTR00000944,in_transit,1500,58.5,45.81,2026-05-04T23:55:00Z,,2026-05-04T22:55:00Z
945,945,5,Oracle Logistics Cloud,HTR00000945,out_for_delivery,375,55.3,440.35,2026-05-04T23:50:00Z,,2026-05-04T22:50:00Z
946,946,10,Silicon Route Express,HTR00000946,preparing,2345,21,54.18,2026-05-04T23:45:00Z,,2026-05-04T22:45:00Z
947,947,3,FabLine Freight,HTR00000947,packed,1746,51,173.88,2026-05-04T23:40:00Z,,2026-05-04T22:40:00Z
948,948,8,ChannelFlow Priority,HTR00000948,delivered,1220,23.5,160.04,2026-05-04T23:35:00Z,2026-05-05T03:35:00Z,2026-05-04T22:35:00Z
949,949,1,Oracle Logistics Cloud,HTR00000949,in_transit,672,49.1,120.67,2026-05-04T23:30:00Z,,2026-05-04T22:30:00Z
950,950,6,Silicon Route Express,HTR00000950,out_for_delivery,822,74.8,161.43,2026-05-04T23:25:00Z,,2026-05-04T22:25:00Z
951,951,11,FabLine Freight,HTR00000951,preparing,975,45.6,304.74,2026-05-04T23:20:00Z,,2026-05-04T22:20:00Z
952,952,4,ChannelFlow Priority,HTR00000952,packed,470,45.6,461.07,2026-05-04T23:15:00Z,,2026-05-04T22:15:00Z
953,953,9,Oracle Logistics Cloud,HTR00000953,shipped,1991,57.1,148.3,2026-05-04T23:10:00Z,,2026-05-04T22:10:00Z
954,954,2,Silicon Route Express,HTR00000954,in_transit,2332,68.9,185.18,2026-05-04T23:05:00Z,,2026-05-04T22:05:00Z
955,955,7,FabLine Freight,HTR00000955,out_for_delivery,2178,37.3,383.67,2026-05-04T23:00:00Z,,2026-05-04T22:00:00Z
956,956,12,ChannelFlow Priority,HTR00000956,delivered,584,43.2,410.92,2026-05-04T22:55:00Z,2026-05-05T02:55:00Z,2026-05-04T21:55:00Z
957,957,5,Oracle Logistics Cloud,HTR00000957,packed,1706,58.1,460.58,2026-05-04T22:50:00Z,,2026-05-04T21:50:00Z
958,958,10,Silicon Route Express,HTR00000958,shipped,379,28.8,131.95,2026-05-04T22:45:00Z,,2026-05-04T21:45:00Z
959,959,3,FabLine Freight,HTR00000959,in_transit,297,33,52.36,2026-05-04T22:40:00Z,,2026-05-04T21:40:00Z
960,960,8,ChannelFlow Priority,HTR00000960,out_for_delivery,2339,16.3,147.8,2026-05-04T22:35:00Z,,2026-05-04T21:35:00Z
961,961,1,Oracle Logistics Cloud,HTR00000961,preparing,918,14.4,492.59,2026-05-04T22:30:00Z,,2026-05-04T21:30:00Z
962,962,6,Silicon Route Express,HTR00000962,packed,534,40.8,346.82,2026-05-04T22:25:00Z,,2026-05-04T21:25:00Z
963,963,11,FabLine Freight,HTR00000963,shipped,177,34.2,69.76,2026-05-04T22:20:00Z,,2026-05-04T21:20:00Z
964,964,4,ChannelFlow Priority,HTR00000964,delivered,2295,38.4,215.93,2026-05-04T22:15:00Z,2026-05-05T02:15:00Z,2026-05-04T21:15:00Z
965,965,9,Oracle Logistics Cloud,HTR00000965,out_for_delivery,1561,46,71.59,2026-05-04T22:10:00Z,,2026-05-04T21:10:00Z
966,966,2,Silicon Route Express,HTR00000966,preparing,1665,31.2,63.87,2026-05-04T22:05:00Z,,2026-05-04T21:05:00Z
967,967,7,FabLine Freight,HTR00000967,packed,2383,17,370.5,2026-05-04T22:00:00Z,,2026-05-04T21:00:00Z
968,968,12,ChannelFlow Priority,HTR00000968,shipped,322,29.8,312.12,2026-05-04T21:55:00Z,,2026-05-04T20:55:00Z
969,969,5,Oracle Logistics Cloud,HTR00000969,in_transit,293,7.5,364.77,2026-05-04T21:50:00Z,,2026-05-04T20:50:00Z
970,970,10,Silicon Route Express,HTR00000970,out_for_delivery,1180,36.6,282.37,2026-05-04T21:45:00Z,,2026-05-04T20:45:00Z
971,971,3,FabLine Freight,HTR00000971,preparing,253,59.5,310.33,2026-05-04T21:40:00Z,,2026-05-04T20:40:00Z
972,972,8,ChannelFlow Priority,HTR00000972,delivered,1554,10.8,438.79,2026-05-04T21:35:00Z,2026-05-05T01:35:00Z,2026-05-04T20:35:00Z
973,973,1,Oracle Logistics Cloud,HTR00000973,shipped,2441,40.2,421.84,2026-05-04T21:30:00Z,,2026-05-04T20:30:00Z
974,974,6,Silicon Route Express,HTR00000974,in_transit,1663,28.1,82.89,2026-05-04T21:25:00Z,,2026-05-04T20:25:00Z
975,975,11,FabLine Freight,HTR00000975,out_for_delivery,1356,48.3,206.66,2026-05-04T21:20:00Z,,2026-05-04T20:20:00Z
976,976,4,ChannelFlow Priority,HTR00000976,preparing,743,17.8,476.93,2026-05-04T21:15:00Z,,2026-05-04T20:15:00Z
977,977,9,Oracle Logistics Cloud,HTR00000977,packed,2244,69.8,311.42,2026-05-04T21:10:00Z,,2026-05-04T20:10:00Z
978,978,2,Silicon Route Express,HTR00000978,shipped,2314,21.9,413.79,2026-05-04T21:05:00Z,,2026-05-04T20:05:00Z
979,979,7,FabLine Freight,HTR00000979,in_transit,1862,11.8,56.46,2026-05-04T21:00:00Z,,2026-05-04T20:00:00Z
980,980,12,ChannelFlow Priority,HTR00000980,delivered,1701,22.5,428.76,2026-05-04T20:55:00Z,2026-05-05T00:55:00Z,2026-05-04T19:55:00Z
981,981,5,Oracle Logistics Cloud,HTR00000981,preparing,1490,8.5,316.73,2026-05-04T20:50:00Z,,2026-05-04T19:50:00Z
982,982,10,Silicon Route Express,HTR00000982,packed,1047,30.2,309.64,2026-05-04T20:45:00Z,,2026-05-04T19:45:00Z
983,983,3,FabLine Freight,HTR00000983,shipped,2653,31.2,284.46,2026-05-04T20:40:00Z,,2026-05-04T19:40:00Z
984,984,8,ChannelFlow Priority,HTR00000984,in_transit,370,53.6,421.42,2026-05-04T20:35:00Z,,2026-05-04T19:35:00Z
985,985,1,Oracle Logistics Cloud,HTR00000985,out_for_delivery,1274,59.4,247.08,2026-05-04T20:30:00Z,,2026-05-04T19:30:00Z
986,986,6,Silicon Route Express,HTR00000986,preparing,1480,57.8,323,2026-05-04T20:25:00Z,,2026-05-04T19:25:00Z
987,987,11,FabLine Freight,HTR00000987,packed,1065,37.4,337.97,2026-05-04T20:20:00Z,,2026-05-04T19:20:00Z
988,988,4,ChannelFlow Priority,HTR00000988,delivered,964,36.6,388.22,2026-05-04T20:15:00Z,2026-05-05T00:15:00Z,2026-05-04T19:15:00Z
989,989,9,Oracle Logistics Cloud,HTR00000989,in_transit,2286,68.1,289.7,2026-05-04T20:10:00Z,,2026-05-04T19:10:00Z
990,990,2,Silicon Route Express,HTR00000990,out_for_delivery,1224,48.3,64.66,2026-05-04T20:05:00Z,,2026-05-04T19:05:00Z
991,991,7,FabLine Freight,HTR00000991,preparing,2666,51.2,71.13,2026-05-04T20:00:00Z,,2026-05-04T19:00:00Z
992,992,12,ChannelFlow Priority,HTR00000992,packed,1770,14.6,97.08,2026-05-04T19:55:00Z,,2026-05-04T18:55:00Z
993,993,5,Oracle Logistics Cloud,HTR00000993,shipped,1059,43.4,60.63,2026-05-04T19:50:00Z,,2026-05-04T18:50:00Z
994,994,10,Silicon Route Express,HTR00000994,in_transit,2160,47.3,53.48,2026-05-04T19:45:00Z,,2026-05-04T18:45:00Z
995,995,3,FabLine Freight,HTR00000995,out_for_delivery,158,50.3,386.18,2026-05-04T19:40:00Z,,2026-05-04T18:40:00Z
996,996,8,ChannelFlow Priority,HTR00000996,delivered,375,53.6,480.08,2026-05-04T19:35:00Z,2026-05-04T23:35:00Z,2026-05-04T18:35:00Z
997,997,1,Oracle Logistics Cloud,HTR00000997,packed,438,67,292.03,2026-05-04T19:30:00Z,,2026-05-04T18:30:00Z
998,998,6,Silicon Route Express,HTR00000998,shipped,2642,23.3,446.29,2026-05-04T19:25:00Z,,2026-05-04T18:25:00Z
999,999,11,FabLine Freight,HTR00000999,in_transit,2111,18.8,72.12,2026-05-04T19:20:00Z,,2026-05-04T18:20:00Z
1000,1000,4,ChannelFlow Priority,HTR00001000,out_for_delivery,871,11.9,411.86,2026-05-04T19:15:00Z,,2026-05-04T18:15:00Z
1001,1001,9,Oracle Logistics Cloud,HTR00001001,preparing,346,42.3,343.71,2026-05-04T19:10:00Z,,2026-05-04T18:10:00Z
1002,1002,2,Silicon Route Express,HTR00001002,packed,773,5.1,361.17,2026-05-04T19:05:00Z,,2026-05-04T18:05:00Z
1003,1003,7,FabLine Freight,HTR00001003,shipped,2512,66.3,84.61,2026-05-04T19:00:00Z,,2026-05-04T18:00:00Z
1004,1004,12,ChannelFlow Priority,HTR00001004,delivered,856,64.8,369.99,2026-05-04T18:55:00Z,2026-05-04T22:55:00Z,2026-05-04T17:55:00Z
1005,1005,5,Oracle Logistics Cloud,HTR00001005,out_for_delivery,1516,55.4,94.42,2026-05-04T18:50:00Z,,2026-05-04T17:50:00Z
1006,1006,10,Silicon Route Express,HTR00001006,preparing,1394,9.6,357.54,2026-05-04T18:45:00Z,,2026-05-04T17:45:00Z
1007,1007,3,FabLine Freight,HTR00001007,packed,843,56.3,62.32,2026-05-04T18:40:00Z,,2026-05-04T17:40:00Z
1008,1008,8,ChannelFlow Priority,HTR00001008,shipped,891,56.4,296.04,2026-05-04T18:35:00Z,,2026-05-04T17:35:00Z
1009,1009,1,Oracle Logistics Cloud,HTR00001009,in_transit,1519,59.4,403.3,2026-05-04T18:30:00Z,,2026-05-04T17:30:00Z
1010,1010,6,Silicon Route Express,HTR00001010,out_for_delivery,2048,39.2,201.28,2026-05-04T18:25:00Z,,2026-05-04T17:25:00Z
1011,1011,11,FabLine Freight,HTR00001011,preparing,661,53.9,155.69,2026-05-04T18:20:00Z,,2026-05-04T17:20:00Z
1012,1012,4,ChannelFlow Priority,HTR00001012,delivered,1025,71.1,343.21,2026-05-04T18:15:00Z,2026-05-04T22:15:00Z,2026-05-04T17:15:00Z
1013,1013,9,Oracle Logistics Cloud,HTR00001013,shipped,1612,52,344.84,2026-05-04T18:10:00Z,,2026-05-04T17:10:00Z
1014,1014,2,Silicon Route Express,HTR00001014,in_transit,1235,63.3,363.77,2026-05-04T18:05:00Z,,2026-05-04T17:05:00Z
1015,1015,7,FabLine Freight,HTR00001015,out_for_delivery,2353,20.9,300.75,2026-05-04T18:00:00Z,,2026-05-04T17:00:00Z
1016,1016,12,ChannelFlow Priority,HTR00001016,preparing,273,25.1,58.57,2026-05-04T17:55:00Z,,2026-05-04T16:55:00Z
1017,1017,5,Oracle Logistics Cloud,HTR00001017,packed,687,10.2,388.96,2026-05-04T17:50:00Z,,2026-05-04T16:50:00Z
1018,1018,10,Silicon Route Express,HTR00001018,shipped,619,9,278.85,2026-05-04T17:45:00Z,,2026-05-04T16:45:00Z
1019,1019,3,FabLine Freight,HTR00001019,in_transit,1470,56.7,99.17,2026-05-04T17:40:00Z,,2026-05-04T16:40:00Z
1020,1020,8,ChannelFlow Priority,HTR00001020,delivered,132,14.8,216.85,2026-05-04T17:35:00Z,2026-05-04T21:35:00Z,2026-05-04T16:35:00Z
1021,1021,1,Oracle Logistics Cloud,HTR00001021,preparing,809,34.9,327.88,2026-05-04T17:30:00Z,,2026-05-04T16:30:00Z
1022,1022,6,Silicon Route Express,HTR00001022,packed,1255,72.6,446.97,2026-05-04T17:25:00Z,,2026-05-04T16:25:00Z
1023,1023,11,FabLine Freight,HTR00001023,shipped,2635,72.4,125.88,2026-05-04T17:20:00Z,,2026-05-04T16:20:00Z
1024,1024,4,ChannelFlow Priority,HTR00001024,in_transit,715,65.8,399.07,2026-05-04T17:15:00Z,,2026-05-04T16:15:00Z
1025,1025,9,Oracle Logistics Cloud,HTR00001025,out_for_delivery,1681,22.6,212.45,2026-05-04T17:10:00Z,,2026-05-04T16:10:00Z
1026,1026,2,Silicon Route Express,HTR00001026,preparing,1824,12,502.15,2026-05-04T17:05:00Z,,2026-05-04T16:05:00Z
1027,1027,7,FabLine Freight,HTR00001027,packed,1104,69.9,334.32,2026-05-04T17:00:00Z,,2026-05-04T16:00:00Z
1028,1028,12,ChannelFlow Priority,HTR00001028,delivered,798,50.4,468.71,2026-05-04T16:55:00Z,2026-05-04T20:55:00Z,2026-05-04T15:55:00Z
1029,1029,5,Oracle Logistics Cloud,HTR00001029,in_transit,1470,10.1,298.59,2026-05-04T16:50:00Z,,2026-05-04T15:50:00Z
1030,1030,10,Silicon Route Express,HTR00001030,out_for_delivery,509,7.4,318.57,2026-05-04T16:45:00Z,,2026-05-04T15:45:00Z
1031,1031,3,FabLine Freight,HTR00001031,preparing,539,75.4,464.51,2026-05-04T16:40:00Z,,2026-05-04T15:40:00Z
1032,1032,8,ChannelFlow Priority,HTR00001032,packed,607,26,27.58,2026-05-04T16:35:00Z,,2026-05-04T15:35:00Z
1033,1033,1,Oracle Logistics Cloud,HTR00001033,shipped,809,8.8,460.25,2026-05-04T16:30:00Z,,2026-05-04T15:30:00Z
1034,1034,6,Silicon Route Express,HTR00001034,in_transit,1437,5.7,378.49,2026-05-04T16:25:00Z,,2026-05-04T15:25:00Z
1035,1035,11,FabLine Freight,HTR00001035,out_for_delivery,421,6.5,191.12,2026-05-04T16:20:00Z,,2026-05-04T15:20:00Z
1036,1036,4,ChannelFlow Priority,HTR00001036,delivered,1520,35.5,211.19,2026-05-04T16:15:00Z,2026-05-04T20:15:00Z,2026-05-04T15:15:00Z
1037,1037,9,Oracle Logistics Cloud,HTR00001037,packed,256,47.1,367.27,2026-05-04T16:10:00Z,,2026-05-04T15:10:00Z
1038,1038,2,Silicon Route Express,HTR00001038,shipped,568,69.1,224.3,2026-05-04T16:05:00Z,,2026-05-04T15:05:00Z
1039,1039,7,FabLine Freight,HTR00001039,in_transit,141,58.7,433.07,2026-05-04T16:00:00Z,,2026-05-04T15:00:00Z
1040,1040,12,ChannelFlow Priority,HTR00001040,out_for_delivery,987,21.7,165.44,2026-05-04T15:55:00Z,,2026-05-04T14:55:00Z
1041,1041,5,Oracle Logistics Cloud,HTR00001041,preparing,1837,18.1,197.26,2026-05-04T15:50:00Z,,2026-05-04T14:50:00Z
1042,1042,10,Silicon Route Express,HTR00001042,packed,473,71.9,480.12,2026-05-04T15:45:00Z,,2026-05-04T14:45:00Z
1043,1043,3,FabLine Freight,HTR00001043,shipped,761,62.4,255.79,2026-05-04T15:40:00Z,,2026-05-04T14:40:00Z
1044,1044,8,ChannelFlow Priority,HTR00001044,delivered,1518,40.7,232.58,2026-05-04T15:35:00Z,2026-05-04T19:35:00Z,2026-05-04T14:35:00Z
1045,1045,1,Oracle Logistics Cloud,HTR00001045,out_for_delivery,1399,34.9,279.71,2026-05-04T15:30:00Z,,2026-05-04T14:30:00Z
1046,1046,6,Silicon Route Express,HTR00001046,preparing,1562,29.2,291.11,2026-05-04T15:25:00Z,,2026-05-04T14:25:00Z
1047,1047,11,FabLine Freight,HTR00001047,packed,1060,11.2,401.67,2026-05-04T15:20:00Z,,2026-05-04T14:20:00Z
1048,1048,4,ChannelFlow Priority,HTR00001048,shipped,591,25.1,110.8,2026-05-04T15:15:00Z,,2026-05-04T14:15:00Z
1049,1049,9,Oracle Logistics Cloud,HTR00001049,in_transit,443,54.1,101.91,2026-05-04T15:10:00Z,,2026-05-04T14:10:00Z
1050,1050,2,Silicon Route Express,HTR00001050,out_for_delivery,1983,50.9,350.22,2026-05-04T15:05:00Z,,2026-05-04T14:05:00Z
1051,1051,7,FabLine Freight,HTR00001051,preparing,138,7,304.05,2026-05-04T15:00:00Z,,2026-05-04T14:00:00Z
1052,1052,12,ChannelFlow Priority,HTR00001052,delivered,2032,38.6,316,2026-05-04T14:55:00Z,2026-05-04T18:55:00Z,2026-05-04T13:55:00Z
1053,1053,5,Oracle Logistics Cloud,HTR00001053,shipped,438,39.3,479.82,2026-05-04T14:50:00Z,,2026-05-04T13:50:00Z
1054,1054,10,Silicon Route Express,HTR00001054,in_transit,2520,8,293.68,2026-05-04T14:45:00Z,,2026-05-04T13:45:00Z
1055,1055,3,FabLine Freight,HTR00001055,out_for_delivery,1912,62.3,399.39,2026-05-04T14:40:00Z,,2026-05-04T13:40:00Z
1056,1056,8,ChannelFlow Priority,HTR00001056,preparing,1533,36.5,380.89,2026-05-04T14:35:00Z,,2026-05-04T13:35:00Z
1057,1057,1,Oracle Logistics Cloud,HTR00001057,packed,137,32.2,307.26,2026-05-04T14:30:00Z,,2026-05-04T13:30:00Z
1058,1058,6,Silicon Route Express,HTR00001058,shipped,1802,47,276.87,2026-05-04T14:25:00Z,,2026-05-04T13:25:00Z
1059,1059,11,FabLine Freight,HTR00001059,in_transit,2620,32.1,308.81,2026-05-04T14:20:00Z,,2026-05-04T13:20:00Z
1060,1060,4,ChannelFlow Priority,HTR00001060,delivered,1037,63.7,494.42,2026-05-04T14:15:00Z,2026-05-04T18:15:00Z,2026-05-04T13:15:00Z
1061,1061,9,Oracle Logistics Cloud,HTR00001061,preparing,1194,39.6,362.65,2026-05-04T14:10:00Z,,2026-05-04T13:10:00Z
1062,1062,2,Silicon Route Express,HTR00001062,packed,1837,21.5,424.32,2026-05-04T14:05:00Z,,2026-05-04T13:05:00Z
1063,1063,7,FabLine Freight,HTR00001063,shipped,1850,45.3,395.61,2026-05-04T14:00:00Z,,2026-05-04T13:00:00Z
1064,1064,12,ChannelFlow Priority,HTR00001064,in_transit,763,27.6,293.56,2026-05-04T13:55:00Z,,2026-05-04T12:55:00Z
1065,1065,5,Oracle Logistics Cloud,HTR00001065,out_for_delivery,717,74.2,354.25,2026-05-04T13:50:00Z,,2026-05-04T12:50:00Z
1066,1066,10,Silicon Route Express,HTR00001066,preparing,256,56.5,476.27,2026-05-04T13:45:00Z,,2026-05-04T12:45:00Z
1067,1067,3,FabLine Freight,HTR00001067,packed,856,54.5,259.32,2026-05-04T13:40:00Z,,2026-05-04T12:40:00Z
1068,1068,8,ChannelFlow Priority,HTR00001068,delivered,1907,33.1,472.56,2026-05-04T13:35:00Z,2026-05-04T17:35:00Z,2026-05-04T12:35:00Z
1069,1069,1,Oracle Logistics Cloud,HTR00001069,in_transit,89,38,203.07,2026-05-04T13:30:00Z,,2026-05-04T12:30:00Z
1070,1070,6,Silicon Route Express,HTR00001070,out_for_delivery,500,60.6,155.74,2026-05-04T13:25:00Z,,2026-05-04T12:25:00Z
1071,1071,11,FabLine Freight,HTR00001071,preparing,873,47.9,462.02,2026-05-04T13:20:00Z,,2026-05-04T12:20:00Z
1072,1072,4,ChannelFlow Priority,HTR00001072,packed,2089,21.7,375.66,2026-05-04T13:15:00Z,,2026-05-04T12:15:00Z
1073,1073,9,Oracle Logistics Cloud,HTR00001073,shipped,374,31.8,160.52,2026-05-04T13:10:00Z,,2026-05-04T12:10:00Z
1074,1074,2,Silicon Route Express,HTR00001074,in_transit,308,48.5,43.94,2026-05-04T13:05:00Z,,2026-05-04T12:05:00Z
1075,1075,7,FabLine Freight,HTR00001075,out_for_delivery,157,39.6,40.09,2026-05-04T13:00:00Z,,2026-05-04T12:00:00Z
1076,1076,12,ChannelFlow Priority,HTR00001076,delivered,447,33.1,337.35,2026-05-04T12:55:00Z,2026-05-04T16:55:00Z,2026-05-04T11:55:00Z
1077,1077,5,Oracle Logistics Cloud,HTR00001077,packed,354,11.5,148.54,2026-05-04T12:50:00Z,,2026-05-04T11:50:00Z
1078,1078,10,Silicon Route Express,HTR00001078,shipped,1413,71.3,408.27,2026-05-04T12:45:00Z,,2026-05-04T11:45:00Z
1079,1079,3,FabLine Freight,HTR00001079,in_transit,2357,8.4,67.43,2026-05-04T12:40:00Z,,2026-05-04T11:40:00Z
1080,1080,8,ChannelFlow Priority,HTR00001080,out_for_delivery,116,35.5,431.84,2026-05-04T12:35:00Z,,2026-05-04T11:35:00Z
1081,1081,1,Oracle Logistics Cloud,HTR00001081,preparing,636,23.9,320.5,2026-05-04T12:30:00Z,,2026-05-04T11:30:00Z
1082,1082,6,Silicon Route Express,HTR00001082,packed,786,9.1,333.09,2026-05-04T12:25:00Z,,2026-05-04T11:25:00Z
1083,1083,11,FabLine Freight,HTR00001083,shipped,1398,58,279.32,2026-05-04T12:20:00Z,,2026-05-04T11:20:00Z
1084,1084,4,ChannelFlow Priority,HTR00001084,delivered,1877,17.7,352.23,2026-05-04T12:15:00Z,2026-05-04T16:15:00Z,2026-05-04T11:15:00Z
1085,1085,9,Oracle Logistics Cloud,HTR00001085,out_for_delivery,313,46.4,295.35,2026-05-04T12:10:00Z,,2026-05-04T11:10:00Z
1086,1086,2,Silicon Route Express,HTR00001086,preparing,2240,40.3,258.59,2026-05-04T12:05:00Z,,2026-05-04T11:05:00Z
1087,1087,7,FabLine Freight,HTR00001087,packed,2231,9.3,229.88,2026-05-04T12:00:00Z,,2026-05-04T11:00:00Z
1088,1088,12,ChannelFlow Priority,HTR00001088,shipped,107,5.1,209.89,2026-05-04T11:55:00Z,,2026-05-04T10:55:00Z
1089,1089,5,Oracle Logistics Cloud,HTR00001089,in_transit,152,65.3,273.61,2026-05-04T11:50:00Z,,2026-05-04T10:50:00Z
1090,1090,10,Silicon Route Express,HTR00001090,out_for_delivery,913,25.8,269.79,2026-05-04T11:45:00Z,,2026-05-04T10:45:00Z
1091,1091,3,FabLine Freight,HTR00001091,preparing,544,24.3,321.82,2026-05-04T11:40:00Z,,2026-05-04T10:40:00Z
1092,1092,8,ChannelFlow Priority,HTR00001092,delivered,1461,34.9,307.86,2026-05-04T11:35:00Z,2026-05-04T15:35:00Z,2026-05-04T10:35:00Z
1093,1093,1,Oracle Logistics Cloud,HTR00001093,shipped,1538,55.2,417.93,2026-05-04T11:30:00Z,,2026-05-04T10:30:00Z
1094,1094,6,Silicon Route Express,HTR00001094,in_transit,2040,58.9,455.87,2026-05-04T11:25:00Z,,2026-05-04T10:25:00Z
1095,1095,11,FabLine Freight,HTR00001095,out_for_delivery,637,59.7,124.09,2026-05-04T11:20:00Z,,2026-05-04T10:20:00Z
1096,1096,4,ChannelFlow Priority,HTR00001096,preparing,2565,50.4,419.19,2026-05-04T11:15:00Z,,2026-05-04T10:15:00Z
1097,1097,9,Oracle Logistics Cloud,HTR00001097,packed,2407,40.7,98.23,2026-05-04T11:10:00Z,,2026-05-04T10:10:00Z
1098,1098,2,Silicon Route Express,HTR00001098,shipped,1924,11.5,429.84,2026-05-04T11:05:00Z,,2026-05-04T10:05:00Z
1099,1099,7,FabLine Freight,HTR00001099,in_transit,1826,43.4,178.6,2026-05-04T11:00:00Z,,2026-05-04T10:00:00Z
1100,1100,12,ChannelFlow Priority,HTR00001100,delivered,2540,29.1,371.43,2026-05-04T10:55:00Z,2026-05-04T14:55:00Z,2026-05-04T09:55:00Z
1101,1101,5,Oracle Logistics Cloud,HTR00001101,preparing,2252,6.4,320.99,2026-05-04T10:50:00Z,,2026-05-04T09:50:00Z
1102,1102,10,Silicon Route Express,HTR00001102,packed,234,26.6,92.47,2026-05-04T10:45:00Z,,2026-05-04T09:45:00Z
1103,1103,3,FabLine Freight,HTR00001103,shipped,2101,11.9,123.49,2026-05-04T10:40:00Z,,2026-05-04T09:40:00Z
1104,1104,8,ChannelFlow Priority,HTR00001104,in_transit,1478,74.1,95.71,2026-05-04T10:35:00Z,,2026-05-04T09:35:00Z
1105,1105,1,Oracle Logistics Cloud,HTR00001105,out_for_delivery,338,68.4,496.47,2026-05-04T10:30:00Z,,2026-05-04T09:30:00Z
1106,1106,6,Silicon Route Express,HTR00001106,preparing,1324,75.5,60.02,2026-05-04T10:25:00Z,,2026-05-04T09:25:00Z
1107,1107,11,FabLine Freight,HTR00001107,packed,196,62.3,291.63,2026-05-04T10:20:00Z,,2026-05-04T09:20:00Z
1108,1108,4,ChannelFlow Priority,HTR00001108,delivered,2109,48.7,184.87,2026-05-04T10:15:00Z,2026-05-04T14:15:00Z,2026-05-04T09:15:00Z
1109,1109,9,Oracle Logistics Cloud,HTR00001109,in_transit,783,39.2,197.38,2026-05-04T10:10:00Z,,2026-05-04T09:10:00Z
1110,1110,2,Silicon Route Express,HTR00001110,out_for_delivery,1359,23.1,247.55,2026-05-04T10:05:00Z,,2026-05-04T09:05:00Z
1111,1111,7,FabLine Freight,HTR00001111,preparing,2177,46.7,110.92,2026-05-04T10:00:00Z,,2026-05-04T09:00:00Z
1112,1112,12,ChannelFlow Priority,HTR00001112,packed,616,58.4,97.54,2026-05-04T09:55:00Z,,2026-05-04T08:55:00Z
1113,1113,5,Oracle Logistics Cloud,HTR00001113,shipped,1531,34,103.57,2026-05-04T09:50:00Z,,2026-05-04T08:50:00Z
1114,1114,10,Silicon Route Express,HTR00001114,in_transit,1219,27.9,396.85,2026-05-04T09:45:00Z,,2026-05-04T08:45:00Z
1115,1115,3,FabLine Freight,HTR00001115,out_for_delivery,1098,45.6,454.54,2026-05-04T09:40:00Z,,2026-05-04T08:40:00Z
1116,1116,8,ChannelFlow Priority,HTR00001116,delivered,1462,67.3,191.03,2026-05-04T09:35:00Z,2026-05-04T13:35:00Z,2026-05-04T08:35:00Z
1117,1117,1,Oracle Logistics Cloud,HTR00001117,packed,2514,63.6,476.96,2026-05-04T09:30:00Z,,2026-05-04T08:30:00Z
1118,1118,6,Silicon Route Express,HTR00001118,shipped,1859,21.6,335.34,2026-05-04T09:25:00Z,,2026-05-04T08:25:00Z
1119,1119,11,FabLine Freight,HTR00001119,in_transit,199,4.2,499.12,2026-05-04T09:20:00Z,,2026-05-04T08:20:00Z
1120,1120,4,ChannelFlow Priority,HTR00001120,out_for_delivery,2098,27.4,416.55,2026-05-04T09:15:00Z,,2026-05-04T08:15:00Z
1121,1121,9,Oracle Logistics Cloud,HTR00001121,preparing,1378,44.6,87.15,2026-05-04T09:10:00Z,,2026-05-04T08:10:00Z
1122,1122,2,Silicon Route Express,HTR00001122,packed,2618,26.6,376.87,2026-05-04T09:05:00Z,,2026-05-04T08:05:00Z
1123,1123,7,FabLine Freight,HTR00001123,shipped,630,65.2,46.98,2026-05-04T09:00:00Z,,2026-05-04T08:00:00Z
1124,1124,12,ChannelFlow Priority,HTR00001124,delivered,159,10.5,186.48,2026-05-04T08:55:00Z,2026-05-04T12:55:00Z,2026-05-04T07:55:00Z
1125,1125,5,Oracle Logistics Cloud,HTR00001125,out_for_delivery,1671,36.5,116.74,2026-05-04T08:50:00Z,,2026-05-04T07:50:00Z
1126,1126,10,Silicon Route Express,HTR00001126,preparing,2422,30.2,337.67,2026-05-04T08:45:00Z,,2026-05-04T07:45:00Z
1127,1127,3,FabLine Freight,HTR00001127,packed,2066,65.1,351.5,2026-05-04T08:40:00Z,,2026-05-04T07:40:00Z
1128,1128,8,ChannelFlow Priority,HTR00001128,shipped,2217,70,477.15,2026-05-04T08:35:00Z,,2026-05-04T07:35:00Z
1129,1129,1,Oracle Logistics Cloud,HTR00001129,in_transit,1437,34.6,452.34,2026-05-04T08:30:00Z,,2026-05-04T07:30:00Z
1130,1130,6,Silicon Route Express,HTR00001130,out_for_delivery,1406,19.2,142.98,2026-05-04T08:25:00Z,,2026-05-04T07:25:00Z
1131,1131,11,FabLine Freight,HTR00001131,preparing,2010,25.2,468.77,2026-05-04T08:20:00Z,,2026-05-04T07:20:00Z
1132,1132,4,ChannelFlow Priority,HTR00001132,delivered,2237,16,175.86,2026-05-04T08:15:00Z,2026-05-04T12:15:00Z,2026-05-04T07:15:00Z
1133,1133,9,Oracle Logistics Cloud,HTR00001133,shipped,2185,62.2,64.37,2026-05-04T08:10:00Z,,2026-05-04T07:10:00Z
1134,1134,2,Silicon Route Express,HTR00001134,in_transit,955,75.5,32.43,2026-05-04T08:05:00Z,,2026-05-04T07:05:00Z
1135,1135,7,FabLine Freight,HTR00001135,out_for_delivery,2482,62.9,417.5,2026-05-04T08:00:00Z,,2026-05-04T07:00:00Z
1136,1136,12,ChannelFlow Priority,HTR00001136,preparing,2107,69.6,58.68,2026-05-04T07:55:00Z,,2026-05-04T06:55:00Z
1137,1137,5,Oracle Logistics Cloud,HTR00001137,packed,340,18.3,408.16,2026-05-04T07:50:00Z,,2026-05-04T06:50:00Z
1138,1138,10,Silicon Route Express,HTR00001138,shipped,1955,20.9,90.51,2026-05-04T07:45:00Z,,2026-05-04T06:45:00Z
1139,1139,3,FabLine Freight,HTR00001139,in_transit,1864,23.9,490.07,2026-05-04T07:40:00Z,,2026-05-04T06:40:00Z
1140,1140,8,ChannelFlow Priority,HTR00001140,delivered,2217,38.7,276.67,2026-05-04T07:35:00Z,2026-05-04T11:35:00Z,2026-05-04T06:35:00Z
1141,1141,1,Oracle Logistics Cloud,HTR00001141,preparing,1467,48.2,291.11,2026-05-04T07:30:00Z,,2026-05-04T06:30:00Z
1142,1142,6,Silicon Route Express,HTR00001142,packed,1258,52.5,162.99,2026-05-04T07:25:00Z,,2026-05-04T06:25:00Z
1143,1143,11,FabLine Freight,HTR00001143,shipped,1332,61.1,175.25,2026-05-04T07:20:00Z,,2026-05-04T06:20:00Z
1144,1144,4,ChannelFlow Priority,HTR00001144,in_transit,443,69.1,373.05,2026-05-04T07:15:00Z,,2026-05-04T06:15:00Z
1145,1145,9,Oracle Logistics Cloud,HTR00001145,out_for_delivery,188,10.9,109.55,2026-05-04T07:10:00Z,,2026-05-04T06:10:00Z
1146,1146,2,Silicon Route Express,HTR00001146,preparing,2490,50.3,255.1,2026-05-04T07:05:00Z,,2026-05-04T06:05:00Z
1147,1147,7,FabLine Freight,HTR00001147,packed,334,74.6,310.79,2026-05-04T07:00:00Z,,2026-05-04T06:00:00Z
1148,1148,12,ChannelFlow Priority,HTR00001148,delivered,1061,10.3,54.89,2026-05-04T06:55:00Z,2026-05-04T10:55:00Z,2026-05-04T05:55:00Z
1149,1149,5,Oracle Logistics Cloud,HTR00001149,in_transit,1492,39.4,391.21,2026-05-04T06:50:00Z,,2026-05-04T05:50:00Z
1150,1150,10,Silicon Route Express,HTR00001150,out_for_delivery,871,73.2,278.23,2026-05-04T06:45:00Z,,2026-05-04T05:45:00Z
1151,1151,3,FabLine Freight,HTR00001151,preparing,145,22,316.58,2026-05-04T06:40:00Z,,2026-05-04T05:40:00Z
1152,1152,8,ChannelFlow Priority,HTR00001152,packed,1038,5.8,54.07,2026-05-04T06:35:00Z,,2026-05-04T05:35:00Z
1153,1153,1,Oracle Logistics Cloud,HTR00001153,shipped,1347,28.2,201.55,2026-05-04T06:30:00Z,,2026-05-04T05:30:00Z
1154,1154,6,Silicon Route Express,HTR00001154,in_transit,952,33.6,111.74,2026-05-04T06:25:00Z,,2026-05-04T05:25:00Z
1155,1155,11,FabLine Freight,HTR00001155,out_for_delivery,1353,75,270.38,2026-05-04T06:20:00Z,,2026-05-04T05:20:00Z
1156,1156,4,ChannelFlow Priority,HTR00001156,delivered,2445,11.9,144.1,2026-05-04T06:15:00Z,2026-05-04T10:15:00Z,2026-05-04T05:15:00Z
1157,1157,9,Oracle Logistics Cloud,HTR00001157,packed,195,58,140.5,2026-05-04T06:10:00Z,,2026-05-04T05:10:00Z
1158,1158,2,Silicon Route Express,HTR00001158,shipped,1756,70.1,120.86,2026-05-04T06:05:00Z,,2026-05-04T05:05:00Z
1159,1159,7,FabLine Freight,HTR00001159,in_transit,561,75.4,389.67,2026-05-04T06:00:00Z,,2026-05-04T05:00:00Z
1160,1160,12,ChannelFlow Priority,HTR00001160,out_for_delivery,1609,65.8,467.1,2026-05-04T05:55:00Z,,2026-05-04T04:55:00Z
1161,1161,5,Oracle Logistics Cloud,HTR00001161,preparing,1014,38.4,471.28,2026-05-04T05:50:00Z,,2026-05-04T04:50:00Z
1162,1162,10,Silicon Route Express,HTR00001162,packed,2089,33.2,115.17,2026-05-04T05:45:00Z,,2026-05-04T04:45:00Z
1163,1163,3,FabLine Freight,HTR00001163,shipped,2657,60.6,342.76,2026-05-04T05:40:00Z,,2026-05-04T04:40:00Z
1164,1164,8,ChannelFlow Priority,HTR00001164,delivered,1171,49.2,431.83,2026-05-04T05:35:00Z,2026-05-04T09:35:00Z,2026-05-04T04:35:00Z
1165,1165,1,Oracle Logistics Cloud,HTR00001165,out_for_delivery,1270,8,156.92,2026-05-04T05:30:00Z,,2026-05-04T04:30:00Z
1166,1166,6,Silicon Route Express,HTR00001166,preparing,2436,38.1,306.56,2026-05-04T05:25:00Z,,2026-05-04T04:25:00Z
1167,1167,11,FabLine Freight,HTR00001167,packed,978,5.8,353.63,2026-05-04T05:20:00Z,,2026-05-04T04:20:00Z
1168,1168,4,ChannelFlow Priority,HTR00001168,shipped,1281,36.8,168.42,2026-05-04T05:15:00Z,,2026-05-04T04:15:00Z
1169,1169,9,Oracle Logistics Cloud,HTR00001169,in_transit,2407,23.5,378.86,2026-05-04T05:10:00Z,,2026-05-04T04:10:00Z
1170,1170,2,Silicon Route Express,HTR00001170,out_for_delivery,419,63.3,240.51,2026-05-04T05:05:00Z,,2026-05-04T04:05:00Z
1171,1171,7,FabLine Freight,HTR00001171,preparing,1872,45.2,353.98,2026-05-04T05:00:00Z,,2026-05-04T04:00:00Z
1172,1172,12,ChannelFlow Priority,HTR00001172,delivered,1252,11.9,250.42,2026-05-04T04:55:00Z,2026-05-04T08:55:00Z,2026-05-04T03:55:00Z
1173,1173,5,Oracle Logistics Cloud,HTR00001173,shipped,1227,53.1,136.43,2026-05-04T04:50:00Z,,2026-05-04T03:50:00Z
1174,1174,10,Silicon Route Express,HTR00001174,in_transit,1760,53.9,72.27,2026-05-04T04:45:00Z,,2026-05-04T03:45:00Z
1175,1175,3,FabLine Freight,HTR00001175,out_for_delivery,2127,70.3,332.17,2026-05-04T04:40:00Z,,2026-05-04T03:40:00Z
1176,1176,8,ChannelFlow Priority,HTR00001176,preparing,1385,42.4,490.42,2026-05-04T04:35:00Z,,2026-05-04T03:35:00Z
1177,1177,1,Oracle Logistics Cloud,HTR00001177,packed,2089,12.8,485.41,2026-05-04T04:30:00Z,,2026-05-04T03:30:00Z
1178,1178,6,Silicon Route Express,HTR00001178,shipped,1467,10.1,94.34,2026-05-04T04:25:00Z,,2026-05-04T03:25:00Z
1179,1179,11,FabLine Freight,HTR00001179,in_transit,2256,58.5,119.16,2026-05-04T04:20:00Z,,2026-05-04T03:20:00Z
1180,1180,4,ChannelFlow Priority,HTR00001180,delivered,763,53.2,208.05,2026-05-04T04:15:00Z,2026-05-04T08:15:00Z,2026-05-04T03:15:00Z
1181,1181,9,Oracle Logistics Cloud,HTR00001181,preparing,2234,17.4,447.95,2026-05-04T04:10:00Z,,2026-05-04T03:10:00Z
1182,1182,2,Silicon Route Express,HTR00001182,packed,1434,61.8,428.1,2026-05-04T04:05:00Z,,2026-05-04T03:05:00Z
1183,1183,7,FabLine Freight,HTR00001183,shipped,2266,36.7,456.93,2026-05-04T04:00:00Z,,2026-05-04T03:00:00Z
1184,1184,12,ChannelFlow Priority,HTR00001184,in_transit,1054,36.9,32.74,2026-05-04T03:55:00Z,,2026-05-04T02:55:00Z
1185,1185,5,Oracle Logistics Cloud,HTR00001185,out_for_delivery,2009,68.1,372.37,2026-05-04T03:50:00Z,,2026-05-04T02:50:00Z
1186,1186,10,Silicon Route Express,HTR00001186,preparing,1576,23.1,113.3,2026-05-04T03:45:00Z,,2026-05-04T02:45:00Z
1187,1187,3,FabLine Freight,HTR00001187,packed,975,43.2,246.71,2026-05-04T03:40:00Z,,2026-05-04T02:40:00Z
1188,1188,8,ChannelFlow Priority,HTR00001188,delivered,1916,27.5,32.19,2026-05-04T03:35:00Z,2026-05-04T07:35:00Z,2026-05-04T02:35:00Z
1189,1189,1,Oracle Logistics Cloud,HTR00001189,in_transit,1397,60,419.47,2026-05-04T03:30:00Z,,2026-05-04T02:30:00Z
1190,1190,6,Silicon Route Express,HTR00001190,out_for_delivery,534,35.3,321.95,2026-05-04T03:25:00Z,,2026-05-04T02:25:00Z
1191,1191,11,FabLine Freight,HTR00001191,preparing,1217,54.2,417.08,2026-05-04T03:20:00Z,,2026-05-04T02:20:00Z
1192,1192,4,ChannelFlow Priority,HTR00001192,packed,1549,30.9,282.84,2026-05-04T03:15:00Z,,2026-05-04T02:15:00Z
1193,1193,9,Oracle Logistics Cloud,HTR00001193,shipped,968,13.3,402.11,2026-05-04T03:10:00Z,,2026-05-04T02:10:00Z
1194,1194,2,Silicon Route Express,HTR00001194,in_transit,907,13.5,222.8,2026-05-04T03:05:00Z,,2026-05-04T02:05:00Z
1195,1195,7,FabLine Freight,HTR00001195,out_for_delivery,575,69.6,266.01,2026-05-04T03:00:00Z,,2026-05-04T02:00:00Z
1196,1196,12,ChannelFlow Priority,HTR00001196,delivered,1805,63.7,256.06,2026-05-04T02:55:00Z,2026-05-04T06:55:00Z,2026-05-04T01:55:00Z
1197,1197,5,Oracle Logistics Cloud,HTR00001197,packed,1692,14.8,92.34,2026-05-04T02:50:00Z,,2026-05-04T01:50:00Z
1198,1198,10,Silicon Route Express,HTR00001198,shipped,2677,61,427.5,2026-05-04T02:45:00Z,,2026-05-04T01:45:00Z
1199,1199,3,FabLine Freight,HTR00001199,in_transit,2243,61.7,474.39,2026-05-04T02:40:00Z,,2026-05-04T01:40:00Z
1200,1200,8,ChannelFlow Priority,HTR00001200,out_for_delivery,1296,34.9,160.66,2026-05-04T02:35:00Z,,2026-05-04T01:35:00Z
1201,1201,1,Oracle Logistics Cloud,HTR00001201,preparing,2520,20.2,227.83,2026-05-04T02:30:00Z,,2026-05-04T01:30:00Z
1202,1202,6,Silicon Route Express,HTR00001202,packed,1319,46.5,274.39,2026-05-04T02:25:00Z,,2026-05-04T01:25:00Z
1203,1203,11,FabLine Freight,HTR00001203,shipped,2569,10.1,202.37,2026-05-04T02:20:00Z,,2026-05-04T01:20:00Z
1204,1204,4,ChannelFlow Priority,HTR00001204,delivered,585,19.4,379.18,2026-05-04T02:15:00Z,2026-05-04T06:15:00Z,2026-05-04T01:15:00Z
1205,1205,9,Oracle Logistics Cloud,HTR00001205,out_for_delivery,2349,68.9,368.8,2026-05-04T02:10:00Z,,2026-05-04T01:10:00Z
1206,1206,2,Silicon Route Express,HTR00001206,preparing,291,23.5,213.8,2026-05-04T02:05:00Z,,2026-05-04T01:05:00Z
1207,1207,7,FabLine Freight,HTR00001207,packed,2605,13.3,496.38,2026-05-04T02:00:00Z,,2026-05-04T01:00:00Z
1208,1208,12,ChannelFlow Priority,HTR00001208,shipped,2251,18.6,107.51,2026-05-04T01:55:00Z,,2026-05-04T00:55:00Z
1209,1209,5,Oracle Logistics Cloud,HTR00001209,in_transit,1825,19.1,137.98,2026-05-04T01:50:00Z,,2026-05-04T00:50:00Z
1210,1210,10,Silicon Route Express,HTR00001210,out_for_delivery,1822,46.7,282.21,2026-05-04T01:45:00Z,,2026-05-04T00:45:00Z
1211,1211,3,FabLine Freight,HTR00001211,preparing,333,35.9,82.92,2026-05-04T01:40:00Z,,2026-05-04T00:40:00Z
1212,1212,8,ChannelFlow Priority,HTR00001212,delivered,524,23.8,380.62,2026-05-04T01:35:00Z,2026-05-04T05:35:00Z,2026-05-04T00:35:00Z
1213,1213,1,Oracle Logistics Cloud,HTR00001213,shipped,2152,43.7,215.89,2026-05-04T01:30:00Z,,2026-05-04T00:30:00Z
1214,1214,6,Silicon Route Express,HTR00001214,in_transit,1671,8.6,86.23,2026-05-04T01:25:00Z,,2026-05-04T00:25:00Z
1215,1215,11,FabLine Freight,HTR00001215,out_for_delivery,2334,13.4,429.54,2026-05-04T01:20:00Z,,2026-05-04T00:20:00Z
1216,1216,4,ChannelFlow Priority,HTR00001216,preparing,417,34.7,168.47,2026-05-04T01:15:00Z,,2026-05-04T00:15:00Z
1217,1217,9,Oracle Logistics Cloud,HTR00001217,packed,1597,16.5,280.79,2026-05-04T01:10:00Z,,2026-05-04T00:10:00Z
1218,1218,2,Silicon Route Express,HTR00001218,shipped,1002,65.8,36.59,2026-05-04T01:05:00Z,,2026-05-04T00:05:00Z
1219,1219,7,FabLine Freight,HTR00001219,in_transit,1132,8,445.55,2026-05-04T01:00:00Z,,2026-05-04T00:00:00Z
1220,1220,12,ChannelFlow Priority,HTR00001220,delivered,1621,27.5,52.65,2026-05-04T00:55:00Z,2026-05-04T04:55:00Z,2026-05-03T23:55:00Z
1221,1221,5,Oracle Logistics Cloud,HTR00001221,preparing,1895,59.3,376.64,2026-05-04T00:50:00Z,,2026-05-03T23:50:00Z
1222,1222,10,Silicon Route Express,HTR00001222,packed,683,44.3,478.16,2026-05-04T00:45:00Z,,2026-05-03T23:45:00Z
1223,1223,3,FabLine Freight,HTR00001223,shipped,1993,40.5,338.33,2026-05-04T00:40:00Z,,2026-05-03T23:40:00Z
1224,1224,8,ChannelFlow Priority,HTR00001224,in_transit,973,29.9,190.65,2026-05-04T00:35:00Z,,2026-05-03T23:35:00Z
1225,1225,1,Oracle Logistics Cloud,HTR00001225,out_for_delivery,142,21.9,375.48,2026-05-04T00:30:00Z,,2026-05-03T23:30:00Z
1226,1226,6,Silicon Route Express,HTR00001226,preparing,140,9.3,317.08,2026-05-04T00:25:00Z,,2026-05-03T23:25:00Z
1227,1227,11,FabLine Freight,HTR00001227,packed,1273,16.9,238.33,2026-05-04T00:20:00Z,,2026-05-03T23:20:00Z
1228,1228,4,ChannelFlow Priority,HTR00001228,delivered,1330,22.1,253.67,2026-05-04T00:15:00Z,2026-05-04T04:15:00Z,2026-05-03T23:15:00Z
1229,1229,9,Oracle Logistics Cloud,HTR00001229,in_transit,2292,9.4,413.4,2026-05-04T00:10:00Z,,2026-05-03T23:10:00Z
1230,1230,2,Silicon Route Express,HTR00001230,out_for_delivery,2661,12,179.06,2026-05-04T00:05:00Z,,2026-05-03T23:05:00Z
1231,1231,7,FabLine Freight,HTR00001231,preparing,138,72.8,349.33,2026-05-04T00:00:00Z,,2026-05-03T23:00:00Z
1232,1232,12,ChannelFlow Priority,HTR00001232,packed,1009,24.3,492.1,2026-05-03T23:55:00Z,,2026-05-03T22:55:00Z
1233,1233,5,Oracle Logistics Cloud,HTR00001233,shipped,1935,53.8,116.83,2026-05-03T23:50:00Z,,2026-05-03T22:50:00Z
1234,1234,10,Silicon Route Express,HTR00001234,in_transit,1441,33.2,382.85,2026-05-03T23:45:00Z,,2026-05-03T22:45:00Z
1235,1235,3,FabLine Freight,HTR00001235,out_for_delivery,889,26.7,129.2,2026-05-03T23:40:00Z,,2026-05-03T22:40:00Z
1236,1236,8,ChannelFlow Priority,HTR00001236,delivered,908,71,445.71,2026-05-03T23:35:00Z,2026-05-04T03:35:00Z,2026-05-03T22:35:00Z
1237,1237,1,Oracle Logistics Cloud,HTR00001237,packed,2647,14,414.91,2026-05-03T23:30:00Z,,2026-05-03T22:30:00Z
1238,1238,6,Silicon Route Express,HTR00001238,shipped,2189,70.2,223.2,2026-05-03T23:25:00Z,,2026-05-03T22:25:00Z
1239,1239,11,FabLine Freight,HTR00001239,in_transit,2286,47.8,132.69,2026-05-03T23:20:00Z,,2026-05-03T22:20:00Z
1240,1240,4,ChannelFlow Priority,HTR00001240,out_for_delivery,161,66.3,412.51,2026-05-03T23:15:00Z,,2026-05-03T22:15:00Z
1241,1241,9,Oracle Logistics Cloud,HTR00001241,preparing,474,49.3,354.16,2026-05-03T23:10:00Z,,2026-05-03T22:10:00Z
1242,1242,2,Silicon Route Express,HTR00001242,packed,2191,31.8,320.52,2026-05-03T23:05:00Z,,2026-05-03T22:05:00Z
1243,1243,7,FabLine Freight,HTR00001243,shipped,883,17.5,191.95,2026-05-03T23:00:00Z,,2026-05-03T22:00:00Z
1244,1244,12,ChannelFlow Priority,HTR00001244,delivered,1055,12.8,371.18,2026-05-03T22:55:00Z,2026-05-04T02:55:00Z,2026-05-03T21:55:00Z
1245,1245,5,Oracle Logistics Cloud,HTR00001245,out_for_delivery,1001,27.2,218.61,2026-05-03T22:50:00Z,,2026-05-03T21:50:00Z
1246,1246,10,Silicon Route Express,HTR00001246,preparing,680,16.7,207.39,2026-05-03T22:45:00Z,,2026-05-03T21:45:00Z
1247,1247,3,FabLine Freight,HTR00001247,packed,2483,63.1,180.12,2026-05-03T22:40:00Z,,2026-05-03T21:40:00Z
1248,1248,8,ChannelFlow Priority,HTR00001248,shipped,1108,15.8,203.28,2026-05-03T22:35:00Z,,2026-05-03T21:35:00Z
1249,1249,1,Oracle Logistics Cloud,HTR00001249,in_transit,868,33.1,492.04,2026-05-03T22:30:00Z,,2026-05-03T21:30:00Z
1250,1250,6,Silicon Route Express,HTR00001250,out_for_delivery,545,44.9,279.84,2026-05-03T22:25:00Z,,2026-05-03T21:25:00Z
1251,1251,11,FabLine Freight,HTR00001251,preparing,1210,24.8,95.12,2026-05-03T22:20:00Z,,2026-05-03T21:20:00Z
1252,1252,4,ChannelFlow Priority,HTR00001252,delivered,455,67.4,280.94,2026-05-03T22:15:00Z,2026-05-04T02:15:00Z,2026-05-03T21:15:00Z
1253,1253,9,Oracle Logistics Cloud,HTR00001253,shipped,2669,40.7,361.44,2026-05-03T22:10:00Z,,2026-05-03T21:10:00Z
1254,1254,2,Silicon Route Express,HTR00001254,in_transit,1288,26.7,408.67,2026-05-03T22:05:00Z,,2026-05-03T21:05:00Z
1255,1255,7,FabLine Freight,HTR00001255,out_for_delivery,892,72.8,309.07,2026-05-03T22:00:00Z,,2026-05-03T21:00:00Z
1256,1256,12,ChannelFlow Priority,HTR00001256,preparing,499,73.8,288.96,2026-05-03T21:55:00Z,,2026-05-03T20:55:00Z
1257,1257,5,Oracle Logistics Cloud,HTR00001257,packed,1299,10.3,327.71,2026-05-03T21:50:00Z,,2026-05-03T20:50:00Z
1258,1258,10,Silicon Route Express,HTR00001258,shipped,1396,51.5,326.49,2026-05-03T21:45:00Z,,2026-05-03T20:45:00Z
1259,1259,3,FabLine Freight,HTR00001259,in_transit,1699,49,111.22,2026-05-03T21:40:00Z,,2026-05-03T20:40:00Z
1260,1260,8,ChannelFlow Priority,HTR00001260,delivered,1370,73.3,120.82,2026-05-03T21:35:00Z,2026-05-04T01:35:00Z,2026-05-03T20:35:00Z
1261,1261,1,Oracle Logistics Cloud,HTR00001261,preparing,2176,62.4,408.8,2026-05-03T21:30:00Z,,2026-05-03T20:30:00Z
1262,1262,6,Silicon Route Express,HTR00001262,packed,2232,5.1,291.4,2026-05-03T21:25:00Z,,2026-05-03T20:25:00Z
1263,1263,11,FabLine Freight,HTR00001263,shipped,405,26.7,297.48,2026-05-03T21:20:00Z,,2026-05-03T20:20:00Z
1264,1264,4,ChannelFlow Priority,HTR00001264,in_transit,2122,40.3,100.93,2026-05-03T21:15:00Z,,2026-05-03T20:15:00Z
1265,1265,9,Oracle Logistics Cloud,HTR00001265,out_for_delivery,1203,61.2,353.69,2026-05-03T21:10:00Z,,2026-05-03T20:10:00Z
1266,1266,2,Silicon Route Express,HTR00001266,preparing,365,26.6,260.99,2026-05-03T21:05:00Z,,2026-05-03T20:05:00Z
1267,1267,7,FabLine Freight,HTR00001267,packed,2117,43.2,371.53,2026-05-03T21:00:00Z,,2026-05-03T20:00:00Z
1268,1268,12,ChannelFlow Priority,HTR00001268,delivered,869,30.5,40.12,2026-05-03T20:55:00Z,2026-05-04T00:55:00Z,2026-05-03T19:55:00Z
1269,1269,5,Oracle Logistics Cloud,HTR00001269,in_transit,1038,19.2,154.73,2026-05-03T20:50:00Z,,2026-05-03T19:50:00Z
1270,1270,10,Silicon Route Express,HTR00001270,out_for_delivery,2456,57.4,138.21,2026-05-03T20:45:00Z,,2026-05-03T19:45:00Z
1271,1271,3,FabLine Freight,HTR00001271,preparing,2343,69.7,415.29,2026-05-03T20:40:00Z,,2026-05-03T19:40:00Z
1272,1272,8,ChannelFlow Priority,HTR00001272,packed,1118,60.6,116.88,2026-05-03T20:35:00Z,,2026-05-03T19:35:00Z
1273,1273,1,Oracle Logistics Cloud,HTR00001273,shipped,983,14.9,279.05,2026-05-03T20:30:00Z,,2026-05-03T19:30:00Z
1274,1274,6,Silicon Route Express,HTR00001274,in_transit,171,12.9,305.05,2026-05-03T20:25:00Z,,2026-05-03T19:25:00Z
1275,1275,11,FabLine Freight,HTR00001275,out_for_delivery,2526,35.7,111.79,2026-05-03T20:20:00Z,,2026-05-03T19:20:00Z
1276,1276,4,ChannelFlow Priority,HTR00001276,delivered,2086,61.4,69.66,2026-05-03T20:15:00Z,2026-05-04T00:15:00Z,2026-05-03T19:15:00Z
1277,1277,9,Oracle Logistics Cloud,HTR00001277,packed,1208,52.4,265.27,2026-05-03T20:10:00Z,,2026-05-03T19:10:00Z
1278,1278,2,Silicon Route Express,HTR00001278,shipped,1350,28.8,378.07,2026-05-03T20:05:00Z,,2026-05-03T19:05:00Z
1279,1279,7,FabLine Freight,HTR00001279,in_transit,449,35.2,231.18,2026-05-03T20:00:00Z,,2026-05-03T19:00:00Z
1280,1280,12,ChannelFlow Priority,HTR00001280,out_for_delivery,1110,31.1,195.36,2026-05-03T19:55:00Z,,2026-05-03T18:55:00Z
1281,1281,5,Oracle Logistics Cloud,HTR00001281,preparing,2213,47.4,125.69,2026-05-03T19:50:00Z,,2026-05-03T18:50:00Z
1282,1282,10,Silicon Route Express,HTR00001282,packed,1408,26.2,338.03,2026-05-03T19:45:00Z,,2026-05-03T18:45:00Z
1283,1283,3,FabLine Freight,HTR00001283,shipped,2581,9.2,146.04,2026-05-03T19:40:00Z,,2026-05-03T18:40:00Z
1284,1284,8,ChannelFlow Priority,HTR00001284,delivered,576,6.8,105.54,2026-05-03T19:35:00Z,2026-05-03T23:35:00Z,2026-05-03T18:35:00Z
1285,1285,1,Oracle Logistics Cloud,HTR00001285,out_for_delivery,510,36,127.25,2026-05-03T19:30:00Z,,2026-05-03T18:30:00Z
1286,1286,6,Silicon Route Express,HTR00001286,preparing,1326,35,370.75,2026-05-03T19:25:00Z,,2026-05-03T18:25:00Z
1287,1287,11,FabLine Freight,HTR00001287,packed,2408,61.1,167.52,2026-05-03T19:20:00Z,,2026-05-03T18:20:00Z
1288,1288,4,ChannelFlow Priority,HTR00001288,shipped,1324,35,307.98,2026-05-03T19:15:00Z,,2026-05-03T18:15:00Z
1289,1289,9,Oracle Logistics Cloud,HTR00001289,in_transit,726,58.7,152.04,2026-05-03T19:10:00Z,,2026-05-03T18:10:00Z
1290,1290,2,Silicon Route Express,HTR00001290,out_for_delivery,1775,69.4,233.58,2026-05-03T19:05:00Z,,2026-05-03T18:05:00Z
1291,1291,7,FabLine Freight,HTR00001291,preparing,2205,67.6,255.51,2026-05-03T19:00:00Z,,2026-05-03T18:00:00Z
1292,1292,12,ChannelFlow Priority,HTR00001292,delivered,1041,64.4,232.87,2026-05-03T18:55:00Z,2026-05-03T22:55:00Z,2026-05-03T17:55:00Z
1293,1293,5,Oracle Logistics Cloud,HTR00001293,shipped,2551,74.2,450.01,2026-05-03T18:50:00Z,,2026-05-03T17:50:00Z
1294,1294,10,Silicon Route Express,HTR00001294,in_transit,1062,73.3,201,2026-05-03T18:45:00Z,,2026-05-03T17:45:00Z
1295,1295,3,FabLine Freight,HTR00001295,out_for_delivery,2453,30.6,32.23,2026-05-03T18:40:00Z,,2026-05-03T17:40:00Z
1296,1296,8,ChannelFlow Priority,HTR00001296,preparing,2537,42.1,416.79,2026-05-03T18:35:00Z,,2026-05-03T17:35:00Z
1297,1297,1,Oracle Logistics Cloud,HTR00001297,packed,1211,28.6,128.33,2026-05-03T18:30:00Z,,2026-05-03T17:30:00Z
1298,1298,6,Silicon Route Express,HTR00001298,shipped,1588,60.2,427.37,2026-05-03T18:25:00Z,,2026-05-03T17:25:00Z
1299,1299,11,FabLine Freight,HTR00001299,in_transit,1538,51.7,306.99,2026-05-03T18:20:00Z,,2026-05-03T17:20:00Z
1300,1300,4,ChannelFlow Priority,HTR00001300,delivered,2500,67.7,91.41,2026-05-03T18:15:00Z,2026-05-03T22:15:00Z,2026-05-03T17:15:00Z
1301,1301,9,Oracle Logistics Cloud,HTR00001301,preparing,2201,12.9,281.15,2026-05-03T18:10:00Z,,2026-05-03T17:10:00Z
1302,1302,2,Silicon Route Express,HTR00001302,packed,433,12.2,311.72,2026-05-03T18:05:00Z,,2026-05-03T17:05:00Z
1303,1303,7,FabLine Freight,HTR00001303,shipped,1353,62.3,150.56,2026-05-03T18:00:00Z,,2026-05-03T17:00:00Z
1304,1304,12,ChannelFlow Priority,HTR00001304,in_transit,126,55.8,340.5,2026-05-03T17:55:00Z,,2026-05-03T16:55:00Z
1305,1305,5,Oracle Logistics Cloud,HTR00001305,out_for_delivery,152,66.5,393.51,2026-05-03T17:50:00Z,,2026-05-03T16:50:00Z
1306,1306,10,Silicon Route Express,HTR00001306,preparing,1700,29.9,260.52,2026-05-03T17:45:00Z,,2026-05-03T16:45:00Z
1307,1307,3,FabLine Freight,HTR00001307,packed,1650,52.9,462.86,2026-05-03T17:40:00Z,,2026-05-03T16:40:00Z
1308,1308,8,ChannelFlow Priority,HTR00001308,delivered,2547,44.9,138.26,2026-05-03T17:35:00Z,2026-05-03T21:35:00Z,2026-05-03T16:35:00Z
1309,1309,1,Oracle Logistics Cloud,HTR00001309,in_transit,1271,52.6,106.68,2026-05-03T17:30:00Z,,2026-05-03T16:30:00Z
1310,1310,6,Silicon Route Express,HTR00001310,out_for_delivery,2091,29.3,114.2,2026-05-03T17:25:00Z,,2026-05-03T16:25:00Z
1311,1311,11,FabLine Freight,HTR00001311,preparing,1413,33.2,482.19,2026-05-03T17:20:00Z,,2026-05-03T16:20:00Z
1312,1312,4,ChannelFlow Priority,HTR00001312,packed,1846,62.8,195.47,2026-05-03T17:15:00Z,,2026-05-03T16:15:00Z
1313,1313,9,Oracle Logistics Cloud,HTR00001313,shipped,1551,54,237.41,2026-05-03T17:10:00Z,,2026-05-03T16:10:00Z
1314,1314,2,Silicon Route Express,HTR00001314,in_transit,1361,66.2,152.93,2026-05-03T17:05:00Z,,2026-05-03T16:05:00Z
1315,1315,7,FabLine Freight,HTR00001315,out_for_delivery,1936,14.4,425.31,2026-05-03T17:00:00Z,,2026-05-03T16:00:00Z
1316,1316,12,ChannelFlow Priority,HTR00001316,delivered,1895,31.5,385.49,2026-05-03T16:55:00Z,2026-05-03T20:55:00Z,2026-05-03T15:55:00Z
1317,1317,5,Oracle Logistics Cloud,HTR00001317,packed,699,21.7,307.92,2026-05-03T16:50:00Z,,2026-05-03T15:50:00Z
1318,1318,10,Silicon Route Express,HTR00001318,shipped,693,25.4,229.12,2026-05-03T16:45:00Z,,2026-05-03T15:45:00Z
1319,1319,3,FabLine Freight,HTR00001319,in_transit,804,4.3,80.56,2026-05-03T16:40:00Z,,2026-05-03T15:40:00Z
1320,1320,8,ChannelFlow Priority,HTR00001320,out_for_delivery,1369,23.1,104.36,2026-05-03T16:35:00Z,,2026-05-03T15:35:00Z
1321,1321,1,Oracle Logistics Cloud,HTR00001321,preparing,1278,20.2,477.25,2026-05-03T16:30:00Z,,2026-05-03T15:30:00Z
1322,1322,6,Silicon Route Express,HTR00001322,packed,386,13.1,426.22,2026-05-03T16:25:00Z,,2026-05-03T15:25:00Z
1323,1323,11,FabLine Freight,HTR00001323,shipped,1781,27.9,320.43,2026-05-03T16:20:00Z,,2026-05-03T15:20:00Z
1324,1324,4,ChannelFlow Priority,HTR00001324,delivered,2046,39.2,199.87,2026-05-03T16:15:00Z,2026-05-03T20:15:00Z,2026-05-03T15:15:00Z
1325,1325,9,Oracle Logistics Cloud,HTR00001325,out_for_delivery,2314,36.1,129.89,2026-05-03T16:10:00Z,,2026-05-03T15:10:00Z
1326,1326,2,Silicon Route Express,HTR00001326,preparing,1094,44.3,425.74,2026-05-03T16:05:00Z,,2026-05-03T15:05:00Z
1327,1327,7,FabLine Freight,HTR00001327,packed,1433,19.5,263.58,2026-05-03T16:00:00Z,,2026-05-03T15:00:00Z
1328,1328,12,ChannelFlow Priority,HTR00001328,shipped,2630,15.5,55.58,2026-05-03T15:55:00Z,,2026-05-03T14:55:00Z
1329,1329,5,Oracle Logistics Cloud,HTR00001329,in_transit,815,4.6,84.91,2026-05-03T15:50:00Z,,2026-05-03T14:50:00Z
1330,1330,10,Silicon Route Express,HTR00001330,out_for_delivery,2359,47.2,259.19,2026-05-03T15:45:00Z,,2026-05-03T14:45:00Z
1331,1331,3,FabLine Freight,HTR00001331,preparing,1165,20.7,381.61,2026-05-03T15:40:00Z,,2026-05-03T14:40:00Z
1332,1332,8,ChannelFlow Priority,HTR00001332,delivered,1564,28.9,388.27,2026-05-03T15:35:00Z,2026-05-03T19:35:00Z,2026-05-03T14:35:00Z
1333,1333,1,Oracle Logistics Cloud,HTR00001333,shipped,2434,28.1,145.94,2026-05-03T15:30:00Z,,2026-05-03T14:30:00Z
1334,1334,6,Silicon Route Express,HTR00001334,in_transit,1044,63.6,458.67,2026-05-03T15:25:00Z,,2026-05-03T14:25:00Z
1335,1335,11,FabLine Freight,HTR00001335,out_for_delivery,1720,21.4,185.34,2026-05-03T15:20:00Z,,2026-05-03T14:20:00Z
1336,1336,4,ChannelFlow Priority,HTR00001336,preparing,1599,13.9,327.86,2026-05-03T15:15:00Z,,2026-05-03T14:15:00Z
1337,1337,9,Oracle Logistics Cloud,HTR00001337,packed,2157,7.5,167.72,2026-05-03T15:10:00Z,,2026-05-03T14:10:00Z
1338,1338,2,Silicon Route Express,HTR00001338,shipped,901,57.1,145.78,2026-05-03T15:05:00Z,,2026-05-03T14:05:00Z
1339,1339,7,FabLine Freight,HTR00001339,in_transit,1880,58.7,166.38,2026-05-03T15:00:00Z,,2026-05-03T14:00:00Z
1340,1340,12,ChannelFlow Priority,HTR00001340,delivered,898,39.5,336.49,2026-05-03T14:55:00Z,2026-05-03T18:55:00Z,2026-05-03T13:55:00Z
1341,1341,5,Oracle Logistics Cloud,HTR00001341,preparing,1061,44.5,493.6,2026-05-03T14:50:00Z,,2026-05-03T13:50:00Z
1342,1342,10,Silicon Route Express,HTR00001342,packed,2679,28.7,133.19,2026-05-03T14:45:00Z,,2026-05-03T13:45:00Z
1343,1343,3,FabLine Freight,HTR00001343,shipped,1517,73.6,44.42,2026-05-03T14:40:00Z,,2026-05-03T13:40:00Z
1344,1344,8,ChannelFlow Priority,HTR00001344,in_transit,598,67.6,94.2,2026-05-03T14:35:00Z,,2026-05-03T13:35:00Z
1345,1345,1,Oracle Logistics Cloud,HTR00001345,out_for_delivery,251,41.8,313.6,2026-05-03T14:30:00Z,,2026-05-03T13:30:00Z
1346,1346,6,Silicon Route Express,HTR00001346,preparing,2470,53.4,334.44,2026-05-03T14:25:00Z,,2026-05-03T13:25:00Z
1347,1347,11,FabLine Freight,HTR00001347,packed,1849,71.5,425.23,2026-05-03T14:20:00Z,,2026-05-03T13:20:00Z
1348,1348,4,ChannelFlow Priority,HTR00001348,delivered,2227,52.3,287.39,2026-05-03T14:15:00Z,2026-05-03T18:15:00Z,2026-05-03T13:15:00Z
1349,1349,9,Oracle Logistics Cloud,HTR00001349,in_transit,502,73.5,330.15,2026-05-03T14:10:00Z,,2026-05-03T13:10:00Z
1350,1350,2,Silicon Route Express,HTR00001350,out_for_delivery,2429,43.8,462.43,2026-05-03T14:05:00Z,,2026-05-03T13:05:00Z
1351,1351,7,FabLine Freight,HTR00001351,preparing,119,4,222.75,2026-05-03T14:00:00Z,,2026-05-03T13:00:00Z
1352,1352,12,ChannelFlow Priority,HTR00001352,packed,2213,73.6,338.74,2026-05-03T13:55:00Z,,2026-05-03T12:55:00Z
1353,1353,5,Oracle Logistics Cloud,HTR00001353,shipped,99,28,165.39,2026-05-03T13:50:00Z,,2026-05-03T12:50:00Z
1354,1354,10,Silicon Route Express,HTR00001354,in_transit,2262,65.9,479.23,2026-05-03T13:45:00Z,,2026-05-03T12:45:00Z
1355,1355,3,FabLine Freight,HTR00001355,out_for_delivery,1688,31.9,284.2,2026-05-03T13:40:00Z,,2026-05-03T12:40:00Z
1356,1356,8,ChannelFlow Priority,HTR00001356,delivered,2265,35.6,457.54,2026-05-03T13:35:00Z,2026-05-03T17:35:00Z,2026-05-03T12:35:00Z
1357,1357,1,Oracle Logistics Cloud,HTR00001357,packed,130,33.7,336.25,2026-05-03T13:30:00Z,,2026-05-03T12:30:00Z
1358,1358,6,Silicon Route Express,HTR00001358,shipped,1640,37.1,224.44,2026-05-03T13:25:00Z,,2026-05-03T12:25:00Z
1359,1359,11,FabLine Freight,HTR00001359,in_transit,1694,59.1,495.72,2026-05-03T13:20:00Z,,2026-05-03T12:20:00Z
1360,1360,4,ChannelFlow Priority,HTR00001360,out_for_delivery,1310,13,289.36,2026-05-03T13:15:00Z,,2026-05-03T12:15:00Z
1361,1361,9,Oracle Logistics Cloud,HTR00001361,preparing,456,73.1,226.81,2026-05-03T13:10:00Z,,2026-05-03T12:10:00Z
1362,1362,2,Silicon Route Express,HTR00001362,packed,432,30.9,216.03,2026-05-03T13:05:00Z,,2026-05-03T12:05:00Z
1363,1363,7,FabLine Freight,HTR00001363,shipped,1382,31.6,300.47,2026-05-03T13:00:00Z,,2026-05-03T12:00:00Z
1364,1364,12,ChannelFlow Priority,HTR00001364,delivered,2142,61.6,277.64,2026-05-03T12:55:00Z,2026-05-03T16:55:00Z,2026-05-03T11:55:00Z
1365,1365,5,Oracle Logistics Cloud,HTR00001365,out_for_delivery,2643,72.6,345.72,2026-05-03T12:50:00Z,,2026-05-03T11:50:00Z
1366,1366,10,Silicon Route Express,HTR00001366,preparing,2167,71,411.4,2026-05-03T12:45:00Z,,2026-05-03T11:45:00Z
1367,1367,3,FabLine Freight,HTR00001367,packed,86,41.7,326.48,2026-05-03T12:40:00Z,,2026-05-03T11:40:00Z
1368,1368,8,ChannelFlow Priority,HTR00001368,shipped,668,27.5,69.65,2026-05-03T12:35:00Z,,2026-05-03T11:35:00Z
1369,1369,1,Oracle Logistics Cloud,HTR00001369,in_transit,1614,14.5,482.25,2026-05-03T12:30:00Z,,2026-05-03T11:30:00Z
1370,1370,6,Silicon Route Express,HTR00001370,out_for_delivery,1840,16.3,222.66,2026-05-03T12:25:00Z,,2026-05-03T11:25:00Z
1371,1371,11,FabLine Freight,HTR00001371,preparing,2347,71.5,206.93,2026-05-03T12:20:00Z,,2026-05-03T11:20:00Z
1372,1372,4,ChannelFlow Priority,HTR00001372,delivered,1030,9.3,275.73,2026-05-03T12:15:00Z,2026-05-03T16:15:00Z,2026-05-03T11:15:00Z
1373,1373,9,Oracle Logistics Cloud,HTR00001373,shipped,663,8.5,292.79,2026-05-03T12:10:00Z,,2026-05-03T11:10:00Z
1374,1374,2,Silicon Route Express,HTR00001374,in_transit,1922,47.6,385.69,2026-05-03T12:05:00Z,,2026-05-03T11:05:00Z
1375,1375,7,FabLine Freight,HTR00001375,out_for_delivery,542,58.2,69.44,2026-05-03T12:00:00Z,,2026-05-03T11:00:00Z
1376,1376,12,ChannelFlow Priority,HTR00001376,preparing,520,33.8,232.03,2026-05-03T11:55:00Z,,2026-05-03T10:55:00Z
1377,1377,5,Oracle Logistics Cloud,HTR00001377,packed,972,60.9,409.61,2026-05-03T11:50:00Z,,2026-05-03T10:50:00Z
1378,1378,10,Silicon Route Express,HTR00001378,shipped,889,34,378.48,2026-05-03T11:45:00Z,,2026-05-03T10:45:00Z
1379,1379,3,FabLine Freight,HTR00001379,in_transit,1599,6.2,400.01,2026-05-03T11:40:00Z,,2026-05-03T10:40:00Z
1380,1380,8,ChannelFlow Priority,HTR00001380,delivered,1867,6.9,310.92,2026-05-03T11:35:00Z,2026-05-03T15:35:00Z,2026-05-03T10:35:00Z
1381,1381,1,Oracle Logistics Cloud,HTR00001381,preparing,2227,49.9,228.5,2026-05-03T11:30:00Z,,2026-05-03T10:30:00Z
1382,1382,6,Silicon Route Express,HTR00001382,packed,1419,60.7,103.26,2026-05-03T11:25:00Z,,2026-05-03T10:25:00Z
1383,1383,11,FabLine Freight,HTR00001383,shipped,2124,36.7,435.17,2026-05-03T11:20:00Z,,2026-05-03T10:20:00Z
1384,1384,4,ChannelFlow Priority,HTR00001384,in_transit,2297,58.5,390.13,2026-05-03T11:15:00Z,,2026-05-03T10:15:00Z
1385,1385,9,Oracle Logistics Cloud,HTR00001385,out_for_delivery,1650,50,285.89,2026-05-03T11:10:00Z,,2026-05-03T10:10:00Z
1386,1386,2,Silicon Route Express,HTR00001386,preparing,1021,73.3,432.65,2026-05-03T11:05:00Z,,2026-05-03T10:05:00Z
1387,1387,7,FabLine Freight,HTR00001387,packed,677,51.5,91.11,2026-05-03T11:00:00Z,,2026-05-03T10:00:00Z
1388,1388,12,ChannelFlow Priority,HTR00001388,delivered,239,51.7,241.68,2026-05-03T10:55:00Z,2026-05-03T14:55:00Z,2026-05-03T09:55:00Z
1389,1389,5,Oracle Logistics Cloud,HTR00001389,in_transit,1980,67.3,241.24,2026-05-03T10:50:00Z,,2026-05-03T09:50:00Z
1390,1390,10,Silicon Route Express,HTR00001390,out_for_delivery,2573,40.5,200.2,2026-05-03T10:45:00Z,,2026-05-03T09:45:00Z
1391,1391,3,FabLine Freight,HTR00001391,preparing,2548,32.2,336.53,2026-05-03T10:40:00Z,,2026-05-03T09:40:00Z
1392,1392,8,ChannelFlow Priority,HTR00001392,packed,1956,67.1,175.32,2026-05-03T10:35:00Z,,2026-05-03T09:35:00Z
1393,1393,1,Oracle Logistics Cloud,HTR00001393,shipped,1341,75.5,39.48,2026-05-03T10:30:00Z,,2026-05-03T09:30:00Z
1394,1394,6,Silicon Route Express,HTR00001394,in_transit,1900,54.3,352.82,2026-05-03T10:25:00Z,,2026-05-03T09:25:00Z
1395,1395,11,FabLine Freight,HTR00001395,out_for_delivery,1105,6,292.36,2026-05-03T10:20:00Z,,2026-05-03T09:20:00Z
1396,1396,4,ChannelFlow Priority,HTR00001396,delivered,379,74,372.65,2026-05-03T10:15:00Z,2026-05-03T14:15:00Z,2026-05-03T09:15:00Z
1397,1397,9,Oracle Logistics Cloud,HTR00001397,packed,567,16.5,382.2,2026-05-03T10:10:00Z,,2026-05-03T09:10:00Z
1398,1398,2,Silicon Route Express,HTR00001398,shipped,803,7,96.14,2026-05-03T10:05:00Z,,2026-05-03T09:05:00Z
1399,1399,7,FabLine Freight,HTR00001399,in_transit,1126,74.8,425.24,2026-05-03T10:00:00Z,,2026-05-03T09:00:00Z
1400,1400,12,ChannelFlow Priority,HTR00001400,out_for_delivery,1150,19,181.79,2026-05-03T09:55:00Z,,2026-05-03T08:55:00Z
1401,1401,5,Oracle Logistics Cloud,HTR00001401,preparing,293,5.3,276.37,2026-05-03T09:50:00Z,,2026-05-03T08:50:00Z
1402,1402,10,Silicon Route Express,HTR00001402,packed,111,20.7,178.76,2026-05-03T09:45:00Z,,2026-05-03T08:45:00Z
1403,1403,3,FabLine Freight,HTR00001403,shipped,1761,61.3,66.4,2026-05-03T09:40:00Z,,2026-05-03T08:40:00Z
1404,1404,8,ChannelFlow Priority,HTR00001404,delivered,1709,70.4,182.17,2026-05-03T09:35:00Z,2026-05-03T13:35:00Z,2026-05-03T08:35:00Z
1405,1405,1,Oracle Logistics Cloud,HTR00001405,out_for_delivery,1601,20.9,343.31,2026-05-03T09:30:00Z,,2026-05-03T08:30:00Z
1406,1406,6,Silicon Route Express,HTR00001406,preparing,808,47,320.85,2026-05-03T09:25:00Z,,2026-05-03T08:25:00Z
1407,1407,11,FabLine Freight,HTR00001407,packed,2498,6.1,415.15,2026-05-03T09:20:00Z,,2026-05-03T08:20:00Z
1408,1408,4,ChannelFlow Priority,HTR00001408,shipped,1514,69.2,286.86,2026-05-03T09:15:00Z,,2026-05-03T08:15:00Z
1409,1409,9,Oracle Logistics Cloud,HTR00001409,in_transit,1315,63.8,196.35,2026-05-03T09:10:00Z,,2026-05-03T08:10:00Z
1410,1410,2,Silicon Route Express,HTR00001410,out_for_delivery,2107,44.4,206.83,2026-05-03T09:05:00Z,,2026-05-03T08:05:00Z
1411,1411,7,FabLine Freight,HTR00001411,preparing,442,6.6,292.12,2026-05-03T09:00:00Z,,2026-05-03T08:00:00Z
1412,1412,12,ChannelFlow Priority,HTR00001412,delivered,990,20,245.57,2026-05-03T08:55:00Z,2026-05-03T12:55:00Z,2026-05-03T07:55:00Z
1413,1413,5,Oracle Logistics Cloud,HTR00001413,shipped,2396,44.6,101.58,2026-05-03T08:50:00Z,,2026-05-03T07:50:00Z
1414,1414,10,Silicon Route Express,HTR00001414,in_transit,2541,29.3,359.84,2026-05-03T08:45:00Z,,2026-05-03T07:45:00Z
1415,1415,3,FabLine Freight,HTR00001415,out_for_delivery,1875,15.8,476.84,2026-05-03T08:40:00Z,,2026-05-03T07:40:00Z
1416,1416,8,ChannelFlow Priority,HTR00001416,preparing,1820,66.1,219.23,2026-05-03T08:35:00Z,,2026-05-03T07:35:00Z
1417,1417,1,Oracle Logistics Cloud,HTR00001417,packed,789,15.4,91.93,2026-05-03T08:30:00Z,,2026-05-03T07:30:00Z
1418,1418,6,Silicon Route Express,HTR00001418,shipped,128,74.6,31.84,2026-05-03T08:25:00Z,,2026-05-03T07:25:00Z
1419,1419,11,FabLine Freight,HTR00001419,in_transit,1184,69.6,359.51,2026-05-03T08:20:00Z,,2026-05-03T07:20:00Z
1420,1420,4,ChannelFlow Priority,HTR00001420,delivered,1900,53.4,167.86,2026-05-03T08:15:00Z,2026-05-03T12:15:00Z,2026-05-03T07:15:00Z
1421,1421,9,Oracle Logistics Cloud,HTR00001421,preparing,2409,25.2,138.04,2026-05-03T08:10:00Z,,2026-05-03T07:10:00Z
1422,1422,2,Silicon Route Express,HTR00001422,packed,2332,17,254.67,2026-05-03T08:05:00Z,,2026-05-03T07:05:00Z
1423,1423,7,FabLine Freight,HTR00001423,shipped,1121,71.2,487.9,2026-05-03T08:00:00Z,,2026-05-03T07:00:00Z
1424,1424,12,ChannelFlow Priority,HTR00001424,in_transit,131,4.4,201.82,2026-05-03T07:55:00Z,,2026-05-03T06:55:00Z
1425,1425,5,Oracle Logistics Cloud,HTR00001425,out_for_delivery,2448,41.4,39.02,2026-05-03T07:50:00Z,,2026-05-03T06:50:00Z
1426,1426,10,Silicon Route Express,HTR00001426,preparing,941,39.9,189.03,2026-05-03T07:45:00Z,,2026-05-03T06:45:00Z
1427,1427,3,FabLine Freight,HTR00001427,packed,1193,7.3,388.17,2026-05-03T07:40:00Z,,2026-05-03T06:40:00Z
1428,1428,8,ChannelFlow Priority,HTR00001428,delivered,2666,14.7,415.28,2026-05-03T07:35:00Z,2026-05-03T11:35:00Z,2026-05-03T06:35:00Z
1429,1429,1,Oracle Logistics Cloud,HTR00001429,in_transit,1100,63.4,294.49,2026-05-03T07:30:00Z,,2026-05-03T06:30:00Z
1430,1430,6,Silicon Route Express,HTR00001430,out_for_delivery,2552,53.3,293.55,2026-05-03T07:25:00Z,,2026-05-03T06:25:00Z
1431,1431,11,FabLine Freight,HTR00001431,preparing,1600,38.6,415.2,2026-05-03T07:20:00Z,,2026-05-03T06:20:00Z
1432,1432,4,ChannelFlow Priority,HTR00001432,packed,1404,41.8,177.92,2026-05-03T07:15:00Z,,2026-05-03T06:15:00Z
1433,1433,9,Oracle Logistics Cloud,HTR00001433,shipped,2572,4.6,181.46,2026-05-03T07:10:00Z,,2026-05-03T06:10:00Z
1434,1434,2,Silicon Route Express,HTR00001434,in_transit,2094,23.3,233.63,2026-05-03T07:05:00Z,,2026-05-03T06:05:00Z
1435,1435,7,FabLine Freight,HTR00001435,out_for_delivery,1279,54.3,289.73,2026-05-03T07:00:00Z,,2026-05-03T06:00:00Z
1436,1436,12,ChannelFlow Priority,HTR00001436,delivered,979,63.9,126.78,2026-05-03T06:55:00Z,2026-05-03T10:55:00Z,2026-05-03T05:55:00Z
1437,1437,5,Oracle Logistics Cloud,HTR00001437,packed,2605,16.5,228.7,2026-05-03T06:50:00Z,,2026-05-03T05:50:00Z
1438,1438,10,Silicon Route Express,HTR00001438,shipped,2536,75,70.79,2026-05-03T06:45:00Z,,2026-05-03T05:45:00Z
1439,1439,3,FabLine Freight,HTR00001439,in_transit,270,36.6,128.86,2026-05-03T06:40:00Z,,2026-05-03T05:40:00Z
1440,1440,8,ChannelFlow Priority,HTR00001440,out_for_delivery,336,21.7,469.85,2026-05-03T06:35:00Z,,2026-05-03T05:35:00Z
1441,1441,1,Oracle Logistics Cloud,HTR00001441,preparing,821,60.5,443.63,2026-05-05T13:30:00Z,,2026-05-05T12:30:00Z
1442,1442,6,Silicon Route Express,HTR00001442,packed,1846,36.2,165.3,2026-05-05T13:30:00Z,,2026-05-05T12:30:00Z
1443,1443,11,FabLine Freight,HTR00001443,shipped,908,8.2,441.4,2026-05-05T13:30:00Z,,2026-05-05T12:30:00Z
1444,1444,4,ChannelFlow Priority,HTR00001444,delivered,1203,55,416.31,2026-05-05T13:30:00Z,2026-05-05T14:30:00Z,2026-05-05T12:30:00Z
1445,1445,9,Oracle Logistics Cloud,HTR00001445,out_for_delivery,1782,14.7,409.26,2026-05-05T13:30:00Z,,2026-05-05T12:30:00Z
1446,1446,2,Silicon Route Express,HTR00001446,preparing,2116,71.1,423.3,2026-05-05T13:30:00Z,,2026-05-05T12:30:00Z
1447,1447,7,FabLine Freight,HTR00001447,packed,2263,41.2,336,2026-05-05T13:30:00Z,,2026-05-05T12:30:00Z
1448,1448,12,ChannelFlow Priority,HTR00001448,shipped,492,71.5,25.84,2026-05-05T13:30:00Z,,2026-05-05T12:30:00Z
1449,1449,5,Oracle Logistics Cloud,HTR00001449,in_transit,1305,74.4,393.3,2026-05-05T13:30:00Z,,2026-05-05T12:30:00Z
1450,1450,10,Silicon Route Express,HTR00001450,out_for_delivery,1275,63.8,79.82,2026-05-05T13:30:00Z,,2026-05-05T12:30:00Z
1451,1451,3,FabLine Freight,HTR00001451,preparing,2396,56.6,501.01,2026-05-05T13:30:00Z,,2026-05-05T12:30:00Z
1452,1452,8,ChannelFlow Priority,HTR00001452,delivered,1090,54,239.02,2026-05-05T13:30:00Z,2026-05-05T14:30:00Z,2026-05-05T12:30:00Z
1453,1453,1,Oracle Logistics Cloud,HTR00001453,shipped,2618,35.4,218.31,2026-05-05T13:30:00Z,,2026-05-05T12:30:00Z
1454,1454,6,Silicon Route Express,HTR00001454,in_transit,2185,38.9,424.41,2026-05-05T13:30:00Z,,2026-05-05T12:30:00Z
1455,1455,11,FabLine Freight,HTR00001455,out_for_delivery,635,33.6,386.02,2026-05-05T13:30:00Z,,2026-05-05T12:30:00Z
1456,1456,4,ChannelFlow Priority,HTR00001456,preparing,99,29.5,157.25,2026-05-05T13:30:00Z,,2026-05-05T12:30:00Z
1457,1457,9,Oracle Logistics Cloud,HTR00001457,packed,1610,69.7,434.6,2026-05-05T13:30:00Z,,2026-05-05T12:30:00Z
1458,1458,2,Silicon Route Express,HTR00001458,shipped,557,71.9,372.18,2026-05-05T13:30:00Z,,2026-05-05T12:30:00Z
1459,1459,7,FabLine Freight,HTR00001459,in_transit,1618,10.1,429.01,2026-05-05T13:30:00Z,,2026-05-05T12:30:00Z
1460,1460,12,ChannelFlow Priority,HTR00001460,delivered,1418,11.8,307.83,2026-05-05T13:30:00Z,2026-05-05T14:30:00Z,2026-05-05T12:30:00Z
1461,1461,5,Oracle Logistics Cloud,HTR00001461,preparing,1717,33.6,389.17,2026-05-05T13:30:00Z,,2026-05-05T12:30:00Z
1462,1462,10,Silicon Route Express,HTR00001462,packed,1809,12.7,285.55,2026-05-05T13:30:00Z,,2026-05-05T12:30:00Z
1463,1463,3,FabLine Freight,HTR00001463,shipped,1698,25.4,65.4,2026-05-05T13:30:00Z,,2026-05-05T12:30:00Z
1464,1464,8,ChannelFlow Priority,HTR00001464,in_transit,707,68.1,220.41,2026-05-05T13:30:00Z,,2026-05-05T12:30:00Z
1465,1465,1,Oracle Logistics Cloud,HTR00001465,out_for_delivery,1046,16.4,361.66,2026-05-05T13:30:00Z,,2026-05-05T12:30:00Z
1466,1466,6,Silicon Route Express,HTR00001466,preparing,1863,58.5,25.05,2026-05-05T13:30:00Z,,2026-05-05T12:30:00Z
1467,1467,11,FabLine Freight,HTR00001467,packed,1443,23.1,100.32,2026-05-05T13:30:00Z,,2026-05-05T12:30:00Z
1468,1468,4,ChannelFlow Priority,HTR00001468,delivered,881,35.8,58.56,2026-05-05T13:30:00Z,2026-05-05T14:30:00Z,2026-05-05T12:30:00Z
1469,1469,9,Oracle Logistics Cloud,HTR00001469,in_transit,1438,54.2,309.05,2026-05-05T13:30:00Z,,2026-05-05T12:30:00Z
1470,1470,2,Silicon Route Express,HTR00001470,out_for_delivery,1926,55.3,190.87,2026-05-05T13:30:00Z,,2026-05-05T12:30:00Z
1471,1471,7,FabLine Freight,HTR00001471,preparing,1259,17.9,108.04,2026-05-05T13:30:00Z,,2026-05-05T12:30:00Z
1472,1472,12,ChannelFlow Priority,HTR00001472,packed,1256,38.1,341.23,2026-05-05T13:30:00Z,,2026-05-05T12:30:00Z
1473,1473,5,Oracle Logistics Cloud,HTR00001473,shipped,1608,30.2,190.19,2026-05-05T13:30:00Z,,2026-05-05T12:30:00Z
1474,1474,10,Silicon Route Express,HTR00001474,in_transit,2338,32.7,82.32,2026-05-05T13:30:00Z,,2026-05-05T12:30:00Z
1475,1475,3,FabLine Freight,HTR00001475,out_for_delivery,124,30.2,385.74,2026-05-05T13:30:00Z,,2026-05-05T12:30:00Z
1476,1476,8,ChannelFlow Priority,HTR00001476,delivered,1993,12.4,411.66,2026-05-05T13:30:00Z,2026-05-05T14:30:00Z,2026-05-05T12:30:00Z
1477,1477,1,Oracle Logistics Cloud,HTR00001477,packed,92,16.8,154.54,2026-05-05T13:30:00Z,,2026-05-05T12:30:00Z
1478,1478,6,Silicon Route Express,HTR00001478,shipped,1030,33.8,318.18,2026-05-05T13:30:00Z,,2026-05-05T12:30:00Z
1479,1479,11,FabLine Freight,HTR00001479,in_transit,2416,17.3,476.46,2026-05-05T13:30:00Z,,2026-05-05T12:30:00Z
1480,1480,4,ChannelFlow Priority,HTR00001480,out_for_delivery,790,23.9,488.05,2026-05-05T13:30:00Z,,2026-05-05T12:30:00Z
1481,1481,9,Oracle Logistics Cloud,HTR00001481,preparing,869,57.6,449.39,2026-05-05T13:30:00Z,,2026-05-05T12:30:00Z
1482,1482,2,Silicon Route Express,HTR00001482,packed,1780,16,497.97,2026-05-05T13:30:00Z,,2026-05-05T12:30:00Z
1483,1483,7,FabLine Freight,HTR00001483,shipped,880,71.2,340.84,2026-05-05T13:30:00Z,,2026-05-05T12:30:00Z
1484,1484,12,ChannelFlow Priority,HTR00001484,delivered,168,49.2,223.83,2026-05-05T13:30:00Z,2026-05-05T14:30:00Z,2026-05-05T12:30:00Z
1485,1485,5,Oracle Logistics Cloud,HTR00001485,out_for_delivery,2626,12.2,358.96,2026-05-05T13:30:00Z,,2026-05-05T12:30:00Z
1486,1486,10,Silicon Route Express,HTR00001486,preparing,1560,6.8,199.39,2026-05-05T13:30:00Z,,2026-05-05T12:30:00Z
1487,1487,3,FabLine Freight,HTR00001487,packed,1260,43.3,208.14,2026-05-05T13:30:00Z,,2026-05-05T12:30:00Z
1488,1488,8,ChannelFlow Priority,HTR00001488,shipped,146,41.3,333.11,2026-05-05T13:30:00Z,,2026-05-05T12:30:00Z
1489,1489,1,Oracle Logistics Cloud,HTR00001489,in_transit,1326,70.2,240.3,2026-05-05T13:30:00Z,,2026-05-05T12:30:00Z
1490,1490,6,Silicon Route Express,HTR00001490,out_for_delivery,2243,57.7,396.8,2026-05-05T13:30:00Z,,2026-05-05T12:30:00Z
1491,1491,11,FabLine Freight,HTR00001491,preparing,422,24.2,375.33,2026-05-05T13:30:00Z,,2026-05-05T12:30:00Z
1492,1492,4,ChannelFlow Priority,HTR00001492,delivered,734,17.4,399.71,2026-05-05T13:30:00Z,2026-05-05T14:30:00Z,2026-05-05T12:30:00Z
1493,1493,9,Oracle Logistics Cloud,HTR00001493,shipped,252,70.1,369.6,2026-05-05T13:30:00Z,,2026-05-05T12:30:00Z
1494,1494,2,Silicon Route Express,HTR00001494,in_transit,439,25.4,453.24,2026-05-05T13:30:00Z,,2026-05-05T12:30:00Z
1495,1495,7,FabLine Freight,HTR00001495,out_for_delivery,786,6.2,295.97,2026-05-05T13:30:00Z,,2026-05-05T12:30:00Z
1496,1496,12,ChannelFlow Priority,HTR00001496,preparing,841,16.3,499.75,2026-05-05T13:30:00Z,,2026-05-05T12:30:00Z
1497,1497,5,Oracle Logistics Cloud,HTR00001497,packed,1380,53.9,422.78,2026-05-05T13:30:00Z,,2026-05-05T12:30:00Z
1498,1498,10,Silicon Route Express,HTR00001498,shipped,1547,29.8,334.23,2026-05-05T13:30:00Z,,2026-05-05T12:30:00Z
1499,1499,3,FabLine Freight,HTR00001499,in_transit,248,12.4,207.41,2026-05-05T13:30:00Z,,2026-05-05T12:30:00Z
1500,1500,8,ChannelFlow Priority,HTR00001500,delivered,843,49.4,126.6,2026-05-05T13:30:00Z,2026-05-05T14:30:00Z,2026-05-05T12:30:00Z
